# Blender 4.5.10 LTS
# www.blender.org
mtllib Gnoll_pose.mtl
o packrunner_upper_leg
v -0.215863 0.751815 0.188318
v -0.204357 0.400755 0.148163
v -0.271678 0.748892 0.187066
v -0.244667 0.398644 0.147259
v -0.320344 0.740907 0.213395
v -0.279815 0.392878 0.166274
v -0.348822 0.730000 0.260250
v -0.300382 0.385000 0.200114
v -0.349481 0.719093 0.315076
v -0.300858 0.377122 0.239711
v -0.322144 0.711108 0.363184
v -0.281115 0.371356 0.274455
v -0.274137 0.708185 0.391682
v -0.246443 0.369245 0.295037
v -0.218322 0.711108 0.392934
v -0.206133 0.371356 0.295941
v -0.169656 0.719093 0.366605
v -0.170985 0.377122 0.276926
v -0.141178 0.730000 0.319750
v -0.150418 0.385000 0.243086
v -0.140519 0.740907 0.264923
v -0.149942 0.392878 0.203489
v -0.167856 0.748892 0.216816
v -0.169685 0.398644 0.168745
vn 0.1768 0.7667 -0.6172
vn 0.2348 -0.5231 -0.8193
vn -0.2281 0.7455 -0.6263
vn -0.1420 -0.5428 -0.8277
vn -0.5813 0.6876 -0.4352
vn -0.4705 -0.5967 -0.6500
vn -0.7879 0.6084 -0.0952
vn -0.6627 -0.6704 -0.3337
vn -0.7927 0.5293 0.3026
vn -0.6672 -0.7440 0.0364
vn -0.5943 0.4713 0.6516
vn -0.4827 -0.7979 0.3611
vn -0.2460 0.4501 0.8584
vn -0.1586 -0.8176 0.5535
vn 0.1590 0.4713 0.8675
vn 0.2182 -0.7979 0.5619
vn 0.5121 0.5293 0.6765
vn 0.5467 -0.7440 0.3842
vn 0.7188 0.6084 0.3365
vn 0.7389 -0.6704 0.0679
vn 0.7235 0.6876 -0.0613
vn 0.7434 -0.5967 -0.3022
vn 0.5252 0.7455 -0.4104
vn 0.5588 -0.5428 -0.6269
vt 1.000000 0.500000
vt 1.000000 1.000000
vt 0.916667 1.000000
vt 0.916667 0.500000
vt 0.833333 1.000000
vt 0.833333 0.500000
vt 0.750000 1.000000
vt 0.750000 0.500000
vt 0.666667 1.000000
vt 0.666667 0.500000
vt 0.583333 1.000000
vt 0.583333 0.500000
vt 0.500000 1.000000
vt 0.500000 0.500000
vt 0.416667 1.000000
vt 0.416667 0.500000
vt 0.333333 1.000000
vt 0.333333 0.500000
vt 0.250000 1.000000
vt 0.250000 0.500000
vt 0.166667 1.000000
vt 0.166667 0.500000
vt 0.370000 0.457846
vt 0.250000 0.490000
vt 0.130000 0.457846
vt 0.042154 0.370000
vt 0.010000 0.250000
vt 0.042154 0.130000
vt 0.130000 0.042154
vt 0.250000 0.010000
vt 0.370000 0.042154
vt 0.457846 0.130000
vt 0.490000 0.250000
vt 0.457846 0.370000
vt 0.083333 1.000000
vt 0.083333 0.500000
vt 0.000000 1.000000
vt 0.000000 0.500000
vt 0.750000 0.490000
vt 0.870000 0.457846
vt 0.957846 0.370000
vt 0.990000 0.250000
vt 0.957846 0.130000
vt 0.870000 0.042154
vt 0.750000 0.010000
vt 0.630000 0.042154
vt 0.542154 0.130000
vt 0.510000 0.250000
vt 0.542154 0.370000
vt 0.630000 0.457846
s 1
usemtl GnollFur
f 1/1/1 2/2/2 4/3/4 3/4/3
f 3/4/3 4/3/4 6/5/6 5/6/5
f 5/6/5 6/5/6 8/7/8 7/8/7
f 7/8/7 8/7/8 10/9/10 9/10/9
f 9/10/9 10/9/10 12/11/12 11/12/11
f 11/12/11 12/11/12 14/13/14 13/14/13
f 13/14/13 14/13/14 16/15/16 15/16/15
f 15/16/15 16/15/16 18/17/18 17/18/17
f 17/18/17 18/17/18 20/19/20 19/20/19
f 19/20/19 20/19/20 22/21/22 21/22/21
f 4/23/4 2/24/2 24/25/24 22/26/22 20/27/20 18/28/18 16/29/16 14/30/14 12/31/12 10/32/10 8/33/8 6/34/6
f 21/22/21 22/21/22 24/35/24 23/36/23
f 23/36/23 24/35/24 2/37/2 1/38/1
f 1/39/1 3/40/3 5/41/5 7/42/7 9/43/9 11/44/11 13/45/13 15/46/15 17/47/17 19/48/19 21/49/21 23/50/23
o packrunner_lower_leg
v -0.244701 0.417081 0.153173
v -0.271578 0.124742 0.057891
v -0.285141 0.410954 0.178688
v -0.296463 0.120972 0.073593
v -0.302761 0.394914 0.220594
v -0.307307 0.111101 0.099381
v -0.290832 0.375086 0.262884
v -0.299966 0.098899 0.125406
v -0.253910 0.359046 0.289405
v -0.277245 0.089028 0.141726
v -0.206099 0.352919 0.290027
v -0.247822 0.085258 0.142109
v -0.165659 0.359046 0.264512
v -0.222937 0.089028 0.126407
v -0.148039 0.375086 0.222606
v -0.212093 0.098899 0.100619
v -0.159968 0.394914 0.180316
v -0.219434 0.111101 0.074594
v -0.196890 0.410954 0.153795
v -0.242155 0.120972 0.058274
vn -0.1289 0.8801 -0.4570
vn -0.2574 -0.3178 -0.9125
vn -0.5410 0.8176 -0.1970
vn -0.6377 -0.3755 -0.6726
vn -0.7205 0.6542 0.2300
vn -0.8034 -0.5263 -0.2785
vn -0.5990 0.4522 0.6609
vn -0.6912 -0.7128 0.1192
vn -0.2227 0.2887 0.9311
vn -0.3440 -0.8636 0.3686
vn 0.2644 0.2263 0.9375
vn 0.1056 -0.9212 0.3744
vn 0.6765 0.2887 0.6775
vn 0.4859 -0.8636 0.1345
vn 0.8560 0.4522 0.2505
vn 0.6516 -0.7128 -0.2596
vn 0.7345 0.6542 -0.1804
vn 0.5394 -0.5263 -0.6573
vn 0.3583 0.8176 -0.4507
vn 0.1922 -0.3755 -0.9067
vt 1.000000 0.500000
vt 1.000000 1.000000
vt 0.900000 1.000000
vt 0.900000 0.500000
vt 0.800000 1.000000
vt 0.800000 0.500000
vt 0.700000 1.000000
vt 0.700000 0.500000
vt 0.600000 1.000000
vt 0.600000 0.500000
vt 0.500000 1.000000
vt 0.500000 0.500000
vt 0.400000 1.000000
vt 0.400000 0.500000
vt 0.300000 1.000000
vt 0.300000 0.500000
vt 0.200000 1.000000
vt 0.200000 0.500000
vt 0.391068 0.444164
vt 0.250000 0.490000
vt 0.108932 0.444164
vt 0.021746 0.324164
vt 0.021746 0.175836
vt 0.108932 0.055836
vt 0.250000 0.010000
vt 0.391068 0.055836
vt 0.478254 0.175836
vt 0.478254 0.324164
vt 0.100000 1.000000
vt 0.100000 0.500000
vt -0.000000 1.000000
vt -0.000000 0.500000
vt 0.750000 0.490000
vt 0.891068 0.444164
vt 0.978254 0.324164
vt 0.978254 0.175836
vt 0.891068 0.055836
vt 0.750000 0.010000
vt 0.608932 0.055836
vt 0.521746 0.175836
vt 0.521746 0.324164
vt 0.608932 0.444164
s 1
usemtl GnollMane
f 25/51/25 26/52/26 28/53/28 27/54/27
f 27/54/27 28/53/28 30/55/30 29/56/29
f 29/56/29 30/55/30 32/57/32 31/58/31
f 31/58/31 32/57/32 34/59/34 33/60/33
f 33/60/33 34/59/34 36/61/36 35/62/35
f 35/62/35 36/61/36 38/63/38 37/64/37
f 37/64/37 38/63/38 40/65/40 39/66/39
f 39/66/39 40/65/40 42/67/42 41/68/41
f 28/69/28 26/70/26 44/71/44 42/72/42 40/73/40 38/74/38 36/75/36 34/76/34 32/77/32 30/78/30
f 41/68/41 42/67/42 44/79/44 43/80/43
f 43/80/43 44/79/44 26/81/26 25/82/25
f 25/83/25 27/84/27 29/85/29 31/86/31 33/87/33 35/88/35 37/89/37 39/90/39 41/91/41 43/92/43
o packrunner_paw
v -0.259700 0.047528 0.100000
v -0.181946 0.079828 0.178011
v -0.288855 0.080289 0.223914
v -0.352129 0.080792 0.100000
v -0.287472 0.081461 -0.018038
v -0.188055 0.081806 0.028118
v -0.231499 0.128902 0.219859
v -0.338642 0.130556 0.179203
v -0.342648 0.131853 0.016778
v -0.228565 0.131389 -0.032331
v -0.167192 0.129228 0.100000
v -0.259700 0.154529 0.100000
vn 0.0021 -0.9999 -0.0162
vn 0.7632 -0.4433 0.4701
vn -0.2919 -0.4607 0.8382
vn -0.8552 -0.5183 0.0049
vn -0.2804 -0.5708 -0.7717
vn 0.7371 -0.5252 -0.4253
vn 0.3101 0.5083 0.8034
vn -0.7445 0.4681 0.4760
vn -0.7661 0.4213 -0.4855
vn 0.3348 0.3925 -0.8566
vn 0.8759 0.4824 -0.0062
vn 0.0185 0.9997 0.0173
vt 0.181819 0.000000
vt 0.272728 0.157461
vt 0.090910 0.157461
vt 0.363637 0.000000
vt 0.454546 0.157461
vt 0.909091 0.000000
vt 1.000000 0.157461
vt 0.818182 0.157461
vt 0.727273 0.000000
vt 0.636364 0.157461
vt 0.545455 0.000000
vt 0.363637 0.314921
vt 0.181819 0.314921
vt 0.909091 0.314921
vt 0.727273 0.314921
vt 0.545455 0.314921
vt 0.000000 0.314921
vt 0.272728 0.472382
vt 0.090910 0.472382
vt 0.818182 0.472382
vt 0.636364 0.472382
vt 0.454546 0.472382
s 1
usemtl Hide
f 45/93/45 46/94/46 47/95/47
f 46/94/46 45/96/45 50/97/50
f 45/98/45 47/99/47 48/100/48
f 45/101/45 48/100/48 49/102/49
f 45/103/45 49/102/49 50/97/50
f 46/94/46 50/97/50 55/104/55
f 47/95/47 46/94/46 51/105/51
f 48/100/48 47/99/47 52/106/52
f 49/102/49 48/100/48 53/107/53
f 50/97/50 49/102/49 54/108/54
f 46/94/46 55/104/55 51/105/51
f 47/95/47 51/105/51 52/109/52
f 48/100/48 52/106/52 53/107/53
f 49/102/49 53/107/53 54/108/54
f 50/97/50 54/108/54 55/104/55
f 51/105/51 55/104/55 56/110/56
f 52/109/52 51/105/51 56/111/56
f 53/107/53 52/106/52 56/112/56
f 54/108/54 53/107/53 56/113/56
f 55/104/55 54/108/54 56/114/56
o packrunner_upper_leg.001
v 0.215863 0.751815 0.391682
v 0.204357 0.400755 0.431837
v 0.271678 0.748892 0.392934
v 0.244667 0.398644 0.432741
v 0.320344 0.740907 0.366605
v 0.279815 0.392878 0.413726
v 0.348822 0.730000 0.319750
v 0.300382 0.385000 0.379886
v 0.349481 0.719093 0.264923
v 0.300858 0.377122 0.340289
v 0.322144 0.711108 0.216816
v 0.281115 0.371356 0.305545
v 0.274137 0.708185 0.188318
v 0.246443 0.369245 0.284963
v 0.218322 0.711108 0.187066
v 0.206133 0.371356 0.284059
v 0.169656 0.719093 0.213395
v 0.170985 0.377122 0.303074
v 0.141178 0.730000 0.260250
v 0.150418 0.385000 0.336914
v 0.140519 0.740907 0.315076
v 0.149942 0.392878 0.376511
v 0.167856 0.748892 0.363184
v 0.169685 0.398644 0.411255
vn -0.1768 0.7667 0.6172
vn -0.2348 -0.5231 0.8193
vn 0.2281 0.7455 0.6263
vn 0.1420 -0.5428 0.8277
vn 0.5813 0.6876 0.4352
vn 0.4705 -0.5967 0.6500
vn 0.7879 0.6084 0.0952
vn 0.6627 -0.6704 0.3337
vn 0.7927 0.5293 -0.3026
vn 0.6672 -0.7440 -0.0364
vn 0.5943 0.4713 -0.6516
vn 0.4827 -0.7979 -0.3611
vn 0.2460 0.4501 -0.8584
vn 0.1586 -0.8176 -0.5535
vn -0.1590 0.4713 -0.8675
vn -0.2182 -0.7979 -0.5619
vn -0.5121 0.5293 -0.6765
vn -0.5467 -0.7440 -0.3842
vn -0.7188 0.6084 -0.3365
vn -0.7389 -0.6704 -0.0679
vn -0.7235 0.6876 0.0613
vn -0.7434 -0.5967 0.3022
vn -0.5252 0.7455 0.4104
vn -0.5588 -0.5428 0.6269
vt 1.000000 0.500000
vt 1.000000 1.000000
vt 0.916667 1.000000
vt 0.916667 0.500000
vt 0.833333 1.000000
vt 0.833333 0.500000
vt 0.750000 1.000000
vt 0.750000 0.500000
vt 0.666667 1.000000
vt 0.666667 0.500000
vt 0.583333 1.000000
vt 0.583333 0.500000
vt 0.500000 1.000000
vt 0.500000 0.500000
vt 0.416667 1.000000
vt 0.416667 0.500000
vt 0.333333 1.000000
vt 0.333333 0.500000
vt 0.250000 1.000000
vt 0.250000 0.500000
vt 0.166667 1.000000
vt 0.166667 0.500000
vt 0.370000 0.457846
vt 0.250000 0.490000
vt 0.130000 0.457846
vt 0.042154 0.370000
vt 0.010000 0.250000
vt 0.042154 0.130000
vt 0.130000 0.042154
vt 0.250000 0.010000
vt 0.370000 0.042154
vt 0.457846 0.130000
vt 0.490000 0.250000
vt 0.457846 0.370000
vt 0.083333 1.000000
vt 0.083333 0.500000
vt 0.000000 1.000000
vt 0.000000 0.500000
vt 0.750000 0.490000
vt 0.870000 0.457846
vt 0.957846 0.370000
vt 0.990000 0.250000
vt 0.957846 0.130000
vt 0.870000 0.042154
vt 0.750000 0.010000
vt 0.630000 0.042154
vt 0.542154 0.130000
vt 0.510000 0.250000
vt 0.542154 0.370000
vt 0.630000 0.457846
s 1
usemtl GnollFur
f 57/115/57 58/116/58 60/117/60 59/118/59
f 59/118/59 60/117/60 62/119/62 61/120/61
f 61/120/61 62/119/62 64/121/64 63/122/63
f 63/122/63 64/121/64 66/123/66 65/124/65
f 65/124/65 66/123/66 68/125/68 67/126/67
f 67/126/67 68/125/68 70/127/70 69/128/69
f 69/128/69 70/127/70 72/129/72 71/130/71
f 71/130/71 72/129/72 74/131/74 73/132/73
f 73/132/73 74/131/74 76/133/76 75/134/75
f 75/134/75 76/133/76 78/135/78 77/136/77
f 60/137/60 58/138/58 80/139/80 78/140/78 76/141/76 74/142/74 72/143/72 70/144/70 68/145/68 66/146/66 64/147/64 62/148/62
f 77/136/77 78/135/78 80/149/80 79/150/79
f 79/150/79 80/149/80 58/151/58 57/152/57
f 57/153/57 59/154/59 61/155/61 63/156/63 65/157/65 67/158/67 69/159/69 71/160/71 73/161/73 75/162/75 77/163/77 79/164/79
o packrunner_lower_leg.001
v 0.244701 0.417081 0.426827
v 0.271578 0.124742 0.522109
v 0.285141 0.410954 0.401312
v 0.296463 0.120972 0.506407
v 0.302761 0.394914 0.359406
v 0.307307 0.111101 0.480619
v 0.290832 0.375086 0.317116
v 0.299966 0.098899 0.454594
v 0.253910 0.359046 0.290595
v 0.277245 0.089028 0.438274
v 0.206099 0.352919 0.289973
v 0.247822 0.085258 0.437891
v 0.165659 0.359046 0.315488
v 0.222937 0.089028 0.453593
v 0.148039 0.375086 0.357394
v 0.212093 0.098899 0.479381
v 0.159968 0.394914 0.399684
v 0.219434 0.111101 0.505406
v 0.196890 0.410954 0.426205
v 0.242155 0.120972 0.521726
vn 0.1289 0.8801 0.4570
vn 0.2574 -0.3178 0.9125
vn 0.5410 0.8176 0.1970
vn 0.6377 -0.3755 0.6726
vn 0.7205 0.6542 -0.2300
vn 0.8034 -0.5263 0.2785
vn 0.5990 0.4522 -0.6609
vn 0.6912 -0.7128 -0.1192
vn 0.2227 0.2887 -0.9311
vn 0.3440 -0.8636 -0.3686
vn -0.2644 0.2263 -0.9375
vn -0.1056 -0.9212 -0.3744
vn -0.6765 0.2887 -0.6775
vn -0.4859 -0.8636 -0.1345
vn -0.8560 0.4522 -0.2505
vn -0.6516 -0.7128 0.2596
vn -0.7345 0.6542 0.1804
vn -0.5394 -0.5263 0.6573
vn -0.3583 0.8176 0.4507
vn -0.1922 -0.3755 0.9067
vt 1.000000 0.500000
vt 1.000000 1.000000
vt 0.900000 1.000000
vt 0.900000 0.500000
vt 0.800000 1.000000
vt 0.800000 0.500000
vt 0.700000 1.000000
vt 0.700000 0.500000
vt 0.600000 1.000000
vt 0.600000 0.500000
vt 0.500000 1.000000
vt 0.500000 0.500000
vt 0.400000 1.000000
vt 0.400000 0.500000
vt 0.300000 1.000000
vt 0.300000 0.500000
vt 0.200000 1.000000
vt 0.200000 0.500000
vt 0.391068 0.444164
vt 0.250000 0.490000
vt 0.108932 0.444164
vt 0.021746 0.324164
vt 0.021746 0.175836
vt 0.108932 0.055836
vt 0.250000 0.010000
vt 0.391068 0.055836
vt 0.478254 0.175836
vt 0.478254 0.324164
vt 0.100000 1.000000
vt 0.100000 0.500000
vt -0.000000 1.000000
vt -0.000000 0.500000
vt 0.750000 0.490000
vt 0.891068 0.444164
vt 0.978254 0.324164
vt 0.978254 0.175836
vt 0.891068 0.055836
vt 0.750000 0.010000
vt 0.608932 0.055836
vt 0.521746 0.175836
vt 0.521746 0.324164
vt 0.608932 0.444164
s 1
usemtl GnollMane
f 81/165/81 82/166/82 84/167/84 83/168/83
f 83/168/83 84/167/84 86/169/86 85/170/85
f 85/170/85 86/169/86 88/171/88 87/172/87
f 87/172/87 88/171/88 90/173/90 89/174/89
f 89/174/89 90/173/90 92/175/92 91/176/91
f 91/176/91 92/175/92 94/177/94 93/178/93
f 93/178/93 94/177/94 96/179/96 95/180/95
f 95/180/95 96/179/96 98/181/98 97/182/97
f 84/183/84 82/184/82 100/185/100 98/186/98 96/187/96 94/188/94 92/189/92 90/190/90 88/191/88 86/192/86
f 97/182/97 98/181/98 100/193/100 99/194/99
f 99/194/99 100/193/100 82/195/82 81/196/81
f 81/197/81 83/198/83 85/199/85 87/200/87 89/201/89 91/202/91 93/203/93 95/204/95 97/205/97 99/206/99
o packrunner_paw.001
v 0.259700 0.055976 0.480000
v 0.331376 0.081796 0.551913
v 0.229746 0.079612 0.607310
v 0.158215 0.078421 0.480000
v 0.228919 0.078911 0.349175
v 0.336196 0.080235 0.403250
v 0.287797 0.128814 0.599418
v 0.186733 0.128622 0.553209
v 0.186209 0.128792 0.406266
v 0.288050 0.129029 0.359505
v 0.353445 0.129552 0.480000
v 0.259700 0.162021 0.480000
vn 0.0291 -0.9995 0.0098
vn 0.7393 -0.5058 0.4446
vn -0.2860 -0.4314 0.8556
vn -0.9019 -0.4320 0.0066
vn -0.3000 -0.4182 -0.8574
vn 0.7572 -0.4763 -0.4470
vn 0.3332 0.4796 0.8118
vn -0.7161 0.5359 0.4473
vn -0.7177 0.5432 -0.4357
vn 0.3166 0.5135 -0.7975
vn 0.8920 0.4516 0.0184
vn -0.0105 0.9999 0.0021
vt 0.181819 0.000000
vt 0.272728 0.157461
vt 0.090910 0.157461
vt 0.363637 0.000000
vt 0.454546 0.157461
vt 0.909091 0.000000
vt 1.000000 0.157461
vt 0.818182 0.157461
vt 0.727273 0.000000
vt 0.636364 0.157461
vt 0.545455 0.000000
vt 0.363637 0.314921
vt 0.181819 0.314921
vt 0.909091 0.314921
vt 0.727273 0.314921
vt 0.545455 0.314921
vt 0.000000 0.314921
vt 0.272728 0.472382
vt 0.090910 0.472382
vt 0.818182 0.472382
vt 0.636364 0.472382
vt 0.454546 0.472382
s 1
usemtl Hide
f 101/207/101 102/208/102 103/209/103
f 102/208/102 101/210/101 106/211/106
f 101/212/101 103/213/103 104/214/104
f 101/215/101 104/214/104 105/216/105
f 101/217/101 105/216/105 106/211/106
f 102/208/102 106/211/106 111/218/111
f 103/209/103 102/208/102 107/219/107
f 104/214/104 103/213/103 108/220/108
f 105/216/105 104/214/104 109/221/109
f 106/211/106 105/216/105 110/222/110
f 102/208/102 111/218/111 107/219/107
f 103/209/103 107/219/107 108/223/108
f 104/214/104 108/220/108 109/221/109
f 105/216/105 109/221/109 110/222/110
f 106/211/106 110/222/110 111/218/111
f 107/219/107 111/218/111 112/224/112
f 108/223/108 107/219/107 112/225/112
f 109/221/109 108/220/108 112/226/112
f 110/222/110 109/221/109 112/227/112
f 111/218/111 110/222/110 112/228/112
o packrunner_upper_leg.002
v -0.215785 0.750395 -0.208046
v -0.204300 0.374730 -0.167967
v -0.167788 0.747663 -0.236581
v -0.169636 0.372756 -0.188575
v -0.140480 0.740198 -0.284788
v -0.149914 0.367365 -0.223391
v -0.141178 0.730000 -0.339750
v -0.150418 0.360000 -0.263086
v -0.169695 0.719802 -0.386741
v -0.171013 0.352635 -0.297024
v -0.218390 0.712337 -0.413169
v -0.206182 0.347244 -0.316111
v -0.274215 0.709605 -0.411954
v -0.246500 0.345270 -0.315233
v -0.322212 0.712337 -0.383419
v -0.281164 0.347244 -0.294625
v -0.349520 0.719802 -0.335212
v -0.300886 0.352635 -0.259809
v -0.348822 0.730000 -0.280250
v -0.300382 0.360000 -0.220114
v -0.320305 0.740198 -0.233259
v -0.279787 0.367365 -0.186176
v -0.271610 0.747663 -0.206831
v -0.244618 0.372756 -0.167089
vn 0.1791 0.7598 0.6250
vn 0.2332 -0.5322 0.8139
vn 0.5266 0.7400 0.4184
vn 0.5580 -0.5507 0.6208
vn 0.7243 0.6859 0.0694
vn 0.7429 -0.6012 0.2945
vn 0.7193 0.6121 -0.3286
vn 0.7381 -0.6702 -0.0774
vn 0.5128 0.5383 -0.6688
vn 0.5451 -0.7392 -0.3955
vn 0.1602 0.4842 -0.8602
vn 0.2156 -0.7897 -0.5743
vn -0.2440 0.4644 -0.8513
vn -0.1622 -0.8082 -0.5661
vn -0.5915 0.4842 -0.6447
vn -0.4870 -0.7897 -0.3730
vn -0.7892 0.5383 -0.2957
vn -0.6718 -0.7392 -0.0467
vn -0.7841 0.6121 0.1022
vn -0.6671 -0.6702 0.3252
vn -0.5777 0.6859 0.4425
vn -0.4741 -0.6012 0.6433
vn -0.2251 0.7400 0.6338
vn -0.1446 -0.5507 0.8221
vt 1.000000 0.500000
vt 1.000000 1.000000
vt 0.916667 1.000000
vt 0.916667 0.500000
vt 0.833333 1.000000
vt 0.833333 0.500000
vt 0.750000 1.000000
vt 0.750000 0.500000
vt 0.666667 1.000000
vt 0.666667 0.500000
vt 0.583333 1.000000
vt 0.583333 0.500000
vt 0.500000 1.000000
vt 0.500000 0.500000
vt 0.416667 1.000000
vt 0.416667 0.500000
vt 0.333333 1.000000
vt 0.333333 0.500000
vt 0.250000 1.000000
vt 0.250000 0.500000
vt 0.166667 1.000000
vt 0.166667 0.500000
vt 0.370000 0.457846
vt 0.250000 0.490000
vt 0.130000 0.457846
vt 0.042154 0.370000
vt 0.010000 0.250000
vt 0.042154 0.130000
vt 0.130000 0.042154
vt 0.250000 0.010000
vt 0.370000 0.042154
vt 0.457846 0.130000
vt 0.490000 0.250000
vt 0.457846 0.370000
vt 0.083333 1.000000
vt 0.083333 0.500000
vt 0.000000 1.000000
vt 0.000000 0.500000
vt 0.750000 0.490000
vt 0.870000 0.457846
vt 0.957846 0.370000
vt 0.990000 0.250000
vt 0.957846 0.130000
vt 0.870000 0.042154
vt 0.750000 0.010000
vt 0.630000 0.042154
vt 0.542154 0.130000
vt 0.510000 0.250000
vt 0.542154 0.370000
vt 0.630000 0.457846
s 1
usemtl GnollFur
f 113/229/113 114/230/114 116/231/116 115/232/115
f 115/232/115 116/231/116 118/233/118 117/234/117
f 117/234/117 118/233/118 120/235/120 119/236/119
f 119/236/119 120/235/120 122/237/122 121/238/121
f 121/238/121 122/237/122 124/239/124 123/240/123
f 123/240/123 124/239/124 126/241/126 125/242/125
f 125/242/125 126/241/126 128/243/128 127/244/127
f 127/244/127 128/243/128 130/245/130 129/246/129
f 129/246/129 130/245/130 132/247/132 131/248/131
f 131/248/131 132/247/132 134/249/134 133/250/133
f 116/251/116 114/252/114 136/253/136 134/254/134 132/255/132 130/256/130 128/257/128 126/258/126 124/259/124 122/260/122 120/261/120 118/262/118
f 133/250/133 134/249/134 136/263/136 135/264/135
f 135/264/135 136/263/136 114/265/114 113/266/113
f 113/267/113 115/268/115 117/269/117 119/270/119 121/271/121 123/272/123 125/273/125 127/274/127 129/275/129 131/276/131 133/277/133 135/278/135
o packrunner_lower_leg.002
v -0.244374 0.394629 -0.174333
v -0.271376 0.126310 -0.078605
v -0.196625 0.388016 -0.174734
v -0.241992 0.122240 -0.078851
v -0.159867 0.370701 -0.200674
v -0.219372 0.111585 -0.094815
v -0.148140 0.349299 -0.242248
v -0.212156 0.098415 -0.120399
v -0.165924 0.331984 -0.283573
v -0.223100 0.087760 -0.145830
v -0.206426 0.325371 -0.308867
v -0.248024 0.083690 -0.161395
v -0.254175 0.331984 -0.308466
v -0.277408 0.087760 -0.161149
v -0.290933 0.349299 -0.282526
v -0.300028 0.098415 -0.145185
v -0.302660 0.370701 -0.240952
v -0.307244 0.111585 -0.119601
v -0.284876 0.388016 -0.199627
v -0.296300 0.122240 -0.094170
vn -0.1211 0.8950 0.4293
vn -0.2601 -0.2870 0.9219
vn 0.3668 0.8274 0.4252
vn 0.1874 -0.3490 0.9182
vn 0.7424 0.6505 0.1601
vn 0.5318 -0.5112 0.6751
vn 0.8623 0.4318 -0.2647
vn 0.6417 -0.7118 0.2855
vn 0.6805 0.2549 -0.6870
vn 0.4751 -0.8740 -0.1017
vn 0.2667 0.1873 -0.9454
vn 0.0955 -0.9360 -0.3387
vn -0.2212 0.2549 -0.9413
vn -0.3519 -0.8740 -0.3350
vn -0.5968 0.4318 -0.6762
vn -0.6963 -0.7118 -0.0919
vn -0.7167 0.6505 -0.2514
vn -0.8062 -0.5112 0.2977
vn -0.5349 0.8274 0.1708
vn -0.6396 -0.3490 0.6849
vt 1.000000 0.500000
vt 1.000000 1.000000
vt 0.900000 1.000000
vt 0.900000 0.500000
vt 0.800000 1.000000
vt 0.800000 0.500000
vt 0.700000 1.000000
vt 0.700000 0.500000
vt 0.600000 1.000000
vt 0.600000 0.500000
vt 0.500000 1.000000
vt 0.500000 0.500000
vt 0.400000 1.000000
vt 0.400000 0.500000
vt 0.300000 1.000000
vt 0.300000 0.500000
vt 0.200000 1.000000
vt 0.200000 0.500000
vt 0.391068 0.444164
vt 0.250000 0.490000
vt 0.108932 0.444164
vt 0.021746 0.324164
vt 0.021746 0.175836
vt 0.108932 0.055836
vt 0.250000 0.010000
vt 0.391068 0.055836
vt 0.478254 0.175836
vt 0.478254 0.324164
vt 0.100000 1.000000
vt 0.100000 0.500000
vt -0.000000 1.000000
vt -0.000000 0.500000
vt 0.750000 0.490000
vt 0.891068 0.444164
vt 0.978254 0.324164
vt 0.978254 0.175836
vt 0.891068 0.055836
vt 0.750000 0.010000
vt 0.608932 0.055836
vt 0.521746 0.175836
vt 0.521746 0.324164
vt 0.608932 0.444164
s 1
usemtl GnollMane
f 137/279/137 138/280/138 140/281/140 139/282/139
f 139/282/139 140/281/140 142/283/142 141/284/141
f 141/284/141 142/283/142 144/285/144 143/286/143
f 143/286/143 144/285/144 146/287/146 145/288/145
f 145/288/145 146/287/146 148/289/148 147/290/147
f 147/290/147 148/289/148 150/291/150 149/292/149
f 149/292/149 150/291/150 152/293/152 151/294/151
f 151/294/151 152/293/152 154/295/154 153/296/153
f 140/297/140 138/298/138 156/299/156 154/300/154 152/301/152 150/302/150 148/303/148 146/304/146 144/305/144 142/306/142
f 153/296/153 154/295/154 156/307/156 155/308/155
f 155/308/155 156/307/156 138/309/138 137/310/137
f 137/311/137 139/312/139 141/313/141 143/314/143 145/315/145 147/316/147 149/317/149 151/318/151 153/319/153 155/320/155
o packrunner_paw.002
v -0.259700 0.045450 -0.120000
v -0.176319 0.078006 -0.036343
v -0.289502 0.079741 0.006663
v -0.346710 0.082212 -0.120000
v -0.285394 0.083223 -0.229205
v -0.188170 0.081843 -0.191766
v -0.229410 0.130673 0.008740
v -0.343449 0.132113 -0.035974
v -0.341244 0.131399 -0.201814
v -0.230863 0.129441 -0.242563
v -0.171800 0.128022 -0.120000
v -0.259700 0.156542 -0.120000
vn -0.0263 -0.9989 -0.0400
vn 0.7885 -0.4185 0.4507
vn -0.3144 -0.4988 0.8077
vn -0.8302 -0.5568 -0.0286
vn -0.2717 -0.5785 -0.7691
vn 0.7415 -0.4742 -0.4746
vn 0.3084 0.4930 0.8135
vn -0.7801 0.4227 0.4613
vn -0.7604 0.3810 -0.5260
vn 0.3196 0.3990 -0.8594
vn 0.8521 0.5213 -0.0461
vn 0.0365 0.9993 -0.0091
vt 0.181819 0.000000
vt 0.272728 0.157461
vt 0.090910 0.157461
vt 0.363637 0.000000
vt 0.454546 0.157461
vt 0.909091 0.000000
vt 1.000000 0.157461
vt 0.818182 0.157461
vt 0.727273 0.000000
vt 0.636364 0.157461
vt 0.545455 0.000000
vt 0.363637 0.314921
vt 0.181819 0.314921
vt 0.909091 0.314921
vt 0.727273 0.314921
vt 0.545455 0.314921
vt 0.000000 0.314921
vt 0.272728 0.472382
vt 0.090910 0.472382
vt 0.818182 0.472382
vt 0.636364 0.472382
vt 0.454546 0.472382
s 1
usemtl Hide
f 157/321/157 158/322/158 159/323/159
f 158/322/158 157/324/157 162/325/162
f 157/326/157 159/327/159 160/328/160
f 157/329/157 160/328/160 161/330/161
f 157/331/157 161/330/161 162/325/162
f 158/322/158 162/325/162 167/332/167
f 159/323/159 158/322/158 163/333/163
f 160/328/160 159/327/159 164/334/164
f 161/330/161 160/328/160 165/335/165
f 162/325/162 161/330/161 166/336/166
f 158/322/158 167/332/167 163/333/163
f 159/323/159 163/333/163 164/337/164
f 160/328/160 164/334/164 165/335/165
f 161/330/161 165/335/165 166/336/166
f 162/325/162 166/336/166 167/332/167
f 163/333/163 167/332/167 168/338/168
f 164/337/164 163/333/163 168/339/168
f 165/335/165 164/334/164 168/340/168
f 166/336/166 165/335/165 168/341/168
f 167/332/167 166/336/166 168/342/168
o packrunner_upper_leg.003
v 0.215785 0.750395 -0.411954
v 0.204300 0.374730 -0.452033
v 0.167788 0.747663 -0.383419
v 0.169636 0.372756 -0.431425
v 0.140480 0.740198 -0.335212
v 0.149914 0.367365 -0.396609
v 0.141178 0.730000 -0.280250
v 0.150418 0.360000 -0.356914
v 0.169695 0.719802 -0.233259
v 0.171013 0.352635 -0.322976
v 0.218390 0.712337 -0.206831
v 0.206182 0.347244 -0.303889
v 0.274215 0.709605 -0.208046
v 0.246500 0.345270 -0.304767
v 0.322212 0.712337 -0.236581
v 0.281164 0.347244 -0.325375
v 0.349520 0.719802 -0.284788
v 0.300886 0.352635 -0.360191
v 0.348822 0.730000 -0.339750
v 0.300382 0.360000 -0.399886
v 0.320305 0.740198 -0.386741
v 0.279787 0.367365 -0.433824
v 0.271610 0.747663 -0.413169
v 0.244618 0.372756 -0.452911
vn -0.1791 0.7598 -0.6250
vn -0.2332 -0.5322 -0.8139
vn -0.5266 0.7400 -0.4184
vn -0.5580 -0.5507 -0.6208
vn -0.7243 0.6859 -0.0694
vn -0.7429 -0.6012 -0.2945
vn -0.7193 0.6121 0.3286
vn -0.7381 -0.6702 0.0774
vn -0.5128 0.5383 0.6688
vn -0.5451 -0.7392 0.3955
vn -0.1602 0.4842 0.8602
vn -0.2156 -0.7897 0.5743
vn 0.2440 0.4644 0.8513
vn 0.1622 -0.8082 0.5661
vn 0.5915 0.4842 0.6447
vn 0.4870 -0.7897 0.3730
vn 0.7892 0.5383 0.2957
vn 0.6718 -0.7392 0.0467
vn 0.7841 0.6121 -0.1022
vn 0.6671 -0.6702 -0.3252
vn 0.5777 0.6859 -0.4425
vn 0.4741 -0.6012 -0.6433
vn 0.2251 0.7400 -0.6338
vn 0.1446 -0.5507 -0.8221
vt 1.000000 0.500000
vt 1.000000 1.000000
vt 0.916667 1.000000
vt 0.916667 0.500000
vt 0.833333 1.000000
vt 0.833333 0.500000
vt 0.750000 1.000000
vt 0.750000 0.500000
vt 0.666667 1.000000
vt 0.666667 0.500000
vt 0.583333 1.000000
vt 0.583333 0.500000
vt 0.500000 1.000000
vt 0.500000 0.500000
vt 0.416667 1.000000
vt 0.416667 0.500000
vt 0.333333 1.000000
vt 0.333333 0.500000
vt 0.250000 1.000000
vt 0.250000 0.500000
vt 0.166667 1.000000
vt 0.166667 0.500000
vt 0.370000 0.457846
vt 0.250000 0.490000
vt 0.130000 0.457846
vt 0.042154 0.370000
vt 0.010000 0.250000
vt 0.042154 0.130000
vt 0.130000 0.042154
vt 0.250000 0.010000
vt 0.370000 0.042154
vt 0.457846 0.130000
vt 0.490000 0.250000
vt 0.457846 0.370000
vt 0.083333 1.000000
vt 0.083333 0.500000
vt 0.000000 1.000000
vt 0.000000 0.500000
vt 0.750000 0.490000
vt 0.870000 0.457846
vt 0.957846 0.370000
vt 0.990000 0.250000
vt 0.957846 0.130000
vt 0.870000 0.042154
vt 0.750000 0.010000
vt 0.630000 0.042154
vt 0.542154 0.130000
vt 0.510000 0.250000
vt 0.542154 0.370000
vt 0.630000 0.457846
s 1
usemtl GnollFur
f 169/343/169 170/344/170 172/345/172 171/346/171
f 171/346/171 172/345/172 174/347/174 173/348/173
f 173/348/173 174/347/174 176/349/176 175/350/175
f 175/350/175 176/349/176 178/351/178 177/352/177
f 177/352/177 178/351/178 180/353/180 179/354/179
f 179/354/179 180/353/180 182/355/182 181/356/181
f 181/356/181 182/355/182 184/357/184 183/358/183
f 183/358/183 184/357/184 186/359/186 185/360/185
f 185/360/185 186/359/186 188/361/188 187/362/187
f 187/362/187 188/361/188 190/363/190 189/364/189
f 172/365/172 170/366/170 192/367/192 190/368/190 188/369/188 186/370/186 184/371/184 182/372/182 180/373/180 178/374/178 176/375/176 174/376/174
f 189/364/189 190/363/190 192/377/192 191/378/191
f 191/378/191 192/377/192 170/379/170 169/380/169
f 169/381/169 171/382/171 173/383/173 175/384/175 177/385/177 179/386/179 181/387/181 183/388/183 185/389/185 187/390/187 189/391/189 191/392/191
o packrunner_lower_leg.003
v 0.244374 0.394629 -0.445667
v 0.271376 0.126310 -0.541395
v 0.196625 0.388016 -0.445266
v 0.241992 0.122240 -0.541149
v 0.159867 0.370701 -0.419326
v 0.219372 0.111585 -0.525185
v 0.148140 0.349299 -0.377752
v 0.212156 0.098415 -0.499601
v 0.165924 0.331984 -0.336427
v 0.223100 0.087760 -0.474170
v 0.206426 0.325371 -0.311133
v 0.248024 0.083690 -0.458605
v 0.254175 0.331984 -0.311534
v 0.277408 0.087760 -0.458851
v 0.290933 0.349299 -0.337474
v 0.300028 0.098415 -0.474815
v 0.302660 0.370701 -0.379048
v 0.307244 0.111585 -0.500399
v 0.284876 0.388016 -0.420373
v 0.296300 0.122240 -0.525830
vn 0.1211 0.8950 -0.4293
vn 0.2601 -0.2870 -0.9219
vn -0.3668 0.8274 -0.4252
vn -0.1874 -0.3490 -0.9182
vn -0.7424 0.6505 -0.1601
vn -0.5318 -0.5112 -0.6751
vn -0.8623 0.4318 0.2647
vn -0.6417 -0.7118 -0.2855
vn -0.6805 0.2549 0.6870
vn -0.4751 -0.8740 0.1017
vn -0.2667 0.1873 0.9454
vn -0.0955 -0.9360 0.3387
vn 0.2212 0.2549 0.9413
vn 0.3519 -0.8740 0.3350
vn 0.5968 0.4318 0.6762
vn 0.6963 -0.7118 0.0919
vn 0.7167 0.6505 0.2514
vn 0.8062 -0.5112 -0.2977
vn 0.5349 0.8274 -0.1708
vn 0.6396 -0.3490 -0.6849
vt 1.000000 0.500000
vt 1.000000 1.000000
vt 0.900000 1.000000
vt 0.900000 0.500000
vt 0.800000 1.000000
vt 0.800000 0.500000
vt 0.700000 1.000000
vt 0.700000 0.500000
vt 0.600000 1.000000
vt 0.600000 0.500000
vt 0.500000 1.000000
vt 0.500000 0.500000
vt 0.400000 1.000000
vt 0.400000 0.500000
vt 0.300000 1.000000
vt 0.300000 0.500000
vt 0.200000 1.000000
vt 0.200000 0.500000
vt 0.391068 0.444164
vt 0.250000 0.490000
vt 0.108932 0.444164
vt 0.021746 0.324164
vt 0.021746 0.175836
vt 0.108932 0.055836
vt 0.250000 0.010000
vt 0.391068 0.055836
vt 0.478254 0.175836
vt 0.478254 0.324164
vt 0.100000 1.000000
vt 0.100000 0.500000
vt -0.000000 1.000000
vt -0.000000 0.500000
vt 0.750000 0.490000
vt 0.891068 0.444164
vt 0.978254 0.324164
vt 0.978254 0.175836
vt 0.891068 0.055836
vt 0.750000 0.010000
vt 0.608932 0.055836
vt 0.521746 0.175836
vt 0.521746 0.324164
vt 0.608932 0.444164
s 1
usemtl GnollMane
f 193/393/193 194/394/194 196/395/196 195/396/195
f 195/396/195 196/395/196 198/397/198 197/398/197
f 197/398/197 198/397/198 200/399/200 199/400/199
f 199/400/199 200/399/200 202/401/202 201/402/201
f 201/402/201 202/401/202 204/403/204 203/404/203
f 203/404/203 204/403/204 206/405/206 205/406/205
f 205/406/205 206/405/206 208/407/208 207/408/207
f 207/408/207 208/407/208 210/409/210 209/410/209
f 196/411/196 194/412/194 212/413/212 210/414/210 208/415/208 206/416/206 204/417/204 202/418/202 200/419/200 198/420/198
f 209/410/209 210/409/210 212/421/212 211/422/211
f 211/422/211 212/421/212 194/423/194 193/424/193
f 193/425/193 195/426/195 197/427/197 199/428/199 201/429/201 203/430/203 205/431/205 207/432/207 209/433/209 211/434/211
o packrunner_paw.003
v 0.259700 0.051890 -0.500000
v 0.332775 0.081343 -0.426683
v 0.231421 0.081031 -0.379807
v 0.164237 0.079998 -0.500000
v 0.228744 0.078762 -0.631571
v 0.341436 0.078539 -0.582006
v 0.289231 0.130029 -0.374488
v 0.189019 0.127882 -0.429085
v 0.191938 0.126937 -0.567987
v 0.287131 0.128249 -0.616586
v 0.358241 0.130809 -0.500000
v 0.259700 0.166197 -0.500000
vn 0.0019 -0.9997 0.0237
vn 0.7178 -0.5248 0.4575
vn -0.3314 -0.4705 0.8178
vn -0.9127 -0.4085 0.0042
vn -0.3425 -0.3654 -0.8655
vn 0.7544 -0.4348 -0.4917
vn 0.2908 0.4202 0.8595
vn -0.7501 0.4926 0.4412
vn -0.7219 0.5570 -0.4107
vn 0.2643 0.5638 -0.7824
vn 0.8944 0.4469 0.0167
vn -0.0430 0.9989 -0.0166
vt 0.181819 0.000000
vt 0.272728 0.157461
vt 0.090910 0.157461
vt 0.363637 0.000000
vt 0.454546 0.157461
vt 0.909091 0.000000
vt 1.000000 0.157461
vt 0.818182 0.157461
vt 0.727273 0.000000
vt 0.636364 0.157461
vt 0.545455 0.000000
vt 0.363637 0.314921
vt 0.181819 0.314921
vt 0.909091 0.314921
vt 0.727273 0.314921
vt 0.545455 0.314921
vt 0.000000 0.314921
vt 0.272728 0.472382
vt 0.090910 0.472382
vt 0.818182 0.472382
vt 0.636364 0.472382
vt 0.454546 0.472382
s 1
usemtl Hide
f 213/435/213 214/436/214 215/437/215
f 214/436/214 213/438/213 218/439/218
f 213/440/213 215/441/215 216/442/216
f 213/443/213 216/442/216 217/444/217
f 213/445/213 217/444/217 218/439/218
f 214/436/214 218/439/218 223/446/223
f 215/437/215 214/436/214 219/447/219
f 216/442/216 215/441/215 220/448/220
f 217/444/217 216/442/216 221/449/221
f 218/439/218 217/444/217 222/450/222
f 214/436/214 223/446/223 219/447/219
f 215/437/215 219/447/219 220/451/220
f 216/442/216 220/448/220 221/449/221
f 217/444/217 221/449/221 222/450/222
f 218/439/218 222/450/222 223/446/223
f 219/447/219 223/446/223 224/452/224
f 220/451/220 219/447/219 224/453/224
f 221/449/221 220/448/220 224/454/224
f 222/450/222 221/449/221 224/455/224
f 223/446/223 222/450/222 224/456/224
o lean_brindled_ribcage
v 0.000000 0.564785 0.045000
v 0.275323 0.700140 0.350312
v -0.112774 0.690741 0.574766
v -0.366241 0.690249 0.045000
v -0.107838 0.696836 -0.461578
v 0.268074 0.703559 -0.252273
v 0.100443 0.954033 0.516841
v -0.265007 0.954994 0.338872
v -0.268487 0.956635 -0.252731
v 0.104246 0.958728 -0.444704
v 0.347577 0.962629 0.045000
v 0.000000 1.136607 0.045000
v -0.065483 0.568327 0.352610
v 0.163172 0.580946 0.225945
v 0.093215 0.687724 0.482871
v 0.290899 0.692793 0.045000
v 0.153771 0.595294 -0.125520
v -0.210145 0.570509 0.045000
v -0.291212 0.660221 0.367933
v -0.066626 0.563757 -0.267983
v -0.256074 0.680707 -0.238968
v 0.090136 0.692424 -0.378406
v 0.329328 0.830000 0.208321
v 0.356828 0.830000 -0.131959
v 0.000000 0.830000 0.658744
v 0.239224 0.830000 0.547561
v -0.373773 0.830000 0.230362
v -0.221484 0.830000 0.510292
v -0.216809 0.830000 -0.410471
v -0.348943 0.830000 -0.128049
v 0.215384 0.830000 -0.407478
v 0.000000 0.830000 -0.520594
v 0.264701 0.984323 0.338535
v -0.105963 0.991733 0.542754
v -0.347604 0.993952 0.045000
v -0.102391 0.986281 -0.435974
v 0.245613 0.973194 -0.227368
v 0.055128 1.050295 0.303969
v 0.187087 1.061019 0.045000
v -0.167879 1.086239 0.231164
v -0.179485 1.103953 -0.154034
v 0.067183 1.098469 -0.270600
vn 0.0622 -0.9980 -0.0093
vn 0.7665 -0.5570 0.3198
vn -0.2666 -0.5861 0.7651
vn -0.8886 -0.4527 -0.0743
vn -0.2769 -0.5567 -0.7832
vn 0.7029 -0.5963 -0.3877
vn 0.3088 0.7592 0.5729
vn -0.7458 0.5438 0.3848
vn -0.7961 0.4411 -0.4144
vn 0.3971 0.5417 -0.7409
vn 0.8683 0.4961 0.0037
vn 0.1011 0.9914 0.0833
vn -0.0389 -0.9539 0.2975
vn 0.3996 -0.9052 0.1447
vn 0.3263 -0.7598 0.5623
vn 0.8069 -0.5907 0.0021
vn 0.4052 -0.8999 -0.1612
vn -0.3714 -0.9279 -0.0328
vn -0.7217 -0.5711 0.3912
vn -0.0828 -0.9358 -0.3426
vn -0.7379 -0.5650 -0.3691
vn 0.3690 -0.6969 -0.6149
vn 0.9830 -0.0774 0.1668
vn 0.9753 -0.0378 -0.2178
vn 0.0485 0.0014 0.9988
vn 0.6954 -0.0214 0.7183
vn -0.9654 0.0919 0.2441
vn -0.7459 0.1020 0.6582
vn -0.7400 0.0119 -0.6725
vn -0.9570 -0.0000 -0.2901
vn 0.7039 -0.0616 -0.7076
vn 0.0646 -0.0597 -0.9961
vn 0.6732 0.6672 0.3188
vn -0.2826 0.7135 0.6411
vn -0.8442 0.5360 -0.0022
vn -0.3310 0.6055 -0.7238
vn 0.7182 0.6112 -0.3326
vn 0.1878 0.9404 0.2835
vn 0.4485 0.8934 0.0267
vn -0.3322 0.9098 0.2488
vn -0.4166 0.8815 -0.2223
vn 0.2497 0.9063 -0.3409
vt 0.181819 0.000000
vt 0.227273 0.078731
vt 0.136365 0.078731
vt 0.272728 0.157461
vt 0.318182 0.078731
vt 0.363637 0.157461
vt 0.909091 0.000000
vt 0.954545 0.078731
vt 0.863636 0.078731
vt 0.727273 0.000000
vt 0.772727 0.078731
vt 0.681818 0.078731
vt 0.545455 0.000000
vt 0.590909 0.078731
vt 0.500000 0.078731
vt 0.318182 0.236191
vt 0.090910 0.157461
vt 0.181819 0.157461
vt 0.136365 0.236191
vt 0.818182 0.157461
vt 0.909091 0.157461
vt 0.863636 0.236191
vt 0.636364 0.157461
vt 0.727273 0.157461
vt 0.681818 0.236191
vt 0.454546 0.157461
vt 0.545455 0.157461
vt 0.500000 0.236191
vt 0.227273 0.236191
vt 0.045455 0.236191
vt 0.772727 0.236191
vt 0.590909 0.236191
vt 0.409092 0.236191
vt 0.181819 0.314921
vt 0.272728 0.314921
vt 0.227273 0.393651
vt 0.000000 0.314921
vt 0.090910 0.314921
vt 0.045455 0.393651
vt 0.727273 0.314921
vt 0.818182 0.314921
vt 0.772727 0.393651
vt 0.545455 0.314921
vt 0.636364 0.314921
vt 0.590909 0.393651
vt 0.363637 0.314921
vt 0.454546 0.314921
vt 0.409092 0.393651
vt 0.500000 0.393651
vt 0.454546 0.472382
vt 0.681818 0.393651
vt 0.636364 0.472382
vt 0.863636 0.393651
vt 0.818182 0.472382
vt 0.909091 0.314921
vt 0.136365 0.393651
vt 0.090910 0.472382
vt 0.318182 0.393651
vt 0.272728 0.472382
vt 0.954545 0.236191
vt 1.000000 0.157461
vt 0.409092 0.078731
vt 0.363637 0.000000
s 1
usemtl GnollFur
f 225/457/225 238/458/238 237/459/237
f 226/460/226 238/461/238 240/462/240
f 225/463/225 237/464/237 242/465/242
f 225/466/225 242/467/242 244/468/244
f 225/469/225 244/470/244 241/471/241
f 226/460/226 240/462/240 247/472/247
f 227/473/227 239/474/239 249/475/249
f 228/476/228 243/477/243 251/478/251
f 229/479/229 245/480/245 253/481/253
f 230/482/230 246/483/246 255/484/255
f 226/460/226 247/472/247 250/485/250
f 227/473/227 249/475/249 252/486/252
f 228/476/228 251/478/251 254/487/254
f 229/479/229 253/481/253 256/488/256
f 230/482/230 255/484/255 248/489/248
f 231/490/231 257/491/257 262/492/262
f 232/493/232 258/494/258 264/495/264
f 233/496/233 259/497/259 265/498/265
f 234/499/234 260/500/260 266/501/266
f 235/502/235 261/503/261 263/504/263
f 263/504/263 266/505/266 236/506/236
f 263/504/263 261/503/261 266/505/266
f 261/503/261 234/499/234 266/505/266
f 266/501/266 265/507/265 236/508/236
f 266/501/266 260/500/260 265/507/265
f 260/500/260 233/496/233 265/507/265
f 265/498/265 264/509/264 236/510/236
f 265/498/265 259/497/259 264/509/264
f 259/497/259 232/511/232 264/509/264
f 264/495/264 262/512/262 236/513/236
f 264/495/264 258/494/258 262/512/262
f 258/494/258 231/490/231 262/512/262
f 262/492/262 263/514/263 236/515/236
f 262/492/262 257/491/257 263/514/263
f 257/491/257 235/502/235 263/514/263
f 248/489/248 261/503/261 235/502/235
f 248/489/248 255/484/255 261/503/261
f 255/484/255 234/499/234 261/503/261
f 256/488/256 260/500/260 234/499/234
f 256/488/256 253/481/253 260/500/260
f 253/481/253 233/496/233 260/500/260
f 254/487/254 259/497/259 233/496/233
f 254/487/254 251/478/251 259/497/259
f 251/478/251 232/511/232 259/497/259
f 252/486/252 258/494/258 232/493/232
f 252/486/252 249/475/249 258/494/258
f 249/475/249 231/490/231 258/494/258
f 250/485/250 257/491/257 231/490/231
f 250/485/250 247/472/247 257/491/257
f 247/472/247 235/502/235 257/491/257
f 255/484/255 256/488/256 234/499/234
f 255/484/255 246/483/246 256/488/256
f 246/483/246 229/479/229 256/488/256
f 253/481/253 254/487/254 233/496/233
f 253/481/253 245/480/245 254/487/254
f 245/480/245 228/476/228 254/487/254
f 251/478/251 252/516/252 232/511/232
f 251/478/251 243/477/243 252/516/252
f 243/477/243 227/517/227 252/516/252
f 249/475/249 250/485/250 231/490/231
f 249/475/249 239/474/239 250/485/250
f 239/474/239 226/460/226 250/485/250
f 247/472/247 248/489/248 235/502/235
f 247/472/247 240/462/240 248/489/248
f 240/462/240 230/482/230 248/489/248
f 241/471/241 246/483/246 230/482/230
f 241/471/241 244/470/244 246/483/246
f 244/470/244 229/479/229 246/483/246
f 244/468/244 245/480/245 229/479/229
f 244/468/244 242/467/242 245/480/245
f 242/467/242 228/476/228 245/480/245
f 242/465/242 243/477/243 228/476/228
f 242/465/242 237/464/237 243/477/243
f 237/464/237 227/517/227 243/477/243
f 240/462/240 241/518/241 230/482/230
f 240/462/240 238/461/238 241/518/241
f 238/461/238 225/519/225 241/518/241
f 237/459/237 239/474/239 227/473/227
f 237/459/237 238/458/238 239/474/239
f 238/458/238 226/460/226 239/474/239
o raised_packrunner_haunch
v 0.000000 0.528981 -0.370000
v 0.306681 0.723105 -0.169467
v -0.106251 0.736760 -0.075690
v -0.318249 0.746678 -0.370000
v -0.100708 0.743710 -0.648958
v 0.291465 0.730393 -0.560583
v 0.120729 1.021396 -0.035586
v -0.316991 1.021833 -0.162725
v -0.296394 1.011967 -0.563806
v 0.104811 1.001435 -0.660324
v 0.331534 0.998470 -0.370000
v 0.000000 1.167463 -0.370000
v -0.065254 0.605192 -0.189248
v 0.174951 0.598824 -0.255603
v 0.108754 0.701432 -0.068767
v 0.352348 0.701232 -0.370000
v 0.174739 0.599151 -0.484259
v -0.208991 0.607929 -0.370000
v -0.260119 0.715995 -0.199912
v -0.060006 0.626490 -0.536215
v -0.265710 0.712685 -0.543744
v 0.110404 0.698874 -0.675804
v 0.420546 0.870000 -0.247023
v 0.408571 0.870000 -0.489476
v 0.000000 0.870000 -0.018991
v 0.210223 0.870000 -0.109587
v -0.343621 0.870000 -0.269517
v -0.233199 0.870000 -0.081126
v -0.253721 0.870000 -0.684295
v -0.415877 0.870000 -0.491612
v 0.243282 0.870000 -0.671363
v 0.000000 0.870000 -0.717281
v 0.258170 1.022851 -0.201186
v -0.100651 1.026009 -0.091210
v -0.336718 1.031282 -0.370000
v -0.106365 1.034866 -0.664616
v 0.282770 1.037415 -0.554899
v 0.067784 1.145072 -0.182242
v 0.219511 1.145263 -0.370000
v -0.171474 1.135787 -0.257877
v -0.161082 1.119680 -0.475328
v 0.059283 1.110577 -0.534213
vn -0.0411 -0.9980 -0.0471
vn 0.6333 -0.4630 0.6202
vn -0.2903 -0.4816 0.8269
vn -0.8304 -0.5484 0.0985
vn -0.2321 -0.5698 -0.7883
vn 0.6538 -0.5374 -0.5326
vn 0.3139 0.3988 0.8616
vn -0.7308 0.4302 0.5299
vn -0.6168 0.6239 -0.4800
vn 0.1993 0.5469 -0.8131
vn 0.7941 0.6059 0.0475
vn -0.0346 0.9945 -0.0992
vn -0.2026 -0.8367 0.5088
vn 0.3587 -0.8862 0.2933
vn 0.2237 -0.4958 0.8391
vn 0.7620 -0.6465 -0.0375
vn 0.3521 -0.8810 -0.3159
vn -0.5468 -0.8370 -0.0222
vn -0.6961 -0.5514 0.4598
vn -0.2006 -0.8291 -0.5218
vn -0.5660 -0.6882 -0.4538
vn 0.1504 -0.5764 -0.8032
vn 0.9162 0.1136 0.3843
vn 0.9395 0.0493 -0.3390
vn -0.0179 -0.0298 0.9994
vn 0.5333 0.0373 0.8451
vn -0.9350 -0.1465 0.3231
vn -0.5515 -0.0841 0.8299
vn -0.4918 -0.0752 -0.8675
vn -0.9758 -0.0753 -0.2051
vn 0.5051 0.0385 -0.8622
vn -0.0059 -0.0031 -1.0000
vn 0.6602 0.5589 0.5017
vn -0.2379 0.5449 0.8041
vn -0.7945 0.6072 0.0109
vn -0.1479 0.6298 -0.7626
vn 0.5884 0.6403 -0.4937
vn 0.1234 0.8939 0.4309
vn 0.4802 0.8771 -0.0069
vn -0.3270 0.9151 0.2361
vn -0.3024 0.9125 -0.2755
vn 0.0947 0.8822 -0.4612
vt 0.181819 0.000000
vt 0.227273 0.078731
vt 0.136365 0.078731
vt 0.272728 0.157461
vt 0.318182 0.078731
vt 0.363637 0.157461
vt 0.909091 0.000000
vt 0.954545 0.078731
vt 0.863636 0.078731
vt 0.727273 0.000000
vt 0.772727 0.078731
vt 0.681818 0.078731
vt 0.545455 0.000000
vt 0.590909 0.078731
vt 0.500000 0.078731
vt 0.318182 0.236191
vt 0.090910 0.157461
vt 0.181819 0.157461
vt 0.136365 0.236191
vt 0.818182 0.157461
vt 0.909091 0.157461
vt 0.863636 0.236191
vt 0.636364 0.157461
vt 0.727273 0.157461
vt 0.681818 0.236191
vt 0.454546 0.157461
vt 0.545455 0.157461
vt 0.500000 0.236191
vt 0.227273 0.236191
vt 0.045455 0.236191
vt 0.772727 0.236191
vt 0.590909 0.236191
vt 0.409092 0.236191
vt 0.181819 0.314921
vt 0.272728 0.314921
vt 0.227273 0.393651
vt 0.000000 0.314921
vt 0.090910 0.314921
vt 0.045455 0.393651
vt 0.727273 0.314921
vt 0.818182 0.314921
vt 0.772727 0.393651
vt 0.545455 0.314921
vt 0.636364 0.314921
vt 0.590909 0.393651
vt 0.363637 0.314921
vt 0.454546 0.314921
vt 0.409092 0.393651
vt 0.500000 0.393651
vt 0.454546 0.472382
vt 0.681818 0.393651
vt 0.636364 0.472382
vt 0.863636 0.393651
vt 0.818182 0.472382
vt 0.909091 0.314921
vt 0.136365 0.393651
vt 0.090910 0.472382
vt 0.318182 0.393651
vt 0.272728 0.472382
vt 0.954545 0.236191
vt 1.000000 0.157461
vt 0.409092 0.078731
vt 0.363637 0.000000
s 1
usemtl GnollMane
f 267/520/267 280/521/280 279/522/279
f 268/523/268 280/524/280 282/525/282
f 267/526/267 279/527/279 284/528/284
f 267/529/267 284/530/284 286/531/286
f 267/532/267 286/533/286 283/534/283
f 268/523/268 282/525/282 289/535/289
f 269/536/269 281/537/281 291/538/291
f 270/539/270 285/540/285 293/541/293
f 271/542/271 287/543/287 295/544/295
f 272/545/272 288/546/288 297/547/297
f 268/523/268 289/535/289 292/548/292
f 269/536/269 291/538/291 294/549/294
f 270/539/270 293/541/293 296/550/296
f 271/542/271 295/544/295 298/551/298
f 272/545/272 297/547/297 290/552/290
f 273/553/273 299/554/299 304/555/304
f 274/556/274 300/557/300 306/558/306
f 275/559/275 301/560/301 307/561/307
f 276/562/276 302/563/302 308/564/308
f 277/565/277 303/566/303 305/567/305
f 305/567/305 308/568/308 278/569/278
f 305/567/305 303/566/303 308/568/308
f 303/566/303 276/562/276 308/568/308
f 308/564/308 307/570/307 278/571/278
f 308/564/308 302/563/302 307/570/307
f 302/563/302 275/559/275 307/570/307
f 307/561/307 306/572/306 278/573/278
f 307/561/307 301/560/301 306/572/306
f 301/560/301 274/574/274 306/572/306
f 306/558/306 304/575/304 278/576/278
f 306/558/306 300/557/300 304/575/304
f 300/557/300 273/553/273 304/575/304
f 304/555/304 305/577/305 278/578/278
f 304/555/304 299/554/299 305/577/305
f 299/554/299 277/565/277 305/577/305
f 290/552/290 303/566/303 277/565/277
f 290/552/290 297/547/297 303/566/303
f 297/547/297 276/562/276 303/566/303
f 298/551/298 302/563/302 276/562/276
f 298/551/298 295/544/295 302/563/302
f 295/544/295 275/559/275 302/563/302
f 296/550/296 301/560/301 275/559/275
f 296/550/296 293/541/293 301/560/301
f 293/541/293 274/574/274 301/560/301
f 294/549/294 300/557/300 274/556/274
f 294/549/294 291/538/291 300/557/300
f 291/538/291 273/553/273 300/557/300
f 292/548/292 299/554/299 273/553/273
f 292/548/292 289/535/289 299/554/299
f 289/535/289 277/565/277 299/554/299
f 297/547/297 298/551/298 276/562/276
f 297/547/297 288/546/288 298/551/298
f 288/546/288 271/542/271 298/551/298
f 295/544/295 296/550/296 275/559/275
f 295/544/295 287/543/287 296/550/296
f 287/543/287 270/539/270 296/550/296
f 293/541/293 294/579/294 274/574/274
f 293/541/293 285/540/285 294/579/294
f 285/540/285 269/580/269 294/579/294
f 291/538/291 292/548/292 273/553/273
f 291/538/291 281/537/281 292/548/292
f 281/537/281 268/523/268 292/548/292
f 289/535/289 290/552/290 277/565/277
f 289/535/289 282/525/282 290/552/290
f 282/525/282 272/545/272 290/552/290
f 283/534/283 288/546/288 272/545/272
f 283/534/283 286/533/286 288/546/288
f 286/533/286 271/542/271 288/546/288
f 286/531/286 287/543/287 271/542/271
f 286/531/286 284/530/284 287/543/287
f 284/530/284 270/539/270 287/543/287
f 284/528/284 285/540/285 270/539/270
f 284/528/284 279/527/279 285/540/285
f 279/527/279 269/580/269 285/540/285
f 282/525/282 283/581/283 272/545/272
f 282/525/282 280/524/280 283/581/283
f 280/524/280 267/582/267 283/581/283
f 279/522/279 281/537/281 269/536/269
f 279/522/279 280/521/280 281/537/281
f 280/521/280 268/523/268 281/537/281
o packrunner_neck
v 0.000000 1.122524 0.256861
v 0.000000 1.227972 0.517016
v 0.082500 1.103429 0.268000
v 0.062500 1.213507 0.525454
v 0.142894 1.051262 0.298431
v 0.108253 1.173986 0.548508
v 0.165000 0.980000 0.340000
v 0.125000 1.120000 0.580000
v 0.142894 0.908738 0.381569
v 0.108253 1.066014 0.611492
v 0.082500 0.856571 0.412000
v 0.062500 1.026493 0.634546
v 0.000000 0.837476 0.423139
v 0.000000 1.012028 0.642984
v -0.082500 0.856571 0.412000
v -0.062500 1.026493 0.634546
v -0.142894 0.908738 0.381569
v -0.108253 1.066014 0.611492
v -0.165000 0.980000 0.340000
v -0.125000 1.120000 0.580000
v -0.142894 1.051262 0.298431
v -0.108253 1.173986 0.548508
v -0.082500 1.103429 0.268000
v -0.062500 1.213507 0.525454
vn -0.0000 0.3899 -0.9209
vn -0.0000 0.9677 0.2521
vn 0.4004 0.2972 -0.8668
vn 0.3544 0.8857 0.2999
vn 0.6935 0.0440 -0.7191
vn 0.6139 0.6616 0.4307
vn 0.8008 -0.3018 -0.5174
vn 0.7089 0.3554 0.6093
vn 0.6935 -0.6476 -0.3156
vn 0.6139 0.0492 0.7878
vn 0.4004 -0.9008 -0.1680
vn 0.3544 -0.1749 0.9186
vn -0.0000 -0.9935 -0.1139
vn -0.0000 -0.2569 0.9664
vn -0.4004 -0.9008 -0.1680
vn -0.3544 -0.1749 0.9186
vn -0.6935 -0.6476 -0.3156
vn -0.6139 0.0492 0.7878
vn -0.8008 -0.3018 -0.5174
vn -0.7089 0.3554 0.6093
vn -0.6935 0.0440 -0.7191
vn -0.6139 0.6616 0.4307
vn -0.4004 0.2972 -0.8668
vn -0.3544 0.8857 0.2999
vt 1.000000 0.500000
vt 1.000000 1.000000
vt 0.916667 1.000000
vt 0.916667 0.500000
vt 0.833333 1.000000
vt 0.833333 0.500000
vt 0.750000 1.000000
vt 0.750000 0.500000
vt 0.666667 1.000000
vt 0.666667 0.500000
vt 0.583333 1.000000
vt 0.583333 0.500000
vt 0.500000 1.000000
vt 0.500000 0.500000
vt 0.416667 1.000000
vt 0.416667 0.500000
vt 0.333333 1.000000
vt 0.333333 0.500000
vt 0.250000 1.000000
vt 0.250000 0.500000
vt 0.166667 1.000000
vt 0.166667 0.500000
vt 0.370000 0.457846
vt 0.250000 0.490000
vt 0.130000 0.457846
vt 0.042154 0.370000
vt 0.010000 0.250000
vt 0.042154 0.130000
vt 0.130000 0.042154
vt 0.250000 0.010000
vt 0.370000 0.042154
vt 0.457846 0.130000
vt 0.490000 0.250000
vt 0.457846 0.370000
vt 0.083333 1.000000
vt 0.083333 0.500000
vt 0.000000 1.000000
vt 0.000000 0.500000
vt 0.750000 0.490000
vt 0.870000 0.457846
vt 0.957846 0.370000
vt 0.990000 0.250000
vt 0.957846 0.130000
vt 0.870000 0.042154
vt 0.750000 0.010000
vt 0.630000 0.042154
vt 0.542154 0.130000
vt 0.510000 0.250000
vt 0.542154 0.370000
vt 0.630000 0.457846
s 1
usemtl GnollMane
f 309/583/309 310/584/310 312/585/312 311/586/311
f 311/586/311 312/585/312 314/587/314 313/588/313
f 313/588/313 314/587/314 316/589/316 315/590/315
f 315/590/315 316/589/316 318/591/318 317/592/317
f 317/592/317 318/591/318 320/593/320 319/594/319
f 319/594/319 320/593/320 322/595/322 321/596/321
f 321/596/321 322/595/322 324/597/324 323/598/323
f 323/598/323 324/597/324 326/599/326 325/600/325
f 325/600/325 326/599/326 328/601/328 327/602/327
f 327/602/327 328/601/328 330/603/330 329/604/329
f 312/605/312 310/606/310 332/607/332 330/608/330 328/609/328 326/610/326 324/611/324 322/612/322 320/613/320 318/614/318 316/615/316 314/616/314
f 329/604/329 330/603/330 332/617/332 331/618/331
f 331/618/331 332/617/332 310/619/310 309/620/309
f 309/621/309 311/622/311 313/623/313 315/624/315 317/625/317 319/626/319 321/627/321 323/628/323 325/629/325 327/630/327 329/631/329 331/632/331
o long_gnoll_head
v 0.000000 0.942593 0.680000
v 0.179191 1.056624 0.838269
v -0.070523 1.053788 0.943865
v -0.239242 1.049143 0.680000
v -0.075878 1.046482 0.396098
v 0.192557 1.049660 0.509927
v 0.067749 1.242428 0.933488
v -0.165641 1.236314 0.826300
v -0.169177 1.238157 0.530577
v 0.071249 1.247203 0.413418
v 0.250776 1.255720 0.680000
v 0.000000 1.387298 0.680000
v -0.042327 0.963134 0.838367
v 0.100747 0.980112 0.768983
v 0.060556 1.047886 0.906565
v 0.207217 1.042021 0.680000
v 0.111511 0.961960 0.581509
v -0.142399 0.955735 0.680000
v -0.183743 1.031650 0.842290
v -0.042005 0.964554 0.522836
v -0.173758 1.038081 0.526529
v 0.065329 1.039838 0.435578
v 0.232545 1.150000 0.771854
v 0.231591 1.150000 0.588523
v 0.000000 1.150000 0.985511
v 0.156667 1.150000 0.942143
v -0.263470 1.150000 0.784069
v -0.158838 1.150000 0.945776
v -0.145830 1.150000 0.435990
v -0.217657 1.150000 0.594027
v 0.135689 1.150000 0.452959
v 0.000000 1.150000 0.371355
v 0.191331 1.273238 0.848992
v -0.074171 1.275072 0.957505
v -0.224506 1.266989 0.680000
v -0.063291 1.256727 0.443200
v 0.159785 1.252918 0.538871
v 0.039313 1.323563 0.827093
v 0.135700 1.335126 0.680000
v -0.113601 1.341564 0.780336
v -0.113219 1.340920 0.580001
v 0.042460 1.337457 0.521132
vn 0.0653 -0.9975 0.0283
vn 0.6901 -0.5885 0.4213
vn -0.1650 -0.5724 0.8032
vn -0.8984 -0.4268 -0.1037
vn -0.2976 -0.4965 -0.8155
vn 0.7580 -0.4132 -0.5047
vn 0.2829 0.5733 0.7689
vn -0.7310 0.5475 0.4072
vn -0.7644 0.4273 -0.4828
vn 0.3617 0.4898 -0.7932
vn 0.9021 0.4222 -0.0894
vn 0.0382 0.9987 0.0348
vn -0.0393 -0.9046 0.4244
vn 0.3997 -0.8775 0.2650
vn 0.2888 -0.6735 0.6805
vn 0.8276 -0.5590 0.0508
vn 0.3832 -0.9027 -0.1957
vn -0.4379 -0.8987 -0.0231
vn -0.6471 -0.6193 0.4447
vn -0.1281 -0.9176 -0.3763
vn -0.7496 -0.5077 -0.4246
vn 0.3445 -0.5648 -0.7499
vn 0.9626 -0.1380 0.2333
vn 0.9483 0.0053 -0.3173
vn 0.0890 -0.0929 0.9917
vn 0.5946 -0.0912 0.7988
vn -0.9622 0.0891 0.2573
vn -0.6424 0.0170 0.7662
vn -0.7061 0.1249 -0.6970
vn -0.9353 0.0496 -0.3504
vn 0.6752 0.0515 -0.7358
vn 0.0548 0.0597 -0.9967
vn 0.6570 0.5883 0.4715
vn -0.2529 0.6151 0.7468
vn -0.8485 0.5272 -0.0458
vn -0.3409 0.6012 -0.7228
vn 0.7008 0.5313 -0.4761
vn 0.1726 0.8987 0.4032
vn 0.4639 0.8850 -0.0394
vn -0.4408 0.8484 0.2932
vn -0.4501 0.8274 -0.3359
vn 0.2024 0.8659 -0.4575
vt 0.181819 0.000000
vt 0.227273 0.078731
vt 0.136365 0.078731
vt 0.272728 0.157461
vt 0.318182 0.078731
vt 0.363637 0.157461
vt 0.909091 0.000000
vt 0.954545 0.078731
vt 0.863636 0.078731
vt 0.727273 0.000000
vt 0.772727 0.078731
vt 0.681818 0.078731
vt 0.545455 0.000000
vt 0.590909 0.078731
vt 0.500000 0.078731
vt 0.318182 0.236191
vt 0.090910 0.157461
vt 0.181819 0.157461
vt 0.136365 0.236191
vt 0.818182 0.157461
vt 0.909091 0.157461
vt 0.863636 0.236191
vt 0.636364 0.157461
vt 0.727273 0.157461
vt 0.681818 0.236191
vt 0.454546 0.157461
vt 0.545455 0.157461
vt 0.500000 0.236191
vt 0.227273 0.236191
vt 0.045455 0.236191
vt 0.772727 0.236191
vt 0.590909 0.236191
vt 0.409092 0.236191
vt 0.181819 0.314921
vt 0.272728 0.314921
vt 0.227273 0.393651
vt 0.000000 0.314921
vt 0.090910 0.314921
vt 0.045455 0.393651
vt 0.727273 0.314921
vt 0.818182 0.314921
vt 0.772727 0.393651
vt 0.545455 0.314921
vt 0.636364 0.314921
vt 0.590909 0.393651
vt 0.363637 0.314921
vt 0.454546 0.314921
vt 0.409092 0.393651
vt 0.500000 0.393651
vt 0.454546 0.472382
vt 0.681818 0.393651
vt 0.636364 0.472382
vt 0.863636 0.393651
vt 0.818182 0.472382
vt 0.909091 0.314921
vt 0.136365 0.393651
vt 0.090910 0.472382
vt 0.318182 0.393651
vt 0.272728 0.472382
vt 0.954545 0.236191
vt 1.000000 0.157461
vt 0.409092 0.078731
vt 0.363637 0.000000
s 1
usemtl GnollFur
f 333/633/333 346/634/346 345/635/345
f 334/636/334 346/637/346 348/638/348
f 333/639/333 345/640/345 350/641/350
f 333/642/333 350/643/350 352/644/352
f 333/645/333 352/646/352 349/647/349
f 334/636/334 348/638/348 355/648/355
f 335/649/335 347/650/347 357/651/357
f 336/652/336 351/653/351 359/654/359
f 337/655/337 353/656/353 361/657/361
f 338/658/338 354/659/354 363/660/363
f 334/636/334 355/648/355 358/661/358
f 335/649/335 357/651/357 360/662/360
f 336/652/336 359/654/359 362/663/362
f 337/655/337 361/657/361 364/664/364
f 338/658/338 363/660/363 356/665/356
f 339/666/339 365/667/365 370/668/370
f 340/669/340 366/670/366 372/671/372
f 341/672/341 367/673/367 373/674/373
f 342/675/342 368/676/368 374/677/374
f 343/678/343 369/679/369 371/680/371
f 371/680/371 374/681/374 344/682/344
f 371/680/371 369/679/369 374/681/374
f 369/679/369 342/675/342 374/681/374
f 374/677/374 373/683/373 344/684/344
f 374/677/374 368/676/368 373/683/373
f 368/676/368 341/672/341 373/683/373
f 373/674/373 372/685/372 344/686/344
f 373/674/373 367/673/367 372/685/372
f 367/673/367 340/687/340 372/685/372
f 372/671/372 370/688/370 344/689/344
f 372/671/372 366/670/366 370/688/370
f 366/670/366 339/666/339 370/688/370
f 370/668/370 371/690/371 344/691/344
f 370/668/370 365/667/365 371/690/371
f 365/667/365 343/678/343 371/690/371
f 356/665/356 369/679/369 343/678/343
f 356/665/356 363/660/363 369/679/369
f 363/660/363 342/675/342 369/679/369
f 364/664/364 368/676/368 342/675/342
f 364/664/364 361/657/361 368/676/368
f 361/657/361 341/672/341 368/676/368
f 362/663/362 367/673/367 341/672/341
f 362/663/362 359/654/359 367/673/367
f 359/654/359 340/687/340 367/673/367
f 360/662/360 366/670/366 340/669/340
f 360/662/360 357/651/357 366/670/366
f 357/651/357 339/666/339 366/670/366
f 358/661/358 365/667/365 339/666/339
f 358/661/358 355/648/355 365/667/365
f 355/648/355 343/678/343 365/667/365
f 363/660/363 364/664/364 342/675/342
f 363/660/363 354/659/354 364/664/364
f 354/659/354 337/655/337 364/664/364
f 361/657/361 362/663/362 341/672/341
f 361/657/361 353/656/353 362/663/362
f 353/656/353 336/652/336 362/663/362
f 359/654/359 360/692/360 340/687/340
f 359/654/359 351/653/351 360/692/360
f 351/653/351 335/693/335 360/692/360
f 357/651/357 358/661/358 339/666/339
f 357/651/357 347/650/347 358/661/358
f 347/650/347 334/636/334 358/661/358
f 355/648/355 356/665/356 343/678/343
f 355/648/355 348/638/348 356/665/356
f 348/638/348 338/658/338 356/665/356
f 349/647/349 354/659/354 338/658/338
f 349/647/349 352/646/352 354/659/354
f 352/646/352 337/655/337 354/659/354
f 352/644/352 353/656/353 337/655/337
f 352/644/352 350/643/350 353/656/353
f 350/643/350 336/652/336 353/656/353
f 350/641/350 351/653/351 336/652/336
f 350/641/350 345/640/345 351/653/351
f 345/640/345 335/693/335 351/653/351
f 348/638/348 349/694/349 338/658/338
f 348/638/348 346/637/346 349/694/349
f 346/637/346 333/695/333 349/694/349
f 345/635/345 347/650/347 335/649/335
f 345/635/345 346/634/346 347/650/347
f 346/634/346 334/636/334 347/650/347
o dark_muzzle
v -0.137317 0.979758 1.013229
v -0.122047 0.979904 1.028306
v -0.125000 0.965000 1.015000
v -0.132789 0.979831 1.023875
v -0.132469 0.971268 1.022928
v -0.124079 0.969396 1.025126
v -0.134876 0.969292 1.014466
v 0.122047 0.979904 1.028306
v 0.137317 0.979758 1.013229
v 0.125000 0.965000 1.015000
v 0.132789 0.979831 1.023875
v 0.132469 0.971268 1.022928
v 0.134876 0.969292 1.014466
v 0.124079 0.969396 1.025126
v 0.137317 0.979758 0.846771
v 0.122047 0.979904 0.831694
v 0.125000 0.965000 0.845000
v 0.132789 0.979831 0.836125
v 0.132469 0.971268 0.837072
v 0.124079 0.969396 0.834874
v 0.134876 0.969292 0.845535
v -0.137317 0.979758 0.846771
v -0.125000 0.965000 0.845000
v -0.122047 0.979904 0.831694
v -0.134876 0.969292 0.845535
v -0.132469 0.971268 0.837072
v -0.124079 0.969396 0.834874
v -0.132789 0.979831 0.836125
v -0.087467 1.170096 1.006694
v -0.102683 1.170242 0.991584
v -0.085000 1.185000 0.990000
v -0.098182 1.170169 1.002245
v -0.094749 1.178732 0.999353
v -0.096437 1.180708 0.990441
v -0.085678 1.180604 1.001125
v 0.087467 1.170096 1.006694
v 0.085000 1.185000 0.990000
v 0.102683 1.170242 0.991584
v 0.085678 1.180604 1.001125
v 0.094749 1.178732 0.999353
v 0.096437 1.180708 0.990441
v 0.098182 1.170169 1.002245
v 0.087467 1.170096 0.853306
v 0.102683 1.170242 0.868416
v 0.085000 1.185000 0.870000
v 0.098182 1.170169 0.857755
v 0.094749 1.178732 0.860647
v 0.096437 1.180708 0.869559
v 0.085678 1.180604 0.858875
v -0.102683 1.170242 0.868416
v -0.087467 1.170096 0.853306
v -0.085000 1.185000 0.870000
v -0.098182 1.170169 0.857755
v -0.094749 1.178732 0.860647
v -0.085678 1.180604 0.858875
v -0.096437 1.180708 0.869559
vn 0.9276 0.1292 -0.3505
vn 0.3369 0.1701 -0.9260
vn 0.3462 0.8667 -0.3591
vn -0.3369 0.1701 -0.9260
vn -0.9276 0.1292 -0.3505
vn -0.3462 0.8667 -0.3591
vn -0.9276 0.1292 0.3505
vn -0.3369 0.1701 0.9260
vn -0.3462 0.8667 0.3591
vn 0.9276 0.1292 0.3505
vn 0.3462 0.8667 0.3591
vn 0.3369 0.1701 0.9260
vn 0.3045 -0.4547 -0.8370
vn 0.8194 -0.4824 -0.3096
vn 0.2923 -0.9070 -0.3032
vn -0.3045 -0.4547 -0.8370
vn -0.2923 -0.9070 -0.3032
vn -0.8194 -0.4824 -0.3096
vn -0.3045 -0.4547 0.8370
vn -0.8194 -0.4824 0.3096
vn -0.2923 -0.9070 0.3032
vn 0.8194 -0.4824 0.3096
vn 0.3045 -0.4547 0.8370
vn 0.2923 -0.9070 0.3032
vn 0.3986 0.9171 -0.0000
vn 0.9739 0.2271 -0.0000
vn -0.0000 0.2896 -0.9571
vn -0.0000 0.9173 -0.3982
vn -0.9739 0.2271 -0.0000
vn -0.3986 0.9171 -0.0000
vn -0.0000 0.2896 0.9571
vn -0.0000 0.9173 0.3982
vn -0.0000 -0.9300 -0.3675
vn -0.0000 -0.4682 -0.8836
vn 0.8587 -0.5125 -0.0000
vn 0.3514 -0.9362 -0.0000
vn -0.0000 -0.9300 0.3675
vn -0.0000 -0.4682 0.8836
vn -0.3514 -0.9362 -0.0000
vn -0.8587 -0.5125 -0.0000
vn 0.9008 -0.2072 -0.3817
vn 0.3767 -0.1719 -0.9102
vn -0.3767 -0.1719 -0.9102
vn -0.9008 -0.2072 -0.3817
vn -0.9008 -0.2072 0.3817
vn -0.3767 -0.1719 0.9102
vn 0.3767 -0.1719 0.9102
vn 0.9008 -0.2072 0.3817
vn 0.9839 -0.1789 -0.0000
vn -0.0000 1.0000 -0.0000
vn -0.0000 -0.1129 -0.9936
vn -0.9839 -0.1789 -0.0000
vn -0.0000 -0.1129 0.9936
vn -0.0000 -1.0000 -0.0000
s 0
usemtl Hide
f 375//375 378//375 379//375 381//375
f 376//376 380//376 379//376 378//376
f 377//377 381//377 379//377 380//377
f 382//378 385//378 386//378 388//378
f 383//379 387//379 386//379 385//379
f 384//380 388//380 386//380 387//380
f 389//381 392//381 393//381 395//381
f 390//382 394//382 393//382 392//382
f 391//383 395//383 393//383 394//383
f 396//384 399//384 400//384 402//384
f 397//385 401//385 400//385 399//385
f 398//386 402//386 400//386 401//386
f 403//387 406//387 407//387 409//387
f 404//388 408//388 407//388 406//388
f 405//389 409//389 407//389 408//389
f 410//390 413//390 414//390 416//390
f 411//391 415//391 414//391 413//391
f 412//392 416//392 414//392 415//392
f 417//393 420//393 421//393 423//393
f 418//394 422//394 421//394 420//394
f 419//395 423//395 421//395 422//395
f 424//396 427//396 428//396 430//396
f 425//397 429//397 428//397 427//397
f 426//398 430//398 428//398 429//398
f 377//399 397//399 399//399 381//399
f 381//400 399//400 396//400 375//400
f 376//401 382//401 388//401 380//401
f 380//402 388//402 384//402 377//402
f 383//403 389//403 395//403 387//403
f 387//404 395//404 391//404 384//404
f 390//405 398//405 401//405 394//405
f 394//406 401//406 397//406 391//406
f 405//407 411//407 413//407 409//407
f 409//408 413//408 410//408 403//408
f 404//409 424//409 430//409 408//409
f 408//410 430//410 426//410 405//410
f 419//411 426//411 429//411 423//411
f 423//412 429//412 425//412 417//412
f 411//413 419//413 422//413 415//413
f 415//414 422//414 418//414 412//414
f 375//415 404//415 406//415 378//415
f 378//416 406//416 403//416 376//416
f 382//417 410//417 416//417 385//417
f 385//418 416//418 412//418 383//418
f 389//419 418//419 420//419 392//419
f 392//420 420//420 417//420 390//420
f 398//421 425//421 427//421 402//421
f 402//422 427//422 424//422 396//422
f 396//423 424//423 404//423 375//423
f 377//424 384//424 391//424 397//424
f 376//425 403//425 410//425 382//425
f 383//426 412//426 418//426 389//426
f 390//427 417//427 425//427 398//427
f 405//428 426//428 419//428 411//428
o black_nose
v 0.000000 1.026191 1.045000
v 0.074448 1.069326 1.075908
v -0.027240 1.070615 1.092907
v -0.089113 1.070296 1.045000
v -0.028502 1.069254 0.994873
v 0.076584 1.068445 1.013205
v 0.029709 1.132048 1.097250
v -0.078948 1.132529 1.077776
v -0.079447 1.132734 1.012017
v 0.029612 1.131943 0.992921
v 0.090430 1.130143 1.045000
v 0.000000 1.164132 1.045000
vn -0.0131 -0.9998 0.0176
vn 0.6679 -0.4619 0.5835
vn -0.2172 -0.4330 0.8748
vn -0.8556 -0.5175 0.0138
vn -0.2268 -0.4359 -0.8709
vn 0.6884 -0.4611 -0.5599
vn 0.2301 0.4513 0.8622
vn -0.6746 0.4570 0.5797
vn -0.6793 0.4654 -0.5675
vn 0.2300 0.4640 -0.8554
vn 0.8677 0.4971 0.0063
vn 0.0153 0.9999 -0.0001
vt 0.181819 0.000000
vt 0.272728 0.157461
vt 0.090910 0.157461
vt 0.363637 0.000000
vt 0.454546 0.157461
vt 0.909091 0.000000
vt 1.000000 0.157461
vt 0.818182 0.157461
vt 0.727273 0.000000
vt 0.636364 0.157461
vt 0.545455 0.000000
vt 0.363637 0.314921
vt 0.181819 0.314921
vt 0.909091 0.314921
vt 0.727273 0.314921
vt 0.545455 0.314921
vt 0.000000 0.314921
vt 0.272728 0.472382
vt 0.090910 0.472382
vt 0.818182 0.472382
vt 0.636364 0.472382
vt 0.454546 0.472382
s 1
usemtl GnollMane
f 431/696/429 432/697/430 433/698/431
f 432/697/430 431/699/429 436/700/434
f 431/701/429 433/702/431 434/703/432
f 431/704/429 434/703/432 435/705/433
f 431/706/429 435/705/433 436/700/434
f 432/697/430 436/700/434 441/707/439
f 433/698/431 432/697/430 437/708/435
f 434/703/432 433/702/431 438/709/436
f 435/705/433 434/703/432 439/710/437
f 436/700/434 435/705/433 440/711/438
f 432/697/430 441/707/439 437/708/435
f 433/698/431 437/708/435 438/712/436
f 434/703/432 438/709/436 439/710/437
f 435/705/433 439/710/437 440/711/438
f 436/700/434 440/711/438 441/707/439
f 437/708/435 441/707/439 442/713/440
f 438/712/436 437/708/435 442/714/440
f 439/710/437 438/709/436 442/715/440
f 440/711/438 439/710/437 442/716/440
f 441/707/439 440/711/438 442/717/440
o alert_packrunner_ear
v -0.109011 1.247732 0.545000
v -0.160989 1.492268 0.616400
v -0.037007 1.263036 0.587500
v -0.149468 1.494717 0.623200
v -0.037007 1.263036 0.672500
v -0.149468 1.494717 0.636800
v -0.109011 1.247732 0.715000
v -0.160989 1.492268 0.643600
v -0.181015 1.232427 0.672500
v -0.172510 1.489820 0.636800
v -0.181015 1.232427 0.587500
v -0.172510 1.489820 0.623200
vn 0.4248 0.3358 -0.8407
vn 0.8996 0.4367 -0.0000
vn 0.4248 0.3358 0.8407
vn -0.5247 0.1339 0.8407
vn -0.2079 0.9781 -0.0000
vn -0.9995 0.0330 -0.0000
vn -0.5247 0.1339 -0.8407
vn 0.2079 -0.9781 -0.0000
vt 1.000000 0.500000
vt 1.000000 1.000000
vt 0.833333 1.000000
vt 0.833333 0.500000
vt 0.666667 1.000000
vt 0.666667 0.500000
vt 0.500000 1.000000
vt 0.500000 0.500000
vt 0.333333 1.000000
vt 0.333333 0.500000
vt 0.457846 0.370000
vt 0.250000 0.490000
vt 0.042154 0.370000
vt 0.042154 0.130000
vt 0.250000 0.010000
vt 0.457846 0.130000
vt 0.166667 1.000000
vt 0.166667 0.500000
vt -0.000000 1.000000
vt -0.000000 0.500000
vt 0.750000 0.490000
vt 0.957846 0.370000
vt 0.957846 0.130000
vt 0.750000 0.010000
vt 0.542154 0.130000
vt 0.542154 0.370000
s 0
usemtl GnollMane
f 443/718/441 444/719/441 446/720/441 445/721/441
f 445/721/442 446/720/442 448/722/442 447/723/442
f 447/723/443 448/722/443 450/724/443 449/725/443
f 449/725/444 450/724/444 452/726/444 451/727/444
f 446/728/445 444/729/445 454/730/445 452/731/445 450/732/445 448/733/445
f 451/727/446 452/726/446 454/734/446 453/735/446
f 453/735/447 454/734/447 444/736/447 443/737/447
f 443/738/448 445/739/448 447/740/448 449/741/448 451/742/448 453/743/448
o amber_packrunner_eye
v -0.116100 1.234773 0.908788
v -0.116100 1.231177 0.903000
v -0.116100 1.209318 0.891818
v -0.116100 1.200000 0.891000
v -0.116100 1.190683 0.891818
v -0.116100 1.168823 0.903000
v -0.116100 1.165227 0.908788
v -0.113221 1.234773 0.909092
v -0.110538 1.231177 0.903587
v -0.108234 1.225456 0.898860
v -0.106466 1.218000 0.895233
v -0.105354 1.209318 0.892952
v -0.104975 1.200000 0.892175
v -0.105354 1.190683 0.892952
v -0.106466 1.182000 0.895233
v -0.108234 1.174544 0.898860
v -0.110538 1.168823 0.903587
v -0.113221 1.165227 0.909092
v -0.110623 1.234773 0.909975
v -0.105520 1.231177 0.905292
v -0.101137 1.225456 0.901271
v -0.097775 1.218000 0.898185
v -0.095661 1.209318 0.896245
v -0.094940 1.200000 0.895584
v -0.095661 1.190683 0.896245
v -0.097775 1.182000 0.898185
v -0.101137 1.174544 0.901271
v -0.105520 1.168823 0.905292
v -0.110623 1.165227 0.909975
v -0.116100 1.164000 0.915000
v -0.108562 1.234773 0.911349
v -0.101538 1.231177 0.907947
v -0.095506 1.225456 0.905025
v -0.090877 1.218000 0.902783
v -0.087968 1.209318 0.901374
v -0.086975 1.200000 0.900893
v -0.087968 1.190683 0.901374
v -0.090877 1.182000 0.902783
v -0.095506 1.174544 0.905025
v -0.101538 1.168823 0.907947
v -0.108562 1.165227 0.911349
v -0.107239 1.234773 0.913081
v -0.098981 1.231177 0.911292
v -0.091890 1.225456 0.909756
v -0.086449 1.218000 0.908577
v -0.083029 1.209318 0.907836
v -0.081862 1.200000 0.907584
v -0.083029 1.190683 0.907836
v -0.086449 1.182000 0.908577
v -0.091890 1.174544 0.909756
v -0.098981 1.168823 0.911292
v -0.107239 1.165227 0.913081
v -0.106783 1.234773 0.915000
v -0.098100 1.231177 0.915000
v -0.090644 1.225456 0.915000
v -0.084923 1.218000 0.915000
v -0.081327 1.209318 0.915000
v -0.080100 1.200000 0.915000
v -0.081327 1.190683 0.915000
v -0.084923 1.182000 0.915000
v -0.090644 1.174544 0.915000
v -0.098100 1.168823 0.915000
v -0.106783 1.165227 0.915000
v -0.107239 1.234773 0.916920
v -0.098981 1.231177 0.918708
v -0.091890 1.225456 0.920244
v -0.086449 1.218000 0.921423
v -0.083029 1.209318 0.922164
v -0.081862 1.200000 0.922416
v -0.083029 1.190683 0.922164
v -0.086449 1.182000 0.921423
v -0.091890 1.174544 0.920244
v -0.098981 1.168823 0.918708
v -0.107239 1.165227 0.916920
v -0.108562 1.234773 0.918651
v -0.101538 1.231177 0.922053
v -0.095506 1.225456 0.924975
v -0.090877 1.218000 0.927217
v -0.087968 1.209318 0.928626
v -0.086975 1.200000 0.929107
v -0.087968 1.190683 0.928626
v -0.090877 1.182000 0.927217
v -0.095506 1.174544 0.924975
v -0.101538 1.168823 0.922053
v -0.108562 1.165227 0.918651
v -0.110623 1.234773 0.920025
v -0.105520 1.231177 0.924708
v -0.101137 1.225456 0.928729
v -0.097775 1.218000 0.931815
v -0.095661 1.209318 0.933755
v -0.094940 1.200000 0.934416
v -0.095661 1.190683 0.933755
v -0.097775 1.182000 0.931815
v -0.101137 1.174544 0.928729
v -0.105520 1.168823 0.924708
v -0.110623 1.165227 0.920025
v -0.113221 1.234773 0.920908
v -0.110538 1.231177 0.926413
v -0.108234 1.225456 0.931140
v -0.106466 1.218000 0.934767
v -0.105354 1.209318 0.937048
v -0.104975 1.200000 0.937825
v -0.105354 1.190683 0.937048
v -0.106466 1.182000 0.934767
v -0.108234 1.174544 0.931140
v -0.110538 1.168823 0.926413
v -0.113221 1.165227 0.920908
v -0.116100 1.236000 0.915000
v -0.116100 1.234773 0.921212
v -0.116100 1.231177 0.927000
v -0.116100 1.225456 0.931971
v -0.116100 1.218000 0.935785
v -0.116100 1.209318 0.938182
v -0.116100 1.200000 0.939000
v -0.116100 1.190683 0.938182
v -0.116100 1.182000 0.935785
v -0.116100 1.174544 0.931971
v -0.116100 1.168823 0.927000
v -0.116100 1.165227 0.921212
v -0.118979 1.234773 0.920908
v -0.121662 1.231177 0.926413
v -0.123966 1.225456 0.931140
v -0.125734 1.218000 0.934767
v -0.126846 1.209318 0.937048
v -0.127225 1.200000 0.937825
v -0.126846 1.190683 0.937048
v -0.125734 1.182000 0.934767
v -0.123966 1.174544 0.931140
v -0.121662 1.168823 0.926413
v -0.118979 1.165227 0.920908
v -0.121577 1.234773 0.920025
v -0.126680 1.231177 0.924708
v -0.131063 1.225456 0.928729
v -0.134425 1.218000 0.931815
v -0.136539 1.209318 0.933755
v -0.137260 1.200000 0.934416
v -0.136539 1.190683 0.933755
v -0.134425 1.182000 0.931815
v -0.131063 1.174544 0.928729
v -0.126680 1.168823 0.924708
v -0.121577 1.165227 0.920025
v -0.123638 1.234773 0.918651
v -0.130662 1.231177 0.922053
v -0.136694 1.225456 0.924975
v -0.141323 1.218000 0.927217
v -0.144232 1.209318 0.928626
v -0.145225 1.200000 0.929107
v -0.144232 1.190683 0.928626
v -0.141323 1.182000 0.927217
v -0.136694 1.174544 0.924975
v -0.130662 1.168823 0.922053
v -0.123638 1.165227 0.918651
v -0.124961 1.234773 0.916920
v -0.133219 1.231177 0.918708
v -0.140310 1.225456 0.920244
v -0.145751 1.218000 0.921423
v -0.149171 1.209318 0.922164
v -0.150338 1.200000 0.922416
v -0.149171 1.190683 0.922164
v -0.145751 1.182000 0.921423
v -0.140310 1.174544 0.920244
v -0.133219 1.168823 0.918708
v -0.124961 1.165227 0.916920
v -0.125417 1.234773 0.915000
v -0.134100 1.231177 0.915000
v -0.141556 1.225456 0.915000
v -0.147277 1.218000 0.915000
v -0.150873 1.209318 0.915000
v -0.152100 1.200000 0.915000
v -0.150873 1.190683 0.915000
v -0.147277 1.182000 0.915000
v -0.141556 1.174544 0.915000
v -0.134100 1.168823 0.915000
v -0.125417 1.165227 0.915000
v -0.124961 1.234773 0.913081
v -0.133219 1.231177 0.911292
v -0.140310 1.225456 0.909756
v -0.145751 1.218000 0.908577
v -0.149171 1.209318 0.907836
v -0.150338 1.200000 0.907584
v -0.149171 1.190683 0.907836
v -0.145751 1.182000 0.908577
v -0.140310 1.174544 0.909756
v -0.133219 1.168823 0.911292
v -0.124961 1.165227 0.913081
v -0.123638 1.234773 0.911349
v -0.130662 1.231177 0.907947
v -0.136694 1.225456 0.905025
v -0.141323 1.218000 0.902783
v -0.144232 1.209318 0.901374
v -0.145225 1.200000 0.900893
v -0.144232 1.190683 0.901374
v -0.141323 1.182000 0.902783
v -0.136694 1.174544 0.905025
v -0.130662 1.168823 0.907947
v -0.123638 1.165227 0.911349
v -0.121577 1.234773 0.909975
v -0.126680 1.231177 0.905292
v -0.131063 1.225456 0.901271
v -0.134425 1.218000 0.898185
v -0.136539 1.209318 0.896245
v -0.137260 1.200000 0.895584
v -0.136539 1.190683 0.896245
v -0.134425 1.182000 0.898185
v -0.131063 1.174544 0.901271
v -0.126680 1.168823 0.905292
v -0.121577 1.165227 0.909975
v -0.118979 1.234773 0.909092
v -0.121662 1.231177 0.903587
v -0.123966 1.225456 0.898860
v -0.125734 1.218000 0.895233
v -0.126846 1.209318 0.892952
v -0.127225 1.200000 0.892175
v -0.126846 1.190683 0.892952
v -0.125734 1.182000 0.895233
v -0.123966 1.174544 0.898860
v -0.121662 1.168823 0.903587
v -0.118979 1.165227 0.909092
v -0.116100 1.225456 0.898029
v -0.116100 1.218000 0.894215
v -0.116100 1.182000 0.894215
v -0.116100 1.174544 0.898029
vn -0.0000 0.9262 -0.3770
vn -0.0000 0.7562 -0.6543
vn -0.0000 0.1765 -0.9843
vn -0.0000 -0.0000 -1.0000
vn -0.0000 -0.1765 -0.9843
vn -0.0000 -0.7562 -0.6543
vn -0.0000 -0.9262 -0.3770
vn 0.0763 0.9291 -0.3618
vn 0.1369 0.7644 -0.6300
vn 0.1769 0.5663 -0.8050
vn 0.2004 0.3691 -0.9075
vn 0.2124 0.1813 -0.9602
vn 0.2161 -0.0000 -0.9764
vn 0.2124 -0.1813 -0.9602
vn 0.2004 -0.3691 -0.9075
vn 0.1769 -0.5663 -0.8050
vn 0.1369 -0.7644 -0.6300
vn 0.0763 -0.9291 -0.3618
vn 0.1489 0.9371 -0.3157
vn 0.2693 0.7871 -0.5550
vn 0.3542 0.5958 -0.7208
vn 0.4073 0.3947 -0.8236
vn 0.4358 0.1957 -0.8785
vn 0.4447 -0.0000 -0.8957
vn 0.4358 -0.1957 -0.8785
vn 0.4073 -0.3947 -0.8236
vn 0.3542 -0.5958 -0.7208
vn 0.2693 -0.7871 -0.5550
vn 0.1489 -0.9371 -0.3157
vn -0.0000 -1.0000 -0.0000
vn 0.2125 0.9478 -0.2379
vn 0.3891 0.8180 -0.4237
vn 0.5246 0.6386 -0.5631
vn 0.6170 0.4338 -0.6566
vn 0.6699 0.2186 -0.7095
vn 0.6871 -0.0000 -0.7266
vn 0.6699 -0.2186 -0.7095
vn 0.6170 -0.4338 -0.6566
vn 0.5246 -0.6386 -0.5631
vn 0.3891 -0.8180 -0.4237
vn 0.2125 -0.9478 -0.2379
vn 0.2589 0.9571 -0.1298
vn 0.4792 0.8460 -0.2336
vn 0.6613 0.6798 -0.3171
vn 0.7957 0.4739 -0.3773
vn 0.8776 0.2430 -0.4132
vn 0.9051 -0.0000 -0.4252
vn 0.8776 -0.2430 -0.4132
vn 0.7957 -0.4739 -0.3773
vn 0.6613 -0.6798 -0.3171
vn 0.4792 -0.8460 -0.2336
vn 0.2589 -0.9571 -0.1298
vn 0.2767 0.9610 -0.0000
vn 0.5142 0.8577 -0.0000
vn 0.7165 0.6976 -0.0000
vn 0.8707 0.4918 -0.0000
vn 0.9672 0.2541 -0.0000
vn 1.0000 -0.0000 -0.0000
vn 0.9672 -0.2541 -0.0000
vn 0.8707 -0.4918 -0.0000
vn 0.7165 -0.6976 -0.0000
vn 0.5142 -0.8577 -0.0000
vn 0.2767 -0.9610 -0.0000
vn 0.2589 0.9571 0.1298
vn 0.4792 0.8460 0.2336
vn 0.6613 0.6798 0.3171
vn 0.7957 0.4739 0.3773
vn 0.8776 0.2430 0.4132
vn 0.9051 -0.0000 0.4252
vn 0.8776 -0.2430 0.4132
vn 0.7957 -0.4739 0.3773
vn 0.6613 -0.6798 0.3171
vn 0.4792 -0.8460 0.2336
vn 0.2589 -0.9571 0.1298
vn 0.2125 0.9478 0.2379
vn 0.3891 0.8180 0.4237
vn 0.5246 0.6386 0.5631
vn 0.6170 0.4338 0.6566
vn 0.6699 0.2186 0.7095
vn 0.6871 -0.0000 0.7266
vn 0.6699 -0.2186 0.7095
vn 0.6170 -0.4338 0.6566
vn 0.5246 -0.6386 0.5631
vn 0.3891 -0.8180 0.4237
vn 0.2125 -0.9478 0.2379
vn 0.1489 0.9371 0.3157
vn 0.2693 0.7871 0.5550
vn 0.3542 0.5958 0.7208
vn 0.4073 0.3947 0.8236
vn 0.4358 0.1957 0.8785
vn 0.4447 -0.0000 0.8957
vn 0.4358 -0.1957 0.8785
vn 0.4073 -0.3947 0.8236
vn 0.3542 -0.5958 0.7208
vn 0.2693 -0.7871 0.5550
vn 0.1489 -0.9371 0.3157
vn 0.0763 0.9291 0.3618
vn 0.1369 0.7644 0.6300
vn 0.1769 0.5663 0.8050
vn 0.2004 0.3691 0.9075
vn 0.2124 0.1813 0.9602
vn 0.2161 -0.0000 0.9764
vn 0.2124 -0.1813 0.9602
vn 0.2004 -0.3691 0.9075
vn 0.1769 -0.5663 0.8050
vn 0.1369 -0.7644 0.6300
vn 0.0763 -0.9291 0.3618
vn -0.0000 1.0000 -0.0000
vn -0.0000 0.9262 0.3770
vn -0.0000 0.7562 0.6543
vn -0.0000 0.5560 0.8312
vn -0.0000 0.3604 0.9328
vn -0.0000 0.1765 0.9843
vn -0.0000 -0.0000 1.0000
vn -0.0000 -0.1765 0.9843
vn -0.0000 -0.3604 0.9328
vn -0.0000 -0.5560 0.8312
vn -0.0000 -0.7562 0.6543
vn -0.0000 -0.9262 0.3770
vn -0.0763 0.9291 0.3618
vn -0.1369 0.7644 0.6300
vn -0.1769 0.5663 0.8050
vn -0.2004 0.3691 0.9075
vn -0.2124 0.1813 0.9602
vn -0.2161 -0.0000 0.9764
vn -0.2124 -0.1813 0.9602
vn -0.2004 -0.3691 0.9075
vn -0.1769 -0.5663 0.8050
vn -0.1369 -0.7644 0.6300
vn -0.0763 -0.9291 0.3618
vn -0.1489 0.9371 0.3157
vn -0.2693 0.7871 0.5550
vn -0.3542 0.5958 0.7208
vn -0.4073 0.3947 0.8236
vn -0.4358 0.1957 0.8785
vn -0.4447 -0.0000 0.8957
vn -0.4358 -0.1957 0.8785
vn -0.4073 -0.3947 0.8236
vn -0.3542 -0.5958 0.7208
vn -0.2693 -0.7871 0.5550
vn -0.1489 -0.9371 0.3157
vn -0.2125 0.9478 0.2379
vn -0.3891 0.8180 0.4237
vn -0.5246 0.6386 0.5631
vn -0.6170 0.4338 0.6566
vn -0.6699 0.2186 0.7095
vn -0.6871 -0.0000 0.7266
vn -0.6699 -0.2186 0.7095
vn -0.6170 -0.4338 0.6566
vn -0.5246 -0.6386 0.5631
vn -0.3891 -0.8180 0.4237
vn -0.2125 -0.9478 0.2379
vn -0.2589 0.9571 0.1298
vn -0.4792 0.8460 0.2336
vn -0.6613 0.6798 0.3171
vn -0.7957 0.4739 0.3773
vn -0.8776 0.2430 0.4132
vn -0.9051 -0.0000 0.4252
vn -0.8776 -0.2430 0.4132
vn -0.7957 -0.4739 0.3773
vn -0.6613 -0.6798 0.3171
vn -0.4792 -0.8460 0.2336
vn -0.2589 -0.9571 0.1298
vn -0.2767 0.9610 -0.0000
vn -0.5142 0.8577 -0.0000
vn -0.7165 0.6976 -0.0000
vn -0.8707 0.4918 -0.0000
vn -0.9672 0.2541 -0.0000
vn -1.0000 -0.0000 -0.0000
vn -0.9672 -0.2541 -0.0000
vn -0.8707 -0.4918 -0.0000
vn -0.7165 -0.6976 -0.0000
vn -0.5142 -0.8577 -0.0000
vn -0.2767 -0.9610 -0.0000
vn -0.2589 0.9571 -0.1298
vn -0.4792 0.8460 -0.2336
vn -0.6613 0.6798 -0.3171
vn -0.7957 0.4739 -0.3773
vn -0.8776 0.2430 -0.4132
vn -0.9051 -0.0000 -0.4252
vn -0.8776 -0.2430 -0.4132
vn -0.7957 -0.4739 -0.3773
vn -0.6613 -0.6798 -0.3171
vn -0.4792 -0.8460 -0.2336
vn -0.2589 -0.9571 -0.1298
vn -0.2125 0.9478 -0.2379
vn -0.3891 0.8180 -0.4237
vn -0.5246 0.6386 -0.5631
vn -0.6170 0.4338 -0.6566
vn -0.6699 0.2186 -0.7095
vn -0.6871 -0.0000 -0.7266
vn -0.6699 -0.2186 -0.7095
vn -0.6170 -0.4338 -0.6566
vn -0.5246 -0.6386 -0.5631
vn -0.3891 -0.8180 -0.4237
vn -0.2125 -0.9478 -0.2379
vn -0.1489 0.9371 -0.3157
vn -0.2693 0.7871 -0.5550
vn -0.3542 0.5958 -0.7208
vn -0.4073 0.3947 -0.8236
vn -0.4358 0.1957 -0.8785
vn -0.4447 -0.0000 -0.8957
vn -0.4358 -0.1957 -0.8785
vn -0.4073 -0.3947 -0.8236
vn -0.3542 -0.5958 -0.7208
vn -0.2693 -0.7871 -0.5550
vn -0.1489 -0.9371 -0.3157
vn -0.0763 0.9291 -0.3618
vn -0.1369 0.7644 -0.6300
vn -0.1769 0.5663 -0.8050
vn -0.2004 0.3691 -0.9075
vn -0.2124 0.1813 -0.9602
vn -0.2161 -0.0000 -0.9764
vn -0.2124 -0.1813 -0.9602
vn -0.2004 -0.3691 -0.9075
vn -0.1769 -0.5663 -0.8050
vn -0.1369 -0.7644 -0.6300
vn -0.0763 -0.9291 -0.3618
vn -0.0000 0.5560 -0.8312
vn -0.0000 0.3604 -0.9328
vn -0.0000 -0.3604 -0.9328
vn -0.0000 -0.5560 -0.8312
vt 0.725000 0.000000
vt 0.750000 0.083333
vt 0.700000 0.083333
vt 0.750000 0.833333
vt 0.750000 0.916667
vt 0.700000 0.916667
vt 0.700000 0.833333
vt 0.750000 0.250000
vt 0.750000 0.333333
vt 0.700000 0.333333
vt 0.700000 0.250000
vt 0.750000 0.500000
vt 0.750000 0.583333
vt 0.700000 0.583333
vt 0.700000 0.500000
vt 0.750000 0.750000
vt 0.700000 0.750000
vt 0.750000 0.166667
vt 0.700000 0.166667
vt 0.750000 0.416667
vt 0.700000 0.416667
vt 0.750000 0.666667
vt 0.700000 0.666667
vt 0.725000 1.000000
vt 0.650000 0.500000
vt 0.650000 0.416667
vt 0.650000 0.750000
vt 0.650000 0.666667
vt 0.650000 0.166667
vt 0.650000 0.083333
vt 0.675000 1.000000
vt 0.650000 0.916667
vt 0.650000 0.333333
vt 0.650000 0.583333
vt 0.675000 0.000000
vt 0.650000 0.833333
vt 0.650000 0.250000
vt 0.600000 0.333333
vt 0.600000 0.250000
vt 0.600000 0.583333
vt 0.600000 0.500000
vt 0.600000 0.833333
vt 0.600000 0.750000
vt 0.600000 0.166667
vt 0.600000 0.416667
vt 0.600000 0.666667
vt 0.600000 0.083333
vt 0.625000 1.000000
vt 0.600000 0.916667
vt 0.625000 0.000000
vt 0.575000 1.000000
vt 0.550000 0.916667
vt 0.550000 0.416667
vt 0.550000 0.333333
vt 0.550000 0.666667
vt 0.550000 0.583333
vt 0.575000 0.000000
vt 0.550000 0.083333
vt 0.550000 0.833333
vt 0.550000 0.250000
vt 0.550000 0.500000
vt 0.550000 0.750000
vt 0.550000 0.166667
vt 0.500000 0.250000
vt 0.500000 0.166667
vt 0.500000 0.500000
vt 0.500000 0.416667
vt 0.500000 0.750000
vt 0.500000 0.666667
vt 0.500000 0.083333
vt 0.525000 1.000000
vt 0.500000 0.916667
vt 0.500000 0.333333
vt 0.500000 0.583333
vt 0.525000 0.000000
vt 0.500000 0.833333
vt 0.450000 0.916667
vt 0.450000 0.833333
vt 0.450000 0.333333
vt 0.450000 0.250000
vt 0.450000 0.583333
vt 0.450000 0.500000
vt 0.450000 0.750000
vt 0.450000 0.166667
vt 0.450000 0.416667
vt 0.450000 0.666667
vt 0.450000 0.083333
vt 0.475000 1.000000
vt 0.475000 0.000000
vt 0.400000 0.166667
vt 0.400000 0.083333
vt 0.425000 1.000000
vt 0.400000 0.916667
vt 0.400000 0.416667
vt 0.400000 0.333333
vt 0.400000 0.666667
vt 0.400000 0.583333
vt 0.425000 0.000000
vt 0.400000 0.833333
vt 0.400000 0.250000
vt 0.400000 0.500000
vt 0.400000 0.750000
vt 0.350000 0.833333
vt 0.350000 0.750000
vt 0.350000 0.250000
vt 0.350000 0.166667
vt 0.350000 0.500000
vt 0.350000 0.416667
vt 0.350000 0.666667
vt 0.350000 0.083333
vt 0.375000 1.000000
vt 0.350000 0.916667
vt 0.350000 0.333333
vt 0.350000 0.583333
vt 0.375000 0.000000
vt 0.325000 0.000000
vt 0.300000 0.083333
vt 0.300000 0.916667
vt 0.300000 0.833333
vt 0.300000 0.333333
vt 0.300000 0.250000
vt 0.300000 0.583333
vt 0.300000 0.500000
vt 0.300000 0.750000
vt 0.300000 0.166667
vt 0.300000 0.416667
vt 0.300000 0.666667
vt 0.325000 1.000000
vt 0.250000 0.750000
vt 0.250000 0.666667
vt 0.250000 0.166667
vt 0.250000 0.083333
vt 0.275000 1.000000
vt 0.250000 0.916667
vt 0.250000 0.416667
vt 0.250000 0.333333
vt 0.250000 0.583333
vt 0.275000 0.000000
vt 0.250000 0.833333
vt 0.250000 0.250000
vt 0.250000 0.500000
vt 0.200000 0.833333
vt 0.200000 0.750000
vt 0.200000 0.250000
vt 0.200000 0.166667
vt 0.200000 0.500000
vt 0.200000 0.416667
vt 0.200000 0.666667
vt 0.200000 0.083333
vt 0.225000 1.000000
vt 0.200000 0.916667
vt 0.200000 0.333333
vt 0.200000 0.583333
vt 0.225000 0.000000
vt 0.150000 0.666667
vt 0.150000 0.583333
vt 0.175000 0.000000
vt 0.150000 0.083333
vt 0.150000 0.916667
vt 0.150000 0.833333
vt 0.150000 0.333333
vt 0.150000 0.250000
vt 0.150000 0.500000
vt 0.150000 0.750000
vt 0.150000 0.166667
vt 0.150000 0.416667
vt 0.175000 1.000000
vt 0.100000 0.750000
vt 0.100000 0.666667
vt 0.100000 0.166667
vt 0.100000 0.083333
vt 0.125000 1.000000
vt 0.100000 0.916667
vt 0.100000 0.416667
vt 0.100000 0.333333
vt 0.100000 0.583333
vt 0.125000 0.000000
vt 0.100000 0.833333
vt 0.100000 0.250000
vt 0.100000 0.500000
vt 0.050000 0.583333
vt 0.050000 0.500000
vt 0.050000 0.833333
vt 0.050000 0.750000
vt 0.050000 0.250000
vt 0.050000 0.166667
vt 0.050000 0.416667
vt 0.050000 0.666667
vt 0.050000 0.083333
vt 0.075000 1.000000
vt 0.050000 0.916667
vt 0.050000 0.333333
vt 0.075000 0.000000
vt 0.000000 0.666667
vt 0.000000 0.583333
vt 0.025000 0.000000
vt 0.000000 0.083333
vt 0.000000 0.916667
vt 0.000000 0.833333
vt 0.000000 0.333333
vt 0.000000 0.250000
vt 0.000000 0.500000
vt 0.000000 0.750000
vt 0.000000 0.166667
vt 0.000000 0.416667
vt 0.025000 1.000000
vt 1.000000 0.416667
vt 1.000000 0.500000
vt 0.950000 0.500000
vt 0.950000 0.416667
vt 1.000000 0.666667
vt 1.000000 0.750000
vt 0.950000 0.750000
vt 0.950000 0.666667
vt 1.000000 0.083333
vt 1.000000 0.166667
vt 0.950000 0.166667
vt 0.950000 0.083333
vt 1.000000 0.916667
vt 0.975000 1.000000
vt 0.950000 0.916667
vt 1.000000 0.333333
vt 0.950000 0.333333
vt 1.000000 0.583333
vt 0.950000 0.583333
vt 0.975000 0.000000
vt 1.000000 0.833333
vt 0.950000 0.833333
vt 1.000000 0.250000
vt 0.950000 0.250000
vt 0.900000 0.583333
vt 0.900000 0.500000
vt 0.900000 0.833333
vt 0.900000 0.750000
vt 0.900000 0.250000
vt 0.900000 0.166667
vt 0.900000 0.416667
vt 0.900000 0.666667
vt 0.900000 0.083333
vt 0.925000 1.000000
vt 0.900000 0.916667
vt 0.900000 0.333333
vt 0.925000 0.000000
vt 0.850000 0.416667
vt 0.850000 0.333333
vt 0.850000 0.666667
vt 0.850000 0.583333
vt 0.875000 0.000000
vt 0.850000 0.083333
vt 0.850000 0.916667
vt 0.850000 0.833333
vt 0.850000 0.250000
vt 0.850000 0.500000
vt 0.850000 0.750000
vt 0.850000 0.166667
vt 0.875000 1.000000
vt 0.800000 0.500000
vt 0.800000 0.416667
vt 0.800000 0.750000
vt 0.800000 0.666667
vt 0.800000 0.166667
vt 0.800000 0.083333
vt 0.825000 1.000000
vt 0.800000 0.916667
vt 0.800000 0.333333
vt 0.800000 0.583333
vt 0.825000 0.000000
vt 0.800000 0.833333
vt 0.800000 0.250000
vt 0.775000 1.000000
vt 0.775000 0.000000
s 1
usemtl RunicAmber
f 484/744/478 461/745/455 472/746/466
f 456/747/450 455/748/449 462/749/456 463/750/457
f 676/751/670 675/752/669 469/753/463 470/754/464
f 458/755/452 457/756/451 466/757/460 467/758/461
f 673/759/667 456/747/450 463/750/457 464/760/458
f 460/761/454 676/751/670 470/754/464 471/762/465
f 459/763/453 458/755/452 467/758/461 468/764/462
f 674/765/668 673/759/667 464/760/458 465/766/459
f 461/745/455 460/761/454 471/762/465 472/746/466
f 455/748/449 562/767/556 462/749/456
f 675/752/669 459/763/453 468/764/462 469/753/463
f 457/756/451 674/765/668 465/766/459 466/757/460
f 468/764/462 467/758/461 478/768/472 479/769/473
f 465/766/459 464/760/458 475/770/469 476/771/470
f 472/746/466 471/762/465 482/772/476 483/773/477
f 462/749/456 562/774/556 473/775/467
f 469/753/463 468/764/462 479/769/473 480/776/474
f 466/757/460 465/766/459 476/771/470 477/777/471
f 484/778/478 472/746/466 483/773/477
f 463/750/457 462/749/456 473/775/467 474/779/468
f 470/754/464 469/753/463 480/776/474 481/780/475
f 467/758/461 466/757/460 477/777/471 478/768/472
f 464/760/458 463/750/457 474/779/468 475/770/469
f 471/762/465 470/754/464 481/780/475 482/772/476
f 481/780/475 480/776/474 492/781/486 493/782/487
f 478/768/472 477/777/471 489/783/483 490/784/484
f 475/770/469 474/779/468 486/785/480 487/786/481
f 482/772/476 481/780/475 493/782/487 494/787/488
f 479/769/473 478/768/472 490/784/484 491/788/485
f 476/771/470 475/770/469 487/786/481 488/789/482
f 483/773/477 482/772/476 494/787/488 495/790/489
f 473/775/467 562/791/556 485/792/479
f 480/776/474 479/769/473 491/788/485 492/781/486
f 477/777/471 476/771/470 488/789/482 489/783/483
f 484/793/478 483/773/477 495/790/489
f 474/779/468 473/775/467 485/792/479 486/785/480
f 485/792/479 562/794/556 496/795/490
f 492/781/486 491/788/485 502/796/496 503/797/497
f 489/783/483 488/789/482 499/798/493 500/799/494
f 484/800/478 495/790/489 506/801/500
f 486/785/480 485/792/479 496/795/490 497/802/491
f 493/782/487 492/781/486 503/797/497 504/803/498
f 490/784/484 489/783/483 500/799/494 501/804/495
f 487/786/481 486/785/480 497/802/491 498/805/492
f 494/787/488 493/782/487 504/803/498 505/806/499
f 491/788/485 490/784/484 501/804/495 502/796/496
f 488/789/482 487/786/481 498/805/492 499/798/493
f 495/790/489 494/787/488 505/806/499 506/801/500
f 505/806/499 504/803/498 515/807/509 516/808/510
f 502/796/496 501/804/495 512/809/506 513/810/507
f 499/798/493 498/805/492 509/811/503 510/812/504
f 506/801/500 505/806/499 516/808/510 517/813/511
f 496/795/490 562/814/556 507/815/501
f 503/797/497 502/796/496 513/810/507 514/816/508
f 500/799/494 499/798/493 510/812/504 511/817/505
f 484/818/478 506/801/500 517/813/511
f 497/802/491 496/795/490 507/815/501 508/819/502
f 504/803/498 503/797/497 514/816/508 515/807/509
f 501/804/495 500/799/494 511/817/505 512/809/506
f 498/805/492 497/802/491 508/819/502 509/811/503
f 508/819/502 507/815/501 518/820/512 519/821/513
f 515/807/509 514/816/508 525/822/519 526/823/520
f 512/809/506 511/817/505 522/824/516 523/825/517
f 509/811/503 508/819/502 519/821/513 520/826/514
f 516/808/510 515/807/509 526/823/520 527/827/521
f 513/810/507 512/809/506 523/825/517 524/828/518
f 510/812/504 509/811/503 520/826/514 521/829/515
f 517/813/511 516/808/510 527/827/521 528/830/522
f 507/815/501 562/831/556 518/820/512
f 514/816/508 513/810/507 524/828/518 525/822/519
f 511/817/505 510/812/504 521/829/515 522/824/516
f 484/832/478 517/813/511 528/830/522
f 528/830/522 527/827/521 538/833/532 539/834/533
f 518/820/512 562/835/556 529/836/523
f 525/822/519 524/828/518 535/837/529 536/838/530
f 522/824/516 521/829/515 532/839/526 533/840/527
f 484/841/478 528/830/522 539/834/533
f 519/821/513 518/820/512 529/836/523 530/842/524
f 526/823/520 525/822/519 536/838/530 537/843/531
f 523/825/517 522/824/516 533/840/527 534/844/528
f 520/826/514 519/821/513 530/842/524 531/845/525
f 527/827/521 526/823/520 537/843/531 538/833/532
f 524/828/518 523/825/517 534/844/528 535/837/529
f 521/829/515 520/826/514 531/845/525 532/839/526
f 531/845/525 530/842/524 541/846/535 542/847/536
f 538/833/532 537/843/531 548/848/542 549/849/543
f 535/837/529 534/844/528 545/850/539 546/851/540
f 532/839/526 531/845/525 542/847/536 543/852/537
f 539/834/533 538/833/532 549/849/543 550/853/544
f 529/836/523 562/854/556 540/855/534
f 536/838/530 535/837/529 546/851/540 547/856/541
f 533/840/527 532/839/526 543/852/537 544/857/538
f 484/858/478 539/834/533 550/853/544
f 530/842/524 529/836/523 540/855/534 541/846/535
f 537/843/531 536/838/530 547/856/541 548/848/542
f 534/844/528 533/840/527 544/857/538 545/850/539
f 484/859/478 550/853/544 561/860/555
f 541/846/535 540/855/534 551/861/545 552/862/546
f 548/848/542 547/856/541 558/863/552 559/864/553
f 545/850/539 544/857/538 555/865/549 556/866/550
f 542/847/536 541/846/535 552/862/546 553/867/547
f 549/849/543 548/848/542 559/864/553 560/868/554
f 546/851/540 545/850/539 556/866/550 557/869/551
f 543/852/537 542/847/536 553/867/547 554/870/548
f 550/853/544 549/849/543 560/868/554 561/860/555
f 540/855/534 562/871/556 551/861/545
f 547/856/541 546/851/540 557/869/551 558/863/552
f 544/857/538 543/852/537 554/870/548 555/865/549
f 554/870/548 553/867/547 565/872/559 566/873/560
f 561/860/555 560/868/554 572/874/566 573/875/567
f 551/861/545 562/876/556 563/877/557
f 558/863/552 557/869/551 569/878/563 570/879/564
f 555/865/549 554/870/548 566/873/560 567/880/561
f 484/881/478 561/860/555 573/875/567
f 552/862/546 551/861/545 563/877/557 564/882/558
f 559/864/553 558/863/552 570/879/564 571/883/565
f 556/866/550 555/865/549 567/880/561 568/884/562
f 553/867/547 552/862/546 564/882/558 565/872/559
f 560/868/554 559/864/553 571/883/565 572/874/566
f 557/869/551 556/866/550 568/884/562 569/878/563
f 565/872/559 564/882/558 575/885/569 576/886/570
f 572/874/566 571/883/565 582/887/576 583/888/577
f 569/878/563 568/884/562 579/889/573 580/890/574
f 566/873/560 565/872/559 576/886/570 577/891/571
f 573/875/567 572/874/566 583/888/577 584/892/578
f 563/877/557 562/893/556 574/894/568
f 570/879/564 569/878/563 580/890/574 581/895/575
f 567/880/561 566/873/560 577/891/571 578/896/572
f 484/897/478 573/875/567 584/892/578
f 564/882/558 563/877/557 574/894/568 575/885/569
f 571/883/565 570/879/564 581/895/575 582/887/576
f 568/884/562 567/880/561 578/896/572 579/889/573
f 578/896/572 577/891/571 588/898/582 589/899/583
f 484/900/478 584/892/578 595/901/589
f 575/885/569 574/894/568 585/902/579 586/903/580
f 582/887/576 581/895/575 592/904/586 593/905/587
f 579/889/573 578/896/572 589/899/583 590/906/584
f 576/886/570 575/885/569 586/903/580 587/907/581
f 583/888/577 582/887/576 593/905/587 594/908/588
f 580/890/574 579/889/573 590/906/584 591/909/585
f 577/891/571 576/886/570 587/907/581 588/898/582
f 584/892/578 583/888/577 594/908/588 595/901/589
f 574/894/568 562/910/556 585/902/579
f 581/895/575 580/890/574 591/909/585 592/904/586
f 588/898/582 587/907/581 598/911/592 599/912/593
f 595/901/589 594/908/588 605/913/599 606/914/600
f 585/902/579 562/915/556 596/916/590
f 592/904/586 591/909/585 602/917/596 603/918/597
f 589/899/583 588/898/582 599/912/593 600/919/594
f 484/920/478 595/901/589 606/914/600
f 586/903/580 585/902/579 596/916/590 597/921/591
f 593/905/587 592/904/586 603/918/597 604/922/598
f 590/906/584 589/899/583 600/919/594 601/923/595
f 587/907/581 586/903/580 597/921/591 598/911/592
f 594/908/588 593/905/587 604/922/598 605/913/599
f 591/909/585 590/906/584 601/923/595 602/917/596
f 601/923/595 600/919/594 611/924/605 612/925/606
f 598/911/592 597/921/591 608/926/602 609/927/603
f 605/913/599 604/922/598 615/928/609 616/929/610
f 602/917/596 601/923/595 612/925/606 613/930/607
f 599/912/593 598/911/592 609/927/603 610/931/604
f 606/914/600 605/913/599 616/929/610 617/932/611
f 596/916/590 562/933/556 607/934/601
f 603/918/597 602/917/596 613/930/607 614/935/608
f 600/919/594 599/912/593 610/931/604 611/924/605
f 484/936/478 606/914/600 617/932/611
f 597/921/591 596/916/590 607/934/601 608/926/602
f 604/922/598 603/918/597 614/935/608 615/928/609
f 611/924/605 610/931/604 621/937/615 622/938/616
f 484/939/478 617/932/611 628/940/622
f 608/926/602 607/934/601 618/941/612 619/942/613
f 615/928/609 614/935/608 625/943/619 626/944/620
f 612/925/606 611/924/605 622/938/616 623/945/617
f 609/927/603 608/926/602 619/942/613 620/946/614
f 616/929/610 615/928/609 626/944/620 627/947/621
f 613/930/607 612/925/606 623/945/617 624/948/618
f 610/931/604 609/927/603 620/946/614 621/937/615
f 617/932/611 616/929/610 627/947/621 628/940/622
f 607/934/601 562/949/556 618/941/612
f 614/935/608 613/930/607 624/948/618 625/943/619
f 624/950/618 623/951/617 634/952/628 635/953/629
f 621/954/615 620/955/614 631/956/625 632/957/626
f 628/958/622 627/959/621 638/960/632 639/961/633
f 618/962/612 562/963/556 629/964/623
f 625/965/619 624/950/618 635/953/629 636/966/630
f 622/967/616 621/954/615 632/957/626 633/968/627
f 484/969/478 628/958/622 639/961/633
f 619/970/613 618/962/612 629/964/623 630/971/624
f 626/972/620 625/965/619 636/966/630 637/973/631
f 623/951/617 622/967/616 633/968/627 634/952/628
f 620/955/614 619/970/613 630/971/624 631/956/625
f 627/959/621 626/972/620 637/973/631 638/960/632
f 634/952/628 633/968/627 644/974/638 645/975/639
f 631/956/625 630/971/624 641/976/635 642/977/636
f 638/960/632 637/973/631 648/978/642 649/979/643
f 635/953/629 634/952/628 645/975/639 646/980/640
f 632/957/626 631/956/625 642/977/636 643/981/637
f 639/961/633 638/960/632 649/979/643 650/982/644
f 629/964/623 562/983/556 640/984/634
f 636/966/630 635/953/629 646/980/640 647/985/641
f 633/968/627 632/957/626 643/981/637 644/974/638
f 484/986/478 639/961/633 650/982/644
f 630/971/624 629/964/623 640/984/634 641/976/635
f 637/973/631 636/966/630 647/985/641 648/978/642
f 647/985/641 646/980/640 657/987/651 658/988/652
f 644/974/638 643/981/637 654/989/648 655/990/649
f 484/991/478 650/982/644 661/992/655
f 641/976/635 640/984/634 651/993/645 652/994/646
f 648/978/642 647/985/641 658/988/652 659/995/653
f 645/975/639 644/974/638 655/990/649 656/996/650
f 642/977/636 641/976/635 652/994/646 653/997/647
f 649/979/643 648/978/642 659/995/653 660/998/654
f 646/980/640 645/975/639 656/996/650 657/987/651
f 643/981/637 642/977/636 653/997/647 654/989/648
f 650/982/644 649/979/643 660/998/654 661/992/655
f 640/984/634 562/999/556 651/993/645
f 657/987/651 656/996/650 667/1000/661 668/1001/662
f 654/989/648 653/997/647 664/1002/658 665/1003/659
f 661/992/655 660/998/654 671/1004/665 672/1005/666
f 651/993/645 562/1006/556 662/1007/656
f 658/988/652 657/987/651 668/1001/662 669/1008/663
f 655/990/649 654/989/648 665/1003/659 666/1009/660
f 484/1010/478 661/992/655 672/1005/666
f 652/994/646 651/993/645 662/1007/656 663/1011/657
f 659/995/653 658/988/652 669/1008/663 670/1012/664
f 656/996/650 655/990/649 666/1009/660 667/1000/661
f 653/997/647 652/994/646 663/1011/657 664/1002/658
f 660/998/654 659/995/653 670/1012/664 671/1004/665
f 670/1012/664 669/1008/663 675/752/669 676/751/670
f 667/1000/661 666/1009/660 457/756/451 458/755/452
f 664/1002/658 663/1011/657 456/747/450 673/759/667
f 671/1004/665 670/1012/664 676/751/670 460/761/454
f 668/1001/662 667/1000/661 458/755/452 459/763/453
f 665/1003/659 664/1002/658 673/759/667 674/765/668
f 672/1005/666 671/1004/665 460/761/454 461/745/455
f 662/1007/656 562/1013/556 455/748/449
f 669/1008/663 668/1001/662 459/763/453 675/752/669
f 666/1009/660 665/1003/659 674/765/668 457/756/451
f 484/1014/478 672/1005/666 461/745/455
f 663/1011/657 662/1007/656 455/748/449 456/747/450
o alert_packrunner_ear.001
v 0.109011 1.247732 0.545000
v 0.160989 1.492268 0.616400
v 0.181015 1.232427 0.587500
v 0.172510 1.489820 0.623200
v 0.181015 1.232427 0.672500
v 0.172510 1.489820 0.636800
v 0.109011 1.247732 0.715000
v 0.160989 1.492268 0.643600
v 0.037007 1.263036 0.672500
v 0.149468 1.494717 0.636800
v 0.037007 1.263036 0.587500
v 0.149468 1.494717 0.623200
vn 0.5247 0.1339 -0.8407
vn 0.9995 0.0330 -0.0000
vn 0.5247 0.1339 0.8407
vn -0.4248 0.3358 0.8407
vn 0.2079 0.9781 -0.0000
vn -0.8996 0.4367 -0.0000
vn -0.4248 0.3358 -0.8407
vn -0.2079 -0.9781 -0.0000
vt 1.000000 0.500000
vt 1.000000 1.000000
vt 0.833333 1.000000
vt 0.833333 0.500000
vt 0.666667 1.000000
vt 0.666667 0.500000
vt 0.500000 1.000000
vt 0.500000 0.500000
vt 0.333333 1.000000
vt 0.333333 0.500000
vt 0.457846 0.370000
vt 0.250000 0.490000
vt 0.042154 0.370000
vt 0.042154 0.130000
vt 0.250000 0.010000
vt 0.457846 0.130000
vt 0.166667 1.000000
vt 0.166667 0.500000
vt -0.000000 1.000000
vt -0.000000 0.500000
vt 0.750000 0.490000
vt 0.957846 0.370000
vt 0.957846 0.130000
vt 0.750000 0.010000
vt 0.542154 0.130000
vt 0.542154 0.370000
s 0
usemtl GnollMane
f 677/1015/671 678/1016/671 680/1017/671 679/1018/671
f 679/1018/672 680/1017/672 682/1019/672 681/1020/672
f 681/1020/673 682/1019/673 684/1021/673 683/1022/673
f 683/1022/674 684/1021/674 686/1023/674 685/1024/674
f 680/1025/675 678/1026/675 688/1027/675 686/1028/675 684/1029/675 682/1030/675
f 685/1024/676 686/1023/676 688/1031/676 687/1032/676
f 687/1032/677 688/1031/677 678/1033/677 677/1034/677
f 677/1035/678 679/1036/678 681/1037/678 683/1038/678 685/1039/678 687/1040/678
o amber_packrunner_eye.001
v 0.116100 1.234773 0.908788
v 0.116100 1.231177 0.903000
v 0.116100 1.209318 0.891818
v 0.116100 1.200000 0.891000
v 0.116100 1.190683 0.891818
v 0.116100 1.168823 0.903000
v 0.116100 1.165227 0.908788
v 0.118979 1.234773 0.909092
v 0.121662 1.231177 0.903587
v 0.123966 1.225456 0.898860
v 0.125734 1.218000 0.895233
v 0.126846 1.209318 0.892952
v 0.127225 1.200000 0.892175
v 0.126846 1.190683 0.892952
v 0.125734 1.182000 0.895233
v 0.123966 1.174544 0.898860
v 0.121662 1.168823 0.903587
v 0.118979 1.165227 0.909092
v 0.121577 1.234773 0.909975
v 0.126680 1.231177 0.905292
v 0.131063 1.225456 0.901271
v 0.134425 1.218000 0.898185
v 0.136539 1.209318 0.896245
v 0.137260 1.200000 0.895584
v 0.136539 1.190683 0.896245
v 0.134425 1.182000 0.898185
v 0.131063 1.174544 0.901271
v 0.126680 1.168823 0.905292
v 0.121577 1.165227 0.909975
v 0.116100 1.164000 0.915000
v 0.123638 1.234773 0.911349
v 0.130662 1.231177 0.907947
v 0.136694 1.225456 0.905025
v 0.141323 1.218000 0.902783
v 0.144232 1.209318 0.901374
v 0.145225 1.200000 0.900893
v 0.144232 1.190683 0.901374
v 0.141323 1.182000 0.902783
v 0.136694 1.174544 0.905025
v 0.130662 1.168823 0.907947
v 0.123638 1.165227 0.911349
v 0.124961 1.234773 0.913081
v 0.133219 1.231177 0.911292
v 0.140310 1.225456 0.909756
v 0.145751 1.218000 0.908577
v 0.149171 1.209318 0.907836
v 0.150338 1.200000 0.907584
v 0.149171 1.190683 0.907836
v 0.145751 1.182000 0.908577
v 0.140310 1.174544 0.909756
v 0.133219 1.168823 0.911292
v 0.124961 1.165227 0.913081
v 0.125417 1.234773 0.915000
v 0.134100 1.231177 0.915000
v 0.141556 1.225456 0.915000
v 0.147277 1.218000 0.915000
v 0.150873 1.209318 0.915000
v 0.152100 1.200000 0.915000
v 0.150873 1.190683 0.915000
v 0.147277 1.182000 0.915000
v 0.141556 1.174544 0.915000
v 0.134100 1.168823 0.915000
v 0.125417 1.165227 0.915000
v 0.124961 1.234773 0.916920
v 0.133219 1.231177 0.918708
v 0.140310 1.225456 0.920244
v 0.145751 1.218000 0.921423
v 0.149171 1.209318 0.922164
v 0.150338 1.200000 0.922416
v 0.149171 1.190683 0.922164
v 0.145751 1.182000 0.921423
v 0.140310 1.174544 0.920244
v 0.133219 1.168823 0.918708
v 0.124961 1.165227 0.916920
v 0.123638 1.234773 0.918651
v 0.130662 1.231177 0.922053
v 0.136694 1.225456 0.924975
v 0.141323 1.218000 0.927217
v 0.144232 1.209318 0.928626
v 0.145225 1.200000 0.929107
v 0.144232 1.190683 0.928626
v 0.141323 1.182000 0.927217
v 0.136694 1.174544 0.924975
v 0.130662 1.168823 0.922053
v 0.123638 1.165227 0.918651
v 0.121577 1.234773 0.920025
v 0.126680 1.231177 0.924708
v 0.131063 1.225456 0.928729
v 0.134425 1.218000 0.931815
v 0.136539 1.209318 0.933755
v 0.137260 1.200000 0.934416
v 0.136539 1.190683 0.933755
v 0.134425 1.182000 0.931815
v 0.131063 1.174544 0.928729
v 0.126680 1.168823 0.924708
v 0.121577 1.165227 0.920025
v 0.118979 1.234773 0.920908
v 0.121662 1.231177 0.926413
v 0.123966 1.225456 0.931140
v 0.125734 1.218000 0.934767
v 0.126846 1.209318 0.937048
v 0.127225 1.200000 0.937825
v 0.126846 1.190683 0.937048
v 0.125734 1.182000 0.934767
v 0.123966 1.174544 0.931140
v 0.121662 1.168823 0.926413
v 0.118979 1.165227 0.920908
v 0.116100 1.236000 0.915000
v 0.116100 1.234773 0.921212
v 0.116100 1.231177 0.927000
v 0.116100 1.225456 0.931971
v 0.116100 1.218000 0.935785
v 0.116100 1.209318 0.938182
v 0.116100 1.200000 0.939000
v 0.116100 1.190683 0.938182
v 0.116100 1.182000 0.935785
v 0.116100 1.174544 0.931971
v 0.116100 1.168823 0.927000
v 0.116100 1.165227 0.921212
v 0.113221 1.234773 0.920908
v 0.110538 1.231177 0.926413
v 0.108234 1.225456 0.931140
v 0.106466 1.218000 0.934767
v 0.105354 1.209318 0.937048
v 0.104975 1.200000 0.937825
v 0.105354 1.190683 0.937048
v 0.106466 1.182000 0.934767
v 0.108234 1.174544 0.931140
v 0.110538 1.168823 0.926413
v 0.113221 1.165227 0.920908
v 0.110623 1.234773 0.920025
v 0.105520 1.231177 0.924708
v 0.101137 1.225456 0.928729
v 0.097775 1.218000 0.931815
v 0.095661 1.209318 0.933755
v 0.094940 1.200000 0.934416
v 0.095661 1.190683 0.933755
v 0.097775 1.182000 0.931815
v 0.101137 1.174544 0.928729
v 0.105520 1.168823 0.924708
v 0.110623 1.165227 0.920025
v 0.108562 1.234773 0.918651
v 0.101538 1.231177 0.922053
v 0.095506 1.225456 0.924975
v 0.090877 1.218000 0.927217
v 0.087968 1.209318 0.928626
v 0.086975 1.200000 0.929107
v 0.087968 1.190683 0.928626
v 0.090877 1.182000 0.927217
v 0.095506 1.174544 0.924975
v 0.101538 1.168823 0.922053
v 0.108562 1.165227 0.918651
v 0.107239 1.234773 0.916920
v 0.098981 1.231177 0.918708
v 0.091890 1.225456 0.920244
v 0.086449 1.218000 0.921423
v 0.083029 1.209318 0.922164
v 0.081862 1.200000 0.922416
v 0.083029 1.190683 0.922164
v 0.086449 1.182000 0.921423
v 0.091890 1.174544 0.920244
v 0.098981 1.168823 0.918708
v 0.107239 1.165227 0.916920
v 0.106783 1.234773 0.915000
v 0.098100 1.231177 0.915000
v 0.090644 1.225456 0.915000
v 0.084923 1.218000 0.915000
v 0.081327 1.209318 0.915000
v 0.080100 1.200000 0.915000
v 0.081327 1.190683 0.915000
v 0.084923 1.182000 0.915000
v 0.090644 1.174544 0.915000
v 0.098100 1.168823 0.915000
v 0.106783 1.165227 0.915000
v 0.107239 1.234773 0.913081
v 0.098981 1.231177 0.911292
v 0.091890 1.225456 0.909756
v 0.086449 1.218000 0.908577
v 0.083029 1.209318 0.907836
v 0.081862 1.200000 0.907584
v 0.083029 1.190683 0.907836
v 0.086449 1.182000 0.908577
v 0.091890 1.174544 0.909756
v 0.098981 1.168823 0.911292
v 0.107239 1.165227 0.913081
v 0.108562 1.234773 0.911349
v 0.101538 1.231177 0.907947
v 0.095506 1.225456 0.905025
v 0.090877 1.218000 0.902783
v 0.087968 1.209318 0.901374
v 0.086975 1.200000 0.900893
v 0.087968 1.190683 0.901374
v 0.090877 1.182000 0.902783
v 0.095506 1.174544 0.905025
v 0.101538 1.168823 0.907947
v 0.108562 1.165227 0.911349
v 0.110623 1.234773 0.909975
v 0.105520 1.231177 0.905292
v 0.101137 1.225456 0.901271
v 0.097775 1.218000 0.898185
v 0.095661 1.209318 0.896245
v 0.094940 1.200000 0.895584
v 0.095661 1.190683 0.896245
v 0.097775 1.182000 0.898185
v 0.101137 1.174544 0.901271
v 0.105520 1.168823 0.905292
v 0.110623 1.165227 0.909975
v 0.113221 1.234773 0.909092
v 0.110538 1.231177 0.903587
v 0.108234 1.225456 0.898860
v 0.106466 1.218000 0.895233
v 0.105354 1.209318 0.892952
v 0.104975 1.200000 0.892175
v 0.105354 1.190683 0.892952
v 0.106466 1.182000 0.895233
v 0.108234 1.174544 0.898860
v 0.110538 1.168823 0.903587
v 0.113221 1.165227 0.909092
v 0.116100 1.225456 0.898029
v 0.116100 1.218000 0.894215
v 0.116100 1.182000 0.894215
v 0.116100 1.174544 0.898029
vn -0.0000 0.9262 -0.3770
vn -0.0000 0.7562 -0.6543
vn -0.0000 0.1765 -0.9843
vn -0.0000 -0.0000 -1.0000
vn -0.0000 -0.1765 -0.9843
vn -0.0000 -0.7562 -0.6543
vn -0.0000 -0.9262 -0.3770
vn 0.0763 0.9291 -0.3618
vn 0.1369 0.7644 -0.6300
vn 0.1769 0.5663 -0.8050
vn 0.2004 0.3691 -0.9075
vn 0.2124 0.1813 -0.9602
vn 0.2161 -0.0000 -0.9764
vn 0.2124 -0.1813 -0.9602
vn 0.2004 -0.3691 -0.9075
vn 0.1769 -0.5663 -0.8050
vn 0.1369 -0.7644 -0.6300
vn 0.0763 -0.9291 -0.3618
vn 0.1489 0.9371 -0.3157
vn 0.2693 0.7871 -0.5550
vn 0.3542 0.5958 -0.7208
vn 0.4073 0.3947 -0.8236
vn 0.4358 0.1957 -0.8785
vn 0.4447 -0.0000 -0.8957
vn 0.4358 -0.1957 -0.8785
vn 0.4073 -0.3947 -0.8236
vn 0.3542 -0.5958 -0.7208
vn 0.2693 -0.7871 -0.5550
vn 0.1489 -0.9371 -0.3157
vn -0.0000 -1.0000 -0.0000
vn 0.2125 0.9478 -0.2379
vn 0.3891 0.8180 -0.4237
vn 0.5246 0.6386 -0.5631
vn 0.6170 0.4338 -0.6566
vn 0.6699 0.2186 -0.7095
vn 0.6871 -0.0000 -0.7266
vn 0.6699 -0.2186 -0.7095
vn 0.6170 -0.4338 -0.6566
vn 0.5246 -0.6386 -0.5631
vn 0.3891 -0.8180 -0.4237
vn 0.2125 -0.9478 -0.2379
vn 0.2589 0.9571 -0.1298
vn 0.4792 0.8460 -0.2336
vn 0.6613 0.6798 -0.3171
vn 0.7957 0.4739 -0.3773
vn 0.8776 0.2430 -0.4132
vn 0.9051 -0.0000 -0.4252
vn 0.8776 -0.2430 -0.4132
vn 0.7957 -0.4739 -0.3773
vn 0.6613 -0.6798 -0.3171
vn 0.4792 -0.8460 -0.2336
vn 0.2589 -0.9571 -0.1298
vn 0.2767 0.9610 -0.0000
vn 0.5142 0.8577 -0.0000
vn 0.7165 0.6976 -0.0000
vn 0.8707 0.4918 -0.0000
vn 0.9672 0.2541 -0.0000
vn 1.0000 -0.0000 -0.0000
vn 0.9672 -0.2541 -0.0000
vn 0.8707 -0.4918 -0.0000
vn 0.7165 -0.6976 -0.0000
vn 0.5142 -0.8577 -0.0000
vn 0.2767 -0.9610 -0.0000
vn 0.2589 0.9571 0.1298
vn 0.4792 0.8460 0.2336
vn 0.6613 0.6798 0.3171
vn 0.7957 0.4739 0.3773
vn 0.8776 0.2430 0.4132
vn 0.9051 -0.0000 0.4252
vn 0.8776 -0.2430 0.4132
vn 0.7957 -0.4739 0.3773
vn 0.6613 -0.6798 0.3171
vn 0.4792 -0.8460 0.2336
vn 0.2589 -0.9571 0.1298
vn 0.2125 0.9478 0.2379
vn 0.3891 0.8180 0.4237
vn 0.5246 0.6386 0.5631
vn 0.6170 0.4338 0.6566
vn 0.6699 0.2186 0.7095
vn 0.6871 -0.0000 0.7266
vn 0.6699 -0.2186 0.7095
vn 0.6170 -0.4338 0.6566
vn 0.5246 -0.6386 0.5631
vn 0.3891 -0.8180 0.4237
vn 0.2125 -0.9478 0.2379
vn 0.1489 0.9371 0.3157
vn 0.2693 0.7871 0.5550
vn 0.3542 0.5958 0.7208
vn 0.4073 0.3947 0.8236
vn 0.4358 0.1957 0.8785
vn 0.4447 -0.0000 0.8957
vn 0.4358 -0.1957 0.8785
vn 0.4073 -0.3947 0.8236
vn 0.3542 -0.5958 0.7208
vn 0.2693 -0.7871 0.5550
vn 0.1489 -0.9371 0.3157
vn 0.0763 0.9291 0.3618
vn 0.1369 0.7644 0.6300
vn 0.1769 0.5663 0.8050
vn 0.2004 0.3691 0.9075
vn 0.2124 0.1813 0.9602
vn 0.2161 -0.0000 0.9764
vn 0.2124 -0.1813 0.9602
vn 0.2004 -0.3691 0.9075
vn 0.1769 -0.5663 0.8050
vn 0.1369 -0.7644 0.6300
vn 0.0763 -0.9291 0.3618
vn -0.0000 1.0000 -0.0000
vn -0.0000 0.9262 0.3770
vn -0.0000 0.7562 0.6543
vn -0.0000 0.5560 0.8312
vn -0.0000 0.3604 0.9328
vn -0.0000 0.1765 0.9843
vn -0.0000 -0.0000 1.0000
vn -0.0000 -0.1765 0.9843
vn -0.0000 -0.3604 0.9328
vn -0.0000 -0.5560 0.8312
vn -0.0000 -0.7562 0.6543
vn -0.0000 -0.9262 0.3770
vn -0.0763 0.9291 0.3618
vn -0.1369 0.7644 0.6300
vn -0.1769 0.5663 0.8050
vn -0.2004 0.3691 0.9075
vn -0.2124 0.1813 0.9602
vn -0.2161 -0.0000 0.9764
vn -0.2124 -0.1813 0.9602
vn -0.2004 -0.3691 0.9075
vn -0.1769 -0.5663 0.8050
vn -0.1369 -0.7644 0.6300
vn -0.0763 -0.9291 0.3618
vn -0.1489 0.9371 0.3157
vn -0.2693 0.7871 0.5550
vn -0.3542 0.5958 0.7208
vn -0.4073 0.3947 0.8236
vn -0.4358 0.1957 0.8785
vn -0.4447 -0.0000 0.8957
vn -0.4358 -0.1957 0.8785
vn -0.4073 -0.3947 0.8236
vn -0.3542 -0.5958 0.7208
vn -0.2693 -0.7871 0.5550
vn -0.1489 -0.9371 0.3157
vn -0.2125 0.9478 0.2379
vn -0.3891 0.8180 0.4237
vn -0.5246 0.6386 0.5631
vn -0.6170 0.4338 0.6566
vn -0.6699 0.2186 0.7095
vn -0.6871 -0.0000 0.7266
vn -0.6699 -0.2186 0.7095
vn -0.6170 -0.4338 0.6566
vn -0.5246 -0.6386 0.5631
vn -0.3891 -0.8180 0.4237
vn -0.2125 -0.9478 0.2379
vn -0.2589 0.9571 0.1298
vn -0.4792 0.8460 0.2336
vn -0.6613 0.6798 0.3171
vn -0.7957 0.4739 0.3773
vn -0.8776 0.2430 0.4132
vn -0.9051 -0.0000 0.4252
vn -0.8776 -0.2430 0.4132
vn -0.7957 -0.4739 0.3773
vn -0.6613 -0.6798 0.3171
vn -0.4792 -0.8460 0.2336
vn -0.2589 -0.9571 0.1298
vn -0.2767 0.9610 -0.0000
vn -0.5142 0.8577 -0.0000
vn -0.7165 0.6976 -0.0000
vn -0.8707 0.4918 -0.0000
vn -0.9672 0.2541 -0.0000
vn -1.0000 -0.0000 -0.0000
vn -0.9672 -0.2541 -0.0000
vn -0.8707 -0.4918 -0.0000
vn -0.7165 -0.6976 -0.0000
vn -0.5142 -0.8577 -0.0000
vn -0.2767 -0.9610 -0.0000
vn -0.2589 0.9571 -0.1298
vn -0.4792 0.8460 -0.2336
vn -0.6613 0.6798 -0.3171
vn -0.7957 0.4739 -0.3773
vn -0.8776 0.2430 -0.4132
vn -0.9051 -0.0000 -0.4252
vn -0.8776 -0.2430 -0.4132
vn -0.7957 -0.4739 -0.3773
vn -0.6613 -0.6798 -0.3171
vn -0.4792 -0.8460 -0.2336
vn -0.2589 -0.9571 -0.1298
vn -0.2125 0.9478 -0.2379
vn -0.3891 0.8180 -0.4237
vn -0.5246 0.6386 -0.5631
vn -0.6170 0.4338 -0.6566
vn -0.6699 0.2186 -0.7095
vn -0.6871 -0.0000 -0.7266
vn -0.6699 -0.2186 -0.7095
vn -0.6170 -0.4338 -0.6566
vn -0.5246 -0.6386 -0.5631
vn -0.3891 -0.8180 -0.4237
vn -0.2125 -0.9478 -0.2379
vn -0.1489 0.9371 -0.3157
vn -0.2693 0.7871 -0.5550
vn -0.3542 0.5958 -0.7208
vn -0.4073 0.3947 -0.8236
vn -0.4358 0.1957 -0.8785
vn -0.4447 -0.0000 -0.8957
vn -0.4358 -0.1957 -0.8785
vn -0.4073 -0.3947 -0.8236
vn -0.3542 -0.5958 -0.7208
vn -0.2693 -0.7871 -0.5550
vn -0.1489 -0.9371 -0.3157
vn -0.0763 0.9291 -0.3618
vn -0.1369 0.7644 -0.6300
vn -0.1769 0.5663 -0.8050
vn -0.2004 0.3691 -0.9075
vn -0.2124 0.1813 -0.9602
vn -0.2161 -0.0000 -0.9764
vn -0.2124 -0.1813 -0.9602
vn -0.2004 -0.3691 -0.9075
vn -0.1769 -0.5663 -0.8050
vn -0.1369 -0.7644 -0.6300
vn -0.0763 -0.9291 -0.3618
vn -0.0000 0.5560 -0.8312
vn -0.0000 0.3604 -0.9328
vn -0.0000 -0.3604 -0.9328
vn -0.0000 -0.5560 -0.8312
vt 0.750000 0.416667
vt 0.750000 0.500000
vt 0.700000 0.500000
vt 0.700000 0.416667
vt 0.750000 0.666667
vt 0.750000 0.750000
vt 0.700000 0.750000
vt 0.700000 0.666667
vt 0.750000 0.083333
vt 0.750000 0.166667
vt 0.700000 0.166667
vt 0.700000 0.083333
vt 0.750000 0.916667
vt 0.725000 1.000000
vt 0.700000 0.916667
vt 0.750000 0.333333
vt 0.700000 0.333333
vt 0.750000 0.583333
vt 0.700000 0.583333
vt 0.725000 0.000000
vt 0.750000 0.833333
vt 0.700000 0.833333
vt 0.750000 0.250000
vt 0.700000 0.250000
vt 0.675000 0.000000
vt 0.650000 0.083333
vt 0.650000 0.916667
vt 0.650000 0.833333
vt 0.650000 0.333333
vt 0.650000 0.250000
vt 0.650000 0.583333
vt 0.650000 0.500000
vt 0.650000 0.750000
vt 0.650000 0.166667
vt 0.650000 0.416667
vt 0.650000 0.666667
vt 0.675000 1.000000
vt 0.600000 0.750000
vt 0.600000 0.666667
vt 0.600000 0.166667
vt 0.600000 0.083333
vt 0.625000 1.000000
vt 0.600000 0.916667
vt 0.600000 0.416667
vt 0.600000 0.333333
vt 0.600000 0.583333
vt 0.625000 0.000000
vt 0.600000 0.833333
vt 0.600000 0.250000
vt 0.600000 0.500000
vt 0.550000 0.833333
vt 0.550000 0.750000
vt 0.550000 0.250000
vt 0.550000 0.166667
vt 0.550000 0.500000
vt 0.550000 0.416667
vt 0.550000 0.666667
vt 0.550000 0.083333
vt 0.575000 1.000000
vt 0.550000 0.916667
vt 0.550000 0.333333
vt 0.550000 0.583333
vt 0.575000 0.000000
vt 0.500000 0.666667
vt 0.500000 0.583333
vt 0.525000 0.000000
vt 0.500000 0.083333
vt 0.500000 0.916667
vt 0.500000 0.833333
vt 0.500000 0.333333
vt 0.500000 0.250000
vt 0.500000 0.500000
vt 0.500000 0.750000
vt 0.500000 0.166667
vt 0.500000 0.416667
vt 0.525000 1.000000
vt 0.450000 0.750000
vt 0.450000 0.666667
vt 0.450000 0.166667
vt 0.450000 0.083333
vt 0.475000 1.000000
vt 0.450000 0.916667
vt 0.450000 0.416667
vt 0.450000 0.333333
vt 0.450000 0.583333
vt 0.475000 0.000000
vt 0.450000 0.833333
vt 0.450000 0.250000
vt 0.450000 0.500000
vt 0.400000 0.583333
vt 0.400000 0.500000
vt 0.400000 0.833333
vt 0.400000 0.750000
vt 0.400000 0.250000
vt 0.400000 0.166667
vt 0.400000 0.416667
vt 0.400000 0.666667
vt 0.400000 0.083333
vt 0.425000 1.000000
vt 0.400000 0.916667
vt 0.400000 0.333333
vt 0.425000 0.000000
vt 0.350000 0.666667
vt 0.350000 0.583333
vt 0.375000 0.000000
vt 0.350000 0.083333
vt 0.350000 0.916667
vt 0.350000 0.833333
vt 0.350000 0.333333
vt 0.350000 0.250000
vt 0.350000 0.500000
vt 0.350000 0.750000
vt 0.350000 0.166667
vt 0.350000 0.416667
vt 0.375000 1.000000
vt 0.300000 0.500000
vt 0.300000 0.416667
vt 0.300000 0.750000
vt 0.300000 0.666667
vt 0.300000 0.166667
vt 0.300000 0.083333
vt 0.325000 1.000000
vt 0.300000 0.916667
vt 0.300000 0.333333
vt 0.300000 0.583333
vt 0.325000 0.000000
vt 0.300000 0.833333
vt 0.300000 0.250000
vt 0.250000 0.583333
vt 0.250000 0.500000
vt 0.250000 0.833333
vt 0.250000 0.750000
vt 0.250000 0.250000
vt 0.250000 0.166667
vt 0.250000 0.416667
vt 0.250000 0.666667
vt 0.250000 0.083333
vt 0.275000 1.000000
vt 0.250000 0.916667
vt 0.250000 0.333333
vt 0.275000 0.000000
vt 0.200000 0.416667
vt 0.200000 0.333333
vt 0.200000 0.666667
vt 0.200000 0.583333
vt 0.225000 0.000000
vt 0.200000 0.083333
vt 0.200000 0.916667
vt 0.200000 0.833333
vt 0.200000 0.250000
vt 0.200000 0.500000
vt 0.200000 0.750000
vt 0.200000 0.166667
vt 0.225000 1.000000
vt 0.150000 0.500000
vt 0.150000 0.416667
vt 0.150000 0.750000
vt 0.150000 0.666667
vt 0.150000 0.166667
vt 0.150000 0.083333
vt 0.175000 1.000000
vt 0.150000 0.916667
vt 0.150000 0.333333
vt 0.150000 0.583333
vt 0.175000 0.000000
vt 0.150000 0.833333
vt 0.150000 0.250000
vt 0.100000 0.333333
vt 0.100000 0.250000
vt 0.100000 0.583333
vt 0.100000 0.500000
vt 0.100000 0.833333
vt 0.100000 0.750000
vt 0.100000 0.166667
vt 0.100000 0.416667
vt 0.100000 0.666667
vt 0.100000 0.083333
vt 0.125000 1.000000
vt 0.100000 0.916667
vt 0.125000 0.000000
vt 0.075000 1.000000
vt 0.050000 0.916667
vt 0.050000 0.416667
vt 0.050000 0.333333
vt 0.050000 0.666667
vt 0.050000 0.583333
vt 0.075000 0.000000
vt 0.050000 0.083333
vt 0.050000 0.833333
vt 0.050000 0.250000
vt 0.050000 0.500000
vt 0.050000 0.750000
vt 0.050000 0.166667
vt 0.000000 0.250000
vt 0.000000 0.166667
vt 0.000000 0.500000
vt 0.000000 0.416667
vt 0.000000 0.750000
vt 0.000000 0.666667
vt 0.000000 0.083333
vt 0.025000 1.000000
vt 0.000000 0.916667
vt 0.000000 0.333333
vt 0.000000 0.583333
vt 0.025000 0.000000
vt 0.000000 0.833333
vt 1.000000 0.833333
vt 1.000000 0.916667
vt 0.950000 0.916667
vt 0.950000 0.833333
vt 1.000000 0.250000
vt 1.000000 0.333333
vt 0.950000 0.333333
vt 0.950000 0.250000
vt 1.000000 0.500000
vt 1.000000 0.583333
vt 0.950000 0.583333
vt 0.950000 0.500000
vt 1.000000 0.750000
vt 0.950000 0.750000
vt 1.000000 0.166667
vt 0.950000 0.166667
vt 1.000000 0.416667
vt 0.950000 0.416667
vt 1.000000 0.666667
vt 0.950000 0.666667
vt 1.000000 0.083333
vt 0.950000 0.083333
vt 0.975000 1.000000
vt 0.975000 0.000000
vt 0.900000 0.166667
vt 0.900000 0.083333
vt 0.925000 1.000000
vt 0.900000 0.916667
vt 0.900000 0.416667
vt 0.900000 0.333333
vt 0.900000 0.666667
vt 0.900000 0.583333
vt 0.925000 0.000000
vt 0.900000 0.833333
vt 0.900000 0.250000
vt 0.900000 0.500000
vt 0.900000 0.750000
vt 0.850000 0.833333
vt 0.850000 0.750000
vt 0.850000 0.250000
vt 0.850000 0.166667
vt 0.850000 0.500000
vt 0.850000 0.416667
vt 0.850000 0.666667
vt 0.850000 0.083333
vt 0.875000 1.000000
vt 0.850000 0.916667
vt 0.850000 0.333333
vt 0.850000 0.583333
vt 0.875000 0.000000
vt 0.825000 0.000000
vt 0.800000 0.083333
vt 0.800000 0.916667
vt 0.800000 0.833333
vt 0.800000 0.333333
vt 0.800000 0.250000
vt 0.800000 0.583333
vt 0.800000 0.500000
vt 0.800000 0.750000
vt 0.800000 0.166667
vt 0.800000 0.416667
vt 0.800000 0.666667
vt 0.825000 1.000000
vt 0.775000 1.000000
vt 0.775000 0.000000
s 1
usemtl RunicAmber
f 693/1041/683 692/1042/682 701/1043/691 702/1044/692
f 908/1045/898 907/1046/897 698/1047/688 699/1048/689
f 695/1049/685 694/1050/684 705/1051/695 706/1052/696
f 689/1053/679 796/1054/786 696/1055/686
f 909/1056/899 693/1041/683 702/1044/692 703/1057/693
f 691/1058/681 908/1045/898 699/1048/689 700/1059/690
f 718/1060/708 695/1049/685 706/1052/696
f 690/1061/680 689/1053/679 696/1055/686 697/1062/687
f 910/1063/900 909/1056/899 703/1057/693 704/1064/694
f 692/1042/682 691/1058/681 700/1059/690 701/1043/691
f 907/1046/897 690/1061/680 697/1062/687 698/1047/688
f 694/1050/684 910/1063/900 704/1064/694 705/1051/695
f 718/1065/708 706/1052/696 717/1066/707
f 697/1062/687 696/1055/686 707/1067/697 708/1068/698
f 704/1064/694 703/1057/693 714/1069/704 715/1070/705
f 701/1043/691 700/1059/690 711/1071/701 712/1072/702
f 698/1047/688 697/1062/687 708/1068/698 709/1073/699
f 705/1051/695 704/1064/694 715/1070/705 716/1074/706
f 702/1044/692 701/1043/691 712/1072/702 713/1075/703
f 699/1048/689 698/1047/688 709/1073/699 710/1076/700
f 706/1052/696 705/1051/695 716/1074/706 717/1066/707
f 696/1055/686 796/1077/786 707/1067/697
f 703/1057/693 702/1044/692 713/1075/703 714/1069/704
f 700/1059/690 699/1048/689 710/1076/700 711/1071/701
f 710/1076/700 709/1073/699 721/1078/711 722/1079/712
f 717/1066/707 716/1074/706 728/1080/718 729/1081/719
f 707/1067/697 796/1082/786 719/1083/709
f 714/1069/704 713/1075/703 725/1084/715 726/1085/716
f 711/1071/701 710/1076/700 722/1079/712 723/1086/713
f 718/1087/708 717/1066/707 729/1081/719
f 708/1068/698 707/1067/697 719/1083/709 720/1088/710
f 715/1070/705 714/1069/704 726/1085/716 727/1089/717
f 712/1072/702 711/1071/701 723/1086/713 724/1090/714
f 709/1073/699 708/1068/698 720/1088/710 721/1078/711
f 716/1074/706 715/1070/705 727/1089/717 728/1080/718
f 713/1075/703 712/1072/702 724/1090/714 725/1084/715
f 721/1078/711 720/1088/710 731/1091/721 732/1092/722
f 728/1080/718 727/1089/717 738/1093/728 739/1094/729
f 725/1084/715 724/1090/714 735/1095/725 736/1096/726
f 722/1079/712 721/1078/711 732/1092/722 733/1097/723
f 729/1081/719 728/1080/718 739/1094/729 740/1098/730
f 719/1083/709 796/1099/786 730/1100/720
f 726/1085/716 725/1084/715 736/1096/726 737/1101/727
f 723/1086/713 722/1079/712 733/1097/723 734/1102/724
f 718/1103/708 729/1081/719 740/1098/730
f 720/1088/710 719/1083/709 730/1100/720 731/1091/721
f 727/1089/717 726/1085/716 737/1101/727 738/1093/728
f 724/1090/714 723/1086/713 734/1102/724 735/1095/725
f 734/1102/724 733/1097/723 744/1104/734 745/1105/735
f 718/1106/708 740/1098/730 751/1107/741
f 731/1091/721 730/1100/720 741/1108/731 742/1109/732
f 738/1093/728 737/1101/727 748/1110/738 749/1111/739
f 735/1095/725 734/1102/724 745/1105/735 746/1112/736
f 732/1092/722 731/1091/721 742/1109/732 743/1113/733
f 739/1094/729 738/1093/728 749/1111/739 750/1114/740
f 736/1096/726 735/1095/725 746/1112/736 747/1115/737
f 733/1097/723 732/1092/722 743/1113/733 744/1104/734
f 740/1098/730 739/1094/729 750/1114/740 751/1107/741
f 730/1100/720 796/1116/786 741/1108/731
f 737/1101/727 736/1096/726 747/1115/737 748/1110/738
f 744/1104/734 743/1113/733 754/1117/744 755/1118/745
f 751/1107/741 750/1114/740 761/1119/751 762/1120/752
f 741/1108/731 796/1121/786 752/1122/742
f 748/1110/738 747/1115/737 758/1123/748 759/1124/749
f 745/1105/735 744/1104/734 755/1118/745 756/1125/746
f 718/1126/708 751/1107/741 762/1120/752
f 742/1109/732 741/1108/731 752/1122/742 753/1127/743
f 749/1111/739 748/1110/738 759/1124/749 760/1128/750
f 746/1112/736 745/1105/735 756/1125/746 757/1129/747
f 743/1113/733 742/1109/732 753/1127/743 754/1117/744
f 750/1114/740 749/1111/739 760/1128/750 761/1119/751
f 747/1115/737 746/1112/736 757/1129/747 758/1123/748
f 757/1129/747 756/1125/746 767/1130/757 768/1131/758
f 754/1117/744 753/1127/743 764/1132/754 765/1133/755
f 761/1119/751 760/1128/750 771/1134/761 772/1135/762
f 758/1123/748 757/1129/747 768/1131/758 769/1136/759
f 755/1118/745 754/1117/744 765/1133/755 766/1137/756
f 762/1120/752 761/1119/751 772/1135/762 773/1138/763
f 752/1122/742 796/1139/786 763/1140/753
f 759/1124/749 758/1123/748 769/1136/759 770/1141/760
f 756/1125/746 755/1118/745 766/1137/756 767/1130/757
f 718/1142/708 762/1120/752 773/1138/763
f 753/1127/743 752/1122/742 763/1140/753 764/1132/754
f 760/1128/750 759/1124/749 770/1141/760 771/1134/761
f 767/1130/757 766/1137/756 777/1143/767 778/1144/768
f 718/1145/708 773/1138/763 784/1146/774
f 764/1132/754 763/1140/753 774/1147/764 775/1148/765
f 771/1134/761 770/1141/760 781/1149/771 782/1150/772
f 768/1131/758 767/1130/757 778/1144/768 779/1151/769
f 765/1133/755 764/1132/754 775/1148/765 776/1152/766
f 772/1135/762 771/1134/761 782/1150/772 783/1153/773
f 769/1136/759 768/1131/758 779/1151/769 780/1154/770
f 766/1137/756 765/1133/755 776/1152/766 777/1143/767
f 773/1138/763 772/1135/762 783/1153/773 784/1146/774
f 763/1140/753 796/1155/786 774/1147/764
f 770/1141/760 769/1136/759 780/1154/770 781/1149/771
f 780/1154/770 779/1151/769 790/1156/780 791/1157/781
f 777/1143/767 776/1152/766 787/1158/777 788/1159/778
f 784/1146/774 783/1153/773 794/1160/784 795/1161/785
f 774/1147/764 796/1162/786 785/1163/775
f 781/1149/771 780/1154/770 791/1157/781 792/1164/782
f 778/1144/768 777/1143/767 788/1159/778 789/1165/779
f 718/1166/708 784/1146/774 795/1161/785
f 775/1148/765 774/1147/764 785/1163/775 786/1167/776
f 782/1150/772 781/1149/771 792/1164/782 793/1168/783
f 779/1151/769 778/1144/768 789/1165/779 790/1156/780
f 776/1152/766 775/1148/765 786/1167/776 787/1158/777
f 783/1153/773 782/1150/772 793/1168/783 794/1160/784
f 790/1156/780 789/1165/779 801/1169/791 802/1170/792
f 787/1158/777 786/1167/776 798/1171/788 799/1172/789
f 794/1160/784 793/1168/783 805/1173/795 806/1174/796
f 791/1157/781 790/1156/780 802/1170/792 803/1175/793
f 788/1159/778 787/1158/777 799/1172/789 800/1176/790
f 795/1161/785 794/1160/784 806/1174/796 807/1177/797
f 785/1163/775 796/1178/786 797/1179/787
f 792/1164/782 791/1157/781 803/1175/793 804/1180/794
f 789/1165/779 788/1159/778 800/1176/790 801/1169/791
f 718/1181/708 795/1161/785 807/1177/797
f 786/1167/776 785/1163/775 797/1179/787 798/1171/788
f 793/1168/783 792/1164/782 804/1180/794 805/1173/795
f 804/1180/794 803/1175/793 814/1182/804 815/1183/805
f 801/1169/791 800/1176/790 811/1184/801 812/1185/802
f 718/1186/708 807/1177/797 818/1187/808
f 798/1171/788 797/1179/787 808/1188/798 809/1189/799
f 805/1173/795 804/1180/794 815/1183/805 816/1190/806
f 802/1170/792 801/1169/791 812/1185/802 813/1191/803
f 799/1172/789 798/1171/788 809/1189/799 810/1192/800
f 806/1174/796 805/1173/795 816/1190/806 817/1193/807
f 803/1175/793 802/1170/792 813/1191/803 814/1182/804
f 800/1176/790 799/1172/789 810/1192/800 811/1184/801
f 807/1177/797 806/1174/796 817/1193/807 818/1187/808
f 797/1179/787 796/1194/786 808/1188/798
f 814/1182/804 813/1191/803 824/1195/814 825/1196/815
f 811/1184/801 810/1192/800 821/1197/811 822/1198/812
f 818/1187/808 817/1193/807 828/1199/818 829/1200/819
f 808/1188/798 796/1201/786 819/1202/809
f 815/1183/805 814/1182/804 825/1196/815 826/1203/816
f 812/1185/802 811/1184/801 822/1198/812 823/1204/813
f 718/1205/708 818/1187/808 829/1200/819
f 809/1189/799 808/1188/798 819/1202/809 820/1206/810
f 816/1190/806 815/1183/805 826/1203/816 827/1207/817
f 813/1191/803 812/1185/802 823/1204/813 824/1195/814
f 810/1192/800 809/1189/799 820/1206/810 821/1197/811
f 817/1193/807 816/1190/806 827/1207/817 828/1199/818
f 827/1207/817 826/1203/816 837/1208/827 838/1209/828
f 824/1195/814 823/1204/813 834/1210/824 835/1211/825
f 821/1197/811 820/1206/810 831/1212/821 832/1213/822
f 828/1199/818 827/1207/817 838/1209/828 839/1214/829
f 825/1196/815 824/1195/814 835/1211/825 836/1215/826
f 822/1198/812 821/1197/811 832/1213/822 833/1216/823
f 829/1200/819 828/1199/818 839/1214/829 840/1217/830
f 819/1202/809 796/1218/786 830/1219/820
f 826/1203/816 825/1196/815 836/1215/826 837/1208/827
f 823/1204/813 822/1198/812 833/1216/823 834/1210/824
f 718/1220/708 829/1200/819 840/1217/830
f 820/1206/810 819/1202/809 830/1219/820 831/1212/821
f 830/1219/820 796/1221/786 841/1222/831
f 837/1208/827 836/1215/826 847/1223/837 848/1224/838
f 834/1210/824 833/1216/823 844/1225/834 845/1226/835
f 718/1227/708 840/1217/830 851/1228/841
f 831/1212/821 830/1219/820 841/1222/831 842/1229/832
f 838/1209/828 837/1208/827 848/1224/838 849/1230/839
f 835/1211/825 834/1210/824 845/1226/835 846/1231/836
f 832/1213/822 831/1212/821 842/1229/832 843/1232/833
f 839/1214/829 838/1209/828 849/1230/839 850/1233/840
f 836/1215/826 835/1211/825 846/1231/836 847/1223/837
f 833/1216/823 832/1213/822 843/1232/833 844/1225/834
f 840/1217/830 839/1214/829 850/1233/840 851/1228/841
f 850/1233/840 849/1230/839 860/1234/850 861/1235/851
f 847/1223/837 846/1231/836 857/1236/847 858/1237/848
f 844/1225/834 843/1232/833 854/1238/844 855/1239/845
f 851/1228/841 850/1233/840 861/1235/851 862/1240/852
f 841/1222/831 796/1241/786 852/1242/842
f 848/1224/838 847/1223/837 858/1237/848 859/1243/849
f 845/1226/835 844/1225/834 855/1239/845 856/1244/846
f 718/1245/708 851/1228/841 862/1240/852
f 842/1229/832 841/1222/831 852/1242/842 853/1246/843
f 849/1230/839 848/1224/838 859/1243/849 860/1234/850
f 846/1231/836 845/1226/835 856/1244/846 857/1236/847
f 843/1232/833 842/1229/832 853/1246/843 854/1238/844
f 853/1247/843 852/1248/842 863/1249/853 864/1250/854
f 860/1251/850 859/1252/849 870/1253/860 871/1254/861
f 857/1255/847 856/1256/846 867/1257/857 868/1258/858
f 854/1259/844 853/1247/843 864/1250/854 865/1260/855
f 861/1261/851 860/1251/850 871/1254/861 872/1262/862
f 858/1263/848 857/1255/847 868/1258/858 869/1264/859
f 855/1265/845 854/1259/844 865/1260/855 866/1266/856
f 862/1267/852 861/1261/851 872/1262/862 873/1268/863
f 852/1248/842 796/1269/786 863/1249/853
f 859/1252/849 858/1263/848 869/1264/859 870/1253/860
f 856/1256/846 855/1265/845 866/1266/856 867/1257/857
f 718/1270/708 862/1267/852 873/1268/863
f 873/1268/863 872/1262/862 883/1271/873 884/1272/874
f 863/1249/853 796/1273/786 874/1274/864
f 870/1253/860 869/1264/859 880/1275/870 881/1276/871
f 867/1257/857 866/1266/856 877/1277/867 878/1278/868
f 718/1279/708 873/1268/863 884/1272/874
f 864/1250/854 863/1249/853 874/1274/864 875/1280/865
f 871/1254/861 870/1253/860 881/1276/871 882/1281/872
f 868/1258/858 867/1257/857 878/1278/868 879/1282/869
f 865/1260/855 864/1250/854 875/1280/865 876/1283/866
f 872/1262/862 871/1254/861 882/1281/872 883/1271/873
f 869/1264/859 868/1258/858 879/1282/869 880/1275/870
f 866/1266/856 865/1260/855 876/1283/866 877/1277/867
f 876/1283/866 875/1280/865 886/1284/876 887/1285/877
f 883/1271/873 882/1281/872 893/1286/883 894/1287/884
f 880/1275/870 879/1282/869 890/1288/880 891/1289/881
f 877/1277/867 876/1283/866 887/1285/877 888/1290/878
f 884/1272/874 883/1271/873 894/1287/884 895/1291/885
f 874/1274/864 796/1292/786 885/1293/875
f 881/1276/871 880/1275/870 891/1289/881 892/1294/882
f 878/1278/868 877/1277/867 888/1290/878 889/1295/879
f 718/1296/708 884/1272/874 895/1291/885
f 875/1280/865 874/1274/864 885/1293/875 886/1284/876
f 882/1281/872 881/1276/871 892/1294/882 893/1286/883
f 879/1282/869 878/1278/868 889/1295/879 890/1288/880
f 718/1297/708 895/1291/885 906/1298/896
f 886/1284/876 885/1293/875 896/1299/886 897/1300/887
f 893/1286/883 892/1294/882 903/1301/893 904/1302/894
f 890/1288/880 889/1295/879 900/1303/890 901/1304/891
f 887/1285/877 886/1284/876 897/1300/887 898/1305/888
f 894/1287/884 893/1286/883 904/1302/894 905/1306/895
f 891/1289/881 890/1288/880 901/1304/891 902/1307/892
f 888/1290/878 887/1285/877 898/1305/888 899/1308/889
f 895/1291/885 894/1287/884 905/1306/895 906/1298/896
f 885/1293/875 796/1309/786 896/1299/886
f 892/1294/882 891/1289/881 902/1307/892 903/1301/893
f 889/1295/879 888/1290/878 899/1308/889 900/1303/890
f 899/1308/889 898/1305/888 907/1046/897 908/1045/898
f 906/1298/896 905/1306/895 694/1050/684 695/1049/685
f 896/1299/886 796/1310/786 689/1053/679
f 903/1301/893 902/1307/892 693/1041/683 909/1056/899
f 900/1303/890 899/1308/889 908/1045/898 691/1058/681
f 718/1311/708 906/1298/896 695/1049/685
f 897/1300/887 896/1299/886 689/1053/679 690/1061/680
f 904/1302/894 903/1301/893 909/1056/899 910/1063/900
f 901/1304/891 900/1303/890 691/1058/681 692/1042/682
f 898/1305/888 897/1300/887 690/1061/680 907/1046/897
f 905/1306/895 904/1302/894 910/1063/900 694/1050/684
f 902/1307/892 901/1304/891 692/1042/682 693/1041/683
o bristled_back_mane
v 0.000000 1.043016 0.057372
v 0.000000 1.195379 0.122895
v 0.049455 1.038015 0.092954
v 0.007913 1.194579 0.128588
v 0.030565 1.029924 0.150526
v 0.004890 1.193285 0.137799
v -0.030565 1.029924 0.150526
v -0.004890 1.193285 0.137799
v -0.049455 1.038015 0.092954
v -0.007913 1.194579 0.128588
vn 0.5740 0.3235 -0.7523
vn 0.9287 0.1716 0.3288
vn -0.0000 0.0777 0.9970
vn -0.0000 0.9903 0.1392
vn -0.9287 0.1716 0.3288
vn -0.5740 0.3235 -0.7523
vn -0.0000 -0.9903 -0.1392
vt 1.000000 0.500000
vt 1.000000 1.000000
vt 0.800000 1.000000
vt 0.800000 0.500000
vt 0.600000 1.000000
vt 0.600000 0.500000
vt 0.400000 1.000000
vt 0.400000 0.500000
vt 0.478254 0.324164
vt 0.250000 0.490000
vt 0.021746 0.324164
vt 0.108932 0.055836
vt 0.391068 0.055836
vt 0.200000 1.000000
vt 0.200000 0.500000
vt 0.000000 1.000000
vt 0.000000 0.500000
vt 0.750000 0.490000
vt 0.978254 0.324164
vt 0.891068 0.055836
vt 0.608932 0.055836
vt 0.521746 0.324164
s 0
usemtl GnollMane
f 911/1312/901 912/1313/901 914/1314/901 913/1315/901
f 913/1315/902 914/1314/902 916/1316/902 915/1317/902
f 915/1317/903 916/1316/903 918/1318/903 917/1319/903
f 914/1320/904 912/1321/904 920/1322/904 918/1323/904 916/1324/904
f 917/1319/905 918/1318/905 920/1325/905 919/1326/905
f 919/1326/906 920/1325/906 912/1327/906 911/1328/906
f 911/1329/907 913/1330/907 915/1331/907 917/1332/907 919/1333/907
o bristled_back_mane.001
v 0.000000 1.068016 -0.122628
v 0.000000 1.220379 -0.057105
v 0.049455 1.063015 -0.087046
v 0.007913 1.219579 -0.051412
v 0.030565 1.054924 -0.029474
v 0.004890 1.218285 -0.042201
v -0.030565 1.054924 -0.029474
v -0.004890 1.218285 -0.042201
v -0.049455 1.063015 -0.087046
v -0.007913 1.219579 -0.051412
vn 0.5740 0.3235 -0.7523
vn 0.9287 0.1716 0.3288
vn -0.0000 0.0777 0.9970
vn -0.0000 0.9903 0.1392
vn -0.9287 0.1716 0.3288
vn -0.5740 0.3235 -0.7523
vn -0.0000 -0.9903 -0.1392
vt 1.000000 0.500000
vt 1.000000 1.000000
vt 0.800000 1.000000
vt 0.800000 0.500000
vt 0.600000 1.000000
vt 0.600000 0.500000
vt 0.400000 1.000000
vt 0.400000 0.500000
vt 0.478254 0.324164
vt 0.250000 0.490000
vt 0.021746 0.324164
vt 0.108932 0.055836
vt 0.391068 0.055836
vt 0.200000 1.000000
vt 0.200000 0.500000
vt 0.000000 1.000000
vt 0.000000 0.500000
vt 0.750000 0.490000
vt 0.978254 0.324164
vt 0.891068 0.055836
vt 0.608932 0.055836
vt 0.521746 0.324164
s 0
usemtl GnollMane
f 921/1334/908 922/1335/908 924/1336/908 923/1337/908
f 923/1337/909 924/1336/909 926/1338/909 925/1339/909
f 925/1339/910 926/1338/910 928/1340/910 927/1341/910
f 924/1342/911 922/1343/911 930/1344/911 928/1345/911 926/1346/911
f 927/1341/912 928/1340/912 930/1347/912 929/1348/912
f 929/1348/913 930/1347/913 922/1349/913 921/1350/913
f 921/1351/914 923/1352/914 925/1353/914 927/1354/914 929/1355/914
o bristled_back_mane.002
v 0.000000 1.043016 -0.302628
v 0.000000 1.195379 -0.237105
v 0.049455 1.038015 -0.267046
v 0.007913 1.194579 -0.231412
v 0.030565 1.029924 -0.209474
v 0.004890 1.193285 -0.222201
v -0.030565 1.029924 -0.209474
v -0.004890 1.193285 -0.222201
v -0.049455 1.038015 -0.267046
v -0.007913 1.194579 -0.231412
vn 0.5740 0.3235 -0.7523
vn 0.9287 0.1716 0.3288
vn -0.0000 0.0777 0.9970
vn -0.0000 0.9903 0.1392
vn -0.9287 0.1716 0.3288
vn -0.5740 0.3235 -0.7523
vn -0.0000 -0.9903 -0.1392
vt 1.000000 0.500000
vt 1.000000 1.000000
vt 0.800000 1.000000
vt 0.800000 0.500000
vt 0.600000 1.000000
vt 0.600000 0.500000
vt 0.400000 1.000000
vt 0.400000 0.500000
vt 0.478254 0.324164
vt 0.250000 0.490000
vt 0.021746 0.324164
vt 0.108932 0.055836
vt 0.391068 0.055836
vt 0.200000 1.000000
vt 0.200000 0.500000
vt 0.000000 1.000000
vt 0.000000 0.500000
vt 0.750000 0.490000
vt 0.978254 0.324164
vt 0.891068 0.055836
vt 0.608932 0.055836
vt 0.521746 0.324164
s 0
usemtl GnollMane
f 931/1356/915 932/1357/915 934/1358/915 933/1359/915
f 933/1359/916 934/1358/916 936/1360/916 935/1361/916
f 935/1361/917 936/1360/917 938/1362/917 937/1363/917
f 934/1364/918 932/1365/918 940/1366/918 938/1367/918 936/1368/918
f 937/1363/919 938/1362/919 940/1369/919 939/1370/919
f 939/1370/920 940/1369/920 932/1371/920 931/1372/920
f 931/1373/921 933/1374/921 935/1375/921 937/1376/921 939/1377/921
o bristled_back_mane.003
v 0.000000 1.068016 -0.482628
v 0.000000 1.220379 -0.417105
v 0.049455 1.063015 -0.447046
v 0.007913 1.219579 -0.411412
v 0.030565 1.054924 -0.389474
v 0.004890 1.218285 -0.402201
v -0.030565 1.054924 -0.389474
v -0.004890 1.218285 -0.402201
v -0.049455 1.063015 -0.447046
v -0.007913 1.219579 -0.411412
vn 0.5740 0.3235 -0.7523
vn 0.9287 0.1716 0.3288
vn -0.0000 0.0777 0.9970
vn -0.0000 0.9903 0.1392
vn -0.9287 0.1716 0.3288
vn -0.5740 0.3235 -0.7523
vn -0.0000 -0.9903 -0.1392
vt 1.000000 0.500000
vt 1.000000 1.000000
vt 0.800000 1.000000
vt 0.800000 0.500000
vt 0.600000 1.000000
vt 0.600000 0.500000
vt 0.400000 1.000000
vt 0.400000 0.500000
vt 0.478254 0.324164
vt 0.250000 0.490000
vt 0.021746 0.324164
vt 0.108932 0.055836
vt 0.391068 0.055836
vt 0.200000 1.000000
vt 0.200000 0.500000
vt 0.000000 1.000000
vt 0.000000 0.500000
vt 0.750000 0.490000
vt 0.978254 0.324164
vt 0.891068 0.055836
vt 0.608932 0.055836
vt 0.521746 0.324164
s 0
usemtl GnollMane
f 941/1378/922 942/1379/922 944/1380/922 943/1381/922
f 943/1381/923 944/1380/923 946/1382/923 945/1383/923
f 945/1383/924 946/1382/924 948/1384/924 947/1385/924
f 944/1386/925 942/1387/925 950/1388/925 948/1389/925 946/1390/925
f 947/1385/926 948/1384/926 950/1391/926 949/1392/926
f 949/1392/927 950/1391/927 942/1393/927 941/1394/927
f 941/1395/928 943/1396/928 945/1397/928 947/1398/928 949/1399/928
o bristled_back_mane.004
v 0.000000 1.043016 -0.662628
v 0.000000 1.195379 -0.597105
v 0.049455 1.038015 -0.627046
v 0.007913 1.194579 -0.591412
v 0.030565 1.029924 -0.569474
v 0.004890 1.193285 -0.582201
v -0.030565 1.029924 -0.569474
v -0.004890 1.193285 -0.582201
v -0.049455 1.038015 -0.627046
v -0.007913 1.194579 -0.591412
vn 0.5740 0.3235 -0.7523
vn 0.9287 0.1716 0.3288
vn -0.0000 0.0777 0.9970
vn -0.0000 0.9903 0.1392
vn -0.9287 0.1716 0.3288
vn -0.5740 0.3235 -0.7523
vn -0.0000 -0.9903 -0.1392
vt 1.000000 0.500000
vt 1.000000 1.000000
vt 0.800000 1.000000
vt 0.800000 0.500000
vt 0.600000 1.000000
vt 0.600000 0.500000
vt 0.400000 1.000000
vt 0.400000 0.500000
vt 0.478254 0.324164
vt 0.250000 0.490000
vt 0.021746 0.324164
vt 0.108932 0.055836
vt 0.391068 0.055836
vt 0.200000 1.000000
vt 0.200000 0.500000
vt 0.000000 1.000000
vt 0.000000 0.500000
vt 0.750000 0.490000
vt 0.978254 0.324164
vt 0.891068 0.055836
vt 0.608932 0.055836
vt 0.521746 0.324164
s 0
usemtl GnollMane
f 951/1400/929 952/1401/929 954/1402/929 953/1403/929
f 953/1403/930 954/1402/930 956/1404/930 955/1405/930
f 955/1405/931 956/1404/931 958/1406/931 957/1407/931
f 954/1408/932 952/1409/932 960/1410/932 958/1411/932 956/1412/932
f 957/1407/933 958/1406/933 960/1413/933 959/1414/933
f 959/1414/934 960/1413/934 952/1415/934 951/1416/934
f 951/1417/935 953/1418/935 955/1419/935 957/1420/935 959/1421/935
o packrunner_chest_strap
v -0.276000 0.760000 0.396000
v -0.276000 0.774000 0.410000
v -0.290000 0.774000 0.396000
v -0.276000 0.761870 0.402991
v -0.282991 0.761870 0.396000
v -0.282695 0.763687 0.402695
v -0.282991 0.774000 0.408130
v -0.276000 0.767009 0.408130
v -0.282695 0.767305 0.406313
v -0.288130 0.767009 0.396000
v -0.288130 0.774000 0.402991
v -0.286313 0.767305 0.402695
v -0.276000 0.866000 0.410000
v -0.276000 0.880000 0.396000
v -0.290000 0.866000 0.396000
v -0.276000 0.872991 0.408130
v -0.282991 0.866000 0.408130
v -0.282695 0.872695 0.406313
v -0.282991 0.878130 0.396000
v -0.276000 0.878130 0.402991
v -0.282695 0.876313 0.402695
v -0.288130 0.866000 0.402991
v -0.288130 0.872991 0.396000
v -0.286313 0.872695 0.402695
v -0.276000 0.760000 0.324000
v -0.290000 0.774000 0.324000
v -0.276000 0.774000 0.310000
v -0.282991 0.761870 0.324000
v -0.276000 0.761870 0.317009
v -0.282695 0.763687 0.317305
v -0.288130 0.774000 0.317009
v -0.288130 0.767009 0.324000
v -0.286313 0.767305 0.317305
v -0.276000 0.767009 0.311870
v -0.282991 0.774000 0.311870
v -0.282695 0.767305 0.313687
v -0.276000 0.880000 0.324000
v -0.276000 0.866000 0.310000
v -0.290000 0.866000 0.324000
v -0.276000 0.878130 0.317009
v -0.282991 0.878130 0.324000
v -0.282695 0.876313 0.317305
v -0.282991 0.866000 0.311870
v -0.276000 0.872991 0.311870
v -0.282695 0.872695 0.313687
v -0.288130 0.872991 0.324000
v -0.288130 0.866000 0.317009
v -0.286313 0.872695 0.317305
v 0.276000 0.760000 0.396000
v 0.290000 0.774000 0.396000
v 0.276000 0.774000 0.410000
v 0.282991 0.761870 0.396000
v 0.276000 0.761870 0.402991
v 0.282695 0.763687 0.402695
v 0.288130 0.774000 0.402991
v 0.288130 0.767009 0.396000
v 0.286313 0.767305 0.402695
v 0.276000 0.767009 0.408130
v 0.282991 0.774000 0.408130
v 0.282695 0.767305 0.406313
v 0.276000 0.880000 0.396000
v 0.276000 0.866000 0.410000
v 0.290000 0.866000 0.396000
v 0.276000 0.878130 0.402991
v 0.282991 0.878130 0.396000
v 0.282695 0.876313 0.402695
v 0.282991 0.866000 0.408130
v 0.276000 0.872991 0.408130
v 0.282695 0.872695 0.406313
v 0.288130 0.872991 0.396000
v 0.288130 0.866000 0.402991
v 0.286313 0.872695 0.402695
v 0.276000 0.760000 0.324000
v 0.276000 0.774000 0.310000
v 0.290000 0.774000 0.324000
v 0.276000 0.761870 0.317009
v 0.282991 0.761870 0.324000
v 0.282695 0.763687 0.317305
v 0.282991 0.774000 0.311870
v 0.276000 0.767009 0.311870
v 0.282695 0.767305 0.313687
v 0.288130 0.767009 0.324000
v 0.288130 0.774000 0.317009
v 0.286313 0.767305 0.317305
v 0.276000 0.880000 0.324000
v 0.290000 0.866000 0.324000
v 0.276000 0.866000 0.310000
v 0.282991 0.878130 0.324000
v 0.276000 0.878130 0.317009
v 0.282695 0.876313 0.317305
v 0.288130 0.866000 0.317009
v 0.288130 0.872991 0.324000
v 0.286313 0.872695 0.317305
v 0.276000 0.872991 0.311870
v 0.282991 0.866000 0.311870
v 0.282695 0.872695 0.313687
vn -0.2566 -0.9318 0.2566
vn -0.2178 -0.6901 0.6901
vn -0.2566 -0.2566 0.9318
vn -0.6901 -0.2178 0.6901
vn -0.9318 -0.2566 0.2566
vn -0.6901 -0.6901 0.2178
vn -0.5774 -0.5774 0.5773
vn -0.2566 0.2566 0.9318
vn -0.2178 0.6901 0.6901
vn -0.2566 0.9318 0.2566
vn -0.6901 0.6901 0.2178
vn -0.9318 0.2566 0.2566
vn -0.6901 0.2178 0.6901
vn -0.5774 0.5774 0.5773
vn -0.2566 -0.9318 -0.2566
vn -0.6901 -0.6901 -0.2178
vn -0.9318 -0.2566 -0.2566
vn -0.6901 -0.2178 -0.6901
vn -0.2566 -0.2566 -0.9318
vn -0.2178 -0.6901 -0.6901
vn -0.5774 -0.5774 -0.5773
vn -0.2566 0.9318 -0.2566
vn -0.2178 0.6901 -0.6901
vn -0.2566 0.2566 -0.9318
vn -0.6901 0.2178 -0.6901
vn -0.9318 0.2566 -0.2566
vn -0.6901 0.6901 -0.2178
vn -0.5774 0.5774 -0.5773
vn 0.2566 -0.9318 0.2566
vn 0.6901 -0.6901 0.2178
vn 0.9318 -0.2566 0.2566
vn 0.6901 -0.2178 0.6901
vn 0.2566 -0.2566 0.9318
vn 0.2178 -0.6901 0.6901
vn 0.5774 -0.5774 0.5773
vn 0.2566 0.9318 0.2566
vn 0.2178 0.6901 0.6901
vn 0.2566 0.2566 0.9318
vn 0.6901 0.2178 0.6901
vn 0.9318 0.2566 0.2566
vn 0.6901 0.6901 0.2178
vn 0.5774 0.5774 0.5773
vn 0.2566 -0.9318 -0.2566
vn 0.2178 -0.6901 -0.6901
vn 0.2566 -0.2566 -0.9318
vn 0.6901 -0.2178 -0.6901
vn 0.9318 -0.2566 -0.2566
vn 0.6901 -0.6901 -0.2178
vn 0.5774 -0.5774 -0.5773
vn 0.2566 0.9318 -0.2566
vn 0.6901 0.6901 -0.2178
vn 0.9318 0.2566 -0.2566
vn 0.6901 0.2178 -0.6901
vn 0.2566 0.2566 -0.9318
vn 0.2178 0.6901 -0.6901
vn 0.5774 0.5774 -0.5773
vn -0.2585 -0.9660 -0.0000
vn -0.7071 -0.7071 -0.0000
vn -0.9660 -0.2584 -0.0000
vn -0.2585 -0.0000 0.9660
vn -0.7071 -0.0000 0.7071
vn -0.9660 -0.0000 0.2584
vn -0.2585 0.9660 -0.0000
vn -0.7071 0.7071 -0.0000
vn -0.9660 0.2584 -0.0000
vn -0.2585 -0.0000 -0.9660
vn -0.7071 -0.0000 -0.7071
vn -0.9660 -0.0000 -0.2584
vn -0.0000 -0.9660 -0.2585
vn -0.0000 -0.7071 -0.7071
vn -0.0000 -0.2585 -0.9660
vn -0.0000 0.9660 -0.2585
vn -0.0000 0.7071 -0.7071
vn -0.0000 0.2585 -0.9660
vn 0.9660 -0.0000 -0.2584
vn 0.7071 -0.0000 -0.7071
vn 0.2585 -0.0000 -0.9660
vn 0.2585 -0.9660 -0.0000
vn 0.7071 -0.7071 -0.0000
vn 0.9660 -0.2584 -0.0000
vn 0.2585 0.9660 -0.0000
vn 0.7071 0.7071 -0.0000
vn 0.9660 0.2584 -0.0000
vn 0.2585 -0.0000 0.9660
vn 0.7071 -0.0000 0.7071
vn 0.9660 -0.0000 0.2584
vn -0.0000 -0.9660 0.2585
vn -0.0000 -0.7071 0.7071
vn -0.0000 -0.2585 0.9660
vn -0.0000 0.9660 0.2585
vn -0.0000 0.7071 0.7071
vn -0.0000 0.2585 0.9660
vn -0.0000 -1.0000 -0.0000
vn -1.0000 -0.0000 -0.0000
vn -0.0000 -0.0000 1.0000
vn -0.0000 1.0000 -0.0000
vn -0.0000 -0.0000 -1.0000
vn 1.0000 -0.0000 -0.0000
vt 0.131035 0.715000
vt 0.131034 0.732477
vt 0.128149 0.731737
vt 0.128021 0.715000
vt 0.131034 0.750000
vt 0.128149 0.750000
vt 0.404167 0.993965
vt 0.404167 1.000000
vt 0.375000 0.996851
vt 0.375000 0.993966
vt 0.404167 0.000000
vt 0.404167 0.017523
vt 0.375000 0.018263
vt 0.375000 0.000000
vt 0.404167 0.035000
vt 0.375000 0.035000
vt 0.125000 0.715000
vt 0.125000 0.731737
vt 0.595833 0.993965
vt 0.610398 0.993966
vt 0.609781 0.996851
vt 0.595833 1.000000
vt 0.625000 0.993966
vt 0.625000 0.996851
vt 0.868965 0.715000
vt 0.875000 0.715000
vt 0.871851 0.750000
vt 0.868966 0.750000
vt 0.625000 0.035000
vt 0.610398 0.035000
vt 0.609781 0.018263
vt 0.625000 0.000000
vt 0.595833 0.035000
vt 0.595833 0.017523
vt 0.595833 0.000000
vt 0.609781 0.009218
vt 0.609781 0.998411
vt 0.131035 0.535000
vt 0.128021 0.535000
vt 0.128149 0.518263
vt 0.131034 0.517523
vt 0.125000 0.535000
vt 0.125000 0.518263
vt 0.404167 0.215000
vt 0.404167 0.232477
vt 0.375000 0.231737
vt 0.375000 0.215000
vt 0.404167 0.253021
vt 0.375000 0.253149
vt 0.404167 0.256034
vt 0.375000 0.256034
vt 0.131034 0.500000
vt 0.128149 0.500000
vt 0.868965 0.535000
vt 0.868965 0.500000
vt 0.871851 0.500000
vt 0.875000 0.535000
vt 0.625000 0.256034
vt 0.610398 0.256034
vt 0.609781 0.253149
vt 0.625000 0.251760
vt 0.595833 0.256034
vt 0.595833 0.253021
vt 0.595833 0.232477
vt 0.609781 0.233273
vt 0.595833 0.215000
vt 0.610398 0.215000
vt 0.625000 0.215000
vt 0.368966 0.715000
vt 0.371979 0.715000
vt 0.371851 0.731737
vt 0.368966 0.732477
vt 0.389602 0.715000
vt 0.388918 0.731737
vt 0.404167 0.715000
vt 0.404167 0.732477
vt 0.404167 0.753021
vt 0.373844 0.751992
vt 0.404167 0.756035
vt 0.371979 0.753014
vt 0.631035 0.715000
vt 0.628014 0.753021
vt 0.626992 0.751156
vt 0.628021 0.715000
vt 0.610398 0.756034
vt 0.609781 0.753149
vt 0.595833 0.756034
vt 0.595833 0.753021
vt 0.595833 0.732477
vt 0.609781 0.733273
vt 0.595833 0.715000
vt 0.610398 0.715000
vt 0.368966 0.535000
vt 0.368966 0.517523
vt 0.371851 0.518263
vt 0.371979 0.535000
vt 0.371979 0.496986
vt 0.373844 0.498008
vt 0.404167 0.493965
vt 0.404167 0.496979
vt 0.404167 0.517523
vt 0.388918 0.518263
vt 0.404167 0.535000
vt 0.389602 0.535000
vt 0.631034 0.535000
vt 0.628021 0.535000
vt 0.624171 0.512055
vt 0.628014 0.496979
vt 0.610398 0.535000
vt 0.609781 0.518263
vt 0.595833 0.535000
vt 0.595833 0.517523
vt 0.595833 0.496979
vt 0.609781 0.497808
vt 0.595833 0.493965
vt 0.610398 0.493966
s 0
usemtl Hide
f 961/1422/936 964/1423/936 966/1424/936 965/1425/936
f 964/1423/937 968/1426/937 969/1427/937 966/1424/937
f 962/1428/938 967/1429/938 969/1430/938 968/1431/938
f 967/1432/939 971/1433/939 972/1434/939 969/1435/939
f 963/1436/940 970/1437/940 972/1434/940 971/1433/940
f 970/1438/941 965/1425/941 966/1424/941 972/1439/941
f 966/1424/942 969/1427/942 972/1439/942
f 973/1440/943 976/1441/943 978/1442/943 977/1443/943
f 976/1441/944 980/1444/944 981/1445/944 978/1442/944
f 974/1446/945 979/1447/945 981/1448/945 980/1449/945
f 979/1450/946 983/1451/946 984/1452/946 981/1453/946
f 975/1454/947 982/1455/947 984/1452/947 983/1451/947
f 982/1455/948 977/1456/948 978/1457/948 984/1452/948
f 978/1442/949 981/1445/949 984/1458/949
f 985/1459/950 988/1460/950 990/1461/950 989/1462/950
f 988/1460/951 992/1463/951 993/1464/951 990/1461/951
f 986/1465/952 991/1466/952 993/1467/952 992/1468/952
f 991/1466/953 995/1469/953 996/1470/953 993/1467/953
f 987/1471/954 994/1472/954 996/1470/954 995/1469/954
f 994/1473/955 989/1462/955 990/1461/955 996/1474/955
f 990/1461/956 993/1464/956 996/1474/956
f 997/1475/957 1000/1476/957 1002/1477/957 1001/1478/957
f 1000/1479/958 1004/1480/958 1005/1481/958 1002/1482/958
f 998/1483/959 1003/1484/959 1005/1481/959 1004/1480/959
f 1003/1484/960 1007/1485/960 1008/1486/960 1005/1481/960
f 999/1487/961 1006/1488/961 1008/1486/961 1007/1485/961
f 1006/1488/962 1001/1489/962 1002/1482/962 1008/1486/962
f 1002/1482/963 1005/1481/963 1008/1486/963
f 1009/1490/964 1012/1491/964 1014/1492/964 1013/1493/964
f 1012/1491/965 1016/1494/965 1017/1495/965 1014/1492/965
f 1010/1496/966 1015/1497/966 1017/1495/966 1016/1494/966
f 1015/1497/967 1019/1498/967 1020/1499/967 1017/1495/967
f 1011/1500/968 1018/1501/968 1020/1499/968 1019/1498/968
f 1018/1501/969 1013/1493/969 1014/1492/969 1020/1499/969
f 1014/1492/970 1017/1495/970 1020/1499/970
f 1021/1502/971 1024/1503/971 1026/1504/971 1025/1505/971
f 1024/1503/972 1028/1506/972 1029/1507/972 1026/1504/972
f 1022/1508/973 1027/1509/973 1029/1507/973 1028/1506/973
f 1027/1509/974 1031/1510/974 1032/1511/974 1029/1507/974
f 1023/1512/975 1030/1513/975 1032/1511/975 1031/1510/975
f 1030/1513/976 1025/1505/976 1026/1504/976 1032/1511/976
f 1026/1504/977 1029/1507/977 1032/1511/977
f 1033/1514/978 1036/1515/978 1038/1516/978 1037/1517/978
f 1036/1515/979 1040/1518/979 1041/1519/979 1038/1516/979
f 1034/1520/980 1039/1521/980 1041/1519/980 1040/1518/980
f 1039/1521/981 1043/1522/981 1044/1523/981 1041/1519/981
f 1035/1524/982 1042/1525/982 1044/1523/982 1043/1522/982
f 1042/1525/983 1037/1517/983 1038/1516/983 1044/1523/983
f 1038/1516/984 1041/1519/984 1044/1523/984
f 1045/1526/985 1048/1527/985 1050/1528/985 1049/1529/985
f 1048/1527/986 1052/1530/986 1053/1531/986 1050/1528/986
f 1046/1532/987 1051/1533/987 1053/1531/987 1052/1530/987
f 1051/1533/988 1055/1534/988 1056/1535/988 1053/1531/988
f 1047/1536/989 1054/1537/989 1056/1535/989 1055/1534/989
f 1054/1537/990 1049/1529/990 1050/1528/990 1056/1535/990
f 1050/1528/991 1053/1531/991 1056/1535/991
f 985/1459/992 961/1422/992 965/1425/992 988/1460/992
f 988/1460/993 965/1425/993 970/1438/993 992/1463/993
f 992/1468/994 970/1437/994 963/1436/994 986/1465/994
f 962/1428/995 973/1440/995 977/1443/995 967/1429/995
f 967/1432/996 977/1456/996 982/1455/996 971/1433/996
f 971/1433/997 982/1455/997 975/1454/997 963/1436/997
f 974/1446/998 997/1475/998 1001/1478/998 979/1447/998
f 979/1450/999 1001/1489/999 1006/1488/999 983/1451/999
f 983/1451/1000 1006/1488/1000 999/1487/1000 975/1454/1000
f 998/1483/1001 987/1471/1001 995/1469/1001 1003/1484/1001
f 1003/1484/1002 995/1469/1002 991/1466/1002 1007/1485/1002
f 1007/1485/1003 991/1466/1003 986/1465/1003 999/1487/1003
f 1033/1514/1004 985/1459/1004 989/1462/1004 1036/1515/1004
f 1036/1515/1005 989/1462/1005 994/1473/1005 1040/1518/1005
f 1040/1518/1006 994/1472/1006 987/1471/1006 1034/1520/1006
f 997/1475/1007 1045/1526/1007 1049/1529/1007 1000/1476/1007
f 1000/1479/1008 1049/1529/1008 1054/1537/1008 1004/1480/1008
f 1004/1480/1009 1054/1537/1009 1047/1536/1009 998/1483/1009
f 1046/1532/1010 1035/1524/1010 1043/1522/1010 1051/1533/1010
f 1051/1533/1011 1043/1522/1011 1039/1521/1011 1055/1534/1011
f 1055/1534/1012 1039/1521/1012 1034/1520/1012 1047/1536/1012
f 1009/1490/1013 1033/1514/1013 1037/1517/1013 1012/1491/1013
f 1012/1491/1014 1037/1517/1014 1042/1525/1014 1016/1494/1014
f 1016/1494/1015 1042/1525/1015 1035/1524/1015 1010/1496/1015
f 1045/1526/1016 1021/1502/1016 1025/1505/1016 1048/1527/1016
f 1048/1527/1017 1025/1505/1017 1030/1513/1017 1052/1530/1017
f 1052/1530/1018 1030/1513/1018 1023/1512/1018 1046/1532/1018
f 1022/1508/1019 1011/1500/1019 1019/1498/1019 1027/1509/1019
f 1027/1509/1020 1019/1498/1020 1015/1497/1020 1031/1510/1020
f 1031/1510/1021 1015/1497/1021 1010/1496/1021 1023/1512/1021
f 961/1422/1022 1009/1490/1022 1013/1493/1022 964/1423/1022
f 964/1423/1023 1013/1493/1023 1018/1501/1023 968/1426/1023
f 968/1431/1024 1018/1501/1024 1011/1500/1024 962/1428/1024
f 1021/1502/1025 974/1446/1025 980/1449/1025 1024/1503/1025
f 1024/1503/1026 980/1444/1026 976/1441/1026 1028/1506/1026
f 1028/1506/1027 976/1441/1027 973/1440/1027 1022/1508/1027
f 985/1459/1028 1033/1514/1028 1009/1490/1028 961/1422/1028
f 963/1436/1029 975/1454/1029 999/1487/1029 986/1465/1029
f 1011/1500/1030 1022/1508/1030 973/1440/1030 962/1428/1030
f 1045/1526/1031 997/1475/1031 974/1446/1031 1021/1502/1031
f 987/1471/1032 998/1483/1032 1047/1536/1032 1034/1520/1032
f 1035/1524/1033 1046/1532/1033 1023/1512/1033 1010/1496/1033
o packrunner_harness_plate
v -0.186854 0.965874 0.442000
v -0.180000 0.979337 0.450000
v -0.173146 0.965874 0.442000
v -0.182573 0.971186 0.447657
v -0.180000 0.970042 0.446619
v -0.177427 0.971186 0.447657
v -0.180000 0.967583 0.442000
v -0.113754 0.930126 0.442000
v -0.099609 0.930949 0.450000
v -0.105595 0.918107 0.442000
v -0.107536 0.929118 0.447657
v -0.106736 0.926112 0.446619
v -0.104237 0.924258 0.447657
v -0.108525 0.924897 0.442000
v -0.096305 0.861893 0.442000
v -0.086432 0.851220 0.450000
v -0.100690 0.848377 0.442000
v -0.093003 0.856286 0.447657
v -0.094880 0.853961 0.446619
v -0.094726 0.850977 0.447657
v -0.097049 0.854665 0.442000
v -0.174310 0.775623 0.442000
v -0.180000 0.758753 0.450000
v -0.185690 0.775623 0.442000
v -0.178320 0.768366 0.447657
v -0.180000 0.770006 0.446619
v -0.181681 0.768366 0.447657
v -0.180000 0.773294 0.442000
v -0.259310 0.848377 0.442000
v -0.273568 0.851220 0.450000
v -0.263695 0.861893 0.442000
v -0.265274 0.850977 0.447657
v -0.265120 0.853961 0.446619
v -0.266997 0.856286 0.447657
v -0.262951 0.854665 0.442000
v -0.246246 0.930126 0.442000
v -0.254405 0.918107 0.442000
v -0.260391 0.930949 0.450000
v -0.251475 0.924897 0.442000
v -0.253265 0.926112 0.446619
v -0.255763 0.924258 0.447657
v -0.252464 0.929118 0.447657
v -0.186854 0.965874 0.418000
v -0.173146 0.965874 0.418000
v -0.180000 0.979337 0.410000
v -0.180000 0.967583 0.418000
v -0.180000 0.970042 0.413381
v -0.177427 0.971186 0.412343
v -0.182573 0.971186 0.412343
v -0.105595 0.918107 0.418000
v -0.099609 0.930949 0.410000
v -0.113754 0.930126 0.418000
v -0.104237 0.924258 0.412343
v -0.106736 0.926112 0.413381
v -0.107536 0.929118 0.412343
v -0.108525 0.924897 0.418000
v -0.100690 0.848377 0.418000
v -0.086432 0.851220 0.410000
v -0.096305 0.861893 0.418000
v -0.094726 0.850977 0.412343
v -0.094880 0.853961 0.413381
v -0.093003 0.856286 0.412343
v -0.097049 0.854665 0.418000
v -0.185690 0.775623 0.418000
v -0.180000 0.758753 0.410000
v -0.174310 0.775623 0.418000
v -0.181681 0.768366 0.412343
v -0.180000 0.770006 0.413381
v -0.178320 0.768366 0.412343
v -0.180000 0.773294 0.418000
v -0.263695 0.861893 0.418000
v -0.273568 0.851220 0.410000
v -0.259310 0.848377 0.418000
v -0.266997 0.856286 0.412343
v -0.265120 0.853961 0.413381
v -0.265274 0.850977 0.412343
v -0.262951 0.854665 0.418000
v -0.246246 0.930126 0.418000
v -0.260391 0.930949 0.410000
v -0.254405 0.918107 0.418000
v -0.252464 0.929118 0.412343
v -0.253265 0.926112 0.413381
v -0.255763 0.924258 0.412343
v -0.251475 0.924897 0.418000
vn -0.1114 0.8144 -0.5694
vn -0.0000 0.3418 -0.9398
vn 0.1114 0.8144 -0.5694
vn 0.6556 0.5458 -0.5219
vn 0.3023 0.2052 -0.9308
vn 0.7492 0.4078 -0.5219
vn 0.8240 -0.1673 -0.5414
vn 0.3384 -0.1098 -0.9346
vn 0.7652 -0.3484 -0.5414
vn 0.1624 -0.7196 -0.6751
vn -0.0000 -0.2878 -0.9577
vn -0.1624 -0.7196 -0.6751
vn -0.7652 -0.3484 -0.5414
vn -0.3384 -0.1098 -0.9346
vn -0.8240 -0.1673 -0.5414
vn -0.6556 0.5458 -0.5219
vn -0.7492 0.4079 -0.5219
vn -0.3023 0.2052 -0.9308
vn -0.1114 0.8144 0.5694
vn 0.1114 0.8144 0.5694
vn -0.0000 0.3418 0.9398
vn 0.7492 0.4078 0.5219
vn 0.3023 0.2052 0.9308
vn 0.6556 0.5458 0.5219
vn 0.7652 -0.3484 0.5414
vn 0.3384 -0.1098 0.9346
vn 0.8240 -0.1673 0.5414
vn -0.1624 -0.7196 0.6751
vn -0.0000 -0.2878 0.9577
vn 0.1624 -0.7196 0.6751
vn -0.8240 -0.1673 0.5414
vn -0.3384 -0.1098 0.9346
vn -0.7652 -0.3484 0.5414
vn -0.6556 0.5458 0.5219
vn -0.3023 0.2052 0.9308
vn -0.7492 0.4078 0.5219
vn -0.4764 0.7916 -0.3827
vn -0.1974 0.3279 -0.9239
vn 0.1974 0.3279 -0.9239
vn 0.4764 0.7916 -0.3827
vn 0.3776 0.0624 -0.9239
vn 0.9115 0.1507 -0.3827
vn 0.2690 -0.2722 -0.9239
vn 0.6494 -0.6571 -0.3827
vn -0.2690 -0.2722 -0.9239
vn -0.6494 -0.6571 -0.3827
vn -0.3776 0.0624 -0.9239
vn -0.9115 0.1507 -0.3827
vn -0.1974 0.3279 0.9239
vn -0.4764 0.7916 0.3827
vn -0.9115 0.1507 0.3827
vn -0.3776 0.0624 0.9239
vn -0.6494 -0.6571 0.3827
vn -0.2690 -0.2722 0.9239
vn 0.6494 -0.6571 0.3827
vn 0.2690 -0.2722 0.9239
vn 0.9115 0.1507 0.3827
vn 0.3776 0.0624 0.9239
vn 0.4764 0.7916 0.3827
vn 0.1974 0.3279 0.9239
vn 0.2419 0.9703 -0.0000
vn -0.2419 0.9703 -0.0000
vn 0.9182 0.3962 -0.0000
vn 0.7071 0.7071 -0.0000
vn 0.8654 -0.5011 -0.0000
vn 0.9947 -0.1024 -0.0000
vn -0.3788 -0.9255 -0.0000
vn 0.3788 -0.9255 -0.0000
vn -0.9947 -0.1024 -0.0000
vn -0.8654 -0.5011 -0.0000
vn -0.7071 0.7071 -0.0000
vn -0.9182 0.3962 -0.0000
vn -0.5157 0.8568 -0.0000
vn 0.5157 0.8568 -0.0000
vn -0.0000 -0.0000 -1.0000
vn 0.9866 0.1631 -0.0000
vn 0.7029 -0.7113 -0.0000
vn -0.7029 -0.7113 -0.0000
vn -0.9866 0.1631 -0.0000
vn -0.0000 -0.0000 1.0000
s 0
usemtl RaiderPlate
f 1057//1034 1060//1034 1061//1034 1063//1034
f 1058//1035 1062//1035 1061//1035 1060//1035
f 1059//1036 1063//1036 1061//1036 1062//1036
f 1064//1037 1067//1037 1068//1037 1070//1037
f 1065//1038 1069//1038 1068//1038 1067//1038
f 1066//1039 1070//1039 1068//1039 1069//1039
f 1071//1040 1074//1040 1075//1040 1077//1040
f 1072//1041 1076//1041 1075//1041 1074//1041
f 1073//1042 1077//1042 1075//1042 1076//1042
f 1078//1043 1081//1043 1082//1043 1084//1043
f 1079//1044 1083//1044 1082//1044 1081//1044
f 1080//1045 1084//1045 1082//1045 1083//1045
f 1085//1046 1088//1046 1089//1046 1091//1046
f 1086//1047 1090//1047 1089//1047 1088//1047
f 1087//1048 1091//1048 1089//1048 1090//1048
f 1092//1049 1095//1049 1096//1049 1098//1049
f 1093//1050 1097//1050 1096//1050 1095//1050
f 1094//1051 1098//1051 1096//1051 1097//1051
f 1099//1052 1102//1052 1103//1052 1105//1052
f 1100//1053 1104//1053 1103//1053 1102//1053
f 1101//1054 1105//1054 1103//1054 1104//1054
f 1106//1055 1109//1055 1110//1055 1112//1055
f 1107//1056 1111//1056 1110//1056 1109//1056
f 1108//1057 1112//1057 1110//1057 1111//1057
f 1113//1058 1116//1058 1117//1058 1119//1058
f 1114//1059 1118//1059 1117//1059 1116//1059
f 1115//1060 1119//1060 1117//1060 1118//1060
f 1120//1061 1123//1061 1124//1061 1126//1061
f 1121//1062 1125//1062 1124//1062 1123//1062
f 1122//1063 1126//1063 1124//1063 1125//1063
f 1127//1064 1130//1064 1131//1064 1133//1064
f 1128//1065 1132//1065 1131//1065 1130//1065
f 1129//1066 1133//1066 1131//1066 1132//1066
f 1134//1067 1137//1067 1138//1067 1140//1067
f 1135//1068 1139//1068 1138//1068 1137//1068
f 1136//1069 1140//1069 1138//1069 1139//1069
f 1057//1070 1092//1070 1098//1070 1060//1070
f 1060//1071 1098//1071 1094//1071 1058//1071
f 1058//1072 1065//1072 1067//1072 1062//1072
f 1062//1073 1067//1073 1064//1073 1059//1073
f 1065//1074 1072//1074 1074//1074 1069//1074
f 1069//1075 1074//1075 1071//1075 1066//1075
f 1072//1076 1079//1076 1081//1076 1076//1076
f 1076//1077 1081//1077 1078//1077 1073//1077
f 1079//1078 1086//1078 1088//1078 1083//1078
f 1083//1079 1088//1079 1085//1079 1080//1079
f 1086//1080 1094//1080 1097//1080 1090//1080
f 1090//1081 1097//1081 1093//1081 1087//1081
f 1101//1082 1135//1082 1137//1082 1105//1082
f 1105//1083 1137//1083 1134//1083 1099//1083
f 1127//1084 1136//1084 1139//1084 1130//1084
f 1130//1085 1139//1085 1135//1085 1128//1085
f 1120//1086 1129//1086 1132//1086 1123//1086
f 1123//1087 1132//1087 1128//1087 1121//1087
f 1113//1088 1122//1088 1125//1088 1116//1088
f 1116//1089 1125//1089 1121//1089 1114//1089
f 1106//1090 1115//1090 1118//1090 1109//1090
f 1109//1091 1118//1091 1114//1091 1107//1091
f 1100//1092 1108//1092 1111//1092 1104//1092
f 1104//1093 1111//1093 1107//1093 1101//1093
f 1059//1094 1100//1094 1102//1094 1063//1094
f 1063//1095 1102//1095 1099//1095 1057//1095
f 1066//1096 1106//1096 1112//1096 1070//1096
f 1070//1097 1112//1097 1108//1097 1064//1097
f 1073//1098 1113//1098 1119//1098 1077//1098
f 1077//1099 1119//1099 1115//1099 1071//1099
f 1080//1100 1120//1100 1126//1100 1084//1100
f 1084//1101 1126//1101 1122//1101 1078//1101
f 1087//1102 1127//1102 1133//1102 1091//1102
f 1091//1103 1133//1103 1129//1103 1085//1103
f 1092//1104 1134//1104 1140//1104 1095//1104
f 1095//1105 1140//1105 1136//1105 1093//1105
f 1092//1106 1057//1106 1099//1106 1134//1106
f 1059//1107 1064//1107 1108//1107 1100//1107
f 1058//1108 1065//1108 1072//1108 1079//1108 1086//1108 1094//1108
f 1066//1109 1071//1109 1115//1109 1106//1109
f 1073//1110 1078//1110 1122//1110 1113//1110
f 1080//1111 1085//1111 1129//1111 1120//1111
f 1087//1112 1093//1112 1136//1112 1127//1112
f 1135//1113 1128//1113 1121//1113 1114//1113 1107//1113 1101//1113
o packrunner_harness_plate.001
v 0.173146 0.965874 0.442000
v 0.180000 0.979337 0.450000
v 0.186854 0.965874 0.442000
v 0.177427 0.971186 0.447657
v 0.180000 0.970042 0.446619
v 0.182573 0.971186 0.447657
v 0.180000 0.967583 0.442000
v 0.246246 0.930126 0.442000
v 0.260391 0.930949 0.450000
v 0.254405 0.918107 0.442000
v 0.252464 0.929118 0.447657
v 0.253265 0.926112 0.446619
v 0.255763 0.924258 0.447657
v 0.251475 0.924897 0.442000
v 0.263695 0.861893 0.442000
v 0.273568 0.851220 0.450000
v 0.259310 0.848377 0.442000
v 0.266997 0.856286 0.447657
v 0.265120 0.853961 0.446619
v 0.265274 0.850977 0.447657
v 0.262951 0.854665 0.442000
v 0.185690 0.775623 0.442000
v 0.180000 0.758753 0.450000
v 0.174310 0.775623 0.442000
v 0.181681 0.768366 0.447657
v 0.180000 0.770006 0.446619
v 0.178320 0.768366 0.447657
v 0.180000 0.773294 0.442000
v 0.100690 0.848377 0.442000
v 0.086432 0.851220 0.450000
v 0.096305 0.861893 0.442000
v 0.094726 0.850977 0.447657
v 0.094880 0.853961 0.446619
v 0.093003 0.856286 0.447657
v 0.097049 0.854665 0.442000
v 0.113754 0.930126 0.442000
v 0.105595 0.918107 0.442000
v 0.099609 0.930949 0.450000
v 0.108525 0.924897 0.442000
v 0.106736 0.926112 0.446619
v 0.104237 0.924258 0.447657
v 0.107536 0.929118 0.447657
v 0.173146 0.965874 0.418000
v 0.186854 0.965874 0.418000
v 0.180000 0.979337 0.410000
v 0.180000 0.967583 0.418000
v 0.180000 0.970042 0.413381
v 0.182573 0.971186 0.412343
v 0.177427 0.971186 0.412343
v 0.254405 0.918107 0.418000
v 0.260391 0.930949 0.410000
v 0.246246 0.930126 0.418000
v 0.255763 0.924258 0.412343
v 0.253265 0.926112 0.413381
v 0.252464 0.929118 0.412343
v 0.251475 0.924897 0.418000
v 0.259310 0.848377 0.418000
v 0.273568 0.851220 0.410000
v 0.263695 0.861893 0.418000
v 0.265274 0.850977 0.412343
v 0.265120 0.853961 0.413381
v 0.266997 0.856286 0.412343
v 0.262951 0.854665 0.418000
v 0.174310 0.775623 0.418000
v 0.180000 0.758753 0.410000
v 0.185690 0.775623 0.418000
v 0.178320 0.768366 0.412343
v 0.180000 0.770006 0.413381
v 0.181681 0.768366 0.412343
v 0.180000 0.773294 0.418000
v 0.096305 0.861893 0.418000
v 0.086432 0.851220 0.410000
v 0.100690 0.848377 0.418000
v 0.093003 0.856286 0.412343
v 0.094880 0.853961 0.413381
v 0.094726 0.850977 0.412343
v 0.097049 0.854665 0.418000
v 0.113754 0.930126 0.418000
v 0.099609 0.930949 0.410000
v 0.105595 0.918107 0.418000
v 0.107536 0.929118 0.412343
v 0.106736 0.926112 0.413381
v 0.104237 0.924258 0.412343
v 0.108525 0.924897 0.418000
vn -0.1114 0.8144 -0.5694
vn -0.0000 0.3418 -0.9398
vn 0.1114 0.8144 -0.5694
vn 0.6556 0.5458 -0.5219
vn 0.3023 0.2052 -0.9308
vn 0.7492 0.4078 -0.5219
vn 0.8240 -0.1673 -0.5414
vn 0.3384 -0.1098 -0.9346
vn 0.7652 -0.3484 -0.5414
vn 0.1624 -0.7196 -0.6751
vn -0.0000 -0.2878 -0.9577
vn -0.1624 -0.7196 -0.6751
vn -0.7652 -0.3484 -0.5414
vn -0.3384 -0.1098 -0.9346
vn -0.8240 -0.1673 -0.5414
vn -0.6556 0.5458 -0.5219
vn -0.7492 0.4079 -0.5219
vn -0.3023 0.2052 -0.9308
vn -0.1114 0.8144 0.5694
vn 0.1114 0.8144 0.5694
vn -0.0000 0.3418 0.9398
vn 0.7492 0.4078 0.5219
vn 0.3023 0.2052 0.9308
vn 0.6556 0.5458 0.5219
vn 0.7652 -0.3484 0.5414
vn 0.3384 -0.1098 0.9346
vn 0.8240 -0.1673 0.5414
vn -0.1624 -0.7196 0.6751
vn -0.0000 -0.2878 0.9577
vn 0.1624 -0.7196 0.6751
vn -0.8240 -0.1673 0.5414
vn -0.3384 -0.1098 0.9346
vn -0.7652 -0.3484 0.5414
vn -0.6556 0.5458 0.5219
vn -0.3023 0.2052 0.9308
vn -0.7492 0.4078 0.5219
vn -0.4764 0.7916 -0.3827
vn -0.1974 0.3279 -0.9239
vn 0.1974 0.3279 -0.9239
vn 0.4764 0.7916 -0.3827
vn 0.3776 0.0624 -0.9239
vn 0.9115 0.1507 -0.3827
vn 0.2690 -0.2722 -0.9239
vn 0.6494 -0.6571 -0.3827
vn -0.2690 -0.2722 -0.9239
vn -0.6494 -0.6571 -0.3827
vn -0.3776 0.0624 -0.9239
vn -0.9115 0.1507 -0.3827
vn -0.1974 0.3279 0.9239
vn -0.4764 0.7916 0.3827
vn -0.9115 0.1507 0.3827
vn -0.3776 0.0624 0.9239
vn -0.6494 -0.6571 0.3827
vn -0.2690 -0.2722 0.9239
vn 0.6494 -0.6571 0.3827
vn 0.2690 -0.2722 0.9239
vn 0.9115 0.1507 0.3827
vn 0.3776 0.0624 0.9239
vn 0.4764 0.7916 0.3827
vn 0.1974 0.3279 0.9239
vn 0.2419 0.9703 -0.0000
vn -0.2419 0.9703 -0.0000
vn 0.9182 0.3962 -0.0000
vn 0.7071 0.7071 -0.0000
vn 0.8654 -0.5011 -0.0000
vn 0.9947 -0.1024 -0.0000
vn -0.3788 -0.9255 -0.0000
vn 0.3788 -0.9255 -0.0000
vn -0.9947 -0.1024 -0.0000
vn -0.8654 -0.5011 -0.0000
vn -0.7071 0.7071 -0.0000
vn -0.9182 0.3962 -0.0000
vn -0.5157 0.8568 -0.0000
vn 0.5157 0.8568 -0.0000
vn -0.0000 -0.0000 -1.0000
vn 0.9866 0.1631 -0.0000
vn 0.7029 -0.7113 -0.0000
vn -0.7029 -0.7113 -0.0000
vn -0.9866 0.1631 -0.0000
vn -0.0000 -0.0000 1.0000
s 0
usemtl RaiderPlate
f 1141//1114 1144//1114 1145//1114 1147//1114
f 1142//1115 1146//1115 1145//1115 1144//1115
f 1143//1116 1147//1116 1145//1116 1146//1116
f 1148//1117 1151//1117 1152//1117 1154//1117
f 1149//1118 1153//1118 1152//1118 1151//1118
f 1150//1119 1154//1119 1152//1119 1153//1119
f 1155//1120 1158//1120 1159//1120 1161//1120
f 1156//1121 1160//1121 1159//1121 1158//1121
f 1157//1122 1161//1122 1159//1122 1160//1122
f 1162//1123 1165//1123 1166//1123 1168//1123
f 1163//1124 1167//1124 1166//1124 1165//1124
f 1164//1125 1168//1125 1166//1125 1167//1125
f 1169//1126 1172//1126 1173//1126 1175//1126
f 1170//1127 1174//1127 1173//1127 1172//1127
f 1171//1128 1175//1128 1173//1128 1174//1128
f 1176//1129 1179//1129 1180//1129 1182//1129
f 1177//1130 1181//1130 1180//1130 1179//1130
f 1178//1131 1182//1131 1180//1131 1181//1131
f 1183//1132 1186//1132 1187//1132 1189//1132
f 1184//1133 1188//1133 1187//1133 1186//1133
f 1185//1134 1189//1134 1187//1134 1188//1134
f 1190//1135 1193//1135 1194//1135 1196//1135
f 1191//1136 1195//1136 1194//1136 1193//1136
f 1192//1137 1196//1137 1194//1137 1195//1137
f 1197//1138 1200//1138 1201//1138 1203//1138
f 1198//1139 1202//1139 1201//1139 1200//1139
f 1199//1140 1203//1140 1201//1140 1202//1140
f 1204//1141 1207//1141 1208//1141 1210//1141
f 1205//1142 1209//1142 1208//1142 1207//1142
f 1206//1143 1210//1143 1208//1143 1209//1143
f 1211//1144 1214//1144 1215//1144 1217//1144
f 1212//1145 1216//1145 1215//1145 1214//1145
f 1213//1146 1217//1146 1215//1146 1216//1146
f 1218//1147 1221//1147 1222//1147 1224//1147
f 1219//1148 1223//1148 1222//1148 1221//1148
f 1220//1149 1224//1149 1222//1149 1223//1149
f 1141//1150 1176//1150 1182//1150 1144//1150
f 1144//1151 1182//1151 1178//1151 1142//1151
f 1142//1152 1149//1152 1151//1152 1146//1152
f 1146//1153 1151//1153 1148//1153 1143//1153
f 1149//1154 1156//1154 1158//1154 1153//1154
f 1153//1155 1158//1155 1155//1155 1150//1155
f 1156//1156 1163//1156 1165//1156 1160//1156
f 1160//1157 1165//1157 1162//1157 1157//1157
f 1163//1158 1170//1158 1172//1158 1167//1158
f 1167//1159 1172//1159 1169//1159 1164//1159
f 1170//1160 1178//1160 1181//1160 1174//1160
f 1174//1161 1181//1161 1177//1161 1171//1161
f 1185//1162 1219//1162 1221//1162 1189//1162
f 1189//1163 1221//1163 1218//1163 1183//1163
f 1211//1164 1220//1164 1223//1164 1214//1164
f 1214//1165 1223//1165 1219//1165 1212//1165
f 1204//1166 1213//1166 1216//1166 1207//1166
f 1207//1167 1216//1167 1212//1167 1205//1167
f 1197//1168 1206//1168 1209//1168 1200//1168
f 1200//1169 1209//1169 1205//1169 1198//1169
f 1190//1170 1199//1170 1202//1170 1193//1170
f 1193//1171 1202//1171 1198//1171 1191//1171
f 1184//1172 1192//1172 1195//1172 1188//1172
f 1188//1173 1195//1173 1191//1173 1185//1173
f 1143//1174 1184//1174 1186//1174 1147//1174
f 1147//1175 1186//1175 1183//1175 1141//1175
f 1150//1176 1190//1176 1196//1176 1154//1176
f 1154//1177 1196//1177 1192//1177 1148//1177
f 1157//1178 1197//1178 1203//1178 1161//1178
f 1161//1179 1203//1179 1199//1179 1155//1179
f 1164//1180 1204//1180 1210//1180 1168//1180
f 1168//1181 1210//1181 1206//1181 1162//1181
f 1171//1182 1211//1182 1217//1182 1175//1182
f 1175//1183 1217//1183 1213//1183 1169//1183
f 1176//1184 1218//1184 1224//1184 1179//1184
f 1179//1185 1224//1185 1220//1185 1177//1185
f 1176//1186 1141//1186 1183//1186 1218//1186
f 1143//1187 1148//1187 1192//1187 1184//1187
f 1142//1188 1149//1188 1156//1188 1163//1188 1170//1188 1178//1188
f 1150//1189 1155//1189 1199//1189 1190//1189
f 1157//1190 1162//1190 1206//1190 1197//1190
f 1164//1191 1169//1191 1213//1191 1204//1191
f 1171//1192 1177//1192 1220//1192 1211//1192
f 1219//1193 1212//1193 1205//1193 1198//1193 1191//1193 1185//1193
o packrunner_bronze_tag
v 0.000000 0.832000 0.445000
v 0.000000 0.832000 0.495000
v 0.024687 0.823979 0.445000
v 0.024687 0.823979 0.495000
v 0.039944 0.802979 0.445000
v 0.039944 0.802979 0.495000
v 0.039944 0.777021 0.445000
v 0.039944 0.777021 0.495000
v 0.024687 0.756021 0.445000
v 0.024687 0.756021 0.495000
v 0.000000 0.748000 0.445000
v 0.000000 0.748000 0.495000
v -0.024687 0.756021 0.445000
v -0.024687 0.756021 0.495000
v -0.039944 0.777021 0.445000
v -0.039944 0.777021 0.495000
v -0.039944 0.802979 0.445000
v -0.039944 0.802979 0.495000
v -0.024687 0.823979 0.445000
v -0.024687 0.823979 0.495000
vn -0.0000 0.7653 -0.6437
vn -0.0000 0.7653 0.6437
vn 0.4498 0.6191 -0.6437
vn 0.4498 0.6191 0.6437
vn 0.7278 0.2365 -0.6437
vn 0.7278 0.2365 0.6437
vn 0.7278 -0.2365 -0.6437
vn 0.7278 -0.2365 0.6437
vn 0.4498 -0.6191 -0.6437
vn 0.4498 -0.6191 0.6437
vn -0.0000 -0.7653 -0.6437
vn -0.0000 -0.7653 0.6437
vn -0.4498 -0.6191 -0.6437
vn -0.4498 -0.6191 0.6437
vn -0.7278 -0.2365 -0.6437
vn -0.7278 -0.2365 0.6437
vn -0.7278 0.2365 -0.6437
vn -0.7278 0.2365 0.6437
vn -0.4498 0.6191 -0.6437
vn -0.4498 0.6191 0.6437
vt 1.000000 0.500000
vt 1.000000 1.000000
vt 0.900000 1.000000
vt 0.900000 0.500000
vt 0.800000 1.000000
vt 0.800000 0.500000
vt 0.700000 1.000000
vt 0.700000 0.500000
vt 0.600000 1.000000
vt 0.600000 0.500000
vt 0.500000 1.000000
vt 0.500000 0.500000
vt 0.400000 1.000000
vt 0.400000 0.500000
vt 0.300000 1.000000
vt 0.300000 0.500000
vt 0.200000 1.000000
vt 0.200000 0.500000
vt 0.391068 0.444164
vt 0.250000 0.490000
vt 0.108932 0.444164
vt 0.021746 0.324164
vt 0.021746 0.175836
vt 0.108932 0.055836
vt 0.250000 0.010000
vt 0.391068 0.055836
vt 0.478254 0.175836
vt 0.478254 0.324164
vt 0.100000 1.000000
vt 0.100000 0.500000
vt -0.000000 1.000000
vt -0.000000 0.500000
vt 0.750000 0.490000
vt 0.891068 0.444164
vt 0.978254 0.324164
vt 0.978254 0.175836
vt 0.891068 0.055836
vt 0.750000 0.010000
vt 0.608932 0.055836
vt 0.521746 0.175836
vt 0.521746 0.324164
vt 0.608932 0.444164
s 1
usemtl WornBronze
f 1225/1538/1194 1226/1539/1195 1228/1540/1197 1227/1541/1196
f 1227/1541/1196 1228/1540/1197 1230/1542/1199 1229/1543/1198
f 1229/1543/1198 1230/1542/1199 1232/1544/1201 1231/1545/1200
f 1231/1545/1200 1232/1544/1201 1234/1546/1203 1233/1547/1202
f 1233/1547/1202 1234/1546/1203 1236/1548/1205 1235/1549/1204
f 1235/1549/1204 1236/1548/1205 1238/1550/1207 1237/1551/1206
f 1237/1551/1206 1238/1550/1207 1240/1552/1209 1239/1553/1208
f 1239/1553/1208 1240/1552/1209 1242/1554/1211 1241/1555/1210
f 1228/1556/1197 1226/1557/1195 1244/1558/1213 1242/1559/1211 1240/1560/1209 1238/1561/1207 1236/1562/1205 1234/1563/1203 1232/1564/1201 1230/1565/1199
f 1241/1555/1210 1242/1554/1211 1244/1566/1213 1243/1567/1212
f 1243/1567/1212 1244/1566/1213 1226/1568/1195 1225/1569/1194
f 1225/1570/1194 1227/1571/1196 1229/1572/1198 1231/1573/1200 1233/1574/1202 1235/1575/1204 1237/1576/1206 1239/1577/1208 1241/1578/1210 1243/1579/1212
o packrunner_tail
v 0.001387 0.983117 -0.636641
v 0.040370 0.819498 -1.104437
v -0.042810 0.969153 -0.637123
v 0.028584 0.815774 -1.104566
v -0.070654 0.932595 -0.631066
v 0.021159 0.806025 -1.102951
v -0.071511 0.887405 -0.620781
v 0.020930 0.793975 -1.100208
v -0.045053 0.850847 -0.610198
v 0.027986 0.784226 -1.097386
v -0.001387 0.836882 -0.603359
v 0.039630 0.780502 -1.095563
v 0.042810 0.850847 -0.602877
v 0.051416 0.784226 -1.095434
v 0.070654 0.887405 -0.608934
v 0.058841 0.793975 -1.097049
v 0.071511 0.932595 -0.619219
v 0.059070 0.806025 -1.099792
v 0.045053 0.969153 -0.629802
v 0.052014 0.815774 -1.102614
vn -0.0339 0.9126 0.4074
vn 0.0689 0.5582 -0.8268
vn -0.5046 0.7639 0.4022
vn -0.3606 0.4225 -0.8315
vn -0.8012 0.3746 0.4667
vn -0.6313 0.0672 -0.7727
vn -0.8103 -0.1067 0.5763
vn -0.6396 -0.3720 -0.6727
vn -0.5285 -0.4960 0.6890
vn -0.3825 -0.7273 -0.5698
vn -0.0635 -0.6447 0.7618
vn 0.0419 -0.8631 -0.5034
vn 0.4072 -0.4960 0.7669
vn 0.4715 -0.7273 -0.4987
vn 0.7037 -0.1067 0.7024
vn 0.7421 -0.3720 -0.5576
vn 0.7128 0.3746 0.5929
vn 0.7504 0.0672 -0.6575
vn 0.4311 0.7639 0.4802
vn 0.4933 0.4225 -0.7604
vt 1.000000 0.500000
vt 1.000000 1.000000
vt 0.900000 1.000000
vt 0.900000 0.500000
vt 0.800000 1.000000
vt 0.800000 0.500000
vt 0.700000 1.000000
vt 0.700000 0.500000
vt 0.600000 1.000000
vt 0.600000 0.500000
vt 0.500000 1.000000
vt 0.500000 0.500000
vt 0.400000 1.000000
vt 0.400000 0.500000
vt 0.300000 1.000000
vt 0.300000 0.500000
vt 0.200000 1.000000
vt 0.200000 0.500000
vt 0.391068 0.444164
vt 0.250000 0.490000
vt 0.108932 0.444164
vt 0.021746 0.324164
vt 0.021746 0.175836
vt 0.108932 0.055836
vt 0.250000 0.010000
vt 0.391068 0.055836
vt 0.478254 0.175836
vt 0.478254 0.324164
vt 0.100000 1.000000
vt 0.100000 0.500000
vt -0.000000 1.000000
vt -0.000000 0.500000
vt 0.750000 0.490000
vt 0.891068 0.444164
vt 0.978254 0.324164
vt 0.978254 0.175836
vt 0.891068 0.055836
vt 0.750000 0.010000
vt 0.608932 0.055836
vt 0.521746 0.175836
vt 0.521746 0.324164
vt 0.608932 0.444164
s 1
usemtl GnollMane
f 1245/1580/1214 1246/1581/1215 1248/1582/1217 1247/1583/1216
f 1247/1583/1216 1248/1582/1217 1250/1584/1219 1249/1585/1218
f 1249/1585/1218 1250/1584/1219 1252/1586/1221 1251/1587/1220
f 1251/1587/1220 1252/1586/1221 1254/1588/1223 1253/1589/1222
f 1253/1589/1222 1254/1588/1223 1256/1590/1225 1255/1591/1224
f 1255/1591/1224 1256/1590/1225 1258/1592/1227 1257/1593/1226
f 1257/1593/1226 1258/1592/1227 1260/1594/1229 1259/1595/1228
f 1259/1595/1228 1260/1594/1229 1262/1596/1231 1261/1597/1230
f 1248/1598/1217 1246/1599/1215 1264/1600/1233 1262/1601/1231 1260/1602/1229 1258/1603/1227 1256/1604/1225 1254/1605/1223 1252/1606/1221 1250/1607/1219
f 1261/1597/1230 1262/1596/1231 1264/1608/1233 1263/1609/1232
f 1263/1609/1232 1264/1608/1233 1246/1610/1215 1245/1611/1214
f 1245/1612/1214 1247/1613/1216 1249/1614/1218 1251/1615/1220 1253/1616/1222 1255/1617/1224 1257/1618/1226 1259/1619/1228 1261/1620/1230 1263/1621/1232
