# Blender 4.5.10 LTS
# www.blender.org
mtllib NaturePineA.mtl
o weathered_trunk_0
v -0.211871 0.051860 -0.121069
v -0.134497 0.497488 -0.076855
v -0.149227 0.050196 -0.193258
v -0.084381 0.496157 -0.134606
v -0.063864 0.045457 -0.236024
v -0.016091 0.492366 -0.168819
v 0.031222 0.038365 -0.242858
v 0.059977 0.486692 -0.174287
v 0.121554 0.030000 -0.212720
v 0.132243 0.480000 -0.150176
v 0.193381 0.021635 -0.150196
v 0.189705 0.473308 -0.100157
v 0.235767 0.014543 -0.064807
v 0.223614 0.467634 -0.031845
v 0.242260 0.009804 0.030449
v 0.228808 0.463843 0.044359
v 0.211871 0.008140 0.121069
v 0.204497 0.462512 0.116855
v 0.149227 0.009804 0.193258
v 0.154381 0.463843 0.174606
v 0.063864 0.014543 0.236024
v 0.086091 0.467634 0.208820
v -0.031222 0.021635 0.242858
v 0.010023 0.473308 0.214287
v -0.121554 0.030000 0.212720
v -0.062243 0.480000 0.190176
v -0.193381 0.038365 0.150196
v -0.119705 0.486692 0.140157
v -0.235767 0.045457 0.064806
v -0.153614 0.492366 0.071845
v -0.242260 0.050196 -0.030449
v -0.158808 0.496157 -0.004359
vn -0.7234 -0.5530 -0.4134
vn -0.5588 0.7654 -0.3193
vn -0.5238 -0.5583 -0.6434
vn -0.3774 0.7606 -0.5283
vn -0.2519 -0.5734 -0.7796
vn -0.1303 0.7468 -0.6521
vn 0.0510 -0.5960 -0.8014
vn 0.1450 0.7263 -0.6719
vn 0.3388 -0.6226 -0.7054
vn 0.4065 0.7021 -0.5846
vn 0.5677 -0.6493 -0.5062
vn 0.6145 0.6779 -0.4036
vn 0.7027 -0.6719 -0.2341
vn 0.7372 0.6573 -0.1564
vn 0.7234 -0.6870 0.0693
vn 0.7560 0.6436 0.1194
vn 0.6266 -0.6923 0.3580
vn 0.6680 0.6388 0.3817
vn 0.4270 -0.6870 0.5880
vn 0.4866 0.6436 0.5907
vn 0.1550 -0.6719 0.7243
vn 0.2395 0.6573 0.7145
vn -0.1479 -0.6493 0.7460
vn -0.0358 0.6779 0.7343
vn -0.4357 -0.6226 0.6500
vn -0.2973 0.7021 0.6471
vn -0.6645 -0.5960 0.4508
vn -0.5053 0.7263 0.4660
vn -0.7995 -0.5734 0.1788
vn -0.6280 0.7468 0.2188
vn -0.8202 -0.5583 -0.1247
vn -0.6468 0.7606 -0.0569
vt 1.000000 0.500000
vt 1.000000 1.000000
vt 0.937500 1.000000
vt 0.937500 0.500000
vt 0.875000 1.000000
vt 0.875000 0.500000
vt 0.812500 1.000000
vt 0.812500 0.500000
vt 0.750000 1.000000
vt 0.750000 0.500000
vt 0.687500 1.000000
vt 0.687500 0.500000
vt 0.625000 1.000000
vt 0.625000 0.500000
vt 0.562500 1.000000
vt 0.562500 0.500000
vt 0.500000 1.000000
vt 0.500000 0.500000
vt 0.437500 1.000000
vt 0.437500 0.500000
vt 0.375000 1.000000
vt 0.375000 0.500000
vt 0.312500 1.000000
vt 0.312500 0.500000
vt 0.250000 1.000000
vt 0.250000 0.500000
vt 0.187500 1.000000
vt 0.187500 0.500000
vt 0.125000 1.000000
vt 0.125000 0.500000
vt 0.341844 0.471731
vt 0.250000 0.490000
vt 0.158156 0.471731
vt 0.080294 0.419706
vt 0.028269 0.341844
vt 0.010000 0.250000
vt 0.028269 0.158156
vt 0.080294 0.080294
vt 0.158156 0.028269
vt 0.250000 0.010000
vt 0.341844 0.028269
vt 0.419706 0.080294
vt 0.471731 0.158156
vt 0.490000 0.250000
vt 0.471731 0.341844
vt 0.419706 0.419706
vt 0.062500 1.000000
vt 0.062500 0.500000
vt 0.000000 1.000000
vt 0.000000 0.500000
vt 0.750000 0.490000
vt 0.841844 0.471731
vt 0.919706 0.419706
vt 0.971731 0.341844
vt 0.990000 0.250000
vt 0.971731 0.158156
vt 0.919706 0.080294
vt 0.841844 0.028269
vt 0.750000 0.010000
vt 0.658156 0.028269
vt 0.580294 0.080294
vt 0.528269 0.158156
vt 0.510000 0.250000
vt 0.528269 0.341844
vt 0.580294 0.419706
vt 0.658156 0.471731
s 1
usemtl WeatheredBark
f 1/1/1 2/2/2 4/3/4 3/4/3
f 3/4/3 4/3/4 6/5/6 5/6/5
f 5/6/5 6/5/6 8/7/8 7/8/7
f 7/8/7 8/7/8 10/9/10 9/10/9
f 9/10/9 10/9/10 12/11/12 11/12/11
f 11/12/11 12/11/12 14/13/14 13/14/13
f 13/14/13 14/13/14 16/15/16 15/16/15
f 15/16/15 16/15/16 18/17/18 17/18/17
f 17/18/17 18/17/18 20/19/20 19/20/19
f 19/20/19 20/19/20 22/21/22 21/22/21
f 21/22/21 22/21/22 24/23/24 23/24/23
f 23/24/23 24/23/24 26/25/26 25/26/25
f 25/26/25 26/25/26 28/27/28 27/28/27
f 27/28/27 28/27/28 30/29/30 29/30/29
f 4/31/4 2/32/2 32/33/32 30/34/30 28/35/28 26/36/26 24/37/24 22/38/22 20/39/20 18/40/18 16/41/16 14/42/14 12/43/12 10/44/10 8/45/8 6/46/6
f 29/30/29 30/29/30 32/47/32 31/48/31
f 31/48/31 32/47/32 2/49/2 1/50/1
f 1/51/1 3/52/3 5/53/5 7/54/7 9/55/9 11/56/11 13/57/13 15/58/15 17/59/17 19/60/19 21/61/21 23/62/23 25/63/25 27/64/27 29/65/29 31/66/31
o weathered_trunk_1
v 0.192880 0.521334 0.128542
v 0.059716 0.957415 0.036992
v 0.138369 0.518187 0.182088
v 0.023561 0.955328 0.072507
v 0.068121 0.509227 0.210957
v -0.023032 0.949386 0.091655
v -0.007169 0.495818 0.210755
v -0.072969 0.940491 0.091521
v -0.076040 0.480000 0.181512
v -0.118649 0.930000 0.072125
v -0.128005 0.464182 0.127680
v -0.153116 0.919509 0.036421
v -0.155155 0.450773 0.057455
v -0.171123 0.910614 -0.010157
v -0.153355 0.441812 -0.018472
v -0.169929 0.904672 -0.060517
v -0.122880 0.438666 -0.088542
v -0.149716 0.902585 -0.106992
v -0.068369 0.441813 -0.142088
v -0.113561 0.904672 -0.142507
v 0.001879 0.450773 -0.170957
v -0.066968 0.910614 -0.161655
v 0.077169 0.464182 -0.170755
v -0.017031 0.919509 -0.161521
v 0.146040 0.480000 -0.141512
v 0.028649 0.930000 -0.142125
v 0.198005 0.495818 -0.087680
v 0.063116 0.940491 -0.106421
v 0.225155 0.509227 -0.017455
v 0.081123 0.949386 -0.059843
v 0.223355 0.518188 0.058472
v 0.079929 0.955328 -0.009483
vn 0.7434 -0.4314 0.5111
vn 0.4369 0.8479 0.3003
vn 0.5235 -0.4441 0.7272
vn 0.2430 0.8367 0.4908
vn 0.2400 -0.4802 0.8437
vn -0.0068 0.8049 0.5934
vn -0.0638 -0.5343 0.8429
vn -0.2746 0.7572 0.5927
vn -0.3417 -0.5982 0.7249
vn -0.5195 0.7009 0.4887
vn -0.5514 -0.6620 0.5076
vn -0.7043 0.6447 0.2973
vn -0.6610 -0.7161 0.2243
vn -0.8009 0.5970 0.0475
vn -0.6537 -0.7523 -0.0821
vn -0.7945 0.5651 -0.2225
vn -0.5307 -0.7650 -0.3649
vn -0.6861 0.5539 -0.4717
vn -0.3108 -0.7523 -0.5810
vn -0.4922 0.5651 -0.6621
vn -0.0273 -0.7161 -0.6975
vn -0.2424 0.5970 -0.7648
vn 0.2765 -0.6620 -0.6966
vn 0.0254 0.6447 -0.7640
vn 0.5544 -0.5982 -0.5786
vn 0.2703 0.7009 -0.6601
vn 0.7641 -0.5343 -0.3614
vn 0.4551 0.7572 -0.4686
vn 0.8737 -0.4802 -0.0780
vn 0.5516 0.8049 -0.2189
vn 0.8664 -0.4441 0.2284
vn 0.5452 0.8367 0.0512
vt 1.000000 0.500000
vt 1.000000 1.000000
vt 0.937500 1.000000
vt 0.937500 0.500000
vt 0.875000 1.000000
vt 0.875000 0.500000
vt 0.812500 1.000000
vt 0.812500 0.500000
vt 0.750000 1.000000
vt 0.750000 0.500000
vt 0.687500 1.000000
vt 0.687500 0.500000
vt 0.625000 1.000000
vt 0.625000 0.500000
vt 0.562500 1.000000
vt 0.562500 0.500000
vt 0.500000 1.000000
vt 0.500000 0.500000
vt 0.437500 1.000000
vt 0.437500 0.500000
vt 0.375000 1.000000
vt 0.375000 0.500000
vt 0.312500 1.000000
vt 0.312500 0.500000
vt 0.250000 1.000000
vt 0.250000 0.500000
vt 0.187500 1.000000
vt 0.187500 0.500000
vt 0.125000 1.000000
vt 0.125000 0.500000
vt 0.341844 0.471731
vt 0.250000 0.490000
vt 0.158156 0.471731
vt 0.080294 0.419706
vt 0.028269 0.341844
vt 0.010000 0.250000
vt 0.028269 0.158156
vt 0.080294 0.080294
vt 0.158156 0.028269
vt 0.250000 0.010000
vt 0.341844 0.028269
vt 0.419706 0.080294
vt 0.471731 0.158156
vt 0.490000 0.250000
vt 0.471731 0.341844
vt 0.419706 0.419706
vt 0.062500 1.000000
vt 0.062500 0.500000
vt 0.000000 1.000000
vt 0.000000 0.500000
vt 0.750000 0.490000
vt 0.841844 0.471731
vt 0.919706 0.419706
vt 0.971731 0.341844
vt 0.990000 0.250000
vt 0.971731 0.158156
vt 0.919706 0.080294
vt 0.841844 0.028269
vt 0.750000 0.010000
vt 0.658156 0.028269
vt 0.580294 0.080294
vt 0.528269 0.158156
vt 0.510000 0.250000
vt 0.528269 0.341844
vt 0.580294 0.419706
vt 0.658156 0.471731
s 1
usemtl WeatheredBark
f 33/67/33 34/68/34 36/69/36 35/70/35
f 35/70/35 36/69/36 38/71/38 37/72/37
f 37/72/37 38/71/38 40/73/40 39/74/39
f 39/74/39 40/73/40 42/75/42 41/76/41
f 41/76/41 42/75/42 44/77/44 43/78/43
f 43/78/43 44/77/44 46/79/46 45/80/45
f 45/80/45 46/79/46 48/81/48 47/82/47
f 47/82/47 48/81/48 50/83/50 49/84/49
f 49/84/49 50/83/50 52/85/52 51/86/51
f 51/86/51 52/85/52 54/87/54 53/88/53
f 53/88/53 54/87/54 56/89/56 55/90/55
f 55/90/55 56/89/56 58/91/58 57/92/57
f 57/92/57 58/91/58 60/93/60 59/94/59
f 59/94/59 60/93/60 62/95/62 61/96/61
f 36/97/36 34/98/34 64/99/64 62/100/62 60/101/60 58/102/58 56/103/56 54/104/54 52/105/52 50/106/50 48/107/48 46/108/46 44/109/44 42/110/42 40/111/40 38/112/38
f 61/96/61 62/95/62 64/113/64 63/114/63
f 63/114/63 64/113/64 34/115/34 33/116/33
f 33/117/33 35/118/35 37/119/37 39/120/39 41/121/41 43/122/43 45/123/45 47/124/47 49/125/49 51/126/51 53/127/53 55/128/55 57/129/57 59/130/59 61/131/61 63/132/63
o weathered_trunk_2
v -0.153985 0.949556 -0.103116
v -0.015301 1.559026 -0.016438
v -0.119322 0.948067 -0.140118
v 0.000697 1.558339 -0.033516
v -0.073345 0.943828 -0.161116
v 0.021918 1.556382 -0.043208
v -0.023052 0.937484 -0.162915
v 0.045130 1.553454 -0.044038
v 0.023900 0.930000 -0.145240
v 0.066800 1.550000 -0.035880
v 0.060362 0.922516 -0.110781
v 0.083629 1.546546 -0.019976
v 0.080784 0.916172 -0.064786
v 0.093054 1.543618 0.001253
v 0.082056 0.911933 -0.014256
v 0.093641 1.541661 0.024574
v 0.063985 0.910444 0.033116
v 0.085301 1.540974 0.046438
v 0.029323 0.911933 0.070118
v 0.069303 1.541661 0.063516
v -0.016655 0.916172 0.091116
v 0.048082 1.543618 0.073208
v -0.066948 0.922516 0.092915
v 0.024870 1.546546 0.074038
v -0.113900 0.930000 0.075240
v 0.003200 1.550000 0.065880
v -0.150362 0.937484 0.040781
v -0.013629 1.553454 0.049976
v -0.170784 0.943828 -0.005214
v -0.023054 1.556382 0.028747
v -0.172056 0.948067 -0.055744
v -0.023641 1.558339 0.005426
vn -0.7347 -0.4993 -0.4592
vn -0.5037 0.8045 -0.3148
vn -0.5264 -0.5082 -0.6816
vn -0.3148 0.7964 -0.5164
vn -0.2500 -0.5337 -0.8079
vn -0.0644 0.7733 -0.6308
vn 0.0523 -0.5718 -0.8187
vn 0.2096 0.7387 -0.6406
vn 0.3346 -0.6168 -0.7124
vn 0.4654 0.6980 -0.5443
vn 0.5538 -0.6618 -0.5053
vn 0.6640 0.6572 -0.3565
vn 0.6765 -0.7000 -0.2288
vn 0.7753 0.6226 -0.1060
vn 0.6842 -0.7254 0.0750
vn 0.7822 0.5996 0.1693
vn 0.5756 -0.7344 0.3597
vn 0.6838 0.5914 0.4274
vn 0.3672 -0.7254 0.5822
vn 0.4949 0.5996 0.6289
vn 0.0908 -0.7000 0.7084
vn 0.2445 0.6226 0.7433
vn -0.2115 -0.6618 0.7192
vn -0.0295 0.6572 0.7531
vn -0.4938 -0.6168 0.6130
vn -0.2853 0.6980 0.6568
vn -0.7130 -0.5718 0.4058
vn -0.4839 0.7387 0.4691
vn -0.8357 -0.5337 0.1293
vn -0.5952 0.7733 0.2186
vn -0.8434 -0.5082 -0.1744
vn -0.6021 0.7964 -0.0567
vt 1.000000 0.500000
vt 1.000000 1.000000
vt 0.937500 1.000000
vt 0.937500 0.500000
vt 0.875000 1.000000
vt 0.875000 0.500000
vt 0.812500 1.000000
vt 0.812500 0.500000
vt 0.750000 1.000000
vt 0.750000 0.500000
vt 0.687500 1.000000
vt 0.687500 0.500000
vt 0.625000 1.000000
vt 0.625000 0.500000
vt 0.562500 1.000000
vt 0.562500 0.500000
vt 0.500000 1.000000
vt 0.500000 0.500000
vt 0.437500 1.000000
vt 0.437500 0.500000
vt 0.375000 1.000000
vt 0.375000 0.500000
vt 0.312500 1.000000
vt 0.312500 0.500000
vt 0.250000 1.000000
vt 0.250000 0.500000
vt 0.187500 1.000000
vt 0.187500 0.500000
vt 0.125000 1.000000
vt 0.125000 0.500000
vt 0.341844 0.471731
vt 0.250000 0.490000
vt 0.158156 0.471731
vt 0.080294 0.419706
vt 0.028269 0.341844
vt 0.010000 0.250000
vt 0.028269 0.158156
vt 0.080294 0.080294
vt 0.158156 0.028269
vt 0.250000 0.010000
vt 0.341844 0.028269
vt 0.419706 0.080294
vt 0.471731 0.158156
vt 0.490000 0.250000
vt 0.471731 0.341844
vt 0.419706 0.419706
vt 0.062500 1.000000
vt 0.062500 0.500000
vt 0.000000 1.000000
vt 0.000000 0.500000
vt 0.750000 0.490000
vt 0.841844 0.471731
vt 0.919706 0.419706
vt 0.971731 0.341844
vt 0.990000 0.250000
vt 0.971731 0.158156
vt 0.919706 0.080294
vt 0.841844 0.028269
vt 0.750000 0.010000
vt 0.658156 0.028269
vt 0.580294 0.080294
vt 0.528269 0.158156
vt 0.510000 0.250000
vt 0.528269 0.341844
vt 0.580294 0.419706
vt 0.658156 0.471731
s 1
usemtl WeatheredBark
f 65/133/65 66/134/66 68/135/68 67/136/67
f 67/136/67 68/135/68 70/137/70 69/138/69
f 69/138/69 70/137/70 72/139/72 71/140/71
f 71/140/71 72/139/72 74/141/74 73/142/73
f 73/142/73 74/141/74 76/143/76 75/144/75
f 75/144/75 76/143/76 78/145/78 77/146/77
f 77/146/77 78/145/78 80/147/80 79/148/79
f 79/148/79 80/147/80 82/149/82 81/150/81
f 81/150/81 82/149/82 84/151/84 83/152/83
f 83/152/83 84/151/84 86/153/86 85/154/85
f 85/154/85 86/153/86 88/155/88 87/156/87
f 87/156/87 88/155/88 90/157/90 89/158/89
f 89/158/89 90/157/90 92/159/92 91/160/91
f 91/160/91 92/159/92 94/161/94 93/162/93
f 68/163/68 66/164/66 96/165/96 94/166/94 92/167/92 90/168/90 88/169/88 86/170/86 84/171/84 82/172/82 80/173/80 78/174/78 76/175/76 74/176/74 72/177/72 70/178/70
f 93/162/93 94/161/94 96/179/96 95/180/95
f 95/180/95 96/179/96 66/181/66 65/182/65
f 65/183/65 67/184/67 69/185/69 71/186/71 73/187/73 75/188/75 77/189/77 79/190/79 81/191/81 83/192/83 85/193/85 87/194/87 89/195/89 91/196/91 93/197/93 95/198/95
o root_buttress
v 0.007234 0.175241 -0.071528
v 0.034586 0.052614 -0.341964
v -0.045604 0.156468 -0.072900
v 0.022987 0.048493 -0.342265
v -0.074515 0.108934 -0.065765
v 0.016641 0.038059 -0.340699
v -0.065969 0.054879 -0.053463
v 0.018517 0.026193 -0.337998
v -0.023966 0.019598 -0.041749
v 0.027737 0.018448 -0.335427
v 0.031840 0.019598 -0.036105
v 0.039987 0.018448 -0.334188
v 0.075338 0.054879 -0.039171
v 0.049536 0.026193 -0.334861
v 0.086174 0.108934 -0.049513
v 0.051914 0.038059 -0.337131
v 0.059278 0.156468 -0.062292
v 0.046010 0.048493 -0.339936
vn -0.0374 0.9284 0.3696
vn 0.0850 0.5350 -0.8406
vn -0.5735 0.7380 0.3557
vn -0.3645 0.3753 -0.8522
vn -0.8668 0.2557 0.4281
vn -0.6104 -0.0291 -0.7915
vn -0.7801 -0.2928 0.5529
vn -0.5377 -0.4889 -0.6869
vn -0.3539 -0.6507 0.6718
vn -0.1804 -0.7891 -0.5872
vn 0.2123 -0.6507 0.7290
vn 0.2943 -0.7891 -0.5392
vn 0.6536 -0.2928 0.6979
vn 0.6644 -0.4889 -0.5653
vn 0.7636 0.2557 0.5930
vn 0.7566 -0.0291 -0.6533
vn 0.4907 0.7380 0.4633
vn 0.5277 0.3753 -0.7620
vt 1.000000 0.500000
vt 1.000000 1.000000
vt 0.888889 1.000000
vt 0.888889 0.500000
vt 0.777778 1.000000
vt 0.777778 0.500000
vt 0.666667 1.000000
vt 0.666667 0.500000
vt 0.555556 1.000000
vt 0.555556 0.500000
vt 0.444444 1.000000
vt 0.444444 0.500000
vt 0.333333 1.000000
vt 0.333333 0.500000
vt 0.222222 1.000000
vt 0.222222 0.500000
vt 0.404269 0.433851
vt 0.250000 0.490000
vt 0.095731 0.433851
vt 0.013646 0.291676
vt 0.042154 0.130000
vt 0.167915 0.024474
vt 0.332085 0.024474
vt 0.457846 0.130000
vt 0.486354 0.291676
vt 0.111111 1.000000
vt 0.111111 0.500000
vt 0.000000 1.000000
vt 0.000000 0.500000
vt 0.750000 0.490000
vt 0.904269 0.433851
vt 0.986354 0.291676
vt 0.957846 0.130000
vt 0.832085 0.024474
vt 0.667915 0.024474
vt 0.542154 0.130000
vt 0.513646 0.291676
vt 0.595731 0.433851
s 1
usemtl WeatheredBark
f 97/199/97 98/200/98 100/201/100 99/202/99
f 99/202/99 100/201/100 102/203/102 101/204/101
f 101/204/101 102/203/102 104/205/104 103/206/103
f 103/206/103 104/205/104 106/207/106 105/208/105
f 105/208/105 106/207/106 108/209/108 107/210/107
f 107/210/107 108/209/108 110/211/110 109/212/109
f 109/212/109 110/211/110 112/213/112 111/214/111
f 100/215/100 98/216/98 114/217/114 112/218/112 110/219/110 108/220/108 106/221/106 104/222/104 102/223/102
f 111/214/111 112/213/112 114/224/114 113/225/113
f 113/225/113 114/224/114 98/226/98 97/227/97
f 97/228/97 99/229/99 101/230/101 103/231/103 105/232/105 107/233/107 109/234/109 111/235/111 113/236/113
o root_buttress.001
v -0.056523 0.175677 -0.040729
v -0.314970 0.052710 -0.226955
v -0.084553 0.156802 0.004041
v -0.321123 0.048566 -0.217128
v -0.093898 0.109009 0.031875
v -0.323174 0.038075 -0.211018
v -0.080187 0.054661 0.029749
v -0.320164 0.026145 -0.211484
v -0.049835 0.019188 -0.001341
v -0.313502 0.018358 -0.218309
v -0.017044 0.019188 -0.046849
v -0.306304 0.018358 -0.228299
v 0.002843 0.054661 -0.085481
v -0.301938 0.026145 -0.236779
v 0.000520 0.109009 -0.099160
v -0.302448 0.038075 -0.239782
v -0.022925 0.156802 -0.081486
v -0.307595 0.048566 -0.235902
vn 0.3318 0.9126 0.2391
vn -0.6668 0.5697 -0.4804
vn 0.0499 0.7227 0.6893
vn -0.9086 0.4069 -0.0941
vn -0.0441 0.2421 0.9693
vn -0.9893 -0.0055 0.1460
vn 0.0938 -0.3045 0.9479
vn -0.8710 -0.4745 0.1277
vn 0.3991 -0.6613 0.6352
vn -0.6091 -0.7806 -0.1406
vn 0.7288 -0.6613 0.1775
vn -0.3261 -0.7806 -0.5333
vn 0.9288 -0.3045 -0.2110
vn -0.1545 -0.4745 -0.8666
vn 0.9055 0.2421 -0.3486
vn -0.1745 -0.0055 -0.9846
vn 0.6697 0.7227 -0.1708
vn -0.3769 0.4069 -0.8321
vt 1.000000 0.500000
vt 1.000000 1.000000
vt 0.888889 1.000000
vt 0.888889 0.500000
vt 0.777778 1.000000
vt 0.777778 0.500000
vt 0.666667 1.000000
vt 0.666667 0.500000
vt 0.555556 1.000000
vt 0.555556 0.500000
vt 0.444444 1.000000
vt 0.444444 0.500000
vt 0.333333 1.000000
vt 0.333333 0.500000
vt 0.222222 1.000000
vt 0.222222 0.500000
vt 0.404269 0.433851
vt 0.250000 0.490000
vt 0.095731 0.433851
vt 0.013646 0.291676
vt 0.042154 0.130000
vt 0.167915 0.024474
vt 0.332085 0.024474
vt 0.457846 0.130000
vt 0.486354 0.291676
vt 0.111111 1.000000
vt 0.111111 0.500000
vt 0.000000 1.000000
vt 0.000000 0.500000
vt 0.750000 0.490000
vt 0.904269 0.433851
vt 0.986354 0.291676
vt 0.957846 0.130000
vt 0.832085 0.024474
vt 0.667915 0.024474
vt 0.542154 0.130000
vt 0.513646 0.291676
vt 0.595731 0.433851
s 1
usemtl WeatheredBark
f 115/237/115 116/238/116 118/239/118 117/240/117
f 117/240/117 118/239/118 120/241/120 119/242/119
f 119/242/119 120/241/120 122/243/122 121/244/121
f 121/244/121 122/243/122 124/245/124 123/246/123
f 123/246/123 124/245/124 126/247/126 125/248/125
f 125/248/125 126/247/126 128/249/128 127/250/127
f 127/250/127 128/249/128 130/251/130 129/252/129
f 118/253/118 116/254/116 132/255/132 130/256/130 128/257/128 126/258/126 124/259/124 122/260/122 120/261/120
f 129/252/129 130/251/130 132/262/132 131/263/131
f 131/263/131 132/262/132 116/264/116 115/265/115
f 115/266/115 117/267/117 119/268/119 121/269/121 123/270/123 125/271/125 127/272/127 129/273/129 131/274/131
o root_buttress.002
v -0.065562 0.175241 0.029499
v -0.313441 0.052614 0.141031
v -0.040330 0.156468 0.075945
v -0.307903 0.048493 0.151226
v -0.019697 0.108934 0.097414
v -0.303373 0.038059 0.155939
v -0.013315 0.054879 0.083863
v -0.301973 0.026193 0.152964
v -0.024173 0.019598 0.041630
v -0.304356 0.018448 0.143694
v -0.047188 0.019598 -0.009522
v -0.309408 0.018448 0.132465
v -0.071593 0.054879 -0.045659
v -0.314765 0.026193 0.124533
v -0.085967 0.108934 -0.049872
v -0.317921 0.038059 0.123608
v -0.083585 0.156468 -0.020190
v -0.317398 0.048493 0.130124
vn 0.3388 0.9284 -0.1524
vn -0.7705 0.5350 0.3467
vn 0.5948 0.7380 0.3188
vn -0.5558 0.3753 0.7418
vn 0.8041 0.2557 0.5366
vn -0.3803 -0.0291 0.9244
vn 0.8689 -0.2928 0.3991
vn -0.3260 -0.4889 0.8091
vn 0.7587 -0.6507 -0.0294
vn -0.4184 -0.7891 0.4499
vn 0.5252 -0.6507 -0.5483
vn -0.6141 -0.7891 0.0147
vn 0.2776 -0.2928 -0.9150
vn -0.8218 -0.4889 -0.2927
vn 0.1318 0.2557 -0.9577
vn -0.9440 -0.0291 -0.3285
vn 0.1559 0.7380 -0.6566
vn -0.9238 0.3753 -0.0760
vt 1.000000 0.500000
vt 1.000000 1.000000
vt 0.888889 1.000000
vt 0.888889 0.500000
vt 0.777778 1.000000
vt 0.777778 0.500000
vt 0.666667 1.000000
vt 0.666667 0.500000
vt 0.555556 1.000000
vt 0.555556 0.500000
vt 0.444444 1.000000
vt 0.444444 0.500000
vt 0.333333 1.000000
vt 0.333333 0.500000
vt 0.222222 1.000000
vt 0.222222 0.500000
vt 0.404269 0.433851
vt 0.250000 0.490000
vt 0.095731 0.433851
vt 0.013646 0.291676
vt 0.042154 0.130000
vt 0.167915 0.024474
vt 0.332085 0.024474
vt 0.457846 0.130000
vt 0.486354 0.291676
vt 0.111111 1.000000
vt 0.111111 0.500000
vt 0.000000 1.000000
vt 0.000000 0.500000
vt 0.750000 0.490000
vt 0.904269 0.433851
vt 0.986354 0.291676
vt 0.957846 0.130000
vt 0.832085 0.024474
vt 0.667915 0.024474
vt 0.542154 0.130000
vt 0.513646 0.291676
vt 0.595731 0.433851
s 1
usemtl WeatheredBark
f 133/275/133 134/276/134 136/277/136 135/278/135
f 135/278/135 136/277/136 138/279/138 137/280/137
f 137/280/137 138/279/138 140/281/140 139/282/139
f 139/282/139 140/281/140 142/283/142 141/284/141
f 141/284/141 142/283/142 144/285/144 143/286/143
f 143/286/143 144/285/144 146/287/146 145/288/145
f 145/288/145 146/287/146 148/289/148 147/290/147
f 136/291/136 134/292/134 150/293/150 148/294/148 146/295/146 144/296/144 142/297/142 140/298/140 138/299/138
f 147/290/147 148/289/148 150/300/150 149/301/149
f 149/301/149 150/300/150 134/302/134 133/303/133
f 133/304/133 135/305/135 137/306/137 139/307/139 141/308/141 143/309/143 145/310/145 147/311/147 149/312/149
o root_buttress.003
v -0.007010 0.175677 0.069315
v -0.039062 0.052710 0.386250
v 0.045776 0.156802 0.071204
v -0.027475 0.048566 0.386664
v 0.074554 0.109009 0.065380
v -0.021158 0.038075 0.385386
v 0.065858 0.054661 0.054569
v -0.023067 0.026145 0.383013
v 0.023756 0.019188 0.043829
v -0.032309 0.018358 0.380655
v -0.032050 0.019188 0.038185
v -0.044559 0.018358 0.379416
v -0.075450 0.054661 0.040278
v -0.054085 0.026145 0.379876
v -0.086135 0.109009 0.049130
v -0.056431 0.038075 0.381819
v -0.059106 0.156802 0.060597
v -0.050498 0.048566 0.384336
vn 0.0411 0.9126 -0.4069
vn -0.0827 0.5697 0.8177
vn 0.5720 0.7227 -0.3879
vn 0.3728 0.4069 0.8340
vn 0.8614 0.2421 -0.4465
vn 0.6211 -0.0055 0.7837
vn 0.7740 -0.3045 -0.5552
vn 0.5461 -0.4745 0.6904
vn 0.3506 -0.6613 -0.6632
vn 0.1828 -0.7806 0.5977
vn -0.2107 -0.6613 -0.7200
vn -0.2988 -0.7806 0.5490
vn -0.6472 -0.3045 -0.6989
vn -0.6732 -0.4745 0.5671
vn -0.7546 0.2421 -0.6099
vn -0.7654 -0.0055 0.6435
vn -0.4828 0.7227 -0.4946
vn -0.5322 0.4069 0.7424
vt 1.000000 0.500000
vt 1.000000 1.000000
vt 0.888889 1.000000
vt 0.888889 0.500000
vt 0.777778 1.000000
vt 0.777778 0.500000
vt 0.666667 1.000000
vt 0.666667 0.500000
vt 0.555556 1.000000
vt 0.555556 0.500000
vt 0.444444 1.000000
vt 0.444444 0.500000
vt 0.333333 1.000000
vt 0.333333 0.500000
vt 0.222222 1.000000
vt 0.222222 0.500000
vt 0.404269 0.433851
vt 0.250000 0.490000
vt 0.095731 0.433851
vt 0.013646 0.291676
vt 0.042154 0.130000
vt 0.167915 0.024474
vt 0.332085 0.024474
vt 0.457846 0.130000
vt 0.486354 0.291676
vt 0.111111 1.000000
vt 0.111111 0.500000
vt 0.000000 1.000000
vt 0.000000 0.500000
vt 0.750000 0.490000
vt 0.904269 0.433851
vt 0.986354 0.291676
vt 0.957846 0.130000
vt 0.832085 0.024474
vt 0.667915 0.024474
vt 0.542154 0.130000
vt 0.513646 0.291676
vt 0.595731 0.433851
s 1
usemtl WeatheredBark
f 151/313/151 152/314/152 154/315/154 153/316/153
f 153/316/153 154/315/154 156/317/156 155/318/155
f 155/318/155 156/317/156 158/319/158 157/320/157
f 157/320/157 158/319/158 160/321/160 159/322/159
f 159/322/159 160/321/160 162/323/162 161/324/161
f 161/324/161 162/323/162 164/325/164 163/326/163
f 163/326/163 164/325/164 166/327/166 165/328/165
f 154/329/154 152/330/152 168/331/168 166/332/166 164/333/164 162/334/162 160/335/160 158/336/158 156/337/156
f 165/328/165 166/327/166 168/338/168 167/339/167
f 167/339/167 168/338/168 152/340/152 151/341/151
f 151/342/151 153/343/153 155/344/155 157/345/157 159/346/159 161/347/161 163/348/163 165/349/165 167/350/167
o root_buttress.004
v 0.058328 0.175241 0.042028
v 0.278858 0.052614 0.200931
v 0.085935 0.156468 -0.003046
v 0.284918 0.048493 0.191037
v 0.094212 0.108934 -0.031650
v 0.286735 0.038059 0.184758
v 0.079285 0.054879 -0.030400
v 0.283458 0.026193 0.185032
v 0.048139 0.019598 0.000119
v 0.276622 0.018448 0.191732
v 0.015348 0.019598 0.045627
v 0.269424 0.018448 0.201721
v -0.003745 0.054879 0.084830
v 0.265232 0.026193 0.210327
v -0.000206 0.108934 0.099386
v 0.266009 0.038059 0.213522
v 0.024308 0.156468 0.082482
v 0.271390 0.048493 0.209811
vn -0.3014 0.9284 -0.2172
vn 0.6854 0.5350 0.4939
vn -0.0213 0.7380 -0.6745
vn 0.9203 0.3753 0.1105
vn 0.0627 0.2557 -0.9647
vn 0.9907 -0.0291 -0.1329
vn -0.0888 -0.2928 -0.9521
vn 0.8637 -0.4889 -0.1223
vn -0.4048 -0.6507 -0.6424
vn 0.5988 -0.7891 0.1374
vn -0.7375 -0.6507 -0.1807
vn 0.3198 -0.7891 0.5245
vn -0.9312 -0.2928 0.2171
vn 0.1574 -0.4889 0.8580
vn -0.8953 0.2557 0.3648
vn 0.1875 -0.0291 0.9818
vn -0.6466 0.7380 0.1933
vn 0.3960 0.3753 0.8380
vt 1.000000 0.500000
vt 1.000000 1.000000
vt 0.888889 1.000000
vt 0.888889 0.500000
vt 0.777778 1.000000
vt 0.777778 0.500000
vt 0.666667 1.000000
vt 0.666667 0.500000
vt 0.555556 1.000000
vt 0.555556 0.500000
vt 0.444444 1.000000
vt 0.444444 0.500000
vt 0.333333 1.000000
vt 0.333333 0.500000
vt 0.222222 1.000000
vt 0.222222 0.500000
vt 0.404269 0.433851
vt 0.250000 0.490000
vt 0.095731 0.433851
vt 0.013646 0.291676
vt 0.042154 0.130000
vt 0.167915 0.024474
vt 0.332085 0.024474
vt 0.457846 0.130000
vt 0.486354 0.291676
vt 0.111111 1.000000
vt 0.111111 0.500000
vt 0.000000 1.000000
vt 0.000000 0.500000
vt 0.750000 0.490000
vt 0.904269 0.433851
vt 0.986354 0.291676
vt 0.957846 0.130000
vt 0.832085 0.024474
vt 0.667915 0.024474
vt 0.542154 0.130000
vt 0.513646 0.291676
vt 0.595731 0.433851
s 1
usemtl WeatheredBark
f 169/351/169 170/352/170 172/353/172 171/354/171
f 171/354/171 172/353/172 174/355/174 173/356/173
f 173/356/173 174/355/174 176/357/176 175/358/175
f 175/358/175 176/357/176 178/359/178 177/360/177
f 177/360/177 178/359/178 180/361/180 179/362/179
f 179/362/179 180/361/180 182/363/182 181/364/181
f 181/364/181 182/363/182 184/365/184 183/366/183
f 172/367/172 170/368/170 186/369/186 184/370/184 182/371/182 180/372/180 178/373/178 176/374/176 174/375/174
f 183/366/183 184/365/184 186/376/186 185/377/185
f 185/377/185 186/376/186 170/378/170 169/379/169
f 169/380/169 171/381/171 173/382/173 175/383/175 177/384/177 179/385/179 181/386/181 183/387/183 185/388/185
o root_buttress.005
v 0.063533 0.175677 -0.028587
v 0.354032 0.052710 -0.159298
v 0.038776 0.156802 -0.075246
v 0.348598 0.048566 -0.169540
v 0.019344 0.109009 -0.097256
v 0.344332 0.038075 -0.174372
v 0.014329 0.054661 -0.084319
v 0.343231 0.026145 -0.171532
v 0.026078 0.019188 -0.042488
v 0.345811 0.018358 -0.162349
v 0.049094 0.019188 0.008664
v 0.350863 0.018358 -0.151121
v 0.072607 0.054661 0.045202
v 0.356024 0.026145 -0.143100
v 0.085615 0.109009 0.050030
v 0.358880 0.038075 -0.142041
v 0.082032 0.156802 0.020888
v 0.358093 0.048566 -0.148437
vn -0.3729 0.9126 0.1678
vn 0.7495 0.5697 -0.3372
vn -0.6219 0.7227 -0.3014
vn 0.5358 0.4069 -0.7398
vn -0.8174 0.2421 -0.5228
vn 0.3682 -0.0055 -0.9297
vn -0.8678 -0.3045 -0.3927
vn 0.3249 -0.4745 -0.8181
vn -0.7496 -0.6613 0.0280
vn 0.4263 -0.7806 -0.4572
vn -0.5182 -0.6613 0.5424
vn 0.6249 -0.7806 -0.0158
vn -0.2817 -0.3045 0.9099
vn 0.8278 -0.4745 0.2995
vn -0.1509 0.2421 0.9585
vn 0.9400 -0.0055 0.3411
vn -0.1869 0.7227 0.6654
vn 0.9091 0.4069 0.0897
vt 1.000000 0.500000
vt 1.000000 1.000000
vt 0.888889 1.000000
vt 0.888889 0.500000
vt 0.777778 1.000000
vt 0.777778 0.500000
vt 0.666667 1.000000
vt 0.666667 0.500000
vt 0.555556 1.000000
vt 0.555556 0.500000
vt 0.444444 1.000000
vt 0.444444 0.500000
vt 0.333333 1.000000
vt 0.333333 0.500000
vt 0.222222 1.000000
vt 0.222222 0.500000
vt 0.404269 0.433851
vt 0.250000 0.490000
vt 0.095731 0.433851
vt 0.013646 0.291676
vt 0.042154 0.130000
vt 0.167915 0.024474
vt 0.332085 0.024474
vt 0.457846 0.130000
vt 0.486354 0.291676
vt 0.111111 1.000000
vt 0.111111 0.500000
vt 0.000000 1.000000
vt 0.000000 0.500000
vt 0.750000 0.490000
vt 0.904269 0.433851
vt 0.986354 0.291676
vt 0.957846 0.130000
vt 0.832085 0.024474
vt 0.667915 0.024474
vt 0.542154 0.130000
vt 0.513646 0.291676
vt 0.595731 0.433851
s 1
usemtl WeatheredBark
f 187/389/187 188/390/188 190/391/190 189/392/189
f 189/392/189 190/391/190 192/393/192 191/394/191
f 191/394/191 192/393/192 194/395/194 193/396/193
f 193/396/193 194/395/194 196/397/196 195/398/195
f 195/398/195 196/397/196 198/399/198 197/400/197
f 197/400/197 198/399/198 200/401/200 199/402/199
f 199/402/199 200/401/200 202/403/202 201/404/201
f 190/405/190 188/406/188 204/407/204 202/408/202 200/409/200 198/410/198 196/411/196 194/412/194 192/413/192
f 201/404/201 202/403/202 204/414/204 203/415/203
f 203/415/203 204/414/204 188/416/188 187/417/187
f 187/418/187 189/419/189 191/420/191 193/421/193 195/422/195 197/423/197 199/424/199 201/425/201 203/426/203
o pine_bough
v 0.006731 1.082299 -0.008739
v 0.078983 0.913796 -0.781109
v -0.024167 1.071234 -0.009709
v 0.069971 0.910568 -0.781392
v -0.040964 1.043213 -0.006419
v 0.065072 0.902396 -0.780432
v -0.035799 1.011350 -0.000408
v 0.066578 0.893102 -0.778679
v -0.011091 0.990553 0.005512
v 0.073785 0.887036 -0.776952
v 0.021600 0.990553 0.008570
v 0.083320 0.887036 -0.776060
v 0.046978 1.011350 0.007335
v 0.090721 0.893102 -0.776420
v 0.053167 1.043213 0.002386
v 0.092527 0.902396 -0.777864
v 0.037272 1.071234 -0.003962
v 0.087891 0.910568 -0.779715
vn -0.0446 0.8778 0.4770
vn 0.0720 0.6345 -0.7695
vn -0.5489 0.6972 0.4611
vn -0.4152 0.4601 -0.7848
vn -0.8231 0.2398 0.5148
vn -0.6800 0.0183 -0.7330
vn -0.7388 -0.2802 0.6129
vn -0.5986 -0.4842 -0.6382
vn -0.3355 -0.6197 0.7096
vn -0.2090 -0.8121 -0.5448
vn 0.1981 -0.6197 0.7595
vn 0.3064 -0.8121 -0.4966
vn 0.6123 -0.2802 0.7393
vn 0.7066 -0.4842 -0.5161
vn 0.7133 0.2398 0.6585
vn 0.8042 0.0183 -0.5941
vn 0.4539 0.6972 0.5549
vn 0.5536 0.4601 -0.6942
vt 1.000000 0.500000
vt 1.000000 1.000000
vt 0.888889 1.000000
vt 0.888889 0.500000
vt 0.777778 1.000000
vt 0.777778 0.500000
vt 0.666667 1.000000
vt 0.666667 0.500000
vt 0.555556 1.000000
vt 0.555556 0.500000
vt 0.444444 1.000000
vt 0.444444 0.500000
vt 0.333333 1.000000
vt 0.333333 0.500000
vt 0.222222 1.000000
vt 0.222222 0.500000
vt 0.404269 0.433851
vt 0.250000 0.490000
vt 0.095731 0.433851
vt 0.013646 0.291676
vt 0.042154 0.130000
vt 0.167915 0.024474
vt 0.332085 0.024474
vt 0.457846 0.130000
vt 0.486354 0.291676
vt 0.111111 1.000000
vt 0.111111 0.500000
vt 0.000000 1.000000
vt 0.000000 0.500000
vt 0.750000 0.490000
vt 0.904269 0.433851
vt 0.986354 0.291676
vt 0.957846 0.130000
vt 0.832085 0.024474
vt 0.667915 0.024474
vt 0.542154 0.130000
vt 0.513646 0.291676
vt 0.595731 0.433851
s 1
usemtl OiledOak
f 205/427/205 206/428/206 208/429/208 207/430/207
f 207/430/207 208/429/208 210/431/210 209/432/209
f 209/432/209 210/431/210 212/433/212 211/434/211
f 211/434/211 212/433/212 214/435/214 213/436/213
f 213/436/213 214/435/214 216/437/216 215/438/215
f 215/438/215 216/437/216 218/439/218 217/440/217
f 217/440/217 218/439/218 220/441/220 219/442/219
f 208/443/208 206/444/206 222/445/222 220/446/220 218/447/218 216/448/216 214/449/214 212/450/212 210/451/210
f 219/442/219 220/441/220 222/452/222 221/453/221
f 221/453/221 222/452/222 206/454/206 205/455/205
f 205/456/205 207/457/207 209/458/209 211/459/211 213/460/213 215/461/215 217/462/217 219/463/219 221/464/221
o pine_needle
v -0.093306 0.956622 -0.556743
v -0.128705 0.948509 -0.576541
v -0.161654 0.942176 -0.598462
v -0.199811 0.937767 -0.632227
v -0.226769 0.936022 -0.660007
v -0.193669 0.943546 -0.641318
v -0.151748 0.951497 -0.613125
v -0.121969 0.954846 -0.586511
v -0.089587 0.947857 -0.559801
v -0.124986 0.939744 -0.579599
v -0.157935 0.933412 -0.601520
v -0.196091 0.929003 -0.635285
v -0.223049 0.927257 -0.663065
v -0.189949 0.934781 -0.644376
v -0.148028 0.942732 -0.616183
v -0.118250 0.946082 -0.589570
vn 0.3719 -0.8764 -0.3058
vn -0.3719 0.8764 0.3058
vn -0.3595 -0.4397 0.8230
vn -0.4311 -0.4548 0.7793
vn -0.5523 -0.4737 0.6860
vn -0.6146 -0.4794 0.6265
vn 0.3633 0.4406 -0.8209
vn 0.4356 0.4557 -0.7762
vn 0.5564 0.4742 -0.6823
vn 0.6176 0.4796 -0.6233
s 0
usemtl PineNeedleSun
f 223//223 224//223 225//223 226//223 227//223 228//223 229//223 230//223
f 238//224 237//224 236//224 235//224 234//224 233//224 232//224 231//224
f 223//225 224//225 232//225 231//225
f 224//226 225//226 233//226 232//226
f 225//227 226//227 234//227 233//227
f 226//228 227//228 235//228 234//228
f 227//229 228//229 236//229 235//229
f 228//230 229//230 237//230 236//230
f 229//231 230//231 238//231 237//231
f 230//232 223//232 231//232 238//232
o pine_needle.001
v 0.013463 0.994304 -0.373252
v 0.008031 0.990507 -0.325435
v -0.001186 0.985466 -0.279930
v -0.021844 0.976011 -0.224841
v -0.041114 0.967638 -0.184800
v -0.035824 0.971265 -0.229562
v -0.023735 0.977811 -0.287544
v -0.007302 0.985302 -0.330612
v 0.016788 0.984881 -0.373623
v 0.011356 0.981083 -0.325805
v 0.002138 0.976042 -0.280301
v -0.018519 0.966587 -0.225212
v -0.037789 0.958214 -0.185170
v -0.032499 0.961841 -0.229932
v -0.020411 0.968387 -0.287914
v -0.003977 0.975878 -0.330983
vn 0.3325 -0.9424 -0.0371
vn -0.3325 0.9424 0.0371
vn 0.9364 0.3251 0.1322
vn 0.9222 0.3166 0.2219
vn 0.8771 0.2945 0.3794
vn 0.8414 0.2786 0.4632
vn -0.9358 -0.3248 -0.1369
vn -0.9210 -0.3160 -0.2277
vn -0.8750 -0.2935 -0.3849
vn -0.8393 -0.2777 -0.4674
s 0
usemtl PineNeedleSun
f 239//233 240//233 241//233 242//233 243//233 244//233 245//233 246//233
f 254//234 253//234 252//234 251//234 250//234 249//234 248//234 247//234
f 239//235 240//235 248//235 247//235
f 240//236 241//236 249//236 248//236
f 241//237 242//237 250//237 249//237
f 242//238 243//238 251//238 250//238
f 243//239 244//239 252//239 251//239
f 244//240 245//240 253//240 252//240
f 245//241 246//241 254//241 253//241
f 246//242 239//242 247//242 254//242
o pine_needle.002
v 0.007678 1.067312 -0.423039
v 0.058775 1.056708 -0.441001
v 0.108462 1.042969 -0.454648
v 0.171101 1.017781 -0.463083
v 0.217745 0.995639 -0.465592
v 0.169859 1.005750 -0.448952
v 0.106458 1.023565 -0.431856
v 0.057413 1.043513 -0.425503
v 0.004051 1.060376 -0.429263
v 0.055148 1.049772 -0.447225
v 0.104834 1.036033 -0.460871
v 0.167474 1.010844 -0.469307
v 0.214118 0.988703 -0.471815
v 0.166232 0.998814 -0.455176
v 0.102831 1.016629 -0.438079
v 0.053786 1.036577 -0.431726
vn -0.3627 -0.6936 -0.6224
vn 0.3627 0.6936 0.6224
vn -0.1061 0.6943 -0.7119
vn -0.0172 0.6727 -0.7397
vn 0.1444 0.6180 -0.7728
vn 0.2329 0.5792 -0.7812
vn 0.1015 -0.6933 0.7135
vn 0.0113 -0.6711 0.7413
vn -0.1502 -0.6156 0.7736
vn -0.2374 -0.5770 0.7814
s 0
usemtl PineNeedleSun
f 255//243 256//243 257//243 258//243 259//243 260//243 261//243 262//243
f 270//244 269//244 268//244 267//244 266//244 265//244 264//244 263//244
f 255//245 256//245 264//245 263//245
f 256//246 257//246 265//246 264//246
f 257//247 258//247 266//247 265//247
f 258//248 259//248 267//248 266//248
f 259//249 260//249 268//249 267//249
f 260//250 261//250 269//250 268//250
f 261//251 262//251 270//251 269//251
f 262//252 255//252 263//252 270//252
o pine_needle.003
v -0.175777 0.920632 -0.410768
v -0.233941 0.903368 -0.419781
v -0.290110 0.886928 -0.431942
v -0.360028 0.866997 -0.455075
v -0.411707 0.852498 -0.475656
v -0.357218 0.868659 -0.467037
v -0.285578 0.889609 -0.451237
v -0.230859 0.905192 -0.432901
v -0.172846 0.911093 -0.411406
v -0.231010 0.893829 -0.420419
v -0.287179 0.877388 -0.432580
v -0.357097 0.857457 -0.455712
v -0.408777 0.842958 -0.476293
v -0.354288 0.859119 -0.467675
v -0.282647 0.880069 -0.451874
v -0.227929 0.895652 -0.433539
vn 0.2930 -0.9540 -0.0637
vn -0.2930 0.9540 0.0637
vn -0.1222 -0.1035 0.9871
vn -0.1766 -0.1195 0.9770
vn -0.2726 -0.1473 0.9508
vn -0.3255 -0.1622 0.9315
vn 0.1251 0.1044 -0.9866
vn 0.1801 0.1205 -0.9762
vn 0.2760 0.1482 -0.9497
vn 0.3282 0.1630 -0.9304
s 0
usemtl PineNeedleSun
f 271//253 272//253 273//253 274//253 275//253 276//253 277//253 278//253
f 286//254 285//254 284//254 283//254 282//254 281//254 280//254 279//254
f 271//255 272//255 280//255 279//255
f 272//256 273//256 281//256 280//256
f 273//257 274//257 282//257 281//257
f 274//258 275//258 283//258 282//258
f 275//259 276//259 284//259 283//259
f 276//260 277//260 285//260 284//260
f 277//261 278//261 286//261 285//261
f 278//262 271//262 279//262 286//262
o pine_needle.004
v 0.195304 1.124004 -0.318591
v 0.233738 1.115099 -0.305159
v 0.269682 1.108394 -0.288575
v 0.311719 1.104427 -0.259579
v 0.341610 1.103404 -0.234507
v 0.305664 1.111650 -0.247274
v 0.259917 1.120044 -0.268728
v 0.227097 1.123021 -0.291663
v 0.192037 1.115240 -0.315054
v 0.230471 1.106334 -0.301622
v 0.266416 1.099629 -0.285037
v 0.308452 1.095663 -0.256041
v 0.338343 1.094640 -0.230970
v 0.302397 1.102886 -0.243736
v 0.256650 1.111280 -0.265191
v 0.223830 1.114257 -0.288126
vn -0.3267 -0.8764 0.3537
vn 0.3267 0.8764 -0.3537
vn 0.2069 -0.4315 -0.8781
vn 0.3029 -0.4516 -0.8392
vn 0.4688 -0.4752 -0.7446
vn 0.5538 -0.4808 -0.6798
vn -0.2120 0.4327 0.8763
vn -0.3091 0.4528 0.8363
vn -0.4744 0.4758 0.7406
vn -0.5580 0.4809 0.6763
s 0
usemtl PineNeedleSun
f 287//263 288//263 289//263 290//263 291//263 292//263 293//263 294//263
f 302//264 301//264 300//264 299//264 298//264 297//264 296//264 295//264
f 287//265 288//265 296//265 295//265
f 288//266 289//266 297//266 296//266
f 289//267 290//267 298//267 297//267
f 290//268 291//268 299//268 298//268
f 291//269 292//269 300//269 299//269
f 292//270 293//270 301//270 300//270
f 293//271 294//271 302//271 301//271
f 294//272 287//272 295//272 302//272
o pine_tip_needle
v 0.099475 0.905470 -0.684215
v 0.068121 0.897357 -0.709944
v 0.039554 0.891025 -0.737331
v 0.007948 0.886615 -0.777294
v -0.013689 0.884870 -0.809392
v 0.015597 0.892394 -0.785160
v 0.051890 0.900345 -0.750017
v 0.076510 0.903695 -0.718571
v 0.103675 0.896705 -0.686569
v 0.072321 0.888592 -0.712299
v 0.043754 0.882260 -0.739685
v 0.012148 0.877851 -0.779649
v -0.009489 0.876105 -0.811747
v 0.019797 0.883630 -0.787515
v 0.056090 0.891580 -0.752372
v 0.080710 0.894930 -0.720925
vn 0.4200 -0.8764 -0.2355
vn -0.4200 0.8764 0.2355
vn -0.4990 -0.4398 0.7467
vn -0.5617 -0.4548 0.6911
vn -0.6646 -0.4737 0.5779
vn -0.7154 -0.4794 0.5083
vn 0.5024 0.4406 -0.7440
vn 0.5657 0.4557 -0.6873
vn 0.6680 0.4742 -0.5735
vn 0.7179 0.4796 -0.5046
s 0
usemtl PineNeedleSun
f 303//273 304//273 305//273 306//273 307//273 308//273 309//273 310//273
f 318//274 317//274 316//274 315//274 314//274 313//274 312//274 311//274
f 303//275 304//275 312//275 311//275
f 304//276 305//276 313//276 312//276
f 305//277 306//277 314//277 313//277
f 306//278 307//278 315//278 314//278
f 307//279 308//279 316//279 315//279
f 308//280 309//280 317//280 316//280
f 309//281 310//281 318//281 317//281
f 310//282 303//282 311//282 318//282
o pine_tip_needle.001
v 0.103080 0.973898 -0.753622
v 0.086809 0.970101 -0.708332
v 0.067385 0.965059 -0.666161
v 0.034626 0.955605 -0.617290
v 0.006674 0.947232 -0.582746
v 0.022104 0.950859 -0.625096
v 0.047189 0.957404 -0.678751
v 0.073075 0.964895 -0.716892
v 0.106401 0.964474 -0.753219
v 0.090130 0.960677 -0.707929
v 0.070706 0.955635 -0.665758
v 0.037947 0.946181 -0.616887
v 0.009994 0.937808 -0.582343
v 0.025425 0.941435 -0.624693
v 0.050509 0.947980 -0.678348
v 0.076396 0.955471 -0.716489
vn 0.3321 -0.9424 0.0403
vn -0.3321 0.9424 -0.0403
vn 0.8810 0.3251 0.3437
vn 0.8466 0.3166 0.4278
vn 0.7665 0.2945 0.5708
vn 0.7125 0.2786 0.6440
vn -0.8794 -0.3248 -0.3482
vn -0.8441 -0.3160 -0.4332
vn -0.7632 -0.2935 -0.5756
vn -0.7095 -0.2777 -0.6477
s 0
usemtl PineNeedleSun
f 319//283 320//283 321//283 322//283 323//283 324//283 325//283 326//283
f 334//284 333//284 332//284 331//284 330//284 329//284 328//284 327//284
f 319//285 320//285 328//285 327//285
f 320//286 321//286 329//286 328//286
f 321//287 322//287 330//287 329//287
f 322//288 323//288 331//288 330//288
f 323//289 324//289 332//289 331//289
f 324//290 325//290 333//290 332//290
f 325//291 326//291 334//291 333//291
f 326//292 319//292 327//292 334//292
o pine_bough.001
v -0.006385 1.081419 -0.002304
v -0.522231 0.878539 -0.376314
v -0.022181 1.070559 0.024353
v -0.526838 0.875371 -0.368539
v -0.025958 1.043061 0.041893
v -0.527940 0.867351 -0.363424
v -0.015947 1.011791 0.042108
v -0.525020 0.858231 -0.363361
v 0.003167 0.991381 0.024899
v -0.519445 0.852278 -0.368380
v 0.022440 0.991381 -0.001683
v -0.513824 0.852278 -0.376133
v 0.032854 1.011791 -0.025200
v -0.510786 0.858231 -0.382992
v 0.029537 1.043061 -0.034648
v -0.511754 0.867351 -0.385748
v 0.014041 1.070559 -0.025605
v -0.516274 0.875371 -0.383111
vn 0.3222 0.9174 0.2336
vn -0.6695 0.5623 -0.4854
vn 0.0636 0.7396 0.6701
vn -0.9177 0.3916 -0.0665
vn 0.0018 0.2894 0.9572
vn -0.9771 -0.0405 0.2091
vn 0.1657 -0.2225 0.9607
vn -0.8198 -0.5318 0.2125
vn 0.4786 -0.5567 0.6790
vn -0.5194 -0.8526 -0.0579
vn 0.7941 -0.5567 0.2438
vn -0.2165 -0.8526 -0.4756
vn 0.9646 -0.2225 -0.1412
vn -0.0529 -0.5318 -0.8452
vn 0.9103 0.2894 -0.2959
vn -0.1050 -0.0405 -0.9936
vn 0.6566 0.7396 -0.1478
vn -0.3485 0.3916 -0.8516
vt 1.000000 0.500000
vt 1.000000 1.000000
vt 0.888889 1.000000
vt 0.888889 0.500000
vt 0.777778 1.000000
vt 0.777778 0.500000
vt 0.666667 1.000000
vt 0.666667 0.500000
vt 0.555556 1.000000
vt 0.555556 0.500000
vt 0.444444 1.000000
vt 0.444444 0.500000
vt 0.333333 1.000000
vt 0.333333 0.500000
vt 0.222222 1.000000
vt 0.222222 0.500000
vt 0.404269 0.433851
vt 0.250000 0.490000
vt 0.095731 0.433851
vt 0.013646 0.291676
vt 0.042154 0.130000
vt 0.167915 0.024474
vt 0.332085 0.024474
vt 0.457846 0.130000
vt 0.486354 0.291676
vt 0.111111 1.000000
vt 0.111111 0.500000
vt 0.000000 1.000000
vt 0.000000 0.500000
vt 0.750000 0.490000
vt 0.904269 0.433851
vt 0.986354 0.291676
vt 0.957846 0.130000
vt 0.832085 0.024474
vt 0.667915 0.024474
vt 0.542154 0.130000
vt 0.513646 0.291676
vt 0.595731 0.433851
s 1
usemtl OiledOak
f 335/465/293 336/466/294 338/467/296 337/468/295
f 337/468/295 338/467/296 340/469/298 339/470/297
f 339/470/297 340/469/298 342/471/300 341/472/299
f 341/472/299 342/471/300 344/473/302 343/474/301
f 343/474/301 344/473/302 346/475/304 345/476/303
f 345/476/303 346/475/304 348/477/306 347/478/305
f 347/478/305 348/477/306 350/479/308 349/480/307
f 338/481/296 336/482/294 352/483/310 350/484/308 348/485/306 346/486/304 344/487/302 342/488/300 340/489/298
f 349/480/307 350/479/308 352/490/310 351/491/309
f 351/491/309 352/490/310 336/492/294 335/493/293
f 335/494/293 337/495/295 339/496/297 341/497/299 343/498/301 345/499/303 347/500/305 349/501/307 351/502/309
o pine_needle.005
v -0.369620 0.904904 -0.209028
v -0.409978 0.896791 -0.213070
v -0.448935 0.890459 -0.220036
v -0.497390 0.886050 -0.235787
v -0.533189 0.884304 -0.250514
v -0.495382 0.891829 -0.246573
v -0.445696 0.899779 -0.237432
v -0.407776 0.903129 -0.224900
v -0.367429 0.896140 -0.213316
v -0.407787 0.888027 -0.217358
v -0.446743 0.881695 -0.224323
v -0.495199 0.877286 -0.240074
v -0.530997 0.875540 -0.254801
v -0.493191 0.883064 -0.250860
v -0.443505 0.891015 -0.241720
v -0.405584 0.894365 -0.229187
vn 0.2191 -0.8764 -0.4288
vn -0.2191 0.8764 0.4288
vn -0.0015 -0.4398 0.8981
vn -0.0846 -0.4548 0.8865
vn -0.2330 -0.4737 0.8493
vn -0.3138 -0.4794 0.8196
vn 0.0059 0.4406 -0.8977
vn 0.0900 0.4557 -0.8856
vn 0.2382 0.4742 -0.8476
vn 0.3179 0.4796 -0.8179
s 0
usemtl PineNeedleDeep
f 353//311 354//311 355//311 356//311 357//311 358//311 359//311 360//311
f 368//312 367//312 366//312 365//312 364//312 363//312 362//312 361//312
f 353//313 354//313 362//313 361//313
f 354//314 355//314 363//314 362//314
f 355//315 356//315 364//315 363//315
f 356//316 357//316 365//316 364//316
f 357//317 358//317 366//317 365//317
f 358//318 359//318 367//318 366//318
f 359//319 360//319 368//319 367//319
f 360//320 353//320 361//320 368//320
o pine_needle.006
v -0.254465 1.060484 -0.259303
v -0.240055 1.056687 -0.213386
v -0.230044 1.051645 -0.168049
v -0.226606 1.042191 -0.109315
v -0.227998 1.033818 -0.064900
v -0.241300 1.037444 -0.107966
v -0.253743 1.043990 -0.165873
v -0.256171 1.051481 -0.211906
v -0.251576 1.051060 -0.260989
v -0.237166 1.047263 -0.215072
v -0.227154 1.042221 -0.169735
v -0.223717 1.032767 -0.111001
v -0.225109 1.024394 -0.066586
v -0.238411 1.028021 -0.109652
v -0.250854 1.034566 -0.167559
v -0.253282 1.042057 -0.213592
vn 0.2889 -0.9424 -0.1686
vn -0.2889 0.9424 0.1686
vn 0.9096 0.3251 -0.2586
vn 0.9330 0.3166 -0.1708
vn 0.9556 0.2945 -0.0085
vn 0.9569 0.2786 0.0825
vn -0.9110 -0.3248 0.2540
vn -0.9343 -0.3160 0.1650
vn -0.9559 -0.2935 0.0026
vn -0.9567 -0.2777 -0.0872
s 0
usemtl PineNeedleDeep
f 369//321 370//321 371//321 372//321 373//321 374//321 375//321 376//321
f 384//322 383//322 382//322 381//322 380//322 379//322 378//322 377//322
f 369//323 370//323 378//323 377//323
f 370//324 371//324 379//324 378//324
f 371//325 372//325 380//325 379//325
f 372//326 373//326 381//326 380//326
f 373//327 374//327 382//327 381//327
f 374//328 375//328 383//328 382//328
f 375//329 376//329 384//329 383//329
f 376//330 369//330 377//330 384//330
o pine_needle.007
v -0.260228 0.992634 -0.269865
v -0.242178 0.982030 -0.320931
v -0.221651 0.968291 -0.368193
v -0.188942 0.943103 -0.422276
v -0.161647 0.920961 -0.460183
v -0.178714 0.931072 -0.412447
v -0.205153 0.948888 -0.352340
v -0.230960 0.968835 -0.310151
v -0.267351 0.985698 -0.270943
v -0.249301 0.975094 -0.322009
v -0.228774 0.961355 -0.369270
v -0.196065 0.936167 -0.423353
v -0.168770 0.914025 -0.461260
v -0.185836 0.924136 -0.413524
v -0.212276 0.941952 -0.353417
v -0.238082 0.961899 -0.311229
vn -0.7123 -0.6936 -0.1077
vn 0.7123 0.6936 0.1077
vn -0.6211 0.6943 -0.3637
vn -0.5870 0.6727 -0.4505
vn -0.5114 0.6180 -0.5971
vn -0.4625 0.5792 -0.6713
vn 0.6194 -0.6933 0.3683
vn 0.5845 -0.6711 0.4560
vn 0.5084 -0.6156 0.6021
vn 0.4598 -0.5770 0.6750
s 0
usemtl PineNeedleDeep
f 385//331 386//331 387//331 388//331 389//331 390//331 391//331 392//331
f 400//332 399//332 398//332 397//332 396//332 395//332 394//332 393//332
f 385//333 386//333 394//333 393//333
f 386//334 387//334 395//334 394//334
f 387//335 388//335 396//335 395//335
f 388//336 389//336 397//336 396//336
f 389//337 390//337 398//337 397//337
f 390//338 391//338 399//338 398//338
f 391//339 392//339 400//339 399//339
f 392//340 385//340 393//340 400//340
o pine_needle.008
v -0.407983 0.997756 -0.213668
v -0.440887 0.980492 -0.164866
v -0.475791 0.964051 -0.119209
v -0.526473 0.944120 -0.065777
v -0.567086 0.929621 -0.027765
v -0.536103 0.945783 -0.073410
v -0.491323 0.966733 -0.131520
v -0.451449 0.982315 -0.173237
v -0.407314 0.988216 -0.216591
v -0.440217 0.970952 -0.167789
v -0.475121 0.954512 -0.122132
v -0.525803 0.934581 -0.068700
v -0.566416 0.920082 -0.030688
v -0.535433 0.936243 -0.076333
v -0.490653 0.957193 -0.134443
v -0.450779 0.972776 -0.176160
vn 0.0670 -0.9540 -0.2923
vn -0.0670 0.9540 0.2923
vn 0.8413 -0.1035 0.5306
vn 0.8090 -0.1195 0.5755
vn 0.7445 -0.1473 0.6512
vn 0.7045 -0.1622 0.6909
vn -0.8397 0.1044 -0.5330
vn -0.8069 0.1205 -0.5783
vn -0.7420 0.1482 -0.6538
vn -0.7024 0.1630 -0.6929
s 0
usemtl PineNeedleDeep
f 401//341 402//341 403//341 404//341 405//341 406//341 407//341 408//341
f 416//342 415//342 414//342 413//342 412//342 411//342 410//342 409//342
f 401//343 402//343 410//343 409//343
f 402//344 403//344 411//344 410//344
f 403//345 404//345 412//345 411//345
f 404//346 405//346 413//346 412//346
f 405//347 406//347 414//347 413//347
f 406//348 407//348 415//348 414//348
f 407//349 408//349 416//349 415//349
f 408//350 401//350 409//350 416//350
o pine_needle.009
v -0.298017 1.052898 -0.178341
v -0.261219 1.043993 -0.195762
v -0.223980 1.037288 -0.209191
v -0.173689 1.033322 -0.218059
v -0.134802 1.032298 -0.221195
v -0.169361 1.040545 -0.205046
v -0.216999 1.048939 -0.188202
v -0.256472 1.051915 -0.181490
v -0.297860 1.044134 -0.173529
v -0.261061 1.035229 -0.190950
v -0.223823 1.028524 -0.204379
v -0.173532 1.024557 -0.213247
v -0.134644 1.023534 -0.216382
v -0.169204 1.031780 -0.200234
v -0.216842 1.040174 -0.183390
v -0.256314 1.043151 -0.176677
vn 0.0157 -0.8764 0.4813
vn -0.0157 0.8764 -0.4813
vn -0.4692 -0.4315 -0.7705
vn -0.3735 -0.4516 -0.8103
vn -0.1890 -0.4752 -0.8593
vn -0.0830 -0.4808 -0.8729
vn 0.4643 0.4327 0.7728
vn 0.3671 0.4528 0.8126
vn 0.1822 0.4758 0.8605
vn 0.0776 0.4809 0.8733
s 0
usemtl PineNeedleDeep
f 417//351 418//351 419//351 420//351 421//351 422//351 423//351 424//351
f 432//352 431//352 430//352 429//352 428//352 427//352 426//352 425//352
f 417//353 418//353 426//353 425//353
f 418//354 419//354 427//354 426//354
f 419//355 420//355 428//355 427//355
f 420//356 421//356 429//356 428//356
f 421//357 422//357 430//357 429//357
f 422//358 423//358 431//358 430//358
f 423//359 424//359 432//359 431//359
f 424//360 417//360 425//360 432//360
o pine_needle.010
v -0.374674 0.891008 -0.226900
v -0.410961 0.887731 -0.259066
v -0.442418 0.882935 -0.293352
v -0.473286 0.873190 -0.343482
v -0.492490 0.864342 -0.383783
v -0.458676 0.867494 -0.353486
v -0.418854 0.873749 -0.309486
v -0.394938 0.881485 -0.270037
v -0.376376 0.881584 -0.224020
v -0.412663 0.878308 -0.256186
v -0.444120 0.873511 -0.290472
v -0.474988 0.863766 -0.340602
v -0.494191 0.854918 -0.380903
v -0.460378 0.858070 -0.350606
v -0.420556 0.864325 -0.306607
v -0.396639 0.872061 -0.267157
vn -0.1702 -0.9424 0.2880
vn 0.1702 0.9424 -0.2880
vn -0.6431 0.3276 0.6921
vn -0.7203 0.3184 0.6163
vn -0.8387 0.2919 0.4597
vn -0.8905 0.2722 0.3646
vn 0.6473 -0.3273 -0.6884
vn 0.7250 -0.3177 -0.6111
vn 0.8424 -0.2908 -0.4537
vn 0.8929 -0.2711 -0.3596
s 0
usemtl PineNeedleDeep
f 433//361 434//361 435//361 436//361 437//361 438//361 439//361 440//361
f 448//362 447//362 446//362 445//362 444//362 443//362 442//362 441//362
f 433//363 434//363 442//363 441//363
f 434//364 435//364 443//364 442//364
f 435//365 436//365 444//365 443//365
f 436//366 437//366 445//366 444//366
f 437//367 438//367 446//367 445//367
f 438//368 439//368 447//368 446//368
f 439//369 440//369 448//369 447//369
f 440//370 433//370 441//370 448//370
o pine_tip_needle.002
v -0.477186 0.957698 -0.317030
v -0.515191 0.949585 -0.331197
v -0.551098 0.943253 -0.347835
v -0.593958 0.938843 -0.375384
v -0.624839 0.937098 -0.398727
v -0.589275 0.944622 -0.385306
v -0.543544 0.952573 -0.363837
v -0.510054 0.955923 -0.342078
v -0.473977 0.948933 -0.320620
v -0.511982 0.940820 -0.334787
v -0.547889 0.934488 -0.351425
v -0.590749 0.930079 -0.378974
v -0.621629 0.928333 -0.402317
v -0.586066 0.935858 -0.388896
v -0.540335 0.943808 -0.367427
v -0.506845 0.947158 -0.345668
vn 0.3209 -0.8764 -0.3590
vn -0.3209 0.8764 0.3590
vn -0.2298 -0.4398 0.8682
vn -0.3071 -0.4548 0.8359
vn -0.4412 -0.4737 0.7622
vn -0.5118 -0.4794 0.7129
vn 0.2339 0.4406 -0.8667
vn 0.3121 0.4557 -0.8336
vn 0.4458 0.4742 -0.7592
vn 0.5153 0.4796 -0.7102
s 0
usemtl PineNeedleDeep
f 449//371 450//371 451//371 452//371 453//371 454//371 455//371 456//371
f 464//372 463//372 462//372 461//372 460//372 459//372 458//372 457//372
f 449//373 450//373 458//373 457//373
f 450//374 451//374 459//374 458//374
f 451//375 452//375 460//375 459//375
f 452//376 453//376 461//376 460//376
f 453//377 454//377 462//377 461//377
f 454//378 455//378 463//378 462//378
f 455//379 456//379 464//379 463//379
f 456//380 449//380 457//380 464//380
o pine_tip_needle.003
v -0.418689 0.926280 -0.357736
v -0.405570 0.922482 -0.311434
v -0.396832 0.917441 -0.265835
v -0.395042 0.907986 -0.207027
v -0.397677 0.899613 -0.162668
v -0.409767 0.903240 -0.206090
v -0.420584 0.909786 -0.264323
v -0.421721 0.917277 -0.310406
v -0.415753 0.916856 -0.359340
v -0.402635 0.913059 -0.313038
v -0.393897 0.908017 -0.267439
v -0.392106 0.898562 -0.208632
v -0.394742 0.890189 -0.164273
v -0.406832 0.893816 -0.207694
v -0.417648 0.900362 -0.265927
v -0.418786 0.907853 -0.312010
vn 0.2935 -0.9424 -0.1604
vn -0.2935 0.9424 0.1604
vn 0.9165 0.3251 -0.2330
vn 0.9375 0.3166 -0.1446
vn 0.9555 0.2945 0.0182
vn 0.9542 0.2786 0.1093
vn -0.9178 -0.3248 0.2284
vn -0.9386 -0.3160 0.1388
vn -0.9556 -0.2935 -0.0241
vn -0.9539 -0.2777 -0.1139
s 0
usemtl PineNeedleDeep
f 465//381 466//381 467//381 468//381 469//381 470//381 471//381 472//381
f 480//382 479//382 478//382 477//382 476//382 475//382 474//382 473//382
f 465//383 466//383 474//383 473//383
f 466//384 467//384 475//384 474//384
f 467//385 468//385 476//385 475//385
f 468//386 469//386 477//386 476//386
f 469//387 470//387 478//387 477//387
f 470//388 471//388 479//388 478//388
f 471//389 472//389 480//389 479//389
f 472//390 465//390 473//390 480//390
o pine_tip_needle.004
v -0.486919 0.921913 -0.278534
v -0.481293 0.911309 -0.332404
v -0.472370 0.897570 -0.383152
v -0.453195 0.872381 -0.443377
v -0.435506 0.850240 -0.486610
v -0.440954 0.860351 -0.436209
v -0.452626 0.878166 -0.371589
v -0.467867 0.898114 -0.324541
v -0.494097 0.914977 -0.277919
v -0.488470 0.904373 -0.331788
v -0.479547 0.890634 -0.382536
v -0.460372 0.865445 -0.442762
v -0.442683 0.843304 -0.485994
v -0.448131 0.853415 -0.435593
v -0.459804 0.871230 -0.370974
v -0.475045 0.891178 -0.323926
vn -0.7177 -0.6936 0.0616
vn 0.7177 0.6936 -0.0616
vn -0.6888 0.6943 -0.2086
vn -0.6759 0.6727 -0.3010
vn -0.6367 0.6180 -0.4612
vn -0.6065 0.5792 -0.5448
vn 0.6883 -0.6933 0.2135
vn 0.6749 -0.6711 0.3069
vn 0.6350 -0.6156 0.4667
vn 0.6047 -0.5770 0.5489
s 0
usemtl PineNeedleDeep
f 481//391 482//391 483//391 484//391 485//391 486//391 487//391 488//391
f 496//392 495//392 494//392 493//392 492//392 491//392 490//392 489//392
f 481//393 482//393 490//393 489//393
f 482//394 483//394 491//394 490//394
f 483//395 484//395 492//395 491//395
f 484//396 485//396 493//396 492//396
f 485//397 486//397 494//397 493//397
f 486//398 487//398 495//398 494//398
f 487//399 488//399 496//399 495//399
f 488//400 481//400 489//400 496//400
o pine_bough.002
v -0.011551 1.081960 0.009493
v -0.588379 0.913697 0.264714
v 0.003059 1.070973 0.036768
v -0.584118 0.910492 0.272669
v 0.015086 1.043154 0.049398
v -0.580610 0.902378 0.276353
v 0.018903 1.011520 0.041475
v -0.579497 0.893152 0.274042
v 0.012722 0.990872 0.016706
v -0.581299 0.887129 0.266818
v -0.000563 0.990872 -0.013321
v -0.585174 0.887129 0.258060
v -0.014737 1.011520 -0.034554
v -0.589308 0.893152 0.251867
v -0.023167 1.043154 -0.037058
v -0.591767 0.902378 0.251137
v -0.021909 1.070973 -0.019663
v -0.591400 0.910492 0.256210
vn 0.4040 0.8971 -0.1787
vn -0.7306 0.6015 0.3232
vn 0.6433 0.7172 0.2680
vn -0.5011 0.4289 0.7516
vn 0.8403 0.2615 0.4749
vn -0.3122 -0.0080 0.9500
vn 0.9028 -0.2566 0.3451
vn -0.2523 -0.5048 0.8255
vn 0.8016 -0.5948 -0.0606
vn -0.3493 -0.8291 0.4365
vn 0.5840 -0.5948 -0.5524
vn -0.5580 -0.8291 -0.0351
vn 0.3518 -0.2566 -0.9002
vn -0.7806 -0.5048 -0.3685
vn 0.2137 0.2615 -0.9412
vn -0.9130 -0.0080 -0.4079
vn 0.2343 0.7172 -0.6563
vn -0.8932 0.4289 -0.1347
vt 1.000000 0.500000
vt 1.000000 1.000000
vt 0.888889 1.000000
vt 0.888889 0.500000
vt 0.777778 1.000000
vt 0.777778 0.500000
vt 0.666667 1.000000
vt 0.666667 0.500000
vt 0.555556 1.000000
vt 0.555556 0.500000
vt 0.444444 1.000000
vt 0.444444 0.500000
vt 0.333333 1.000000
vt 0.333333 0.500000
vt 0.222222 1.000000
vt 0.222222 0.500000
vt 0.404269 0.433851
vt 0.250000 0.490000
vt 0.095731 0.433851
vt 0.013646 0.291676
vt 0.042154 0.130000
vt 0.167915 0.024474
vt 0.332085 0.024474
vt 0.457846 0.130000
vt 0.486354 0.291676
vt 0.111111 1.000000
vt 0.111111 0.500000
vt 0.000000 1.000000
vt 0.000000 0.500000
vt 0.750000 0.490000
vt 0.904269 0.433851
vt 0.986354 0.291676
vt 0.957846 0.130000
vt 0.832085 0.024474
vt 0.667915 0.024474
vt 0.542154 0.130000
vt 0.513646 0.291676
vt 0.595731 0.433851
s 1
usemtl OiledOak
f 497/503/401 498/504/402 500/505/404 499/506/403
f 499/506/403 500/505/404 502/507/406 501/508/405
f 501/508/405 502/507/406 504/509/408 503/510/407
f 503/510/407 504/509/408 506/511/410 505/512/409
f 505/512/409 506/511/410 508/513/412 507/514/411
f 507/514/411 508/513/412 510/515/414 509/516/413
f 509/516/413 510/515/414 512/517/416 511/518/415
f 500/519/404 498/520/402 514/521/418 512/522/416 510/523/414 508/524/412 506/525/410 504/526/408 502/527/406
f 511/518/415 512/517/416 514/528/418 513/529/417
f 513/529/417 514/528/418 498/530/402 497/531/401
f 497/532/401 499/533/403 501/534/405 503/535/407 505/536/409 507/537/411 509/538/413 511/539/415 513/540/417
o pine_needle.011
v -0.326367 0.931253 0.159158
v -0.365602 0.923140 0.169436
v -0.404544 0.916807 0.176485
v -0.455450 0.912398 0.178611
v -0.494138 0.910653 0.177285
v -0.457328 0.918177 0.167801
v -0.407572 0.926128 0.159051
v -0.367661 0.929477 0.157580
v -0.325807 0.922488 0.154375
v -0.365043 0.914375 0.164654
v -0.403984 0.908043 0.171703
v -0.454891 0.903634 0.173828
v -0.493578 0.901888 0.172502
v -0.456768 0.909412 0.163019
v -0.407012 0.917363 0.154268
v -0.367102 0.920713 0.152798
vn 0.0559 -0.8764 -0.4782
vn -0.0559 0.8764 0.4782
vn 0.3116 -0.4398 0.8423
vn 0.2297 -0.4548 0.8604
vn 0.0777 -0.4737 0.8772
vn -0.0084 -0.4794 0.8776
vn -0.3074 0.4406 -0.8434
vn -0.2243 0.4557 -0.8614
vn -0.0721 0.4742 -0.8775
vn 0.0129 0.4796 -0.8774
s 0
usemtl PineNeedle
f 515//419 516//419 517//419 518//419 519//419 520//419 521//419 522//419
f 530//420 529//420 528//420 527//420 526//420 525//420 524//420 523//420
f 515//421 516//421 524//421 523//421
f 516//422 517//422 525//422 524//422
f 517//423 518//423 526//423 525//423
f 518//424 519//424 527//424 526//424
f 519//425 520//425 528//425 527//425
f 520//426 521//426 529//426 528//426
f 521//427 522//427 530//427 529//427
f 522//428 515//428 523//428 530//428
o pine_needle.012
v -0.086555 1.170958 0.139191
v -0.044186 1.167161 0.162012
v -0.005371 1.162119 0.187488
v 0.038089 1.152665 0.227146
v 0.068096 1.144292 0.259922
v 0.028509 1.147919 0.238369
v -0.020822 1.154464 0.205589
v -0.054692 1.161955 0.174321
v -0.085663 1.161534 0.135967
v -0.043294 1.157737 0.158788
v -0.004479 1.152695 0.184264
v 0.038981 1.143241 0.223922
v 0.068988 1.134868 0.256698
v 0.029401 1.138495 0.235145
v -0.019930 1.145040 0.202365
v -0.053801 1.152531 0.171097
vn 0.0892 -0.9424 -0.3224
vn -0.0892 0.9424 0.3224
vn 0.4709 0.3251 -0.8201
vn 0.5489 0.3166 -0.7736
vn 0.6783 0.2945 -0.6731
vn 0.7428 0.2786 -0.6088
vn -0.4750 -0.3248 0.8178
vn -0.5538 -0.3160 0.7704
vn -0.6827 -0.2935 0.6692
vn -0.7459 -0.2777 0.6054
s 0
usemtl PineNeedle
f 531//429 532//429 533//429 534//429 535//429 536//429 537//429 538//429
f 546//430 545//430 544//430 543//430 542//430 541//430 540//430 539//430
f 531//431 532//431 540//431 539//431
f 532//432 533//432 541//432 540//432
f 533//433 534//433 542//433 541//433
f 534//434 535//434 543//434 542//434
f 535//435 536//435 544//435 543//435
f 536//436 537//436 545//436 544//436
f 537//437 538//437 546//437 545//437
f 538//438 531//438 539//438 546//438
o pine_needle.013
v -0.356626 0.910304 0.118993
v -0.395126 0.899700 0.080897
v -0.429129 0.885961 0.042183
v -0.464109 0.860773 -0.010460
v -0.486765 0.838631 -0.051309
v -0.450858 0.848742 -0.015523
v -0.407755 0.866558 0.034016
v -0.380593 0.886506 0.075344
v -0.360637 0.903368 0.124977
v -0.399137 0.892764 0.086881
v -0.433139 0.879025 0.048166
v -0.468120 0.853837 -0.004476
v -0.490775 0.831695 -0.045325
v -0.454868 0.841806 -0.009539
v -0.411766 0.859622 0.040000
v -0.384603 0.879570 0.081328
vn -0.4011 -0.6936 0.5984
vn 0.4011 0.6936 -0.5984
vn -0.5937 0.6943 0.4068
vn -0.6577 0.6727 0.3389
vn -0.7582 0.6180 0.2081
vn -0.8044 0.5792 0.1322
vn 0.5972 -0.6933 -0.4033
vn 0.6617 -0.6711 -0.3344
vn 0.7614 -0.6156 -0.2033
vn 0.8066 -0.5770 -0.1282
s 0
usemtl PineNeedle
f 547//439 548//439 549//439 550//439 551//439 552//439 553//439 554//439
f 562//440 561//440 560//440 559//440 558//440 557//440 556//440 555//440
f 547//441 548//441 556//441 555//441
f 548//442 549//442 557//442 556//442
f 549//443 550//443 558//443 557//443
f 550//444 551//444 559//444 558//444
f 551//445 552//445 560//445 559//445
f 552//446 553//446 561//446 560//446
f 553//447 554//447 562//447 561//447
f 554//448 547//448 555//448 562//448
o pine_needle.014
v -0.353863 1.077265 0.059913
v -0.336184 1.060001 0.116054
v -0.322212 1.043561 0.171800
v -0.311987 1.023630 0.244732
v -0.307551 1.009130 0.300182
v -0.323956 1.025292 0.247511
v -0.341518 1.046242 0.176282
v -0.349312 1.061825 0.119102
v -0.355732 1.067726 0.057568
v -0.338053 1.050462 0.113709
v -0.324081 1.034021 0.169455
v -0.313856 1.014090 0.242387
v -0.309421 0.999591 0.297837
v -0.325826 1.015752 0.245166
v -0.343387 1.036702 0.173937
v -0.351182 1.052285 0.116757
vn -0.1869 -0.9540 -0.2345
vn 0.1869 0.9540 0.2345
vn 0.9391 -0.1035 -0.3276
vn 0.9542 -0.1195 -0.2744
vn 0.9732 -0.1473 -0.1767
vn 0.9793 -0.1622 -0.1208
vn -0.9400 0.1044 0.3248
vn -0.9550 0.1205 0.2709
vn -0.9737 0.1482 0.1731
vn -0.9796 0.1630 0.1178
s 0
usemtl PineNeedle
f 563//449 564//449 565//449 566//449 567//449 568//449 569//449 570//449
f 578//450 577//450 576//450 575//450 574//450 573//450 572//450 571//450
f 563//451 564//451 572//451 571//451
f 564//452 565//452 573//452 572//452
f 565//453 566//453 574//453 573//453
f 566//454 567//454 575//454 574//454
f 567//455 568//455 576//455 575//455
f 568//456 569//456 577//456 576//456
f 569//457 570//457 578//457 577//457
f 570//458 563//458 571//458 578//458
o pine_needle.015
v -0.157873 0.982773 0.107598
v -0.131401 0.973868 0.076665
v -0.102897 0.967163 0.049195
v -0.060616 0.963196 0.020557
v -0.026402 0.962173 0.001810
v -0.051350 0.970419 0.030667
v -0.087951 0.978813 0.065501
v -0.121238 0.981790 0.087753
v -0.155763 0.974008 0.111926
v -0.129292 0.965103 0.080993
v -0.100788 0.958398 0.053524
v -0.058507 0.954432 0.024886
v -0.024293 0.953408 0.006138
v -0.049240 0.961655 0.034995
v -0.085842 0.970049 0.069830
v -0.119129 0.973026 0.092081
vn 0.2110 -0.8764 0.4328
vn -0.2110 0.8764 -0.4328
vn -0.7430 -0.4315 -0.5116
vn -0.6719 -0.4516 -0.5870
vn -0.5235 -0.4752 -0.7071
vn -0.4324 -0.4808 -0.7628
vn 0.7395 0.4327 0.5157
vn 0.6670 0.4528 0.5917
vn 0.5178 0.4758 0.7110
vn 0.4275 0.4809 0.7654
s 0
usemtl PineNeedle
f 579//459 580//459 581//459 582//459 583//459 584//459 585//459 586//459
f 594//460 593//460 592//460 591//460 590//460 589//460 588//460 587//460
f 579//461 580//461 588//461 587//461
f 580//462 581//462 589//462 588//462
f 581//463 582//463 590//463 589//463
f 582//464 583//464 591//464 590//464
f 583//465 584//465 592//465 591//465
f 584//466 585//466 593//466 592//466
f 585//467 586//467 594//467 593//467
f 586//468 579//468 587//468 594//468
o pine_tip_needle.005
v -0.582762 1.017627 0.282709
v -0.622857 1.009514 0.288830
v -0.662322 1.003182 0.291771
v -0.713172 0.998773 0.288565
v -0.751509 0.997027 0.283203
v -0.713910 1.004552 0.277618
v -0.663512 1.012502 0.274115
v -0.623666 1.015852 0.276824
v -0.581706 1.008863 0.278011
v -0.621801 1.000750 0.284132
v -0.661266 0.994418 0.287073
v -0.712116 0.990009 0.283867
v -0.750453 0.988263 0.278505
v -0.712854 0.995787 0.272920
v -0.662456 1.003738 0.269418
v -0.622610 1.007088 0.272126
vn 0.1056 -0.8764 -0.4698
vn -0.1056 0.8764 0.4698
vn 0.2219 -0.4398 0.8703
vn 0.1385 -0.4548 0.8797
vn -0.0144 -0.4737 0.8806
vn -0.1001 -0.4794 0.8719
vn -0.2175 0.4406 -0.8709
vn -0.1331 0.4557 -0.8801
vn 0.0200 0.4742 -0.8802
vn 0.1045 0.4796 -0.8712
s 0
usemtl PineNeedle
f 595//469 596//469 597//469 598//469 599//469 600//469 601//469 602//469
f 610//470 609//470 608//470 607//470 606//470 605//470 604//470 603//470
f 595//471 596//471 604//471 603//471
f 596//472 597//472 605//472 604//472
f 597//473 598//473 606//473 605//473
f 598//474 599//474 607//474 606//474
f 599//475 600//475 608//475 607//475
f 600//476 601//476 609//476 608//476
f 601//477 602//477 610//477 609//477
f 602//478 595//478 603//478 610//478
o pine_tip_needle.006
v -0.582716 0.886072 0.209814
v -0.536695 0.882275 0.223885
v -0.493638 0.877233 0.241256
v -0.443247 0.867779 0.271625
v -0.407396 0.859406 0.297882
v -0.450440 0.863032 0.284508
v -0.505240 0.869578 0.262036
v -0.544584 0.877069 0.238015
v -0.582473 0.876648 0.206477
v -0.536452 0.872851 0.220549
v -0.493395 0.867809 0.237920
v -0.443004 0.858355 0.268288
v -0.407154 0.849982 0.294545
v -0.450198 0.853608 0.281172
v -0.504998 0.860154 0.258699
v -0.544342 0.867645 0.234679
vn 0.0243 -0.9424 -0.3336
vn -0.0243 0.9424 0.3336
vn 0.3009 0.3251 -0.8965
vn 0.3866 0.3166 -0.8662
vn 0.5332 0.2945 -0.7931
vn 0.6090 0.2786 -0.7426
vn -0.3055 -0.3248 0.8951
vn -0.3920 -0.3160 0.8640
vn -0.5382 -0.2935 0.7900
vn -0.6128 -0.2777 0.7399
s 0
usemtl PineNeedle
f 611//479 612//479 613//479 614//479 615//479 616//479 617//479 618//479
f 626//480 625//480 624//480 623//480 622//480 621//480 620//480 619//480
f 611//481 612//481 620//481 619//481
f 612//482 613//482 621//482 620//482
f 613//483 614//483 622//483 621//483
f 614//484 615//484 623//484 622//484
f 615//485 616//485 624//485 623//485
f 616//486 617//486 625//486 624//486
f 617//487 618//487 626//487 625//487
f 618//488 611//488 619//488 626//488
o pine_bough.003
v -0.006920 1.081902 0.010765
v -0.079010 0.878680 0.781425
v 0.024022 1.070929 0.011262
v -0.069985 0.875479 0.781570
v 0.040931 1.043144 0.006771
v -0.065054 0.867375 0.780260
v 0.035894 1.011549 -0.000605
v -0.066523 0.858160 0.778108
v 0.011269 0.990926 -0.007416
v -0.073705 0.852145 0.776122
v -0.021422 0.990926 -0.010474
v -0.083240 0.852145 0.775230
v -0.046883 1.011549 -0.008349
v -0.090666 0.858160 0.775850
v -0.053200 1.043144 -0.002034
v -0.092508 0.867375 0.777692
v -0.037417 1.070929 0.005514
v -0.087905 0.875479 0.779893
vn 0.0411 0.8976 -0.4389
vn -0.0745 0.6007 0.7960
vn 0.5460 0.7185 -0.4308
vn 0.4135 0.4277 0.8038
vn 0.8220 0.2651 -0.5041
vn 0.6801 -0.0105 0.7330
vn 0.7398 -0.2505 -0.6245
vn 0.6007 -0.5088 0.6167
vn 0.3379 -0.5871 -0.7356
vn 0.2124 -0.8340 0.5093
vn -0.1956 -0.5871 -0.7855
vn -0.3032 -0.8340 0.4611
vn -0.6111 -0.2505 -0.7508
vn -0.7047 -0.5088 0.4946
vn -0.7142 0.2651 -0.6478
vn -0.8043 -0.0105 0.5941
vn -0.4566 0.7185 -0.5246
vn -0.5554 0.4277 0.7132
vt 1.000000 0.500000
vt 1.000000 1.000000
vt 0.888889 1.000000
vt 0.888889 0.500000
vt 0.777778 1.000000
vt 0.777778 0.500000
vt 0.666667 1.000000
vt 0.666667 0.500000
vt 0.555556 1.000000
vt 0.555556 0.500000
vt 0.444444 1.000000
vt 0.444444 0.500000
vt 0.333333 1.000000
vt 0.333333 0.500000
vt 0.222222 1.000000
vt 0.222222 0.500000
vt 0.404269 0.433851
vt 0.250000 0.490000
vt 0.095731 0.433851
vt 0.013646 0.291676
vt 0.042154 0.130000
vt 0.167915 0.024474
vt 0.332085 0.024474
vt 0.457846 0.130000
vt 0.486354 0.291676
vt 0.111111 1.000000
vt 0.111111 0.500000
vt 0.000000 1.000000
vt 0.000000 0.500000
vt 0.750000 0.490000
vt 0.904269 0.433851
vt 0.986354 0.291676
vt 0.957846 0.130000
vt 0.832085 0.024474
vt 0.667915 0.024474
vt 0.542154 0.130000
vt 0.513646 0.291676
vt 0.595731 0.433851
s 1
usemtl OiledOak
f 627/541/489 628/542/490 630/543/492 629/544/491
f 629/544/491 630/543/492 632/545/494 631/546/493
f 631/546/493 632/545/494 634/547/496 633/548/495
f 633/548/495 634/547/496 636/549/498 635/550/497
f 635/550/497 636/549/498 638/551/500 637/552/499
f 637/552/499 638/551/500 640/553/502 639/554/501
f 639/554/501 640/553/502 642/555/504 641/556/503
f 630/557/492 628/558/490 644/559/506 642/560/504 640/561/502 638/562/500 636/563/498 634/564/496 632/565/494
f 641/556/503 642/555/504 644/566/506 643/567/505
f 643/567/505 644/566/506 628/568/490 627/569/489
f 627/570/489 629/571/491 631/572/493 633/573/495 635/574/497 637/575/499 639/576/501 641/577/503 643/578/505
o pine_needle.016
v -0.143445 0.999904 0.571684
v -0.168508 0.991791 0.603574
v -0.195286 0.985459 0.632712
v -0.234574 0.981050 0.665153
v -0.266209 0.979304 0.687463
v -0.242599 0.986828 0.657672
v -0.208230 0.994779 0.620646
v -0.177309 0.998129 0.595369
v -0.145888 0.991140 0.567535
v -0.170950 0.983027 0.599424
v -0.197729 0.976695 0.628563
v -0.237017 0.972286 0.661004
v -0.268651 0.970540 0.683314
v -0.245042 0.978064 0.653523
v -0.210672 0.986015 0.616497
v -0.179752 0.989365 0.591219
vn -0.2443 -0.8764 -0.4149
vn 0.2443 0.8764 0.4149
vn 0.7571 -0.4398 0.4831
vn 0.7028 -0.4548 0.5470
vn 0.5917 -0.4737 0.6522
vn 0.5233 -0.4794 0.7045
vn -0.7544 0.4406 -0.4866
vn -0.6991 0.4557 -0.5510
vn -0.5875 0.4742 -0.6558
vn -0.5197 0.4796 -0.7071
s 0
usemtl PineNeedleSun
f 645//507 646//507 647//507 648//507 649//507 650//507 651//507 652//507
f 660//508 659//508 658//508 657//508 656//508 655//508 654//508 653//508
f 645//509 646//509 654//509 653//509
f 646//510 647//510 655//510 654//510
f 647//511 648//511 656//511 655//511
f 648//512 649//512 657//512 656//512
f 649//513 650//513 658//513 657//513
f 650//514 651//514 659//514 658//514
f 651//515 652//515 660//515 659//515
f 652//516 645//516 653//516 660//516
o pine_needle.017
v 0.073636 1.056611 0.412221
v 0.113419 1.052814 0.385142
v 0.153920 1.047772 0.362442
v 0.209148 1.038318 0.342158
v 0.252066 1.029945 0.330640
v 0.214691 1.033572 0.355833
v 0.162860 1.040117 0.384498
v 0.119499 1.047608 0.400140
v 0.071186 1.047187 0.409943
v 0.110970 1.043390 0.382864
v 0.151470 1.038348 0.360164
v 0.206698 1.028894 0.339881
v 0.249617 1.020521 0.328362
v 0.212241 1.024148 0.353555
v 0.160411 1.030693 0.382220
v 0.117049 1.038184 0.397863
vn -0.2450 -0.9424 -0.2278
vn 0.2450 0.9424 0.2278
vn -0.5107 0.3251 -0.7959
vn -0.4335 0.3166 -0.8437
vn -0.2846 0.2945 -0.9123
vn -0.1979 0.2786 -0.9398
vn 0.5068 -0.3248 0.7986
vn 0.4283 -0.3160 0.8466
vn 0.2791 -0.2935 0.9143
vn 0.1933 -0.2777 0.9410
s 0
usemtl PineNeedleSun
f 661//517 662//517 663//517 664//517 665//517 666//517 667//517 668//517
f 676//518 675//518 674//518 673//518 672//518 671//518 670//518 669//518
f 661//519 662//519 670//519 669//519
f 662//520 663//520 671//520 670//520
f 663//521 664//521 672//521 671//521
f 664//522 665//522 673//522 672//522
f 665//523 666//523 674//523 673//523
f 666//524 667//524 675//524 674//524
f 667//525 668//525 676//525 675//525
f 668//526 661//526 669//526 676//526
o pine_needle.018
v -0.029195 0.971854 0.390925
v -0.082024 0.961249 0.402867
v -0.132954 0.947511 0.410686
v -0.196148 0.922322 0.411833
v -0.242770 0.900180 0.408939
v -0.193283 0.910292 0.397939
v -0.128332 0.928107 0.388278
v -0.078881 0.948055 0.387630
v -0.026310 0.964918 0.397526
v -0.079140 0.954313 0.409468
v -0.130069 0.940575 0.417287
v -0.193264 0.915386 0.418434
v -0.239886 0.893244 0.415540
v -0.190398 0.903356 0.404540
v -0.125448 0.921171 0.394879
v -0.075997 0.941119 0.394231
vn 0.2884 -0.6936 0.6601
vn -0.2884 0.6936 -0.6601
vn 0.0233 0.6943 0.7193
vn -0.0684 0.6727 0.7367
vn -0.2327 0.6180 0.7510
vn -0.3216 0.5792 0.7491
vn -0.0185 -0.6933 -0.7204
vn 0.0743 -0.6711 -0.7376
vn 0.2385 -0.6156 -0.7511
vn 0.3261 -0.5770 -0.7488
s 0
usemtl PineNeedleSun
f 677//527 678//527 679//527 680//527 681//527 682//527 683//527 684//527
f 692//528 691//528 690//528 689//528 688//528 687//528 686//528 685//528
f 677//529 678//529 686//529 685//529
f 678//530 679//530 687//530 686//530
f 679//531 680//531 688//531 687//531
f 680//532 681//532 689//532 688//532
f 681//533 682//533 690//533 689//533
f 682//534 683//534 691//534 690//534
f 683//535 684//535 692//535 691//535
f 684//536 677//536 685//536 692//536
o pine_needle.019
v 0.056740 1.153187 0.505062
v 0.099709 1.135923 0.545286
v 0.139255 1.119482 0.586987
v 0.183976 1.099551 0.645499
v 0.215069 1.085052 0.691625
v 0.174913 1.101214 0.653797
v 0.124637 1.122163 0.600372
v 0.089769 1.137746 0.554388
v 0.053960 1.143647 0.503937
v 0.096929 1.126383 0.544162
v 0.136475 1.109942 0.585862
v 0.181196 1.090011 0.644374
v 0.212289 1.075512 0.690500
v 0.172134 1.091674 0.652672
v 0.121858 1.112624 0.599247
v 0.086989 1.128206 0.553263
vn -0.2780 -0.9540 -0.1125
vn 0.2780 0.9540 0.1125
vn 0.6573 -0.1035 -0.7465
vn 0.6964 -0.1195 -0.7076
vn 0.7610 -0.1473 -0.6318
vn 0.7938 -0.1622 -0.5861
vn -0.6594 0.1044 0.7445
vn -0.6989 0.1205 0.7050
vn -0.7632 0.1482 0.6289
vn -0.7955 0.1630 0.5837
s 0
usemtl PineNeedleSun
f 693//537 694//537 695//537 696//537 697//537 698//537 699//537 700//537
f 708//538 707//538 706//538 705//538 704//538 703//538 702//538 701//538
f 693//539 694//539 702//539 701//539
f 694//540 695//540 703//540 702//540
f 695//541 696//541 704//541 703//541
f 696//542 697//542 705//542 704//542
f 697//543 698//543 706//543 705//543
f 698//544 699//544 707//544 706//544
f 699//545 700//545 708//545 707//545
f 700//546 693//546 701//546 708//546
o pine_needle.020
v -0.014299 0.906252 0.322355
v -0.000049 0.897347 0.284217
v 0.017299 0.890642 0.248635
v 0.047186 0.886676 0.207228
v 0.072890 0.885652 0.177878
v 0.059359 0.893899 0.213544
v 0.036932 0.902292 0.258823
v 0.013301 0.905269 0.291145
v -0.010833 0.897488 0.325697
v 0.003417 0.888583 0.287559
v 0.020765 0.881878 0.251977
v 0.050653 0.877911 0.210569
v 0.076357 0.876888 0.181220
v 0.062825 0.885134 0.216886
v 0.040399 0.893528 0.262164
v 0.016768 0.896505 0.294486
vn 0.3467 -0.8764 0.3342
vn -0.3467 0.8764 -0.3342
vn -0.8734 -0.4315 -0.2256
vn -0.8325 -0.4516 -0.3208
vn -0.7344 -0.4752 -0.4846
vn -0.6679 -0.4808 -0.5682
vn 0.8716 0.4327 0.2306
vn 0.8295 0.4528 0.3269
vn 0.7303 0.4758 0.4901
vn 0.6642 0.4809 0.5723
s 0
usemtl PineNeedleSun
f 709//547 710//547 711//547 712//547 713//547 714//547 715//547 716//547
f 724//548 723//548 722//548 721//548 720//548 719//548 718//548 717//548
f 709//549 710//549 718//549 717//549
f 710//550 711//550 719//550 718//550
f 711//551 712//551 720//551 719//551
f 712//552 713//552 721//552 720//552
f 713//553 714//553 722//553 721//553
f 714//554 715//554 723//554 722//554
f 715//555 716//555 724//555 723//555
f 716//556 709//556 717//556 724//556
o pine_needle.021
v -0.013996 1.040366 0.420680
v -0.057936 1.037089 0.441192
v -0.101901 1.032292 0.456429
v -0.160170 1.022547 0.464827
v -0.204784 1.013699 0.466430
v -0.163543 1.016852 0.447445
v -0.107340 1.023106 0.428393
v -0.061634 1.030843 0.422128
v -0.012030 1.030942 0.423386
v -0.055970 1.027665 0.443899
v -0.099935 1.022868 0.459136
v -0.158204 1.013123 0.467534
v -0.202818 1.004276 0.469136
v -0.161576 1.007428 0.450151
v -0.105374 1.013682 0.431099
v -0.059668 1.021419 0.424834
vn 0.1966 -0.9424 0.2706
vn -0.1966 0.9424 -0.2706
vn 0.3795 0.3276 0.8652
vn 0.2792 0.3184 0.9059
vn 0.0884 0.2919 0.9523
vn -0.0194 0.2722 0.9620
vn -0.3744 -0.3273 -0.8676
vn -0.2725 -0.3177 -0.9082
vn -0.0815 -0.2908 -0.9533
vn 0.0250 -0.2711 -0.9622
s 0
usemtl PineNeedleSun
f 725//557 726//557 727//557 728//557 729//557 730//557 731//557 732//557
f 740//558 739//558 738//558 737//558 736//558 735//558 734//558 733//558
f 725//559 726//559 734//559 733//559
f 726//560 727//560 735//560 734//560
f 727//561 728//561 736//561 735//561
f 728//562 729//562 737//562 736//562
f 729//563 730//563 738//563 737//563
f 730//564 731//564 739//564 738//564
f 731//565 732//565 740//565 739//565
f 732//566 725//566 733//566 740//566
o pine_tip_needle.007
v -0.036273 0.958948 0.679414
v -0.056653 0.950835 0.714481
v -0.079116 0.944503 0.747063
v -0.113507 0.940094 0.784656
v -0.141728 0.938348 0.811151
v -0.122495 0.945872 0.778364
v -0.093613 0.953823 0.736915
v -0.066511 0.957173 0.707581
v -0.039269 0.950184 0.675645
v -0.059649 0.942071 0.710712
v -0.082112 0.935739 0.743294
v -0.116503 0.931329 0.780887
v -0.144725 0.929584 0.807382
v -0.125491 0.937108 0.774595
v -0.096609 0.945059 0.733146
v -0.069507 0.948409 0.703811
vn -0.2996 -0.8764 -0.3769
vn 0.2996 0.8764 0.3769
vn 0.8170 -0.4398 0.3731
vn 0.7721 -0.4548 0.4439
vn 0.6768 -0.4737 0.5635
vn 0.6163 -0.4794 0.6248
vn -0.8148 0.4406 -0.3768
vn -0.7689 0.4557 -0.4484
vn -0.6730 0.4742 -0.5676
vn -0.6130 0.4796 -0.6279
s 0
usemtl PineNeedleSun
f 741//567 742//567 743//567 744//567 745//567 746//567 747//567 748//567
f 756//568 755//568 754//568 753//568 752//568 751//568 750//568 749//568
f 741//569 742//569 750//569 749//569
f 742//570 743//570 751//570 750//570
f 743//571 744//571 752//571 751//571
f 744//572 745//572 753//572 752//572
f 745//573 746//573 754//573 753//573
f 746//574 747//574 755//574 754//574
f 747//575 748//575 756//575 755//575
f 748//576 741//576 749//576 756//576
o pine_tip_needle.008
v -0.065996 0.865879 0.753640
v -0.033683 0.862081 0.717977
v 0.000356 0.857040 0.686402
v 0.049278 0.847585 0.653719
v 0.088292 0.839212 0.632446
v 0.057876 0.842839 0.665710
v 0.014225 0.849385 0.705743
v -0.024252 0.856876 0.731129
v -0.068913 0.856455 0.752001
v -0.036599 0.852658 0.716338
v -0.002560 0.847616 0.684763
v 0.046362 0.838161 0.652080
v 0.085376 0.829789 0.630807
v 0.054960 0.833415 0.664071
v 0.011309 0.839961 0.704104
v -0.027168 0.847452 0.729490
vn -0.2916 -0.9424 -0.1639
vn 0.2916 0.9424 0.1639
vn -0.6833 0.3251 -0.6538
vn -0.6195 0.3166 -0.7183
vn -0.4909 0.2945 -0.8199
vn -0.4130 0.2786 -0.8671
vn 0.6801 -0.3248 0.6573
vn 0.6151 -0.3160 0.7224
vn 0.4860 -0.2935 0.8232
vn 0.4089 -0.2777 0.8693
s 0
usemtl PineNeedleSun
f 757//577 758//577 759//577 760//577 761//577 762//577 763//577 764//577
f 772//578 771//578 770//578 769//578 768//578 767//578 766//578 765//578
f 757//579 758//579 766//579 765//579
f 758//580 759//580 767//580 766//580
f 759//581 760//581 768//581 767//581
f 760//582 761//582 769//582 768//582
f 761//583 762//583 770//583 769//583
f 762//584 763//584 771//584 770//584
f 763//585 764//585 772//585 771//585
f 764//586 757//586 765//586 772//586
o pine_tip_needle.009
v -0.133380 1.042205 0.668508
v -0.186483 1.031600 0.679168
v -0.237587 1.017862 0.685753
v -0.300791 0.992673 0.685370
v -0.347329 0.970531 0.681350
v -0.297590 0.980643 0.671550
v -0.232424 0.998458 0.663463
v -0.182973 1.018406 0.664011
v -0.130656 1.035269 0.675177
v -0.183759 1.024665 0.685837
v -0.234863 1.010926 0.692421
v -0.298067 0.985737 0.692039
v -0.344605 0.963595 0.688019
v -0.294866 0.973707 0.678219
v -0.229701 0.991522 0.670131
v -0.180249 1.011470 0.670680
vn 0.2724 -0.6936 0.6669
vn -0.2724 0.6936 -0.6669
vn 0.0058 0.6943 0.7197
vn -0.0862 0.6727 0.7349
vn -0.2508 0.6180 0.7451
vn -0.3396 0.5792 0.7411
vn -0.0010 -0.6933 -0.7207
vn 0.0922 -0.6711 -0.7356
vn 0.2566 -0.6156 -0.7451
vn 0.3441 -0.5770 -0.7407
s 0
usemtl PineNeedleSun
f 773//587 774//587 775//587 776//587 777//587 778//587 779//587 780//587
f 788//588 787//588 786//588 785//588 784//588 783//588 782//588 781//588
f 773//589 774//589 782//589 781//589
f 774//590 775//590 783//590 782//590
f 775//591 776//591 784//591 783//591
f 776//592 777//592 785//592 784//592
f 777//593 778//593 786//593 785//593
f 778//594 779//594 787//594 786//594
f 779//595 780//595 788//595 787//595
f 780//596 773//596 781//596 788//596
o pine_bough.004
v 0.004660 1.081928 0.001055
v 0.507178 0.913687 0.365465
v 0.020862 1.070949 -0.025308
v 0.511903 0.910485 0.357776
v 0.025661 1.043149 -0.042107
v 0.513303 0.902377 0.352876
v 0.016812 1.011536 -0.041482
v 0.510722 0.893156 0.353059
v -0.001545 0.990902 -0.023724
v 0.505368 0.887138 0.358238
v -0.020821 0.990902 0.002856
v 0.499746 0.887138 0.365991
v -0.031995 1.011536 0.025823
v 0.496486 0.893156 0.372689
v -0.029840 1.043149 0.034428
v 0.497115 0.902377 0.375199
v -0.015363 1.070949 0.024647
v 0.501337 0.910485 0.372346
vn -0.3550 0.8987 -0.2575
vn 0.6485 0.5986 0.4703
vn -0.0896 0.7188 -0.6894
vn 0.9029 0.4262 0.0563
vn -0.0110 0.2633 -0.9646
vn 0.9782 -0.0102 -0.2074
vn -0.1559 -0.2546 -0.9544
vn 0.8393 -0.5066 -0.1976
vn -0.4567 -0.5927 -0.6635
vn 0.5510 -0.8305 0.0812
vn -0.7725 -0.5927 -0.2280
vn 0.2484 -0.8305 0.4985
vn -0.9556 -0.2546 0.1483
vn 0.0730 -0.5066 0.8591
vn -0.9203 0.2633 0.2893
vn 0.1068 -0.0102 0.9942
vn -0.6831 0.7188 0.1291
vn 0.3341 0.4262 0.8407
vt 1.000000 0.500000
vt 1.000000 1.000000
vt 0.888889 1.000000
vt 0.888889 0.500000
vt 0.777778 1.000000
vt 0.777778 0.500000
vt 0.666667 1.000000
vt 0.666667 0.500000
vt 0.555556 1.000000
vt 0.555556 0.500000
vt 0.444444 1.000000
vt 0.444444 0.500000
vt 0.333333 1.000000
vt 0.333333 0.500000
vt 0.222222 1.000000
vt 0.222222 0.500000
vt 0.404269 0.433851
vt 0.250000 0.490000
vt 0.095731 0.433851
vt 0.013646 0.291676
vt 0.042154 0.130000
vt 0.167915 0.024474
vt 0.332085 0.024474
vt 0.457846 0.130000
vt 0.486354 0.291676
vt 0.111111 1.000000
vt 0.111111 0.500000
vt 0.000000 1.000000
vt 0.000000 0.500000
vt 0.750000 0.490000
vt 0.904269 0.433851
vt 0.986354 0.291676
vt 0.957846 0.130000
vt 0.832085 0.024474
vt 0.667915 0.024474
vt 0.542154 0.130000
vt 0.513646 0.291676
vt 0.595731 0.433851
s 1
usemtl OiledOak
f 789/579/597 790/580/598 792/581/600 791/582/599
f 791/582/599 792/581/600 794/583/602 793/584/601
f 793/584/601 794/583/602 796/585/604 795/586/603
f 795/586/603 796/585/604 798/587/606 797/588/605
f 797/588/605 798/587/606 800/589/608 799/590/607
f 799/590/607 800/589/608 802/591/610 801/592/609
f 801/592/609 802/591/610 804/593/612 803/594/611
f 792/595/600 790/596/598 806/597/614 804/598/612 802/599/610 800/600/608 798/601/606 796/602/604 794/603/602
f 803/594/611 804/593/612 806/604/614 805/605/613
f 805/605/613 806/604/614 790/606/598 789/607/597
f 789/608/597 791/609/599 793/610/601 795/611/603 797/612/605 799/613/607 801/614/609 803/615/611 805/616/613
o pine_needle.022
v 0.303460 1.077620 0.189703
v 0.317467 1.069507 0.227767
v 0.328232 1.063175 0.265849
v 0.335248 1.058766 0.316315
v 0.337652 1.057020 0.354950
v 0.324669 1.064544 0.319224
v 0.311170 1.072495 0.270541
v 0.305865 1.075845 0.230958
v 0.298645 1.068855 0.189606
v 0.312653 1.060742 0.227670
v 0.323418 1.054410 0.265753
v 0.330434 1.050001 0.316218
v 0.332838 1.048255 0.354853
v 0.319855 1.055780 0.319127
v 0.306356 1.063730 0.270445
v 0.301050 1.067080 0.230861
vn -0.4814 -0.8764 -0.0096
vn 0.4814 0.8764 0.0096
vn 0.8084 -0.4398 -0.3912
vn 0.8343 -0.4548 -0.3115
vn 0.8657 -0.4737 -0.1617
vn 0.8743 -0.4794 -0.0761
vn -0.8099 0.4406 0.3871
vn -0.8358 0.4557 0.3062
vn -0.8664 0.4742 0.1563
vn -0.8746 0.4796 0.0716
s 0
usemtl PineNeedleDeep
f 807//615 808//615 809//615 810//615 811//615 812//615 813//615 814//615
f 822//616 821//616 820//616 819//616 818//616 817//616 816//616 815//616
f 807//617 808//617 816//617 815//617
f 808//618 809//618 817//618 816//618
f 809//619 810//619 818//619 817//619
f 810//620 811//620 819//620 818//620
f 811//621 812//621 820//621 819//621
f 812//622 813//622 821//622 820//622
f 813//623 814//623 822//623 821//623
f 814//624 807//624 815//624 822//624
o pine_needle.023
v 0.307655 0.979538 0.244949
v 0.302481 0.975741 0.197103
v 0.301507 0.970699 0.150685
v 0.309596 0.961245 0.092409
v 0.319627 0.952872 0.049118
v 0.324270 0.956499 0.093952
v 0.325176 0.963044 0.153174
v 0.318575 0.970536 0.198796
v 0.304492 0.970115 0.246039
v 0.299318 0.966317 0.198193
v 0.298345 0.961276 0.151775
v 0.306433 0.951821 0.093498
v 0.316464 0.943448 0.050208
v 0.321108 0.947075 0.095042
v 0.322013 0.953621 0.154264
v 0.315413 0.961112 0.199886
vn -0.3163 -0.9424 0.1090
vn 0.3163 0.9424 -0.1090
vn -0.9426 0.3251 0.0761
vn -0.9484 0.3166 -0.0145
vn -0.9389 0.2945 -0.1781
vn -0.9224 0.2786 -0.2676
vn 0.9431 -0.3248 -0.0714
vn 0.9486 -0.3160 0.0204
vn 0.9381 -0.2935 0.1839
vn 0.9213 -0.2777 0.2722
s 0
usemtl PineNeedleDeep
f 823//625 824//625 825//625 826//625 827//625 828//625 829//625 830//625
f 838//626 837//626 836//626 835//626 834//626 833//626 832//626 831//626
f 823//627 824//627 832//627 831//627
f 824//628 825//628 833//628 832//628
f 825//629 826//629 834//629 833//629
f 826//630 827//630 835//630 834//630
f 827//631 828//631 836//631 835//631
f 828//632 829//632 837//632 836//632
f 829//633 830//633 838//633 837//633
f 830//634 823//634 831//634 838//634
o pine_needle.024
v 0.064960 1.007550 0.193130
v 0.029175 0.996946 0.233788
v -0.007489 0.983207 0.269991
v -0.058000 0.958018 0.307984
v -0.097458 0.935877 0.332984
v -0.063828 0.945988 0.295050
v -0.016888 0.963803 0.249131
v 0.022784 0.983751 0.219603
v 0.071168 1.000614 0.196785
v 0.035383 0.990010 0.237442
v -0.001281 0.976271 0.273645
v -0.051793 0.951082 0.311638
v -0.091251 0.928941 0.336639
v -0.057620 0.939052 0.298705
v -0.010681 0.956867 0.252785
v 0.028992 0.976815 0.223257
vn 0.6208 -0.6936 0.3655
vn -0.6208 0.6936 -0.3655
vn 0.4407 0.6943 0.5690
vn 0.3767 0.6727 0.6368
vn 0.2520 0.6180 0.7447
vn 0.1789 0.5792 0.7953
vn -0.4375 -0.6933 -0.5727
vn -0.3724 -0.6711 -0.6411
vn -0.2474 -0.6156 -0.7482
vn -0.1751 -0.5770 -0.7977
s 0
usemtl PineNeedleDeep
f 839//635 840//635 841//635 842//635 843//635 844//635 845//635 846//635
f 854//636 853//636 852//636 851//636 850//636 849//636 848//636 847//636
f 839//637 840//637 848//637 847//637
f 840//638 841//638 849//638 848//638
f 841//639 842//639 850//639 849//639
f 842//640 843//640 851//640 850//640
f 843//641 844//641 852//641 851//641
f 844//642 845//642 853//642 852//642
f 845//643 846//643 854//643 853//643
f 846//644 839//644 847//644 854//644
o pine_needle.025
v 0.373295 1.100770 0.173078
v 0.426987 1.083506 0.197192
v 0.477920 1.067066 0.223813
v 0.539201 1.047135 0.264658
v 0.583572 1.032635 0.298207
v 0.533319 1.048797 0.275447
v 0.468434 1.069747 0.241215
v 0.420537 1.085330 0.209025
v 0.370301 1.091231 0.172915
v 0.423993 1.073967 0.197030
v 0.474926 1.057526 0.223651
v 0.536206 1.037595 0.264496
v 0.580578 1.023096 0.298044
v 0.530325 1.039257 0.275285
v 0.465439 1.060207 0.241052
v 0.417542 1.075790 0.208863
vn -0.2994 -0.9540 -0.0162
vn 0.2994 0.9540 0.0162
vn 0.3796 -0.1035 -0.9193
vn 0.4293 -0.1195 -0.8952
vn 0.5150 -0.1473 -0.8445
vn 0.5608 -0.1622 -0.8119
vn -0.3823 0.1044 0.9181
vn -0.4325 0.1205 0.8935
vn -0.5180 0.1482 0.8425
vn -0.5632 0.1630 0.8101
s 0
usemtl PineNeedleDeep
f 855//645 856//645 857//645 858//645 859//645 860//645 861//645 862//645
f 870//646 869//646 868//646 867//646 866//646 865//646 864//646 863//646
f 855//647 856//647 864//647 863//647
f 856//648 857//648 865//648 864//648
f 857//649 858//649 866//649 865//649
f 858//650 859//650 867//650 866//650
f 859//651 860//651 868//651 867//651
f 860//652 861//652 869//652 868//652
f 861//653 862//653 870//653 869//653
f 862//654 855//654 863//654 870//654
o pine_needle.026
v 0.246814 0.939662 0.248572
v 0.235797 0.930757 0.209377
v 0.228789 0.924052 0.170416
v 0.228463 0.920086 0.119350
v 0.231880 0.919062 0.080486
v 0.242017 0.927309 0.117261
v 0.250651 0.935702 0.167046
v 0.250662 0.938679 0.207085
v 0.251585 0.930898 0.249222
v 0.240568 0.921993 0.210027
v 0.233560 0.915288 0.171066
v 0.233234 0.911321 0.120001
v 0.236651 0.910298 0.081137
v 0.246788 0.918544 0.117911
v 0.255422 0.926938 0.167696
v 0.255433 0.929915 0.207736
vn 0.4771 -0.8764 0.0650
vn -0.4771 0.8764 -0.0650
vn -0.8382 -0.4315 0.3336
vn -0.8613 -0.4516 0.2326
vn -0.8788 -0.4752 0.0425
vn -0.8745 -0.4808 -0.0642
vn 0.8396 0.4327 -0.3285
vn 0.8625 0.4528 -0.2259
vn 0.8788 0.4758 -0.0356
vn 0.8740 0.4809 0.0697
s 0
usemtl PineNeedleDeep
f 871//655 872//655 873//655 874//655 875//655 876//655 877//655 878//655
f 886//656 885//656 884//656 883//656 882//656 881//656 880//656 879//656
f 871//657 872//657 880//657 879//657
f 872//658 873//658 881//658 880//658
f 873//659 874//659 882//659 881//659
f 874//660 875//660 883//660 882//660
f 875//661 876//661 884//661 883//661
f 876//662 877//662 885//662 884//662
f 877//663 878//663 886//663 885//663
f 878//664 871//664 879//664 886//664
o pine_tip_needle.010
v 0.456384 0.916275 0.312761
v 0.479418 0.908162 0.346145
v 0.499316 0.901830 0.380353
v 0.518663 0.897421 0.427488
v 0.530600 0.895675 0.464311
v 0.509140 0.903199 0.432937
v 0.483957 0.911150 0.389142
v 0.468974 0.914500 0.352121
v 0.451697 0.907511 0.313865
v 0.474731 0.899398 0.347249
v 0.494629 0.893065 0.381457
v 0.513976 0.888656 0.428592
v 0.525914 0.886911 0.465415
v 0.504454 0.894435 0.434041
v 0.479270 0.902386 0.390245
v 0.464287 0.905735 0.353225
vn -0.4687 -0.8764 0.1104
vn 0.4687 0.8764 -0.1104
vn 0.6857 -0.4398 -0.5800
vn 0.7306 -0.4548 -0.5092
vn 0.7983 -0.4737 -0.3720
vn 0.8279 -0.4794 -0.2911
vn -0.6882 0.4406 0.5764
vn -0.7334 0.4557 0.5044
vn -0.8004 0.4742 0.3668
vn -0.8293 0.4796 0.2869
s 0
usemtl PineNeedleDeep
f 887//665 888//665 889//665 890//665 891//665 892//665 893//665 894//665
f 902//666 901//666 900//666 899//666 898//666 897//666 896//666 895//666
f 887//667 888//667 896//667 895//667
f 888//668 889//668 897//668 896//668
f 889//669 890//669 898//669 897//669
f 890//670 891//670 899//670 898//670
f 891//671 892//671 900//671 899//671
f 892//672 893//672 901//672 900//672
f 893//673 894//673 902//673 901//673
f 894//674 887//674 895//674 902//674
o pine_tip_needle.011
v 0.521566 0.892006 0.349320
v 0.513789 0.888209 0.301828
v 0.510283 0.883167 0.255532
v 0.515180 0.873713 0.196901
v 0.522833 0.865340 0.153128
v 0.529917 0.868967 0.197641
v 0.534053 0.875512 0.256726
v 0.529952 0.883004 0.302640
v 0.518468 0.882582 0.350581
v 0.510690 0.878785 0.303089
v 0.507185 0.873743 0.256793
v 0.512081 0.864289 0.198162
v 0.519735 0.855916 0.154389
v 0.526818 0.859543 0.198902
v 0.530954 0.866088 0.257987
v 0.526853 0.873580 0.303901
vn -0.3098 -0.9424 0.1261
vn 0.3098 0.9424 -0.1261
vn -0.9370 0.3251 0.1275
vn -0.9478 0.3166 0.0373
vn -0.9472 0.2945 -0.1266
vn -0.9356 0.2786 -0.2169
vn 0.9378 -0.3248 -0.1228
vn 0.9483 -0.3160 -0.0314
vn 0.9467 -0.2935 0.1325
vn 0.9348 -0.2777 0.2215
s 0
usemtl PineNeedleDeep
f 903//675 904//675 905//675 906//675 907//675 908//675 909//675 910//675
f 918//676 917//676 916//676 915//676 914//676 913//676 912//676 911//676
f 903//677 904//677 912//677 911//677
f 904//678 905//678 913//678 912//678
f 905//679 906//679 914//679 913//679
f 906//680 907//680 915//680 914//680
f 907//681 908//681 916//681 915//681
f 908//682 909//682 917//682 916//682
f 909//683 910//683 918//683 917//683
f 910//684 903//684 911//684 918//684
o pine_bough.005
v 0.013436 1.081475 -0.010330
v 0.607629 0.878555 -0.273372
v -0.001621 1.070602 -0.037406
v 0.603237 0.875384 -0.281269
v -0.014767 1.043070 -0.049540
v 0.599403 0.867354 -0.284809
v -0.019852 1.011762 -0.041054
v 0.597920 0.858222 -0.282333
v -0.014496 0.991327 -0.015918
v 0.599482 0.852262 -0.275002
v -0.001205 0.991327 0.014105
v 0.603359 0.852262 -0.266245
v 0.013802 1.011762 0.034969
v 0.607736 0.858222 -0.260160
v 0.023503 1.043070 0.036909
v 0.610565 0.867354 -0.259594
v 0.023358 1.070602 0.019020
v 0.610523 0.875384 -0.264812
vn -0.3682 0.9153 0.1630
vn 0.7535 0.5665 -0.3336
vn -0.6147 0.7374 -0.2801
vn 0.5168 0.3956 -0.7592
vn -0.8298 0.2868 -0.4787
vn 0.3102 -0.0372 -0.9500
vn -0.9130 -0.2256 -0.3398
vn 0.2302 -0.5294 -0.8166
vn -0.8254 -0.5600 0.0716
vn 0.3144 -0.8506 -0.4214
vn -0.6079 -0.5600 0.5629
vn 0.5234 -0.8506 0.0505
vn -0.3623 -0.2256 0.9044
vn 0.7593 -0.5294 0.3785
vn -0.2035 0.2868 0.9361
vn 0.9118 -0.0372 0.4090
vn -0.2059 0.7374 0.6433
vn 0.9095 0.3956 0.1278
vt 1.000000 0.500000
vt 1.000000 1.000000
vt 0.888889 1.000000
vt 0.888889 0.500000
vt 0.777778 1.000000
vt 0.777778 0.500000
vt 0.666667 1.000000
vt 0.666667 0.500000
vt 0.555556 1.000000
vt 0.555556 0.500000
vt 0.444444 1.000000
vt 0.444444 0.500000
vt 0.333333 1.000000
vt 0.333333 0.500000
vt 0.222222 1.000000
vt 0.222222 0.500000
vt 0.404269 0.433851
vt 0.250000 0.490000
vt 0.095731 0.433851
vt 0.013646 0.291676
vt 0.042154 0.130000
vt 0.167915 0.024474
vt 0.332085 0.024474
vt 0.457846 0.130000
vt 0.486354 0.291676
vt 0.111111 1.000000
vt 0.111111 0.500000
vt 0.000000 1.000000
vt 0.000000 0.500000
vt 0.750000 0.490000
vt 0.904269 0.433851
vt 0.986354 0.291676
vt 0.957846 0.130000
vt 0.832085 0.024474
vt 0.667915 0.024474
vt 0.542154 0.130000
vt 0.513646 0.291676
vt 0.595731 0.433851
s 1
usemtl OiledOak
f 919/617/685 920/618/686 922/619/688 921/620/687
f 921/620/687 922/619/688 924/621/690 923/622/689
f 923/622/689 924/621/690 926/623/692 925/624/691
f 925/624/691 926/623/692 928/625/694 927/626/693
f 927/626/693 928/625/694 930/627/696 929/628/695
f 929/628/695 930/627/696 932/629/698 931/630/697
f 931/630/697 932/629/698 934/631/700 933/632/699
f 922/633/688 920/634/686 936/635/702 934/636/700 932/637/698 930/638/696 928/639/694 926/640/692 924/641/690
f 933/632/699 934/631/700 936/642/702 935/643/701
f 935/643/701 936/642/702 920/644/686 919/645/685
f 919/646/685 921/647/687 923/648/689 925/649/691 927/650/693 929/651/695 931/652/697 933/653/699 935/654/701
o pine_needle.027
v 0.359178 1.100920 -0.133352
v 0.399566 1.092807 -0.129627
v 0.438576 1.086475 -0.122966
v 0.487152 1.082066 -0.107594
v 0.523066 1.080320 -0.093148
v 0.485229 1.087844 -0.096793
v 0.435473 1.095795 -0.105544
v 0.397456 1.099145 -0.117780
v 0.357020 1.092156 -0.129048
v 0.397408 1.084043 -0.125322
v 0.436418 1.077711 -0.118661
v 0.484995 1.073302 -0.103290
v 0.520908 1.071556 -0.088843
v 0.483071 1.079080 -0.092488
v 0.433316 1.087031 -0.101240
v 0.395298 1.090381 -0.113475
vn -0.2158 -0.8764 0.4305
vn 0.2158 0.8764 -0.4305
vn -0.0055 -0.4398 -0.8981
vn 0.0776 -0.4548 -0.8872
vn 0.2263 -0.4737 -0.8511
vn 0.3074 -0.4794 -0.8220
vn 0.0011 0.4406 0.8977
vn -0.0831 0.4557 0.8862
vn -0.2316 0.4742 0.8494
vn -0.3115 0.4796 0.8203
s 0
usemtl PineNeedle
f 937//703 938//703 939//703 940//703 941//703 942//703 943//703 944//703
f 952//704 951//704 950//704 949//704 948//704 947//704 946//704 945//704
f 937//705 938//705 946//705 945//705
f 938//706 939//706 947//706 946//706
f 939//707 940//707 948//707 947//707
f 940//708 941//708 949//708 948//708
f 941//709 942//709 950//709 949//709
f 942//710 943//710 951//710 950//710
f 943//711 944//711 952//711 951//711
f 944//712 937//712 945//712 952//712
o pine_needle.028
v 0.283587 0.847915 -0.254301
v 0.247179 0.844118 -0.285772
v 0.214817 0.839076 -0.319064
v 0.180999 0.829622 -0.367208
v 0.158820 0.821249 -0.405714
v 0.192786 0.824876 -0.376085
v 0.233828 0.831421 -0.333381
v 0.260107 0.838912 -0.295508
v 0.282017 0.838491 -0.251347
v 0.245609 0.834694 -0.282819
v 0.213247 0.829652 -0.316110
v 0.179429 0.820198 -0.364254
v 0.157250 0.811825 -0.402761
v 0.191216 0.815452 -0.373131
v 0.232258 0.821997 -0.330427
v 0.258536 0.829488 -0.292554
vn -0.1570 -0.9424 0.2954
vn 0.1570 0.9424 -0.2954
vn -0.6376 0.3251 0.6984
vn -0.7037 0.3166 0.6361
vn -0.8082 0.2945 0.5099
vn -0.8572 0.2786 0.4332
vn 0.6412 -0.3248 -0.6953
vn 0.7078 -0.3160 -0.6318
vn 0.8116 -0.2935 -0.5051
vn 0.8595 -0.2777 -0.4291
s 0
usemtl PineNeedle
f 953//713 954//713 955//713 956//713 957//713 958//713 959//713 960//713
f 968//714 967//714 966//714 965//714 964//714 963//714 962//714 961//714
f 953//715 954//715 962//715 961//715
f 954//716 955//716 963//716 962//716
f 955//717 956//717 964//717 963//717
f 956//718 957//718 965//718 964//718
f 957//719 958//719 966//719 965//719
f 958//720 959//720 967//720 966//720
f 959//721 960//721 968//721 967//721
f 960//722 953//722 961//722 968//722
o pine_needle.029
v 0.294614 1.111242 -0.143436
v 0.274876 1.100638 -0.092998
v 0.252789 1.086899 -0.046445
v 0.218300 1.061710 0.006520
v 0.189760 1.039569 0.043499
v 0.208404 1.049680 -0.003643
v 0.236828 1.067495 -0.062838
v 0.264022 1.087443 -0.104145
v 0.301697 1.104306 -0.142122
v 0.281959 1.093702 -0.091684
v 0.259872 1.079963 -0.045132
v 0.225383 1.054774 0.007834
v 0.196843 1.032633 0.044812
v 0.215487 1.042744 -0.002330
v 0.243911 1.060559 -0.061525
v 0.271105 1.080507 -0.102831
vn 0.7083 -0.6936 0.1314
vn -0.7083 0.6936 -0.1314
vn 0.6086 0.6943 0.3841
vn 0.5717 0.6727 0.4698
vn 0.4913 0.6180 0.6138
vn 0.4399 0.5792 0.6863
vn -0.6068 -0.6933 -0.3887
vn -0.5690 -0.6711 -0.4752
vn -0.4881 -0.6156 -0.6187
vn -0.4371 -0.5770 -0.6899
s 0
usemtl PineNeedle
f 969//723 970//723 971//723 972//723 973//723 974//723 975//723 976//723
f 984//724 983//724 982//724 981//724 980//724 979//724 978//724 977//724
f 969//725 970//725 978//725 977//725
f 970//726 971//726 979//726 978//726
f 971//727 972//727 980//727 979//727
f 972//728 973//728 981//728 980//728
f 973//729 974//729 982//729 981//729
f 974//730 975//730 983//730 982//730
f 975//731 976//731 984//731 983//731
f 976//732 969//732 977//732 984//732
o pine_needle.030
v 0.279270 1.008552 -0.167164
v 0.337861 0.991288 -0.172770
v 0.395294 0.974847 -0.174832
v 0.468757 0.954916 -0.169653
v 0.523915 0.940417 -0.162449
v 0.468983 0.956579 -0.157367
v 0.395659 0.977529 -0.155016
v 0.338109 0.993111 -0.159295
v 0.276587 0.999012 -0.165823
v 0.335178 0.981748 -0.171429
v 0.392611 0.965308 -0.173492
v 0.466074 0.945377 -0.168313
v 0.521233 0.930878 -0.161109
v 0.466301 0.947039 -0.156027
v 0.392976 0.967989 -0.153676
v 0.335426 0.983572 -0.157954
vn -0.2683 -0.9540 0.1340
vn 0.2683 0.9540 -0.1340
vn -0.1249 -0.1035 -0.9868
vn -0.0698 -0.1195 -0.9904
vn 0.0297 -0.1473 -0.9886
vn 0.0857 -0.1622 -0.9830
vn 0.1220 0.1044 0.9870
vn 0.0662 0.1205 0.9905
vn -0.0333 0.1482 0.9884
vn -0.0886 0.1630 0.9826
s 0
usemtl PineNeedle
f 985//733 986//733 987//733 988//733 989//733 990//733 991//733 992//733
f 1000//734 999//734 998//734 997//734 996//734 995//734 994//734 993//734
f 985//735 986//735 994//735 993//735
f 986//736 987//736 995//736 994//736
f 987//737 988//737 996//737 995//737
f 988//738 989//738 997//738 996//738
f 989//739 990//739 998//739 997//739
f 990//740 991//740 999//740 998//740
f 991//741 992//741 1000//741 999//741
f 992//742 985//742 993//742 1000//742
o pine_needle.031
v 0.110713 0.964441 -0.163283
v 0.071707 0.955536 -0.174949
v 0.035044 0.948831 -0.189877
v -0.008271 0.944865 -0.216927
v -0.039274 0.943841 -0.240610
v -0.002783 0.952088 -0.229495
v 0.043895 0.960482 -0.210149
v 0.077726 0.963458 -0.188734
v 0.113816 0.955677 -0.166965
v 0.074809 0.946772 -0.178632
v 0.038146 0.940067 -0.193560
v -0.005168 0.936100 -0.220610
v -0.036172 0.935077 -0.244292
v 0.000319 0.943324 -0.233178
v 0.046997 0.951717 -0.213831
v 0.080828 0.954694 -0.192416
vn 0.3102 -0.8764 -0.3683
vn -0.3102 0.8764 0.3683
vn -0.1667 -0.4315 0.8866
vn -0.2644 -0.4516 0.8521
vn -0.4343 -0.4752 0.7652
vn -0.5222 -0.4808 0.7044
vn 0.1718 0.4327 -0.8850
vn 0.2707 0.4528 -0.8495
vn 0.4402 0.4758 -0.7615
vn 0.5265 0.4809 -0.7010
s 0
usemtl PineNeedle
f 1001//743 1002//743 1003//743 1004//743 1005//743 1006//743 1007//743 1008//743
f 1016//744 1015//744 1014//744 1013//744 1012//744 1011//744 1010//744 1009//744
f 1001//745 1002//745 1010//745 1009//745
f 1002//746 1003//746 1011//746 1010//746
f 1003//747 1004//747 1012//747 1011//747
f 1004//748 1005//748 1013//748 1012//748
f 1005//749 1006//749 1014//749 1013//749
f 1006//750 1007//750 1015//750 1014//750
f 1007//751 1008//751 1016//751 1015//751
f 1008//752 1001//752 1009//752 1016//752
o pine_needle.032
v 0.379237 1.108158 -0.079077
v 0.421025 1.104882 -0.054476
v 0.458479 1.100085 -0.026867
v 0.498397 1.090340 0.016405
v 0.524980 1.081492 0.052269
v 0.485979 1.084644 0.029028
v 0.438451 1.090899 -0.006508
v 0.407405 1.098635 -0.040632
v 0.380354 1.098735 -0.082230
v 0.422142 1.095458 -0.057629
v 0.459596 1.090661 -0.030020
v 0.499514 1.080916 0.013252
v 0.526097 1.072068 0.049116
v 0.487096 1.075221 0.025875
v 0.439568 1.081475 -0.009661
v 0.408523 1.089211 -0.043785
vn 0.1117 -0.9424 -0.3153
vn -0.1117 0.9424 0.3153
vn 0.4983 0.3276 -0.8027
vn 0.5886 0.3184 -0.7431
vn 0.7349 0.2919 -0.6122
vn 0.8039 0.2722 -0.5287
vn -0.5031 -0.3273 0.7999
vn -0.5942 -0.3177 0.7389
vn -0.7396 -0.2908 0.6070
vn -0.8072 -0.2711 0.5243
s 0
usemtl PineNeedle
f 1017//753 1018//753 1019//753 1020//753 1021//753 1022//753 1023//753 1024//753
f 1032//754 1031//754 1030//754 1029//754 1028//754 1027//754 1026//754 1025//754
f 1017//755 1018//755 1026//755 1025//755
f 1018//756 1019//756 1027//756 1026//756
f 1019//757 1020//757 1028//757 1027//757
f 1020//758 1021//758 1029//758 1028//758
f 1021//759 1022//759 1030//759 1029//759
f 1022//760 1023//760 1031//760 1030//760
f 1023//761 1024//761 1032//761 1031//761
f 1024//762 1017//762 1025//762 1032//762
o pine_tip_needle.012
v 0.592314 0.846906 -0.216291
v 0.632848 0.838794 -0.217740
v 0.672388 0.832461 -0.216102
v 0.722527 0.828052 -0.207043
v 0.759988 0.826307 -0.197289
v 0.721995 0.833831 -0.196085
v 0.671530 0.841782 -0.198427
v 0.632264 0.845131 -0.205721
v 0.590722 0.838142 -0.211746
v 0.631256 0.830029 -0.213195
v 0.670796 0.823697 -0.211558
v 0.720936 0.819288 -0.202499
v 0.758396 0.817542 -0.192744
v 0.720404 0.825066 -0.191540
v 0.669938 0.833017 -0.193883
v 0.630672 0.836367 -0.201176
vn -0.1592 -0.8764 0.4544
vn 0.1592 0.8764 -0.4544
vn -0.1198 -0.4398 -0.8901
vn -0.0360 -0.4548 -0.8898
vn 0.1161 -0.4737 -0.8730
vn 0.2002 -0.4794 -0.8545
vn 0.1155 0.4406 0.8902
vn 0.0305 0.4557 0.8896
vn -0.1215 0.4742 0.8720
vn -0.2045 0.4796 0.8533
s 0
usemtl PineNeedle
f 1033//763 1034//763 1035//763 1036//763 1037//763 1038//763 1039//763 1040//763
f 1048//764 1047//764 1046//764 1045//764 1044//764 1043//764 1042//764 1041//764
f 1033//765 1034//765 1042//765 1041//765
f 1034//766 1035//766 1043//766 1042//766
f 1035//767 1036//767 1044//767 1043//767
f 1036//768 1037//768 1045//768 1044//768
f 1037//769 1038//769 1046//769 1045//769
f 1038//770 1039//770 1047//770 1046//770
f 1039//771 1040//771 1048//771 1047//771
f 1040//772 1033//772 1041//772 1048//772
o pine_tip_needle.013
v 0.592959 0.952077 -0.190467
v 0.562858 0.948280 -0.228016
v 0.537065 0.943238 -0.266621
v 0.512533 0.933783 -0.320097
v 0.497700 0.925410 -0.361986
v 0.525733 0.929037 -0.326691
v 0.558356 0.935583 -0.277256
v 0.577336 0.943074 -0.235247
v 0.590879 0.942653 -0.187847
v 0.560778 0.938856 -0.225396
v 0.534986 0.933814 -0.264001
v 0.510453 0.924360 -0.317477
v 0.495620 0.915987 -0.359366
v 0.523654 0.919613 -0.324071
v 0.556277 0.926159 -0.274636
v 0.575256 0.933650 -0.232627
vn -0.2080 -0.9424 0.2620
vn 0.2080 0.9424 -0.2620
vn -0.7536 0.3251 0.5713
vn -0.8073 0.3166 0.4980
vn -0.8873 0.2945 0.3550
vn -0.9215 0.2786 0.2706
vn 0.7566 -0.3248 -0.5676
vn 0.8106 -0.3160 -0.4931
vn 0.8897 -0.2935 -0.3496
vn 0.9230 -0.2777 -0.2662
s 0
usemtl PineNeedle
f 1049//773 1050//773 1051//773 1052//773 1053//773 1054//773 1055//773 1056//773
f 1064//774 1063//774 1062//774 1061//774 1060//774 1059//774 1058//774 1057//774
f 1049//775 1050//775 1058//775 1057//775
f 1050//776 1051//776 1059//776 1058//776
f 1051//777 1052//777 1060//777 1059//777
f 1052//778 1053//778 1061//778 1060//778
f 1053//779 1054//779 1062//779 1061//779
f 1054//780 1055//780 1063//780 1062//780
f 1055//781 1056//781 1064//781 1063//781
f 1056//782 1049//782 1057//782 1064//782
o pine_tip_needle.014
v 0.593909 0.948969 -0.286046
v 0.563257 0.938365 -0.241391
v 0.531197 0.924626 -0.201053
v 0.485605 0.899437 -0.157279
v 0.449430 0.877295 -0.127728
v 0.478269 0.887407 -0.169420
v 0.519365 0.905222 -0.220636
v 0.555211 0.925170 -0.254708
v 0.600510 0.942033 -0.283162
v 0.569858 0.931428 -0.238507
v 0.537799 0.917690 -0.198169
v 0.492207 0.892501 -0.154395
v 0.456031 0.870359 -0.124844
v 0.484870 0.880471 -0.166536
v 0.525966 0.898286 -0.217752
v 0.561812 0.918234 -0.251824
vn 0.6601 -0.6936 0.2884
vn -0.6601 0.6936 -0.2884
vn 0.5058 0.6943 0.5120
vn 0.4504 0.6727 0.5871
vn 0.3395 0.6180 0.7091
vn 0.2730 0.5792 0.7681
vn -0.5030 -0.6933 -0.5161
vn -0.4466 -0.6711 -0.5918
vn -0.3353 -0.6156 -0.7132
vn -0.2695 -0.5770 -0.7710
s 0
usemtl PineNeedle
f 1065//783 1066//783 1067//783 1068//783 1069//783 1070//783 1071//783 1072//783
f 1080//784 1079//784 1078//784 1077//784 1076//784 1075//784 1074//784 1073//784
f 1065//785 1066//785 1074//785 1073//785
f 1066//786 1067//786 1075//786 1074//786
f 1067//787 1068//787 1076//787 1075//787
f 1068//788 1069//788 1077//788 1076//788
f 1069//789 1070//789 1078//789 1077//789
f 1070//790 1071//790 1079//790 1078//790
f 1071//791 1072//791 1080//791 1079//791
f 1072//792 1065//792 1073//792 1080//792
o pine_bough.006
v 0.000152 1.378140 -0.003848
v -0.372235 1.213726 -0.556885
v -0.022176 1.368047 0.013629
v -0.379340 1.210515 -0.551325
v -0.031794 1.342491 0.026289
v -0.382400 1.202384 -0.547296
v -0.024201 1.313430 0.028208
v -0.379984 1.193137 -0.546686
v -0.002950 1.294462 0.018488
v -0.373222 1.187102 -0.549778
v 0.022015 1.294462 0.001678
v -0.365279 1.187102 -0.555127
v 0.039014 1.313430 -0.014358
v -0.359870 1.193137 -0.560230
v 0.040091 1.342491 -0.022115
v -0.359527 1.202384 -0.562698
v 0.024744 1.368047 -0.017964
v -0.364411 1.210515 -0.561377
vn 0.2540 0.8906 0.3772
vn -0.4412 0.6131 -0.6553
vn -0.1437 0.7108 0.6885
vn -0.8252 0.4396 -0.3548
vn -0.3150 0.2557 0.9140
vn -0.9906 0.0001 -0.1371
vn -0.1798 -0.2620 0.9482
vn -0.8600 -0.4996 -0.1041
vn 0.1988 -0.5998 0.7751
vn -0.4946 -0.8257 -0.2712
vn 0.6434 -0.5998 0.4757
vn -0.0653 -0.8257 -0.5603
vn 0.9462 -0.2620 0.1900
vn 0.2270 -0.4996 -0.8360
vn 0.9654 0.2557 0.0519
vn 0.2455 0.0001 -0.9694
vn 0.6920 0.7108 0.1258
vn -0.0184 0.4396 -0.8980
vt 1.000000 0.500000
vt 1.000000 1.000000
vt 0.888889 1.000000
vt 0.888889 0.500000
vt 0.777778 1.000000
vt 0.777778 0.500000
vt 0.666667 1.000000
vt 0.666667 0.500000
vt 0.555556 1.000000
vt 0.555556 0.500000
vt 0.444444 1.000000
vt 0.444444 0.500000
vt 0.333333 1.000000
vt 0.333333 0.500000
vt 0.222222 1.000000
vt 0.222222 0.500000
vt 0.404269 0.433851
vt 0.250000 0.490000
vt 0.095731 0.433851
vt 0.013646 0.291676
vt 0.042154 0.130000
vt 0.167915 0.024474
vt 0.332085 0.024474
vt 0.457846 0.130000
vt 0.486354 0.291676
vt 0.111111 1.000000
vt 0.111111 0.500000
vt 0.000000 1.000000
vt 0.000000 0.500000
vt 0.750000 0.490000
vt 0.904269 0.433851
vt 0.986354 0.291676
vt 0.957846 0.130000
vt 0.832085 0.024474
vt 0.667915 0.024474
vt 0.542154 0.130000
vt 0.513646 0.291676
vt 0.595731 0.433851
s 1
usemtl OiledOak
f 1081/655/793 1082/656/794 1084/657/796 1083/658/795
f 1083/658/795 1084/657/796 1086/659/798 1085/660/797
f 1085/660/797 1086/659/798 1088/661/800 1087/662/799
f 1087/662/799 1088/661/800 1090/663/802 1089/664/801
f 1089/664/801 1090/663/802 1092/665/804 1091/666/803
f 1091/666/803 1092/665/804 1094/667/806 1093/668/805
f 1093/668/805 1094/667/806 1096/669/808 1095/670/807
f 1084/671/796 1082/672/794 1098/673/810 1096/674/808 1094/675/806 1092/676/804 1090/677/802 1088/678/800 1086/679/798
f 1095/670/807 1096/669/808 1098/680/810 1097/681/809
f 1097/681/809 1098/680/810 1082/682/794 1081/683/793
f 1081/684/793 1083/685/795 1085/686/797 1087/687/799 1089/688/801 1091/689/803 1093/690/805 1095/691/807 1097/692/809
o pine_needle.033
v -0.197030 1.362069 -0.338064
v -0.224697 1.353956 -0.308406
v -0.253841 1.347624 -0.281634
v -0.295730 1.343215 -0.252628
v -0.329136 1.341469 -0.233071
v -0.303095 1.348993 -0.260760
v -0.265719 1.356944 -0.294750
v -0.232774 1.360294 -0.317325
v -0.199113 1.353304 -0.342405
v -0.226780 1.345191 -0.312747
v -0.255925 1.338859 -0.285975
v -0.297814 1.334450 -0.256969
v -0.331220 1.332704 -0.237412
v -0.305178 1.340229 -0.265101
v -0.267803 1.348179 -0.299091
v -0.234857 1.351529 -0.321666
vn -0.2083 -0.8764 -0.4341
vn 0.2083 0.8764 0.4341
vn 0.7136 -0.4398 0.5454
vn 0.6540 -0.4548 0.6044
vn 0.5345 -0.4737 0.6999
vn 0.4619 -0.4794 0.7462
vn -0.7106 0.4406 -0.5486
vn -0.6500 0.4557 -0.6081
vn -0.5300 0.4742 -0.7031
vn -0.4581 0.4796 -0.7484
s 0
usemtl PineNeedleDeep
f 1099//811 1100//811 1101//811 1102//811 1103//811 1104//811 1105//811 1106//811
f 1114//812 1113//812 1112//812 1111//812 1110//812 1109//812 1108//812 1107//812
f 1099//813 1100//813 1108//813 1107//813
f 1100//814 1101//814 1109//814 1108//814
f 1101//815 1102//815 1110//815 1109//815
f 1102//816 1103//816 1111//816 1110//816
f 1103//817 1104//817 1112//817 1111//817
f 1104//818 1105//818 1113//818 1112//818
f 1105//819 1106//819 1114//819 1113//819
f 1106//820 1099//820 1107//820 1114//820
o pine_needle.034
v -0.055268 1.200240 -0.292675
v -0.010658 1.196442 -0.274622
v 0.030709 1.191401 -0.253542
v 0.078244 1.181946 -0.218872
v 0.111653 1.173573 -0.189573
v 0.069948 1.177200 -0.206669
v 0.017330 1.183746 -0.233860
v -0.019756 1.191237 -0.261238
v -0.054734 1.190816 -0.295977
v -0.010124 1.187018 -0.277924
v 0.031244 1.181977 -0.256845
v 0.078778 1.172522 -0.222174
v 0.112188 1.164149 -0.192875
v 0.070482 1.167776 -0.209972
v 0.017864 1.174322 -0.237163
v -0.019222 1.181813 -0.264541
vn 0.0534 -0.9424 -0.3302
vn -0.0534 0.9424 0.3302
vn 0.3784 0.3251 -0.8667
vn 0.4610 0.3166 -0.8290
vn 0.6007 0.2945 -0.7433
vn 0.6718 0.2786 -0.6864
vn -0.3828 -0.3248 0.8649
vn -0.4663 -0.3160 0.8263
vn -0.6054 -0.2935 0.7398
vn -0.6753 -0.2777 0.6833
s 0
usemtl PineNeedleDeep
f 1115//821 1116//821 1117//821 1118//821 1119//821 1120//821 1121//821 1122//821
f 1130//822 1129//822 1128//822 1127//822 1126//822 1125//822 1124//822 1123//822
f 1115//823 1116//823 1124//823 1123//823
f 1116//824 1117//824 1125//824 1124//824
f 1117//825 1118//825 1126//825 1125//825
f 1118//826 1119//826 1127//826 1126//826
f 1119//827 1120//827 1128//827 1127//827
f 1120//828 1121//828 1129//828 1128//828
f 1121//829 1122//829 1130//829 1129//829
f 1122//830 1115//830 1123//830 1130//830
o pine_needle.035
v -0.326306 1.431658 -0.357834
v -0.333156 1.421053 -0.411561
v -0.336084 1.407315 -0.463004
v -0.331200 1.382126 -0.526020
v -0.323875 1.359984 -0.572154
v -0.317643 1.370096 -0.521843
v -0.314218 1.387911 -0.456267
v -0.318288 1.407859 -0.406980
v -0.333151 1.424722 -0.355592
v -0.340002 1.414117 -0.409319
v -0.342930 1.400379 -0.460762
v -0.338046 1.375190 -0.523778
v -0.330721 1.353048 -0.569912
v -0.324489 1.363160 -0.519601
v -0.321064 1.380975 -0.454025
v -0.325134 1.400923 -0.404738
vn -0.6846 -0.6936 0.2242
vn 0.6846 0.6936 -0.2242
vn -0.7183 0.6943 -0.0454
vn -0.7269 0.6727 -0.1383
vn -0.7254 0.6180 -0.3032
vn -0.7150 0.5792 -0.3915
vn 0.7189 -0.6933 0.0503
vn 0.7272 -0.6711 0.1443
vn 0.7249 -0.6156 0.3090
vn 0.7143 -0.5770 0.3960
s 0
usemtl PineNeedleDeep
f 1131//831 1132//831 1133//831 1134//831 1135//831 1136//831 1137//831 1138//831
f 1146//832 1145//832 1144//832 1143//832 1142//832 1141//832 1140//832 1139//832
f 1131//833 1132//833 1140//833 1139//833
f 1132//834 1133//834 1141//834 1140//834
f 1133//835 1134//835 1142//835 1141//835
f 1134//836 1135//836 1143//836 1142//836
f 1135//837 1136//837 1144//837 1143//837
f 1136//838 1137//838 1145//838 1144//838
f 1137//839 1138//839 1146//839 1145//839
f 1138//840 1131//840 1139//840 1146//840
o pine_needle.036
v -0.180495 1.300841 -0.361799
v -0.198069 1.283577 -0.305625
v -0.218459 1.267137 -0.251894
v -0.251745 1.247206 -0.186200
v -0.279792 1.232706 -0.138161
v -0.263155 1.248868 -0.190760
v -0.236863 1.269818 -0.259248
v -0.210584 1.285401 -0.310626
v -0.180689 1.291302 -0.364792
v -0.198263 1.274037 -0.308618
v -0.218653 1.257597 -0.254886
v -0.251939 1.237666 -0.189192
v -0.279986 1.223167 -0.141154
v -0.263349 1.239328 -0.193752
v -0.237057 1.260278 -0.262241
v -0.210778 1.275861 -0.313619
vn -0.0194 -0.9540 -0.2993
vn 0.0194 0.9540 0.2993
vn 0.9579 -0.1035 0.2679
vn 0.9398 -0.1195 0.3201
vn 0.8996 -0.1473 0.4111
vn 0.8727 -0.1622 0.4605
vn -0.9570 0.1044 -0.2706
vn -0.9385 0.1205 -0.3234
vn -0.8980 0.1482 -0.4143
vn -0.8712 0.1630 -0.4631
s 0
usemtl PineNeedleDeep
f 1147//841 1148//841 1149//841 1150//841 1151//841 1152//841 1153//841 1154//841
f 1162//842 1161//842 1160//842 1159//842 1158//842 1157//842 1156//842 1155//842
f 1147//843 1148//843 1156//843 1155//843
f 1148//844 1149//844 1157//844 1156//844
f 1149//845 1150//845 1158//845 1157//845
f 1150//846 1151//846 1159//846 1158//846
f 1151//847 1152//847 1160//847 1159//847
f 1152//848 1153//848 1161//848 1160//848
f 1153//849 1154//849 1162//849 1161//849
f 1154//850 1147//850 1155//850 1162//850
o pine_needle.037
v -0.103734 1.296822 -0.282381
v -0.083714 1.287917 -0.317832
v -0.061032 1.281212 -0.350276
v -0.025057 1.277246 -0.386519
v 0.004907 1.276222 -0.411504
v -0.014017 1.284469 -0.378383
v -0.043226 1.292863 -0.337153
v -0.071606 1.295840 -0.308908
v -0.100830 1.288058 -0.278539
v -0.080810 1.279153 -0.313991
v -0.058129 1.272448 -0.346434
v -0.022153 1.268481 -0.382678
v 0.007811 1.267458 -0.407663
v -0.011113 1.275705 -0.374542
v -0.040323 1.284098 -0.333311
v -0.068702 1.287075 -0.305067
vn 0.2904 -0.8764 0.3841
vn -0.2904 0.8764 -0.3841
vn -0.8276 -0.4315 -0.3590
vn -0.7724 -0.4516 -0.4466
vn -0.6499 -0.4752 -0.5931
vn -0.5712 -0.4808 -0.6653
vn 0.8250 0.4327 0.3636
vn 0.7684 0.4528 0.4522
vn 0.6450 0.4758 0.5980
vn 0.5669 0.4809 0.6688
s 0
usemtl PineNeedleDeep
f 1163//851 1164//851 1165//851 1166//851 1167//851 1168//851 1169//851 1170//851
f 1178//852 1177//852 1176//852 1175//852 1174//852 1173//852 1172//852 1171//852
f 1163//853 1164//853 1172//853 1171//853
f 1164//854 1165//854 1173//854 1172//854
f 1165//855 1166//855 1174//855 1173//855
f 1166//856 1167//856 1175//856 1174//856
f 1167//857 1168//857 1176//857 1175//857
f 1168//858 1169//858 1177//858 1176//858
f 1169//859 1170//859 1178//859 1177//859
f 1170//860 1163//860 1171//860 1178//860
o pine_needle.038
v -0.442926 1.383816 -0.351436
v -0.490104 1.380539 -0.340228
v -0.536241 1.375742 -0.334192
v -0.595006 1.365997 -0.337744
v -0.639022 1.357150 -0.345192
v -0.594795 1.360302 -0.355449
v -0.535902 1.366556 -0.362749
v -0.489873 1.374293 -0.359647
v -0.441547 1.374392 -0.348388
v -0.488726 1.371115 -0.337180
v -0.534863 1.366319 -0.331144
v -0.593627 1.356573 -0.334696
v -0.637644 1.347726 -0.342144
v -0.593417 1.350878 -0.352402
v -0.534523 1.357132 -0.359701
v -0.488495 1.364869 -0.356599
vn 0.1379 -0.9424 0.3048
vn -0.1379 0.9424 -0.3048
vn 0.1968 0.3276 0.9241
vn 0.0904 0.3184 0.9436
vn -0.1059 0.2919 0.9506
vn -0.2135 0.2722 0.9383
vn -0.1913 -0.3273 -0.9254
vn -0.0833 -0.3177 -0.9445
vn 0.1129 -0.2908 -0.9501
vn 0.2189 -0.2711 -0.9373
s 0
usemtl PineNeedleDeep
f 1179//861 1180//861 1181//861 1182//861 1183//861 1184//861 1185//861 1186//861
f 1194//862 1193//862 1192//862 1191//862 1190//862 1189//862 1188//862 1187//862
f 1179//863 1180//863 1188//863 1187//863
f 1180//864 1181//864 1189//864 1188//864
f 1181//865 1182//865 1190//865 1189//865
f 1182//866 1183//866 1191//866 1190//866
f 1183//867 1184//867 1192//867 1191//867
f 1184//868 1185//868 1193//868 1192//868
f 1185//869 1186//869 1194//869 1193//869
f 1186//870 1179//870 1187//870 1194//870
o pine_tip_needle.015
v -0.357835 1.283489 -0.491998
v -0.321342 1.275376 -0.509698
v -0.284510 1.269044 -0.524174
v -0.234985 1.264635 -0.536143
v -0.196776 1.262889 -0.542353
v -0.231044 1.270413 -0.525903
v -0.278154 1.278364 -0.507659
v -0.317020 1.281714 -0.498468
v -0.357455 1.274725 -0.487198
v -0.320962 1.266612 -0.504898
v -0.284130 1.260280 -0.519374
v -0.234605 1.255870 -0.531343
v -0.196396 1.254125 -0.537553
v -0.230665 1.261649 -0.521103
v -0.277775 1.269600 -0.502859
v -0.316640 1.272950 -0.493668
vn 0.0380 -0.8764 0.4800
vn -0.0380 0.8764 -0.4800
vn -0.4692 -0.4398 -0.7658
vn -0.3924 -0.4548 -0.7995
vn -0.2465 -0.4737 -0.8455
vn -0.1621 -0.4794 -0.8625
vn 0.4653 0.4406 0.7677
vn 0.3873 0.4557 0.8015
vn 0.2411 0.4742 0.8468
vn 0.1577 0.4796 0.8632
s 0
usemtl PineNeedle
f 1195//871 1196//871 1197//871 1198//871 1199//871 1200//871 1201//871 1202//871
f 1210//872 1209//872 1208//872 1207//872 1206//872 1205//872 1204//872 1203//872
f 1195//873 1196//873 1204//873 1203//873
f 1196//874 1197//874 1205//874 1204//874
f 1197//875 1198//875 1206//875 1205//875
f 1198//876 1199//876 1207//876 1206//876
f 1199//877 1200//877 1208//877 1207//877
f 1200//878 1201//878 1209//878 1208//878
f 1201//879 1202//879 1210//879 1209//879
f 1202//880 1195//880 1203//880 1210//880
o pine_tip_needle.016
v -0.282702 1.180239 -0.508062
v -0.330747 1.176442 -0.510824
v -0.376694 1.171400 -0.517495
v -0.432848 1.161946 -0.535054
v -0.473900 1.153573 -0.552065
v -0.428913 1.157200 -0.549275
v -0.370348 1.163745 -0.540432
v -0.326432 1.171237 -0.526421
v -0.282147 1.170815 -0.504763
v -0.330192 1.167018 -0.507525
v -0.376139 1.161976 -0.514196
v -0.432292 1.152522 -0.531755
v -0.473345 1.144149 -0.548767
v -0.428358 1.147776 -0.545976
v -0.369792 1.154321 -0.537134
v -0.325876 1.161813 -0.523123
vn 0.0555 -0.9424 0.3299
vn -0.0555 0.9424 -0.3299
vn -0.0799 0.3251 0.9423
vn -0.1702 0.3166 0.9332
vn -0.3300 0.2945 0.8969
vn -0.4156 0.2786 0.8658
vn 0.0846 -0.3248 -0.9420
vn 0.1761 -0.3160 -0.9323
vn 0.3356 -0.2935 -0.8951
vn 0.4199 -0.2777 -0.8640
s 0
usemtl PineNeedle
f 1211//881 1212//881 1213//881 1214//881 1215//881 1216//881 1217//881 1218//881
f 1226//882 1225//882 1224//882 1223//882 1222//882 1221//882 1220//882 1219//882
f 1211//883 1212//883 1220//883 1219//883
f 1212//884 1213//884 1221//884 1220//884
f 1213//885 1214//885 1222//885 1221//885
f 1214//886 1215//886 1223//886 1222//886
f 1215//887 1216//887 1224//887 1223//887
f 1216//888 1217//888 1225//888 1224//888
f 1217//889 1218//889 1226//889 1225//889
f 1218//890 1211//890 1219//890 1226//890
o pine_bough.007
v -0.014326 1.376987 0.009229
v -0.529097 1.178359 0.149268
v -0.003932 1.367164 0.035711
v -0.525789 1.175234 0.157695
v 0.007540 1.342291 0.048186
v -0.522139 1.167320 0.161664
v 0.014722 1.314007 0.040816
v -0.519854 1.158320 0.159319
v 0.014252 1.295546 0.017050
v -0.520004 1.152446 0.151757
v 0.006351 1.295546 -0.011992
v -0.522517 1.152446 0.142516
v -0.005284 1.314007 -0.032721
v -0.526219 1.158320 0.135920
v -0.015209 1.342291 -0.035438
v -0.529378 1.167320 0.135056
v -0.018780 1.367164 -0.018870
v -0.530514 1.175234 0.140328
vn 0.3419 0.9351 -0.0930
vn -0.8227 0.5226 0.2238
vn 0.5276 0.7596 0.3803
vn -0.6446 0.3544 0.6774
vn 0.7327 0.3150 0.6033
vn -0.4481 -0.0717 0.8911
vn 0.8610 -0.1905 0.4715
vn -0.3251 -0.5561 0.7649
vn 0.8526 -0.5204 0.0468
vn -0.3332 -0.8724 0.3578
vn 0.7114 -0.5204 -0.4723
vn -0.4685 -0.8724 -0.1397
vn 0.5035 -0.1905 -0.8428
vn -0.6678 -0.5561 -0.4948
vn 0.3261 0.3150 -0.8913
vn -0.8378 -0.0717 -0.5413
vn 0.2623 0.7596 -0.5952
vn -0.8990 0.3544 -0.2575
vt 1.000000 0.500000
vt 1.000000 1.000000
vt 0.888889 1.000000
vt 0.888889 0.500000
vt 0.777778 1.000000
vt 0.777778 0.500000
vt 0.666667 1.000000
vt 0.666667 0.500000
vt 0.555556 1.000000
vt 0.555556 0.500000
vt 0.444444 1.000000
vt 0.444444 0.500000
vt 0.333333 1.000000
vt 0.333333 0.500000
vt 0.222222 1.000000
vt 0.222222 0.500000
vt 0.404269 0.433851
vt 0.250000 0.490000
vt 0.095731 0.433851
vt 0.013646 0.291676
vt 0.042154 0.130000
vt 0.167915 0.024474
vt 0.332085 0.024474
vt 0.457846 0.130000
vt 0.486354 0.291676
vt 0.111111 1.000000
vt 0.111111 0.500000
vt 0.000000 1.000000
vt 0.000000 0.500000
vt 0.750000 0.490000
vt 0.904269 0.433851
vt 0.986354 0.291676
vt 0.957846 0.130000
vt 0.832085 0.024474
vt 0.667915 0.024474
vt 0.542154 0.130000
vt 0.513646 0.291676
vt 0.595731 0.433851
s 1
usemtl OiledOak
f 1227/693/891 1228/694/892 1230/695/894 1229/696/893
f 1229/696/893 1230/695/894 1232/697/896 1231/698/895
f 1231/698/895 1232/697/896 1234/699/898 1233/700/897
f 1233/700/897 1234/699/898 1236/701/900 1235/702/899
f 1235/702/899 1236/701/900 1238/703/902 1237/704/901
f 1237/704/901 1238/703/902 1240/705/904 1239/706/903
f 1239/706/903 1240/705/904 1242/707/906 1241/708/905
f 1230/709/894 1228/710/892 1244/711/908 1242/712/906 1240/713/904 1238/714/902 1236/715/900 1234/716/898 1232/717/896
f 1241/708/905 1242/707/906 1244/718/908 1243/719/907
f 1243/719/907 1244/718/908 1228/720/892 1227/721/891
f 1227/722/891 1229/723/893 1231/724/895 1233/725/897 1235/726/899 1237/727/901 1239/728/903 1241/729/905 1243/730/907
o pine_needle.039
v -0.354634 1.340438 0.120257
v -0.369413 1.332325 0.158028
v -0.386630 1.325993 0.193662
v -0.414869 1.321584 0.236071
v -0.438707 1.319838 0.266570
v -0.424713 1.327362 0.231228
v -0.402508 1.335313 0.185850
v -0.380210 1.338663 0.152717
v -0.358172 1.331674 0.116991
v -0.372951 1.323561 0.154762
v -0.390167 1.317228 0.190395
v -0.418406 1.312819 0.232805
v -0.442245 1.311074 0.263303
v -0.428251 1.318598 0.227961
v -0.406046 1.326549 0.182583
v -0.383748 1.329898 0.149450
vn -0.3538 -0.8764 -0.3267
vn 0.3538 0.8764 0.3267
vn 0.8644 -0.4398 0.2438
vn 0.8309 -0.4548 0.3206
vn 0.7550 -0.4737 0.4534
vn 0.7045 -0.4794 0.5233
vn -0.8628 0.4406 -0.2478
vn -0.8285 0.4557 -0.3255
vn -0.7519 0.4742 -0.4580
vn -0.7018 0.4796 -0.5268
s 0
usemtl PineNeedle
f 1245//909 1246//909 1247//909 1248//909 1249//909 1250//909 1251//909 1252//909
f 1260//910 1259//910 1258//910 1257//910 1256//910 1255//910 1254//910 1253//910
f 1245//911 1246//911 1254//911 1253//911
f 1246//912 1247//912 1255//912 1254//912
f 1247//913 1248//913 1256//913 1255//913
f 1248//914 1249//914 1257//914 1256//914
f 1249//915 1250//915 1258//915 1257//915
f 1250//916 1251//916 1259//916 1258//916
f 1251//917 1252//917 1260//917 1259//917
f 1252//918 1245//918 1253//918 1260//918
o pine_needle.040
v -0.148709 1.211690 0.030910
v -0.100715 1.207893 0.027367
v -0.054290 1.202851 0.027973
v 0.003677 1.193396 0.038040
v 0.046601 1.185023 0.049538
v 0.001635 1.188650 0.052653
v -0.057583 1.195196 0.051544
v -0.102954 1.202687 0.043395
v -0.149691 1.202266 0.027713
v -0.101696 1.198469 0.024169
v -0.055272 1.193427 0.024776
v 0.002695 1.183972 0.034842
v 0.045619 1.175600 0.046340
v 0.000654 1.179226 0.049456
v -0.058565 1.185772 0.048346
v -0.103936 1.193263 0.040197
vn -0.0982 -0.9424 -0.3198
vn 0.0982 0.9424 0.3198
vn -0.0440 0.3251 -0.9446
vn 0.0468 0.3166 -0.9474
vn 0.2099 0.2945 -0.9323
vn 0.2988 0.2786 -0.9127
vn 0.0393 -0.3248 0.9450
vn -0.0527 -0.3160 0.9473
vn -0.2157 -0.2935 0.9313
vn -0.3034 -0.2777 0.9115
s 0
usemtl PineNeedle
f 1261//919 1262//919 1263//919 1264//919 1265//919 1266//919 1267//919 1268//919
f 1276//920 1275//920 1274//920 1273//920 1272//920 1271//920 1270//920 1269//920
f 1261//921 1262//921 1270//921 1269//921
f 1262//922 1263//922 1271//922 1270//922
f 1263//923 1264//923 1272//923 1271//923
f 1264//924 1265//924 1273//924 1272//924
f 1265//925 1266//925 1274//925 1273//925
f 1266//926 1267//926 1275//926 1274//926
f 1267//927 1268//927 1276//927 1275//927
f 1268//928 1261//928 1269//928 1276//928
o pine_needle.041
v -0.252119 1.398809 0.126002
v -0.299719 1.388204 0.100160
v -0.343172 1.374466 0.072470
v -0.391451 1.349277 0.031677
v -0.424604 1.327135 -0.001230
v -0.380138 1.337247 0.023118
v -0.324926 1.355062 0.058665
v -0.287312 1.375010 0.090773
v -0.254301 1.391873 0.132867
v -0.301901 1.381268 0.107025
v -0.345354 1.367530 0.079335
v -0.393633 1.342341 0.038542
v -0.426786 1.320199 0.005636
v -0.382320 1.330310 0.029983
v -0.327108 1.348126 0.065530
v -0.289494 1.368074 0.097638
vn -0.2182 -0.6936 0.6865
vn 0.2182 0.6936 -0.6865
vn -0.4567 0.6943 0.5563
vn -0.5370 0.6727 0.5090
vn -0.6700 0.6180 0.4114
vn -0.7356 0.5792 0.3514
vn 0.4610 -0.6933 -0.5539
vn 0.5421 -0.6711 -0.5057
vn 0.6744 -0.6156 -0.4076
vn 0.7388 -0.5770 -0.3482
s 0
usemtl PineNeedle
f 1277//929 1278//929 1279//929 1280//929 1281//929 1282//929 1283//929 1284//929
f 1292//930 1291//930 1290//930 1289//930 1288//930 1287//930 1286//930 1285//930
f 1277//931 1278//931 1286//931 1285//931
f 1278//932 1279//932 1287//932 1286//932
f 1279//933 1280//933 1288//933 1287//933
f 1280//934 1281//934 1289//934 1288//934
f 1281//935 1282//935 1290//935 1289//935
f 1282//936 1283//936 1291//936 1290//936
f 1283//937 1284//937 1292//937 1291//937
f 1284//938 1277//938 1285//938 1292//938
o pine_needle.042
v -0.294350 1.221133 0.074408
v -0.251527 1.203869 0.114787
v -0.212132 1.187429 0.156631
v -0.167623 1.167498 0.215305
v -0.136698 1.152998 0.261543
v -0.176716 1.169160 0.223570
v -0.226798 1.190110 0.169963
v -0.261500 1.205693 0.123853
v -0.297125 1.211594 0.073273
v -0.254303 1.194330 0.113653
v -0.214908 1.177889 0.155496
v -0.170399 1.157958 0.214170
v -0.139474 1.143459 0.260408
v -0.179492 1.159620 0.222435
v -0.229574 1.180570 0.168828
v -0.264275 1.196153 0.122718
vn -0.2776 -0.9540 -0.1135
vn 0.2776 0.9540 0.1135
vn 0.6600 -0.1035 -0.7441
vn 0.6990 -0.1195 -0.7051
vn 0.7633 -0.1473 -0.6290
vn 0.7960 -0.1622 -0.5832
vn -0.6621 0.1044 0.7421
vn -0.7015 0.1205 0.7024
vn -0.7655 0.1482 0.6262
vn -0.7976 0.1630 0.5808
s 0
usemtl PineNeedle
f 1293//939 1294//939 1295//939 1296//939 1297//939 1298//939 1299//939 1300//939
f 1308//940 1307//940 1306//940 1305//940 1304//940 1303//940 1302//940 1301//940
f 1293//941 1294//941 1302//941 1301//941
f 1294//942 1295//942 1303//942 1302//942
f 1295//943 1296//943 1304//943 1303//943
f 1296//944 1297//944 1305//944 1304//944
f 1297//945 1298//945 1306//945 1305//945
f 1298//946 1299//946 1307//946 1306//946
f 1299//947 1300//947 1308//947 1307//947
f 1300//948 1293//948 1301//948 1308//948
o pine_needle.043
v -0.190177 1.413915 0.017623
v -0.198420 1.405010 -0.022247
v -0.202679 1.398305 -0.061603
v -0.199425 1.394339 -0.112567
v -0.193293 1.393315 -0.151095
v -0.185758 1.401562 -0.113701
v -0.180635 1.409955 -0.063433
v -0.183430 1.412932 -0.023491
v -0.185464 1.405151 0.018606
v -0.193706 1.396246 -0.021264
v -0.197965 1.389541 -0.060620
v -0.194712 1.385574 -0.111584
v -0.188579 1.384551 -0.150112
v -0.181044 1.392797 -0.112718
v -0.175922 1.401191 -0.062450
v -0.178717 1.404168 -0.022508
vn 0.4714 -0.8764 0.0983
vn -0.4714 0.8764 -0.0983
vn -0.8595 -0.4315 0.2741
vn -0.8755 -0.4516 0.1717
vn -0.8796 -0.4752 -0.0192
vn -0.8678 -0.4808 -0.1254
vn 0.8605 0.4327 -0.2688
vn 0.8762 0.4528 -0.1649
vn 0.8792 0.4758 0.0261
vn 0.8670 0.4809 0.1308
s 0
usemtl PineNeedle
f 1309//949 1310//949 1311//949 1312//949 1313//949 1314//949 1315//949 1316//949
f 1324//950 1323//950 1322//950 1321//950 1320//950 1319//950 1318//950 1317//950
f 1309//951 1310//951 1318//951 1317//951
f 1310//952 1311//952 1319//952 1318//952
f 1311//953 1312//953 1320//953 1319//953
f 1312//954 1313//954 1321//954 1320//954
f 1313//955 1314//955 1322//955 1321//955
f 1314//956 1315//956 1323//956 1322//956
f 1315//957 1316//957 1324//957 1323//957
f 1316//958 1309//958 1317//958 1324//958
o pine_tip_needle.017
v -0.479253 1.253431 0.191704
v -0.472611 1.245318 0.151692
v -0.463142 1.238986 0.113267
v -0.444293 1.234577 0.065931
v -0.427283 1.232831 0.031158
v -0.433659 1.240355 0.068631
v -0.445991 1.248306 0.117623
v -0.460949 1.251656 0.154654
v -0.475116 1.244666 0.194167
v -0.468474 1.236554 0.154155
v -0.459005 1.230221 0.115730
v -0.440156 1.225812 0.068394
v -0.423146 1.224066 0.033622
v -0.429522 1.231591 0.071095
v -0.441854 1.239542 0.120086
v -0.456812 1.242891 0.157117
vn 0.4137 -0.8764 0.2464
vn -0.4137 0.8764 -0.2464
vn -0.8961 -0.4398 -0.0596
vn -0.8792 -0.4548 -0.1417
vn -0.8325 -0.4737 -0.2874
vn -0.7976 -0.4794 -0.3661
vn 0.8954 0.4406 0.0639
vn 0.8779 0.4557 0.1470
vn 0.8304 0.4742 0.2925
vn 0.7956 0.4796 0.3701
s 0
usemtl PineNeedleSun
f 1325//959 1326//959 1327//959 1328//959 1329//959 1330//959 1331//959 1332//959
f 1340//960 1339//960 1338//960 1337//960 1336//960 1335//960 1334//960 1333//960
f 1325//961 1326//961 1334//961 1333//961
f 1326//962 1327//962 1335//962 1334//962
f 1327//963 1328//963 1336//963 1335//963
f 1328//964 1329//964 1337//964 1336//964
f 1329//965 1330//965 1338//965 1337//965
f 1330//966 1331//966 1339//966 1338//966
f 1331//967 1332//967 1340//967 1339//967
f 1332//968 1325//968 1333//968 1340//968
o pine_tip_needle.018
v -0.510218 1.145648 0.119659
v -0.554394 1.141851 0.138749
v -0.598449 1.136809 0.153405
v -0.656511 1.127355 0.162910
v -0.700831 1.118982 0.166129
v -0.659376 1.122609 0.148436
v -0.603069 1.129154 0.130059
v -0.557536 1.136646 0.122874
v -0.508241 1.136224 0.122358
v -0.552418 1.132427 0.141448
v -0.596472 1.127385 0.156104
v -0.654534 1.117931 0.165609
v -0.698855 1.109558 0.168828
v -0.657399 1.113185 0.151135
v -0.601093 1.119730 0.132758
v -0.555560 1.127222 0.125573
vn 0.1976 -0.9424 0.2699
vn -0.1976 0.9424 -0.2699
vn 0.3514 0.3251 0.8779
vn 0.2666 0.3166 0.9103
vn 0.1075 0.2945 0.9496
vn 0.0171 0.2786 0.9603
vn -0.3471 -0.3248 -0.8798
vn -0.2610 -0.3160 -0.9122
vn -0.1017 -0.2935 -0.9505
vn -0.0124 -0.2777 -0.9606
s 0
usemtl PineNeedleSun
f 1341//969 1342//969 1343//969 1344//969 1345//969 1346//969 1347//969 1348//969
f 1356//970 1355//970 1354//970 1353//970 1352//970 1351//970 1350//970 1349//970
f 1341//971 1342//971 1350//971 1349//971
f 1342//972 1343//972 1351//972 1350//972
f 1343//973 1344//973 1352//973 1351//973
f 1344//974 1345//974 1353//974 1352//974
f 1345//975 1346//975 1354//975 1353//975
f 1346//976 1347//976 1355//976 1354//976
f 1347//977 1348//977 1356//977 1355//977
f 1348//978 1341//978 1349//978 1356//978
o pine_tip_needle.019
v -0.490898 1.315848 0.076217
v -0.455211 1.305244 0.116960
v -0.424054 1.291505 0.158000
v -0.392914 1.266316 0.213001
v -0.373228 1.244175 0.255361
v -0.406493 1.254286 0.217107
v -0.445955 1.272101 0.164622
v -0.470103 1.292049 0.121463
v -0.486471 1.308912 0.070534
v -0.450784 1.298308 0.111277
v -0.419627 1.284569 0.152317
v -0.388487 1.259380 0.207318
v -0.368801 1.237239 0.249679
v -0.402066 1.247350 0.211424
v -0.441528 1.265165 0.158939
v -0.465676 1.285113 0.115780
vn 0.4427 -0.6936 -0.5683
vn -0.4427 0.6936 0.5683
vn 0.6212 0.6943 -0.3634
vn 0.6802 0.6727 -0.2912
vn 0.7711 0.6180 -0.1536
vn 0.8118 0.5792 -0.0745
vn -0.6244 -0.6933 0.3597
vn -0.6838 -0.6711 0.2864
vn -0.7739 -0.6156 0.1485
vn -0.8137 -0.5770 0.0704
s 0
usemtl PineNeedleSun
f 1357//979 1358//979 1359//979 1360//979 1361//979 1362//979 1363//979 1364//979
f 1372//980 1371//980 1370//980 1369//980 1368//980 1367//980 1366//980 1365//980
f 1357//981 1358//981 1366//981 1365//981
f 1358//982 1359//982 1367//982 1366//982
f 1359//983 1360//983 1368//983 1367//983
f 1360//984 1361//984 1369//984 1368//984
f 1361//985 1362//985 1370//985 1369//985
f 1362//986 1363//986 1371//986 1370//986
f 1363//987 1364//987 1372//987 1371//987
f 1364//988 1357//988 1365//988 1372//988
o pine_bough.008
v -0.006292 1.377718 0.010774
v -0.021501 1.213592 0.550337
v 0.022048 1.367724 0.009105
v -0.012483 1.210412 0.549806
v 0.037267 1.342418 0.003286
v -0.007641 1.202360 0.547955
v 0.032243 1.313641 -0.003961
v -0.009239 1.193204 0.545649
v 0.009327 1.294858 -0.009245
v -0.016531 1.187228 0.543968
v -0.020759 1.294858 -0.010093
v -0.026104 1.187228 0.543698
v -0.043937 1.313641 -0.006109
v -0.033478 1.193204 0.544966
v -0.049361 1.342418 0.000844
v -0.035204 1.202360 0.547178
v -0.034494 1.367724 0.007511
v -0.030474 1.210412 0.549299
vn 0.0116 0.9116 -0.4109
vn -0.0231 0.5740 0.8185
vn 0.5182 0.7329 -0.4408
vn 0.4623 0.4029 0.7899
vn 0.7902 0.2806 -0.5448
vn 0.7229 -0.0305 0.6903
vn 0.7004 -0.2338 -0.6743
vn 0.6369 -0.5233 0.5662
vn 0.2908 -0.5696 -0.7688
vn 0.2444 -0.8450 0.4757
vn -0.2470 -0.5696 -0.7839
vn -0.2708 -0.8450 0.4612
vn -0.6613 -0.2338 -0.7127
vn -0.6677 -0.5233 0.5294
vn -0.7583 0.2806 -0.5884
vn -0.7606 -0.0305 0.6485
vn -0.4925 0.7329 -0.4692
vn -0.5060 0.4029 0.7626
vt 1.000000 0.500000
vt 1.000000 1.000000
vt 0.888889 1.000000
vt 0.888889 0.500000
vt 0.777778 1.000000
vt 0.777778 0.500000
vt 0.666667 1.000000
vt 0.666667 0.500000
vt 0.555556 1.000000
vt 0.555556 0.500000
vt 0.444444 1.000000
vt 0.444444 0.500000
vt 0.333333 1.000000
vt 0.333333 0.500000
vt 0.222222 1.000000
vt 0.222222 0.500000
vt 0.404269 0.433851
vt 0.250000 0.490000
vt 0.095731 0.433851
vt 0.013646 0.291676
vt 0.042154 0.130000
vt 0.167915 0.024474
vt 0.332085 0.024474
vt 0.457846 0.130000
vt 0.486354 0.291676
vt 0.111111 1.000000
vt 0.111111 0.500000
vt 0.000000 1.000000
vt 0.000000 0.500000
vt 0.750000 0.490000
vt 0.904269 0.433851
vt 0.986354 0.291676
vt 0.957846 0.130000
vt 0.832085 0.024474
vt 0.667915 0.024474
vt 0.542154 0.130000
vt 0.513646 0.291676
vt 0.595731 0.433851
s 1
usemtl OiledOak
f 1373/731/989 1374/732/990 1376/733/992 1375/734/991
f 1375/734/991 1376/733/992 1378/735/994 1377/736/993
f 1377/736/993 1378/735/994 1380/737/996 1379/738/995
f 1379/738/995 1380/737/996 1382/739/998 1381/740/997
f 1381/740/997 1382/739/998 1384/741/1000 1383/742/999
f 1383/742/999 1384/741/1000 1386/743/1002 1385/744/1001
f 1385/744/1001 1386/743/1002 1388/745/1004 1387/746/1003
f 1376/747/992 1374/748/990 1390/749/1006 1388/750/1004 1386/751/1002 1384/752/1000 1382/753/998 1380/754/996 1378/755/994
f 1387/746/1003 1388/745/1004 1390/756/1006 1389/757/1005
f 1389/757/1005 1390/756/1006 1374/758/990 1373/759/989
f 1373/760/989 1375/761/991 1377/762/993 1379/763/995 1381/764/997 1383/765/999 1385/766/1001 1387/767/1003 1389/768/1005
o pine_needle.044
v 0.049264 1.220474 0.330971
v 0.049610 1.212361 0.371528
v 0.046898 1.206029 0.411010
v 0.036479 1.201619 0.460884
v 0.025709 1.199874 0.498066
v 0.025539 1.207398 0.460054
v 0.029253 1.215349 0.409672
v 0.037612 1.218699 0.370618
v 0.044765 1.211709 0.329256
v 0.045111 1.203596 0.369814
v 0.042399 1.197264 0.409295
v 0.031980 1.192855 0.459169
v 0.021210 1.191109 0.496351
v 0.021040 1.198634 0.458340
v 0.024754 1.206584 0.407957
v 0.033112 1.209934 0.368904
vn -0.4499 -0.8764 -0.1715
vn 0.4499 0.8764 0.1715
vn 0.8930 -0.4398 -0.0956
vn 0.8905 -0.4548 -0.0118
vn 0.8695 -0.4737 0.1398
vn 0.8487 -0.4794 0.2233
vn -0.8930 0.4406 0.0912
vn -0.8901 0.4557 0.0063
vn -0.8684 0.4742 -0.1452
vn -0.8475 0.4796 -0.2276
s 0
usemtl PineNeedleSun
f 1391//1007 1392//1007 1393//1007 1394//1007 1395//1007 1396//1007 1397//1007 1398//1007
f 1406//1008 1405//1008 1404//1008 1403//1008 1402//1008 1401//1008 1400//1008 1399//1008
f 1391//1009 1392//1009 1400//1009 1399//1009
f 1392//1010 1393//1010 1401//1010 1400//1010
f 1393//1011 1394//1011 1402//1011 1401//1011
f 1394//1012 1395//1012 1403//1012 1402//1012
f 1395//1013 1396//1013 1404//1013 1403//1013
f 1396//1014 1397//1014 1405//1014 1404//1014
f 1397//1015 1398//1015 1406//1015 1405//1015
f 1398//1016 1391//1016 1399//1016 1406//1016
o pine_needle.045
v -0.054796 1.317742 0.335447
v -0.025107 1.313945 0.297572
v 0.006594 1.308903 0.263650
v 0.053061 1.299449 0.227562
v 0.090460 1.291076 0.203562
v 0.062493 1.294703 0.238910
v 0.021807 1.301248 0.281953
v -0.014763 1.308740 0.310017
v -0.057822 1.308318 0.334020
v -0.028133 1.304521 0.296145
v 0.003569 1.299479 0.262224
v 0.050036 1.290025 0.226136
v 0.087434 1.281652 0.202135
v 0.059467 1.285279 0.237483
v 0.018781 1.291824 0.280526
v -0.017788 1.299316 0.308591
vn -0.3026 -0.9424 -0.1427
vn 0.3026 0.9424 0.1427
vn -0.7282 0.3251 -0.6034
vn -0.6691 0.3166 -0.6724
vn -0.5481 0.2945 -0.7829
vn -0.4738 0.2786 -0.8354
vn 0.7252 -0.3248 0.6071
vn 0.6650 -0.3160 0.6767
vn 0.5434 -0.2935 0.7865
vn 0.4698 -0.2777 0.8379
s 0
usemtl PineNeedleSun
f 1407//1017 1408//1017 1409//1017 1410//1017 1411//1017 1412//1017 1413//1017 1414//1017
f 1422//1018 1421//1018 1420//1018 1419//1018 1418//1018 1417//1018 1416//1018 1415//1018
f 1407//1019 1408//1019 1416//1019 1415//1019
f 1408//1020 1409//1020 1417//1020 1416//1020
f 1409//1021 1410//1021 1418//1021 1417//1021
f 1410//1022 1411//1022 1419//1022 1418//1022
f 1411//1023 1412//1023 1420//1023 1419//1023
f 1412//1024 1413//1024 1421//1024 1420//1024
f 1413//1025 1414//1025 1422//1025 1421//1025
f 1414//1026 1407//1026 1415//1026 1422//1026
o pine_needle.046
v -0.112842 1.380299 0.274900
v -0.156339 1.369694 0.307173
v -0.199765 1.355956 0.334907
v -0.257106 1.330767 0.361494
v -0.300920 1.308625 0.377688
v -0.260099 1.318737 0.347628
v -0.204593 1.336552 0.312542
v -0.159622 1.356500 0.291965
v -0.107536 1.373363 0.279772
v -0.151033 1.362758 0.312045
v -0.194459 1.349020 0.339779
v -0.251800 1.323831 0.366366
v -0.295614 1.301689 0.382561
v -0.254793 1.311800 0.352500
v -0.199287 1.329616 0.317414
v -0.154316 1.349564 0.296837
vn 0.5306 -0.6936 0.4872
vn -0.5306 0.6936 -0.4872
vn 0.3120 0.6943 0.6486
vn 0.2352 0.6727 0.7015
vn 0.0907 0.6180 0.7810
vn 0.0086 0.5792 0.8152
vn -0.3080 -0.6933 -0.6515
vn -0.2301 -0.6711 -0.7048
vn -0.0854 -0.6156 -0.7834
vn -0.0044 -0.5770 -0.8167
s 0
usemtl PineNeedleSun
f 1423//1027 1424//1027 1425//1027 1426//1027 1427//1027 1428//1027 1429//1027 1430//1027
f 1438//1028 1437//1028 1436//1028 1435//1028 1434//1028 1433//1028 1432//1028 1431//1028
f 1423//1029 1424//1029 1432//1029 1431//1029
f 1424//1030 1425//1030 1433//1030 1432//1030
f 1425//1031 1426//1031 1434//1031 1433//1031
f 1426//1032 1427//1032 1435//1032 1434//1032
f 1427//1033 1428//1033 1436//1033 1435//1033
f 1428//1034 1429//1034 1437//1034 1436//1034
f 1429//1035 1430//1035 1438//1035 1437//1035
f 1430//1036 1423//1036 1431//1036 1438//1036
o pine_needle.047
v 0.109875 1.202996 0.354047
v 0.168519 1.185732 0.349031
v 0.225970 1.169292 0.347547
v 0.299377 1.149361 0.353465
v 0.354460 1.134861 0.361224
v 0.299480 1.151023 0.365753
v 0.226136 1.171973 0.367365
v 0.168632 1.187556 0.362508
v 0.107179 1.193457 0.355360
v 0.165823 1.176193 0.350344
v 0.223274 1.159752 0.348860
v 0.296681 1.139821 0.354778
v 0.351764 1.125322 0.362537
v 0.296784 1.141483 0.367066
v 0.223440 1.162433 0.368679
v 0.165935 1.178016 0.363821
vn -0.2696 -0.9540 0.1313
vn 0.2696 0.9540 -0.1313
vn -0.1150 -0.1035 -0.9880
vn -0.0598 -0.1195 -0.9910
vn 0.0397 -0.1473 -0.9883
vn 0.0956 -0.1622 -0.9821
vn 0.1121 0.1044 0.9882
vn 0.0562 0.1205 0.9911
vn -0.0433 0.1482 0.9880
vn -0.0985 0.1630 0.9817
s 0
usemtl PineNeedleSun
f 1439//1037 1440//1037 1441//1037 1442//1037 1443//1037 1444//1037 1445//1037 1446//1037
f 1454//1038 1453//1038 1452//1038 1451//1038 1450//1038 1449//1038 1448//1038 1447//1038
f 1439//1039 1440//1039 1448//1039 1447//1039
f 1440//1040 1441//1040 1449//1040 1448//1040
f 1441//1041 1442//1041 1450//1041 1449//1041
f 1442//1042 1443//1042 1451//1042 1450//1042
f 1443//1043 1444//1043 1452//1043 1451//1043
f 1444//1044 1445//1044 1453//1044 1452//1044
f 1445//1045 1446//1045 1454//1045 1453//1045
f 1446//1046 1439//1046 1447//1046 1454//1046
o pine_needle.048
v -0.010239 1.390162 0.333670
v -0.032892 1.381257 0.299841
v -0.051662 1.374552 0.264988
v -0.067844 1.370585 0.216553
v -0.076676 1.369562 0.178552
v -0.055611 1.377808 0.210354
v -0.031931 1.386202 0.254990
v -0.019475 1.389179 0.293043
v -0.005502 1.381397 0.332806
v -0.028156 1.372492 0.298977
v -0.046925 1.365787 0.264123
v -0.063108 1.361821 0.215688
v -0.071939 1.360797 0.177687
v -0.050874 1.369044 0.209489
v -0.027194 1.377437 0.254125
v -0.014739 1.380414 0.292178
vn 0.4737 -0.8764 -0.0865
vn -0.4737 0.8764 0.0865
vn -0.6929 -0.4315 0.5776
vn -0.7464 -0.4516 0.4888
vn -0.8221 -0.4752 0.3136
vn -0.8511 -0.4808 0.2108
vn 0.6959 0.4327 -0.5731
vn 0.7496 0.4528 -0.4828
vn 0.8242 0.4758 -0.3070
vn 0.8524 0.4809 -0.2054
s 0
usemtl PineNeedleSun
f 1455//1047 1456//1047 1457//1047 1458//1047 1459//1047 1460//1047 1461//1047 1462//1047
f 1470//1048 1469//1048 1468//1048 1467//1048 1466//1048 1465//1048 1464//1048 1463//1048
f 1455//1049 1456//1049 1464//1049 1463//1049
f 1456//1050 1457//1050 1465//1050 1464//1050
f 1457//1051 1458//1051 1466//1051 1465//1051
f 1458//1052 1459//1052 1467//1052 1466//1052
f 1459//1053 1460//1053 1468//1053 1467//1053
f 1460//1054 1461//1054 1469//1054 1468//1054
f 1461//1055 1462//1055 1470//1055 1469//1055
f 1462//1056 1455//1056 1463//1056 1470//1056
o pine_needle.049
v 0.006419 1.204469 0.295071
v -0.018990 1.201192 0.336373
v -0.047321 1.196395 0.373284
v -0.091361 1.186650 0.412353
v -0.127735 1.177802 0.438234
v -0.103740 1.180955 0.399693
v -0.067287 1.187209 0.352864
v -0.032566 1.194946 0.322488
v 0.009550 1.195045 0.296250
v -0.015859 1.191768 0.337552
v -0.044191 1.186971 0.374462
v -0.088230 1.177226 0.413531
v -0.124604 1.168379 0.439413
v -0.100609 1.171531 0.400871
v -0.064156 1.177785 0.354042
v -0.029436 1.185522 0.323666
vn 0.3131 -0.9424 0.1178
vn -0.3131 0.9424 -0.1178
vn 0.7929 0.3276 0.5138
vn 0.7315 0.3184 0.6029
vn 0.5978 0.2919 0.7466
vn 0.5130 0.2722 0.8141
vn -0.7899 -0.3273 -0.5186
vn -0.7272 -0.3177 -0.6085
vn -0.5925 -0.2908 -0.7513
vn -0.5085 -0.2711 -0.8173
s 0
usemtl PineNeedleSun
f 1471//1057 1472//1057 1473//1057 1474//1057 1475//1057 1476//1057 1477//1057 1478//1057
f 1486//1058 1485//1058 1484//1058 1483//1058 1482//1058 1481//1058 1480//1058 1479//1058
f 1471//1059 1472//1059 1480//1059 1479//1059
f 1472//1060 1473//1060 1481//1060 1480//1060
f 1473//1061 1474//1061 1482//1061 1481//1061
f 1474//1062 1475//1062 1483//1062 1482//1062
f 1475//1063 1476//1063 1484//1063 1483//1063
f 1476//1064 1477//1064 1485//1064 1484//1064
f 1477//1065 1478//1065 1486//1065 1485//1065
f 1478//1066 1471//1066 1479//1066 1486//1066
o pine_tip_needle.020
v -0.000837 1.189217 0.502636
v -0.016835 1.181104 0.465365
v -0.029597 1.174772 0.427904
v -0.039269 1.170362 0.377880
v -0.043710 1.168617 0.339425
v -0.028859 1.176141 0.374416
v -0.012806 1.184092 0.422317
v -0.005418 1.187441 0.461566
v 0.003976 1.180452 0.502478
v -0.012023 1.172339 0.465207
v -0.024784 1.166007 0.427746
v -0.034456 1.161598 0.377722
v -0.038897 1.159852 0.339267
v -0.024046 1.167377 0.374258
v -0.007994 1.175327 0.422159
v -0.000605 1.178677 0.461408
vn 0.4812 -0.8764 -0.0158
vn -0.4812 0.8764 0.0158
vn -0.7866 -0.4397 0.4334
vn -0.8167 -0.4548 0.3551
vn -0.8559 -0.4737 0.2072
vn -0.8691 -0.4794 0.1221
vn 0.7884 0.4406 -0.4294
vn 0.8185 0.4557 -0.3499
vn 0.8570 0.4742 -0.2018
vn 0.8696 0.4796 -0.1177
s 0
usemtl PineNeedleDeep
f 1487//1067 1488//1067 1489//1067 1490//1067 1491//1067 1492//1067 1493//1067 1494//1067
f 1502//1068 1501//1068 1500//1068 1499//1068 1498//1068 1497//1068 1496//1068 1495//1068
f 1487//1069 1488//1069 1496//1069 1495//1069
f 1488//1070 1489//1070 1497//1070 1496//1070
f 1489//1071 1490//1071 1498//1071 1497//1071
f 1490//1072 1491//1072 1499//1072 1498//1072
f 1491//1073 1492//1073 1500//1073 1499//1073
f 1492//1074 1493//1074 1501//1074 1500//1074
f 1493//1075 1494//1075 1502//1075 1501//1075
f 1494//1076 1487//1076 1495//1076 1502//1076
o pine_tip_needle.021
v 0.024685 1.220095 0.475695
v -0.010752 1.216298 0.508255
v -0.047534 1.211257 0.536588
v -0.099238 1.201802 0.564664
v -0.140033 1.193429 0.582283
v -0.106705 1.197056 0.551937
v -0.059578 1.203601 0.516061
v -0.018942 1.211093 0.494297
v 0.027439 1.210672 0.477593
v -0.007998 1.206874 0.510154
v -0.044780 1.201833 0.538486
v -0.096483 1.192378 0.566562
v -0.137278 1.184005 0.584181
v -0.103950 1.187632 0.553836
v -0.056823 1.194178 0.517959
v -0.016188 1.201669 0.496195
vn 0.2754 -0.9424 0.1899
vn -0.2754 0.9424 -0.1899
vn 0.6207 0.3251 0.7135
vn 0.5512 0.3166 0.7720
vn 0.4139 0.2945 0.8614
vn 0.3320 0.2786 0.9012
vn -0.6172 -0.3248 -0.7167
vn -0.5465 -0.3160 -0.7756
vn -0.4087 -0.2935 -0.8642
vn -0.3277 -0.2777 -0.9030
s 0
usemtl PineNeedleDeep
f 1503//1077 1504//1077 1505//1077 1506//1077 1507//1077 1508//1077 1509//1077 1510//1077
f 1518//1078 1517//1078 1516//1078 1515//1078 1514//1078 1513//1078 1512//1078 1511//1078
f 1503//1079 1504//1079 1512//1079 1511//1079
f 1504//1080 1505//1080 1513//1080 1512//1080
f 1505//1081 1506//1081 1514//1081 1513//1081
f 1506//1082 1507//1082 1515//1082 1514//1082
f 1507//1083 1508//1083 1516//1083 1515//1083
f 1508//1084 1509//1084 1517//1084 1516//1084
f 1509//1085 1510//1085 1518//1085 1517//1085
f 1510//1086 1503//1086 1511//1086 1518//1086
o pine_bough.009
v 0.008041 1.377652 -0.001821
v 0.628884 1.178571 0.231922
v 0.015639 1.367673 -0.029181
v 0.631301 1.175396 0.223216
v 0.014949 1.342406 -0.045521
v 0.631082 1.167356 0.218017
v 0.006292 1.313674 -0.043195
v 0.628327 1.158214 0.218757
v -0.006280 1.294921 -0.023292
v 0.624327 1.152247 0.225090
v -0.016885 1.294921 0.004875
v 0.620953 1.152247 0.234052
v -0.020560 1.313674 0.028128
v 0.619783 1.158214 0.241451
v -0.015587 1.342406 0.035585
v 0.621366 1.167356 0.243823
v -0.004291 1.367673 0.023757
v 0.624960 1.175396 0.240060
vn -0.3835 0.9122 -0.1444
vn 0.7671 0.5729 0.2888
vn -0.2481 0.7345 -0.6316
vn 0.8977 0.4013 -0.1817
vn -0.2604 0.2845 -0.9226
vn 0.8859 -0.0332 -0.4627
vn -0.4146 -0.2271 -0.8812
vn 0.7370 -0.5274 -0.4227
vn -0.6385 -0.5611 -0.5268
vn 0.5208 -0.8499 -0.0805
vn -0.8274 -0.5611 -0.0251
vn 0.3384 -0.8499 0.4039
vn -0.8928 -0.2271 0.3890
vn 0.2752 -0.5274 0.8038
vn -0.8042 0.2845 0.5218
vn 0.3607 -0.0332 0.9321
vn -0.6031 0.7345 0.3111
vn 0.5550 0.4013 0.7287
vt 1.000000 0.500000
vt 1.000000 1.000000
vt 0.888889 1.000000
vt 0.888889 0.500000
vt 0.777778 1.000000
vt 0.777778 0.500000
vt 0.666667 1.000000
vt 0.666667 0.500000
vt 0.555556 1.000000
vt 0.555556 0.500000
vt 0.444444 1.000000
vt 0.444444 0.500000
vt 0.333333 1.000000
vt 0.333333 0.500000
vt 0.222222 1.000000
vt 0.222222 0.500000
vt 0.404269 0.433851
vt 0.250000 0.490000
vt 0.095731 0.433851
vt 0.013646 0.291676
vt 0.042154 0.130000
vt 0.167915 0.024474
vt 0.332085 0.024474
vt 0.457846 0.130000
vt 0.486354 0.291676
vt 0.111111 1.000000
vt 0.111111 0.500000
vt 0.000000 1.000000
vt 0.000000 0.500000
vt 0.750000 0.490000
vt 0.904269 0.433851
vt 0.986354 0.291676
vt 0.957846 0.130000
vt 0.832085 0.024474
vt 0.667915 0.024474
vt 0.542154 0.130000
vt 0.513646 0.291676
vt 0.595731 0.433851
s 1
usemtl OiledOak
f 1519/769/1087 1520/770/1088 1522/771/1090 1521/772/1089
f 1521/772/1089 1522/771/1090 1524/773/1092 1523/774/1091
f 1523/774/1091 1524/773/1092 1526/775/1094 1525/776/1093
f 1525/776/1093 1526/775/1094 1528/777/1096 1527/778/1095
f 1527/778/1095 1528/777/1096 1530/779/1098 1529/780/1097
f 1529/780/1097 1530/779/1098 1532/781/1100 1531/782/1099
f 1531/782/1099 1532/781/1100 1534/783/1102 1533/784/1101
f 1522/785/1090 1520/786/1088 1536/787/1104 1534/788/1102 1532/789/1100 1530/790/1098 1528/791/1096 1526/792/1094 1524/793/1092
f 1533/784/1101 1534/783/1102 1536/794/1104 1535/795/1103
f 1535/795/1103 1536/794/1104 1520/796/1088 1519/797/1087
f 1519/798/1087 1521/799/1089 1523/800/1091 1525/801/1093 1527/802/1095 1529/803/1097 1531/804/1099 1533/805/1101 1535/806/1103
o pine_needle.050
v 0.351256 1.242160 0.075117
v 0.377908 1.234047 0.105690
v 0.401538 1.227715 0.137435
v 0.426078 1.223306 0.182087
v 0.442093 1.221560 0.217329
v 0.417231 1.229084 0.188575
v 0.387268 1.237035 0.147900
v 0.368205 1.240385 0.112806
v 0.346723 1.233396 0.076742
v 0.373376 1.225283 0.107315
v 0.397006 1.218951 0.139061
v 0.421546 1.214542 0.183713
v 0.437560 1.212796 0.218954
v 0.412698 1.220320 0.190201
v 0.382736 1.228271 0.149525
v 0.363672 1.231621 0.114431
vn -0.4532 -0.8764 0.1625
vn 0.4532 0.8764 -0.1625
vn 0.6159 -0.4397 -0.6536
vn 0.6685 -0.4548 -0.5884
vn 0.7512 -0.4737 -0.4596
vn 0.7898 -0.4794 -0.3826
vn -0.6188 0.4406 0.6503
vn -0.6718 0.4557 0.5839
vn -0.7539 0.4742 0.4548
vn -0.7916 0.4796 0.3786
s 0
usemtl PineNeedleDeep
f 1537//1105 1538//1105 1539//1105 1540//1105 1541//1105 1542//1105 1543//1105 1544//1105
f 1552//1106 1551//1106 1550//1106 1549//1106 1548//1106 1547//1106 1546//1106 1545//1106
f 1537//1107 1538//1107 1546//1107 1545//1107
f 1538//1108 1539//1108 1547//1108 1546//1108
f 1539//1109 1540//1109 1548//1109 1547//1109
f 1540//1110 1541//1110 1549//1110 1548//1110
f 1541//1111 1542//1111 1550//1111 1549//1111
f 1542//1112 1543//1112 1551//1112 1550//1112
f 1543//1113 1544//1113 1552//1113 1551//1113
f 1544//1114 1537//1114 1545//1114 1552//1114
o pine_needle.051
v 0.308891 1.407906 0.066130
v 0.287949 1.404109 0.022801
v 0.271442 1.399067 -0.020595
v 0.259490 1.389613 -0.078203
v 0.254399 1.381240 -0.122347
v 0.273830 1.384867 -0.081677
v 0.294572 1.391412 -0.026199
v 0.303677 1.398903 0.018990
v 0.306278 1.398482 0.068218
v 0.285336 1.394685 0.024889
v 0.268830 1.389643 -0.018506
v 0.256877 1.380189 -0.076114
v 0.251786 1.371816 -0.120258
v 0.271217 1.375443 -0.079588
v 0.291960 1.381988 -0.024110
v 0.301064 1.389479 0.021079
vn -0.2613 -0.9424 0.2089
vn 0.2613 0.9424 -0.2089
vn -0.8623 0.3251 0.3883
vn -0.8982 0.3166 0.3049
vn -0.9442 0.2945 0.1476
vn -0.9587 0.2786 0.0577
vn 0.8643 -0.3248 -0.3840
vn 0.9003 -0.3160 -0.2993
vn 0.9454 -0.2935 -0.1418
vn 0.9592 -0.2777 -0.0531
s 0
usemtl PineNeedleDeep
f 1553//1115 1554//1115 1555//1115 1556//1115 1557//1115 1558//1115 1559//1115 1560//1115
f 1568//1116 1567//1116 1566//1116 1565//1116 1564//1116 1563//1116 1562//1116 1561//1116
f 1553//1117 1554//1117 1562//1117 1561//1117
f 1554//1118 1555//1118 1563//1118 1562//1118
f 1555//1119 1556//1119 1564//1119 1563//1119
f 1556//1120 1557//1120 1565//1120 1564//1120
f 1557//1121 1558//1121 1566//1121 1565//1121
f 1558//1122 1559//1122 1567//1122 1566//1122
f 1559//1123 1560//1123 1568//1123 1567//1123
f 1560//1124 1553//1124 1561//1124 1568//1124
o pine_needle.052
v 0.193099 1.268525 0.162524
v 0.194295 1.257921 0.216673
v 0.191827 1.244182 0.268140
v 0.180380 1.218994 0.330300
v 0.168271 1.196852 0.375415
v 0.167335 1.206963 0.324729
v 0.170785 1.224778 0.259154
v 0.179987 1.244726 0.210562
v 0.200142 1.261589 0.161010
v 0.201337 1.250985 0.215160
v 0.198869 1.237246 0.266627
v 0.187423 1.212057 0.328787
v 0.175314 1.189916 0.373901
v 0.174378 1.200027 0.323215
v 0.177828 1.217842 0.257640
v 0.187029 1.237790 0.209049
vn 0.7043 -0.6936 -0.1514
vn -0.7043 0.6936 0.1514
vn 0.7096 0.6943 0.1203
vn 0.7084 0.6727 0.2135
vn 0.6897 0.6180 0.3774
vn 0.6702 0.5792 0.4641
vn -0.7097 -0.6933 -0.1252
vn -0.7081 -0.6711 -0.2196
vn -0.6886 -0.6156 -0.3831
vn -0.6690 -0.5770 -0.4685
s 0
usemtl PineNeedleDeep
f 1569//1125 1570//1125 1571//1125 1572//1125 1573//1125 1574//1125 1575//1125 1576//1125
f 1584//1126 1583//1126 1582//1126 1581//1126 1580//1126 1579//1126 1578//1126 1577//1126
f 1569//1127 1570//1127 1578//1127 1577//1127
f 1570//1128 1571//1128 1579//1128 1578//1128
f 1571//1129 1572//1129 1580//1129 1579//1129
f 1572//1130 1573//1130 1581//1130 1580//1130
f 1573//1131 1574//1131 1582//1131 1581//1131
f 1574//1132 1575//1132 1583//1132 1582//1132
f 1575//1133 1576//1133 1584//1133 1583//1133
f 1576//1134 1569//1134 1577//1134 1584//1134
o pine_needle.053
v 0.301380 1.329576 0.162702
v 0.351542 1.312311 0.131911
v 0.402222 1.295871 0.104811
v 0.470483 1.275940 0.077169
v 0.523193 1.261441 0.059393
v 0.476087 1.277602 0.088105
v 0.411260 1.298552 0.122449
v 0.357688 1.314135 0.143905
v 0.299560 1.320036 0.165085
v 0.349722 1.302772 0.134294
v 0.400401 1.286331 0.107194
v 0.468662 1.266400 0.079552
v 0.521372 1.251901 0.061776
v 0.474266 1.268062 0.090488
v 0.409440 1.289012 0.124832
v 0.355868 1.304595 0.146288
vn -0.1820 -0.9540 0.2383
vn 0.1820 0.9540 -0.2383
vn -0.5460 -0.1035 -0.8314
vn -0.4980 -0.1195 -0.8589
vn -0.4079 -0.1473 -0.9011
vn -0.3551 -0.1622 -0.9206
vn 0.5435 0.1044 0.8329
vn 0.4949 0.1205 0.8606
vn 0.4045 0.1482 0.9024
vn 0.3523 0.1630 0.9216
s 0
usemtl PineNeedleDeep
f 1585//1135 1586//1135 1587//1135 1588//1135 1589//1135 1590//1135 1591//1135 1592//1135
f 1600//1136 1599//1136 1598//1136 1597//1136 1596//1136 1595//1136 1594//1136 1593//1136
f 1585//1137 1586//1137 1594//1137 1593//1137
f 1586//1138 1587//1138 1595//1138 1594//1138
f 1587//1139 1588//1139 1596//1139 1595//1139
f 1588//1140 1589//1140 1597//1140 1596//1140
f 1589//1141 1590//1141 1598//1141 1597//1141
f 1590//1142 1591//1142 1599//1142 1598//1142
f 1591//1143 1592//1143 1600//1143 1599//1143
f 1592//1144 1585//1144 1593//1144 1600//1144
o pine_needle.054
v 0.210415 1.351195 0.136944
v 0.176983 1.342290 0.113708
v 0.146794 1.335585 0.088102
v 0.114061 1.331619 0.048906
v 0.091977 1.330595 0.016744
v 0.123190 1.338842 0.038672
v 0.161519 1.347235 0.071596
v 0.186996 1.350212 0.102484
v 0.214510 1.342431 0.134411
v 0.181078 1.333526 0.111175
v 0.150889 1.326821 0.085569
v 0.118156 1.322854 0.046373
v 0.096072 1.321831 0.014211
v 0.127285 1.330077 0.036139
v 0.165614 1.338471 0.069063
v 0.191091 1.341448 0.099951
vn 0.4095 -0.8764 -0.2533
vn -0.4095 0.8764 0.2533
vn -0.4345 -0.4315 0.7906
vn -0.5167 -0.4516 0.7274
vn -0.6511 -0.4752 0.5918
vn -0.7156 -0.4808 0.5067
vn 0.4389 0.4327 -0.7875
vn 0.5219 0.4528 -0.7230
vn 0.6555 0.4758 -0.5865
vn 0.7187 0.4809 -0.5021
s 0
usemtl PineNeedleDeep
f 1601//1145 1602//1145 1603//1145 1604//1145 1605//1145 1606//1145 1607//1145 1608//1145
f 1616//1146 1615//1146 1614//1146 1613//1146 1612//1146 1611//1146 1610//1146 1609//1146
f 1601//1147 1602//1147 1610//1147 1609//1147
f 1602//1148 1603//1148 1611//1148 1610//1148
f 1603//1149 1604//1149 1612//1149 1611//1149
f 1604//1150 1605//1150 1613//1150 1612//1150
f 1605//1151 1606//1151 1614//1151 1613//1151
f 1606//1152 1607//1152 1615//1152 1614//1152
f 1607//1153 1608//1153 1616//1153 1615//1153
f 1608//1154 1601//1154 1609//1154 1616//1154
o pine_tip_needle.022
v 0.585269 1.172526 0.257169
v 0.557906 1.164413 0.227230
v 0.533537 1.158081 0.196048
v 0.507955 1.153672 0.151985
v 0.491118 1.151926 0.117129
v 0.516648 1.159450 0.145291
v 0.547557 1.167401 0.185251
v 0.567439 1.170751 0.219888
v 0.589762 1.163761 0.255437
v 0.562399 1.155648 0.225499
v 0.538030 1.149316 0.194317
v 0.512448 1.144907 0.150253
v 0.495611 1.143161 0.115397
v 0.521141 1.150686 0.143559
v 0.552050 1.158636 0.183520
v 0.571932 1.161986 0.218157
vn 0.4493 -0.8764 -0.1731
vn -0.4493 0.8764 0.1731
vn -0.6004 -0.4398 0.6679
vn -0.6545 -0.4548 0.6039
vn -0.7402 -0.4737 0.4771
vn -0.7806 -0.4794 0.4011
vn 0.6034 0.4406 -0.6647
vn 0.6579 0.4557 -0.5996
vn 0.7430 0.4742 -0.4723
vn 0.7825 0.4796 -0.3971
s 0
usemtl PineNeedle
f 1617//1155 1618//1155 1619//1155 1620//1155 1621//1155 1622//1155 1623//1155 1624//1155
f 1632//1156 1631//1156 1630//1156 1629//1156 1628//1156 1627//1156 1626//1156 1625//1156
f 1617//1157 1618//1157 1626//1157 1625//1157
f 1618//1158 1619//1158 1627//1158 1626//1158
f 1619//1159 1620//1159 1628//1159 1627//1159
f 1620//1160 1621//1160 1629//1160 1628//1160
f 1621//1161 1622//1161 1630//1161 1629//1161
f 1622//1162 1623//1162 1631//1162 1630//1162
f 1623//1163 1624//1163 1632//1163 1631//1163
f 1624//1164 1617//1164 1625//1164 1632//1164
o pine_tip_needle.023
v 0.614039 1.267346 0.160565
v 0.601812 1.263549 0.207110
v 0.586169 1.258507 0.250825
v 0.557832 1.249053 0.302386
v 0.533024 1.240680 0.339253
v 0.544672 1.244307 0.295711
v 0.564944 1.250852 0.240059
v 0.587379 1.258344 0.199790
v 0.617382 1.257922 0.160674
v 0.605155 1.254125 0.207220
v 0.589513 1.249083 0.250934
v 0.561175 1.239629 0.302495
v 0.536367 1.231256 0.339363
v 0.548016 1.234883 0.295821
v 0.568287 1.241428 0.240169
v 0.590722 1.248920 0.199899
vn 0.3343 -0.9424 0.0109
vn -0.3343 0.9424 -0.0109
vn 0.9078 0.3251 0.2650
vn 0.8809 0.3166 0.3517
vn 0.8137 0.2945 0.5012
vn 0.7663 0.2786 0.5789
vn -0.9066 -0.3248 -0.2696
vn -0.8789 -0.3160 -0.3573
vn -0.8108 -0.2935 -0.5063
vn -0.7637 -0.2777 -0.5828
s 0
usemtl PineNeedle
f 1633//1165 1634//1165 1635//1165 1636//1165 1637//1165 1638//1165 1639//1165 1640//1165
f 1648//1166 1647//1166 1646//1166 1645//1166 1644//1166 1643//1166 1642//1166 1641//1166
f 1633//1167 1634//1167 1642//1167 1641//1167
f 1634//1168 1635//1168 1643//1168 1642//1168
f 1635//1169 1636//1169 1644//1169 1643//1169
f 1636//1170 1637//1170 1645//1170 1644//1170
f 1637//1171 1638//1171 1646//1171 1645//1171
f 1638//1172 1639//1172 1647//1172 1646//1172
f 1639//1173 1640//1173 1648//1173 1647//1173
f 1640//1174 1633//1174 1641//1174 1648//1174
o pine_tip_needle.024
v 0.601549 1.224303 0.214263
v 0.635772 1.213698 0.172283
v 0.671044 1.199960 0.134721
v 0.720085 1.174771 0.094848
v 0.758570 1.152629 0.068375
v 0.726396 1.162741 0.107552
v 0.681224 1.180556 0.155211
v 0.642695 1.200504 0.186216
v 0.595207 1.217367 0.210845
v 0.629431 1.206762 0.168865
v 0.664702 1.193024 0.131303
v 0.713743 1.167835 0.091430
v 0.752229 1.145693 0.064958
v 0.720055 1.155805 0.104134
v 0.674883 1.173620 0.151794
v 0.636354 1.193568 0.182799
vn -0.6341 -0.6936 -0.3418
vn 0.6341 0.6936 0.3418
vn -0.4619 0.6943 -0.5519
vn -0.4005 0.6727 -0.6221
vn -0.2799 0.6180 -0.7347
vn -0.2088 0.5792 -0.7880
vn 0.4588 -0.6933 0.5557
vn 0.3964 -0.6711 0.6265
vn 0.2754 -0.6156 0.7383
vn 0.2051 -0.5770 0.7905
s 0
usemtl PineNeedle
f 1649//1175 1650//1175 1651//1175 1652//1175 1653//1175 1654//1175 1655//1175 1656//1175
f 1664//1176 1663//1176 1662//1176 1661//1176 1660//1176 1659//1176 1658//1176 1657//1176
f 1649//1177 1650//1177 1658//1177 1657//1177
f 1650//1178 1651//1178 1659//1178 1658//1178
f 1651//1179 1652//1179 1660//1179 1659//1179
f 1652//1180 1653//1180 1661//1180 1660//1180
f 1653//1181 1654//1181 1662//1181 1661//1181
f 1654//1182 1655//1182 1663//1182 1662//1182
f 1655//1183 1656//1183 1664//1183 1663//1183
f 1656//1184 1649//1184 1657//1184 1664//1184
o pine_bough.010
v 0.011479 1.377611 -0.012347
v 0.330380 1.213558 -0.419234
v -0.012365 1.367642 -0.027774
v 0.322794 1.210386 -0.424142
v -0.028217 1.342399 -0.031943
v 0.317749 1.202354 -0.425469
v -0.028662 1.313695 -0.022903
v 0.317608 1.193221 -0.422593
v -0.013490 1.294959 -0.004885
v 0.322435 1.187260 -0.416859
v 0.010199 1.294959 0.013682
v 0.329973 1.187260 -0.410952
v 0.031321 1.313695 0.024109
v 0.336693 1.193221 -0.407634
v 0.039992 1.342399 0.021517
v 0.339452 1.202354 -0.408459
v 0.032156 1.367642 0.007120
v 0.336959 1.210386 -0.413040
vn -0.2474 0.9161 0.3156
vn 0.5090 0.5650 -0.6494
vn -0.6739 0.7377 0.0397
vn 0.1010 0.3944 -0.9134
vn -0.9576 0.2861 -0.0349
vn -0.1702 -0.0375 -0.9847
vn -0.9655 -0.2274 0.1268
vn -0.1778 -0.5286 -0.8300
vn -0.6941 -0.5626 0.4491
vn 0.0818 -0.8492 -0.5217
vn -0.2703 -0.5626 0.7813
vn 0.4871 -0.8492 -0.2041
vn 0.1076 -0.2274 0.9678
vn 0.8485 -0.5286 -0.0257
vn 0.2627 0.2861 0.9215
vn 0.9968 -0.0375 -0.0700
vn 0.1225 0.7377 0.6639
vn 0.8628 0.3944 -0.3164
vt 1.000000 0.500000
vt 1.000000 1.000000
vt 0.888889 1.000000
vt 0.888889 0.500000
vt 0.777778 1.000000
vt 0.777778 0.500000
vt 0.666667 1.000000
vt 0.666667 0.500000
vt 0.555556 1.000000
vt 0.555556 0.500000
vt 0.444444 1.000000
vt 0.444444 0.500000
vt 0.333333 1.000000
vt 0.333333 0.500000
vt 0.222222 1.000000
vt 0.222222 0.500000
vt 0.404269 0.433851
vt 0.250000 0.490000
vt 0.095731 0.433851
vt 0.013646 0.291676
vt 0.042154 0.130000
vt 0.167915 0.024474
vt 0.332085 0.024474
vt 0.457846 0.130000
vt 0.486354 0.291676
vt 0.111111 1.000000
vt 0.111111 0.500000
vt 0.000000 1.000000
vt 0.000000 0.500000
vt 0.750000 0.490000
vt 0.904269 0.433851
vt 0.986354 0.291676
vt 0.957846 0.130000
vt 0.832085 0.024474
vt 0.667915 0.024474
vt 0.542154 0.130000
vt 0.513646 0.291676
vt 0.595731 0.433851
s 1
usemtl OiledOak
f 1665/807/1185 1666/808/1186 1668/809/1188 1667/810/1187
f 1667/810/1187 1668/809/1188 1670/811/1190 1669/812/1189
f 1669/812/1189 1670/811/1190 1672/813/1192 1671/814/1191
f 1671/814/1191 1672/813/1192 1674/815/1194 1673/816/1193
f 1673/816/1193 1674/815/1194 1676/817/1196 1675/818/1195
f 1675/818/1195 1676/817/1196 1678/819/1198 1677/820/1197
f 1677/820/1197 1678/819/1198 1680/821/1200 1679/822/1199
f 1668/823/1188 1666/824/1186 1682/825/1202 1680/826/1200 1678/827/1198 1676/828/1196 1674/829/1194 1672/830/1192 1670/831/1190
f 1679/822/1199 1680/821/1200 1682/832/1202 1681/833/1201
f 1681/833/1201 1682/832/1202 1666/834/1186 1665/835/1185
f 1665/836/1185 1667/837/1187 1669/838/1189 1671/839/1191 1673/840/1193 1675/841/1195 1677/842/1197 1679/843/1199 1681/844/1201
o pine_needle.055
v 0.337737 1.216383 -0.237632
v 0.377453 1.208270 -0.245857
v 0.416709 1.201937 -0.250874
v 0.467657 1.197528 -0.250351
v 0.506223 1.195783 -0.247016
v 0.468970 1.203307 -0.239459
v 0.418827 1.211258 -0.233305
v 0.378894 1.214607 -0.233911
v 0.336930 1.207618 -0.232885
v 0.376646 1.199505 -0.241110
v 0.415901 1.193173 -0.246127
v 0.466850 1.188764 -0.245604
v 0.505416 1.187018 -0.242269
v 0.468163 1.194542 -0.234712
v 0.418019 1.202493 -0.228558
v 0.378086 1.205843 -0.229164
vn -0.0807 -0.8764 0.4747
vn 0.0807 0.8764 -0.4747
vn -0.2674 -0.4398 -0.8574
vn -0.1847 -0.4548 -0.8712
vn -0.0320 -0.4737 -0.8801
vn 0.0540 -0.4794 -0.8759
vn 0.2631 0.4406 0.8583
vn 0.1793 0.4557 0.8719
vn 0.0264 0.4742 0.8800
vn -0.0585 0.4796 0.8755
s 0
usemtl PineNeedle
f 1683//1203 1684//1203 1685//1203 1686//1203 1687//1203 1688//1203 1689//1203 1690//1203
f 1698//1204 1697//1204 1696//1204 1695//1204 1694//1204 1693//1204 1692//1204 1691//1204
f 1683//1205 1684//1205 1692//1205 1691//1205
f 1684//1206 1685//1206 1693//1206 1692//1206
f 1685//1207 1686//1207 1694//1207 1693//1207
f 1686//1208 1687//1208 1695//1208 1694//1208
f 1687//1209 1688//1209 1696//1209 1695//1209
f 1688//1210 1689//1210 1697//1210 1696//1210
f 1689//1211 1690//1211 1698//1211 1697//1211
f 1690//1212 1683//1212 1691//1212 1698//1212
o pine_needle.056
v 0.098347 1.427630 -0.273272
v 0.050354 1.423833 -0.276830
v 0.004524 1.418791 -0.284261
v -0.051330 1.409337 -0.302749
v -0.092095 1.400964 -0.320438
v -0.047160 1.404591 -0.316902
v 0.011250 1.411136 -0.307090
v 0.054928 1.418628 -0.292353
v 0.098848 1.418206 -0.269964
v 0.050855 1.414409 -0.273522
v 0.005025 1.409367 -0.280954
v -0.050830 1.399913 -0.299441
v -0.091594 1.391540 -0.317131
v -0.046660 1.395167 -0.313595
v 0.011751 1.401712 -0.303783
v 0.055428 1.409204 -0.289046
vn 0.0500 -0.9424 0.3307
vn -0.0500 0.9424 -0.3307
vn -0.0955 0.3251 0.9408
vn -0.1857 0.3166 0.9302
vn -0.3448 0.2945 0.8913
vn -0.4299 0.2786 0.8588
vn 0.1002 -0.3248 -0.9405
vn 0.1915 -0.3160 -0.9292
vn 0.3504 -0.2935 -0.8894
vn 0.4342 -0.2777 -0.8569
s 0
usemtl PineNeedle
f 1699//1213 1700//1213 1701//1213 1702//1213 1703//1213 1704//1213 1705//1213 1706//1213
f 1714//1214 1713//1214 1712//1214 1711//1214 1710//1214 1709//1214 1708//1214 1707//1214
f 1699//1215 1700//1215 1708//1215 1707//1215
f 1700//1216 1701//1216 1709//1216 1708//1216
f 1701//1217 1702//1217 1710//1217 1709//1217
f 1702//1218 1703//1218 1711//1218 1710//1218
f 1703//1219 1704//1219 1712//1219 1711//1219
f 1704//1220 1705//1220 1713//1220 1712//1220
f 1705//1221 1706//1221 1714//1221 1713//1221
f 1706//1222 1699//1222 1707//1222 1714//1222
o pine_needle.057
v 0.138388 1.259823 -0.289314
v 0.168603 1.249218 -0.244363
v 0.194287 1.235480 -0.199694
v 0.218178 1.210291 -0.141178
v 0.232316 1.188149 -0.096658
v 0.204187 1.198261 -0.138833
v 0.171722 1.216076 -0.195911
v 0.153259 1.236024 -0.241791
v 0.143502 1.252887 -0.294388
v 0.173717 1.242283 -0.249436
v 0.199400 1.228544 -0.204767
v 0.223292 1.203355 -0.146252
v 0.237430 1.181213 -0.101732
v 0.209301 1.191325 -0.143907
v 0.176835 1.209140 -0.200985
v 0.158373 1.229088 -0.246864
vn 0.5114 -0.6936 -0.5074
vn -0.5114 0.6936 0.5074
vn 0.6624 0.6943 -0.2815
vn 0.7117 0.6727 -0.2023
vn 0.7843 0.6180 -0.0542
vn 0.8147 0.5792 0.0293
vn -0.6651 -0.6933 0.2774
vn -0.7147 -0.6711 0.1971
vn -0.7865 -0.6156 0.0488
vn -0.8160 -0.5770 -0.0336
s 0
usemtl PineNeedle
f 1715//1223 1716//1223 1717//1223 1718//1223 1719//1223 1720//1223 1721//1223 1722//1223
f 1730//1224 1729//1224 1728//1224 1727//1224 1726//1224 1725//1224 1724//1224 1723//1224
f 1715//1225 1716//1225 1724//1225 1723//1225
f 1716//1226 1717//1226 1725//1226 1724//1226
f 1717//1227 1718//1227 1726//1227 1725//1227
f 1718//1228 1719//1228 1727//1228 1726//1228
f 1719//1229 1720//1229 1728//1229 1727//1229
f 1720//1230 1721//1230 1729//1230 1728//1230
f 1721//1231 1722//1231 1730//1231 1729//1231
f 1722//1232 1715//1232 1723//1232 1730//1232
o pine_needle.058
v 0.189187 1.424416 -0.232010
v 0.226428 1.407152 -0.277589
v 0.265372 1.390711 -0.319852
v 0.320741 1.370780 -0.368411
v 0.364669 1.356281 -0.402538
v 0.329630 1.372442 -0.359927
v 0.279710 1.393392 -0.306169
v 0.236177 1.408975 -0.268284
v 0.188252 1.414876 -0.229161
v 0.225492 1.397612 -0.274740
v 0.264437 1.381171 -0.317003
v 0.319805 1.361240 -0.365561
v 0.363734 1.346741 -0.399688
v 0.328695 1.362903 -0.357078
v 0.278775 1.383853 -0.303320
v 0.235242 1.399435 -0.265435
vn -0.0935 -0.9540 0.2849
vn 0.0935 0.9540 -0.2849
vn -0.7891 -0.1035 -0.6055
vn -0.7529 -0.1195 -0.6472
vn -0.6816 -0.1473 -0.7168
vn -0.6382 -0.1622 -0.7526
vn 0.7872 0.1044 0.6078
vn 0.7504 0.1205 0.6499
vn 0.6789 0.1482 0.7191
vn 0.6359 0.1630 0.7544
s 0
usemtl PineNeedle
f 1731//1233 1732//1233 1733//1233 1734//1233 1735//1233 1736//1233 1737//1233 1738//1233
f 1746//1234 1745//1234 1744//1234 1743//1234 1742//1234 1741//1234 1740//1234 1739//1234
f 1731//1235 1732//1235 1740//1235 1739//1235
f 1732//1236 1733//1236 1741//1236 1740//1236
f 1733//1237 1734//1237 1742//1237 1741//1237
f 1734//1238 1735//1238 1743//1238 1742//1238
f 1735//1239 1736//1239 1744//1239 1743//1239
f 1736//1240 1737//1240 1745//1240 1744//1240
f 1737//1241 1738//1241 1746//1241 1745//1241
f 1738//1242 1731//1242 1739//1242 1746//1242
o pine_needle.059
v 0.009620 1.246847 -0.173255
v -0.030951 1.237942 -0.169849
v -0.070534 1.231237 -0.170336
v -0.120740 1.227270 -0.179673
v -0.158256 1.226247 -0.190378
v -0.120228 1.234493 -0.193378
v -0.069709 1.242887 -0.192440
v -0.030390 1.245864 -0.184880
v 0.011161 1.238082 -0.177817
v -0.029410 1.229177 -0.174411
v -0.068993 1.222472 -0.174898
v -0.119199 1.218506 -0.184235
v -0.156715 1.217482 -0.194940
v -0.118687 1.225729 -0.197940
v -0.068168 1.234122 -0.197002
v -0.028849 1.237099 -0.189442
vn 0.1541 -0.8764 -0.4562
vn -0.1541 0.8764 0.4562
vn 0.1691 -0.4315 0.8861
vn 0.0655 -0.4516 0.8898
vn -0.1244 -0.4752 0.8710
vn -0.2284 -0.4808 0.8466
vn -0.1638 0.4327 -0.8866
vn -0.0587 0.4528 -0.8897
vn 0.1312 0.4758 -0.8697
vn 0.2337 0.4809 -0.8450
s 0
usemtl PineNeedle
f 1747//1243 1748//1243 1749//1243 1750//1243 1751//1243 1752//1243 1753//1243 1754//1243
f 1762//1244 1761//1244 1760//1244 1759//1244 1758//1244 1757//1244 1756//1244 1755//1244
f 1747//1245 1748//1245 1756//1245 1755//1245
f 1748//1246 1749//1246 1757//1246 1756//1246
f 1749//1247 1750//1247 1758//1247 1757//1247
f 1750//1248 1751//1248 1759//1248 1758//1248
f 1751//1249 1752//1249 1760//1249 1759//1249
f 1752//1250 1753//1250 1761//1250 1760//1250
f 1753//1251 1754//1251 1762//1251 1761//1251
f 1754//1252 1747//1252 1755//1252 1762//1252
o pine_needle.060
v 0.156325 1.300068 -0.242506
v 0.203871 1.296792 -0.232977
v 0.248311 1.291995 -0.219186
v 0.300216 1.282250 -0.191406
v 0.337095 1.273402 -0.166250
v 0.292628 1.276554 -0.175408
v 0.236071 1.282809 -0.193383
v 0.195548 1.290545 -0.215431
v 0.156346 1.290645 -0.245851
v 0.203892 1.287368 -0.236322
v 0.248332 1.282571 -0.222531
v 0.300237 1.272826 -0.194751
v 0.337116 1.263978 -0.169595
v 0.292648 1.267130 -0.178754
v 0.236092 1.273385 -0.196728
v 0.195569 1.281121 -0.218776
vn 0.0021 -0.9424 -0.3345
vn -0.0021 0.9424 0.3345
vn 0.2073 0.3276 -0.9218
vn 0.3122 0.3184 -0.8951
vn 0.4933 0.2919 -0.8194
vn 0.5860 0.2722 -0.7633
vn -0.2128 -0.3273 0.9207
vn -0.3189 -0.3177 0.8930
vn -0.4995 -0.2908 0.8160
vn -0.5905 -0.2711 0.7601
s 0
usemtl PineNeedle
f 1763//1253 1764//1253 1765//1253 1766//1253 1767//1253 1768//1253 1769//1253 1770//1253
f 1778//1254 1777//1254 1776//1254 1775//1254 1774//1254 1773//1254 1772//1254 1771//1254
f 1763//1255 1764//1255 1772//1255 1771//1255
f 1764//1256 1765//1256 1773//1256 1772//1256
f 1765//1257 1766//1257 1774//1257 1773//1257
f 1766//1258 1767//1258 1775//1258 1774//1258
f 1767//1259 1768//1259 1776//1259 1775//1259
f 1768//1260 1769//1260 1777//1260 1776//1260
f 1769//1261 1770//1261 1778//1261 1777//1261
f 1770//1262 1763//1262 1771//1262 1778//1262
o pine_tip_needle.025
v 0.317869 1.174448 -0.343861
v 0.279971 1.166336 -0.358311
v 0.244189 1.160003 -0.375216
v 0.201535 1.155594 -0.403084
v 0.170830 1.153849 -0.426656
v 0.206292 1.161373 -0.412970
v 0.251862 1.169324 -0.391162
v 0.285189 1.172673 -0.369154
v 0.321105 1.165684 -0.347427
v 0.283207 1.157571 -0.361877
v 0.247425 1.151239 -0.378782
v 0.204771 1.146830 -0.406650
v 0.174065 1.145084 -0.430222
v 0.209528 1.152608 -0.416536
v 0.255098 1.160559 -0.394728
v 0.288424 1.163909 -0.372720
vn 0.3236 -0.8764 -0.3566
vn -0.3236 0.8764 0.3566
vn -0.2362 -0.4398 0.8665
vn -0.3134 -0.4548 0.8336
vn -0.4468 -0.4737 0.7589
vn -0.5171 -0.4794 0.7091
vn 0.2403 0.4406 -0.8649
vn 0.3183 0.4557 -0.8313
vn 0.4515 0.4742 -0.7558
vn 0.5206 0.4796 -0.7064
s 0
usemtl PineNeedleSun
f 1779//1263 1780//1263 1781//1263 1782//1263 1783//1263 1784//1263 1785//1263 1786//1263
f 1794//1264 1793//1264 1792//1264 1791//1264 1790//1264 1789//1264 1788//1264 1787//1264
f 1779//1265 1780//1265 1788//1265 1787//1265
f 1780//1266 1781//1266 1789//1266 1788//1266
f 1781//1267 1782//1267 1790//1267 1789//1267
f 1782//1268 1783//1268 1791//1268 1790//1268
f 1783//1269 1784//1269 1792//1269 1791//1269
f 1784//1270 1785//1270 1793//1270 1792//1270
f 1785//1271 1786//1271 1794//1271 1793//1271
f 1786//1272 1779//1272 1787//1272 1794//1272
o pine_tip_needle.026
v 0.330772 1.323307 -0.406835
v 0.361724 1.319510 -0.369984
v 0.388393 1.314468 -0.331979
v 0.414142 1.305014 -0.279078
v 0.429929 1.296641 -0.237540
v 0.401096 1.300268 -0.272184
v 0.367351 1.306813 -0.320860
v 0.347415 1.314304 -0.362424
v 0.332791 1.313883 -0.409502
v 0.363743 1.310086 -0.372651
v 0.390412 1.305044 -0.334646
v 0.416161 1.295590 -0.281745
v 0.431948 1.287217 -0.240207
v 0.403115 1.290844 -0.274851
v 0.369370 1.297389 -0.323527
v 0.349435 1.304880 -0.365091
vn 0.2019 -0.9424 -0.2667
vn -0.2019 0.9424 0.2667
vn 0.7404 0.3251 -0.5884
vn 0.7957 0.3166 -0.5163
vn 0.8789 0.2945 -0.3752
vn 0.9151 0.2786 -0.2916
vn -0.7434 -0.3248 0.5847
vn -0.7991 -0.3160 0.5115
vn -0.8815 -0.2935 0.3699
vn -0.9167 -0.2777 0.2872
s 0
usemtl PineNeedleSun
f 1795//1273 1796//1273 1797//1273 1798//1273 1799//1273 1800//1273 1801//1273 1802//1273
f 1810//1274 1809//1274 1808//1274 1807//1274 1806//1274 1805//1274 1804//1274 1803//1274
f 1795//1275 1796//1275 1804//1275 1803//1275
f 1796//1276 1797//1276 1805//1276 1804//1276
f 1797//1277 1798//1277 1806//1277 1805//1277
f 1798//1278 1799//1278 1807//1278 1806//1278
f 1799//1279 1800//1279 1808//1279 1807//1279
f 1800//1280 1801//1280 1809//1280 1808//1280
f 1801//1281 1802//1281 1810//1281 1809//1281
f 1802//1282 1795//1282 1803//1282 1810//1282
o pine_bough.011
v -0.007174 1.693900 0.002989
v -0.539809 1.533615 -0.162053
v -0.012702 1.684799 0.028194
v -0.541744 1.530430 -0.153231
v -0.011480 1.661755 0.042895
v -0.541316 1.522364 -0.148086
v -0.004079 1.635550 0.040214
v -0.538726 1.513192 -0.149024
v 0.006038 1.618446 0.021406
v -0.535185 1.507206 -0.155607
v 0.014136 1.618446 -0.004730
v -0.532350 1.507206 -0.164755
v 0.016427 1.635550 -0.025963
v -0.531549 1.513192 -0.172186
v 0.011839 1.661755 -0.032359
v -0.533154 1.522364 -0.174425
v 0.002518 1.684799 -0.020925
v -0.536417 1.530430 -0.170423
vn 0.4022 0.9070 0.1246
vn -0.7761 0.5830 -0.2405
vn 0.2938 0.7287 0.6186
vn -0.8806 0.4110 0.2360
vn 0.3178 0.2770 0.9068
vn -0.8575 -0.0247 0.5140
vn 0.4629 -0.2367 0.8543
vn -0.7175 -0.5201 0.4633
vn 0.6611 -0.5719 0.4856
vn -0.5263 -0.8435 0.1077
vn 0.8199 -0.5719 -0.0267
vn -0.3732 -0.8435 -0.3864
vn 0.8648 -0.2367 -0.4429
vn -0.3299 -0.5201 -0.7878
vn 0.7748 0.2770 -0.5682
vn -0.4166 -0.0247 -0.9087
vn 0.5921 0.7287 -0.3441
vn -0.5928 0.4110 -0.6926
vt 1.000000 0.500000
vt 1.000000 1.000000
vt 0.888889 1.000000
vt 0.888889 0.500000
vt 0.777778 1.000000
vt 0.777778 0.500000
vt 0.666667 1.000000
vt 0.666667 0.500000
vt 0.555556 1.000000
vt 0.555556 0.500000
vt 0.444444 1.000000
vt 0.444444 0.500000
vt 0.333333 1.000000
vt 0.333333 0.500000
vt 0.222222 1.000000
vt 0.222222 0.500000
vt 0.404269 0.433851
vt 0.250000 0.490000
vt 0.095731 0.433851
vt 0.013646 0.291676
vt 0.042154 0.130000
vt 0.167915 0.024474
vt 0.332085 0.024474
vt 0.457846 0.130000
vt 0.486354 0.291676
vt 0.111111 1.000000
vt 0.111111 0.500000
vt 0.000000 1.000000
vt 0.000000 0.500000
vt 0.750000 0.490000
vt 0.904269 0.433851
vt 0.986354 0.291676
vt 0.957846 0.130000
vt 0.832085 0.024474
vt 0.667915 0.024474
vt 0.542154 0.130000
vt 0.513646 0.291676
vt 0.595731 0.433851
s 1
usemtl OiledOak
f 1811/845/1283 1812/846/1284 1814/847/1286 1813/848/1285
f 1813/848/1285 1814/847/1286 1816/849/1288 1815/850/1287
f 1815/850/1287 1816/849/1288 1818/851/1290 1817/852/1289
f 1817/852/1289 1818/851/1290 1820/853/1292 1819/854/1291
f 1819/854/1291 1820/853/1292 1822/855/1294 1821/856/1293
f 1821/856/1293 1822/855/1294 1824/857/1296 1823/858/1295
f 1823/858/1295 1824/857/1296 1826/859/1298 1825/860/1297
f 1814/861/1286 1812/862/1284 1828/863/1300 1826/864/1298 1824/865/1296 1822/866/1294 1820/867/1292 1818/868/1290 1816/869/1288
f 1825/860/1297 1826/859/1298 1828/870/1300 1827/871/1299
f 1827/871/1299 1828/870/1300 1812/872/1284 1811/873/1283
f 1811/874/1283 1813/875/1285 1815/876/1287 1817/877/1289 1819/878/1291 1821/879/1293 1823/880/1295 1825/881/1297 1827/882/1299
o pine_needle.061
v -0.290411 1.675934 -0.005988
v -0.268474 1.667821 0.028126
v -0.249697 1.661489 0.062963
v -0.231892 1.657080 0.110702
v -0.221157 1.655334 0.147893
v -0.241587 1.662858 0.115838
v -0.265334 1.670809 0.071248
v -0.279106 1.674159 0.033760
v -0.295131 1.667170 -0.005037
v -0.273194 1.659057 0.029077
v -0.254417 1.652725 0.063914
v -0.236612 1.648316 0.111653
v -0.225878 1.646570 0.148844
v -0.246307 1.654094 0.116789
v -0.270054 1.662045 0.072199
v -0.283827 1.665395 0.034711
vn -0.4720 -0.8764 0.0951
vn 0.4720 0.8764 -0.0951
vn 0.7042 -0.4398 -0.5574
vn 0.7468 -0.4548 -0.4852
vn 0.8099 -0.4737 -0.3458
vn 0.8369 -0.4794 -0.2641
vn -0.7066 0.4406 0.5537
vn -0.7494 0.4557 0.4803
vn -0.8118 0.4742 0.3406
vn -0.8382 0.4796 0.2598
s 0
usemtl PineNeedle
f 1829//1301 1830//1301 1831//1301 1832//1301 1833//1301 1834//1301 1835//1301 1836//1301
f 1844//1302 1843//1302 1842//1302 1841//1302 1840//1302 1839//1302 1838//1302 1837//1302
f 1829//1303 1830//1303 1838//1303 1837//1303
f 1830//1304 1831//1304 1839//1304 1838//1304
f 1831//1305 1832//1305 1840//1305 1839//1305
f 1832//1306 1833//1306 1841//1306 1840//1306
f 1833//1307 1834//1307 1842//1307 1841//1307
f 1834//1308 1835//1308 1843//1308 1842//1308
f 1835//1309 1836//1309 1844//1309 1843//1309
f 1836//1310 1829//1310 1837//1310 1844//1310
o pine_needle.062
v -0.300927 1.636551 -0.064311
v -0.271690 1.632754 -0.102536
v -0.240394 1.627712 -0.136832
v -0.194358 1.618258 -0.173469
v -0.157247 1.609885 -0.197912
v -0.184792 1.613512 -0.162234
v -0.224965 1.620057 -0.118711
v -0.261198 1.627549 -0.090214
v -0.303969 1.627127 -0.065702
v -0.274732 1.623330 -0.103927
v -0.243436 1.618288 -0.138222
v -0.197401 1.608834 -0.174860
v -0.160290 1.600461 -0.199303
v -0.187835 1.604088 -0.163625
v -0.228007 1.610633 -0.120102
v -0.264240 1.618125 -0.091605
vn -0.3042 -0.9424 -0.1391
vn 0.3042 0.9424 0.1391
vn -0.7353 0.3251 -0.5947
vn -0.6770 0.3166 -0.6644
vn -0.5573 0.2945 -0.7763
vn -0.4836 0.2786 -0.8297
vn 0.7324 -0.3248 0.5985
vn 0.6730 -0.3160 0.6687
vn 0.5527 -0.2935 0.7800
vn 0.4797 -0.2777 0.8323
s 0
usemtl PineNeedle
f 1845//1311 1846//1311 1847//1311 1848//1311 1849//1311 1850//1311 1851//1311 1852//1311
f 1860//1312 1859//1312 1858//1312 1857//1312 1856//1312 1855//1312 1854//1312 1853//1312
f 1845//1313 1846//1313 1854//1313 1853//1313
f 1846//1314 1847//1314 1855//1314 1854//1314
f 1847//1315 1848//1315 1856//1315 1855//1315
f 1848//1316 1849//1316 1857//1316 1856//1316
f 1849//1317 1850//1317 1858//1317 1857//1317
f 1850//1318 1851//1318 1859//1318 1858//1318
f 1851//1319 1852//1319 1860//1319 1859//1319
f 1852//1320 1845//1320 1853//1320 1860//1320
o pine_needle.063
v -0.296992 1.602911 -0.055537
v -0.351003 1.592307 -0.059589
v -0.401989 1.578568 -0.067027
v -0.462749 1.553380 -0.084437
v -0.506480 1.531238 -0.100856
v -0.455941 1.541349 -0.096882
v -0.391008 1.559165 -0.087100
v -0.343536 1.579112 -0.073238
v -0.296167 1.595975 -0.048380
v -0.350178 1.585371 -0.052432
v -0.401164 1.571632 -0.059871
v -0.461924 1.546444 -0.077281
v -0.505655 1.524302 -0.093700
v -0.455116 1.534413 -0.089726
v -0.390183 1.552229 -0.079944
v -0.342711 1.572176 -0.066082
vn 0.0825 -0.6936 0.7156
vn -0.0825 0.6936 -0.7156
vn -0.1884 0.6943 0.6946
vn -0.2811 0.6727 0.6844
vn -0.4424 0.6180 0.6499
vn -0.5268 0.5792 0.6221
vn 0.1933 -0.6933 -0.6942
vn 0.2871 -0.6711 -0.6835
vn 0.4480 -0.6156 -0.6483
vn 0.5310 -0.5770 -0.6205
s 0
usemtl PineNeedle
f 1861//1321 1862//1321 1863//1321 1864//1321 1865//1321 1866//1321 1867//1321 1868//1321
f 1876//1322 1875//1322 1874//1322 1873//1322 1872//1322 1871//1322 1870//1322 1869//1322
f 1861//1323 1862//1323 1870//1323 1869//1323
f 1862//1324 1863//1324 1871//1324 1870//1324
f 1863//1325 1864//1325 1872//1325 1871//1325
f 1864//1326 1865//1326 1873//1326 1872//1326
f 1865//1327 1866//1327 1874//1327 1873//1327
f 1866//1328 1867//1328 1875//1328 1874//1328
f 1867//1329 1868//1329 1876//1329 1875//1329
f 1868//1330 1861//1330 1869//1330 1876//1330
o pine_needle.064
v -0.141409 1.769954 -0.068652
v -0.088429 1.752690 -0.043011
v -0.038279 1.736249 -0.014943
v 0.021808 1.716318 0.027638
v 0.065201 1.701819 0.062443
v 0.015620 1.717981 0.038255
v -0.048259 1.738931 0.002180
v -0.095216 1.754513 -0.031367
v -0.144398 1.760414 -0.068900
v -0.091418 1.743150 -0.043259
v -0.041268 1.726709 -0.015192
v 0.018819 1.706779 0.027390
v 0.062213 1.692279 0.062195
v 0.012631 1.708441 0.038006
v -0.051248 1.729391 0.001932
v -0.098205 1.744974 -0.031615
vn -0.2989 -0.9540 -0.0248
vn 0.2989 0.9540 0.0248
vn 0.4058 -0.1035 -0.9081
vn 0.4548 -0.1195 -0.8826
vn 0.5389 -0.1473 -0.8294
vn 0.5838 -0.1622 -0.7955
vn -0.4084 0.1044 0.9068
vn -0.4579 0.1205 0.8808
vn -0.5418 0.1482 0.8273
vn -0.5861 0.1630 0.7937
s 0
usemtl PineNeedle
f 1877//1331 1878//1331 1879//1331 1880//1331 1881//1331 1882//1331 1883//1331 1884//1331
f 1892//1332 1891//1332 1890//1332 1889//1332 1888//1332 1887//1332 1886//1332 1885//1332
f 1877//1333 1878//1333 1886//1333 1885//1333
f 1878//1334 1879//1334 1887//1334 1886//1334
f 1879//1335 1880//1335 1888//1335 1887//1335
f 1880//1336 1881//1336 1889//1336 1888//1336
f 1881//1337 1882//1337 1890//1337 1889//1337
f 1882//1338 1883//1338 1891//1338 1890//1338
f 1883//1339 1884//1339 1892//1339 1891//1339
f 1884//1340 1877//1340 1885//1340 1892//1340
o pine_needle.065
v -0.283643 1.531596 -0.105608
v -0.314772 1.522691 -0.131849
v -0.342452 1.515986 -0.160148
v -0.371404 1.512020 -0.202215
v -0.390405 1.510996 -0.236289
v -0.361363 1.519243 -0.211556
v -0.326257 1.527637 -0.175215
v -0.303760 1.530614 -0.142094
v -0.279330 1.522832 -0.107750
v -0.310459 1.513927 -0.133990
v -0.338139 1.507222 -0.162290
v -0.367091 1.503255 -0.204357
v -0.386092 1.502232 -0.238431
v -0.357050 1.510479 -0.213698
v -0.321945 1.518872 -0.177357
v -0.299447 1.521849 -0.144236
vn 0.4313 -0.8764 -0.2142
vn -0.4313 0.8764 0.2142
vn -0.5061 -0.4315 0.7468
vn -0.5820 -0.4516 0.6763
vn -0.7032 -0.4752 0.5288
vn -0.7596 -0.4808 0.4380
vn 0.5102 0.4327 -0.7433
vn 0.5867 0.4528 -0.6714
vn 0.7071 0.4758 -0.5231
vn 0.7622 0.4809 -0.4332
s 0
usemtl PineNeedle
f 1893//1341 1894//1341 1895//1341 1896//1341 1897//1341 1898//1341 1899//1341 1900//1341
f 1908//1342 1907//1342 1906//1342 1905//1342 1904//1342 1903//1342 1902//1342 1901//1342
f 1893//1343 1894//1343 1902//1343 1901//1343
f 1894//1344 1895//1344 1903//1344 1902//1344
f 1895//1345 1896//1345 1904//1345 1903//1345
f 1896//1346 1897//1346 1905//1346 1904//1346
f 1897//1347 1898//1347 1906//1347 1905//1347
f 1898//1348 1899//1348 1907//1348 1906//1348
f 1899//1349 1900//1349 1908//1349 1907//1349
f 1900//1350 1893//1350 1901//1350 1908//1350
o pine_tip_needle.027
v -0.458008 1.504017 -0.163629
v -0.480365 1.495904 -0.129788
v -0.504658 1.489572 -0.098547
v -0.541147 1.485163 -0.062987
v -0.570841 1.483417 -0.038153
v -0.549760 1.490941 -0.069783
v -0.518550 1.498892 -0.109509
v -0.489811 1.502242 -0.137242
v -0.460784 1.495252 -0.167564
v -0.483141 1.487140 -0.133723
v -0.507434 1.480807 -0.102482
v -0.543923 1.476398 -0.066922
v -0.573617 1.474653 -0.042087
v -0.552536 1.482177 -0.073718
v -0.521325 1.490128 -0.113443
v -0.492587 1.493477 -0.141177
vn -0.2775 -0.8764 -0.3935
vn 0.2775 0.8764 0.3935
vn 0.7942 -0.4397 0.4193
vn 0.7454 -0.4548 0.4874
vn 0.6433 -0.4737 0.6014
vn 0.5794 -0.4794 0.6591
vn -0.7918 0.4406 -0.4229
vn -0.7420 0.4557 -0.4917
vn -0.6394 0.4742 -0.6053
vn -0.5760 0.4796 -0.6620
s 0
usemtl PineNeedleDeep
f 1909//1351 1910//1351 1911//1351 1912//1351 1913//1351 1914//1351 1915//1351 1916//1351
f 1924//1352 1923//1352 1922//1352 1921//1352 1920//1352 1919//1352 1918//1352 1917//1352
f 1909//1353 1910//1353 1918//1353 1917//1353
f 1910//1354 1911//1354 1919//1354 1918//1354
f 1911//1355 1912//1355 1920//1355 1919//1355
f 1912//1356 1913//1356 1921//1356 1920//1356
f 1913//1357 1914//1357 1922//1357 1921//1357
f 1914//1358 1915//1358 1923//1358 1922//1358
f 1915//1359 1916//1359 1924//1359 1923//1359
f 1916//1360 1909//1360 1917//1360 1924//1360
o pine_tip_needle.028
v -0.558970 1.553960 -0.120214
v -0.517850 1.550163 -0.145217
v -0.476239 1.545121 -0.165810
v -0.420044 1.535666 -0.183235
v -0.376591 1.527293 -0.192538
v -0.415209 1.530920 -0.169294
v -0.468441 1.537466 -0.143325
v -0.512548 1.544957 -0.129926
v -0.561300 1.544536 -0.122614
v -0.520180 1.540739 -0.147617
v -0.478569 1.535697 -0.168211
v -0.422374 1.526242 -0.185636
v -0.378921 1.517870 -0.194938
v -0.417539 1.521496 -0.171695
v -0.470771 1.528042 -0.145725
v -0.514878 1.535533 -0.132327
vn -0.2330 -0.9424 -0.2400
vn 0.2330 0.9424 0.2400
vn -0.4692 0.3251 -0.8211
vn -0.3896 0.3166 -0.8648
vn -0.2375 0.2945 -0.9257
vn -0.1494 0.2786 -0.9487
vn 0.4652 -0.3248 0.8235
vn 0.3843 -0.3160 0.8674
vn 0.2319 -0.2935 0.9274
vn 0.1448 -0.2777 0.9497
s 0
usemtl PineNeedleDeep
f 1925//1361 1926//1361 1927//1361 1928//1361 1929//1361 1930//1361 1931//1361 1932//1361
f 1940//1362 1939//1362 1938//1362 1937//1362 1936//1362 1935//1362 1934//1362 1933//1362
f 1925//1363 1926//1363 1934//1363 1933//1363
f 1926//1364 1927//1364 1935//1364 1934//1364
f 1927//1365 1928//1365 1936//1365 1935//1365
f 1928//1366 1929//1366 1937//1366 1936//1366
f 1929//1367 1930//1367 1938//1367 1937//1367
f 1930//1368 1931//1368 1939//1368 1938//1368
f 1931//1369 1932//1369 1940//1369 1939//1369
f 1932//1370 1925//1370 1933//1370 1940//1370
o pine_bough.012
v -0.012886 1.692446 0.015014
v -0.263715 1.498106 0.380794
v 0.010180 1.683685 0.026842
v -0.255642 1.495040 0.384933
v 0.026174 1.661502 0.027708
v -0.250044 1.487276 0.385236
v 0.027613 1.636277 0.017208
v -0.249540 1.478447 0.381561
v 0.013824 1.619812 0.000255
v -0.254367 1.472684 0.375628
v -0.008742 1.619812 -0.015220
v -0.262265 1.472684 0.370212
v -0.029525 1.636277 -0.021974
v -0.269539 1.478447 0.367848
v -0.038801 1.661502 -0.016848
v -0.272786 1.487276 0.369642
v -0.032230 1.683685 -0.002240
v -0.270486 1.495040 0.374754
vn 0.1704 0.9535 -0.2485
vn -0.4980 0.4740 0.7262
vn 0.6241 0.7812 -0.0159
vn -0.0636 0.3090 0.9489
vn 0.9386 0.3449 0.0011
vn 0.2377 -0.1087 0.9652
vn 0.9669 -0.1512 -0.2054
vn 0.2648 -0.5838 0.7675
vn 0.6957 -0.4750 -0.5388
vn 0.0051 -0.8939 0.4482
vn 0.2519 -0.4750 -0.8432
vn -0.4199 -0.8939 0.1568
vn -0.1568 -0.1512 -0.9760
vn -0.8113 -0.5838 0.0295
vn -0.3392 0.3449 -0.8752
vn -0.9860 -0.1087 0.1261
vn -0.2100 0.7812 -0.5879
vn -0.8623 0.3090 0.4012
vt 1.000000 0.500000
vt 1.000000 1.000000
vt 0.888889 1.000000
vt 0.888889 0.500000
vt 0.777778 1.000000
vt 0.777778 0.500000
vt 0.666667 1.000000
vt 0.666667 0.500000
vt 0.555556 1.000000
vt 0.555556 0.500000
vt 0.444444 1.000000
vt 0.444444 0.500000
vt 0.333333 1.000000
vt 0.333333 0.500000
vt 0.222222 1.000000
vt 0.222222 0.500000
vt 0.404269 0.433851
vt 0.250000 0.490000
vt 0.095731 0.433851
vt 0.013646 0.291676
vt 0.042154 0.130000
vt 0.167915 0.024474
vt 0.332085 0.024474
vt 0.457846 0.130000
vt 0.486354 0.291676
vt 0.111111 1.000000
vt 0.111111 0.500000
vt 0.000000 1.000000
vt 0.000000 0.500000
vt 0.750000 0.490000
vt 0.904269 0.433851
vt 0.986354 0.291676
vt 0.957846 0.130000
vt 0.832085 0.024474
vt 0.667915 0.024474
vt 0.542154 0.130000
vt 0.513646 0.291676
vt 0.595731 0.433851
s 1
usemtl OiledOak
f 1941/883/1371 1942/884/1372 1944/885/1374 1943/886/1373
f 1943/886/1373 1944/885/1374 1946/887/1376 1945/888/1375
f 1945/888/1375 1946/887/1376 1948/889/1378 1947/890/1377
f 1947/890/1377 1948/889/1378 1950/891/1380 1949/892/1379
f 1949/892/1379 1950/891/1380 1952/893/1382 1951/894/1381
f 1951/894/1381 1952/893/1382 1954/895/1384 1953/896/1383
f 1953/896/1383 1954/895/1384 1956/897/1386 1955/898/1385
f 1944/899/1374 1942/900/1372 1958/901/1388 1956/902/1386 1954/903/1384 1952/904/1382 1950/905/1380 1948/906/1378 1946/907/1376
f 1955/898/1385 1956/897/1386 1958/908/1388 1957/909/1387
f 1957/909/1387 1958/908/1388 1942/910/1372 1941/911/1371
f 1941/912/1371 1943/913/1373 1945/914/1375 1947/915/1377 1949/916/1379 1951/917/1381 1953/918/1383 1955/919/1385 1957/920/1387
o pine_needle.066
v -0.149656 1.699663 0.165780
v -0.117270 1.691550 0.190198
v -0.087600 1.685218 0.216386
v -0.054377 1.680809 0.255016
v -0.031437 1.679063 0.286196
v -0.061696 1.686587 0.263189
v -0.099404 1.694538 0.229570
v -0.125297 1.697888 0.199162
v -0.153755 1.690899 0.168306
v -0.121370 1.682786 0.192723
v -0.091699 1.676454 0.218912
v -0.058477 1.672045 0.257541
v -0.035537 1.670299 0.288722
v -0.065795 1.677823 0.265715
v -0.103504 1.685774 0.232095
v -0.129396 1.689124 0.201688
vn -0.4100 -0.8764 0.2525
vn 0.4100 0.8764 -0.2525
vn 0.4679 -0.4398 -0.7666
vn 0.5328 -0.4548 -0.7136
vn 0.6402 -0.4737 -0.6047
vn 0.6939 -0.4794 -0.5373
vn -0.4713 0.4406 0.7640
vn -0.5369 0.4557 0.7100
vn -0.6438 0.4742 0.6005
vn -0.6965 0.4796 0.5337
s 0
usemtl PineNeedleSun
f 1959//1389 1960//1389 1961//1389 1962//1389 1963//1389 1964//1389 1965//1389 1966//1389
f 1974//1390 1973//1390 1972//1390 1971//1390 1970//1390 1969//1390 1968//1390 1967//1390
f 1959//1391 1960//1391 1968//1391 1967//1391
f 1960//1392 1961//1392 1969//1392 1968//1392
f 1961//1393 1962//1393 1970//1393 1969//1393
f 1962//1394 1963//1394 1971//1394 1970//1394
f 1963//1395 1964//1395 1972//1395 1971//1395
f 1964//1396 1965//1396 1973//1396 1972//1396
f 1965//1397 1966//1397 1974//1397 1973//1397
f 1966//1398 1959//1398 1967//1398 1974//1398
o pine_needle.067
v -0.181526 1.557129 0.232587
v -0.174453 1.553332 0.184985
v -0.163675 1.548290 0.139824
v -0.141135 1.538836 0.085478
v -0.120499 1.530463 0.046123
v -0.127326 1.534090 0.090677
v -0.141402 1.540635 0.148209
v -0.159307 1.548126 0.190686
v -0.184862 1.547705 0.232843
v -0.177788 1.543908 0.185241
v -0.167011 1.538866 0.140080
v -0.144470 1.529412 0.085734
v -0.123835 1.521039 0.046379
v -0.130661 1.524666 0.090933
v -0.144737 1.531211 0.148465
v -0.162642 1.538702 0.190942
vn -0.3335 -0.9424 0.0256
vn 0.3335 0.9424 -0.0256
vn -0.9313 0.3251 -0.1643
vn -0.9141 0.3166 -0.2535
vn -0.8635 0.2945 -0.4094
vn -0.8249 0.2786 -0.4918
vn 0.9306 -0.3248 0.1690
vn 0.9127 -0.3160 0.2592
vn 0.8613 -0.2935 0.4148
vn 0.8227 -0.2777 0.4960
s 0
usemtl PineNeedleSun
f 1975//1399 1976//1399 1977//1399 1978//1399 1979//1399 1980//1399 1981//1399 1982//1399
f 1990//1400 1989//1400 1988//1400 1987//1400 1986//1400 1985//1400 1984//1400 1983//1400
f 1975//1401 1976//1401 1984//1401 1983//1401
f 1976//1402 1977//1402 1985//1402 1984//1402
f 1977//1403 1978//1403 1986//1403 1985//1403
f 1978//1404 1979//1404 1987//1404 1986//1404
f 1979//1405 1980//1405 1988//1405 1987//1405
f 1980//1406 1981//1406 1989//1406 1988//1406
f 1981//1407 1982//1407 1990//1407 1989//1407
f 1982//1408 1975//1408 1983//1408 1990//1408
o pine_needle.068
v -0.212108 1.691913 0.233342
v -0.244901 1.681309 0.276449
v -0.278888 1.667570 0.315176
v -0.326559 1.642382 0.356677
v -0.364133 1.620240 0.384429
v -0.333295 1.630351 0.344192
v -0.289752 1.648167 0.295040
v -0.252288 1.668114 0.262756
v -0.205656 1.684977 0.236544
v -0.238448 1.674373 0.279651
v -0.272435 1.660634 0.318379
v -0.320107 1.635446 0.359879
v -0.357680 1.613304 0.387632
v -0.326843 1.623415 0.347395
v -0.283299 1.641231 0.298242
v -0.245835 1.661178 0.265959
vn 0.6453 -0.6936 0.3202
vn -0.6453 0.6936 -0.3202
vn 0.4802 0.6943 0.5361
vn 0.4212 0.6727 0.6083
vn 0.3045 0.6180 0.7249
vn 0.2352 0.5792 0.7805
vn -0.4772 -0.6933 -0.5400
vn -0.4172 -0.6711 -0.6128
vn -0.3001 -0.6156 -0.7287
vn -0.2316 -0.5770 -0.7832
s 0
usemtl PineNeedleSun
f 1991//1409 1992//1409 1993//1409 1994//1409 1995//1409 1996//1409 1997//1409 1998//1409
f 2006//1410 2005//1410 2004//1410 2003//1410 2002//1410 2001//1410 2000//1410 1999//1410
f 1991//1411 1992//1411 2000//1411 1999//1411
f 1992//1412 1993//1412 2001//1412 2000//1412
f 1993//1413 1994//1413 2002//1413 2001//1413
f 1994//1414 1995//1414 2003//1414 2002//1414
f 1995//1415 1996//1415 2004//1415 2003//1415
f 1996//1416 1997//1416 2005//1416 2004//1416
f 1997//1417 1998//1417 2006//1417 2005//1417
f 1998//1418 1991//1418 1999//1418 2006//1418
o pine_needle.069
v -0.141048 1.670203 0.252979
v -0.094018 1.652939 0.217588
v -0.046124 1.636498 0.185823
v 0.019221 1.616567 0.151858
v 0.070017 1.602068 0.129183
v 0.025833 1.618230 0.162216
v -0.035460 1.639180 0.202529
v -0.086767 1.654763 0.228948
v -0.142635 1.660663 0.255523
v -0.095605 1.643399 0.220132
v -0.047712 1.626959 0.188367
v 0.017634 1.607028 0.154403
v 0.068429 1.592529 0.131728
v 0.024246 1.608690 0.164761
v -0.037047 1.629640 0.205073
v -0.088354 1.645223 0.231492
vn -0.1587 -0.9540 0.2544
vn 0.1587 0.9540 -0.2544
vn -0.6220 -0.1035 -0.7761
vn -0.5769 -0.1195 -0.8080
vn -0.4912 -0.1473 -0.8585
vn -0.4405 -0.1622 -0.8830
vn 0.6197 0.1044 0.7779
vn 0.5739 0.1205 0.8100
vn 0.4880 0.1482 0.8602
vn 0.4378 0.1630 0.8842
s 0
usemtl PineNeedleSun
f 2007//1419 2008//1419 2009//1419 2010//1419 2011//1419 2012//1419 2013//1419 2014//1419
f 2022//1420 2021//1420 2020//1420 2019//1420 2018//1420 2017//1420 2016//1420 2015//1420
f 2007//1421 2008//1421 2016//1421 2015//1421
f 2008//1422 2009//1422 2017//1422 2016//1422
f 2009//1423 2010//1423 2018//1423 2017//1423
f 2010//1424 2011//1424 2019//1424 2018//1424
f 2011//1425 2012//1425 2020//1425 2019//1425
f 2012//1426 2013//1426 2021//1426 2020//1426
f 2013//1427 2014//1427 2022//1427 2021//1427
f 2014//1428 2007//1428 2015//1428 2022//1428
o pine_needle.070
v -0.120285 1.570633 0.204019
v -0.160961 1.561728 0.202284
v -0.200167 1.555023 0.196812
v -0.248796 1.551057 0.181222
v -0.284664 1.550033 0.165874
v -0.246561 1.558280 0.167691
v -0.196563 1.566674 0.174988
v -0.158510 1.569650 0.187444
v -0.118181 1.561869 0.199688
v -0.158858 1.552964 0.197953
v -0.198063 1.546259 0.192481
v -0.246692 1.542292 0.176891
v -0.282560 1.541269 0.161543
v -0.244458 1.549515 0.163360
v -0.194459 1.557909 0.170657
v -0.156407 1.560886 0.183113
vn 0.2103 -0.8764 -0.4331
vn -0.2103 0.8764 0.4331
vn 0.0561 -0.4315 0.9004
vn -0.0471 -0.4516 0.8910
vn -0.2332 -0.4752 0.8484
vn -0.3333 -0.4808 0.8110
vn -0.0507 0.4327 -0.9001
vn 0.0539 0.4528 -0.8900
vn 0.2398 0.4758 -0.8463
vn 0.3384 0.4809 -0.8088
s 0
usemtl PineNeedleSun
f 2023//1429 2024//1429 2025//1429 2026//1429 2027//1429 2028//1429 2029//1429 2030//1429
f 2038//1430 2037//1430 2036//1430 2035//1430 2034//1430 2033//1430 2032//1430 2031//1430
f 2023//1431 2024//1431 2032//1431 2031//1431
f 2024//1432 2025//1432 2033//1432 2032//1432
f 2025//1433 2026//1433 2034//1433 2033//1433
f 2026//1434 2027//1434 2035//1434 2034//1434
f 2027//1435 2028//1435 2036//1435 2035//1435
f 2028//1436 2029//1436 2037//1436 2036//1436
f 2029//1437 2030//1437 2038//1437 2037//1437
f 2030//1438 2023//1438 2031//1438 2038//1438
o pine_needle.071
v -0.089806 1.767095 0.228736
v -0.075286 1.763818 0.275003
v -0.065999 1.759022 0.320597
v -0.065384 1.749276 0.379466
v -0.069697 1.740429 0.423899
v -0.083059 1.743581 0.380509
v -0.094509 1.749835 0.322280
v -0.094673 1.757572 0.276147
v -0.086863 1.757671 0.227145
v -0.072344 1.754394 0.273412
v -0.063057 1.749598 0.319006
v -0.062441 1.739852 0.377875
v -0.066754 1.731005 0.422308
v -0.080117 1.734157 0.378918
v -0.091566 1.740412 0.320689
v -0.091730 1.748148 0.274556
vn 0.2943 -0.9424 -0.1591
vn -0.2943 0.9424 0.1591
vn 0.9078 0.3276 -0.2617
vn 0.9349 0.3184 -0.1569
vn 0.9557 0.2919 0.0383
vn 0.9510 0.2722 0.1465
vn -0.9095 -0.3273 0.2563
vn -0.9363 -0.3177 0.1500
vn -0.9557 -0.2908 -0.0454
vn -0.9505 -0.2711 -0.1520
s 0
usemtl PineNeedleSun
f 2039//1439 2040//1439 2041//1439 2042//1439 2043//1439 2044//1439 2045//1439 2046//1439
f 2054//1440 2053//1440 2052//1440 2051//1440 2050//1440 2049//1440 2048//1440 2047//1440
f 2039//1441 2040//1441 2048//1441 2047//1441
f 2040//1442 2041//1442 2049//1442 2048//1442
f 2041//1443 2042//1443 2050//1443 2049//1443
f 2042//1444 2043//1444 2051//1444 2050//1444
f 2043//1445 2044//1445 2052//1445 2051//1445
f 2044//1446 2045//1446 2053//1446 2052//1446
f 2045//1447 2046//1447 2054//1447 2053//1447
f 2046//1448 2039//1448 2047//1448 2054//1448
o pine_tip_needle.029
v -0.239892 1.494806 0.281149
v -0.227306 1.486693 0.319706
v -0.217959 1.480361 0.358161
v -0.212819 1.475951 0.408852
v -0.211849 1.474206 0.447550
v -0.223498 1.481730 0.411367
v -0.235184 1.489681 0.362218
v -0.239018 1.493031 0.322464
v -0.244700 1.486041 0.280874
v -0.232113 1.477928 0.319431
v -0.222767 1.471596 0.357886
v -0.217626 1.467187 0.408577
v -0.216656 1.465441 0.447275
v -0.228305 1.472966 0.411092
v -0.239991 1.480916 0.361943
v -0.243825 1.484266 0.322189
vn -0.4807 -0.8764 -0.0275
vn 0.4807 0.8764 0.0275
vn 0.8224 -0.4398 -0.3610
vn 0.8453 -0.4548 -0.2803
vn 0.8711 -0.4737 -0.1295
vn 0.8765 -0.4794 -0.0436
vn -0.8237 0.4406 0.3568
vn -0.8466 0.4557 0.2750
vn -0.8716 0.4742 0.1240
vn -0.8766 0.4796 0.0392
s 0
usemtl PineNeedle
f 2055//1449 2056//1449 2057//1449 2058//1449 2059//1449 2060//1449 2061//1449 2062//1449
f 2070//1450 2069//1450 2068//1450 2067//1450 2066//1450 2065//1450 2064//1450 2063//1450
f 2055//1451 2056//1451 2064//1451 2063//1451
f 2056//1452 2057//1452 2065//1452 2064//1452
f 2057//1453 2058//1453 2066//1453 2065//1453
f 2058//1454 2059//1454 2067//1454 2066//1454
f 2059//1455 2060//1455 2068//1455 2067//1455
f 2060//1456 2061//1456 2069//1456 2068//1456
f 2061//1457 2062//1457 2070//1457 2069//1457
f 2062//1458 2055//1458 2063//1458 2070//1458
o pine_tip_needle.030
v -0.213921 1.627285 0.382585
v -0.219002 1.623488 0.334729
v -0.219885 1.618446 0.288309
v -0.211682 1.608992 0.230048
v -0.201567 1.600619 0.186778
v -0.197011 1.604246 0.231620
v -0.196221 1.610791 0.290844
v -0.202910 1.618283 0.336453
v -0.217086 1.617861 0.383668
v -0.222166 1.614064 0.335813
v -0.223049 1.609022 0.289392
v -0.214847 1.599568 0.231132
v -0.204731 1.591195 0.187862
v -0.200175 1.594822 0.232704
v -0.199386 1.601367 0.291928
v -0.206075 1.608859 0.337537
vn -0.3165 -0.9424 0.1084
vn 0.3165 0.9424 -0.1084
vn -0.9427 0.3251 0.0743
vn -0.9484 0.3166 -0.0163
vn -0.9386 0.2945 -0.1799
vn -0.9218 0.2786 -0.2694
vn 0.9432 -0.3248 -0.0696
vn 0.9485 -0.3160 0.0223
vn 0.9377 -0.2935 0.1858
vn 0.9208 -0.2777 0.2740
s 0
usemtl PineNeedle
f 2071//1459 2072//1459 2073//1459 2074//1459 2075//1459 2076//1459 2077//1459 2078//1459
f 2086//1460 2085//1460 2084//1460 2083//1460 2082//1460 2081//1460 2080//1460 2079//1460
f 2071//1461 2072//1461 2080//1461 2079//1461
f 2072//1462 2073//1462 2081//1462 2080//1462
f 2073//1463 2074//1463 2082//1463 2081//1463
f 2074//1464 2075//1464 2083//1464 2082//1464
f 2075//1465 2076//1465 2084//1465 2083//1465
f 2076//1466 2077//1466 2085//1466 2084//1466
f 2077//1467 2078//1467 2086//1467 2085//1467
f 2078//1468 2071//1468 2079//1468 2086//1468
o pine_tip_needle.031
v -0.238014 1.531295 0.284745
v -0.265838 1.520691 0.331214
v -0.295335 1.506952 0.373462
v -0.338125 1.481764 0.419979
v -0.372399 1.459622 0.451716
v -0.346200 1.469733 0.408316
v -0.308359 1.487549 0.354651
v -0.274694 1.507496 0.318422
v -0.231247 1.524359 0.287214
v -0.259071 1.513755 0.333683
v -0.288568 1.500016 0.375931
v -0.331358 1.474828 0.422449
v -0.365632 1.452686 0.454186
v -0.339433 1.462797 0.410786
v -0.301592 1.480613 0.357120
v -0.267927 1.500561 0.320892
vn 0.6767 -0.6936 0.2469
vn -0.6767 0.6936 -0.2469
vn 0.5365 0.6943 0.4797
vn 0.4859 0.6727 0.5580
vn 0.3828 0.6180 0.6867
vn 0.3201 0.5792 0.7497
vn -0.5340 -0.6933 -0.4839
vn -0.4824 -0.6711 -0.5629
vn -0.3788 -0.6156 -0.6910
vn -0.3168 -0.5770 -0.7528
s 0
usemtl PineNeedle
f 2087//1469 2088//1469 2089//1469 2090//1469 2091//1469 2092//1469 2093//1469 2094//1469
f 2102//1470 2101//1470 2100//1470 2099//1470 2098//1470 2097//1470 2096//1470 2095//1470
f 2087//1471 2088//1471 2096//1471 2095//1471
f 2088//1472 2089//1472 2097//1472 2096//1472
f 2089//1473 2090//1473 2098//1473 2097//1473
f 2090//1474 2091//1474 2099//1474 2098//1474
f 2091//1475 2092//1475 2100//1475 2099//1475
f 2092//1476 2093//1476 2101//1476 2100//1476
f 2093//1477 2094//1477 2102//1477 2101//1477
f 2094//1478 2087//1478 2095//1478 2102//1478
o pine_bough.013
v 0.002006 1.693418 0.005203
v 0.280972 1.533446 0.368901
v 0.020821 1.684430 -0.012513
v 0.287558 1.530300 0.362700
v 0.027660 1.661671 -0.026075
v 0.289952 1.522335 0.357954
v 0.019324 1.635791 -0.029138
v 0.287034 1.513277 0.356882
v -0.000289 1.618899 -0.020267
v 0.280169 1.507365 0.359986
v -0.021999 1.618899 -0.003614
v 0.272571 1.507365 0.365815
v -0.035649 1.635791 0.013028
v 0.267793 1.513277 0.371640
v -0.034853 1.661671 0.021874
v 0.268072 1.522335 0.374736
v -0.019981 1.684430 0.018784
v 0.273277 1.530300 0.373654
vn -0.2276 0.9275 -0.2967
vn 0.5121 0.5405 0.6676
vn 0.1424 0.7507 -0.6451
vn 0.8664 0.3712 0.3339
vn 0.2769 0.3031 -0.9118
vn 0.9953 -0.0575 0.0785
vn 0.1130 -0.2058 -0.9720
vn 0.8382 -0.5449 0.0208
vn -0.2727 -0.5380 -0.7976
vn 0.4688 -0.8631 0.1879
vn -0.6997 -0.5380 -0.4701
vn 0.0599 -0.8631 0.5015
vn -0.9681 -0.2058 -0.1428
vn -0.1972 -0.5449 0.8150
vn -0.9524 0.3031 0.0312
vn -0.1822 -0.0575 0.9816
vn -0.6600 0.7507 -0.0296
vn 0.0979 0.3712 0.9234
vt 1.000000 0.500000
vt 1.000000 1.000000
vt 0.888889 1.000000
vt 0.888889 0.500000
vt 0.777778 1.000000
vt 0.777778 0.500000
vt 0.666667 1.000000
vt 0.666667 0.500000
vt 0.555556 1.000000
vt 0.555556 0.500000
vt 0.444444 1.000000
vt 0.444444 0.500000
vt 0.333333 1.000000
vt 0.333333 0.500000
vt 0.222222 1.000000
vt 0.222222 0.500000
vt 0.404269 0.433851
vt 0.250000 0.490000
vt 0.095731 0.433851
vt 0.013646 0.291676
vt 0.042154 0.130000
vt 0.167915 0.024474
vt 0.332085 0.024474
vt 0.457846 0.130000
vt 0.486354 0.291676
vt 0.111111 1.000000
vt 0.111111 0.500000
vt 0.000000 1.000000
vt 0.000000 0.500000
vt 0.750000 0.490000
vt 0.904269 0.433851
vt 0.986354 0.291676
vt 0.957846 0.130000
vt 0.832085 0.024474
vt 0.667915 0.024474
vt 0.542154 0.130000
vt 0.513646 0.291676
vt 0.595731 0.433851
s 1
usemtl OiledOak
f 2103/921/1479 2104/922/1480 2106/923/1482 2105/924/1481
f 2105/924/1481 2106/923/1482 2108/925/1484 2107/926/1483
f 2107/926/1483 2108/925/1484 2110/927/1486 2109/928/1485
f 2109/928/1485 2110/927/1486 2112/929/1488 2111/930/1487
f 2111/930/1487 2112/929/1488 2114/931/1490 2113/932/1489
f 2113/932/1489 2114/931/1490 2116/933/1492 2115/934/1491
f 2115/934/1491 2116/933/1492 2118/935/1494 2117/936/1493
f 2106/937/1482 2104/938/1480 2120/939/1496 2118/940/1494 2116/941/1492 2114/942/1490 2112/943/1488 2110/944/1486 2108/945/1484
f 2117/936/1493 2118/935/1494 2120/946/1496 2119/947/1495
f 2119/947/1495 2120/946/1496 2104/948/1480 2103/949/1479
f 2103/950/1479 2105/951/1481 2107/952/1483 2109/953/1485 2111/954/1487 2113/955/1489 2115/956/1491 2117/957/1493 2119/958/1495
o pine_needle.072
v 0.215022 1.722087 0.163857
v 0.254503 1.713974 0.173148
v 0.292212 1.707642 0.185154
v 0.338188 1.703233 0.207113
v 0.371751 1.701487 0.226400
v 0.334785 1.709012 0.217543
v 0.286724 1.716963 0.201977
v 0.250771 1.720312 0.184587
v 0.212288 1.713323 0.167821
v 0.251769 1.705210 0.177112
v 0.289478 1.698878 0.189118
v 0.335454 1.694469 0.211077
v 0.369017 1.692723 0.230364
v 0.332052 1.700247 0.221507
v 0.283990 1.708198 0.205941
v 0.248037 1.711548 0.188551
vn -0.2734 -0.8764 0.3964
vn 0.2734 0.8764 -0.3964
vn 0.1191 -0.4398 -0.8902
vn 0.1999 -0.4548 -0.8678
vn 0.3422 -0.4737 -0.8115
vn 0.4184 -0.4794 -0.7714
vn -0.1234 0.4406 0.8892
vn -0.2051 0.4557 0.8662
vn -0.3471 0.4742 0.8091
vn -0.4222 0.4796 0.7692
s 0
usemtl PineNeedleDeep
f 2121//1497 2122//1497 2123//1497 2124//1497 2125//1497 2126//1497 2127//1497 2128//1497
f 2136//1498 2135//1498 2134//1498 2133//1498 2132//1498 2131//1498 2130//1498 2129//1498
f 2121//1499 2122//1499 2130//1499 2129//1499
f 2122//1500 2123//1500 2131//1500 2130//1500
f 2123//1501 2124//1501 2132//1501 2131//1501
f 2124//1502 2125//1502 2133//1502 2132//1502
f 2125//1503 2126//1503 2134//1503 2133//1503
f 2126//1504 2127//1504 2135//1504 2134//1504
f 2127//1505 2128//1505 2136//1505 2135//1505
f 2128//1506 2121//1506 2129//1506 2136//1506
o pine_needle.073
v 0.028754 1.462963 0.190359
v -0.003772 1.459166 0.154890
v -0.032068 1.454124 0.118081
v -0.060094 1.444670 0.066349
v -0.077673 1.436297 0.025537
v -0.047360 1.439924 0.058895
v -0.011529 1.446469 0.106057
v 0.010195 1.453961 0.146714
v 0.026853 1.453539 0.193112
v -0.005673 1.449742 0.157642
v -0.033969 1.444700 0.120833
v -0.061995 1.435246 0.069102
v -0.079574 1.426873 0.028289
v -0.049261 1.430500 0.061647
v -0.013431 1.437045 0.108809
v 0.008293 1.444537 0.149466
vn -0.1901 -0.9424 0.2752
vn 0.1901 0.9424 -0.2752
vn -0.7141 0.3251 0.6200
vn -0.7725 0.3166 0.5505
vn -0.8618 0.2945 0.4131
vn -0.9015 0.2786 0.3312
vn 0.7173 -0.3248 -0.6165
vn 0.7761 -0.3160 -0.5458
vn 0.8646 -0.2935 -0.4079
vn 0.9034 -0.2777 -0.3268
s 0
usemtl PineNeedleDeep
f 2137//1507 2138//1507 2139//1507 2140//1507 2141//1507 2142//1507 2143//1507 2144//1507
f 2152//1508 2151//1508 2150//1508 2149//1508 2148//1508 2147//1508 2146//1508 2145//1508
f 2137//1509 2138//1509 2146//1509 2145//1509
f 2138//1510 2139//1510 2147//1510 2146//1510
f 2139//1511 2140//1511 2148//1511 2147//1511
f 2140//1512 2141//1512 2149//1512 2148//1512
f 2141//1513 2142//1513 2150//1513 2149//1513
f 2142//1514 2143//1514 2151//1514 2150//1514
f 2143//1515 2144//1515 2152//1515 2151//1515
f 2144//1516 2137//1516 2145//1516 2152//1516
o pine_needle.074
v 0.119424 1.738385 0.145635
v 0.144508 1.727781 0.193639
v 0.165119 1.714042 0.240864
v 0.182424 1.688853 0.301653
v 0.191577 1.666712 0.347459
v 0.168261 1.676823 0.302444
v 0.142274 1.694638 0.242140
v 0.128974 1.714586 0.194507
v 0.125065 1.731449 0.141155
v 0.150149 1.720845 0.189159
v 0.170760 1.707106 0.236384
v 0.188066 1.681917 0.297173
v 0.197218 1.659776 0.342979
v 0.173902 1.669887 0.297964
v 0.147916 1.687702 0.237660
v 0.134615 1.707650 0.190027
vn 0.5641 -0.6936 -0.4480
vn -0.5641 0.6936 0.4480
vn 0.6894 0.6943 -0.2068
vn 0.7296 0.6727 -0.1227
vn 0.7855 0.6180 0.0324
vn 0.8065 0.5792 0.1188
vn -0.6916 -0.6933 0.2025
vn -0.7321 -0.6711 0.1172
vn -0.7871 -0.6156 -0.0380
vn -0.8074 -0.5770 -0.1232
s 0
usemtl PineNeedleDeep
f 2153//1517 2154//1517 2155//1517 2156//1517 2157//1517 2158//1517 2159//1517 2160//1517
f 2168//1518 2167//1518 2166//1518 2165//1518 2164//1518 2163//1518 2162//1518 2161//1518
f 2153//1519 2154//1519 2162//1519 2161//1519
f 2154//1520 2155//1520 2163//1520 2162//1520
f 2155//1521 2156//1521 2164//1521 2163//1521
f 2156//1522 2157//1522 2165//1522 2164//1522
f 2157//1523 2158//1523 2166//1523 2165//1523
f 2158//1524 2159//1524 2167//1524 2166//1524
f 2159//1525 2160//1525 2168//1525 2167//1525
f 2160//1526 2153//1526 2161//1526 2168//1526
o pine_needle.075
v 0.173579 1.586685 0.274404
v 0.182004 1.569421 0.216152
v 0.193598 1.552980 0.159863
v 0.216023 1.533049 0.089715
v 0.236081 1.518550 0.037831
v 0.228013 1.534712 0.092404
v 0.212937 1.555661 0.164200
v 0.195155 1.571244 0.219101
v 0.174246 1.577145 0.277328
v 0.182671 1.559881 0.219076
v 0.194265 1.543440 0.162787
v 0.216690 1.523509 0.092639
v 0.236748 1.509010 0.040754
v 0.228680 1.525172 0.095328
v 0.213604 1.546122 0.167124
v 0.195822 1.561704 0.222025
vn 0.0667 -0.9540 0.2924
vn -0.0667 0.9540 -0.2924
vn -0.9883 -0.1035 -0.1123
vn -0.9787 -0.1195 -0.1667
vn -0.9535 -0.1473 -0.2630
vn -0.9348 -0.1622 -0.3160
vn 0.9879 0.1044 0.1151
vn 0.9780 0.1205 0.1702
vn 0.9524 0.1482 0.2664
vn 0.9337 0.1630 0.3188
s 0
usemtl PineNeedleDeep
f 2169//1527 2170//1527 2171//1527 2172//1527 2173//1527 2174//1527 2175//1527 2176//1527
f 2184//1528 2183//1528 2182//1528 2181//1528 2180//1528 2179//1528 2178//1528 2177//1528
f 2169//1529 2170//1529 2178//1529 2177//1529
f 2170//1530 2171//1530 2179//1530 2178//1530
f 2171//1531 2172//1531 2180//1531 2179//1531
f 2172//1532 2173//1532 2181//1532 2180//1532
f 2173//1533 2174//1533 2182//1533 2181//1533
f 2174//1534 2175//1534 2183//1534 2182//1534
f 2175//1535 2176//1535 2184//1535 2183//1535
f 2176//1536 2169//1536 2177//1536 2184//1536
o pine_needle.076
v -0.001472 1.653337 0.212651
v -0.040159 1.644432 0.225335
v -0.078785 1.637727 0.234003
v -0.129790 1.633760 0.236514
v -0.168764 1.632737 0.234763
v -0.132457 1.640983 0.223062
v -0.083087 1.649377 0.212306
v -0.043085 1.652354 0.210581
v -0.001027 1.644572 0.207857
v -0.039714 1.635667 0.220541
v -0.078339 1.628962 0.229208
v -0.129344 1.624996 0.231720
v -0.168319 1.623972 0.229969
v -0.132012 1.632219 0.218268
v -0.082642 1.640612 0.207511
v -0.042639 1.643589 0.205787
vn 0.0446 -0.8764 -0.4794
vn -0.0446 0.8764 0.4794
vn 0.3692 -0.4315 0.8231
vn 0.2693 -0.4516 0.8506
vn 0.0801 -0.4752 0.8762
vn -0.0267 -0.4808 0.8764
vn -0.3641 0.4327 -0.8248
vn -0.2626 0.4528 -0.8521
vn -0.0732 0.4758 -0.8765
vn 0.0322 0.4809 -0.8762
s 0
usemtl PineNeedleDeep
f 2185//1537 2186//1537 2187//1537 2188//1537 2189//1537 2190//1537 2191//1537 2192//1537
f 2200//1538 2199//1538 2198//1538 2197//1538 2196//1538 2195//1538 2194//1538 2193//1538
f 2185//1539 2186//1539 2194//1539 2193//1539
f 2186//1540 2187//1540 2195//1540 2194//1540
f 2187//1541 2188//1541 2196//1541 2195//1541
f 2188//1542 2189//1542 2197//1542 2196//1542
f 2189//1543 2190//1543 2198//1543 2197//1543
f 2190//1544 2191//1544 2199//1544 2198//1544
f 2191//1545 2192//1545 2200//1545 2199//1545
f 2192//1546 2185//1546 2193//1546 2200//1546
o pine_tip_needle.032
v 0.269298 1.484918 0.339324
v 0.309547 1.476805 0.344332
v 0.348325 1.470473 0.352230
v 0.396389 1.466064 0.369138
v 0.431825 1.464318 0.384719
v 0.394123 1.471843 0.379872
v 0.344671 1.479794 0.369544
v 0.307062 1.483143 0.356106
v 0.267004 1.476154 0.343558
v 0.307253 1.468041 0.348566
v 0.346032 1.461709 0.356463
v 0.394096 1.457300 0.373372
v 0.429531 1.455554 0.388953
v 0.391830 1.463078 0.384106
v 0.342377 1.471029 0.373778
v 0.304768 1.474379 0.360340
vn -0.2293 -0.8764 0.4234
vn 0.2293 0.8764 -0.4234
vn 0.0231 -0.4398 -0.8978
vn 0.1058 -0.4548 -0.8843
vn 0.2533 -0.4737 -0.8435
vn 0.3333 -0.4794 -0.8118
vn -0.0274 0.4406 0.8973
vn -0.1112 0.4557 0.8832
vn -0.2585 0.4742 0.8416
vn -0.3374 0.4796 0.8100
s 0
usemtl PineNeedleSun
f 2201//1547 2202//1547 2203//1547 2204//1547 2205//1547 2206//1547 2207//1547 2208//1547
f 2216//1548 2215//1548 2214//1548 2213//1548 2212//1548 2211//1548 2210//1548 2209//1548
f 2201//1549 2202//1549 2210//1549 2209//1549
f 2202//1550 2203//1550 2211//1550 2210//1550
f 2203//1551 2204//1551 2212//1551 2211//1551
f 2204//1552 2205//1552 2213//1552 2212//1552
f 2205//1553 2206//1553 2214//1553 2213//1553
f 2206//1554 2207//1554 2215//1554 2214//1554
f 2207//1555 2208//1555 2216//1555 2215//1555
f 2208//1556 2201//1556 2209//1556 2216//1556
o pine_tip_needle.033
v 0.305218 1.612209 0.364541
v 0.264782 1.608412 0.338448
v 0.228098 1.603370 0.309988
v 0.187904 1.593915 0.267024
v 0.160577 1.585542 0.231982
v 0.198339 1.589169 0.256592
v 0.244929 1.595715 0.293163
v 0.276227 1.603206 0.327006
v 0.304075 1.602785 0.367685
v 0.263638 1.598988 0.341591
v 0.226954 1.593946 0.313132
v 0.186760 1.584491 0.270168
v 0.159433 1.576119 0.235126
v 0.197196 1.579745 0.259736
v 0.243786 1.586291 0.296306
v 0.275083 1.593782 0.330150
vn -0.1144 -0.9424 0.3144
vn 0.1144 0.9424 -0.3144
vn -0.5341 0.3251 0.7804
vn -0.6082 0.3166 0.7279
vn -0.7293 0.2945 0.6175
vn -0.7885 0.2786 0.5483
vn 0.5381 -0.3248 -0.7778
vn 0.6129 -0.3160 -0.7243
vn 0.7334 -0.2935 -0.6132
vn 0.7914 -0.2777 -0.5446
s 0
usemtl PineNeedleSun
f 2217//1557 2218//1557 2219//1557 2220//1557 2221//1557 2222//1557 2223//1557 2224//1557
f 2232//1558 2231//1558 2230//1558 2229//1558 2228//1558 2227//1558 2226//1558 2225//1558
f 2217//1559 2218//1559 2226//1559 2225//1559
f 2218//1560 2219//1560 2227//1560 2226//1560
f 2219//1561 2220//1561 2228//1561 2227//1561
f 2220//1562 2221//1562 2229//1562 2228//1562
f 2221//1563 2222//1563 2230//1563 2229//1563
f 2222//1564 2223//1564 2231//1564 2230//1564
f 2223//1565 2224//1565 2232//1565 2231//1565
f 2224//1566 2217//1566 2225//1566 2232//1566
o pine_bough.014
v 0.013046 1.693254 -0.009431
v 0.532565 1.498389 -0.186392
v 0.002167 1.684305 -0.032888
v 0.528758 1.495257 -0.194602
v -0.008798 1.661643 -0.043606
v 0.524920 1.487325 -0.198353
v -0.014719 1.635873 -0.036570
v 0.522848 1.478305 -0.195890
v -0.012825 1.619053 -0.015072
v 0.523511 1.472418 -0.188366
v -0.004003 1.619053 0.010828
v 0.526598 1.472418 -0.179301
v 0.007620 1.635873 0.029012
v 0.530666 1.478305 -0.172937
v 0.016605 1.661643 0.030971
v 0.533811 1.487325 -0.172251
v 0.018748 1.684305 0.015789
v 0.534561 1.495257 -0.177565
vn -0.3452 0.9312 0.1176
vn 0.8015 0.5321 -0.2730
vn -0.5584 0.7557 -0.3422
vn 0.5958 0.3629 -0.7165
vn -0.7733 0.3116 -0.5522
vn 0.3885 -0.0656 -0.9191
vn -0.8893 -0.1935 -0.4143
vn 0.2765 -0.5528 -0.7861
vn -0.8522 -0.5232 0.0070
vn 0.3123 -0.8708 -0.3796
vn -0.6793 -0.5232 0.5146
vn 0.4791 -0.8708 0.1100
vn -0.4515 -0.1935 0.8710
vn 0.6989 -0.5528 0.4538
vn -0.2754 0.3116 0.9094
vn 0.8688 -0.0656 0.4909
vn -0.2334 0.7557 0.6119
vn 0.9093 0.3629 0.2038
vt 1.000000 0.500000
vt 1.000000 1.000000
vt 0.888889 1.000000
vt 0.888889 0.500000
vt 0.777778 1.000000
vt 0.777778 0.500000
vt 0.666667 1.000000
vt 0.666667 0.500000
vt 0.555556 1.000000
vt 0.555556 0.500000
vt 0.444444 1.000000
vt 0.444444 0.500000
vt 0.333333 1.000000
vt 0.333333 0.500000
vt 0.222222 1.000000
vt 0.222222 0.500000
vt 0.404269 0.433851
vt 0.250000 0.490000
vt 0.095731 0.433851
vt 0.013646 0.291676
vt 0.042154 0.130000
vt 0.167915 0.024474
vt 0.332085 0.024474
vt 0.457846 0.130000
vt 0.486354 0.291676
vt 0.111111 1.000000
vt 0.111111 0.500000
vt 0.000000 1.000000
vt 0.000000 0.500000
vt 0.750000 0.490000
vt 0.904269 0.433851
vt 0.986354 0.291676
vt 0.957846 0.130000
vt 0.832085 0.024474
vt 0.667915 0.024474
vt 0.542154 0.130000
vt 0.513646 0.291676
vt 0.595731 0.433851
s 1
usemtl OiledOak
f 2233/959/1567 2234/960/1568 2236/961/1570 2235/962/1569
f 2235/962/1569 2236/961/1570 2238/963/1572 2237/964/1571
f 2237/964/1571 2238/963/1572 2240/965/1574 2239/966/1573
f 2239/966/1573 2240/965/1574 2242/967/1576 2241/968/1575
f 2241/968/1575 2242/967/1576 2244/969/1578 2243/970/1577
f 2243/970/1577 2244/969/1578 2246/971/1580 2245/972/1579
f 2245/972/1579 2246/971/1580 2248/973/1582 2247/974/1581
f 2236/975/1570 2234/976/1568 2250/977/1584 2248/978/1582 2246/979/1580 2244/980/1578 2242/981/1576 2240/982/1574 2238/983/1572
f 2247/974/1581 2248/973/1582 2250/984/1584 2249/985/1583
f 2249/985/1583 2250/984/1584 2234/986/1568 2233/987/1567
f 2233/988/1567 2235/989/1569 2237/990/1571 2239/991/1573 2241/992/1575 2243/993/1577 2245/994/1579 2247/995/1581 2249/996/1583
o pine_needle.077
v 0.411047 1.626393 -0.173082
v 0.445879 1.618280 -0.193862
v 0.481326 1.611948 -0.211458
v 0.529635 1.607539 -0.227651
v 0.567166 1.605793 -0.237132
v 0.534443 1.613317 -0.217790
v 0.489081 1.621268 -0.195553
v 0.451152 1.624618 -0.183046
v 0.411839 1.617629 -0.168332
v 0.446671 1.609516 -0.189112
v 0.482118 1.603184 -0.206709
v 0.530427 1.598774 -0.222902
v 0.567958 1.597029 -0.232382
v 0.535236 1.604553 -0.213040
v 0.489873 1.612504 -0.190803
v 0.451944 1.615853 -0.178296
vn 0.0792 -0.8764 0.4749
vn -0.0792 0.8764 -0.4749
vn -0.5335 -0.4398 -0.7225
vn -0.4599 -0.4548 -0.7627
vn -0.3185 -0.4737 -0.8211
vn -0.2358 -0.4794 -0.8453
vn 0.5297 0.4406 0.7248
vn 0.4549 0.4557 0.7651
vn 0.3132 0.4742 0.8228
vn 0.2315 0.4796 0.8464
s 0
usemtl PineNeedle
f 2251//1585 2252//1585 2253//1585 2254//1585 2255//1585 2256//1585 2257//1585 2258//1585
f 2266//1586 2265//1586 2264//1586 2263//1586 2262//1586 2261//1586 2260//1586 2259//1586
f 2251//1587 2252//1587 2260//1587 2259//1587
f 2252//1588 2253//1588 2261//1588 2260//1588
f 2253//1589 2254//1589 2262//1589 2261//1589
f 2254//1590 2255//1590 2263//1590 2262//1590
f 2255//1591 2256//1591 2264//1591 2263//1591
f 2256//1592 2257//1592 2265//1592 2264//1592
f 2257//1593 2258//1593 2266//1593 2265//1593
f 2258//1594 2251//1594 2259//1594 2266//1594
o pine_needle.078
v 0.300459 1.593209 -0.114479
v 0.254501 1.589412 -0.100204
v 0.209135 1.584370 -0.090325
v 0.150391 1.574916 -0.087061
v 0.105980 1.566543 -0.088583
v 0.149085 1.570170 -0.101758
v 0.207028 1.576715 -0.114031
v 0.253068 1.584206 -0.116324
v 0.302137 1.583785 -0.111585
v 0.256178 1.579988 -0.097310
v 0.210813 1.574946 -0.087431
v 0.152068 1.565492 -0.084167
v 0.107657 1.557119 -0.085689
v 0.150762 1.560746 -0.098864
v 0.208706 1.567291 -0.111137
v 0.254745 1.574782 -0.113430
vn 0.1678 -0.9424 0.2894
vn -0.1678 0.9424 -0.2894
vn 0.2559 0.3251 0.9104
vn 0.1681 0.3166 0.9335
vn 0.0057 0.2945 0.9556
vn -0.0853 0.2786 0.9566
vn -0.2514 -0.3248 -0.9118
vn -0.1623 -0.3160 -0.9348
vn 0.0002 -0.2935 -0.9559
vn 0.0900 -0.2777 -0.9564
s 0
usemtl PineNeedle
f 2267//1595 2268//1595 2269//1595 2270//1595 2271//1595 2272//1595 2273//1595 2274//1595
f 2282//1596 2281//1596 2280//1596 2279//1596 2278//1596 2277//1596 2276//1596 2275//1596
f 2267//1597 2268//1597 2276//1597 2275//1597
f 2268//1598 2269//1598 2277//1598 2276//1598
f 2269//1599 2270//1599 2278//1599 2277//1599
f 2270//1600 2271//1600 2279//1600 2278//1600
f 2271//1601 2272//1601 2280//1601 2279//1601
f 2272//1602 2273//1602 2281//1602 2280//1602
f 2273//1603 2274//1603 2282//1603 2281//1603
f 2274//1604 2267//1604 2275//1604 2282//1604
o pine_needle.079
v 0.285555 1.723949 -0.078793
v 0.338766 1.713345 -0.068689
v 0.388592 1.699606 -0.055561
v 0.447007 1.674418 -0.031426
v 0.488613 1.652276 -0.010190
v 0.438842 1.662387 -0.019826
v 0.375422 1.680202 -0.036852
v 0.329811 1.700150 -0.055967
v 0.285540 1.717013 -0.085996
v 0.338752 1.706409 -0.075893
v 0.388578 1.692670 -0.062765
v 0.446993 1.667482 -0.038629
v 0.488598 1.645340 -0.017394
v 0.438828 1.655451 -0.027029
v 0.375408 1.673267 -0.044055
v 0.329796 1.693214 -0.063170
vn -0.0014 -0.6936 -0.7204
vn 0.0014 0.6936 0.7204
vn 0.2654 0.6943 -0.6690
vn 0.3563 0.6727 -0.6484
vn 0.5127 0.6180 -0.5960
vn 0.5935 0.5792 -0.5589
vn -0.2702 -0.6933 0.6681
vn -0.3622 -0.6711 0.6469
vn -0.5181 -0.6156 0.5938
vn -0.5975 -0.5770 0.5568
s 0
usemtl PineNeedle
f 2283//1605 2284//1605 2285//1605 2286//1605 2287//1605 2288//1605 2289//1605 2290//1605
f 2298//1606 2297//1606 2296//1606 2295//1606 2294//1606 2293//1606 2292//1606 2291//1606
f 2283//1607 2284//1607 2292//1607 2291//1607
f 2284//1608 2285//1608 2293//1608 2292//1608
f 2285//1609 2286//1609 2294//1609 2293//1609
f 2286//1610 2287//1610 2295//1610 2294//1610
f 2287//1611 2288//1611 2296//1611 2295//1611
f 2288//1612 2289//1612 2297//1612 2296//1612
f 2289//1613 2290//1613 2298//1613 2297//1613
f 2290//1614 2283//1614 2291//1614 2298//1614
o pine_needle.080
v 0.279829 1.514591 -0.143084
v 0.263592 1.497326 -0.199658
v 0.251051 1.480886 -0.255743
v 0.242695 1.460955 -0.328913
v 0.239679 1.446456 -0.384458
v 0.254731 1.462617 -0.331385
v 0.270465 1.483567 -0.259730
v 0.276794 1.499150 -0.202369
v 0.281638 1.505051 -0.140692
v 0.265401 1.487787 -0.197266
v 0.252859 1.471346 -0.253351
v 0.244503 1.451415 -0.326521
v 0.241488 1.436916 -0.382066
v 0.256540 1.453078 -0.328993
v 0.272274 1.474028 -0.257338
v 0.278603 1.489610 -0.199977
vn 0.1809 -0.9540 0.2392
vn -0.1809 0.9540 -0.2392
vn -0.9472 -0.1035 0.3034
vn -0.9609 -0.1195 0.2499
vn -0.9774 -0.1473 0.1517
vn -0.9821 -0.1622 0.0957
vn 0.9480 0.1044 -0.3006
vn 0.9616 0.1205 -0.2464
vn 0.9778 0.1482 -0.1482
vn 0.9823 0.1630 -0.0927
s 0
usemtl PineNeedle
f 2299//1615 2300//1615 2301//1615 2302//1615 2303//1615 2304//1615 2305//1615 2306//1615
f 2314//1616 2313//1616 2312//1616 2311//1616 2310//1616 2309//1616 2308//1616 2307//1616
f 2299//1617 2300//1617 2308//1617 2307//1617
f 2300//1618 2301//1618 2309//1618 2308//1618
f 2301//1619 2302//1619 2310//1619 2309//1619
f 2302//1620 2303//1620 2311//1620 2310//1620
f 2303//1621 2304//1621 2312//1621 2311//1621
f 2304//1622 2305//1622 2313//1622 2312//1622
f 2305//1623 2306//1623 2314//1623 2313//1623
f 2306//1624 2299//1624 2307//1624 2314//1624
o pine_needle.081
v 0.276997 1.700097 -0.082080
v 0.246425 1.691192 -0.055192
v 0.214330 1.684487 -0.032020
v 0.168431 1.680520 -0.009635
v 0.131914 1.679497 0.004097
v 0.160684 1.687744 -0.020951
v 0.201835 1.696137 -0.050272
v 0.237928 1.699114 -0.067603
v 0.275519 1.691333 -0.086663
v 0.244948 1.682428 -0.059775
v 0.212853 1.675722 -0.036603
v 0.166954 1.671756 -0.014217
v 0.130436 1.670733 -0.000485
v 0.159206 1.678979 -0.025533
v 0.200357 1.687373 -0.054855
v 0.236451 1.690350 -0.072186
vn -0.1478 -0.8764 -0.4583
vn 0.1478 0.8764 0.4583
vn 0.6634 -0.4315 0.6113
vn 0.5824 -0.4516 0.6759
vn 0.4185 -0.4752 0.7739
vn 0.3204 -0.4808 0.8162
vn -0.6593 0.4327 -0.6149
vn -0.5768 0.4528 -0.6799
vn -0.4123 0.4758 -0.7769
vn -0.3153 0.4809 -0.8181
s 0
usemtl PineNeedle
f 2315//1625 2316//1625 2317//1625 2318//1625 2319//1625 2320//1625 2321//1625 2322//1625
f 2330//1626 2329//1626 2328//1626 2327//1626 2326//1626 2325//1626 2324//1626 2323//1626
f 2315//1627 2316//1627 2324//1627 2323//1627
f 2316//1628 2317//1628 2325//1628 2324//1628
f 2317//1629 2318//1629 2326//1629 2325//1629
f 2318//1630 2319//1630 2327//1630 2326//1630
f 2319//1631 2320//1631 2328//1631 2327//1631
f 2320//1632 2321//1632 2329//1632 2328//1632
f 2321//1633 2322//1633 2330//1633 2329//1633
f 2322//1634 2315//1634 2323//1634 2330//1634
o pine_needle.082
v 0.271467 1.590043 -0.116436
v 0.319726 1.586766 -0.121185
v 0.366256 1.581969 -0.120950
v 0.424006 1.572224 -0.109512
v 0.466617 1.563376 -0.096202
v 0.421411 1.566529 -0.091997
v 0.362071 1.572783 -0.092699
v 0.316880 1.580519 -0.101974
v 0.270512 1.580619 -0.119642
v 0.318771 1.577342 -0.124391
v 0.365300 1.572545 -0.124156
v 0.423050 1.562800 -0.112718
v 0.465662 1.553952 -0.099408
v 0.420456 1.557105 -0.095202
v 0.361116 1.563359 -0.095905
v 0.315925 1.571096 -0.105180
vn -0.0955 -0.9424 -0.3206
vn 0.0955 0.9424 0.3206
vn -0.0705 0.3276 -0.9422
vn 0.0376 0.3184 -0.9472
vn 0.2330 0.2919 -0.9276
vn 0.3379 0.2722 -0.9009
vn 0.0649 -0.3273 0.9427
vn -0.0447 -0.3177 0.9471
vn -0.2399 -0.2908 0.9262
vn -0.3432 -0.2711 0.8993
s 0
usemtl PineNeedle
f 2331//1635 2332//1635 2333//1635 2334//1635 2335//1635 2336//1635 2337//1635 2338//1635
f 2346//1636 2345//1636 2344//1636 2343//1636 2342//1636 2341//1636 2340//1636 2339//1636
f 2331//1637 2332//1637 2340//1637 2339//1637
f 2332//1638 2333//1638 2341//1638 2340//1638
f 2333//1639 2334//1639 2342//1639 2341//1639
f 2334//1640 2335//1640 2343//1640 2342//1640
f 2335//1641 2336//1641 2344//1641 2343//1641
f 2336//1642 2337//1642 2345//1642 2344//1642
f 2337//1643 2338//1643 2346//1643 2345//1643
f 2338//1644 2331//1644 2339//1644 2346//1644
o pine_tip_needle.034
v 0.479247 1.558774 -0.128838
v 0.505293 1.550661 -0.159929
v 0.532968 1.544329 -0.188217
v 0.573251 1.539919 -0.219415
v 0.605567 1.538174 -0.240726
v 0.581038 1.545698 -0.211687
v 0.545529 1.553649 -0.175753
v 0.513834 1.556998 -0.151453
v 0.481559 1.550009 -0.124614
v 0.507605 1.541896 -0.155705
v 0.535280 1.535564 -0.183994
v 0.575563 1.531155 -0.215192
v 0.607878 1.529409 -0.236502
v 0.583350 1.536934 -0.207464
v 0.547841 1.544884 -0.171529
v 0.516146 1.548234 -0.147230
vn 0.2312 -0.8764 0.4224
vn -0.2312 0.8764 -0.4224
vn -0.7416 -0.4398 -0.5065
vn -0.6853 -0.4548 -0.5687
vn -0.5711 -0.4737 -0.6704
vn -0.5010 -0.4794 -0.7205
vn 0.7388 0.4406 0.5099
vn 0.6815 0.4557 0.5726
vn 0.5667 0.4742 0.6738
vn 0.4973 0.4796 0.7230
s 0
usemtl PineNeedleDeep
f 2347//1645 2348//1645 2349//1645 2350//1645 2351//1645 2352//1645 2353//1645 2354//1645
f 2362//1646 2361//1646 2360//1646 2359//1646 2358//1646 2357//1646 2356//1646 2355//1646
f 2347//1647 2348//1647 2356//1647 2355//1647
f 2348//1648 2349//1648 2357//1648 2356//1648
f 2349//1649 2350//1649 2358//1649 2357//1649
f 2350//1650 2351//1650 2359//1650 2358//1650
f 2351//1651 2352//1651 2360//1651 2359//1651
f 2352//1652 2353//1652 2361//1652 2360//1652
f 2353//1653 2354//1653 2362//1653 2361//1653
f 2354//1654 2347//1654 2355//1654 2362//1654
o pine_tip_needle.035
v 0.550304 1.561869 -0.158619
v 0.502283 1.558072 -0.161771
v 0.456391 1.553030 -0.168815
v 0.400382 1.543576 -0.186830
v 0.359470 1.535203 -0.204174
v 0.404433 1.538829 -0.201018
v 0.462924 1.545375 -0.191700
v 0.506725 1.552866 -0.177333
v 0.550832 1.552445 -0.155316
v 0.502811 1.548648 -0.158468
v 0.456920 1.543606 -0.165512
v 0.400911 1.534152 -0.183527
v 0.359998 1.525779 -0.200871
v 0.404961 1.529405 -0.197715
v 0.463452 1.535951 -0.188397
v 0.507253 1.543442 -0.174030
vn 0.0528 -0.9424 0.3303
vn -0.0528 0.9424 -0.3303
vn -0.0875 0.3251 0.9416
vn -0.1778 0.3166 0.9317
vn -0.3373 0.2945 0.8941
vn -0.4226 0.2786 0.8624
vn 0.0923 -0.3248 -0.9413
vn 0.1837 -0.3160 -0.9308
vn 0.3429 -0.2935 -0.8923
vn 0.4269 -0.2777 -0.8606
s 0
usemtl PineNeedleDeep
f 2363//1655 2364//1655 2365//1655 2366//1655 2367//1655 2368//1655 2369//1655 2370//1655
f 2378//1656 2377//1656 2376//1656 2375//1656 2374//1656 2373//1656 2372//1656 2371//1656
f 2363//1657 2364//1657 2372//1657 2371//1657
f 2364//1658 2365//1658 2373//1658 2372//1658
f 2365//1659 2366//1659 2374//1659 2373//1659
f 2366//1660 2367//1660 2375//1660 2374//1660
f 2367//1661 2368//1661 2376//1661 2375//1661
f 2368//1662 2369//1662 2377//1662 2376//1662
f 2369//1663 2370//1663 2378//1663 2377//1663
f 2370//1664 2363//1664 2371//1664 2378//1664
o pine_tip_needle.036
v 0.519411 1.503932 -0.203312
v 0.531731 1.493327 -0.150569
v 0.539914 1.479589 -0.099697
v 0.541512 1.454400 -0.036512
v 0.538952 1.432258 0.010129
v 0.527599 1.442370 -0.039278
v 0.517473 1.460185 -0.104158
v 0.516471 1.480133 -0.153603
v 0.525992 1.496996 -0.206243
v 0.538311 1.486391 -0.153501
v 0.546494 1.472653 -0.102628
v 0.548092 1.447464 -0.039444
v 0.545532 1.425322 0.007198
v 0.534179 1.435434 -0.042210
v 0.524053 1.453249 -0.107090
v 0.523051 1.473197 -0.156534
vn 0.6580 -0.6936 -0.2932
vn -0.6580 0.6936 0.2932
vn 0.7192 0.6943 -0.0284
vn 0.7372 0.6727 0.0631
vn 0.7526 0.6180 0.2273
vn 0.7514 0.5792 0.3162
vn -0.7203 -0.6933 0.0236
vn -0.7382 -0.6711 -0.0691
vn -0.7528 -0.6156 -0.2331
vn -0.7511 -0.5770 -0.3207
s 0
usemtl PineNeedleDeep
f 2379//1665 2380//1665 2381//1665 2382//1665 2383//1665 2384//1665 2385//1665 2386//1665
f 2394//1666 2393//1666 2392//1666 2391//1666 2390//1666 2389//1666 2388//1666 2387//1666
f 2379//1667 2380//1667 2388//1667 2387//1667
f 2380//1668 2381//1668 2389//1668 2388//1668
f 2381//1669 2382//1669 2390//1669 2389//1669
f 2382//1670 2383//1670 2391//1670 2390//1670
f 2383//1671 2384//1671 2392//1671 2391//1671
f 2384//1672 2385//1672 2393//1672 2392//1672
f 2385//1673 2386//1673 2394//1673 2393//1673
f 2386//1674 2379//1674 2387//1674 2394//1674
o pine_bough.015
v 0.005581 1.693283 -0.011452
v -0.010197 1.533399 -0.449375
v -0.020016 1.684326 -0.007815
v -0.019156 1.530264 -0.448102
v -0.033441 1.661648 -0.000458
v -0.023855 1.522327 -0.445528
v -0.028411 1.635859 0.007176
v -0.022095 1.513300 -0.442855
v -0.007281 1.619026 0.011516
v -0.014699 1.507409 -0.441336
v 0.020063 1.619026 0.010531
v -0.005129 1.507409 -0.441681
v 0.040826 1.635859 0.004682
v 0.002138 1.513300 -0.443729
v 0.045293 1.661648 -0.003295
v 0.003702 1.522327 -0.446520
v 0.031374 1.684326 -0.009667
v -0.001170 1.530264 -0.448750
vn 0.0130 0.9322 0.3617
vn -0.0305 0.5295 -0.8477
vn -0.4908 0.7559 0.4332
vn -0.5122 0.3610 -0.7793
vn -0.7550 0.3096 0.5780
vn -0.7648 -0.0657 -0.6409
vn -0.6560 -0.1980 0.7283
vn -0.6702 -0.5510 -0.4972
vn -0.2401 -0.5293 0.8137
vn -0.2726 -0.8678 -0.4156
vn 0.2981 -0.5293 0.7943
vn 0.2420 -0.8678 -0.4341
vn 0.7067 -0.1980 0.6792
vn 0.6327 -0.5510 -0.5442
vn 0.7946 0.3096 0.5222
vn 0.7167 -0.0657 -0.6943
vn 0.5207 0.7559 0.3968
vn 0.4548 0.3610 -0.8142
vt 1.000000 0.500000
vt 1.000000 1.000000
vt 0.888889 1.000000
vt 0.888889 0.500000
vt 0.777778 1.000000
vt 0.777778 0.500000
vt 0.666667 1.000000
vt 0.666667 0.500000
vt 0.555556 1.000000
vt 0.555556 0.500000
vt 0.444444 1.000000
vt 0.444444 0.500000
vt 0.333333 1.000000
vt 0.333333 0.500000
vt 0.222222 1.000000
vt 0.222222 0.500000
vt 0.404269 0.433851
vt 0.250000 0.490000
vt 0.095731 0.433851
vt 0.013646 0.291676
vt 0.042154 0.130000
vt 0.167915 0.024474
vt 0.332085 0.024474
vt 0.457846 0.130000
vt 0.486354 0.291676
vt 0.111111 1.000000
vt 0.111111 0.500000
vt 0.000000 1.000000
vt 0.000000 0.500000
vt 0.750000 0.490000
vt 0.904269 0.433851
vt 0.986354 0.291676
vt 0.957846 0.130000
vt 0.832085 0.024474
vt 0.667915 0.024474
vt 0.542154 0.130000
vt 0.513646 0.291676
vt 0.595731 0.433851
s 1
usemtl OiledOak
f 2395/997/1675 2396/998/1676 2398/999/1678 2397/1000/1677
f 2397/1000/1677 2398/999/1678 2400/1001/1680 2399/1002/1679
f 2399/1002/1679 2400/1001/1680 2402/1003/1682 2401/1004/1681
f 2401/1004/1681 2402/1003/1682 2404/1005/1684 2403/1006/1683
f 2403/1006/1683 2404/1005/1684 2406/1007/1686 2405/1008/1685
f 2405/1008/1685 2406/1007/1686 2408/1009/1688 2407/1010/1687
f 2407/1010/1687 2408/1009/1688 2410/1011/1690 2409/1012/1689
f 2398/1013/1678 2396/1014/1676 2412/1015/1692 2410/1016/1690 2408/1017/1688 2406/1018/1686 2404/1019/1684 2402/1020/1682 2400/1021/1680
f 2409/1012/1689 2410/1011/1690 2412/1022/1692 2411/1023/1691
f 2411/1023/1691 2412/1022/1692 2396/1024/1676 2395/1025/1675
f 2395/1026/1675 2397/1027/1677 2399/1028/1679 2401/1029/1681 2403/1030/1683 2405/1031/1685 2407/1032/1687 2409/1033/1689 2411/1034/1691
o pine_needle.083
v -0.010233 1.567565 -0.186037
v -0.012546 1.559452 -0.226530
v -0.011753 1.553120 -0.266097
v -0.003766 1.548710 -0.316418
v 0.005187 1.546965 -0.354078
v 0.007201 1.554489 -0.316120
v 0.005936 1.562440 -0.265616
v -0.000517 1.565790 -0.226203
v -0.005655 1.558800 -0.184542
v -0.007969 1.550687 -0.225036
v -0.007175 1.544355 -0.264602
v 0.000812 1.539946 -0.314923
v 0.009765 1.538200 -0.352584
v 0.011779 1.545725 -0.314625
v 0.010514 1.553675 -0.264122
v 0.004060 1.557025 -0.224709
vn 0.4577 -0.8764 0.1494
vn -0.4577 0.8764 -0.1494
vn -0.8873 -0.4398 0.1388
vn -0.8889 -0.4548 0.0550
vn -0.8753 -0.4737 -0.0974
vn -0.8585 -0.4794 -0.1819
vn 0.8876 0.4406 -0.1344
vn 0.8887 0.4557 -0.0495
vn 0.8744 0.4742 0.1029
vn 0.8575 0.4796 0.1862
s 0
usemtl PineNeedleSun
f 2413//1693 2414//1693 2415//1693 2416//1693 2417//1693 2418//1693 2419//1693 2420//1693
f 2428//1694 2427//1694 2426//1694 2425//1694 2424//1694 2423//1694 2422//1694 2421//1694
f 2413//1695 2414//1695 2422//1695 2421//1695
f 2414//1696 2415//1696 2423//1696 2422//1696
f 2415//1697 2416//1697 2424//1697 2423//1697
f 2416//1698 2417//1698 2425//1698 2424//1698
f 2417//1699 2418//1699 2426//1699 2425//1699
f 2418//1700 2419//1700 2427//1700 2426//1700
f 2419//1701 2420//1701 2428//1701 2427//1701
f 2420//1702 2413//1702 2421//1702 2428//1702
o pine_needle.084
v -0.065792 1.668720 -0.280117
v -0.078371 1.664923 -0.233665
v -0.094344 1.659881 -0.190070
v -0.123071 1.650427 -0.138725
v -0.148157 1.642054 -0.102047
v -0.136179 1.645681 -0.145499
v -0.115487 1.652226 -0.200996
v -0.092748 1.659717 -0.241095
v -0.062450 1.659296 -0.279982
v -0.075029 1.655499 -0.233530
v -0.091002 1.650457 -0.189936
v -0.119728 1.641003 -0.138591
v -0.144815 1.632630 -0.101912
v -0.132837 1.636257 -0.145365
v -0.112145 1.642802 -0.200862
v -0.089406 1.650293 -0.240960
vn 0.3342 -0.9424 0.0135
vn -0.3342 0.9424 -0.0135
vn 0.9058 0.3251 0.2719
vn 0.8782 0.3166 0.3584
vn 0.8099 0.2945 0.5073
vn 0.7619 0.2786 0.5847
vn -0.9045 -0.3248 -0.2764
vn -0.8762 -0.3160 -0.3640
vn -0.8070 -0.2935 -0.5125
vn -0.7593 -0.2777 -0.5886
s 0
usemtl PineNeedleSun
f 2429//1703 2430//1703 2431//1703 2432//1703 2433//1703 2434//1703 2435//1703 2436//1703
f 2444//1704 2443//1704 2442//1704 2441//1704 2440//1704 2439//1704 2438//1704 2437//1704
f 2429//1705 2430//1705 2438//1705 2437//1705
f 2430//1706 2431//1706 2439//1706 2438//1706
f 2431//1707 2432//1707 2440//1707 2439//1707
f 2432//1708 2433//1708 2441//1708 2440//1708
f 2433//1709 2434//1709 2442//1709 2441//1709
f 2434//1710 2435//1710 2443//1710 2442//1710
f 2435//1711 2436//1711 2444//1711 2443//1711
f 2436//1712 2429//1712 2437//1712 2444//1712
o pine_needle.085
v 0.121919 1.668225 -0.215532
v 0.173181 1.657621 -0.233019
v 0.222992 1.643882 -0.246204
v 0.285707 1.618693 -0.254057
v 0.332372 1.596552 -0.256133
v 0.284334 1.606663 -0.239938
v 0.220777 1.624478 -0.223431
v 0.171675 1.644426 -0.217533
v 0.118350 1.661289 -0.221789
v 0.169612 1.650685 -0.239276
v 0.219423 1.636946 -0.252461
v 0.282138 1.611757 -0.260314
v 0.328803 1.589616 -0.262390
v 0.280764 1.599727 -0.246195
v 0.217208 1.617542 -0.229688
v 0.168106 1.637490 -0.223791
vn -0.3569 -0.6936 -0.6257
vn 0.3569 0.6936 0.6257
vn -0.0995 0.6943 -0.7128
vn -0.0103 0.6727 -0.7398
vn 0.1516 0.6180 -0.7715
vn 0.2402 0.5792 -0.7790
vn 0.0949 -0.6933 0.7144
vn 0.0044 -0.6711 0.7414
vn -0.1574 -0.6156 0.7722
vn -0.2447 -0.5770 0.7792
s 0
usemtl PineNeedleSun
f 2445//1713 2446//1713 2447//1713 2448//1713 2449//1713 2450//1713 2451//1713 2452//1713
f 2460//1714 2459//1714 2458//1714 2457//1714 2456//1714 2455//1714 2454//1714 2453//1714
f 2445//1715 2446//1715 2454//1715 2453//1715
f 2446//1716 2447//1716 2455//1716 2454//1716
f 2447//1717 2448//1717 2456//1717 2455//1717
f 2448//1718 2449//1718 2457//1718 2456//1718
f 2449//1719 2450//1719 2458//1719 2457//1719
f 2450//1720 2451//1720 2459//1720 2458//1720
f 2451//1721 2452//1721 2460//1721 2459//1721
f 2452//1722 2445//1722 2453//1722 2460//1722
o pine_needle.086
v -0.008338 1.596981 -0.166839
v -0.042947 1.579717 -0.214447
v -0.073918 1.563276 -0.262859
v -0.106799 1.543345 -0.328756
v -0.128633 1.528846 -0.379919
v -0.096334 1.545008 -0.335196
v -0.057038 1.565958 -0.273245
v -0.031469 1.581540 -0.221510
v -0.005820 1.587441 -0.165210
v -0.040430 1.570177 -0.212818
v -0.071400 1.553736 -0.261230
v -0.104281 1.533805 -0.327127
v -0.126115 1.519306 -0.378290
v -0.093816 1.535468 -0.333567
v -0.054520 1.556418 -0.271616
v -0.028951 1.572001 -0.219881
vn 0.2518 -0.9540 0.1629
vn -0.2518 0.9540 -0.1629
vn -0.7863 -0.1035 0.6091
vn -0.8174 -0.1195 0.5635
vn -0.8665 -0.1473 0.4769
vn -0.8901 -0.1622 0.4258
vn 0.7880 0.1044 -0.6068
vn 0.8193 0.1205 -0.5605
vn 0.8681 0.1482 -0.4737
vn 0.8913 0.1630 -0.4231
s 0
usemtl PineNeedleSun
f 2461//1723 2462//1723 2463//1723 2464//1723 2465//1723 2466//1723 2467//1723 2468//1723
f 2476//1724 2475//1724 2474//1724 2473//1724 2472//1724 2471//1724 2470//1724 2469//1724
f 2461//1725 2462//1725 2470//1725 2469//1725
f 2462//1726 2463//1726 2471//1726 2470//1726
f 2463//1727 2464//1727 2472//1727 2471//1727
f 2464//1728 2465//1728 2473//1728 2472//1728
f 2465//1729 2466//1729 2474//1729 2473//1729
f 2466//1730 2467//1730 2475//1730 2474//1730
f 2467//1731 2468//1731 2476//1731 2475//1731
f 2468//1732 2461//1732 2469//1732 2476//1732
o pine_needle.087
v 0.026690 1.704293 -0.273320
v 0.022716 1.695388 -0.232801
v 0.015091 1.688683 -0.193956
v -0.003155 1.684717 -0.146260
v -0.020457 1.683693 -0.111293
v -0.016543 1.691940 -0.149237
v -0.006501 1.700333 -0.198758
v 0.008033 1.703310 -0.236066
v 0.022481 1.695529 -0.275659
v 0.018507 1.686624 -0.235140
v 0.010882 1.679919 -0.196295
v -0.007364 1.675952 -0.148599
v -0.024666 1.674929 -0.113632
v -0.020751 1.683175 -0.151576
v -0.010710 1.691569 -0.201097
v 0.003824 1.694546 -0.238405
vn -0.4209 -0.8764 -0.2339
vn 0.4209 0.8764 0.2339
vn 0.9021 -0.4315 -0.0064
vn 0.8870 -0.4516 0.0962
vn 0.8342 -0.4752 0.2796
vn 0.7914 -0.4808 0.3775
vn -0.9016 0.4327 0.0010
vn -0.8857 0.4528 -0.1029
vn -0.8318 0.4758 -0.2861
vn -0.7890 0.4809 -0.3824
s 0
usemtl PineNeedleSun
f 2477//1733 2478//1733 2479//1733 2480//1733 2481//1733 2482//1733 2483//1733 2484//1733
f 2492//1734 2491//1734 2490//1734 2489//1734 2488//1734 2487//1734 2486//1734 2485//1734
f 2477//1735 2478//1735 2486//1735 2485//1735
f 2478//1736 2479//1736 2487//1736 2486//1736
f 2479//1737 2480//1737 2488//1737 2487//1737
f 2480//1738 2481//1738 2489//1738 2488//1738
f 2481//1739 2482//1739 2490//1739 2489//1739
f 2482//1740 2483//1740 2491//1740 2490//1740
f 2483//1741 2484//1741 2492//1741 2491//1741
f 2484//1742 2477//1742 2485//1742 2492//1742
o pine_tip_needle.037
v -0.013000 1.593726 -0.348511
v -0.009872 1.585613 -0.388950
v -0.003788 1.579281 -0.428054
v 0.010864 1.574872 -0.476852
v 0.024779 1.573126 -0.512975
v 0.021693 1.580650 -0.475089
v 0.013677 1.588601 -0.425209
v 0.002005 1.591951 -0.387015
v -0.008664 1.584962 -0.346417
v -0.005535 1.576849 -0.386856
v 0.000548 1.570516 -0.425960
v 0.015200 1.566107 -0.474759
v 0.029115 1.564362 -0.510881
v 0.026029 1.571886 -0.472995
v 0.018013 1.579837 -0.423115
v 0.006341 1.583186 -0.384921
vn 0.4336 -0.8764 0.2094
vn -0.4336 0.8764 -0.2094
vn -0.8979 -0.4398 0.0188
vn -0.8882 -0.4548 -0.0645
vn -0.8543 -0.4737 -0.2137
vn -0.8265 -0.4794 -0.2952
vn 0.8976 0.4406 -0.0144
vn 0.8874 0.4557 0.0699
vn 0.8527 0.4742 0.2190
vn 0.8249 0.4796 0.2993
s 0
usemtl PineNeedle
f 2493//1743 2494//1743 2495//1743 2496//1743 2497//1743 2498//1743 2499//1743 2500//1743
f 2508//1744 2507//1744 2506//1744 2505//1744 2504//1744 2503//1744 2502//1744 2501//1744
f 2493//1745 2494//1745 2502//1745 2501//1745
f 2494//1746 2495//1746 2503//1746 2502//1746
f 2495//1747 2496//1747 2504//1747 2503//1747
f 2496//1748 2497//1748 2505//1748 2504//1748
f 2497//1749 2498//1749 2506//1749 2505//1749
f 2498//1750 2499//1750 2507//1750 2506//1750
f 2499//1751 2500//1751 2508//1751 2507//1751
f 2500//1752 2493//1752 2501//1752 2508//1752
o pine_tip_needle.038
v -0.006106 1.492653 -0.400839
v -0.052553 1.488856 -0.388242
v -0.098247 1.483814 -0.380018
v -0.157071 1.474360 -0.378889
v -0.201398 1.465987 -0.382023
v -0.157843 1.469614 -0.393624
v -0.099492 1.476159 -0.403785
v -0.053399 1.483651 -0.404404
v -0.004535 1.483230 -0.397886
v -0.050982 1.479432 -0.385289
v -0.096676 1.474391 -0.377065
v -0.155500 1.464936 -0.375936
v -0.199826 1.456563 -0.379070
v -0.156272 1.460190 -0.390671
v -0.097921 1.466735 -0.400831
v -0.051828 1.474227 -0.401451
vn 0.1571 -0.9424 0.2953
vn -0.1571 0.9424 -0.2953
vn 0.2227 0.3251 0.9191
vn 0.1341 0.3166 0.9390
vn -0.0290 0.2945 0.9552
vn -0.1200 0.2786 0.9529
vn -0.2181 -0.3248 -0.9203
vn -0.1282 -0.3160 -0.9401
vn 0.0349 -0.2935 -0.9553
vn 0.1247 -0.2777 -0.9525
s 0
usemtl PineNeedle
f 2509//1753 2510//1753 2511//1753 2512//1753 2513//1753 2514//1753 2515//1753 2516//1753
f 2524//1754 2523//1754 2522//1754 2521//1754 2520//1754 2519//1754 2518//1754 2517//1754
f 2509//1755 2510//1755 2518//1755 2517//1755
f 2510//1756 2511//1756 2519//1756 2518//1756
f 2511//1757 2512//1757 2520//1757 2519//1757
f 2512//1758 2513//1758 2521//1758 2520//1758
f 2513//1759 2514//1759 2522//1759 2521//1759
f 2514//1760 2515//1760 2523//1760 2522//1760
f 2515//1761 2516//1761 2524//1761 2523//1761
f 2516//1762 2509//1762 2517//1762 2524//1762
o pine_bough.016
v -0.012465 1.989293 0.009679
v -0.397437 1.833336 0.167242
v -0.001328 1.981270 0.030124
v -0.393106 1.830216 0.175193
v 0.009341 1.960955 0.039062
v -0.388957 1.822316 0.178669
v 0.014550 1.937853 0.032309
v -0.386931 1.813332 0.176043
v 0.011862 1.922775 0.013027
v -0.387976 1.807468 0.168544
v 0.002534 1.922775 -0.009764
v -0.391604 1.807468 0.159681
v -0.009069 1.937853 -0.025398
v -0.396116 1.813332 0.153601
v -0.017517 1.960955 -0.026561
v -0.399402 1.822316 0.153149
v -0.018858 1.981270 -0.012708
v -0.399923 1.830216 0.158536
vn 0.3245 0.9365 -0.1328
vn -0.7909 0.5193 0.3237
vn 0.5675 0.7615 0.3133
vn -0.5574 0.3511 0.7523
vn 0.8002 0.3182 0.5083
vn -0.3338 -0.0748 0.9397
vn 0.9139 -0.1858 0.3609
vn -0.2246 -0.5591 0.7981
vn 0.8552 -0.5148 -0.0598
vn -0.2809 -0.8752 0.3939
vn 0.6517 -0.5148 -0.5570
vn -0.4765 -0.8752 -0.0839
vn 0.3986 -0.1858 -0.8981
vn -0.7197 -0.5591 -0.4116
vn 0.2143 0.3182 -0.9235
vn -0.8968 -0.0748 -0.4360
vn 0.1850 0.7615 -0.6212
vn -0.9249 0.3511 -0.1456
vt 1.000000 0.500000
vt 1.000000 1.000000
vt 0.888889 1.000000
vt 0.888889 0.500000
vt 0.777778 1.000000
vt 0.777778 0.500000
vt 0.666667 1.000000
vt 0.666667 0.500000
vt 0.555556 1.000000
vt 0.555556 0.500000
vt 0.444444 1.000000
vt 0.444444 0.500000
vt 0.333333 1.000000
vt 0.333333 0.500000
vt 0.222222 1.000000
vt 0.222222 0.500000
vt 0.404269 0.433851
vt 0.250000 0.490000
vt 0.095731 0.433851
vt 0.013646 0.291676
vt 0.042154 0.130000
vt 0.167915 0.024474
vt 0.332085 0.024474
vt 0.457846 0.130000
vt 0.486354 0.291676
vt 0.111111 1.000000
vt 0.111111 0.500000
vt 0.000000 1.000000
vt 0.000000 0.500000
vt 0.750000 0.490000
vt 0.904269 0.433851
vt 0.986354 0.291676
vt 0.957846 0.130000
vt 0.832085 0.024474
vt 0.667915 0.024474
vt 0.542154 0.130000
vt 0.513646 0.291676
vt 0.595731 0.433851
s 1
usemtl OiledOak
f 2525/1035/1763 2526/1036/1764 2528/1037/1766 2527/1038/1765
f 2527/1038/1765 2528/1037/1766 2530/1039/1768 2529/1040/1767
f 2529/1040/1767 2530/1039/1768 2532/1041/1770 2531/1042/1769
f 2531/1042/1769 2532/1041/1770 2534/1043/1772 2533/1044/1771
f 2533/1044/1771 2534/1043/1772 2536/1045/1774 2535/1046/1773
f 2535/1046/1773 2536/1045/1774 2538/1047/1776 2537/1048/1775
f 2537/1048/1775 2538/1047/1776 2540/1049/1778 2539/1050/1777
f 2528/1051/1766 2526/1052/1764 2542/1053/1780 2540/1054/1778 2538/1055/1776 2536/1056/1774 2534/1057/1772 2532/1058/1770 2530/1059/1768
f 2539/1050/1777 2540/1049/1778 2542/1060/1780 2541/1061/1779
f 2541/1061/1779 2542/1060/1780 2526/1062/1764 2525/1063/1763
f 2525/1064/1763 2527/1065/1765 2529/1066/1767 2531/1067/1769 2533/1068/1771 2535/1069/1773 2537/1070/1775 2539/1071/1777 2541/1072/1779
o pine_needle.088
v -0.229396 1.859303 0.104746
v -0.190842 1.851190 0.092152
v -0.152389 1.844858 0.082798
v -0.101699 1.840448 0.077648
v -0.063001 1.838703 0.076670
v -0.099182 1.846227 0.088326
v -0.148329 1.854178 0.100022
v -0.188081 1.857528 0.103864
v -0.229670 1.850538 0.109554
v -0.191116 1.842425 0.096959
v -0.152663 1.836093 0.087605
v -0.101973 1.831684 0.082455
v -0.063275 1.829938 0.081477
v -0.099456 1.837463 0.093133
v -0.148603 1.845413 0.104829
v -0.188355 1.848763 0.108671
vn -0.0274 -0.8764 0.4807
vn 0.0274 0.8764 -0.4807
vn -0.3612 -0.4398 -0.8223
vn -0.2805 -0.4548 -0.8452
vn -0.1297 -0.4737 -0.8711
vn -0.0438 -0.4794 -0.8765
vn 0.3570 0.4406 0.8237
vn 0.2752 0.4557 0.8465
vn 0.1242 0.4742 0.8716
vn 0.0393 0.4796 0.8766
s 0
usemtl PineNeedleSun
f 2543//1781 2544//1781 2545//1781 2546//1781 2547//1781 2548//1781 2549//1781 2550//1781
f 2558//1782 2557//1782 2556//1782 2555//1782 2554//1782 2553//1782 2552//1782 2551//1782
f 2543//1783 2544//1783 2552//1783 2551//1783
f 2544//1784 2545//1784 2553//1784 2552//1784
f 2545//1785 2546//1785 2554//1785 2553//1785
f 2546//1786 2547//1786 2555//1786 2554//1786
f 2547//1787 2548//1787 2556//1787 2555//1787
f 2548//1788 2549//1788 2557//1788 2556//1788
f 2549//1789 2550//1789 2558//1789 2557//1789
f 2550//1790 2543//1790 2551//1790 2558//1790
o pine_needle.089
v -0.308117 2.057286 0.086703
v -0.337383 2.053488 0.048500
v -0.362318 2.048446 0.009335
v -0.385665 2.038992 -0.044669
v -0.399571 2.030619 -0.086874
v -0.372322 2.034246 -0.050970
v -0.340797 2.040792 -0.000827
v -0.322749 2.048283 0.041589
v -0.310254 2.047862 0.089277
v -0.339520 2.044064 0.051073
v -0.364455 2.039023 0.011909
v -0.387802 2.029568 -0.042095
v -0.401708 2.021195 -0.084301
v -0.374459 2.024822 -0.048396
v -0.342934 2.031368 0.001746
v -0.324886 2.038859 0.044163
vn -0.2137 -0.9424 0.2574
vn 0.2137 0.9424 -0.2574
vn -0.7660 0.3251 0.5545
vn -0.8181 0.3166 0.4801
vn -0.8949 0.2945 0.3353
vn -0.9272 0.2786 0.2502
vn 0.7689 -0.3248 -0.5507
vn 0.8213 -0.3160 -0.4751
vn 0.8972 -0.2935 -0.3299
vn 0.9287 -0.2777 -0.2458
s 0
usemtl PineNeedleSun
f 2559//1791 2560//1791 2561//1791 2562//1791 2563//1791 2564//1791 2565//1791 2566//1791
f 2574//1792 2573//1792 2572//1792 2571//1792 2570//1792 2569//1792 2568//1792 2567//1792
f 2559//1793 2560//1793 2568//1793 2567//1793
f 2560//1794 2561//1794 2569//1794 2568//1794
f 2561//1795 2562//1795 2570//1795 2569//1795
f 2562//1796 2563//1796 2571//1796 2570//1796
f 2563//1797 2564//1797 2572//1797 2571//1797
f 2564//1798 2565//1798 2573//1798 2572//1798
f 2565//1799 2566//1799 2574//1799 2573//1799
f 2566//1800 2559//1800 2567//1800 2574//1800
o pine_needle.090
v -0.175642 1.864455 0.072681
v -0.189949 1.853851 0.124919
v -0.207001 1.840112 0.173542
v -0.235710 1.814923 0.229851
v -0.260190 1.792782 0.269634
v -0.246623 1.802893 0.220788
v -0.224603 1.820708 0.158925
v -0.201918 1.840656 0.114980
v -0.168460 1.857519 0.073240
v -0.182767 1.846915 0.125478
v -0.199819 1.833176 0.174101
v -0.228528 1.807987 0.230410
v -0.253008 1.785846 0.270193
v -0.239441 1.795957 0.221347
v -0.217421 1.813772 0.159484
v -0.194736 1.833720 0.115539
vn 0.7182 -0.6936 0.0559
vn -0.7182 0.6936 -0.0559
vn 0.6458 0.6943 0.3178
vn 0.6180 0.6727 0.4068
vn 0.5533 0.6180 0.5585
vn 0.5099 0.5792 0.6361
vn -0.6445 -0.6933 -0.3225
vn -0.6160 -0.6711 -0.4125
vn -0.5507 -0.6156 -0.5637
vn -0.5075 -0.5770 -0.6399
s 0
usemtl PineNeedleSun
f 2575//1801 2576//1801 2577//1801 2578//1801 2579//1801 2580//1801 2581//1801 2582//1801
f 2590//1802 2589//1802 2588//1802 2587//1802 2586//1802 2585//1802 2584//1802 2583//1802
f 2575//1803 2576//1803 2584//1803 2583//1803
f 2576//1804 2577//1804 2585//1804 2584//1804
f 2577//1805 2578//1805 2586//1805 2585//1805
f 2578//1806 2579//1806 2587//1806 2586//1806
f 2579//1807 2580//1807 2588//1807 2587//1807
f 2580//1808 2581//1808 2589//1808 2588//1808
f 2581//1809 2582//1809 2590//1809 2589//1809
f 2582//1810 2575//1810 2583//1810 2590//1810
o pine_needle.091
v -0.261637 1.975785 0.162597
v -0.228510 1.958521 0.113946
v -0.193397 1.942080 0.068449
v -0.142471 1.922149 0.015250
v -0.101684 1.907650 -0.022575
v -0.132876 1.923812 0.022927
v -0.177921 1.944762 0.080831
v -0.217987 1.960344 0.122365
v -0.262320 1.966245 0.165517
v -0.229193 1.948981 0.116866
v -0.194081 1.932540 0.071369
v -0.143154 1.912609 0.018170
v -0.102367 1.898110 -0.019655
v -0.133559 1.914272 0.025847
v -0.178605 1.935222 0.083751
v -0.218670 1.950805 0.125285
vn -0.0683 -0.9540 0.2920
vn 0.0683 0.9540 -0.2920
vn -0.8388 -0.1035 -0.5344
vn -0.8064 -0.1195 -0.5792
vn -0.7415 -0.1473 -0.6546
vn -0.7014 -0.1622 -0.6941
vn 0.8372 0.1044 0.5368
vn 0.8042 0.1205 0.5820
vn 0.7390 0.1482 0.6572
vn 0.6992 0.1630 0.6961
s 0
usemtl PineNeedleSun
f 2591//1811 2592//1811 2593//1811 2594//1811 2595//1811 2596//1811 2597//1811 2598//1811
f 2606//1812 2605//1812 2604//1812 2603//1812 2602//1812 2601//1812 2600//1812 2599//1812
f 2591//1813 2592//1813 2600//1813 2599//1813
f 2592//1814 2593//1814 2601//1814 2600//1814
f 2593//1815 2594//1815 2602//1815 2601//1815
f 2594//1816 2595//1816 2603//1816 2602//1816
f 2595//1817 2596//1817 2604//1817 2603//1817
f 2596//1818 2597//1818 2605//1818 2604//1818
f 2597//1819 2598//1819 2606//1819 2605//1819
f 2598//1820 2591//1820 2599//1820 2606//1820
o pine_needle.092
v -0.315991 1.932346 0.059521
v -0.347774 1.923441 0.084965
v -0.380908 1.916736 0.106626
v -0.427794 1.912770 0.126862
v -0.464908 1.911746 0.138888
v -0.435009 1.919993 0.115199
v -0.392545 1.928387 0.087815
v -0.355688 1.931363 0.072173
v -0.317255 1.923582 0.054875
v -0.349038 1.914677 0.080318
v -0.382172 1.907972 0.101979
v -0.429058 1.904005 0.122216
v -0.466172 1.902982 0.134242
v -0.436273 1.911229 0.110553
v -0.393809 1.919622 0.083169
v -0.356951 1.922599 0.067527
vn -0.1264 -0.8764 -0.4646
vn 0.1264 0.8764 0.4646
vn 0.6344 -0.4315 0.6414
vn 0.5504 -0.4516 0.7022
vn 0.3822 -0.4752 0.7925
vn 0.2823 -0.4808 0.8302
vn -0.6302 0.4327 -0.6447
vn -0.5447 0.4528 -0.7059
vn -0.3759 0.4758 -0.7952
vn -0.2770 0.4809 -0.8318
s 0
usemtl PineNeedleSun
f 2607//1821 2608//1821 2609//1821 2610//1821 2611//1821 2612//1821 2613//1821 2614//1821
f 2622//1822 2621//1822 2620//1822 2619//1822 2618//1822 2617//1822 2616//1822 2615//1822
f 2607//1823 2608//1823 2616//1823 2615//1823
f 2608//1824 2609//1824 2617//1824 2616//1824
f 2609//1825 2610//1825 2618//1825 2617//1825
f 2610//1826 2611//1826 2619//1826 2618//1826
f 2611//1827 2612//1827 2620//1827 2619//1827
f 2612//1828 2613//1828 2621//1828 2620//1828
f 2613//1829 2614//1829 2622//1829 2621//1829
f 2614//1830 2607//1830 2615//1830 2622//1830
o pine_needle.093
v -0.147196 1.861584 0.110668
v -0.100769 1.858308 0.124669
v -0.057840 1.853511 0.142619
v -0.008807 1.843765 0.175202
v 0.025516 1.834918 0.203747
v -0.017881 1.838070 0.190407
v -0.072475 1.844325 0.167143
v -0.110721 1.852061 0.141346
v -0.146857 1.852160 0.107340
v -0.100431 1.848884 0.121341
v -0.057502 1.844087 0.139291
v -0.008469 1.834342 0.171874
v 0.025854 1.825494 0.200419
v -0.017543 1.828646 0.187079
v -0.072137 1.834901 0.163815
v -0.110382 1.842637 0.138018
vn 0.0338 -0.9424 -0.3328
vn -0.0338 0.9424 0.3328
vn 0.2939 0.3276 -0.8979
vn 0.3957 0.3184 -0.8614
vn 0.5689 0.2919 -0.7688
vn 0.6558 0.2722 -0.7042
vn -0.2993 -0.3273 0.8963
vn -0.4023 -0.3177 0.8586
vn -0.5748 -0.2908 0.7649
vn -0.6600 -0.2711 0.7006
s 0
usemtl PineNeedleSun
f 2623//1831 2624//1831 2625//1831 2626//1831 2627//1831 2628//1831 2629//1831 2630//1831
f 2638//1832 2637//1832 2636//1832 2635//1832 2634//1832 2633//1832 2632//1832 2631//1832
f 2623//1833 2624//1833 2632//1833 2631//1833
f 2624//1834 2625//1834 2633//1834 2632//1834
f 2625//1835 2626//1835 2634//1835 2633//1835
f 2626//1836 2627//1836 2635//1836 2634//1836
f 2627//1837 2628//1837 2636//1837 2635//1837
f 2628//1838 2629//1838 2637//1838 2636//1838
f 2629//1839 2630//1839 2638//1839 2637//1839
f 2630//1840 2623//1840 2631//1840 2638//1840
o pine_tip_needle.039
v -0.339539 1.813059 0.163034
v -0.377841 1.804947 0.149691
v -0.414098 1.798614 0.133831
v -0.457543 1.794205 0.107212
v -0.488919 1.792459 0.084541
v -0.453074 1.799984 0.097192
v -0.406891 1.807935 0.117669
v -0.372940 1.811284 0.138701
v -0.336408 1.804295 0.159376
v -0.374710 1.796182 0.146033
v -0.410967 1.789850 0.130173
v -0.454412 1.785441 0.103554
v -0.485788 1.783695 0.080883
v -0.449944 1.791219 0.093534
v -0.403760 1.799170 0.114011
v -0.369809 1.802520 0.135043
vn 0.3131 -0.8764 -0.3658
vn -0.3131 0.8764 0.3658
vn -0.2110 -0.4398 0.8730
vn -0.2890 -0.4548 0.8424
vn -0.4246 -0.4737 0.7715
vn -0.4963 -0.4794 0.7238
vn 0.2151 0.4406 -0.8715
vn 0.2941 0.4557 -0.8401
vn 0.4294 0.4742 -0.7686
vn 0.4999 0.4796 -0.7212
s 0
usemtl PineNeedleSun
f 2639//1841 2640//1841 2641//1841 2642//1841 2643//1841 2644//1841 2645//1841 2646//1841
f 2654//1842 2653//1842 2652//1842 2651//1842 2650//1842 2649//1842 2648//1842 2647//1842
f 2639//1843 2640//1843 2648//1843 2647//1843
f 2640//1844 2641//1844 2649//1844 2648//1844
f 2641//1845 2642//1845 2650//1845 2649//1845
f 2642//1846 2643//1846 2651//1846 2650//1846
f 2643//1847 2644//1847 2652//1847 2651//1847
f 2644//1848 2645//1848 2653//1848 2652//1848
f 2645//1849 2646//1849 2654//1849 2653//1849
f 2646//1850 2639//1850 2647//1850 2654//1850
o pine_tip_needle.040
v -0.345641 1.883633 0.068292
v -0.345518 1.879836 0.116416
v -0.349424 1.874795 0.162680
v -0.363586 1.865340 0.219785
v -0.378106 1.856967 0.261783
v -0.378017 1.860594 0.216710
v -0.372700 1.867140 0.157720
v -0.361347 1.874631 0.113043
v -0.342381 1.874210 0.067540
v -0.342259 1.870412 0.115664
v -0.346164 1.865371 0.161929
v -0.360326 1.855916 0.219034
v -0.374846 1.847543 0.261031
v -0.374758 1.851170 0.215958
v -0.369441 1.857716 0.156968
v -0.358087 1.865207 0.112291
vn 0.3260 -0.9424 -0.0752
vn -0.3260 0.9424 0.0752
vn 0.9454 0.3251 0.0232
vn 0.9417 0.3166 0.1140
vn 0.9150 0.2945 0.2757
vn 0.8892 0.2786 0.3630
vn -0.9454 -0.3248 -0.0280
vn -0.9412 -0.3160 -0.1199
vn -0.9136 -0.2935 -0.2814
vn -0.8876 -0.2777 -0.3674
s 0
usemtl PineNeedleSun
f 2655//1851 2656//1851 2657//1851 2658//1851 2659//1851 2660//1851 2661//1851 2662//1851
f 2670//1852 2669//1852 2668//1852 2667//1852 2666//1852 2665//1852 2664//1852 2663//1852
f 2655//1853 2656//1853 2664//1853 2663//1853
f 2656//1854 2657//1854 2665//1854 2664//1854
f 2657//1855 2658//1855 2666//1855 2665//1855
f 2658//1856 2659//1856 2667//1856 2666//1856
f 2659//1857 2660//1857 2668//1857 2667//1857
f 2660//1858 2661//1858 2669//1858 2668//1858
f 2661//1859 2662//1859 2670//1859 2669//1859
f 2662//1860 2655//1860 2663//1860 2670//1860
o pine_bough.017
v 0.000693 1.987443 0.011980
v 0.137877 1.797617 0.327378
v 0.020457 1.979853 -0.000597
v 0.145563 1.794665 0.322487
v 0.028062 1.960634 -0.013984
v 0.148520 1.787191 0.317281
v 0.019948 1.938779 -0.021917
v 0.145365 1.778692 0.314196
v -0.000087 1.924514 -0.020684
v 0.137574 1.773144 0.314675
v -0.022669 1.924514 -0.010862
v 0.128792 1.773144 0.318495
v -0.037231 1.938779 0.002953
v 0.123129 1.778692 0.323868
v -0.036960 1.960634 0.014298
v 0.123234 1.787191 0.328279
v -0.021983 1.979853 0.017863
v 0.129059 1.794665 0.329666
vn -0.0855 0.9768 -0.1965
vn 0.3668 0.3928 0.8433
vn 0.3468 0.8108 -0.4716
vn 0.7800 0.2342 0.5804
vn 0.5131 0.3904 -0.7644
vn 0.9389 -0.1676 0.3005
vn 0.3356 -0.0876 -0.9379
vn 0.7693 -0.6245 0.1346
vn -0.1026 -0.3996 -0.9109
vn 0.3505 -0.9227 0.1604
vn -0.5964 -0.3996 -0.6961
vn -0.1216 -0.9227 0.3658
vn -0.9149 -0.0876 -0.3940
vn -0.4260 -0.6245 0.6546
vn -0.9090 0.3904 -0.1458
vn -0.4204 -0.1676 0.8917
vn -0.5814 0.8108 -0.0679
vn -0.1073 0.2342 0.9663
vt 1.000000 0.500000
vt 1.000000 1.000000
vt 0.888889 1.000000
vt 0.888889 0.500000
vt 0.777778 1.000000
vt 0.777778 0.500000
vt 0.666667 1.000000
vt 0.666667 0.500000
vt 0.555556 1.000000
vt 0.555556 0.500000
vt 0.444444 1.000000
vt 0.444444 0.500000
vt 0.333333 1.000000
vt 0.333333 0.500000
vt 0.222222 1.000000
vt 0.222222 0.500000
vt 0.404269 0.433851
vt 0.250000 0.490000
vt 0.095731 0.433851
vt 0.013646 0.291676
vt 0.042154 0.130000
vt 0.167915 0.024474
vt 0.332085 0.024474
vt 0.457846 0.130000
vt 0.486354 0.291676
vt 0.111111 1.000000
vt 0.111111 0.500000
vt 0.000000 1.000000
vt 0.000000 0.500000
vt 0.750000 0.490000
vt 0.904269 0.433851
vt 0.986354 0.291676
vt 0.957846 0.130000
vt 0.832085 0.024474
vt 0.667915 0.024474
vt 0.542154 0.130000
vt 0.513646 0.291676
vt 0.595731 0.433851
s 1
usemtl OiledOak
f 2671/1073/1861 2672/1074/1862 2674/1075/1864 2673/1076/1863
f 2673/1076/1863 2674/1075/1864 2676/1077/1866 2675/1078/1865
f 2675/1078/1865 2676/1077/1866 2678/1079/1868 2677/1080/1867
f 2677/1080/1867 2678/1079/1868 2680/1081/1870 2679/1082/1869
f 2679/1082/1869 2680/1081/1870 2682/1083/1872 2681/1084/1871
f 2681/1084/1871 2682/1083/1872 2684/1085/1874 2683/1086/1873
f 2683/1086/1873 2684/1085/1874 2686/1087/1876 2685/1088/1875
f 2674/1089/1864 2672/1090/1862 2688/1091/1878 2686/1092/1876 2684/1093/1874 2682/1094/1872 2680/1095/1870 2678/1096/1868 2676/1097/1866
f 2685/1088/1875 2686/1087/1876 2688/1098/1878 2687/1099/1877
f 2687/1099/1877 2688/1098/1878 2672/1100/1862 2671/1101/1861
f 2671/1102/1861 2673/1103/1863 2675/1104/1865 2677/1105/1867 2679/1106/1869 2681/1107/1871 2683/1108/1873 2685/1109/1875 2687/1110/1877
o pine_needle.094
v 0.145135 1.887283 0.152744
v 0.177345 1.879170 0.128095
v 0.210532 1.872838 0.106537
v 0.256658 1.868429 0.084893
v 0.292849 1.866683 0.071158
v 0.262569 1.874207 0.094136
v 0.220066 1.882158 0.121444
v 0.183828 1.885508 0.138232
v 0.146468 1.878519 0.157371
v 0.178678 1.870406 0.132721
v 0.211866 1.864074 0.111164
v 0.257991 1.859664 0.089520
v 0.294182 1.857919 0.075785
v 0.263902 1.865443 0.098763
v 0.221399 1.873394 0.126071
v 0.185161 1.876744 0.142859
vn 0.1333 -0.8764 0.4627
vn -0.1333 0.8764 -0.4627
vn -0.6130 -0.4398 -0.6563
vn -0.5445 -0.4548 -0.7047
vn -0.4108 -0.4737 -0.7790
vn -0.3315 -0.4794 -0.8126
vn 0.6096 0.4406 0.6590
vn 0.5399 0.4557 0.7077
vn 0.4058 0.4742 0.7813
vn 0.3274 0.4796 0.8141
s 0
usemtl PineNeedleDeep
f 2689//1879 2690//1879 2691//1879 2692//1879 2693//1879 2694//1879 2695//1879 2696//1879
f 2704//1880 2703//1880 2702//1880 2701//1880 2700//1880 2699//1880 2698//1880 2697//1880
f 2689//1881 2690//1881 2698//1881 2697//1881
f 2690//1882 2691//1882 2699//1882 2698//1882
f 2691//1883 2692//1883 2700//1883 2699//1883
f 2692//1884 2693//1884 2701//1884 2700//1884
f 2693//1885 2694//1885 2702//1885 2701//1885
f 2694//1886 2695//1886 2703//1886 2702//1886
f 2695//1887 2696//1887 2704//1887 2703//1887
f 2696//1888 2689//1888 2697//1888 2704//1888
o pine_needle.095
v 0.056814 2.001670 0.215437
v 0.011762 1.997873 0.198517
v -0.030124 1.992831 0.178488
v -0.078519 1.983377 0.145030
v -0.112658 1.975004 0.116583
v -0.070534 1.978631 0.132621
v -0.017246 1.985176 0.158475
v 0.020520 1.992667 0.184907
v 0.056364 1.992246 0.218751
v 0.011312 1.988449 0.201831
v -0.030575 1.983407 0.181803
v -0.078970 1.973953 0.148344
v -0.113109 1.965580 0.119898
v -0.070985 1.969207 0.135936
v -0.017696 1.975752 0.161789
v 0.020069 1.983243 0.188222
vn -0.0451 -0.9424 0.3315
vn 0.0451 0.9424 -0.3315
vn -0.3564 0.3251 0.8759
vn -0.4399 0.3166 0.8404
vn -0.5817 0.2945 0.7582
vn -0.6542 0.2786 0.7031
vn 0.3608 -0.3248 -0.8743
vn 0.4453 -0.3160 -0.8378
vn 0.5866 -0.2935 -0.7548
vn 0.6578 -0.2777 -0.7001
s 0
usemtl PineNeedleDeep
f 2705//1889 2706//1889 2707//1889 2708//1889 2709//1889 2710//1889 2711//1889 2712//1889
f 2720//1890 2719//1890 2718//1890 2717//1890 2716//1890 2715//1890 2714//1890 2713//1890
f 2705//1891 2706//1891 2714//1891 2713//1891
f 2706//1892 2707//1892 2715//1892 2714//1892
f 2707//1893 2708//1893 2716//1893 2715//1893
f 2708//1894 2709//1894 2717//1894 2716//1894
f 2709//1895 2710//1895 2718//1895 2717//1895
f 2710//1896 2711//1896 2719//1896 2718//1896
f 2711//1897 2712//1897 2720//1897 2719//1897
f 2712//1898 2705//1898 2713//1898 2720//1898
o pine_needle.096
v 0.035641 1.878705 0.107914
v 0.073379 1.868100 0.146765
v 0.106608 1.854362 0.186146
v 0.140539 1.829173 0.239471
v 0.162380 1.807031 0.280761
v 0.127190 1.817143 0.244270
v 0.085077 1.834958 0.193887
v 0.058738 1.854906 0.152029
v 0.039770 1.871769 0.102010
v 0.077508 1.861164 0.140862
v 0.110736 1.847426 0.180242
v 0.144667 1.822237 0.233567
v 0.166509 1.800095 0.274858
v 0.131318 1.810207 0.238367
v 0.089206 1.828022 0.187983
v 0.062867 1.847970 0.146126
vn 0.4128 -0.6936 -0.5903
vn -0.4128 0.6936 0.5903
vn 0.6017 0.6943 -0.3949
vn 0.6643 0.6727 -0.3258
vn 0.7621 0.6180 -0.1931
vn 0.8069 0.5792 -0.1162
vn -0.6051 -0.6933 0.3914
vn -0.6682 -0.6711 0.3212
vn -0.7653 -0.6156 0.1881
vn -0.8090 -0.5770 0.1122
s 0
usemtl PineNeedleDeep
f 2721//1899 2722//1899 2723//1899 2724//1899 2725//1899 2726//1899 2727//1899 2728//1899
f 2736//1900 2735//1900 2734//1900 2733//1900 2732//1900 2731//1900 2730//1900 2729//1900
f 2721//1901 2722//1901 2730//1901 2729//1901
f 2722//1902 2723//1902 2731//1902 2730//1902
f 2723//1903 2724//1903 2732//1903 2731//1903
f 2724//1904 2725//1904 2733//1904 2732//1904
f 2725//1905 2726//1905 2734//1905 2733//1905
f 2726//1906 2727//1906 2735//1906 2734//1906
f 2727//1907 2728//1907 2736//1907 2735//1907
f 2728//1908 2721//1908 2729//1908 2736//1908
o pine_needle.097
v 0.117749 2.085084 0.198023
v 0.091209 2.067820 0.145487
v 0.068391 2.051379 0.092741
v 0.046486 2.031449 0.022429
v 0.033127 2.016949 -0.031570
v 0.057848 2.033111 0.017748
v 0.086716 2.054061 0.085191
v 0.103670 2.069644 0.140353
v 0.119974 2.075545 0.200034
v 0.093434 2.058280 0.147499
v 0.070615 2.041840 0.094752
v 0.048710 2.021909 0.024440
v 0.035351 2.007410 -0.029559
v 0.060072 2.023571 0.019759
v 0.088940 2.044521 0.087202
v 0.105895 2.060104 0.142365
vn 0.2225 -0.9540 0.2011
vn -0.2225 0.9540 -0.2011
vn -0.8737 -0.1035 0.4754
vn -0.8971 -0.1195 0.4253
vn -0.9317 -0.1473 0.3320
vn -0.9468 -0.1622 0.2778
vn 0.8750 0.1044 -0.4728
vn 0.8985 0.1205 -0.4220
vn 0.9328 0.1482 -0.3286
vn 0.9475 0.1630 -0.2750
s 0
usemtl PineNeedleDeep
f 2737//1909 2738//1909 2739//1909 2740//1909 2741//1909 2742//1909 2743//1909 2744//1909
f 2752//1910 2751//1910 2750//1910 2749//1910 2748//1910 2747//1910 2746//1910 2745//1910
f 2737//1911 2738//1911 2746//1911 2745//1911
f 2738//1912 2739//1912 2747//1912 2746//1912
f 2739//1913 2740//1913 2748//1913 2747//1913
f 2740//1914 2741//1914 2749//1914 2748//1914
f 2741//1915 2742//1915 2750//1915 2749//1915
f 2742//1916 2743//1916 2751//1916 2750//1916
f 2743//1917 2744//1917 2752//1917 2751//1917
f 2744//1918 2737//1918 2745//1918 2752//1918
o pine_needle.098
v 0.016073 1.828650 0.157351
v 0.004180 1.819745 0.196288
v -0.010961 1.813040 0.232864
v -0.038262 1.809074 0.276021
v -0.062124 1.808050 0.306886
v -0.050798 1.816297 0.270460
v -0.031181 1.824690 0.223896
v -0.009569 1.827667 0.190190
v 0.012408 1.819886 0.154227
v 0.000516 1.810981 0.193165
v -0.014625 1.804276 0.229741
v -0.041926 1.800309 0.272897
v -0.065789 1.799286 0.303763
v -0.054462 1.807532 0.267337
v -0.034845 1.815926 0.220772
v -0.013234 1.818903 0.187066
vn -0.3664 -0.8764 -0.3124
vn 0.3664 0.8764 0.3124
vn 0.8856 -0.4315 0.1718
vn 0.8506 -0.4516 0.2693
vn 0.7626 -0.4752 0.4388
vn 0.7013 -0.4808 0.5263
vn -0.8840 0.4327 -0.1769
vn -0.8480 0.4528 -0.2756
vn -0.7589 0.4758 -0.4446
vn -0.6980 0.4809 -0.5306
s 0
usemtl PineNeedleDeep
f 2753//1919 2754//1919 2755//1919 2756//1919 2757//1919 2758//1919 2759//1919 2760//1919
f 2768//1920 2767//1920 2766//1920 2765//1920 2764//1920 2763//1920 2762//1920 2761//1920
f 2753//1921 2754//1921 2762//1921 2761//1921
f 2754//1922 2755//1922 2763//1922 2762//1922
f 2755//1923 2756//1923 2764//1923 2763//1923
f 2756//1924 2757//1924 2765//1924 2764//1924
f 2757//1925 2758//1925 2766//1925 2765//1925
f 2758//1926 2759//1926 2767//1926 2766//1926
f 2759//1927 2760//1927 2768//1927 2767//1927
f 2760//1928 2753//1928 2761//1928 2768//1928
o pine_tip_needle.041
v 0.190486 1.866042 0.310900
v 0.149926 1.857929 0.310850
v 0.110473 1.851596 0.307752
v 0.060703 1.847187 0.296845
v 0.023629 1.845442 0.285713
v 0.061640 1.852966 0.285914
v 0.111984 1.860917 0.290121
v 0.150954 1.864266 0.298861
v 0.192244 1.857277 0.306418
v 0.151685 1.849164 0.306367
v 0.112232 1.842832 0.303269
v 0.062462 1.838423 0.292363
v 0.025387 1.836677 0.281230
v 0.063399 1.844201 0.281432
v 0.113743 1.852152 0.285638
v 0.152712 1.855502 0.294378
vn 0.1759 -0.8764 -0.4482
vn -0.1759 0.8764 0.4482
vn 0.0868 -0.4398 0.8939
vn 0.0031 -0.4548 0.8906
vn -0.1483 -0.4737 0.8681
vn -0.2316 -0.4794 0.8465
vn -0.0825 0.4406 -0.8939
vn 0.0024 0.4557 -0.8901
vn 0.1537 0.4742 -0.8669
vn 0.2359 0.4796 -0.8452
s 0
usemtl PineNeedleDeep
f 2769//1929 2770//1929 2771//1929 2772//1929 2773//1929 2774//1929 2775//1929 2776//1929
f 2784//1930 2783//1930 2782//1930 2781//1930 2780//1930 2779//1930 2778//1930 2777//1930
f 2769//1931 2770//1931 2778//1931 2777//1931
f 2770//1932 2771//1932 2779//1932 2778//1932
f 2771//1933 2772//1933 2780//1933 2779//1933
f 2772//1934 2773//1934 2781//1934 2780//1934
f 2773//1935 2774//1935 2782//1935 2781//1935
f 2774//1936 2775//1936 2783//1936 2782//1936
f 2775//1937 2776//1937 2784//1937 2783//1937
f 2776//1938 2769//1938 2777//1938 2784//1938
o pine_tip_needle.042
v 0.133198 1.850053 0.237256
v 0.159567 1.846256 0.277514
v 0.181545 1.841214 0.318411
v 0.200846 1.831760 0.373990
v 0.211601 1.823387 0.417106
v 0.187075 1.827014 0.379289
v 0.159334 1.833559 0.326958
v 0.144463 1.841051 0.283326
v 0.135519 1.840629 0.234847
v 0.161888 1.836832 0.275105
v 0.183866 1.831790 0.316002
v 0.203167 1.822336 0.371581
v 0.213922 1.813963 0.414697
v 0.189396 1.817590 0.376880
v 0.161655 1.824135 0.324549
v 0.146784 1.831627 0.280917
vn 0.2321 -0.9424 -0.2409
vn -0.2321 0.9424 0.2409
vn 0.8048 0.3251 -0.4965
vn 0.8513 0.3166 -0.4184
vn 0.9172 0.2945 -0.2684
vn 0.9432 0.2786 -0.1812
vn -0.8074 -0.3248 0.4925
vn -0.8541 -0.3160 0.4132
vn -0.9191 -0.2935 0.2628
vn -0.9443 -0.2777 0.1766
s 0
usemtl PineNeedleDeep
f 2785//1939 2786//1939 2787//1939 2788//1939 2789//1939 2790//1939 2791//1939 2792//1939
f 2800//1940 2799//1940 2798//1940 2797//1940 2796//1940 2795//1940 2794//1940 2793//1940
f 2785//1941 2786//1941 2794//1941 2793//1941
f 2786//1942 2787//1942 2795//1942 2794//1942
f 2787//1943 2788//1943 2796//1943 2795//1943
f 2788//1944 2789//1944 2797//1944 2796//1944
f 2789//1945 2790//1945 2798//1945 2797//1945
f 2790//1946 2791//1946 2799//1946 2798//1946
f 2791//1947 2792//1947 2800//1947 2799//1947
f 2792//1948 2785//1948 2793//1948 2800//1948
o pine_tip_needle.043
v 0.124690 1.826423 0.359330
v 0.116091 1.815818 0.305854
v 0.111488 1.802080 0.254534
v 0.114314 1.776891 0.191392
v 0.120131 1.754749 0.145045
v 0.128000 1.764861 0.195125
v 0.133562 1.782676 0.260555
v 0.131101 1.802624 0.309948
v 0.117921 1.819487 0.361794
v 0.109322 1.808882 0.308318
v 0.104719 1.795144 0.256998
v 0.107545 1.769955 0.193856
v 0.113362 1.747813 0.147509
v 0.121231 1.757924 0.197589
v 0.126793 1.775740 0.263019
v 0.124332 1.795688 0.312412
vn -0.6769 -0.6936 0.2464
vn 0.6769 0.6936 -0.2464
vn -0.7194 0.6943 -0.0220
vn -0.7310 0.6727 -0.1145
vn -0.7349 0.6180 -0.2794
vn -0.7274 0.5792 -0.3680
vn 0.7202 -0.6933 0.0268
vn 0.7315 -0.6711 0.1205
vn 0.7346 -0.6156 0.2852
vn 0.7268 -0.5770 0.3725
s 0
usemtl PineNeedleDeep
f 2801//1949 2802//1949 2803//1949 2804//1949 2805//1949 2806//1949 2807//1949 2808//1949
f 2816//1950 2815//1950 2814//1950 2813//1950 2812//1950 2811//1950 2810//1950 2809//1950
f 2801//1951 2802//1951 2810//1951 2809//1951
f 2802//1952 2803//1952 2811//1952 2810//1952
f 2803//1953 2804//1953 2812//1953 2811//1953
f 2804//1954 2805//1954 2813//1954 2812//1954
f 2805//1955 2806//1955 2814//1955 2813//1955
f 2806//1956 2807//1956 2815//1956 2814//1956
f 2807//1957 2808//1957 2816//1957 2815//1957
f 2808//1958 2801//1958 2809//1958 2816//1958
o pine_bough.018
v 0.014447 1.988539 -0.010459
v 0.327612 1.833043 -0.137831
v 0.002893 1.980692 -0.030741
v 0.323119 1.829991 -0.145718
v -0.008925 1.960824 -0.039227
v 0.318523 1.822265 -0.149018
v -0.015478 1.938231 -0.031945
v 0.315975 1.813479 -0.146186
v -0.013699 1.923484 -0.012304
v 0.316667 1.807744 -0.138548
v -0.004422 1.923484 0.010507
v 0.320275 1.807744 -0.129677
v 0.008014 1.938231 0.025814
v 0.325111 1.813479 -0.123724
v 0.017789 1.960824 0.026455
v 0.328912 1.822265 -0.123475
v 0.020330 1.980692 0.012129
v 0.329900 1.829991 -0.129046
vn -0.2656 0.9580 0.1080
vn 0.8223 0.4605 -0.3344
vn -0.5186 0.7862 -0.3361
vn 0.5811 0.2967 -0.7579
vn -0.7774 0.3511 -0.5219
vn 0.3343 -0.1181 -0.9350
vn -0.9209 -0.1436 -0.3625
vn 0.1975 -0.5898 -0.7830
vn -0.8819 -0.4665 0.0676
vn 0.2346 -0.8977 -0.3729
vn -0.6788 -0.4665 0.5671
vn 0.4283 -0.8977 0.1033
vn -0.4065 -0.1436 0.9023
vn 0.6880 -0.5898 0.4229
vn -0.1924 0.3511 0.9163
vn 0.8920 -0.1181 0.4362
vn -0.1368 0.7862 0.6027
vn 0.9451 0.2967 0.1372
vt 1.000000 0.500000
vt 1.000000 1.000000
vt 0.888889 1.000000
vt 0.888889 0.500000
vt 0.777778 1.000000
vt 0.777778 0.500000
vt 0.666667 1.000000
vt 0.666667 0.500000
vt 0.555556 1.000000
vt 0.555556 0.500000
vt 0.444444 1.000000
vt 0.444444 0.500000
vt 0.333333 1.000000
vt 0.333333 0.500000
vt 0.222222 1.000000
vt 0.222222 0.500000
vt 0.404269 0.433851
vt 0.250000 0.490000
vt 0.095731 0.433851
vt 0.013646 0.291676
vt 0.042154 0.130000
vt 0.167915 0.024474
vt 0.332085 0.024474
vt 0.457846 0.130000
vt 0.486354 0.291676
vt 0.111111 1.000000
vt 0.111111 0.500000
vt 0.000000 1.000000
vt 0.000000 0.500000
vt 0.750000 0.490000
vt 0.904269 0.433851
vt 0.986354 0.291676
vt 0.957846 0.130000
vt 0.832085 0.024474
vt 0.667915 0.024474
vt 0.542154 0.130000
vt 0.513646 0.291676
vt 0.595731 0.433851
s 1
usemtl OiledOak
f 2817/1111/1959 2818/1112/1960 2820/1113/1962 2819/1114/1961
f 2819/1114/1961 2820/1113/1962 2822/1115/1964 2821/1116/1963
f 2821/1116/1963 2822/1115/1964 2824/1117/1966 2823/1118/1965
f 2823/1118/1965 2824/1117/1966 2826/1119/1968 2825/1120/1967
f 2825/1120/1967 2826/1119/1968 2828/1121/1970 2827/1122/1969
f 2827/1122/1969 2828/1121/1970 2830/1123/1972 2829/1124/1971
f 2829/1124/1971 2830/1123/1972 2832/1125/1974 2831/1126/1973
f 2820/1127/1962 2818/1128/1960 2834/1129/1976 2832/1130/1974 2830/1131/1972 2828/1132/1970 2826/1133/1968 2824/1134/1966 2822/1135/1964
f 2831/1126/1973 2832/1125/1974 2834/1136/1976 2833/1137/1975
f 2833/1137/1975 2834/1136/1976 2818/1138/1960 2817/1139/1959
f 2817/1140/1959 2819/1141/1961 2821/1142/1963 2823/1143/1965 2825/1144/1967 2827/1145/1969 2829/1146/1971 2831/1147/1973 2833/1148/1975
o pine_needle.099
v 0.141333 1.990309 -0.051271
v 0.159414 1.982196 -0.087577
v 0.179732 1.975863 -0.121537
v 0.211633 1.971454 -0.161266
v 0.238090 1.969709 -0.189523
v 0.221007 1.977233 -0.155566
v 0.194852 1.985184 -0.112344
v 0.169695 1.988533 -0.081326
v 0.144565 1.981544 -0.047702
v 0.162646 1.973431 -0.084009
v 0.182965 1.967099 -0.117969
v 0.214865 1.962690 -0.157698
v 0.241323 1.960944 -0.185954
v 0.224240 1.968468 -0.151998
v 0.198085 1.976419 -0.108775
v 0.172928 1.979769 -0.077757
vn 0.3233 -0.8764 0.3568
vn -0.3233 0.8764 -0.3568
vn -0.8393 -0.4398 -0.3197
vn -0.7990 -0.4548 -0.3933
vn -0.7116 -0.4737 -0.5188
vn -0.6552 -0.4794 -0.5839
vn 0.8373 0.4406 0.3236
vn 0.7962 0.4557 0.3980
vn 0.7081 0.4742 0.5231
vn 0.6521 0.4796 0.5871
s 0
usemtl PineNeedle
f 2835//1977 2836//1977 2837//1977 2838//1977 2839//1977 2840//1977 2841//1977 2842//1977
f 2850//1978 2849//1978 2848//1978 2847//1978 2846//1978 2845//1978 2844//1978 2843//1978
f 2835//1979 2836//1979 2844//1979 2843//1979
f 2836//1980 2837//1980 2845//1980 2844//1980
f 2837//1981 2838//1981 2846//1981 2845//1981
f 2838//1982 2839//1982 2847//1982 2846//1982
f 2839//1983 2840//1983 2848//1983 2847//1983
f 2840//1984 2841//1984 2849//1984 2848//1984
f 2841//1985 2842//1985 2850//1985 2849//1985
f 2842//1986 2835//1986 2843//1986 2850//1986
o pine_needle.100
v 0.219970 1.915055 -0.097010
v 0.179827 1.911258 -0.070468
v 0.139026 1.906216 -0.048312
v 0.083531 1.896762 -0.028771
v 0.040462 1.888389 -0.017829
v 0.078172 1.892016 -0.042518
v 0.130382 1.898561 -0.070486
v 0.173949 1.906052 -0.085546
v 0.222389 1.905631 -0.094700
v 0.182246 1.901834 -0.068157
v 0.141445 1.896792 -0.046002
v 0.085950 1.887338 -0.026460
v 0.042881 1.878965 -0.015518
v 0.080591 1.882592 -0.040208
v 0.132801 1.889137 -0.068176
v 0.176368 1.896628 -0.083235
vn 0.2419 -0.9424 0.2310
vn -0.2419 0.9424 -0.2310
vn 0.5000 0.3251 0.8027
vn 0.4221 0.3166 0.8494
vn 0.2724 0.2945 0.9160
vn 0.1853 0.2786 0.9424
vn -0.4960 -0.3248 -0.8053
vn -0.4169 -0.3160 -0.8523
vn -0.2668 -0.2935 -0.9180
vn -0.1807 -0.2777 -0.9435
s 0
usemtl PineNeedle
f 2851//1987 2852//1987 2853//1987 2854//1987 2855//1987 2856//1987 2857//1987 2858//1987
f 2866//1988 2865//1988 2864//1988 2863//1988 2862//1988 2861//1988 2860//1988 2859//1988
f 2851//1989 2852//1989 2860//1989 2859//1989
f 2852//1990 2853//1990 2861//1990 2860//1990
f 2853//1991 2854//1991 2862//1991 2861//1991
f 2854//1992 2855//1992 2863//1992 2862//1992
f 2855//1993 2856//1993 2864//1993 2863//1993
f 2856//1994 2857//1994 2865//1994 2864//1994
f 2857//1995 2858//1995 2866//1995 2865//1995
f 2858//1996 2851//1996 2859//1996 2866//1996
o pine_needle.101
v 0.243701 1.891353 -0.039690
v 0.295130 1.880749 -0.056680
v 0.345066 1.867010 -0.069383
v 0.407854 1.841821 -0.076630
v 0.454537 1.819679 -0.078254
v 0.406344 1.829791 -0.062525
v 0.342631 1.847606 -0.046633
v 0.293474 1.867554 -0.041210
v 0.240192 1.884417 -0.045981
v 0.291621 1.873813 -0.062972
v 0.341557 1.860074 -0.075674
v 0.404345 1.834885 -0.082921
v 0.451028 1.812744 -0.084545
v 0.402835 1.822855 -0.068816
v 0.339122 1.840670 -0.052924
v 0.289965 1.860618 -0.047502
vn -0.3509 -0.6936 -0.6291
vn 0.3509 0.6936 0.6291
vn -0.0926 0.6943 -0.7137
vn -0.0031 0.6727 -0.7399
vn 0.1590 0.6180 -0.7700
vn 0.2477 0.5792 -0.7767
vn 0.0880 -0.6933 0.7153
vn -0.0027 -0.6711 0.7414
vn -0.1648 -0.6156 0.7706
vn -0.2522 -0.5770 0.7768
s 0
usemtl PineNeedle
f 2867//1997 2868//1997 2869//1997 2870//1997 2871//1997 2872//1997 2873//1997 2874//1997
f 2882//1998 2881//1998 2880//1998 2879//1998 2878//1998 2877//1998 2876//1998 2875//1998
f 2867//1999 2868//1999 2876//1999 2875//1999
f 2868//2000 2869//2000 2877//2000 2876//2000
f 2869//2001 2870//2001 2878//2001 2877//2001
f 2870//2002 2871//2002 2879//2002 2878//2002
f 2871//2003 2872//2003 2880//2003 2879//2003
f 2872//2004 2873//2004 2881//2004 2880//2004
f 2873//2005 2874//2005 2882//2005 2881//2005
f 2874//2006 2867//2006 2875//2006 2882//2006
o pine_needle.102
v 0.199453 2.050211 -0.067143
v 0.144825 2.032948 -0.089054
v 0.092852 2.016507 -0.113582
v 0.029961 1.996576 -0.151901
v -0.015738 1.982077 -0.183618
v 0.035399 1.998238 -0.162920
v 0.101622 2.019188 -0.131355
v 0.150789 2.034771 -0.101139
v 0.202451 2.040672 -0.067102
v 0.147823 2.023408 -0.089013
v 0.095850 2.006967 -0.113541
v 0.032959 1.987036 -0.151861
v -0.012740 1.972537 -0.183577
v 0.038397 1.988698 -0.162880
v 0.104621 2.009649 -0.131314
v 0.153788 2.025231 -0.101099
vn 0.2999 -0.9540 0.0041
vn -0.2999 0.9540 -0.0041
vn -0.3419 -0.1035 0.9340
vn -0.3926 -0.1195 0.9119
vn -0.4802 -0.1473 0.8647
vn -0.5274 -0.1622 0.8340
vn 0.3446 0.1044 -0.9329
vn 0.3958 0.1205 -0.9104
vn 0.4833 0.1482 -0.8628
vn 0.5298 0.1630 -0.8323
s 0
usemtl PineNeedle
f 2883//2007 2884//2007 2885//2007 2886//2007 2887//2007 2888//2007 2889//2007 2890//2007
f 2898//2008 2897//2008 2896//2008 2895//2008 2894//2008 2893//2008 2892//2008 2891//2008
f 2883//2009 2884//2009 2892//2009 2891//2009
f 2884//2010 2885//2010 2893//2010 2892//2010
f 2885//2011 2886//2011 2894//2011 2893//2011
f 2886//2012 2887//2012 2895//2012 2894//2012
f 2887//2013 2888//2013 2896//2013 2895//2013
f 2888//2014 2889//2014 2897//2014 2896//2014
f 2889//2015 2890//2015 2898//2015 2897//2015
f 2890//2016 2883//2016 2891//2016 2898//2016
o pine_needle.103
v 0.187375 1.847630 -0.136080
v 0.189194 1.838725 -0.095407
v 0.187162 1.832020 -0.055874
v 0.175872 1.828053 -0.006070
v 0.163711 1.827030 0.031000
v 0.162198 1.835276 -0.007116
v 0.165107 1.843670 -0.057561
v 0.174197 1.846647 -0.096555
v 0.182877 1.838865 -0.137798
v 0.184696 1.829960 -0.097125
v 0.182664 1.823255 -0.057591
v 0.171374 1.819289 -0.007788
v 0.159213 1.818265 0.029282
v 0.157700 1.826512 -0.008834
v 0.160609 1.834906 -0.059279
v 0.169699 1.837883 -0.098272
vn -0.4498 -0.8764 -0.1718
vn 0.4498 0.8764 0.1718
vn 0.8920 -0.4315 -0.1344
vn 0.8917 -0.4516 -0.0308
vn 0.8655 -0.4752 0.1583
vn 0.8370 -0.4808 0.2613
vn -0.8923 0.4327 0.1290
vn -0.8913 0.4528 0.0239
vn -0.8639 0.4758 -0.1651
vn -0.8353 0.4809 -0.2665
s 0
usemtl PineNeedle
f 2899//2017 2900//2017 2901//2017 2902//2017 2903//2017 2904//2017 2905//2017 2906//2017
f 2914//2018 2913//2018 2912//2018 2911//2018 2910//2018 2909//2018 2908//2018 2907//2018
f 2899//2019 2900//2019 2908//2019 2907//2019
f 2900//2020 2901//2020 2909//2020 2908//2020
f 2901//2021 2902//2021 2910//2021 2909//2021
f 2902//2022 2903//2022 2911//2022 2910//2022
f 2903//2023 2904//2023 2912//2023 2911//2023
f 2904//2024 2905//2024 2913//2024 2912//2024
f 2905//2025 2906//2025 2914//2025 2913//2025
f 2906//2026 2899//2026 2907//2026 2914//2026
o pine_needle.104
v 0.185351 2.064966 -0.093328
v 0.225888 2.061689 -0.119940
v 0.267208 2.056892 -0.141335
v 0.323667 2.047147 -0.158017
v 0.367587 2.038299 -0.166012
v 0.329501 2.041452 -0.141299
v 0.276619 2.047706 -0.114371
v 0.232287 2.055443 -0.101604
v 0.183017 2.055542 -0.095724
v 0.223554 2.052265 -0.122336
v 0.264874 2.047468 -0.143731
v 0.321333 2.037723 -0.160412
v 0.365253 2.028875 -0.168407
v 0.327167 2.032028 -0.143695
v 0.274284 2.038282 -0.116766
v 0.229953 2.046019 -0.104000
vn -0.2335 -0.9424 -0.2396
vn 0.2335 0.9424 0.2396
vn -0.4998 0.3276 -0.8017
vn -0.4065 0.3184 -0.8564
vn -0.2243 0.2919 -0.9298
vn -0.1190 0.2722 -0.9549
vn 0.4951 -0.3273 0.8048
vn 0.4002 -0.3177 0.8596
vn 0.2176 -0.2908 0.9317
vn 0.1135 -0.2711 0.9558
s 0
usemtl PineNeedle
f 2915//2027 2916//2027 2917//2027 2918//2027 2919//2027 2920//2027 2921//2027 2922//2027
f 2930//2028 2929//2028 2928//2028 2927//2028 2926//2028 2925//2028 2924//2028 2923//2028
f 2915//2029 2916//2029 2924//2029 2923//2029
f 2916//2030 2917//2030 2925//2030 2924//2030
f 2917//2031 2918//2031 2926//2031 2925//2031
f 2918//2032 2919//2032 2927//2032 2926//2032
f 2919//2033 2920//2033 2928//2033 2927//2033
f 2920//2034 2921//2034 2929//2034 2928//2034
f 2921//2035 2922//2035 2930//2035 2929//2035
f 2922//2036 2915//2036 2923//2036 2930//2036
o pine_tip_needle.044
v 0.323484 1.933936 -0.117010
v 0.287327 1.925823 -0.098632
v 0.250771 1.919491 -0.083472
v 0.201478 1.915082 -0.070581
v 0.163392 1.913336 -0.063660
v 0.197347 1.920861 -0.080745
v 0.244109 1.928812 -0.099865
v 0.282796 1.932161 -0.109779
v 0.323014 1.925172 -0.121802
v 0.286858 1.917059 -0.103424
v 0.250302 1.910727 -0.088264
v 0.201009 1.906318 -0.075374
v 0.162923 1.904572 -0.068452
v 0.196878 1.912096 -0.085537
v 0.243640 1.920047 -0.104657
v 0.282327 1.923397 -0.114572
vn -0.0469 -0.8764 -0.4792
vn 0.0469 0.8764 0.4792
vn 0.4834 -0.4398 0.7569
vn 0.4072 -0.4548 0.7920
vn 0.2622 -0.4737 0.8407
vn 0.1781 -0.4794 0.8593
vn -0.4795 0.4406 -0.7589
vn -0.4022 0.4557 -0.7941
vn -0.2569 0.4742 -0.8421
vn -0.1738 0.4796 -0.8601
s 0
usemtl PineNeedle
f 2931//2037 2932//2037 2933//2037 2934//2037 2935//2037 2936//2037 2937//2037 2938//2037
f 2946//2038 2945//2038 2944//2038 2943//2038 2942//2038 2941//2038 2940//2038 2939//2038
f 2931//2039 2932//2039 2940//2039 2939//2039
f 2932//2040 2933//2040 2941//2040 2940//2040
f 2933//2041 2934//2041 2942//2041 2941//2041
f 2934//2042 2935//2042 2943//2042 2942//2042
f 2935//2043 2936//2043 2944//2043 2943//2043
f 2936//2044 2937//2044 2945//2044 2944//2044
f 2937//2045 2938//2045 2946//2045 2945//2045
f 2938//2046 2931//2046 2939//2046 2946//2046
o pine_tip_needle.045
v 0.258167 1.787552 -0.142383
v 0.306271 1.783755 -0.140964
v 0.352386 1.778713 -0.135579
v 0.409008 1.769259 -0.119595
v 0.450519 1.760886 -0.103737
v 0.405472 1.764513 -0.105270
v 0.346683 1.771058 -0.112473
v 0.302392 1.778550 -0.125252
v 0.257520 1.778129 -0.145665
v 0.305624 1.774331 -0.144246
v 0.351739 1.769289 -0.138861
v 0.408361 1.759835 -0.122877
v 0.449872 1.751462 -0.107019
v 0.404825 1.755089 -0.108551
v 0.346036 1.761634 -0.115755
v 0.301745 1.769126 -0.128534
vn -0.0647 -0.9424 -0.3282
vn 0.0647 0.9424 0.3282
vn 0.0535 0.3251 -0.9442
vn 0.1441 0.3166 -0.9375
vn 0.3049 0.2945 -0.9057
vn 0.3913 0.2786 -0.8771
vn -0.0583 -0.3248 0.9440
vn -0.1500 -0.3160 0.9368
vn -0.3105 -0.2935 0.9041
vn -0.3956 -0.2777 0.8754
s 0
usemtl PineNeedle
f 2947//2047 2948//2047 2949//2047 2950//2047 2951//2047 2952//2047 2953//2047 2954//2047
f 2962//2048 2961//2048 2960//2048 2959//2048 2958//2048 2957//2048 2956//2048 2955//2048
f 2947//2049 2948//2049 2956//2049 2955//2049
f 2948//2050 2949//2050 2957//2050 2956//2050
f 2949//2051 2950//2051 2958//2051 2957//2051
f 2950//2052 2951//2052 2959//2052 2958//2052
f 2951//2053 2952//2053 2960//2053 2959//2053
f 2952//2054 2953//2054 2961//2054 2960//2054
f 2953//2055 2954//2055 2962//2055 2961//2055
f 2954//2056 2947//2056 2955//2056 2962//2056
o pine_bough.019
v 0.000288 1.988490 -0.009794
v -0.167609 1.798024 -0.398070
v -0.019725 1.980655 0.002226
v -0.175392 1.794977 -0.393395
v -0.027921 1.960816 0.014294
v -0.178579 1.787262 -0.388702
v -0.020465 1.938255 0.020763
v -0.175679 1.778488 -0.386187
v -0.000846 1.923530 0.018606
v -0.168050 1.772761 -0.387026
v 0.021757 1.923530 0.008832
v -0.159260 1.772761 -0.390827
v 0.036767 1.938255 -0.003985
v -0.153422 1.778488 -0.395811
v 0.037161 1.960816 -0.013849
v -0.153269 1.787262 -0.399647
v 0.022754 1.980655 -0.016143
v -0.158872 1.794977 -0.400539
vn 0.1146 0.9574 0.2649
vn -0.3519 0.4623 -0.8139
vn -0.3217 0.7866 0.5270
vn -0.7719 0.2979 -0.5617
vn -0.5004 0.3541 0.7900
vn -0.9438 -0.1184 -0.3085
vn -0.3379 -0.1377 0.9311
vn -0.7874 -0.5918 -0.1727
vn 0.0898 -0.4587 0.8840
vn -0.3757 -0.9007 -0.2180
vn 0.5826 -0.4587 0.6710
vn 0.0985 -0.9007 -0.4231
vn 0.9098 -0.1377 0.3915
vn 0.4135 -0.5918 -0.6920
vn 0.9184 0.3541 0.1765
vn 0.4217 -0.1184 -0.8990
vn 0.6043 0.7866 0.1265
vn 0.1195 0.2979 -0.9471
vt 1.000000 0.500000
vt 1.000000 1.000000
vt 0.888889 1.000000
vt 0.888889 0.500000
vt 0.777778 1.000000
vt 0.777778 0.500000
vt 0.666667 1.000000
vt 0.666667 0.500000
vt 0.555556 1.000000
vt 0.555556 0.500000
vt 0.444444 1.000000
vt 0.444444 0.500000
vt 0.333333 1.000000
vt 0.333333 0.500000
vt 0.222222 1.000000
vt 0.222222 0.500000
vt 0.404269 0.433851
vt 0.250000 0.490000
vt 0.095731 0.433851
vt 0.013646 0.291676
vt 0.042154 0.130000
vt 0.167915 0.024474
vt 0.332085 0.024474
vt 0.457846 0.130000
vt 0.486354 0.291676
vt 0.111111 1.000000
vt 0.111111 0.500000
vt 0.000000 1.000000
vt 0.000000 0.500000
vt 0.750000 0.490000
vt 0.904269 0.433851
vt 0.986354 0.291676
vt 0.957846 0.130000
vt 0.832085 0.024474
vt 0.667915 0.024474
vt 0.542154 0.130000
vt 0.513646 0.291676
vt 0.595731 0.433851
s 1
usemtl OiledOak
f 2963/1149/2057 2964/1150/2058 2966/1151/2060 2965/1152/2059
f 2965/1152/2059 2966/1151/2060 2968/1153/2062 2967/1154/2061
f 2967/1154/2061 2968/1153/2062 2970/1155/2064 2969/1156/2063
f 2969/1156/2063 2970/1155/2064 2972/1157/2066 2971/1158/2065
f 2971/1158/2065 2972/1157/2066 2974/1159/2068 2973/1160/2067
f 2973/1160/2067 2974/1159/2068 2976/1161/2070 2975/1162/2069
f 2975/1162/2069 2976/1161/2070 2978/1163/2072 2977/1164/2071
f 2966/1165/2060 2964/1166/2058 2980/1167/2074 2978/1168/2072 2976/1169/2070 2974/1170/2068 2972/1171/2066 2970/1172/2064 2968/1173/2062
f 2977/1164/2071 2978/1163/2072 2980/1174/2074 2979/1175/2073
f 2979/1175/2073 2980/1174/2074 2964/1176/2058 2963/1177/2057
f 2963/1178/2057 2965/1179/2059 2967/1180/2061 2969/1181/2063 2971/1182/2065 2973/1183/2067 2975/1184/2069 2977/1185/2071 2979/1186/2073
o pine_needle.105
v -0.114829 2.002097 -0.169199
v -0.129370 1.993984 -0.207062
v -0.140669 1.987652 -0.244989
v -0.148394 1.983243 -0.295351
v -0.151341 1.981497 -0.333949
v -0.137858 1.989021 -0.298409
v -0.123675 1.996972 -0.249921
v -0.117814 2.000322 -0.210416
v -0.110014 1.993333 -0.169170
v -0.124555 1.985220 -0.207033
v -0.135854 1.978887 -0.244960
v -0.143579 1.974478 -0.295322
v -0.146526 1.972733 -0.333920
v -0.133043 1.980257 -0.298380
v -0.118860 1.988208 -0.249892
v -0.112999 1.991557 -0.210387
vn 0.4815 -0.8764 0.0029
vn -0.4815 0.8764 -0.0029
vn -0.8029 -0.4398 0.4026
vn -0.8299 -0.4548 0.3232
vn -0.8633 -0.4737 0.1739
vn -0.8731 -0.4794 0.0884
vn 0.8044 0.4406 -0.3985
vn 0.8314 0.4557 -0.3179
vn 0.8642 0.4742 -0.1684
vn 0.8735 0.4796 -0.0839
s 0
usemtl PineNeedleSun
f 2981//2075 2982//2075 2983//2075 2984//2075 2985//2075 2986//2075 2987//2075 2988//2075
f 2996//2076 2995//2076 2994//2076 2993//2076 2992//2076 2991//2076 2990//2076 2989//2076
f 2981//2077 2982//2077 2990//2077 2989//2077
f 2982//2078 2983//2078 2991//2078 2990//2078
f 2983//2079 2984//2079 2992//2079 2991//2079
f 2984//2080 2985//2080 2993//2080 2992//2080
f 2985//2081 2986//2081 2994//2081 2993//2081
f 2986//2082 2987//2082 2995//2082 2994//2082
f 2987//2083 2988//2083 2996//2083 2995//2083
f 2988//2084 2981//2084 2989//2084 2996//2084
o pine_needle.106
v -0.135905 1.812227 -0.190116
v -0.128759 1.808430 -0.142525
v -0.125869 1.803389 -0.096186
v -0.131544 1.793934 -0.037626
v -0.139778 1.785561 0.006042
v -0.146270 1.789188 -0.038562
v -0.149620 1.795734 -0.097696
v -0.144910 1.803225 -0.143551
v -0.132790 1.802804 -0.191336
v -0.125644 1.799006 -0.143744
v -0.122754 1.793965 -0.097406
v -0.128429 1.784510 -0.038845
v -0.136663 1.776137 0.004822
v -0.143155 1.779764 -0.039781
v -0.146505 1.786310 -0.098916
v -0.141795 1.793801 -0.144771
vn 0.3115 -0.9424 -0.1220
vn -0.3115 0.9424 0.1220
vn 0.9387 0.3251 -0.1150
vn 0.9482 0.3166 -0.0247
vn 0.9455 0.2945 0.1392
vn 0.9326 0.2786 0.2293
vn -0.9393 -0.3248 0.1103
vn -0.9486 -0.3160 0.0188
vn -0.9449 -0.2935 -0.1450
vn -0.9318 -0.2777 -0.2339
s 0
usemtl PineNeedleSun
f 2997//2085 2998//2085 2999//2085 3000//2085 3001//2085 3002//2085 3003//2085 3004//2085
f 3012//2086 3011//2086 3010//2086 3009//2086 3008//2086 3007//2086 3006//2086 3005//2086
f 2997//2087 2998//2087 3006//2087 3005//2087
f 2998//2088 2999//2088 3007//2088 3006//2088
f 2999//2089 3000//2089 3008//2089 3007//2089
f 3000//2090 3001//2090 3009//2090 3008//2090
f 3001//2091 3002//2091 3010//2091 3009//2091
f 3002//2092 3003//2092 3011//2092 3010//2092
f 3003//2093 3004//2093 3012//2093 3011//2093
f 3004//2094 2997//2094 3005//2094 3012//2094
o pine_needle.107
v -0.037326 1.998913 -0.160777
v -0.015895 1.988309 -0.210519
v 0.007752 1.974570 -0.256299
v 0.044010 1.949381 -0.308069
v 0.073784 1.927239 -0.344062
v 0.053558 1.937351 -0.297577
v 0.023150 1.955166 -0.239376
v -0.005424 1.975114 -0.199012
v -0.044361 1.991977 -0.162329
v -0.022930 1.981373 -0.212071
v 0.000717 1.967634 -0.257851
v 0.036976 1.942445 -0.309621
v 0.066749 1.920303 -0.345614
v 0.046523 1.930415 -0.299129
v 0.016116 1.948230 -0.240928
v -0.012459 1.968178 -0.200564
vn -0.7034 -0.6936 -0.1552
vn 0.7034 0.6936 0.1552
vn -0.5953 0.6943 -0.4045
vn -0.5555 0.6727 -0.4888
vn -0.4703 0.6180 -0.6300
vn -0.4165 0.5792 -0.7008
vn 0.5934 -0.6933 0.4090
vn 0.5527 -0.6711 0.4942
vn 0.4670 -0.6156 0.6348
vn 0.4136 -0.5770 0.7043
s 0
usemtl PineNeedleSun
f 3013//2095 3014//2095 3015//2095 3016//2095 3017//2095 3018//2095 3019//2095 3020//2095
f 3028//2096 3027//2096 3026//2096 3025//2096 3024//2096 3023//2096 3022//2096 3021//2096
f 3013//2097 3014//2097 3022//2097 3021//2097
f 3014//2098 3015//2098 3023//2098 3022//2098
f 3015//2099 3016//2099 3024//2099 3023//2099
f 3016//2100 3017//2100 3025//2100 3024//2100
f 3017//2101 3018//2101 3026//2101 3025//2101
f 3018//2102 3019//2102 3027//2102 3026//2102
f 3019//2103 3020//2103 3028//2103 3027//2103
f 3020//2104 3013//2104 3021//2104 3028//2104
o pine_needle.108
v -0.019265 1.946634 -0.202181
v -0.078122 1.929370 -0.201791
v -0.135512 1.912929 -0.204827
v -0.208227 1.892998 -0.216497
v -0.262530 1.878499 -0.228561
v -0.207363 1.894661 -0.228755
v -0.134119 1.915611 -0.224597
v -0.077175 1.931193 -0.215235
v -0.016474 1.937094 -0.203279
v -0.075331 1.919830 -0.202888
v -0.132721 1.903390 -0.205924
v -0.205436 1.883459 -0.217594
v -0.259739 1.868960 -0.229659
v -0.204572 1.885121 -0.229852
v -0.131328 1.906071 -0.225694
v -0.074384 1.921654 -0.216332
vn 0.2791 -0.9540 -0.1097
vn -0.2791 0.9540 0.1097
vn 0.0370 -0.1035 0.9939
vn -0.0183 -0.1195 0.9927
vn -0.1173 -0.1473 0.9821
vn -0.1725 -0.1622 0.9716
vn -0.0341 0.1044 -0.9940
vn 0.0219 0.1205 -0.9925
vn 0.1208 0.1482 -0.9815
vn 0.1754 0.1630 -0.9709
s 0
usemtl PineNeedleSun
f 3029//2105 3030//2105 3031//2105 3032//2105 3033//2105 3034//2105 3035//2105 3036//2105
f 3044//2106 3043//2106 3042//2106 3041//2106 3040//2106 3039//2106 3038//2106 3037//2106
f 3029//2107 3030//2107 3038//2107 3037//2107
f 3030//2108 3031//2108 3039//2108 3038//2108
f 3031//2109 3032//2109 3040//2109 3039//2109
f 3032//2110 3033//2110 3041//2110 3040//2110
f 3033//2111 3034//2111 3042//2111 3041//2111
f 3034//2112 3035//2112 3043//2112 3042//2112
f 3035//2113 3036//2113 3044//2113 3043//2113
f 3036//2114 3029//2114 3037//2114 3044//2114
o pine_needle.109
v 0.014359 1.868273 -0.210563
v 0.033444 1.859368 -0.174600
v 0.048562 1.852663 -0.138015
v 0.059720 1.848697 -0.088182
v 0.064631 1.847673 -0.049478
v 0.046919 1.855920 -0.083263
v 0.027914 1.864314 -0.130081
v 0.019404 1.867290 -0.169205
v 0.009558 1.859509 -0.210186
v 0.028644 1.850604 -0.174223
v 0.043762 1.843899 -0.137637
v 0.054920 1.839932 -0.087805
v 0.059831 1.838909 -0.049101
v 0.042119 1.847156 -0.082886
v 0.023114 1.855549 -0.129704
v 0.014604 1.858526 -0.168828
vn -0.4800 -0.8764 0.0377
vn 0.4800 0.8764 -0.0377
vn 0.7482 -0.4315 -0.5039
vn 0.7923 -0.4516 -0.4102
vn 0.8498 -0.4752 -0.2281
vn 0.8682 -0.4808 -0.1229
vn -0.7507 0.4327 0.4992
vn -0.7949 0.4528 0.4039
vn -0.8513 0.4758 0.2214
vn -0.8689 0.4809 0.1174
s 0
usemtl PineNeedleSun
f 3045//2115 3046//2115 3047//2115 3048//2115 3049//2115 3050//2115 3051//2115 3052//2115
f 3060//2116 3059//2116 3058//2116 3057//2116 3056//2116 3055//2116 3054//2116 3053//2116
f 3045//2117 3046//2117 3054//2117 3053//2117
f 3046//2118 3047//2118 3055//2118 3054//2118
f 3047//2119 3048//2119 3056//2119 3055//2119
f 3048//2120 3049//2120 3057//2120 3056//2120
f 3049//2121 3050//2121 3058//2121 3057//2121
f 3050//2122 3051//2122 3059//2122 3058//2122
f 3051//2123 3052//2123 3060//2123 3059//2123
f 3052//2124 3045//2124 3053//2124 3060//2124
o pine_tip_needle.046
v -0.123767 1.897589 -0.398778
v -0.133850 1.889476 -0.359492
v -0.146613 1.883144 -0.322032
v -0.169493 1.878735 -0.276507
v -0.189452 1.876989 -0.243340
v -0.179852 1.884513 -0.280119
v -0.163322 1.892464 -0.327858
v -0.145212 1.895814 -0.363454
v -0.127675 1.888825 -0.401591
v -0.137758 1.880712 -0.362305
v -0.150520 1.874380 -0.324845
v -0.173401 1.869971 -0.279320
v -0.193360 1.868225 -0.246153
v -0.183760 1.875749 -0.282932
v -0.167230 1.883700 -0.330671
v -0.149120 1.887050 -0.366267
vn -0.3908 -0.8764 -0.2813
vn 0.3908 0.8764 0.2813
vn 0.8876 -0.4398 0.1370
vn 0.8636 -0.4548 0.2174
vn 0.8044 -0.4737 0.3584
vn 0.7629 -0.4794 0.4338
vn -0.8865 0.4406 -0.1412
vn -0.8619 0.4557 -0.2225
vn -0.8019 0.4742 -0.3634
vn -0.7606 0.4796 -0.4376
s 0
usemtl PineNeedleSun
f 3061//2125 3062//2125 3063//2125 3064//2125 3065//2125 3066//2125 3067//2125 3068//2125
f 3076//2126 3075//2126 3074//2126 3073//2126 3072//2126 3071//2126 3070//2126 3069//2126
f 3061//2127 3062//2127 3070//2127 3069//2127
f 3062//2128 3063//2128 3071//2128 3070//2128
f 3063//2129 3064//2129 3072//2129 3071//2129
f 3064//2130 3065//2130 3073//2130 3072//2130
f 3065//2131 3066//2131 3074//2131 3073//2131
f 3066//2132 3067//2132 3075//2132 3074//2132
f 3067//2133 3068//2133 3076//2133 3075//2133
f 3068//2134 3061//2134 3069//2134 3076//2134
o pine_tip_needle.047
v -0.193788 1.803911 -0.291266
v -0.172217 1.800114 -0.334286
v -0.147888 1.795072 -0.373830
v -0.109518 1.785618 -0.418431
v -0.077634 1.777245 -0.449384
v -0.098019 1.780872 -0.409184
v -0.129342 1.787417 -0.358915
v -0.159605 1.794909 -0.324143
v -0.197037 1.794487 -0.292063
v -0.175465 1.790690 -0.335083
v -0.151136 1.785648 -0.374627
v -0.112767 1.776194 -0.419228
v -0.080883 1.767821 -0.450181
v -0.101268 1.771448 -0.409981
v -0.132591 1.777993 -0.359712
v -0.162854 1.785485 -0.324941
vn -0.3249 -0.9424 -0.0797
vn 0.3249 0.9424 0.0797
vn -0.8335 0.3251 -0.4467
vn -0.7894 0.3166 -0.5260
vn -0.6927 0.2945 -0.6584
vn -0.6303 0.2786 -0.7246
vn 0.8314 -0.3248 0.4509
vn 0.7862 -0.3160 0.5310
vn 0.6889 -0.2935 0.6628
vn 0.6269 -0.2777 0.7279
s 0
usemtl PineNeedleSun
f 3077//2135 3078//2135 3079//2135 3080//2135 3081//2135 3082//2135 3083//2135 3084//2135
f 3092//2136 3091//2136 3090//2136 3089//2136 3088//2136 3087//2136 3086//2136 3085//2136
f 3077//2137 3078//2137 3086//2137 3085//2137
f 3078//2138 3079//2138 3087//2138 3086//2138
f 3079//2139 3080//2139 3088//2139 3087//2139
f 3080//2140 3081//2140 3089//2140 3088//2140
f 3081//2141 3082//2141 3090//2141 3089//2141
f 3082//2142 3083//2142 3091//2142 3090//2142
f 3083//2143 3084//2143 3092//2143 3091//2143
f 3084//2144 3077//2144 3085//2144 3092//2144
o pine_tip_needle.048
v -0.135548 1.951036 -0.405998
v -0.182410 1.940431 -0.378840
v -0.228688 1.926693 -0.356185
v -0.288663 1.901504 -0.336240
v -0.334026 1.879362 -0.325094
v -0.290073 1.889474 -0.350355
v -0.230961 1.907289 -0.378952
v -0.183955 1.927237 -0.394322
v -0.130826 1.944100 -0.400558
v -0.177687 1.933496 -0.373400
v -0.223966 1.919757 -0.350745
v -0.283941 1.894568 -0.330800
v -0.329303 1.872426 -0.319654
v -0.285351 1.882538 -0.344915
v -0.226239 1.900353 -0.373512
v -0.179233 1.920301 -0.388882
vn 0.4722 -0.6936 0.5440
vn -0.4722 0.6936 -0.5440
vn 0.2368 0.6943 0.6797
vn 0.1545 0.6727 0.7236
vn 0.0019 0.6180 0.7862
vn -0.0835 0.5792 0.8109
vn -0.2325 -0.6933 -0.6821
vn -0.1491 -0.6711 -0.7262
vn 0.0036 -0.6156 -0.7880
vn 0.0878 -0.5770 -0.8120
s 0
usemtl PineNeedleSun
f 3093//2145 3094//2145 3095//2145 3096//2145 3097//2145 3098//2145 3099//2145 3100//2145
f 3108//2146 3107//2146 3106//2146 3105//2146 3104//2146 3103//2146 3102//2146 3101//2146
f 3093//2147 3094//2147 3102//2147 3101//2147
f 3094//2148 3095//2148 3103//2148 3102//2148
f 3095//2149 3096//2149 3104//2149 3103//2149
f 3096//2150 3097//2150 3105//2150 3104//2150
f 3097//2151 3098//2151 3106//2151 3105//2151
f 3098//2152 3099//2152 3107//2152 3106//2152
f 3099//2153 3100//2153 3108//2153 3107//2153
f 3100//2154 3093//2154 3101//2154 3108//2154
o pine_bough.020
v -0.011778 2.263639 0.015513
v -0.130736 2.112530 0.249833
v 0.008075 2.256939 0.021846
v -0.122051 2.109598 0.252604
v 0.021662 2.239973 0.019260
v -0.116106 2.102176 0.251472
v 0.022627 2.220680 0.008964
v -0.115684 2.093735 0.246967
v 0.010517 2.208088 -0.004224
v -0.120982 2.088226 0.241198
v -0.009002 2.208088 -0.014133
v -0.129522 2.088226 0.236863
v -0.026795 2.220680 -0.016127
v -0.137306 2.093735 0.235990
v -0.034538 2.239973 -0.009272
v -0.140694 2.102176 0.238989
v -0.028607 2.256939 0.003224
v -0.138099 2.109598 0.244456
vn 0.0900 0.9800 -0.1773
vn -0.4190 0.3782 0.8254
vn 0.5791 0.8150 -0.0213
vn 0.0472 0.2209 0.9742
vn 0.9139 0.3970 -0.0850
vn 0.3663 -0.1775 0.9134
vn 0.9376 -0.0783 -0.3387
vn 0.3889 -0.6306 0.6716
vn 0.6393 -0.3886 -0.6636
vn 0.1045 -0.9263 0.3619
vn 0.1584 -0.3886 -0.9077
vn -0.3538 -0.9263 0.1292
vn -0.2799 -0.0783 -0.9568
vn -0.7717 -0.6306 0.0824
vn -0.4707 0.3970 -0.7879
vn -0.9535 -0.1775 0.2434
vn -0.3246 0.8150 -0.4801
vn -0.8143 0.2209 0.5368
vt 1.000000 0.500000
vt 1.000000 1.000000
vt 0.888889 1.000000
vt 0.888889 0.500000
vt 0.777778 1.000000
vt 0.777778 0.500000
vt 0.666667 1.000000
vt 0.666667 0.500000
vt 0.555556 1.000000
vt 0.555556 0.500000
vt 0.444444 1.000000
vt 0.444444 0.500000
vt 0.333333 1.000000
vt 0.333333 0.500000
vt 0.222222 1.000000
vt 0.222222 0.500000
vt 0.404269 0.433851
vt 0.250000 0.490000
vt 0.095731 0.433851
vt 0.013646 0.291676
vt 0.042154 0.130000
vt 0.167915 0.024474
vt 0.332085 0.024474
vt 0.457846 0.130000
vt 0.486354 0.291676
vt 0.111111 1.000000
vt 0.111111 0.500000
vt 0.000000 1.000000
vt 0.000000 0.500000
vt 0.750000 0.490000
vt 0.904269 0.433851
vt 0.986354 0.291676
vt 0.957846 0.130000
vt 0.832085 0.024474
vt 0.667915 0.024474
vt 0.542154 0.130000
vt 0.513646 0.291676
vt 0.595731 0.433851
s 1
usemtl OiledOak
f 3109/1187/2155 3110/1188/2156 3112/1189/2158 3111/1190/2157
f 3111/1190/2157 3112/1189/2158 3114/1191/2160 3113/1192/2159
f 3113/1192/2159 3114/1191/2160 3116/1193/2162 3115/1194/2161
f 3115/1194/2161 3116/1193/2162 3118/1195/2164 3117/1196/2163
f 3117/1196/2163 3118/1195/2164 3120/1197/2166 3119/1198/2165
f 3119/1198/2165 3120/1197/2166 3122/1199/2168 3121/1200/2167
f 3121/1200/2167 3122/1199/2168 3124/1201/2170 3123/1202/2169
f 3112/1203/2158 3110/1204/2156 3126/1205/2172 3124/1206/2170 3122/1207/2168 3120/1208/2166 3118/1209/2164 3116/1210/2162 3114/1211/2160
f 3123/1202/2169 3124/1201/2170 3126/1212/2172 3125/1213/2171
f 3125/1213/2171 3126/1212/2172 3110/1214/2156 3109/1215/2155
f 3109/1216/2155 3111/1217/2157 3113/1218/2159 3115/1219/2161 3117/1220/2163 3119/1221/2165 3121/1222/2167 3123/1223/2169 3125/1224/2171
o pine_needle.110
v -0.045207 2.158226 0.156202
v -0.047395 2.150113 0.115701
v -0.046479 2.143780 0.076138
v -0.038336 2.139371 0.025841
v -0.029266 2.137626 -0.011791
v -0.027370 2.145150 0.026173
v -0.028791 2.153101 0.076673
v -0.035368 2.156451 0.116066
v -0.040635 2.149461 0.157710
v -0.042822 2.141348 0.117210
v -0.041906 2.135016 0.077646
v -0.033763 2.130607 0.027350
v -0.024693 2.128861 -0.010282
v -0.022797 2.136385 0.027682
v -0.024219 2.144336 0.078182
v -0.030795 2.147686 0.117574
vn 0.4573 -0.8764 0.1509
vn -0.4573 0.8764 -0.1509
vn -0.8878 -0.4398 0.1360
vn -0.8890 -0.4548 0.0522
vn -0.8750 -0.4737 -0.1001
vn -0.8580 -0.4794 -0.1845
vn 0.8880 0.4406 -0.1317
vn 0.8889 0.4557 -0.0467
vn 0.8741 0.4742 0.1056
vn 0.8569 0.4796 0.1889
s 0
usemtl PineNeedleDeep
f 3127//2173 3128//2173 3129//2173 3130//2173 3131//2173 3132//2173 3133//2173 3134//2173
f 3142//2174 3141//2174 3140//2174 3139//2174 3138//2174 3137//2174 3136//2174 3135//2174
f 3127//2175 3128//2175 3136//2175 3135//2175
f 3128//2176 3129//2176 3137//2176 3136//2176
f 3129//2177 3130//2177 3138//2177 3137//2177
f 3130//2178 3131//2178 3139//2178 3138//2178
f 3131//2179 3132//2179 3140//2179 3139//2179
f 3132//2180 3133//2180 3141//2180 3140//2180
f 3133//2181 3134//2181 3142//2181 3141//2181
f 3134//2182 3127//2182 3135//2182 3142//2182
o pine_needle.111
v 0.001129 2.202408 0.116253
v -0.043288 2.198611 0.134776
v -0.087527 2.193569 0.148866
v -0.145706 2.184115 0.157627
v -0.190064 2.175742 0.160278
v -0.148385 2.179369 0.143117
v -0.091849 2.185914 0.125463
v -0.046227 2.193406 0.118862
v 0.003070 2.192984 0.118977
v -0.041347 2.189187 0.137500
v -0.085586 2.184145 0.151590
v -0.143765 2.174691 0.160351
v -0.188123 2.166318 0.163002
v -0.146444 2.169945 0.145841
v -0.089907 2.176490 0.128187
v -0.044285 2.183982 0.121586
vn 0.1942 -0.9424 0.2724
vn -0.1942 0.9424 -0.2724
vn 0.3402 0.3251 0.8824
vn 0.2549 0.3166 0.9137
vn 0.0953 0.2945 0.9509
vn 0.0048 0.2786 0.9604
vn -0.3358 -0.3248 -0.8842
vn -0.2493 -0.3160 -0.9154
vn -0.0895 -0.2935 -0.9517
vn -0.0001 -0.2777 -0.9607
s 0
usemtl PineNeedleDeep
f 3143//2183 3144//2183 3145//2183 3146//2183 3147//2183 3148//2183 3149//2183 3150//2183
f 3158//2184 3157//2184 3156//2184 3155//2184 3154//2184 3153//2184 3152//2184 3151//2184
f 3143//2185 3144//2185 3152//2185 3151//2185
f 3144//2186 3145//2186 3153//2186 3152//2186
f 3145//2187 3146//2187 3154//2187 3153//2187
f 3146//2188 3147//2188 3155//2188 3154//2188
f 3147//2189 3148//2189 3156//2189 3155//2189
f 3148//2190 3149//2190 3157//2190 3156//2190
f 3149//2191 3150//2191 3158//2191 3157//2191
f 3150//2192 3143//2192 3151//2192 3158//2192
o pine_needle.112
v -0.061626 2.289608 0.088057
v -0.012876 2.279004 0.111658
v 0.031818 2.265265 0.137299
v 0.081940 2.240077 0.175803
v 0.116587 2.217935 0.207133
v 0.071038 2.228046 0.184879
v 0.014233 2.245862 0.151937
v -0.024833 2.265809 0.121612
v -0.059765 2.282672 0.081098
v -0.011015 2.272068 0.104699
v 0.033678 2.258329 0.130340
v 0.083801 2.233140 0.168844
v 0.118447 2.210999 0.200174
v 0.072898 2.221110 0.177920
v 0.016093 2.238925 0.144978
v -0.022973 2.258873 0.114653
vn 0.1860 -0.6936 -0.6959
vn -0.1860 0.6936 0.6959
vn 0.4303 0.6943 -0.5769
vn 0.5128 0.6727 -0.5334
vn 0.6502 0.6180 -0.4421
vn 0.7185 0.5792 -0.3852
vn -0.4347 -0.6933 0.5748
vn -0.5180 -0.6711 0.5304
vn -0.6548 -0.6156 0.4385
vn -0.7218 -0.5770 0.3822
s 0
usemtl PineNeedleDeep
f 3159//2193 3160//2193 3161//2193 3162//2193 3163//2193 3164//2193 3165//2193 3166//2193
f 3174//2194 3173//2194 3172//2194 3171//2194 3170//2194 3169//2194 3168//2194 3167//2194
f 3159//2195 3160//2195 3168//2195 3167//2195
f 3160//2196 3161//2196 3169//2196 3168//2196
f 3161//2197 3162//2197 3170//2197 3169//2197
f 3162//2198 3163//2198 3171//2198 3170//2198
f 3163//2199 3164//2199 3172//2199 3171//2199
f 3164//2200 3165//2200 3173//2200 3172//2200
f 3165//2201 3166//2201 3174//2201 3173//2201
f 3166//2202 3159//2202 3167//2202 3174//2202
o pine_needle.113
v -0.068119 2.113467 0.162325
v -0.111354 2.096204 0.122386
v -0.151175 2.079763 0.080948
v -0.196283 2.059832 0.022734
v -0.227680 2.045333 -0.023185
v -0.187275 2.061494 0.014376
v -0.136647 2.082444 0.067467
v -0.101474 2.098027 0.113219
v -0.065332 2.103928 0.163431
v -0.108566 2.086664 0.123492
v -0.148388 2.070223 0.082055
v -0.193496 2.050292 0.023840
v -0.224893 2.035793 -0.022079
v -0.184488 2.051955 0.015482
v -0.133859 2.072905 0.068574
v -0.098687 2.088487 0.114325
vn 0.2787 -0.9540 0.1106
vn -0.2787 0.9540 -0.1106
vn -0.6523 -0.1035 0.7509
vn -0.6917 -0.1195 0.7122
vn -0.7568 -0.1473 0.6368
vn -0.7899 -0.1622 0.5913
vn 0.6544 0.1044 -0.7489
vn 0.6942 0.1205 -0.7096
vn 0.7590 0.1482 -0.6340
vn 0.7916 0.1630 -0.5889
s 0
usemtl PineNeedleDeep
f 3175//2203 3176//2203 3177//2203 3178//2203 3179//2203 3180//2203 3181//2203 3182//2203
f 3190//2204 3189//2204 3188//2204 3187//2204 3186//2204 3185//2204 3184//2204 3183//2204
f 3175//2205 3176//2205 3184//2205 3183//2205
f 3176//2206 3177//2206 3185//2206 3184//2206
f 3177//2207 3178//2207 3186//2207 3185//2207
f 3178//2208 3179//2208 3187//2208 3186//2208
f 3179//2209 3180//2209 3188//2209 3187//2209
f 3180//2210 3181//2210 3189//2210 3188//2210
f 3181//2211 3182//2211 3190//2211 3189//2211
f 3182//2212 3175//2212 3183//2212 3190//2212
o pine_needle.114
v -0.095791 2.274124 0.072801
v -0.077339 2.265219 0.109093
v -0.062865 2.258514 0.145938
v -0.052583 2.254547 0.195959
v -0.048352 2.253524 0.234743
v -0.065468 2.261771 0.200653
v -0.083649 2.270164 0.153509
v -0.091472 2.273141 0.114241
v -0.100597 2.265360 0.073094
v -0.082145 2.256454 0.109386
v -0.067671 2.249749 0.146231
v -0.057389 2.245783 0.196252
v -0.053158 2.244760 0.235036
v -0.070275 2.253006 0.200946
v -0.088455 2.261400 0.153802
v -0.096278 2.264377 0.114534
vn -0.4806 -0.8764 0.0293
vn 0.4806 0.8764 -0.0293
vn 0.7570 -0.4315 -0.4907
vn 0.7994 -0.4516 -0.3962
vn 0.8536 -0.4752 -0.2132
vn 0.8702 -0.4808 -0.1076
vn -0.7594 0.4327 0.4859
vn -0.8019 0.4528 0.3898
vn -0.8550 0.4758 0.2064
vn -0.8708 0.4809 0.1022
s 0
usemtl PineNeedleDeep
f 3191//2213 3192//2213 3193//2213 3194//2213 3195//2213 3196//2213 3197//2213 3198//2213
f 3206//2214 3205//2214 3204//2214 3203//2214 3202//2214 3201//2214 3200//2214 3199//2214
f 3191//2215 3192//2215 3200//2215 3199//2215
f 3192//2216 3193//2216 3201//2216 3200//2216
f 3193//2217 3194//2217 3202//2217 3201//2217
f 3194//2218 3195//2218 3203//2218 3202//2218
f 3195//2219 3196//2219 3204//2219 3203//2219
f 3196//2220 3197//2220 3205//2220 3204//2220
f 3197//2221 3198//2221 3206//2221 3205//2221
f 3198//2222 3191//2222 3199//2222 3206//2222
o pine_tip_needle.049
v -0.141968 2.209788 0.253973
v -0.111455 2.201675 0.227252
v -0.079763 2.195343 0.203550
v -0.035167 2.190933 0.178910
v 0.000039 2.189188 0.162815
v -0.028659 2.196712 0.187742
v -0.069266 2.204663 0.217796
v -0.104317 2.208013 0.236939
v -0.140332 2.201023 0.258502
v -0.109820 2.192910 0.231781
v -0.078128 2.186578 0.208079
v -0.033531 2.182169 0.183438
v 0.001674 2.180423 0.167344
v -0.027023 2.187948 0.192271
v -0.067631 2.195899 0.222325
v -0.102682 2.199248 0.241468
vn 0.1636 -0.8764 0.4529
vn -0.1636 0.8764 -0.4529
vn -0.6550 -0.4398 -0.6145
vn -0.5899 -0.4548 -0.6672
vn -0.4613 -0.4737 -0.7502
vn -0.3844 -0.4794 -0.7889
vn 0.6517 0.4406 0.6173
vn 0.5855 0.4557 0.6705
vn 0.4565 0.4742 0.7528
vn 0.3804 0.4796 0.7908
s 0
usemtl PineNeedle
f 3207//2223 3208//2223 3209//2223 3210//2223 3211//2223 3212//2223 3213//2223 3214//2223
f 3222//2224 3221//2224 3220//2224 3219//2224 3218//2224 3217//2224 3216//2224 3215//2224
f 3207//2225 3208//2225 3216//2225 3215//2225
f 3208//2226 3209//2226 3217//2226 3216//2226
f 3209//2227 3210//2227 3218//2227 3217//2227
f 3210//2228 3211//2228 3219//2228 3218//2228
f 3211//2229 3212//2229 3220//2229 3219//2229
f 3212//2230 3213//2230 3221//2230 3220//2230
f 3213//2231 3214//2231 3222//2231 3221//2231
f 3214//2232 3207//2232 3215//2232 3222//2232
o pine_tip_needle.050
v -0.033124 2.086686 0.211328
v -0.079604 2.082889 0.223804
v -0.125320 2.077847 0.231910
v -0.184146 2.068393 0.232886
v -0.228464 2.060019 0.229637
v -0.184880 2.063646 0.218149
v -0.126502 2.070192 0.208140
v -0.080408 2.077683 0.207641
v -0.031561 2.077262 0.214285
v -0.078040 2.073465 0.226761
v -0.123756 2.068423 0.234867
v -0.182583 2.058969 0.235843
v -0.226901 2.050596 0.232594
v -0.183316 2.054223 0.221106
v -0.124939 2.060768 0.211097
v -0.078845 2.068259 0.210598
vn 0.1564 -0.9424 0.2957
vn -0.1564 0.9424 -0.2957
vn 0.2203 0.3251 0.9197
vn 0.1316 0.3166 0.9394
vn -0.0315 0.2945 0.9551
vn -0.1225 0.2786 0.9526
vn -0.2157 -0.3248 -0.9209
vn -0.1258 -0.3160 -0.9404
vn 0.0374 -0.2935 -0.9552
vn 0.1271 -0.2777 -0.9522
s 0
usemtl PineNeedle
f 3223//2233 3224//2233 3225//2233 3226//2233 3227//2233 3228//2233 3229//2233 3230//2233
f 3238//2234 3237//2234 3236//2234 3235//2234 3234//2234 3233//2234 3232//2234 3231//2234
f 3223//2235 3224//2235 3232//2235 3231//2235
f 3224//2236 3225//2236 3233//2236 3232//2236
f 3225//2237 3226//2237 3234//2237 3233//2237
f 3226//2238 3227//2238 3235//2238 3234//2238
f 3227//2239 3228//2239 3236//2239 3235//2239
f 3228//2240 3229//2240 3237//2240 3236//2240
f 3229//2241 3230//2241 3238//2241 3237//2241
f 3230//2242 3223//2242 3231//2242 3238//2242
o pine_bough.021
v 0.019531 2.260535 -0.006277
v 0.233745 2.076172 -0.009414
v 0.014718 2.254561 -0.026778
v 0.231639 2.073558 -0.018383
v 0.003134 2.239434 -0.037554
v 0.226571 2.066940 -0.023097
v -0.009800 2.222232 -0.033564
v 0.220912 2.059414 -0.021351
v -0.018034 2.211005 -0.016673
v 0.217310 2.054502 -0.013962
v -0.017714 2.211005 0.005214
v 0.217450 2.054502 -0.004386
v -0.008989 2.222232 0.021856
v 0.221267 2.059414 0.002895
v 0.004057 2.239434 0.025467
v 0.226975 2.066940 0.004474
v 0.015321 2.254561 0.014356
v 0.231902 2.073558 -0.000387
vn -0.0137 0.9999 0.0002
vn 0.9797 0.2000 -0.0143
vn -0.1325 0.8525 -0.5057
vn 0.8669 0.0600 -0.4949
vn -0.4183 0.4792 -0.7716
vn 0.5953 -0.2946 -0.7475
vn -0.7375 0.0547 -0.6731
vn 0.2921 -0.6979 -0.6540
vn -0.9407 -0.2223 -0.2563
vn 0.0991 -0.9610 -0.2580
vn -0.9328 -0.2223 0.2838
vn 0.1067 -0.9610 0.2550
vn -0.7175 0.0547 0.6944
vn 0.3112 -0.6979 0.6451
vn -0.3955 0.4792 0.7835
vn 0.6170 -0.2946 0.7297
vn -0.1176 0.8525 0.5094
vn 0.8810 0.0600 0.4693
vt 1.000000 0.500000
vt 1.000000 1.000000
vt 0.888889 1.000000
vt 0.888889 0.500000
vt 0.777778 1.000000
vt 0.777778 0.500000
vt 0.666667 1.000000
vt 0.666667 0.500000
vt 0.555556 1.000000
vt 0.555556 0.500000
vt 0.444444 1.000000
vt 0.444444 0.500000
vt 0.333333 1.000000
vt 0.333333 0.500000
vt 0.222222 1.000000
vt 0.222222 0.500000
vt 0.404269 0.433851
vt 0.250000 0.490000
vt 0.095731 0.433851
vt 0.013646 0.291676
vt 0.042154 0.130000
vt 0.167915 0.024474
vt 0.332085 0.024474
vt 0.457846 0.130000
vt 0.486354 0.291676
vt 0.111111 1.000000
vt 0.111111 0.500000
vt 0.000000 1.000000
vt 0.000000 0.500000
vt 0.750000 0.490000
vt 0.904269 0.433851
vt 0.986354 0.291676
vt 0.957846 0.130000
vt 0.832085 0.024474
vt 0.667915 0.024474
vt 0.542154 0.130000
vt 0.513646 0.291676
vt 0.595731 0.433851
s 1
usemtl OiledOak
f 3239/1225/2243 3240/1226/2244 3242/1227/2246 3241/1228/2245
f 3241/1228/2245 3242/1227/2246 3244/1229/2248 3243/1230/2247
f 3243/1230/2247 3244/1229/2248 3246/1231/2250 3245/1232/2249
f 3245/1232/2249 3246/1231/2250 3248/1233/2252 3247/1234/2251
f 3247/1234/2251 3248/1233/2252 3250/1235/2254 3249/1236/2253
f 3249/1236/2253 3250/1235/2254 3252/1237/2256 3251/1238/2255
f 3251/1238/2255 3252/1237/2256 3254/1239/2258 3253/1240/2257
f 3242/1241/2246 3240/1242/2244 3256/1243/2260 3254/1244/2258 3252/1245/2256 3250/1246/2254 3248/1247/2252 3246/1248/2250 3244/1249/2248
f 3253/1240/2257 3254/1239/2258 3256/1250/2260 3255/1251/2259
f 3255/1251/2259 3256/1250/2260 3240/1252/2244 3239/1253/2243
f 3239/1254/2243 3241/1255/2245 3243/1256/2247 3245/1257/2249 3247/1258/2251 3249/1259/2253 3251/1260/2255 3253/1261/2257 3255/1262/2259
o pine_needle.115
v 0.129428 2.136326 0.065291
v 0.114212 2.128213 0.027694
v 0.102236 2.121881 -0.010025
v 0.093612 2.117472 -0.060240
v 0.089975 2.115726 -0.098779
v 0.104092 2.123250 -0.063486
v 0.119140 2.131201 -0.015260
v 0.125707 2.134551 0.024135
v 0.134243 2.127562 0.065234
v 0.119027 2.119449 0.027637
v 0.107051 2.113117 -0.010082
v 0.098426 2.108707 -0.060298
v 0.094789 2.106962 -0.098836
v 0.108907 2.114486 -0.063543
v 0.123954 2.122437 -0.015317
v 0.130521 2.125787 0.024077
vn 0.4815 -0.8764 -0.0057
vn -0.4815 0.8764 0.0057
vn -0.7955 -0.4397 0.4169
vn -0.8239 -0.4548 0.3380
vn -0.8601 -0.4737 0.1893
vn -0.8714 -0.4794 0.1040
vn 0.7972 0.4406 -0.4128
vn 0.8256 0.4557 -0.3327
vn 0.8610 0.4742 -0.1839
vn 0.8718 0.4796 -0.0995
s 0
usemtl PineNeedle
f 3257//2261 3258//2261 3259//2261 3260//2261 3261//2261 3262//2261 3263//2261 3264//2261
f 3272//2262 3271//2262 3270//2262 3269//2262 3268//2262 3267//2262 3266//2262 3265//2262
f 3257//2263 3258//2263 3266//2263 3265//2263
f 3258//2264 3259//2264 3267//2264 3266//2264
f 3259//2265 3260//2265 3268//2265 3267//2265
f 3260//2266 3261//2266 3269//2266 3268//2266
f 3261//2267 3262//2267 3270//2267 3269//2267
f 3262//2268 3263//2268 3271//2268 3270//2268
f 3263//2269 3264//2269 3272//2269 3271//2269
f 3264//2270 3257//2270 3265//2270 3272//2270
o pine_needle.116
v 0.156270 2.303024 -0.029561
v 0.130643 2.299227 0.011173
v 0.102608 2.294185 0.048181
v 0.060108 2.284731 0.088867
v 0.025383 2.276358 0.116594
v 0.049557 2.279985 0.078552
v 0.085590 2.286530 0.031544
v 0.119071 2.294022 -0.000141
v 0.159427 2.293600 -0.028454
v 0.133800 2.289803 0.012280
v 0.105764 2.284761 0.049288
v 0.063265 2.275307 0.089974
v 0.028540 2.266934 0.117702
v 0.052714 2.270561 0.079659
v 0.088746 2.277106 0.032651
v 0.122228 2.284598 0.000967
vn 0.3157 -0.9424 0.1107
vn -0.3157 0.9424 -0.1107
vn 0.7865 0.3251 0.5251
vn 0.7348 0.3166 0.5998
vn 0.6259 0.2945 0.7222
vn 0.5574 0.2786 0.7821
vn -0.7839 -0.3248 -0.5291
vn -0.7312 -0.3160 -0.6045
vn -0.6216 -0.2935 -0.7263
vn -0.5537 -0.2777 -0.7851
s 0
usemtl PineNeedle
f 3273//2271 3274//2271 3275//2271 3276//2271 3277//2271 3278//2271 3279//2271 3280//2271
f 3288//2272 3287//2272 3286//2272 3285//2272 3284//2272 3283//2272 3282//2272 3281//2272
f 3273//2273 3274//2273 3282//2273 3281//2273
f 3274//2274 3275//2274 3283//2274 3282//2274
f 3275//2275 3276//2275 3284//2275 3283//2275
f 3276//2276 3277//2276 3285//2276 3284//2276
f 3277//2277 3278//2277 3286//2277 3285//2277
f 3278//2278 3279//2278 3287//2278 3286//2278
f 3279//2279 3280//2279 3288//2279 3287//2279
f 3280//2280 3273//2280 3281//2280 3288//2280
o pine_needle.117
v 0.119407 2.187450 0.019556
v 0.163386 2.176845 -0.012058
v 0.207225 2.163107 -0.039134
v 0.264961 2.137918 -0.064853
v 0.309014 2.115776 -0.080385
v 0.267745 2.125888 -0.050943
v 0.211716 2.143703 -0.016699
v 0.166440 2.163651 0.003198
v 0.114175 2.180514 0.014604
v 0.158154 2.169909 -0.017010
v 0.201994 2.156171 -0.044085
v 0.259729 2.130982 -0.069805
v 0.303783 2.108840 -0.085337
v 0.262513 2.118952 -0.055895
v 0.206484 2.136767 -0.021650
v 0.161208 2.156715 -0.001754
vn -0.5232 -0.6936 -0.4952
vn 0.5232 0.6936 0.4952
vn -0.3022 0.6943 -0.6532
vn -0.2246 0.6727 -0.7050
vn -0.0789 0.6180 -0.7823
vn 0.0037 0.5792 -0.8152
vn 0.2982 -0.6933 0.6561
vn 0.2194 -0.6711 0.7082
vn 0.0736 -0.6156 0.7846
vn -0.0079 -0.5770 0.8167
s 0
usemtl PineNeedle
f 3289//2281 3290//2281 3291//2281 3292//2281 3293//2281 3294//2281 3295//2281 3296//2281
f 3304//2282 3303//2282 3302//2282 3301//2282 3300//2282 3299//2282 3298//2282 3297//2282
f 3289//2283 3290//2283 3298//2283 3297//2283
f 3290//2284 3291//2284 3299//2284 3298//2284
f 3291//2285 3292//2285 3300//2285 3299//2285
f 3292//2286 3293//2286 3301//2286 3300//2286
f 3293//2287 3294//2287 3302//2287 3301//2287
f 3294//2288 3295//2288 3303//2288 3302//2288
f 3295//2289 3296//2289 3304//2289 3303//2289
f 3296//2290 3289//2290 3297//2290 3304//2290
o pine_needle.118
v 0.215285 2.214020 -0.027853
v 0.158752 2.196757 -0.011474
v 0.102698 2.180316 0.001209
v 0.029550 2.160385 0.009749
v -0.025987 2.145886 0.012904
v 0.027048 2.162047 -0.002282
v 0.098663 2.182997 -0.018196
v 0.156008 2.198580 -0.024669
v 0.217673 2.204481 -0.029668
v 0.161139 2.187217 -0.013289
v 0.105086 2.170776 -0.000606
v 0.031937 2.150845 0.007934
v -0.023600 2.136346 0.011089
v 0.029436 2.152508 -0.004096
v 0.101051 2.173458 -0.020010
v 0.158395 2.189040 -0.026484
vn 0.2387 -0.9540 -0.1815
vn -0.2387 0.9540 0.1815
vn 0.3058 -0.1035 0.9464
vn 0.2523 -0.1195 0.9602
vn 0.1542 -0.1473 0.9770
vn 0.0981 -0.1622 0.9819
vn -0.3030 0.1044 -0.9473
vn -0.2488 0.1205 -0.9610
vn -0.1506 0.1482 -0.9774
vn -0.0952 0.1630 -0.9820
s 0
usemtl PineNeedle
f 3305//2291 3306//2291 3307//2291 3308//2291 3309//2291 3310//2291 3311//2291 3312//2291
f 3320//2292 3319//2292 3318//2292 3317//2292 3316//2292 3315//2292 3314//2292 3313//2292
f 3305//2293 3306//2293 3314//2293 3313//2293
f 3306//2294 3307//2294 3315//2294 3314//2294
f 3307//2295 3308//2295 3316//2295 3315//2295
f 3308//2296 3309//2296 3317//2296 3316//2296
f 3309//2297 3310//2297 3318//2297 3317//2297
f 3310//2298 3311//2298 3319//2298 3318//2298
f 3311//2299 3312//2299 3320//2299 3319//2299
f 3312//2300 3305//2300 3313//2300 3320//2300
o pine_needle.119
v 0.099604 2.275684 -0.032392
v 0.134173 2.266779 -0.010884
v 0.165624 2.260074 0.013155
v 0.200307 2.256107 0.050637
v 0.223996 2.255084 0.081635
v 0.191709 2.263331 0.061321
v 0.151757 2.271724 0.030387
v 0.124743 2.274701 0.000834
v 0.095643 2.266920 -0.029654
v 0.130212 2.258014 -0.008147
v 0.161663 2.251309 0.015892
v 0.196346 2.247343 0.053375
v 0.220035 2.246320 0.084373
v 0.187748 2.254566 0.064059
v 0.147796 2.262960 0.033125
v 0.120782 2.265937 0.003572
vn -0.3961 -0.8764 0.2738
vn 0.3961 0.8764 -0.2738
vn 0.3938 -0.4315 -0.8116
vn 0.4790 -0.4516 -0.7527
vn 0.6202 -0.4752 -0.6241
vn 0.6890 -0.4808 -0.5424
vn -0.3983 0.4327 0.8088
vn -0.4844 0.4528 0.7485
vn -0.6248 0.4758 0.6191
vn -0.6923 0.4809 0.5380
s 0
usemtl PineNeedle
f 3321//2301 3322//2301 3323//2301 3324//2301 3325//2301 3326//2301 3327//2301 3328//2301
f 3336//2302 3335//2302 3334//2302 3333//2302 3332//2302 3331//2302 3330//2302 3329//2302
f 3321//2303 3322//2303 3330//2303 3329//2303
f 3322//2304 3323//2304 3331//2304 3330//2304
f 3323//2305 3324//2305 3332//2305 3331//2305
f 3324//2306 3325//2306 3333//2306 3332//2306
f 3325//2307 3326//2307 3334//2307 3333//2307
f 3326//2308 3327//2308 3335//2308 3334//2308
f 3327//2309 3328//2309 3336//2309 3335//2309
f 3328//2310 3321//2310 3329//2310 3336//2310
o pine_needle.120
v 0.099786 2.066824 0.020454
v 0.110451 2.063547 -0.026851
v 0.125304 2.058750 -0.070947
v 0.154319 2.049005 -0.122172
v 0.180352 2.040158 -0.158437
v 0.170131 2.043310 -0.114202
v 0.150807 2.049564 -0.058092
v 0.127793 2.057301 -0.018109
v 0.096443 2.057400 0.020353
v 0.107108 2.054123 -0.026952
v 0.121961 2.049326 -0.071048
v 0.150976 2.039581 -0.122273
v 0.177009 2.030734 -0.158538
v 0.166787 2.033886 -0.114303
v 0.147463 2.040140 -0.058193
v 0.124450 2.047877 -0.018210
vn -0.3344 -0.9424 -0.0101
vn 0.3344 0.9424 0.0101
vn -0.9165 0.3276 -0.2293
vn -0.8873 0.3184 -0.3335
vn -0.8073 0.2919 -0.5128
vn -0.7490 0.2722 -0.6041
vn 0.9153 -0.3273 0.2348
vn 0.8851 -0.3177 0.3402
vn 0.8038 -0.2908 0.5189
vn 0.7458 -0.2711 0.6086
s 0
usemtl PineNeedle
f 3337//2311 3338//2311 3339//2311 3340//2311 3341//2311 3342//2311 3343//2311 3344//2311
f 3352//2312 3351//2312 3350//2312 3349//2312 3348//2312 3347//2312 3346//2312 3345//2312
f 3337//2313 3338//2313 3346//2313 3345//2313
f 3338//2314 3339//2314 3347//2314 3346//2314
f 3339//2315 3340//2315 3348//2315 3347//2315
f 3340//2316 3341//2316 3349//2316 3348//2316
f 3341//2317 3342//2317 3350//2317 3349//2317
f 3342//2318 3343//2318 3351//2318 3350//2318
f 3343//2319 3344//2319 3352//2319 3351//2319
f 3344//2320 3337//2320 3345//2320 3352//2320
o pine_tip_needle.051
v 0.208219 2.148675 0.069331
v 0.202548 2.140562 0.029170
v 0.200050 2.134229 -0.010326
v 0.203827 2.129820 -0.061136
v 0.209619 2.128075 -0.099410
v 0.214781 2.135599 -0.061751
v 0.217718 2.143550 -0.011317
v 0.214562 2.146899 0.028496
v 0.212905 2.139910 0.070440
v 0.207234 2.131797 0.030279
v 0.204736 2.125465 -0.009217
v 0.208513 2.121056 -0.060028
v 0.214305 2.119310 -0.098302
v 0.219467 2.126834 -0.060642
v 0.222404 2.134785 -0.010208
v 0.219248 2.138135 0.029605
vn 0.4686 -0.8764 0.1109
vn -0.4686 0.8764 -0.1109
vn -0.8727 -0.4398 0.2121
vn -0.8812 -0.4548 0.1287
vn -0.8803 -0.4737 -0.0243
vn -0.8707 -0.4794 -0.1099
vn 0.8733 0.4406 -0.2077
vn 0.8816 0.4557 -0.1232
vn 0.8799 0.4742 0.0298
vn 0.8700 0.4796 0.1143
s 0
usemtl PineNeedleSun
f 3353//2321 3354//2321 3355//2321 3356//2321 3357//2321 3358//2321 3359//2321 3360//2321
f 3368//2322 3367//2322 3366//2322 3365//2322 3364//2322 3363//2322 3362//2322 3361//2322
f 3353//2323 3354//2323 3362//2323 3361//2323
f 3354//2324 3355//2324 3363//2324 3362//2324
f 3355//2325 3356//2325 3364//2325 3363//2325
f 3356//2326 3357//2326 3365//2326 3364//2326
f 3357//2327 3358//2327 3366//2327 3365//2327
f 3358//2328 3359//2328 3367//2328 3366//2328
f 3359//2329 3360//2329 3368//2329 3367//2329
f 3360//2330 3353//2330 3361//2330 3368//2330
o pine_tip_needle.052
v 0.253701 2.059292 -0.054801
v 0.218947 2.055494 -0.021512
v 0.182762 2.050452 0.007579
v 0.131653 2.040998 0.036723
v 0.091233 2.032625 0.055185
v 0.123923 2.036252 0.024154
v 0.170295 2.042798 -0.012694
v 0.210470 2.050289 -0.035297
v 0.256494 2.049868 -0.052960
v 0.221740 2.046070 -0.019671
v 0.185555 2.041029 0.009419
v 0.134446 2.031574 0.038564
v 0.094026 2.023201 0.057026
v 0.126716 2.026828 0.025995
v 0.173088 2.033374 -0.010853
v 0.213263 2.040865 -0.033456
vn 0.2793 -0.9424 0.1841
vn -0.2793 0.9424 -0.1841
vn 0.6354 0.3251 0.7004
vn 0.5671 0.3166 0.7603
vn 0.4317 0.2945 0.8526
vn 0.3507 0.2786 0.8941
vn -0.6319 -0.3248 -0.7037
vn -0.5625 -0.3160 -0.7640
vn -0.4266 -0.2935 -0.8555
vn -0.3464 -0.2777 -0.8960
s 0
usemtl PineNeedleSun
f 3369//2331 3370//2331 3371//2331 3372//2331 3373//2331 3374//2331 3375//2331 3376//2331
f 3384//2332 3383//2332 3382//2332 3381//2332 3380//2332 3379//2332 3378//2332 3377//2332
f 3369//2333 3370//2333 3378//2333 3377//2333
f 3370//2334 3371//2334 3379//2334 3378//2334
f 3371//2335 3372//2335 3380//2335 3379//2335
f 3372//2336 3373//2336 3381//2336 3380//2336
f 3373//2337 3374//2337 3382//2337 3381//2337
f 3374//2338 3375//2338 3383//2338 3382//2338
f 3375//2339 3376//2339 3384//2339 3383//2339
f 3376//2340 3369//2340 3377//2340 3384//2340
o pine_tip_needle.053
v 0.164956 2.240062 -0.059667
v 0.212219 2.229457 -0.033215
v 0.255312 2.215719 -0.004967
v 0.303062 2.190530 0.036444
v 0.335788 2.168388 0.069774
v 0.291640 2.178500 0.044856
v 0.236890 2.196315 0.008602
v 0.199692 2.216263 -0.023988
v 0.167226 2.233126 -0.066504
v 0.214489 2.222521 -0.040051
v 0.257582 2.208783 -0.011804
v 0.305332 2.183594 0.029607
v 0.338058 2.161452 0.062938
v 0.293910 2.171564 0.038020
v 0.239160 2.189379 0.001765
v 0.201962 2.209327 -0.030824
vn 0.2270 -0.6936 -0.6837
vn -0.2270 0.6936 0.6837
vn 0.4638 0.6943 -0.5504
vn 0.5435 0.6727 -0.5020
vn 0.6752 0.6180 -0.4027
vn 0.7400 0.5792 -0.3419
vn -0.4681 -0.6933 0.5480
vn -0.5486 -0.6711 0.4987
vn -0.6796 -0.6156 0.3989
vn -0.7432 -0.5770 0.3387
s 0
usemtl PineNeedleSun
f 3385//2341 3386//2341 3387//2341 3388//2341 3389//2341 3390//2341 3391//2341 3392//2341
f 3400//2342 3399//2342 3398//2342 3397//2342 3396//2342 3395//2342 3394//2342 3393//2342
f 3385//2343 3386//2343 3394//2343 3393//2343
f 3386//2344 3387//2344 3395//2344 3394//2344
f 3387//2345 3388//2345 3396//2345 3395//2345
f 3388//2346 3389//2346 3397//2346 3396//2346
f 3389//2347 3390//2347 3398//2347 3397//2347
f 3390//2348 3391//2348 3399//2348 3398//2348
f 3391//2349 3392//2349 3400//2349 3399//2349
f 3392//2350 3385//2350 3393//2350 3400//2350
o pine_bough.022
v -0.003705 2.262649 -0.010300
v -0.124945 2.112097 -0.197031
v -0.018904 2.256181 0.004062
v -0.131594 2.109267 -0.190747
v -0.022887 2.239801 0.018026
v -0.133337 2.102101 -0.184638
v -0.013789 2.221175 0.025059
v -0.129356 2.093952 -0.181562
v 0.004132 2.209018 0.021868
v -0.121516 2.088633 -0.182957
v 0.022491 2.209018 0.009948
v -0.113484 2.088633 -0.188172
v 0.032698 2.221175 -0.005124
v -0.109019 2.093952 -0.194766
v 0.029976 2.239801 -0.016296
v -0.110209 2.102101 -0.199654
v 0.015600 2.256181 -0.018340
v -0.116499 2.109267 -0.200549
vn 0.0714 0.9914 0.1099
vn -0.5171 0.3136 -0.7964
vn -0.3042 0.8316 0.4647
vn -0.8729 0.1622 -0.4602
vn -0.4026 0.4269 0.8098
vn -0.9661 -0.2212 -0.1334
vn -0.1778 -0.0333 0.9835
vn -0.7531 -0.6571 0.0312
vn 0.2650 -0.3337 0.9047
vn -0.3336 -0.9417 -0.0434
vn 0.7186 -0.3337 0.6102
vn 0.0961 -0.9417 -0.3224
vn 0.9707 -0.0333 0.2378
vn 0.3350 -0.6571 -0.6752
vn 0.9035 0.4269 -0.0382
vn 0.2713 -0.2212 -0.9367
vn 0.5483 0.8316 -0.0887
vn -0.0652 0.1622 -0.9846
vt 1.000000 0.500000
vt 1.000000 1.000000
vt 0.888889 1.000000
vt 0.888889 0.500000
vt 0.777778 1.000000
vt 0.777778 0.500000
vt 0.666667 1.000000
vt 0.666667 0.500000
vt 0.555556 1.000000
vt 0.555556 0.500000
vt 0.444444 1.000000
vt 0.444444 0.500000
vt 0.333333 1.000000
vt 0.333333 0.500000
vt 0.222222 1.000000
vt 0.222222 0.500000
vt 0.404269 0.433851
vt 0.250000 0.490000
vt 0.095731 0.433851
vt 0.013646 0.291676
vt 0.042154 0.130000
vt 0.167915 0.024474
vt 0.332085 0.024474
vt 0.457846 0.130000
vt 0.486354 0.291676
vt 0.111111 1.000000
vt 0.111111 0.500000
vt 0.000000 1.000000
vt 0.000000 0.500000
vt 0.750000 0.490000
vt 0.904269 0.433851
vt 0.986354 0.291676
vt 0.957846 0.130000
vt 0.832085 0.024474
vt 0.667915 0.024474
vt 0.542154 0.130000
vt 0.513646 0.291676
vt 0.595731 0.433851
s 1
usemtl OiledOak
f 3401/1263/2351 3402/1264/2352 3404/1265/2354 3403/1266/2353
f 3403/1266/2353 3404/1265/2354 3406/1267/2356 3405/1268/2355
f 3405/1268/2355 3406/1267/2356 3408/1269/2358 3407/1270/2357
f 3407/1270/2357 3408/1269/2358 3410/1271/2360 3409/1272/2359
f 3409/1272/2359 3410/1271/2360 3412/1273/2362 3411/1274/2361
f 3411/1274/2361 3412/1273/2362 3414/1275/2364 3413/1276/2363
f 3413/1276/2363 3414/1275/2364 3416/1277/2366 3415/1278/2365
f 3404/1279/2354 3402/1280/2352 3418/1281/2368 3416/1282/2366 3414/1283/2364 3412/1284/2362 3410/1285/2360 3408/1286/2358 3406/1287/2356
f 3415/1278/2365 3416/1277/2366 3418/1288/2368 3417/1289/2367
f 3417/1289/2367 3418/1288/2368 3402/1290/2352 3401/1291/2351
f 3401/1292/2351 3403/1293/2353 3405/1294/2355 3407/1295/2357 3409/1296/2359 3411/1297/2361 3413/1298/2363 3415/1299/2365 3417/1300/2367
o pine_needle.121
v -0.105729 2.083657 -0.062793
v -0.137169 2.075544 -0.088417
v -0.165829 2.069211 -0.115708
v -0.197568 2.064802 -0.155565
v -0.219314 2.063056 -0.187590
v -0.189946 2.070581 -0.163456
v -0.153535 2.078532 -0.128435
v -0.128809 2.081881 -0.097072
v -0.101537 2.074892 -0.065162
v -0.132977 2.066779 -0.090786
v -0.161636 2.060447 -0.118076
v -0.193376 2.056038 -0.157934
v -0.215121 2.054292 -0.189958
v -0.185754 2.061816 -0.165825
v -0.149343 2.069767 -0.130804
v -0.124617 2.073117 -0.099441
vn 0.4192 -0.8764 -0.2369
vn -0.4192 0.8764 0.2369
vn -0.4965 -0.4398 0.7484
vn -0.5594 -0.4548 0.6930
vn -0.6626 -0.4737 0.5801
vn -0.7137 -0.4794 0.5107
vn 0.4999 0.4406 -0.7456
vn 0.5633 0.4557 -0.6892
vn 0.6661 0.4742 -0.5757
vn 0.7162 0.4796 -0.5070
s 0
usemtl PineNeedleSun
f 3419//2369 3420//2369 3421//2369 3422//2369 3423//2369 3424//2369 3425//2369 3426//2369
f 3434//2370 3433//2370 3432//2370 3431//2370 3430//2370 3429//2370 3428//2370 3427//2370
f 3419//2371 3420//2371 3428//2371 3427//2371
f 3420//2372 3421//2372 3429//2372 3428//2372
f 3421//2373 3422//2373 3430//2373 3429//2373
f 3422//2374 3423//2374 3431//2374 3430//2374
f 3423//2375 3424//2375 3432//2375 3431//2375
f 3424//2376 3425//2376 3433//2376 3432//2376
f 3425//2377 3426//2377 3434//2377 3433//2377
f 3426//2378 3419//2378 3427//2378 3434//2378
o pine_needle.122
v -0.054649 2.350572 -0.149711
v -0.034543 2.346775 -0.105988
v -0.018873 2.341733 -0.062283
v -0.008028 2.332279 -0.004457
v -0.003786 2.323906 0.039777
v -0.022433 2.327533 -0.001258
v -0.042106 2.334078 -0.057124
v -0.050341 2.341570 -0.102480
v -0.051997 2.341148 -0.151749
v -0.031890 2.337351 -0.108026
v -0.016220 2.332309 -0.064322
v -0.005375 2.322855 -0.006495
v -0.001134 2.314482 0.037739
v -0.019780 2.318109 -0.003296
v -0.039453 2.324654 -0.059163
v -0.047689 2.332146 -0.104518
vn 0.2652 -0.9424 -0.2038
vn -0.2652 0.9424 0.2038
vn 0.8696 0.3251 -0.3716
vn 0.9039 0.3166 -0.2876
vn 0.9468 0.2945 -0.1294
vn 0.9596 0.2786 -0.0393
vn -0.8716 -0.3248 0.3673
vn -0.9059 -0.3160 0.2820
vn -0.9479 -0.2935 0.1236
vn -0.9600 -0.2777 0.0346
s 0
usemtl PineNeedleSun
f 3435//2379 3436//2379 3437//2379 3438//2379 3439//2379 3440//2379 3441//2379 3442//2379
f 3450//2380 3449//2380 3448//2380 3447//2380 3446//2380 3445//2380 3444//2380 3443//2380
f 3435//2381 3436//2381 3444//2381 3443//2381
f 3436//2382 3437//2382 3445//2382 3444//2382
f 3437//2383 3438//2383 3446//2383 3445//2383
f 3438//2384 3439//2384 3447//2384 3446//2384
f 3439//2385 3440//2385 3448//2385 3447//2385
f 3440//2386 3441//2386 3449//2386 3448//2386
f 3441//2387 3442//2387 3450//2387 3449//2387
f 3442//2388 3435//2388 3443//2388 3450//2388
o pine_needle.123
v -0.053261 2.155828 -0.009448
v -0.061348 2.145224 -0.063004
v -0.065460 2.131485 -0.114366
v -0.062029 2.106297 -0.177477
v -0.055769 2.084155 -0.223767
v -0.048380 2.094266 -0.173614
v -0.043445 2.112082 -0.108134
v -0.046378 2.132029 -0.058766
v -0.060053 2.148892 -0.007049
v -0.068140 2.138288 -0.060605
v -0.072252 2.124549 -0.111967
v -0.068822 2.099360 -0.175078
v -0.062561 2.077219 -0.221368
v -0.055172 2.087330 -0.171215
v -0.050237 2.105145 -0.105735
v -0.053170 2.125093 -0.056367
vn -0.6792 -0.6936 0.2399
vn 0.6792 0.6936 -0.2399
vn -0.7191 0.6943 -0.0289
vn -0.7299 0.6727 -0.1215
vn -0.7322 0.6180 -0.2864
vn -0.7239 0.5792 -0.3749
vn 0.7199 -0.6933 0.0337
vn 0.7303 -0.6711 0.1275
vn 0.7319 -0.6156 0.2922
vn 0.7232 -0.5770 0.3794
s 0
usemtl PineNeedleSun
f 3451//2389 3452//2389 3453//2389 3454//2389 3455//2389 3456//2389 3457//2389 3458//2389
f 3466//2390 3465//2390 3464//2390 3463//2390 3462//2390 3461//2390 3460//2390 3459//2390
f 3451//2391 3452//2391 3460//2391 3459//2391
f 3452//2392 3453//2392 3461//2392 3460//2392
f 3453//2393 3454//2393 3462//2393 3461//2393
f 3454//2394 3455//2394 3463//2394 3462//2394
f 3455//2395 3456//2395 3464//2395 3463//2395
f 3456//2396 3457//2396 3465//2396 3464//2396
f 3457//2397 3458//2397 3466//2397 3465//2397
f 3458//2398 3451//2398 3459//2398 3466//2398
o pine_needle.124
v -0.053630 2.314680 -0.170505
v -0.088186 2.297416 -0.122858
v -0.124634 2.280976 -0.078424
v -0.177116 2.261045 -0.026759
v -0.219008 2.246546 0.009839
v -0.186479 2.262707 -0.034717
v -0.139735 2.283657 -0.091259
v -0.098455 2.299240 -0.131586
v -0.052861 2.305141 -0.173403
v -0.087417 2.287877 -0.125757
v -0.123864 2.271436 -0.081322
v -0.176347 2.251505 -0.029658
v -0.218238 2.237006 0.006941
v -0.185710 2.253167 -0.037616
v -0.138966 2.274117 -0.094157
v -0.097686 2.289700 -0.134485
vn 0.0770 -0.9540 -0.2898
vn -0.0770 0.9540 0.2898
vn 0.8226 -0.1035 0.5591
vn 0.7889 -0.1195 0.6028
vn 0.7217 -0.1473 0.6763
vn 0.6805 -0.1622 0.7146
vn -0.8209 0.1044 -0.5614
vn -0.7866 0.1205 -0.6056
vn -0.7191 0.1482 -0.6789
vn -0.6783 0.1630 -0.7165
s 0
usemtl PineNeedleSun
f 3467//2399 3468//2399 3469//2399 3470//2399 3471//2399 3472//2399 3473//2399 3474//2399
f 3482//2400 3481//2400 3480//2400 3479//2400 3478//2400 3477//2400 3476//2400 3475//2400
f 3467//2401 3468//2401 3476//2401 3475//2401
f 3468//2402 3469//2402 3477//2402 3476//2402
f 3469//2403 3470//2403 3478//2403 3477//2403
f 3470//2404 3471//2404 3479//2404 3478//2404
f 3471//2405 3472//2405 3480//2405 3479//2405
f 3472//2406 3473//2406 3481//2406 3480//2406
f 3473//2407 3474//2407 3482//2407 3481//2407
f 3474//2408 3467//2408 3475//2408 3482//2408
o pine_needle.125
v -0.032248 2.173312 -0.124035
v 0.007440 2.164407 -0.114953
v 0.045003 2.157701 -0.102463
v 0.090000 2.153735 -0.078314
v 0.122490 2.152712 -0.056717
v 0.085349 2.160958 -0.065413
v 0.037502 2.169352 -0.081655
v 0.002339 2.172329 -0.100804
v -0.035102 2.164547 -0.120156
v 0.004586 2.155642 -0.111075
v 0.042149 2.148937 -0.098585
v 0.087146 2.144971 -0.074436
v 0.119636 2.143947 -0.052839
v 0.082495 2.152194 -0.061535
v 0.034648 2.160587 -0.077776
v -0.000515 2.163564 -0.096925
vn -0.2854 -0.8764 0.3878
vn 0.2854 0.8764 -0.3878
vn 0.1081 -0.4315 -0.8956
vn 0.2079 -0.4516 -0.8677
vn 0.3832 -0.4752 -0.7920
vn 0.4748 -0.4808 -0.7371
vn -0.1133 0.4327 0.8944
vn -0.2144 0.4528 0.8655
vn -0.3893 0.4758 0.7888
vn -0.4794 0.4809 0.7341
s 0
usemtl PineNeedleSun
f 3483//2409 3484//2409 3485//2409 3486//2409 3487//2409 3488//2409 3489//2409 3490//2409
f 3498//2410 3497//2410 3496//2410 3495//2410 3494//2410 3493//2410 3492//2410 3491//2410
f 3483//2411 3484//2411 3492//2411 3491//2411
f 3484//2412 3485//2412 3493//2412 3492//2412
f 3485//2413 3486//2413 3494//2413 3493//2413
f 3486//2414 3487//2414 3495//2414 3494//2414
f 3487//2415 3488//2415 3496//2415 3495//2415
f 3488//2416 3489//2416 3497//2416 3496//2416
f 3489//2417 3490//2417 3498//2417 3497//2417
f 3490//2418 3483//2418 3491//2418 3498//2418
o pine_tip_needle.054
v -0.078412 2.096952 -0.131801
v -0.106165 2.088839 -0.161379
v -0.130939 2.082506 -0.192239
v -0.157095 2.078097 -0.235964
v -0.174387 2.076352 -0.270597
v -0.148491 2.083876 -0.242772
v -0.117062 2.091827 -0.203219
v -0.096728 2.095176 -0.168845
v -0.073942 2.088187 -0.133591
v -0.101695 2.080074 -0.163169
v -0.126469 2.073742 -0.194029
v -0.152625 2.069333 -0.237754
v -0.169917 2.067587 -0.272387
v -0.144021 2.075111 -0.244562
v -0.112592 2.083062 -0.205009
v -0.092258 2.086412 -0.170635
vn 0.4470 -0.8764 -0.1790
vn -0.4470 0.8764 0.1790
vn -0.5916 -0.4398 0.6757
vn -0.6466 -0.4548 0.6124
vn -0.7339 -0.4737 0.4868
vn -0.7753 -0.4794 0.4113
vn 0.5946 0.4406 -0.6725
vn 0.6500 0.4557 -0.6081
vn 0.7367 0.4742 -0.4820
vn 0.7772 0.4796 -0.4073
s 0
usemtl PineNeedleDeep
f 3499//2419 3500//2419 3501//2419 3502//2419 3503//2419 3504//2419 3505//2419 3506//2419
f 3514//2420 3513//2420 3512//2420 3511//2420 3510//2420 3509//2420 3508//2420 3507//2420
f 3499//2421 3500//2421 3508//2421 3507//2421
f 3500//2422 3501//2422 3509//2422 3508//2422
f 3501//2423 3502//2423 3510//2423 3509//2423
f 3502//2424 3503//2424 3511//2424 3510//2424
f 3503//2425 3504//2425 3512//2425 3511//2425
f 3504//2426 3505//2426 3513//2426 3512//2426
f 3505//2427 3506//2427 3514//2427 3513//2427
f 3506//2428 3499//2428 3507//2428 3514//2428
o pine_tip_needle.055
v -0.072020 2.113091 -0.228431
v -0.094085 2.109294 -0.185662
v -0.118866 2.104252 -0.146400
v -0.157746 2.094798 -0.102242
v -0.189984 2.086425 -0.071658
v -0.169138 2.090051 -0.111621
v -0.137240 2.096597 -0.161527
v -0.106578 2.104088 -0.195948
v -0.068781 2.103667 -0.227596
v -0.090845 2.099870 -0.184828
v -0.115627 2.094828 -0.145566
v -0.154507 2.085374 -0.101408
v -0.186744 2.077001 -0.070824
v -0.165898 2.080628 -0.110787
v -0.134000 2.087173 -0.160693
v -0.103339 2.094664 -0.195114
vn 0.3239 -0.9424 0.0834
vn -0.3239 0.9424 -0.0834
vn 0.8283 0.3251 0.4562
vn 0.7833 0.3166 0.5350
vn 0.6851 0.2945 0.6663
vn 0.6219 0.2786 0.7318
vn -0.8262 -0.3248 -0.4604
vn -0.7801 -0.3160 -0.5400
vn -0.6812 -0.2935 -0.6707
vn -0.6185 -0.2777 -0.7350
s 0
usemtl PineNeedleDeep
f 3515//2429 3516//2429 3517//2429 3518//2429 3519//2429 3520//2429 3521//2429 3522//2429
f 3530//2430 3529//2430 3528//2430 3527//2430 3526//2430 3525//2430 3524//2430 3523//2430
f 3515//2431 3516//2431 3524//2431 3523//2431
f 3516//2432 3517//2432 3525//2432 3524//2432
f 3517//2433 3518//2433 3526//2433 3525//2433
f 3518//2434 3519//2434 3527//2434 3526//2434
f 3519//2435 3520//2435 3528//2435 3527//2435
f 3520//2436 3521//2436 3529//2436 3528//2436
f 3521//2437 3522//2437 3530//2437 3529//2437
f 3522//2438 3515//2438 3523//2438 3530//2438
o pine_crown_needle
v -0.020070 2.278820 0.008889
v 0.007551 2.270707 0.038589
v 0.032189 2.264375 0.069559
v 0.058151 2.259966 0.113399
v 0.075291 2.258220 0.148108
v 0.049517 2.265744 0.120168
v 0.018263 2.273695 0.080477
v -0.001918 2.277045 0.046013
v -0.024548 2.270056 0.010659
v 0.003074 2.261943 0.040359
v 0.027711 2.255611 0.071329
v 0.053674 2.251201 0.115169
v 0.070813 2.249456 0.149878
v 0.045040 2.256980 0.121938
v 0.013785 2.264931 0.082247
v -0.006396 2.268281 0.047784
vn -0.4478 -0.8764 0.1770
vn 0.4478 0.8764 -0.1770
vn 0.5946 -0.4398 -0.6731
vn 0.6493 -0.4548 -0.6095
vn 0.7361 -0.4737 -0.4835
vn 0.7771 -0.4794 -0.4078
vn -0.5976 0.4406 0.6699
vn -0.6527 0.4557 0.6052
vn -0.7389 0.4742 0.4788
vn -0.7790 0.4796 0.4038
s 0
usemtl PineNeedleSun
f 3531//2439 3532//2439 3533//2439 3534//2439 3535//2439 3536//2439 3537//2439 3538//2439
f 3546//2440 3545//2440 3544//2440 3543//2440 3542//2440 3541//2440 3540//2440 3539//2440
f 3531//2441 3532//2441 3540//2441 3539//2441
f 3532//2442 3533//2442 3541//2442 3540//2442
f 3533//2443 3534//2443 3542//2443 3541//2443
f 3534//2444 3535//2444 3543//2444 3542//2444
f 3535//2445 3536//2445 3544//2445 3543//2445
f 3536//2446 3537//2446 3545//2446 3544//2446
f 3537//2447 3538//2447 3546//2447 3545//2447
f 3538//2448 3531//2448 3539//2448 3546//2448
o pine_crown_needle.001
v -0.003524 2.468852 0.049165
v 0.015625 2.465055 0.005014
v 0.037721 2.460013 -0.035820
v 0.073555 2.450559 -0.082483
v 0.103670 2.442186 -0.115159
v 0.085549 2.445812 -0.073889
v 0.057066 2.452358 -0.021958
v 0.028780 2.459849 0.014440
v -0.006812 2.459428 0.048549
v 0.012337 2.455631 0.004399
v 0.034433 2.450589 -0.036435
v 0.070267 2.441135 -0.083099
v 0.100382 2.432762 -0.115774
v 0.082261 2.436389 -0.074504
v 0.053778 2.442934 -0.022573
v 0.025492 2.450425 0.013825
vn -0.3288 -0.9424 -0.0616
vn 0.3288 0.9424 0.0616
vn -0.8571 0.3251 -0.3997
vn -0.8173 0.3166 -0.4814
vn -0.7282 0.2945 -0.6189
vn -0.6696 0.2786 -0.6885
vn 0.8552 -0.3248 0.4040
vn 0.8145 -0.3160 0.4866
vn 0.7246 -0.2935 0.6235
vn 0.6664 -0.2777 0.6919
s 0
usemtl PineNeedleSun
f 3547//2449 3548//2449 3549//2449 3550//2449 3551//2449 3552//2449 3553//2449 3554//2449
f 3562//2450 3561//2450 3560//2450 3559//2450 3558//2450 3557//2450 3556//2450 3555//2450
f 3547//2451 3548//2451 3556//2451 3555//2451
f 3548//2452 3549//2452 3557//2452 3556//2452
f 3549//2453 3550//2453 3558//2453 3557//2453
f 3550//2454 3551//2454 3559//2454 3558//2454
f 3551//2455 3552//2455 3560//2455 3559//2455
f 3552//2456 3553//2456 3561//2456 3560//2456
f 3553//2457 3554//2457 3562//2457 3561//2457
f 3554//2458 3547//2458 3555//2458 3562//2458
o pine_crown_needle.002
v -0.079317 2.407853 0.077874
v -0.133469 2.397249 0.078921
v -0.184929 2.383510 0.076312
v -0.247057 2.358321 0.064695
v -0.292139 2.336180 0.052462
v -0.241450 2.346291 0.051665
v -0.175885 2.364106 0.055295
v -0.127319 2.384054 0.064630
v -0.077822 2.400917 0.084921
v -0.131975 2.390313 0.085968
v -0.183435 2.376574 0.083359
v -0.245563 2.351385 0.071742
v -0.290644 2.329244 0.059509
v -0.239956 2.339355 0.058712
v -0.174391 2.357170 0.062342
v -0.125825 2.377118 0.071677
vn 0.1494 -0.6936 0.7047
vn -0.1494 0.6936 -0.7047
vn -0.1222 0.6943 0.7093
vn -0.2155 0.6727 0.7078
vn -0.3793 0.6180 0.6887
vn -0.4660 0.5792 0.6689
vn 0.1271 -0.6933 -0.7094
vn 0.2215 -0.6711 -0.7075
vn 0.3850 -0.6156 -0.6876
vn 0.4703 -0.5770 -0.6677
s 0
usemtl PineNeedleSun
f 3563//2459 3564//2459 3565//2459 3566//2459 3567//2459 3568//2459 3569//2459 3570//2459
f 3578//2460 3577//2460 3576//2460 3575//2460 3574//2460 3573//2460 3572//2460 3571//2460
f 3563//2461 3564//2461 3572//2461 3571//2461
f 3564//2462 3565//2462 3573//2462 3572//2462
f 3565//2463 3566//2463 3574//2463 3573//2463
f 3566//2464 3567//2464 3575//2464 3574//2464
f 3567//2465 3568//2465 3576//2465 3575//2465
f 3568//2466 3569//2466 3577//2466 3576//2466
f 3569//2467 3570//2467 3578//2467 3577//2467
f 3570//2468 3563//2468 3571//2468 3578//2468
o pine_crown_needle.003
v 0.017175 2.345985 -0.009060
v 0.068836 2.328721 0.019144
v 0.117552 2.312280 0.049633
v 0.175482 2.292350 0.095106
v 0.217119 2.277850 0.131993
v 0.168782 2.294012 0.105406
v 0.106745 2.314962 0.066247
v 0.061487 2.330545 0.030442
v 0.014202 2.336446 -0.009454
v 0.065863 2.319181 0.018750
v 0.114579 2.302741 0.049239
v 0.172509 2.282810 0.094711
v 0.214147 2.268311 0.131599
v 0.165809 2.284472 0.105012
v 0.103772 2.305422 0.065853
v 0.058514 2.321005 0.030048
vn -0.2973 -0.9540 -0.0394
vn 0.2973 0.9540 0.0394
vn 0.4497 -0.1035 -0.8871
vn 0.4974 -0.1195 -0.8592
vn 0.5789 -0.1473 -0.8020
vn 0.6221 -0.1622 -0.7660
vn -0.4523 0.1044 0.8857
vn -0.5005 0.1205 0.8573
vn -0.5817 0.1482 0.7998
vn -0.6243 0.1630 0.7640
s 0
usemtl PineNeedleSun
f 3579//2469 3580//2469 3581//2469 3582//2469 3583//2469 3584//2469 3585//2469 3586//2469
f 3594//2470 3593//2470 3592//2470 3591//2470 3590//2470 3589//2470 3588//2470 3587//2470
f 3579//2471 3580//2471 3588//2471 3587//2471
f 3580//2472 3581//2472 3589//2472 3588//2472
f 3581//2473 3582//2473 3590//2473 3589//2473
f 3582//2474 3583//2474 3591//2474 3590//2474
f 3583//2475 3584//2475 3592//2475 3591//2475
f 3584//2476 3585//2476 3593//2476 3592//2476
f 3585//2477 3586//2477 3594//2477 3593//2477
f 3586//2478 3579//2478 3587//2478 3594//2478
o pine_crown_needle.004
v 0.045526 2.486740 0.049660
v 0.013708 2.477835 0.024259
v -0.014717 2.471130 -0.003292
v -0.044781 2.467163 -0.044572
v -0.064684 2.466140 -0.078127
v -0.034993 2.474387 -0.054178
v 0.001070 2.482780 -0.018786
v 0.024443 2.485757 0.013723
v 0.049780 2.477976 0.047404
v 0.017962 2.469070 0.022003
v -0.010463 2.462365 -0.005548
v -0.040527 2.458399 -0.046828
v -0.060430 2.457376 -0.080383
v -0.030739 2.465622 -0.056434
v 0.005324 2.474016 -0.021042
v 0.028697 2.476993 0.011467
vn 0.4254 -0.8764 -0.2256
vn -0.4254 0.8764 0.2256
vn -0.4860 -0.4315 0.7600
vn -0.5637 -0.4516 0.6915
vn -0.6889 -0.4752 0.5474
vn -0.7476 -0.4808 0.4581
vn 0.4902 0.4327 -0.7567
vn 0.5686 0.4528 -0.6868
vn 0.6929 0.4758 -0.5418
vn 0.7504 0.4809 -0.4534
s 0
usemtl PineNeedleSun
f 3595//2479 3596//2479 3597//2479 3598//2479 3599//2479 3600//2479 3601//2479 3602//2479
f 3610//2480 3609//2480 3608//2480 3607//2480 3606//2480 3605//2480 3604//2480 3603//2480
f 3595//2481 3596//2481 3604//2481 3603//2481
f 3596//2482 3597//2482 3605//2482 3604//2482
f 3597//2483 3598//2483 3606//2483 3605//2483
f 3598//2484 3599//2484 3607//2484 3606//2484
f 3599//2485 3600//2485 3608//2485 3607//2485
f 3600//2486 3601//2486 3609//2486 3608//2486
f 3601//2487 3602//2487 3610//2487 3609//2487
f 3602//2488 3595//2488 3603//2488 3610//2488
o pine_crown_needle.005
v -0.052767 2.188289 0.060693
v -0.044006 2.185012 0.108387
v -0.040357 2.180215 0.154774
v -0.046935 2.170470 0.213277
v -0.056643 2.161623 0.256851
v -0.064606 2.164775 0.212153
v -0.068859 2.171029 0.152962
v -0.063387 2.178766 0.107155
v -0.049652 2.178865 0.059473
v -0.040892 2.175588 0.107167
v -0.037242 2.170791 0.153554
v -0.043821 2.161046 0.212057
v -0.053528 2.152199 0.255631
v -0.061492 2.155351 0.210934
v -0.065744 2.161605 0.151742
v -0.060273 2.169342 0.105935
vn 0.3115 -0.9424 -0.1220
vn -0.3115 0.9424 0.1220
vn 0.9330 0.3276 -0.1489
vn 0.9470 0.3184 -0.0416
vn 0.9438 0.2919 0.1548
vn 0.9260 0.2722 0.2616
vn -0.9340 -0.3273 0.1433
vn -0.9476 -0.3177 0.0345
vn -0.9430 -0.2908 -0.1617
vn -0.9248 -0.2711 -0.2670
s 0
usemtl PineNeedleSun
f 3611//2489 3612//2489 3613//2489 3614//2489 3615//2489 3616//2489 3617//2489 3618//2489
f 3626//2490 3625//2490 3624//2490 3623//2490 3622//2490 3621//2490 3620//2490 3619//2490
f 3611//2491 3612//2491 3620//2491 3619//2491
f 3612//2492 3613//2492 3621//2492 3620//2492
f 3613//2493 3614//2493 3622//2493 3621//2493
f 3614//2494 3615//2494 3623//2494 3622//2494
f 3615//2495 3616//2495 3624//2495 3623//2495
f 3616//2496 3617//2496 3625//2496 3624//2496
f 3617//2497 3618//2497 3626//2497 3625//2497
f 3618//2498 3611//2498 3619//2498 3626//2498
o pine_crown_needle.006
v 0.054526 2.598595 -0.003748
v 0.103234 2.585791 -0.025005
v 0.151007 2.571018 -0.043181
v 0.212175 2.547058 -0.060375
v 0.258129 2.526921 -0.070716
v 0.212461 2.539038 -0.050922
v 0.151468 2.558082 -0.027935
v 0.103547 2.576995 -0.014637
v 0.050192 2.591659 -0.009502
v 0.098900 2.578855 -0.030758
v 0.146673 2.564082 -0.048935
v 0.207841 2.540122 -0.066129
v 0.253795 2.519985 -0.076470
v 0.208127 2.532102 -0.056676
v 0.147134 2.551146 -0.033689
v 0.099213 2.570059 -0.020391
vn -0.4334 -0.6936 -0.5754
vn 0.4334 0.6936 0.5754
vn -0.1349 0.6812 -0.7195
vn -0.0772 0.6647 -0.7431
vn 0.0274 0.6280 -0.7777
vn 0.0862 0.6037 -0.7926
vn 0.1319 -0.6804 0.7208
vn 0.0734 -0.6635 0.7445
vn -0.0312 -0.6265 0.7788
vn -0.0892 -0.6023 0.7933
s 0
usemtl PineNeedleSun
f 3627//2499 3628//2499 3629//2499 3630//2499 3631//2499 3632//2499 3633//2499 3634//2499
f 3642//2500 3641//2500 3640//2500 3639//2500 3638//2500 3637//2500 3636//2500 3635//2500
f 3627//2501 3628//2501 3636//2501 3635//2501
f 3628//2502 3629//2502 3637//2502 3636//2502
f 3629//2503 3630//2503 3638//2503 3637//2503
f 3630//2504 3631//2504 3639//2504 3638//2504
f 3631//2505 3632//2505 3640//2505 3639//2505
f 3632//2506 3633//2506 3641//2506 3640//2506
f 3633//2507 3634//2507 3642//2507 3641//2507
f 3634//2508 3627//2508 3635//2508 3642//2508
o pine_crown_needle.007
v 0.064119 2.355589 0.088512
v 0.013640 2.338098 0.057946
v -0.033195 2.321550 0.024607
v -0.087074 2.301746 -0.025731
v -0.124972 2.287455 -0.066788
v -0.077779 2.303824 -0.037960
v -0.018204 2.324901 0.004883
v 0.023834 2.340377 0.044534
v 0.067055 2.346050 0.089123
v 0.016576 2.328558 0.058557
v -0.030259 2.312010 0.025217
v -0.084138 2.292206 -0.025121
v -0.122036 2.277915 -0.066177
v -0.074843 2.294284 -0.037349
v -0.015268 2.315361 0.005493
v 0.026770 2.330837 0.045145
vn 0.2936 -0.9540 0.0610
vn -0.2936 0.9540 -0.0610
vn -0.4911 -0.0957 0.8658
vn -0.5485 -0.1158 0.8281
vn -0.6448 -0.1505 0.7494
vn -0.6943 -0.1689 0.6996
vn 0.4942 0.0968 -0.8640
vn 0.5522 0.1171 -0.8255
vn 0.6481 0.1517 -0.7463
vn 0.6967 0.1698 -0.6970
s 0
usemtl PineNeedleSun
f 3643//2509 3644//2509 3645//2509 3646//2509 3647//2509 3648//2509 3649//2509 3650//2509
f 3658//2510 3657//2510 3656//2510 3655//2510 3654//2510 3653//2510 3652//2510 3651//2510
f 3643//2511 3644//2511 3652//2511 3651//2511
f 3644//2512 3645//2512 3653//2512 3652//2512
f 3645//2513 3646//2513 3654//2513 3653//2513
f 3646//2514 3647//2514 3655//2514 3654//2514
f 3647//2515 3648//2515 3656//2515 3655//2515
f 3648//2516 3649//2516 3657//2516 3656//2516
f 3649//2517 3650//2517 3658//2517 3657//2517
f 3650//2518 3643//2518 3651//2518 3658//2518
o pine_crown_needle.008
v 0.046134 2.416689 0.042092
v 0.073091 2.406991 0.072882
v 0.095601 2.399913 0.105474
v 0.115479 2.396390 0.152654
v 0.126625 2.396089 0.190406
v 0.101550 2.405057 0.161417
v 0.073134 2.413894 0.119609
v 0.057813 2.416498 0.082493
v 0.041498 2.407924 0.043391
v 0.068454 2.398227 0.074181
v 0.090964 2.391149 0.106773
v 0.110843 2.387625 0.153953
v 0.121988 2.387324 0.191705
v 0.096913 2.396293 0.162716
v 0.068497 2.405129 0.120908
v 0.053177 2.407733 0.083792
vn -0.4637 -0.8764 0.1299
vn 0.4637 0.8764 -0.1299
vn 0.6117 -0.4227 -0.6687
vn 0.6871 -0.4482 -0.5719
vn 0.7969 -0.4766 -0.3713
vn 0.8396 -0.4814 -0.2517
vn -0.6158 0.4242 0.6639
vn -0.6917 0.4497 0.5651
vn -0.8000 0.4771 0.3637
vn -0.8414 0.4815 0.2455
s 0
usemtl PineNeedleSun
f 3659//2519 3660//2519 3661//2519 3662//2519 3663//2519 3664//2519 3665//2519 3666//2519
f 3674//2520 3673//2520 3672//2520 3671//2520 3670//2520 3669//2520 3668//2520 3667//2520
f 3659//2521 3660//2521 3668//2521 3667//2521
f 3660//2522 3661//2522 3669//2522 3668//2522
f 3661//2523 3662//2523 3670//2523 3669//2523
f 3662//2524 3663//2524 3671//2524 3670//2524
f 3663//2525 3664//2525 3672//2525 3671//2525
f 3664//2526 3665//2526 3673//2526 3672//2526
f 3665//2527 3666//2527 3674//2527 3673//2527
f 3666//2528 3659//2528 3667//2528 3674//2528
o pine_crown_needle.009
v 0.066581 2.482101 -0.041741
v 0.050708 2.477783 -0.086839
v 0.038417 2.472496 -0.131518
v 0.030137 2.463333 -0.189744
v 0.027076 2.455434 -0.233919
v 0.041793 2.459536 -0.191614
v 0.057216 2.466372 -0.134533
v 0.063492 2.473619 -0.088889
v 0.063812 2.472677 -0.039864
v 0.047939 2.468359 -0.084962
v 0.035648 2.463072 -0.129641
v 0.027368 2.453909 -0.187868
v 0.024308 2.446010 -0.232042
v 0.039024 2.450112 -0.189737
v 0.054447 2.456948 -0.132656
v 0.060723 2.464195 -0.087012
vn -0.2769 -0.9424 0.1877
vn 0.2769 0.9424 -0.1877
vn -0.9022 0.3222 0.2867
vn -0.9241 0.3147 0.2170
vn -0.9508 0.2970 0.0885
vn -0.9585 0.2847 0.0155
vn 0.9035 -0.3218 -0.2831
vn 0.9253 -0.3142 -0.2124
vn 0.9514 -0.2962 -0.0838
vn 0.9587 -0.2840 -0.0117
s 0
usemtl PineNeedleSun
f 3675//2529 3676//2529 3677//2529 3678//2529 3679//2529 3680//2529 3681//2529 3682//2529
f 3690//2530 3689//2530 3688//2530 3687//2530 3686//2530 3685//2530 3684//2530 3683//2530
f 3675//2531 3676//2531 3684//2531 3683//2531
f 3676//2532 3677//2532 3685//2532 3684//2532
f 3677//2533 3678//2533 3686//2533 3685//2533
f 3678//2534 3679//2534 3687//2534 3686//2534
f 3679//2535 3680//2535 3688//2535 3687//2535
f 3680//2536 3681//2536 3689//2536 3688//2536
f 3681//2537 3682//2537 3690//2537 3689//2537
f 3682//2538 3675//2538 3683//2538 3690//2538
o pine_crown_needle.010
v 0.025595 2.324832 -0.036546
v -0.002341 2.313128 0.009245
v -0.031609 2.298872 0.051397
v -0.073336 2.274297 0.099088
v -0.106484 2.253158 0.132255
v -0.080198 2.264272 0.089462
v -0.042677 2.282702 0.035871
v -0.009867 2.302132 -0.001313
v 0.032396 2.317896 -0.034170
v 0.004459 2.306192 0.011621
v -0.024808 2.291936 0.053773
v -0.066535 2.267361 0.101464
v -0.099684 2.246222 0.134631
v -0.073397 2.257336 0.091838
v -0.035876 2.275766 0.038247
v -0.003067 2.295196 0.001063
vn 0.6800 -0.6936 0.2376
vn -0.6800 0.6936 -0.2376
vn 0.5278 0.6881 0.4979
vn 0.4853 0.6688 0.5632
vn 0.4008 0.6230 0.6717
vn 0.3496 0.5916 0.7265
vn -0.5257 -0.6872 -0.5014
vn -0.4825 -0.6674 -0.5673
vn -0.3976 -0.6211 -0.6754
vn -0.3469 -0.5899 -0.7292
s 0
usemtl PineNeedleSun
f 3691//2539 3692//2539 3693//2539 3694//2539 3695//2539 3696//2539 3697//2539 3698//2539
f 3706//2540 3705//2540 3704//2540 3703//2540 3702//2540 3701//2540 3700//2540 3699//2540
f 3691//2541 3692//2541 3700//2541 3699//2541
f 3692//2542 3693//2542 3701//2542 3700//2542
f 3693//2543 3694//2543 3702//2543 3701//2543
f 3694//2544 3695//2544 3703//2544 3702//2544
f 3695//2545 3696//2545 3704//2545 3703//2545
f 3696//2546 3697//2546 3705//2546 3704//2546
f 3697//2547 3698//2547 3706//2547 3705//2547
f 3698//2548 3691//2548 3699//2548 3706//2548
o pine_crown_needle.011
v -0.009855 2.563655 -0.014420
v 0.048453 2.545936 -0.004109
v 0.103985 2.529280 0.010884
v 0.171314 2.509604 0.041191
v 0.220298 2.495521 0.068666
v 0.165713 2.512098 0.058752
v 0.094951 2.533303 0.039207
v 0.042310 2.548671 0.015151
v -0.012826 2.554116 -0.014013
v 0.045482 2.536396 -0.003702
v 0.101014 2.519741 0.011291
v 0.168343 2.500064 0.041598
v 0.217327 2.485981 0.069073
v 0.162742 2.502558 0.059159
v 0.091980 2.523763 0.039614
v 0.039339 2.539131 0.015558
vn -0.2971 -0.9540 0.0407
vn 0.2971 0.9540 -0.0407
vn 0.1475 -0.0880 -0.9851
vn 0.2275 -0.1121 -0.9673
vn 0.3679 -0.1537 -0.9171
vn 0.4428 -0.1754 -0.8793
vn -0.1517 0.0892 0.9844
vn -0.2327 0.1137 0.9659
vn -0.3728 0.1551 0.9149
vn -0.4465 0.1765 0.8772
s 0
usemtl PineNeedleSun
f 3707//2549 3708//2549 3709//2549 3710//2549 3711//2549 3712//2549 3713//2549 3714//2549
f 3722//2550 3721//2550 3720//2550 3719//2550 3718//2550 3717//2550 3716//2550 3715//2550
f 3707//2551 3708//2551 3716//2551 3715//2551
f 3708//2552 3709//2552 3717//2552 3716//2552
f 3709//2553 3710//2553 3718//2553 3717//2553
f 3710//2554 3711//2554 3719//2554 3718//2554
f 3711//2555 3712//2555 3720//2555 3719//2555
f 3712//2556 3713//2556 3721//2556 3720//2556
f 3713//2557 3714//2557 3722//2557 3721//2557
f 3714//2558 3707//2558 3715//2558 3722//2558
o pine_crown_needle.012
v -0.102446 2.178699 -0.025913
v -0.121624 2.170587 -0.061652
v -0.137594 2.164254 -0.097861
v -0.151578 2.159845 -0.146855
v -0.159346 2.158099 -0.184778
v -0.141509 2.165624 -0.151211
v -0.121353 2.173574 -0.104887
v -0.110580 2.176924 -0.066429
v -0.097666 2.169935 -0.026489
v -0.116844 2.161822 -0.062228
v -0.132814 2.155490 -0.098437
v -0.146798 2.151081 -0.147431
v -0.154566 2.149335 -0.185354
v -0.136728 2.156859 -0.151787
v -0.116573 2.164810 -0.105462
v -0.105800 2.168160 -0.067005
vn 0.4781 -0.8764 -0.0576
vn -0.4781 0.8764 0.0576
vn -0.7460 -0.4398 0.5001
vn -0.7827 -0.4548 0.4248
vn -0.8347 -0.4737 0.2809
vn -0.8551 -0.4794 0.1972
vn 0.7480 0.4406 -0.4963
vn 0.7849 0.4557 -0.4197
vn 0.8362 0.4742 -0.2755
vn 0.8560 0.4796 -0.1929
s 0
usemtl PineNeedleSun
f 3723//2559 3724//2559 3725//2559 3726//2559 3727//2559 3728//2559 3729//2559 3730//2559
f 3738//2560 3737//2560 3736//2560 3735//2560 3734//2560 3733//2560 3732//2560 3731//2560
f 3723//2561 3724//2561 3732//2561 3731//2561
f 3724//2562 3725//2562 3733//2562 3732//2562
f 3725//2563 3726//2563 3734//2563 3733//2563
f 3726//2564 3727//2564 3735//2564 3734//2564
f 3727//2565 3728//2565 3736//2565 3735//2565
f 3728//2566 3729//2566 3737//2566 3736//2566
f 3729//2567 3730//2567 3738//2567 3737//2567
f 3730//2568 3723//2568 3731//2568 3738//2568
o pine_crown_needle.013
v 0.003585 2.494359 0.001738
v 0.013671 2.490562 0.048794
v 0.019431 2.485520 0.094864
v 0.017402 2.476066 0.153663
v 0.011894 2.467693 0.197758
v 0.002647 2.471320 0.153643
v -0.004368 2.477865 0.094831
v -0.002513 2.485357 0.048772
v 0.006618 2.484936 0.000327
v 0.016704 2.481138 0.047383
v 0.022464 2.476097 0.093453
v 0.020435 2.466642 0.152253
v 0.014927 2.458269 0.196347
v 0.005680 2.461896 0.152233
v -0.001335 2.468441 0.093420
v 0.000520 2.475933 0.047361
vn 0.3033 -0.9424 -0.1411
vn -0.3033 0.9424 0.1411
vn 0.9297 0.3251 -0.1730
vn 0.9449 0.3166 -0.0835
vn 0.9523 0.2945 0.0802
vn 0.9451 0.2786 0.1710
vn -0.9307 -0.3248 0.1684
vn -0.9456 -0.3160 0.0776
vn -0.9521 -0.2935 -0.0861
vn -0.9445 -0.2777 -0.1756
s 0
usemtl PineNeedleSun
f 3739//2569 3740//2569 3741//2569 3742//2569 3743//2569 3744//2569 3745//2569 3746//2569
f 3754//2570 3753//2570 3752//2570 3751//2570 3750//2570 3749//2570 3748//2570 3747//2570
f 3739//2571 3740//2571 3748//2571 3747//2571
f 3740//2572 3741//2572 3749//2572 3748//2572
f 3741//2573 3742//2573 3750//2573 3749//2573
f 3742//2574 3743//2574 3751//2574 3750//2574
f 3743//2575 3744//2575 3752//2575 3751//2575
f 3744//2576 3745//2576 3753//2576 3752//2576
f 3745//2577 3746//2577 3754//2577 3753//2577
f 3746//2578 3739//2578 3747//2578 3754//2578
o pine_crown_needle.014
v 0.017549 2.396267 0.086954
v 0.028064 2.385662 0.033822
v 0.041577 2.371924 -0.015901
v 0.066164 2.346735 -0.074127
v 0.087720 2.324593 -0.115567
v 0.077700 2.334705 -0.065872
v 0.060184 2.352520 -0.002586
v 0.040717 2.372468 0.042876
v 0.010346 2.389331 0.086913
v 0.020861 2.378726 0.033781
v 0.034374 2.364988 -0.015942
v 0.058960 2.339799 -0.074169
v 0.080517 2.317657 -0.115608
v 0.070497 2.327769 -0.065914
v 0.052981 2.345584 -0.002628
v 0.033513 2.365532 0.042835
vn -0.7203 -0.6936 -0.0041
vn 0.7203 0.6936 0.0041
vn -0.6669 0.6943 -0.2705
vn -0.6457 0.6727 -0.3613
vn -0.5920 0.6180 -0.5173
vn -0.5543 0.5792 -0.5978
vn 0.6660 -0.6933 0.2753
vn 0.6441 -0.6711 0.3672
vn 0.5898 -0.6156 0.5227
vn 0.5522 -0.5770 0.6018
s 0
usemtl PineNeedleSun
f 3755//2579 3756//2579 3757//2579 3758//2579 3759//2579 3760//2579 3761//2579 3762//2579
f 3770//2580 3769//2580 3768//2580 3767//2580 3766//2580 3765//2580 3764//2580 3763//2580
f 3755//2581 3756//2581 3764//2581 3763//2581
f 3756//2582 3757//2582 3765//2582 3764//2582
f 3757//2583 3758//2583 3766//2583 3765//2583
f 3758//2584 3759//2584 3767//2584 3766//2584
f 3759//2585 3760//2585 3768//2585 3767//2585
f 3760//2586 3761//2586 3769//2586 3768//2586
f 3761//2587 3762//2587 3770//2587 3769//2587
f 3762//2588 3755//2588 3763//2588 3770//2588
o pine_crown_needle.015
v -0.065428 2.350062 0.004055
v -0.120538 2.332798 0.024725
v -0.175453 2.316357 0.041671
v -0.247730 2.296426 0.055800
v -0.302862 2.281927 0.063207
v -0.251148 2.298089 0.043997
v -0.180965 2.319039 0.022634
v -0.124286 2.334621 0.011779
v -0.063187 2.340522 0.002063
v -0.118297 2.323258 0.022732
v -0.173212 2.306818 0.039679
v -0.245489 2.286886 0.053807
v -0.300621 2.272388 0.061215
v -0.248907 2.288549 0.042004
v -0.178724 2.309499 0.020641
v -0.122045 2.325082 0.009786
vn 0.2241 -0.9540 -0.1993
vn -0.2241 0.9540 0.1993
vn 0.3775 -0.1035 0.9202
vn 0.3253 -0.1195 0.9380
vn 0.2287 -0.1473 0.9623
vn 0.1732 -0.1622 0.9714
vn -0.3748 0.1044 -0.9212
vn -0.3218 0.1205 -0.9391
vn -0.2252 0.1482 -0.9630
vn -0.1703 0.1630 -0.9718
s 0
usemtl PineNeedleSun
f 3771//2589 3772//2589 3773//2589 3774//2589 3775//2589 3776//2589 3777//2589 3778//2589
f 3786//2590 3785//2590 3784//2590 3783//2590 3782//2590 3781//2590 3780//2590 3779//2590
f 3771//2591 3772//2591 3780//2591 3779//2591
f 3772//2592 3773//2592 3781//2592 3780//2592
f 3773//2593 3774//2593 3782//2593 3781//2593
f 3774//2594 3775//2594 3783//2594 3782//2594
f 3775//2595 3776//2595 3784//2595 3783//2595
f 3776//2596 3777//2596 3785//2596 3784//2596
f 3777//2597 3778//2597 3786//2597 3785//2597
f 3778//2598 3771//2598 3779//2598 3786//2598
o pine_crown_needle.016
v 0.078358 2.529068 0.020004
v 0.106506 2.520163 0.049420
v 0.131004 2.513458 0.080514
v 0.155296 2.509492 0.125434
v 0.170548 2.508468 0.161342
v 0.144315 2.516715 0.133649
v 0.113293 2.525109 0.093765
v 0.094462 2.528085 0.058430
v 0.073841 2.520304 0.021673
v 0.101989 2.511399 0.051089
v 0.126488 2.504694 0.082183
v 0.150779 2.500727 0.127102
v 0.166032 2.499704 0.163011
v 0.139798 2.507951 0.135318
v 0.108776 2.516344 0.095434
v 0.089945 2.519321 0.060099
vn -0.4517 -0.8764 0.1669
vn 0.4517 0.8764 -0.1669
vn 0.5830 -0.4315 -0.6885
vn 0.6509 -0.4516 -0.6102
vn 0.7557 -0.4752 -0.4506
vn 0.8020 -0.4808 -0.3544
vn -0.5867 0.4327 0.6846
vn -0.6551 0.4528 0.6048
vn -0.7590 0.4758 0.4446
vn -0.8042 0.4809 0.3493
s 0
usemtl PineNeedleSun
f 3787//2599 3788//2599 3789//2599 3790//2599 3791//2599 3792//2599 3793//2599 3794//2599
f 3802//2600 3801//2600 3800//2600 3799//2600 3798//2600 3797//2600 3796//2600 3795//2600
f 3787//2601 3788//2601 3796//2601 3795//2601
f 3788//2602 3789//2602 3797//2602 3796//2602
f 3789//2603 3790//2603 3798//2603 3797//2603
f 3790//2604 3791//2604 3799//2604 3798//2604
f 3791//2605 3792//2605 3800//2605 3799//2605
f 3792//2606 3793//2606 3801//2606 3800//2606
f 3793//2607 3794//2607 3802//2607 3801//2607
f 3794//2608 3787//2608 3795//2608 3802//2608
o pine_crown_needle.017
v -0.011424 2.294310 0.083996
v -0.013058 2.291034 0.035532
v -0.009831 2.286237 -0.010887
v 0.005299 2.276492 -0.067781
v 0.021323 2.267644 -0.109448
v 0.022611 2.270796 -0.064065
v 0.018092 2.277051 -0.004894
v 0.005929 2.284787 0.039607
v -0.014684 2.284886 0.084743
v -0.016319 2.281610 0.036279
v -0.013091 2.276813 -0.010140
v 0.002038 2.267068 -0.067034
v 0.018062 2.258220 -0.108701
v 0.019350 2.261372 -0.063318
v 0.014832 2.267627 -0.004146
v 0.002669 2.275363 0.040354
vn -0.3261 -0.9424 0.0747
vn 0.3261 0.9424 -0.0747
vn -0.9448 0.3276 0.0097
vn -0.9428 0.3184 -0.0985
vn -0.9107 0.2919 -0.2922
vn -0.8773 0.2722 -0.3952
vn 0.9449 -0.3273 -0.0041
vn 0.9423 -0.3177 0.1055
vn 0.9089 -0.2908 0.2990
vn 0.8753 -0.2711 0.4004
s 0
usemtl PineNeedleSun
f 3803//2609 3804//2609 3805//2609 3806//2609 3807//2609 3808//2609 3809//2609 3810//2609
f 3818//2610 3817//2610 3816//2610 3815//2610 3814//2610 3813//2610 3812//2610 3811//2610
f 3803//2611 3804//2611 3812//2611 3811//2611
f 3804//2612 3805//2612 3813//2612 3812//2612
f 3805//2613 3806//2613 3814//2613 3813//2613
f 3806//2614 3807//2614 3815//2614 3814//2614
f 3807//2615 3808//2615 3816//2615 3815//2615
f 3808//2616 3809//2616 3817//2616 3816//2616
f 3809//2617 3810//2617 3818//2617 3817//2617
f 3810//2618 3803//2618 3811//2618 3818//2618
o pine_crown_needle.018
v -0.036915 2.606744 0.031209
v -0.053747 2.593940 0.081617
v -0.072238 2.579167 0.129269
v -0.100431 2.555207 0.186211
v -0.123523 2.535070 0.227265
v -0.107642 2.547187 0.180093
v -0.083870 2.566231 0.119402
v -0.061656 2.585144 0.074907
v -0.029740 2.599808 0.031843
v -0.046571 2.587004 0.082251
v -0.065063 2.572231 0.129903
v -0.093255 2.548271 0.186845
v -0.116348 2.528134 0.227899
v -0.100467 2.540251 0.180727
v -0.076694 2.559295 0.120036
v -0.054481 2.578208 0.075541
vn 0.7176 -0.6936 0.0634
vn -0.7176 0.6936 -0.0634
vn 0.6247 0.6812 0.3816
vn 0.6036 0.6647 0.4403
vn 0.5592 0.6280 0.5411
vn 0.5309 0.6037 0.5947
vn -0.6237 -0.6804 -0.3847
vn -0.6021 -0.6635 -0.4441
vn -0.5575 -0.6265 -0.5447
vn -0.5294 -0.6023 -0.5975
s 0
usemtl PineNeedleSun
f 3819//2619 3820//2619 3821//2619 3822//2619 3823//2619 3824//2619 3825//2619 3826//2619
f 3834//2620 3833//2620 3832//2620 3831//2620 3830//2620 3829//2620 3828//2620 3827//2620
f 3819//2621 3820//2621 3828//2621 3827//2621
f 3820//2622 3821//2622 3829//2622 3828//2622
f 3821//2623 3822//2623 3830//2623 3829//2623
f 3822//2624 3823//2624 3831//2624 3830//2624
f 3823//2625 3824//2625 3832//2625 3831//2625
f 3824//2626 3825//2626 3833//2626 3832//2626
f 3825//2627 3826//2627 3834//2627 3833//2627
f 3826//2628 3819//2628 3827//2628 3834//2628
o pine_crown_needle.019
v 0.091100 2.270105 0.057178
v 0.131586 2.252613 0.014244
v 0.174018 2.236065 -0.024545
v 0.234548 2.216261 -0.066651
v 0.282649 2.201970 -0.095081
v 0.244552 2.218339 -0.054995
v 0.190154 2.239417 -0.005745
v 0.142558 2.254892 0.027028
v 0.089887 2.260565 0.059921
v 0.130372 2.243073 0.016987
v 0.172805 2.226525 -0.021802
v 0.233335 2.206722 -0.063908
v 0.281435 2.192430 -0.092339
v 0.243339 2.208800 -0.052253
v 0.188940 2.229877 -0.003003
v 0.141345 2.245352 0.029770
vn -0.1213 -0.9540 0.2742
vn 0.1213 0.9540 -0.2742
vn -0.7434 -0.0957 -0.6620
vn -0.6944 -0.1158 -0.7102
vn -0.5973 -0.1505 -0.7878
vn -0.5382 -0.1689 -0.8257
vn 0.7409 0.0968 0.6646
vn 0.6911 0.1171 0.7132
vn 0.5936 0.1517 0.7904
vn 0.5351 0.1698 0.8275
s 0
usemtl PineNeedleSun
f 3835//2629 3836//2629 3837//2629 3838//2629 3839//2629 3840//2629 3841//2629 3842//2629
f 3850//2630 3849//2630 3848//2630 3847//2630 3846//2630 3845//2630 3844//2630 3843//2630
f 3835//2631 3836//2631 3844//2631 3843//2631
f 3836//2632 3837//2632 3845//2632 3844//2632
f 3837//2633 3838//2633 3846//2633 3845//2633
f 3838//2634 3839//2634 3847//2634 3846//2634
f 3839//2635 3840//2635 3848//2635 3847//2635
f 3840//2636 3841//2636 3849//2636 3848//2636
f 3841//2637 3842//2637 3850//2637 3849//2637
f 3842//2638 3835//2638 3843//2638 3850//2638
o pine_crown_needle.020
v 0.043074 2.424208 0.038843
v 0.003036 2.414511 0.030384
v -0.034527 2.407433 0.017814
v -0.078736 2.403909 -0.008005
v -0.110303 2.403608 -0.031521
v -0.072850 2.412577 -0.023373
v -0.025033 2.421413 -0.006973
v 0.009491 2.424018 0.013528
v 0.046004 2.415444 0.035022
v 0.005966 2.405746 0.026563
v -0.031597 2.398669 0.013993
v -0.075806 2.395145 -0.011826
v -0.107373 2.394844 -0.035342
v -0.069920 2.403813 -0.027194
v -0.022103 2.412649 -0.010794
v 0.012421 2.415253 0.009707
vn 0.2930 -0.8764 -0.3821
vn -0.2930 0.8764 0.3821
vn -0.0882 -0.4227 0.9020
vn -0.2066 -0.4482 0.8697
vn -0.4147 -0.4766 0.7752
vn -0.5207 -0.4814 0.7051
vn 0.0944 0.4242 -0.9006
vn 0.2143 0.4497 -0.8671
vn 0.4218 0.4771 -0.7710
vn 0.5258 0.4815 -0.7012
s 0
usemtl PineNeedleSun
f 3851//2639 3852//2639 3853//2639 3854//2639 3855//2639 3856//2639 3857//2639 3858//2639
f 3866//2640 3865//2640 3864//2640 3863//2640 3862//2640 3861//2640 3860//2640 3859//2640
f 3851//2641 3852//2641 3860//2641 3859//2641
f 3852//2642 3853//2642 3861//2642 3860//2642
f 3853//2643 3854//2643 3862//2643 3861//2643
f 3854//2644 3855//2644 3863//2644 3862//2644
f 3855//2645 3856//2645 3864//2645 3863//2645
f 3856//2646 3857//2646 3865//2646 3864//2646
f 3857//2647 3858//2647 3866//2647 3865//2647
f 3858//2648 3851//2648 3859//2648 3866//2648
o pine_crown_needle.021
v 0.051292 2.437313 0.010812
v 0.055620 2.432996 0.058425
v 0.056578 2.427709 0.104755
v 0.050325 2.418545 0.163233
v 0.042458 2.410647 0.206809
v 0.038567 2.414748 0.162187
v 0.037614 2.421585 0.103067
v 0.042724 2.428831 0.057278
v 0.054437 2.427889 0.009672
v 0.058765 2.423572 0.057285
v 0.059723 2.418285 0.103614
v 0.053469 2.409122 0.162093
v 0.045603 2.401223 0.205669
v 0.041711 2.405324 0.161046
v 0.040759 2.412161 0.101926
v 0.045869 2.419407 0.056137
vn 0.3145 -0.9424 -0.1140
vn -0.3145 0.9424 0.1140
vn 0.9450 0.3222 -0.0567
vn 0.9490 0.3147 0.0163
vn 0.9434 0.2970 0.1474
vn 0.9330 0.2847 0.2200
vn -0.9453 -0.3218 0.0529
vn -0.9491 -0.3142 -0.0210
vn -0.9429 -0.2962 -0.1521
vn -0.9323 -0.2840 -0.2238
s 0
usemtl PineNeedleSun
f 3867//2649 3868//2649 3869//2649 3870//2649 3871//2649 3872//2649 3873//2649 3874//2649
f 3882//2650 3881//2650 3880//2650 3879//2650 3878//2650 3877//2650 3876//2650 3875//2650
f 3867//2651 3868//2651 3876//2651 3875//2651
f 3868//2652 3869//2652 3877//2652 3876//2652
f 3869//2653 3870//2653 3878//2653 3877//2653
f 3870//2654 3871//2654 3879//2654 3878//2654
f 3871//2655 3872//2655 3880//2655 3879//2655
f 3872//2656 3873//2656 3881//2656 3880//2656
f 3873//2657 3874//2657 3882//2657 3881//2657
f 3874//2658 3867//2658 3875//2658 3882//2658
o pine_crown_needle.022
v 0.027558 2.262408 -0.048059
v 0.055112 2.250704 -0.094081
v 0.084029 2.236448 -0.136476
v 0.125357 2.211874 -0.184512
v 0.158229 2.190735 -0.217954
v 0.132299 2.201849 -0.174943
v 0.095225 2.220279 -0.121043
v 0.062726 2.239709 -0.083587
v 0.020738 2.255472 -0.050379
v 0.048292 2.243768 -0.096401
v 0.077209 2.229512 -0.138795
v 0.118537 2.204938 -0.186831
v 0.151409 2.183799 -0.220273
v 0.125479 2.194913 -0.177263
v 0.088405 2.213342 -0.123362
v 0.055906 2.232773 -0.085906
vn -0.6820 -0.6936 -0.2319
vn 0.6820 0.6936 0.2319
vn -0.5320 0.6881 -0.4935
vn -0.4900 0.6688 -0.5591
vn -0.4064 0.6230 -0.6683
vn -0.3556 0.5916 -0.7235
vn 0.5299 -0.6872 0.4970
vn 0.4872 -0.6674 0.5633
vn 0.4032 -0.6211 0.6720
vn 0.3529 -0.5899 0.7263
s 0
usemtl PineNeedleSun
f 3883//2659 3884//2659 3885//2659 3886//2659 3887//2659 3888//2659 3889//2659 3890//2659
f 3898//2660 3897//2660 3896//2660 3895//2660 3894//2660 3893//2660 3892//2660 3891//2660
f 3883//2661 3884//2661 3892//2661 3891//2661
f 3884//2662 3885//2662 3893//2662 3892//2662
f 3885//2663 3886//2663 3894//2663 3893//2663
f 3886//2664 3887//2664 3895//2664 3894//2664
f 3887//2665 3888//2665 3896//2665 3895//2665
f 3888//2666 3889//2666 3897//2666 3896//2666
f 3889//2667 3890//2667 3898//2667 3897//2667
f 3890//2668 3883//2668 3891//2668 3898//2668
o pine_crown_needle.023
v 0.033428 2.547246 -0.029510
v -0.005356 2.529526 0.015233
v -0.046733 2.512871 0.055189
v -0.107309 2.493195 0.097407
v -0.156035 2.479111 0.125336
v -0.119502 2.495688 0.083585
v -0.066400 2.516893 0.032895
v -0.018730 2.532261 0.000073
v 0.034605 2.537706 -0.032269
v -0.004180 2.519986 0.012474
v -0.045557 2.503331 0.052430
v -0.106133 2.483655 0.094648
v -0.154859 2.469572 0.122577
v -0.118326 2.486149 0.080826
v -0.065224 2.507353 0.030136
v -0.017554 2.522722 -0.002686
vn 0.1176 -0.9540 -0.2759
vn -0.1176 0.9540 0.2759
vn 0.7697 -0.0880 0.6323
vn 0.7133 -0.1121 0.6919
vn 0.5981 -0.1537 0.7865
vn 0.5273 -0.1754 0.8314
vn -0.7669 0.0892 -0.6356
vn -0.7094 0.1137 -0.6956
vn -0.5937 0.1551 -0.7896
vn -0.5235 0.1765 -0.8336
s 0
usemtl PineNeedleSun
f 3899//2669 3900//2669 3901//2669 3902//2669 3903//2669 3904//2669 3905//2669 3906//2669
f 3914//2670 3913//2670 3912//2670 3911//2670 3910//2670 3909//2670 3908//2670 3907//2670
f 3899//2671 3900//2671 3908//2671 3907//2671
f 3900//2672 3901//2672 3909//2672 3908//2672
f 3901//2673 3902//2673 3910//2673 3909//2673
f 3902//2674 3903//2674 3911//2674 3910//2674
f 3903//2675 3904//2675 3912//2675 3911//2675
f 3904//2676 3905//2676 3913//2676 3912//2676
f 3905//2677 3906//2677 3914//2677 3913//2677
f 3906//2678 3899//2678 3907//2678 3914//2678
o pine_crown_needle.024
v -0.005136 2.267231 0.042153
v 0.034401 2.259118 0.033103
v 0.073544 2.252785 0.027271
v 0.124492 2.248376 0.026734
v 0.163119 2.246630 0.029266
v 0.126031 2.254155 0.037597
v 0.076027 2.262105 0.044792
v 0.036089 2.265455 0.045017
v -0.005844 2.258466 0.046915
v 0.033693 2.250353 0.037866
v 0.072835 2.244021 0.032034
v 0.123783 2.239612 0.031497
v 0.162410 2.237866 0.034029
v 0.125323 2.245390 0.042360
v 0.075318 2.253341 0.049555
v 0.035381 2.256691 0.049780
vn -0.0708 -0.8764 0.4763
vn 0.0708 0.8764 -0.4763
vn -0.2852 -0.4398 -0.8516
vn -0.2028 -0.4548 -0.8672
vn -0.0503 -0.4737 -0.8792
vn 0.0358 -0.4794 -0.8769
vn 0.2809 0.4406 0.8526
vn 0.1973 0.4557 0.8680
vn 0.0447 0.4742 0.8793
vn -0.0403 0.4796 0.8766
s 0
usemtl PineNeedleSun
f 3915//2679 3916//2679 3917//2679 3918//2679 3919//2679 3920//2679 3921//2679 3922//2679
f 3930//2680 3929//2680 3928//2680 3927//2680 3926//2680 3925//2680 3924//2680 3923//2680
f 3915//2681 3916//2681 3924//2681 3923//2681
f 3916//2682 3917//2682 3925//2682 3924//2682
f 3917//2683 3918//2683 3926//2683 3925//2683
f 3918//2684 3919//2684 3927//2684 3926//2684
f 3919//2685 3920//2685 3928//2685 3927//2685
f 3920//2686 3921//2686 3929//2686 3928//2686
f 3921//2687 3922//2687 3930//2687 3929//2687
f 3922//2688 3915//2688 3923//2688 3930//2688
o pine_crown_needle.025
v -0.045372 2.568653 -0.037525
v -0.073771 2.564856 -0.076377
v -0.097819 2.559814 -0.116092
v -0.119946 2.550360 -0.170608
v -0.132899 2.541987 -0.213115
v -0.106465 2.545614 -0.176607
v -0.076076 2.552159 -0.125768
v -0.058986 2.559650 -0.082957
v -0.047566 2.559229 -0.035000
v -0.075965 2.555432 -0.073852
v -0.100013 2.550390 -0.113567
v -0.122140 2.540936 -0.168083
v -0.135094 2.532563 -0.210590
v -0.108659 2.536190 -0.174082
v -0.078270 2.542735 -0.123243
v -0.061180 2.550226 -0.080432
vn -0.2194 -0.9424 0.2525
vn 0.2194 0.9424 -0.2525
vn -0.7783 0.3251 0.5371
vn -0.8287 0.3166 0.4616
vn -0.9022 0.2945 0.3151
vn -0.9326 0.2786 0.2293
vn 0.7811 -0.3248 -0.5333
vn 0.8317 -0.3160 -0.4565
vn 0.9044 -0.2935 -0.3097
vn 0.9340 -0.2777 -0.2248
s 0
usemtl PineNeedleSun
f 3931//2689 3932//2689 3933//2689 3934//2689 3935//2689 3936//2689 3937//2689 3938//2689
f 3946//2690 3945//2690 3944//2690 3943//2690 3942//2690 3941//2690 3940//2690 3939//2690
f 3931//2691 3932//2691 3940//2691 3939//2691
f 3932//2692 3933//2692 3941//2692 3940//2692
f 3933//2693 3934//2693 3942//2693 3941//2693
f 3934//2694 3935//2694 3943//2694 3942//2694
f 3935//2695 3936//2695 3944//2695 3943//2695
f 3936//2696 3937//2696 3945//2696 3944//2696
f 3937//2697 3938//2697 3946//2697 3945//2697
f 3938//2698 3931//2698 3939//2698 3946//2698
o pine_crown_needle.026
v 0.043633 2.363902 0.029854
v 0.017551 2.353297 0.077323
v -0.010359 2.339559 0.120636
v -0.051394 2.314370 0.168709
v -0.084468 2.292228 0.201695
v -0.059896 2.302340 0.157353
v -0.024071 2.320155 0.102321
v 0.008226 2.340103 0.064869
v 0.050487 2.356966 0.032071
v 0.024405 2.346361 0.079540
v -0.003505 2.332623 0.122853
v -0.044540 2.307434 0.170925
v -0.077614 2.285292 0.203912
v -0.053042 2.295403 0.159570
v -0.017217 2.313219 0.104537
v 0.015080 2.333167 0.067085
vn 0.6854 -0.6936 0.2217
vn -0.6854 0.6936 -0.2217
vn 0.5540 0.6943 0.4595
vn 0.5063 0.6727 0.5396
vn 0.4080 0.6180 0.6721
vn 0.3477 0.5792 0.7373
vn -0.5516 -0.6933 -0.4638
vn -0.5030 -0.6711 -0.5447
vn -0.4042 -0.6156 -0.6765
vn -0.3445 -0.5770 -0.7405
s 0
usemtl PineNeedleSun
f 3947//2699 3948//2699 3949//2699 3950//2699 3951//2699 3952//2699 3953//2699 3954//2699
f 3962//2700 3961//2700 3960//2700 3959//2700 3958//2700 3957//2700 3956//2700 3955//2700
f 3947//2701 3948//2701 3956//2701 3955//2701
f 3948//2702 3949//2702 3957//2702 3956//2702
f 3949//2703 3950//2703 3958//2703 3957//2703
f 3950//2704 3951//2704 3959//2704 3958//2704
f 3951//2705 3952//2705 3960//2705 3959//2705
f 3952//2706 3953//2706 3961//2706 3960//2706
f 3953//2707 3954//2707 3962//2707 3961//2707
f 3954//2708 3947//2708 3955//2708 3962//2708
o pine_crown_needle.027
v -0.062532 2.399853 0.050578
v -0.012664 2.382589 0.019313
v 0.037756 2.366148 -0.008266
v 0.105752 2.346218 -0.036554
v 0.158291 2.331718 -0.054829
v 0.111460 2.347880 -0.025671
v 0.046962 2.368830 0.009286
v -0.006405 2.384413 0.031248
v -0.064330 2.390314 0.052978
v -0.014462 2.373049 0.021713
v 0.035959 2.356609 -0.005866
v 0.103955 2.336678 -0.034153
v 0.156494 2.322179 -0.052429
v 0.109662 2.338340 -0.023271
v 0.045164 2.359290 0.011686
v -0.008202 2.374873 0.033648
vn -0.1798 -0.9540 0.2400
vn 0.1798 0.9540 -0.2400
vn -0.5538 -0.1035 -0.8262
vn -0.5062 -0.1195 -0.8541
vn -0.4164 -0.1473 -0.8972
vn -0.3638 -0.1622 -0.9172
vn 0.5514 0.1044 0.8277
vn 0.5030 0.1205 0.8558
vn 0.4131 0.1482 0.8986
vn 0.3611 0.1630 0.9182
s 0
usemtl PineNeedleSun
f 3963//2709 3964//2709 3965//2709 3966//2709 3967//2709 3968//2709 3969//2709 3970//2709
f 3978//2710 3977//2710 3976//2710 3975//2710 3974//2710 3973//2710 3972//2710 3971//2710
f 3963//2711 3964//2711 3972//2711 3971//2711
f 3964//2712 3965//2712 3973//2712 3972//2712
f 3965//2713 3966//2713 3974//2713 3973//2713
f 3966//2714 3967//2714 3975//2714 3974//2714
f 3967//2715 3968//2715 3976//2715 3975//2715
f 3968//2716 3969//2716 3977//2716 3976//2716
f 3969//2717 3970//2717 3978//2717 3977//2717
f 3970//2718 3963//2718 3971//2718 3978//2718
o pine_crown_needle.028
v -0.082698 2.526317 -0.013872
v -0.120462 2.517412 0.001341
v -0.158430 2.510707 0.012543
v -0.209158 2.506740 0.018420
v -0.248163 2.505717 0.019249
v -0.212709 2.513963 0.005174
v -0.164157 2.522357 -0.008822
v -0.124357 2.525334 -0.013187
v -0.082570 2.517552 -0.018685
v -0.120335 2.508647 -0.003472
v -0.158303 2.501942 0.007730
v -0.209030 2.497976 0.013607
v -0.248035 2.496952 0.014436
v -0.212581 2.505199 0.000360
v -0.164030 2.513592 -0.013635
v -0.124229 2.516569 -0.018000
vn 0.0128 -0.8764 -0.4813
vn -0.0128 0.8764 0.4813
vn 0.4228 -0.4315 0.7969
vn 0.3249 -0.4516 0.8309
vn 0.1378 -0.4752 0.8690
vn 0.0312 -0.4808 0.8763
vn -0.4178 0.4327 -0.7989
vn -0.3184 0.4528 -0.8329
vn -0.1310 0.4758 -0.8698
vn -0.0258 0.4809 -0.8764
s 0
usemtl PineNeedleSun
f 3979//2719 3980//2719 3981//2719 3982//2719 3983//2719 3984//2719 3985//2719 3986//2719
f 3994//2720 3993//2720 3992//2720 3991//2720 3990//2720 3989//2720 3988//2720 3987//2720
f 3979//2721 3980//2721 3988//2721 3987//2721
f 3980//2722 3981//2722 3989//2722 3988//2722
f 3981//2723 3982//2723 3990//2723 3989//2723
f 3982//2724 3983//2724 3991//2724 3990//2724
f 3983//2725 3984//2725 3992//2725 3991//2725
f 3984//2726 3985//2726 3993//2726 3992//2726
f 3985//2727 3986//2727 3994//2727 3993//2727
f 3986//2728 3979//2728 3987//2728 3994//2728
o pine_crown_needle.029
v 0.031677 2.212214 0.074984
v 0.077315 2.208937 0.091374
v 0.119255 2.204140 0.111527
v 0.166531 2.194395 0.146610
v 0.199327 2.185547 0.176898
v 0.156681 2.188699 0.161324
v 0.103367 2.194954 0.135259
v 0.066511 2.202690 0.107512
v 0.032188 2.202790 0.071678
v 0.077826 2.199513 0.088069
v 0.119765 2.194716 0.108221
v 0.167042 2.184971 0.143305
v 0.199838 2.176123 0.173592
v 0.157191 2.179276 0.158018
v 0.103878 2.185530 0.131953
v 0.067022 2.193266 0.104206
vn 0.0511 -0.9424 -0.3306
vn -0.0511 0.9424 0.3306
vn 0.3401 0.3276 -0.8815
vn 0.4399 0.3184 -0.8397
vn 0.6080 0.2919 -0.7383
vn 0.6914 0.2722 -0.6692
vn -0.3454 -0.3273 0.8795
vn -0.4463 -0.3177 0.8366
vn -0.6137 -0.2908 0.7341
vn -0.6955 -0.2711 0.6654
s 0
usemtl PineNeedleSun
f 3995//2729 3996//2729 3997//2729 3998//2729 3999//2729 4000//2729 4001//2729 4002//2729
f 4010//2730 4009//2730 4008//2730 4007//2730 4006//2730 4005//2730 4004//2730 4003//2730
f 3995//2731 3996//2731 4004//2731 4003//2731
f 3996//2732 3997//2732 4005//2732 4004//2732
f 3997//2733 3998//2733 4006//2733 4005//2733
f 3998//2734 3999//2734 4007//2734 4006//2734
f 3999//2735 4000//2735 4008//2735 4007//2735
f 4000//2736 4001//2736 4009//2736 4008//2736
f 4001//2737 4002//2737 4010//2737 4009//2737
f 4002//2738 3995//2738 4003//2738 4010//2738
o pine_crown_needle.030
v -0.006952 2.525624 0.090722
v -0.000682 2.512821 0.037949
v 0.007773 2.498047 -0.012461
v 0.023845 2.474087 -0.073934
v 0.038142 2.453951 -0.118815
v 0.032146 2.466067 -0.069404
v 0.021162 2.485111 -0.005155
v 0.008423 2.504025 0.042917
v -0.014107 2.518688 0.091554
v -0.007837 2.505885 0.038782
v 0.000617 2.491111 -0.011629
v 0.016689 2.467151 -0.073101
v 0.030986 2.447015 -0.117982
v 0.024991 2.459131 -0.068571
v 0.014007 2.478175 -0.004322
v 0.001267 2.497088 0.043750
vn -0.7155 -0.6936 0.0833
vn 0.7155 0.6936 -0.0833
vn -0.6891 0.6812 -0.2471
vn -0.6803 0.6647 -0.3089
vn -0.6573 0.6280 -0.4166
vn -0.6404 0.6037 -0.4748
vn 0.6887 -0.6804 0.2504
vn 0.6796 -0.6635 0.3129
vn 0.6563 -0.6265 0.4204
vn 0.6395 -0.6023 0.4778
s 0
usemtl PineNeedleSun
f 4011//2739 4012//2739 4013//2739 4014//2739 4015//2739 4016//2739 4017//2739 4018//2739
f 4026//2740 4025//2740 4024//2740 4023//2740 4022//2740 4021//2740 4020//2740 4019//2740
f 4011//2741 4012//2741 4020//2741 4019//2741
f 4012//2742 4013//2742 4021//2742 4020//2742
f 4013//2743 4014//2743 4022//2743 4021//2743
f 4014//2744 4015//2744 4023//2744 4022//2744
f 4015//2745 4016//2745 4024//2745 4023//2745
f 4016//2746 4017//2746 4025//2746 4024//2746
f 4017//2747 4018//2747 4026//2747 4025//2747
f 4018//2748 4011//2748 4019//2748 4026//2748
o pine_crown_needle.031
v 0.027105 2.277621 0.055464
v -0.024478 2.260129 0.084129
v -0.076661 2.243581 0.108253
v -0.147097 2.223778 0.130060
v -0.201547 2.209486 0.142596
v -0.153103 2.225856 0.115923
v -0.086349 2.246933 0.085451
v -0.031065 2.262408 0.068623
v 0.029092 2.268081 0.053218
v -0.022491 2.250589 0.081882
v -0.074674 2.234041 0.106006
v -0.145110 2.214238 0.127814
v -0.199560 2.199947 0.140350
v -0.151117 2.216316 0.113677
v -0.084362 2.237393 0.083205
v -0.029079 2.252869 0.066377
vn 0.1987 -0.9540 -0.2246
vn -0.1987 0.9540 0.2246
vn 0.5081 -0.0957 0.8560
vn 0.4468 -0.1158 0.8871
vn 0.3308 -0.1505 0.9316
vn 0.2630 -0.1689 0.9499
vn -0.5050 0.0968 -0.8577
vn -0.4428 0.1171 -0.8890
vn -0.3265 0.1517 -0.9330
vn -0.2595 0.1698 -0.9507
s 0
usemtl PineNeedleSun
f 4027//2749 4028//2749 4029//2749 4030//2749 4031//2749 4032//2749 4033//2749 4034//2749
f 4042//2750 4041//2750 4040//2750 4039//2750 4038//2750 4037//2750 4036//2750 4035//2750
f 4027//2751 4028//2751 4036//2751 4035//2751
f 4028//2752 4029//2752 4037//2752 4036//2752
f 4029//2753 4030//2753 4038//2753 4037//2753
f 4030//2754 4031//2754 4039//2754 4038//2754
f 4031//2755 4032//2755 4040//2755 4039//2755
f 4032//2756 4033//2756 4041//2756 4040//2756
f 4033//2757 4034//2757 4042//2757 4041//2757
f 4034//2758 4027//2758 4035//2758 4042//2758
o pine_crown_needle.032
v 0.123198 2.483677 0.010345
v 0.163231 2.473980 0.001863
v 0.202666 2.466902 -0.001859
v 0.253544 2.463378 0.003841
v 0.291931 2.463077 0.012557
v 0.254387 2.472046 0.020277
v 0.204026 2.480882 0.024650
v 0.164156 2.483486 0.019888
v 0.122066 2.474913 0.015025
v 0.162100 2.465215 0.006543
v 0.201535 2.458138 0.002821
v 0.252413 2.454614 0.008522
v 0.290799 2.454313 0.017237
v 0.253256 2.463282 0.024957
v 0.202894 2.472118 0.029330
v 0.163024 2.474722 0.024569
vn -0.1131 -0.8764 0.4680
vn 0.1131 0.8764 -0.4680
vn -0.2847 -0.4227 -0.8604
vn -0.1634 -0.4482 -0.8789
vn 0.0652 -0.4766 -0.8767
vn 0.1905 -0.4814 -0.8555
vn 0.2785 0.4242 0.8617
vn 0.1553 0.4497 0.8796
vn -0.0734 0.4771 0.8758
vn -0.1968 0.4815 0.8541
s 0
usemtl PineNeedleSun
f 4043//2759 4044//2759 4045//2759 4046//2759 4047//2759 4048//2759 4049//2759 4050//2759
f 4058//2760 4057//2760 4056//2760 4055//2760 4054//2760 4053//2760 4052//2760 4051//2760
f 4043//2761 4044//2761 4052//2761 4051//2761
f 4044//2762 4045//2762 4053//2762 4052//2762
f 4045//2763 4046//2763 4054//2763 4053//2763
f 4046//2764 4047//2764 4055//2764 4054//2764
f 4047//2765 4048//2765 4056//2765 4055//2765
f 4048//2766 4049//2766 4057//2766 4056//2766
f 4049//2767 4050//2767 4058//2767 4057//2767
f 4050//2768 4043//2768 4051//2768 4058//2768
o pine_crown_needle.033
v 0.056023 2.410433 0.015900
v 0.008969 2.406115 0.007434
v -0.035953 2.400828 -0.003939
v -0.090673 2.391665 -0.025490
v -0.130598 2.383766 -0.044641
v -0.086543 2.387868 -0.036549
v -0.029291 2.394704 -0.021775
v 0.013499 2.401951 -0.004694
v 0.056288 2.401009 0.019235
v 0.009234 2.396691 0.010769
v -0.035688 2.391404 -0.000604
v -0.090409 2.382241 -0.022156
v -0.130333 2.374342 -0.041307
v -0.086279 2.378444 -0.033214
v -0.029026 2.385280 -0.018440
v 0.013764 2.392527 -0.001359
vn 0.0265 -0.9424 0.3335
vn -0.0265 0.9424 -0.3335
vn -0.1962 0.3222 0.9261
vn -0.2676 0.3147 0.9107
vn -0.3926 0.2970 0.8705
vn -0.4598 0.2847 0.8411
vn 0.2000 -0.3218 -0.9254
vn 0.2722 -0.3142 -0.9095
vn 0.3969 -0.2962 -0.8687
vn 0.4632 -0.2840 -0.8395
s 0
usemtl PineNeedleSun
f 4059//2769 4060//2769 4061//2769 4062//2769 4063//2769 4064//2769 4065//2769 4066//2769
f 4074//2770 4073//2770 4072//2770 4071//2770 4070//2770 4069//2770 4068//2770 4067//2770
f 4059//2771 4060//2771 4068//2771 4067//2771
f 4060//2772 4061//2772 4069//2772 4068//2772
f 4061//2773 4062//2773 4070//2773 4069//2773
f 4062//2774 4063//2774 4071//2774 4070//2774
f 4063//2775 4064//2775 4072//2775 4071//2775
f 4064//2776 4065//2776 4073//2776 4072//2776
f 4065//2777 4066//2777 4074//2777 4073//2777
f 4066//2778 4059//2778 4067//2778 4074//2778
