# Blender 4.5.10 LTS
# www.blender.org
mtllib NatureBroadleaf.mtl
o weathered_trunk_0
v -0.211871 0.051860 -0.121069
v -0.134497 0.497488 -0.076855
v -0.149227 0.050196 -0.193258
v -0.084381 0.496157 -0.134606
v -0.063864 0.045457 -0.236024
v -0.016091 0.492366 -0.168819
v 0.031222 0.038365 -0.242858
v 0.059977 0.486692 -0.174287
v 0.121554 0.030000 -0.212720
v 0.132243 0.480000 -0.150176
v 0.193381 0.021635 -0.150196
v 0.189705 0.473308 -0.100157
v 0.235767 0.014543 -0.064807
v 0.223614 0.467634 -0.031845
v 0.242260 0.009804 0.030449
v 0.228808 0.463843 0.044359
v 0.211871 0.008140 0.121069
v 0.204497 0.462512 0.116855
v 0.149227 0.009804 0.193258
v 0.154381 0.463843 0.174606
v 0.063864 0.014543 0.236024
v 0.086091 0.467634 0.208820
v -0.031222 0.021635 0.242858
v 0.010023 0.473308 0.214287
v -0.121554 0.030000 0.212720
v -0.062243 0.480000 0.190176
v -0.193381 0.038365 0.150196
v -0.119705 0.486692 0.140157
v -0.235767 0.045457 0.064806
v -0.153614 0.492366 0.071845
v -0.242260 0.050196 -0.030449
v -0.158808 0.496157 -0.004359
vn -0.7234 -0.5530 -0.4134
vn -0.5588 0.7654 -0.3193
vn -0.5238 -0.5583 -0.6434
vn -0.3774 0.7606 -0.5283
vn -0.2519 -0.5734 -0.7796
vn -0.1303 0.7468 -0.6521
vn 0.0510 -0.5960 -0.8014
vn 0.1450 0.7263 -0.6719
vn 0.3388 -0.6226 -0.7054
vn 0.4065 0.7021 -0.5846
vn 0.5677 -0.6493 -0.5062
vn 0.6145 0.6779 -0.4036
vn 0.7027 -0.6719 -0.2341
vn 0.7372 0.6573 -0.1564
vn 0.7234 -0.6870 0.0693
vn 0.7560 0.6436 0.1194
vn 0.6266 -0.6923 0.3580
vn 0.6680 0.6388 0.3817
vn 0.4270 -0.6870 0.5880
vn 0.4866 0.6436 0.5907
vn 0.1550 -0.6719 0.7243
vn 0.2395 0.6573 0.7145
vn -0.1479 -0.6493 0.7460
vn -0.0358 0.6779 0.7343
vn -0.4357 -0.6226 0.6500
vn -0.2973 0.7021 0.6471
vn -0.6645 -0.5960 0.4508
vn -0.5053 0.7263 0.4660
vn -0.7995 -0.5734 0.1788
vn -0.6280 0.7468 0.2188
vn -0.8202 -0.5583 -0.1247
vn -0.6468 0.7606 -0.0569
vt 1.000000 0.500000
vt 1.000000 1.000000
vt 0.937500 1.000000
vt 0.937500 0.500000
vt 0.875000 1.000000
vt 0.875000 0.500000
vt 0.812500 1.000000
vt 0.812500 0.500000
vt 0.750000 1.000000
vt 0.750000 0.500000
vt 0.687500 1.000000
vt 0.687500 0.500000
vt 0.625000 1.000000
vt 0.625000 0.500000
vt 0.562500 1.000000
vt 0.562500 0.500000
vt 0.500000 1.000000
vt 0.500000 0.500000
vt 0.437500 1.000000
vt 0.437500 0.500000
vt 0.375000 1.000000
vt 0.375000 0.500000
vt 0.312500 1.000000
vt 0.312500 0.500000
vt 0.250000 1.000000
vt 0.250000 0.500000
vt 0.187500 1.000000
vt 0.187500 0.500000
vt 0.125000 1.000000
vt 0.125000 0.500000
vt 0.341844 0.471731
vt 0.250000 0.490000
vt 0.158156 0.471731
vt 0.080294 0.419706
vt 0.028269 0.341844
vt 0.010000 0.250000
vt 0.028269 0.158156
vt 0.080294 0.080294
vt 0.158156 0.028269
vt 0.250000 0.010000
vt 0.341844 0.028269
vt 0.419706 0.080294
vt 0.471731 0.158156
vt 0.490000 0.250000
vt 0.471731 0.341844
vt 0.419706 0.419706
vt 0.062500 1.000000
vt 0.062500 0.500000
vt 0.000000 1.000000
vt 0.000000 0.500000
vt 0.750000 0.490000
vt 0.841844 0.471731
vt 0.919706 0.419706
vt 0.971731 0.341844
vt 0.990000 0.250000
vt 0.971731 0.158156
vt 0.919706 0.080294
vt 0.841844 0.028269
vt 0.750000 0.010000
vt 0.658156 0.028269
vt 0.580294 0.080294
vt 0.528269 0.158156
vt 0.510000 0.250000
vt 0.528269 0.341844
vt 0.580294 0.419706
vt 0.658156 0.471731
s 1
usemtl WeatheredBark
f 1/1/1 2/2/2 4/3/4 3/4/3
f 3/4/3 4/3/4 6/5/6 5/6/5
f 5/6/5 6/5/6 8/7/8 7/8/7
f 7/8/7 8/7/8 10/9/10 9/10/9
f 9/10/9 10/9/10 12/11/12 11/12/11
f 11/12/11 12/11/12 14/13/14 13/14/13
f 13/14/13 14/13/14 16/15/16 15/16/15
f 15/16/15 16/15/16 18/17/18 17/18/17
f 17/18/17 18/17/18 20/19/20 19/20/19
f 19/20/19 20/19/20 22/21/22 21/22/21
f 21/22/21 22/21/22 24/23/24 23/24/23
f 23/24/23 24/23/24 26/25/26 25/26/25
f 25/26/25 26/25/26 28/27/28 27/28/27
f 27/28/27 28/27/28 30/29/30 29/30/29
f 4/31/4 2/32/2 32/33/32 30/34/30 28/35/28 26/36/26 24/37/24 22/38/22 20/39/20 18/40/18 16/41/16 14/42/14 12/43/12 10/44/10 8/45/8 6/46/6
f 29/30/29 30/29/30 32/47/32 31/48/31
f 31/48/31 32/47/32 2/49/2 1/50/1
f 1/51/1 3/52/3 5/53/5 7/54/7 9/55/9 11/56/11 13/57/13 15/58/15 17/59/17 19/60/19 21/61/21 23/62/23 25/63/25 27/64/27 29/65/29 31/66/31
o weathered_trunk_1
v 0.192880 0.521334 0.128542
v 0.059716 0.957415 0.036992
v 0.138369 0.518187 0.182088
v 0.023561 0.955328 0.072507
v 0.068121 0.509227 0.210957
v -0.023032 0.949386 0.091655
v -0.007169 0.495818 0.210755
v -0.072969 0.940491 0.091521
v -0.076040 0.480000 0.181512
v -0.118649 0.930000 0.072125
v -0.128005 0.464182 0.127680
v -0.153116 0.919509 0.036421
v -0.155155 0.450773 0.057455
v -0.171123 0.910614 -0.010157
v -0.153355 0.441812 -0.018472
v -0.169929 0.904672 -0.060517
v -0.122880 0.438666 -0.088542
v -0.149716 0.902585 -0.106992
v -0.068369 0.441813 -0.142088
v -0.113561 0.904672 -0.142507
v 0.001879 0.450773 -0.170957
v -0.066968 0.910614 -0.161655
v 0.077169 0.464182 -0.170755
v -0.017031 0.919509 -0.161521
v 0.146040 0.480000 -0.141512
v 0.028649 0.930000 -0.142125
v 0.198005 0.495818 -0.087680
v 0.063116 0.940491 -0.106421
v 0.225155 0.509227 -0.017455
v 0.081123 0.949386 -0.059843
v 0.223355 0.518188 0.058472
v 0.079929 0.955328 -0.009483
vn 0.7434 -0.4314 0.5111
vn 0.4369 0.8479 0.3003
vn 0.5235 -0.4441 0.7272
vn 0.2430 0.8367 0.4908
vn 0.2400 -0.4802 0.8437
vn -0.0068 0.8049 0.5934
vn -0.0638 -0.5343 0.8429
vn -0.2746 0.7572 0.5927
vn -0.3417 -0.5982 0.7249
vn -0.5195 0.7009 0.4887
vn -0.5514 -0.6620 0.5076
vn -0.7043 0.6447 0.2973
vn -0.6610 -0.7161 0.2243
vn -0.8009 0.5970 0.0475
vn -0.6537 -0.7523 -0.0821
vn -0.7945 0.5651 -0.2225
vn -0.5307 -0.7650 -0.3649
vn -0.6861 0.5539 -0.4717
vn -0.3108 -0.7523 -0.5810
vn -0.4922 0.5651 -0.6621
vn -0.0273 -0.7161 -0.6975
vn -0.2424 0.5970 -0.7648
vn 0.2765 -0.6620 -0.6966
vn 0.0254 0.6447 -0.7640
vn 0.5544 -0.5982 -0.5786
vn 0.2703 0.7009 -0.6601
vn 0.7641 -0.5343 -0.3614
vn 0.4551 0.7572 -0.4686
vn 0.8737 -0.4802 -0.0780
vn 0.5516 0.8049 -0.2189
vn 0.8664 -0.4441 0.2284
vn 0.5452 0.8367 0.0512
vt 1.000000 0.500000
vt 1.000000 1.000000
vt 0.937500 1.000000
vt 0.937500 0.500000
vt 0.875000 1.000000
vt 0.875000 0.500000
vt 0.812500 1.000000
vt 0.812500 0.500000
vt 0.750000 1.000000
vt 0.750000 0.500000
vt 0.687500 1.000000
vt 0.687500 0.500000
vt 0.625000 1.000000
vt 0.625000 0.500000
vt 0.562500 1.000000
vt 0.562500 0.500000
vt 0.500000 1.000000
vt 0.500000 0.500000
vt 0.437500 1.000000
vt 0.437500 0.500000
vt 0.375000 1.000000
vt 0.375000 0.500000
vt 0.312500 1.000000
vt 0.312500 0.500000
vt 0.250000 1.000000
vt 0.250000 0.500000
vt 0.187500 1.000000
vt 0.187500 0.500000
vt 0.125000 1.000000
vt 0.125000 0.500000
vt 0.341844 0.471731
vt 0.250000 0.490000
vt 0.158156 0.471731
vt 0.080294 0.419706
vt 0.028269 0.341844
vt 0.010000 0.250000
vt 0.028269 0.158156
vt 0.080294 0.080294
vt 0.158156 0.028269
vt 0.250000 0.010000
vt 0.341844 0.028269
vt 0.419706 0.080294
vt 0.471731 0.158156
vt 0.490000 0.250000
vt 0.471731 0.341844
vt 0.419706 0.419706
vt 0.062500 1.000000
vt 0.062500 0.500000
vt 0.000000 1.000000
vt 0.000000 0.500000
vt 0.750000 0.490000
vt 0.841844 0.471731
vt 0.919706 0.419706
vt 0.971731 0.341844
vt 0.990000 0.250000
vt 0.971731 0.158156
vt 0.919706 0.080294
vt 0.841844 0.028269
vt 0.750000 0.010000
vt 0.658156 0.028269
vt 0.580294 0.080294
vt 0.528269 0.158156
vt 0.510000 0.250000
vt 0.528269 0.341844
vt 0.580294 0.419706
vt 0.658156 0.471731
s 1
usemtl WeatheredBark
f 33/67/33 34/68/34 36/69/36 35/70/35
f 35/70/35 36/69/36 38/71/38 37/72/37
f 37/72/37 38/71/38 40/73/40 39/74/39
f 39/74/39 40/73/40 42/75/42 41/76/41
f 41/76/41 42/75/42 44/77/44 43/78/43
f 43/78/43 44/77/44 46/79/46 45/80/45
f 45/80/45 46/79/46 48/81/48 47/82/47
f 47/82/47 48/81/48 50/83/50 49/84/49
f 49/84/49 50/83/50 52/85/52 51/86/51
f 51/86/51 52/85/52 54/87/54 53/88/53
f 53/88/53 54/87/54 56/89/56 55/90/55
f 55/90/55 56/89/56 58/91/58 57/92/57
f 57/92/57 58/91/58 60/93/60 59/94/59
f 59/94/59 60/93/60 62/95/62 61/96/61
f 36/97/36 34/98/34 64/99/64 62/100/62 60/101/60 58/102/58 56/103/56 54/104/54 52/105/52 50/106/50 48/107/48 46/108/46 44/109/44 42/110/42 40/111/40 38/112/38
f 61/96/61 62/95/62 64/113/64 63/114/63
f 63/114/63 64/113/64 34/115/34 33/116/33
f 33/117/33 35/118/35 37/119/37 39/120/39 41/121/41 43/122/43 45/123/45 47/124/47 49/125/49 51/126/51 53/127/53 55/128/55 57/129/57 59/130/59 61/131/61 63/132/63
o weathered_trunk_2
v -0.153985 0.949556 -0.103116
v -0.015301 1.559026 -0.016438
v -0.119322 0.948067 -0.140118
v 0.000697 1.558339 -0.033516
v -0.073345 0.943828 -0.161116
v 0.021918 1.556382 -0.043208
v -0.023052 0.937484 -0.162915
v 0.045130 1.553454 -0.044038
v 0.023900 0.930000 -0.145240
v 0.066800 1.550000 -0.035880
v 0.060362 0.922516 -0.110781
v 0.083629 1.546546 -0.019976
v 0.080784 0.916172 -0.064786
v 0.093054 1.543618 0.001253
v 0.082056 0.911933 -0.014256
v 0.093641 1.541661 0.024574
v 0.063985 0.910444 0.033116
v 0.085301 1.540974 0.046438
v 0.029323 0.911933 0.070118
v 0.069303 1.541661 0.063516
v -0.016655 0.916172 0.091116
v 0.048082 1.543618 0.073208
v -0.066948 0.922516 0.092915
v 0.024870 1.546546 0.074038
v -0.113900 0.930000 0.075240
v 0.003200 1.550000 0.065880
v -0.150362 0.937484 0.040781
v -0.013629 1.553454 0.049976
v -0.170784 0.943828 -0.005214
v -0.023054 1.556382 0.028747
v -0.172056 0.948067 -0.055744
v -0.023641 1.558339 0.005426
vn -0.7347 -0.4993 -0.4592
vn -0.5037 0.8045 -0.3148
vn -0.5264 -0.5082 -0.6816
vn -0.3148 0.7964 -0.5164
vn -0.2500 -0.5337 -0.8079
vn -0.0644 0.7733 -0.6308
vn 0.0523 -0.5718 -0.8187
vn 0.2096 0.7387 -0.6406
vn 0.3346 -0.6168 -0.7124
vn 0.4654 0.6980 -0.5443
vn 0.5538 -0.6618 -0.5053
vn 0.6640 0.6572 -0.3565
vn 0.6765 -0.7000 -0.2288
vn 0.7753 0.6226 -0.1060
vn 0.6842 -0.7254 0.0750
vn 0.7822 0.5996 0.1693
vn 0.5756 -0.7344 0.3597
vn 0.6838 0.5914 0.4274
vn 0.3672 -0.7254 0.5822
vn 0.4949 0.5996 0.6289
vn 0.0908 -0.7000 0.7084
vn 0.2445 0.6226 0.7433
vn -0.2115 -0.6618 0.7192
vn -0.0295 0.6572 0.7531
vn -0.4938 -0.6168 0.6130
vn -0.2853 0.6980 0.6568
vn -0.7130 -0.5718 0.4058
vn -0.4839 0.7387 0.4691
vn -0.8357 -0.5337 0.1293
vn -0.5952 0.7733 0.2186
vn -0.8434 -0.5082 -0.1744
vn -0.6021 0.7964 -0.0567
vt 1.000000 0.500000
vt 1.000000 1.000000
vt 0.937500 1.000000
vt 0.937500 0.500000
vt 0.875000 1.000000
vt 0.875000 0.500000
vt 0.812500 1.000000
vt 0.812500 0.500000
vt 0.750000 1.000000
vt 0.750000 0.500000
vt 0.687500 1.000000
vt 0.687500 0.500000
vt 0.625000 1.000000
vt 0.625000 0.500000
vt 0.562500 1.000000
vt 0.562500 0.500000
vt 0.500000 1.000000
vt 0.500000 0.500000
vt 0.437500 1.000000
vt 0.437500 0.500000
vt 0.375000 1.000000
vt 0.375000 0.500000
vt 0.312500 1.000000
vt 0.312500 0.500000
vt 0.250000 1.000000
vt 0.250000 0.500000
vt 0.187500 1.000000
vt 0.187500 0.500000
vt 0.125000 1.000000
vt 0.125000 0.500000
vt 0.341844 0.471731
vt 0.250000 0.490000
vt 0.158156 0.471731
vt 0.080294 0.419706
vt 0.028269 0.341844
vt 0.010000 0.250000
vt 0.028269 0.158156
vt 0.080294 0.080294
vt 0.158156 0.028269
vt 0.250000 0.010000
vt 0.341844 0.028269
vt 0.419706 0.080294
vt 0.471731 0.158156
vt 0.490000 0.250000
vt 0.471731 0.341844
vt 0.419706 0.419706
vt 0.062500 1.000000
vt 0.062500 0.500000
vt 0.000000 1.000000
vt 0.000000 0.500000
vt 0.750000 0.490000
vt 0.841844 0.471731
vt 0.919706 0.419706
vt 0.971731 0.341844
vt 0.990000 0.250000
vt 0.971731 0.158156
vt 0.919706 0.080294
vt 0.841844 0.028269
vt 0.750000 0.010000
vt 0.658156 0.028269
vt 0.580294 0.080294
vt 0.528269 0.158156
vt 0.510000 0.250000
vt 0.528269 0.341844
vt 0.580294 0.419706
vt 0.658156 0.471731
s 1
usemtl WeatheredBark
f 65/133/65 66/134/66 68/135/68 67/136/67
f 67/136/67 68/135/68 70/137/70 69/138/69
f 69/138/69 70/137/70 72/139/72 71/140/71
f 71/140/71 72/139/72 74/141/74 73/142/73
f 73/142/73 74/141/74 76/143/76 75/144/75
f 75/144/75 76/143/76 78/145/78 77/146/77
f 77/146/77 78/145/78 80/147/80 79/148/79
f 79/148/79 80/147/80 82/149/82 81/150/81
f 81/150/81 82/149/82 84/151/84 83/152/83
f 83/152/83 84/151/84 86/153/86 85/154/85
f 85/154/85 86/153/86 88/155/88 87/156/87
f 87/156/87 88/155/88 90/157/90 89/158/89
f 89/158/89 90/157/90 92/159/92 91/160/91
f 91/160/91 92/159/92 94/161/94 93/162/93
f 68/163/68 66/164/66 96/165/96 94/166/94 92/167/92 90/168/90 88/169/88 86/170/86 84/171/84 82/172/82 80/173/80 78/174/78 76/175/76 74/176/74 72/177/72 70/178/70
f 93/162/93 94/161/94 96/179/96 95/180/95
f 95/180/95 96/179/96 66/181/66 65/182/65
f 65/183/65 67/184/67 69/185/69 71/186/71 73/187/73 75/188/75 77/189/77 79/190/79 81/191/81 83/192/83 85/193/85 87/194/87 89/195/89 91/196/91 93/197/93 95/198/95
o root_buttress
v 0.044124 0.175241 -0.056760
v 0.210949 0.052614 -0.271359
v 0.000085 0.156468 -0.085989
v 0.201282 0.048493 -0.277775
v -0.028199 0.108934 -0.095301
v 0.195074 0.038059 -0.279819
v -0.027494 0.054879 -0.080339
v 0.195228 0.026193 -0.276535
v 0.001871 0.019598 -0.048103
v 0.201674 0.018448 -0.269459
v 0.046155 0.019598 -0.013677
v 0.211395 0.018448 -0.261902
v 0.084638 0.054879 0.006830
v 0.219843 0.026193 -0.257400
v 0.099312 0.108934 0.003824
v 0.223064 0.038059 -0.258060
v 0.083312 0.156468 -0.021290
v 0.219552 0.048493 -0.263573
vn -0.2280 0.9284 0.2933
vn 0.5185 0.5350 -0.6670
vn -0.6748 0.7380 -0.0033
vn 0.1439 0.3753 -0.9157
vn -0.9618 0.2557 -0.0977
vn -0.0967 -0.0291 -0.9949
vn -0.9547 -0.2928 0.0541
vn -0.0907 -0.4889 -0.8676
vn -0.6567 -0.6507 0.3811
vn 0.1591 -0.7891 -0.5934
vn -0.2074 -0.6507 0.7304
vn 0.5358 -0.7891 -0.3005
vn 0.1831 -0.2928 0.9385
vn 0.8632 -0.4889 -0.1260
vn 0.3319 0.2557 0.9080
vn 0.9880 -0.0291 -0.1516
vn 0.1696 0.7380 0.6532
vn 0.8519 0.3753 -0.3653
vt 1.000000 0.500000
vt 1.000000 1.000000
vt 0.888889 1.000000
vt 0.888889 0.500000
vt 0.777778 1.000000
vt 0.777778 0.500000
vt 0.666667 1.000000
vt 0.666667 0.500000
vt 0.555556 1.000000
vt 0.555556 0.500000
vt 0.444444 1.000000
vt 0.444444 0.500000
vt 0.333333 1.000000
vt 0.333333 0.500000
vt 0.222222 1.000000
vt 0.222222 0.500000
vt 0.404269 0.433851
vt 0.250000 0.490000
vt 0.095731 0.433851
vt 0.013646 0.291676
vt 0.042154 0.130000
vt 0.167915 0.024474
vt 0.332085 0.024474
vt 0.457846 0.130000
vt 0.486354 0.291676
vt 0.111111 1.000000
vt 0.111111 0.500000
vt 0.000000 1.000000
vt 0.000000 0.500000
vt 0.750000 0.490000
vt 0.904269 0.433851
vt 0.986354 0.291676
vt 0.957846 0.130000
vt 0.832085 0.024474
vt 0.667915 0.024474
vt 0.542154 0.130000
vt 0.513646 0.291676
vt 0.595731 0.433851
s 1
usemtl WeatheredBark
f 97/199/97 98/200/98 100/201/100 99/202/99
f 99/202/99 100/201/100 102/203/102 101/204/101
f 101/204/101 102/203/102 104/205/104 103/206/103
f 103/206/103 104/205/104 106/207/106 105/208/105
f 105/208/105 106/207/106 108/209/108 107/210/107
f 107/210/107 108/209/108 110/211/110 109/212/109
f 109/212/109 110/211/110 112/213/112 111/214/111
f 100/215/100 98/216/98 114/217/114 112/218/112 110/219/110 108/220/108 106/221/106 104/222/104 102/223/102
f 111/214/111 112/213/112 114/224/114 113/225/113
f 113/225/113 114/224/114 98/226/98 97/227/97
f 97/228/97 99/229/99 101/230/101 103/231/103 105/232/105 107/233/107 109/234/109 111/235/111 113/236/113
o root_buttress.001
v -0.026255 0.175677 -0.064532
v -0.146304 0.052710 -0.359597
v -0.073784 0.156802 -0.041489
v -0.156738 0.048566 -0.354539
v -0.096487 0.109009 -0.022871
v -0.161721 0.038075 -0.350452
v -0.083742 0.054661 -0.017389
v -0.158923 0.026145 -0.349248
v -0.041511 0.019188 -0.027608
v -0.149653 0.018358 -0.351491
v 0.010445 0.019188 -0.048746
v -0.138248 0.018358 -0.356131
v 0.047815 0.054661 -0.070914
v -0.130045 0.026145 -0.360997
v 0.053113 0.109009 -0.083737
v -0.128882 0.038075 -0.363812
v 0.023860 0.156802 -0.081217
v -0.135303 0.048566 -0.363259
vn 0.1541 0.9126 0.3788
vn -0.3097 0.5697 -0.7612
vn -0.3239 0.7227 0.6105
vn -0.7198 0.4069 -0.5624
vn -0.5522 0.2421 0.7978
vn -0.9157 -0.0055 -0.4018
vn -0.4240 -0.3045 0.8529
vn -0.8057 -0.4745 -0.3544
vn 0.0007 -0.6613 0.7502
vn -0.4413 -0.7806 -0.4426
vn 0.5232 -0.6613 0.5376
vn 0.0070 -0.7806 -0.6250
vn 0.8990 -0.3045 0.3146
vn 0.3294 -0.4745 -0.8163
vn 0.9523 0.2421 0.1857
vn 0.3751 -0.0055 -0.9270
vn 0.6581 0.7227 0.2110
vn 0.1227 0.4069 -0.9052
vt 1.000000 0.500000
vt 1.000000 1.000000
vt 0.888889 1.000000
vt 0.888889 0.500000
vt 0.777778 1.000000
vt 0.777778 0.500000
vt 0.666667 1.000000
vt 0.666667 0.500000
vt 0.555556 1.000000
vt 0.555556 0.500000
vt 0.444444 1.000000
vt 0.444444 0.500000
vt 0.333333 1.000000
vt 0.333333 0.500000
vt 0.222222 1.000000
vt 0.222222 0.500000
vt 0.404269 0.433851
vt 0.250000 0.490000
vt 0.095731 0.433851
vt 0.013646 0.291676
vt 0.042154 0.130000
vt 0.167915 0.024474
vt 0.332085 0.024474
vt 0.457846 0.130000
vt 0.486354 0.291676
vt 0.111111 1.000000
vt 0.111111 0.500000
vt 0.000000 1.000000
vt 0.000000 0.500000
vt 0.750000 0.490000
vt 0.904269 0.433851
vt 0.986354 0.291676
vt 0.957846 0.130000
vt 0.832085 0.024474
vt 0.667915 0.024474
vt 0.542154 0.130000
vt 0.513646 0.291676
vt 0.595731 0.433851
s 1
usemtl WeatheredBark
f 115/237/115 116/238/116 118/239/118 117/240/117
f 117/240/117 118/239/118 120/241/120 119/242/119
f 119/242/119 120/241/120 122/243/122 121/244/121
f 121/244/121 122/243/122 124/245/124 123/246/123
f 123/246/123 124/245/124 126/247/126 125/248/125
f 125/248/125 126/247/126 128/249/128 127/250/127
f 127/250/127 128/249/128 130/251/130 129/252/129
f 118/253/118 116/254/116 132/255/132 130/256/130 128/257/128 126/258/126 124/259/124 122/260/122 120/261/120
f 129/252/129 130/251/130 132/262/132 131/263/131
f 131/263/131 132/262/132 116/264/116 115/265/115
f 115/266/115 117/267/117 119/268/119 121/269/121 123/270/123 125/271/125 127/272/127 129/273/129 131/274/131
o root_buttress.002
v -0.071217 0.175241 -0.009832
v -0.340479 0.052614 -0.047006
v -0.074511 0.156468 0.042922
v -0.341202 0.048493 -0.035426
v -0.068433 0.108934 0.072072
v -0.339868 0.038059 -0.029027
v -0.055828 0.054879 0.063980
v -0.337101 0.026193 -0.030804
v -0.042594 0.019598 0.022431
v -0.334195 0.018448 -0.039924
v -0.034923 0.019598 -0.033133
v -0.332512 0.018448 -0.052121
v -0.036404 0.054879 -0.076714
v -0.332837 0.026193 -0.061688
v -0.046345 0.108934 -0.087919
v -0.335019 0.038059 -0.064147
v -0.060094 0.156468 -0.061505
v -0.338037 0.048493 -0.058349
vn 0.3680 0.9284 0.0508
vn -0.8369 0.5350 -0.1155
vn 0.3346 0.7380 0.5861
vn -0.8649 0.3753 0.3332
vn 0.3963 0.2557 0.8818
vn -0.8132 -0.0291 0.5812
vn 0.5242 -0.2928 0.7997
vn -0.7060 -0.4889 0.5124
vn 0.6584 -0.6507 0.3782
vn -0.5934 -0.7891 0.1589
vn 0.7363 -0.6507 -0.1856
vn -0.5282 -0.7891 -0.3138
vn 0.7212 -0.2928 -0.6278
vn -0.5408 -0.4889 -0.6845
vn 0.6204 0.2557 -0.7415
vn -0.6253 -0.0291 -0.7798
vn 0.4809 0.7380 -0.4735
vn -0.7423 0.3753 -0.5551
vt 1.000000 0.500000
vt 1.000000 1.000000
vt 0.888889 1.000000
vt 0.888889 0.500000
vt 0.777778 1.000000
vt 0.777778 0.500000
vt 0.666667 1.000000
vt 0.666667 0.500000
vt 0.555556 1.000000
vt 0.555556 0.500000
vt 0.444444 1.000000
vt 0.444444 0.500000
vt 0.333333 1.000000
vt 0.333333 0.500000
vt 0.222222 1.000000
vt 0.222222 0.500000
vt 0.404269 0.433851
vt 0.250000 0.490000
vt 0.095731 0.433851
vt 0.013646 0.291676
vt 0.042154 0.130000
vt 0.167915 0.024474
vt 0.332085 0.024474
vt 0.457846 0.130000
vt 0.486354 0.291676
vt 0.111111 1.000000
vt 0.111111 0.500000
vt 0.000000 1.000000
vt 0.000000 0.500000
vt 0.750000 0.490000
vt 0.904269 0.433851
vt 0.986354 0.291676
vt 0.957846 0.130000
vt 0.832085 0.024474
vt 0.667915 0.024474
vt 0.542154 0.130000
vt 0.513646 0.291676
vt 0.595731 0.433851
s 1
usemtl WeatheredBark
f 133/275/133 134/276/134 136/277/136 135/278/135
f 135/278/135 136/277/136 138/279/138 137/280/137
f 137/280/137 138/279/138 140/281/140 139/282/139
f 139/282/139 140/281/140 142/283/142 141/284/141
f 141/284/141 142/283/142 144/285/144 143/286/143
f 143/286/143 144/285/144 146/287/146 145/288/145
f 145/288/145 146/287/146 148/289/148 147/290/147
f 136/291/136 134/292/134 150/293/150 148/294/148 146/295/146 144/296/144 142/297/142 140/298/140 138/299/138
f 147/290/147 148/289/148 150/300/150 149/301/149
f 149/301/149 150/300/150 134/302/134 133/303/133
f 133/304/133 135/305/135 137/306/137 139/307/139 141/308/141 143/309/143 145/310/145 147/311/147 149/312/149
o root_buttress.003
v -0.042758 0.175677 0.055004
v -0.238266 0.052710 0.306503
v 0.000962 0.156802 0.084644
v -0.228669 0.048566 0.313009
v 0.028437 0.109010 0.094996
v -0.222638 0.038075 0.315282
v 0.026812 0.054661 0.081217
v -0.222995 0.026145 0.312257
v -0.003154 0.019188 0.049753
v -0.229572 0.018358 0.305350
v -0.047438 0.019188 0.015328
v -0.239293 0.018358 0.297793
v -0.085321 0.054661 -0.005952
v -0.247609 0.026145 0.293122
v -0.099075 0.109010 -0.004128
v -0.250628 0.038075 0.293523
v -0.082266 0.156802 0.019945
v -0.246938 0.048566 0.298807
vn 0.2510 0.9126 -0.3229
vn -0.5044 0.5697 0.6488
vn 0.6907 0.7227 -0.0248
vn -0.1271 0.4069 0.9046
vn 0.9670 0.2421 0.0793
vn 0.1099 -0.0055 0.9939
vn 0.9507 -0.3045 -0.0593
vn 0.0959 -0.4745 0.8750
vn 0.6493 -0.6613 -0.3757
vn -0.1626 -0.7806 0.6035
vn 0.2039 -0.6613 -0.7219
vn -0.5448 -0.7806 0.3065
vn -0.1771 -0.3045 -0.9359
vn -0.8716 -0.4745 0.1229
vn -0.3154 0.2421 -0.9176
vn -0.9903 -0.0055 0.1386
vn -0.1463 0.7227 -0.6755
vn -0.8453 0.4069 0.3463
vt 1.000000 0.500000
vt 1.000000 1.000000
vt 0.888889 1.000000
vt 0.888889 0.500000
vt 0.777778 1.000000
vt 0.777778 0.500000
vt 0.666667 1.000000
vt 0.666667 0.500000
vt 0.555556 1.000000
vt 0.555556 0.500000
vt 0.444444 1.000000
vt 0.444444 0.500000
vt 0.333333 1.000000
vt 0.333333 0.500000
vt 0.222222 1.000000
vt 0.222222 0.500000
vt 0.404269 0.433851
vt 0.250000 0.490000
vt 0.095731 0.433851
vt 0.013646 0.291676
vt 0.042154 0.130000
vt 0.167915 0.024474
vt 0.332085 0.024474
vt 0.457846 0.130000
vt 0.486354 0.291676
vt 0.111111 1.000000
vt 0.111111 0.500000
vt 0.000000 1.000000
vt 0.000000 0.500000
vt 0.750000 0.490000
vt 0.904269 0.433851
vt 0.986354 0.291676
vt 0.957846 0.130000
vt 0.832085 0.024474
vt 0.667915 0.024474
vt 0.542154 0.130000
vt 0.513646 0.291676
vt 0.595731 0.433851
s 1
usemtl WeatheredBark
f 151/313/151 152/314/152 154/315/154 153/316/153
f 153/316/153 154/315/154 156/317/156 155/318/155
f 155/318/155 156/317/156 158/319/158 157/320/157
f 157/320/157 158/319/158 160/321/160 159/322/159
f 159/322/159 160/321/160 162/323/162 161/324/161
f 161/324/161 162/323/162 164/325/164 163/326/163
f 163/326/163 164/325/164 166/327/166 165/328/165
f 154/329/154 152/330/152 168/331/168 166/332/166 164/333/164 162/334/162 160/335/160 158/336/158 156/337/156
f 165/328/165 166/327/166 168/338/168 167/339/167
f 167/339/167 168/338/168 152/340/152 151/341/151
f 151/342/151 153/343/153 155/344/155 157/345/157 159/346/159 161/347/161 163/348/163 165/349/165 167/350/167
o root_buttress.004
v 0.027094 0.175241 0.066592
v 0.129532 0.052614 0.318366
v 0.074427 0.156468 0.043067
v 0.139922 0.048493 0.313202
v 0.096633 0.108934 0.023228
v 0.144797 0.038059 0.308847
v 0.083323 0.054879 0.016358
v 0.141875 0.026193 0.307339
v 0.040723 0.019598 0.025672
v 0.132524 0.018448 0.309383
v -0.011233 0.019598 0.046811
v 0.121119 0.018448 0.314023
v -0.048234 0.054879 0.069884
v 0.112997 0.026193 0.319088
v -0.052967 0.108934 0.084095
v 0.111958 0.038059 0.322208
v -0.023218 0.156468 0.082795
v 0.118488 0.048493 0.321923
vn -0.1400 0.9284 -0.3441
vn 0.3184 0.5350 0.7826
vn 0.3402 0.7380 -0.5828
vn 0.7211 0.3753 0.5824
vn 0.5655 0.2557 -0.7841
vn 0.9100 -0.0291 0.4137
vn 0.4305 -0.2928 -0.8538
vn 0.7967 -0.4889 0.3552
vn -0.0017 -0.6507 -0.7593
vn 0.4343 -0.7891 0.4344
vn -0.5289 -0.6507 -0.5448
vn -0.0076 -0.7891 0.6143
vn -0.9043 -0.2928 -0.3107
vn -0.3224 -0.4889 0.8106
vn -0.9523 0.2557 -0.1665
vn -0.3627 -0.0291 0.9315
vn -0.6505 0.7380 -0.1797
vn -0.1096 0.3753 0.9204
vt 1.000000 0.500000
vt 1.000000 1.000000
vt 0.888889 1.000000
vt 0.888889 0.500000
vt 0.777778 1.000000
vt 0.777778 0.500000
vt 0.666667 1.000000
vt 0.666667 0.500000
vt 0.555556 1.000000
vt 0.555556 0.500000
vt 0.444444 1.000000
vt 0.444444 0.500000
vt 0.333333 1.000000
vt 0.333333 0.500000
vt 0.222222 1.000000
vt 0.222222 0.500000
vt 0.404269 0.433851
vt 0.250000 0.490000
vt 0.095731 0.433851
vt 0.013646 0.291676
vt 0.042154 0.130000
vt 0.167915 0.024474
vt 0.332085 0.024474
vt 0.457846 0.130000
vt 0.486354 0.291676
vt 0.111111 1.000000
vt 0.111111 0.500000
vt 0.000000 1.000000
vt 0.000000 0.500000
vt 0.750000 0.490000
vt 0.904269 0.433851
vt 0.986354 0.291676
vt 0.957846 0.130000
vt 0.832085 0.024474
vt 0.667915 0.024474
vt 0.542154 0.130000
vt 0.513646 0.291676
vt 0.595731 0.433851
s 1
usemtl WeatheredBark
f 169/351/169 170/352/170 172/353/172 171/354/171
f 171/354/171 172/353/172 174/355/174 173/356/173
f 173/356/173 174/355/174 176/357/176 175/358/175
f 175/358/175 176/357/176 178/359/178 177/360/177
f 177/360/177 178/359/178 180/361/180 179/362/179
f 179/362/179 180/361/180 182/363/182 181/364/181
f 181/364/181 182/363/182 184/365/184 183/366/183
f 172/367/172 170/368/170 186/369/186 184/370/184 182/371/182 180/372/180 178/373/178 176/374/176 174/375/174
f 183/366/183 184/365/184 186/376/186 185/377/185
f 185/377/185 186/376/186 170/378/170 169/379/169
f 169/380/169 171/381/171 173/382/173 175/383/175 177/384/177 179/385/179 181/386/181 183/387/183 185/388/185
o root_buttress.005
v 0.069014 0.175677 0.009528
v 0.384573 0.052710 0.053091
v 0.072823 0.156802 -0.043155
v 0.385409 0.048566 0.041527
v 0.068050 0.109009 -0.072126
v 0.384361 0.038075 0.035167
v 0.056929 0.054661 -0.063828
v 0.381920 0.026145 0.036989
v 0.044664 0.019188 -0.022146
v 0.379227 0.018358 0.046138
v 0.036993 0.019188 0.033419
v 0.377544 0.018358 0.058336
v 0.037506 0.054661 0.076865
v 0.377656 0.026145 0.067873
v 0.045963 0.109009 0.087865
v 0.379513 0.038075 0.070287
v 0.058406 0.156802 0.061272
v 0.382244 0.048566 0.064450
vn -0.4051 0.9126 -0.0559
vn 0.8141 0.5697 0.1124
vn -0.3668 0.7227 -0.5858
vn 0.8470 0.4069 -0.3422
vn -0.4148 0.2421 -0.8771
vn 0.8058 -0.0055 -0.5922
vn -0.5266 -0.3045 -0.7937
vn 0.7098 -0.4745 -0.5206
vn -0.6500 -0.6613 -0.3745
vn 0.6040 -0.7806 -0.1609
vn -0.7271 -0.6613 0.1843
vn 0.5378 -0.7806 0.3185
vn -0.7220 -0.3045 0.6213
vn 0.5422 -0.4745 0.6934
vn -0.6369 0.2421 0.7319
vn 0.6152 -0.0055 0.7883
vn -0.5118 0.7227 0.4645
vn 0.7226 0.4069 0.5589
vt 1.000000 0.500000
vt 1.000000 1.000000
vt 0.888889 1.000000
vt 0.888889 0.500000
vt 0.777778 1.000000
vt 0.777778 0.500000
vt 0.666667 1.000000
vt 0.666667 0.500000
vt 0.555556 1.000000
vt 0.555556 0.500000
vt 0.444444 1.000000
vt 0.444444 0.500000
vt 0.333333 1.000000
vt 0.333333 0.500000
vt 0.222222 1.000000
vt 0.222222 0.500000
vt 0.404269 0.433851
vt 0.250000 0.490000
vt 0.095731 0.433851
vt 0.013646 0.291676
vt 0.042154 0.130000
vt 0.167915 0.024474
vt 0.332085 0.024474
vt 0.457846 0.130000
vt 0.486354 0.291676
vt 0.111111 1.000000
vt 0.111111 0.500000
vt 0.000000 1.000000
vt 0.000000 0.500000
vt 0.750000 0.490000
vt 0.904269 0.433851
vt 0.986354 0.291676
vt 0.957846 0.130000
vt 0.832085 0.024474
vt 0.667915 0.024474
vt 0.542154 0.130000
vt 0.513646 0.291676
vt 0.595731 0.433851
s 1
usemtl WeatheredBark
f 187/389/187 188/390/188 190/391/190 189/392/189
f 189/392/189 190/391/190 192/393/192 191/394/191
f 191/394/191 192/393/192 194/395/194 193/396/193
f 193/396/193 194/395/194 196/397/196 195/398/195
f 195/398/195 196/397/196 198/399/198 197/400/197
f 197/400/197 198/399/198 200/401/200 199/402/199
f 199/402/199 200/401/200 202/403/202 201/404/201
f 190/405/190 188/406/188 204/407/204 202/408/202 200/409/200 198/410/198 196/411/196 194/412/194 192/413/192
f 201/404/201 202/403/202 204/414/204 203/415/203
f 203/415/203 204/414/204 188/416/188 187/417/187
f 187/418/187 189/419/189 191/420/191 193/421/193 195/422/195 197/423/197 199/424/199 201/425/201 203/426/203
o forked_crown_bough_0
v 0.013449 0.888562 -0.041341
v -0.867080 1.228950 0.255643
v 0.026133 0.874018 0.017702
v -0.863698 1.225071 0.271387
v 0.022437 0.834281 0.065303
v -0.864683 1.214475 0.284081
v 0.003351 0.780000 0.088707
v -0.869773 1.200000 0.290322
v -0.026012 0.725719 0.081643
v -0.877603 1.185525 0.288438
v -0.057782 0.685982 0.046005
v -0.886075 1.174929 0.278935
v -0.083449 0.671438 -0.008659
v -0.892920 1.171050 0.264358
v -0.096133 0.685982 -0.067702
v -0.896302 1.174929 0.248613
v -0.092437 0.725719 -0.115303
v -0.895317 1.185525 0.235919
v -0.073351 0.780000 -0.138707
v -0.890227 1.200000 0.229678
v -0.043989 0.834281 -0.131643
v -0.882397 1.214475 0.231562
v -0.012218 0.874018 -0.096005
v -0.873925 1.225071 0.241065
vn 0.8481 0.4460 -0.2860
vn -0.2943 0.9506 0.0992
vn 0.9310 0.3509 0.1001
vn -0.2173 0.8624 0.4573
vn 0.9069 0.0910 0.4115
vn -0.2397 0.6214 0.7459
vn 0.7820 -0.2640 0.5645
vn -0.3555 0.2923 0.8878
vn 0.5900 -0.6191 0.5183
vn -0.5335 -0.0369 0.8450
vn 0.3822 -0.8790 0.2852
vn -0.7262 -0.2778 0.6289
vn 0.2143 -0.9741 -0.0723
vn -0.8818 -0.3660 0.2974
vn 0.1314 -0.8790 -0.4585
vn -0.9587 -0.2778 -0.0606
vn 0.1555 -0.6191 -0.7698
vn -0.9363 -0.0369 -0.3492
vn 0.2804 -0.2640 -0.9229
vn -0.8206 0.2923 -0.4912
vn 0.4724 0.0910 -0.8767
vn -0.6425 0.6214 -0.4483
vn 0.6802 0.3509 -0.6436
vn -0.4499 0.8624 -0.2322
vt 1.000000 0.500000
vt 1.000000 1.000000
vt 0.916667 1.000000
vt 0.916667 0.500000
vt 0.833333 1.000000
vt 0.833333 0.500000
vt 0.750000 1.000000
vt 0.750000 0.500000
vt 0.666667 1.000000
vt 0.666667 0.500000
vt 0.583333 1.000000
vt 0.583333 0.500000
vt 0.500000 1.000000
vt 0.500000 0.500000
vt 0.416667 1.000000
vt 0.416667 0.500000
vt 0.333333 1.000000
vt 0.333333 0.500000
vt 0.250000 1.000000
vt 0.250000 0.500000
vt 0.166667 1.000000
vt 0.166667 0.500000
vt 0.370000 0.457846
vt 0.250000 0.490000
vt 0.130000 0.457846
vt 0.042154 0.370000
vt 0.010000 0.250000
vt 0.042154 0.130000
vt 0.130000 0.042154
vt 0.250000 0.010000
vt 0.370000 0.042154
vt 0.457846 0.130000
vt 0.490000 0.250000
vt 0.457846 0.370000
vt 0.083333 1.000000
vt 0.083333 0.500000
vt 0.000000 1.000000
vt 0.000000 0.500000
vt 0.750000 0.490000
vt 0.870000 0.457846
vt 0.957846 0.370000
vt 0.990000 0.250000
vt 0.957846 0.130000
vt 0.870000 0.042154
vt 0.750000 0.010000
vt 0.630000 0.042154
vt 0.542154 0.130000
vt 0.510000 0.250000
vt 0.542154 0.370000
vt 0.630000 0.457846
s 1
usemtl WeatheredBark
f 205/427/205 206/428/206 208/429/208 207/430/207
f 207/430/207 208/429/208 210/431/210 209/432/209
f 209/432/209 210/431/210 212/433/212 211/434/211
f 211/434/211 212/433/212 214/435/214 213/436/213
f 213/436/213 214/435/214 216/437/216 215/438/215
f 215/438/215 216/437/216 218/439/218 217/440/217
f 217/440/217 218/439/218 220/441/220 219/442/219
f 219/442/219 220/441/220 222/443/222 221/444/221
f 221/444/221 222/443/222 224/445/224 223/446/223
f 223/446/223 224/445/224 226/447/226 225/448/225
f 208/449/208 206/450/206 228/451/228 226/452/226 224/453/224 222/454/222 220/455/220 218/456/218 216/457/216 214/458/214 212/459/212 210/460/210
f 225/448/225 226/447/226 228/461/228 227/462/227
f 227/462/227 228/461/228 206/463/206 205/464/205
f 205/465/205 207/466/207 209/467/209 211/468/211 213/469/213 215/470/215 217/471/217 219/472/219 221/473/221 223/474/223 225/475/225 227/476/227
o forked_crown_bough_1
v -0.079803 0.960557 -0.045615
v 0.767599 1.327833 0.344294
v -0.050393 0.947085 -0.093726
v 0.775740 1.324104 0.330978
v -0.016858 0.910279 -0.123422
v 0.785021 1.313916 0.322758
v 0.011816 0.860000 -0.126746
v 0.792958 1.300000 0.321838
v 0.027945 0.809721 -0.102807
v 0.797422 1.286083 0.328464
v 0.027208 0.772915 -0.058020
v 0.797218 1.275896 0.340860
v 0.009803 0.759443 -0.004385
v 0.792401 1.272167 0.355706
v -0.019607 0.772915 0.043726
v 0.784261 1.275896 0.369022
v -0.053142 0.809721 0.073422
v 0.774979 1.286083 0.377242
v -0.081816 0.860000 0.076746
v 0.767042 1.300000 0.378162
v -0.097945 0.910278 0.052807
v 0.762578 1.313916 0.371536
v -0.097208 0.947085 0.008020
v 0.762782 1.324104 0.359139
vn -0.8209 0.4282 -0.3777
vn 0.2649 0.9565 0.1219
vn -0.6155 0.3341 -0.7138
vn 0.4567 0.8687 -0.1919
vn -0.3812 0.0770 -0.9213
vn 0.6754 0.6286 -0.3855
vn -0.1809 -0.2742 -0.9445
vn 0.8624 0.3008 -0.4072
vn -0.0682 -0.6255 -0.7773
vn 0.9676 -0.0271 -0.2511
vn -0.0734 -0.8826 -0.4644
vn 0.9628 -0.2672 0.0410
vn -0.1950 -0.9767 -0.0897
vn 0.8493 -0.3550 0.3908
vn -0.4004 -0.8826 0.2464
vn 0.6575 -0.2672 0.7045
vn -0.6347 -0.6255 0.4538
vn 0.4388 -0.0271 0.8982
vn -0.8350 -0.2742 0.4771
vn 0.2518 0.3008 0.9199
vn -0.9477 0.0770 0.3098
vn 0.1466 0.6286 0.7638
vn -0.9425 0.3341 -0.0031
vn 0.1514 0.8687 0.4717
vt 1.000000 0.500000
vt 1.000000 1.000000
vt 0.916667 1.000000
vt 0.916667 0.500000
vt 0.833333 1.000000
vt 0.833333 0.500000
vt 0.750000 1.000000
vt 0.750000 0.500000
vt 0.666667 1.000000
vt 0.666667 0.500000
vt 0.583333 1.000000
vt 0.583333 0.500000
vt 0.500000 1.000000
vt 0.500000 0.500000
vt 0.416667 1.000000
vt 0.416667 0.500000
vt 0.333333 1.000000
vt 0.333333 0.500000
vt 0.250000 1.000000
vt 0.250000 0.500000
vt 0.166667 1.000000
vt 0.166667 0.500000
vt 0.370000 0.457846
vt 0.250000 0.490000
vt 0.130000 0.457846
vt 0.042154 0.370000
vt 0.010000 0.250000
vt 0.042154 0.130000
vt 0.130000 0.042154
vt 0.250000 0.010000
vt 0.370000 0.042154
vt 0.457846 0.130000
vt 0.490000 0.250000
vt 0.457846 0.370000
vt 0.083333 1.000000
vt 0.083333 0.500000
vt 0.000000 1.000000
vt 0.000000 0.500000
vt 0.750000 0.490000
vt 0.870000 0.457846
vt 0.957846 0.370000
vt 0.990000 0.250000
vt 0.957846 0.130000
vt 0.870000 0.042154
vt 0.750000 0.010000
vt 0.630000 0.042154
vt 0.542154 0.130000
vt 0.510000 0.250000
vt 0.542154 0.370000
vt 0.630000 0.457846
s 1
usemtl WeatheredBark
f 229/477/229 230/478/230 232/479/232 231/480/231
f 231/480/231 232/479/232 234/481/234 233/482/233
f 233/482/233 234/481/234 236/483/236 235/484/235
f 235/484/235 236/483/236 238/485/238 237/486/237
f 237/486/237 238/485/238 240/487/240 239/488/239
f 239/488/239 240/487/240 242/489/242 241/490/241
f 241/490/241 242/489/242 244/491/244 243/492/243
f 243/492/243 244/491/244 246/493/246 245/494/245
f 245/494/245 246/493/246 248/495/248 247/496/247
f 247/496/247 248/495/248 250/497/250 249/498/249
f 232/499/232 230/500/230 252/501/252 250/502/250 248/503/248 246/504/246 244/505/244 242/506/242 240/507/240 238/508/238 236/509/236 234/510/234
f 249/498/249 250/497/250 252/511/252 251/512/251
f 251/512/251 252/511/252 230/513/230 229/514/229
f 229/515/229 231/516/231 233/517/233 235/518/235 237/519/237 239/520/239 241/521/241 243/522/243 245/523/245 247/524/247 249/525/249 251/526/251
o forked_crown_bough_2
v 0.016688 1.077611 0.018085
v -0.569632 1.501933 -0.510650
v -0.019033 1.067213 0.047814
v -0.579727 1.498995 -0.502249
v -0.055014 1.038805 0.060711
v -0.589895 1.490967 -0.498603
v -0.081612 1.000000 0.053322
v -0.597412 1.480000 -0.500692
v -0.091702 0.961195 0.027627
v -0.600263 1.469033 -0.507953
v -0.082579 0.932787 -0.009491
v -0.597685 1.461005 -0.518443
v -0.056688 0.922390 -0.048085
v -0.590368 1.458067 -0.529350
v -0.020967 0.932787 -0.077813
v -0.580273 1.461005 -0.537752
v 0.015014 0.961195 -0.090711
v -0.570105 1.469033 -0.541397
v 0.041612 1.000000 -0.083322
v -0.562588 1.480000 -0.539309
v 0.051702 1.038805 -0.057626
v -0.559736 1.490967 -0.532047
v 0.042579 1.067213 -0.020509
v -0.562315 1.498995 -0.521557
vn 0.7030 0.3223 0.6340
vn -0.1340 0.9836 -0.1208
vn 0.4001 0.2341 0.8861
vn -0.4185 0.9008 0.1160
vn 0.0949 -0.0068 0.9955
vn -0.7052 0.6745 0.2187
vn -0.1306 -0.3359 0.9328
vn -0.9170 0.3654 0.1599
vn -0.2162 -0.6650 0.7149
vn -0.9974 0.0562 -0.0448
vn -0.1388 -0.9059 0.4001
vn -0.9247 -0.1700 -0.3405
vn 0.0807 -0.9941 0.0728
vn -0.7185 -0.2529 -0.6479
vn 0.3837 -0.9059 -0.1793
vn -0.4339 -0.1700 -0.8847
vn 0.6888 -0.6650 -0.2887
vn -0.1473 0.0562 -0.9875
vn 0.9144 -0.3359 -0.2260
vn 0.0645 0.3654 -0.9286
vn 0.9999 -0.0068 -0.0081
vn 0.1449 0.6745 -0.7239
vn 0.9226 0.2341 0.3067
vn 0.0722 0.9008 -0.4283
vt 1.000000 0.500000
vt 1.000000 1.000000
vt 0.916667 1.000000
vt 0.916667 0.500000
vt 0.833333 1.000000
vt 0.833333 0.500000
vt 0.750000 1.000000
vt 0.750000 0.500000
vt 0.666667 1.000000
vt 0.666667 0.500000
vt 0.583333 1.000000
vt 0.583333 0.500000
vt 0.500000 1.000000
vt 0.500000 0.500000
vt 0.416667 1.000000
vt 0.416667 0.500000
vt 0.333333 1.000000
vt 0.333333 0.500000
vt 0.250000 1.000000
vt 0.250000 0.500000
vt 0.166667 1.000000
vt 0.166667 0.500000
vt 0.370000 0.457846
vt 0.250000 0.490000
vt 0.130000 0.457846
vt 0.042154 0.370000
vt 0.010000 0.250000
vt 0.042154 0.130000
vt 0.130000 0.042154
vt 0.250000 0.010000
vt 0.370000 0.042154
vt 0.457846 0.130000
vt 0.490000 0.250000
vt 0.457846 0.370000
vt 0.083333 1.000000
vt 0.083333 0.500000
vt 0.000000 1.000000
vt 0.000000 0.500000
vt 0.750000 0.490000
vt 0.870000 0.457846
vt 0.957846 0.370000
vt 0.990000 0.250000
vt 0.957846 0.130000
vt 0.870000 0.042154
vt 0.750000 0.010000
vt 0.630000 0.042154
vt 0.542154 0.130000
vt 0.510000 0.250000
vt 0.542154 0.370000
vt 0.630000 0.457846
s 1
usemtl WeatheredBark
f 253/527/253 254/528/254 256/529/256 255/530/255
f 255/530/255 256/529/256 258/531/258 257/532/257
f 257/532/257 258/531/258 260/533/260 259/534/259
f 259/534/259 260/533/260 262/535/262 261/536/261
f 261/536/261 262/535/262 264/537/264 263/538/263
f 263/538/263 264/537/264 266/539/266 265/540/265
f 265/540/265 266/539/266 268/541/268 267/542/267
f 267/542/267 268/541/268 270/543/270 269/544/269
f 269/544/269 270/543/270 272/545/272 271/546/271
f 271/546/271 272/545/272 274/547/274 273/548/273
f 256/549/256 254/550/254 276/551/276 274/552/274 272/553/272 270/554/270 268/555/268 266/556/266 264/557/264 262/558/262 260/559/260 258/560/258
f 273/548/273 274/547/274 276/561/276 275/562/275
f 275/562/275 276/561/276 254/563/254 253/564/253
f 253/565/253 255/566/255 257/567/257 259/568/259 261/569/261 263/570/263 265/571/265 267/572/267 269/573/269 271/574/271 273/575/273 275/576/275
o forked_crown_bough_3
v -0.033346 1.206541 0.024332
v 0.530413 1.639130 -0.471567
v -0.055297 1.197626 -0.009632
v 0.524102 1.636567 -0.481332
v -0.062432 1.173270 -0.042354
v 0.522051 1.629565 -0.490739
v -0.052838 1.140000 -0.065068
v 0.524809 1.620000 -0.497270
v -0.029086 1.106730 -0.071687
v 0.531638 1.610435 -0.499172
v 0.002460 1.082374 -0.060436
v 0.540707 1.603432 -0.495938
v 0.033346 1.073459 -0.034332
v 0.549587 1.600869 -0.488433
v 0.055297 1.082374 -0.000368
v 0.555898 1.603432 -0.478668
v 0.062432 1.106730 0.032355
v 0.557949 1.610435 -0.469261
v 0.052838 1.140000 0.055068
v 0.555191 1.620000 -0.462730
v 0.029086 1.173270 0.061687
v 0.548362 1.629565 -0.460828
v -0.002460 1.197626 0.050436
v 0.539293 1.636567 -0.464062
vn -0.7167 0.2981 0.6305
vn 0.1165 0.9879 -0.1025
vn -0.9301 0.2114 0.3002
vn -0.0853 0.9059 -0.4148
vn -0.9995 -0.0254 -0.0179
vn -0.1509 0.6820 -0.7156
vn -0.9062 -0.3489 -0.2388
vn -0.0627 0.3761 -0.9245
vn -0.6753 -0.6724 -0.3031
vn 0.1557 0.0702 -0.9853
vn -0.3686 -0.9092 -0.1937
vn 0.4457 -0.1537 -0.8819
vn -0.0683 -0.9959 0.0601
vn 0.7297 -0.2357 -0.6419
vn 0.1451 -0.9092 0.3903
vn 0.9315 -0.1537 -0.3296
vn 0.2145 -0.6724 0.7084
vn 0.9971 0.0702 -0.0288
vn 0.1212 -0.3489 0.9293
vn 0.9089 0.3761 0.1801
vn -0.1097 -0.0254 0.9936
vn 0.6905 0.6820 0.2409
vn -0.4164 0.2114 0.8843
vn 0.4005 0.9059 0.1375
vt 1.000000 0.500000
vt 1.000000 1.000000
vt 0.916667 1.000000
vt 0.916667 0.500000
vt 0.833333 1.000000
vt 0.833333 0.500000
vt 0.750000 1.000000
vt 0.750000 0.500000
vt 0.666667 1.000000
vt 0.666667 0.500000
vt 0.583333 1.000000
vt 0.583333 0.500000
vt 0.500000 1.000000
vt 0.500000 0.500000
vt 0.416667 1.000000
vt 0.416667 0.500000
vt 0.333333 1.000000
vt 0.333333 0.500000
vt 0.250000 1.000000
vt 0.250000 0.500000
vt 0.166667 1.000000
vt 0.166667 0.500000
vt 0.370000 0.457846
vt 0.250000 0.490000
vt 0.130000 0.457846
vt 0.042154 0.370000
vt 0.010000 0.250000
vt 0.042154 0.130000
vt 0.130000 0.042154
vt 0.250000 0.010000
vt 0.370000 0.042154
vt 0.457846 0.130000
vt 0.490000 0.250000
vt 0.457846 0.370000
vt 0.083333 1.000000
vt 0.083333 0.500000
vt 0.000000 1.000000
vt 0.000000 0.500000
vt 0.750000 0.490000
vt 0.870000 0.457846
vt 0.957846 0.370000
vt 0.990000 0.250000
vt 0.957846 0.130000
vt 0.870000 0.042154
vt 0.750000 0.010000
vt 0.630000 0.042154
vt 0.542154 0.130000
vt 0.510000 0.250000
vt 0.542154 0.370000
vt 0.630000 0.457846
s 1
usemtl WeatheredBark
f 277/577/277 278/578/278 280/579/280 279/580/279
f 279/580/279 280/579/280 282/581/282 281/582/281
f 281/582/281 282/581/282 284/583/284 283/584/283
f 283/584/283 284/583/284 286/585/286 285/586/285
f 285/586/285 286/585/286 288/587/288 287/588/287
f 287/588/287 288/587/288 290/589/290 289/590/289
f 289/590/289 290/589/290 292/591/292 291/592/291
f 291/592/291 292/591/292 294/593/294 293/594/293
f 293/594/293 294/593/294 296/595/296 295/596/295
f 295/596/295 296/595/296 298/597/298 297/598/297
f 280/599/280 278/600/278 300/601/300 298/602/298 296/603/296 294/604/294 292/605/292 290/606/290 288/607/288 286/608/286 284/609/284 282/610/282
f 297/598/297 298/597/298 300/611/300 299/612/299
f 299/612/299 300/611/300 278/613/278 277/614/277
f 277/615/277 279/616/279 281/617/281 283/618/283 285/619/285 287/620/287 289/621/289 291/622/291 293/623/293 295/624/295 297/625/297 299/626/299
o forked_crown_bough_4
v 0.074857 1.335900 -0.002800
v -0.264074 1.987520 0.076284
v 0.074552 1.332430 0.029104
v -0.264162 1.986512 0.085546
v 0.059629 1.322950 0.055889
v -0.268495 1.983760 0.093323
v 0.034088 1.310000 0.070378
v -0.275910 1.980000 0.097529
v 0.004772 1.297050 0.068689
v -0.284421 1.976240 0.097039
v -0.020464 1.287570 0.051274
v -0.291748 1.973488 0.091983
v -0.034857 1.284100 0.022800
v -0.295926 1.972481 0.083716
v -0.034552 1.287570 -0.009104
v -0.295838 1.973488 0.074454
v -0.019629 1.297050 -0.035889
v -0.291505 1.976240 0.066677
v 0.005912 1.310000 -0.050378
v -0.284090 1.980000 0.062471
v 0.035228 1.322950 -0.048689
v -0.275579 1.983760 0.062961
v 0.060464 1.332430 -0.031274
v -0.268252 1.986512 0.068017
vn 0.9432 -0.2490 -0.2201
vn 0.3779 0.9216 -0.0882
vn 0.9393 -0.2925 0.1792
vn 0.3743 0.8803 0.2914
vn 0.7526 -0.4111 0.5144
vn 0.1968 0.7676 0.6100
vn 0.4330 -0.5732 0.6957
vn -0.1071 0.6135 0.7824
vn 0.0661 -0.7352 0.6746
vn -0.4559 0.4594 0.7623
vn -0.2497 -0.8539 0.4566
vn -0.7561 0.3466 0.5551
vn -0.4299 -0.8973 0.1003
vn -0.9273 0.3054 0.2164
vn -0.4261 -0.8539 -0.2990
vn -0.9237 0.3466 -0.1632
vn -0.2393 -0.7352 -0.6342
vn -0.7462 0.4594 -0.4818
vn 0.0803 -0.5732 -0.8155
vn -0.4423 0.6135 -0.6542
vn 0.4472 -0.4111 -0.7944
vn -0.0935 0.7676 -0.6341
vn 0.7630 -0.2925 -0.5764
vn 0.2067 0.8803 -0.4269
vt 1.000000 0.500000
vt 1.000000 1.000000
vt 0.916667 1.000000
vt 0.916667 0.500000
vt 0.833333 1.000000
vt 0.833333 0.500000
vt 0.750000 1.000000
vt 0.750000 0.500000
vt 0.666667 1.000000
vt 0.666667 0.500000
vt 0.583333 1.000000
vt 0.583333 0.500000
vt 0.500000 1.000000
vt 0.500000 0.500000
vt 0.416667 1.000000
vt 0.416667 0.500000
vt 0.333333 1.000000
vt 0.333333 0.500000
vt 0.250000 1.000000
vt 0.250000 0.500000
vt 0.166667 1.000000
vt 0.166667 0.500000
vt 0.370000 0.457846
vt 0.250000 0.490000
vt 0.130000 0.457846
vt 0.042154 0.370000
vt 0.010000 0.250000
vt 0.042154 0.130000
vt 0.130000 0.042154
vt 0.250000 0.010000
vt 0.370000 0.042154
vt 0.457846 0.130000
vt 0.490000 0.250000
vt 0.457846 0.370000
vt 0.083333 1.000000
vt 0.083333 0.500000
vt 0.000000 1.000000
vt 0.000000 0.500000
vt 0.750000 0.490000
vt 0.870000 0.457846
vt 0.957846 0.370000
vt 0.990000 0.250000
vt 0.957846 0.130000
vt 0.870000 0.042154
vt 0.750000 0.010000
vt 0.630000 0.042154
vt 0.542154 0.130000
vt 0.510000 0.250000
vt 0.542154 0.370000
vt 0.630000 0.457846
s 1
usemtl WeatheredBark
f 301/627/301 302/628/302 304/629/304 303/630/303
f 303/630/303 304/629/304 306/631/306 305/632/305
f 305/632/305 306/631/306 308/633/308 307/634/307
f 307/634/307 308/633/308 310/635/310 309/636/309
f 309/636/309 310/635/310 312/637/312 311/638/311
f 311/638/311 312/637/312 314/639/314 313/640/313
f 313/640/313 314/639/314 316/641/316 315/642/315
f 315/642/315 316/641/316 318/643/318 317/644/317
f 317/644/317 318/643/318 320/645/320 319/646/319
f 319/646/319 320/645/320 322/647/322 321/648/321
f 304/649/304 302/650/302 324/651/324 322/652/322 320/653/320 318/654/318 316/655/316 314/656/314 312/657/312 310/658/310 308/659/308 306/660/306
f 321/648/321 322/647/322 324/661/324 323/662/323
f 323/662/323 324/661/324 302/663/302 301/664/301
f 301/665/301 303/666/303 305/667/305 307/668/307 309/669/309 311/670/311 313/671/313 315/672/315 317/673/317 319/674/319 321/675/321 323/676/323
o leafy_twig
v -0.877346 1.222429 0.238766
v -0.863544 1.087235 0.128350
v -0.899874 1.215860 0.242266
v -0.870811 1.085116 0.129479
v -0.910761 1.200000 0.256155
v -0.874323 1.080000 0.133960
v -0.903628 1.184141 0.272296
v -0.872022 1.074884 0.139166
v -0.882654 1.177571 0.281234
v -0.865256 1.072765 0.142050
v -0.860126 1.184141 0.277734
v -0.857989 1.074884 0.140921
v -0.849239 1.200000 0.263845
v -0.854477 1.080000 0.136440
v -0.856372 1.215860 0.247704
v -0.856778 1.085116 0.131234
vn 0.0170 0.9906 -0.1360
vn 0.1237 0.0681 -0.9900
vn -0.5726 0.8186 -0.0444
vn -0.4126 -0.0883 -0.9066
vn -0.8575 0.4036 0.3191
vn -0.6717 -0.4658 -0.5760
vn -0.6708 -0.0115 0.7415
vn -0.5019 -0.8434 -0.1918
vn -0.1219 -0.1834 0.9754
vn -0.0026 -0.9998 0.0210
vn 0.4677 -0.0115 0.8838
vn 0.5337 -0.8434 -0.0623
vn 0.7526 0.4036 0.5203
vn 0.7928 -0.4658 -0.3929
vn 0.5659 0.8186 0.0979
vn 0.6230 -0.0883 -0.7772
vt 1.000000 0.500000
vt 1.000000 1.000000
vt 0.875000 1.000000
vt 0.875000 0.500000
vt 0.750000 1.000000
vt 0.750000 0.500000
vt 0.625000 1.000000
vt 0.625000 0.500000
vt 0.500000 1.000000
vt 0.500000 0.500000
vt 0.375000 1.000000
vt 0.375000 0.500000
vt 0.250000 1.000000
vt 0.250000 0.500000
vt 0.419706 0.419706
vt 0.250000 0.490000
vt 0.080294 0.419706
vt 0.010000 0.250000
vt 0.080294 0.080294
vt 0.250000 0.010000
vt 0.419706 0.080294
vt 0.490000 0.250000
vt 0.125000 1.000000
vt 0.125000 0.500000
vt 0.000000 1.000000
vt 0.000000 0.500000
vt 0.750000 0.490000
vt 0.919706 0.419706
vt 0.990000 0.250000
vt 0.919706 0.080294
vt 0.750000 0.010000
vt 0.580294 0.080294
vt 0.510000 0.250000
vt 0.580294 0.419706
s 1
usemtl WeatheredBark
f 325/677/325 326/678/326 328/679/328 327/680/327
f 327/680/327 328/679/328 330/681/330 329/682/329
f 329/682/329 330/681/330 332/683/332 331/684/331
f 331/684/331 332/683/332 334/685/334 333/686/333
f 333/686/333 334/685/334 336/687/336 335/688/335
f 335/688/335 336/687/336 338/689/338 337/690/337
f 328/691/328 326/692/326 340/693/340 338/694/338 336/695/336 334/696/334 332/697/332 330/698/330
f 337/690/337 338/689/338 340/699/340 339/700/339
f 339/700/339 340/699/340 326/701/326 325/702/325
f 325/703/325 327/704/327 329/705/329 331/706/331 333/707/333 335/708/335 337/709/337 339/710/339
o solid_leaf_crown_lobe
v -0.702454 0.995224 -0.060193
v -0.790986 1.033942 -0.119360
v -0.928290 0.991726 -0.129517
v -1.011759 0.982688 -0.069717
v -1.097211 1.031258 0.062183
v -1.088886 1.006148 0.191997
v -0.971754 0.975232 0.304642
v -0.863521 1.022078 0.353894
v -0.730867 1.020059 0.299234
v -0.676918 0.974632 0.199235
v -0.610600 1.008588 0.067743
v -0.641444 1.132796 -0.136996
v -0.798247 1.155047 -0.223140
v -0.978317 1.128026 -0.211577
v -1.098697 1.122443 -0.106103
v -1.211663 1.153707 0.081599
v -1.149304 1.137367 0.264965
v -0.993187 1.117312 0.407827
v -0.822814 1.147500 0.454081
v -0.667445 1.146432 0.363246
v -0.575115 1.117318 0.206214
v -0.516896 1.134454 0.014677
v -0.722849 1.259223 -0.132967
v -0.834273 1.297942 -0.169482
v -0.984019 1.255726 -0.147321
v -1.064470 1.246688 -0.046116
v -1.185346 1.295258 0.117889
v -1.062206 1.270148 0.259492
v -0.947147 1.239232 0.370007
v -0.793243 1.286077 0.392667
v -0.691541 1.284059 0.297053
v -0.611232 1.238632 0.160241
v -0.554684 1.272588 -0.001210
v -0.860351 0.982686 0.100004
v -0.851430 1.314686 0.109426
v -0.764605 0.992501 0.010131
v -0.823113 1.002622 -0.027611
v -0.746720 1.014583 -0.089776
v -0.738748 1.079418 -0.156717
v -0.678073 1.066844 -0.115089
v -0.714415 1.142583 -0.193621
v -0.793579 1.077551 -0.169142
v -0.680728 1.198844 -0.151043
v -0.751176 1.212029 -0.190882
v -0.818591 1.236440 -0.198346
v -0.778561 1.278583 -0.151225
v -0.843652 1.302783 -0.051911
v -0.767074 1.292663 -0.026155
v -0.895947 0.988654 -0.031630
v -0.859638 1.012834 -0.124438
v -0.865451 1.077923 -0.191259
v -0.960916 1.074857 -0.189936
v -0.905466 1.140369 -0.228753
v -0.891995 1.209923 -0.203505
v -0.909146 1.276834 -0.158402
v -0.983069 1.179968 -0.197004
v -0.923735 1.288815 -0.036471
v -0.951924 0.985677 0.004738
v -0.970024 0.987207 -0.099617
v -1.017157 1.053938 -0.137262
v -1.035326 1.121165 -0.179581
v -1.052083 1.041611 -0.087564
v -1.044796 1.185938 -0.141873
v -1.087633 1.200500 -0.074285
v -1.024244 1.251207 -0.096718
v -0.983048 1.285839 0.023066
v -0.993869 1.001672 0.076975
v -1.054485 1.006973 -0.003767
v -1.112620 1.073548 -0.026165
v -1.175237 1.102516 0.072299
v -1.179183 1.143226 -0.001959
v -1.153086 1.205548 -0.001678
v -1.124908 1.270973 0.035887
v -1.209980 1.207627 0.094431
v -1.027565 1.301834 0.113599
v -0.987305 0.993403 0.153855
v -1.093048 1.018703 0.127090
v -1.147773 1.084527 0.163979
v -1.206732 1.152016 0.162443
v -1.114848 1.058062 0.225793
v -1.180151 1.216527 0.193028
v -1.110425 1.216951 0.265029
v -1.123776 1.282703 0.188691
v -0.978376 1.293565 0.198245
v -0.928416 0.983222 0.217228
v -1.030320 0.990690 0.248320
v -1.069735 1.056734 0.298609
v -0.990263 1.063316 0.377340
v -1.065197 1.120751 0.357065
v -1.057486 1.188735 0.331481
v -1.004676 1.254690 0.314750
v -0.980355 1.168427 0.403309
v -0.904501 1.283384 0.259267
v -0.859815 0.998649 0.242906
v -0.917638 0.998655 0.329268
v -0.903926 1.064189 0.400884
v -0.921524 1.126719 0.443359
v -0.843584 1.069232 0.400938
v -0.887042 1.196189 0.430763
v -0.808914 1.228121 0.422845
v -0.870195 1.262655 0.381337
v -0.820466 1.298811 0.269888
v -0.789817 0.997984 0.215796
v -0.797194 1.021068 0.326564
v -0.769852 1.086426 0.393102
v -0.686496 1.094680 0.347924
v -0.726540 1.151735 0.414588
v -0.747142 1.218426 0.396245
v -0.742392 1.285068 0.344860
v -0.670706 1.199791 0.347066
v -0.755792 1.298146 0.219896
v -0.748244 0.982944 0.156807
v -0.703892 0.997345 0.249234
v -0.646263 1.064223 0.267189
v -0.621507 1.133958 0.303721
v -0.626981 1.035962 0.204057
v -0.623937 1.196223 0.262279
v -0.591044 1.194851 0.181270
v -0.651386 1.261345 0.228647
v -0.707727 1.283105 0.138952
v -0.725204 0.990854 0.080894
v -0.643759 0.991610 0.133489
v -0.578515 1.058452 0.134472
v -0.546541 1.082775 0.032925
v -0.521439 1.126991 0.096371
v -0.549623 1.190452 0.103132
v -0.582958 1.255610 0.079516
v -0.524432 1.187886 0.005531
v -0.693718 1.291015 0.046884
v -0.656527 1.001906 0.003775
v -0.616779 1.068659 -0.050082
v -0.557360 1.134906 -0.062337
v -0.596546 1.200048 -0.084779
v -0.638767 1.265906 -0.067088
v -0.781972 1.001970 -0.030153
v -0.710437 1.096204 -0.164440
v -0.759072 1.061815 -0.143884
v -0.716493 1.184204 -0.188330
v -0.781073 1.241481 -0.185097
v -0.799664 1.294697 -0.068344
v -0.859686 1.000493 -0.054208
v -0.836216 1.060649 -0.166948
v -0.907450 1.095386 -0.210725
v -0.869505 1.240315 -0.190600
v -0.925080 1.179719 -0.216861
v -0.890174 1.293220 -0.073553
v -0.935693 0.984620 -0.036650
v -1.011372 1.079464 -0.171952
v -1.016145 1.028855 -0.110617
v -1.029132 1.163797 -0.177065
v -1.053516 1.208521 -0.107911
v -0.970132 1.277348 -0.030660
v -0.993792 0.996863 0.028912
v -1.073935 1.042032 -0.044681
v -1.160413 1.104420 0.007138
v -1.121657 1.221699 -0.018492
v -1.188075 1.188754 0.024487
v -1.037611 1.289590 0.060018
v -1.019033 1.004128 0.118545
v -1.183328 1.111708 0.138749
v -1.122091 1.056585 0.176564
v -1.209887 1.196041 0.156708
v -1.142234 1.236252 0.218538
v -1.036376 1.296855 0.164827
v -0.976898 0.986778 0.201881
v -1.078178 1.037910 0.259161
v -1.049540 1.076340 0.345535
v -1.062307 1.217577 0.304221
v -1.041650 1.160673 0.366445
v -0.956517 1.279505 0.251459
v -0.899818 0.991711 0.256890
v -0.934635 1.081288 0.415138
v -0.886194 1.047791 0.383774
v -0.926140 1.165621 0.435649
v -0.854019 1.227458 0.418456
v -0.863740 1.284438 0.296490
v -0.817146 1.005593 0.255263
v -0.804087 1.062734 0.381287
v -0.728200 1.109587 0.394405
v -0.767210 1.242400 0.394392
v -0.715208 1.193920 0.394278
v -0.775825 1.298320 0.271807
v -0.752521 0.990900 0.202568
v -0.644189 1.094848 0.305890
v -0.655450 1.033302 0.240076
v -0.631260 1.179181 0.304682
v -0.619669 1.212969 0.225394
v -0.712232 1.283627 0.192403
v -0.711865 0.986863 0.122869
v -0.614296 1.029479 0.160665
v -0.540111 1.086970 0.093947
v -0.573216 1.209145 0.124652
v -0.522113 1.171304 0.072337
v -0.667536 1.279590 0.089825
v -0.720858 0.993633 0.034182
v -0.568877 1.093442 -0.033867
v -0.651932 1.044554 -0.057840
v -0.552075 1.177775 -0.055946
v -0.640092 1.220554 -0.105082
v -0.705173 1.286361 -0.010319
vn -0.7247 -0.3446 0.5968
vn -0.2640 0.2601 0.9288
vn 0.3936 -0.0743 0.9163
vn 0.6398 -0.3461 0.6862
vn 0.9586 0.2053 0.1975
vn 0.8978 -0.1002 -0.4288
vn 0.6032 -0.3029 -0.7378
vn -0.0277 0.3358 -0.9415
vn -0.7342 0.1154 -0.6691
vn -0.7773 -0.5058 -0.3741
vn -0.9434 0.3249 0.0666
vn -0.6325 0.1911 0.7506
vn -0.1833 0.0850 0.9794
vn 0.3418 0.1211 0.9319
vn 0.7854 0.1279 0.6056
vn 0.9584 0.2426 0.1501
vn 0.8129 0.1276 -0.5683
vn 0.4985 0.1514 -0.8536
vn -0.1514 0.0990 -0.9835
vn -0.7155 0.0899 -0.6928
vn -0.8925 0.1279 -0.4326
vn -0.9527 0.2185 0.2112
vn -0.4681 0.2257 0.8544
vn -0.0269 0.5127 0.8581
vn 0.3962 0.1322 0.9086
vn 0.7296 0.4037 0.5520
vn 0.9869 0.1347 -0.0890
vn 0.6580 0.5351 -0.5299
vn 0.4726 0.0111 -0.8812
vn -0.4641 0.3197 -0.8261
vn -0.5939 0.5340 -0.6018
vn -0.8666 0.2945 -0.4029
vn -0.9215 0.1935 0.3367
vn -0.0054 -0.9999 -0.0087
vn 0.0101 0.9999 0.0064
vn -0.0134 -0.9933 -0.1150
vn 0.0761 -0.9781 -0.1936
vn -0.5485 -0.4170 0.7247
vn -0.2241 0.6259 0.7470
vn -0.4990 0.6036 0.6218
vn -0.4373 0.1763 0.8819
vn -0.2163 0.6302 0.7457
vn -0.5635 -0.3862 0.7303
vn -0.3713 -0.4241 0.8260
vn -0.0919 -0.4162 0.9046
vn -0.1288 0.5206 0.8440
vn -0.0077 0.9972 -0.0743
vn 0.1653 0.9784 -0.1238
vn 0.1416 -0.9862 -0.0858
vn 0.0514 -0.4440 0.8945
vn -0.1544 0.5767 0.8022
vn 0.2237 0.5502 0.8045
vn 0.0518 0.0696 0.9962
vn 0.1225 -0.4260 0.8964
vn -0.0352 0.5461 0.8370
vn 0.3962 -0.3752 0.8380
vn -0.2151 0.9701 -0.1120
vn -0.0817 -0.9948 0.0616
vn 0.5878 -0.4252 0.6883
vn 0.5282 0.5936 0.6071
vn 0.6368 0.1551 0.7553
vn 0.6610 0.5790 0.4773
vn 0.6887 -0.4131 0.5958
vn 0.6646 -0.4828 0.5703
vn 0.6042 0.5960 0.5289
vn -0.1508 0.9669 -0.2057
vn -0.1986 -0.9800 0.0110
vn 0.6778 -0.4320 0.5949
vn 0.7067 0.6184 0.3437
vn 0.7570 0.6461 0.0973
vn 0.8561 0.1422 0.4968
vn 0.6805 -0.4298 0.5935
vn 0.7228 0.5522 0.4155
vn 0.9594 -0.2380 0.1517
vn -0.0690 0.9964 -0.0496
vn -0.1438 -0.9845 -0.1008
vn 0.8327 -0.5186 -0.1943
vn 0.7529 0.6398 -0.1543
vn 0.9213 0.2697 -0.2801
vn 0.7680 0.5674 -0.2970
vn 0.7842 -0.3325 -0.5239
vn 0.6090 -0.4567 -0.6485
vn 0.6668 0.5429 -0.5105
vn -0.0590 0.9755 0.2118
vn 0.0578 -0.9983 0.0066
vn 0.6051 -0.4028 -0.6867
vn 0.6449 0.5737 -0.5050
vn 0.3964 0.5699 -0.7198
vn 0.6813 0.0958 -0.7257
vn 0.5905 -0.4458 -0.6727
vn 0.6260 0.5781 -0.5234
vn 0.4818 -0.3767 -0.7912
vn -0.1491 0.9636 0.2220
vn 0.1402 -0.9787 0.1500
vn 0.4367 -0.3324 -0.8360
vn 0.0272 0.6384 -0.7692
vn 0.2195 0.1782 -0.9592
vn -0.1390 0.6557 -0.7421
vn 0.2191 -0.4498 -0.8658
vn -0.1547 -0.4289 -0.8900
vn -0.0304 0.5278 -0.8488
vn -0.0821 0.9887 0.1251
vn -0.0302 -0.9793 0.2004
vn -0.3492 -0.4574 -0.8178
vn -0.3068 0.6233 -0.7193
vn -0.5522 0.5522 -0.6247
vn -0.4945 0.0644 -0.8668
vn -0.4718 -0.4139 -0.7785
vn -0.5215 0.5873 -0.6190
vn -0.7031 -0.3874 -0.5963
vn 0.1886 0.9820 0.0117
vn -0.0449 -0.9983 0.0364
vn -0.8628 -0.3978 -0.3120
vn -0.6579 0.5746 -0.4867
vn -0.8484 0.1130 -0.5171
vn -0.7191 0.5723 -0.3941
vn -0.8479 -0.3934 -0.3555
vn -0.8297 -0.4186 -0.3693
vn -0.6186 0.5992 -0.5082
vn 0.2810 0.9573 0.0683
vn 0.0834 -0.9932 -0.0816
vn -0.7846 -0.3903 -0.4817
vn -0.7647 0.5912 -0.2564
vn -0.7620 0.6211 0.1834
vn -0.9570 0.1152 -0.2664
vn -0.8283 -0.4110 -0.3808
vn -0.7539 0.6213 -0.2133
vn -0.9465 -0.2560 0.1967
vn 0.1630 0.9865 0.0149
vn -0.6939 -0.4513 0.5611
vn -0.5863 0.6450 0.4900
vn -0.7463 0.2541 0.6152
vn -0.6251 -0.3165 0.7135
vn -0.5126 0.5809 0.6323
vn -0.1180 -0.9606 -0.2517
vn -0.3655 0.5575 0.7454
vn -0.1590 0.6932 0.7030
vn -0.4855 -0.3165 0.8149
vn -0.3402 -0.4981 0.7976
vn 0.2518 0.9637 -0.0886
vn 0.2477 -0.9568 -0.1525
vn -0.2463 0.6594 0.7103
vn 0.0077 0.4916 0.8708
vn 0.1627 -0.4201 0.8928
vn 0.1780 -0.3727 0.9107
vn -0.2365 0.9666 -0.0986
vn 0.0508 -0.9979 -0.0410
vn 0.4842 0.5419 0.6870
vn 0.5041 0.6020 0.6192
vn 0.6118 -0.3060 0.7294
vn 0.6898 -0.5073 0.5165
vn -0.2426 0.9587 -0.1486
vn -0.2173 -0.9651 0.1463
vn 0.7167 0.6211 0.3171
vn 0.7363 0.5994 0.3141
vn 0.5985 -0.5319 0.5991
vn 0.8410 -0.2644 0.4720
vn -0.0946 0.9545 -0.2827
vn -0.1934 -0.9723 -0.1314
vn 0.7531 0.6452 -0.1282
vn 0.8209 0.5666 -0.0708
vn 0.9497 -0.1511 -0.2744
vn 0.6158 -0.4913 -0.6160
vn -0.0708 0.9799 0.1865
vn -0.1204 -0.9884 -0.0925
vn 0.6509 0.6268 -0.4283
vn 0.5888 0.5115 -0.6258
vn 0.5514 -0.4990 -0.6686
vn 0.5744 -0.3582 -0.7360
vn -0.0635 0.9575 0.2814
vn 0.2543 -0.9580 0.1322
vn 0.1901 0.5616 -0.8052
vn -0.0342 0.7033 -0.7101
vn 0.3323 -0.3384 -0.8804
vn 0.1886 -0.5238 -0.8307
vn -0.2574 0.9470 0.1920
vn 0.0613 -0.9811 0.1837
vn -0.2372 0.7014 -0.6721
vn -0.4491 0.5234 -0.7241
vn -0.5314 -0.3771 -0.7586
vn -0.5379 -0.3773 -0.7539
vn 0.0942 0.9915 0.0900
vn -0.1423 -0.9590 0.2452
vn -0.6652 0.5289 -0.5271
vn -0.6273 0.5810 -0.5186
vn -0.8284 -0.3227 -0.4578
vn -0.8333 -0.4476 -0.3245
vn 0.3235 0.9451 -0.0460
vn 0.0666 -0.9869 -0.1468
vn -0.7341 0.6252 -0.2650
vn -0.8186 0.5519 -0.1588
vn -0.7903 -0.4692 -0.3941
vn -0.9347 -0.2828 -0.2153
vn 0.2600 0.9432 0.2067
vn 0.0940 -0.9953 -0.0225
vn -0.6399 0.6221 0.4511
vn -0.6202 0.6279 0.4702
vn -0.7832 -0.1753 0.5965
vn -0.5388 -0.4415 0.7175
vn 0.1145 0.9794 -0.1666
s 1
usemtl Leaf
f 374//374 377//377 475//475 376//376
f 342//342 378//378 475//475 377//377
f 341//341 376//376 475//475 378//378
f 341//341 380//380 476//476 379//379
f 352//352 381//381 476//476 380//380
f 353//353 379//379 476//476 381//381
f 341//341 379//379 477//477 378//378
f 353//353 382//382 477//477 379//379
f 342//342 378//378 477//477 382//382
f 352//352 383//383 478//478 381//381
f 363//363 384//384 478//478 383//383
f 353//353 381//381 478//478 384//384
f 353//353 384//384 479//479 385//385
f 363//363 386//386 479//479 384//384
f 364//364 385//385 479//479 386//386
f 375//375 388//388 480//480 387//387
f 363//363 386//386 480//480 388//388
f 364//364 387//387 480//480 386//386
f 374//374 389//389 481//481 377//377
f 343//343 390//390 481//481 389//389
f 342//342 377//377 481//481 390//390
f 342//342 382//382 482//482 390//390
f 353//353 391//391 482//482 382//382
f 343//343 390//390 482//482 391//391
f 343//343 391//391 483//483 392//392
f 353//353 393//393 483//483 391//391
f 354//354 392//392 483//483 393//393
f 353//353 385//385 484//484 394//394
f 364//364 395//395 484//484 385//385
f 365//365 394//394 484//484 395//395
f 353//353 394//394 485//485 393//393
f 365//365 396//396 485//485 394//394
f 354//354 393//393 485//485 396//396
f 375//375 387//387 486//486 397//397
f 364//364 395//395 486//486 387//387
f 365//365 397//397 486//486 395//395
f 374//374 398//398 487//487 389//389
f 344//344 399//399 487//487 398//398
f 343//343 389//389 487//487 399//399
f 343//343 392//392 488//488 400//400
f 354//354 401//401 488//488 392//392
f 355//355 400//400 488//488 401//401
f 343//343 400//400 489//489 399//399
f 355//355 402//402 489//489 400//400
f 344//344 399//399 489//489 402//402
f 354//354 396//396 490//490 401//401
f 365//365 403//403 490//490 396//396
f 355//355 401//401 490//490 403//403
f 355//355 403//403 491//491 404//404
f 365//365 405//405 491//491 403//403
f 366//366 404//404 491//491 405//405
f 375//375 397//397 492//492 406//406
f 365//365 405//405 492//492 397//397
f 366//366 406//406 492//492 405//405
f 374//374 407//407 493//493 398//398
f 345//345 408//408 493//493 407//407
f 344//344 398//398 493//493 408//408
f 344//344 402//402 494//494 408//408
f 355//355 409//409 494//494 402//402
f 345//345 408//408 494//494 409//409
f 345//345 409//409 495//495 410//410
f 355//355 411//411 495//495 409//409
f 356//356 410//410 495//495 411//411
f 355//355 404//404 496//496 412//412
f 366//366 413//413 496//496 404//404
f 367//367 412//412 496//496 413//413
f 355//355 412//412 497//497 411//411
f 367//367 414//414 497//497 412//412
f 356//356 411//411 497//497 414//414
f 375//375 406//406 498//498 415//415
f 366//366 413//413 498//498 406//406
f 367//367 415//415 498//498 413//413
f 374//374 416//416 499//499 407//407
f 346//346 417//417 499//499 416//416
f 345//345 407//407 499//499 417//417
f 345//345 410//410 500//500 418//418
f 356//356 419//419 500//500 410//410
f 357//357 418//418 500//500 419//419
f 345//345 418//418 501//501 417//417
f 357//357 420//420 501//501 418//418
f 346//346 417//417 501//501 420//420
f 356//356 414//414 502//502 419//419
f 367//367 421//421 502//502 414//414
f 357//357 419//419 502//502 421//421
f 357//357 421//421 503//503 422//422
f 367//367 423//423 503//503 421//421
f 368//368 422//422 503//503 423//423
f 375//375 415//415 504//504 424//424
f 367//367 423//423 504//504 415//415
f 368//368 424//424 504//504 423//423
f 374//374 425//425 505//505 416//416
f 347//347 426//426 505//505 425//425
f 346//346 416//416 505//505 426//426
f 346//346 420//420 506//506 426//426
f 357//357 427//427 506//506 420//420
f 347//347 426//426 506//506 427//427
f 347//347 427//427 507//507 428//428
f 357//357 429//429 507//507 427//427
f 358//358 428//428 507//507 429//429
f 357//357 422//422 508//508 430//430
f 368//368 431//431 508//508 422//422
f 369//369 430//430 508//508 431//431
f 357//357 430//430 509//509 429//429
f 369//369 432//432 509//509 430//430
f 358//358 429//429 509//509 432//432
f 375//375 424//424 510//510 433//433
f 368//368 431//431 510//510 424//424
f 369//369 433//433 510//510 431//431
f 374//374 434//434 511//511 425//425
f 348//348 435//435 511//511 434//434
f 347//347 425//425 511//511 435//435
f 347//347 428//428 512//512 436//436
f 358//358 437//437 512//512 428//428
f 359//359 436//436 512//512 437//437
f 347//347 436//436 513//513 435//435
f 359//359 438//438 513//513 436//436
f 348//348 435//435 513//513 438//438
f 358//358 432//432 514//514 437//437
f 369//369 439//439 514//514 432//432
f 359//359 437//437 514//514 439//439
f 359//359 439//439 515//515 440//440
f 369//369 441//441 515//515 439//439
f 370//370 440//440 515//515 441//441
f 375//375 433//433 516//516 442//442
f 369//369 441//441 516//516 433//433
f 370//370 442//442 516//516 441//441
f 374//374 443//443 517//517 434//434
f 349//349 444//444 517//517 443//443
f 348//348 434//434 517//517 444//444
f 348//348 438//438 518//518 444//444
f 359//359 445//445 518//518 438//438
f 349//349 444//444 518//518 445//445
f 349//349 445//445 519//519 446//446
f 359//359 447//447 519//519 445//445
f 360//360 446//446 519//519 447//447
f 359//359 440//440 520//520 448//448
f 370//370 449//449 520//520 440//440
f 371//371 448//448 520//520 449//449
f 359//359 448//448 521//521 447//447
f 371//371 450//450 521//521 448//448
f 360//360 447//447 521//521 450//450
f 375//375 442//442 522//522 451//451
f 370//370 449//449 522//522 442//442
f 371//371 451//451 522//522 449//449
f 374//374 452//452 523//523 443//443
f 350//350 453//453 523//523 452//452
f 349//349 443//443 523//523 453//453
f 349//349 446//446 524//524 454//454
f 360//360 455//455 524//524 446//446
f 361//361 454//454 524//524 455//455
f 349//349 454//454 525//525 453//453
f 361//361 456//456 525//525 454//454
f 350//350 453//453 525//525 456//456
f 360//360 450//450 526//526 455//455
f 371//371 457//457 526//526 450//450
f 361//361 455//455 526//526 457//457
f 361//361 457//457 527//527 458//458
f 371//371 459//459 527//527 457//457
f 372//372 458//458 527//527 459//459
f 375//375 451//451 528//528 460//460
f 371//371 459//459 528//528 451//451
f 372//372 460//460 528//528 459//459
f 374//374 461//461 529//529 452//452
f 351//351 462//462 529//529 461//461
f 350//350 452//452 529//529 462//462
f 350//350 456//456 530//530 462//462
f 361//361 463//463 530//530 456//456
f 351//351 462//462 530//530 463//463
f 351//351 463//463 531//531 464//464
f 361//361 465//465 531//531 463//463
f 362//362 464//464 531//531 465//465
f 361//361 458//458 532//532 466//466
f 372//372 467//467 532//532 458//458
f 373//373 466//466 532//532 467//467
f 361//361 466//466 533//533 465//465
f 373//373 468//468 533//533 466//466
f 362//362 465//465 533//533 468//468
f 375//375 460//460 534//534 469//469
f 372//372 467//467 534//534 460//460
f 373//373 469//469 534//534 467//467
f 374//374 376//376 535//535 461//461
f 341//341 470//470 535//535 376//376
f 351//351 461//461 535//535 470//470
f 351//351 464//464 536//536 471//471
f 362//362 472//472 536//536 464//464
f 352//352 471//471 536//536 472//472
f 351//351 471//471 537//537 470//470
f 352//352 380//380 537//537 471//471
f 341//341 470//470 537//537 380//380
f 362//362 468//468 538//538 472//472
f 373//373 473//473 538//538 468//468
f 352//352 472//472 538//538 473//473
f 352//352 473//473 539//539 383//383
f 373//373 474//474 539//539 473//473
f 363//363 383//383 539//539 474//474
f 375//375 469//469 540//540 388//388
f 373//373 474//474 540//540 469//469
f 363//363 388//388 540//540 474//474
o crown_contour_leaf
v -0.867169 1.265237 -0.101231
v -0.903175 1.248147 -0.115395
v -0.927478 1.238182 -0.135986
v -0.933530 1.240893 -0.177601
v -0.927459 1.249484 -0.215323
v -0.894258 1.265163 -0.201704
v -0.864136 1.277327 -0.174864
v -0.860102 1.274766 -0.141832
v -0.862518 1.256473 -0.102479
v -0.898524 1.239383 -0.116643
v -0.922827 1.229417 -0.137234
v -0.928879 1.232129 -0.178848
v -0.922809 1.240720 -0.216571
v -0.889607 1.256399 -0.202952
v -0.859485 1.268562 -0.176111
v -0.855452 1.266001 -0.143079
vn 0.4651 -0.8764 -0.1247
vn -0.4651 0.8764 0.1247
vn -0.2431 -0.2619 0.9340
vn -0.5035 -0.3778 0.7771
vn -0.8735 -0.4772 0.0959
vn -0.8716 -0.4286 -0.2379
vn 0.2548 0.2675 -0.9292
vn 0.5222 0.3854 -0.7607
vn 0.8770 0.4754 -0.0702
vn 0.8694 0.4256 0.2512
s 0
usemtl Leaf
f 541//541 542//541 543//541 544//541 545//541 546//541 547//541 548//541
f 556//542 555//542 554//542 553//542 552//542 551//542 550//542 549//542
f 541//543 542//543 550//543 549//543
f 542//544 543//544 551//544 550//544
f 543//545 544//545 552//545 551//545
f 544//546 545//546 553//546 552//546
f 545//547 546//547 554//547 553//547
f 546//548 547//548 555//548 554//548
f 547//549 548//549 556//549 555//549
f 548//550 541//550 549//550 556//550
o crown_contour_leaf.001
v -0.879912 1.151932 0.123697
v -0.880908 1.157221 0.172810
v -0.893519 1.157212 0.209725
v -0.936146 1.145369 0.231375
v -0.979388 1.131460 0.236788
v -0.977865 1.126764 0.191311
v -0.960808 1.127204 0.145106
v -0.926665 1.136816 0.128868
v -0.876746 1.142508 0.124776
v -0.877742 1.147797 0.173889
v -0.890352 1.147788 0.210804
v -0.932980 1.135945 0.232454
v -0.976222 1.122036 0.237867
v -0.974699 1.117340 0.192390
v -0.957641 1.117780 0.146185
v -0.923498 1.127392 0.129948
vn 0.3166 -0.9424 0.1079
vn -0.3166 0.9424 -0.1079
vn 0.9483 0.3169 -0.0149
vn 0.8918 0.3345 0.3047
vn 0.3883 0.2326 0.8917
vn 0.0787 0.1395 0.9871
vn -0.9480 -0.3184 0.0011
vn -0.8831 -0.3344 -0.3292
vn -0.3657 -0.2262 -0.9028
vn -0.0656 -0.1353 -0.9886
s 0
usemtl Leaf
f 557//551 558//551 559//551 560//551 561//551 562//551 563//551 564//551
f 572//552 571//552 570//552 569//552 568//552 567//552 566//552 565//552
f 557//553 558//553 566//553 565//553
f 558//554 559//554 567//554 566//554
f 559//555 560//555 568//555 567//555
f 560//556 561//556 569//556 568//556
f 561//557 562//557 570//557 569//557
f 562//558 563//558 571//558 570//558
f 563//559 564//559 572//559 571//559
f 564//560 557//560 565//560 572//560
o crown_contour_leaf.002
v -0.572532 1.248790 0.021310
v -0.519821 1.260176 0.004402
v -0.475345 1.258799 0.000778
v -0.434841 1.228480 0.025635
v -0.411377 1.193608 0.056804
v -0.460432 1.183567 0.072001
v -0.516621 1.186358 0.075562
v -0.547889 1.210916 0.055255
v -0.573426 1.241022 0.013291
v -0.520715 1.252408 -0.003616
v -0.476239 1.251030 -0.007241
v -0.435735 1.220712 0.017617
v -0.412271 1.185839 0.048786
v -0.461326 1.175799 0.063983
v -0.517515 1.178590 0.067543
v -0.548783 1.203148 0.047237
vn -0.0798 -0.6936 -0.7159
vn 0.0798 0.6936 0.7159
vn -0.3517 0.6916 -0.6308
vn -0.0342 0.7197 -0.6934
vn 0.6909 0.4792 -0.5413
vn 0.8903 0.2735 -0.3642
vn 0.3388 -0.6943 0.6349
vn 0.0084 -0.7187 0.6953
vn -0.7093 -0.4651 0.5297
vn -0.8964 -0.2642 0.3559
s 0
usemtl Leaf
f 573//561 574//561 575//561 576//561 577//561 578//561 579//561 580//561
f 588//562 587//562 586//562 585//562 584//562 583//562 582//562 581//562
f 573//563 574//563 582//563 581//563
f 574//564 575//564 583//564 582//564
f 575//565 576//565 584//565 583//565
f 576//566 577//566 585//566 584//566
f 577//567 578//567 586//567 585//567
f 578//568 579//568 587//568 586//568
f 579//569 580//569 588//569 587//569
f 580//570 573//570 581//570 588//570
o crown_contour_leaf.003
v -1.000867 1.135212 0.047851
v -1.053165 1.118765 0.043075
v -1.095986 1.104608 0.026701
v -1.131527 1.090974 -0.020871
v -1.150057 1.082636 -0.067882
v -1.101452 1.097957 -0.062813
v -1.047478 1.115870 -0.040946
v -1.020180 1.126423 -0.002925
v -0.997915 1.125673 0.048380
v -1.050213 1.109225 0.043604
v -1.093034 1.095068 0.027230
v -1.128575 1.081435 -0.020343
v -1.147105 1.073096 -0.067353
v -1.098500 1.088417 -0.062284
v -1.044526 1.106330 -0.040417
v -1.017228 1.116884 -0.002396
vn 0.2952 -0.9540 0.0529
vn -0.2952 0.9540 -0.0529
vn -0.0986 0.0246 0.9948
vn -0.3411 -0.0536 0.9385
vn -0.7567 -0.1997 0.6225
vn -0.8843 -0.2518 0.3932
vn 0.1102 -0.0209 -0.9937
vn 0.3579 0.0591 -0.9319
vn 0.7676 0.2038 -0.6077
vn 0.8887 0.2538 -0.3819
s 0
usemtl Leaf
f 589//571 590//571 591//571 592//571 593//571 594//571 595//571 596//571
f 604//572 603//572 602//572 601//572 600//572 599//572 598//572 597//572
f 589//573 590//573 598//573 597//573
f 590//574 591//574 599//574 598//574
f 591//575 592//575 600//575 599//575
f 592//576 593//576 601//576 600//576
f 593//577 594//577 602//577 601//577
f 594//578 595//578 603//578 602//578
f 595//579 596//579 604//579 603//579
f 596//580 589//580 597//580 604//580
o crown_contour_leaf.004
v -0.772029 1.196660 0.405550
v -0.731024 1.177351 0.410980
v -0.702223 1.166342 0.426094
v -0.691331 1.170294 0.467729
v -0.694156 1.180907 0.508446
v -0.732023 1.198609 0.502860
v -0.767855 1.212012 0.482757
v -0.775654 1.208407 0.449511
v -0.776418 1.187895 0.407530
v -0.735413 1.168587 0.412960
v -0.706612 1.157578 0.428074
v -0.695720 1.161529 0.469709
v -0.698545 1.172142 0.510426
v -0.736412 1.189844 0.504840
v -0.772244 1.203247 0.484737
v -0.780043 1.199642 0.451491
vn -0.4389 -0.8764 0.1980
vn 0.4389 0.8764 -0.1980
vn 0.0205 -0.2301 -0.9730
vn 0.3223 -0.3593 -0.8758
vn 0.8625 -0.4727 -0.1808
vn 0.8960 -0.4105 0.1692
vn -0.0330 0.2359 0.9712
vn -0.3463 0.3683 0.8628
vn -0.8694 0.4699 0.1530
vn -0.8950 0.4070 -0.1826
s 0
usemtl Leaf
f 605//581 606//581 607//581 608//581 609//581 610//581 611//581 612//581
f 620//582 619//582 618//582 617//582 616//582 615//582 614//582 613//582
f 605//583 606//583 614//583 613//583
f 606//584 607//584 615//584 614//584
f 607//585 608//585 616//585 615//585
f 608//586 609//586 617//586 616//586
f 609//587 610//587 618//587 617//587
f 610//588 611//588 619//588 618//588
f 611//589 612//589 620//589 619//589
f 612//590 605//590 613//590 620//590
o crown_contour_leaf.005
v -0.724015 1.089292 -0.083069
v -0.754371 1.096040 -0.125658
v -0.765988 1.096716 -0.163890
v -0.739534 1.084059 -0.204782
v -0.702154 1.068821 -0.232089
v -0.674612 1.062796 -0.192337
v -0.661274 1.062421 -0.143817
v -0.683166 1.072719 -0.112009
v -0.727648 1.078738 -0.082152
v -0.758004 1.085485 -0.124741
v -0.769621 1.086161 -0.162973
v -0.743167 1.073504 -0.203865
v -0.705787 1.058267 -0.231172
v -0.678244 1.052241 -0.191420
v -0.664907 1.051867 -0.142900
v -0.686799 1.062164 -0.111092
vn -0.3243 -0.9424 0.0819
vn 0.3243 0.9424 -0.0819
vn -0.7506 0.3091 0.5840
vn -0.9002 0.3341 0.2794
vn -0.7864 0.2205 -0.5770
vn -0.5536 0.1189 -0.8242
vn 0.7586 -0.3108 -0.5727
vn 0.9081 -0.3344 -0.2522
vn 0.7712 -0.2133 0.5998
vn 0.5429 -0.1146 0.8319
s 0
usemtl Leaf
f 621//591 622//591 623//591 624//591 625//591 626//591 627//591 628//591
f 636//592 635//592 634//592 633//592 632//592 631//592 630//592 629//592
f 621//593 622//593 630//593 629//593
f 622//594 623//594 631//594 630//594
f 623//595 624//595 632//595 631//595
f 624//596 625//596 633//596 632//596
f 625//597 626//597 634//597 633//597
f 626//598 627//598 635//598 634//598
f 627//599 628//599 636//599 635//599
f 628//600 621//600 629//600 636//600
o leafy_twig.001
v 0.778105 1.330941 0.350277
v 0.139789 1.269981 0.443689
v 0.781834 1.321878 0.371885
v 0.140992 1.267058 0.450660
v 0.784489 1.300000 0.380673
v 0.141848 1.260000 0.453495
v 0.784514 1.278122 0.371493
v 0.141856 1.252942 0.450533
v 0.781894 1.269059 0.349723
v 0.141011 1.250019 0.443511
v 0.778166 1.278122 0.328115
v 0.139808 1.252942 0.436540
v 0.775511 1.300000 0.319327
v 0.138952 1.260000 0.433705
v 0.775486 1.321878 0.328507
v 0.138944 1.267058 0.436667
vn 0.5623 0.8228 -0.0823
vn -0.6812 0.7252 0.0997
vn 0.6569 0.5930 0.4657
vn -0.5891 0.5012 0.6339
vn 0.7242 0.0382 0.6885
vn -0.5234 -0.0397 0.8511
vn 0.7248 -0.5167 0.4557
vn -0.5228 -0.5806 0.6242
vn 0.6584 -0.7465 -0.0964
vn -0.5876 -0.8046 0.0860
vn 0.5638 -0.5167 -0.6443
vn -0.6798 -0.5806 -0.4482
vn 0.4965 0.0382 -0.8672
vn -0.7454 -0.0397 -0.6655
vn 0.4959 0.5930 -0.6344
vn -0.7460 0.5012 -0.4385
vt 1.000000 0.500000
vt 1.000000 1.000000
vt 0.875000 1.000000
vt 0.875000 0.500000
vt 0.750000 1.000000
vt 0.750000 0.500000
vt 0.625000 1.000000
vt 0.625000 0.500000
vt 0.500000 1.000000
vt 0.500000 0.500000
vt 0.375000 1.000000
vt 0.375000 0.500000
vt 0.250000 1.000000
vt 0.250000 0.500000
vt 0.419706 0.419706
vt 0.250000 0.490000
vt 0.080294 0.419706
vt 0.010000 0.250000
vt 0.080294 0.080294
vt 0.250000 0.010000
vt 0.419706 0.080294
vt 0.490000 0.250000
vt 0.125000 1.000000
vt 0.125000 0.500000
vt 0.000000 1.000000
vt 0.000000 0.500000
vt 0.750000 0.490000
vt 0.919706 0.419706
vt 0.990000 0.250000
vt 0.919706 0.080294
vt 0.750000 0.010000
vt 0.580294 0.080294
vt 0.510000 0.250000
vt 0.580294 0.419706
s 1
usemtl WeatheredBark
f 637/711/601 638/712/602 640/713/604 639/714/603
f 639/714/603 640/713/604 642/715/606 641/716/605
f 641/716/605 642/715/606 644/717/608 643/718/607
f 643/718/607 644/717/608 646/719/610 645/720/609
f 645/720/609 646/719/610 648/721/612 647/722/611
f 647/722/611 648/721/612 650/723/614 649/724/613
f 640/725/604 638/726/602 652/727/616 650/728/614 648/729/612 646/730/610 644/731/608 642/732/606
f 649/724/613 650/723/614 652/733/616 651/734/615
f 651/734/615 652/733/616 638/735/602 637/736/601
f 637/737/601 639/738/603 641/739/605 643/740/607 645/741/609 647/742/611 649/743/613 651/744/615
o solid_leaf_crown_lobe.001
v 0.158615 1.172347 0.302432
v 0.084997 1.117627 0.198383
v -0.093005 1.157982 0.206570
v -0.217233 1.184330 0.276624
v -0.375624 1.125451 0.403340
v -0.282873 1.140498 0.565356
v -0.202868 1.188798 0.678960
v -0.070017 1.139793 0.745836
v 0.075214 1.125947 0.730576
v 0.202273 1.184686 0.606570
v 0.298948 1.157236 0.455391
v 0.267428 1.323672 0.217967
v 0.082373 1.288826 0.075339
v -0.144724 1.314566 0.104769
v -0.352644 1.331257 0.227030
v -0.486878 1.293434 0.423783
v -0.363134 1.303375 0.643442
v -0.242877 1.334584 0.792545
v -0.034454 1.302926 0.862629
v 0.158044 1.293756 0.808230
v 0.354107 1.331484 0.627017
v 0.397640 1.321153 0.406089
v 0.187918 1.489147 0.217970
v 0.020038 1.434427 0.130584
v -0.150906 1.474782 0.180896
v -0.340508 1.501130 0.295917
v -0.422549 1.442251 0.466463
v -0.268707 1.457298 0.648633
v -0.198947 1.505598 0.751661
v 0.008770 1.456593 0.793163
v 0.135144 1.442747 0.734239
v 0.330193 1.501486 0.565047
v 0.300736 1.474036 0.385418
v -0.039511 1.127668 0.470001
v -0.030126 1.526068 0.458568
v 0.086644 1.144160 0.373724
v 0.025242 1.127638 0.317217
v 0.121806 1.144987 0.250408
v 0.140135 1.224831 0.168559
v 0.214086 1.244046 0.237530
v 0.185355 1.308948 0.131451
v 0.081153 1.191203 0.141106
v 0.225781 1.402446 0.196780
v 0.145206 1.383964 0.127960
v 0.052143 1.381869 0.102836
v 0.103978 1.461787 0.174277
v 0.000655 1.487832 0.272750
v 0.097026 1.504354 0.319756
v -0.066838 1.140967 0.317070
v -0.004004 1.137804 0.202477
v -0.004809 1.218111 0.119653
v -0.127450 1.251759 0.131463
v -0.046849 1.300913 0.076406
v -0.034260 1.376511 0.102487
v -0.065434 1.454605 0.155740
v -0.150670 1.377892 0.121248
v -0.104231 1.501161 0.295772
v -0.150313 1.149644 0.358848
v -0.155119 1.171156 0.241597
v -0.225897 1.249325 0.195830
v -0.238151 1.325905 0.145127
v -0.285527 1.237976 0.251406
v -0.261329 1.407725 0.187675
v -0.345613 1.428643 0.262905
v -0.245707 1.487956 0.238407
v -0.205812 1.509838 0.364303
v -0.217470 1.130254 0.433268
v -0.296428 1.154890 0.339982
v -0.381977 1.233188 0.311004
v -0.452899 1.228998 0.414205
v -0.457632 1.307752 0.333624
v -0.413065 1.391588 0.337997
v -0.381528 1.471690 0.381190
v -0.471617 1.355132 0.439282
v -0.242650 1.490448 0.462932
v -0.187894 1.135210 0.522762
v -0.329249 1.132975 0.484348
v -0.388424 1.212677 0.524744
v -0.457277 1.291328 0.519015
v -0.322852 1.207240 0.600426
v -0.405688 1.371076 0.558333
v -0.321427 1.397907 0.647487
v -0.345628 1.449775 0.557548
v -0.181866 1.495404 0.563899
v -0.133244 1.151115 0.591561
v -0.242871 1.164648 0.622158
v -0.288769 1.244100 0.677664
v -0.232357 1.273320 0.759369
v -0.301497 1.326679 0.739583
v -0.285907 1.402500 0.715045
v -0.233827 1.481448 0.700147
v -0.230599 1.399453 0.788281
v -0.117677 1.511309 0.627918
v -0.056807 1.134977 0.628374
v -0.136443 1.164296 0.712398
v -0.128600 1.243770 0.791472
v -0.162424 1.326415 0.835421
v -0.052551 1.206746 0.801818
v -0.119058 1.402170 0.825137
v -0.014462 1.397413 0.828482
v -0.095088 1.481096 0.772412
v -0.013683 1.495171 0.649054
v 0.027969 1.130417 0.616454
v 0.002599 1.132870 0.738206
v 0.028835 1.212592 0.814831
v 0.134301 1.229345 0.788214
v 0.076680 1.291341 0.849261
v 0.060548 1.370992 0.821168
v 0.071957 1.449670 0.763701
v 0.158363 1.355478 0.789669
v 0.077401 1.490611 0.612434
v 0.103207 1.149888 0.549741
v 0.138744 1.155316 0.668573
v 0.227252 1.233601 0.696357
v 0.248206 1.308162 0.744317
v 0.278992 1.238226 0.618374
v 0.263850 1.392001 0.693520
v 0.336659 1.428893 0.595049
v 0.232669 1.472116 0.649643
v 0.165829 1.510082 0.520251
v 0.140990 1.146023 0.461005
v 0.250611 1.170961 0.530981
v 0.347643 1.249248 0.539158
v 0.371671 1.257298 0.423388
v 0.404876 1.326506 0.501041
v 0.361226 1.407648 0.507174
v 0.315465 1.487761 0.475233
v 0.372739 1.383431 0.395561
v 0.162053 1.506217 0.414053
v 0.228781 1.164791 0.378911
v 0.292733 1.243745 0.321441
v 0.353811 1.321827 0.313744
v 0.296362 1.401412 0.285174
v 0.244327 1.481591 0.301694
v 0.071853 1.136960 0.319743
v 0.179914 1.259614 0.167985
v 0.115508 1.188097 0.178283
v 0.187990 1.365214 0.140264
v 0.102819 1.403697 0.127173
v 0.062911 1.488233 0.262832
v -0.015695 1.132748 0.286638
v 0.029073 1.183309 0.146225
v -0.053228 1.252945 0.100225
v -0.011473 1.398909 0.113894
v -0.071822 1.354145 0.091439
v -0.054230 1.484020 0.249746
v -0.119661 1.153404 0.313033
v -0.206236 1.273666 0.154899
v -0.227901 1.224686 0.227294
v -0.225640 1.374866 0.147322
v -0.288944 1.440286 0.226044
v -0.177883 1.504677 0.306012
v -0.215051 1.143330 0.380987
v -0.324153 1.213842 0.295102
v -0.441468 1.253130 0.343424
v -0.381690 1.429442 0.322217
v -0.457519 1.354330 0.362979
v -0.268669 1.494603 0.404430
v -0.237545 1.129756 0.479782
v -0.441763 1.239514 0.491809
v -0.346942 1.186652 0.542282
v -0.455905 1.340714 0.512253
v -0.357808 1.402253 0.592091
v -0.246400 1.481029 0.525030
v -0.180315 1.149374 0.574344
v -0.287538 1.207768 0.636162
v -0.283484 1.279503 0.726357
v -0.282161 1.423368 0.689032
v -0.282090 1.380703 0.749727
v -0.170120 1.500646 0.623041
v -0.106057 1.149155 0.636542
v -0.172746 1.279284 0.803389
v -0.102543 1.207331 0.775393
v -0.170454 1.380484 0.826261
v -0.074141 1.422931 0.815454
v -0.073736 1.500428 0.672929
v -0.010488 1.129691 0.653603
v -0.007411 1.186380 0.792297
v 0.074920 1.239607 0.828368
v 0.038883 1.401980 0.810303
v 0.094326 1.340807 0.830145
v 0.041306 1.480964 0.666203
v 0.083464 1.143594 0.606010
v 0.212176 1.253553 0.744713
v 0.223797 1.214229 0.661049
v 0.232265 1.354753 0.745256
v 0.286439 1.429829 0.647457
v 0.150923 1.494867 0.588246
v 0.158110 1.154041 0.511946
v 0.299585 1.224658 0.566703
v 0.387094 1.274300 0.495411
v 0.343654 1.440259 0.529589
v 0.389417 1.375500 0.473454
v 0.206308 1.505314 0.468829
v 0.144299 1.149984 0.407399
v 0.345907 1.270446 0.344745
v 0.244877 1.218947 0.308953
v 0.346861 1.371646 0.322191
v 0.255240 1.430147 0.257475
v 0.159261 1.501256 0.349573
vn -0.5901 -0.3311 0.7363
vn -0.4551 -0.1454 0.8785
vn 0.2151 -0.0946 0.9720
vn 0.6269 -0.0683 0.7761
vn 0.9575 0.2621 0.1203
vn 0.7908 -0.4717 -0.3900
vn 0.5804 0.1311 -0.8037
vn 0.1546 -0.2364 -0.9593
vn -0.3432 -0.0967 -0.9343
vn -0.8463 0.1206 -0.5189
vn -0.9354 0.3370 0.1070
vn -0.7448 0.1544 0.6491
vn -0.2465 0.1573 0.9563
vn 0.3490 0.1240 0.9289
vn 0.6488 0.0720 0.7576
vn 0.9915 0.1287 0.0204
vn 0.7962 0.1352 -0.5898
vn 0.5687 0.1488 -0.8090
vn 0.0618 0.1012 -0.9929
vn -0.5241 0.1022 -0.8455
vn -0.8485 0.0824 -0.5228
vn -0.9650 0.0614 0.2549
vn -0.6673 0.4435 0.5984
vn -0.0284 0.0141 0.9995
vn 0.4364 0.4776 0.7626
vn 0.6101 0.4870 0.6249
vn 0.9961 -0.0558 -0.0682
vn 0.6781 0.4965 -0.5420
vn 0.4808 0.3682 -0.7958
vn -0.0896 0.2616 -0.9610
vn -0.5084 0.2948 -0.8091
vn -0.8750 0.4338 -0.2150
vn -0.9217 0.2513 0.2954
vn 0.0076 -1.0000 -0.0002
vn -0.0079 1.0000 0.0005
vn 0.1932 -0.9811 -0.0089
vn 0.0316 -0.9988 0.0370
vn -0.5376 -0.5247 0.6600
vn -0.5966 0.5898 0.5442
vn -0.5788 0.6592 0.4800
vn -0.6081 0.1918 0.7703
vn -0.3176 0.5875 0.7443
vn -0.6757 -0.3557 0.6457
vn -0.3611 -0.3952 0.8447
vn -0.0968 -0.4245 0.9002
vn -0.4843 0.5344 0.6927
vn 0.0062 0.9643 -0.2648
vn 0.0152 0.9873 -0.1583
vn -0.1796 -0.9806 -0.0790
vn -0.0604 -0.4069 0.9115
vn 0.1066 0.6075 0.7871
vn 0.3437 0.5650 0.7501
vn 0.1271 0.0951 0.9873
vn 0.0497 -0.4210 0.9057
vn 0.3061 0.5901 0.7471
vn 0.2687 -0.3769 0.8864
vn 0.0442 0.9777 -0.2055
vn -0.0785 -0.9755 -0.2057
vn 0.3773 -0.4694 0.7983
vn 0.4719 0.6153 0.6314
vn 0.5148 0.1382 0.8461
vn 0.4210 0.6164 0.6654
vn 0.4790 -0.4093 0.7766
vn 0.6794 -0.3708 0.6332
vn 0.4915 0.5590 0.6678
vn -0.0899 0.9960 -0.0011
vn 0.0207 -0.9942 -0.1057
vn 0.6352 -0.4905 0.5966
vn 0.5248 0.5307 0.6656
vn 0.8297 0.5533 0.0730
vn 0.8383 0.0251 0.5446
vn 0.7803 -0.4478 0.4365
vn 0.6486 0.5456 0.5307
vn 0.9271 -0.3722 -0.0448
vn -0.2049 0.9705 0.1269
vn 0.0089 -0.9860 0.1664
vn 0.7822 -0.4302 -0.4507
vn 0.6561 0.5963 -0.4626
vn 0.8634 0.1809 -0.4710
vn 0.6087 0.5899 -0.5307
vn 0.7545 -0.3726 -0.5403
vn 0.7538 -0.4668 -0.4625
vn 0.5897 0.6010 -0.5394
vn -0.2510 0.9676 0.0272
vn -0.1386 -0.9762 0.1671
vn 0.7898 -0.4586 -0.4072
vn 0.5676 0.6064 -0.5568
vn 0.4677 0.5881 -0.6599
vn 0.7694 0.1030 -0.6304
vn 0.7952 -0.4288 -0.4287
vn 0.6268 0.5372 -0.5644
vn 0.5452 -0.3248 -0.7728
vn -0.0506 0.9972 0.0554
vn -0.1691 -0.9852 0.0294
vn 0.2243 -0.5157 -0.8269
vn 0.3674 0.5789 -0.7279
vn 0.3333 0.1612 -0.9290
vn 0.2347 0.5570 -0.7967
vn 0.1219 -0.3945 -0.9108
vn -0.1186 -0.4183 -0.9005
vn 0.2586 0.5245 -0.8112
vn 0.1461 0.9716 0.1860
vn 0.0916 -0.9951 -0.0369
vn -0.0961 -0.4014 -0.9109
vn -0.0685 0.5721 -0.8173
vn -0.4681 0.5405 -0.6991
vn -0.2621 0.0680 -0.9627
vn -0.2601 -0.4415 -0.8587
vn -0.2528 0.6297 -0.7346
vn -0.4443 -0.4116 -0.7957
vn 0.0793 0.9675 0.2402
vn 0.1956 -0.9798 0.0415
vn -0.5749 -0.3695 -0.7300
vn -0.6382 0.6330 -0.4382
vn -0.6905 0.1269 -0.7121
vn -0.6072 0.6806 -0.4099
vn -0.5835 -0.4330 -0.6871
vn -0.8304 -0.3577 -0.4273
vn -0.6312 0.5733 -0.5224
vn 0.0529 0.9941 0.0946
vn 0.1029 -0.9944 0.0232
vn -0.7747 -0.4559 -0.4382
vn -0.7238 0.5911 -0.3558
vn -0.8184 0.5428 0.1887
vn -0.9835 0.0027 -0.1806
vn -0.8846 -0.4580 -0.0883
vn -0.7894 0.6139 -0.0008
vn -0.8514 -0.4621 0.2483
vn 0.1299 0.9885 -0.0772
vn -0.6583 -0.4414 0.6098
vn -0.5775 0.6326 0.5161
vn -0.8128 0.1195 0.5701
vn -0.7280 -0.4254 0.5376
vn -0.6631 0.5624 0.4940
vn 0.2990 -0.9461 0.1245
vn -0.5808 0.6062 0.5432
vn -0.7225 0.4944 0.4833
vn -0.5764 -0.2663 0.7726
vn -0.2201 -0.5110 0.8309
vn -0.0901 0.9541 -0.2856
vn -0.1836 -0.9811 -0.0611
vn 0.0904 0.6535 0.7515
vn 0.2022 0.5378 0.8185
vn 0.0742 -0.4470 0.8914
vn 0.1394 -0.3497 0.9264
vn 0.0994 0.9565 -0.2741
vn -0.2109 -0.9703 -0.1186
vn 0.4388 0.5410 0.7175
vn 0.4488 0.6912 0.5664
vn 0.4250 -0.3340 0.8413
vn 0.4861 -0.4447 0.7523
vn -0.0042 0.9839 -0.1786
vn 0.0344 -0.9521 -0.3039
vn 0.3634 0.6135 0.7011
vn 0.7288 0.4536 0.5129
vn 0.8294 -0.3723 0.4166
vn 0.8359 -0.4176 0.3563
vn -0.2008 0.9639 0.1747
vn -0.0081 -0.9968 0.0790
vn 0.7535 0.5476 -0.3638
vn 0.6311 0.6207 -0.4652
vn 0.8614 -0.2727 -0.4285
vn 0.6985 -0.4666 -0.5426
vn -0.2388 0.9646 0.1115
vn 0.0157 -0.9557 0.2939
vn 0.5312 0.6238 -0.5734
vn 0.5790 0.5551 -0.5971
vn 0.7803 -0.5410 -0.3138
vn 0.7456 -0.3020 -0.5940
vn -0.3192 0.9452 -0.0692
vn -0.2990 -0.9528 0.0524
vn 0.3775 0.5677 -0.7316
vn 0.4472 0.5383 -0.7143
vn 0.3147 -0.2693 -0.9102
vn 0.0187 -0.4923 -0.8702
vn 0.1523 0.9710 0.1840
vn -0.0714 -0.9972 0.0228
vn 0.0374 0.6407 -0.7669
vn -0.2525 0.4891 -0.8349
vn -0.3205 -0.4340 -0.8420
vn -0.3192 -0.3827 -0.8669
vn 0.1727 0.9586 0.2263
vn 0.2646 -0.9611 -0.0790
vn -0.6012 0.5255 -0.6020
vn -0.6005 0.7434 -0.2946
vn -0.5560 -0.3776 -0.7405
vn -0.5848 -0.4431 -0.6795
vn 0.0149 0.9599 0.2801
vn 0.1285 -0.9756 0.1781
vn -0.5651 0.6925 -0.4484
vn -0.8641 0.4800 -0.1515
vn -0.9496 -0.3135 0.0029
vn -0.8838 -0.4665 -0.0352
vn 0.1317 0.9854 -0.1077
vn 0.1155 -0.9855 -0.1241
vn -0.7079 0.5378 0.4579
vn -0.4988 0.7066 0.5019
vn -0.7800 -0.3842 0.4939
vn -0.7302 -0.4477 0.5162
vn 0.1450 0.9871 -0.0673
s 1
usemtl LeafDeep
f 686//650 689//653 787//751 688//652
f 654//618 690//654 787//751 689//653
f 653//617 688//652 787//751 690//654
f 653//617 692//656 788//752 691//655
f 664//628 693//657 788//752 692//656
f 665//629 691//655 788//752 693//657
f 653//617 691//655 789//753 690//654
f 665//629 694//658 789//753 691//655
f 654//618 690//654 789//753 694//658
f 664//628 695//659 790//754 693//657
f 675//639 696//660 790//754 695//659
f 665//629 693//657 790//754 696//660
f 665//629 696//660 791//755 697//661
f 675//639 698//662 791//755 696//660
f 676//640 697//661 791//755 698//662
f 687//651 700//664 792//756 699//663
f 675//639 698//662 792//756 700//664
f 676//640 699//663 792//756 698//662
f 686//650 701//665 793//757 689//653
f 655//619 702//666 793//757 701//665
f 654//618 689//653 793//757 702//666
f 654//618 694//658 794//758 702//666
f 665//629 703//667 794//758 694//658
f 655//619 702//666 794//758 703//667
f 655//619 703//667 795//759 704//668
f 665//629 705//669 795//759 703//667
f 666//630 704//668 795//759 705//669
f 665//629 697//661 796//760 706//670
f 676//640 707//671 796//760 697//661
f 677//641 706//670 796//760 707//671
f 665//629 706//670 797//761 705//669
f 677//641 708//672 797//761 706//670
f 666//630 705//669 797//761 708//672
f 687//651 699//663 798//762 709//673
f 676//640 707//671 798//762 699//663
f 677//641 709//673 798//762 707//671
f 686//650 710//674 799//763 701//665
f 656//620 711//675 799//763 710//674
f 655//619 701//665 799//763 711//675
f 655//619 704//668 800//764 712//676
f 666//630 713//677 800//764 704//668
f 667//631 712//676 800//764 713//677
f 655//619 712//676 801//765 711//675
f 667//631 714//678 801//765 712//676
f 656//620 711//675 801//765 714//678
f 666//630 708//672 802//766 713//677
f 677//641 715//679 802//766 708//672
f 667//631 713//677 802//766 715//679
f 667//631 715//679 803//767 716//680
f 677//641 717//681 803//767 715//679
f 678//642 716//680 803//767 717//681
f 687//651 709//673 804//768 718//682
f 677//641 717//681 804//768 709//673
f 678//642 718//682 804//768 717//681
f 686//650 719//683 805//769 710//674
f 657//621 720//684 805//769 719//683
f 656//620 710//674 805//769 720//684
f 656//620 714//678 806//770 720//684
f 667//631 721//685 806//770 714//678
f 657//621 720//684 806//770 721//685
f 657//621 721//685 807//771 722//686
f 667//631 723//687 807//771 721//685
f 668//632 722//686 807//771 723//687
f 667//631 716//680 808//772 724//688
f 678//642 725//689 808//772 716//680
f 679//643 724//688 808//772 725//689
f 667//631 724//688 809//773 723//687
f 679//643 726//690 809//773 724//688
f 668//632 723//687 809//773 726//690
f 687//651 718//682 810//774 727//691
f 678//642 725//689 810//774 718//682
f 679//643 727//691 810//774 725//689
f 686//650 728//692 811//775 719//683
f 658//622 729//693 811//775 728//692
f 657//621 719//683 811//775 729//693
f 657//621 722//686 812//776 730//694
f 668//632 731//695 812//776 722//686
f 669//633 730//694 812//776 731//695
f 657//621 730//694 813//777 729//693
f 669//633 732//696 813//777 730//694
f 658//622 729//693 813//777 732//696
f 668//632 726//690 814//778 731//695
f 679//643 733//697 814//778 726//690
f 669//633 731//695 814//778 733//697
f 669//633 733//697 815//779 734//698
f 679//643 735//699 815//779 733//697
f 680//644 734//698 815//779 735//699
f 687//651 727//691 816//780 736//700
f 679//643 735//699 816//780 727//691
f 680//644 736//700 816//780 735//699
f 686//650 737//701 817//781 728//692
f 659//623 738//702 817//781 737//701
f 658//622 728//692 817//781 738//702
f 658//622 732//696 818//782 738//702
f 669//633 739//703 818//782 732//696
f 659//623 738//702 818//782 739//703
f 659//623 739//703 819//783 740//704
f 669//633 741//705 819//783 739//703
f 670//634 740//704 819//783 741//705
f 669//633 734//698 820//784 742//706
f 680//644 743//707 820//784 734//698
f 681//645 742//706 820//784 743//707
f 669//633 742//706 821//785 741//705
f 681//645 744//708 821//785 742//706
f 670//634 741//705 821//785 744//708
f 687//651 736//700 822//786 745//709
f 680//644 743//707 822//786 736//700
f 681//645 745//709 822//786 743//707
f 686//650 746//710 823//787 737//701
f 660//624 747//711 823//787 746//710
f 659//623 737//701 823//787 747//711
f 659//623 740//704 824//788 748//712
f 670//634 749//713 824//788 740//704
f 671//635 748//712 824//788 749//713
f 659//623 748//712 825//789 747//711
f 671//635 750//714 825//789 748//712
f 660//624 747//711 825//789 750//714
f 670//634 744//708 826//790 749//713
f 681//645 751//715 826//790 744//708
f 671//635 749//713 826//790 751//715
f 671//635 751//715 827//791 752//716
f 681//645 753//717 827//791 751//715
f 682//646 752//716 827//791 753//717
f 687//651 745//709 828//792 754//718
f 681//645 753//717 828//792 745//709
f 682//646 754//718 828//792 753//717
f 686//650 755//719 829//793 746//710
f 661//625 756//720 829//793 755//719
f 660//624 746//710 829//793 756//720
f 660//624 750//714 830//794 756//720
f 671//635 757//721 830//794 750//714
f 661//625 756//720 830//794 757//721
f 661//625 757//721 831//795 758//722
f 671//635 759//723 831//795 757//721
f 672//636 758//722 831//795 759//723
f 671//635 752//716 832//796 760//724
f 682//646 761//725 832//796 752//716
f 683//647 760//724 832//796 761//725
f 671//635 760//724 833//797 759//723
f 683//647 762//726 833//797 760//724
f 672//636 759//723 833//797 762//726
f 687//651 754//718 834//798 763//727
f 682//646 761//725 834//798 754//718
f 683//647 763//727 834//798 761//725
f 686//650 764//728 835//799 755//719
f 662//626 765//729 835//799 764//728
f 661//625 755//719 835//799 765//729
f 661//625 758//722 836//800 766//730
f 672//636 767//731 836//800 758//722
f 673//637 766//730 836//800 767//731
f 661//625 766//730 837//801 765//729
f 673//637 768//732 837//801 766//730
f 662//626 765//729 837//801 768//732
f 672//636 762//726 838//802 767//731
f 683//647 769//733 838//802 762//726
f 673//637 767//731 838//802 769//733
f 673//637 769//733 839//803 770//734
f 683//647 771//735 839//803 769//733
f 684//648 770//734 839//803 771//735
f 687//651 763//727 840//804 772//736
f 683//647 771//735 840//804 763//727
f 684//648 772//736 840//804 771//735
f 686//650 773//737 841//805 764//728
f 663//627 774//738 841//805 773//737
f 662//626 764//728 841//805 774//738
f 662//626 768//732 842//806 774//738
f 673//637 775//739 842//806 768//732
f 663//627 774//738 842//806 775//739
f 663//627 775//739 843//807 776//740
f 673//637 777//741 843//807 775//739
f 674//638 776//740 843//807 777//741
f 673//637 770//734 844//808 778//742
f 684//648 779//743 844//808 770//734
f 685//649 778//742 844//808 779//743
f 673//637 778//742 845//809 777//741
f 685//649 780//744 845//809 778//742
f 674//638 777//741 845//809 780//744
f 687//651 772//736 846//810 781//745
f 684//648 779//743 846//810 772//736
f 685//649 781//745 846//810 779//743
f 686//650 688//652 847//811 773//737
f 653//617 782//746 847//811 688//652
f 663//627 773//737 847//811 782//746
f 663//627 776//740 848//812 783//747
f 674//638 784//748 848//812 776//740
f 664//628 783//747 848//812 784//748
f 663//627 783//747 849//813 782//746
f 664//628 692//656 849//813 783//747
f 653//617 782//746 849//813 692//656
f 674//638 780//744 850//814 784//748
f 685//649 785//749 850//814 780//744
f 664//628 784//748 850//814 785//749
f 664//628 785//749 851//815 695//659
f 685//649 786//750 851//815 785//749
f 675//639 695//659 851//815 786//750
f 687//651 781//745 852//816 700//664
f 685//649 786//750 852//816 781//745
f 675//639 700//664 852//816 786//750
o crown_contour_leaf.006
v -0.459287 1.294249 0.420508
v -0.481729 1.277159 0.452026
v -0.507581 1.267194 0.470635
v -0.549424 1.269906 0.466455
v -0.584563 1.278496 0.451452
v -0.563328 1.294176 0.422524
v -0.530005 1.306339 0.399778
v -0.496977 1.303778 0.403843
v -0.459374 1.285485 0.415694
v -0.481816 1.268395 0.447212
v -0.507668 1.258430 0.465821
v -0.549512 1.261141 0.461641
v -0.584650 1.269732 0.446638
v -0.563415 1.285411 0.417709
v -0.530092 1.297575 0.394963
v -0.497064 1.295014 0.399029
vn -0.0087 -0.8764 -0.4814
vn 0.0087 0.8764 0.4814
vn 0.8476 -0.2619 0.4615
vn 0.6324 -0.3778 0.6763
vn -0.1179 -0.4772 0.8709
vn -0.4414 -0.4286 0.7883
vn -0.8402 0.2675 -0.4718
vn -0.6121 0.3854 -0.6905
vn 0.1437 0.4754 -0.8680
vn 0.4538 0.4256 -0.7829
s 0
usemtl LeafSun
f 853//817 854//817 855//817 856//817 857//817 858//817 859//817 860//817
f 868//818 867//818 866//818 865//818 864//818 863//818 862//818 861//818
f 853//819 854//819 862//819 861//819
f 854//820 855//820 863//820 862//820
f 855//821 856//821 864//821 863//821
f 856//822 857//822 865//822 864//822
f 857//823 858//823 866//823 865//823
f 858//824 859//824 867//824 866//824
f 859//825 860//825 868//825 867//825
f 860//826 853//826 861//826 868//826
o crown_contour_leaf.007
v 0.142632 1.391418 0.606447
v 0.189694 1.396707 0.620526
v 0.221900 1.396698 0.642540
v 0.231376 1.384855 0.689401
v 0.225041 1.370947 0.732517
v 0.181623 1.366250 0.718902
v 0.141653 1.366690 0.690122
v 0.135127 1.376302 0.652882
v 0.144518 1.381994 0.603685
v 0.191580 1.387283 0.617763
v 0.223785 1.387274 0.639777
v 0.233261 1.375431 0.686638
v 0.226927 1.361523 0.729755
v 0.183509 1.356826 0.716139
v 0.143539 1.357266 0.687359
v 0.137012 1.366878 0.650119
vn 0.1886 -0.9424 -0.2763
vn -0.1886 0.9424 0.2763
vn 0.2390 0.3169 -0.9179
vn 0.5319 0.3345 -0.7780
vn 0.9630 0.2326 -0.1360
vn 0.9722 0.1395 0.1878
vn -0.2521 -0.3184 0.9138
vn -0.5531 -0.3344 0.7630
vn -0.9677 -0.2262 0.1112
vn -0.9702 -0.1353 -0.2009
s 0
usemtl LeafSun
f 869//827 870//827 871//827 872//827 873//827 874//827 875//827 876//827
f 884//828 883//828 882//828 881//828 880//828 879//828 878//828 877//828
f 869//829 870//829 878//829 877//829
f 870//830 871//830 879//830 878//830
f 871//831 872//831 880//831 879//831
f 872//832 873//832 881//832 880//832
f 873//833 874//833 882//833 881//833
f 874//834 875//834 883//834 882//834
f 875//835 876//835 884//835 883//835
f 876//836 869//836 877//836 884//836
o crown_contour_leaf.008
v -0.065968 1.278463 0.102682
v -0.071658 1.289849 0.047619
v -0.066046 1.288471 0.003350
v -0.033380 1.258153 -0.031167
v 0.001953 1.223280 -0.047710
v 0.006722 1.213240 0.003424
v -0.001365 1.216031 0.059142
v -0.027675 1.240589 0.085557
v -0.073998 1.270694 0.101905
v -0.079689 1.282080 0.046842
v -0.074076 1.280703 0.002574
v -0.041410 1.250385 -0.031943
v -0.006077 1.215512 -0.048486
v -0.001308 1.205471 0.002648
v -0.009396 1.208262 0.058365
v -0.035706 1.232821 0.084781
vn -0.7170 -0.6936 -0.0693
vn 0.7170 0.6936 0.0693
vn -0.6897 0.6916 0.2143
vn -0.6856 0.7197 -0.1093
vn -0.3874 0.4792 -0.7876
vn -0.1731 0.2735 -0.9462
vn 0.6911 -0.6943 -0.2008
vn 0.6821 -0.7187 0.1350
vn 0.3723 -0.4651 0.8032
vn 0.1637 -0.2642 0.9505
s 0
usemtl LeafSun
f 885//837 886//837 887//837 888//837 889//837 890//837 891//837 892//837
f 900//838 899//838 898//838 897//838 896//838 895//838 894//838 893//838
f 885//839 886//839 894//839 893//839
f 886//840 887//840 895//840 894//840
f 887//841 888//841 896//841 895//841
f 888//842 889//842 897//842 896//842
f 889//843 890//843 898//843 897//843
f 890//844 891//844 899//844 898//844
f 891//845 892//845 900//845 899//845
f 892//846 885//846 893//846 900//846
o crown_contour_leaf.009
v -0.267239 1.366945 0.658864
v -0.279701 1.350497 0.709880
v -0.302231 1.336340 0.749807
v -0.354539 1.322707 0.777916
v -0.403774 1.314368 0.789286
v -0.391568 1.329689 0.741966
v -0.361955 1.347602 0.691823
v -0.320314 1.358155 0.670451
v -0.266279 1.357405 0.656023
v -0.278741 1.340957 0.707039
v -0.301271 1.326800 0.746966
v -0.353579 1.313167 0.775075
v -0.402815 1.304828 0.786445
v -0.390609 1.320149 0.739125
v -0.360996 1.338062 0.688982
v -0.319354 1.348616 0.667610
vn 0.0960 -0.9540 -0.2841
vn -0.0960 0.9540 0.2841
vn 0.9693 0.0246 0.2447
vn 0.8777 -0.0536 0.4763
vn 0.5037 -0.1997 0.8405
vn 0.2580 -0.2518 0.9327
vn -0.9664 -0.0209 -0.2561
vn -0.8687 0.0591 -0.4919
vn -0.4874 0.2038 -0.8490
vn -0.2462 0.2538 -0.9354
s 0
usemtl LeafSun
f 901//847 902//847 903//847 904//847 905//847 906//847 907//847 908//847
f 916//848 915//848 914//848 913//848 912//848 911//848 910//848 909//848
f 901//849 902//849 910//849 909//849
f 902//850 903//850 911//850 910//850
f 903//851 904//851 912//851 911//851
f 904//852 905//852 913//852 912//852
f 905//853 906//853 914//853 913//853
f 906//854 907//854 915//854 914//854
f 907//855 908//855 916//855 915//855
f 908//856 901//856 909//856 916//856
o crown_contour_leaf.010
v 0.157729 1.449534 0.480286
v 0.170456 1.430226 0.440931
v 0.190511 1.419217 0.415323
v 0.233427 1.423168 0.412109
v 0.272969 1.433781 0.422221
v 0.260654 1.451483 0.458463
v 0.234426 1.464886 0.490088
v 0.200318 1.461281 0.491771
v 0.158886 1.440770 0.484960
v 0.171613 1.421461 0.445605
v 0.191668 1.410452 0.419997
v 0.234584 1.414404 0.416783
v 0.274126 1.425017 0.426895
v 0.261811 1.442719 0.463137
v 0.235583 1.456122 0.494762
v 0.201475 1.452516 0.496445
vn 0.1157 -0.8764 0.4674
vn -0.1157 0.8764 -0.4674
vn -0.9534 -0.2301 -0.1954
vn -0.8034 -0.3593 -0.4748
vn -0.0225 -0.4727 -0.8809
vn 0.3278 -0.4105 -0.8509
vn 0.9494 0.2359 0.2074
vn 0.7863 0.3683 0.4960
vn -0.0061 0.4699 0.8827
vn -0.3408 0.4070 0.8475
s 0
usemtl LeafSun
f 917//857 918//857 919//857 920//857 921//857 922//857 923//857 924//857
f 932//858 931//858 930//858 929//858 928//858 927//858 926//858 925//858
f 917//859 918//859 926//859 925//859
f 918//860 919//860 927//860 926//860
f 919//861 920//861 928//861 927//861
f 920//862 921//862 929//862 928//862
f 921//863 922//863 930//863 929//863
f 922//864 923//864 931//864 930//864
f 923//865 924//865 932//865 931//865
f 924//866 917//866 925//866 932//866
o crown_contour_leaf.011
v -0.375565 1.313871 0.246909
v -0.424468 1.320619 0.265453
v -0.464396 1.321295 0.266979
v -0.497229 1.308638 0.231006
v -0.514146 1.293400 0.187916
v -0.468702 1.287375 0.171373
v -0.418386 1.287000 0.170797
v -0.393181 1.297298 0.200049
v -0.375601 1.303317 0.250656
v -0.424504 1.310064 0.269199
v -0.464432 1.310740 0.270725
v -0.497264 1.298083 0.234752
v -0.514182 1.282845 0.191662
v -0.468738 1.276820 0.175120
v -0.418422 1.276446 0.174543
v -0.393217 1.286743 0.203795
vn -0.0032 -0.9424 0.3345
vn 0.0032 0.9424 -0.3345
vn 0.3742 0.3091 0.8743
vn 0.0416 0.3341 0.9416
vn -0.7578 0.2205 0.6141
vn -0.9378 0.1189 0.3261
vn -0.3612 -0.3108 -0.8791
vn -0.0133 -0.3344 -0.9423
vn 0.7760 -0.2133 -0.5936
vn 0.9425 -0.1146 -0.3138
s 0
usemtl LeafSun
f 933//867 934//867 935//867 936//867 937//867 938//867 939//867 940//867
f 948//868 947//868 946//868 945//868 944//868 943//868 942//868 941//868
f 933//869 934//869 942//869 941//869
f 934//870 935//870 943//870 942//870
f 935//871 936//871 944//871 943//871
f 936//872 937//872 945//872 944//872
f 937//873 938//873 946//873 945//873
f 938//874 939//874 947//874 946//874
f 939//875 940//875 948//875 947//875
f 940//876 933//876 941//876 948//876
o crown_contour_leaf.012
v 0.026324 1.423493 0.683566
v 0.043252 1.428721 0.730955
v 0.049509 1.424446 0.773324
v 0.033971 1.397569 0.818221
v 0.012323 1.368310 0.847989
v -0.003025 1.363884 0.803766
v -0.010162 1.370116 0.750009
v 0.002676 1.391776 0.715100
v 0.033316 1.416557 0.681834
v 0.050244 1.421785 0.729222
v 0.056501 1.417510 0.771592
v 0.040963 1.390633 0.816489
v 0.019315 1.361374 0.846256
v 0.003967 1.356948 0.802034
v -0.003170 1.363180 0.748277
v 0.009668 1.384840 0.713368
vn 0.6992 -0.6936 -0.1732
vn -0.6992 0.6936 0.1732
vn 0.6318 0.7129 -0.3043
vn 0.7000 0.7135 -0.0314
vn 0.6558 0.5258 0.5417
vn 0.5469 0.3629 0.7544
vn -0.6360 -0.7142 0.2922
vn -0.7028 -0.7113 0.0109
vn -0.6497 -0.5154 -0.5587
vn -0.5409 -0.3548 -0.7625
s 0
usemtl LeafSun
f 949//877 950//877 951//877 952//877 953//877 954//877 955//877 956//877
f 964//878 963//878 962//878 961//878 960//878 959//878 958//878 957//878
f 949//879 950//879 958//879 957//879
f 950//880 951//880 959//880 958//880
f 951//881 952//881 960//881 959//881
f 952//882 953//882 961//882 960//882
f 953//883 954//883 962//883 961//883
f 954//884 955//884 963//884 962//884
f 955//885 956//885 964//885 963//885
f 956//886 949//886 957//886 964//886
o leafy_twig.002
v -0.577028 1.510767 -0.517645
v 0.247759 1.359925 0.135960
v -0.564284 1.501756 -0.535515
v 0.251870 1.357018 0.130195
v -0.560746 1.480000 -0.544296
v 0.253011 1.350000 0.127363
v -0.568487 1.458244 -0.538845
v 0.250514 1.342982 0.129121
v -0.582972 1.449233 -0.522355
v 0.245841 1.340075 0.134440
v -0.595716 1.458244 -0.504485
v 0.241730 1.342982 0.140205
v -0.599254 1.480000 -0.495704
v 0.240589 1.350000 0.143037
v -0.591513 1.501756 -0.501155
v 0.243086 1.357018 0.141279
vn -0.4095 0.8527 -0.3245
vn 0.5699 0.6865 0.4516
vn -0.0878 0.6252 -0.7755
vn 0.8865 0.4626 0.0075
vn 0.0014 0.0762 -0.9971
vn 0.9744 -0.0780 -0.2107
vn -0.1939 -0.4729 -0.8595
vn 0.7821 -0.6186 -0.0752
vn -0.5595 -0.7003 -0.4433
vn 0.4222 -0.8425 0.3346
vn -0.8811 -0.4729 0.0076
vn 0.1055 -0.6186 0.7786
vn -0.9704 0.0762 0.2293
vn 0.0176 -0.0780 0.9968
vn -0.7750 0.6252 0.0917
vn 0.2099 0.4626 0.8613
vt 1.000000 0.500000
vt 1.000000 1.000000
vt 0.875000 1.000000
vt 0.875000 0.500000
vt 0.750000 1.000000
vt 0.750000 0.500000
vt 0.625000 1.000000
vt 0.625000 0.500000
vt 0.500000 1.000000
vt 0.500000 0.500000
vt 0.375000 1.000000
vt 0.375000 0.500000
vt 0.250000 1.000000
vt 0.250000 0.500000
vt 0.419706 0.419706
vt 0.250000 0.490000
vt 0.080294 0.419706
vt 0.010000 0.250000
vt 0.080294 0.080294
vt 0.250000 0.010000
vt 0.419706 0.080294
vt 0.490000 0.250000
vt 0.125000 1.000000
vt 0.125000 0.500000
vt 0.000000 1.000000
vt 0.000000 0.500000
vt 0.750000 0.490000
vt 0.919706 0.419706
vt 0.990000 0.250000
vt 0.919706 0.080294
vt 0.750000 0.010000
vt 0.580294 0.080294
vt 0.510000 0.250000
vt 0.580294 0.419706
s 1
usemtl WeatheredBark
f 965/745/887 966/746/888 968/747/890 967/748/889
f 967/748/889 968/747/890 970/749/892 969/750/891
f 969/750/891 970/749/892 972/751/894 971/752/893
f 971/752/893 972/751/894 974/753/896 973/754/895
f 973/754/895 974/753/896 976/755/898 975/756/897
f 975/756/897 976/755/898 978/757/900 977/758/899
f 968/759/890 966/760/888 980/761/902 978/762/900 976/763/898 974/764/896 972/765/894 970/766/892
f 977/758/899 978/757/900 980/767/902 979/768/901
f 979/768/901 980/767/902 966/769/888 965/770/887
f 965/771/887 967/772/889 969/773/891 971/774/893 973/775/895 975/776/897 977/777/899 979/778/901
o solid_leaf_crown_lobe.002
v 0.731990 1.221681 0.184481
v 0.619194 1.278851 0.073430
v 0.451931 1.252629 0.034667
v 0.281980 1.213894 0.114232
v 0.182535 1.267349 0.242508
v 0.263174 1.268502 0.394384
v 0.266096 1.214237 0.531245
v 0.432104 1.251236 0.577955
v 0.570780 1.279488 0.562821
v 0.753920 1.222626 0.479172
v 0.766134 1.234351 0.324950
v 0.830103 1.382411 0.111356
v 0.622381 1.421625 -0.046351
v 0.392248 1.405007 -0.068249
v 0.157966 1.380305 0.054626
v 0.088880 1.414569 0.250803
v 0.148754 1.415042 0.468553
v 0.229011 1.380067 0.640654
v 0.453884 1.404058 0.693280
v 0.670722 1.422455 0.644723
v 0.880987 1.385859 0.503407
v 0.870787 1.385189 0.286779
v 0.751200 1.529681 0.107910
v 0.551796 1.586851 0.006368
v 0.377779 1.560629 0.001348
v 0.177408 1.521894 0.127748
v 0.171303 1.575349 0.294544
v 0.204892 1.576502 0.475146
v 0.293164 1.522237 0.611488
v 0.497827 1.559236 0.627142
v 0.669686 1.587488 0.571855
v 0.833413 1.530626 0.441689
v 0.767187 1.542351 0.254531
v 0.481056 1.222594 0.319996
v 0.461040 1.609928 0.321278
v 0.624462 1.225844 0.241074
v 0.558617 1.244937 0.178332
v 0.675592 1.250266 0.128956
v 0.696594 1.326022 0.053624
v 0.782153 1.306152 0.126682
v 0.750947 1.398532 0.023766
v 0.620191 1.330948 0.016599
v 0.789750 1.460152 0.089031
v 0.697365 1.480735 0.016222
v 0.587576 1.516319 -0.021350
v 0.651498 1.558266 0.057139
v 0.515422 1.595126 0.140934
v 0.615267 1.576033 0.197067
v 0.462795 1.236305 0.159556
v 0.535563 1.265740 0.054049
v 0.535018 1.341733 -0.025933
v 0.411825 1.343924 -0.039690
v 0.492934 1.416142 -0.077881
v 0.498830 1.495733 -0.046051
v 0.464788 1.573740 0.003858
v 0.382246 1.466553 -0.052926
v 0.405489 1.586493 0.141433
v 0.367720 1.223549 0.200608
v 0.366956 1.233261 0.074449
v 0.293906 1.311336 0.023188
v 0.285013 1.391804 -0.032580
v 0.221428 1.285399 0.084141
v 0.253948 1.465336 0.011388
v 0.170810 1.470770 0.091448
v 0.277594 1.541262 0.064548
v 0.306471 1.573738 0.208630
v 0.318396 1.241153 0.275539
v 0.232257 1.240622 0.178370
v 0.149687 1.318638 0.144007
v 0.113401 1.354223 0.244860
v 0.097172 1.400019 0.161807
v 0.134635 1.472638 0.165993
v 0.174356 1.548622 0.211146
v 0.108604 1.476853 0.265555
v 0.287212 1.591341 0.306673
v 0.341259 1.241532 0.363394
v 0.222855 1.267926 0.318446
v 0.153228 1.344193 0.353292
v 0.103034 1.420480 0.343509
v 0.200683 1.323691 0.428564
v 0.143018 1.498192 0.382234
v 0.178784 1.509061 0.474259
v 0.188098 1.575926 0.384845
v 0.308930 1.591721 0.409918
v 0.367077 1.223662 0.438547
v 0.264635 1.241369 0.462815
v 0.201210 1.317845 0.514663
v 0.237909 1.317062 0.607019
v 0.180391 1.390840 0.580352
v 0.206160 1.471845 0.554771
v 0.249028 1.549369 0.543317
v 0.248577 1.439692 0.638897
v 0.368582 1.573850 0.484626
v 0.448646 1.235846 0.469635
v 0.349100 1.232736 0.554600
v 0.349224 1.309766 0.631638
v 0.311760 1.384371 0.679090
v 0.439170 1.311584 0.633390
v 0.366771 1.463766 0.668503
v 0.478181 1.496954 0.662088
v 0.395495 1.540736 0.619315
v 0.477366 1.586035 0.499116
v 0.539290 1.245150 0.459823
v 0.501442 1.265362 0.570388
v 0.522792 1.342134 0.644059
v 0.640016 1.362716 0.623891
v 0.578396 1.420785 0.678359
v 0.568775 1.496134 0.652737
v 0.583757 1.573362 0.599498
v 0.679273 1.485346 0.627473
v 0.583306 1.595339 0.465332
v 0.628379 1.226283 0.409057
v 0.662350 1.251057 0.520997
v 0.748340 1.328746 0.553085
v 0.772276 1.410065 0.597037
v 0.812614 1.291522 0.491447
v 0.795635 1.482746 0.552788
v 0.854581 1.476892 0.470240
v 0.751550 1.559057 0.506772
v 0.660203 1.576471 0.388469
v 0.648189 1.224282 0.324339
v 0.760027 1.228488 0.402061
v 0.848944 1.306213 0.416052
v 0.846765 1.324326 0.301872
v 0.889244 1.383883 0.380818
v 0.857504 1.460213 0.384305
v 0.800300 1.536489 0.348110
v 0.847408 1.446955 0.273897
v 0.648170 1.574471 0.285172
v 0.749062 1.228016 0.254716
v 0.818140 1.305997 0.205954
v 0.860227 1.383401 0.200123
v 0.820471 1.459284 0.170295
v 0.759193 1.536016 0.181220
v 0.614001 1.238899 0.188743
v 0.747343 1.343493 0.058150
v 0.663444 1.307559 0.059156
v 0.752292 1.446159 0.032844
v 0.646352 1.517170 0.010816
v 0.588725 1.580414 0.139967
v 0.517814 1.248501 0.137959
v 0.567171 1.317875 0.008591
v 0.488270 1.365311 -0.056892
v 0.520255 1.527486 -0.025933
v 0.464676 1.463700 -0.068004
v 0.461246 1.590016 0.104165
v 0.402462 1.228385 0.151799
v 0.321570 1.345133 -0.021034
v 0.285119 1.277581 0.058289
v 0.297460 1.443522 -0.031027
v 0.225388 1.487192 0.052411
v 0.333596 1.569900 0.145532
v 0.311460 1.232944 0.222650
v 0.194021 1.282488 0.129831
v 0.111529 1.354426 0.174217
v 0.154390 1.492099 0.151219
v 0.106645 1.452815 0.190304
v 0.262820 1.574459 0.245702
v 0.302871 1.249854 0.319040
v 0.116549 1.371389 0.319432
v 0.190453 1.316362 0.371437
v 0.112308 1.469778 0.336454
v 0.167657 1.525973 0.416817
v 0.270424 1.591369 0.365151
v 0.331650 1.233406 0.417716
v 0.219090 1.298658 0.469959
v 0.194589 1.337860 0.568576
v 0.208529 1.508269 0.524350
v 0.202050 1.436249 0.594216
v 0.313802 1.574921 0.473333
v 0.391006 1.228059 0.480806
v 0.298914 1.332497 0.647939
v 0.382771 1.287947 0.612412
v 0.308098 1.430885 0.673141
v 0.415075 1.497558 0.655681
v 0.414301 1.569575 0.525739
v 0.495151 1.248267 0.492070
v 0.487165 1.309698 0.622475
v 0.573335 1.373689 0.657763
v 0.542417 1.519309 0.642997
v 0.604470 1.472078 0.661206
v 0.543308 1.589782 0.512613
v 0.604899 1.239407 0.457649
v 0.729077 1.364801 0.593290
v 0.752653 1.291950 0.523581
v 0.760402 1.463190 0.595529
v 0.812134 1.501561 0.513120
v 0.657093 1.580922 0.448414
v 0.671468 1.224577 0.376198
v 0.818146 1.276905 0.441877
v 0.869009 1.335190 0.373787
v 0.846368 1.486516 0.406035
v 0.870435 1.433578 0.351750
v 0.691758 1.566092 0.339835
v 0.665135 1.224267 0.275263
v 0.845879 1.334848 0.228367
v 0.788942 1.278391 0.193167
v 0.846468 1.433237 0.205786
v 0.795696 1.483725 0.144170
v 0.663858 1.565782 0.225357
vn -0.8869 -0.1626 0.4323
vn -0.4401 0.1940 0.8767
vn 0.1893 0.0035 0.9819
vn 0.5233 -0.2311 0.8202
vn 0.9299 0.3660 0.0358
vn 0.6396 -0.6934 -0.3319
vn 0.7892 0.1159 -0.6031
vn 0.1428 -0.1532 -0.9778
vn -0.3846 -0.0314 -0.9225
vn -0.7639 0.0286 -0.6447
vn -0.9803 -0.1544 0.1231
vn -0.8606 0.1231 0.4942
vn -0.3556 0.0771 0.9315
vn 0.1908 0.1344 0.9724
vn 0.7345 0.1313 0.6658
vn 0.9989 0.0354 -0.0291
vn 0.9516 0.0825 -0.2960
vn 0.6107 0.1391 -0.7795
vn -0.0306 0.1220 -0.9921
vn -0.3737 0.1265 -0.9189
vn -0.8855 0.1106 -0.4512
vn -0.9868 0.0378 0.1575
vn -0.7951 -0.1034 0.5976
vn -0.1422 0.4595 0.8767
vn 0.1436 0.2804 0.9491
vn 0.9096 -0.0031 0.4154
vn 0.8332 0.5118 -0.2093
vn 0.8078 0.5532 -0.2034
vn 0.5822 -0.0414 -0.8120
vn -0.2172 0.3952 -0.8926
vn -0.3295 0.4625 -0.8231
vn -0.9815 -0.0758 -0.1758
vn -0.6688 0.7364 0.1026
vn -0.0152 -0.9999 0.0062
vn 0.0040 1.0000 -0.0002
vn -0.0527 -0.9915 -0.1185
vn 0.0230 -0.9786 -0.2047
vn -0.6951 -0.4014 0.5964
vn -0.3220 0.6289 0.7077
vn -0.6048 0.6231 0.4959
vn -0.5749 0.1719 0.7999
vn -0.3001 0.6279 0.7181
vn -0.7715 -0.4148 0.4825
vn -0.4997 -0.4427 0.7445
vn -0.2919 -0.4509 0.8435
vn -0.2806 0.4933 0.8234
vn 0.0694 0.9957 -0.0619
vn 0.2264 0.9727 -0.0510
vn 0.1300 -0.9845 -0.1181
vn -0.1480 -0.4689 0.8708
vn -0.2234 0.5890 0.7767
vn 0.0978 0.5636 0.8203
vn -0.1085 0.0686 0.9917
vn -0.0783 -0.4379 0.8956
vn -0.1207 0.5451 0.8296
vn 0.2388 -0.3579 0.9027
vn -0.1634 0.9800 -0.1136
vn -0.0133 -0.9990 0.0438
vn 0.4681 -0.4178 0.7787
vn 0.3279 0.6078 0.7232
vn 0.4501 0.1677 0.8771
vn 0.5230 0.6386 0.5645
vn 0.5403 -0.4176 0.7306
vn 0.7248 -0.4351 0.5342
vn 0.3807 0.5599 0.7359
vn -0.1814 0.9676 -0.1756
vn -0.1773 -0.9765 0.1223
vn 0.6735 -0.3337 0.6596
vn 0.7379 0.6118 0.2850
vn 0.8532 0.5155 -0.0790
vn 0.9445 0.0075 0.3283
vn 0.8007 -0.4798 0.3587
vn 0.8427 0.5351 -0.0596
vn 0.8952 -0.4445 0.0311
vn -0.1175 0.9874 -0.1064
vn -0.2198 -0.9731 -0.0698
vn 0.7918 -0.4838 -0.3727
vn 0.7401 0.6071 -0.2892
vn 0.9603 0.0836 -0.2662
vn 0.7639 0.6372 -0.1018
vn 0.8805 -0.3984 -0.2567
vn 0.8605 -0.3388 -0.3804
vn 0.7929 0.5822 -0.1796
vn -0.0533 0.9881 0.1443
vn -0.0349 -0.9976 -0.0596
vn 0.8318 -0.5177 -0.1999
vn 0.8573 0.5079 -0.0843
vn 0.5492 0.5485 -0.6305
vn 0.9010 0.0435 -0.4316
vn 0.7749 -0.4289 -0.4644
vn 0.7749 0.5765 -0.2593
vn 0.5463 -0.3681 -0.7524
vn -0.0789 0.9663 0.2451
vn 0.1413 -0.9804 0.1375
vn 0.2896 -0.4085 -0.8656
vn 0.0610 0.6169 -0.7847
vn 0.2229 0.1861 -0.9569
vn -0.0660 0.6249 -0.7779
vn 0.1543 -0.4015 -0.9028
vn -0.0071 -0.4298 -0.9029
vn -0.0328 0.5697 -0.8212
vn -0.1082 0.9778 0.1797
vn 0.0155 -0.9760 0.2173
vn -0.0342 -0.4766 -0.8785
vn -0.1742 0.6101 -0.7729
vn -0.2828 0.5754 -0.7674
vn -0.2090 0.0796 -0.9747
vn -0.1383 -0.4249 -0.8946
vn -0.2950 0.5488 -0.7822
vn -0.3785 -0.3589 -0.8532
vn 0.0753 0.9964 0.0383
vn -0.0559 -0.9914 0.1179
vn -0.4877 -0.5333 -0.6912
vn -0.3643 0.5593 -0.7446
vn -0.5427 0.1493 -0.8265
vn -0.6079 0.6019 -0.5179
vn -0.6464 -0.4346 -0.6271
vn -0.8679 -0.4432 -0.2243
vn -0.4778 0.4517 -0.7534
vn 0.2206 0.9741 -0.0504
vn 0.0304 -0.9995 0.0027
vn -0.9204 -0.3768 -0.1042
vn -0.7876 0.6131 -0.0614
vn -0.8247 0.5511 0.1271
vn -0.9986 0.0350 0.0397
vn -0.8879 -0.4522 0.0843
vn -0.7443 0.6160 0.2580
vn -0.8626 -0.4855 0.1422
vn 0.2110 0.9760 -0.0538
vn -0.8763 -0.4076 0.2567
vn -0.7650 0.6050 0.2210
vn -0.9682 0.0603 0.2427
vn -0.8346 -0.4978 0.2360
vn -0.8260 0.5544 0.1015
vn -0.1110 -0.9556 -0.2729
vn -0.4586 0.5741 0.6782
vn -0.2857 0.6777 0.6776
vn -0.6252 -0.3313 0.7066
vn -0.4535 -0.5213 0.7229
vn 0.2461 0.9688 -0.0292
vn 0.1527 -0.9761 -0.1549
vn -0.2757 0.6628 0.6962
vn -0.0930 0.5119 0.8540
vn -0.0578 -0.4479 0.8922
vn 0.0130 -0.3603 0.9328
vn -0.1093 0.9863 -0.1233
vn 0.1318 -0.9864 -0.0985
vn 0.2777 0.5644 0.7774
vn 0.2979 0.6148 0.7303
vn 0.4286 -0.3042 0.8507
vn 0.5662 -0.5122 0.6459
vn -0.2393 0.9622 -0.1299
vn -0.1749 -0.9665 0.1877
vn 0.6474 0.6987 0.3044
vn 0.8532 0.4936 0.1684
vn 0.8413 -0.4462 0.3050
vn 0.8592 -0.4349 0.2694
vn -0.1404 0.9574 -0.2523
vn -0.2096 -0.9737 0.0896
vn 0.8377 0.4978 -0.2244
vn 0.6504 0.7009 -0.2928
vn 0.9054 -0.3691 -0.2098
vn 0.8869 -0.3962 -0.2377
vn -0.1295 0.9914 0.0206
vn -0.2636 -0.9318 -0.2494
vn 0.8047 0.5807 0.1234
vn 0.8340 0.4387 -0.3346
vn 0.7682 -0.3699 -0.5225
vn 0.7614 -0.3879 -0.5195
vn 0.0026 0.9535 0.3013
vn 0.1445 -0.9821 0.1208
vn 0.2114 0.5533 -0.8057
vn 0.0219 0.6630 -0.7483
vn 0.2871 -0.2976 -0.9105
vn 0.1134 -0.4868 -0.8661
vn -0.1628 0.9604 0.2260
vn 0.1639 -0.9691 0.1845
vn -0.1711 0.6616 -0.7300
vn -0.2312 0.5464 -0.8050
vn -0.1397 -0.4600 -0.8769
vn -0.2337 -0.3387 -0.9114
vn -0.0669 0.9831 0.1705
vn -0.1166 -0.9581 0.2617
vn -0.3467 0.5499 -0.7599
vn -0.3241 0.5146 -0.7938
vn -0.5273 -0.3066 -0.7925
vn -0.6780 -0.5514 -0.4861
vn 0.2288 0.9711 -0.0677
vn 0.0331 -0.9992 -0.0231
vn -0.7077 0.6973 -0.1142
vn -0.8568 0.5099 0.0774
vn -0.9002 -0.4070 0.1548
vn -0.8965 -0.4291 0.1101
vn 0.2403 0.9699 -0.0384
vn 0.0310 -0.9992 0.0253
vn -0.8483 0.5043 0.1612
vn -0.7221 0.6556 0.2207
vn -0.8795 -0.4346 0.1938
vn -0.8079 -0.5435 0.2280
vn 0.2328 0.9687 -0.0865
s 1
usemtl LeafSun
f 1014//936 1017//939 1115//1037 1016//938
f 982//904 1018//940 1115//1037 1017//939
f 981//903 1016//938 1115//1037 1018//940
f 981//903 1020//942 1116//1038 1019//941
f 992//914 1021//943 1116//1038 1020//942
f 993//915 1019//941 1116//1038 1021//943
f 981//903 1019//941 1117//1039 1018//940
f 993//915 1022//944 1117//1039 1019//941
f 982//904 1018//940 1117//1039 1022//944
f 992//914 1023//945 1118//1040 1021//943
f 1003//925 1024//946 1118//1040 1023//945
f 993//915 1021//943 1118//1040 1024//946
f 993//915 1024//946 1119//1041 1025//947
f 1003//925 1026//948 1119//1041 1024//946
f 1004//926 1025//947 1119//1041 1026//948
f 1015//937 1028//950 1120//1042 1027//949
f 1003//925 1026//948 1120//1042 1028//950
f 1004//926 1027//949 1120//1042 1026//948
f 1014//936 1029//951 1121//1043 1017//939
f 983//905 1030//952 1121//1043 1029//951
f 982//904 1017//939 1121//1043 1030//952
f 982//904 1022//944 1122//1044 1030//952
f 993//915 1031//953 1122//1044 1022//944
f 983//905 1030//952 1122//1044 1031//953
f 983//905 1031//953 1123//1045 1032//954
f 993//915 1033//955 1123//1045 1031//953
f 994//916 1032//954 1123//1045 1033//955
f 993//915 1025//947 1124//1046 1034//956
f 1004//926 1035//957 1124//1046 1025//947
f 1005//927 1034//956 1124//1046 1035//957
f 993//915 1034//956 1125//1047 1033//955
f 1005//927 1036//958 1125//1047 1034//956
f 994//916 1033//955 1125//1047 1036//958
f 1015//937 1027//949 1126//1048 1037//959
f 1004//926 1035//957 1126//1048 1027//949
f 1005//927 1037//959 1126//1048 1035//957
f 1014//936 1038//960 1127//1049 1029//951
f 984//906 1039//961 1127//1049 1038//960
f 983//905 1029//951 1127//1049 1039//961
f 983//905 1032//954 1128//1050 1040//962
f 994//916 1041//963 1128//1050 1032//954
f 995//917 1040//962 1128//1050 1041//963
f 983//905 1040//962 1129//1051 1039//961
f 995//917 1042//964 1129//1051 1040//962
f 984//906 1039//961 1129//1051 1042//964
f 994//916 1036//958 1130//1052 1041//963
f 1005//927 1043//965 1130//1052 1036//958
f 995//917 1041//963 1130//1052 1043//965
f 995//917 1043//965 1131//1053 1044//966
f 1005//927 1045//967 1131//1053 1043//965
f 1006//928 1044//966 1131//1053 1045//967
f 1015//937 1037//959 1132//1054 1046//968
f 1005//927 1045//967 1132//1054 1037//959
f 1006//928 1046//968 1132//1054 1045//967
f 1014//936 1047//969 1133//1055 1038//960
f 985//907 1048//970 1133//1055 1047//969
f 984//906 1038//960 1133//1055 1048//970
f 984//906 1042//964 1134//1056 1048//970
f 995//917 1049//971 1134//1056 1042//964
f 985//907 1048//970 1134//1056 1049//971
f 985//907 1049//971 1135//1057 1050//972
f 995//917 1051//973 1135//1057 1049//971
f 996//918 1050//972 1135//1057 1051//973
f 995//917 1044//966 1136//1058 1052//974
f 1006//928 1053//975 1136//1058 1044//966
f 1007//929 1052//974 1136//1058 1053//975
f 995//917 1052//974 1137//1059 1051//973
f 1007//929 1054//976 1137//1059 1052//974
f 996//918 1051//973 1137//1059 1054//976
f 1015//937 1046//968 1138//1060 1055//977
f 1006//928 1053//975 1138//1060 1046//968
f 1007//929 1055//977 1138//1060 1053//975
f 1014//936 1056//978 1139//1061 1047//969
f 986//908 1057//979 1139//1061 1056//978
f 985//907 1047//969 1139//1061 1057//979
f 985//907 1050//972 1140//1062 1058//980
f 996//918 1059//981 1140//1062 1050//972
f 997//919 1058//980 1140//1062 1059//981
f 985//907 1058//980 1141//1063 1057//979
f 997//919 1060//982 1141//1063 1058//980
f 986//908 1057//979 1141//1063 1060//982
f 996//918 1054//976 1142//1064 1059//981
f 1007//929 1061//983 1142//1064 1054//976
f 997//919 1059//981 1142//1064 1061//983
f 997//919 1061//983 1143//1065 1062//984
f 1007//929 1063//985 1143//1065 1061//983
f 1008//930 1062//984 1143//1065 1063//985
f 1015//937 1055//977 1144//1066 1064//986
f 1007//929 1063//985 1144//1066 1055//977
f 1008//930 1064//986 1144//1066 1063//985
f 1014//936 1065//987 1145//1067 1056//978
f 987//909 1066//988 1145//1067 1065//987
f 986//908 1056//978 1145//1067 1066//988
f 986//908 1060//982 1146//1068 1066//988
f 997//919 1067//989 1146//1068 1060//982
f 987//909 1066//988 1146//1068 1067//989
f 987//909 1067//989 1147//1069 1068//990
f 997//919 1069//991 1147//1069 1067//989
f 998//920 1068//990 1147//1069 1069//991
f 997//919 1062//984 1148//1070 1070//992
f 1008//930 1071//993 1148//1070 1062//984
f 1009//931 1070//992 1148//1070 1071//993
f 997//919 1070//992 1149//1071 1069//991
f 1009//931 1072//994 1149//1071 1070//992
f 998//920 1069//991 1149//1071 1072//994
f 1015//937 1064//986 1150//1072 1073//995
f 1008//930 1071//993 1150//1072 1064//986
f 1009//931 1073//995 1150//1072 1071//993
f 1014//936 1074//996 1151//1073 1065//987
f 988//910 1075//997 1151//1073 1074//996
f 987//909 1065//987 1151//1073 1075//997
f 987//909 1068//990 1152//1074 1076//998
f 998//920 1077//999 1152//1074 1068//990
f 999//921 1076//998 1152//1074 1077//999
f 987//909 1076//998 1153//1075 1075//997
f 999//921 1078//1000 1153//1075 1076//998
f 988//910 1075//997 1153//1075 1078//1000
f 998//920 1072//994 1154//1076 1077//999
f 1009//931 1079//1001 1154//1076 1072//994
f 999//921 1077//999 1154//1076 1079//1001
f 999//921 1079//1001 1155//1077 1080//1002
f 1009//931 1081//1003 1155//1077 1079//1001
f 1010//932 1080//1002 1155//1077 1081//1003
f 1015//937 1073//995 1156//1078 1082//1004
f 1009//931 1081//1003 1156//1078 1073//995
f 1010//932 1082//1004 1156//1078 1081//1003
f 1014//936 1083//1005 1157//1079 1074//996
f 989//911 1084//1006 1157//1079 1083//1005
f 988//910 1074//996 1157//1079 1084//1006
f 988//910 1078//1000 1158//1080 1084//1006
f 999//921 1085//1007 1158//1080 1078//1000
f 989//911 1084//1006 1158//1080 1085//1007
f 989//911 1085//1007 1159//1081 1086//1008
f 999//921 1087//1009 1159//1081 1085//1007
f 1000//922 1086//1008 1159//1081 1087//1009
f 999//921 1080//1002 1160//1082 1088//1010
f 1010//932 1089//1011 1160//1082 1080//1002
f 1011//933 1088//1010 1160//1082 1089//1011
f 999//921 1088//1010 1161//1083 1087//1009
f 1011//933 1090//1012 1161//1083 1088//1010
f 1000//922 1087//1009 1161//1083 1090//1012
f 1015//937 1082//1004 1162//1084 1091//1013
f 1010//932 1089//1011 1162//1084 1082//1004
f 1011//933 1091//1013 1162//1084 1089//1011
f 1014//936 1092//1014 1163//1085 1083//1005
f 990//912 1093//1015 1163//1085 1092//1014
f 989//911 1083//1005 1163//1085 1093//1015
f 989//911 1086//1008 1164//1086 1094//1016
f 1000//922 1095//1017 1164//1086 1086//1008
f 1001//923 1094//1016 1164//1086 1095//1017
f 989//911 1094//1016 1165//1087 1093//1015
f 1001//923 1096//1018 1165//1087 1094//1016
f 990//912 1093//1015 1165//1087 1096//1018
f 1000//922 1090//1012 1166//1088 1095//1017
f 1011//933 1097//1019 1166//1088 1090//1012
f 1001//923 1095//1017 1166//1088 1097//1019
f 1001//923 1097//1019 1167//1089 1098//1020
f 1011//933 1099//1021 1167//1089 1097//1019
f 1012//934 1098//1020 1167//1089 1099//1021
f 1015//937 1091//1013 1168//1090 1100//1022
f 1011//933 1099//1021 1168//1090 1091//1013
f 1012//934 1100//1022 1168//1090 1099//1021
f 1014//936 1101//1023 1169//1091 1092//1014
f 991//913 1102//1024 1169//1091 1101//1023
f 990//912 1092//1014 1169//1091 1102//1024
f 990//912 1096//1018 1170//1092 1102//1024
f 1001//923 1103//1025 1170//1092 1096//1018
f 991//913 1102//1024 1170//1092 1103//1025
f 991//913 1103//1025 1171//1093 1104//1026
f 1001//923 1105//1027 1171//1093 1103//1025
f 1002//924 1104//1026 1171//1093 1105//1027
f 1001//923 1098//1020 1172//1094 1106//1028
f 1012//934 1107//1029 1172//1094 1098//1020
f 1013//935 1106//1028 1172//1094 1107//1029
f 1001//923 1106//1028 1173//1095 1105//1027
f 1013//935 1108//1030 1173//1095 1106//1028
f 1002//924 1105//1027 1173//1095 1108//1030
f 1015//937 1100//1022 1174//1096 1109//1031
f 1012//934 1107//1029 1174//1096 1100//1022
f 1013//935 1109//1031 1174//1096 1107//1029
f 1014//936 1016//938 1175//1097 1101//1023
f 981//903 1110//1032 1175//1097 1016//938
f 991//913 1101//1023 1175//1097 1110//1032
f 991//913 1104//1026 1176//1098 1111//1033
f 1002//924 1112//1034 1176//1098 1104//1026
f 992//914 1111//1033 1176//1098 1112//1034
f 991//913 1111//1033 1177//1099 1110//1032
f 992//914 1020//942 1177//1099 1111//1033
f 981//903 1110//1032 1177//1099 1020//942
f 1002//924 1108//1030 1178//1100 1112//1034
f 1013//935 1113//1035 1178//1100 1108//1030
f 992//914 1112//1034 1178//1100 1113//1035
f 992//914 1113//1035 1179//1101 1023//945
f 1013//935 1114//1036 1179//1101 1113//1035
f 1003//925 1023//945 1179//1101 1114//1036
f 1015//937 1109//1031 1180//1102 1028//950
f 1013//935 1114//1036 1180//1102 1109//1031
f 1003//925 1028//950 1180//1102 1114//1036
o crown_contour_leaf.013
v 0.458569 1.442333 0.317425
v 0.483509 1.425243 0.347006
v 0.495098 1.415278 0.376676
v 0.480635 1.417989 0.416163
v 0.457357 1.426580 0.446461
v 0.434625 1.442259 0.418694
v 0.420889 1.454423 0.380759
v 0.433047 1.451862 0.349782
v 0.453884 1.433568 0.316311
v 0.478825 1.416479 0.345892
v 0.490413 1.406513 0.375562
v 0.475950 1.409225 0.415049
v 0.452673 1.417816 0.445348
v 0.429941 1.433495 0.417580
v 0.416204 1.445658 0.379645
v 0.428362 1.443097 0.348668
vn -0.4684 -0.8764 -0.1114
vn 0.4684 0.8764 0.1114
vn 0.6579 -0.2619 -0.7061
vn 0.8124 -0.3778 -0.4442
vn 0.8141 -0.4772 0.3310
vn 0.6536 -0.4286 0.6237
vn -0.6660 0.2675 0.6963
vn -0.8212 0.3854 0.4209
vn -0.8049 0.4754 -0.3552
vn -0.6454 0.4256 -0.6344
s 0
usemtl LeafDeep
f 1181//1103 1182//1103 1183//1103 1184//1103 1185//1103 1186//1103 1187//1103 1188//1103
f 1196//1104 1195//1104 1194//1104 1193//1104 1192//1104 1191//1104 1190//1104 1189//1104
f 1181//1105 1182//1105 1190//1105 1189//1105
f 1182//1106 1183//1106 1191//1106 1190//1106
f 1183//1107 1184//1107 1192//1107 1191//1107
f 1184//1108 1185//1108 1193//1108 1192//1108
f 1185//1109 1186//1109 1194//1109 1193//1109
f 1186//1110 1187//1110 1195//1110 1194//1110
f 1187//1111 1188//1111 1196//1111 1195//1111
f 1188//1112 1181//1112 1189//1112 1196//1112
o crown_contour_leaf.014
v 0.793498 1.535938 0.168411
v 0.819490 1.541227 0.126727
v 0.849217 1.541218 0.101467
v 0.896918 1.529375 0.104684
v 0.936838 1.515467 0.122165
v 0.912255 1.510770 0.160456
v 0.873953 1.511210 0.191421
v 0.836310 1.520822 0.187896
v 0.791331 1.526514 0.165863
v 0.817322 1.531803 0.124180
v 0.847049 1.531794 0.098919
v 0.894750 1.519951 0.102137
v 0.934670 1.506043 0.119617
v 0.910087 1.501346 0.157908
v 0.871785 1.501786 0.188873
v 0.834143 1.511398 0.185348
vn -0.2168 -0.9424 -0.2548
vn 0.2168 0.9424 0.2548
vn -0.8224 0.3169 -0.4726
vn -0.6102 0.3345 -0.7182
vn 0.1228 0.2326 -0.9648
vn 0.4376 0.1395 -0.8883
vn 0.8150 -0.3184 0.4842
vn 0.5902 -0.3344 0.7348
vn -0.1479 -0.2262 0.9628
vn -0.4496 -0.1353 0.8829
s 0
usemtl LeafDeep
f 1197//1113 1198//1113 1199//1113 1200//1113 1201//1113 1202//1113 1203//1113 1204//1113
f 1212//1114 1211//1114 1210//1114 1209//1114 1208//1114 1207//1114 1206//1114 1205//1114
f 1197//1115 1198//1115 1206//1115 1205//1115
f 1198//1116 1199//1116 1207//1116 1206//1116
f 1199//1117 1200//1117 1208//1117 1207//1117
f 1200//1118 1201//1118 1209//1118 1208//1118
f 1201//1119 1202//1119 1210//1119 1209//1119
f 1202//1120 1203//1120 1211//1120 1210//1120
f 1203//1121 1204//1121 1212//1121 1211//1121
f 1204//1122 1197//1122 1205//1122 1212//1122
o crown_contour_leaf.015
v 0.273288 1.421089 0.316133
v 0.218182 1.432475 0.310880
v 0.175882 1.431098 0.296668
v 0.148466 1.400779 0.257850
v 0.139198 1.365907 0.219953
v 0.190270 1.355866 0.225337
v 0.243308 1.358657 0.244227
v 0.264032 1.383215 0.275220
v 0.270947 1.413321 0.323854
v 0.215841 1.424707 0.318601
v 0.173541 1.423330 0.304389
v 0.146125 1.393011 0.265571
v 0.136857 1.358138 0.227674
v 0.187929 1.348098 0.233058
v 0.240967 1.350889 0.251948
v 0.261690 1.375447 0.282941
vn -0.2090 -0.6936 0.6894
vn 0.2090 0.6936 -0.6894
vn 0.0744 0.6916 0.7184
vn -0.2421 0.7197 0.6507
vn -0.8484 0.4792 0.2249
vn -0.9617 0.2735 -0.0165
vn -0.0609 -0.6943 -0.7171
vn 0.2666 -0.7187 -0.6422
vn 0.8607 -0.4651 -0.2070
vn 0.9641 -0.2642 0.0265
s 0
usemtl LeafDeep
f 1213//1123 1214//1123 1215//1123 1216//1123 1217//1123 1218//1123 1219//1123 1220//1123
f 1228//1124 1227//1124 1226//1124 1225//1124 1224//1124 1223//1124 1222//1124 1221//1124
f 1213//1125 1214//1125 1222//1125 1221//1125
f 1214//1126 1215//1126 1223//1126 1222//1126
f 1215//1127 1216//1127 1224//1127 1223//1127
f 1216//1128 1217//1128 1225//1128 1224//1128
f 1217//1129 1218//1129 1226//1129 1225//1129
f 1218//1130 1219//1130 1227//1130 1226//1130
f 1219//1131 1220//1131 1228//1131 1227//1131
f 1220//1132 1213//1132 1221//1132 1228//1132
o crown_contour_leaf.016
v 0.725040 1.512545 0.580305
v 0.773677 1.496098 0.600113
v 0.809868 1.481941 0.628255
v 0.830002 1.468307 0.684120
v 0.834029 1.459969 0.734490
v 0.789011 1.475290 0.715477
v 0.743752 1.493203 0.678830
v 0.728718 1.503756 0.634505
v 0.722370 1.503006 0.578939
v 0.771007 1.486558 0.598747
v 0.807198 1.472401 0.626889
v 0.827333 1.458768 0.682754
v 0.831360 1.450429 0.733124
v 0.786341 1.465750 0.714111
v 0.741082 1.483663 0.677465
v 0.726048 1.494216 0.633139
vn -0.2670 -0.9540 -0.1366
vn 0.2670 0.9540 0.1366
vn 0.3842 0.0246 -0.9229
vn 0.5998 -0.0536 -0.7983
vn 0.9053 -0.1997 -0.3750
vn 0.9605 -0.2518 -0.1185
vn -0.3950 -0.0209 0.9184
vn -0.6139 0.0591 0.7871
vn -0.9113 0.2038 0.3576
vn -0.9614 0.2538 0.1064
s 0
usemtl LeafDeep
f 1229//1133 1230//1133 1231//1133 1232//1133 1233//1133 1234//1133 1235//1133 1236//1133
f 1244//1134 1243//1134 1242//1134 1241//1134 1240//1134 1239//1134 1238//1134 1237//1134
f 1229//1135 1230//1135 1238//1135 1237//1135
f 1230//1136 1231//1136 1239//1136 1238//1136
f 1231//1137 1232//1137 1240//1137 1239//1137
f 1232//1138 1233//1138 1241//1138 1240//1138
f 1233//1139 1234//1139 1242//1139 1241//1139
f 1234//1140 1235//1140 1243//1140 1242//1140
f 1235//1141 1236//1141 1244//1141 1243//1141
f 1236//1142 1229//1142 1237//1142 1244//1142
o crown_contour_leaf.017
v 0.545679 1.365142 0.075947
v 0.509431 1.345834 0.056022
v 0.488068 1.334825 0.031495
v 0.493010 1.338776 -0.011256
v 0.510403 1.349389 -0.048180
v 0.543669 1.367091 -0.029246
v 0.569777 1.380494 0.002478
v 0.564993 1.376889 0.036291
v 0.550487 1.356378 0.075693
v 0.514240 1.337070 0.055768
v 0.492876 1.326061 0.031241
v 0.497818 1.330012 -0.011510
v 0.515211 1.340625 -0.048434
v 0.548478 1.358327 -0.029501
v 0.574585 1.371730 0.002224
v 0.569802 1.368125 0.036037
vn 0.4808 -0.8764 -0.0254
vn -0.4808 0.8764 0.0254
vn -0.3718 -0.2301 0.8993
vn -0.6179 -0.3593 0.6994
vn -0.8693 -0.4727 -0.1442
vn -0.7738 -0.4105 -0.4825
vn 0.3828 0.2359 -0.8932
vn 0.6355 0.3683 -0.6786
vn 0.8657 0.4699 0.1726
vn 0.7680 0.4070 0.4946
s 0
usemtl LeafDeep
f 1245//1143 1246//1143 1247//1143 1248//1143 1249//1143 1250//1143 1251//1143 1252//1143
f 1260//1144 1259//1144 1258//1144 1257//1144 1256//1144 1255//1144 1254//1144 1253//1144
f 1245//1145 1246//1145 1254//1145 1253//1145
f 1246//1146 1247//1146 1255//1146 1254//1146
f 1247//1147 1248//1147 1256//1147 1255//1147
f 1248//1148 1249//1148 1257//1148 1256//1148
f 1249//1149 1250//1149 1258//1149 1257//1149
f 1250//1150 1251//1150 1259//1150 1258//1150
f 1251//1151 1252//1151 1260//1151 1259//1151
f 1252//1152 1245//1152 1253//1152 1260//1152
o crown_contour_leaf.018
v 0.382833 1.463027 0.354780
v 0.388043 1.469774 0.406820
v 0.379149 1.470451 0.445775
v 0.335886 1.457793 0.468142
v 0.289881 1.442556 0.473291
v 0.285705 1.436531 0.425111
v 0.298212 1.436156 0.376370
v 0.333006 1.446454 0.359625
v 0.386442 1.452472 0.355787
v 0.391652 1.459219 0.407828
v 0.382758 1.459896 0.446783
v 0.339494 1.447238 0.469149
v 0.293490 1.432001 0.474298
v 0.289313 1.425976 0.426118
v 0.301821 1.425601 0.377377
v 0.336615 1.435899 0.360632
vn 0.3222 -0.9424 0.0899
vn -0.3222 0.9424 -0.0899
vn 0.9415 0.3091 -0.1343
vn 0.9201 0.3341 0.2043
vn 0.3962 0.2205 0.8913
vn 0.0715 0.1189 0.9903
vn -0.9428 -0.3108 0.1206
vn -0.9135 -0.3344 -0.2318
vn -0.3717 -0.2133 -0.9035
vn -0.0583 -0.1146 -0.9917
s 0
usemtl LeafDeep
f 1261//1153 1262//1153 1263//1153 1264//1153 1265//1153 1266//1153 1267//1153 1268//1153
f 1276//1154 1275//1154 1274//1154 1273//1154 1272//1154 1271//1154 1270//1154 1269//1154
f 1261//1155 1262//1155 1270//1155 1269//1155
f 1262//1156 1263//1156 1271//1156 1270//1156
f 1263//1157 1264//1157 1272//1157 1271//1157
f 1264//1158 1265//1158 1273//1158 1272//1158
f 1265//1159 1266//1159 1274//1159 1273//1159
f 1266//1160 1267//1160 1275//1160 1274//1160
f 1267//1161 1268//1161 1276//1161 1275//1161
f 1268//1162 1261//1162 1269//1162 1276//1162
o crown_contour_leaf.019
v 0.875745 1.566176 0.311745
v 0.925883 1.571405 0.307448
v 0.968449 1.567130 0.312191
v 1.007906 1.540252 0.338653
v 1.031177 1.510994 0.367171
v 0.984503 1.506567 0.370746
v 0.930702 1.512799 0.363953
v 0.900215 1.534460 0.342646
v 0.875851 1.559240 0.304542
v 0.925989 1.564469 0.300245
v 0.968555 1.560194 0.304988
v 1.008012 1.533316 0.331451
v 1.031283 1.504058 0.359968
v 0.984609 1.499631 0.363543
v 0.930808 1.505863 0.356750
v 0.900321 1.527524 0.335443
vn 0.0106 -0.6936 -0.7203
vn -0.0106 0.6936 0.7203
vn -0.1334 0.7129 -0.6885
vn 0.1480 0.7135 -0.6849
vn 0.6909 0.5258 -0.4962
vn 0.8689 0.3629 -0.3367
vn 0.1206 -0.7142 0.6895
vn -0.1685 -0.7113 0.6824
vn -0.7058 -0.5154 0.4859
vn -0.8752 -0.3548 0.3288
s 0
usemtl LeafDeep
f 1277//1163 1278//1163 1279//1163 1280//1163 1281//1163 1282//1163 1283//1163 1284//1163
f 1292//1164 1291//1164 1290//1164 1289//1164 1288//1164 1287//1164 1286//1164 1285//1164
f 1277//1165 1278//1165 1286//1165 1285//1165
f 1278//1166 1279//1166 1287//1166 1286//1166
f 1279//1167 1280//1167 1288//1167 1287//1167
f 1280//1168 1281//1168 1289//1168 1288//1168
f 1281//1169 1282//1169 1290//1169 1289//1169
f 1282//1170 1283//1170 1291//1170 1290//1170
f 1283//1171 1284//1171 1292//1171 1291//1171
f 1284//1172 1277//1172 1285//1172 1292//1172
o crown_contour_leaf.020
v 0.286126 1.437887 0.222052
v 0.237873 1.420802 0.195543
v 0.205647 1.406344 0.162079
v 0.198756 1.393067 0.102242
v 0.208139 1.385311 0.050093
v 0.252616 1.401214 0.075325
v 0.292517 1.419483 0.118664
v 0.296945 1.429736 0.166021
v 0.288490 1.428348 0.223896
v 0.240238 1.411262 0.197387
v 0.208011 1.396804 0.163923
v 0.201121 1.383528 0.104087
v 0.210504 1.375771 0.051938
v 0.254981 1.391674 0.077170
v 0.294882 1.409943 0.120508
v 0.299310 1.420197 0.167865
vn 0.2365 -0.9540 0.1844
vn -0.2365 0.9540 -0.1844
vn -0.4934 0.0456 0.8686
vn -0.7109 -0.0405 0.7021
vn -0.9652 -0.2088 0.1575
vn -0.9557 -0.2626 -0.1329
vn 0.5043 -0.0418 -0.8625
vn 0.7250 0.0468 -0.6872
vn 0.9674 0.2134 -0.1366
vn 0.9533 0.2645 0.1456
s 0
usemtl LeafDeep
f 1293//1173 1294//1173 1295//1173 1296//1173 1297//1173 1298//1173 1299//1173 1300//1173
f 1308//1174 1307//1174 1306//1174 1305//1174 1304//1174 1303//1174 1302//1174 1301//1174
f 1293//1175 1294//1175 1302//1175 1301//1175
f 1294//1176 1295//1176 1303//1176 1302//1176
f 1295//1177 1296//1177 1304//1177 1303//1177
f 1296//1178 1297//1178 1305//1178 1304//1178
f 1297//1179 1298//1179 1306//1179 1305//1179
f 1298//1180 1299//1180 1307//1180 1306//1180
f 1299//1181 1300//1181 1308//1181 1307//1181
f 1300//1182 1293//1182 1301//1182 1308//1182
o leafy_twig.003
v 0.531831 1.649872 -0.478605
v -0.422035 1.359636 -0.315750
v 0.537913 1.641123 -0.457406
v -0.420073 1.356814 -0.308912
v 0.545217 1.620000 -0.449442
v -0.417717 1.350000 -0.306343
v 0.549465 1.598877 -0.459378
v -0.416347 1.343186 -0.309548
v 0.548169 1.590128 -0.481395
v -0.416765 1.340364 -0.316650
v 0.542087 1.598877 -0.502594
v -0.418727 1.343186 -0.323488
v 0.534783 1.620000 -0.510558
v -0.421083 1.350000 -0.326057
v 0.530535 1.641123 -0.500621
v -0.422453 1.356814 -0.322852
vn 0.3850 0.9206 -0.0657
vn -0.8090 0.5714 0.1381
vn 0.5385 0.6997 0.4695
vn -0.6579 0.3541 0.6647
vn 0.7229 0.1664 0.6706
vn -0.4765 -0.1706 0.8625
vn 0.8302 -0.3669 0.4197
vn -0.3710 -0.6952 0.6157
vn 0.7975 -0.5878 -0.1362
vn -0.4032 -0.9125 0.0688
vn 0.6439 -0.3669 -0.6714
vn -0.5542 -0.6952 -0.4577
vn 0.4595 0.1664 -0.8725
vn -0.7356 -0.1706 -0.6555
vn 0.3523 0.6997 -0.6216
vn -0.8412 0.3541 -0.4087
vt 1.000000 0.500000
vt 1.000000 1.000000
vt 0.875000 1.000000
vt 0.875000 0.500000
vt 0.750000 1.000000
vt 0.750000 0.500000
vt 0.625000 1.000000
vt 0.625000 0.500000
vt 0.500000 1.000000
vt 0.500000 0.500000
vt 0.375000 1.000000
vt 0.375000 0.500000
vt 0.250000 1.000000
vt 0.250000 0.500000
vt 0.419706 0.419706
vt 0.250000 0.490000
vt 0.080294 0.419706
vt 0.010000 0.250000
vt 0.080294 0.080294
vt 0.250000 0.010000
vt 0.419706 0.080294
vt 0.490000 0.250000
vt 0.125000 1.000000
vt 0.125000 0.500000
vt 0.000000 1.000000
vt 0.000000 0.500000
vt 0.750000 0.490000
vt 0.919706 0.419706
vt 0.990000 0.250000
vt 0.919706 0.080294
vt 0.750000 0.010000
vt 0.580294 0.080294
vt 0.510000 0.250000
vt 0.580294 0.419706
s 1
usemtl WeatheredBark
f 1309/779/1183 1310/780/1184 1312/781/1186 1311/782/1185
f 1311/782/1185 1312/781/1186 1314/783/1188 1313/784/1187
f 1313/784/1187 1314/783/1188 1316/785/1190 1315/786/1189
f 1315/786/1189 1316/785/1190 1318/787/1192 1317/788/1191
f 1317/788/1191 1318/787/1192 1320/789/1194 1319/790/1193
f 1319/790/1193 1320/789/1194 1322/791/1196 1321/792/1195
f 1312/793/1186 1310/794/1184 1324/795/1198 1322/796/1196 1320/797/1194 1318/798/1192 1316/799/1190 1314/800/1188
f 1321/792/1195 1322/791/1196 1324/801/1198 1323/802/1197
f 1323/802/1197 1324/801/1198 1310/803/1184 1309/804/1183
f 1309/805/1183 1311/806/1185 1313/807/1187 1315/808/1189 1317/809/1191 1319/810/1193 1321/811/1195 1323/812/1197
o solid_leaf_crown_lobe.003
v -0.417587 1.283923 -0.394363
v -0.565341 1.228765 -0.485298
v -0.702751 1.239656 -0.524657
v -0.869629 1.287157 -0.492765
v -0.916104 1.242870 -0.366348
v -0.940010 1.226506 -0.222428
v -0.910975 1.282297 -0.087844
v -0.744778 1.259437 -0.003417
v -0.602683 1.219718 -0.030136
v -0.450932 1.270503 -0.117210
v -0.459768 1.274517 -0.245456
v -0.351872 1.427628 -0.460054
v -0.548010 1.387256 -0.595617
v -0.757613 1.394002 -0.626135
v -0.956253 1.424401 -0.554499
v -1.032767 1.396090 -0.369525
v -1.059664 1.385819 -0.163456
v -0.943426 1.421702 0.016097
v -0.732931 1.406767 0.110710
v -0.516714 1.381050 0.056107
v -0.359622 1.413807 -0.085105
v -0.334626 1.424816 -0.280157
v -0.448482 1.583123 -0.474256
v -0.603235 1.527965 -0.549021
v -0.780689 1.538856 -0.559222
v -0.921747 1.586357 -0.484848
v -0.983843 1.542070 -0.318119
v -1.000748 1.525706 -0.153299
v -0.858544 1.581497 -0.012014
v -0.694181 1.558637 0.052632
v -0.510177 1.518918 -0.016005
v -0.418461 1.569703 -0.144788
v -0.385970 1.573717 -0.310865
v -0.689750 1.229916 -0.269998
v -0.679060 1.606183 -0.260632
v -0.544415 1.252512 -0.339313
v -0.613813 1.232435 -0.394902
v -0.491464 1.256344 -0.439830
v -0.468651 1.331502 -0.508320
v -0.389859 1.351846 -0.445927
v -0.425096 1.411407 -0.539028
v -0.552893 1.295629 -0.537681
v -0.394902 1.501446 -0.484394
v -0.484733 1.481795 -0.546703
v -0.578989 1.475703 -0.574740
v -0.525858 1.555544 -0.511638
v -0.633853 1.572618 -0.427115
v -0.547385 1.592695 -0.379510
v -0.700486 1.235979 -0.416684
v -0.634046 1.234211 -0.504977
v -0.629184 1.309847 -0.577181
v -0.738632 1.333761 -0.598557
v -0.667785 1.386087 -0.626151
v -0.664058 1.459447 -0.597471
v -0.691962 1.533411 -0.554121
v -0.769510 1.452887 -0.612289
v -0.735060 1.576162 -0.431255
v -0.786401 1.251621 -0.395051
v -0.786190 1.263406 -0.508711
v -0.840721 1.337172 -0.562651
v -0.849322 1.407965 -0.610812
v -0.906941 1.336574 -0.522390
v -0.877096 1.486772 -0.575514
v -0.942433 1.516648 -0.517841
v -0.851218 1.562606 -0.522035
v -0.816116 1.591804 -0.385510
v -0.824361 1.237037 -0.326413
v -0.892866 1.265013 -0.429557
v -0.956895 1.338766 -0.469298
v -1.000020 1.336010 -0.372657
v -1.010510 1.409758 -0.455832
v -0.989234 1.488366 -0.449387
v -0.952795 1.564213 -0.401484
v -1.026938 1.455136 -0.353499
v -0.856932 1.577220 -0.294244
v -0.835727 1.231648 -0.242196
v -0.928057 1.234688 -0.294388
v -1.008960 1.310384 -0.268817
v -1.055433 1.387033 -0.281878
v -1.001109 1.294044 -0.195771
v -1.041855 1.459984 -0.242559
v -1.027097 1.474118 -0.155579
v -0.992296 1.533888 -0.235709
v -0.855713 1.571831 -0.196877
v -0.809648 1.250021 -0.165029
v -0.925492 1.254402 -0.155136
v -0.998309 1.329942 -0.112970
v -0.938949 1.363595 -0.015238
v -1.009067 1.409036 -0.052115
v -0.983636 1.479542 -0.075786
v -0.929646 1.553602 -0.082657
v -0.918339 1.482721 0.014892
v -0.783477 1.590204 -0.116903
v -0.725378 1.242493 -0.120156
v -0.827876 1.270867 -0.045631
v -0.832202 1.345353 0.032448
v -0.861957 1.421375 0.071708
v -0.744007 1.317137 0.049860
v -0.806076 1.494953 0.068251
v -0.709201 1.497211 0.081390
v -0.776362 1.570067 0.020309
v -0.684632 1.582676 -0.083550
v -0.636451 1.229413 -0.131167
v -0.673730 1.239577 -0.016777
v -0.658997 1.314309 0.059911
v -0.544844 1.319811 0.034018
v -0.604483 1.386452 0.094537
v -0.617009 1.463910 0.071292
v -0.602179 1.538777 0.018314
v -0.508249 1.438937 0.039645
v -0.584626 1.569596 -0.117637
v -0.561583 1.246283 -0.181812
v -0.526807 1.245110 -0.073673
v -0.463057 1.319488 -0.039549
v -0.437517 1.390598 0.006049
v -0.413521 1.324896 -0.100202
v -0.422823 1.469088 -0.036818
v -0.383889 1.504970 -0.116414
v -0.464319 1.544310 -0.080396
v -0.525900 1.586466 -0.193099
v -0.545851 1.253671 -0.257228
v -0.455350 1.272510 -0.181333
v -0.386583 1.346818 -0.164274
v -0.369574 1.365153 -0.266858
v -0.335220 1.422200 -0.193440
v -0.353754 1.496418 -0.193029
v -0.402216 1.571710 -0.227826
v -0.340529 1.484279 -0.292847
v -0.509838 1.593854 -0.289406
v -0.438678 1.279220 -0.319909
v -0.379964 1.353779 -0.365710
v -0.332070 1.427521 -0.367288
v -0.353657 1.502686 -0.399705
v -0.417226 1.578420 -0.392561
v -0.554617 1.245247 -0.386416
v -0.421581 1.365194 -0.507223
v -0.505199 1.296072 -0.501239
v -0.430522 1.464927 -0.533428
v -0.529211 1.499694 -0.549591
v -0.572816 1.577005 -0.431721
v -0.651403 1.231282 -0.431473
v -0.602718 1.281317 -0.545142
v -0.671013 1.338871 -0.607146
v -0.641757 1.484939 -0.579015
v -0.695353 1.434448 -0.618593
v -0.686379 1.563039 -0.461280
v -0.755530 1.249364 -0.433469
v -0.816608 1.357010 -0.595518
v -0.852440 1.317538 -0.535510
v -0.841146 1.452587 -0.605970
v -0.896732 1.521161 -0.543723
v -0.795562 1.581122 -0.438612
v -0.828888 1.250360 -0.379247
v -0.924795 1.318610 -0.480848
v -0.991390 1.359038 -0.442016
v -0.965830 1.522232 -0.462613
v -1.012812 1.454616 -0.427170
v -0.865980 1.582117 -0.356096
v -0.854263 1.231577 -0.286823
v -1.027286 1.340198 -0.302804
v -0.986066 1.280987 -0.249211
v -1.048828 1.435775 -0.287107
v -1.028164 1.484609 -0.209038
v -0.892297 1.563335 -0.242585
v -0.850891 1.243787 -0.191060
v -0.983327 1.294129 -0.154176
v -0.994575 1.365087 -0.061078
v -0.987037 1.497751 -0.105187
v -0.979398 1.460665 -0.036948
v -0.849110 1.575545 -0.137336
v -0.784172 1.253985 -0.116428
v -0.877172 1.375317 0.038521
v -0.799205 1.314557 0.020055
v -0.860448 1.470895 0.062470
v -0.763577 1.518179 0.064211
v -0.744601 1.585743 -0.067356
v -0.678897 1.234606 -0.096532
v -0.693897 1.293697 0.039101
v -0.607787 1.335812 0.072110
v -0.645468 1.497319 0.063548
v -0.578818 1.431390 0.077206
v -0.625229 1.566363 -0.068513
v -0.578763 1.238033 -0.135072
v -0.473610 1.339249 0.001537
v -0.459587 1.300562 -0.070010
v -0.444894 1.434827 0.005473
v -0.416903 1.504184 -0.075401
v -0.530589 1.569790 -0.135728
v -0.528565 1.255878 -0.209284
v -0.411324 1.318828 -0.144041
v -0.360298 1.374992 -0.200109
v -0.374616 1.522450 -0.174841
v -0.337297 1.470570 -0.220478
v -0.487499 1.587636 -0.237238
v -0.517395 1.260291 -0.304141
v -0.357173 1.379270 -0.340020
v -0.396601 1.329597 -0.380915
v -0.335053 1.474848 -0.361116
v -0.382300 1.529063 -0.429349
v -0.498381 1.592048 -0.349888
vn -0.9441 0.1541 0.2913
vn -0.3342 -0.3593 0.8713
vn -0.1289 -0.1806 0.9751
vn 0.5608 0.3949 0.7277
vn 0.9335 -0.3384 0.1184
vn 0.9652 -0.2405 0.1030
vn 0.6794 0.3160 -0.6622
vn 0.1635 0.0379 -0.9858
vn -0.3389 -0.3089 -0.8887
vn -0.8386 0.2333 -0.4922
vn -0.6696 -0.7410 -0.0501
vn -0.8942 0.0990 0.4366
vn -0.3441 0.1278 0.9302
vn 0.0993 0.1272 0.9869
vn 0.6956 0.0735 0.7147
vn 0.9507 0.1600 0.2658
vn 0.9669 0.1385 -0.2144
vn 0.6452 0.0676 -0.7610
vn 0.0992 0.1094 -0.9890
vn -0.4682 0.1699 -0.8671
vn -0.8948 0.0985 -0.4354
vn -0.9771 0.2124 -0.0114
vn -0.7248 0.2725 0.6328
vn -0.2588 0.2564 0.9313
vn 0.2143 0.1803 0.9600
vn 0.7412 0.3544 0.5701
vn 0.8599 0.4127 0.3004
vn 0.9091 0.0727 -0.4103
vn 0.4523 0.4352 -0.7784
vn 0.0405 0.3080 -0.9505
vn -0.5213 0.0368 -0.8526
vn -0.8952 0.3691 -0.2498
vn -0.9611 0.2701 0.0577
vn 0.0202 -0.9998 0.0006
vn -0.0122 0.9999 0.0053
vn 0.2194 -0.9737 0.0615
vn 0.0923 -0.9943 0.0524
vn -0.3588 -0.4074 0.8398
vn -0.5035 0.5873 0.6337
vn -0.7723 0.5429 0.3299
vn -0.5833 0.1462 0.7990
vn -0.3885 0.5803 0.7157
vn -0.6938 -0.4082 0.5933
vn -0.3231 -0.3706 0.8708
vn -0.1915 -0.4075 0.8929
vn -0.4801 0.5579 0.6769
vn -0.0322 0.9630 -0.2677
vn -0.0191 0.9894 -0.1438
vn -0.1382 -0.9897 -0.0359
vn -0.2935 -0.4032 0.8668
vn -0.1828 0.5735 0.7985
vn 0.1352 0.5611 0.8166
vn -0.1411 0.0763 0.9871
vn -0.1575 -0.4352 0.8865
vn -0.0310 0.6215 0.7828
vn 0.0356 -0.3819 0.9235
vn 0.0782 0.9667 -0.2435
vn -0.1146 -0.9814 -0.1542
vn 0.1001 -0.4219 0.9011
vn 0.3781 0.6124 0.6942
vn 0.3579 0.1561 0.9206
vn 0.4968 0.6110 0.6164
vn 0.3341 -0.4410 0.8330
vn 0.6614 -0.4535 0.5974
vn 0.5271 0.5037 0.6844
vn -0.0450 0.9974 -0.0557
vn 0.0067 -0.9870 -0.1609
vn 0.8877 -0.3932 0.2394
vn 0.6596 0.5957 0.4584
vn 0.7758 0.5660 0.2790
vn 0.9058 0.1192 0.4067
vn 0.8597 -0.4000 0.3177
vn 0.7242 0.5570 0.4066
vn 0.9232 -0.3327 0.1925
vn -0.2183 0.9724 0.0820
vn 0.0216 -0.9950 0.0973
vn 0.9092 -0.4038 0.1011
vn 0.7876 0.6054 0.1148
vn 0.9758 0.1766 0.1291
vn 0.7518 0.6460 -0.1320
vn 0.9210 -0.3889 0.0209
vn 0.8741 -0.4066 -0.2656
vn 0.7992 0.5891 0.1192
vn -0.2391 0.9710 0.0064
vn -0.0722 -0.9793 0.1891
vn 0.9375 -0.3345 -0.0960
vn 0.6680 0.6122 -0.4230
vn 0.5144 0.5553 -0.6535
vn 0.8412 0.0141 -0.5406
vn 0.7791 -0.4703 -0.4145
vn 0.5279 0.5339 -0.6606
vn 0.6060 -0.4217 -0.6745
vn -0.0969 0.9945 0.0394
vn -0.1671 -0.9831 0.0753
vn 0.3375 -0.4909 -0.8032
vn 0.3499 0.6045 -0.7156
vn 0.4171 0.1255 -0.9002
vn 0.2349 0.6028 -0.7626
vn 0.2584 -0.4174 -0.8712
vn -0.0561 -0.3950 -0.9170
vn 0.3364 0.5197 -0.7853
vn 0.1329 0.9780 0.1606
vn 0.0105 -0.9993 -0.0357
vn -0.2208 -0.3694 -0.9026
vn -0.0182 0.5892 -0.8078
vn -0.3910 0.5780 -0.7163
vn -0.2289 0.1087 -0.9674
vn -0.2715 -0.4037 -0.8737
vn -0.1456 0.6281 -0.7644
vn -0.4390 -0.3581 -0.8240
vn 0.1363 0.9597 0.2459
vn 0.2057 -0.9761 -0.0704
vn -0.4067 -0.3920 -0.8252
vn -0.6092 0.6098 -0.5070
vn -0.6807 0.1893 -0.7077
vn -0.7444 0.5876 -0.3170
vn -0.6277 -0.4399 -0.6423
vn -0.7628 -0.4888 -0.4234
vn -0.7654 0.5176 -0.3824
vn 0.0703 0.9803 0.1845
vn 0.1995 -0.9797 -0.0200
vn -0.8537 -0.5206 -0.0143
vn -0.7899 0.6086 -0.0755
vn -0.7902 0.6129 0.0011
vn -0.9781 0.1628 -0.1301
vn -0.8891 -0.4116 -0.2002
vn -0.8373 0.5289 -0.1387
vn -0.9532 -0.3014 -0.0227
vn 0.1108 0.9935 0.0251
vn -0.7885 -0.5881 -0.1800
vn -0.8190 0.5726 0.0375
vn -0.9736 0.1978 0.1138
vn -0.8759 -0.4200 0.2375
vn -0.8048 0.4901 0.3348
vn 0.2382 -0.9642 0.1166
vn -0.5948 0.5307 0.6038
vn -0.5207 0.5957 0.6115
vn -0.5203 -0.2829 0.8058
vn -0.2257 -0.4561 0.8608
vn -0.1263 0.9479 -0.2925
vn -0.0519 -0.9984 -0.0233
vn -0.2208 0.6336 0.7415
vn -0.0784 0.5068 0.8585
vn -0.1249 -0.4565 0.8809
vn -0.0991 -0.3604 0.9275
vn 0.0595 0.9577 -0.2814
vn -0.2394 -0.9689 -0.0624
vn 0.3000 0.5478 0.7809
vn 0.3656 0.6545 0.6619
vn 0.2354 -0.3370 0.9116
vn 0.3488 -0.5247 0.7765
vn 0.1167 0.9608 -0.2517
vn 0.0114 -0.9638 -0.2664
vn 0.5590 0.6719 0.4860
vn 0.7694 0.5213 0.3691
vn 0.8443 -0.4453 0.2981
vn 0.9137 -0.3017 0.2722
vn -0.2213 0.9685 0.1142
vn -0.0047 -0.9962 -0.0874
vn 0.8189 0.5433 0.1849
vn 0.7500 0.6492 0.1269
vn 0.9488 -0.2852 0.1360
vn 0.8796 -0.4745 -0.0342
vn -0.2549 0.9650 0.0615
vn 0.0317 -0.9532 0.3007
vn 0.6222 0.6941 -0.3621
vn 0.6570 0.5175 -0.5482
vn 0.7673 -0.4414 -0.4652
vn 0.7516 -0.4184 -0.5100
vn -0.2569 0.9651 -0.0513
vn -0.1687 -0.9794 0.1109
vn 0.4193 0.5429 -0.7276
vn 0.3715 0.6236 -0.6878
vn 0.4133 -0.3394 -0.8450
vn 0.1778 -0.4883 -0.8544
vn 0.0496 0.9873 0.1507
vn -0.1963 -0.9794 0.0483
vn 0.0918 0.6634 -0.7426
vn -0.1928 0.5189 -0.8328
vn -0.3071 -0.3927 -0.8669
vn -0.3281 -0.3397 -0.8814
vn 0.2360 0.9505 0.2022
vn 0.2100 -0.9726 -0.0993
vn -0.5648 0.5643 -0.6022
vn -0.5921 0.6234 -0.5107
vn -0.5791 -0.3179 -0.7507
vn -0.6052 -0.5471 -0.5783
vn 0.0460 0.9456 0.3221
vn 0.2216 -0.9738 -0.0500
vn -0.7829 0.6212 -0.0330
vn -0.8162 0.5756 -0.0500
vn -0.8215 -0.5227 -0.2279
vn -0.9613 -0.2595 -0.0928
vn 0.1339 0.9881 0.0759
vn 0.2197 -0.9755 0.0117
vn -0.8188 0.5722 0.0453
vn -0.8719 0.4857 -0.0621
vn -0.9623 -0.2605 0.0788
vn -0.7703 -0.5482 0.3259
vn 0.1118 0.9935 -0.0221
s 1
usemtl Leaf
f 1358//1232 1361//1235 1459//1333 1360//1234
f 1326//1200 1362//1236 1459//1333 1361//1235
f 1325//1199 1360//1234 1459//1333 1362//1236
f 1325//1199 1364//1238 1460//1334 1363//1237
f 1336//1210 1365//1239 1460//1334 1364//1238
f 1337//1211 1363//1237 1460//1334 1365//1239
f 1325//1199 1363//1237 1461//1335 1362//1236
f 1337//1211 1366//1240 1461//1335 1363//1237
f 1326//1200 1362//1236 1461//1335 1366//1240
f 1336//1210 1367//1241 1462//1336 1365//1239
f 1347//1221 1368//1242 1462//1336 1367//1241
f 1337//1211 1365//1239 1462//1336 1368//1242
f 1337//1211 1368//1242 1463//1337 1369//1243
f 1347//1221 1370//1244 1463//1337 1368//1242
f 1348//1222 1369//1243 1463//1337 1370//1244
f 1359//1233 1372//1246 1464//1338 1371//1245
f 1347//1221 1370//1244 1464//1338 1372//1246
f 1348//1222 1371//1245 1464//1338 1370//1244
f 1358//1232 1373//1247 1465//1339 1361//1235
f 1327//1201 1374//1248 1465//1339 1373//1247
f 1326//1200 1361//1235 1465//1339 1374//1248
f 1326//1200 1366//1240 1466//1340 1374//1248
f 1337//1211 1375//1249 1466//1340 1366//1240
f 1327//1201 1374//1248 1466//1340 1375//1249
f 1327//1201 1375//1249 1467//1341 1376//1250
f 1337//1211 1377//1251 1467//1341 1375//1249
f 1338//1212 1376//1250 1467//1341 1377//1251
f 1337//1211 1369//1243 1468//1342 1378//1252
f 1348//1222 1379//1253 1468//1342 1369//1243
f 1349//1223 1378//1252 1468//1342 1379//1253
f 1337//1211 1378//1252 1469//1343 1377//1251
f 1349//1223 1380//1254 1469//1343 1378//1252
f 1338//1212 1377//1251 1469//1343 1380//1254
f 1359//1233 1371//1245 1470//1344 1381//1255
f 1348//1222 1379//1253 1470//1344 1371//1245
f 1349//1223 1381//1255 1470//1344 1379//1253
f 1358//1232 1382//1256 1471//1345 1373//1247
f 1328//1202 1383//1257 1471//1345 1382//1256
f 1327//1201 1373//1247 1471//1345 1383//1257
f 1327//1201 1376//1250 1472//1346 1384//1258
f 1338//1212 1385//1259 1472//1346 1376//1250
f 1339//1213 1384//1258 1472//1346 1385//1259
f 1327//1201 1384//1258 1473//1347 1383//1257
f 1339//1213 1386//1260 1473//1347 1384//1258
f 1328//1202 1383//1257 1473//1347 1386//1260
f 1338//1212 1380//1254 1474//1348 1385//1259
f 1349//1223 1387//1261 1474//1348 1380//1254
f 1339//1213 1385//1259 1474//1348 1387//1261
f 1339//1213 1387//1261 1475//1349 1388//1262
f 1349//1223 1389//1263 1475//1349 1387//1261
f 1350//1224 1388//1262 1475//1349 1389//1263
f 1359//1233 1381//1255 1476//1350 1390//1264
f 1349//1223 1389//1263 1476//1350 1381//1255
f 1350//1224 1390//1264 1476//1350 1389//1263
f 1358//1232 1391//1265 1477//1351 1382//1256
f 1329//1203 1392//1266 1477//1351 1391//1265
f 1328//1202 1382//1256 1477//1351 1392//1266
f 1328//1202 1386//1260 1478//1352 1392//1266
f 1339//1213 1393//1267 1478//1352 1386//1260
f 1329//1203 1392//1266 1478//1352 1393//1267
f 1329//1203 1393//1267 1479//1353 1394//1268
f 1339//1213 1395//1269 1479//1353 1393//1267
f 1340//1214 1394//1268 1479//1353 1395//1269
f 1339//1213 1388//1262 1480//1354 1396//1270
f 1350//1224 1397//1271 1480//1354 1388//1262
f 1351//1225 1396//1270 1480//1354 1397//1271
f 1339//1213 1396//1270 1481//1355 1395//1269
f 1351//1225 1398//1272 1481//1355 1396//1270
f 1340//1214 1395//1269 1481//1355 1398//1272
f 1359//1233 1390//1264 1482//1356 1399//1273
f 1350//1224 1397//1271 1482//1356 1390//1264
f 1351//1225 1399//1273 1482//1356 1397//1271
f 1358//1232 1400//1274 1483//1357 1391//1265
f 1330//1204 1401//1275 1483//1357 1400//1274
f 1329//1203 1391//1265 1483//1357 1401//1275
f 1329//1203 1394//1268 1484//1358 1402//1276
f 1340//1214 1403//1277 1484//1358 1394//1268
f 1341//1215 1402//1276 1484//1358 1403//1277
f 1329//1203 1402//1276 1485//1359 1401//1275
f 1341//1215 1404//1278 1485//1359 1402//1276
f 1330//1204 1401//1275 1485//1359 1404//1278
f 1340//1214 1398//1272 1486//1360 1403//1277
f 1351//1225 1405//1279 1486//1360 1398//1272
f 1341//1215 1403//1277 1486//1360 1405//1279
f 1341//1215 1405//1279 1487//1361 1406//1280
f 1351//1225 1407//1281 1487//1361 1405//1279
f 1352//1226 1406//1280 1487//1361 1407//1281
f 1359//1233 1399//1273 1488//1362 1408//1282
f 1351//1225 1407//1281 1488//1362 1399//1273
f 1352//1226 1408//1282 1488//1362 1407//1281
f 1358//1232 1409//1283 1489//1363 1400//1274
f 1331//1205 1410//1284 1489//1363 1409//1283
f 1330//1204 1400//1274 1489//1363 1410//1284
f 1330//1204 1404//1278 1490//1364 1410//1284
f 1341//1215 1411//1285 1490//1364 1404//1278
f 1331//1205 1410//1284 1490//1364 1411//1285
f 1331//1205 1411//1285 1491//1365 1412//1286
f 1341//1215 1413//1287 1491//1365 1411//1285
f 1342//1216 1412//1286 1491//1365 1413//1287
f 1341//1215 1406//1280 1492//1366 1414//1288
f 1352//1226 1415//1289 1492//1366 1406//1280
f 1353//1227 1414//1288 1492//1366 1415//1289
f 1341//1215 1414//1288 1493//1367 1413//1287
f 1353//1227 1416//1290 1493//1367 1414//1288
f 1342//1216 1413//1287 1493//1367 1416//1290
f 1359//1233 1408//1282 1494//1368 1417//1291
f 1352//1226 1415//1289 1494//1368 1408//1282
f 1353//1227 1417//1291 1494//1368 1415//1289
f 1358//1232 1418//1292 1495//1369 1409//1283
f 1332//1206 1419//1293 1495//1369 1418//1292
f 1331//1205 1409//1283 1495//1369 1419//1293
f 1331//1205 1412//1286 1496//1370 1420//1294
f 1342//1216 1421//1295 1496//1370 1412//1286
f 1343//1217 1420//1294 1496//1370 1421//1295
f 1331//1205 1420//1294 1497//1371 1419//1293
f 1343//1217 1422//1296 1497//1371 1420//1294
f 1332//1206 1419//1293 1497//1371 1422//1296
f 1342//1216 1416//1290 1498//1372 1421//1295
f 1353//1227 1423//1297 1498//1372 1416//1290
f 1343//1217 1421//1295 1498//1372 1423//1297
f 1343//1217 1423//1297 1499//1373 1424//1298
f 1353//1227 1425//1299 1499//1373 1423//1297
f 1354//1228 1424//1298 1499//1373 1425//1299
f 1359//1233 1417//1291 1500//1374 1426//1300
f 1353//1227 1425//1299 1500//1374 1417//1291
f 1354//1228 1426//1300 1500//1374 1425//1299
f 1358//1232 1427//1301 1501//1375 1418//1292
f 1333//1207 1428//1302 1501//1375 1427//1301
f 1332//1206 1418//1292 1501//1375 1428//1302
f 1332//1206 1422//1296 1502//1376 1428//1302
f 1343//1217 1429//1303 1502//1376 1422//1296
f 1333//1207 1428//1302 1502//1376 1429//1303
f 1333//1207 1429//1303 1503//1377 1430//1304
f 1343//1217 1431//1305 1503//1377 1429//1303
f 1344//1218 1430//1304 1503//1377 1431//1305
f 1343//1217 1424//1298 1504//1378 1432//1306
f 1354//1228 1433//1307 1504//1378 1424//1298
f 1355//1229 1432//1306 1504//1378 1433//1307
f 1343//1217 1432//1306 1505//1379 1431//1305
f 1355//1229 1434//1308 1505//1379 1432//1306
f 1344//1218 1431//1305 1505//1379 1434//1308
f 1359//1233 1426//1300 1506//1380 1435//1309
f 1354//1228 1433//1307 1506//1380 1426//1300
f 1355//1229 1435//1309 1506//1380 1433//1307
f 1358//1232 1436//1310 1507//1381 1427//1301
f 1334//1208 1437//1311 1507//1381 1436//1310
f 1333//1207 1427//1301 1507//1381 1437//1311
f 1333//1207 1430//1304 1508//1382 1438//1312
f 1344//1218 1439//1313 1508//1382 1430//1304
f 1345//1219 1438//1312 1508//1382 1439//1313
f 1333//1207 1438//1312 1509//1383 1437//1311
f 1345//1219 1440//1314 1509//1383 1438//1312
f 1334//1208 1437//1311 1509//1383 1440//1314
f 1344//1218 1434//1308 1510//1384 1439//1313
f 1355//1229 1441//1315 1510//1384 1434//1308
f 1345//1219 1439//1313 1510//1384 1441//1315
f 1345//1219 1441//1315 1511//1385 1442//1316
f 1355//1229 1443//1317 1511//1385 1441//1315
f 1356//1230 1442//1316 1511//1385 1443//1317
f 1359//1233 1435//1309 1512//1386 1444//1318
f 1355//1229 1443//1317 1512//1386 1435//1309
f 1356//1230 1444//1318 1512//1386 1443//1317
f 1358//1232 1445//1319 1513//1387 1436//1310
f 1335//1209 1446//1320 1513//1387 1445//1319
f 1334//1208 1436//1310 1513//1387 1446//1320
f 1334//1208 1440//1314 1514//1388 1446//1320
f 1345//1219 1447//1321 1514//1388 1440//1314
f 1335//1209 1446//1320 1514//1388 1447//1321
f 1335//1209 1447//1321 1515//1389 1448//1322
f 1345//1219 1449//1323 1515//1389 1447//1321
f 1346//1220 1448//1322 1515//1389 1449//1323
f 1345//1219 1442//1316 1516//1390 1450//1324
f 1356//1230 1451//1325 1516//1390 1442//1316
f 1357//1231 1450//1324 1516//1390 1451//1325
f 1345//1219 1450//1324 1517//1391 1449//1323
f 1357//1231 1452//1326 1517//1391 1450//1324
f 1346//1220 1449//1323 1517//1391 1452//1326
f 1359//1233 1444//1318 1518//1392 1453//1327
f 1356//1230 1451//1325 1518//1392 1444//1318
f 1357//1231 1453//1327 1518//1392 1451//1325
f 1358//1232 1360//1234 1519//1393 1445//1319
f 1325//1199 1454//1328 1519//1393 1360//1234
f 1335//1209 1445//1319 1519//1393 1454//1328
f 1335//1209 1448//1322 1520//1394 1455//1329
f 1346//1220 1456//1330 1520//1394 1448//1322
f 1336//1210 1455//1329 1520//1394 1456//1330
f 1335//1209 1455//1329 1521//1395 1454//1328
f 1336//1210 1364//1238 1521//1395 1455//1329
f 1325//1199 1454//1328 1521//1395 1364//1238
f 1346//1220 1452//1326 1522//1396 1456//1330
f 1357//1231 1457//1331 1522//1396 1452//1326
f 1336//1210 1456//1330 1522//1396 1457//1331
f 1336//1210 1457//1331 1523//1397 1367//1241
f 1357//1231 1458//1332 1523//1397 1457//1331
f 1347//1221 1367//1241 1523//1397 1458//1332
f 1359//1233 1453//1327 1524//1398 1372//1246
f 1357//1231 1458//1332 1524//1398 1453//1327
f 1347//1221 1372//1246 1524//1398 1458//1332
o crown_contour_leaf.021
v -0.497546 1.501430 -0.174400
v -0.462577 1.484340 -0.190959
v -0.430931 1.474375 -0.194585
v -0.396448 1.477086 -0.170517
v -0.373099 1.485677 -0.140273
v -0.405751 1.501356 -0.125387
v -0.445937 1.513520 -0.121794
v -0.472781 1.510958 -0.141461
v -0.499820 1.492665 -0.170156
v -0.464850 1.475575 -0.186714
v -0.433204 1.465610 -0.190341
v -0.398721 1.468322 -0.166272
v -0.375372 1.476912 -0.136029
v -0.408025 1.492592 -0.121142
v -0.448210 1.504755 -0.117550
v -0.475055 1.502194 -0.137216
vn -0.2273 -0.8764 0.4245
vn 0.2273 0.8764 -0.4245
vn -0.5146 -0.2619 -0.8164
vn -0.2220 -0.3778 -0.8989
vn 0.5279 -0.4772 -0.7026
vn 0.7700 -0.4286 -0.4727
vn 0.5031 0.2675 0.8218
vn 0.1972 0.3854 0.9014
vn -0.5490 0.4754 0.6875
vn -0.7781 0.4256 0.4619
s 0
usemtl Leaf
f 1525//1399 1526//1399 1527//1399 1528//1399 1529//1399 1530//1399 1531//1399 1532//1399
f 1540//1400 1539//1400 1538//1400 1537//1400 1536//1400 1535//1400 1534//1400 1533//1400
f 1525//1401 1526//1401 1534//1401 1533//1401
f 1526//1402 1527//1402 1535//1402 1534//1402
f 1527//1403 1528//1403 1536//1403 1535//1403
f 1528//1404 1529//1404 1537//1404 1536//1404
f 1529//1405 1530//1405 1538//1405 1537//1405
f 1530//1406 1531//1406 1539//1406 1538//1406
f 1531//1407 1532//1407 1540//1407 1539//1407
f 1532//1408 1525//1408 1533//1408 1540//1408
o crown_contour_leaf.022
v -0.840750 1.378609 -0.579635
v -0.874275 1.383898 -0.615539
v -0.890970 1.383889 -0.650796
v -0.875502 1.372046 -0.696035
v -0.848275 1.358138 -0.730062
v -0.817662 1.353441 -0.696397
v -0.797679 1.353881 -0.651380
v -0.810837 1.363493 -0.615936
v -0.843772 1.369185 -0.578202
v -0.877297 1.374475 -0.614106
v -0.893992 1.374465 -0.649363
v -0.878525 1.362622 -0.694602
v -0.851298 1.348714 -0.728629
v -0.820684 1.344018 -0.694963
v -0.800701 1.344457 -0.649946
v -0.813860 1.354069 -0.614502
vn -0.3022 -0.9424 0.1434
vn 0.3022 0.9424 -0.1434
vn -0.6695 0.3169 0.6718
vn -0.8518 0.3345 0.4032
vn -0.9000 0.2326 -0.3686
vn -0.7446 0.1395 -0.6528
vn 0.6788 -0.3184 -0.6617
vn 0.8626 -0.3344 -0.3796
vn 0.8916 -0.2262 0.3923
vn 0.7363 -0.1353 0.6630
s 0
usemtl Leaf
f 1541//1409 1542//1409 1543//1409 1544//1409 1545//1409 1546//1409 1547//1409 1548//1409
f 1556//1410 1555//1410 1554//1410 1553//1410 1552//1410 1551//1410 1550//1410 1549//1410
f 1541//1411 1542//1411 1550//1411 1549//1411
f 1542//1412 1543//1412 1551//1412 1550//1412
f 1543//1413 1544//1413 1552//1413 1551//1413
f 1544//1414 1545//1414 1553//1414 1552//1414
f 1545//1415 1546//1415 1554//1415 1553//1415
f 1546//1416 1547//1416 1555//1416 1554//1416
f 1547//1417 1548//1417 1556//1417 1555//1417
f 1548//1418 1541//1418 1549//1418 1556//1418
o crown_contour_leaf.023
v -0.794227 1.480907 -0.046923
v -0.809733 1.492293 0.006217
v -0.831634 1.490916 0.045097
v -0.874909 1.460597 0.064737
v -0.913872 1.425725 0.066726
v -0.898995 1.415684 0.017572
v -0.870483 1.418475 -0.030976
v -0.836151 1.443033 -0.045512
v -0.787083 1.473138 -0.043174
v -0.802589 1.484524 0.009966
v -0.824490 1.483147 0.048846
v -0.867764 1.452829 0.068487
v -0.906728 1.417956 0.070475
v -0.891851 1.407915 0.021322
v -0.863339 1.410706 -0.027227
v -0.829007 1.435265 -0.041763
vn 0.6379 -0.6936 0.3347
vn -0.6379 0.6936 -0.3347
vn 0.7196 0.6916 0.0618
vn 0.5937 0.7197 0.3599
vn 0.0616 0.4792 0.8755
vn -0.1967 0.2735 0.9415
vn -0.7158 -0.6943 -0.0748
vn -0.5808 -0.7187 -0.3824
vn -0.0417 -0.4651 -0.8843
vn 0.2070 -0.2642 -0.9420
s 0
usemtl Leaf
f 1557//1419 1558//1419 1559//1419 1560//1419 1561//1419 1562//1419 1563//1419 1564//1419
f 1572//1420 1571//1420 1570//1420 1569//1420 1568//1420 1567//1420 1566//1420 1565//1420
f 1557//1421 1558//1421 1566//1421 1565//1421
f 1558//1422 1559//1422 1567//1422 1566//1422
f 1559//1423 1560//1423 1568//1423 1567//1423
f 1560//1424 1561//1424 1569//1424 1568//1424
f 1561//1425 1562//1425 1570//1425 1569//1425
f 1562//1426 1563//1426 1571//1426 1570//1426
f 1563//1427 1564//1427 1572//1427 1571//1427
f 1564//1428 1557//1428 1565//1428 1572//1428
o crown_contour_leaf.024
v -0.578734 1.344635 -0.294771
v -0.552001 1.328188 -0.339974
v -0.518853 1.314030 -0.371643
v -0.460638 1.300397 -0.383361
v -0.410222 1.292059 -0.379951
v -0.435637 1.307380 -0.338211
v -0.478528 1.325292 -0.298821
v -0.524581 1.335846 -0.290455
v -0.580476 1.335096 -0.292331
v -0.553744 1.318648 -0.337534
v -0.520596 1.304491 -0.369203
v -0.462381 1.290858 -0.380920
v -0.411965 1.282519 -0.377511
v -0.437380 1.297840 -0.335771
v -0.480271 1.315753 -0.296380
v -0.526323 1.326306 -0.288015
vn -0.1743 -0.9540 0.2440
vn 0.1743 0.9540 -0.2440
vn -0.8565 0.0246 -0.5155
vn -0.7017 -0.0536 -0.7105
vn -0.2381 -0.1997 -0.9505
vn 0.0238 -0.2518 -0.9675
vn 0.8505 -0.0209 0.5255
vn 0.6885 0.0591 0.7228
vn 0.2200 0.2038 0.9540
vn -0.0358 0.2538 0.9666
s 0
usemtl Leaf
f 1573//1429 1574//1429 1575//1429 1576//1429 1577//1429 1578//1429 1579//1429 1580//1429
f 1588//1430 1587//1430 1586//1430 1585//1430 1584//1430 1583//1430 1582//1430 1581//1430
f 1573//1431 1574//1431 1582//1431 1581//1431
f 1574//1432 1575//1432 1583//1432 1582//1432
f 1575//1433 1576//1433 1584//1433 1583//1433
f 1576//1434 1577//1434 1585//1434 1584//1434
f 1577//1435 1578//1435 1586//1435 1585//1435
f 1578//1436 1579//1436 1587//1436 1586//1436
f 1579//1437 1580//1437 1588//1437 1587//1437
f 1580//1438 1573//1438 1581//1438 1588//1438
o crown_contour_leaf.025
v -1.062964 1.425174 -0.396251
v -1.089663 1.405866 -0.364659
v -1.117930 1.394857 -0.348568
v -1.158860 1.398808 -0.361866
v -1.191615 1.409422 -0.386216
v -1.166478 1.427123 -0.415082
v -1.130217 1.440526 -0.434401
v -1.098018 1.436921 -0.423026
v -1.062262 1.416410 -0.401014
v -1.088961 1.397102 -0.369423
v -1.117228 1.386093 -0.353331
v -1.158158 1.390044 -0.366629
v -1.190914 1.400657 -0.390980
v -1.165776 1.418359 -0.419846
v -1.129515 1.431762 -0.439165
v -1.097316 1.428157 -0.427789
vn 0.0702 -0.8764 -0.4764
vn -0.0702 0.8764 0.4764
vn 0.8081 -0.2301 0.5423
vn 0.5634 -0.3593 0.7440
vn -0.3132 -0.4727 0.8236
vn -0.6259 -0.4105 0.6631
vn -0.7999 0.2359 -0.5519
vn -0.5395 0.3683 -0.7571
vn 0.3403 0.4699 -0.8145
vn 0.6367 0.4070 -0.6550
s 0
usemtl Leaf
f 1589//1439 1590//1439 1591//1439 1592//1439 1593//1439 1594//1439 1595//1439 1596//1439
f 1604//1440 1603//1440 1602//1440 1601//1440 1600//1440 1599//1440 1598//1440 1597//1440
f 1589//1441 1590//1441 1598//1441 1597//1441
f 1590//1442 1591//1442 1599//1442 1598//1442
f 1591//1443 1592//1443 1600//1443 1599//1443
f 1592//1444 1593//1444 1601//1444 1600//1444
f 1593//1445 1594//1445 1602//1445 1601//1445
f 1594//1446 1595//1446 1603//1446 1602//1446
f 1595//1447 1596//1447 1604//1447 1603//1447
f 1596//1448 1589//1448 1597//1448 1604//1448
o crown_contour_leaf.026
v -0.580195 1.519412 -0.095021
v -0.528627 1.526159 -0.086298
v -0.493406 1.526836 -0.067429
v -0.483263 1.514178 -0.019794
v -0.490451 1.498941 0.025937
v -0.538023 1.492916 0.017237
v -0.581727 1.492541 -0.007703
v -0.588686 1.502839 -0.045684
v -0.578270 1.508857 -0.098235
v -0.526702 1.515604 -0.089512
v -0.491481 1.516281 -0.070643
v -0.481339 1.503623 -0.023008
v -0.488526 1.488386 0.022723
v -0.536098 1.482361 0.014022
v -0.579803 1.481986 -0.010917
v -0.586761 1.492284 -0.048899
vn 0.1718 -0.9424 -0.2870
vn -0.1718 0.9424 0.2870
vn 0.1192 0.3091 -0.9435
vn 0.4401 0.3341 -0.8335
vn 0.9643 0.2205 -0.1467
vn 0.9740 0.1189 0.1927
vn -0.1328 -0.3108 0.9411
vn -0.4649 -0.3344 0.8198
vn -0.9696 -0.2133 0.1198
vn -0.9719 -0.1146 -0.2057
s 0
usemtl Leaf
f 1605//1449 1606//1449 1607//1449 1608//1449 1609//1449 1610//1449 1611//1449 1612//1449
f 1620//1450 1619//1450 1618//1450 1617//1450 1616//1450 1615//1450 1614//1450 1613//1450
f 1605//1451 1606//1451 1614//1451 1613//1451
f 1606//1452 1607//1452 1615//1452 1614//1452
f 1607//1453 1608//1453 1616//1453 1615//1453
f 1608//1454 1609//1454 1617//1454 1616//1454
f 1609//1455 1610//1455 1618//1455 1617//1455
f 1610//1456 1611//1456 1619//1456 1618//1456
f 1611//1457 1612//1457 1620//1457 1619//1457
f 1612//1458 1605//1458 1613//1458 1620//1458
o leafy_twig.004
v -0.277927 1.998386 0.055127
v -0.248131 1.475931 -0.302423
v -0.300379 1.993001 0.060592
v -0.255374 1.474194 -0.300661
v -0.310893 1.980000 0.077426
v -0.258765 1.470000 -0.295231
v -0.303310 1.966999 0.095767
v -0.256319 1.465806 -0.289314
v -0.282073 1.961614 0.104873
v -0.249469 1.464069 -0.286377
v -0.259621 1.966999 0.099408
v -0.242226 1.465806 -0.288139
v -0.249107 1.980000 0.082574
v -0.238835 1.470000 -0.293570
v -0.256690 1.993001 0.064233
v -0.241281 1.474194 -0.299486
vn 0.0221 0.9638 -0.2658
vn 0.0829 -0.0630 -0.9946
vn -0.5474 0.8272 -0.1272
vn -0.4720 -0.1961 -0.8595
vn -0.8141 0.4974 0.2998
vn -0.7319 -0.5174 -0.4435
vn -0.6217 0.1676 0.7651
vn -0.5444 -0.8387 0.0098
vn -0.0830 0.0310 0.9961
vn -0.0196 -0.9718 0.2349
vn 0.4865 0.1676 0.8574
vn 0.5353 -0.8387 0.0998
vn 0.7532 0.4974 0.4304
vn 0.7952 -0.5174 -0.3162
vn 0.5609 0.8272 -0.0348
vn 0.6078 -0.1961 -0.7695
vt 1.000000 0.500000
vt 1.000000 1.000000
vt 0.875000 1.000000
vt 0.875000 0.500000
vt 0.750000 1.000000
vt 0.750000 0.500000
vt 0.625000 1.000000
vt 0.625000 0.500000
vt 0.500000 1.000000
vt 0.500000 0.500000
vt 0.375000 1.000000
vt 0.375000 0.500000
vt 0.250000 1.000000
vt 0.250000 0.500000
vt 0.419706 0.419706
vt 0.250000 0.490000
vt 0.080294 0.419706
vt 0.010000 0.250000
vt 0.080294 0.080294
vt 0.250000 0.010000
vt 0.419706 0.080294
vt 0.490000 0.250000
vt 0.125000 1.000000
vt 0.125000 0.500000
vt 0.000000 1.000000
vt 0.000000 0.500000
vt 0.750000 0.490000
vt 0.919706 0.419706
vt 0.990000 0.250000
vt 0.919706 0.080294
vt 0.750000 0.010000
vt 0.580294 0.080294
vt 0.510000 0.250000
vt 0.580294 0.419706
s 1
usemtl WeatheredBark
f 1621/813/1459 1622/814/1460 1624/815/1462 1623/816/1461
f 1623/816/1461 1624/815/1462 1626/817/1464 1625/818/1463
f 1625/818/1463 1626/817/1464 1628/819/1466 1627/820/1465
f 1627/820/1465 1628/819/1466 1630/821/1468 1629/822/1467
f 1629/822/1467 1630/821/1468 1632/823/1470 1631/824/1469
f 1631/824/1469 1632/823/1470 1634/825/1472 1633/826/1471
f 1624/827/1462 1622/828/1460 1636/829/1474 1634/830/1472 1632/831/1470 1630/832/1468 1628/833/1466 1626/834/1464
f 1633/826/1471 1634/825/1472 1636/835/1474 1635/836/1473
f 1635/836/1473 1636/835/1474 1622/837/1460 1621/838/1459
f 1621/839/1459 1623/840/1461 1625/841/1463 1627/842/1465 1629/843/1467 1631/844/1469 1633/845/1471 1635/846/1473
o solid_leaf_crown_lobe.004
v 0.028616 1.314920 -0.514979
v -0.086766 1.371440 -0.648088
v -0.233235 1.376494 -0.675996
v -0.390161 1.316421 -0.633494
v -0.490141 1.353601 -0.529357
v -0.554412 1.387534 -0.364512
v -0.457457 1.326497 -0.227155
v -0.325225 1.335477 -0.131876
v -0.157266 1.390201 -0.109648
v -0.033711 1.342747 -0.208926
v 0.042887 1.321386 -0.355898
v 0.112030 1.487488 -0.582320
v -0.047980 1.531712 -0.770899
v -0.274440 1.535251 -0.791258
v -0.479194 1.496713 -0.707727
v -0.641354 1.520380 -0.535309
v -0.657742 1.541950 -0.307129
v -0.512283 1.502773 -0.122005
v -0.321478 1.508835 -0.007459
v -0.091521 1.544156 -0.011772
v 0.077799 1.513459 -0.162020
v 0.184793 1.490516 -0.380377
v 0.005657 1.649320 -0.600659
v -0.099995 1.705840 -0.727988
v -0.307680 1.710894 -0.718651
v -0.454941 1.650821 -0.631531
v -0.618524 1.688001 -0.479801
v -0.553696 1.721935 -0.284454
v -0.433397 1.660897 -0.147862
v -0.273963 1.669877 -0.070071
v -0.089453 1.724601 -0.086553
v 0.042671 1.677147 -0.234712
v 0.149681 1.655786 -0.417698
v -0.240447 1.324431 -0.399998
v -0.233029 1.744964 -0.412271
v -0.087930 1.321771 -0.466811
v -0.150589 1.344207 -0.539279
v -0.029075 1.343180 -0.581533
v 0.007253 1.425842 -0.659756
v 0.066715 1.405195 -0.572260
v 0.047361 1.504858 -0.687066
v -0.063991 1.432321 -0.704918
v 0.068173 1.572395 -0.612710
v -0.003130 1.593816 -0.702065
v -0.079015 1.633581 -0.749874
v -0.047169 1.677580 -0.664324
v -0.161862 1.724411 -0.590899
v -0.084207 1.701975 -0.522110
v -0.236952 1.345960 -0.559666
v -0.160001 1.373967 -0.662042
v -0.139875 1.456862 -0.745654
v -0.258273 1.469887 -0.759868
v -0.176120 1.540180 -0.799173
v -0.170885 1.624062 -0.770789
v -0.203837 1.708367 -0.723320
v -0.287749 1.603028 -0.776834
v -0.271399 1.726164 -0.591213
v -0.325105 1.326177 -0.534886
v -0.311698 1.346457 -0.654745
v -0.359592 1.431115 -0.714395
v -0.365961 1.519565 -0.769076
v -0.428089 1.393741 -0.670465
v -0.395978 1.598315 -0.731068
v -0.474369 1.595000 -0.668987
v -0.381310 1.680857 -0.675091
v -0.367762 1.706382 -0.539933
v -0.387507 1.338421 -0.472050
v -0.440151 1.335011 -0.581425
v -0.504989 1.419759 -0.626649
v -0.593926 1.453870 -0.537203
v -0.586666 1.506790 -0.618681
v -0.562725 1.586959 -0.606822
v -0.536732 1.669411 -0.555666
v -0.644595 1.587011 -0.517511
v -0.442057 1.718626 -0.450366
v -0.413752 1.349595 -0.381297
v -0.522277 1.370568 -0.446935
v -0.605040 1.453038 -0.422501
v -0.670457 1.533435 -0.440920
v -0.600335 1.443608 -0.339360
v -0.656028 1.620238 -0.394618
v -0.610431 1.644867 -0.294289
v -0.586110 1.704968 -0.382128
v -0.420226 1.729800 -0.342605
v -0.367779 1.329495 -0.299788
v -0.505934 1.357016 -0.295833
v -0.575196 1.439592 -0.253497
v -0.501362 1.434906 -0.153718
v -0.586100 1.518309 -0.192310
v -0.565842 1.606792 -0.213843
v -0.493547 1.691416 -0.216158
v -0.491774 1.568047 -0.122186
v -0.349402 1.709700 -0.260088
v -0.288013 1.332452 -0.245376
v -0.391341 1.330987 -0.179516
v -0.403671 1.415231 -0.099332
v -0.436980 1.498804 -0.061238
v -0.325464 1.407103 -0.072430
v -0.388832 1.582431 -0.061556
v -0.295673 1.608363 -0.037344
v -0.353680 1.665387 -0.108966
v -0.254389 1.712657 -0.216691
v -0.194500 1.350474 -0.236843
v -0.241245 1.362839 -0.120762
v -0.235102 1.446832 -0.038657
v -0.113426 1.479478 -0.038346
v -0.185762 1.534354 0.009228
v -0.202944 1.614032 -0.023126
v -0.181708 1.697239 -0.078312
v -0.086445 1.612618 -0.029174
v -0.150526 1.730678 -0.230441
v -0.120120 1.334687 -0.289394
v -0.095488 1.366474 -0.159287
v -0.031725 1.450234 -0.114490
v -0.011153 1.537078 -0.059198
v 0.016818 1.412201 -0.184816
v 0.003124 1.617434 -0.108005
v 0.064963 1.613461 -0.199055
v -0.023391 1.700874 -0.160632
v -0.068256 1.714891 -0.310214
v -0.078268 1.320973 -0.374564
v 0.004588 1.332066 -0.282412
v 0.081507 1.415938 -0.256476
v 0.140250 1.423670 -0.369677
v 0.159736 1.497558 -0.283565
v 0.131787 1.583138 -0.283595
v 0.096176 1.666466 -0.326205
v 0.182399 1.556811 -0.394254
v -0.026157 1.701178 -0.417208
v 0.035752 1.318153 -0.435438
v 0.098520 1.402725 -0.479975
v 0.170276 1.486643 -0.476495
v 0.138755 1.569151 -0.513109
v 0.077669 1.652553 -0.509179
v -0.095370 1.334763 -0.524243
v 0.045555 1.445295 -0.650113
v -0.026374 1.405128 -0.657272
v 0.039839 1.556762 -0.678261
v -0.039470 1.632706 -0.713058
v -0.104096 1.705551 -0.586071
v -0.185032 1.354364 -0.579534
v -0.115861 1.425653 -0.711652
v -0.183373 1.487314 -0.775947
v -0.145404 1.653231 -0.753694
v -0.206303 1.594136 -0.790091
v -0.212587 1.725152 -0.626733
v -0.289154 1.337325 -0.575072
v -0.335275 1.470222 -0.752183
v -0.371886 1.391524 -0.683425
v -0.358922 1.577044 -0.765189
v -0.420077 1.619101 -0.696301
v -0.334642 1.708113 -0.594242
v -0.377716 1.330236 -0.524291
v -0.459775 1.383893 -0.632644
v -0.563625 1.455770 -0.604923
v -0.525197 1.611470 -0.616063
v -0.603753 1.562593 -0.589753
v -0.440241 1.701024 -0.511782
v -0.433300 1.352258 -0.432132
v -0.631512 1.477862 -0.462797
v -0.583246 1.428006 -0.398360
v -0.670730 1.584684 -0.446543
v -0.625467 1.655584 -0.354054
v -0.473534 1.723046 -0.392983
v -0.421957 1.343865 -0.328628
v -0.570516 1.418972 -0.295240
v -0.564758 1.460751 -0.201259
v -0.564041 1.646549 -0.241435
v -0.557397 1.567573 -0.175918
v -0.411883 1.714653 -0.279149
v -0.344121 1.327744 -0.248485
v -0.445474 1.444580 -0.096104
v -0.373396 1.386679 -0.109942
v -0.437410 1.551402 -0.071017
v -0.347348 1.614257 -0.062589
v -0.315175 1.698531 -0.205203
v -0.240995 1.347471 -0.208787
v -0.270884 1.407914 -0.070495
v -0.182899 1.484795 -0.012451
v -0.230858 1.635491 -0.041093
v -0.161466 1.591617 -0.004536
v -0.197021 1.718259 -0.184928
v -0.140923 1.349723 -0.235188
v -0.043099 1.487053 -0.066771
v -0.031012 1.412423 -0.151216
v -0.021317 1.593876 -0.060072
v 0.018536 1.640001 -0.152971
v -0.087776 1.720511 -0.241269
v -0.072071 1.327455 -0.319172
v 0.037481 1.389485 -0.235823
v 0.133797 1.442355 -0.294159
v 0.099482 1.617063 -0.264698
v 0.167489 1.549177 -0.313400
v -0.007502 1.698242 -0.354421
v -0.051182 1.318305 -0.424417
v 0.142662 1.433527 -0.449245
v 0.068220 1.373830 -0.498644
v 0.174975 1.540349 -0.469319
v 0.096164 1.596763 -0.547804
v -0.019473 1.689093 -0.480229
vn -0.9393 -0.2324 0.2522
vn -0.4819 0.1929 0.8547
vn 0.1585 -0.0112 0.9873
vn 0.4717 -0.3328 0.8166
vn 0.7910 -0.1202 0.5998
vn 0.9546 0.2936 -0.0501
vn 0.5907 -0.3203 -0.7405
vn 0.4619 -0.2080 -0.8622
vn -0.3219 0.2705 -0.9073
vn -0.7851 -0.2716 -0.5566
vn -0.9879 -0.0973 -0.1211
vn -0.8519 0.1600 0.4987
vn -0.4416 0.0987 0.8918
vn 0.1400 0.1363 0.9807
vn 0.5528 0.1362 0.8221
vn 0.8886 0.2481 0.3858
vn 0.9409 0.0998 -0.3236
vn 0.6631 0.1202 -0.7388
vn 0.2501 0.1119 -0.9617
vn -0.3614 0.1139 -0.9254
vn -0.7745 0.1281 -0.6195
vn -0.9638 0.2582 -0.0672
vn -0.6903 0.3930 0.6075
vn -0.2089 0.3254 0.9222
vn 0.1278 0.4656 0.8757
vn 0.5912 0.1877 0.7843
vn 0.9769 0.0562 0.2060
vn 0.7439 0.4933 -0.4508
vn 0.6610 0.2374 -0.7119
vn 0.1089 0.1817 -0.9773
vn -0.4543 0.3586 -0.8155
vn -0.6847 0.4393 -0.5816
vn -0.9924 0.1213 0.0231
vn -0.0263 -0.9997 -0.0013
vn 0.0224 0.9997 -0.0105
vn -0.0769 -0.9905 -0.1137
vn -0.0493 -0.9750 -0.2167
vn -0.7570 -0.3777 0.5332
vn -0.4598 0.6011 0.6537
vn -0.7245 0.5526 0.4120
vn -0.7323 0.1233 0.6697
vn -0.2876 0.6352 0.7168
vn -0.7601 -0.4298 0.4874
vn -0.6934 -0.4403 0.5703
vn -0.4239 -0.3916 0.8167
vn -0.4769 0.5864 0.6547
vn 0.1769 0.9826 -0.0562
vn 0.3012 0.9490 -0.0927
vn 0.1237 -0.9764 -0.1769
vn -0.1719 -0.4823 0.8590
vn -0.1369 0.6083 0.7818
vn 0.0597 0.5661 0.8222
vn -0.0974 0.0921 0.9910
vn -0.0966 -0.3909 0.9154
vn 0.0223 0.5746 0.8181
vn 0.1915 -0.3308 0.9241
vn -0.1356 0.9869 -0.0873
vn 0.0530 -0.9985 -0.0132
vn 0.3927 -0.4661 0.7928
vn 0.1879 0.5664 0.8024
vn 0.3505 0.1585 0.9230
vn 0.4013 0.5493 0.7329
vn 0.5185 -0.3736 0.7691
vn 0.5580 -0.4529 0.6954
vn 0.2854 0.5597 0.7780
vn -0.2153 0.9586 -0.1864
vn -0.1647 -0.9818 0.0948
vn 0.5650 -0.4063 0.7182
vn 0.5988 0.6016 0.5287
vn 0.7281 0.6378 0.2511
vn 0.7332 0.1500 0.6632
vn 0.5738 -0.4173 0.7047
vn 0.5908 0.6039 0.5350
vn 0.8626 -0.2553 0.4367
vn -0.1173 0.9757 -0.1851
vn -0.1980 -0.9791 -0.0456
vn 0.8093 -0.4747 0.3460
vn 0.7642 0.6448 0.0148
vn 0.9617 0.2693 0.0513
vn 0.8016 0.5931 -0.0751
vn 0.9219 -0.3746 -0.0991
vn 0.7837 -0.4460 -0.4323
vn 0.8078 0.4729 -0.3519
vn -0.0462 0.9950 0.0888
vn -0.0820 -0.9935 -0.0790
vn 0.6933 -0.3864 -0.6082
vn 0.7567 0.5659 -0.3273
vn 0.6016 0.5274 -0.5999
vn 0.7976 0.0780 -0.5981
vn 0.6746 -0.4063 -0.6163
vn 0.7162 0.5692 -0.4038
vn 0.5824 -0.3640 -0.7268
vn -0.0643 0.9654 0.2527
vn 0.1212 -0.9890 0.0847
vn 0.5233 -0.4207 -0.7411
vn 0.3817 0.5773 -0.7218
vn 0.5001 0.1449 -0.8537
vn 0.1715 0.5968 -0.7839
vn 0.4089 -0.4198 -0.8103
vn 0.2504 -0.4471 -0.8587
vn 0.3297 0.5959 -0.7323
vn -0.1624 0.9680 0.1913
vn 0.0677 -0.9782 0.1963
vn 0.2390 -0.4233 -0.8739
vn -0.0437 0.5979 -0.8004
vn -0.3022 0.5677 -0.7658
vn -0.0298 0.0683 -0.9972
vn 0.1058 -0.4403 -0.8916
vn -0.1703 0.5250 -0.8339
vn -0.3415 -0.3561 -0.8698
vn 0.0169 0.9975 0.0680
vn -0.0658 -0.9816 0.1793
vn -0.6527 -0.4760 -0.5895
vn -0.4696 0.5944 -0.6528
vn -0.6386 0.1452 -0.7557
vn -0.5613 0.5702 -0.5998
vn -0.7252 -0.3779 -0.5755
vn -0.7727 -0.4149 -0.4803
vn -0.5556 0.5556 -0.6186
vn 0.2382 0.9712 -0.0082
vn -0.0264 -0.9969 0.0741
vn -0.8211 -0.4208 -0.3856
vn -0.6621 0.5902 -0.4619
vn -0.7771 0.6235 -0.0853
vn -0.8821 0.1599 -0.4432
vn -0.8099 -0.3852 -0.4423
vn -0.6496 0.5884 -0.4815
vn -0.9754 -0.2187 -0.0280
vn 0.2366 0.9677 -0.0875
vn -0.8858 -0.4406 0.1457
vn -0.7503 0.6184 0.2338
vn -0.9041 0.2747 0.3274
vn -0.8154 -0.3124 0.4874
vn -0.6189 0.6265 0.4738
vn -0.1177 -0.9612 -0.2494
vn -0.6332 0.5088 0.5833
vn -0.3533 0.6833 0.6389
vn -0.7489 -0.3784 0.5440
vn -0.6974 -0.4649 0.5455
vn 0.3776 0.9259 -0.0099
vn 0.0190 -0.9765 -0.2145
vn -0.1524 0.6784 0.7187
vn -0.0482 0.5304 0.8464
vn -0.0742 -0.3909 0.9174
vn -0.0119 -0.3213 0.9469
vn 0.0166 0.9923 -0.1228
vn 0.2431 -0.9572 -0.1570
vn 0.1801 0.5452 0.8187
vn 0.1296 0.5353 0.8347
vn 0.3801 -0.2623 0.8870
vn 0.5774 -0.4880 0.6546
vn -0.3251 0.9420 -0.0835
vn -0.1518 -0.9814 0.1176
vn 0.5993 0.6167 0.5104
vn 0.6554 0.5759 0.4887
vn 0.5130 -0.5113 0.6895
vn 0.7266 -0.2627 0.6349
vn -0.1341 0.9423 -0.3067
vn -0.2027 -0.9750 0.0904
vn 0.7753 0.6286 0.0623
vn 0.7737 0.6273 0.0888
vn 0.9739 -0.1899 0.1239
vn 0.8172 -0.5342 -0.2164
vn -0.1287 0.9865 -0.1011
vn -0.2069 -0.9587 -0.1951
vn 0.7367 0.6490 -0.1901
vn 0.7192 0.4782 -0.5041
vn 0.6422 -0.4234 -0.6390
vn 0.6642 -0.3420 -0.6647
vn 0.0142 0.9510 0.3089
vn 0.0268 -0.9990 0.0351
vn 0.4775 0.5116 -0.7143
vn 0.3702 0.6150 -0.6962
vn 0.5113 -0.3194 -0.7978
vn 0.3615 -0.5042 -0.7843
vn -0.1541 0.9590 0.2379
vn 0.2304 -0.9612 0.1520
vn -0.0422 0.6436 -0.7642
vn -0.1247 0.5314 -0.8379
vn 0.1291 -0.4941 -0.8597
vn -0.0483 -0.3460 -0.9370
vn -0.2050 0.9616 0.1824
vn -0.0933 -0.9633 0.2517
vn -0.4575 0.5546 -0.6951
vn -0.4293 0.5851 -0.6880
vn -0.6265 -0.2814 -0.7268
vn -0.7427 -0.4607 -0.4860
vn 0.2466 0.9690 -0.0132
vn -0.0289 -0.9901 0.1375
vn -0.6171 0.6270 -0.4755
vn -0.7451 0.5532 -0.3725
vn -0.7758 -0.4567 -0.4354
vn -0.9064 -0.2458 -0.3437
vn 0.2574 0.9663 0.0090
vn -0.0212 -0.9996 0.0176
vn -0.7587 0.6187 0.2039
vn -0.8133 0.5569 0.1685
vn -0.9366 -0.1470 0.3182
vn -0.7086 -0.4655 0.5303
vn 0.2625 0.9462 -0.1894
s 1
usemtl LeafDeep
f 1670//1508 1673//1511 1771//1609 1672//1510
f 1638//1476 1674//1512 1771//1609 1673//1511
f 1637//1475 1672//1510 1771//1609 1674//1512
f 1637//1475 1676//1514 1772//1610 1675//1513
f 1648//1486 1677//1515 1772//1610 1676//1514
f 1649//1487 1675//1513 1772//1610 1677//1515
f 1637//1475 1675//1513 1773//1611 1674//1512
f 1649//1487 1678//1516 1773//1611 1675//1513
f 1638//1476 1674//1512 1773//1611 1678//1516
f 1648//1486 1679//1517 1774//1612 1677//1515
f 1659//1497 1680//1518 1774//1612 1679//1517
f 1649//1487 1677//1515 1774//1612 1680//1518
f 1649//1487 1680//1518 1775//1613 1681//1519
f 1659//1497 1682//1520 1775//1613 1680//1518
f 1660//1498 1681//1519 1775//1613 1682//1520
f 1671//1509 1684//1522 1776//1614 1683//1521
f 1659//1497 1682//1520 1776//1614 1684//1522
f 1660//1498 1683//1521 1776//1614 1682//1520
f 1670//1508 1685//1523 1777//1615 1673//1511
f 1639//1477 1686//1524 1777//1615 1685//1523
f 1638//1476 1673//1511 1777//1615 1686//1524
f 1638//1476 1678//1516 1778//1616 1686//1524
f 1649//1487 1687//1525 1778//1616 1678//1516
f 1639//1477 1686//1524 1778//1616 1687//1525
f 1639//1477 1687//1525 1779//1617 1688//1526
f 1649//1487 1689//1527 1779//1617 1687//1525
f 1650//1488 1688//1526 1779//1617 1689//1527
f 1649//1487 1681//1519 1780//1618 1690//1528
f 1660//1498 1691//1529 1780//1618 1681//1519
f 1661//1499 1690//1528 1780//1618 1691//1529
f 1649//1487 1690//1528 1781//1619 1689//1527
f 1661//1499 1692//1530 1781//1619 1690//1528
f 1650//1488 1689//1527 1781//1619 1692//1530
f 1671//1509 1683//1521 1782//1620 1693//1531
f 1660//1498 1691//1529 1782//1620 1683//1521
f 1661//1499 1693//1531 1782//1620 1691//1529
f 1670//1508 1694//1532 1783//1621 1685//1523
f 1640//1478 1695//1533 1783//1621 1694//1532
f 1639//1477 1685//1523 1783//1621 1695//1533
f 1639//1477 1688//1526 1784//1622 1696//1534
f 1650//1488 1697//1535 1784//1622 1688//1526
f 1651//1489 1696//1534 1784//1622 1697//1535
f 1639//1477 1696//1534 1785//1623 1695//1533
f 1651//1489 1698//1536 1785//1623 1696//1534
f 1640//1478 1695//1533 1785//1623 1698//1536
f 1650//1488 1692//1530 1786//1624 1697//1535
f 1661//1499 1699//1537 1786//1624 1692//1530
f 1651//1489 1697//1535 1786//1624 1699//1537
f 1651//1489 1699//1537 1787//1625 1700//1538
f 1661//1499 1701//1539 1787//1625 1699//1537
f 1662//1500 1700//1538 1787//1625 1701//1539
f 1671//1509 1693//1531 1788//1626 1702//1540
f 1661//1499 1701//1539 1788//1626 1693//1531
f 1662//1500 1702//1540 1788//1626 1701//1539
f 1670//1508 1703//1541 1789//1627 1694//1532
f 1641//1479 1704//1542 1789//1627 1703//1541
f 1640//1478 1694//1532 1789//1627 1704//1542
f 1640//1478 1698//1536 1790//1628 1704//1542
f 1651//1489 1705//1543 1790//1628 1698//1536
f 1641//1479 1704//1542 1790//1628 1705//1543
f 1641//1479 1705//1543 1791//1629 1706//1544
f 1651//1489 1707//1545 1791//1629 1705//1543
f 1652//1490 1706//1544 1791//1629 1707//1545
f 1651//1489 1700//1538 1792//1630 1708//1546
f 1662//1500 1709//1547 1792//1630 1700//1538
f 1663//1501 1708//1546 1792//1630 1709//1547
f 1651//1489 1708//1546 1793//1631 1707//1545
f 1663//1501 1710//1548 1793//1631 1708//1546
f 1652//1490 1707//1545 1793//1631 1710//1548
f 1671//1509 1702//1540 1794//1632 1711//1549
f 1662//1500 1709//1547 1794//1632 1702//1540
f 1663//1501 1711//1549 1794//1632 1709//1547
f 1670//1508 1712//1550 1795//1633 1703//1541
f 1642//1480 1713//1551 1795//1633 1712//1550
f 1641//1479 1703//1541 1795//1633 1713//1551
f 1641//1479 1706//1544 1796//1634 1714//1552
f 1652//1490 1715//1553 1796//1634 1706//1544
f 1653//1491 1714//1552 1796//1634 1715//1553
f 1641//1479 1714//1552 1797//1635 1713//1551
f 1653//1491 1716//1554 1797//1635 1714//1552
f 1642//1480 1713//1551 1797//1635 1716//1554
f 1652//1490 1710//1548 1798//1636 1715//1553
f 1663//1501 1717//1555 1798//1636 1710//1548
f 1653//1491 1715//1553 1798//1636 1717//1555
f 1653//1491 1717//1555 1799//1637 1718//1556
f 1663//1501 1719//1557 1799//1637 1717//1555
f 1664//1502 1718//1556 1799//1637 1719//1557
f 1671//1509 1711//1549 1800//1638 1720//1558
f 1663//1501 1719//1557 1800//1638 1711//1549
f 1664//1502 1720//1558 1800//1638 1719//1557
f 1670//1508 1721//1559 1801//1639 1712//1550
f 1643//1481 1722//1560 1801//1639 1721//1559
f 1642//1480 1712//1550 1801//1639 1722//1560
f 1642//1480 1716//1554 1802//1640 1722//1560
f 1653//1491 1723//1561 1802//1640 1716//1554
f 1643//1481 1722//1560 1802//1640 1723//1561
f 1643//1481 1723//1561 1803//1641 1724//1562
f 1653//1491 1725//1563 1803//1641 1723//1561
f 1654//1492 1724//1562 1803//1641 1725//1563
f 1653//1491 1718//1556 1804//1642 1726//1564
f 1664//1502 1727//1565 1804//1642 1718//1556
f 1665//1503 1726//1564 1804//1642 1727//1565
f 1653//1491 1726//1564 1805//1643 1725//1563
f 1665//1503 1728//1566 1805//1643 1726//1564
f 1654//1492 1725//1563 1805//1643 1728//1566
f 1671//1509 1720//1558 1806//1644 1729//1567
f 1664//1502 1727//1565 1806//1644 1720//1558
f 1665//1503 1729//1567 1806//1644 1727//1565
f 1670//1508 1730//1568 1807//1645 1721//1559
f 1644//1482 1731//1569 1807//1645 1730//1568
f 1643//1481 1721//1559 1807//1645 1731//1569
f 1643//1481 1724//1562 1808//1646 1732//1570
f 1654//1492 1733//1571 1808//1646 1724//1562
f 1655//1493 1732//1570 1808//1646 1733//1571
f 1643//1481 1732//1570 1809//1647 1731//1569
f 1655//1493 1734//1572 1809//1647 1732//1570
f 1644//1482 1731//1569 1809//1647 1734//1572
f 1654//1492 1728//1566 1810//1648 1733//1571
f 1665//1503 1735//1573 1810//1648 1728//1566
f 1655//1493 1733//1571 1810//1648 1735//1573
f 1655//1493 1735//1573 1811//1649 1736//1574
f 1665//1503 1737//1575 1811//1649 1735//1573
f 1666//1504 1736//1574 1811//1649 1737//1575
f 1671//1509 1729//1567 1812//1650 1738//1576
f 1665//1503 1737//1575 1812//1650 1729//1567
f 1666//1504 1738//1576 1812//1650 1737//1575
f 1670//1508 1739//1577 1813//1651 1730//1568
f 1645//1483 1740//1578 1813//1651 1739//1577
f 1644//1482 1730//1568 1813//1651 1740//1578
f 1644//1482 1734//1572 1814//1652 1740//1578
f 1655//1493 1741//1579 1814//1652 1734//1572
f 1645//1483 1740//1578 1814//1652 1741//1579
f 1645//1483 1741//1579 1815//1653 1742//1580
f 1655//1493 1743//1581 1815//1653 1741//1579
f 1656//1494 1742//1580 1815//1653 1743//1581
f 1655//1493 1736//1574 1816//1654 1744//1582
f 1666//1504 1745//1583 1816//1654 1736//1574
f 1667//1505 1744//1582 1816//1654 1745//1583
f 1655//1493 1744//1582 1817//1655 1743//1581
f 1667//1505 1746//1584 1817//1655 1744//1582
f 1656//1494 1743//1581 1817//1655 1746//1584
f 1671//1509 1738//1576 1818//1656 1747//1585
f 1666//1504 1745//1583 1818//1656 1738//1576
f 1667//1505 1747//1585 1818//1656 1745//1583
f 1670//1508 1748//1586 1819//1657 1739//1577
f 1646//1484 1749//1587 1819//1657 1748//1586
f 1645//1483 1739//1577 1819//1657 1749//1587
f 1645//1483 1742//1580 1820//1658 1750//1588
f 1656//1494 1751//1589 1820//1658 1742//1580
f 1657//1495 1750//1588 1820//1658 1751//1589
f 1645//1483 1750//1588 1821//1659 1749//1587
f 1657//1495 1752//1590 1821//1659 1750//1588
f 1646//1484 1749//1587 1821//1659 1752//1590
f 1656//1494 1746//1584 1822//1660 1751//1589
f 1667//1505 1753//1591 1822//1660 1746//1584
f 1657//1495 1751//1589 1822//1660 1753//1591
f 1657//1495 1753//1591 1823//1661 1754//1592
f 1667//1505 1755//1593 1823//1661 1753//1591
f 1668//1506 1754//1592 1823//1661 1755//1593
f 1671//1509 1747//1585 1824//1662 1756//1594
f 1667//1505 1755//1593 1824//1662 1747//1585
f 1668//1506 1756//1594 1824//1662 1755//1593
f 1670//1508 1757//1595 1825//1663 1748//1586
f 1647//1485 1758//1596 1825//1663 1757//1595
f 1646//1484 1748//1586 1825//1663 1758//1596
f 1646//1484 1752//1590 1826//1664 1758//1596
f 1657//1495 1759//1597 1826//1664 1752//1590
f 1647//1485 1758//1596 1826//1664 1759//1597
f 1647//1485 1759//1597 1827//1665 1760//1598
f 1657//1495 1761//1599 1827//1665 1759//1597
f 1658//1496 1760//1598 1827//1665 1761//1599
f 1657//1495 1754//1592 1828//1666 1762//1600
f 1668//1506 1763//1601 1828//1666 1754//1592
f 1669//1507 1762//1600 1828//1666 1763//1601
f 1657//1495 1762//1600 1829//1667 1761//1599
f 1669//1507 1764//1602 1829//1667 1762//1600
f 1658//1496 1761//1599 1829//1667 1764//1602
f 1671//1509 1756//1594 1830//1668 1765//1603
f 1668//1506 1763//1601 1830//1668 1756//1594
f 1669//1507 1765//1603 1830//1668 1763//1601
f 1670//1508 1672//1510 1831//1669 1757//1595
f 1637//1475 1766//1604 1831//1669 1672//1510
f 1647//1485 1757//1595 1831//1669 1766//1604
f 1647//1485 1760//1598 1832//1670 1767//1605
f 1658//1496 1768//1606 1832//1670 1760//1598
f 1648//1486 1767//1605 1832//1670 1768//1606
f 1647//1485 1767//1605 1833//1671 1766//1604
f 1648//1486 1676//1514 1833//1671 1767//1605
f 1637//1475 1766//1604 1833//1671 1676//1514
f 1658//1496 1764//1602 1834//1672 1768//1606
f 1669//1507 1769//1607 1834//1672 1764//1602
f 1648//1486 1768//1606 1834//1672 1769//1607
f 1648//1486 1769//1607 1835//1673 1679//1517
f 1669//1507 1770//1608 1835//1673 1769//1607
f 1659//1497 1679//1517 1835//1673 1770//1608
f 1671//1509 1765//1603 1836//1674 1684//1522
f 1669//1507 1770//1608 1836//1674 1765//1603
f 1659//1497 1684//1522 1836//1674 1770//1608
o crown_contour_leaf.027
v 0.019844 1.447596 -0.611432
v 0.012980 1.430506 -0.649510
v 0.017733 1.420541 -0.681007
v 0.049962 1.423252 -0.708019
v 0.085249 1.431843 -0.722671
v 0.091103 1.447522 -0.687266
v 0.084090 1.459686 -0.647535
v 0.058103 1.457124 -0.626749
v 0.023349 1.438831 -0.608131
v 0.016484 1.421741 -0.646208
v 0.021237 1.411776 -0.677705
v 0.053467 1.414488 -0.704717
v 0.088753 1.423079 -0.719369
v 0.094608 1.438758 -0.683964
v 0.087594 1.450921 -0.644233
v 0.061607 1.448360 -0.623447
vn 0.3505 -0.8764 0.3302
vn -0.3505 0.8764 -0.3302
vn -0.9224 -0.2619 0.2838
vn -0.9257 -0.3778 -0.0202
vn -0.5406 -0.4772 -0.6929
vn -0.2555 -0.4286 -0.8666
vn 0.9246 0.2675 -0.2713
vn 0.9217 0.3854 0.0447
vn 0.5205 0.4754 0.7093
vn 0.2430 0.4256 0.8717
s 0
usemtl LeafSun
f 1837//1675 1838//1675 1839//1675 1840//1675 1841//1675 1842//1675 1843//1675 1844//1675
f 1852//1676 1851//1676 1850//1676 1849//1676 1848//1676 1847//1676 1846//1676 1845//1676
f 1837//1677 1838//1677 1846//1677 1845//1677
f 1838//1678 1839//1678 1847//1678 1846//1678
f 1839//1679 1840//1679 1848//1679 1847//1679
f 1840//1680 1841//1680 1849//1680 1848//1680
f 1841//1681 1842//1681 1850//1681 1849//1681
f 1842//1682 1843//1682 1851//1682 1850//1682
f 1843//1683 1844//1683 1852//1683 1851//1683
f 1844//1684 1837//1684 1845//1684 1852//1684
o crown_contour_leaf.028
v -0.430832 1.548518 -0.364190
v -0.474058 1.553808 -0.340854
v -0.512395 1.553798 -0.333635
v -0.552239 1.541956 -0.360059
v -0.578259 1.528047 -0.395018
v -0.537936 1.523351 -0.416104
v -0.489325 1.523791 -0.424031
v -0.458371 1.533403 -0.402323
v -0.430211 1.539094 -0.360903
v -0.473437 1.544384 -0.337567
v -0.511773 1.544374 -0.330349
v -0.551618 1.532532 -0.356772
v -0.577637 1.518623 -0.391731
v -0.537315 1.513927 -0.412817
v -0.488704 1.514367 -0.420744
v -0.457750 1.523979 -0.399036
vn 0.0621 -0.9424 0.3287
vn -0.0621 0.9424 -0.3287
vn 0.4803 0.3169 0.8178
vn 0.1743 0.3345 0.9261
vn -0.5846 0.2326 0.7773
vn -0.8201 0.1395 0.5549
vn -0.4681 -0.3184 -0.8243
vn -0.1487 -0.3344 -0.9306
vn 0.6054 -0.2262 -0.7631
vn 0.8279 -0.1353 -0.5443
s 0
usemtl LeafSun
f 1853//1685 1854//1685 1855//1685 1856//1685 1857//1685 1858//1685 1859//1685 1860//1685
f 1868//1686 1867//1686 1866//1686 1865//1686 1864//1686 1863//1686 1862//1686 1861//1686
f 1853//1687 1854//1687 1862//1687 1861//1687
f 1854//1688 1855//1688 1863//1688 1862//1688
f 1855//1689 1856//1689 1864//1689 1863//1689
f 1856//1690 1857//1690 1865//1690 1864//1690
f 1857//1691 1858//1691 1866//1691 1865//1691
f 1858//1692 1859//1692 1867//1692 1866//1692
f 1859//1693 1860//1693 1868//1693 1867//1693
f 1860//1694 1853//1694 1861//1694 1868//1694
o crown_contour_leaf.029
v 0.133637 1.662684 -0.216378
v 0.183138 1.674070 -0.191599
v 0.217462 1.672692 -0.163085
v 0.229029 1.642374 -0.116991
v 0.224002 1.607501 -0.078302
v 0.178311 1.597461 -0.101748
v 0.135659 1.600252 -0.138499
v 0.127511 1.624810 -0.174880
v 0.138605 1.654915 -0.222735
v 0.188106 1.666301 -0.197956
v 0.222431 1.664924 -0.169442
v 0.233998 1.634606 -0.123348
v 0.228971 1.599733 -0.084659
v 0.183280 1.589692 -0.108104
v 0.140627 1.592483 -0.144855
v 0.132480 1.617042 -0.181237
vn 0.4436 -0.6936 -0.5675
vn -0.4436 0.6936 0.5675
vn 0.1898 0.6916 -0.6969
vn 0.4605 0.7197 -0.5196
vn 0.8724 0.4792 0.0963
vn 0.8910 0.2735 0.3623
vn -0.2019 -0.6943 0.6908
vn -0.4803 -0.7187 0.5028
vn -0.8774 -0.4651 -0.1175
vn -0.8896 -0.2642 -0.3725
s 0
usemtl LeafSun
f 1869//1695 1870//1695 1871//1695 1872//1695 1873//1695 1874//1695 1875//1695 1876//1695
f 1884//1696 1883//1696 1882//1696 1881//1696 1880//1696 1879//1696 1878//1696 1877//1696
f 1869//1697 1870//1697 1878//1697 1877//1697
f 1870//1698 1871//1698 1879//1698 1878//1698
f 1871//1699 1872//1699 1880//1699 1879//1699
f 1872//1700 1873//1700 1881//1700 1880//1700
f 1873//1701 1874//1701 1882//1701 1881//1701
f 1874//1702 1875//1702 1883//1702 1882//1702
f 1875//1703 1876//1703 1884//1703 1883//1703
f 1876//1704 1869//1704 1877//1704 1884//1704
o crown_contour_leaf.030
v -0.284832 1.523198 -0.613910
v -0.325573 1.506750 -0.647047
v -0.351980 1.492593 -0.684523
v -0.354939 1.478960 -0.743832
v -0.344095 1.470621 -0.793186
v -0.306583 1.485942 -0.761865
v -0.273985 1.503855 -0.713609
v -0.272537 1.514408 -0.666826
v -0.282677 1.513658 -0.611825
v -0.323418 1.497211 -0.644962
v -0.349824 1.483053 -0.682438
v -0.352784 1.469420 -0.741747
v -0.341940 1.461082 -0.791100
v -0.304428 1.476402 -0.759780
v -0.271830 1.494315 -0.711524
v -0.270382 1.504869 -0.664740
vn 0.2155 -0.9540 0.2085
vn -0.2155 0.9540 -0.2085
vn -0.6368 0.0246 0.7707
vn -0.8066 -0.0536 0.5886
vn -0.9753 -0.1997 0.0946
vn -0.9533 -0.2518 -0.1669
vn 0.6458 -0.0209 -0.7632
vn 0.8169 0.0591 -0.5738
vn 0.9760 0.2038 -0.0762
vn 0.9506 0.2538 0.1787
s 0
usemtl LeafSun
f 1885//1705 1886//1705 1887//1705 1888//1705 1889//1705 1890//1705 1891//1705 1892//1705
f 1900//1706 1899//1706 1898//1706 1897//1706 1896//1706 1895//1706 1894//1706 1893//1706
f 1885//1707 1886//1707 1894//1707 1893//1707
f 1886//1708 1887//1708 1895//1708 1894//1708
f 1887//1709 1888//1709 1896//1709 1895//1709
f 1888//1710 1889//1710 1897//1710 1896//1710
f 1889//1711 1890//1711 1898//1711 1897//1711
f 1890//1712 1891//1712 1899//1712 1898//1712
f 1891//1713 1892//1713 1900//1713 1899//1713
f 1892//1714 1885//1714 1893//1714 1900//1714
o crown_contour_leaf.031
v -0.307477 1.610799 -0.361298
v -0.282095 1.591491 -0.328639
v -0.272201 1.580482 -0.297654
v -0.293682 1.584433 -0.260362
v -0.324284 1.595046 -0.233355
v -0.347323 1.612748 -0.263922
v -0.358719 1.626151 -0.303396
v -0.340927 1.622546 -0.332544
v -0.311992 1.602035 -0.362970
v -0.286610 1.582727 -0.330311
v -0.276717 1.571718 -0.299326
v -0.298197 1.575669 -0.262034
v -0.328800 1.586282 -0.235027
v -0.351839 1.603984 -0.265594
v -0.363235 1.617387 -0.305068
v -0.345442 1.613782 -0.334216
vn -0.4515 -0.8764 -0.1672
vn 0.4515 0.8764 0.1672
vn 0.6978 -0.2301 -0.6783
vn 0.8445 -0.3593 -0.3973
vn 0.7410 -0.4727 0.4769
vn 0.5192 -0.4105 0.7496
vn -0.7055 0.2359 0.6683
vn -0.8524 0.3683 0.3712
vn -0.7264 0.4699 -0.5015
vn -0.5090 0.4070 -0.7584
s 0
usemtl LeafSun
f 1901//1715 1902//1715 1903//1715 1904//1715 1905//1715 1906//1715 1907//1715 1908//1715
f 1916//1716 1915//1716 1914//1716 1913//1716 1912//1716 1911//1716 1910//1716 1909//1716
f 1901//1717 1902//1717 1910//1717 1909//1717
f 1902//1718 1903//1718 1911//1718 1910//1718
f 1903//1719 1904//1719 1912//1719 1911//1719
f 1904//1720 1905//1720 1913//1720 1912//1720
f 1905//1721 1906//1721 1914//1721 1913//1721
f 1906//1722 1907//1722 1915//1722 1914//1722
f 1907//1723 1908//1723 1916//1723 1915//1723
f 1908//1724 1901//1724 1909//1724 1916//1724
o crown_contour_leaf.032
v 0.148716 1.469294 -0.476398
v 0.170911 1.476041 -0.523755
v 0.198512 1.476717 -0.552648
v 0.247125 1.464060 -0.549682
v 0.289268 1.448823 -0.530528
v 0.268163 1.442797 -0.487015
v 0.232444 1.442423 -0.451571
v 0.193985 1.452721 -0.455023
v 0.146133 1.458739 -0.479112
v 0.168329 1.465486 -0.526469
v 0.195929 1.466163 -0.555362
v 0.244542 1.453505 -0.552396
v 0.286685 1.438268 -0.533242
v 0.265580 1.432243 -0.489729
v 0.229861 1.431868 -0.454285
v 0.191403 1.442166 -0.457737
vn -0.2306 -0.9424 -0.2423
vn 0.2306 0.9424 0.2423
vn -0.8773 0.3091 -0.3671
vn -0.6854 0.3341 -0.6470
vn 0.1165 0.2205 -0.9684
vn 0.4462 0.1189 -0.8870
vn 0.8714 -0.3108 0.3796
vn 0.6656 -0.3344 0.6672
vn -0.1438 -0.2133 0.9663
vn -0.4581 -0.1146 0.8815
s 0
usemtl LeafSun
f 1917//1725 1918//1725 1919//1725 1920//1725 1921//1725 1922//1725 1923//1725 1924//1725
f 1932//1726 1931//1726 1930//1726 1929//1726 1928//1726 1927//1726 1926//1726 1925//1726
f 1917//1727 1918//1727 1926//1727 1925//1727
f 1918//1728 1919//1728 1927//1728 1926//1728
f 1919//1729 1920//1729 1928//1729 1927//1729
f 1920//1730 1921//1730 1929//1730 1928//1730
f 1921//1731 1922//1731 1930//1731 1929//1731
f 1922//1732 1923//1732 1931//1732 1930//1732
f 1923//1733 1924//1733 1932//1733 1931//1733
f 1924//1734 1917//1734 1925//1734 1932//1734
o crown_contour_leaf.033
v -0.466507 1.582977 -0.454915
v -0.512690 1.588206 -0.474899
v -0.547921 1.583931 -0.499254
v -0.570119 1.557054 -0.541259
v -0.577090 1.527795 -0.577399
v -0.534299 1.523369 -0.558422
v -0.490147 1.529601 -0.526937
v -0.473404 1.551261 -0.493724
v -0.470015 1.576041 -0.448624
v -0.516198 1.581270 -0.468607
v -0.551429 1.576995 -0.492962
v -0.573626 1.550118 -0.534967
v -0.580598 1.520859 -0.571107
v -0.537807 1.516433 -0.552130
v -0.493655 1.522665 -0.520645
v -0.476911 1.544325 -0.487432
vn -0.3508 -0.6936 0.6292
vn 0.3508 0.6936 -0.6292
vn -0.2089 0.7129 0.6694
vn -0.4549 0.7135 0.5329
vn -0.8436 0.5258 0.1093
vn -0.9246 0.3629 -0.1154
vn 0.2207 -0.7142 -0.6643
vn 0.4719 -0.7113 -0.5210
vn 0.8518 -0.5154 -0.0933
vn 0.9265 -0.3548 0.1254
s 0
usemtl LeafSun
f 1933//1735 1934//1735 1935//1735 1936//1735 1937//1735 1938//1735 1939//1735 1940//1735
f 1948//1736 1947//1736 1946//1736 1945//1736 1944//1736 1943//1736 1942//1736 1941//1736
f 1933//1737 1934//1737 1942//1737 1941//1737
f 1934//1738 1935//1738 1943//1738 1942//1738
f 1935//1739 1936//1739 1944//1739 1943//1739
f 1936//1740 1937//1740 1945//1740 1944//1740
f 1937//1741 1938//1741 1946//1741 1945//1741
f 1938//1742 1939//1742 1947//1742 1946//1742
f 1939//1743 1940//1743 1948//1743 1947//1743
f 1940//1744 1933//1744 1941//1744 1948//1744
o leafy_twig.005
v -0.889715 1.228977 0.265192
v 0.021666 1.599347 -0.221925
v -0.897202 1.220490 0.244339
v 0.019251 1.596610 -0.228652
v -0.894613 1.200000 0.232660
v 0.020086 1.590000 -0.232419
v -0.883463 1.179510 0.236996
v 0.023683 1.583390 -0.231021
v -0.870285 1.171023 0.254808
v 0.027934 1.580653 -0.225275
v -0.862798 1.179510 0.275661
v 0.030349 1.583390 -0.218548
v -0.865387 1.200000 0.287340
v 0.029514 1.590000 -0.214781
v -0.876537 1.220490 0.283004
v 0.025917 1.596610 -0.216179
vn -0.7588 0.5097 0.4055
vn 0.2840 0.9467 -0.1518
vn -0.9477 0.2956 -0.1206
vn 0.0979 0.7358 -0.6701
vn -0.8823 -0.2214 -0.4153
vn 0.1623 0.2265 -0.9604
vn -0.6010 -0.7384 -0.3059
vn 0.4394 -0.2828 -0.8526
vn -0.2685 -0.9525 0.1435
vn 0.7669 -0.4937 -0.4099
vn -0.0796 -0.7384 0.6697
vn 0.9530 -0.2828 0.1084
vn -0.1449 -0.2214 0.9644
vn 0.8887 0.2265 0.3987
vn -0.4262 0.2956 0.8549
vn 0.6116 0.7358 0.2909
vt 1.000000 0.500000
vt 1.000000 1.000000
vt 0.875000 1.000000
vt 0.875000 0.500000
vt 0.750000 1.000000
vt 0.750000 0.500000
vt 0.625000 1.000000
vt 0.625000 0.500000
vt 0.500000 1.000000
vt 0.500000 0.500000
vt 0.375000 1.000000
vt 0.375000 0.500000
vt 0.250000 1.000000
vt 0.250000 0.500000
vt 0.419706 0.419706
vt 0.250000 0.490000
vt 0.080294 0.419706
vt 0.010000 0.250000
vt 0.080294 0.080294
vt 0.250000 0.010000
vt 0.419706 0.080294
vt 0.490000 0.250000
vt 0.125000 1.000000
vt 0.125000 0.500000
vt 0.000000 1.000000
vt 0.000000 0.500000
vt 0.750000 0.490000
vt 0.919706 0.419706
vt 0.990000 0.250000
vt 0.919706 0.080294
vt 0.750000 0.010000
vt 0.580294 0.080294
vt 0.510000 0.250000
vt 0.580294 0.419706
s 1
usemtl WeatheredBark
f 1949/847/1745 1950/848/1746 1952/849/1748 1951/850/1747
f 1951/850/1747 1952/849/1748 1954/851/1750 1953/852/1749
f 1953/852/1749 1954/851/1750 1956/853/1752 1955/854/1751
f 1955/854/1751 1956/853/1752 1958/855/1754 1957/856/1753
f 1957/856/1753 1958/855/1754 1960/857/1756 1959/858/1755
f 1959/858/1755 1960/857/1756 1962/859/1758 1961/860/1757
f 1952/861/1748 1950/862/1746 1964/863/1760 1962/864/1758 1960/865/1756 1958/866/1754 1956/867/1752 1954/868/1750
f 1961/860/1757 1962/859/1758 1964/869/1760 1963/870/1759
f 1963/870/1759 1964/869/1760 1950/871/1746 1949/872/1745
f 1949/873/1745 1951/874/1747 1953/875/1749 1955/876/1751 1957/877/1753 1959/878/1755 1961/879/1757 1963/880/1759
o solid_leaf_crown_lobe.005
v 0.509759 1.510164 -0.444573
v 0.468121 1.463082 -0.573600
v 0.305170 1.441187 -0.646489
v 0.166146 1.503662 -0.599763
v 0.014292 1.481634 -0.489196
v 0.021355 1.434646 -0.346532
v 0.072851 1.489710 -0.194529
v 0.166016 1.497985 -0.116243
v 0.327887 1.437103 -0.101370
v 0.460558 1.471631 -0.153343
v 0.577204 1.508238 -0.294472
v 0.626597 1.673626 -0.497448
v 0.507952 1.633673 -0.688838
v 0.280764 1.619324 -0.759398
v 0.065318 1.659487 -0.680194
v -0.102028 1.645598 -0.506925
v -0.064562 1.615583 -0.294939
v -0.001817 1.650844 -0.096557
v 0.163911 1.655875 0.001138
v 0.380679 1.616671 -0.002933
v 0.588765 1.639111 -0.104033
v 0.688389 1.670942 -0.308024
v 0.556984 1.844564 -0.519848
v 0.440071 1.797482 -0.648545
v 0.247482 1.775587 -0.696175
v 0.061839 1.838063 -0.603692
v -0.064355 1.816034 -0.450877
v 0.031741 1.769046 -0.272740
v 0.043970 1.824110 -0.110232
v 0.224428 1.832385 -0.054880
v 0.383156 1.771503 -0.075671
v 0.583559 1.806031 -0.173232
v 0.614413 1.842638 -0.354283
v 0.280248 1.446614 -0.360003
v 0.262822 1.867147 -0.357305
v 0.421340 1.475927 -0.408988
v 0.381585 1.455206 -0.483371
v 0.488940 1.486623 -0.509086
v 0.532482 1.570109 -0.577905
v 0.574709 1.588610 -0.492015
v 0.582043 1.658338 -0.598306
v 0.485799 1.532436 -0.628108
v 0.597150 1.755810 -0.528113
v 0.548445 1.738083 -0.615589
v 0.473459 1.733696 -0.670732
v 0.498528 1.821023 -0.584197
v 0.359397 1.835410 -0.524708
v 0.431731 1.856132 -0.451446
v 0.297461 1.447872 -0.521013
v 0.386646 1.452134 -0.610045
v 0.412575 1.536156 -0.687437
v 0.291710 1.551191 -0.727095
v 0.382293 1.618690 -0.747756
v 0.386924 1.703356 -0.714853
v 0.343777 1.786534 -0.672360
v 0.268702 1.684332 -0.746829
v 0.251285 1.828077 -0.547526
v 0.210051 1.468446 -0.498411
v 0.235658 1.472425 -0.623126
v 0.186246 1.555146 -0.686402
v 0.185595 1.633895 -0.743970
v 0.117796 1.560892 -0.639318
v 0.152713 1.722346 -0.706486
v 0.062213 1.762152 -0.642032
v 0.154660 1.806825 -0.649933
v 0.144733 1.848651 -0.499692
v 0.135494 1.461192 -0.434842
v 0.090219 1.492648 -0.544479
v 0.023547 1.575210 -0.593340
v -0.065246 1.579490 -0.505551
v -0.052087 1.656466 -0.588610
v -0.018282 1.742410 -0.578590
v -0.001258 1.827048 -0.527285
v -0.096412 1.712631 -0.490310
v 0.084575 1.841397 -0.410939
v 0.128243 1.445718 -0.350956
v 0.017823 1.458140 -0.417864
v -0.044920 1.542913 -0.399603
v -0.106009 1.630607 -0.419772
v -0.017914 1.512496 -0.323067
v -0.075267 1.710113 -0.376806
v -0.024434 1.713755 -0.281141
v -0.016307 1.792540 -0.361809
v 0.111924 1.825923 -0.307461
v 0.158984 1.463852 -0.267449
v 0.047103 1.462178 -0.270531
v -0.007923 1.546919 -0.233645
v 0.019360 1.585140 -0.127641
v -0.038446 1.635114 -0.171455
v -0.018570 1.714119 -0.192648
v 0.037855 1.796578 -0.191486
v 0.008154 1.718281 -0.094155
v 0.144452 1.844056 -0.218460
v 0.218071 1.466577 -0.219097
v 0.119433 1.493847 -0.155386
v 0.100660 1.576559 -0.079857
v 0.055793 1.658846 -0.040450
v 0.166356 1.556911 -0.060414
v 0.095103 1.743759 -0.040127
v 0.192509 1.758170 -0.024750
v 0.134199 1.828247 -0.082556
v 0.234840 1.846781 -0.181873
v 0.306137 1.446527 -0.210462
v 0.246952 1.467544 -0.108806
v 0.247392 1.550463 -0.032500
v 0.363779 1.548334 -0.028976
v 0.286811 1.629488 0.012072
v 0.275144 1.717663 -0.015965
v 0.303792 1.801944 -0.065276
v 0.385948 1.681474 -0.018767
v 0.336781 1.826732 -0.194491
v 0.387356 1.458042 -0.244129
v 0.394223 1.454367 -0.127356
v 0.464793 1.538131 -0.079945
v 0.475240 1.619614 -0.031809
v 0.523993 1.538431 -0.129403
v 0.499128 1.705331 -0.071831
v 0.582740 1.739691 -0.140809
v 0.483358 1.788767 -0.124451
v 0.436655 1.838247 -0.254132
v 0.441110 1.476165 -0.321351
v 0.518881 1.489934 -0.223907
v 0.602150 1.573562 -0.192729
v 0.656886 1.605014 -0.299889
v 0.667378 1.660319 -0.215317
v 0.629336 1.740762 -0.218463
v 0.598986 1.824335 -0.263757
v 0.671923 1.738155 -0.323646
v 0.463410 1.856370 -0.353592
v 0.543482 1.509201 -0.369522
v 0.615752 1.592718 -0.404543
v 0.675619 1.675371 -0.398159
v 0.635267 1.759144 -0.435850
v 0.585698 1.843601 -0.437066
v 0.423776 1.470600 -0.462460
v 0.566865 1.605890 -0.565104
v 0.506491 1.532619 -0.578515
v 0.581422 1.717357 -0.589976
v 0.512081 1.760197 -0.629279
v 0.422161 1.841387 -0.512914
v 0.352712 1.448502 -0.531201
v 0.435922 1.509627 -0.646979
v 0.370730 1.563590 -0.728107
v 0.407998 1.737204 -0.689569
v 0.352714 1.670412 -0.744329
v 0.315618 1.819289 -0.572704
v 0.249366 1.461069 -0.540178
v 0.213381 1.576196 -0.725537
v 0.175226 1.534800 -0.653387
v 0.194305 1.683018 -0.740773
v 0.120136 1.762377 -0.670727
v 0.186164 1.831856 -0.557418
v 0.150242 1.473594 -0.486778
v 0.075925 1.548282 -0.599020
v -0.037029 1.601730 -0.572443
v 0.014139 1.775860 -0.588248
v -0.062508 1.708552 -0.560789
v 0.080878 1.844382 -0.473840
v 0.100762 1.452221 -0.399608
v -0.080784 1.580290 -0.437629
v -0.017310 1.505469 -0.377036
v -0.104671 1.687112 -0.424896
v -0.040464 1.733047 -0.338495
v 0.068437 1.823009 -0.359981
v 0.119467 1.454722 -0.298763
v 0.003281 1.508161 -0.276326
v -0.016989 1.585388 -0.178833
v -0.003976 1.735739 -0.223097
v -0.025669 1.692210 -0.152051
v 0.105299 1.825510 -0.243542
v 0.170034 1.474337 -0.219812
v 0.057867 1.605064 -0.073660
v 0.128704 1.547452 -0.092202
v 0.049853 1.711886 -0.047050
v 0.139315 1.775030 -0.043291
v 0.173067 1.845125 -0.168736
v 0.257604 1.458045 -0.187369
v 0.216278 1.529916 -0.061062
v 0.292589 1.571854 -0.008731
v 0.253770 1.757494 -0.030870
v 0.310288 1.678676 -0.000027
v 0.289082 1.828833 -0.156314
v 0.358698 1.449884 -0.200609
v 0.443367 1.563668 -0.043207
v 0.468151 1.513568 -0.108777
v 0.461963 1.670490 -0.035631
v 0.528091 1.741146 -0.107671
v 0.411728 1.820672 -0.197510
v 0.443116 1.472777 -0.266854
v 0.552993 1.537280 -0.175305
v 0.650550 1.609707 -0.226832
v 0.607164 1.764858 -0.201515
v 0.663628 1.716530 -0.245384
v 0.490220 1.843565 -0.292969
v 0.460780 1.485447 -0.366445
v 0.657155 1.621908 -0.373955
v 0.578412 1.564473 -0.424220
v 0.669181 1.728730 -0.393277
v 0.606556 1.787406 -0.469249
v 0.482521 1.856235 -0.411650
vn -0.7682 -0.4283 0.4759
vn -0.7201 -0.1366 0.6803
vn -0.1354 -0.1085 0.9848
vn 0.5212 0.0735 0.8503
vn 0.9431 0.1630 0.2899
vn 0.8623 -0.4796 -0.1626
vn 0.8646 -0.0276 -0.5017
vn 0.3992 0.0617 -0.9148
vn -0.1632 -0.3088 -0.9370
vn -0.5258 -0.0493 -0.8492
vn -0.9363 0.3333 -0.1105
vn -0.9063 0.1594 0.3914
vn -0.6221 0.1146 0.7745
vn 0.0347 0.1416 0.9893
vn 0.5504 0.1001 0.8289
vn 0.9350 0.1584 0.3174
vn 0.9541 0.1364 -0.2666
vn 0.7820 0.1894 -0.5937
vn 0.2289 0.1047 -0.9678
vn -0.2202 0.1076 -0.9695
vn -0.7012 0.1081 -0.7047
vn -0.9951 0.0908 -0.0393
vn -0.8100 0.4713 0.3491
vn -0.5211 0.2485 0.8165
vn 0.1111 0.0932 0.9894
vn 0.5979 0.5378 0.5944
vn 0.9561 0.1939 0.2198
vn 0.8021 0.5861 -0.1146
vn 0.6659 0.1609 -0.7284
vn 0.1378 0.5465 -0.8260
vn -0.1956 0.2241 -0.9547
vn -0.8588 0.3258 -0.3953
vn -0.9088 0.3906 0.1468
vn 0.0294 -0.9996 -0.0035
vn -0.0326 0.9994 0.0126
vn 0.2745 -0.9609 0.0359
vn 0.1898 -0.9778 0.0891
vn -0.6935 -0.5659 0.4459
vn -0.7738 0.5507 0.3129
vn -0.7482 0.6069 0.2682
vn -0.8478 0.1749 0.5006
vn -0.6664 0.5424 0.5115
vn -0.8524 -0.3176 0.4153
vn -0.6521 -0.3686 0.6625
vn -0.4084 -0.4098 0.8157
vn -0.7060 0.5218 0.4788
vn -0.0346 0.9658 -0.2570
vn 0.0056 0.9907 -0.1356
vn -0.1036 -0.9946 -0.0001
vn -0.3572 -0.4029 0.8427
vn -0.3839 0.5622 0.7324
vn 0.0619 0.5389 0.8401
vn -0.3002 0.0864 0.9499
vn -0.2676 -0.4165 0.8689
vn -0.2651 0.6215 0.7372
vn 0.0011 -0.3465 0.9380
vn 0.0482 0.9641 -0.2611
vn -0.1816 -0.9735 -0.1392
vn 0.1917 -0.4176 0.8882
vn 0.4449 0.6000 0.6649
vn 0.3616 0.1667 0.9173
vn 0.4443 0.6262 0.6407
vn 0.3267 -0.3904 0.8607
vn 0.5215 -0.3745 0.7666
vn 0.5081 0.5458 0.6663
vn -0.0086 0.9926 -0.1212
vn -0.0252 -0.9761 -0.2160
vn 0.5555 -0.5020 0.6629
vn 0.4839 0.5720 0.6624
vn 0.7596 0.5581 0.3340
vn 0.7203 0.0791 0.6891
vn 0.6646 -0.3886 0.6382
vn 0.5674 0.5757 0.5887
vn 0.9307 -0.2884 0.2252
vn -0.1993 0.9706 0.1348
vn 0.0344 -0.9993 0.0133
vn 0.8772 -0.4339 -0.2056
vn 0.8237 0.5651 -0.0468
vn 0.9719 0.1982 -0.1268
vn 0.8413 0.5028 -0.1986
vn 0.8731 -0.3123 -0.3744
vn 0.8399 -0.4851 -0.2432
vn 0.7042 0.6726 -0.2273
vn -0.3512 0.9323 0.0866
vn -0.0292 -0.9764 0.2141
vn 0.8852 -0.4451 -0.1357
vn 0.7592 0.5584 -0.3343
vn 0.6064 0.5810 -0.5429
vn 0.9379 0.1285 -0.3221
vn 0.9083 -0.4104 -0.0808
vn 0.7510 0.6276 -0.2053
vn 0.8026 -0.2611 -0.5364
vn -0.2273 0.9737 -0.0167
vn -0.1852 -0.9760 0.1142
vn 0.5399 -0.5243 -0.6585
vn 0.3854 0.6016 -0.6997
vn 0.5030 0.1984 -0.8412
vn 0.3588 0.5710 -0.7383
vn 0.3497 -0.3448 -0.8711
vn 0.0640 -0.3634 -0.9294
vn 0.2044 0.5482 -0.8110
vn 0.0940 0.9865 0.1344
vn -0.0642 -0.9979 -0.0131
vn -0.0344 -0.4162 -0.9086
vn 0.2069 0.5373 -0.8176
vn -0.1642 0.5057 -0.8469
vn 0.0040 0.0775 -0.9970
vn -0.1030 -0.3787 -0.9198
vn 0.1100 0.6089 -0.7856
vn -0.2353 -0.3700 -0.8987
vn 0.1521 0.9554 0.2533
vn 0.1944 -0.9793 -0.0565
vn -0.2919 -0.3896 -0.8735
vn -0.4580 0.5750 -0.6779
vn -0.4488 0.1303 -0.8841
vn -0.5806 0.6242 -0.5227
vn -0.4047 -0.4131 -0.8159
vn -0.6606 -0.3636 -0.6568
vn -0.4278 0.6243 -0.6536
vn 0.0498 0.9670 0.2497
vn 0.2257 -0.9714 -0.0736
vn -0.6331 -0.4206 -0.6499
vn -0.7061 0.5992 -0.3773
vn -0.8365 0.5480 0.0031
vn -0.9041 0.0414 -0.4252
vn -0.8018 -0.4155 -0.4295
vn -0.8082 0.5842 -0.0743
vn -0.9164 -0.3949 -0.0654
vn 0.0684 0.9934 0.0918
vn -0.7713 -0.5213 0.3652
vn -0.7326 0.6056 0.3107
vn -0.9397 0.1400 0.3119
vn -0.8718 -0.3563 0.3362
vn -0.7769 0.5575 0.2926
vn 0.3212 -0.9331 0.1619
vn -0.7702 0.5528 0.3180
vn -0.8381 0.4936 0.2321
vn -0.8180 -0.2384 0.5234
vn -0.5139 -0.4866 0.7065
vn -0.0424 0.9619 -0.2702
vn 0.0981 -0.9948 0.0276
vn -0.4371 0.6325 0.6395
vn -0.2398 0.4855 0.8407
vn -0.2383 -0.4355 0.8681
vn -0.1977 -0.3408 0.9191
vn -0.0195 0.9568 -0.2900
vn -0.3312 -0.9421 -0.0535
vn 0.3248 0.5216 0.7890
vn 0.4818 0.6755 0.5582
vn 0.2427 -0.2984 0.9231
vn 0.3376 -0.4465 0.8287
vn 0.1246 0.9570 -0.2618
vn -0.0633 -0.9709 -0.2310
vn 0.3914 0.6484 0.6529
vn 0.6270 0.4962 0.6006
vn 0.6822 -0.3777 0.6260
vn 0.7536 -0.3221 0.5730
vn -0.1523 0.9883 -0.0039
vn 0.0131 -0.9691 -0.2464
vn 0.8306 0.5568 -0.0001
vn 0.8563 0.5162 0.0139
vn 0.9688 -0.1886 -0.1608
vn 0.7685 -0.4413 -0.4633
vn -0.2948 0.9063 0.3029
vn 0.0339 -0.9642 0.2628
vn 0.7497 0.5519 -0.3651
vn 0.7613 0.5340 -0.3676
vn 0.8256 -0.5624 0.0459
vn 0.9268 -0.2476 -0.2823
vn -0.4462 0.8833 -0.1440
vn -0.0995 -0.9750 0.1986
vn 0.4525 0.5619 -0.6925
vn 0.4230 0.6162 -0.6643
vn 0.5465 -0.2070 -0.8115
vn 0.2350 -0.4481 -0.8625
vn -0.0764 0.9910 0.1097
vn -0.2897 -0.9558 0.0495
vn 0.3096 0.6154 -0.7248
vn 0.0370 0.4523 -0.8911
vn -0.1598 -0.3560 -0.9207
vn -0.1234 -0.3438 -0.9309
vn 0.2884 0.9374 0.1953
vn 0.1716 -0.9837 -0.0546
vn -0.3680 0.4924 -0.7887
vn -0.4620 0.6507 -0.6027
vn -0.3506 -0.3334 -0.8752
vn -0.4046 -0.4500 -0.7961
vn 0.0414 0.9431 0.3300
vn 0.2317 -0.9708 -0.0625
vn -0.6288 0.6761 -0.3841
vn -0.8128 0.5082 -0.2847
vn -0.8689 -0.3332 -0.3660
vn -0.8487 -0.3905 -0.3567
vn 0.0848 0.9750 0.2052
vn 0.2565 -0.9621 -0.0923
vn -0.8106 0.5317 0.2452
vn -0.6847 0.6619 0.3052
vn -0.9155 -0.3050 0.2625
vn -0.8564 -0.3965 0.3306
vn 0.0792 0.9966 -0.0229
s 1
usemtl LeafSun
f 1998//1794 2001//1797 2099//1895 2000//1796
f 1966//1762 2002//1798 2099//1895 2001//1797
f 1965//1761 2000//1796 2099//1895 2002//1798
f 1965//1761 2004//1800 2100//1896 2003//1799
f 1976//1772 2005//1801 2100//1896 2004//1800
f 1977//1773 2003//1799 2100//1896 2005//1801
f 1965//1761 2003//1799 2101//1897 2002//1798
f 1977//1773 2006//1802 2101//1897 2003//1799
f 1966//1762 2002//1798 2101//1897 2006//1802
f 1976//1772 2007//1803 2102//1898 2005//1801
f 1987//1783 2008//1804 2102//1898 2007//1803
f 1977//1773 2005//1801 2102//1898 2008//1804
f 1977//1773 2008//1804 2103//1899 2009//1805
f 1987//1783 2010//1806 2103//1899 2008//1804
f 1988//1784 2009//1805 2103//1899 2010//1806
f 1999//1795 2012//1808 2104//1900 2011//1807
f 1987//1783 2010//1806 2104//1900 2012//1808
f 1988//1784 2011//1807 2104//1900 2010//1806
f 1998//1794 2013//1809 2105//1901 2001//1797
f 1967//1763 2014//1810 2105//1901 2013//1809
f 1966//1762 2001//1797 2105//1901 2014//1810
f 1966//1762 2006//1802 2106//1902 2014//1810
f 1977//1773 2015//1811 2106//1902 2006//1802
f 1967//1763 2014//1810 2106//1902 2015//1811
f 1967//1763 2015//1811 2107//1903 2016//1812
f 1977//1773 2017//1813 2107//1903 2015//1811
f 1978//1774 2016//1812 2107//1903 2017//1813
f 1977//1773 2009//1805 2108//1904 2018//1814
f 1988//1784 2019//1815 2108//1904 2009//1805
f 1989//1785 2018//1814 2108//1904 2019//1815
f 1977//1773 2018//1814 2109//1905 2017//1813
f 1989//1785 2020//1816 2109//1905 2018//1814
f 1978//1774 2017//1813 2109//1905 2020//1816
f 1999//1795 2011//1807 2110//1906 2021//1817
f 1988//1784 2019//1815 2110//1906 2011//1807
f 1989//1785 2021//1817 2110//1906 2019//1815
f 1998//1794 2022//1818 2111//1907 2013//1809
f 1968//1764 2023//1819 2111//1907 2022//1818
f 1967//1763 2013//1809 2111//1907 2023//1819
f 1967//1763 2016//1812 2112//1908 2024//1820
f 1978//1774 2025//1821 2112//1908 2016//1812
f 1979//1775 2024//1820 2112//1908 2025//1821
f 1967//1763 2024//1820 2113//1909 2023//1819
f 1979//1775 2026//1822 2113//1909 2024//1820
f 1968//1764 2023//1819 2113//1909 2026//1822
f 1978//1774 2020//1816 2114//1910 2025//1821
f 1989//1785 2027//1823 2114//1910 2020//1816
f 1979//1775 2025//1821 2114//1910 2027//1823
f 1979//1775 2027//1823 2115//1911 2028//1824
f 1989//1785 2029//1825 2115//1911 2027//1823
f 1990//1786 2028//1824 2115//1911 2029//1825
f 1999//1795 2021//1817 2116//1912 2030//1826
f 1989//1785 2029//1825 2116//1912 2021//1817
f 1990//1786 2030//1826 2116//1912 2029//1825
f 1998//1794 2031//1827 2117//1913 2022//1818
f 1969//1765 2032//1828 2117//1913 2031//1827
f 1968//1764 2022//1818 2117//1913 2032//1828
f 1968//1764 2026//1822 2118//1914 2032//1828
f 1979//1775 2033//1829 2118//1914 2026//1822
f 1969//1765 2032//1828 2118//1914 2033//1829
f 1969//1765 2033//1829 2119//1915 2034//1830
f 1979//1775 2035//1831 2119//1915 2033//1829
f 1980//1776 2034//1830 2119//1915 2035//1831
f 1979//1775 2028//1824 2120//1916 2036//1832
f 1990//1786 2037//1833 2120//1916 2028//1824
f 1991//1787 2036//1832 2120//1916 2037//1833
f 1979//1775 2036//1832 2121//1917 2035//1831
f 1991//1787 2038//1834 2121//1917 2036//1832
f 1980//1776 2035//1831 2121//1917 2038//1834
f 1999//1795 2030//1826 2122//1918 2039//1835
f 1990//1786 2037//1833 2122//1918 2030//1826
f 1991//1787 2039//1835 2122//1918 2037//1833
f 1998//1794 2040//1836 2123//1919 2031//1827
f 1970//1766 2041//1837 2123//1919 2040//1836
f 1969//1765 2031//1827 2123//1919 2041//1837
f 1969//1765 2034//1830 2124//1920 2042//1838
f 1980//1776 2043//1839 2124//1920 2034//1830
f 1981//1777 2042//1838 2124//1920 2043//1839
f 1969//1765 2042//1838 2125//1921 2041//1837
f 1981//1777 2044//1840 2125//1921 2042//1838
f 1970//1766 2041//1837 2125//1921 2044//1840
f 1980//1776 2038//1834 2126//1922 2043//1839
f 1991//1787 2045//1841 2126//1922 2038//1834
f 1981//1777 2043//1839 2126//1922 2045//1841
f 1981//1777 2045//1841 2127//1923 2046//1842
f 1991//1787 2047//1843 2127//1923 2045//1841
f 1992//1788 2046//1842 2127//1923 2047//1843
f 1999//1795 2039//1835 2128//1924 2048//1844
f 1991//1787 2047//1843 2128//1924 2039//1835
f 1992//1788 2048//1844 2128//1924 2047//1843
f 1998//1794 2049//1845 2129//1925 2040//1836
f 1971//1767 2050//1846 2129//1925 2049//1845
f 1970//1766 2040//1836 2129//1925 2050//1846
f 1970//1766 2044//1840 2130//1926 2050//1846
f 1981//1777 2051//1847 2130//1926 2044//1840
f 1971//1767 2050//1846 2130//1926 2051//1847
f 1971//1767 2051//1847 2131//1927 2052//1848
f 1981//1777 2053//1849 2131//1927 2051//1847
f 1982//1778 2052//1848 2131//1927 2053//1849
f 1981//1777 2046//1842 2132//1928 2054//1850
f 1992//1788 2055//1851 2132//1928 2046//1842
f 1993//1789 2054//1850 2132//1928 2055//1851
f 1981//1777 2054//1850 2133//1929 2053//1849
f 1993//1789 2056//1852 2133//1929 2054//1850
f 1982//1778 2053//1849 2133//1929 2056//1852
f 1999//1795 2048//1844 2134//1930 2057//1853
f 1992//1788 2055//1851 2134//1930 2048//1844
f 1993//1789 2057//1853 2134//1930 2055//1851
f 1998//1794 2058//1854 2135//1931 2049//1845
f 1972//1768 2059//1855 2135//1931 2058//1854
f 1971//1767 2049//1845 2135//1931 2059//1855
f 1971//1767 2052//1848 2136//1932 2060//1856
f 1982//1778 2061//1857 2136//1932 2052//1848
f 1983//1779 2060//1856 2136//1932 2061//1857
f 1971//1767 2060//1856 2137//1933 2059//1855
f 1983//1779 2062//1858 2137//1933 2060//1856
f 1972//1768 2059//1855 2137//1933 2062//1858
f 1982//1778 2056//1852 2138//1934 2061//1857
f 1993//1789 2063//1859 2138//1934 2056//1852
f 1983//1779 2061//1857 2138//1934 2063//1859
f 1983//1779 2063//1859 2139//1935 2064//1860
f 1993//1789 2065//1861 2139//1935 2063//1859
f 1994//1790 2064//1860 2139//1935 2065//1861
f 1999//1795 2057//1853 2140//1936 2066//1862
f 1993//1789 2065//1861 2140//1936 2057//1853
f 1994//1790 2066//1862 2140//1936 2065//1861
f 1998//1794 2067//1863 2141//1937 2058//1854
f 1973//1769 2068//1864 2141//1937 2067//1863
f 1972//1768 2058//1854 2141//1937 2068//1864
f 1972//1768 2062//1858 2142//1938 2068//1864
f 1983//1779 2069//1865 2142//1938 2062//1858
f 1973//1769 2068//1864 2142//1938 2069//1865
f 1973//1769 2069//1865 2143//1939 2070//1866
f 1983//1779 2071//1867 2143//1939 2069//1865
f 1984//1780 2070//1866 2143//1939 2071//1867
f 1983//1779 2064//1860 2144//1940 2072//1868
f 1994//1790 2073//1869 2144//1940 2064//1860
f 1995//1791 2072//1868 2144//1940 2073//1869
f 1983//1779 2072//1868 2145//1941 2071//1867
f 1995//1791 2074//1870 2145//1941 2072//1868
f 1984//1780 2071//1867 2145//1941 2074//1870
f 1999//1795 2066//1862 2146//1942 2075//1871
f 1994//1790 2073//1869 2146//1942 2066//1862
f 1995//1791 2075//1871 2146//1942 2073//1869
f 1998//1794 2076//1872 2147//1943 2067//1863
f 1974//1770 2077//1873 2147//1943 2076//1872
f 1973//1769 2067//1863 2147//1943 2077//1873
f 1973//1769 2070//1866 2148//1944 2078//1874
f 1984//1780 2079//1875 2148//1944 2070//1866
f 1985//1781 2078//1874 2148//1944 2079//1875
f 1973//1769 2078//1874 2149//1945 2077//1873
f 1985//1781 2080//1876 2149//1945 2078//1874
f 1974//1770 2077//1873 2149//1945 2080//1876
f 1984//1780 2074//1870 2150//1946 2079//1875
f 1995//1791 2081//1877 2150//1946 2074//1870
f 1985//1781 2079//1875 2150//1946 2081//1877
f 1985//1781 2081//1877 2151//1947 2082//1878
f 1995//1791 2083//1879 2151//1947 2081//1877
f 1996//1792 2082//1878 2151//1947 2083//1879
f 1999//1795 2075//1871 2152//1948 2084//1880
f 1995//1791 2083//1879 2152//1948 2075//1871
f 1996//1792 2084//1880 2152//1948 2083//1879
f 1998//1794 2085//1881 2153//1949 2076//1872
f 1975//1771 2086//1882 2153//1949 2085//1881
f 1974//1770 2076//1872 2153//1949 2086//1882
f 1974//1770 2080//1876 2154//1950 2086//1882
f 1985//1781 2087//1883 2154//1950 2080//1876
f 1975//1771 2086//1882 2154//1950 2087//1883
f 1975//1771 2087//1883 2155//1951 2088//1884
f 1985//1781 2089//1885 2155//1951 2087//1883
f 1986//1782 2088//1884 2155//1951 2089//1885
f 1985//1781 2082//1878 2156//1952 2090//1886
f 1996//1792 2091//1887 2156//1952 2082//1878
f 1997//1793 2090//1886 2156//1952 2091//1887
f 1985//1781 2090//1886 2157//1953 2089//1885
f 1997//1793 2092//1888 2157//1953 2090//1886
f 1986//1782 2089//1885 2157//1953 2092//1888
f 1999//1795 2084//1880 2158//1954 2093//1889
f 1996//1792 2091//1887 2158//1954 2084//1880
f 1997//1793 2093//1889 2158//1954 2091//1887
f 1998//1794 2000//1796 2159//1955 2085//1881
f 1965//1761 2094//1890 2159//1955 2000//1796
f 1975//1771 2085//1881 2159//1955 2094//1890
f 1975//1771 2088//1884 2160//1956 2095//1891
f 1986//1782 2096//1892 2160//1956 2088//1884
f 1976//1772 2095//1891 2160//1956 2096//1892
f 1975//1771 2095//1891 2161//1957 2094//1890
f 1976//1772 2004//1800 2161//1957 2095//1891
f 1965//1761 2094//1890 2161//1957 2004//1800
f 1986//1782 2092//1888 2162//1958 2096//1892
f 1997//1793 2097//1893 2162//1958 2092//1888
f 1976//1772 2096//1892 2162//1958 2097//1893
f 1976//1772 2097//1893 2163//1959 2007//1803
f 1997//1793 2098//1894 2163//1959 2097//1893
f 1987//1783 2007//1803 2163//1959 2098//1894
f 1999//1795 2093//1889 2164//1960 2012//1808
f 1997//1793 2098//1894 2164//1960 2093//1889
f 1987//1783 2012//1808 2164//1960 2098//1894
o crown_contour_leaf.034
v 0.024805 1.632440 -0.644824
v -0.013731 1.615350 -0.648296
v -0.042842 1.605385 -0.661226
v -0.060347 1.608096 -0.699461
v -0.065125 1.616687 -0.737369
v -0.029434 1.632366 -0.733632
v 0.007018 1.644530 -0.716340
v 0.020174 1.641969 -0.685774
v 0.028917 1.623676 -0.647328
v -0.009619 1.606586 -0.650800
v -0.038730 1.596620 -0.663730
v -0.056235 1.599332 -0.701966
v -0.061012 1.607923 -0.739874
v -0.025321 1.623602 -0.736136
v 0.011131 1.635765 -0.718845
v 0.024287 1.633204 -0.688278
vn 0.4113 -0.8764 -0.2504
vn -0.4113 0.8764 0.2504
vn 0.0292 -0.2619 0.9646
vn -0.2648 -0.3778 0.8872
vn -0.8114 -0.4772 0.3376
vn -0.9033 -0.4286 0.0167
vn -0.0166 0.2675 -0.9634
vn 0.2874 0.3854 -0.8769
vn 0.8219 0.4754 -0.3139
vn 0.9049 0.4256 -0.0033
s 0
usemtl LeafDeep
f 2165//1961 2166//1961 2167//1961 2168//1961 2169//1961 2170//1961 2171//1961 2172//1961
f 2180//1962 2179//1962 2178//1962 2177//1962 2176//1962 2175//1962 2174//1962 2173//1962
f 2165//1963 2166//1963 2174//1963 2173//1963
f 2166//1964 2167//1964 2175//1964 2174//1964
f 2167//1965 2168//1965 2176//1965 2175//1965
f 2168//1966 2169//1966 2177//1966 2176//1966
f 2169//1967 2170//1967 2178//1967 2177//1967
f 2170//1968 2171//1968 2179//1968 2178//1968
f 2171//1969 2172//1969 2180//1969 2179//1969
f 2172//1970 2165//1970 2173//1970 2180//1970
o crown_contour_leaf.035
v 0.271354 1.733120 -0.118502
v 0.283313 1.738410 -0.070858
v 0.280857 1.738400 -0.031925
v 0.245426 1.726557 0.000176
v 0.205131 1.712649 0.016773
v 0.194637 1.707953 -0.027503
v 0.198939 1.708392 -0.076568
v 0.227609 1.718004 -0.101215
v 0.274693 1.723696 -0.118294
v 0.286651 1.728986 -0.070649
v 0.284196 1.728976 -0.031717
v 0.248764 1.717133 0.000384
v 0.208470 1.703225 0.016981
v 0.197975 1.698529 -0.027295
v 0.202278 1.698969 -0.076360
v 0.230947 1.708580 -0.101007
vn 0.3339 -0.9424 0.0208
vn -0.3339 0.9424 -0.0208
vn 0.9110 0.3169 -0.2638
vn 0.9405 0.3345 0.0594
vn 0.6092 0.2326 0.7582
vn 0.3356 0.1395 0.9316
vn -0.9143 -0.3184 0.2505
vn -0.9386 -0.3344 -0.0853
vn -0.5903 -0.2262 -0.7748
vn -0.3234 -0.1353 -0.9366
s 0
usemtl LeafDeep
f 2181//1971 2182//1971 2183//1971 2184//1971 2185//1971 2186//1971 2187//1971 2188//1971
f 2196//1972 2195//1972 2194//1972 2193//1972 2192//1972 2191//1972 2190//1972 2189//1972
f 2181//1973 2182//1973 2190//1973 2189//1973
f 2182//1974 2183//1974 2191//1974 2190//1974
f 2183//1975 2184//1975 2192//1975 2191//1975
f 2184//1976 2185//1976 2193//1976 2192//1976
f 2185//1977 2186//1977 2194//1977 2193//1977
f 2186//1978 2187//1978 2195//1978 2194//1978
f 2187//1979 2188//1979 2196//1979 2195//1979
f 2188//1980 2181//1980 2189//1980 2196//1980
o crown_contour_leaf.036
v 0.344954 1.598245 -0.424444
v 0.377848 1.609631 -0.468968
v 0.411822 1.608254 -0.497899
v 0.459217 1.577936 -0.501396
v 0.496472 1.543063 -0.489814
v 0.465544 1.533022 -0.448816
v 0.422028 1.535813 -0.413092
v 0.384788 1.560372 -0.411299
v 0.339543 1.590477 -0.430429
v 0.372437 1.601863 -0.474952
v 0.406411 1.600486 -0.503883
v 0.453806 1.570167 -0.507381
v 0.491061 1.535295 -0.495799
v 0.460133 1.525254 -0.454800
v 0.416617 1.528045 -0.419076
v 0.379377 1.552603 -0.417283
vn -0.4831 -0.6936 -0.5343
vn 0.4831 0.6936 0.5343
vn -0.6541 0.6916 -0.3064
vn -0.4330 0.7197 -0.5427
vn 0.2443 0.4792 -0.8430
vn 0.5096 0.2735 -0.8158
vn 0.6460 -0.6943 0.3172
vn 0.4131 -0.7187 0.5594
vn -0.2661 -0.4651 0.8443
vn -0.5194 -0.2642 0.8126
s 0
usemtl LeafDeep
f 2197//1981 2198//1981 2199//1981 2200//1981 2201//1981 2202//1981 2203//1981 2204//1981
f 2212//1982 2211//1982 2210//1982 2209//1982 2208//1982 2207//1982 2206//1982 2205//1982
f 2197//1983 2198//1983 2206//1983 2205//1983
f 2198//1984 2199//1984 2207//1984 2206//1984
f 2199//1985 2200//1985 2208//1985 2207//1985
f 2200//1986 2201//1986 2209//1986 2208//1986
f 2201//1987 2202//1987 2210//1987 2209//1987
f 2202//1988 2203//1988 2211//1988 2210//1988
f 2203//1989 2204//1989 2212//1989 2211//1989
f 2204//1990 2197//1990 2205//1990 2212//1990
o crown_contour_leaf.037
v -0.086885 1.707146 -0.381879
v -0.125796 1.690699 -0.346610
v -0.166830 1.676542 -0.326168
v -0.225906 1.662908 -0.332201
v -0.273055 1.654570 -0.350376
v -0.236428 1.669891 -0.382727
v -0.183801 1.687804 -0.407661
v -0.137336 1.698357 -0.402026
v -0.084498 1.697607 -0.383694
v -0.123409 1.681159 -0.348426
v -0.164443 1.667002 -0.327984
v -0.223519 1.653369 -0.334016
v -0.270668 1.645030 -0.352191
v -0.234041 1.660351 -0.384542
v -0.181414 1.678264 -0.409477
v -0.134949 1.688818 -0.403841
vn 0.2387 -0.9540 -0.1815
vn -0.2387 0.9540 0.1815
vn 0.6656 0.0246 0.7459
vn 0.4600 -0.0536 0.8863
vn -0.0538 -0.1997 0.9784
vn -0.3090 -0.2518 0.9171
vn -0.6569 -0.0209 -0.7537
vn -0.4438 0.0591 -0.8942
vn 0.0721 0.2038 -0.9763
vn 0.3203 0.2538 -0.9127
s 0
usemtl LeafDeep
f 2213//1991 2214//1991 2215//1991 2216//1991 2217//1991 2218//1991 2219//1991 2220//1991
f 2228//1992 2227//1992 2226//1992 2225//1992 2224//1992 2223//1992 2222//1992 2221//1992
f 2213//1993 2214//1993 2222//1993 2221//1993
f 2214//1994 2215//1994 2223//1994 2222//1994
f 2215//1995 2216//1995 2224//1995 2223//1995
f 2216//1996 2217//1996 2225//1996 2224//1996
f 2217//1997 2218//1997 2226//1997 2225//1997
f 2218//1998 2219//1998 2227//1998 2226//1998
f 2219//1999 2220//1999 2228//1999 2227//1999
f 2220//2000 2213//2000 2221//2000 2228//2000
o crown_contour_leaf.038
v 0.451367 1.792593 -0.203671
v 0.488741 1.773284 -0.221393
v 0.521132 1.762275 -0.224353
v 0.552898 1.766227 -0.195318
v 0.572650 1.776840 -0.159601
v 0.537825 1.794541 -0.143715
v 0.496820 1.807945 -0.141123
v 0.472209 1.804339 -0.164796
v 0.448758 1.783828 -0.199624
v 0.486132 1.764520 -0.217346
v 0.518523 1.753511 -0.220306
v 0.550289 1.757462 -0.191271
v 0.570041 1.768075 -0.155554
v 0.535216 1.785777 -0.139668
v 0.494211 1.799180 -0.137076
v 0.469600 1.795575 -0.160749
vn -0.2609 -0.8764 0.4047
vn 0.2609 0.8764 -0.4047
vn -0.5114 -0.2301 -0.8279
vn -0.2053 -0.3593 -0.9104
vn 0.6258 -0.4727 -0.6204
vn 0.8441 -0.4105 -0.3448
vn 0.5000 0.2359 0.8333
vn 0.1781 0.3683 0.9125
vn -0.6467 0.4699 0.6008
vn -0.8506 0.4070 0.3330
s 0
usemtl LeafDeep
f 2229//2001 2230//2001 2231//2001 2232//2001 2233//2001 2234//2001 2235//2001 2236//2001
f 2244//2002 2243//2002 2242//2002 2241//2002 2240//2002 2239//2002 2238//2002 2237//2002
f 2229//2003 2230//2003 2238//2003 2237//2003
f 2230//2004 2231//2004 2239//2004 2238//2004
f 2231//2005 2232//2005 2240//2005 2239//2005
f 2232//2006 2233//2006 2241//2006 2240//2006
f 2233//2007 2234//2007 2242//2007 2241//2007
f 2234//2008 2235//2008 2243//2008 2242//2008
f 2235//2009 2236//2009 2244//2009 2243//2009
f 2236//2010 2229//2010 2237//2010 2244//2010
o crown_contour_leaf.039
v 0.252499 1.652444 -0.718421
v 0.212868 1.659191 -0.752550
v 0.192476 1.659868 -0.786912
v 0.208423 1.647210 -0.832930
v 0.238219 1.631973 -0.868358
v 0.274441 1.625948 -0.836314
v 0.298956 1.625573 -0.792370
v 0.285275 1.635871 -0.756262
v 0.249189 1.641889 -0.716665
v 0.209559 1.648636 -0.750794
v 0.189166 1.649313 -0.785155
v 0.205114 1.636656 -0.831174
v 0.234910 1.621418 -0.866601
v 0.271131 1.615393 -0.834558
v 0.295647 1.615018 -0.790614
v 0.281965 1.625316 -0.754506
vn -0.2955 -0.9424 0.1568
vn 0.2955 0.9424 -0.1568
vn -0.5898 0.3091 0.7460
vn -0.8077 0.3341 0.4859
vn -0.9013 0.2205 -0.3730
vn -0.7341 0.1189 -0.6685
vn 0.6002 -0.3108 -0.7370
vn 0.8218 -0.3344 -0.4613
vn 0.8919 -0.2133 0.3988
vn 0.7255 -0.1146 0.6786
s 0
usemtl LeafDeep
f 2245//2011 2246//2011 2247//2011 2248//2011 2249//2011 2250//2011 2251//2011 2252//2011
f 2260//2012 2259//2012 2258//2012 2257//2012 2256//2012 2255//2012 2254//2012 2253//2012
f 2245//2013 2246//2013 2254//2013 2253//2013
f 2246//2014 2247//2014 2255//2014 2254//2014
f 2247//2015 2248//2015 2256//2015 2255//2015
f 2248//2016 2249//2016 2257//2016 2256//2016
f 2249//2017 2250//2017 2258//2017 2257//2017
f 2250//2018 2251//2018 2259//2018 2258//2018
f 2251//2019 2252//2019 2260//2019 2259//2019
f 2252//2020 2245//2020 2253//2020 2260//2020
o crown_contour_leaf.040
v 0.093720 1.765574 -0.137739
v 0.063546 1.770802 -0.097467
v 0.031668 1.766528 -0.068864
v -0.014347 1.739650 -0.057040
v -0.051118 1.710392 -0.058663
v -0.022712 1.705965 -0.095869
v 0.018176 1.712197 -0.131491
v 0.054371 1.733858 -0.140054
v 0.099024 1.758638 -0.132864
v 0.068850 1.763867 -0.092593
v 0.036972 1.759592 -0.063990
v -0.009043 1.732714 -0.052166
v -0.045814 1.703456 -0.053788
v -0.017408 1.699029 -0.090995
v 0.023480 1.705261 -0.126617
v 0.059675 1.726922 -0.135179
vn 0.5304 -0.6936 0.4874
vn -0.5304 0.6936 -0.4874
vn 0.6025 0.7129 0.3589
vn 0.4125 0.7135 0.5664
vn -0.0898 0.5258 0.8459
vn -0.3273 0.3629 0.8725
vn -0.5947 -0.7142 -0.3691
vn -0.3970 -0.7113 -0.5801
vn 0.1073 -0.5154 -0.8502
vn 0.3373 -0.3548 -0.8720
s 0
usemtl LeafDeep
f 2261//2021 2262//2021 2263//2021 2264//2021 2265//2021 2266//2021 2267//2021 2268//2021
f 2276//2022 2275//2022 2274//2022 2273//2022 2272//2022 2271//2022 2270//2022 2269//2022
f 2261//2023 2262//2023 2270//2023 2269//2023
f 2262//2024 2263//2024 2271//2024 2270//2024
f 2263//2025 2264//2025 2272//2025 2271//2025
f 2264//2026 2265//2026 2273//2026 2272//2026
f 2265//2027 2266//2027 2274//2027 2273//2027
f 2266//2028 2267//2028 2275//2028 2274//2028
f 2267//2029 2268//2029 2276//2029 2275//2029
f 2268//2030 2261//2030 2269//2030 2276//2030
o crown_contour_leaf.041
v 0.428487 1.618881 -0.398955
v 0.474908 1.601795 -0.428554
v 0.519735 1.587337 -0.440756
v 0.575532 1.574061 -0.418072
v 0.616773 1.566304 -0.384803
v 0.573285 1.582207 -0.357902
v 0.516110 1.600477 -0.343709
v 0.472443 1.610730 -0.362562
v 0.425734 1.609341 -0.397766
v 0.472155 1.592255 -0.427366
v 0.516982 1.577798 -0.439568
v 0.572779 1.564521 -0.416883
v 0.614020 1.556765 -0.383614
v 0.570532 1.572667 -0.356714
v 0.513357 1.590937 -0.342520
v 0.469690 1.601190 -0.361373
vn -0.2753 -0.9540 0.1189
vn 0.2753 0.9540 -0.1189
vn -0.5251 0.0456 -0.8498
vn -0.2746 -0.0405 -0.9607
vn 0.3253 -0.2088 -0.9223
vn 0.5754 -0.2626 -0.7745
vn 0.5145 -0.0418 0.8565
vn 0.2547 0.0468 0.9659
vn -0.3446 0.2134 0.9142
vn -0.5855 0.2645 0.7664
s 0
usemtl LeafDeep
f 2277//2031 2278//2031 2279//2031 2280//2031 2281//2031 2282//2031 2283//2031 2284//2031
f 2292//2032 2291//2032 2290//2032 2289//2032 2288//2032 2287//2032 2286//2032 2285//2032
f 2277//2033 2278//2033 2286//2033 2285//2033
f 2278//2034 2279//2034 2287//2034 2286//2034
f 2279//2035 2280//2035 2288//2035 2287//2035
f 2280//2036 2281//2036 2289//2036 2288//2036
f 2281//2037 2282//2037 2290//2037 2289//2037
f 2282//2038 2283//2038 2291//2038 2290//2038
f 2283//2039 2284//2039 2292//2039 2291//2039
f 2284//2040 2277//2040 2285//2040 2292//2040
o leafy_twig.006
v 0.792290 1.328179 0.353991
v -0.128636 1.749090 0.054888
v 0.781919 1.319925 0.373671
v -0.131981 1.746428 0.061236
v 0.770424 1.300000 0.379484
v -0.135689 1.740000 0.063111
v 0.764539 1.280075 0.368026
v -0.137588 1.733572 0.059415
v 0.767710 1.271821 0.346008
v -0.136564 1.730910 0.052312
v 0.778081 1.280075 0.326329
v -0.133219 1.733572 0.045964
v 0.789576 1.300000 0.320516
v -0.129511 1.740000 0.044089
v 0.795461 1.319925 0.331974
v -0.127613 1.746428 0.047785
vn 0.8486 0.4516 0.2756
vn -0.2460 0.9660 -0.0799
vn 0.5868 0.2433 0.7723
vn -0.5036 0.7609 0.4091
vn 0.2967 -0.2596 0.9190
vn -0.7893 0.2658 0.5535
vn 0.1482 -0.7625 0.6298
vn -0.9355 -0.2293 0.2688
vn 0.2282 -0.9708 0.0741
vn -0.8567 -0.4344 -0.2782
vn 0.4900 -0.7625 -0.4226
vn -0.5990 -0.2293 -0.7672
vn 0.7801 -0.2596 -0.5693
vn -0.3134 0.2658 -0.9117
vn 0.9286 0.2433 -0.2801
vn -0.1671 0.7609 -0.6270
vt 1.000000 0.500000
vt 1.000000 1.000000
vt 0.875000 1.000000
vt 0.875000 0.500000
vt 0.750000 1.000000
vt 0.750000 0.500000
vt 0.625000 1.000000
vt 0.625000 0.500000
vt 0.500000 1.000000
vt 0.500000 0.500000
vt 0.375000 1.000000
vt 0.375000 0.500000
vt 0.250000 1.000000
vt 0.250000 0.500000
vt 0.419706 0.419706
vt 0.250000 0.490000
vt 0.080294 0.419706
vt 0.010000 0.250000
vt 0.080294 0.080294
vt 0.250000 0.010000
vt 0.419706 0.080294
vt 0.490000 0.250000
vt 0.125000 1.000000
vt 0.125000 0.500000
vt 0.000000 1.000000
vt 0.000000 0.500000
vt 0.750000 0.490000
vt 0.919706 0.419706
vt 0.990000 0.250000
vt 0.919706 0.080294
vt 0.750000 0.010000
vt 0.580294 0.080294
vt 0.510000 0.250000
vt 0.580294 0.419706
s 1
usemtl WeatheredBark
f 2293/881/2041 2294/882/2042 2296/883/2044 2295/884/2043
f 2295/884/2043 2296/883/2044 2298/885/2046 2297/886/2045
f 2297/886/2045 2298/885/2046 2300/887/2048 2299/888/2047
f 2299/888/2047 2300/887/2048 2302/889/2050 2301/890/2049
f 2301/890/2049 2302/889/2050 2304/891/2052 2303/892/2051
f 2303/892/2051 2304/891/2052 2306/893/2054 2305/894/2053
f 2296/895/2044 2294/896/2042 2308/897/2056 2306/898/2054 2304/899/2052 2302/900/2050 2300/901/2048 2298/902/2046
f 2305/894/2053 2306/893/2054 2308/903/2056 2307/904/2055
f 2307/904/2055 2308/903/2056 2294/905/2042 2293/906/2041
f 2293/907/2041 2295/908/2043 2297/909/2045 2299/910/2047 2301/911/2049 2303/912/2051 2305/913/2053 2307/914/2055
o solid_leaf_crown_lobe.006
v -0.130275 1.593358 -0.096368
v -0.193728 1.626515 -0.205225
v -0.355371 1.662605 -0.268047
v -0.499774 1.604075 -0.269825
v -0.623330 1.609134 -0.170952
v -0.597045 1.664108 -0.035863
v -0.637213 1.620399 0.099208
v -0.508842 1.596155 0.204973
v -0.365378 1.656909 0.211848
v -0.201029 1.638439 0.152055
v -0.142503 1.590671 0.048194
v -0.016271 1.757932 -0.139832
v -0.161797 1.789710 -0.303820
v -0.375428 1.813140 -0.372412
v -0.593954 1.775435 -0.347340
v -0.706941 1.778405 -0.196769
v -0.708066 1.813624 -0.001084
v -0.706359 1.785722 0.186550
v -0.515780 1.770397 0.314503
v -0.307120 1.809439 0.306513
v -0.090531 1.797295 0.204483
v -0.042334 1.760011 0.038147
v -0.071073 1.918958 -0.170214
v -0.245449 1.952115 -0.272369
v -0.403521 1.988205 -0.313888
v -0.602442 1.929675 -0.279268
v -0.648405 1.934734 -0.138588
v -0.655207 1.989708 0.023475
v -0.652963 1.945999 0.173083
v -0.451420 1.921755 0.269412
v -0.296154 1.982509 0.240540
v -0.103857 1.964039 0.140660
v -0.135852 1.916271 -0.002742
v -0.389058 1.600298 -0.030000
v -0.376916 2.009765 -0.021942
v -0.240645 1.596130 -0.066519
v -0.281274 1.613098 -0.131251
v -0.162001 1.609936 -0.150796
v -0.122148 1.690985 -0.209448
v -0.065175 1.677914 -0.135998
v -0.060914 1.769655 -0.228580
v -0.180954 1.691657 -0.251515
v -0.041062 1.840714 -0.170625
v -0.103821 1.854539 -0.245757
v -0.200686 1.887620 -0.290473
v -0.158261 1.935536 -0.221291
v -0.294622 1.983298 -0.166065
v -0.214567 1.966329 -0.103865
v -0.367327 1.625127 -0.167673
v -0.274550 1.644560 -0.236636
v -0.254481 1.725857 -0.302332
v -0.366900 1.750073 -0.343379
v -0.280203 1.809528 -0.354876
v -0.278663 1.888657 -0.327437
v -0.324485 1.970160 -0.293129
v -0.386206 1.879710 -0.361595
v -0.395403 1.995327 -0.189572
v -0.453963 1.605852 -0.164740
v -0.427573 1.633340 -0.268936
v -0.477209 1.715356 -0.330551
v -0.472861 1.801120 -0.376658
v -0.546297 1.675922 -0.306664
v -0.506657 1.878156 -0.349667
v -0.594938 1.871885 -0.311810
v -0.502982 1.958940 -0.296578
v -0.496253 1.976052 -0.165619
v -0.515953 1.607519 -0.111479
v -0.561552 1.606605 -0.220388
v -0.623718 1.688831 -0.271293
v -0.683677 1.712662 -0.193013
v -0.675401 1.771281 -0.271270
v -0.644032 1.851631 -0.259454
v -0.625424 1.932205 -0.208928
v -0.693917 1.842299 -0.180161
v -0.535603 1.977718 -0.089129
v -0.521700 1.625622 -0.033542
v -0.610188 1.636621 -0.103407
v -0.674818 1.716924 -0.093725
v -0.716513 1.793774 -0.116598
v -0.655247 1.718019 -0.020978
v -0.690627 1.879724 -0.074762
v -0.682737 1.913982 0.013497
v -0.651806 1.962221 -0.057557
v -0.542689 1.995821 0.005344
v -0.522439 1.611228 0.045081
v -0.617129 1.642253 0.031673
v -0.682232 1.722512 0.058519
v -0.685828 1.720543 0.159566
v -0.724496 1.800060 0.111764
v -0.694350 1.885312 0.093913
v -0.654085 1.967853 0.098279
v -0.692028 1.850180 0.188924
v -0.522148 1.981428 0.091581
v -0.460011 1.603245 0.101984
v -0.573028 1.608277 0.152090
v -0.592904 1.690713 0.223784
v -0.643869 1.774600 0.253299
v -0.513052 1.670369 0.255860
v -0.593299 1.853513 0.259678
v -0.484601 1.866332 0.292024
v -0.552192 1.933877 0.221247
v -0.424863 1.973444 0.142542
v -0.373047 1.623251 0.109401
v -0.437110 1.626532 0.208411
v -0.436353 1.708824 0.282733
v -0.325726 1.746088 0.281131
v -0.398123 1.794974 0.325184
v -0.403113 1.871624 0.300741
v -0.373787 1.952132 0.254976
v -0.298128 1.875725 0.292545
v -0.323193 1.993451 0.130574
v -0.286420 1.617055 0.075574
v -0.283204 1.647674 0.181952
v -0.214873 1.728611 0.226933
v -0.206910 1.810817 0.274349
v -0.148364 1.700019 0.178677
v -0.177624 1.891411 0.237104
v -0.101673 1.895982 0.171874
v -0.200006 1.973274 0.190600
v -0.232853 1.987254 0.073033
v -0.245086 1.596461 0.013164
v -0.171766 1.614555 0.100125
v -0.096008 1.695639 0.130735
v -0.065671 1.694258 0.044173
v -0.053045 1.773053 0.115499
v -0.083528 1.858439 0.109387
v -0.119855 1.940155 0.068959
v -0.062692 1.823896 0.023932
v -0.220196 1.966661 -0.011641
v -0.136389 1.592014 -0.024087
v -0.057798 1.674101 -0.053941
v -0.022178 1.755487 -0.044469
v -0.049257 1.836148 -0.081571
v -0.103463 1.917614 -0.086478
v -0.234062 1.604702 -0.112751
v -0.076253 1.712964 -0.199366
v -0.153287 1.667518 -0.209545
v -0.058790 1.821497 -0.223570
v -0.151463 1.889107 -0.257178
v -0.226890 1.965732 -0.157689
v -0.310930 1.627009 -0.172010
v -0.231024 1.690601 -0.267697
v -0.292009 1.760155 -0.338058
v -0.263493 1.912190 -0.306384
v -0.307440 1.864166 -0.352997
v -0.339569 1.988039 -0.207425
v -0.415543 1.620059 -0.193682
v -0.446319 1.753185 -0.356093
v -0.489947 1.676681 -0.307404
v -0.462457 1.857196 -0.370231
v -0.540568 1.898270 -0.325383
v -0.461627 1.981090 -0.209190
v -0.506742 1.603501 -0.160313
v -0.580955 1.658857 -0.273615
v -0.666111 1.719429 -0.254949
v -0.624205 1.880446 -0.266612
v -0.675199 1.823441 -0.245191
v -0.545544 1.964531 -0.149083
v -0.541729 1.622092 -0.080475
v -0.698790 1.738078 -0.131214
v -0.648620 1.696097 -0.070042
v -0.707259 1.842090 -0.120501
v -0.676585 1.917686 -0.038449
v -0.565864 1.983122 -0.045609
v -0.546290 1.625580 0.012421
v -0.653358 1.699852 0.022286
v -0.708051 1.745189 0.106950
v -0.678343 1.921441 0.067140
v -0.713672 1.849200 0.130347
v -0.565223 1.986610 0.061573
v -0.514532 1.604537 0.094671
v -0.644409 1.724080 0.220594
v -0.557957 1.657699 0.218180
v -0.648424 1.828091 0.244061
v -0.543105 1.879288 0.264683
v -0.495232 1.965567 0.145402
v -0.422195 1.615843 0.133263
v -0.464567 1.669869 0.256077
v -0.394608 1.747128 0.304196
v -0.422571 1.891458 0.288147
v -0.372658 1.851140 0.313858
v -0.373594 1.976873 0.168578
v -0.316995 1.628937 0.115651
v -0.241280 1.760264 0.263755
v -0.206039 1.696099 0.198024
v -0.218779 1.864275 0.272364
v -0.150482 1.917688 0.203082
v -0.255385 1.989968 0.125007
v -0.240541 1.607739 0.059187
v -0.130782 1.674020 0.141573
v -0.067410 1.717549 0.105598
v -0.095213 1.895608 0.121194
v -0.064028 1.821560 0.089876
v -0.198894 1.968770 0.041186
v -0.215555 1.592916 -0.025963
v -0.042276 1.703292 -0.023042
v -0.079803 1.647201 -0.074078
v -0.039421 1.807303 -0.039632
v -0.057853 1.864267 -0.115672
v -0.187717 1.953946 -0.065245
vn -0.9743 -0.1022 0.2008
vn -0.7063 -0.0918 0.7020
vn -0.0867 -0.0390 0.9955
vn 0.3213 -0.2664 0.9087
vn 0.9105 0.0374 0.4119
vn 0.8251 -0.5570 -0.0940
vn 0.9264 0.0396 -0.3744
vn 0.4410 -0.2712 -0.8556
vn -0.1971 -0.0029 -0.9804
vn -0.6040 0.0438 -0.7958
vn -0.9477 -0.2663 -0.1757
vn -0.9759 0.1231 0.1801
vn -0.4731 0.1171 0.8732
vn -0.1184 0.1050 0.9874
vn 0.4622 0.1038 0.8807
vn 0.9670 0.0503 0.2497
vn 0.9978 0.0521 0.0416
vn 0.8785 0.1315 -0.4593
vn 0.2493 0.1380 -0.9586
vn -0.2602 0.1230 -0.9577
vn -0.7501 0.0785 -0.6567
vn -0.9824 0.0031 -0.1868
vn -0.9324 -0.0340 0.3599
vn -0.2400 0.4237 0.8734
vn -0.0907 0.5099 0.8554
vn 0.6709 0.1960 0.7152
vn 0.9185 0.3804 0.1083
vn 0.7149 0.6990 0.0153
vn 0.9181 0.0864 -0.3868
vn 0.0774 0.1238 -0.9893
vn -0.3554 0.5570 -0.7506
vn -0.8033 0.3614 -0.4734
vn -0.5483 0.8032 -0.2329
vn -0.0280 -0.9996 -0.0013
vn 0.0279 0.9996 -0.0006
vn -0.0565 -0.9920 -0.1128
vn -0.0710 -0.9693 -0.2354
vn -0.8030 -0.4352 0.4072
vn -0.4971 0.5893 0.6369
vn -0.7254 0.6119 0.3152
vn -0.7217 0.2076 0.6603
vn -0.3845 0.5569 0.7362
vn -0.9225 -0.3251 0.2081
vn -0.5927 -0.3484 0.7262
vn -0.4456 -0.4200 0.7906
vn -0.3170 0.5688 0.7590
vn 0.2211 0.9698 -0.1029
vn 0.2933 0.9560 -0.0097
vn 0.1036 -0.9672 -0.2319
vn -0.3946 -0.5282 0.7518
vn -0.2381 0.5537 0.7979
vn -0.1253 0.5197 0.8451
vn -0.3092 0.0725 0.9482
vn -0.3589 -0.3901 0.8479
vn -0.1364 0.5604 0.8169
vn -0.0881 -0.3219 0.9427
vn -0.0343 0.9960 -0.0823
vn 0.1212 -0.9894 -0.0796
vn 0.2014 -0.5409 0.8166
vn -0.0153 0.5132 0.8581
vn 0.1011 0.1225 0.9873
vn 0.2271 0.5343 0.8142
vn 0.2721 -0.3724 0.8873
vn 0.5913 -0.3465 0.7282
vn 0.0295 0.5238 0.8513
vn -0.2288 0.9683 -0.1005
vn -0.1308 -0.9812 0.1420
vn 0.5427 -0.4010 0.7381
vn 0.5762 0.5462 0.6081
vn 0.8719 0.4580 0.1729
vn 0.8044 0.0317 0.5933
vn 0.7531 -0.3960 0.5254
vn 0.6818 0.6848 0.2573
vn 0.8709 -0.3998 0.2859
vn -0.1837 0.9657 -0.1838
vn -0.2769 -0.9607 0.0166
vn 0.8429 -0.5379 0.0117
vn 0.8254 0.5250 -0.2077
vn 0.9970 0.0765 -0.0104
vn 0.8123 0.5829 0.0200
vn 0.9238 -0.3763 0.0703
vn 0.9439 -0.3284 0.0341
vn 0.8001 0.5811 -0.1488
vn -0.0881 0.9959 -0.0183
vn -0.1637 -0.9746 -0.1526
vn 0.7950 -0.6038 0.0584
vn 0.8656 0.4547 0.2098
vn 0.7997 0.5067 -0.3219
vn 0.9988 0.0451 -0.0192
vn 0.9274 -0.3727 -0.0327
vn 0.8206 0.5497 0.1563
vn 0.8054 -0.3103 -0.5050
vn -0.0538 0.9676 0.2468
vn 0.0898 -0.9952 0.0380
vn 0.4928 -0.4397 -0.7509
vn 0.4812 0.5664 -0.6690
vn 0.5726 0.1741 -0.8011
vn 0.2190 0.5604 -0.7987
vn 0.3940 -0.3652 -0.8434
vn 0.2108 -0.3968 -0.8934
vn 0.3841 0.6198 -0.6844
vn -0.1320 0.9580 0.2544
vn 0.1361 -0.9686 0.2081
vn 0.2159 -0.4484 -0.8674
vn -0.0968 0.5705 -0.8156
vn -0.2547 0.5436 -0.7997
vn -0.0439 0.0851 -0.9954
vn 0.0719 -0.3861 -0.9197
vn -0.2841 0.5536 -0.7828
vn -0.2108 -0.3236 -0.9224
vn -0.0458 0.9906 0.1291
vn -0.0498 -0.9648 0.2583
vn -0.3401 -0.5586 -0.7565
vn -0.3254 0.5520 -0.7677
vn -0.4219 0.1390 -0.8959
vn -0.4274 0.5500 -0.7176
vn -0.4865 -0.3667 -0.7930
vn -0.8373 -0.3105 -0.4500
vn -0.3613 0.5522 -0.7514
vn 0.2214 0.9717 -0.0820
vn -0.0771 -0.9875 0.1376
vn -0.8585 -0.3840 -0.3398
vn -0.6850 0.5358 -0.4937
vn -0.8540 0.4691 -0.2249
vn -0.9575 0.0163 -0.2880
vn -0.9303 -0.3628 -0.0537
vn -0.6547 0.7469 -0.1160
vn -0.8715 -0.4796 -0.1026
vn 0.3555 0.9305 -0.0886
vn -0.9202 -0.3877 -0.0538
vn -0.8322 0.5533 -0.0353
vn -0.9916 0.0237 -0.1268
vn -0.8716 -0.4649 -0.1552
vn -0.6938 0.6737 -0.2546
vn -0.0728 -0.9703 -0.2306
vn -0.6051 0.5554 0.5704
vn -0.5309 0.5940 0.6045
vn -0.7682 -0.2046 0.6066
vn -0.4977 -0.4685 0.7299
vn 0.2639 0.9582 -0.1105
vn -0.0598 -0.9590 -0.2769
vn -0.2222 0.5936 0.7735
vn -0.2041 0.4921 0.8463
vn -0.3636 -0.4569 0.8118
vn -0.2716 -0.3026 0.9136
vn 0.1934 0.9739 -0.1191
vn 0.2866 -0.9380 -0.1947
vn -0.0329 0.4970 0.8671
vn -0.0850 0.4750 0.8759
vn 0.1081 -0.2692 0.9570
vn 0.3448 -0.4509 0.8233
vn -0.2492 0.9651 -0.0806
vn -0.0273 -0.9996 0.0085
vn 0.4469 0.6342 0.6309
vn 0.7573 0.4312 0.4905
vn 0.8348 -0.3116 0.4540
vn 0.7845 -0.3810 0.4893
vn -0.2557 0.9578 -0.1316
vn -0.2823 -0.9100 0.3036
vn 0.9047 0.4214 -0.0628
vn 0.7172 0.6254 -0.3076
vn 0.9344 -0.3452 0.0879
vn 0.9219 -0.3720 0.1081
vn -0.1515 0.9550 -0.2551
vn -0.2805 -0.9199 -0.2741
vn 0.7873 0.5255 0.3225
vn 0.9178 0.3959 0.0291
vn 0.9303 -0.3627 -0.0545
vn 0.9402 -0.3172 -0.1239
vn -0.0634 0.9715 0.2283
vn -0.0970 -0.9927 -0.0711
vn 0.5690 0.5315 -0.6275
vn 0.5077 0.5595 -0.6551
vn 0.5762 -0.2456 -0.7795
vn 0.3069 -0.4624 -0.8319
vn -0.0573 0.9495 0.3084
vn 0.2897 -0.9415 0.1725
vn -0.1105 0.6016 -0.7912
vn -0.1544 0.5124 -0.8447
vn 0.0777 -0.4317 -0.8986
vn -0.0474 -0.2991 -0.9531
vn -0.2345 0.9460 0.2239
vn 0.0074 -0.9673 0.2536
vn -0.3106 0.5170 -0.7977
vn -0.2775 0.5628 -0.7786
vn -0.3835 -0.2725 -0.8824
vn -0.5231 -0.4335 -0.7338
vn 0.1239 0.9894 0.0760
vn -0.1094 -0.9461 0.3049
vn -0.4954 0.6310 -0.5971
vn -0.8549 0.4140 -0.3127
vn -0.9749 -0.2107 0.0726
vn -0.9071 -0.4068 -0.1080
vn 0.3765 0.8858 -0.2712
vn -0.0350 -0.9993 -0.0092
vn -0.8906 0.4264 -0.1580
vn -0.7651 0.6434 0.0250
vn -0.8877 -0.4353 -0.1501
vn -0.8704 -0.4439 -0.2130
vn 0.3847 0.9179 0.0978
s 1
usemtl Leaf
f 2342//2090 2345//2093 2443//2191 2344//2092
f 2310//2058 2346//2094 2443//2191 2345//2093
f 2309//2057 2344//2092 2443//2191 2346//2094
f 2309//2057 2348//2096 2444//2192 2347//2095
f 2320//2068 2349//2097 2444//2192 2348//2096
f 2321//2069 2347//2095 2444//2192 2349//2097
f 2309//2057 2347//2095 2445//2193 2346//2094
f 2321//2069 2350//2098 2445//2193 2347//2095
f 2310//2058 2346//2094 2445//2193 2350//2098
f 2320//2068 2351//2099 2446//2194 2349//2097
f 2331//2079 2352//2100 2446//2194 2351//2099
f 2321//2069 2349//2097 2446//2194 2352//2100
f 2321//2069 2352//2100 2447//2195 2353//2101
f 2331//2079 2354//2102 2447//2195 2352//2100
f 2332//2080 2353//2101 2447//2195 2354//2102
f 2343//2091 2356//2104 2448//2196 2355//2103
f 2331//2079 2354//2102 2448//2196 2356//2104
f 2332//2080 2355//2103 2448//2196 2354//2102
f 2342//2090 2357//2105 2449//2197 2345//2093
f 2311//2059 2358//2106 2449//2197 2357//2105
f 2310//2058 2345//2093 2449//2197 2358//2106
f 2310//2058 2350//2098 2450//2198 2358//2106
f 2321//2069 2359//2107 2450//2198 2350//2098
f 2311//2059 2358//2106 2450//2198 2359//2107
f 2311//2059 2359//2107 2451//2199 2360//2108
f 2321//2069 2361//2109 2451//2199 2359//2107
f 2322//2070 2360//2108 2451//2199 2361//2109
f 2321//2069 2353//2101 2452//2200 2362//2110
f 2332//2080 2363//2111 2452//2200 2353//2101
f 2333//2081 2362//2110 2452//2200 2363//2111
f 2321//2069 2362//2110 2453//2201 2361//2109
f 2333//2081 2364//2112 2453//2201 2362//2110
f 2322//2070 2361//2109 2453//2201 2364//2112
f 2343//2091 2355//2103 2454//2202 2365//2113
f 2332//2080 2363//2111 2454//2202 2355//2103
f 2333//2081 2365//2113 2454//2202 2363//2111
f 2342//2090 2366//2114 2455//2203 2357//2105
f 2312//2060 2367//2115 2455//2203 2366//2114
f 2311//2059 2357//2105 2455//2203 2367//2115
f 2311//2059 2360//2108 2456//2204 2368//2116
f 2322//2070 2369//2117 2456//2204 2360//2108
f 2323//2071 2368//2116 2456//2204 2369//2117
f 2311//2059 2368//2116 2457//2205 2367//2115
f 2323//2071 2370//2118 2457//2205 2368//2116
f 2312//2060 2367//2115 2457//2205 2370//2118
f 2322//2070 2364//2112 2458//2206 2369//2117
f 2333//2081 2371//2119 2458//2206 2364//2112
f 2323//2071 2369//2117 2458//2206 2371//2119
f 2323//2071 2371//2119 2459//2207 2372//2120
f 2333//2081 2373//2121 2459//2207 2371//2119
f 2334//2082 2372//2120 2459//2207 2373//2121
f 2343//2091 2365//2113 2460//2208 2374//2122
f 2333//2081 2373//2121 2460//2208 2365//2113
f 2334//2082 2374//2122 2460//2208 2373//2121
f 2342//2090 2375//2123 2461//2209 2366//2114
f 2313//2061 2376//2124 2461//2209 2375//2123
f 2312//2060 2366//2114 2461//2209 2376//2124
f 2312//2060 2370//2118 2462//2210 2376//2124
f 2323//2071 2377//2125 2462//2210 2370//2118
f 2313//2061 2376//2124 2462//2210 2377//2125
f 2313//2061 2377//2125 2463//2211 2378//2126
f 2323//2071 2379//2127 2463//2211 2377//2125
f 2324//2072 2378//2126 2463//2211 2379//2127
f 2323//2071 2372//2120 2464//2212 2380//2128
f 2334//2082 2381//2129 2464//2212 2372//2120
f 2335//2083 2380//2128 2464//2212 2381//2129
f 2323//2071 2380//2128 2465//2213 2379//2127
f 2335//2083 2382//2130 2465//2213 2380//2128
f 2324//2072 2379//2127 2465//2213 2382//2130
f 2343//2091 2374//2122 2466//2214 2383//2131
f 2334//2082 2381//2129 2466//2214 2374//2122
f 2335//2083 2383//2131 2466//2214 2381//2129
f 2342//2090 2384//2132 2467//2215 2375//2123
f 2314//2062 2385//2133 2467//2215 2384//2132
f 2313//2061 2375//2123 2467//2215 2385//2133
f 2313//2061 2378//2126 2468//2216 2386//2134
f 2324//2072 2387//2135 2468//2216 2378//2126
f 2325//2073 2386//2134 2468//2216 2387//2135
f 2313//2061 2386//2134 2469//2217 2385//2133
f 2325//2073 2388//2136 2469//2217 2386//2134
f 2314//2062 2385//2133 2469//2217 2388//2136
f 2324//2072 2382//2130 2470//2218 2387//2135
f 2335//2083 2389//2137 2470//2218 2382//2130
f 2325//2073 2387//2135 2470//2218 2389//2137
f 2325//2073 2389//2137 2471//2219 2390//2138
f 2335//2083 2391//2139 2471//2219 2389//2137
f 2336//2084 2390//2138 2471//2219 2391//2139
f 2343//2091 2383//2131 2472//2220 2392//2140
f 2335//2083 2391//2139 2472//2220 2383//2131
f 2336//2084 2392//2140 2472//2220 2391//2139
f 2342//2090 2393//2141 2473//2221 2384//2132
f 2315//2063 2394//2142 2473//2221 2393//2141
f 2314//2062 2384//2132 2473//2221 2394//2142
f 2314//2062 2388//2136 2474//2222 2394//2142
f 2325//2073 2395//2143 2474//2222 2388//2136
f 2315//2063 2394//2142 2474//2222 2395//2143
f 2315//2063 2395//2143 2475//2223 2396//2144
f 2325//2073 2397//2145 2475//2223 2395//2143
f 2326//2074 2396//2144 2475//2223 2397//2145
f 2325//2073 2390//2138 2476//2224 2398//2146
f 2336//2084 2399//2147 2476//2224 2390//2138
f 2337//2085 2398//2146 2476//2224 2399//2147
f 2325//2073 2398//2146 2477//2225 2397//2145
f 2337//2085 2400//2148 2477//2225 2398//2146
f 2326//2074 2397//2145 2477//2225 2400//2148
f 2343//2091 2392//2140 2478//2226 2401//2149
f 2336//2084 2399//2147 2478//2226 2392//2140
f 2337//2085 2401//2149 2478//2226 2399//2147
f 2342//2090 2402//2150 2479//2227 2393//2141
f 2316//2064 2403//2151 2479//2227 2402//2150
f 2315//2063 2393//2141 2479//2227 2403//2151
f 2315//2063 2396//2144 2480//2228 2404//2152
f 2326//2074 2405//2153 2480//2228 2396//2144
f 2327//2075 2404//2152 2480//2228 2405//2153
f 2315//2063 2404//2152 2481//2229 2403//2151
f 2327//2075 2406//2154 2481//2229 2404//2152
f 2316//2064 2403//2151 2481//2229 2406//2154
f 2326//2074 2400//2148 2482//2230 2405//2153
f 2337//2085 2407//2155 2482//2230 2400//2148
f 2327//2075 2405//2153 2482//2230 2407//2155
f 2327//2075 2407//2155 2483//2231 2408//2156
f 2337//2085 2409//2157 2483//2231 2407//2155
f 2338//2086 2408//2156 2483//2231 2409//2157
f 2343//2091 2401//2149 2484//2232 2410//2158
f 2337//2085 2409//2157 2484//2232 2401//2149
f 2338//2086 2410//2158 2484//2232 2409//2157
f 2342//2090 2411//2159 2485//2233 2402//2150
f 2317//2065 2412//2160 2485//2233 2411//2159
f 2316//2064 2402//2150 2485//2233 2412//2160
f 2316//2064 2406//2154 2486//2234 2412//2160
f 2327//2075 2413//2161 2486//2234 2406//2154
f 2317//2065 2412//2160 2486//2234 2413//2161
f 2317//2065 2413//2161 2487//2235 2414//2162
f 2327//2075 2415//2163 2487//2235 2413//2161
f 2328//2076 2414//2162 2487//2235 2415//2163
f 2327//2075 2408//2156 2488//2236 2416//2164
f 2338//2086 2417//2165 2488//2236 2408//2156
f 2339//2087 2416//2164 2488//2236 2417//2165
f 2327//2075 2416//2164 2489//2237 2415//2163
f 2339//2087 2418//2166 2489//2237 2416//2164
f 2328//2076 2415//2163 2489//2237 2418//2166
f 2343//2091 2410//2158 2490//2238 2419//2167
f 2338//2086 2417//2165 2490//2238 2410//2158
f 2339//2087 2419//2167 2490//2238 2417//2165
f 2342//2090 2420//2168 2491//2239 2411//2159
f 2318//2066 2421//2169 2491//2239 2420//2168
f 2317//2065 2411//2159 2491//2239 2421//2169
f 2317//2065 2414//2162 2492//2240 2422//2170
f 2328//2076 2423//2171 2492//2240 2414//2162
f 2329//2077 2422//2170 2492//2240 2423//2171
f 2317//2065 2422//2170 2493//2241 2421//2169
f 2329//2077 2424//2172 2493//2241 2422//2170
f 2318//2066 2421//2169 2493//2241 2424//2172
f 2328//2076 2418//2166 2494//2242 2423//2171
f 2339//2087 2425//2173 2494//2242 2418//2166
f 2329//2077 2423//2171 2494//2242 2425//2173
f 2329//2077 2425//2173 2495//2243 2426//2174
f 2339//2087 2427//2175 2495//2243 2425//2173
f 2340//2088 2426//2174 2495//2243 2427//2175
f 2343//2091 2419//2167 2496//2244 2428//2176
f 2339//2087 2427//2175 2496//2244 2419//2167
f 2340//2088 2428//2176 2496//2244 2427//2175
f 2342//2090 2429//2177 2497//2245 2420//2168
f 2319//2067 2430//2178 2497//2245 2429//2177
f 2318//2066 2420//2168 2497//2245 2430//2178
f 2318//2066 2424//2172 2498//2246 2430//2178
f 2329//2077 2431//2179 2498//2246 2424//2172
f 2319//2067 2430//2178 2498//2246 2431//2179
f 2319//2067 2431//2179 2499//2247 2432//2180
f 2329//2077 2433//2181 2499//2247 2431//2179
f 2330//2078 2432//2180 2499//2247 2433//2181
f 2329//2077 2426//2174 2500//2248 2434//2182
f 2340//2088 2435//2183 2500//2248 2426//2174
f 2341//2089 2434//2182 2500//2248 2435//2183
f 2329//2077 2434//2182 2501//2249 2433//2181
f 2341//2089 2436//2184 2501//2249 2434//2182
f 2330//2078 2433//2181 2501//2249 2436//2184
f 2343//2091 2428//2176 2502//2250 2437//2185
f 2340//2088 2435//2183 2502//2250 2428//2176
f 2341//2089 2437//2185 2502//2250 2435//2183
f 2342//2090 2344//2092 2503//2251 2429//2177
f 2309//2057 2438//2186 2503//2251 2344//2092
f 2319//2067 2429//2177 2503//2251 2438//2186
f 2319//2067 2432//2180 2504//2252 2439//2187
f 2330//2078 2440//2188 2504//2252 2432//2180
f 2320//2068 2439//2187 2504//2252 2440//2188
f 2319//2067 2439//2187 2505//2253 2438//2186
f 2320//2068 2348//2096 2505//2253 2439//2187
f 2309//2057 2438//2186 2505//2253 2348//2096
f 2330//2078 2436//2184 2506//2254 2440//2188
f 2341//2089 2441//2189 2506//2254 2436//2184
f 2320//2068 2440//2188 2506//2254 2441//2189
f 2320//2068 2441//2189 2507//2255 2351//2099
f 2341//2089 2442//2190 2507//2255 2441//2189
f 2331//2079 2351//2099 2507//2255 2442//2190
f 2343//2091 2437//2185 2508//2256 2356//2104
f 2341//2089 2442//2190 2508//2256 2437//2185
f 2331//2079 2356//2104 2508//2256 2442//2190
o crown_contour_leaf.042
v -0.521842 1.843548 0.009263
v -0.535513 1.826458 0.045459
v -0.555770 1.816493 0.070041
v -0.597298 1.819205 0.076661
v -0.635100 1.827795 0.071106
v -0.621936 1.843475 0.037722
v -0.595509 1.855638 0.007236
v -0.562536 1.853077 0.002752
v -0.523153 1.834784 0.004630
v -0.536824 1.817694 0.040826
v -0.557081 1.807729 0.065408
v -0.598609 1.810440 0.072028
v -0.636411 1.819031 0.066473
v -0.623247 1.834710 0.033089
v -0.596820 1.846874 0.002603
v -0.563846 1.844312 -0.001882
vn -0.1311 -0.8764 -0.4633
vn 0.1311 0.8764 0.4633
vn 0.9372 -0.2619 0.2303
vn 0.7839 -0.3778 0.4928
vn 0.1079 -0.4772 0.8722
vn -0.2259 -0.4286 0.8748
vn -0.9326 0.2675 -0.2421
vn -0.7678 0.3854 -0.5118
vn -0.0822 0.4754 -0.8759
vn 0.2393 0.4256 -0.8727
s 0
usemtl Leaf
f 2509//2257 2510//2257 2511//2257 2512//2257 2513//2257 2514//2257 2515//2257 2516//2257
f 2524//2258 2523//2258 2522//2258 2521//2258 2520//2258 2519//2258 2518//2258 2517//2258
f 2509//2259 2510//2259 2518//2259 2517//2259
f 2510//2260 2511//2260 2519//2260 2518//2260
f 2511//2261 2512//2261 2520//2261 2519//2261
f 2512//2262 2513//2262 2521//2262 2520//2262
f 2513//2263 2514//2263 2522//2263 2521//2263
f 2514//2264 2515//2264 2523//2264 2522//2264
f 2515//2265 2516//2265 2524//2265 2523//2265
f 2516//2266 2509//2266 2517//2266 2524//2266
o crown_contour_leaf.043
v -0.022880 1.938980 0.033613
v 0.026242 1.944270 0.033383
v 0.063461 1.944260 0.045069
v 0.086167 1.932418 0.087143
v 0.092658 1.918509 0.130236
v 0.047156 1.913813 0.129849
v 0.000540 1.914253 0.113949
v -0.016544 1.923865 0.080222
v -0.021880 1.929556 0.030421
v 0.027242 1.934846 0.030191
v 0.064461 1.934837 0.041876
v 0.087167 1.922994 0.083950
v 0.093658 1.909085 0.127044
v 0.048156 1.904389 0.126656
v 0.001540 1.904829 0.110757
v -0.015544 1.914441 0.077030
vn 0.1000 -0.9424 -0.3192
vn -0.1000 0.9424 0.3192
vn -0.0386 0.3169 -0.9477
vn 0.2824 0.3345 -0.8991
vn 0.8818 0.2326 -0.4104
vn 0.9848 0.1395 -0.1033
vn 0.0248 -0.3184 0.9476
vn -0.3071 -0.3344 0.8910
vn -0.8934 -0.2262 0.3881
vn -0.9867 -0.1353 0.0903
s 0
usemtl Leaf
f 2525//2267 2526//2267 2527//2267 2528//2267 2529//2267 2530//2267 2531//2267 2532//2267
f 2540//2268 2539//2268 2538//2268 2537//2268 2536//2268 2535//2268 2534//2268 2533//2268
f 2525//2269 2526//2269 2534//2269 2533//2269
f 2526//2270 2527//2270 2535//2270 2534//2270
f 2527//2271 2528//2271 2536//2271 2535//2271
f 2528//2272 2529//2272 2537//2272 2536//2272
f 2529//2273 2530//2273 2538//2273 2537//2273
f 2530//2274 2531//2274 2539//2274 2538//2274
f 2531//2275 2532//2275 2540//2275 2539//2275
f 2532//2276 2525//2276 2533//2276 2540//2276
o crown_contour_leaf.044
v -0.524400 1.820718 -0.173828
v -0.562913 1.832104 -0.213591
v -0.585868 1.830727 -0.251856
v -0.581531 1.800408 -0.299181
v -0.563985 1.765536 -0.334027
v -0.528626 1.755495 -0.296783
v -0.500538 1.758286 -0.247989
v -0.504888 1.782844 -0.210961
v -0.531192 1.812949 -0.169473
v -0.569705 1.824336 -0.209236
v -0.592661 1.822958 -0.247502
v -0.588323 1.792640 -0.294827
v -0.570777 1.757767 -0.329673
v -0.535418 1.747727 -0.292429
v -0.507330 1.750517 -0.243634
v -0.511680 1.775076 -0.206606
vn -0.6064 -0.6936 0.3888
vn 0.6064 0.6936 -0.3888
vn -0.4097 0.6916 0.5948
vn -0.6065 0.7197 0.3379
vn -0.7914 0.4792 -0.3795
vn -0.7210 0.2735 -0.6367
vn 0.4191 -0.6943 -0.5850
vn 0.6196 -0.7187 -0.3156
vn 0.7891 -0.4651 0.4012
vn 0.7163 -0.2642 0.6459
s 0
usemtl Leaf
f 2541//2277 2542//2277 2543//2277 2544//2277 2545//2277 2546//2277 2547//2277 2548//2277
f 2556//2278 2555//2278 2554//2278 2553//2278 2552//2278 2551//2278 2550//2278 2549//2278
f 2541//2279 2542//2279 2550//2279 2549//2279
f 2542//2280 2543//2280 2551//2280 2550//2280
f 2543//2281 2544//2281 2552//2281 2551//2281
f 2544//2282 2545//2282 2553//2282 2552//2282
f 2545//2283 2546//2283 2554//2283 2553//2283
f 2546//2284 2547//2284 2555//2284 2554//2284
f 2547//2285 2548//2285 2556//2285 2555//2285
f 2548//2286 2541//2286 2549//2286 2556//2286
o crown_contour_leaf.045
v -0.407952 1.928558 -0.063374
v -0.379150 1.912110 -0.019461
v -0.365325 1.897953 0.024249
v -0.380454 1.884320 0.081672
v -0.405726 1.875981 0.125429
v -0.432000 1.891302 0.084224
v -0.448465 1.909215 0.028365
v -0.435685 1.919769 -0.016662
v -0.409375 1.919018 -0.066014
v -0.380573 1.902571 -0.022101
v -0.366748 1.888413 0.021609
v -0.381877 1.874780 0.079032
v -0.407149 1.866442 0.122789
v -0.433423 1.881763 0.081585
v -0.449888 1.899675 0.025726
v -0.437108 1.910229 -0.019302
vn -0.1423 -0.9540 -0.2640
vn 0.1423 0.9540 0.2640
vn 0.8401 0.0246 -0.5418
vn 0.9470 -0.0536 -0.3169
vn 0.9582 -0.1997 0.2050
vn 0.8580 -0.2518 0.4476
vn -0.8465 -0.0209 0.5320
vn -0.9522 0.0591 0.2996
vn -0.9533 0.2038 -0.2228
vn -0.8519 0.2538 -0.4580
s 0
usemtl Leaf
f 2557//2287 2558//2287 2559//2287 2560//2287 2561//2287 2562//2287 2563//2287 2564//2287
f 2572//2288 2571//2288 2570//2288 2569//2288 2568//2288 2567//2288 2566//2288 2565//2288
f 2557//2289 2558//2289 2566//2289 2565//2289
f 2558//2290 2559//2290 2567//2290 2566//2290
f 2559//2291 2560//2291 2568//2291 2567//2291
f 2560//2292 2561//2292 2569//2292 2568//2292
f 2561//2293 2562//2293 2570//2293 2569//2293
f 2562//2294 2563//2294 2571//2294 2570//2294
f 2563//2295 2564//2295 2572//2295 2571//2295
f 2564//2296 2557//2296 2565//2296 2572//2296
o crown_contour_leaf.046
v -0.093443 1.762929 -0.158446
v -0.102288 1.743621 -0.198851
v -0.097874 1.732612 -0.231077
v -0.062429 1.736563 -0.255484
v -0.023180 1.747176 -0.266681
v -0.015549 1.764878 -0.229172
v -0.022261 1.778281 -0.188638
v -0.050871 1.774676 -0.169993
v -0.090088 1.754165 -0.154992
v -0.098933 1.734857 -0.195398
v -0.094519 1.723848 -0.227623
v -0.059074 1.727799 -0.252031
v -0.019825 1.738412 -0.263228
v -0.012194 1.756114 -0.225719
v -0.018906 1.769517 -0.185185
v -0.047516 1.765912 -0.166539
vn 0.3355 -0.8764 0.3454
vn -0.3355 0.8764 -0.3454
vn -0.9219 -0.2301 0.3118
vn -0.9332 -0.3593 -0.0051
vn -0.4634 -0.4727 -0.7495
vn -0.1458 -0.4105 -0.9001
vn 0.9245 0.2359 -0.2994
vn 0.9291 0.3683 0.0321
vn 0.4396 0.4699 0.7654
vn 0.1328 0.4070 0.9037
s 0
usemtl Leaf
f 2573//2297 2574//2297 2575//2297 2576//2297 2577//2297 2578//2297 2579//2297 2580//2297
f 2588//2298 2587//2298 2586//2298 2585//2298 2584//2298 2583//2298 2582//2298 2581//2298
f 2573//2299 2574//2299 2582//2299 2581//2299
f 2574//2300 2575//2300 2583//2300 2582//2300
f 2575//2301 2576//2301 2584//2301 2583//2301
f 2576//2302 2577//2302 2585//2302 2584//2302
f 2577//2303 2578//2303 2586//2303 2585//2303
f 2578//2304 2579//2304 2587//2304 2586//2304
f 2579//2305 2580//2305 2588//2305 2587//2305
f 2580//2306 2573//2306 2581//2306 2588//2306
o crown_contour_leaf.047
v -0.570722 1.864253 -0.047144
v -0.614280 1.871000 -0.018195
v -0.652870 1.871677 -0.007833
v -0.692877 1.859019 -0.035608
v -0.718948 1.843782 -0.073860
v -0.678318 1.837757 -0.100089
v -0.629389 1.837382 -0.111835
v -0.598312 1.847680 -0.088916
v -0.569924 1.853698 -0.043483
v -0.613482 1.860445 -0.014534
v -0.652072 1.861122 -0.004172
v -0.692079 1.848464 -0.031947
v -0.718151 1.833227 -0.070199
v -0.677520 1.827202 -0.096429
v -0.628591 1.826827 -0.108174
v -0.597515 1.837125 -0.085256
vn 0.0712 -0.9424 0.3268
vn -0.0712 0.9424 -0.3268
vn 0.5592 0.3091 0.7693
vn 0.2499 0.3341 0.9088
vn -0.6024 0.2205 0.7671
vn -0.8419 0.1189 0.5264
vn -0.5476 -0.3108 -0.7769
vn -0.2224 -0.3344 -0.9158
vn 0.6247 -0.2133 -0.7512
vn 0.8492 -0.1146 -0.5155
s 0
usemtl Leaf
f 2589//2307 2590//2307 2591//2307 2592//2307 2593//2307 2594//2307 2595//2307 2596//2307
f 2604//2308 2603//2308 2602//2308 2601//2308 2600//2308 2599//2308 2598//2308 2597//2308
f 2589//2309 2590//2309 2598//2309 2597//2309
f 2590//2310 2591//2310 2599//2310 2598//2310
f 2591//2311 2592//2311 2600//2311 2599//2311
f 2592//2312 2593//2312 2601//2312 2600//2312
f 2593//2313 2594//2313 2602//2313 2601//2313
f 2594//2314 2595//2314 2603//2314 2602//2314
f 2595//2315 2596//2315 2604//2315 2603//2315
f 2596//2316 2589//2316 2597//2316 2604//2316
o leafy_twig.007
v -0.591288 1.507219 -0.529628
v -0.053241 1.868780 -0.070706
v -0.573757 1.499247 -0.543486
v -0.047586 1.866209 -0.075176
v -0.559883 1.480000 -0.543586
v -0.043111 1.860000 -0.075208
v -0.557793 1.460753 -0.529869
v -0.042436 1.853791 -0.070784
v -0.568712 1.452781 -0.510372
v -0.045959 1.851220 -0.064494
v -0.586243 1.460753 -0.496514
v -0.051614 1.853791 -0.060024
v -0.600117 1.480000 -0.496414
v -0.056089 1.860000 -0.059992
v -0.602207 1.499247 -0.510131
v -0.056764 1.866209 -0.064416
vn -0.7000 0.3918 -0.5971
vn 0.1479 0.9809 0.1261
vn -0.2564 0.1901 -0.9477
vn 0.5824 0.7834 -0.2173
vn 0.0946 -0.2969 -0.9502
vn 0.9262 0.3064 -0.2197
vn 0.1475 -0.7839 -0.6032
vn 0.9780 -0.1706 0.1202
vn -0.1288 -0.9856 -0.1098
vn 0.7074 -0.3682 0.6034
vn -0.5723 -0.7839 0.2408
vn 0.2729 -0.1706 0.9468
vn -0.9234 -0.2969 0.2433
vn -0.0709 0.3064 0.9493
vn -0.9763 0.1901 -0.1037
vn -0.1227 0.7834 0.6093
vt 1.000000 0.500000
vt 1.000000 1.000000
vt 0.875000 1.000000
vt 0.875000 0.500000
vt 0.750000 1.000000
vt 0.750000 0.500000
vt 0.625000 1.000000
vt 0.625000 0.500000
vt 0.500000 1.000000
vt 0.500000 0.500000
vt 0.375000 1.000000
vt 0.375000 0.500000
vt 0.250000 1.000000
vt 0.250000 0.500000
vt 0.419706 0.419706
vt 0.250000 0.490000
vt 0.080294 0.419706
vt 0.010000 0.250000
vt 0.080294 0.080294
vt 0.250000 0.010000
vt 0.419706 0.080294
vt 0.490000 0.250000
vt 0.125000 1.000000
vt 0.125000 0.500000
vt 0.000000 1.000000
vt 0.000000 0.500000
vt 0.750000 0.490000
vt 0.919706 0.419706
vt 0.990000 0.250000
vt 0.919706 0.080294
vt 0.750000 0.010000
vt 0.580294 0.080294
vt 0.510000 0.250000
vt 0.580294 0.419706
s 1
usemtl WeatheredBark
f 2605/915/2317 2606/916/2318 2608/917/2320 2607/918/2319
f 2607/918/2319 2608/917/2320 2610/919/2322 2609/920/2321
f 2609/920/2321 2610/919/2322 2612/921/2324 2611/922/2323
f 2611/922/2323 2612/921/2324 2614/923/2326 2613/924/2325
f 2613/924/2325 2614/923/2326 2616/925/2328 2615/926/2327
f 2615/926/2327 2616/925/2328 2618/927/2330 2617/928/2329
f 2608/929/2320 2606/930/2318 2620/931/2332 2618/932/2330 2616/933/2328 2614/934/2326 2612/935/2324 2610/936/2322
f 2617/928/2329 2618/927/2330 2620/937/2332 2619/938/2331
f 2619/938/2331 2620/937/2332 2606/939/2318 2605/940/2317
f 2605/941/2317 2607/942/2319 2609/943/2321 2611/944/2323 2613/945/2325 2615/946/2327 2617/947/2329 2619/948/2331
o solid_leaf_crown_lobe.007
v 0.445744 1.759048 0.007373
v 0.297940 1.739167 -0.141775
v 0.161573 1.685857 -0.203701
v -0.014736 1.743218 -0.192339
v -0.104103 1.756200 -0.119857
v -0.168783 1.689712 0.031740
v -0.213932 1.723475 0.180989
v -0.025416 1.766226 0.296432
v 0.112637 1.702407 0.353654
v 0.301186 1.704524 0.288868
v 0.323549 1.766855 0.158732
v 0.537905 1.939698 -0.036754
v 0.346701 1.915067 -0.253359
v 0.141756 1.880603 -0.321967
v -0.094851 1.917644 -0.284356
v -0.215766 1.926298 -0.151729
v -0.319772 1.883608 0.063218
v -0.276883 1.905040 0.268127
v -0.048976 1.932280 0.417120
v 0.176589 1.891354 0.463055
v 0.393239 1.893030 0.358070
v 0.460599 1.938163 0.161266
v 0.450321 2.119848 -0.071782
v 0.265297 2.099967 -0.226550
v 0.107658 2.046657 -0.259656
v -0.094955 2.104018 -0.207725
v -0.165601 2.117000 -0.088259
v -0.272061 2.050512 0.101234
v -0.179019 2.084275 0.259770
v 0.010590 2.127026 0.366988
v 0.200299 2.063207 0.394053
v 0.360755 2.065324 0.281368
v 0.396147 2.127655 0.110625
v 0.100415 1.698869 0.060003
v 0.104030 2.152602 0.047584
v 0.281844 1.729480 0.028466
v 0.220545 1.715667 -0.053112
v 0.371842 1.749108 -0.067201
v 0.414961 1.838541 -0.134707
v 0.492661 1.848082 -0.037041
v 0.479179 1.931205 -0.149913
v 0.324522 1.807298 -0.193116
v 0.501634 2.028482 -0.073541
v 0.413577 2.019776 -0.174901
v 0.306463 2.024446 -0.240709
v 0.357809 2.109908 -0.149166
v 0.204846 2.125888 -0.107457
v 0.290056 2.139701 -0.023393
v 0.133434 1.697937 -0.091952
v 0.229757 1.712512 -0.172738
v 0.253975 1.802477 -0.249546
v 0.149914 1.806728 -0.288699
v 0.232897 1.888986 -0.308585
v 0.229270 1.982877 -0.280446
v 0.186478 2.073312 -0.243103
v 0.128437 1.950380 -0.310951
v 0.102730 2.108158 -0.131173
v 0.039460 1.716827 -0.086319
v 0.073419 1.714538 -0.198020
v 0.028847 1.804373 -0.266103
v 0.038608 1.890503 -0.319888
v -0.050893 1.810139 -0.237640
v -0.000746 1.984773 -0.289840
v -0.094691 2.027287 -0.246262
v 0.006352 2.075337 -0.233690
v -0.002275 2.127048 -0.101580
v -0.020942 1.721102 -0.040702
v -0.059419 1.749709 -0.156098
v -0.117879 1.839267 -0.213379
v -0.185136 1.855944 -0.145784
v -0.171757 1.929758 -0.220685
v -0.150474 2.019667 -0.202459
v -0.130278 2.110509 -0.147992
v -0.209762 1.999596 -0.133225
v -0.061643 2.131323 -0.029141
v -0.060355 1.699207 0.042722
v -0.136443 1.722956 -0.044058
v -0.229375 1.814229 -0.037898
v -0.267818 1.909711 -0.067165
v -0.246794 1.772619 0.044742
v -0.264060 1.994629 -0.018217
v -0.291039 1.989767 0.083720
v -0.218831 2.083756 0.006488
v -0.102324 2.109427 0.075223
v -0.066101 1.710325 0.129716
v -0.191357 1.706593 0.106365
v -0.284095 1.797995 0.131572
v -0.262278 1.833048 0.240749
v -0.320287 1.891448 0.186541
v -0.280617 1.978395 0.169928
v -0.225540 2.067394 0.180502
v -0.248695 1.976699 0.272076
v -0.056297 2.120546 0.168951
v 0.019363 1.724404 0.196967
v -0.119674 1.744850 0.238711
v -0.145625 1.833800 0.312755
v -0.195603 1.920117 0.341509
v -0.042820 1.826272 0.353885
v -0.127938 2.014200 0.351238
v -0.016117 2.043421 0.394167
v -0.084215 2.105650 0.313379
v 0.048342 2.134624 0.230787
v 0.112447 1.703387 0.225101
v 0.043610 1.734316 0.325043
v 0.038564 1.823349 0.405198
v 0.154948 1.818307 0.432317
v 0.080544 1.908360 0.462146
v 0.077132 2.003749 0.428488
v 0.105444 2.095116 0.380521
v 0.189666 1.961959 0.448361
v 0.159895 2.113608 0.241116
v 0.205077 1.704173 0.191666
v 0.206912 1.703465 0.321261
v 0.267655 1.794475 0.379153
v 0.277448 1.885241 0.436690
v 0.339469 1.783006 0.323103
v 0.308655 1.974875 0.394380
v 0.379414 2.000154 0.319315
v 0.280527 2.064265 0.337710
v 0.247493 2.114393 0.181254
v 0.244992 1.728518 0.117522
v 0.312368 1.735689 0.223800
v 0.382302 1.826533 0.265283
v 0.424358 1.867636 0.164415
v 0.436473 1.921824 0.251582
v 0.417339 2.006933 0.245476
v 0.378451 2.096489 0.195997
v 0.453075 2.011287 0.145283
v 0.283123 2.138739 0.082814
v 0.384647 1.762951 0.083052
v 0.466276 1.853415 0.055370
v 0.506017 1.943028 0.069736
v 0.495636 2.032980 0.028338
v 0.423234 2.123751 0.019422
v 0.285197 1.729415 -0.027092
v 0.472903 1.872694 -0.115937
v 0.369828 1.802849 -0.139519
v 0.474857 1.992961 -0.141969
v 0.359724 2.048393 -0.194940
v 0.278014 2.129475 -0.088427
v 0.189722 1.705706 -0.099394
v 0.272481 1.778452 -0.211122
v 0.221874 1.827568 -0.288066
v 0.243692 2.023997 -0.259132
v 0.204947 1.942823 -0.306341
v 0.161731 2.105767 -0.152863
v 0.082203 1.706960 -0.117314
v 0.066388 1.828826 -0.297411
v 0.009476 1.780965 -0.238387
v 0.048800 1.944081 -0.314722
v -0.036090 2.026509 -0.261728
v 0.038096 2.107021 -0.147079
v -0.009148 1.728744 -0.088120
v -0.080906 1.804412 -0.209018
v -0.158099 1.873232 -0.204227
v -0.128894 2.049957 -0.204391
v -0.178004 1.988488 -0.194786
v -0.056658 2.128805 -0.087774
v -0.063573 1.712174 -0.011196
v -0.234765 1.856611 -0.081648
v -0.211997 1.771221 -0.009516
v -0.254991 1.971866 -0.071028
v -0.266438 2.016766 0.025275
v -0.117216 2.112235 0.018135
v -0.098806 1.702040 0.091696
v -0.248673 1.760313 0.093309
v -0.303772 1.835952 0.182737
v -0.272316 2.005857 0.143173
v -0.294539 1.951207 0.207775
v -0.120036 2.102101 0.137293
v -0.049998 1.725735 0.182827
v -0.204385 1.859720 0.306927
v -0.100478 1.807776 0.308630
v -0.193218 1.974976 0.331979
v -0.075621 2.053321 0.358970
v -0.024663 2.125795 0.228886
v 0.060850 1.719210 0.241555
v 0.011181 1.800754 0.367017
v 0.083002 1.846421 0.441620
v 0.052888 2.046298 0.405096
v 0.110288 1.961676 0.454944
v 0.105297 2.119271 0.274283
v 0.172646 1.700103 0.238829
v 0.240889 1.827253 0.421758
v 0.280864 1.762478 0.344431
v 0.268502 1.942509 0.433998
v 0.330950 2.008023 0.354729
v 0.225144 2.100163 0.244861
v 0.246565 1.720590 0.172548
v 0.352328 1.783961 0.277255
v 0.414269 1.868633 0.236918
v 0.397601 2.029505 0.259280
v 0.437279 1.983889 0.222114
v 0.293814 2.120651 0.148228
v 0.295317 1.738518 0.075745
v 0.471183 1.885861 0.090837
v 0.458916 1.821623 0.032157
v 0.493429 2.001117 0.075039
v 0.484641 2.062156 -0.010263
v 0.323328 2.138579 0.026796
vn -0.9960 0.0747 -0.0483
vn -0.5484 -0.1639 0.8200
vn -0.1610 -0.3079 0.9377
vn 0.3140 0.0252 0.9491
vn 0.8415 0.0012 0.5403
vn 0.8137 -0.4774 0.3315
vn 0.8959 0.2999 -0.3278
vn 0.4408 -0.0619 -0.8955
vn -0.0812 -0.1898 -0.9785
vn -0.6551 -0.0671 -0.7525
vn -0.6665 -0.6958 -0.2676
vn -0.9949 0.0743 0.0683
vn -0.5418 0.1011 0.8344
vn -0.0580 0.1396 0.9885
vn 0.4662 0.0885 0.8802
vn 0.8405 0.0867 0.5349
vn 0.9757 0.1038 0.1931
vn 0.7832 0.0524 -0.6195
vn 0.3985 0.0623 -0.9150
vn -0.1099 0.1280 -0.9857
vn -0.7830 0.1357 -0.6070
vn -0.9320 0.1244 -0.3404
vn -0.9438 0.0141 0.3303
vn -0.4583 0.5227 0.7189
vn -0.0632 0.1604 0.9850
vn 0.6753 0.3492 0.6496
vn 0.5993 0.6550 0.4602
vn 0.9866 0.1561 -0.0483
vn 0.5996 0.3174 -0.7346
vn 0.2961 0.5664 -0.7691
vn -0.1090 0.1277 -0.9858
vn -0.8729 0.0554 -0.4847
vn -0.7442 0.6571 -0.1197
vn 0.0234 -0.9997 0.0051
vn -0.0220 0.9997 -0.0070
vn 0.1928 -0.9792 0.0636
vn 0.2128 -0.9768 0.0249
vn -0.5583 -0.4876 0.6712
vn -0.5902 0.5723 0.5693
vn -0.8488 0.5186 0.1032
vn -0.7536 0.1364 0.6430
vn -0.5664 0.5623 0.6026
vn -0.8677 -0.4056 0.2874
vn -0.5678 -0.3660 0.7373
vn -0.3941 -0.3466 0.8512
vn -0.5496 0.5792 0.6020
vn -0.0566 0.9704 -0.2349
vn 0.0623 0.9938 -0.0922
vn -0.0143 -0.9994 0.0325
vn -0.2911 -0.4117 0.8635
vn -0.4544 0.5318 0.7146
vn -0.0599 0.5123 0.8567
vn -0.3306 0.0970 0.9388
vn -0.2336 -0.3604 0.9031
vn -0.3512 0.6490 0.6749
vn -0.0526 -0.3246 0.9444
vn -0.0095 0.9466 -0.3223
vn -0.2102 -0.9749 -0.0739
vn -0.0298 -0.4079 0.9126
vn 0.2637 0.5597 0.7857
vn 0.1827 0.1535 0.9711
vn 0.4023 0.5788 0.7093
vn 0.1548 -0.3830 0.9107
vn 0.4274 -0.3842 0.8184
vn 0.3397 0.6076 0.7179
vn 0.0321 0.9747 -0.2213
vn -0.0761 -0.9739 -0.2138
vn 0.5117 -0.5143 0.6883
vn 0.5666 0.5601 0.6044
vn 0.6962 0.5091 0.5061
vn 0.7318 0.0561 0.6792
vn 0.6719 -0.3800 0.6358
vn 0.7005 0.5868 0.4061
vn 0.8136 -0.3476 0.4661
vn -0.1496 0.9886 0.0190
vn 0.0299 -0.9970 -0.0708
vn 0.8669 -0.4536 0.2068
vn 0.7180 0.5311 0.4499
vn 0.8891 0.1060 0.4453
vn 0.7626 0.5738 0.2987
vn 0.8809 -0.3660 0.3000
vn 0.9415 -0.3363 0.0225
vn 0.6526 0.5537 0.5172
vn -0.2511 0.9656 0.0681
vn 0.0004 -0.9776 0.2105
vn 0.8765 -0.3411 0.3398
vn 0.8325 0.5531 -0.0318
vn 0.6510 0.4921 -0.5779
vn 0.9755 -0.0032 -0.2198
vn 0.8816 -0.4391 -0.1729
vn 0.6428 0.6386 -0.4232
vn 0.7512 -0.4127 -0.5151
vn -0.2235 0.9745 0.0187
vn -0.1581 -0.9700 0.1845
vn 0.5145 -0.5187 -0.6828
vn 0.3520 0.5634 -0.7474
vn 0.5433 0.1087 -0.8325
vn 0.4057 0.5769 -0.7089
vn 0.4875 -0.3906 -0.7809
vn 0.3015 -0.3696 -0.8789
vn 0.3087 0.5500 -0.7760
vn 0.0123 0.9954 0.0952
vn -0.1447 -0.9891 0.0270
vn 0.1809 -0.4897 -0.8529
vn 0.3912 0.4998 -0.7728
vn -0.0363 0.5070 -0.8612
vn 0.2046 0.0567 -0.9772
vn 0.1201 -0.3919 -0.9121
vn 0.2974 0.5618 -0.7720
vn -0.1653 -0.3268 -0.9305
vn 0.1761 0.9643 0.1980
vn 0.1597 -0.9814 -0.1067
vn -0.3196 -0.4375 -0.8405
vn -0.3815 0.5667 -0.7303
vn -0.4294 0.1689 -0.8872
vn -0.6797 0.5567 -0.4776
vn -0.5046 -0.3880 -0.7712
vn -0.7003 -0.4227 -0.5753
vn -0.4677 0.5978 -0.6511
vn 0.0975 0.9622 0.2544
vn 0.2896 -0.9566 -0.0327
vn -0.7469 -0.5525 -0.3700
vn -0.8208 0.5582 -0.1212
vn -0.7909 0.5654 -0.2341
vn -0.9437 0.1203 -0.3081
vn -0.8374 -0.3796 -0.3933
vn -0.8602 0.5094 -0.0251
vn -0.8609 -0.3553 -0.3641
vn 0.0622 0.9874 0.1452
vn -0.6215 -0.6555 -0.4290
vn -0.7934 0.4941 -0.3555
vn -0.9311 0.1019 -0.3502
vn -0.8722 -0.4376 -0.2185
vn -0.8369 0.4959 -0.2318
vn 0.1930 -0.9810 -0.0208
vn -0.7060 0.5025 0.4990
vn -0.5822 0.6016 0.5469
vn -0.7250 -0.2786 0.6299
vn -0.5118 -0.4262 0.7459
vn 0.0403 0.9808 -0.1907
vn 0.2443 -0.9668 0.0755
vn -0.5258 0.6023 0.6006
vn -0.3126 0.4559 0.8333
vn -0.1868 -0.3431 0.9206
vn -0.2018 -0.3043 0.9309
vn -0.1574 0.9286 -0.3360
vn -0.2534 -0.9668 -0.0329
vn 0.1584 0.4929 0.8556
vn 0.2871 0.6217 0.7287
vn 0.0835 -0.2891 0.9537
vn 0.1623 -0.4500 0.8782
vn 0.1224 0.9317 -0.3419
vn -0.2051 -0.9701 -0.1295
vn 0.5083 0.6329 0.5840
vn 0.6743 0.4663 0.5725
vn 0.6940 -0.3951 0.6019
vn 0.7347 -0.3125 0.6021
vn -0.0756 0.9879 -0.1351
vn 0.0311 -0.9495 -0.3122
vn 0.7337 0.4762 0.4847
vn 0.6788 0.5607 0.4741
vn 0.8687 -0.2933 0.3993
vn 0.8742 -0.4108 0.2589
vn -0.2475 0.9578 0.1459
vn 0.0077 -0.9846 0.1747
vn 0.7508 0.6517 0.1079
vn 0.8602 0.4385 -0.2604
vn 0.8921 -0.3525 -0.2826
vn 0.8752 -0.4160 -0.2469
vn -0.2867 0.9580 -0.0033
vn -0.0108 -0.9575 0.2883
vn 0.4749 0.4801 -0.7376
vn 0.3036 0.6313 -0.7137
vn 0.5756 -0.3328 -0.7469
vn 0.4603 -0.4325 -0.7752
vn -0.1974 0.9794 0.0424
vn -0.3391 -0.9374 0.0795
vn 0.4920 0.5840 -0.6457
vn 0.2251 0.4259 -0.8763
vn 0.0926 -0.3852 -0.9182
vn 0.0627 -0.3292 -0.9422
vn 0.2262 0.9577 0.1781
vn 0.0110 -0.9999 0.0036
vn -0.3033 0.5161 -0.8010
vn -0.3625 0.5776 -0.7314
vn -0.3836 -0.2683 -0.8837
vn -0.5300 -0.4994 -0.6853
vn 0.1582 0.9569 0.2434
vn 0.3672 -0.9005 -0.2331
vn -0.8385 0.5430 -0.0461
vn -0.8353 0.5307 -0.1438
vn -0.7892 -0.4643 -0.4021
vn -0.8996 -0.2796 -0.3356
vn 0.0558 0.9516 0.3023
vn 0.2353 -0.9581 0.1633
vn -0.8008 0.4861 -0.3499
vn -0.7976 0.4100 -0.4425
vn -0.8765 -0.3132 -0.3655
vn -0.8350 -0.5387 -0.1122
vn 0.1048 0.9945 0.0054
s 1
usemtl LeafDeep
f 2654//2366 2657//2369 2755//2467 2656//2368
f 2622//2334 2658//2370 2755//2467 2657//2369
f 2621//2333 2656//2368 2755//2467 2658//2370
f 2621//2333 2660//2372 2756//2468 2659//2371
f 2632//2344 2661//2373 2756//2468 2660//2372
f 2633//2345 2659//2371 2756//2468 2661//2373
f 2621//2333 2659//2371 2757//2469 2658//2370
f 2633//2345 2662//2374 2757//2469 2659//2371
f 2622//2334 2658//2370 2757//2469 2662//2374
f 2632//2344 2663//2375 2758//2470 2661//2373
f 2643//2355 2664//2376 2758//2470 2663//2375
f 2633//2345 2661//2373 2758//2470 2664//2376
f 2633//2345 2664//2376 2759//2471 2665//2377
f 2643//2355 2666//2378 2759//2471 2664//2376
f 2644//2356 2665//2377 2759//2471 2666//2378
f 2655//2367 2668//2380 2760//2472 2667//2379
f 2643//2355 2666//2378 2760//2472 2668//2380
f 2644//2356 2667//2379 2760//2472 2666//2378
f 2654//2366 2669//2381 2761//2473 2657//2369
f 2623//2335 2670//2382 2761//2473 2669//2381
f 2622//2334 2657//2369 2761//2473 2670//2382
f 2622//2334 2662//2374 2762//2474 2670//2382
f 2633//2345 2671//2383 2762//2474 2662//2374
f 2623//2335 2670//2382 2762//2474 2671//2383
f 2623//2335 2671//2383 2763//2475 2672//2384
f 2633//2345 2673//2385 2763//2475 2671//2383
f 2634//2346 2672//2384 2763//2475 2673//2385
f 2633//2345 2665//2377 2764//2476 2674//2386
f 2644//2356 2675//2387 2764//2476 2665//2377
f 2645//2357 2674//2386 2764//2476 2675//2387
f 2633//2345 2674//2386 2765//2477 2673//2385
f 2645//2357 2676//2388 2765//2477 2674//2386
f 2634//2346 2673//2385 2765//2477 2676//2388
f 2655//2367 2667//2379 2766//2478 2677//2389
f 2644//2356 2675//2387 2766//2478 2667//2379
f 2645//2357 2677//2389 2766//2478 2675//2387
f 2654//2366 2678//2390 2767//2479 2669//2381
f 2624//2336 2679//2391 2767//2479 2678//2390
f 2623//2335 2669//2381 2767//2479 2679//2391
f 2623//2335 2672//2384 2768//2480 2680//2392
f 2634//2346 2681//2393 2768//2480 2672//2384
f 2635//2347 2680//2392 2768//2480 2681//2393
f 2623//2335 2680//2392 2769//2481 2679//2391
f 2635//2347 2682//2394 2769//2481 2680//2392
f 2624//2336 2679//2391 2769//2481 2682//2394
f 2634//2346 2676//2388 2770//2482 2681//2393
f 2645//2357 2683//2395 2770//2482 2676//2388
f 2635//2347 2681//2393 2770//2482 2683//2395
f 2635//2347 2683//2395 2771//2483 2684//2396
f 2645//2357 2685//2397 2771//2483 2683//2395
f 2646//2358 2684//2396 2771//2483 2685//2397
f 2655//2367 2677//2389 2772//2484 2686//2398
f 2645//2357 2685//2397 2772//2484 2677//2389
f 2646//2358 2686//2398 2772//2484 2685//2397
f 2654//2366 2687//2399 2773//2485 2678//2390
f 2625//2337 2688//2400 2773//2485 2687//2399
f 2624//2336 2678//2390 2773//2485 2688//2400
f 2624//2336 2682//2394 2774//2486 2688//2400
f 2635//2347 2689//2401 2774//2486 2682//2394
f 2625//2337 2688//2400 2774//2486 2689//2401
f 2625//2337 2689//2401 2775//2487 2690//2402
f 2635//2347 2691//2403 2775//2487 2689//2401
f 2636//2348 2690//2402 2775//2487 2691//2403
f 2635//2347 2684//2396 2776//2488 2692//2404
f 2646//2358 2693//2405 2776//2488 2684//2396
f 2647//2359 2692//2404 2776//2488 2693//2405
f 2635//2347 2692//2404 2777//2489 2691//2403
f 2647//2359 2694//2406 2777//2489 2692//2404
f 2636//2348 2691//2403 2777//2489 2694//2406
f 2655//2367 2686//2398 2778//2490 2695//2407
f 2646//2358 2693//2405 2778//2490 2686//2398
f 2647//2359 2695//2407 2778//2490 2693//2405
f 2654//2366 2696//2408 2779//2491 2687//2399
f 2626//2338 2697//2409 2779//2491 2696//2408
f 2625//2337 2687//2399 2779//2491 2697//2409
f 2625//2337 2690//2402 2780//2492 2698//2410
f 2636//2348 2699//2411 2780//2492 2690//2402
f 2637//2349 2698//2410 2780//2492 2699//2411
f 2625//2337 2698//2410 2781//2493 2697//2409
f 2637//2349 2700//2412 2781//2493 2698//2410
f 2626//2338 2697//2409 2781//2493 2700//2412
f 2636//2348 2694//2406 2782//2494 2699//2411
f 2647//2359 2701//2413 2782//2494 2694//2406
f 2637//2349 2699//2411 2782//2494 2701//2413
f 2637//2349 2701//2413 2783//2495 2702//2414
f 2647//2359 2703//2415 2783//2495 2701//2413
f 2648//2360 2702//2414 2783//2495 2703//2415
f 2655//2367 2695//2407 2784//2496 2704//2416
f 2647//2359 2703//2415 2784//2496 2695//2407
f 2648//2360 2704//2416 2784//2496 2703//2415
f 2654//2366 2705//2417 2785//2497 2696//2408
f 2627//2339 2706//2418 2785//2497 2705//2417
f 2626//2338 2696//2408 2785//2497 2706//2418
f 2626//2338 2700//2412 2786//2498 2706//2418
f 2637//2349 2707//2419 2786//2498 2700//2412
f 2627//2339 2706//2418 2786//2498 2707//2419
f 2627//2339 2707//2419 2787//2499 2708//2420
f 2637//2349 2709//2421 2787//2499 2707//2419
f 2638//2350 2708//2420 2787//2499 2709//2421
f 2637//2349 2702//2414 2788//2500 2710//2422
f 2648//2360 2711//2423 2788//2500 2702//2414
f 2649//2361 2710//2422 2788//2500 2711//2423
f 2637//2349 2710//2422 2789//2501 2709//2421
f 2649//2361 2712//2424 2789//2501 2710//2422
f 2638//2350 2709//2421 2789//2501 2712//2424
f 2655//2367 2704//2416 2790//2502 2713//2425
f 2648//2360 2711//2423 2790//2502 2704//2416
f 2649//2361 2713//2425 2790//2502 2711//2423
f 2654//2366 2714//2426 2791//2503 2705//2417
f 2628//2340 2715//2427 2791//2503 2714//2426
f 2627//2339 2705//2417 2791//2503 2715//2427
f 2627//2339 2708//2420 2792//2504 2716//2428
f 2638//2350 2717//2429 2792//2504 2708//2420
f 2639//2351 2716//2428 2792//2504 2717//2429
f 2627//2339 2716//2428 2793//2505 2715//2427
f 2639//2351 2718//2430 2793//2505 2716//2428
f 2628//2340 2715//2427 2793//2505 2718//2430
f 2638//2350 2712//2424 2794//2506 2717//2429
f 2649//2361 2719//2431 2794//2506 2712//2424
f 2639//2351 2717//2429 2794//2506 2719//2431
f 2639//2351 2719//2431 2795//2507 2720//2432
f 2649//2361 2721//2433 2795//2507 2719//2431
f 2650//2362 2720//2432 2795//2507 2721//2433
f 2655//2367 2713//2425 2796//2508 2722//2434
f 2649//2361 2721//2433 2796//2508 2713//2425
f 2650//2362 2722//2434 2796//2508 2721//2433
f 2654//2366 2723//2435 2797//2509 2714//2426
f 2629//2341 2724//2436 2797//2509 2723//2435
f 2628//2340 2714//2426 2797//2509 2724//2436
f 2628//2340 2718//2430 2798//2510 2724//2436
f 2639//2351 2725//2437 2798//2510 2718//2430
f 2629//2341 2724//2436 2798//2510 2725//2437
f 2629//2341 2725//2437 2799//2511 2726//2438
f 2639//2351 2727//2439 2799//2511 2725//2437
f 2640//2352 2726//2438 2799//2511 2727//2439
f 2639//2351 2720//2432 2800//2512 2728//2440
f 2650//2362 2729//2441 2800//2512 2720//2432
f 2651//2363 2728//2440 2800//2512 2729//2441
f 2639//2351 2728//2440 2801//2513 2727//2439
f 2651//2363 2730//2442 2801//2513 2728//2440
f 2640//2352 2727//2439 2801//2513 2730//2442
f 2655//2367 2722//2434 2802//2514 2731//2443
f 2650//2362 2729//2441 2802//2514 2722//2434
f 2651//2363 2731//2443 2802//2514 2729//2441
f 2654//2366 2732//2444 2803//2515 2723//2435
f 2630//2342 2733//2445 2803//2515 2732//2444
f 2629//2341 2723//2435 2803//2515 2733//2445
f 2629//2341 2726//2438 2804//2516 2734//2446
f 2640//2352 2735//2447 2804//2516 2726//2438
f 2641//2353 2734//2446 2804//2516 2735//2447
f 2629//2341 2734//2446 2805//2517 2733//2445
f 2641//2353 2736//2448 2805//2517 2734//2446
f 2630//2342 2733//2445 2805//2517 2736//2448
f 2640//2352 2730//2442 2806//2518 2735//2447
f 2651//2363 2737//2449 2806//2518 2730//2442
f 2641//2353 2735//2447 2806//2518 2737//2449
f 2641//2353 2737//2449 2807//2519 2738//2450
f 2651//2363 2739//2451 2807//2519 2737//2449
f 2652//2364 2738//2450 2807//2519 2739//2451
f 2655//2367 2731//2443 2808//2520 2740//2452
f 2651//2363 2739//2451 2808//2520 2731//2443
f 2652//2364 2740//2452 2808//2520 2739//2451
f 2654//2366 2741//2453 2809//2521 2732//2444
f 2631//2343 2742//2454 2809//2521 2741//2453
f 2630//2342 2732//2444 2809//2521 2742//2454
f 2630//2342 2736//2448 2810//2522 2742//2454
f 2641//2353 2743//2455 2810//2522 2736//2448
f 2631//2343 2742//2454 2810//2522 2743//2455
f 2631//2343 2743//2455 2811//2523 2744//2456
f 2641//2353 2745//2457 2811//2523 2743//2455
f 2642//2354 2744//2456 2811//2523 2745//2457
f 2641//2353 2738//2450 2812//2524 2746//2458
f 2652//2364 2747//2459 2812//2524 2738//2450
f 2653//2365 2746//2458 2812//2524 2747//2459
f 2641//2353 2746//2458 2813//2525 2745//2457
f 2653//2365 2748//2460 2813//2525 2746//2458
f 2642//2354 2745//2457 2813//2525 2748//2460
f 2655//2367 2740//2452 2814//2526 2749//2461
f 2652//2364 2747//2459 2814//2526 2740//2452
f 2653//2365 2749//2461 2814//2526 2747//2459
f 2654//2366 2656//2368 2815//2527 2741//2453
f 2621//2333 2750//2462 2815//2527 2656//2368
f 2631//2343 2741//2453 2815//2527 2750//2462
f 2631//2343 2744//2456 2816//2528 2751//2463
f 2642//2354 2752//2464 2816//2528 2744//2456
f 2632//2344 2751//2463 2816//2528 2752//2464
f 2631//2343 2751//2463 2817//2529 2750//2462
f 2632//2344 2660//2372 2817//2529 2751//2463
f 2621//2333 2750//2462 2817//2529 2660//2372
f 2642//2354 2748//2460 2818//2530 2752//2464
f 2653//2365 2753//2465 2818//2530 2748//2460
f 2632//2344 2752//2464 2818//2530 2753//2465
f 2632//2344 2753//2465 2819//2531 2663//2375
f 2653//2365 2754//2466 2819//2531 2753//2465
f 2643//2355 2663//2375 2819//2531 2754//2466
f 2655//2367 2749//2461 2820//2532 2668//2380
f 2653//2365 2754//2466 2820//2532 2749//2461
f 2643//2355 2668//2380 2820//2532 2754//2466
o crown_contour_leaf.048
v 0.170820 2.033234 0.293869
v 0.201991 2.016144 0.316792
v 0.220201 2.006179 0.342926
v 0.215381 2.008890 0.384701
v 0.199841 2.017481 0.419606
v 0.171241 2.033160 0.397929
v 0.149008 2.045324 0.364262
v 0.153579 2.042762 0.331300
v 0.166005 2.024469 0.293883
v 0.197176 2.007379 0.316805
v 0.215386 1.997414 0.342939
v 0.210566 2.000126 0.384714
v 0.195025 2.008716 0.419619
v 0.166426 2.024396 0.397942
v 0.144193 2.036559 0.364275
v 0.148764 2.033998 0.331314
vn -0.4815 -0.8764 0.0013
vn 0.4815 0.8764 -0.0013
vn 0.4744 -0.2619 -0.8404
vn 0.6859 -0.3778 -0.6220
vn 0.8689 -0.4772 0.1312
vn 0.7815 -0.4286 0.4534
vn -0.4846 0.2675 0.8328
vn -0.6998 0.3854 0.6014
vn -0.8657 0.4754 -0.1570
vn -0.7759 0.4256 -0.4657
s 0
usemtl LeafSun
f 2821//2533 2822//2533 2823//2533 2824//2533 2825//2533 2826//2533 2827//2533 2828//2533
f 2836//2534 2835//2534 2834//2534 2833//2534 2832//2534 2831//2534 2830//2534 2829//2534
f 2821//2535 2822//2535 2830//2535 2829//2535
f 2822//2536 2823//2536 2831//2536 2830//2536
f 2823//2537 2824//2537 2832//2537 2831//2537
f 2824//2538 2825//2538 2833//2538 2832//2538
f 2825//2539 2826//2539 2834//2539 2833//2539
f 2826//2540 2827//2540 2835//2540 2834//2540
f 2827//2541 2828//2541 2836//2541 2835//2541
f 2828//2542 2821//2542 2829//2542 2836//2542
o crown_contour_leaf.049
v 0.119962 1.873181 -0.000140
v 0.131063 1.878471 -0.047992
v 0.151013 1.878461 -0.081514
v 0.197189 1.866618 -0.093909
v 0.240618 1.852710 -0.090291
v 0.229751 1.848014 -0.046104
v 0.203533 1.848453 -0.004409
v 0.166776 1.858065 0.004440
v 0.117086 1.863757 -0.001848
v 0.128187 1.869047 -0.049700
v 0.148138 1.869037 -0.083223
v 0.194313 1.857194 -0.095618
v 0.237742 1.843286 -0.091999
v 0.226876 1.838590 -0.047813
v 0.200658 1.839030 -0.006118
v 0.163900 1.848641 0.002731
vn -0.2876 -0.9424 -0.1709
vn 0.2876 0.9424 0.1709
vn -0.9310 0.3169 -0.1809
vn -0.8098 0.3345 -0.4820
vn -0.1961 0.2326 -0.9526
vn 0.1265 0.1395 -0.9821
vn 0.9278 -0.3184 0.1943
vn 0.7962 -0.3344 0.5042
vn 0.1717 -0.2262 0.9588
vn -0.1396 -0.1353 0.9809
s 0
usemtl LeafSun
f 2837//2543 2838//2543 2839//2543 2840//2543 2841//2543 2842//2543 2843//2543 2844//2543
f 2852//2544 2851//2544 2850//2544 2849//2544 2848//2544 2847//2544 2846//2544 2845//2544
f 2837//2545 2838//2545 2846//2545 2845//2545
f 2838//2546 2839//2546 2847//2546 2846//2546
f 2839//2547 2840//2547 2848//2547 2847//2547
f 2840//2548 2841//2548 2849//2548 2848//2548
f 2841//2549 2842//2549 2850//2549 2849//2549
f 2842//2550 2843//2550 2851//2550 2850//2550
f 2843//2551 2844//2551 2852//2551 2851//2551
f 2844//2552 2837//2552 2845//2552 2852//2552
o crown_contour_leaf.050
v -0.276149 2.005577 0.160949
v -0.321507 2.016963 0.192682
v -0.362924 2.015586 0.209291
v -0.408966 1.985267 0.197518
v -0.440595 1.950395 0.174677
v -0.398224 1.940354 0.145659
v -0.345598 1.943145 0.125648
v -0.309726 1.967703 0.135805
v -0.272925 1.997808 0.168345
v -0.318283 2.009195 0.200078
v -0.359700 2.007817 0.216687
v -0.405742 1.977499 0.204914
v -0.437371 1.942626 0.182073
v -0.395000 1.932586 0.153055
v -0.342374 1.935377 0.133044
v -0.306501 1.959935 0.143201
vn 0.2879 -0.6936 0.6603
vn -0.2879 0.6936 -0.6603
vn 0.5225 0.6916 0.4987
vn 0.2377 0.7197 0.6523
vn -0.5000 0.4792 0.7213
vn -0.7428 0.2735 0.6111
vn -0.5113 -0.6943 -0.5064
vn -0.2135 -0.7187 -0.6618
vn 0.5210 -0.4651 -0.7157
vn 0.7511 -0.2642 -0.6050
s 0
usemtl LeafSun
f 2853//2553 2854//2553 2855//2553 2856//2553 2857//2553 2858//2553 2859//2553 2860//2553
f 2868//2554 2867//2554 2866//2554 2865//2554 2864//2554 2863//2554 2862//2554 2861//2554
f 2853//2555 2854//2555 2862//2555 2861//2555
f 2854//2556 2855//2556 2863//2556 2862//2556
f 2855//2557 2856//2557 2864//2557 2863//2557
f 2856//2558 2857//2558 2865//2558 2864//2558
f 2857//2559 2858//2559 2866//2559 2865//2559
f 2858//2560 2859//2560 2867//2560 2866//2560
f 2859//2561 2860//2561 2868//2561 2867//2561
f 2860//2562 2853//2562 2861//2562 2868//2562
o crown_contour_leaf.051
v 0.298110 1.847662 0.151933
v 0.346078 1.831215 0.130556
v 0.391441 1.817057 0.123929
v 0.445690 1.803424 0.148083
v 0.484821 1.795086 0.180054
v 0.439932 1.810406 0.199370
v 0.382154 1.828319 0.206651
v 0.339763 1.838873 0.186807
v 0.295276 1.838122 0.152913
v 0.343244 1.821675 0.131537
v 0.388607 1.807517 0.124910
v 0.442856 1.793884 0.149063
v 0.481987 1.785546 0.181034
v 0.437098 1.800867 0.200351
v 0.379320 1.818779 0.207632
v 0.336929 1.829333 0.187788
vn -0.2834 -0.9540 0.0981
vn 0.2834 0.9540 -0.0981
vn -0.3999 0.0246 -0.9162
vn -0.1607 -0.0536 -0.9855
vn 0.3562 -0.1997 -0.9128
vn 0.5796 -0.2518 -0.7750
vn 0.3891 -0.0209 0.9209
vn 0.1428 0.0591 0.9880
vn -0.3730 0.2038 0.9052
vn -0.5889 0.2538 0.7673
s 0
usemtl LeafSun
f 2869//2563 2870//2563 2871//2563 2872//2563 2873//2563 2874//2563 2875//2563 2876//2563
f 2884//2564 2883//2564 2882//2564 2881//2564 2880//2564 2879//2564 2878//2564 2877//2564
f 2869//2565 2870//2565 2878//2565 2877//2565
f 2870//2566 2871//2566 2879//2566 2878//2566
f 2871//2567 2872//2567 2880//2567 2879//2567
f 2872//2568 2873//2568 2881//2568 2880//2568
f 2873//2569 2874//2569 2882//2569 2881//2569
f 2874//2570 2875//2570 2883//2570 2882//2570
f 2875//2571 2876//2571 2884//2571 2883//2571
f 2876//2572 2869//2572 2877//2572 2884//2572
o crown_contour_leaf.052
v -0.068432 1.942929 -0.292631
v -0.109786 1.923621 -0.293485
v -0.140084 1.912612 -0.305316
v -0.155521 1.916563 -0.345489
v -0.157223 1.927176 -0.386268
v -0.118970 1.944878 -0.384911
v -0.081132 1.958281 -0.368901
v -0.069698 1.954676 -0.336722
v -0.064289 1.934165 -0.295085
v -0.105643 1.914856 -0.295939
v -0.135941 1.903847 -0.307770
v -0.151378 1.907799 -0.347943
v -0.153081 1.918412 -0.388722
v -0.114827 1.936113 -0.387365
v -0.076989 1.949516 -0.371355
v -0.065555 1.945911 -0.339176
vn 0.4143 -0.8764 -0.2454
vn -0.4143 0.8764 0.2454
vn 0.0874 -0.2301 0.9692
vn -0.2233 -0.3593 0.9061
vn -0.8371 -0.4727 0.2752
vn -0.9093 -0.4105 -0.0689
vn -0.0748 0.2359 -0.9689
vn 0.2486 0.3683 -0.8958
vn 0.8471 0.4699 -0.2483
vn 0.9097 0.4070 0.0823
s 0
usemtl LeafSun
f 2885//2573 2886//2573 2887//2573 2888//2573 2889//2573 2890//2573 2891//2573 2892//2573
f 2900//2574 2899//2574 2898//2574 2897//2574 2896//2574 2895//2574 2894//2574 2893//2574
f 2885//2575 2886//2575 2894//2575 2893//2575
f 2886//2576 2887//2576 2895//2576 2894//2576
f 2887//2577 2888//2577 2896//2577 2895//2577
f 2888//2578 2889//2578 2897//2578 2896//2578
f 2889//2579 2890//2579 2898//2579 2897//2579
f 2890//2580 2891//2580 2899//2580 2898//2580
f 2891//2581 2892//2581 2900//2581 2899//2581
f 2892//2582 2885//2582 2893//2582 2900//2582
o crown_contour_leaf.053
v -0.015410 2.053774 0.304187
v 0.000749 2.060521 0.353929
v 0.000343 2.061197 0.393884
v -0.037174 2.048540 0.424939
v -0.081031 2.033303 0.439755
v -0.095359 2.027277 0.393565
v -0.093503 2.026903 0.343279
v -0.063067 2.037200 0.319518
v -0.011669 2.043219 0.304403
v 0.004489 2.049966 0.354145
v 0.004083 2.050642 0.394101
v -0.033434 2.037985 0.425156
v -0.077291 2.022748 0.439972
v -0.091618 2.016722 0.393781
v -0.089763 2.016348 0.343496
v -0.059326 2.026646 0.319734
vn 0.3340 -0.9424 0.0193
vn -0.3340 0.9424 -0.0193
vn 0.8914 0.3091 -0.3315
vn 0.9425 0.3341 0.0039
vn 0.5767 0.2205 0.7866
vn 0.2804 0.1189 0.9525
vn -0.8956 -0.3108 0.3183
vn -0.9419 -0.3344 -0.0323
vn -0.5554 -0.2133 -0.8038
vn -0.2679 -0.1146 -0.9566
s 0
usemtl LeafSun
f 2901//2583 2902//2583 2903//2583 2904//2583 2905//2583 2906//2583 2907//2583 2908//2583
f 2916//2584 2915//2584 2914//2584 2913//2584 2912//2584 2911//2584 2910//2584 2909//2584
f 2901//2585 2902//2585 2910//2585 2909//2585
f 2902//2586 2903//2586 2911//2586 2910//2586
f 2903//2587 2904//2587 2912//2587 2911//2587
f 2904//2588 2905//2588 2913//2588 2912//2588
f 2905//2589 2906//2589 2914//2589 2913//2589
f 2906//2590 2907//2590 2915//2590 2914//2590
f 2907//2591 2908//2591 2916//2591 2915//2591
f 2908//2592 2901//2592 2909//2592 2916//2592
o crown_contour_leaf.054
v 0.226176 1.911824 -0.015767
v 0.270675 1.917053 -0.039264
v 0.311723 1.912778 -0.051485
v 0.358374 1.885901 -0.042493
v 0.390919 1.856642 -0.025300
v 0.349329 1.852216 -0.003817
v 0.297134 1.858447 0.010895
v 0.260754 1.880108 0.003155
v 0.223467 1.904888 -0.022441
v 0.267965 1.910117 -0.045939
v 0.309014 1.905842 -0.058160
v 0.355664 1.878965 -0.049168
v 0.388209 1.849706 -0.031975
v 0.346619 1.845280 -0.010492
v 0.294425 1.851511 0.004221
v 0.258045 1.873172 -0.003520
vn -0.2710 -0.6936 -0.6675
vn 0.2710 0.6936 0.6675
vn -0.3911 0.7129 -0.5821
vn -0.1306 0.7135 -0.6884
vn 0.4429 0.5258 -0.7262
vn 0.6690 0.3629 -0.6487
vn 0.3797 -0.7142 0.5880
vn 0.1107 -0.7113 0.6942
vn -0.4606 -0.5154 0.7226
vn -0.6778 -0.3548 0.6439
s 0
usemtl LeafSun
f 2917//2593 2918//2593 2919//2593 2920//2593 2921//2593 2922//2593 2923//2593 2924//2593
f 2932//2594 2931//2594 2930//2594 2929//2594 2928//2594 2927//2594 2926//2594 2925//2594
f 2917//2595 2918//2595 2926//2595 2925//2595
f 2918//2596 2919//2596 2927//2596 2926//2596
f 2919//2597 2920//2597 2928//2597 2927//2597
f 2920//2598 2921//2598 2929//2598 2928//2598
f 2921//2599 2922//2599 2930//2599 2929//2599
f 2922//2600 2923//2600 2931//2600 2930//2600
f 2923//2601 2924//2601 2932//2601 2931//2601
f 2924//2602 2917//2602 2925//2602 2932//2602
o leafy_twig.008
v 0.541690 1.644747 -0.498594
v 0.509345 1.887983 -0.142798
v 0.563026 1.637499 -0.491163
v 0.516228 1.885645 -0.140401
v 0.570873 1.620000 -0.477193
v 0.518759 1.880000 -0.135895
v 0.560635 1.602501 -0.464868
v 0.515456 1.874355 -0.131919
v 0.538310 1.595253 -0.461406
v 0.508255 1.872017 -0.130802
v 0.516974 1.602501 -0.468837
v 0.501372 1.874355 -0.133199
v 0.509127 1.620000 -0.482807
v 0.498841 1.880000 -0.137705
v 0.519365 1.637499 -0.495133
v 0.502144 1.885645 -0.141681
vn 0.0874 0.2628 -0.9609
vn -0.0054 0.9983 0.0589
vn 0.6317 0.0779 -0.7713
vn 0.5186 0.8203 0.2414
vn 0.8319 -0.3685 -0.4149
vn 0.7113 0.3905 0.5844
vn 0.5707 -0.8150 -0.1004
vn 0.4599 -0.0392 0.8871
vn 0.0011 -0.9999 -0.0121
vn -0.0884 -0.2172 0.9721
vn -0.5432 -0.8150 -0.2017
vn -0.6123 -0.0392 0.7896
vn -0.7434 -0.3685 -0.5581
vn -0.8050 0.3905 0.4466
vn -0.4822 0.0779 -0.8726
vn -0.5536 0.8203 0.1439
vt 1.000000 0.500000
vt 1.000000 1.000000
vt 0.875000 1.000000
vt 0.875000 0.500000
vt 0.750000 1.000000
vt 0.750000 0.500000
vt 0.625000 1.000000
vt 0.625000 0.500000
vt 0.500000 1.000000
vt 0.500000 0.500000
vt 0.375000 1.000000
vt 0.375000 0.500000
vt 0.250000 1.000000
vt 0.250000 0.500000
vt 0.419706 0.419706
vt 0.250000 0.490000
vt 0.080294 0.419706
vt 0.010000 0.250000
vt 0.080294 0.080294
vt 0.250000 0.010000
vt 0.419706 0.080294
vt 0.490000 0.250000
vt 0.125000 1.000000
vt 0.125000 0.500000
vt 0.000000 1.000000
vt 0.000000 0.500000
vt 0.750000 0.490000
vt 0.919706 0.419706
vt 0.990000 0.250000
vt 0.919706 0.080294
vt 0.750000 0.010000
vt 0.580294 0.080294
vt 0.510000 0.250000
vt 0.580294 0.419706
s 1
usemtl WeatheredBark
f 2933/949/2603 2934/950/2604 2936/951/2606 2935/952/2605
f 2935/952/2605 2936/951/2606 2938/953/2608 2937/954/2607
f 2937/954/2607 2938/953/2608 2940/955/2610 2939/956/2609
f 2939/956/2609 2940/955/2610 2942/957/2612 2941/958/2611
f 2941/958/2611 2942/957/2612 2944/959/2614 2943/960/2613
f 2943/960/2613 2944/959/2614 2946/961/2616 2945/962/2615
f 2936/963/2606 2934/964/2604 2948/965/2618 2946/966/2616 2944/967/2614 2942/968/2612 2940/969/2610 2938/970/2608
f 2945/962/2615 2946/961/2616 2948/971/2618 2947/972/2617
f 2947/972/2617 2948/971/2618 2934/973/2604 2933/974/2603
f 2933/975/2603 2935/976/2605 2937/977/2607 2939/978/2609 2941/979/2611 2943/980/2613 2945/981/2615 2947/982/2617
o solid_leaf_crown_lobe.008
v 0.728999 1.763221 -0.063445
v 0.638712 1.764468 -0.175902
v 0.570267 1.816348 -0.257711
v 0.442969 1.778627 -0.248900
v 0.367801 1.753267 -0.178864
v 0.270191 1.808818 -0.077731
v 0.299674 1.795122 0.048539
v 0.397634 1.749200 0.133232
v 0.493198 1.795182 0.168433
v 0.608542 1.808776 0.153959
v 0.665854 1.753237 0.058330
v 0.789341 1.910792 -0.087287
v 0.695065 1.920884 -0.259510
v 0.561649 1.954333 -0.351297
v 0.396891 1.929891 -0.326426
v 0.267530 1.913355 -0.212926
v 0.179638 1.949096 -0.056604
v 0.245437 1.940545 0.113730
v 0.367135 1.911172 0.223737
v 0.525495 1.940583 0.256002
v 0.671265 1.949070 0.211276
v 0.771736 1.911331 0.067643
v 0.718629 2.062421 -0.119455
v 0.654261 2.063668 -0.238865
v 0.524808 2.115548 -0.308337
v 0.394544 2.077827 -0.265927
v 0.279820 2.052467 -0.160686
v 0.239517 2.108018 -0.027341
v 0.313737 2.094322 0.115572
v 0.404333 2.048400 0.189488
v 0.548931 2.094382 0.201029
v 0.658128 2.107976 0.152816
v 0.754267 2.052437 0.021601
v 0.499572 1.758350 -0.040002
v 0.486039 2.134616 -0.036758
v 0.622940 1.757591 -0.053238
v 0.585885 1.764035 -0.118998
v 0.683855 1.763845 -0.119674
v 0.723345 1.838832 -0.166647
v 0.758933 1.836981 -0.091136
v 0.759069 1.913569 -0.174526
v 0.670680 1.829628 -0.215276
v 0.763641 1.986581 -0.117238
v 0.720863 1.989125 -0.195417
v 0.671386 2.009702 -0.251250
v 0.686445 2.063045 -0.179160
v 0.579397 2.104218 -0.153372
v 0.621835 2.097774 -0.084115
v 0.536631 1.781265 -0.162386
v 0.604489 1.790408 -0.216807
v 0.634226 1.865678 -0.273390
v 0.566809 1.896430 -0.323843
v 0.623423 1.944280 -0.325670
v 0.617651 2.015278 -0.299943
v 0.589535 2.089608 -0.273601
v 0.548844 2.015556 -0.343951
v 0.507536 2.121448 -0.189101
v 0.470629 1.768842 -0.160035
v 0.506618 1.797488 -0.253306
v 0.484037 1.872303 -0.310862
v 0.492500 1.949585 -0.355840
v 0.424661 1.839556 -0.286388
v 0.460915 2.021904 -0.332671
v 0.391875 2.019630 -0.296475
v 0.459676 2.096688 -0.287132
v 0.430521 2.109026 -0.168427
v 0.417876 1.760491 -0.120780
v 0.405385 1.765947 -0.213882
v 0.369341 1.841011 -0.262494
v 0.298138 1.852294 -0.206086
v 0.317871 1.914382 -0.269237
v 0.329386 1.990611 -0.257068
v 0.337182 2.065147 -0.213307
v 0.263332 1.971420 -0.198855
v 0.367207 2.100674 -0.108374
v 0.373946 1.778785 -0.060289
v 0.318996 1.781042 -0.128298
v 0.252894 1.855140 -0.127556
v 0.218489 1.925694 -0.151097
v 0.228683 1.860727 -0.068519
v 0.214844 2.004740 -0.115148
v 0.208971 2.040801 -0.039741
v 0.259668 2.080242 -0.094014
v 0.346851 2.118968 -0.029696
v 0.385903 1.774275 0.009310
v 0.284932 1.801970 -0.014596
v 0.223063 1.875902 0.001514
v 0.257305 1.881579 0.092222
v 0.204432 1.949052 0.045708
v 0.225405 2.025502 0.033260
v 0.276627 2.101170 0.044115
v 0.262784 2.000705 0.118847
v 0.381820 2.114458 0.048767
v 0.437847 1.759152 0.059695
v 0.348654 1.772161 0.090886
v 0.321980 1.848003 0.146877
v 0.291051 1.926714 0.170258
v 0.379099 1.818921 0.175811
v 0.328375 1.997603 0.179241
v 0.388744 1.998995 0.208387
v 0.359035 2.071361 0.152530
v 0.440250 2.099335 0.094110
v 0.497771 1.774294 0.080934
v 0.445416 1.772191 0.150832
v 0.431342 1.848033 0.210715
v 0.513232 1.881620 0.232171
v 0.457106 1.926747 0.252604
v 0.454231 1.997633 0.229448
v 0.476632 2.071391 0.195259
v 0.535294 2.000746 0.245126
v 0.518772 2.114477 0.101344
v 0.559818 1.778735 0.069003
v 0.550870 1.801979 0.161196
v 0.585964 1.875912 0.209216
v 0.590962 1.949069 0.248982
v 0.634649 1.860698 0.181418
v 0.613294 2.025512 0.221995
v 0.668969 2.040772 0.180546
v 0.603529 2.101179 0.176923
v 0.586844 2.118918 0.069857
v 0.600681 1.758821 0.016746
v 0.637198 1.781006 0.106145
v 0.683488 1.855070 0.143395
v 0.738997 1.850554 0.068238
v 0.738309 1.925411 0.136511
v 0.723755 2.004669 0.128733
v 0.706198 2.080207 0.087208
v 0.773880 1.969680 0.053652
v 0.633074 2.099005 -0.002082
v 0.697426 1.758229 -0.002558
v 0.748967 1.833336 -0.018106
v 0.791698 1.907726 -0.003429
v 0.783137 1.982243 -0.038305
v 0.736448 2.057429 -0.048927
v 0.625840 1.760150 -0.094774
v 0.753949 1.863341 -0.150286
v 0.694007 1.812709 -0.172057
v 0.752224 1.963074 -0.168785
v 0.695102 2.016332 -0.212417
v 0.622371 2.091908 -0.134274
v 0.572039 1.777474 -0.161098
v 0.639756 1.830418 -0.238111
v 0.615731 1.900118 -0.311817
v 0.629642 2.034041 -0.276751
v 0.602057 1.995696 -0.328161
v 0.555459 2.109231 -0.198605
v 0.504493 1.781858 -0.186020
v 0.511187 1.904516 -0.336362
v 0.467666 1.839201 -0.287577
v 0.496625 2.000094 -0.352067
v 0.435150 2.042824 -0.309875
v 0.466400 2.113616 -0.207822
v 0.434698 1.762323 -0.159469
v 0.398398 1.818174 -0.260088
v 0.330471 1.864694 -0.253971
v 0.352298 2.021796 -0.260407
v 0.302916 1.960272 -0.248653
v 0.382379 2.094081 -0.157718
v 0.375747 1.771673 -0.100537
v 0.250461 1.874073 -0.159732
v 0.259436 1.836903 -0.106916
v 0.223152 1.969651 -0.153477
v 0.220080 2.040525 -0.083129
v 0.329925 2.103431 -0.075616
v 0.353354 1.784635 -0.022587
v 0.237286 1.850854 -0.029067
v 0.220006 1.900496 0.043550
v 0.230527 2.054477 0.010326
v 0.223877 1.996073 0.064732
v 0.340896 2.116392 0.018958
v 0.395807 1.766172 0.049628
v 0.289464 1.881976 0.143462
v 0.349197 1.813872 0.143060
v 0.293854 1.977553 0.164726
v 0.356891 2.017494 0.184609
v 0.397283 2.097930 0.093247
v 0.462327 1.766191 0.091145
v 0.415367 1.813892 0.183529
v 0.461387 1.882013 0.236705
v 0.436373 2.017514 0.214077
v 0.478510 1.977591 0.247446
v 0.478228 2.097948 0.123048
v 0.534786 1.784640 0.097902
v 0.568447 1.900520 0.234313
v 0.594887 1.850848 0.187894
v 0.586165 1.996098 0.244257
v 0.631221 2.054471 0.197868
v 0.565420 2.116398 0.110028
v 0.594542 1.771436 0.059999
v 0.653925 1.836867 0.149764
v 0.721376 1.873759 0.124266
v 0.700698 2.040489 0.137593
v 0.749080 1.969337 0.113027
v 0.635379 2.103193 0.048420
v 0.635042 1.756457 -0.014232
v 0.764857 1.859377 0.011685
v 0.738997 1.809583 -0.038595
v 0.791728 1.954954 -0.000316
v 0.765011 2.009050 -0.069508
v 0.656169 2.088214 -0.044665
vn -0.9925 -0.1201 -0.0245
vn -0.7579 -0.4947 0.4253
vn -0.2930 0.2768 0.9152
vn 0.4582 -0.1445 0.8770
vn 0.5725 -0.5103 0.6418
vn 0.9270 0.2219 0.3023
vn 0.7917 -0.0813 -0.6055
vn 0.4971 -0.4205 -0.7590
vn 0.1346 -0.1035 -0.9855
vn -0.4998 0.1562 -0.8519
vn -0.8265 -0.4951 -0.2681
vn -0.9799 0.1056 0.1693
vn -0.7210 0.1105 0.6840
vn -0.2273 0.1081 0.9678
vn 0.4171 0.1242 0.9003
vn 0.7630 0.1776 0.6216
vn 0.9958 0.0684 0.0603
vn 0.8244 0.0794 -0.5604
vn 0.4382 0.1365 -0.8884
vn -0.0425 0.1042 -0.9937
vn -0.5859 0.0843 -0.8060
vn -0.9056 0.2074 -0.3700
vn -0.7466 0.5495 0.3751
vn -0.6061 0.3122 0.7316
vn -0.0471 0.4371 0.8982
vn 0.3871 0.4206 0.8205
vn 0.7945 0.1695 0.5831
vn 0.8784 0.4023 -0.2579
vn 0.7562 0.5243 -0.3915
vn 0.3511 0.0977 -0.9312
vn -0.2598 0.4469 -0.8560
vn -0.4924 0.5146 -0.7020
vn -0.9342 0.1757 -0.3104
vn -0.0303 -0.9995 0.0010
vn 0.0144 0.9999 -0.0038
vn 0.0090 -0.9990 -0.0433
vn -0.0924 -0.9824 -0.1623
vn -0.7081 -0.4554 0.5396
vn -0.6886 0.5056 0.5198
vn -0.8910 0.4355 0.1283
vn -0.8676 0.0861 0.4898
vn -0.5530 0.5562 0.6203
vn -0.8832 -0.3608 0.2997
vn -0.7826 -0.3559 0.5107
vn -0.7109 -0.3325 0.6197
vn -0.6273 0.6691 0.3985
vn 0.2953 0.9522 -0.0786
vn 0.2835 0.9565 -0.0689
vn 0.0273 -0.9699 -0.2421
vn -0.7887 -0.3913 0.4741
vn -0.4451 0.5434 0.7118
vn -0.1832 0.5189 0.8350
vn -0.5470 0.0608 0.8350
vn -0.6108 -0.3662 0.7020
vn -0.2533 0.5885 0.7678
vn -0.2260 -0.3056 0.9250
vn 0.0378 0.9963 -0.0774
vn 0.1679 -0.9754 -0.1429
vn 0.2157 -0.5190 0.8271
vn 0.0382 0.5449 0.8376
vn 0.1142 0.1484 0.9823
vn 0.2008 0.5184 0.8312
vn 0.3188 -0.3180 0.8929
vn 0.5338 -0.3411 0.7738
vn 0.1416 0.5880 0.7964
vn -0.2611 0.9557 -0.1358
vn -0.0450 -0.9971 0.0617
vn 0.6548 -0.4124 0.6333
vn 0.4570 0.5220 0.7202
vn 0.6756 0.5231 0.5196
vn 0.6409 0.1330 0.7560
vn 0.6304 -0.3281 0.7036
vn 0.4162 0.6805 0.6031
vn 0.7290 -0.2662 0.6306
vn -0.2305 0.9437 -0.2375
vn -0.2241 -0.9716 0.0757
vn 0.5803 -0.4095 0.7040
vn 0.7800 0.5438 0.3097
vn 0.8735 0.1911 0.4477
vn 0.8311 0.5417 0.1260
vn 0.8358 -0.3591 0.4152
vn 0.9179 -0.3968 -0.0040
vn 0.8287 0.5582 0.0409
vn -0.1236 0.9876 -0.0970
vn -0.2161 -0.9726 -0.0859
vn 0.8197 -0.5205 -0.2391
vn 0.8404 0.5129 -0.1752
vn 0.7681 0.4613 -0.4441
vn 0.9343 0.0371 -0.3545
vn 0.8616 -0.3708 -0.3466
vn 0.7384 0.6001 -0.3076
vn 0.7473 -0.3131 -0.5860
vn -0.0361 0.9726 0.2297
vn 0.0279 -0.9994 -0.0193
vn 0.4686 -0.4408 -0.7655
vn 0.6271 0.5124 -0.5867
vn 0.6790 0.1191 -0.7244
vn 0.4205 0.5279 -0.7380
vn 0.5060 -0.3209 -0.8006
vn 0.3420 -0.3395 -0.8762
vn 0.6261 0.6073 -0.4890
vn -0.1089 0.9430 0.3145
vn 0.1875 -0.9669 0.1733
vn 0.4721 -0.4071 -0.7819
vn 0.1336 0.5299 -0.8375
vn -0.1077 0.5086 -0.8543
vn 0.1827 0.0743 -0.9803
vn 0.2663 -0.3663 -0.8916
vn -0.0861 0.6343 -0.7683
vn 0.0244 -0.3275 -0.9445
vn -0.1310 0.9698 0.2060
vn -0.0195 -0.9660 0.2578
vn -0.0752 -0.5639 -0.8224
vn -0.2805 0.5306 -0.7999
vn -0.2901 0.1241 -0.9489
vn -0.3911 0.5091 -0.7667
vn -0.3505 -0.3607 -0.8643
vn -0.6316 -0.3496 -0.6919
vn -0.4055 0.5684 -0.7158
vn 0.1477 0.9889 0.0159
vn -0.0941 -0.9862 0.1365
vn -0.8498 -0.3886 -0.3560
vn -0.5677 0.5139 -0.6432
vn -0.7661 0.5265 -0.3685
vn -0.7906 0.1409 -0.5959
vn -0.7931 -0.3105 -0.5240
vn -0.5122 0.5930 -0.6213
vn -0.9276 -0.2041 -0.3129
vn 0.3040 0.9498 -0.0737
vn -0.7760 -0.5222 -0.3537
vn -0.8491 0.5068 -0.1491
vn -0.9699 0.2212 -0.1014
vn -0.9509 -0.3001 0.0762
vn -0.7392 0.6397 0.2107
vn 0.0067 -0.9980 -0.0633
vn -0.8164 0.4025 0.4141
vn -0.6107 0.5893 0.5290
vn -0.8440 -0.2948 0.4480
vn -0.7802 -0.3835 0.4942
vn 0.2972 0.9472 -0.1202
vn -0.1869 -0.9357 -0.2992
vn -0.4273 0.5979 0.6782
vn -0.3995 0.4715 0.7862
vn -0.6051 -0.3824 0.6983
vn -0.5220 -0.2930 0.8011
vn 0.3281 0.9431 -0.0534
vn 0.2215 -0.9546 -0.1990
vn 0.0032 0.5055 0.8628
vn -0.0194 0.5388 0.8422
vn 0.1210 -0.2178 0.9685
vn 0.4217 -0.4122 0.8077
vn -0.2548 0.9575 -0.1353
vn 0.1430 -0.9839 -0.1072
vn 0.3808 0.5810 0.7193
vn 0.5743 0.4656 0.6734
vn 0.6356 -0.3701 0.6775
vn 0.6825 -0.2347 0.6921
vn -0.3188 0.9328 -0.1679
vn -0.2268 -0.9525 0.2031
vn 0.7688 0.5019 0.3962
vn 0.7556 0.5741 0.3155
vn 0.8120 -0.2296 0.5365
vn 0.8126 -0.4672 0.3484
vn -0.1662 0.9248 -0.3424
vn -0.2363 -0.9710 -0.0358
vn 0.7910 0.6069 -0.0779
vn 0.8459 0.4153 -0.3345
vn 0.8474 -0.3861 -0.3645
vn 0.8508 -0.3077 -0.4259
vn -0.1172 0.9844 0.1315
vn -0.2206 -0.9631 -0.1541
vn 0.6856 0.4489 -0.5731
vn 0.6332 0.5382 -0.5562
vn 0.6426 -0.2394 -0.7278
vn 0.4119 -0.4031 -0.8173
vn 0.0390 0.9225 0.3841
vn 0.2853 -0.9471 0.1469
vn 0.1252 0.5727 -0.8102
vn 0.0669 0.4657 -0.8824
vn 0.2481 -0.3983 -0.8831
vn 0.1905 -0.2943 -0.9366
vn -0.2580 0.9224 0.2875
vn 0.1261 -0.9674 0.2196
vn -0.2391 0.4771 -0.8457
vn -0.2317 0.5487 -0.8033
vn -0.2278 -0.2659 -0.9367
vn -0.3958 -0.4365 -0.8080
vn -0.0144 0.9846 0.1744
vn -0.1771 -0.9302 0.3216
vn -0.4733 0.5743 -0.6680
vn -0.6885 0.4629 -0.5583
vn -0.7852 -0.3546 -0.5076
vn -0.8512 -0.2071 -0.4822
vn 0.3182 0.9419 -0.1075
vn 0.0044 -0.9996 -0.0269
vn -0.8425 0.5157 -0.1557
vn -0.8745 0.4106 -0.2583
vn -0.9822 -0.1484 -0.1154
vn -0.8763 -0.4419 0.1920
vn 0.3246 0.9450 -0.0393
s 1
usemtl LeafSun
f 2982//2652 2985//2655 3083//2753 2984//2654
f 2950//2620 2986//2656 3083//2753 2985//2655
f 2949//2619 2984//2654 3083//2753 2986//2656
f 2949//2619 2988//2658 3084//2754 2987//2657
f 2960//2630 2989//2659 3084//2754 2988//2658
f 2961//2631 2987//2657 3084//2754 2989//2659
f 2949//2619 2987//2657 3085//2755 2986//2656
f 2961//2631 2990//2660 3085//2755 2987//2657
f 2950//2620 2986//2656 3085//2755 2990//2660
f 2960//2630 2991//2661 3086//2756 2989//2659
f 2971//2641 2992//2662 3086//2756 2991//2661
f 2961//2631 2989//2659 3086//2756 2992//2662
f 2961//2631 2992//2662 3087//2757 2993//2663
f 2971//2641 2994//2664 3087//2757 2992//2662
f 2972//2642 2993//2663 3087//2757 2994//2664
f 2983//2653 2996//2666 3088//2758 2995//2665
f 2971//2641 2994//2664 3088//2758 2996//2666
f 2972//2642 2995//2665 3088//2758 2994//2664
f 2982//2652 2997//2667 3089//2759 2985//2655
f 2951//2621 2998//2668 3089//2759 2997//2667
f 2950//2620 2985//2655 3089//2759 2998//2668
f 2950//2620 2990//2660 3090//2760 2998//2668
f 2961//2631 2999//2669 3090//2760 2990//2660
f 2951//2621 2998//2668 3090//2760 2999//2669
f 2951//2621 2999//2669 3091//2761 3000//2670
f 2961//2631 3001//2671 3091//2761 2999//2669
f 2962//2632 3000//2670 3091//2761 3001//2671
f 2961//2631 2993//2663 3092//2762 3002//2672
f 2972//2642 3003//2673 3092//2762 2993//2663
f 2973//2643 3002//2672 3092//2762 3003//2673
f 2961//2631 3002//2672 3093//2763 3001//2671
f 2973//2643 3004//2674 3093//2763 3002//2672
f 2962//2632 3001//2671 3093//2763 3004//2674
f 2983//2653 2995//2665 3094//2764 3005//2675
f 2972//2642 3003//2673 3094//2764 2995//2665
f 2973//2643 3005//2675 3094//2764 3003//2673
f 2982//2652 3006//2676 3095//2765 2997//2667
f 2952//2622 3007//2677 3095//2765 3006//2676
f 2951//2621 2997//2667 3095//2765 3007//2677
f 2951//2621 3000//2670 3096//2766 3008//2678
f 2962//2632 3009//2679 3096//2766 3000//2670
f 2963//2633 3008//2678 3096//2766 3009//2679
f 2951//2621 3008//2678 3097//2767 3007//2677
f 2963//2633 3010//2680 3097//2767 3008//2678
f 2952//2622 3007//2677 3097//2767 3010//2680
f 2962//2632 3004//2674 3098//2768 3009//2679
f 2973//2643 3011//2681 3098//2768 3004//2674
f 2963//2633 3009//2679 3098//2768 3011//2681
f 2963//2633 3011//2681 3099//2769 3012//2682
f 2973//2643 3013//2683 3099//2769 3011//2681
f 2974//2644 3012//2682 3099//2769 3013//2683
f 2983//2653 3005//2675 3100//2770 3014//2684
f 2973//2643 3013//2683 3100//2770 3005//2675
f 2974//2644 3014//2684 3100//2770 3013//2683
f 2982//2652 3015//2685 3101//2771 3006//2676
f 2953//2623 3016//2686 3101//2771 3015//2685
f 2952//2622 3006//2676 3101//2771 3016//2686
f 2952//2622 3010//2680 3102//2772 3016//2686
f 2963//2633 3017//2687 3102//2772 3010//2680
f 2953//2623 3016//2686 3102//2772 3017//2687
f 2953//2623 3017//2687 3103//2773 3018//2688
f 2963//2633 3019//2689 3103//2773 3017//2687
f 2964//2634 3018//2688 3103//2773 3019//2689
f 2963//2633 3012//2682 3104//2774 3020//2690
f 2974//2644 3021//2691 3104//2774 3012//2682
f 2975//2645 3020//2690 3104//2774 3021//2691
f 2963//2633 3020//2690 3105//2775 3019//2689
f 2975//2645 3022//2692 3105//2775 3020//2690
f 2964//2634 3019//2689 3105//2775 3022//2692
f 2983//2653 3014//2684 3106//2776 3023//2693
f 2974//2644 3021//2691 3106//2776 3014//2684
f 2975//2645 3023//2693 3106//2776 3021//2691
f 2982//2652 3024//2694 3107//2777 3015//2685
f 2954//2624 3025//2695 3107//2777 3024//2694
f 2953//2623 3015//2685 3107//2777 3025//2695
f 2953//2623 3018//2688 3108//2778 3026//2696
f 2964//2634 3027//2697 3108//2778 3018//2688
f 2965//2635 3026//2696 3108//2778 3027//2697
f 2953//2623 3026//2696 3109//2779 3025//2695
f 2965//2635 3028//2698 3109//2779 3026//2696
f 2954//2624 3025//2695 3109//2779 3028//2698
f 2964//2634 3022//2692 3110//2780 3027//2697
f 2975//2645 3029//2699 3110//2780 3022//2692
f 2965//2635 3027//2697 3110//2780 3029//2699
f 2965//2635 3029//2699 3111//2781 3030//2700
f 2975//2645 3031//2701 3111//2781 3029//2699
f 2976//2646 3030//2700 3111//2781 3031//2701
f 2983//2653 3023//2693 3112//2782 3032//2702
f 2975//2645 3031//2701 3112//2782 3023//2693
f 2976//2646 3032//2702 3112//2782 3031//2701
f 2982//2652 3033//2703 3113//2783 3024//2694
f 2955//2625 3034//2704 3113//2783 3033//2703
f 2954//2624 3024//2694 3113//2783 3034//2704
f 2954//2624 3028//2698 3114//2784 3034//2704
f 2965//2635 3035//2705 3114//2784 3028//2698
f 2955//2625 3034//2704 3114//2784 3035//2705
f 2955//2625 3035//2705 3115//2785 3036//2706
f 2965//2635 3037//2707 3115//2785 3035//2705
f 2966//2636 3036//2706 3115//2785 3037//2707
f 2965//2635 3030//2700 3116//2786 3038//2708
f 2976//2646 3039//2709 3116//2786 3030//2700
f 2977//2647 3038//2708 3116//2786 3039//2709
f 2965//2635 3038//2708 3117//2787 3037//2707
f 2977//2647 3040//2710 3117//2787 3038//2708
f 2966//2636 3037//2707 3117//2787 3040//2710
f 2983//2653 3032//2702 3118//2788 3041//2711
f 2976//2646 3039//2709 3118//2788 3032//2702
f 2977//2647 3041//2711 3118//2788 3039//2709
f 2982//2652 3042//2712 3119//2789 3033//2703
f 2956//2626 3043//2713 3119//2789 3042//2712
f 2955//2625 3033//2703 3119//2789 3043//2713
f 2955//2625 3036//2706 3120//2790 3044//2714
f 2966//2636 3045//2715 3120//2790 3036//2706
f 2967//2637 3044//2714 3120//2790 3045//2715
f 2955//2625 3044//2714 3121//2791 3043//2713
f 2967//2637 3046//2716 3121//2791 3044//2714
f 2956//2626 3043//2713 3121//2791 3046//2716
f 2966//2636 3040//2710 3122//2792 3045//2715
f 2977//2647 3047//2717 3122//2792 3040//2710
f 2967//2637 3045//2715 3122//2792 3047//2717
f 2967//2637 3047//2717 3123//2793 3048//2718
f 2977//2647 3049//2719 3123//2793 3047//2717
f 2978//2648 3048//2718 3123//2793 3049//2719
f 2983//2653 3041//2711 3124//2794 3050//2720
f 2977//2647 3049//2719 3124//2794 3041//2711
f 2978//2648 3050//2720 3124//2794 3049//2719
f 2982//2652 3051//2721 3125//2795 3042//2712
f 2957//2627 3052//2722 3125//2795 3051//2721
f 2956//2626 3042//2712 3125//2795 3052//2722
f 2956//2626 3046//2716 3126//2796 3052//2722
f 2967//2637 3053//2723 3126//2796 3046//2716
f 2957//2627 3052//2722 3126//2796 3053//2723
f 2957//2627 3053//2723 3127//2797 3054//2724
f 2967//2637 3055//2725 3127//2797 3053//2723
f 2968//2638 3054//2724 3127//2797 3055//2725
f 2967//2637 3048//2718 3128//2798 3056//2726
f 2978//2648 3057//2727 3128//2798 3048//2718
f 2979//2649 3056//2726 3128//2798 3057//2727
f 2967//2637 3056//2726 3129//2799 3055//2725
f 2979//2649 3058//2728 3129//2799 3056//2726
f 2968//2638 3055//2725 3129//2799 3058//2728
f 2983//2653 3050//2720 3130//2800 3059//2729
f 2978//2648 3057//2727 3130//2800 3050//2720
f 2979//2649 3059//2729 3130//2800 3057//2727
f 2982//2652 3060//2730 3131//2801 3051//2721
f 2958//2628 3061//2731 3131//2801 3060//2730
f 2957//2627 3051//2721 3131//2801 3061//2731
f 2957//2627 3054//2724 3132//2802 3062//2732
f 2968//2638 3063//2733 3132//2802 3054//2724
f 2969//2639 3062//2732 3132//2802 3063//2733
f 2957//2627 3062//2732 3133//2803 3061//2731
f 2969//2639 3064//2734 3133//2803 3062//2732
f 2958//2628 3061//2731 3133//2803 3064//2734
f 2968//2638 3058//2728 3134//2804 3063//2733
f 2979//2649 3065//2735 3134//2804 3058//2728
f 2969//2639 3063//2733 3134//2804 3065//2735
f 2969//2639 3065//2735 3135//2805 3066//2736
f 2979//2649 3067//2737 3135//2805 3065//2735
f 2980//2650 3066//2736 3135//2805 3067//2737
f 2983//2653 3059//2729 3136//2806 3068//2738
f 2979//2649 3067//2737 3136//2806 3059//2729
f 2980//2650 3068//2738 3136//2806 3067//2737
f 2982//2652 3069//2739 3137//2807 3060//2730
f 2959//2629 3070//2740 3137//2807 3069//2739
f 2958//2628 3060//2730 3137//2807 3070//2740
f 2958//2628 3064//2734 3138//2808 3070//2740
f 2969//2639 3071//2741 3138//2808 3064//2734
f 2959//2629 3070//2740 3138//2808 3071//2741
f 2959//2629 3071//2741 3139//2809 3072//2742
f 2969//2639 3073//2743 3139//2809 3071//2741
f 2970//2640 3072//2742 3139//2809 3073//2743
f 2969//2639 3066//2736 3140//2810 3074//2744
f 2980//2650 3075//2745 3140//2810 3066//2736
f 2981//2651 3074//2744 3140//2810 3075//2745
f 2969//2639 3074//2744 3141//2811 3073//2743
f 2981//2651 3076//2746 3141//2811 3074//2744
f 2970//2640 3073//2743 3141//2811 3076//2746
f 2983//2653 3068//2738 3142//2812 3077//2747
f 2980//2650 3075//2745 3142//2812 3068//2738
f 2981//2651 3077//2747 3142//2812 3075//2745
f 2982//2652 2984//2654 3143//2813 3069//2739
f 2949//2619 3078//2748 3143//2813 2984//2654
f 2959//2629 3069//2739 3143//2813 3078//2748
f 2959//2629 3072//2742 3144//2814 3079//2749
f 2970//2640 3080//2750 3144//2814 3072//2742
f 2960//2630 3079//2749 3144//2814 3080//2750
f 2959//2629 3079//2749 3145//2815 3078//2748
f 2960//2630 2988//2658 3145//2815 3079//2749
f 2949//2619 3078//2748 3145//2815 2988//2658
f 2970//2640 3076//2746 3146//2816 3080//2750
f 2981//2651 3081//2751 3146//2816 3076//2746
f 2960//2630 3080//2750 3146//2816 3081//2751
f 2960//2630 3081//2751 3147//2817 2991//2661
f 2981//2651 3082//2752 3147//2817 3081//2751
f 2971//2641 2991//2661 3147//2817 3082//2752
f 2983//2653 3077//2747 3148//2818 2996//2666
f 2981//2651 3082//2752 3148//2818 3077//2747
f 2971//2641 2996//2666 3148//2818 3082//2752
o crown_contour_leaf.055
v 0.792810 1.881240 -0.046802
v 0.823293 1.864150 -0.070631
v 0.853372 1.854185 -0.081115
v 0.892296 1.856897 -0.065201
v 0.921713 1.865487 -0.040819
v 0.893124 1.881166 -0.019129
v 0.854706 1.893330 -0.006805
v 0.824201 1.890769 -0.020101
v 0.791524 1.872476 -0.042162
v 0.822006 1.855386 -0.065991
v 0.852085 1.845420 -0.076475
v 0.891010 1.848132 -0.060561
v 0.920427 1.856723 -0.036179
v 0.891837 1.872402 -0.014489
v 0.853420 1.884565 -0.002165
v 0.822914 1.882004 -0.015461
vn -0.1286 -0.8764 0.4640
vn 0.1286 0.8764 -0.4640
vn -0.6812 -0.2619 -0.6836
vn -0.4138 -0.3778 -0.8283
vn 0.3608 -0.4772 -0.8013
vn 0.6475 -0.4286 -0.6301
vn 0.6712 0.2675 0.6913
vn 0.3903 0.3854 0.8362
vn -0.3847 0.4754 0.7912
vn -0.6578 0.4256 0.6215
s 0
usemtl LeafDeep
f 3149//2819 3150//2819 3151//2819 3152//2819 3153//2819 3154//2819 3155//2819 3156//2819
f 3164//2820 3163//2820 3162//2820 3161//2820 3160//2820 3159//2820 3158//2820 3157//2820
f 3149//2821 3150//2821 3158//2821 3157//2821
f 3150//2822 3151//2822 3159//2822 3158//2822
f 3151//2823 3152//2823 3160//2823 3159//2823
f 3152//2824 3153//2824 3161//2824 3160//2824
f 3153//2825 3154//2825 3162//2825 3161//2825
f 3154//2826 3155//2826 3163//2826 3162//2826
f 3155//2827 3156//2827 3164//2827 3163//2827
f 3156//2828 3149//2828 3157//2828 3164//2828
o crown_contour_leaf.056
v 0.347540 1.970581 -0.113637
v 0.303340 1.975870 -0.135072
v 0.275076 1.975861 -0.161959
v 0.273228 1.964018 -0.209733
v 0.286386 1.950110 -0.251278
v 0.327064 1.945413 -0.230885
v 0.361908 1.945853 -0.196075
v 0.362386 1.955465 -0.158270
v 0.345236 1.961157 -0.111212
v 0.301037 1.966446 -0.132646
v 0.272772 1.966437 -0.159534
v 0.270924 1.954594 -0.207308
v 0.284083 1.940686 -0.248853
v 0.324760 1.935989 -0.228460
v 0.359604 1.936429 -0.193649
v 0.360082 1.946041 -0.155845
vn -0.2304 -0.9424 0.2425
vn 0.2304 0.9424 -0.2425
vn -0.3829 0.3169 0.8677
vn -0.6496 0.3345 0.6827
vn -0.9724 0.2326 -0.0200
vn -0.9296 0.1395 -0.3411
vn 0.3952 -0.3184 -0.8616
vn 0.6682 -0.3344 -0.6646
vn 0.9730 -0.2262 0.0452
vn 0.9255 -0.1353 0.3537
s 0
usemtl LeafDeep
f 3165//2829 3166//2829 3167//2829 3168//2829 3169//2829 3170//2829 3171//2829 3172//2829
f 3180//2830 3179//2830 3178//2830 3177//2830 3176//2830 3175//2830 3174//2830 3173//2830
f 3165//2831 3166//2831 3174//2831 3173//2831
f 3166//2832 3167//2832 3175//2832 3174//2832
f 3167//2833 3168//2833 3176//2833 3175//2833
f 3168//2834 3169//2834 3177//2834 3176//2834
f 3169//2835 3170//2835 3178//2835 3177//2835
f 3170//2836 3171//2836 3179//2836 3178//2836
f 3171//2837 3172//2837 3180//2837 3179//2837
f 3172//2838 3165//2838 3173//2838 3180//2838
o crown_contour_leaf.057
v 0.539732 2.071589 0.223326
v 0.564131 2.082976 0.273015
v 0.574190 2.081598 0.316489
v 0.555493 2.051280 0.360180
v 0.528071 2.016407 0.387931
v 0.505896 2.006366 0.341610
v 0.494195 2.009157 0.286538
v 0.509735 2.033716 0.252648
v 0.547534 2.063821 0.221274
v 0.571934 2.075207 0.270963
v 0.581993 2.073830 0.314438
v 0.563296 2.043512 0.358129
v 0.535874 2.008639 0.385880
v 0.513699 1.998598 0.339559
v 0.501998 2.001389 0.284486
v 0.517538 2.025948 0.250596
vn 0.6967 -0.6936 -0.1832
vn -0.6967 0.6936 0.1832
vn 0.5729 0.6916 -0.4398
vn 0.6811 0.7197 -0.1348
vn 0.6361 0.4792 0.6048
vn 0.4899 0.2735 0.8278
vn -0.5788 -0.6943 0.4276
vn -0.6867 -0.7187 0.1095
vn -0.6273 -0.4651 -0.6247
vn -0.4826 -0.2642 -0.8350
s 0
usemtl LeafDeep
f 3181//2839 3182//2839 3183//2839 3184//2839 3185//2839 3186//2839 3187//2839 3188//2839
f 3196//2840 3195//2840 3194//2840 3193//2840 3192//2840 3191//2840 3190//2840 3189//2840
f 3181//2841 3182//2841 3190//2841 3189//2841
f 3182//2842 3183//2842 3191//2842 3190//2842
f 3183//2843 3184//2843 3192//2843 3191//2843
f 3184//2844 3185//2844 3193//2844 3192//2844
f 3185//2845 3186//2845 3194//2845 3193//2845
f 3186//2846 3187//2846 3195//2846 3194//2846
f 3187//2847 3188//2847 3196//2847 3195//2847
f 3188//2848 3181//2848 3189//2848 3196//2848
o crown_contour_leaf.058
v 0.663566 1.950038 -0.167111
v 0.650505 1.933591 -0.217977
v 0.651550 1.919433 -0.263810
v 0.684428 1.905800 -0.313260
v 0.722487 1.897462 -0.346499
v 0.734032 1.912783 -0.299014
v 0.731557 1.930695 -0.240832
v 0.704910 1.941249 -0.202352
v 0.664059 1.940498 -0.164153
v 0.650998 1.924051 -0.215019
v 0.652043 1.909894 -0.260852
v 0.684921 1.896260 -0.310302
v 0.722981 1.887922 -0.343541
v 0.734526 1.903243 -0.296056
v 0.732051 1.921156 -0.237874
v 0.705403 1.931709 -0.199394
vn 0.0493 -0.9540 0.2958
vn -0.0493 0.9540 -0.2958
vn -0.9702 0.0246 0.2412
vn -0.9985 -0.0536 -0.0062
vn -0.8405 -0.1997 -0.5037
vn -0.6673 -0.2518 -0.7009
vn 0.9730 -0.0209 -0.2298
vn 0.9980 0.0591 0.0242
vn 0.8301 0.2038 0.5190
vn 0.6581 0.2538 0.7088
s 0
usemtl LeafDeep
f 3197//2849 3198//2849 3199//2849 3200//2849 3201//2849 3202//2849 3203//2849 3204//2849
f 3212//2850 3211//2850 3210//2850 3209//2850 3208//2850 3207//2850 3206//2850 3205//2850
f 3197//2851 3198//2851 3206//2851 3205//2851
f 3198//2852 3199//2852 3207//2852 3206//2852
f 3199//2853 3200//2853 3208//2853 3207//2853
f 3200//2854 3201//2854 3209//2854 3208//2854
f 3201//2855 3202//2855 3210//2855 3209//2855
f 3202//2856 3203//2856 3211//2856 3210//2856
f 3203//2857 3204//2857 3212//2857 3211//2857
f 3204//2858 3197//2858 3205//2858 3212//2858
o crown_contour_leaf.059
v 0.367930 2.023891 -0.040368
v 0.357092 2.004582 -0.000450
v 0.338279 1.993573 0.026084
v 0.295565 1.997525 0.031338
v 0.255586 2.008138 0.023120
v 0.266162 2.025840 -0.013667
v 0.290854 2.039243 -0.046506
v 0.324843 2.035637 -0.049811
v 0.366552 2.015126 -0.044981
v 0.355714 1.995818 -0.005064
v 0.336901 1.984809 0.021470
v 0.294187 1.988760 0.026724
v 0.254208 1.999373 0.018506
v 0.264783 2.017075 -0.018281
v 0.289476 2.030478 -0.051119
v 0.323465 2.026873 -0.054425
vn -0.1378 -0.8764 -0.4614
vn 0.1378 0.8764 0.4614
vn 0.9616 -0.2301 0.1498
vn 0.8251 -0.3593 0.4360
vn 0.0644 -0.4727 0.8788
vn -0.2869 -0.4105 0.8655
vn -0.9582 0.2359 -0.1619
vn -0.8090 0.3683 -0.4580
vn -0.0359 0.4699 -0.8820
vn 0.3000 0.4070 -0.8628
s 0
usemtl LeafDeep
f 3213//2859 3214//2859 3215//2859 3216//2859 3217//2859 3218//2859 3219//2859 3220//2859
f 3228//2860 3227//2860 3226//2860 3225//2860 3224//2860 3223//2860 3222//2860 3221//2860
f 3213//2861 3214//2861 3222//2861 3221//2861
f 3214//2862 3215//2862 3223//2862 3222//2862
f 3215//2863 3216//2863 3224//2863 3223//2863
f 3216//2864 3217//2864 3225//2864 3224//2864
f 3217//2865 3218//2865 3226//2865 3225//2865
f 3218//2866 3219//2866 3227//2866 3226//2866
f 3219//2867 3220//2867 3228//2867 3227//2867
f 3220//2868 3213//2868 3221//2868 3228//2868
o crown_contour_leaf.060
v 0.762457 1.900405 0.082085
v 0.814707 1.907152 0.079791
v 0.853104 1.907828 0.090848
v 0.873018 1.895171 0.135294
v 0.875588 1.879934 0.181515
v 0.827249 1.873908 0.182992
v 0.779284 1.873534 0.167780
v 0.764510 1.883832 0.132105
v 0.763664 1.889850 0.078538
v 0.815915 1.896597 0.076245
v 0.854312 1.897274 0.087302
v 0.874225 1.884616 0.131748
v 0.876795 1.869379 0.177968
v 0.828457 1.863354 0.179445
v 0.780492 1.862979 0.164233
v 0.765717 1.873277 0.128558
vn 0.1078 -0.9424 -0.3167
vn -0.1078 0.9424 0.3167
vn -0.0815 0.3091 -0.9475
vn 0.2554 0.3341 -0.9073
vn 0.9120 0.2205 -0.3458
vn 0.9928 0.1189 -0.0160
vn 0.0677 -0.3108 0.9481
vn -0.2825 -0.3344 0.8991
vn -0.9229 -0.2133 0.3206
vn -0.9934 -0.1146 0.0028
s 0
usemtl LeafDeep
f 3229//2869 3230//2869 3231//2869 3232//2869 3233//2869 3234//2869 3235//2869 3236//2869
f 3244//2870 3243//2870 3242//2870 3241//2870 3240//2870 3239//2870 3238//2870 3237//2870
f 3229//2871 3230//2871 3238//2871 3237//2871
f 3230//2872 3231//2872 3239//2872 3238//2872
f 3231//2873 3232//2873 3240//2873 3239//2873
f 3232//2874 3233//2874 3241//2874 3240//2874
f 3233//2875 3234//2875 3242//2875 3241//2875
f 3234//2876 3235//2876 3243//2876 3242//2876
f 3235//2877 3236//2877 3244//2877 3243//2877
f 3236//2878 3229//2878 3237//2878 3244//2878
o crown_contour_leaf.061
v 0.417810 2.002412 -0.185686
v 0.403950 2.007641 -0.234061
v 0.400418 2.003366 -0.276744
v 0.418798 1.976489 -0.320555
v 0.442307 1.947230 -0.348875
v 0.454793 1.942804 -0.303761
v 0.458474 1.949036 -0.249657
v 0.443428 1.970696 -0.215642
v 0.410721 1.995476 -0.184405
v 0.396862 2.000705 -0.232780
v 0.393330 1.996430 -0.275463
v 0.411709 1.969553 -0.319273
v 0.435219 1.940294 -0.347594
v 0.447704 1.935868 -0.302480
v 0.451386 1.942100 -0.248376
v 0.436340 1.963760 -0.214361
vn -0.7089 -0.6936 0.1281
vn 0.7089 0.6936 -0.1281
vn -0.6500 0.7129 0.2633
vn -0.7005 0.7135 -0.0135
vn -0.6198 0.5258 -0.5826
vn -0.4975 0.3629 -0.7879
vn 0.6534 -0.7142 -0.2509
vn 0.7021 -0.7113 0.0342
vn 0.6126 -0.5154 0.5992
vn 0.4910 -0.3548 0.7956
s 0
usemtl LeafDeep
f 3245//2879 3246//2879 3247//2879 3248//2879 3249//2879 3250//2879 3251//2879 3252//2879
f 3260//2880 3259//2880 3258//2880 3257//2880 3256//2880 3255//2880 3254//2880 3253//2880
f 3245//2881 3246//2881 3254//2881 3253//2881
f 3246//2882 3247//2882 3255//2882 3254//2882
f 3247//2883 3248//2883 3256//2883 3255//2883
f 3248//2884 3249//2884 3257//2884 3256//2884
f 3249//2885 3250//2885 3258//2885 3257//2885
f 3250//2886 3251//2886 3259//2886 3258//2886
f 3251//2887 3252//2887 3260//2887 3259//2887
f 3252//2888 3245//2888 3253//2888 3260//2888
o crown_contour_leaf.062
v 0.497777 2.103880 -0.037864
v 0.503994 2.086795 0.016839
v 0.495279 2.072337 0.062473
v 0.450403 2.059061 0.102648
v 0.402407 2.051304 0.125098
v 0.397327 2.067207 0.074215
v 0.409673 2.085476 0.016613
v 0.445782 2.095729 -0.014345
v 0.497917 2.094341 -0.040859
v 0.504134 2.077255 0.013844
v 0.495419 2.062797 0.059477
v 0.450543 2.049521 0.099652
v 0.402548 2.041764 0.122102
v 0.397468 2.057667 0.071219
v 0.409814 2.075936 0.013618
v 0.445923 2.086190 -0.017341
vn 0.0141 -0.9540 -0.2996
vn -0.0141 0.9540 0.2996
vn 0.9941 0.0456 -0.0987
vn 0.9837 -0.0405 0.1750
vn 0.6859 -0.2088 0.6971
vn 0.4433 -0.2626 0.8570
vn -0.9954 -0.0418 0.0863
vn -0.9797 0.0468 -0.1951
vn -0.6701 0.2134 -0.7109
vn -0.4316 0.2645 -0.8624
s 0
usemtl LeafDeep
f 3261//2889 3262//2889 3263//2889 3264//2889 3265//2889 3266//2889 3267//2889 3268//2889
f 3276//2890 3275//2890 3274//2890 3273//2890 3272//2890 3271//2890 3270//2890 3269//2890
f 3261//2891 3262//2891 3270//2891 3269//2891
f 3262//2892 3263//2892 3271//2892 3270//2892
f 3263//2893 3264//2893 3272//2893 3271//2893
f 3264//2894 3265//2894 3273//2894 3272//2894
f 3265//2895 3266//2895 3274//2895 3273//2895
f 3266//2896 3267//2896 3275//2896 3274//2896
f 3267//2897 3268//2897 3276//2897 3275//2897
f 3268//2898 3261//2898 3269//2898 3276//2898
o leafy_twig.009
v -0.287013 2.008227 0.090725
v -0.149662 2.099105 -0.119340
v -0.303305 1.999960 0.075588
v -0.154918 2.096438 -0.124223
v -0.305946 1.980000 0.063035
v -0.155770 2.090000 -0.128273
v -0.293388 1.960040 0.060420
v -0.151719 2.083561 -0.129116
v -0.272987 1.951772 0.069275
v -0.145138 2.080894 -0.126260
v -0.256695 1.960040 0.084412
v -0.139882 2.083561 -0.121377
v -0.254054 1.980000 0.096965
v -0.139030 2.090000 -0.117328
v -0.266612 1.999960 0.099580
v -0.143081 2.096438 -0.116484
vn -0.4801 0.4799 0.7343
vn 0.1586 0.9571 -0.2426
vn -0.9004 0.2667 0.3438
vn -0.2364 0.7566 -0.6097
vn -0.9685 -0.2482 0.0200
vn -0.3004 0.2727 -0.9140
vn -0.6446 -0.7631 -0.0474
vn 0.0041 -0.2113 -0.9774
vn -0.1183 -0.9763 0.1810
vn 0.4987 -0.4117 -0.7627
vn 0.3020 -0.7631 0.5714
vn 0.8937 -0.2113 -0.3957
vn 0.3701 -0.2482 0.8952
vn 0.9578 0.2727 -0.0914
vn 0.0461 0.2667 0.9627
vn 0.6533 0.7566 -0.0280
vt 1.000000 0.500000
vt 1.000000 1.000000
vt 0.875000 1.000000
vt 0.875000 0.500000
vt 0.750000 1.000000
vt 0.750000 0.500000
vt 0.625000 1.000000
vt 0.625000 0.500000
vt 0.500000 1.000000
vt 0.500000 0.500000
vt 0.375000 1.000000
vt 0.375000 0.500000
vt 0.250000 1.000000
vt 0.250000 0.500000
vt 0.419706 0.419706
vt 0.250000 0.490000
vt 0.080294 0.419706
vt 0.010000 0.250000
vt 0.080294 0.080294
vt 0.250000 0.010000
vt 0.419706 0.080294
vt 0.490000 0.250000
vt 0.125000 1.000000
vt 0.125000 0.500000
vt 0.000000 1.000000
vt 0.000000 0.500000
vt 0.750000 0.490000
vt 0.919706 0.419706
vt 0.990000 0.250000
vt 0.919706 0.080294
vt 0.750000 0.010000
vt 0.580294 0.080294
vt 0.510000 0.250000
vt 0.580294 0.419706
s 1
usemtl WeatheredBark
f 3277/983/2899 3278/984/2900 3280/985/2902 3279/986/2901
f 3279/986/2901 3280/985/2902 3282/987/2904 3281/988/2903
f 3281/988/2903 3282/987/2904 3284/989/2906 3283/990/2905
f 3283/990/2905 3284/989/2906 3286/991/2908 3285/992/2907
f 3285/992/2907 3286/991/2908 3288/993/2910 3287/994/2909
f 3287/994/2909 3288/993/2910 3290/995/2912 3289/996/2911
f 3280/997/2902 3278/998/2900 3292/999/2914 3290/1000/2912 3288/1001/2910 3286/1002/2908 3284/1003/2906 3282/1004/2904
f 3289/996/2911 3290/995/2912 3292/1005/2914 3291/1006/2913
f 3291/1006/2913 3292/1005/2914 3278/1007/2900 3277/1008/2899
f 3277/1009/2899 3279/1010/2901 3281/1011/2903 3283/1012/2905 3285/1013/2907 3287/1014/2909 3289/1015/2911 3291/1016/2913
o solid_leaf_crown_lobe.009
v 0.104696 1.995179 -0.189813
v 0.081630 2.010096 -0.306559
v -0.017307 1.951231 -0.385645
v -0.149016 1.977700 -0.416551
v -0.273192 2.017956 -0.350112
v -0.345140 1.963184 -0.232552
v -0.311615 1.961436 -0.106640
v -0.260720 2.017436 0.009220
v -0.134260 1.979813 0.045494
v -0.013558 1.950264 0.014045
v 0.101379 2.008662 -0.060956
v 0.203306 2.157494 -0.210513
v 0.150432 2.158564 -0.387363
v -0.018762 2.120692 -0.484558
v -0.204163 2.137955 -0.502189
v -0.371428 2.164037 -0.393956
v -0.424091 2.128722 -0.221700
v -0.398652 2.127322 -0.040565
v -0.295998 2.163233 0.106543
v -0.110225 2.139260 0.140456
v 0.070029 2.120503 0.080320
v 0.200941 2.157744 -0.048487
v 0.151257 2.311979 -0.252698
v 0.094438 2.326896 -0.371729
v -0.070026 2.268031 -0.437853
v -0.219462 2.294500 -0.440506
v -0.357145 2.334755 -0.334333
v -0.347480 2.279984 -0.186278
v -0.354618 2.278236 -0.040063
v -0.237891 2.334236 0.076176
v -0.082049 2.296613 0.085018
v 0.076592 2.267064 0.017674
v 0.161338 2.325462 -0.095399
v -0.110188 1.957888 -0.180002
v -0.096901 2.356287 -0.173444
v 0.017016 1.979402 -0.184728
v -0.001831 1.978405 -0.252693
v 0.093163 2.002637 -0.248186
v 0.147607 2.080691 -0.293714
v 0.162385 2.077522 -0.215989
v 0.191463 2.159294 -0.301116
v 0.115937 2.065007 -0.343983
v 0.186921 2.235922 -0.244605
v 0.167437 2.239824 -0.325439
v 0.120483 2.255674 -0.381688
v 0.122847 2.319438 -0.312213
v 0.009353 2.338599 -0.287047
v 0.049762 2.339596 -0.216597
v -0.057366 1.958877 -0.299389
v 0.032161 1.980663 -0.346102
v 0.074030 2.059113 -0.401100
v -0.014064 2.056046 -0.456459
v 0.060676 2.133810 -0.452843
v 0.054423 2.217513 -0.428519
v 0.012206 2.297463 -0.404791
v -0.034943 2.182179 -0.477210
v -0.077761 2.319071 -0.325911
v -0.132844 1.967594 -0.313094
v -0.083162 1.964465 -0.401098
v -0.106667 2.043953 -0.464782
v -0.097450 2.121672 -0.505620
v -0.172954 2.042290 -0.457035
v -0.134863 2.202353 -0.487916
v -0.214932 2.232957 -0.470310
v -0.144744 2.281265 -0.439179
v -0.168135 2.327788 -0.322926
v -0.203282 1.980850 -0.277600
v -0.211104 1.997828 -0.383331
v -0.250525 2.077052 -0.440222
v -0.340072 2.102730 -0.384372
v -0.311186 2.158907 -0.452204
v -0.291085 2.235452 -0.436445
v -0.288304 2.314627 -0.387419
v -0.373277 2.228863 -0.378111
v -0.237900 2.341044 -0.265504
v -0.241471 1.962814 -0.210907
v -0.309166 1.990570 -0.291332
v -0.367203 2.070260 -0.296411
v -0.408412 2.153469 -0.326339
v -0.378702 2.032112 -0.229144
v -0.400962 2.228660 -0.285368
v -0.392282 2.222778 -0.202308
v -0.352313 2.307370 -0.260306
v -0.248498 2.323008 -0.180485
v -0.230058 1.962238 -0.136720
v -0.328377 1.962310 -0.169596
v -0.384315 2.042222 -0.158247
v -0.374140 2.063186 -0.061688
v -0.419801 2.121928 -0.115613
v -0.401864 2.200623 -0.127097
v -0.351049 2.279110 -0.113170
v -0.391015 2.189319 -0.035226
v -0.238750 2.322432 -0.095020
v -0.193522 1.980680 -0.073712
v -0.286168 1.989436 -0.048710
v -0.322794 2.067611 0.011953
v -0.366555 2.142255 0.030773
v -0.277350 2.070154 0.054245
v -0.337522 2.226011 0.045216
v -0.267238 2.260821 0.091774
v -0.296254 2.306236 0.018057
v -0.176544 2.340873 -0.032581
v -0.125162 1.968290 -0.050582
v -0.197490 1.998625 0.027357
v -0.218289 2.076727 0.093983
v -0.120353 2.076044 0.114058
v -0.192904 2.152511 0.140210
v -0.195329 2.235127 0.116538
v -0.159970 2.315425 0.080597
v -0.099546 2.202177 0.129775
v -0.086185 2.328484 -0.024076
v -0.052393 1.958554 -0.067134
v -0.073909 1.965039 0.029769
v -0.031595 2.045293 0.080901
v -0.030467 2.127342 0.126418
v 0.026056 2.023052 0.047065
v -0.001695 2.203693 0.096919
v 0.073531 2.213718 0.049033
v -0.002729 2.281839 0.051346
v 0.001906 2.318748 -0.061670
v 0.006485 1.977740 -0.113485
v 0.043910 1.979463 -0.023456
v 0.099702 2.059599 0.016718
v 0.170882 2.096008 -0.049299
v 0.159632 2.143409 0.014786
v 0.132669 2.217999 0.003458
v 0.118965 2.296263 -0.038862
v 0.194794 2.222142 -0.062990
v 0.051057 2.337934 -0.129829
v 0.103037 2.001920 -0.125385
v 0.167532 2.081702 -0.138891
v 0.215376 2.160814 -0.120564
v 0.196039 2.239369 -0.158864
v 0.156297 2.318720 -0.174048
v 0.029661 1.985186 -0.226660
v 0.173092 2.105805 -0.276387
v 0.123604 2.054459 -0.300202
v 0.188329 2.211405 -0.296985
v 0.142661 2.270059 -0.343612
v 0.054824 2.336458 -0.267779
v -0.012790 1.970717 -0.294156
v 0.081235 2.039809 -0.366738
v 0.049170 2.079150 -0.439255
v 0.068579 2.255409 -0.406737
v 0.033240 2.180350 -0.456113
v -0.021153 2.321989 -0.331719
v -0.091717 1.960684 -0.331519
v -0.077197 2.069087 -0.482006
v -0.124059 2.019713 -0.446851
v -0.094284 2.170286 -0.498291
v -0.166280 2.235313 -0.472020
v -0.128487 2.311957 -0.354823
v -0.179385 1.981347 -0.319140
v -0.211484 2.041955 -0.434109
v -0.300904 2.111208 -0.434931
v -0.263683 2.257555 -0.437560
v -0.327535 2.212409 -0.430442
v -0.226344 2.332620 -0.319179
v -0.246123 1.976852 -0.256488
v -0.379320 2.106699 -0.334294
v -0.356638 2.032950 -0.270819
v -0.405005 2.207900 -0.328830
v -0.386000 2.248550 -0.249211
v -0.271191 2.328125 -0.232442
v -0.259949 1.959349 -0.172799
v -0.369134 2.014111 -0.187484
v -0.398634 2.071020 -0.116378
v -0.385415 2.229711 -0.149647
v -0.411807 2.172220 -0.095392
v -0.270640 2.310622 -0.131263
v -0.231052 1.976150 -0.090071
v -0.356279 2.087873 0.001001
v -0.297882 2.047764 0.012623
v -0.369102 2.189073 0.022274
v -0.303881 2.263364 0.057683
v -0.231811 2.327423 -0.041599
v -0.169792 1.981841 -0.038048
v -0.236658 2.053890 0.064132
v -0.184434 2.099474 0.122073
v -0.212242 2.269490 0.100551
v -0.168164 2.200674 0.135080
v -0.138851 2.333114 0.001190
v -0.085101 1.961039 -0.035872
v -0.054538 2.078607 0.111265
v -0.022072 2.012221 0.055499
v -0.037333 2.179807 0.123392
v 0.026215 2.227821 0.069406
v -0.031225 2.312312 -0.018267
v -0.004752 1.969946 -0.072642
v 0.058290 2.021837 0.018568
v 0.147081 2.096783 0.002787
v 0.109052 2.237437 0.008846
v 0.166654 2.197983 -0.007687
v 0.051929 2.321218 -0.080468
v 0.036022 1.984714 -0.142653
v 0.192005 2.110951 -0.105955
v 0.145561 2.052974 -0.161688
v 0.210973 2.212151 -0.117353
v 0.181068 2.264174 -0.194131
v 0.078231 2.335987 -0.173180
vn -0.8719 -0.4857 0.0621
vn -0.8587 0.1861 0.4774
vn -0.3176 -0.3584 0.8779
vn 0.0030 -0.1119 0.9937
vn 0.7711 0.0881 0.6306
vn 0.9515 -0.3052 0.0390
vn 0.8797 -0.4540 -0.1414
vn 0.6060 0.3216 -0.7276
vn -0.1633 -0.1924 -0.9676
vn -0.2843 -0.4264 -0.8587
vn -0.8611 0.2450 -0.4456
vn -0.9809 0.1599 0.1106
vn -0.7653 0.0949 0.6366
vn -0.3196 0.1009 0.9422
vn 0.2555 0.1052 0.9611
vn 0.7789 0.1493 0.6092
vn 0.9905 0.1120 0.0803
vn 0.9139 0.1869 -0.3604
vn 0.5260 0.0888 -0.8458
vn -0.0647 0.1252 -0.9900
vn -0.5159 0.1325 -0.8464
vn -0.9221 0.1157 -0.3693
vn -0.8912 0.4063 0.2015
vn -0.6259 0.4849 0.6109
vn -0.2935 0.2483 0.9231
vn 0.4376 0.3080 0.8448
vn 0.8203 0.3797 0.4277
vn 0.8614 0.5006 0.0865
vn 0.8986 0.1262 -0.4201
vn 0.2605 0.4939 -0.8296
vn -0.0005 0.4360 -0.8999
vn -0.6389 0.1949 -0.7442
vn -0.8806 0.4606 -0.1111
vn 0.0202 -0.9998 -0.0026
vn -0.0096 0.9999 0.0076
vn 0.1867 -0.9822 -0.0193
vn 0.2623 -0.9648 0.0200
vn -0.8335 -0.5300 0.1563
vn -0.7827 0.5527 0.2861
vn -0.8385 0.5383 0.0848
vn -0.9428 0.1646 0.2898
vn -0.7436 0.5536 0.3750
vn -0.9459 -0.2959 0.1327
vn -0.8572 -0.3304 0.3951
vn -0.6153 -0.3218 0.7196
vn -0.7017 0.5886 0.4014
vn -0.0052 0.9848 -0.1739
vn 0.1545 0.9873 -0.0362
vn 0.0804 -0.9952 0.0562
vn -0.4412 -0.4085 0.7990
vn -0.6274 0.5093 0.5890
vn -0.3148 0.4728 0.8230
vn -0.5135 0.0660 0.8556
vn -0.3850 -0.3433 0.8567
vn -0.4688 0.6396 0.6092
vn -0.2649 -0.3383 0.9030
vn -0.0079 0.9497 -0.3129
vn -0.1979 -0.9787 -0.0540
vn -0.2415 -0.4383 0.8658
vn 0.0008 0.5280 0.8492
vn -0.0794 0.1339 0.9878
vn 0.2558 0.5485 0.7961
vn -0.0459 -0.3836 0.9224
vn 0.2108 -0.3803 0.9005
vn 0.0894 0.6345 0.7678
vn 0.0746 0.9629 -0.2594
vn -0.1357 -0.9696 -0.2034
vn 0.2870 -0.4988 0.8178
vn 0.4670 0.5635 0.6814
vn 0.6438 0.5493 0.5328
vn 0.5503 0.0900 0.8301
vn 0.4290 -0.3691 0.8245
vn 0.5644 0.5745 0.5928
vn 0.7774 -0.2729 0.5667
vn -0.1000 0.9950 0.0048
vn 0.0055 -0.9867 -0.1625
vn 0.8096 -0.5426 0.2240
vn 0.7494 0.5252 0.4031
vn 0.9301 0.1753 0.3228
vn 0.8677 0.4505 0.2102
vn 0.9483 -0.3168 0.0177
vn 0.8952 -0.4385 -0.0799
vn 0.7900 0.5990 0.1306
vn -0.2867 0.9493 0.1291
vn 0.0283 -0.9881 0.1512
vn 0.8590 -0.4759 -0.1889
vn 0.8571 0.5068 -0.0927
vn 0.7650 0.5337 -0.3605
vn 0.9814 0.1341 -0.1376
vn 0.9246 -0.3789 -0.0399
vn 0.7797 0.6257 0.0244
vn 0.9209 -0.2495 -0.2995
vn -0.2955 0.9552 -0.0140
vn -0.1042 -0.9710 0.2151
vn 0.8745 -0.4065 -0.2645
vn 0.5760 0.5688 -0.5871
vn 0.7828 0.1938 -0.5914
vn 0.4877 0.5693 -0.6619
vn 0.7428 -0.3427 -0.5751
vn 0.4397 -0.3515 -0.8265
vn 0.4491 0.5428 -0.7097
vn -0.0686 0.9957 0.0627
vn -0.1993 -0.9769 0.0767
vn 0.1338 -0.4756 -0.8694
vn 0.3295 0.5384 -0.7756
vn 0.0144 0.4975 -0.8674
vn 0.1947 0.0855 -0.9771
vn 0.1266 -0.3344 -0.9339
vn 0.2013 0.6258 -0.7535
vn -0.1349 -0.2913 -0.9471
vn 0.1899 0.9581 0.2145
vn 0.0583 -0.9968 -0.0545
vn -0.3364 -0.4589 -0.8224
vn -0.2232 0.5221 -0.8232
vn -0.2990 0.1493 -0.9425
vn -0.4210 0.5319 -0.7348
vn -0.4125 -0.3261 -0.8506
vn -0.5191 -0.3460 -0.7815
vn -0.2099 0.6637 -0.7179
vn 0.1428 0.9413 0.3060
vn 0.2468 -0.9681 -0.0437
vn -0.3605 -0.3946 -0.8452
vn -0.6112 0.5479 -0.5712
vn -0.8037 0.5305 -0.2694
vn -0.7189 0.0655 -0.6920
vn -0.5711 -0.3742 -0.7306
vn -0.7185 0.6068 -0.3400
vn -0.8643 -0.3153 -0.3919
vn 0.0850 0.9820 0.1685
vn -0.8403 -0.5411 0.0324
vn -0.8259 0.5639 0.0035
vn -0.9872 0.1588 -0.0130
vn -0.9510 -0.3007 0.0723
vn -0.7885 0.6139 0.0378
vn 0.2086 -0.9727 -0.1017
vn -0.8419 0.4938 0.2177
vn -0.7496 0.6063 0.2655
vn -0.9415 -0.2190 0.2560
vn -0.7961 -0.4162 0.4393
vn 0.1709 0.9847 -0.0350
vn 0.3248 -0.9357 0.1379
vn -0.6834 0.6089 0.4026
vn -0.4987 0.4141 0.7615
vn -0.3461 -0.3130 0.8844
vn -0.3715 -0.3140 0.8737
vn -0.1298 0.9353 -0.3293
vn -0.1458 -0.9885 -0.0402
vn -0.1084 0.4614 0.8806
vn 0.0048 0.5671 0.8236
vn -0.1426 -0.2919 0.9458
vn -0.0214 -0.4509 0.8923
vn 0.1242 0.9353 -0.3312
vn -0.2857 -0.9547 -0.0829
vn 0.4598 0.6003 0.6544
vn 0.5418 0.5084 0.6693
vn 0.4134 -0.4044 0.8158
vn 0.5621 -0.2763 0.7795
vn 0.0437 0.9697 -0.2406
vn 0.0063 -0.9406 -0.3394
vn 0.7488 0.5326 0.3944
vn 0.7409 0.4442 0.5037
vn 0.9404 -0.1857 0.2850
vn 0.8739 -0.4511 -0.1808
vn -0.2860 0.9227 0.2584
vn -0.0112 -0.9999 -0.0075
vn 0.8510 0.5145 -0.1053
vn 0.8640 0.4766 -0.1622
vn 0.8598 -0.5106 0.0081
vn 0.9596 -0.2301 -0.1620
vn -0.3340 0.9424 0.0176
vn 0.0553 -0.9409 0.3340
vn 0.6793 0.5115 -0.5262
vn 0.5229 0.6268 -0.5777
vn 0.8433 -0.2124 -0.4937
vn 0.6799 -0.4364 -0.5893
vn -0.3107 0.9488 -0.0568
vn -0.2645 -0.9577 0.1134
vn 0.3965 0.6250 -0.6724
vn 0.1881 0.4504 -0.8728
vn 0.0919 -0.3253 -0.9411
vn 0.0683 -0.2828 -0.9567
vn 0.1653 0.9638 0.2093
vn -0.1683 -0.9842 0.0556
vn -0.1816 0.4823 -0.8570
vn -0.1814 0.5268 -0.8304
vn -0.3037 -0.2333 -0.9238
vn -0.4478 -0.4000 -0.7997
vn 0.2468 0.9337 0.2593
vn 0.2899 -0.9462 -0.1440
vn -0.5813 0.5922 -0.5581
vn -0.6984 0.4828 -0.5282
vn -0.5754 -0.3944 -0.7165
vn -0.6843 -0.3052 -0.6623
vn 0.0461 0.9178 0.3944
vn 0.2123 -0.9756 0.0566
vn -0.8563 0.5143 -0.0469
vn -0.8168 0.5761 -0.0304
vn -0.9724 -0.2300 -0.0397
vn -0.9249 -0.3655 0.1046
vn 0.1691 0.9849 -0.0380
s 1
usemtl Leaf
f 3326//2948 3329//2951 3427//3049 3328//2950
f 3294//2916 3330//2952 3427//3049 3329//2951
f 3293//2915 3328//2950 3427//3049 3330//2952
f 3293//2915 3332//2954 3428//3050 3331//2953
f 3304//2926 3333//2955 3428//3050 3332//2954
f 3305//2927 3331//2953 3428//3050 3333//2955
f 3293//2915 3331//2953 3429//3051 3330//2952
f 3305//2927 3334//2956 3429//3051 3331//2953
f 3294//2916 3330//2952 3429//3051 3334//2956
f 3304//2926 3335//2957 3430//3052 3333//2955
f 3315//2937 3336//2958 3430//3052 3335//2957
f 3305//2927 3333//2955 3430//3052 3336//2958
f 3305//2927 3336//2958 3431//3053 3337//2959
f 3315//2937 3338//2960 3431//3053 3336//2958
f 3316//2938 3337//2959 3431//3053 3338//2960
f 3327//2949 3340//2962 3432//3054 3339//2961
f 3315//2937 3338//2960 3432//3054 3340//2962
f 3316//2938 3339//2961 3432//3054 3338//2960
f 3326//2948 3341//2963 3433//3055 3329//2951
f 3295//2917 3342//2964 3433//3055 3341//2963
f 3294//2916 3329//2951 3433//3055 3342//2964
f 3294//2916 3334//2956 3434//3056 3342//2964
f 3305//2927 3343//2965 3434//3056 3334//2956
f 3295//2917 3342//2964 3434//3056 3343//2965
f 3295//2917 3343//2965 3435//3057 3344//2966
f 3305//2927 3345//2967 3435//3057 3343//2965
f 3306//2928 3344//2966 3435//3057 3345//2967
f 3305//2927 3337//2959 3436//3058 3346//2968
f 3316//2938 3347//2969 3436//3058 3337//2959
f 3317//2939 3346//2968 3436//3058 3347//2969
f 3305//2927 3346//2968 3437//3059 3345//2967
f 3317//2939 3348//2970 3437//3059 3346//2968
f 3306//2928 3345//2967 3437//3059 3348//2970
f 3327//2949 3339//2961 3438//3060 3349//2971
f 3316//2938 3347//2969 3438//3060 3339//2961
f 3317//2939 3349//2971 3438//3060 3347//2969
f 3326//2948 3350//2972 3439//3061 3341//2963
f 3296//2918 3351//2973 3439//3061 3350//2972
f 3295//2917 3341//2963 3439//3061 3351//2973
f 3295//2917 3344//2966 3440//3062 3352//2974
f 3306//2928 3353//2975 3440//3062 3344//2966
f 3307//2929 3352//2974 3440//3062 3353//2975
f 3295//2917 3352//2974 3441//3063 3351//2973
f 3307//2929 3354//2976 3441//3063 3352//2974
f 3296//2918 3351//2973 3441//3063 3354//2976
f 3306//2928 3348//2970 3442//3064 3353//2975
f 3317//2939 3355//2977 3442//3064 3348//2970
f 3307//2929 3353//2975 3442//3064 3355//2977
f 3307//2929 3355//2977 3443//3065 3356//2978
f 3317//2939 3357//2979 3443//3065 3355//2977
f 3318//2940 3356//2978 3443//3065 3357//2979
f 3327//2949 3349//2971 3444//3066 3358//2980
f 3317//2939 3357//2979 3444//3066 3349//2971
f 3318//2940 3358//2980 3444//3066 3357//2979
f 3326//2948 3359//2981 3445//3067 3350//2972
f 3297//2919 3360//2982 3445//3067 3359//2981
f 3296//2918 3350//2972 3445//3067 3360//2982
f 3296//2918 3354//2976 3446//3068 3360//2982
f 3307//2929 3361//2983 3446//3068 3354//2976
f 3297//2919 3360//2982 3446//3068 3361//2983
f 3297//2919 3361//2983 3447//3069 3362//2984
f 3307//2929 3363//2985 3447//3069 3361//2983
f 3308//2930 3362//2984 3447//3069 3363//2985
f 3307//2929 3356//2978 3448//3070 3364//2986
f 3318//2940 3365//2987 3448//3070 3356//2978
f 3319//2941 3364//2986 3448//3070 3365//2987
f 3307//2929 3364//2986 3449//3071 3363//2985
f 3319//2941 3366//2988 3449//3071 3364//2986
f 3308//2930 3363//2985 3449//3071 3366//2988
f 3327//2949 3358//2980 3450//3072 3367//2989
f 3318//2940 3365//2987 3450//3072 3358//2980
f 3319//2941 3367//2989 3450//3072 3365//2987
f 3326//2948 3368//2990 3451//3073 3359//2981
f 3298//2920 3369//2991 3451//3073 3368//2990
f 3297//2919 3359//2981 3451//3073 3369//2991
f 3297//2919 3362//2984 3452//3074 3370//2992
f 3308//2930 3371//2993 3452//3074 3362//2984
f 3309//2931 3370//2992 3452//3074 3371//2993
f 3297//2919 3370//2992 3453//3075 3369//2991
f 3309//2931 3372//2994 3453//3075 3370//2992
f 3298//2920 3369//2991 3453//3075 3372//2994
f 3308//2930 3366//2988 3454//3076 3371//2993
f 3319//2941 3373//2995 3454//3076 3366//2988
f 3309//2931 3371//2993 3454//3076 3373//2995
f 3309//2931 3373//2995 3455//3077 3374//2996
f 3319//2941 3375//2997 3455//3077 3373//2995
f 3320//2942 3374//2996 3455//3077 3375//2997
f 3327//2949 3367//2989 3456//3078 3376//2998
f 3319//2941 3375//2997 3456//3078 3367//2989
f 3320//2942 3376//2998 3456//3078 3375//2997
f 3326//2948 3377//2999 3457//3079 3368//2990
f 3299//2921 3378//3000 3457//3079 3377//2999
f 3298//2920 3368//2990 3457//3079 3378//3000
f 3298//2920 3372//2994 3458//3080 3378//3000
f 3309//2931 3379//3001 3458//3080 3372//2994
f 3299//2921 3378//3000 3458//3080 3379//3001
f 3299//2921 3379//3001 3459//3081 3380//3002
f 3309//2931 3381//3003 3459//3081 3379//3001
f 3310//2932 3380//3002 3459//3081 3381//3003
f 3309//2931 3374//2996 3460//3082 3382//3004
f 3320//2942 3383//3005 3460//3082 3374//2996
f 3321//2943 3382//3004 3460//3082 3383//3005
f 3309//2931 3382//3004 3461//3083 3381//3003
f 3321//2943 3384//3006 3461//3083 3382//3004
f 3310//2932 3381//3003 3461//3083 3384//3006
f 3327//2949 3376//2998 3462//3084 3385//3007
f 3320//2942 3383//3005 3462//3084 3376//2998
f 3321//2943 3385//3007 3462//3084 3383//3005
f 3326//2948 3386//3008 3463//3085 3377//2999
f 3300//2922 3387//3009 3463//3085 3386//3008
f 3299//2921 3377//2999 3463//3085 3387//3009
f 3299//2921 3380//3002 3464//3086 3388//3010
f 3310//2932 3389//3011 3464//3086 3380//3002
f 3311//2933 3388//3010 3464//3086 3389//3011
f 3299//2921 3388//3010 3465//3087 3387//3009
f 3311//2933 3390//3012 3465//3087 3388//3010
f 3300//2922 3387//3009 3465//3087 3390//3012
f 3310//2932 3384//3006 3466//3088 3389//3011
f 3321//2943 3391//3013 3466//3088 3384//3006
f 3311//2933 3389//3011 3466//3088 3391//3013
f 3311//2933 3391//3013 3467//3089 3392//3014
f 3321//2943 3393//3015 3467//3089 3391//3013
f 3322//2944 3392//3014 3467//3089 3393//3015
f 3327//2949 3385//3007 3468//3090 3394//3016
f 3321//2943 3393//3015 3468//3090 3385//3007
f 3322//2944 3394//3016 3468//3090 3393//3015
f 3326//2948 3395//3017 3469//3091 3386//3008
f 3301//2923 3396//3018 3469//3091 3395//3017
f 3300//2922 3386//3008 3469//3091 3396//3018
f 3300//2922 3390//3012 3470//3092 3396//3018
f 3311//2933 3397//3019 3470//3092 3390//3012
f 3301//2923 3396//3018 3470//3092 3397//3019
f 3301//2923 3397//3019 3471//3093 3398//3020
f 3311//2933 3399//3021 3471//3093 3397//3019
f 3312//2934 3398//3020 3471//3093 3399//3021
f 3311//2933 3392//3014 3472//3094 3400//3022
f 3322//2944 3401//3023 3472//3094 3392//3014
f 3323//2945 3400//3022 3472//3094 3401//3023
f 3311//2933 3400//3022 3473//3095 3399//3021
f 3323//2945 3402//3024 3473//3095 3400//3022
f 3312//2934 3399//3021 3473//3095 3402//3024
f 3327//2949 3394//3016 3474//3096 3403//3025
f 3322//2944 3401//3023 3474//3096 3394//3016
f 3323//2945 3403//3025 3474//3096 3401//3023
f 3326//2948 3404//3026 3475//3097 3395//3017
f 3302//2924 3405//3027 3475//3097 3404//3026
f 3301//2923 3395//3017 3475//3097 3405//3027
f 3301//2923 3398//3020 3476//3098 3406//3028
f 3312//2934 3407//3029 3476//3098 3398//3020
f 3313//2935 3406//3028 3476//3098 3407//3029
f 3301//2923 3406//3028 3477//3099 3405//3027
f 3313//2935 3408//3030 3477//3099 3406//3028
f 3302//2924 3405//3027 3477//3099 3408//3030
f 3312//2934 3402//3024 3478//3100 3407//3029
f 3323//2945 3409//3031 3478//3100 3402//3024
f 3313//2935 3407//3029 3478//3100 3409//3031
f 3313//2935 3409//3031 3479//3101 3410//3032
f 3323//2945 3411//3033 3479//3101 3409//3031
f 3324//2946 3410//3032 3479//3101 3411//3033
f 3327//2949 3403//3025 3480//3102 3412//3034
f 3323//2945 3411//3033 3480//3102 3403//3025
f 3324//2946 3412//3034 3480//3102 3411//3033
f 3326//2948 3413//3035 3481//3103 3404//3026
f 3303//2925 3414//3036 3481//3103 3413//3035
f 3302//2924 3404//3026 3481//3103 3414//3036
f 3302//2924 3408//3030 3482//3104 3414//3036
f 3313//2935 3415//3037 3482//3104 3408//3030
f 3303//2925 3414//3036 3482//3104 3415//3037
f 3303//2925 3415//3037 3483//3105 3416//3038
f 3313//2935 3417//3039 3483//3105 3415//3037
f 3314//2936 3416//3038 3483//3105 3417//3039
f 3313//2935 3410//3032 3484//3106 3418//3040
f 3324//2946 3419//3041 3484//3106 3410//3032
f 3325//2947 3418//3040 3484//3106 3419//3041
f 3313//2935 3418//3040 3485//3107 3417//3039
f 3325//2947 3420//3042 3485//3107 3418//3040
f 3314//2936 3417//3039 3485//3107 3420//3042
f 3327//2949 3412//3034 3486//3108 3421//3043
f 3324//2946 3419//3041 3486//3108 3412//3034
f 3325//2947 3421//3043 3486//3108 3419//3041
f 3326//2948 3328//2950 3487//3109 3413//3035
f 3293//2915 3422//3044 3487//3109 3328//2950
f 3303//2925 3413//3035 3487//3109 3422//3044
f 3303//2925 3416//3038 3488//3110 3423//3045
f 3314//2936 3424//3046 3488//3110 3416//3038
f 3304//2926 3423//3045 3488//3110 3424//3046
f 3303//2925 3423//3045 3489//3111 3422//3044
f 3304//2926 3332//2954 3489//3111 3423//3045
f 3293//2915 3422//3044 3489//3111 3332//2954
f 3314//2936 3420//3042 3490//3112 3424//3046
f 3325//2947 3425//3047 3490//3112 3420//3042
f 3304//2926 3424//3046 3490//3112 3425//3047
f 3304//2926 3425//3047 3491//3113 3335//2957
f 3325//2947 3426//3048 3491//3113 3425//3047
f 3315//2937 3335//2957 3491//3113 3426//3048
f 3327//2949 3421//3043 3492//3114 3340//2962
f 3325//2947 3426//3048 3492//3114 3421//3043
f 3315//2937 3340//2962 3492//3114 3426//3048
o crown_contour_leaf.063
v -0.116125 2.137079 -0.183098
v -0.130886 2.119989 -0.218863
v -0.132902 2.110024 -0.250652
v -0.107114 2.112736 -0.283869
v -0.075724 2.121326 -0.305652
v -0.062514 2.137005 -0.272286
v -0.060967 2.149169 -0.231970
v -0.081970 2.146607 -0.206159
v -0.112001 2.128314 -0.180612
v -0.126763 2.111224 -0.216377
v -0.128778 2.101259 -0.248166
v -0.102990 2.103971 -0.281383
v -0.071600 2.112561 -0.303167
v -0.058390 2.128241 -0.269800
v -0.056843 2.140404 -0.229484
v -0.077847 2.137843 -0.203673
vn 0.4124 -0.8764 0.2486
vn -0.4124 0.8764 -0.2486
vn -0.8415 -0.2619 0.4725
vn -0.9090 -0.3778 0.1760
vn -0.6749 -0.4772 -0.5629
vn -0.4330 -0.4286 -0.7930
vn 0.8463 0.2675 -0.4607
vn 0.9103 0.3854 -0.1512
vn 0.6587 0.4754 0.5832
vn 0.4218 0.4256 0.8006
s 0
usemtl Leaf
f 3493//3115 3494//3115 3495//3115 3496//3115 3497//3115 3498//3115 3499//3115 3500//3115
f 3508//3116 3507//3116 3506//3116 3505//3116 3504//3116 3503//3116 3502//3116 3501//3116
f 3493//3117 3494//3117 3502//3117 3501//3117
f 3494//3118 3495//3118 3503//3118 3502//3118
f 3495//3119 3496//3119 3504//3119 3503//3119
f 3496//3120 3497//3120 3505//3120 3504//3120
f 3497//3121 3498//3121 3506//3121 3505//3121
f 3498//3122 3499//3122 3507//3122 3506//3122
f 3499//3123 3500//3123 3508//3123 3507//3123
f 3500//3124 3493//3124 3501//3124 3508//3124
o crown_contour_leaf.064
v -0.333876 2.239398 -0.022719
v -0.364214 2.244688 0.015916
v -0.396493 2.244679 0.037821
v -0.443569 2.232836 0.029475
v -0.481369 2.218927 0.007789
v -0.452798 2.214231 -0.027626
v -0.411378 2.214671 -0.054277
v -0.374336 2.224283 -0.046710
v -0.331996 2.229975 -0.019953
v -0.362334 2.235264 0.018683
v -0.394613 2.235255 0.040588
v -0.441689 2.223412 0.032241
v -0.479489 2.209504 0.010555
v -0.450918 2.204807 -0.024859
v -0.409498 2.205247 -0.051510
v -0.372455 2.214859 -0.043944
vn 0.1880 -0.9424 0.2767
vn -0.1880 0.9424 -0.2767
vn 0.7666 0.3169 0.5585
vn 0.5291 0.3345 0.7798
vn -0.2262 0.2326 0.9459
vn -0.5309 0.1395 0.8359
vn -0.7580 -0.3184 -0.5693
vn -0.5074 -0.3344 -0.7942
vn 0.2510 -0.2262 -0.9412
vn 0.5423 -0.1353 -0.8293
s 0
usemtl Leaf
f 3509//3125 3510//3125 3511//3125 3512//3125 3513//3125 3514//3125 3515//3125 3516//3125
f 3524//3126 3523//3126 3522//3126 3521//3126 3520//3126 3519//3126 3518//3126 3517//3126
f 3509//3127 3510//3127 3518//3127 3517//3127
f 3510//3128 3511//3128 3519//3128 3518//3128
f 3511//3129 3512//3129 3520//3129 3519//3129
f 3512//3130 3513//3130 3521//3130 3520//3130
f 3513//3131 3514//3131 3522//3131 3521//3131
f 3514//3132 3515//3132 3523//3132 3522//3132
f 3515//3133 3516//3133 3524//3133 3523//3133
f 3516//3134 3509//3134 3517//3134 3524//3134
o crown_contour_leaf.065
v 0.042658 2.118152 -0.171674
v 0.095441 2.129538 -0.188356
v 0.139932 2.128161 -0.191790
v 0.180329 2.097842 -0.166759
v 0.203660 2.062970 -0.135490
v 0.154539 2.052929 -0.120503
v 0.098336 2.055720 -0.117184
v 0.067155 2.080278 -0.137624
v 0.041798 2.110384 -0.179697
v 0.094581 2.121770 -0.196378
v 0.139072 2.120392 -0.199812
v 0.179469 2.090074 -0.174781
v 0.202800 2.055201 -0.143512
v 0.153680 2.045161 -0.128526
v 0.097476 2.047952 -0.125206
v 0.066296 2.072510 -0.145646
vn -0.0767 -0.6936 -0.7163
vn 0.0767 0.6936 0.7163
vn -0.3490 0.6916 -0.6323
vn -0.0312 0.7197 -0.6936
vn 0.6932 0.4792 -0.5383
vn 0.8918 0.2735 -0.3604
vn 0.3361 -0.6943 0.6364
vn 0.0054 -0.7187 0.6953
vn -0.7116 -0.4651 0.5266
vn -0.8979 -0.2642 0.3521
s 0
usemtl Leaf
f 3525//3135 3526//3135 3527//3135 3528//3135 3529//3135 3530//3135 3531//3135 3532//3135
f 3540//3136 3539//3136 3538//3136 3537//3136 3536//3136 3535//3136 3534//3136 3533//3136
f 3525//3137 3526//3137 3534//3137 3533//3137
f 3526//3138 3527//3138 3535//3138 3534//3138
f 3527//3139 3528//3139 3536//3139 3535//3139
f 3528//3140 3529//3140 3537//3140 3536//3140
f 3529//3141 3530//3141 3538//3141 3537//3141
f 3530//3142 3531//3142 3539//3142 3538//3142
f 3531//3143 3532//3143 3540//3143 3539//3143
f 3532//3144 3525//3144 3533//3144 3540//3144
o crown_contour_leaf.066
v -0.307097 2.216284 -0.398686
v -0.359461 2.199836 -0.394697
v -0.404409 2.185679 -0.403720
v -0.447367 2.172045 -0.444719
v -0.473458 2.163707 -0.487992
v -0.424687 2.179028 -0.491078
v -0.367828 2.196941 -0.478493
v -0.334586 2.207494 -0.445542
v -0.304098 2.206744 -0.398656
v -0.356462 2.190296 -0.394666
v -0.401410 2.176139 -0.403690
v -0.444368 2.162506 -0.444688
v -0.470459 2.154167 -0.487962
v -0.421688 2.169488 -0.491048
v -0.364829 2.187401 -0.478463
v -0.331587 2.197955 -0.445512
vn 0.2999 -0.9540 0.0030
vn -0.2999 0.9540 -0.0030
vn 0.0683 0.0246 0.9974
vn -0.1803 -0.0536 0.9822
vn -0.6426 -0.1997 0.7397
vn -0.8066 -0.2518 0.5348
vn -0.0566 -0.0209 -0.9982
vn 0.1979 0.0591 -0.9784
vn 0.6558 0.2038 -0.7269
vn 0.8127 0.2538 -0.5244
s 0
usemtl Leaf
f 3541//3145 3542//3145 3543//3145 3544//3145 3545//3145 3546//3145 3547//3145 3548//3145
f 3556//3146 3555//3146 3554//3146 3553//3146 3552//3146 3551//3146 3550//3146 3549//3146
f 3541//3147 3542//3147 3550//3147 3549//3147
f 3542//3148 3543//3148 3551//3148 3550//3148
f 3543//3149 3544//3149 3552//3149 3551//3149
f 3544//3150 3545//3150 3553//3150 3552//3150
f 3545//3151 3546//3151 3554//3151 3553//3151
f 3546//3152 3547//3152 3555//3152 3554//3152
f 3547//3153 3548//3153 3556//3153 3555//3153
f 3548//3154 3541//3154 3549//3154 3556//3154
o crown_contour_leaf.067
v -0.134028 2.294089 0.019539
v -0.098075 2.274781 0.039989
v -0.077071 2.263772 0.064825
v -0.082634 2.267723 0.107499
v -0.100562 2.278336 0.144166
v -0.133550 2.296038 0.124751
v -0.159193 2.309441 0.092649
v -0.153918 2.305835 0.058910
v -0.138840 2.285324 0.019723
v -0.102886 2.266016 0.040173
v -0.081882 2.255007 0.065009
v -0.087446 2.258958 0.107684
v -0.105374 2.269571 0.144350
v -0.138362 2.287273 0.124935
v -0.164005 2.300676 0.092834
v -0.158730 2.297071 0.059094
vn -0.4812 -0.8764 0.0184
vn 0.4812 0.8764 -0.0184
vn 0.3849 -0.2301 -0.8938
vn 0.6280 -0.3593 -0.6903
vn 0.8671 -0.4727 0.1568
vn 0.7667 -0.4105 0.4937
vn -0.3958 0.2359 0.8875
vn -0.6453 0.3683 0.6693
vn -0.8631 0.4699 -0.1852
vn -0.7607 0.4070 -0.5057
s 0
usemtl Leaf
f 3557//3155 3558//3155 3559//3155 3560//3155 3561//3155 3562//3155 3563//3155 3564//3155
f 3572//3156 3571//3156 3570//3156 3569//3156 3568//3156 3567//3156 3566//3156 3565//3156
f 3557//3157 3558//3157 3566//3157 3565//3157
f 3558//3158 3559//3158 3567//3158 3566//3158
f 3559//3159 3560//3159 3568//3159 3567//3159
f 3560//3160 3561//3160 3569//3160 3568//3160
f 3561//3161 3562//3161 3570//3161 3569//3161
f 3562//3162 3563//3162 3571//3162 3570//3162
f 3563//3163 3564//3163 3572//3163 3571//3163
f 3564//3164 3557//3164 3565//3164 3572//3164
o crown_contour_leaf.068
v -0.061362 2.159930 -0.229482
v -0.049811 2.166677 -0.280491
v -0.029030 2.167354 -0.314619
v 0.019092 2.154696 -0.322122
v 0.064357 2.139459 -0.312426
v 0.053049 2.133434 -0.265406
v 0.025739 2.133059 -0.223142
v -0.012568 2.143357 -0.218286
v -0.064465 2.149375 -0.231581
v -0.052914 2.156122 -0.282590
v -0.032133 2.156799 -0.316718
v 0.015989 2.144141 -0.324221
v 0.061254 2.128904 -0.314525
v 0.049945 2.122879 -0.267504
v 0.022636 2.122504 -0.225240
v -0.015671 2.132802 -0.220385
vn -0.2771 -0.9424 -0.1874
vn 0.2771 0.9424 0.1874
vn -0.9355 0.3091 -0.1710
vn -0.8080 0.3341 -0.4854
vn -0.0934 0.2205 -0.9709
vn 0.2461 0.1189 -0.9619
vn 0.9324 -0.3108 0.1844
vn 0.7929 -0.3344 0.5094
vn 0.0662 -0.2133 0.9747
vn -0.2590 -0.1146 0.9591
s 0
usemtl Leaf
f 3573//3165 3574//3165 3575//3165 3576//3165 3577//3165 3578//3165 3579//3165 3580//3165
f 3588//3166 3587//3166 3586//3166 3585//3166 3584//3166 3583//3166 3582//3166 3581//3166
f 3573//3167 3574//3167 3582//3167 3581//3167
f 3574//3168 3575//3168 3583//3168 3582//3168
f 3575//3169 3576//3169 3584//3169 3583//3169
f 3576//3170 3577//3170 3585//3170 3584//3170
f 3577//3171 3578//3171 3586//3171 3585//3171
f 3578//3172 3579//3172 3587//3172 3586//3172
f 3579//3173 3580//3173 3588//3173 3587//3173
f 3580//3174 3573//3174 3581//3174 3588//3174
o leafy_twig.010
v -0.900911 1.221549 0.267704
v 0.002454 2.186951 -0.065115
v -0.902365 1.215238 0.244879
v 0.001986 2.184915 -0.072478
v -0.890717 1.200000 0.230911
v 0.005743 2.180000 -0.076983
v -0.872792 1.184763 0.233984
v 0.011525 2.175085 -0.075992
v -0.859089 1.178451 0.252296
v 0.015946 2.173048 -0.070085
v -0.857636 1.184763 0.275121
v 0.016414 2.175085 -0.062722
v -0.869283 1.200000 0.289089
v 0.012657 2.180000 -0.058217
v -0.887209 1.215238 0.286016
v 0.006875 2.184915 -0.059208
vn -0.9342 0.0940 0.3442
vn -0.1057 0.9936 0.0389
vn -0.9708 -0.0650 -0.2309
vn -0.1418 0.8365 -0.5292
vn -0.6773 -0.4489 -0.5828
vn 0.1481 0.4572 -0.8769
vn -0.2257 -0.8328 -0.5054
vn 0.5943 0.0779 -0.8005
vn 0.1195 -0.9919 -0.0440
vn 0.9354 -0.0792 -0.3446
vn 0.1562 -0.8328 0.5310
vn 0.9716 0.0779 0.2236
vn -0.1373 -0.4489 0.8830
vn 0.6816 0.4572 0.5712
vn -0.5889 -0.0650 0.8056
vn 0.2354 0.8365 0.4948
vt 1.000000 0.500000
vt 1.000000 1.000000
vt 0.875000 1.000000
vt 0.875000 0.500000
vt 0.750000 1.000000
vt 0.750000 0.500000
vt 0.625000 1.000000
vt 0.625000 0.500000
vt 0.500000 1.000000
vt 0.500000 0.500000
vt 0.375000 1.000000
vt 0.375000 0.500000
vt 0.250000 1.000000
vt 0.250000 0.500000
vt 0.419706 0.419706
vt 0.250000 0.490000
vt 0.080294 0.419706
vt 0.010000 0.250000
vt 0.080294 0.080294
vt 0.250000 0.010000
vt 0.419706 0.080294
vt 0.490000 0.250000
vt 0.125000 1.000000
vt 0.125000 0.500000
vt 0.000000 1.000000
vt 0.000000 0.500000
vt 0.750000 0.490000
vt 0.919706 0.419706
vt 0.990000 0.250000
vt 0.919706 0.080294
vt 0.750000 0.010000
vt 0.580294 0.080294
vt 0.510000 0.250000
vt 0.580294 0.419706
s 1
usemtl WeatheredBark
f 3589/1017/3175 3590/1018/3176 3592/1019/3178 3591/1020/3177
f 3591/1020/3177 3592/1019/3178 3594/1021/3180 3593/1022/3179
f 3593/1022/3179 3594/1021/3180 3596/1023/3182 3595/1024/3181
f 3595/1024/3181 3596/1023/3182 3598/1025/3184 3597/1026/3183
f 3597/1026/3183 3598/1025/3184 3600/1027/3186 3599/1028/3185
f 3599/1028/3185 3600/1027/3186 3602/1029/3188 3601/1030/3187
f 3592/1031/3178 3590/1032/3176 3604/1033/3190 3602/1034/3188 3600/1035/3186 3598/1036/3184 3596/1037/3182 3594/1038/3180
f 3601/1030/3187 3602/1029/3188 3604/1039/3190 3603/1040/3189
f 3603/1040/3189 3604/1039/3190 3590/1041/3176 3589/1042/3175
f 3589/1043/3175 3591/1044/3177 3593/1045/3179 3595/1046/3181 3597/1047/3183 3599/1048/3185 3601/1049/3187 3603/1050/3189
o solid_leaf_crown_lobe.010
v 0.446874 2.091236 -0.153983
v 0.434754 2.064555 -0.260561
v 0.332382 2.116384 -0.323119
v 0.238782 2.106626 -0.336096
v 0.134081 2.061658 -0.309348
v 0.106115 2.103031 -0.220318
v 0.069340 2.118912 -0.115447
v 0.127446 2.066373 -0.026907
v 0.231745 2.087430 0.032646
v 0.337614 2.125164 0.013503
v 0.416681 2.077578 -0.060254
v 0.538848 2.227252 -0.167483
v 0.478680 2.215924 -0.325731
v 0.339452 2.249201 -0.401850
v 0.194573 2.242686 -0.407328
v 0.077595 2.213650 -0.346985
v 0.028463 2.240400 -0.216807
v -0.004478 2.250843 -0.070648
v 0.103757 2.217080 0.048943
v 0.248752 2.230392 0.111279
v 0.402442 2.254479 0.073032
v 0.485889 2.226317 -0.041035
v 0.513385 2.372836 -0.201151
v 0.412293 2.346155 -0.318748
v 0.304702 2.397984 -0.368225
v 0.175349 2.388226 -0.357315
v 0.102738 2.343258 -0.300458
v 0.065454 2.384631 -0.182185
v 0.027420 2.400512 -0.064610
v 0.163588 2.347973 0.024544
v 0.269208 2.369030 0.070108
v 0.410064 2.406764 0.020711
v 0.431461 2.359178 -0.082582
v 0.260419 2.070651 -0.159997
v 0.261861 2.424784 -0.168443
v 0.368630 2.076218 -0.157633
v 0.356530 2.071857 -0.216318
v 0.440814 2.077895 -0.207272
v 0.482325 2.148801 -0.244093
v 0.502868 2.157241 -0.174376
v 0.529211 2.221560 -0.246200
v 0.453575 2.129292 -0.290361
v 0.530768 2.298041 -0.195513
v 0.506541 2.290253 -0.268821
v 0.448393 2.298774 -0.322982
v 0.462839 2.359496 -0.259950
v 0.352005 2.392029 -0.253531
v 0.395527 2.396390 -0.189225
v 0.304602 2.089033 -0.253570
v 0.383568 2.090470 -0.291840
v 0.412112 2.161711 -0.337232
v 0.340185 2.194282 -0.379016
v 0.403049 2.236232 -0.379194
v 0.399010 2.302510 -0.361092
v 0.358498 2.372070 -0.343486
v 0.329093 2.306401 -0.396950
v 0.285753 2.409205 -0.284221
v 0.246197 2.085819 -0.262402
v 0.285582 2.111505 -0.329608
v 0.266902 2.181398 -0.379282
v 0.277067 2.251996 -0.413630
v 0.217267 2.158793 -0.370871
v 0.249495 2.322198 -0.399333
v 0.185843 2.328275 -0.383023
v 0.240025 2.393105 -0.362770
v 0.215395 2.405992 -0.279091
v 0.191604 2.071011 -0.243960
v 0.186431 2.084142 -0.322722
v 0.157013 2.154250 -0.367723
v 0.094430 2.155992 -0.338030
v 0.119340 2.221455 -0.382342
v 0.138156 2.295050 -0.366400
v 0.139044 2.365742 -0.328886
v 0.081855 2.268111 -0.334492
v 0.169226 2.391183 -0.243174
v 0.166175 2.084636 -0.194825
v 0.120098 2.082345 -0.264833
v 0.074643 2.152568 -0.272815
v 0.050222 2.220108 -0.298766
v 0.068150 2.156273 -0.219790
v 0.058019 2.293368 -0.265362
v 0.044480 2.325754 -0.198486
v 0.084096 2.363945 -0.241321
v 0.143211 2.404808 -0.177942
v 0.154363 2.089865 -0.134711
v 0.087727 2.110971 -0.167882
v 0.038149 2.180969 -0.162782
v 0.018324 2.196050 -0.085588
v -0.003944 2.252059 -0.131145
v 0.017339 2.321769 -0.138725
v 0.046437 2.392571 -0.123398
v 0.001817 2.308169 -0.065375
v 0.137811 2.410038 -0.109702
v 0.184668 2.072564 -0.082521
v 0.098393 2.092642 -0.071177
v 0.070597 2.163815 -0.027096
v 0.026430 2.238324 -0.014575
v 0.117020 2.130567 0.009029
v 0.057591 2.304615 -0.001647
v 0.131134 2.300049 0.038541
v 0.095504 2.374242 -0.020033
v 0.199623 2.392736 -0.057395
v 0.243097 2.079498 -0.051555
v 0.179596 2.076902 0.002870
v 0.166390 2.148198 0.053649
v 0.241967 2.174024 0.088605
v 0.184320 2.220756 0.096474
v 0.184806 2.288998 0.073804
v 0.216398 2.358502 0.047326
v 0.256960 2.286143 0.103483
v 0.269700 2.399671 -0.035052
v 0.304194 2.091966 -0.060691
v 0.284679 2.106297 0.023075
v 0.319772 2.175710 0.069272
v 0.317036 2.242784 0.108031
v 0.369218 2.171793 0.042347
v 0.341933 2.316510 0.084853
v 0.403600 2.341274 0.046756
v 0.339636 2.387897 0.045409
v 0.339582 2.412138 -0.060762
v 0.349797 2.077901 -0.101742
v 0.377147 2.101371 -0.023375
v 0.420598 2.170865 0.013774
v 0.468572 2.169124 -0.043906
v 0.455795 2.237576 0.013579
v 0.433781 2.311665 0.005688
v 0.420762 2.382971 -0.030936
v 0.474710 2.281242 -0.052785
v 0.370385 2.398074 -0.119252
v 0.431777 2.084407 -0.107118
v 0.493264 2.154802 -0.114179
v 0.517434 2.224460 -0.097717
v 0.505769 2.294950 -0.127764
v 0.472423 2.366007 -0.141867
v 0.383733 2.073642 -0.192395
v 0.510679 2.176144 -0.226121
v 0.461800 2.119772 -0.251851
v 0.530895 2.270011 -0.241652
v 0.476099 2.311417 -0.287596
v 0.398848 2.385885 -0.232018
v 0.344689 2.082079 -0.250255
v 0.421854 2.128155 -0.309386
v 0.391569 2.194783 -0.367643
v 0.406064 2.319800 -0.344472
v 0.382799 2.284739 -0.382233
v 0.328628 2.394322 -0.289204
v 0.277742 2.095108 -0.276543
v 0.290767 2.207852 -0.395387
v 0.254105 2.154253 -0.363418
v 0.281428 2.297807 -0.409464
v 0.223299 2.345897 -0.385403
v 0.247234 2.407350 -0.302903
v 0.209831 2.078160 -0.271585
v 0.186572 2.136011 -0.358215
v 0.122690 2.173304 -0.369900
v 0.154595 2.327655 -0.362951
v 0.112233 2.263260 -0.367479
v 0.177901 2.390403 -0.279359
v 0.163798 2.077047 -0.231715
v 0.067365 2.172187 -0.303297
v 0.085213 2.133781 -0.251742
v 0.057224 2.262143 -0.300051
v 0.060630 2.325425 -0.235362
v 0.138944 2.389289 -0.219198
v 0.141571 2.094777 -0.165481
v 0.063059 2.152865 -0.185360
v 0.011180 2.208331 -0.130226
v 0.035097 2.344510 -0.155580
v -0.002193 2.298286 -0.114163
v 0.114721 2.407020 -0.138554
v 0.149742 2.083425 -0.098947
v 0.034883 2.196943 -0.036876
v 0.094933 2.130126 -0.025475
v 0.022576 2.286899 -0.020627
v 0.093527 2.321770 0.009141
v 0.148381 2.395668 -0.067369
v 0.204836 2.073676 -0.048392
v 0.151041 2.119632 0.024791
v 0.191484 2.177070 0.083878
v 0.174994 2.311276 0.055134
v 0.203433 2.267025 0.096039
v 0.230405 2.385918 -0.021516
v 0.276797 2.091882 -0.034716
v 0.297743 2.195333 0.093504
v 0.329261 2.156101 0.048092
v 0.310196 2.285288 0.105051
v 0.366104 2.347746 0.062672
v 0.314752 2.404125 -0.022990
v 0.340310 2.089080 -0.066158
v 0.392003 2.152817 0.015907
v 0.449449 2.189440 0.001372
v 0.421600 2.344462 0.011387
v 0.454972 2.279396 -0.005350
v 0.371442 2.401323 -0.074900
v 0.378033 2.077924 -0.123733
v 0.499232 2.178749 -0.087974
v 0.480555 2.132926 -0.132270
v 0.504671 2.268705 -0.095452
v 0.507652 2.320659 -0.155435
v 0.406434 2.390167 -0.151174
vn -0.9921 -0.1150 0.0506
vn -0.8533 -0.3079 0.4208
vn -0.3221 -0.0960 0.9418
vn 0.1100 -0.2497 0.9621
vn 0.6731 -0.2258 0.7043
vn 0.8145 -0.4595 0.3543
vn 0.9720 0.1322 -0.1941
vn 0.5637 -0.4430 -0.6971
vn 0.3214 -0.1646 -0.9326
vn -0.4402 0.2000 -0.8753
vn -0.8330 -0.3673 -0.4138
vn -0.9858 0.1166 -0.1212
vn -0.7082 0.1449 0.6910
vn -0.2501 0.1146 0.9614
vn 0.1925 0.0677 0.9789
vn 0.7681 0.0733 0.6361
vn 0.9535 0.0718 0.2927
vn 0.9615 0.1576 -0.2252
vn 0.5847 0.1171 -0.8027
vn 0.0691 0.1143 -0.9910
vn -0.5791 0.0674 -0.8125
vn -0.8736 0.0180 -0.4863
vn -0.9538 0.2991 -0.0297
vn -0.6017 0.1194 0.7897
vn 0.0023 0.5420 0.8404
vn 0.1282 0.5514 0.8243
vn 0.7705 0.0891 0.6312
vn 0.6964 0.7140 0.0716
vn 0.9306 0.3058 -0.2013
vn 0.4811 0.3250 -0.8142
vn -0.0923 0.2876 -0.9533
vn -0.6153 0.5687 -0.5458
vn -0.6361 0.6117 -0.4703
vn -0.0133 -0.9999 -0.0029
vn 0.0079 0.9999 -0.0102
vn 0.0907 -0.9940 0.0615
vn -0.0660 -0.9940 -0.0877
vn -0.8155 -0.5235 0.2467
vn -0.8073 0.5320 0.2554
vn -0.8255 0.5643 0.0089
vn -0.9195 0.2079 0.3336
vn -0.6723 0.4872 0.5574
vn -0.9684 -0.2429 -0.0559
vn -0.7787 -0.2828 0.5601
vn -0.6164 -0.3728 0.6936
vn -0.6184 0.6552 0.4339
vn 0.2842 0.9392 -0.1927
vn 0.2151 0.9746 -0.0630
vn -0.0342 -0.9599 -0.2781
vn -0.6221 -0.4917 0.6093
vn -0.3519 0.5064 0.7872
vn -0.1751 0.4849 0.8569
vn -0.4645 0.0832 0.8817
vn -0.5540 -0.3470 0.7568
vn -0.1630 0.5788 0.7990
vn -0.2836 -0.2721 0.9195
vn 0.1427 0.9829 -0.1161
vn 0.1780 -0.9601 -0.2158
vn -0.0440 -0.6072 0.7933
vn -0.0598 0.4956 0.8665
vn -0.0403 0.1265 0.9912
vn -0.0387 0.4649 0.8845
vn 0.0845 -0.3050 0.9486
vn 0.3614 -0.2953 0.8844
vn 0.0450 0.6085 0.7922
vn -0.2296 0.9688 -0.0927
vn 0.0223 -0.9995 0.0219
vn 0.3690 -0.4887 0.7906
vn 0.1669 0.4386 0.8831
vn 0.6882 0.4190 0.5924
vn 0.4641 0.0390 0.8849
vn 0.5233 -0.3403 0.7813
vn 0.1883 0.6382 0.7465
vn 0.7361 -0.3295 0.5912
vn -0.3144 0.9311 -0.1847
vn -0.2474 -0.9606 0.1269
vn 0.7630 -0.5065 0.4015
vn 0.8760 0.4624 0.1373
vn 0.9349 0.0905 0.3431
vn 0.8578 0.4935 0.1440
vn 0.8689 -0.3432 0.3567
vn 0.8682 -0.3378 0.3635
vn 0.7605 0.6480 0.0416
vn -0.1849 0.9582 -0.2183
vn -0.2609 -0.9605 -0.0972
vn 0.7432 -0.5820 0.3302
vn 0.8489 0.4809 0.2193
vn 0.8511 0.5054 -0.1420
vn 0.9753 0.0890 0.2019
vn 0.8965 -0.3143 0.3124
vn 0.7460 0.6314 0.2117
vn 0.9378 -0.2148 -0.2728
vn -0.0604 0.9901 0.1267
vn -0.0698 -0.9938 -0.0867
vn 0.5619 -0.4835 -0.6712
vn 0.7285 0.5078 -0.4598
vn 0.7650 0.1841 -0.6172
vn 0.6235 0.4588 -0.6330
vn 0.5451 -0.2764 -0.7915
vn 0.4334 -0.3683 -0.8225
vn 0.5599 0.6334 -0.5341
vn -0.0937 0.9430 0.3193
vn 0.1840 -0.9759 0.1169
vn 0.5211 -0.4601 -0.7189
vn 0.3807 0.4839 -0.7880
vn -0.0007 0.4761 -0.8794
vn 0.3803 0.0700 -0.9222
vn 0.4411 -0.3673 -0.8189
vn 0.2271 0.6615 -0.7147
vn 0.1322 -0.2916 -0.9474
vn -0.1676 0.9580 0.2326
vn 0.0908 -0.9638 0.2509
vn -0.0321 -0.5013 -0.8647
vn -0.3368 0.5297 -0.7785
vn -0.2527 0.1381 -0.9576
vn -0.3771 0.5367 -0.7548
vn -0.2675 -0.3304 -0.9052
vn -0.6580 -0.2681 -0.7037
vn -0.4163 0.5798 -0.7004
vn 0.1040 0.9940 0.0349
vn -0.0270 -0.9883 0.1503
vn -0.7126 -0.4677 -0.5228
vn -0.5338 0.4795 -0.6965
vn -0.7707 0.4139 -0.4845
vn -0.8012 0.0212 -0.5980
vn -0.8586 -0.3135 -0.4057
vn -0.5451 0.7213 -0.4273
vn -0.8220 -0.4076 -0.3978
vn 0.3286 0.9443 0.0153
vn -0.8423 -0.4667 -0.2696
vn -0.8336 0.5030 -0.2281
vn -0.9278 0.0381 -0.3710
vn -0.8354 -0.3830 -0.3941
vn -0.6247 0.6917 -0.3625
vn 0.0853 -0.9855 0.1466
vn -0.8200 0.5286 0.2194
vn -0.8778 0.4551 0.1492
vn -0.9359 -0.1323 0.3264
vn -0.6361 -0.4234 0.6451
vn 0.2077 0.9319 -0.2972
vn -0.1768 -0.9309 -0.3198
vn -0.3347 0.5297 0.7794
vn -0.3120 0.4528 0.8352
vn -0.5683 -0.4392 0.6958
vn -0.4582 -0.2486 0.8533
vn 0.3805 0.9185 -0.1074
vn 0.1128 -0.9585 -0.2619
vn -0.0797 0.4547 0.8871
vn -0.1207 0.5049 0.8547
vn -0.0573 -0.2124 0.9755
vn 0.1576 -0.3779 0.9123
vn -0.0714 0.9842 -0.1622
vn 0.2690 -0.9412 -0.2042
vn -0.0062 0.5117 0.8592
vn 0.4055 0.3523 0.8435
vn 0.5958 -0.2931 0.7478
vn 0.5493 -0.3157 0.7737
vn -0.4457 0.8943 -0.0401
vn -0.2617 -0.9354 0.2377
vn 0.8746 0.3844 0.2954
vn 0.8465 0.5312 0.0343
vn 0.8699 -0.2808 0.4054
vn 0.8506 -0.3741 0.3696
vn -0.2319 0.9141 -0.3326
vn -0.2723 -0.9615 0.0377
vn 0.8265 0.5190 0.2180
vn 0.8882 0.4346 0.1488
vn 0.8577 -0.3756 0.3512
vn 0.9626 -0.2147 0.1653
vn -0.1875 0.9716 -0.1445
vn -0.2736 -0.9277 -0.2539
vn 0.7421 0.5103 -0.4346
vn 0.7935 0.4474 -0.4124
vn 0.7524 -0.1443 -0.6427
vn 0.4003 -0.3924 -0.8281
vn 0.0236 0.9229 0.3844
vn 0.1117 -0.9904 0.0814
vn 0.4040 0.5280 -0.7470
vn 0.2880 0.4227 -0.8593
vn 0.4392 -0.4380 -0.7843
vn 0.3532 -0.2749 -0.8942
vn -0.2423 0.9275 0.2848
vn 0.2907 -0.9405 0.1759
vn -0.2301 0.4574 -0.8590
vn -0.3583 0.6035 -0.7124
vn -0.1547 -0.2420 -0.9579
vn -0.2995 -0.3851 -0.8729
vn -0.1335 0.9645 0.2278
vn -0.1117 -0.9359 0.3341
vn -0.3534 0.5801 -0.7339
vn -0.7164 0.3638 -0.5954
vn -0.9357 -0.1830 -0.3015
vn -0.8232 -0.3522 -0.4454
vn 0.4192 0.8937 -0.1599
vn 0.0986 -0.9949 -0.0208
vn -0.8467 0.3824 -0.3698
vn -0.7822 0.6103 -0.1255
vn -0.8467 -0.3591 -0.3927
vn -0.8214 -0.3444 -0.4546
vn 0.2778 0.9423 0.1866
s 1
usemtl LeafDeep
f 3638//3224 3641//3227 3739//3325 3640//3226
f 3606//3192 3642//3228 3739//3325 3641//3227
f 3605//3191 3640//3226 3739//3325 3642//3228
f 3605//3191 3644//3230 3740//3326 3643//3229
f 3616//3202 3645//3231 3740//3326 3644//3230
f 3617//3203 3643//3229 3740//3326 3645//3231
f 3605//3191 3643//3229 3741//3327 3642//3228
f 3617//3203 3646//3232 3741//3327 3643//3229
f 3606//3192 3642//3228 3741//3327 3646//3232
f 3616//3202 3647//3233 3742//3328 3645//3231
f 3627//3213 3648//3234 3742//3328 3647//3233
f 3617//3203 3645//3231 3742//3328 3648//3234
f 3617//3203 3648//3234 3743//3329 3649//3235
f 3627//3213 3650//3236 3743//3329 3648//3234
f 3628//3214 3649//3235 3743//3329 3650//3236
f 3639//3225 3652//3238 3744//3330 3651//3237
f 3627//3213 3650//3236 3744//3330 3652//3238
f 3628//3214 3651//3237 3744//3330 3650//3236
f 3638//3224 3653//3239 3745//3331 3641//3227
f 3607//3193 3654//3240 3745//3331 3653//3239
f 3606//3192 3641//3227 3745//3331 3654//3240
f 3606//3192 3646//3232 3746//3332 3654//3240
f 3617//3203 3655//3241 3746//3332 3646//3232
f 3607//3193 3654//3240 3746//3332 3655//3241
f 3607//3193 3655//3241 3747//3333 3656//3242
f 3617//3203 3657//3243 3747//3333 3655//3241
f 3618//3204 3656//3242 3747//3333 3657//3243
f 3617//3203 3649//3235 3748//3334 3658//3244
f 3628//3214 3659//3245 3748//3334 3649//3235
f 3629//3215 3658//3244 3748//3334 3659//3245
f 3617//3203 3658//3244 3749//3335 3657//3243
f 3629//3215 3660//3246 3749//3335 3658//3244
f 3618//3204 3657//3243 3749//3335 3660//3246
f 3639//3225 3651//3237 3750//3336 3661//3247
f 3628//3214 3659//3245 3750//3336 3651//3237
f 3629//3215 3661//3247 3750//3336 3659//3245
f 3638//3224 3662//3248 3751//3337 3653//3239
f 3608//3194 3663//3249 3751//3337 3662//3248
f 3607//3193 3653//3239 3751//3337 3663//3249
f 3607//3193 3656//3242 3752//3338 3664//3250
f 3618//3204 3665//3251 3752//3338 3656//3242
f 3619//3205 3664//3250 3752//3338 3665//3251
f 3607//3193 3664//3250 3753//3339 3663//3249
f 3619//3205 3666//3252 3753//3339 3664//3250
f 3608//3194 3663//3249 3753//3339 3666//3252
f 3618//3204 3660//3246 3754//3340 3665//3251
f 3629//3215 3667//3253 3754//3340 3660//3246
f 3619//3205 3665//3251 3754//3340 3667//3253
f 3619//3205 3667//3253 3755//3341 3668//3254
f 3629//3215 3669//3255 3755//3341 3667//3253
f 3630//3216 3668//3254 3755//3341 3669//3255
f 3639//3225 3661//3247 3756//3342 3670//3256
f 3629//3215 3669//3255 3756//3342 3661//3247
f 3630//3216 3670//3256 3756//3342 3669//3255
f 3638//3224 3671//3257 3757//3343 3662//3248
f 3609//3195 3672//3258 3757//3343 3671//3257
f 3608//3194 3662//3248 3757//3343 3672//3258
f 3608//3194 3666//3252 3758//3344 3672//3258
f 3619//3205 3673//3259 3758//3344 3666//3252
f 3609//3195 3672//3258 3758//3344 3673//3259
f 3609//3195 3673//3259 3759//3345 3674//3260
f 3619//3205 3675//3261 3759//3345 3673//3259
f 3620//3206 3674//3260 3759//3345 3675//3261
f 3619//3205 3668//3254 3760//3346 3676//3262
f 3630//3216 3677//3263 3760//3346 3668//3254
f 3631//3217 3676//3262 3760//3346 3677//3263
f 3619//3205 3676//3262 3761//3347 3675//3261
f 3631//3217 3678//3264 3761//3347 3676//3262
f 3620//3206 3675//3261 3761//3347 3678//3264
f 3639//3225 3670//3256 3762//3348 3679//3265
f 3630//3216 3677//3263 3762//3348 3670//3256
f 3631//3217 3679//3265 3762//3348 3677//3263
f 3638//3224 3680//3266 3763//3349 3671//3257
f 3610//3196 3681//3267 3763//3349 3680//3266
f 3609//3195 3671//3257 3763//3349 3681//3267
f 3609//3195 3674//3260 3764//3350 3682//3268
f 3620//3206 3683//3269 3764//3350 3674//3260
f 3621//3207 3682//3268 3764//3350 3683//3269
f 3609//3195 3682//3268 3765//3351 3681//3267
f 3621//3207 3684//3270 3765//3351 3682//3268
f 3610//3196 3681//3267 3765//3351 3684//3270
f 3620//3206 3678//3264 3766//3352 3683//3269
f 3631//3217 3685//3271 3766//3352 3678//3264
f 3621//3207 3683//3269 3766//3352 3685//3271
f 3621//3207 3685//3271 3767//3353 3686//3272
f 3631//3217 3687//3273 3767//3353 3685//3271
f 3632//3218 3686//3272 3767//3353 3687//3273
f 3639//3225 3679//3265 3768//3354 3688//3274
f 3631//3217 3687//3273 3768//3354 3679//3265
f 3632//3218 3688//3274 3768//3354 3687//3273
f 3638//3224 3689//3275 3769//3355 3680//3266
f 3611//3197 3690//3276 3769//3355 3689//3275
f 3610//3196 3680//3266 3769//3355 3690//3276
f 3610//3196 3684//3270 3770//3356 3690//3276
f 3621//3207 3691//3277 3770//3356 3684//3270
f 3611//3197 3690//3276 3770//3356 3691//3277
f 3611//3197 3691//3277 3771//3357 3692//3278
f 3621//3207 3693//3279 3771//3357 3691//3277
f 3622//3208 3692//3278 3771//3357 3693//3279
f 3621//3207 3686//3272 3772//3358 3694//3280
f 3632//3218 3695//3281 3772//3358 3686//3272
f 3633//3219 3694//3280 3772//3358 3695//3281
f 3621//3207 3694//3280 3773//3359 3693//3279
f 3633//3219 3696//3282 3773//3359 3694//3280
f 3622//3208 3693//3279 3773//3359 3696//3282
f 3639//3225 3688//3274 3774//3360 3697//3283
f 3632//3218 3695//3281 3774//3360 3688//3274
f 3633//3219 3697//3283 3774//3360 3695//3281
f 3638//3224 3698//3284 3775//3361 3689//3275
f 3612//3198 3699//3285 3775//3361 3698//3284
f 3611//3197 3689//3275 3775//3361 3699//3285
f 3611//3197 3692//3278 3776//3362 3700//3286
f 3622//3208 3701//3287 3776//3362 3692//3278
f 3623//3209 3700//3286 3776//3362 3701//3287
f 3611//3197 3700//3286 3777//3363 3699//3285
f 3623//3209 3702//3288 3777//3363 3700//3286
f 3612//3198 3699//3285 3777//3363 3702//3288
f 3622//3208 3696//3282 3778//3364 3701//3287
f 3633//3219 3703//3289 3778//3364 3696//3282
f 3623//3209 3701//3287 3778//3364 3703//3289
f 3623//3209 3703//3289 3779//3365 3704//3290
f 3633//3219 3705//3291 3779//3365 3703//3289
f 3634//3220 3704//3290 3779//3365 3705//3291
f 3639//3225 3697//3283 3780//3366 3706//3292
f 3633//3219 3705//3291 3780//3366 3697//3283
f 3634//3220 3706//3292 3780//3366 3705//3291
f 3638//3224 3707//3293 3781//3367 3698//3284
f 3613//3199 3708//3294 3781//3367 3707//3293
f 3612//3198 3698//3284 3781//3367 3708//3294
f 3612//3198 3702//3288 3782//3368 3708//3294
f 3623//3209 3709//3295 3782//3368 3702//3288
f 3613//3199 3708//3294 3782//3368 3709//3295
f 3613//3199 3709//3295 3783//3369 3710//3296
f 3623//3209 3711//3297 3783//3369 3709//3295
f 3624//3210 3710//3296 3783//3369 3711//3297
f 3623//3209 3704//3290 3784//3370 3712//3298
f 3634//3220 3713//3299 3784//3370 3704//3290
f 3635//3221 3712//3298 3784//3370 3713//3299
f 3623//3209 3712//3298 3785//3371 3711//3297
f 3635//3221 3714//3300 3785//3371 3712//3298
f 3624//3210 3711//3297 3785//3371 3714//3300
f 3639//3225 3706//3292 3786//3372 3715//3301
f 3634//3220 3713//3299 3786//3372 3706//3292
f 3635//3221 3715//3301 3786//3372 3713//3299
f 3638//3224 3716//3302 3787//3373 3707//3293
f 3614//3200 3717//3303 3787//3373 3716//3302
f 3613//3199 3707//3293 3787//3373 3717//3303
f 3613//3199 3710//3296 3788//3374 3718//3304
f 3624//3210 3719//3305 3788//3374 3710//3296
f 3625//3211 3718//3304 3788//3374 3719//3305
f 3613//3199 3718//3304 3789//3375 3717//3303
f 3625//3211 3720//3306 3789//3375 3718//3304
f 3614//3200 3717//3303 3789//3375 3720//3306
f 3624//3210 3714//3300 3790//3376 3719//3305
f 3635//3221 3721//3307 3790//3376 3714//3300
f 3625//3211 3719//3305 3790//3376 3721//3307
f 3625//3211 3721//3307 3791//3377 3722//3308
f 3635//3221 3723//3309 3791//3377 3721//3307
f 3636//3222 3722//3308 3791//3377 3723//3309
f 3639//3225 3715//3301 3792//3378 3724//3310
f 3635//3221 3723//3309 3792//3378 3715//3301
f 3636//3222 3724//3310 3792//3378 3723//3309
f 3638//3224 3725//3311 3793//3379 3716//3302
f 3615//3201 3726//3312 3793//3379 3725//3311
f 3614//3200 3716//3302 3793//3379 3726//3312
f 3614//3200 3720//3306 3794//3380 3726//3312
f 3625//3211 3727//3313 3794//3380 3720//3306
f 3615//3201 3726//3312 3794//3380 3727//3313
f 3615//3201 3727//3313 3795//3381 3728//3314
f 3625//3211 3729//3315 3795//3381 3727//3313
f 3626//3212 3728//3314 3795//3381 3729//3315
f 3625//3211 3722//3308 3796//3382 3730//3316
f 3636//3222 3731//3317 3796//3382 3722//3308
f 3637//3223 3730//3316 3796//3382 3731//3317
f 3625//3211 3730//3316 3797//3383 3729//3315
f 3637//3223 3732//3318 3797//3383 3730//3316
f 3626//3212 3729//3315 3797//3383 3732//3318
f 3639//3225 3724//3310 3798//3384 3733//3319
f 3636//3222 3731//3317 3798//3384 3724//3310
f 3637//3223 3733//3319 3798//3384 3731//3317
f 3638//3224 3640//3226 3799//3385 3725//3311
f 3605//3191 3734//3320 3799//3385 3640//3226
f 3615//3201 3725//3311 3799//3385 3734//3320
f 3615//3201 3728//3314 3800//3386 3735//3321
f 3626//3212 3736//3322 3800//3386 3728//3314
f 3616//3202 3735//3321 3800//3386 3736//3322
f 3615//3201 3735//3321 3801//3387 3734//3320
f 3616//3202 3644//3230 3801//3387 3735//3321
f 3605//3191 3734//3320 3801//3387 3644//3230
f 3626//3212 3732//3318 3802//3388 3736//3322
f 3637//3223 3737//3323 3802//3388 3732//3318
f 3616//3202 3736//3322 3802//3388 3737//3323
f 3616//3202 3737//3323 3803//3389 3647//3233
f 3637//3223 3738//3324 3803//3389 3737//3323
f 3627//3213 3647//3233 3803//3389 3738//3324
f 3639//3225 3733//3319 3804//3390 3652//3238
f 3637//3223 3738//3324 3804//3390 3733//3319
f 3627//3213 3652//3238 3804//3390 3738//3324
o crown_contour_leaf.069
v 0.124729 2.291040 -0.190705
v 0.086324 2.273950 -0.185998
v 0.055146 2.263985 -0.192519
v 0.029994 2.266697 -0.226220
v 0.017354 2.275287 -0.262277
v 0.053033 2.290967 -0.266126
v 0.092306 2.303130 -0.256884
v 0.111593 2.300569 -0.229766
v 0.128223 2.282276 -0.194018
v 0.089818 2.265186 -0.189311
v 0.058640 2.255221 -0.195832
v 0.033488 2.257932 -0.229533
v 0.020848 2.266523 -0.265590
v 0.056527 2.282202 -0.269439
v 0.095800 2.294366 -0.260197
v 0.115087 2.291805 -0.233079
vn 0.3494 -0.8764 -0.3313
vn -0.3494 0.8764 0.3313
vn 0.2314 -0.2619 0.9369
vn -0.0723 -0.3778 0.9231
vn -0.7223 -0.4772 0.5006
vn -0.8796 -0.4286 0.2062
vn -0.2188 0.2675 -0.9384
vn 0.0966 0.3854 -0.9177
vn 0.7375 0.4754 -0.4797
vn 0.8840 0.4256 -0.1935
s 0
usemtl LeafSun
f 3805//3391 3806//3391 3807//3391 3808//3391 3809//3391 3810//3391 3811//3391 3812//3391
f 3820//3392 3819//3392 3818//3392 3817//3392 3816//3392 3815//3392 3814//3392 3813//3392
f 3805//3393 3806//3393 3814//3393 3813//3393
f 3806//3394 3807//3394 3815//3394 3814//3394
f 3807//3395 3808//3395 3816//3395 3815//3395
f 3808//3396 3809//3396 3817//3396 3816//3396
f 3809//3397 3810//3397 3818//3397 3817//3397
f 3810//3398 3811//3398 3819//3398 3818//3398
f 3811//3399 3812//3399 3820//3399 3819//3399
f 3812//3400 3805//3400 3813//3400 3820//3400
o crown_contour_leaf.070
v 0.399736 2.179342 0.030764
v 0.431399 2.184632 0.068321
v 0.446286 2.184623 0.104378
v 0.428546 2.172780 0.148776
v 0.399630 2.158871 0.181379
v 0.370762 2.154175 0.146206
v 0.353085 2.154615 0.100234
v 0.368022 2.164227 0.065503
v 0.402827 2.169919 0.029485
v 0.434490 2.175208 0.067042
v 0.449377 2.175199 0.103100
v 0.431637 2.163356 0.147497
v 0.402721 2.149447 0.180101
v 0.373853 2.144751 0.144927
v 0.356176 2.145191 0.098955
v 0.371113 2.154803 0.064224
vn 0.3091 -0.9424 -0.1279
vn -0.3091 0.9424 0.1279
vn 0.7027 0.3169 -0.6370
vn 0.8711 0.3345 -0.3596
vn 0.8802 0.2326 0.4137
vn 0.7105 0.1395 0.6897
vn -0.7115 -0.3184 0.6265
vn -0.8807 -0.3344 0.3354
vn -0.8705 -0.2262 -0.4370
vn -0.7017 -0.1353 -0.6995
s 0
usemtl LeafSun
f 3821//3401 3822//3401 3823//3401 3824//3401 3825//3401 3826//3401 3827//3401 3828//3401
f 3836//3402 3835//3402 3834//3402 3833//3402 3832//3402 3831//3402 3830//3402 3829//3402
f 3821//3403 3822//3403 3830//3403 3829//3403
f 3822//3404 3823//3404 3831//3404 3830//3404
f 3823//3405 3824//3405 3832//3405 3831//3405
f 3824//3406 3825//3406 3833//3406 3832//3406
f 3825//3407 3826//3407 3834//3407 3833//3407
f 3826//3408 3827//3408 3835//3408 3834//3408
f 3827//3409 3828//3409 3836//3409 3835//3409
f 3828//3410 3821//3410 3829//3410 3836//3410
o crown_contour_leaf.071
v 0.321271 2.274524 -0.293994
v 0.312553 2.285910 -0.348660
v 0.315717 2.284533 -0.393170
v 0.346430 2.254215 -0.429436
v 0.380797 2.219342 -0.447902
v 0.388378 2.209301 -0.397109
v 0.383375 2.212092 -0.341030
v 0.358561 2.236650 -0.313204
v 0.313210 2.266756 -0.294326
v 0.304492 2.278142 -0.348992
v 0.307656 2.276765 -0.393503
v 0.338368 2.246446 -0.429769
v 0.372736 2.211574 -0.448234
v 0.380317 2.201533 -0.397441
v 0.375314 2.204324 -0.341362
v 0.350500 2.228882 -0.313536
vn -0.7197 -0.6936 -0.0297
vn 0.7197 0.6936 0.0297
vn -0.6769 0.6916 0.2520
vn -0.6906 0.7197 -0.0713
vn -0.4303 0.4792 -0.7650
vn -0.2250 0.2735 -0.9352
vn 0.6790 -0.6943 -0.2386
vn 0.6885 -0.7187 0.0972
vn 0.4160 -0.4651 0.7814
vn 0.2159 -0.2642 0.9400
s 0
usemtl LeafSun
f 3837//3411 3838//3411 3839//3411 3840//3411 3841//3411 3842//3411 3843//3411 3844//3411
f 3852//3412 3851//3412 3850//3412 3849//3412 3848//3412 3847//3412 3846//3412 3845//3412
f 3837//3413 3838//3413 3846//3413 3845//3413
f 3838//3414 3839//3414 3847//3414 3846//3414
f 3839//3415 3840//3415 3848//3415 3847//3415
f 3840//3416 3841//3416 3849//3416 3848//3416
f 3841//3417 3842//3417 3850//3417 3849//3417
f 3842//3418 3843//3418 3851//3418 3850//3418
f 3843//3419 3844//3419 3852//3419 3851//3419
f 3844//3420 3837//3420 3845//3420 3852//3420
o crown_contour_leaf.072
v 0.186898 2.363970 -0.172500
v 0.181260 2.347523 -0.120288
v 0.164181 2.333365 -0.077743
v 0.116028 2.319732 -0.042993
v 0.068718 2.311394 -0.025242
v 0.074589 2.326715 -0.073756
v 0.097344 2.344628 -0.127361
v 0.135810 2.355181 -0.154028
v 0.187475 2.354431 -0.175443
v 0.181837 2.337983 -0.123231
v 0.164758 2.323826 -0.080686
v 0.116605 2.310193 -0.045936
v 0.069295 2.301854 -0.028184
v 0.075166 2.317175 -0.076699
v 0.097921 2.335088 -0.130304
v 0.136387 2.345641 -0.156971
vn 0.0577 -0.9540 -0.2943
vn -0.0577 0.9540 0.2943
vn 0.9931 0.0246 0.1150
vn 0.9327 -0.0536 0.3566
vn 0.6099 -0.1997 0.7669
vn 0.3786 -0.2518 0.8907
vn -0.9917 -0.0209 -0.1266
vn -0.9258 0.0591 -0.3733
vn -0.5949 0.2038 -0.7775
vn -0.3672 0.2538 -0.8948
s 0
usemtl LeafSun
f 3853//3421 3854//3421 3855//3421 3856//3421 3857//3421 3858//3421 3859//3421 3860//3421
f 3868//3422 3867//3422 3866//3422 3865//3422 3864//3422 3863//3422 3862//3422 3861//3422
f 3853//3423 3854//3423 3862//3423 3861//3423
f 3854//3424 3855//3424 3863//3424 3862//3424
f 3855//3425 3856//3425 3864//3425 3863//3425
f 3856//3426 3857//3426 3865//3426 3864//3426
f 3857//3427 3858//3427 3866//3427 3865//3427
f 3858//3428 3859//3428 3867//3428 3866//3428
f 3859//3429 3860//3429 3868//3429 3867//3429
f 3860//3430 3853//3430 3861//3430 3868//3430
o crown_contour_leaf.073
v 0.509434 2.222263 -0.098724
v 0.538401 2.202954 -0.128250
v 0.567783 2.191945 -0.142202
v 0.607615 2.195897 -0.125907
v 0.638476 2.206510 -0.099195
v 0.611268 2.224211 -0.072272
v 0.573674 2.237614 -0.055694
v 0.542407 2.234009 -0.069424
v 0.508382 2.213498 -0.094026
v 0.537349 2.194190 -0.123551
v 0.566731 2.183181 -0.137503
v 0.606562 2.187132 -0.121208
v 0.637423 2.197745 -0.094497
v 0.610215 2.215447 -0.067573
v 0.572622 2.228850 -0.050995
v 0.541354 2.225245 -0.064726
vn -0.1053 -0.8764 0.4699
vn 0.1053 0.8764 -0.4699
vn -0.7657 -0.2301 -0.6007
vn -0.5067 -0.3593 -0.7837
vn 0.3734 -0.4727 -0.7982
vn 0.6734 -0.4105 -0.6149
vn 0.7568 0.2359 0.6096
vn 0.4819 0.3683 0.7950
vn -0.3998 0.4699 0.7870
vn -0.6835 0.4070 0.6060
s 0
usemtl LeafSun
f 3869//3431 3870//3431 3871//3431 3872//3431 3873//3431 3874//3431 3875//3431 3876//3431
f 3884//3432 3883//3432 3882//3432 3881//3432 3880//3432 3879//3432 3878//3432 3877//3432
f 3869//3433 3870//3433 3878//3433 3877//3433
f 3870//3434 3871//3434 3879//3434 3878//3434
f 3871//3435 3872//3435 3880//3435 3879//3435
f 3872//3436 3873//3436 3881//3436 3880//3436
f 3873//3437 3874//3437 3882//3437 3881//3437
f 3874//3438 3875//3438 3883//3438 3882//3438
f 3875//3439 3876//3439 3884//3439 3883//3439
f 3876//3440 3869//3440 3877//3440 3884//3440
o crown_contour_leaf.074
v 0.156433 2.308804 -0.248907
v 0.110150 2.315551 -0.273264
v 0.082562 2.316227 -0.302168
v 0.087767 2.303570 -0.350592
v 0.108845 2.288333 -0.391807
v 0.151338 2.282308 -0.368716
v 0.185096 2.281933 -0.331401
v 0.179874 2.292231 -0.293142
v 0.153603 2.298249 -0.246452
v 0.107320 2.304996 -0.270809
v 0.079731 2.305673 -0.299713
v 0.084936 2.293015 -0.348137
v 0.106015 2.277778 -0.389352
v 0.148508 2.271753 -0.366262
v 0.182266 2.271378 -0.328946
v 0.177043 2.281676 -0.290688
vn -0.2527 -0.9424 0.2192
vn 0.2527 0.9424 -0.2192
vn -0.4072 0.3091 0.8594
vn -0.6779 0.3341 0.6549
vn -0.9620 0.2205 -0.1610
vn -0.8655 0.1189 -0.4866
vn 0.4194 -0.3108 -0.8529
vn 0.6972 -0.3344 -0.6341
vn 0.9587 -0.2133 0.1883
vn 0.8594 -0.1146 0.4983
s 0
usemtl LeafSun
f 3885//3441 3886//3441 3887//3441 3888//3441 3889//3441 3890//3441 3891//3441 3892//3441
f 3900//3442 3899//3442 3898//3442 3897//3442 3896//3442 3895//3442 3894//3442 3893//3442
f 3885//3443 3886//3443 3894//3443 3893//3443
f 3886//3444 3887//3444 3895//3444 3894//3444
f 3887//3445 3888//3445 3896//3445 3895//3445
f 3888//3446 3889//3446 3897//3446 3896//3446
f 3889//3447 3890//3447 3898//3447 3897//3447
f 3890//3448 3891//3448 3899//3448 3898//3448
f 3891//3449 3892//3449 3900//3449 3899//3449
f 3892//3450 3885//3450 3893//3450 3900//3450
o crown_contour_leaf.075
v 0.289669 2.191591 -0.184304
v 0.284313 2.196820 -0.134269
v 0.271529 2.192545 -0.093392
v 0.238019 2.165668 -0.059713
v 0.205583 2.136409 -0.042316
v 0.210986 2.131983 -0.088814
v 0.227927 2.138215 -0.140328
v 0.254664 2.159875 -0.166185
v 0.296719 2.184655 -0.182825
v 0.291363 2.189884 -0.132789
v 0.278579 2.185609 -0.091912
v 0.245069 2.158732 -0.058234
v 0.212633 2.129473 -0.040837
v 0.218036 2.125047 -0.087334
v 0.234977 2.131279 -0.138849
v 0.261714 2.152939 -0.164706
vn 0.7050 -0.6936 0.1479
vn -0.7050 0.6936 -0.1479
vn 0.7013 0.7129 0.0006
vn 0.6440 0.7135 0.2760
vn 0.3551 0.5258 0.7729
vn 0.1646 0.3629 0.9172
vn -0.6998 -0.7142 -0.0133
vn -0.6377 -0.7113 -0.2958
vn -0.3422 -0.5154 -0.7856
vn -0.1557 -0.3548 -0.9219
s 0
usemtl LeafSun
f 3901//3451 3902//3451 3903//3451 3904//3451 3905//3451 3906//3451 3907//3451 3908//3451
f 3916//3452 3915//3452 3914//3452 3913//3452 3912//3452 3911//3452 3910//3452 3909//3452
f 3901//3453 3902//3453 3910//3453 3909//3453
f 3902//3454 3903//3454 3911//3454 3910//3454
f 3903//3455 3904//3455 3912//3455 3911//3455
f 3904//3456 3905//3456 3913//3456 3912//3456
f 3905//3457 3906//3457 3914//3457 3913//3457
f 3906//3458 3907//3458 3915//3458 3914//3458
f 3907//3459 3908//3459 3916//3459 3915//3459
f 3908//3460 3901//3460 3909//3460 3916//3460
