# Blender 4.5.10 LTS
# www.blender.org
mtllib NatureOak.mtl
o weathered_trunk_0
v -0.211871 0.051860 -0.121069
v -0.134497 0.497488 -0.076855
v -0.149227 0.050196 -0.193258
v -0.084381 0.496157 -0.134606
v -0.063864 0.045457 -0.236024
v -0.016091 0.492366 -0.168819
v 0.031222 0.038365 -0.242858
v 0.059977 0.486692 -0.174287
v 0.121554 0.030000 -0.212720
v 0.132243 0.480000 -0.150176
v 0.193381 0.021635 -0.150196
v 0.189705 0.473308 -0.100157
v 0.235767 0.014543 -0.064807
v 0.223614 0.467634 -0.031845
v 0.242260 0.009804 0.030449
v 0.228808 0.463843 0.044359
v 0.211871 0.008140 0.121069
v 0.204497 0.462512 0.116855
v 0.149227 0.009804 0.193258
v 0.154381 0.463843 0.174606
v 0.063864 0.014543 0.236024
v 0.086091 0.467634 0.208820
v -0.031222 0.021635 0.242858
v 0.010023 0.473308 0.214287
v -0.121554 0.030000 0.212720
v -0.062243 0.480000 0.190176
v -0.193381 0.038365 0.150196
v -0.119705 0.486692 0.140157
v -0.235767 0.045457 0.064806
v -0.153614 0.492366 0.071845
v -0.242260 0.050196 -0.030449
v -0.158808 0.496157 -0.004359
vn -0.7234 -0.5530 -0.4134
vn -0.5588 0.7654 -0.3193
vn -0.5238 -0.5583 -0.6434
vn -0.3774 0.7606 -0.5283
vn -0.2519 -0.5734 -0.7796
vn -0.1303 0.7468 -0.6521
vn 0.0510 -0.5960 -0.8014
vn 0.1450 0.7263 -0.6719
vn 0.3388 -0.6226 -0.7054
vn 0.4065 0.7021 -0.5846
vn 0.5677 -0.6493 -0.5062
vn 0.6145 0.6779 -0.4036
vn 0.7027 -0.6719 -0.2341
vn 0.7372 0.6573 -0.1564
vn 0.7234 -0.6870 0.0693
vn 0.7560 0.6436 0.1194
vn 0.6266 -0.6923 0.3580
vn 0.6680 0.6388 0.3817
vn 0.4270 -0.6870 0.5880
vn 0.4866 0.6436 0.5907
vn 0.1550 -0.6719 0.7243
vn 0.2395 0.6573 0.7145
vn -0.1479 -0.6493 0.7460
vn -0.0358 0.6779 0.7343
vn -0.4357 -0.6226 0.6500
vn -0.2973 0.7021 0.6471
vn -0.6645 -0.5960 0.4508
vn -0.5053 0.7263 0.4660
vn -0.7995 -0.5734 0.1788
vn -0.6280 0.7468 0.2188
vn -0.8202 -0.5583 -0.1247
vn -0.6468 0.7606 -0.0569
vt 1.000000 0.500000
vt 1.000000 1.000000
vt 0.937500 1.000000
vt 0.937500 0.500000
vt 0.875000 1.000000
vt 0.875000 0.500000
vt 0.812500 1.000000
vt 0.812500 0.500000
vt 0.750000 1.000000
vt 0.750000 0.500000
vt 0.687500 1.000000
vt 0.687500 0.500000
vt 0.625000 1.000000
vt 0.625000 0.500000
vt 0.562500 1.000000
vt 0.562500 0.500000
vt 0.500000 1.000000
vt 0.500000 0.500000
vt 0.437500 1.000000
vt 0.437500 0.500000
vt 0.375000 1.000000
vt 0.375000 0.500000
vt 0.312500 1.000000
vt 0.312500 0.500000
vt 0.250000 1.000000
vt 0.250000 0.500000
vt 0.187500 1.000000
vt 0.187500 0.500000
vt 0.125000 1.000000
vt 0.125000 0.500000
vt 0.341844 0.471731
vt 0.250000 0.490000
vt 0.158156 0.471731
vt 0.080294 0.419706
vt 0.028269 0.341844
vt 0.010000 0.250000
vt 0.028269 0.158156
vt 0.080294 0.080294
vt 0.158156 0.028269
vt 0.250000 0.010000
vt 0.341844 0.028269
vt 0.419706 0.080294
vt 0.471731 0.158156
vt 0.490000 0.250000
vt 0.471731 0.341844
vt 0.419706 0.419706
vt 0.062500 1.000000
vt 0.062500 0.500000
vt 0.000000 1.000000
vt 0.000000 0.500000
vt 0.750000 0.490000
vt 0.841844 0.471731
vt 0.919706 0.419706
vt 0.971731 0.341844
vt 0.990000 0.250000
vt 0.971731 0.158156
vt 0.919706 0.080294
vt 0.841844 0.028269
vt 0.750000 0.010000
vt 0.658156 0.028269
vt 0.580294 0.080294
vt 0.528269 0.158156
vt 0.510000 0.250000
vt 0.528269 0.341844
vt 0.580294 0.419706
vt 0.658156 0.471731
s 1
usemtl WeatheredBark
f 1/1/1 2/2/2 4/3/4 3/4/3
f 3/4/3 4/3/4 6/5/6 5/6/5
f 5/6/5 6/5/6 8/7/8 7/8/7
f 7/8/7 8/7/8 10/9/10 9/10/9
f 9/10/9 10/9/10 12/11/12 11/12/11
f 11/12/11 12/11/12 14/13/14 13/14/13
f 13/14/13 14/13/14 16/15/16 15/16/15
f 15/16/15 16/15/16 18/17/18 17/18/17
f 17/18/17 18/17/18 20/19/20 19/20/19
f 19/20/19 20/19/20 22/21/22 21/22/21
f 21/22/21 22/21/22 24/23/24 23/24/23
f 23/24/23 24/23/24 26/25/26 25/26/25
f 25/26/25 26/25/26 28/27/28 27/28/27
f 27/28/27 28/27/28 30/29/30 29/30/29
f 4/31/4 2/32/2 32/33/32 30/34/30 28/35/28 26/36/26 24/37/24 22/38/22 20/39/20 18/40/18 16/41/16 14/42/14 12/43/12 10/44/10 8/45/8 6/46/6
f 29/30/29 30/29/30 32/47/32 31/48/31
f 31/48/31 32/47/32 2/49/2 1/50/1
f 1/51/1 3/52/3 5/53/5 7/54/7 9/55/9 11/56/11 13/57/13 15/58/15 17/59/17 19/60/19 21/61/21 23/62/23 25/63/25 27/64/27 29/65/29 31/66/31
o weathered_trunk_1
v 0.192880 0.521334 0.128542
v 0.059716 0.957415 0.036992
v 0.138369 0.518187 0.182088
v 0.023561 0.955328 0.072507
v 0.068121 0.509227 0.210957
v -0.023032 0.949386 0.091655
v -0.007169 0.495818 0.210755
v -0.072969 0.940491 0.091521
v -0.076040 0.480000 0.181512
v -0.118649 0.930000 0.072125
v -0.128005 0.464182 0.127680
v -0.153116 0.919509 0.036421
v -0.155155 0.450773 0.057455
v -0.171123 0.910614 -0.010157
v -0.153355 0.441812 -0.018472
v -0.169929 0.904672 -0.060517
v -0.122880 0.438666 -0.088542
v -0.149716 0.902585 -0.106992
v -0.068369 0.441813 -0.142088
v -0.113561 0.904672 -0.142507
v 0.001879 0.450773 -0.170957
v -0.066968 0.910614 -0.161655
v 0.077169 0.464182 -0.170755
v -0.017031 0.919509 -0.161521
v 0.146040 0.480000 -0.141512
v 0.028649 0.930000 -0.142125
v 0.198005 0.495818 -0.087680
v 0.063116 0.940491 -0.106421
v 0.225155 0.509227 -0.017455
v 0.081123 0.949386 -0.059843
v 0.223355 0.518188 0.058472
v 0.079929 0.955328 -0.009483
vn 0.7434 -0.4314 0.5111
vn 0.4369 0.8479 0.3003
vn 0.5235 -0.4441 0.7272
vn 0.2430 0.8367 0.4908
vn 0.2400 -0.4802 0.8437
vn -0.0068 0.8049 0.5934
vn -0.0638 -0.5343 0.8429
vn -0.2746 0.7572 0.5927
vn -0.3417 -0.5982 0.7249
vn -0.5195 0.7009 0.4887
vn -0.5514 -0.6620 0.5076
vn -0.7043 0.6447 0.2973
vn -0.6610 -0.7161 0.2243
vn -0.8009 0.5970 0.0475
vn -0.6537 -0.7523 -0.0821
vn -0.7945 0.5651 -0.2225
vn -0.5307 -0.7650 -0.3649
vn -0.6861 0.5539 -0.4717
vn -0.3108 -0.7523 -0.5810
vn -0.4922 0.5651 -0.6621
vn -0.0273 -0.7161 -0.6975
vn -0.2424 0.5970 -0.7648
vn 0.2765 -0.6620 -0.6966
vn 0.0254 0.6447 -0.7640
vn 0.5544 -0.5982 -0.5786
vn 0.2703 0.7009 -0.6601
vn 0.7641 -0.5343 -0.3614
vn 0.4551 0.7572 -0.4686
vn 0.8737 -0.4802 -0.0780
vn 0.5516 0.8049 -0.2189
vn 0.8664 -0.4441 0.2284
vn 0.5452 0.8367 0.0512
vt 1.000000 0.500000
vt 1.000000 1.000000
vt 0.937500 1.000000
vt 0.937500 0.500000
vt 0.875000 1.000000
vt 0.875000 0.500000
vt 0.812500 1.000000
vt 0.812500 0.500000
vt 0.750000 1.000000
vt 0.750000 0.500000
vt 0.687500 1.000000
vt 0.687500 0.500000
vt 0.625000 1.000000
vt 0.625000 0.500000
vt 0.562500 1.000000
vt 0.562500 0.500000
vt 0.500000 1.000000
vt 0.500000 0.500000
vt 0.437500 1.000000
vt 0.437500 0.500000
vt 0.375000 1.000000
vt 0.375000 0.500000
vt 0.312500 1.000000
vt 0.312500 0.500000
vt 0.250000 1.000000
vt 0.250000 0.500000
vt 0.187500 1.000000
vt 0.187500 0.500000
vt 0.125000 1.000000
vt 0.125000 0.500000
vt 0.341844 0.471731
vt 0.250000 0.490000
vt 0.158156 0.471731
vt 0.080294 0.419706
vt 0.028269 0.341844
vt 0.010000 0.250000
vt 0.028269 0.158156
vt 0.080294 0.080294
vt 0.158156 0.028269
vt 0.250000 0.010000
vt 0.341844 0.028269
vt 0.419706 0.080294
vt 0.471731 0.158156
vt 0.490000 0.250000
vt 0.471731 0.341844
vt 0.419706 0.419706
vt 0.062500 1.000000
vt 0.062500 0.500000
vt 0.000000 1.000000
vt 0.000000 0.500000
vt 0.750000 0.490000
vt 0.841844 0.471731
vt 0.919706 0.419706
vt 0.971731 0.341844
vt 0.990000 0.250000
vt 0.971731 0.158156
vt 0.919706 0.080294
vt 0.841844 0.028269
vt 0.750000 0.010000
vt 0.658156 0.028269
vt 0.580294 0.080294
vt 0.528269 0.158156
vt 0.510000 0.250000
vt 0.528269 0.341844
vt 0.580294 0.419706
vt 0.658156 0.471731
s 1
usemtl WeatheredBark
f 33/67/33 34/68/34 36/69/36 35/70/35
f 35/70/35 36/69/36 38/71/38 37/72/37
f 37/72/37 38/71/38 40/73/40 39/74/39
f 39/74/39 40/73/40 42/75/42 41/76/41
f 41/76/41 42/75/42 44/77/44 43/78/43
f 43/78/43 44/77/44 46/79/46 45/80/45
f 45/80/45 46/79/46 48/81/48 47/82/47
f 47/82/47 48/81/48 50/83/50 49/84/49
f 49/84/49 50/83/50 52/85/52 51/86/51
f 51/86/51 52/85/52 54/87/54 53/88/53
f 53/88/53 54/87/54 56/89/56 55/90/55
f 55/90/55 56/89/56 58/91/58 57/92/57
f 57/92/57 58/91/58 60/93/60 59/94/59
f 59/94/59 60/93/60 62/95/62 61/96/61
f 36/97/36 34/98/34 64/99/64 62/100/62 60/101/60 58/102/58 56/103/56 54/104/54 52/105/52 50/106/50 48/107/48 46/108/46 44/109/44 42/110/42 40/111/40 38/112/38
f 61/96/61 62/95/62 64/113/64 63/114/63
f 63/114/63 64/113/64 34/115/34 33/116/33
f 33/117/33 35/118/35 37/119/37 39/120/39 41/121/41 43/122/43 45/123/45 47/124/47 49/125/49 51/126/51 53/127/53 55/128/55 57/129/57 59/130/59 61/131/61 63/132/63
o weathered_trunk_2
v -0.153985 0.949556 -0.103116
v -0.015301 1.559026 -0.016438
v -0.119322 0.948067 -0.140118
v 0.000697 1.558339 -0.033516
v -0.073345 0.943828 -0.161116
v 0.021918 1.556382 -0.043208
v -0.023052 0.937484 -0.162915
v 0.045130 1.553454 -0.044038
v 0.023900 0.930000 -0.145240
v 0.066800 1.550000 -0.035880
v 0.060362 0.922516 -0.110781
v 0.083629 1.546546 -0.019976
v 0.080784 0.916172 -0.064786
v 0.093054 1.543618 0.001253
v 0.082056 0.911933 -0.014256
v 0.093641 1.541661 0.024574
v 0.063985 0.910444 0.033116
v 0.085301 1.540974 0.046438
v 0.029323 0.911933 0.070118
v 0.069303 1.541661 0.063516
v -0.016655 0.916172 0.091116
v 0.048082 1.543618 0.073208
v -0.066948 0.922516 0.092915
v 0.024870 1.546546 0.074038
v -0.113900 0.930000 0.075240
v 0.003200 1.550000 0.065880
v -0.150362 0.937484 0.040781
v -0.013629 1.553454 0.049976
v -0.170784 0.943828 -0.005214
v -0.023054 1.556382 0.028747
v -0.172056 0.948067 -0.055744
v -0.023641 1.558339 0.005426
vn -0.7347 -0.4993 -0.4592
vn -0.5037 0.8045 -0.3148
vn -0.5264 -0.5082 -0.6816
vn -0.3148 0.7964 -0.5164
vn -0.2500 -0.5337 -0.8079
vn -0.0644 0.7733 -0.6308
vn 0.0523 -0.5718 -0.8187
vn 0.2096 0.7387 -0.6406
vn 0.3346 -0.6168 -0.7124
vn 0.4654 0.6980 -0.5443
vn 0.5538 -0.6618 -0.5053
vn 0.6640 0.6572 -0.3565
vn 0.6765 -0.7000 -0.2288
vn 0.7753 0.6226 -0.1060
vn 0.6842 -0.7254 0.0750
vn 0.7822 0.5996 0.1693
vn 0.5756 -0.7344 0.3597
vn 0.6838 0.5914 0.4274
vn 0.3672 -0.7254 0.5822
vn 0.4949 0.5996 0.6289
vn 0.0908 -0.7000 0.7084
vn 0.2445 0.6226 0.7433
vn -0.2115 -0.6618 0.7192
vn -0.0295 0.6572 0.7531
vn -0.4938 -0.6168 0.6130
vn -0.2853 0.6980 0.6568
vn -0.7130 -0.5718 0.4058
vn -0.4839 0.7387 0.4691
vn -0.8357 -0.5337 0.1293
vn -0.5952 0.7733 0.2186
vn -0.8434 -0.5082 -0.1744
vn -0.6021 0.7964 -0.0567
vt 1.000000 0.500000
vt 1.000000 1.000000
vt 0.937500 1.000000
vt 0.937500 0.500000
vt 0.875000 1.000000
vt 0.875000 0.500000
vt 0.812500 1.000000
vt 0.812500 0.500000
vt 0.750000 1.000000
vt 0.750000 0.500000
vt 0.687500 1.000000
vt 0.687500 0.500000
vt 0.625000 1.000000
vt 0.625000 0.500000
vt 0.562500 1.000000
vt 0.562500 0.500000
vt 0.500000 1.000000
vt 0.500000 0.500000
vt 0.437500 1.000000
vt 0.437500 0.500000
vt 0.375000 1.000000
vt 0.375000 0.500000
vt 0.312500 1.000000
vt 0.312500 0.500000
vt 0.250000 1.000000
vt 0.250000 0.500000
vt 0.187500 1.000000
vt 0.187500 0.500000
vt 0.125000 1.000000
vt 0.125000 0.500000
vt 0.341844 0.471731
vt 0.250000 0.490000
vt 0.158156 0.471731
vt 0.080294 0.419706
vt 0.028269 0.341844
vt 0.010000 0.250000
vt 0.028269 0.158156
vt 0.080294 0.080294
vt 0.158156 0.028269
vt 0.250000 0.010000
vt 0.341844 0.028269
vt 0.419706 0.080294
vt 0.471731 0.158156
vt 0.490000 0.250000
vt 0.471731 0.341844
vt 0.419706 0.419706
vt 0.062500 1.000000
vt 0.062500 0.500000
vt 0.000000 1.000000
vt 0.000000 0.500000
vt 0.750000 0.490000
vt 0.841844 0.471731
vt 0.919706 0.419706
vt 0.971731 0.341844
vt 0.990000 0.250000
vt 0.971731 0.158156
vt 0.919706 0.080294
vt 0.841844 0.028269
vt 0.750000 0.010000
vt 0.658156 0.028269
vt 0.580294 0.080294
vt 0.528269 0.158156
vt 0.510000 0.250000
vt 0.528269 0.341844
vt 0.580294 0.419706
vt 0.658156 0.471731
s 1
usemtl WeatheredBark
f 65/133/65 66/134/66 68/135/68 67/136/67
f 67/136/67 68/135/68 70/137/70 69/138/69
f 69/138/69 70/137/70 72/139/72 71/140/71
f 71/140/71 72/139/72 74/141/74 73/142/73
f 73/142/73 74/141/74 76/143/76 75/144/75
f 75/144/75 76/143/76 78/145/78 77/146/77
f 77/146/77 78/145/78 80/147/80 79/148/79
f 79/148/79 80/147/80 82/149/82 81/150/81
f 81/150/81 82/149/82 84/151/84 83/152/83
f 83/152/83 84/151/84 86/153/86 85/154/85
f 85/154/85 86/153/86 88/155/88 87/156/87
f 87/156/87 88/155/88 90/157/90 89/158/89
f 89/158/89 90/157/90 92/159/92 91/160/91
f 91/160/91 92/159/92 94/161/94 93/162/93
f 68/163/68 66/164/66 96/165/96 94/166/94 92/167/92 90/168/90 88/169/88 86/170/86 84/171/84 82/172/82 80/173/80 78/174/78 76/175/76 74/176/74 72/177/72 70/178/70
f 93/162/93 94/161/94 96/179/96 95/180/95
f 95/180/95 96/179/96 66/181/66 65/182/65
f 65/183/65 67/184/67 69/185/69 71/186/71 73/187/73 75/188/75 77/189/77 79/190/79 81/191/81 83/192/83 85/193/85 87/194/87 89/195/89 91/196/91 93/197/93 95/198/95
o root_buttress
v 0.070857 0.175241 -0.012163
v 0.338754 0.052614 -0.058149
v 0.058044 0.156468 -0.063443
v 0.335941 0.048493 -0.069406
v 0.043436 0.108934 -0.089391
v 0.332734 0.038059 -0.075102
v 0.033868 0.054879 -0.077866
v 0.330634 0.026193 -0.072572
v 0.033817 0.019598 -0.034261
v 0.330623 0.018448 -0.063000
v 0.043307 0.019598 0.021022
v 0.332706 0.018448 -0.050865
v 0.057897 0.054879 0.062114
v 0.335909 0.026193 -0.041845
v 0.070760 0.108934 0.069789
v 0.338732 0.038059 -0.040160
v 0.075879 0.156468 0.040454
v 0.339856 0.048493 -0.046599
vn -0.3661 0.9284 0.0629
vn 0.8327 0.5350 -0.1429
vn -0.4961 0.7380 -0.4574
vn 0.7237 0.3753 -0.5792
vn -0.6444 0.2557 -0.7207
vn 0.5994 -0.0291 -0.7999
vn -0.7414 -0.2928 -0.6038
vn 0.5180 -0.4889 -0.7019
vn -0.7420 -0.6507 -0.1614
vn 0.5176 -0.7891 -0.3309
vn -0.6457 -0.6507 0.3996
vn 0.5983 -0.7891 0.1394
vn -0.4976 -0.2928 0.8165
vn 0.7224 -0.4889 0.4889
vn -0.3671 0.2557 0.8943
vn 0.8319 -0.0291 0.5542
vn -0.3152 0.7380 0.5967
vn 0.8754 0.3753 0.3047
vt 1.000000 0.500000
vt 1.000000 1.000000
vt 0.888889 1.000000
vt 0.888889 0.500000
vt 0.777778 1.000000
vt 0.777778 0.500000
vt 0.666667 1.000000
vt 0.666667 0.500000
vt 0.555556 1.000000
vt 0.555556 0.500000
vt 0.444444 1.000000
vt 0.444444 0.500000
vt 0.333333 1.000000
vt 0.333333 0.500000
vt 0.222222 1.000000
vt 0.222222 0.500000
vt 0.404269 0.433851
vt 0.250000 0.490000
vt 0.095731 0.433851
vt 0.013646 0.291676
vt 0.042154 0.130000
vt 0.167915 0.024474
vt 0.332085 0.024474
vt 0.457846 0.130000
vt 0.486354 0.291676
vt 0.111111 1.000000
vt 0.111111 0.500000
vt 0.000000 1.000000
vt 0.000000 0.500000
vt 0.750000 0.490000
vt 0.904269 0.433851
vt 0.986354 0.291676
vt 0.957846 0.130000
vt 0.832085 0.024474
vt 0.667915 0.024474
vt 0.542154 0.130000
vt 0.513646 0.291676
vt 0.595731 0.433851
s 1
usemtl WeatheredBark
f 97/199/97 98/200/98 100/201/100 99/202/99
f 99/202/99 100/201/100 102/203/102 101/204/101
f 101/204/101 102/203/102 104/205/104 103/206/103
f 103/206/103 104/205/104 106/207/106 105/208/105
f 105/208/105 106/207/106 108/209/108 107/210/107
f 107/210/107 108/209/108 110/211/110 109/212/109
f 109/212/109 110/211/110 112/213/112 111/214/111
f 100/215/100 98/216/98 114/217/114 112/218/112 110/219/110 108/220/108 106/221/106 104/222/104 102/223/102
f 111/214/111 112/213/112 114/224/114 113/225/113
f 113/225/113 114/224/114 98/226/98 97/227/97
f 97/228/97 99/229/99 101/230/101 103/231/103 105/232/105 107/233/107 109/234/109 111/235/111 113/236/113
o root_buttress.001
v 0.024124 0.175677 -0.065358
v 0.134430 0.052710 -0.364202
v -0.026512 0.156802 -0.080391
v 0.123315 0.048566 -0.367502
v -0.055831 0.109009 -0.081950
v 0.116879 0.038075 -0.367844
v -0.050115 0.054661 -0.069307
v 0.118134 0.026145 -0.365069
v -0.012039 0.019188 -0.048378
v 0.126492 0.018358 -0.360475
v 0.040583 0.019188 -0.028955
v 0.138043 0.018358 -0.356211
v 0.083126 0.054661 -0.020126
v 0.147382 0.026145 -0.354273
v 0.095685 0.109009 -0.026024
v 0.150139 0.038075 -0.355568
v 0.072384 0.156802 -0.043887
v 0.145024 0.048566 -0.359489
vn -0.1416 0.9126 0.3837
vn 0.2846 0.5697 -0.7710
vn -0.6509 0.7227 0.2325
vn -0.1523 0.4069 -0.9007
vn -0.9457 0.2421 0.2168
vn -0.4053 -0.0055 -0.9141
vn -0.8882 -0.3045 0.3439
vn -0.3560 -0.4745 -0.8051
vn -0.5053 -0.6613 0.5544
vn -0.0275 -0.7806 -0.6245
vn 0.0239 -0.6613 0.7498
vn 0.4266 -0.7806 -0.4569
vn 0.4518 -0.3045 0.8386
vn 0.7937 -0.4745 -0.3807
vn 0.5781 0.2421 0.7792
vn 0.9021 -0.0055 -0.4316
vn 0.3437 0.7227 0.5996
vn 0.7010 0.4069 -0.5857
vt 1.000000 0.500000
vt 1.000000 1.000000
vt 0.888889 1.000000
vt 0.888889 0.500000
vt 0.777778 1.000000
vt 0.777778 0.500000
vt 0.666667 1.000000
vt 0.666667 0.500000
vt 0.555556 1.000000
vt 0.555556 0.500000
vt 0.444444 1.000000
vt 0.444444 0.500000
vt 0.333333 1.000000
vt 0.333333 0.500000
vt 0.222222 1.000000
vt 0.222222 0.500000
vt 0.404269 0.433851
vt 0.250000 0.490000
vt 0.095731 0.433851
vt 0.013646 0.291676
vt 0.042154 0.130000
vt 0.167915 0.024474
vt 0.332085 0.024474
vt 0.457846 0.130000
vt 0.486354 0.291676
vt 0.111111 1.000000
vt 0.111111 0.500000
vt 0.000000 1.000000
vt 0.000000 0.500000
vt 0.750000 0.490000
vt 0.904269 0.433851
vt 0.986354 0.291676
vt 0.957846 0.130000
vt 0.832085 0.024474
vt 0.667915 0.024474
vt 0.542154 0.130000
vt 0.513646 0.291676
vt 0.595731 0.433851
s 1
usemtl WeatheredBark
f 115/237/115 116/238/116 118/239/118 117/240/117
f 117/240/117 118/239/118 120/241/120 119/242/119
f 119/242/119 120/241/120 122/243/122 121/244/121
f 121/244/121 122/243/122 124/245/124 123/246/123
f 123/246/123 124/245/124 126/247/126 125/248/125
f 125/248/125 126/247/126 128/249/128 127/250/127
f 127/250/127 128/249/128 130/251/130 129/252/129
f 118/253/118 116/254/116 132/255/132 130/256/130 128/257/128 126/258/126 124/259/124 122/260/122 120/261/120
f 129/252/129 130/251/130 132/262/132 131/263/131
f 131/263/131 132/262/132 116/264/116 115/265/115
f 115/266/115 117/267/117 119/268/119 121/269/121 123/270/123 125/271/125 127/272/127 129/273/129 131/274/131
o root_buttress.002
v -0.045962 0.175241 -0.055282
v -0.219737 0.052614 -0.264293
v -0.083965 0.156468 -0.018546
v -0.228079 0.048493 -0.256229
v -0.099133 0.108934 0.007079
v -0.231409 0.038059 -0.250604
v -0.084368 0.054879 0.009603
v -0.228168 0.026193 -0.250050
v -0.046579 0.019598 -0.012156
v -0.219872 0.018448 -0.254827
v -0.003448 0.019598 -0.048016
v -0.210405 0.018448 -0.262698
v 0.024844 0.054879 -0.081197
v -0.204194 0.026193 -0.269982
v 0.025058 0.108934 -0.096175
v -0.204147 0.038059 -0.273270
v -0.002905 0.156468 -0.085940
v -0.210285 0.048493 -0.271023
vn 0.2375 0.9284 0.2857
vn -0.5401 0.5350 -0.6496
vn -0.1481 0.7380 0.6584
vn -0.8634 0.3753 -0.3371
vn -0.3020 0.2557 0.9184
vn -0.9925 -0.0291 -0.1191
vn -0.1522 -0.2928 0.9440
vn -0.8668 -0.4889 -0.0977
vn 0.2312 -0.6507 0.7232
vn -0.5454 -0.7891 -0.2828
vn 0.6689 -0.6507 0.3594
vn -0.1785 -0.7891 -0.5878
vn 0.9559 -0.2928 0.0227
vn 0.0622 -0.4889 -0.8701
vn 0.9581 0.2557 -0.1292
vn 0.0640 -0.0291 -0.9975
vn 0.6744 0.7380 -0.0254
vn -0.1738 0.3753 -0.9105
vt 1.000000 0.500000
vt 1.000000 1.000000
vt 0.888889 1.000000
vt 0.888889 0.500000
vt 0.777778 1.000000
vt 0.777778 0.500000
vt 0.666667 1.000000
vt 0.666667 0.500000
vt 0.555556 1.000000
vt 0.555556 0.500000
vt 0.444444 1.000000
vt 0.444444 0.500000
vt 0.333333 1.000000
vt 0.333333 0.500000
vt 0.222222 1.000000
vt 0.222222 0.500000
vt 0.404269 0.433851
vt 0.250000 0.490000
vt 0.095731 0.433851
vt 0.013646 0.291676
vt 0.042154 0.130000
vt 0.167915 0.024474
vt 0.332085 0.024474
vt 0.457846 0.130000
vt 0.486354 0.291676
vt 0.111111 1.000000
vt 0.111111 0.500000
vt 0.000000 1.000000
vt 0.000000 0.500000
vt 0.750000 0.490000
vt 0.904269 0.433851
vt 0.986354 0.291676
vt 0.957846 0.130000
vt 0.832085 0.024474
vt 0.667915 0.024474
vt 0.542154 0.130000
vt 0.513646 0.291676
vt 0.595731 0.433851
s 1
usemtl WeatheredBark
f 133/275/133 134/276/134 136/277/136 135/278/135
f 135/278/135 136/277/136 138/279/138 137/280/137
f 137/280/137 138/279/138 140/281/140 139/282/139
f 139/282/139 140/281/140 142/283/142 141/284/141
f 141/284/141 142/283/142 144/285/144 143/286/143
f 143/286/143 144/285/144 146/287/146 145/288/145
f 145/288/145 146/287/146 148/289/148 147/290/147
f 136/291/136 134/292/134 150/293/150 148/294/148 146/295/146 144/296/144 142/297/142 140/298/140 138/299/138
f 147/290/147 148/289/148 150/300/150 149/301/149
f 149/301/149 150/300/150 134/302/134 133/303/133
f 133/304/133 135/305/135 137/306/137 139/307/139 141/308/141 143/309/143 145/310/145 147/311/147 149/312/149
o root_buttress.003
v -0.068664 0.175677 0.011787
v -0.382623 0.052710 0.065683
v -0.056364 0.156802 0.063155
v -0.379923 0.048566 0.076959
v -0.043055 0.109009 0.089326
v -0.377002 0.038075 0.082704
v -0.034964 0.054661 0.078055
v -0.375225 0.026145 0.080229
v -0.035877 0.019188 0.034615
v -0.375426 0.018358 0.070694
v -0.045367 0.019188 -0.020668
v -0.377509 0.018358 0.058558
v -0.058993 0.054661 -0.061926
v -0.380500 0.026145 0.049502
v -0.070380 0.109009 -0.069854
v -0.383000 0.038075 0.047762
v -0.074200 0.156802 -0.040742
v -0.383838 0.048566 0.054152
vn 0.4031 0.9126 -0.0692
vn -0.8100 0.5697 0.1390
vn 0.5268 0.7227 0.4474
vn -0.7038 0.4069 0.5823
vn 0.6606 0.2421 0.7106
vn -0.5890 -0.0055 0.8081
vn 0.7420 -0.3045 0.5973
vn -0.5192 -0.4745 0.7109
vn 0.7328 -0.6613 0.1604
vn -0.5271 -0.7806 0.3360
vn 0.6374 -0.6613 -0.3956
vn -0.6090 -0.7806 -0.1410
vn 0.5003 -0.3045 -0.8105
vn -0.7265 -0.4745 -0.4970
vn 0.3858 0.2421 -0.8903
vn -0.8248 -0.0055 -0.5654
vn 0.3474 0.7227 -0.5975
vn -0.8577 0.4069 -0.3142
vt 1.000000 0.500000
vt 1.000000 1.000000
vt 0.888889 1.000000
vt 0.888889 0.500000
vt 0.777778 1.000000
vt 0.777778 0.500000
vt 0.666667 1.000000
vt 0.666667 0.500000
vt 0.555556 1.000000
vt 0.555556 0.500000
vt 0.444444 1.000000
vt 0.444444 0.500000
vt 0.333333 1.000000
vt 0.333333 0.500000
vt 0.222222 1.000000
vt 0.222222 0.500000
vt 0.404269 0.433851
vt 0.250000 0.490000
vt 0.095731 0.433851
vt 0.013646 0.291676
vt 0.042154 0.130000
vt 0.167915 0.024474
vt 0.332085 0.024474
vt 0.457846 0.130000
vt 0.486354 0.291676
vt 0.111111 1.000000
vt 0.111111 0.500000
vt 0.000000 1.000000
vt 0.000000 0.500000
vt 0.750000 0.490000
vt 0.904269 0.433851
vt 0.986354 0.291676
vt 0.957846 0.130000
vt 0.832085 0.024474
vt 0.667915 0.024474
vt 0.542154 0.130000
vt 0.513646 0.291676
vt 0.595731 0.433851
s 1
usemtl WeatheredBark
f 151/313/151 152/314/152 154/315/154 153/316/153
f 153/316/153 154/315/154 156/317/156 155/318/155
f 155/318/155 156/317/156 158/319/158 157/320/157
f 157/320/157 158/319/158 160/321/160 159/322/159
f 159/322/159 160/321/160 162/323/162 161/324/161
f 161/324/161 162/323/162 164/325/164 163/326/163
f 163/326/163 164/325/164 166/327/166 165/328/165
f 154/329/154 152/330/152 168/331/168 166/332/166 164/333/164 162/334/162 160/335/160 158/336/158 156/337/156
f 165/328/165 166/327/166 168/338/168 167/339/167
f 167/339/167 168/338/168 152/340/152 151/341/151
f 151/342/151 153/343/153 155/344/155 157/345/157 159/346/159 161/347/161 163/348/163 165/349/165 167/350/167
o root_buttress.004
v -0.024894 0.175241 0.067445
v -0.119015 0.052614 0.322445
v 0.025922 0.156468 0.081989
v -0.107860 0.048493 0.325638
v 0.055698 0.108934 0.082312
v -0.101324 0.038059 0.325708
v 0.050501 0.054879 0.068263
v -0.102465 0.026193 0.322625
v 0.012763 0.019598 0.046417
v -0.110749 0.018448 0.317829
v -0.039859 0.019598 0.026994
v -0.122300 0.018448 0.313565
v -0.082741 0.054879 0.019084
v -0.131713 0.026193 0.311829
v -0.095819 0.108934 0.026387
v -0.134584 0.038059 0.313432
v -0.072973 0.156468 0.045486
v -0.129569 0.048493 0.317625
vn 0.1286 0.9284 -0.3485
vn -0.2925 0.5350 0.7926
vn 0.6442 0.7380 -0.2010
vn 0.1398 0.3753 0.9163
vn 0.9463 0.2557 -0.1977
vn 0.3931 -0.0291 0.9191
vn 0.8936 -0.2928 -0.3402
vn 0.3488 -0.4889 0.7995
vn 0.5107 -0.6507 -0.5619
vn 0.0278 -0.7891 0.6137
vn -0.0232 -0.6507 -0.7589
vn -0.4198 -0.7891 0.4485
vn -0.4583 -0.2928 -0.8392
vn -0.7846 -0.4889 0.3812
vn -0.5910 0.2557 -0.7651
vn -0.8959 -0.0291 0.4433
vn -0.3592 0.7380 -0.5713
vn -0.7016 0.3753 0.6058
vt 1.000000 0.500000
vt 1.000000 1.000000
vt 0.888889 1.000000
vt 0.888889 0.500000
vt 0.777778 1.000000
vt 0.777778 0.500000
vt 0.666667 1.000000
vt 0.666667 0.500000
vt 0.555556 1.000000
vt 0.555556 0.500000
vt 0.444444 1.000000
vt 0.444444 0.500000
vt 0.333333 1.000000
vt 0.333333 0.500000
vt 0.222222 1.000000
vt 0.222222 0.500000
vt 0.404269 0.433851
vt 0.250000 0.490000
vt 0.095731 0.433851
vt 0.013646 0.291676
vt 0.042154 0.130000
vt 0.167915 0.024474
vt 0.332085 0.024474
vt 0.457846 0.130000
vt 0.486354 0.291676
vt 0.111111 1.000000
vt 0.111111 0.500000
vt 0.000000 1.000000
vt 0.000000 0.500000
vt 0.750000 0.490000
vt 0.904269 0.433851
vt 0.986354 0.291676
vt 0.957846 0.130000
vt 0.832085 0.024474
vt 0.667915 0.024474
vt 0.542154 0.130000
vt 0.513646 0.291676
vt 0.595731 0.433851
s 1
usemtl WeatheredBark
f 169/351/169 170/352/170 172/353/172 171/354/171
f 171/354/171 172/353/172 174/355/174 173/356/173
f 173/356/173 174/355/174 176/357/176 175/358/175
f 175/358/175 176/357/176 178/359/178 177/360/177
f 177/360/177 178/359/178 180/361/180 179/362/179
f 179/362/179 180/361/180 182/363/182 181/364/181
f 181/364/181 182/363/182 184/365/184 183/366/183
f 172/367/172 170/368/170 186/369/186 184/370/184 182/371/182 180/372/180 178/373/178 176/374/176 174/375/174
f 183/366/183 184/365/184 186/376/186 185/377/185
f 185/377/185 186/376/186 170/378/170 169/379/169
f 169/380/169 171/381/171 173/382/173 175/383/175 177/384/177 179/385/179 181/386/181 183/387/183 185/388/185
o root_buttress.005
v 0.044540 0.175677 0.053571
v 0.248196 0.052710 0.298519
v 0.082876 0.156802 0.017235
v 0.256611 0.048566 0.290542
v 0.098886 0.109009 -0.007377
v 0.260126 0.038075 0.285140
v 0.085079 0.054661 -0.008748
v 0.257095 0.026145 0.284839
v 0.047916 0.019188 0.013763
v 0.248937 0.018358 0.289780
v 0.004785 0.019188 0.049623
v 0.239469 0.018358 0.297652
v -0.024132 0.054661 0.082053
v 0.233122 0.026145 0.304771
v -0.025304 0.109009 0.095878
v 0.232864 0.038075 0.307806
v 0.001817 0.156802 0.084630
v 0.238818 0.048566 0.305337
vn -0.2615 0.9126 -0.3145
vn 0.5254 0.5697 0.6319
vn 0.1241 0.7227 -0.6799
vn 0.8562 0.4069 0.3184
vn 0.2851 0.2421 -0.9274
vn 0.9943 -0.0055 0.1060
vn 0.1462 -0.3045 -0.9412
vn 0.8752 -0.4745 0.0942
vn -0.2275 -0.6613 -0.7148
vn 0.5545 -0.7806 0.2884
vn -0.6613 -0.6613 -0.3542
vn 0.1824 -0.7806 0.5979
vn -0.9521 -0.3045 -0.0280
vn -0.0672 -0.4745 0.8777
vn -0.9639 0.2421 0.1110
vn -0.0773 -0.0055 0.9970
vn -0.6911 0.7227 -0.0021
vn 0.1568 0.4069 0.8999
vt 1.000000 0.500000
vt 1.000000 1.000000
vt 0.888889 1.000000
vt 0.888889 0.500000
vt 0.777778 1.000000
vt 0.777778 0.500000
vt 0.666667 1.000000
vt 0.666667 0.500000
vt 0.555556 1.000000
vt 0.555556 0.500000
vt 0.444444 1.000000
vt 0.444444 0.500000
vt 0.333333 1.000000
vt 0.333333 0.500000
vt 0.222222 1.000000
vt 0.222222 0.500000
vt 0.404269 0.433851
vt 0.250000 0.490000
vt 0.095731 0.433851
vt 0.013646 0.291676
vt 0.042154 0.130000
vt 0.167915 0.024474
vt 0.332085 0.024474
vt 0.457846 0.130000
vt 0.486354 0.291676
vt 0.111111 1.000000
vt 0.111111 0.500000
vt 0.000000 1.000000
vt 0.000000 0.500000
vt 0.750000 0.490000
vt 0.904269 0.433851
vt 0.986354 0.291676
vt 0.957846 0.130000
vt 0.832085 0.024474
vt 0.667915 0.024474
vt 0.542154 0.130000
vt 0.513646 0.291676
vt 0.595731 0.433851
s 1
usemtl WeatheredBark
f 187/389/187 188/390/188 190/391/190 189/392/189
f 189/392/189 190/391/190 192/393/192 191/394/191
f 191/394/191 192/393/192 194/395/194 193/396/193
f 193/396/193 194/395/194 196/397/196 195/398/195
f 195/398/195 196/397/196 198/399/198 197/400/197
f 197/400/197 198/399/198 200/401/200 199/402/199
f 199/402/199 200/401/200 202/403/202 201/404/201
f 190/405/190 188/406/188 204/407/204 202/408/202 200/409/200 198/410/198 196/411/196 194/412/194 192/413/192
f 201/404/201 202/403/202 204/414/204 203/415/203
f 203/415/203 204/414/204 188/416/188 187/417/187
f 187/418/187 189/419/189 191/420/191 193/421/193 195/422/195 197/423/197 199/424/199 201/425/201 203/426/203
o forked_crown_bough_0
v 0.013449 0.888562 -0.041341
v -0.867080 1.228950 0.255643
v 0.026133 0.874018 0.017702
v -0.863698 1.225071 0.271387
v 0.022437 0.834281 0.065303
v -0.864683 1.214475 0.284081
v 0.003351 0.780000 0.088707
v -0.869773 1.200000 0.290322
v -0.026012 0.725719 0.081643
v -0.877603 1.185525 0.288438
v -0.057782 0.685982 0.046005
v -0.886075 1.174929 0.278935
v -0.083449 0.671438 -0.008659
v -0.892920 1.171050 0.264358
v -0.096133 0.685982 -0.067702
v -0.896302 1.174929 0.248613
v -0.092437 0.725719 -0.115303
v -0.895317 1.185525 0.235919
v -0.073351 0.780000 -0.138707
v -0.890227 1.200000 0.229678
v -0.043989 0.834281 -0.131643
v -0.882397 1.214475 0.231562
v -0.012218 0.874018 -0.096005
v -0.873925 1.225071 0.241065
vn 0.8481 0.4460 -0.2860
vn -0.2943 0.9506 0.0992
vn 0.9310 0.3509 0.1001
vn -0.2173 0.8624 0.4573
vn 0.9069 0.0910 0.4115
vn -0.2397 0.6214 0.7459
vn 0.7820 -0.2640 0.5645
vn -0.3555 0.2923 0.8878
vn 0.5900 -0.6191 0.5183
vn -0.5335 -0.0369 0.8450
vn 0.3822 -0.8790 0.2852
vn -0.7262 -0.2778 0.6289
vn 0.2143 -0.9741 -0.0723
vn -0.8818 -0.3660 0.2974
vn 0.1314 -0.8790 -0.4585
vn -0.9587 -0.2778 -0.0606
vn 0.1555 -0.6191 -0.7698
vn -0.9363 -0.0369 -0.3492
vn 0.2804 -0.2640 -0.9229
vn -0.8206 0.2923 -0.4912
vn 0.4724 0.0910 -0.8767
vn -0.6425 0.6214 -0.4483
vn 0.6802 0.3509 -0.6436
vn -0.4499 0.8624 -0.2322
vt 1.000000 0.500000
vt 1.000000 1.000000
vt 0.916667 1.000000
vt 0.916667 0.500000
vt 0.833333 1.000000
vt 0.833333 0.500000
vt 0.750000 1.000000
vt 0.750000 0.500000
vt 0.666667 1.000000
vt 0.666667 0.500000
vt 0.583333 1.000000
vt 0.583333 0.500000
vt 0.500000 1.000000
vt 0.500000 0.500000
vt 0.416667 1.000000
vt 0.416667 0.500000
vt 0.333333 1.000000
vt 0.333333 0.500000
vt 0.250000 1.000000
vt 0.250000 0.500000
vt 0.166667 1.000000
vt 0.166667 0.500000
vt 0.370000 0.457846
vt 0.250000 0.490000
vt 0.130000 0.457846
vt 0.042154 0.370000
vt 0.010000 0.250000
vt 0.042154 0.130000
vt 0.130000 0.042154
vt 0.250000 0.010000
vt 0.370000 0.042154
vt 0.457846 0.130000
vt 0.490000 0.250000
vt 0.457846 0.370000
vt 0.083333 1.000000
vt 0.083333 0.500000
vt 0.000000 1.000000
vt 0.000000 0.500000
vt 0.750000 0.490000
vt 0.870000 0.457846
vt 0.957846 0.370000
vt 0.990000 0.250000
vt 0.957846 0.130000
vt 0.870000 0.042154
vt 0.750000 0.010000
vt 0.630000 0.042154
vt 0.542154 0.130000
vt 0.510000 0.250000
vt 0.542154 0.370000
vt 0.630000 0.457846
s 1
usemtl WeatheredBark
f 205/427/205 206/428/206 208/429/208 207/430/207
f 207/430/207 208/429/208 210/431/210 209/432/209
f 209/432/209 210/431/210 212/433/212 211/434/211
f 211/434/211 212/433/212 214/435/214 213/436/213
f 213/436/213 214/435/214 216/437/216 215/438/215
f 215/438/215 216/437/216 218/439/218 217/440/217
f 217/440/217 218/439/218 220/441/220 219/442/219
f 219/442/219 220/441/220 222/443/222 221/444/221
f 221/444/221 222/443/222 224/445/224 223/446/223
f 223/446/223 224/445/224 226/447/226 225/448/225
f 208/449/208 206/450/206 228/451/228 226/452/226 224/453/224 222/454/222 220/455/220 218/456/218 216/457/216 214/458/214 212/459/212 210/460/210
f 225/448/225 226/447/226 228/461/228 227/462/227
f 227/462/227 228/461/228 206/463/206 205/464/205
f 205/465/205 207/466/207 209/467/209 211/468/211 213/469/213 215/470/215 217/471/217 219/472/219 221/473/221 223/474/223 225/475/225 227/476/227
o forked_crown_bough_1
v -0.079803 0.960557 -0.045615
v 0.767599 1.327833 0.344294
v -0.050393 0.947085 -0.093726
v 0.775740 1.324104 0.330978
v -0.016858 0.910279 -0.123422
v 0.785021 1.313916 0.322758
v 0.011816 0.860000 -0.126746
v 0.792958 1.300000 0.321838
v 0.027945 0.809721 -0.102807
v 0.797422 1.286083 0.328464
v 0.027208 0.772915 -0.058020
v 0.797218 1.275896 0.340860
v 0.009803 0.759443 -0.004385
v 0.792401 1.272167 0.355706
v -0.019607 0.772915 0.043726
v 0.784261 1.275896 0.369022
v -0.053142 0.809721 0.073422
v 0.774979 1.286083 0.377242
v -0.081816 0.860000 0.076746
v 0.767042 1.300000 0.378162
v -0.097945 0.910278 0.052807
v 0.762578 1.313916 0.371536
v -0.097208 0.947085 0.008020
v 0.762782 1.324104 0.359139
vn -0.8209 0.4282 -0.3777
vn 0.2649 0.9565 0.1219
vn -0.6155 0.3341 -0.7138
vn 0.4567 0.8687 -0.1919
vn -0.3812 0.0770 -0.9213
vn 0.6754 0.6286 -0.3855
vn -0.1809 -0.2742 -0.9445
vn 0.8624 0.3008 -0.4072
vn -0.0682 -0.6255 -0.7773
vn 0.9676 -0.0271 -0.2511
vn -0.0734 -0.8826 -0.4644
vn 0.9628 -0.2672 0.0410
vn -0.1950 -0.9767 -0.0897
vn 0.8493 -0.3550 0.3908
vn -0.4004 -0.8826 0.2464
vn 0.6575 -0.2672 0.7045
vn -0.6347 -0.6255 0.4538
vn 0.4388 -0.0271 0.8982
vn -0.8350 -0.2742 0.4771
vn 0.2518 0.3008 0.9199
vn -0.9477 0.0770 0.3098
vn 0.1466 0.6286 0.7638
vn -0.9425 0.3341 -0.0031
vn 0.1514 0.8687 0.4717
vt 1.000000 0.500000
vt 1.000000 1.000000
vt 0.916667 1.000000
vt 0.916667 0.500000
vt 0.833333 1.000000
vt 0.833333 0.500000
vt 0.750000 1.000000
vt 0.750000 0.500000
vt 0.666667 1.000000
vt 0.666667 0.500000
vt 0.583333 1.000000
vt 0.583333 0.500000
vt 0.500000 1.000000
vt 0.500000 0.500000
vt 0.416667 1.000000
vt 0.416667 0.500000
vt 0.333333 1.000000
vt 0.333333 0.500000
vt 0.250000 1.000000
vt 0.250000 0.500000
vt 0.166667 1.000000
vt 0.166667 0.500000
vt 0.370000 0.457846
vt 0.250000 0.490000
vt 0.130000 0.457846
vt 0.042154 0.370000
vt 0.010000 0.250000
vt 0.042154 0.130000
vt 0.130000 0.042154
vt 0.250000 0.010000
vt 0.370000 0.042154
vt 0.457846 0.130000
vt 0.490000 0.250000
vt 0.457846 0.370000
vt 0.083333 1.000000
vt 0.083333 0.500000
vt 0.000000 1.000000
vt 0.000000 0.500000
vt 0.750000 0.490000
vt 0.870000 0.457846
vt 0.957846 0.370000
vt 0.990000 0.250000
vt 0.957846 0.130000
vt 0.870000 0.042154
vt 0.750000 0.010000
vt 0.630000 0.042154
vt 0.542154 0.130000
vt 0.510000 0.250000
vt 0.542154 0.370000
vt 0.630000 0.457846
s 1
usemtl WeatheredBark
f 229/477/229 230/478/230 232/479/232 231/480/231
f 231/480/231 232/479/232 234/481/234 233/482/233
f 233/482/233 234/481/234 236/483/236 235/484/235
f 235/484/235 236/483/236 238/485/238 237/486/237
f 237/486/237 238/485/238 240/487/240 239/488/239
f 239/488/239 240/487/240 242/489/242 241/490/241
f 241/490/241 242/489/242 244/491/244 243/492/243
f 243/492/243 244/491/244 246/493/246 245/494/245
f 245/494/245 246/493/246 248/495/248 247/496/247
f 247/496/247 248/495/248 250/497/250 249/498/249
f 232/499/232 230/500/230 252/501/252 250/502/250 248/503/248 246/504/246 244/505/244 242/506/242 240/507/240 238/508/238 236/509/236 234/510/234
f 249/498/249 250/497/250 252/511/252 251/512/251
f 251/512/251 252/511/252 230/513/230 229/514/229
f 229/515/229 231/516/231 233/517/233 235/518/235 237/519/237 239/520/239 241/521/241 243/522/243 245/523/245 247/524/247 249/525/249 251/526/251
o forked_crown_bough_2
v 0.016688 1.077611 0.018085
v -0.569632 1.501933 -0.510650
v -0.019033 1.067213 0.047814
v -0.579727 1.498995 -0.502249
v -0.055014 1.038805 0.060711
v -0.589895 1.490967 -0.498603
v -0.081612 1.000000 0.053322
v -0.597412 1.480000 -0.500692
v -0.091702 0.961195 0.027627
v -0.600263 1.469033 -0.507953
v -0.082579 0.932787 -0.009491
v -0.597685 1.461005 -0.518443
v -0.056688 0.922390 -0.048085
v -0.590368 1.458067 -0.529350
v -0.020967 0.932787 -0.077813
v -0.580273 1.461005 -0.537752
v 0.015014 0.961195 -0.090711
v -0.570105 1.469033 -0.541397
v 0.041612 1.000000 -0.083322
v -0.562588 1.480000 -0.539309
v 0.051702 1.038805 -0.057626
v -0.559736 1.490967 -0.532047
v 0.042579 1.067213 -0.020509
v -0.562315 1.498995 -0.521557
vn 0.7030 0.3223 0.6340
vn -0.1340 0.9836 -0.1208
vn 0.4001 0.2341 0.8861
vn -0.4185 0.9008 0.1160
vn 0.0949 -0.0068 0.9955
vn -0.7052 0.6745 0.2187
vn -0.1306 -0.3359 0.9328
vn -0.9170 0.3654 0.1599
vn -0.2162 -0.6650 0.7149
vn -0.9974 0.0562 -0.0448
vn -0.1388 -0.9059 0.4001
vn -0.9247 -0.1700 -0.3405
vn 0.0807 -0.9941 0.0728
vn -0.7185 -0.2529 -0.6479
vn 0.3837 -0.9059 -0.1793
vn -0.4339 -0.1700 -0.8847
vn 0.6888 -0.6650 -0.2887
vn -0.1473 0.0562 -0.9875
vn 0.9144 -0.3359 -0.2260
vn 0.0645 0.3654 -0.9286
vn 0.9999 -0.0068 -0.0081
vn 0.1449 0.6745 -0.7239
vn 0.9226 0.2341 0.3067
vn 0.0722 0.9008 -0.4283
vt 1.000000 0.500000
vt 1.000000 1.000000
vt 0.916667 1.000000
vt 0.916667 0.500000
vt 0.833333 1.000000
vt 0.833333 0.500000
vt 0.750000 1.000000
vt 0.750000 0.500000
vt 0.666667 1.000000
vt 0.666667 0.500000
vt 0.583333 1.000000
vt 0.583333 0.500000
vt 0.500000 1.000000
vt 0.500000 0.500000
vt 0.416667 1.000000
vt 0.416667 0.500000
vt 0.333333 1.000000
vt 0.333333 0.500000
vt 0.250000 1.000000
vt 0.250000 0.500000
vt 0.166667 1.000000
vt 0.166667 0.500000
vt 0.370000 0.457846
vt 0.250000 0.490000
vt 0.130000 0.457846
vt 0.042154 0.370000
vt 0.010000 0.250000
vt 0.042154 0.130000
vt 0.130000 0.042154
vt 0.250000 0.010000
vt 0.370000 0.042154
vt 0.457846 0.130000
vt 0.490000 0.250000
vt 0.457846 0.370000
vt 0.083333 1.000000
vt 0.083333 0.500000
vt 0.000000 1.000000
vt 0.000000 0.500000
vt 0.750000 0.490000
vt 0.870000 0.457846
vt 0.957846 0.370000
vt 0.990000 0.250000
vt 0.957846 0.130000
vt 0.870000 0.042154
vt 0.750000 0.010000
vt 0.630000 0.042154
vt 0.542154 0.130000
vt 0.510000 0.250000
vt 0.542154 0.370000
vt 0.630000 0.457846
s 1
usemtl WeatheredBark
f 253/527/253 254/528/254 256/529/256 255/530/255
f 255/530/255 256/529/256 258/531/258 257/532/257
f 257/532/257 258/531/258 260/533/260 259/534/259
f 259/534/259 260/533/260 262/535/262 261/536/261
f 261/536/261 262/535/262 264/537/264 263/538/263
f 263/538/263 264/537/264 266/539/266 265/540/265
f 265/540/265 266/539/266 268/541/268 267/542/267
f 267/542/267 268/541/268 270/543/270 269/544/269
f 269/544/269 270/543/270 272/545/272 271/546/271
f 271/546/271 272/545/272 274/547/274 273/548/273
f 256/549/256 254/550/254 276/551/276 274/552/274 272/553/272 270/554/270 268/555/268 266/556/266 264/557/264 262/558/262 260/559/260 258/560/258
f 273/548/273 274/547/274 276/561/276 275/562/275
f 275/562/275 276/561/276 254/563/254 253/564/253
f 253/565/253 255/566/255 257/567/257 259/568/259 261/569/261 263/570/263 265/571/265 267/572/267 269/573/269 271/574/271 273/575/273 275/576/275
o forked_crown_bough_3
v -0.033346 1.206541 0.024332
v 0.530413 1.639130 -0.471567
v -0.055297 1.197626 -0.009632
v 0.524102 1.636567 -0.481332
v -0.062432 1.173270 -0.042354
v 0.522051 1.629565 -0.490739
v -0.052838 1.140000 -0.065068
v 0.524809 1.620000 -0.497270
v -0.029086 1.106730 -0.071687
v 0.531638 1.610435 -0.499172
v 0.002460 1.082374 -0.060436
v 0.540707 1.603432 -0.495938
v 0.033346 1.073459 -0.034332
v 0.549587 1.600869 -0.488433
v 0.055297 1.082374 -0.000368
v 0.555898 1.603432 -0.478668
v 0.062432 1.106730 0.032355
v 0.557949 1.610435 -0.469261
v 0.052838 1.140000 0.055068
v 0.555191 1.620000 -0.462730
v 0.029086 1.173270 0.061687
v 0.548362 1.629565 -0.460828
v -0.002460 1.197626 0.050436
v 0.539293 1.636567 -0.464062
vn -0.7167 0.2981 0.6305
vn 0.1165 0.9879 -0.1025
vn -0.9301 0.2114 0.3002
vn -0.0853 0.9059 -0.4148
vn -0.9995 -0.0254 -0.0179
vn -0.1509 0.6820 -0.7156
vn -0.9062 -0.3489 -0.2388
vn -0.0627 0.3761 -0.9245
vn -0.6753 -0.6724 -0.3031
vn 0.1557 0.0702 -0.9853
vn -0.3686 -0.9092 -0.1937
vn 0.4457 -0.1537 -0.8819
vn -0.0683 -0.9959 0.0601
vn 0.7297 -0.2357 -0.6419
vn 0.1451 -0.9092 0.3903
vn 0.9315 -0.1537 -0.3296
vn 0.2145 -0.6724 0.7084
vn 0.9971 0.0702 -0.0288
vn 0.1212 -0.3489 0.9293
vn 0.9089 0.3761 0.1801
vn -0.1097 -0.0254 0.9936
vn 0.6905 0.6820 0.2409
vn -0.4164 0.2114 0.8843
vn 0.4005 0.9059 0.1375
vt 1.000000 0.500000
vt 1.000000 1.000000
vt 0.916667 1.000000
vt 0.916667 0.500000
vt 0.833333 1.000000
vt 0.833333 0.500000
vt 0.750000 1.000000
vt 0.750000 0.500000
vt 0.666667 1.000000
vt 0.666667 0.500000
vt 0.583333 1.000000
vt 0.583333 0.500000
vt 0.500000 1.000000
vt 0.500000 0.500000
vt 0.416667 1.000000
vt 0.416667 0.500000
vt 0.333333 1.000000
vt 0.333333 0.500000
vt 0.250000 1.000000
vt 0.250000 0.500000
vt 0.166667 1.000000
vt 0.166667 0.500000
vt 0.370000 0.457846
vt 0.250000 0.490000
vt 0.130000 0.457846
vt 0.042154 0.370000
vt 0.010000 0.250000
vt 0.042154 0.130000
vt 0.130000 0.042154
vt 0.250000 0.010000
vt 0.370000 0.042154
vt 0.457846 0.130000
vt 0.490000 0.250000
vt 0.457846 0.370000
vt 0.083333 1.000000
vt 0.083333 0.500000
vt 0.000000 1.000000
vt 0.000000 0.500000
vt 0.750000 0.490000
vt 0.870000 0.457846
vt 0.957846 0.370000
vt 0.990000 0.250000
vt 0.957846 0.130000
vt 0.870000 0.042154
vt 0.750000 0.010000
vt 0.630000 0.042154
vt 0.542154 0.130000
vt 0.510000 0.250000
vt 0.542154 0.370000
vt 0.630000 0.457846
s 1
usemtl WeatheredBark
f 277/577/277 278/578/278 280/579/280 279/580/279
f 279/580/279 280/579/280 282/581/282 281/582/281
f 281/582/281 282/581/282 284/583/284 283/584/283
f 283/584/283 284/583/284 286/585/286 285/586/285
f 285/586/285 286/585/286 288/587/288 287/588/287
f 287/588/287 288/587/288 290/589/290 289/590/289
f 289/590/289 290/589/290 292/591/292 291/592/291
f 291/592/291 292/591/292 294/593/294 293/594/293
f 293/594/293 294/593/294 296/595/296 295/596/295
f 295/596/295 296/595/296 298/597/298 297/598/297
f 280/599/280 278/600/278 300/601/300 298/602/298 296/603/296 294/604/294 292/605/292 290/606/290 288/607/288 286/608/286 284/609/284 282/610/282
f 297/598/297 298/597/298 300/611/300 299/612/299
f 299/612/299 300/611/300 278/613/278 277/614/277
f 277/615/277 279/616/279 281/617/281 283/618/283 285/619/285 287/620/287 289/621/289 291/622/291 293/623/293 295/624/295 297/625/297 299/626/299
o forked_crown_bough_4
v 0.074857 1.335900 -0.002800
v -0.264074 1.987520 0.076284
v 0.074552 1.332430 0.029104
v -0.264162 1.986512 0.085546
v 0.059629 1.322950 0.055889
v -0.268495 1.983760 0.093323
v 0.034088 1.310000 0.070378
v -0.275910 1.980000 0.097529
v 0.004772 1.297050 0.068689
v -0.284421 1.976240 0.097039
v -0.020464 1.287570 0.051274
v -0.291748 1.973488 0.091983
v -0.034857 1.284100 0.022800
v -0.295926 1.972481 0.083716
v -0.034552 1.287570 -0.009104
v -0.295838 1.973488 0.074454
v -0.019629 1.297050 -0.035889
v -0.291505 1.976240 0.066677
v 0.005912 1.310000 -0.050378
v -0.284090 1.980000 0.062471
v 0.035228 1.322950 -0.048689
v -0.275579 1.983760 0.062961
v 0.060464 1.332430 -0.031274
v -0.268252 1.986512 0.068017
vn 0.9432 -0.2490 -0.2201
vn 0.3779 0.9216 -0.0882
vn 0.9393 -0.2925 0.1792
vn 0.3743 0.8803 0.2914
vn 0.7526 -0.4111 0.5144
vn 0.1968 0.7676 0.6100
vn 0.4330 -0.5732 0.6957
vn -0.1071 0.6135 0.7824
vn 0.0661 -0.7352 0.6746
vn -0.4559 0.4594 0.7623
vn -0.2497 -0.8539 0.4566
vn -0.7561 0.3466 0.5551
vn -0.4299 -0.8973 0.1003
vn -0.9273 0.3054 0.2164
vn -0.4261 -0.8539 -0.2990
vn -0.9237 0.3466 -0.1632
vn -0.2393 -0.7352 -0.6342
vn -0.7462 0.4594 -0.4818
vn 0.0803 -0.5732 -0.8155
vn -0.4423 0.6135 -0.6542
vn 0.4472 -0.4111 -0.7944
vn -0.0935 0.7676 -0.6341
vn 0.7630 -0.2925 -0.5764
vn 0.2067 0.8803 -0.4269
vt 1.000000 0.500000
vt 1.000000 1.000000
vt 0.916667 1.000000
vt 0.916667 0.500000
vt 0.833333 1.000000
vt 0.833333 0.500000
vt 0.750000 1.000000
vt 0.750000 0.500000
vt 0.666667 1.000000
vt 0.666667 0.500000
vt 0.583333 1.000000
vt 0.583333 0.500000
vt 0.500000 1.000000
vt 0.500000 0.500000
vt 0.416667 1.000000
vt 0.416667 0.500000
vt 0.333333 1.000000
vt 0.333333 0.500000
vt 0.250000 1.000000
vt 0.250000 0.500000
vt 0.166667 1.000000
vt 0.166667 0.500000
vt 0.370000 0.457846
vt 0.250000 0.490000
vt 0.130000 0.457846
vt 0.042154 0.370000
vt 0.010000 0.250000
vt 0.042154 0.130000
vt 0.130000 0.042154
vt 0.250000 0.010000
vt 0.370000 0.042154
vt 0.457846 0.130000
vt 0.490000 0.250000
vt 0.457846 0.370000
vt 0.083333 1.000000
vt 0.083333 0.500000
vt 0.000000 1.000000
vt 0.000000 0.500000
vt 0.750000 0.490000
vt 0.870000 0.457846
vt 0.957846 0.370000
vt 0.990000 0.250000
vt 0.957846 0.130000
vt 0.870000 0.042154
vt 0.750000 0.010000
vt 0.630000 0.042154
vt 0.542154 0.130000
vt 0.510000 0.250000
vt 0.542154 0.370000
vt 0.630000 0.457846
s 1
usemtl WeatheredBark
f 301/627/301 302/628/302 304/629/304 303/630/303
f 303/630/303 304/629/304 306/631/306 305/632/305
f 305/632/305 306/631/306 308/633/308 307/634/307
f 307/634/307 308/633/308 310/635/310 309/636/309
f 309/636/309 310/635/310 312/637/312 311/638/311
f 311/638/311 312/637/312 314/639/314 313/640/313
f 313/640/313 314/639/314 316/641/316 315/642/315
f 315/642/315 316/641/316 318/643/318 317/644/317
f 317/644/317 318/643/318 320/645/320 319/646/319
f 319/646/319 320/645/320 322/647/322 321/648/321
f 304/649/304 302/650/302 324/651/324 322/652/322 320/653/320 318/654/318 316/655/316 314/656/314 312/657/312 310/658/310 308/659/308 306/660/306
f 321/648/321 322/647/322 324/661/324 323/662/323
f 323/662/323 324/661/324 302/663/302 301/664/301
f 301/665/301 303/666/303 305/667/305 307/668/307 309/669/309 311/670/311 313/671/313 315/672/315 317/673/317 319/674/319 321/675/321 323/676/323
o leafy_twig
v -0.861182 1.221202 0.247455
v -0.827130 1.146839 0.224753
v -0.878853 1.214992 0.232890
v -0.832830 1.144836 0.220055
v -0.897196 1.200000 0.234206
v -0.838747 1.140000 0.220479
v -0.905465 1.185008 0.250632
v -0.841415 1.135164 0.225778
v -0.898818 1.178799 0.272545
v -0.839270 1.133161 0.232847
v -0.881147 1.185008 0.287110
v -0.833570 1.135164 0.237545
v -0.862804 1.200000 0.285794
v -0.827653 1.140000 0.237121
v -0.854535 1.214992 0.269368
v -0.824985 1.144836 0.231822
vn 0.2090 0.9679 -0.1393
vn 0.8309 -0.0528 -0.5539
vn -0.2728 0.7986 -0.5364
vn 0.4362 -0.1915 -0.8792
vn -0.7730 0.3899 -0.5005
vn 0.0265 -0.5264 -0.8498
vn -0.9984 -0.0189 -0.0527
vn -0.1583 -0.8612 -0.4830
vn -0.8172 -0.1882 0.5448
vn -0.0098 -0.9999 0.0065
vn -0.3354 -0.0189 0.9419
vn 0.3849 -0.8612 0.3318
vn 0.1647 0.3899 0.9060
vn 0.7947 -0.5264 0.3024
vn 0.3902 0.7986 0.4582
vn 0.9794 -0.1915 -0.0645
vt 1.000000 0.500000
vt 1.000000 1.000000
vt 0.875000 1.000000
vt 0.875000 0.500000
vt 0.750000 1.000000
vt 0.750000 0.500000
vt 0.625000 1.000000
vt 0.625000 0.500000
vt 0.500000 1.000000
vt 0.500000 0.500000
vt 0.375000 1.000000
vt 0.375000 0.500000
vt 0.250000 1.000000
vt 0.250000 0.500000
vt 0.419706 0.419706
vt 0.250000 0.490000
vt 0.080294 0.419706
vt 0.010000 0.250000
vt 0.080294 0.080294
vt 0.250000 0.010000
vt 0.419706 0.080294
vt 0.490000 0.250000
vt 0.125000 1.000000
vt 0.125000 0.500000
vt 0.000000 1.000000
vt 0.000000 0.500000
vt 0.750000 0.490000
vt 0.919706 0.419706
vt 0.990000 0.250000
vt 0.919706 0.080294
vt 0.750000 0.010000
vt 0.580294 0.080294
vt 0.510000 0.250000
vt 0.580294 0.419706
s 1
usemtl WeatheredBark
f 325/677/325 326/678/326 328/679/328 327/680/327
f 327/680/327 328/679/328 330/681/330 329/682/329
f 329/682/329 330/681/330 332/683/332 331/684/331
f 331/684/331 332/683/332 334/685/334 333/686/333
f 333/686/333 334/685/334 336/687/336 335/688/335
f 335/688/335 336/687/336 338/689/338 337/690/337
f 328/691/328 326/692/326 340/693/340 338/694/338 336/695/336 334/696/334 332/697/332 330/698/330
f 337/690/337 338/689/338 340/699/340 339/700/339
f 339/700/339 340/699/340 326/701/326 325/702/325
f 325/703/325 327/704/327 329/705/329 331/706/331 333/707/333 335/708/335 337/709/337 339/710/339
o solid_leaf_crown_lobe
v -0.587337 1.036800 0.088585
v -0.712530 1.061713 -0.003435
v -0.838179 1.092807 -0.027624
v -0.976666 1.046033 0.004184
v -1.029223 1.047824 0.125674
v -1.073390 1.093339 0.272853
v -1.001651 1.059549 0.399699
v -0.867481 1.037790 0.487758
v -0.727853 1.086878 0.466329
v -0.618327 1.074125 0.367456
v -0.595747 1.034003 0.238655
v -0.529362 1.169968 0.019910
v -0.694126 1.194546 -0.114572
v -0.886638 1.214713 -0.128394
v -1.052084 1.184571 -0.054695
v -1.152421 1.185492 0.126323
v -1.169511 1.214664 0.332575
v -1.033480 1.193108 0.503607
v -0.852980 1.179327 0.601703
v -0.657768 1.210862 0.550967
v -0.532007 1.202441 0.398859
v -0.476304 1.171567 0.201918
v -0.623970 1.300800 0.007174
v -0.737006 1.325714 -0.068078
v -0.909036 1.356807 -0.059974
v -1.017286 1.310033 0.013539
v -1.124040 1.311824 0.176617
v -1.095544 1.357339 0.343129
v -0.959431 1.323549 0.472645
v -0.818158 1.301790 0.542624
v -0.657907 1.350878 0.479427
v -0.580690 1.338125 0.338809
v -0.506904 1.298003 0.174323
v -0.820222 1.041871 0.220004
v -0.803930 1.373871 0.223303
v -0.692858 1.038570 0.146454
v -0.755221 1.051777 0.091821
v -0.649933 1.049257 0.042575
v -0.628416 1.115013 -0.027935
v -0.564448 1.105080 0.034870
v -0.595397 1.178960 -0.059988
v -0.699448 1.114952 -0.055763
v -0.570247 1.237080 -0.004097
v -0.645396 1.247624 -0.067007
v -0.720006 1.273841 -0.093123
v -0.680488 1.313257 -0.030452
v -0.766982 1.351938 0.056086
v -0.692598 1.338732 0.102438
v -0.832177 1.062135 0.076018
v -0.775354 1.077260 -0.015530
v -0.768710 1.143220 -0.088802
v -0.869217 1.163600 -0.101434
v -0.805080 1.211219 -0.134996
v -0.799442 1.275220 -0.108305
v -0.823021 1.341260 -0.064026
v -0.897251 1.268711 -0.114292
v -0.858817 1.362297 0.059168
v -0.906087 1.046732 0.098643
v -0.907422 1.069420 -0.011720
v -0.952675 1.135882 -0.063557
v -0.962992 1.205344 -0.110389
v -1.008073 1.103957 -0.024262
v -0.985150 1.267882 -0.075388
v -1.040925 1.262846 -0.018643
v -0.963161 1.333420 -0.023217
v -0.930362 1.346894 0.106028
v -0.945561 1.047322 0.165630
v -1.002944 1.046929 0.064929
v -1.059134 1.113568 0.027144
v -1.115320 1.132127 0.122193
v -1.119678 1.180241 0.041380
v -1.101093 1.245568 0.048283
v -1.070663 1.310929 0.095078
v -1.152778 1.237238 0.142424
v -0.981382 1.347484 0.195922
v -0.961452 1.062311 0.249906
v -1.051306 1.070582 0.199264
v -1.124373 1.135706 0.226303
v -1.175316 1.197966 0.214193
v -1.118903 1.137129 0.299567
v -1.164231 1.267706 0.253750
v -1.133062 1.296018 0.340204
v -1.109792 1.334582 0.259873
v -0.966906 1.362472 0.292445
v -0.923397 1.051183 0.324643
v -1.037521 1.076444 0.336276
v -1.099321 1.141522 0.379291
v -1.029269 1.140330 0.472738
v -1.103115 1.204509 0.438480
v -1.084935 1.273522 0.415448
v -1.027487 1.340444 0.407887
v -1.012592 1.245441 0.501734
v -0.895060 1.351345 0.368382
v -0.848166 1.044018 0.370716
v -0.934566 1.048669 0.443728
v -0.937059 1.115527 0.521430
v -0.960927 1.183696 0.559398
v -0.863594 1.098177 0.541115
v -0.915177 1.247527 0.555965
v -0.832563 1.257066 0.571779
v -0.888794 1.312670 0.507635
v -0.808415 1.344179 0.403229
v -0.767452 1.060183 0.361004
v -0.797667 1.062334 0.477043
v -0.783936 1.129084 0.553855
v -0.680836 1.159451 0.529060
v -0.735518 1.198947 0.589247
v -0.751080 1.261084 0.564700
v -0.738033 1.326334 0.511026
v -0.653109 1.264563 0.534275
v -0.721636 1.360345 0.370663
v -0.706861 1.055895 0.306083
v -0.673090 1.080502 0.416892
v -0.618301 1.146087 0.450099
v -0.594496 1.212561 0.497088
v -0.581477 1.123655 0.384444
v -0.586500 1.278087 0.452314
v -0.550513 1.282544 0.367806
v -0.619299 1.344502 0.409118
v -0.667183 1.356056 0.291137
v -0.685994 1.038915 0.229164
v -0.607037 1.054064 0.303055
v -0.544721 1.119770 0.318741
v -0.512755 1.118217 0.215558
v -0.486203 1.182436 0.288926
v -0.505440 1.251770 0.290306
v -0.543797 1.318064 0.256566
v -0.477791 1.223328 0.189988
v -0.641321 1.339077 0.193931
v -0.591542 1.035402 0.163620
v -0.542214 1.101936 0.115895
v -0.486928 1.167897 0.113874
v -0.510488 1.233325 0.082178
v -0.565437 1.299402 0.090748
v -0.703765 1.045158 0.098536
v -0.591539 1.133118 -0.027469
v -0.658993 1.095682 -0.020197
v -0.601838 1.221118 -0.054136
v -0.680347 1.275348 -0.069330
v -0.716985 1.337886 0.049902
v -0.789185 1.063217 0.058158
v -0.744642 1.114351 -0.059271
v -0.808169 1.171309 -0.115021
v -0.776929 1.294017 -0.092732
v -0.830160 1.255642 -0.125804
v -0.815136 1.355944 0.026219
v -0.879700 1.058361 0.061107
v -0.934715 1.166438 -0.095903
v -0.961702 1.104624 -0.037204
v -0.956930 1.250771 -0.105658
v -1.000178 1.284291 -0.044161
v -0.911615 1.351088 0.054644
v -0.945740 1.044430 0.113914
v -1.026819 1.089630 0.015758
v -1.099466 1.138041 0.054120
v -1.072949 1.269296 0.035408
v -1.129002 1.222374 0.069816
v -0.985277 1.337158 0.135933
v -0.978908 1.059080 0.205674
v -1.144405 1.152736 0.192457
v -1.104927 1.118975 0.245856
v -1.173685 1.237069 0.208999
v -1.143331 1.298641 0.287275
v -1.010976 1.351807 0.248616
v -0.968584 1.062711 0.299926
v -1.094237 1.122883 0.339312
v -1.087482 1.160137 0.429162
v -1.088865 1.302549 0.387761
v -1.074889 1.244471 0.452427
v -0.955627 1.355438 0.350529
v -0.898622 1.045509 0.373308
v -0.973787 1.142881 0.526397
v -0.910580 1.088424 0.509929
v -0.960202 1.227215 0.549448
v -0.879094 1.268091 0.552715
v -0.860543 1.338236 0.418462
v -0.804838 1.053972 0.395906
v -0.817156 1.097534 0.532029
v -0.736706 1.160134 0.567182
v -0.776813 1.277201 0.555697
v -0.714648 1.244467 0.571947
v -0.757073 1.346699 0.420569
v -0.719610 1.065224 0.355240
v -0.623551 1.171421 0.493624
v -0.618773 1.120073 0.417804
v -0.601656 1.255755 0.497228
v -0.581678 1.299740 0.411728
v -0.674930 1.357951 0.351318
v -0.673518 1.048320 0.276966
v -0.573744 1.102448 0.339589
v -0.509938 1.137347 0.282401
v -0.530613 1.282115 0.308778
v -0.482269 1.221680 0.262346
v -0.623996 1.341047 0.246417
v -0.663406 1.036047 0.181358
v -0.510070 1.125544 0.141562
v -0.563262 1.080207 0.100971
v -0.483432 1.209878 0.120774
v -0.545859 1.256207 0.052390
v -0.638920 1.328774 0.132874
vn -0.9600 -0.0573 0.2740
vn -0.4552 -0.0824 0.8866
vn 0.1399 0.1183 0.9831
vn 0.6650 -0.0451 0.7455
vn 0.8311 -0.3777 0.4083
vn 0.9104 0.3993 -0.1078
vn 0.6366 -0.1335 -0.7595
vn 0.3151 -0.0775 -0.9459
vn -0.4867 0.1943 -0.8517
vn -0.8743 0.0100 -0.4852
vn -0.9241 -0.3822 0.0008
vn -0.8415 0.1452 0.5204
vn -0.3126 0.1266 0.9414
vn 0.1444 0.1308 0.9808
vn 0.6686 0.1279 0.7325
vn 0.9294 0.2488 0.2726
vn 0.9440 0.1010 -0.3142
vn 0.6523 0.0922 -0.7523
vn 0.1126 0.1383 -0.9840
vn -0.5466 0.1533 -0.8233
vn -0.8716 0.1113 -0.4773
vn -0.9597 0.2804 -0.0197
vn -0.6352 0.2214 0.7400
vn -0.1397 0.2387 0.9610
vn 0.2090 0.3808 0.9007
vn 0.7147 0.0928 0.6932
vn 0.9765 0.0933 0.1943
vn 0.7652 0.3713 -0.5259
vn 0.6367 0.3500 -0.6871
vn -0.0064 -0.1006 -0.9949
vn -0.6996 0.2755 -0.6593
vn -0.7207 0.5356 -0.4401
vn -0.9976 0.0661 0.0223
vn -0.0271 -0.9996 0.0055
vn 0.0272 0.9995 -0.0153
vn -0.0627 -0.9956 -0.0693
vn -0.1143 -0.9819 -0.1510
vn -0.5866 -0.3804 0.7150
vn -0.3469 0.6421 0.6837
vn -0.6898 0.5810 0.4319
vn -0.6016 0.1495 0.7847
vn -0.1786 0.6628 0.7272
vn -0.7011 -0.4535 0.5503
vn -0.5057 -0.4594 0.7302
vn -0.3105 -0.4511 0.8367
vn -0.3489 0.5603 0.7512
vn 0.1905 0.9746 -0.1175
vn 0.2444 0.9612 -0.1277
vn 0.0320 -0.9799 -0.1968
vn -0.2432 -0.4329 0.8680
vn -0.0352 0.6500 0.7591
vn 0.0910 0.6152 0.7831
vn -0.0728 0.0860 0.9936
vn -0.1324 -0.4599 0.8780
vn 0.0926 0.5218 0.8481
vn 0.1651 -0.3918 0.9051
vn -0.0587 0.9970 -0.0497
vn 0.0909 -0.9915 -0.0929
vn 0.3566 -0.4880 0.7967
vn 0.1893 0.6087 0.7705
vn 0.3806 0.1562 0.9114
vn 0.4421 0.5861 0.6790
vn 0.5587 -0.4380 0.7043
vn 0.6762 -0.5041 0.5372
vn 0.3919 0.4767 0.7869
vn -0.2262 0.9722 -0.0602
vn -0.0781 -0.9923 0.0965
vn 0.8212 -0.3999 0.4071
vn 0.6661 0.6236 0.4093
vn 0.7484 0.6407 0.1714
vn 0.8582 0.1670 0.4853
vn 0.7458 -0.4474 0.4935
vn 0.6999 0.5561 0.4481
vn 0.9013 -0.2927 0.3194
vn -0.1679 0.9755 -0.1424
vn -0.1835 -0.9815 0.0553
vn 0.8693 -0.3768 0.3200
vn 0.7388 0.6718 -0.0536
vn 0.9640 0.2625 0.0412
vn 0.7384 0.6620 -0.1281
vn 0.9157 -0.4019 -0.0024
vn 0.8071 -0.4546 -0.3767
vn 0.8384 0.4761 -0.2654
vn -0.0649 0.9979 0.0061
vn -0.1500 -0.9873 -0.0515
vn 0.7496 -0.4139 -0.5165
vn 0.7193 0.6079 -0.3362
vn 0.5877 0.5584 -0.5855
vn 0.7910 0.0463 -0.6100
vn 0.6571 -0.4552 -0.6009
vn 0.6456 0.5530 -0.5267
vn 0.5408 -0.4302 -0.7229
vn 0.0025 0.9795 0.2014
vn 0.0752 -0.9972 0.0059
vn 0.4381 -0.4155 -0.7972
vn 0.3991 0.6161 -0.6791
vn 0.4707 0.1359 -0.8717
vn 0.0989 0.6488 -0.7545
vn 0.3097 -0.4729 -0.8249
vn 0.0775 -0.4888 -0.8689
vn 0.4178 0.5305 -0.7375
vn -0.0704 0.9741 0.2147
vn 0.1582 -0.9807 0.1149
vn -0.0063 -0.3788 -0.9254
vn -0.2378 0.6600 -0.7127
vn -0.4629 0.6297 -0.6238
vn -0.2580 0.0973 -0.9612
vn -0.1008 -0.4859 -0.8682
vn -0.3994 0.4929 -0.7730
vn -0.4806 -0.3855 -0.7876
vn -0.0095 0.9943 0.1058
vn 0.0155 -0.9801 0.1979
vn -0.6272 -0.4963 -0.6003
vn -0.5714 0.6349 -0.5200
vn -0.7529 0.1720 -0.6353
vn -0.6417 0.5910 -0.4888
vn -0.7805 -0.4189 -0.4640
vn -0.8166 -0.4741 -0.3293
vn -0.7402 0.5189 -0.4275
vn 0.1851 0.9816 -0.0478
vn -0.0392 -0.9926 0.1151
vn -0.9198 -0.3808 -0.0948
vn -0.7120 0.6045 -0.3572
vn -0.7710 0.6342 -0.0576
vn -0.9354 0.1844 -0.3016
vn -0.8734 -0.4033 -0.2730
vn -0.7174 0.5339 -0.4475
vn -0.9753 -0.2189 0.0307
vn 0.2323 0.9643 -0.1273
vn -0.8932 -0.4495 0.0098
vn -0.7610 0.6239 0.1779
vn -0.9156 0.2863 0.2822
vn -0.8257 -0.3677 0.4278
vn -0.6698 0.5766 0.4680
vn -0.0923 -0.9862 -0.1375
vn -0.5269 0.5524 0.6459
vn -0.2866 0.7002 0.6539
vn -0.6125 -0.3781 0.6942
vn -0.4814 -0.5195 0.7060
vn 0.2731 0.9531 -0.1308
vn -0.1425 -0.9695 -0.1994
vn -0.0219 0.6970 0.7168
vn 0.0154 0.5854 0.8106
vn -0.1210 -0.4849 0.8662
vn -0.0343 -0.3747 0.9265
vn 0.1382 0.9815 -0.1328
vn 0.2054 -0.9559 -0.2099
vn 0.1847 0.5893 0.7865
vn 0.1229 0.5641 0.8165
vn 0.3931 -0.3165 0.8633
vn 0.6257 -0.5608 0.5421
vn -0.2936 0.9558 0.0132
vn -0.0181 -0.9998 0.0033
vn 0.6516 0.6460 0.3975
vn 0.7245 0.5924 0.3524
vn 0.6821 -0.5543 0.4770
vn 0.8594 -0.2826 0.4261
vn -0.2049 0.9695 -0.1343
vn -0.1540 -0.9689 0.1938
vn 0.7783 0.6269 0.0350
vn 0.7013 0.7109 -0.0523
vn 0.9581 -0.2458 0.1472
vn 0.8405 -0.5365 -0.0755
vn -0.1586 0.9706 -0.1812
vn -0.2215 -0.9718 -0.0804
vn 0.6823 0.7063 -0.1887
vn 0.6908 0.5121 -0.5104
vn 0.6381 -0.4343 -0.6358
vn 0.6386 -0.4120 -0.6500
vn -0.0001 0.9805 0.1965
vn -0.1065 -0.9938 -0.0323
vn 0.4832 0.5515 -0.6800
vn 0.4158 0.6307 -0.6552
vn 0.4472 -0.3771 -0.8111
vn 0.2379 -0.5625 -0.7919
vn 0.0012 0.9687 0.2481
vn 0.2716 -0.9606 0.0595
vn -0.2374 0.6920 -0.6817
vn -0.3242 0.6028 -0.7291
vn -0.0887 -0.5298 -0.8434
vn -0.2611 -0.3806 -0.8871
vn -0.1535 0.9642 0.2163
vn 0.0691 -0.9816 0.1782
vn -0.5712 0.6054 -0.5543
vn -0.5371 0.6215 -0.5703
vn -0.7159 -0.3079 -0.6267
vn -0.7734 -0.5230 -0.3582
vn 0.1522 0.9881 0.0214
vn -0.0335 -0.9685 0.2467
vn -0.6707 0.6398 -0.3753
vn -0.7750 0.5719 -0.2688
vn -0.8188 -0.5079 -0.2676
vn -0.9549 -0.2339 -0.1829
vn 0.2475 0.9627 -0.1094
vn -0.0319 -0.9995 -0.0057
vn -0.7577 0.6339 0.1550
vn -0.8436 0.5271 0.1028
vn -0.9491 -0.1723 0.2635
vn -0.7010 -0.5318 0.4753
vn 0.2513 0.9556 -0.1537
s 1
usemtl Leaf
f 374//374 377//377 475//475 376//376
f 342//342 378//378 475//475 377//377
f 341//341 376//376 475//475 378//378
f 341//341 380//380 476//476 379//379
f 352//352 381//381 476//476 380//380
f 353//353 379//379 476//476 381//381
f 341//341 379//379 477//477 378//378
f 353//353 382//382 477//477 379//379
f 342//342 378//378 477//477 382//382
f 352//352 383//383 478//478 381//381
f 363//363 384//384 478//478 383//383
f 353//353 381//381 478//478 384//384
f 353//353 384//384 479//479 385//385
f 363//363 386//386 479//479 384//384
f 364//364 385//385 479//479 386//386
f 375//375 388//388 480//480 387//387
f 363//363 386//386 480//480 388//388
f 364//364 387//387 480//480 386//386
f 374//374 389//389 481//481 377//377
f 343//343 390//390 481//481 389//389
f 342//342 377//377 481//481 390//390
f 342//342 382//382 482//482 390//390
f 353//353 391//391 482//482 382//382
f 343//343 390//390 482//482 391//391
f 343//343 391//391 483//483 392//392
f 353//353 393//393 483//483 391//391
f 354//354 392//392 483//483 393//393
f 353//353 385//385 484//484 394//394
f 364//364 395//395 484//484 385//385
f 365//365 394//394 484//484 395//395
f 353//353 394//394 485//485 393//393
f 365//365 396//396 485//485 394//394
f 354//354 393//393 485//485 396//396
f 375//375 387//387 486//486 397//397
f 364//364 395//395 486//486 387//387
f 365//365 397//397 486//486 395//395
f 374//374 398//398 487//487 389//389
f 344//344 399//399 487//487 398//398
f 343//343 389//389 487//487 399//399
f 343//343 392//392 488//488 400//400
f 354//354 401//401 488//488 392//392
f 355//355 400//400 488//488 401//401
f 343//343 400//400 489//489 399//399
f 355//355 402//402 489//489 400//400
f 344//344 399//399 489//489 402//402
f 354//354 396//396 490//490 401//401
f 365//365 403//403 490//490 396//396
f 355//355 401//401 490//490 403//403
f 355//355 403//403 491//491 404//404
f 365//365 405//405 491//491 403//403
f 366//366 404//404 491//491 405//405
f 375//375 397//397 492//492 406//406
f 365//365 405//405 492//492 397//397
f 366//366 406//406 492//492 405//405
f 374//374 407//407 493//493 398//398
f 345//345 408//408 493//493 407//407
f 344//344 398//398 493//493 408//408
f 344//344 402//402 494//494 408//408
f 355//355 409//409 494//494 402//402
f 345//345 408//408 494//494 409//409
f 345//345 409//409 495//495 410//410
f 355//355 411//411 495//495 409//409
f 356//356 410//410 495//495 411//411
f 355//355 404//404 496//496 412//412
f 366//366 413//413 496//496 404//404
f 367//367 412//412 496//496 413//413
f 355//355 412//412 497//497 411//411
f 367//367 414//414 497//497 412//412
f 356//356 411//411 497//497 414//414
f 375//375 406//406 498//498 415//415
f 366//366 413//413 498//498 406//406
f 367//367 415//415 498//498 413//413
f 374//374 416//416 499//499 407//407
f 346//346 417//417 499//499 416//416
f 345//345 407//407 499//499 417//417
f 345//345 410//410 500//500 418//418
f 356//356 419//419 500//500 410//410
f 357//357 418//418 500//500 419//419
f 345//345 418//418 501//501 417//417
f 357//357 420//420 501//501 418//418
f 346//346 417//417 501//501 420//420
f 356//356 414//414 502//502 419//419
f 367//367 421//421 502//502 414//414
f 357//357 419//419 502//502 421//421
f 357//357 421//421 503//503 422//422
f 367//367 423//423 503//503 421//421
f 368//368 422//422 503//503 423//423
f 375//375 415//415 504//504 424//424
f 367//367 423//423 504//504 415//415
f 368//368 424//424 504//504 423//423
f 374//374 425//425 505//505 416//416
f 347//347 426//426 505//505 425//425
f 346//346 416//416 505//505 426//426
f 346//346 420//420 506//506 426//426
f 357//357 427//427 506//506 420//420
f 347//347 426//426 506//506 427//427
f 347//347 427//427 507//507 428//428
f 357//357 429//429 507//507 427//427
f 358//358 428//428 507//507 429//429
f 357//357 422//422 508//508 430//430
f 368//368 431//431 508//508 422//422
f 369//369 430//430 508//508 431//431
f 357//357 430//430 509//509 429//429
f 369//369 432//432 509//509 430//430
f 358//358 429//429 509//509 432//432
f 375//375 424//424 510//510 433//433
f 368//368 431//431 510//510 424//424
f 369//369 433//433 510//510 431//431
f 374//374 434//434 511//511 425//425
f 348//348 435//435 511//511 434//434
f 347//347 425//425 511//511 435//435
f 347//347 428//428 512//512 436//436
f 358//358 437//437 512//512 428//428
f 359//359 436//436 512//512 437//437
f 347//347 436//436 513//513 435//435
f 359//359 438//438 513//513 436//436
f 348//348 435//435 513//513 438//438
f 358//358 432//432 514//514 437//437
f 369//369 439//439 514//514 432//432
f 359//359 437//437 514//514 439//439
f 359//359 439//439 515//515 440//440
f 369//369 441//441 515//515 439//439
f 370//370 440//440 515//515 441//441
f 375//375 433//433 516//516 442//442
f 369//369 441//441 516//516 433//433
f 370//370 442//442 516//516 441//441
f 374//374 443//443 517//517 434//434
f 349//349 444//444 517//517 443//443
f 348//348 434//434 517//517 444//444
f 348//348 438//438 518//518 444//444
f 359//359 445//445 518//518 438//438
f 349//349 444//444 518//518 445//445
f 349//349 445//445 519//519 446//446
f 359//359 447//447 519//519 445//445
f 360//360 446//446 519//519 447//447
f 359//359 440//440 520//520 448//448
f 370//370 449//449 520//520 440//440
f 371//371 448//448 520//520 449//449
f 359//359 448//448 521//521 447//447
f 371//371 450//450 521//521 448//448
f 360//360 447//447 521//521 450//450
f 375//375 442//442 522//522 451//451
f 370//370 449//449 522//522 442//442
f 371//371 451//451 522//522 449//449
f 374//374 452//452 523//523 443//443
f 350//350 453//453 523//523 452//452
f 349//349 443//443 523//523 453//453
f 349//349 446//446 524//524 454//454
f 360//360 455//455 524//524 446//446
f 361//361 454//454 524//524 455//455
f 349//349 454//454 525//525 453//453
f 361//361 456//456 525//525 454//454
f 350//350 453//453 525//525 456//456
f 360//360 450//450 526//526 455//455
f 371//371 457//457 526//526 450//450
f 361//361 455//455 526//526 457//457
f 361//361 457//457 527//527 458//458
f 371//371 459//459 527//527 457//457
f 372//372 458//458 527//527 459//459
f 375//375 451//451 528//528 460//460
f 371//371 459//459 528//528 451//451
f 372//372 460//460 528//528 459//459
f 374//374 461//461 529//529 452//452
f 351//351 462//462 529//529 461//461
f 350//350 452//452 529//529 462//462
f 350//350 456//456 530//530 462//462
f 361//361 463//463 530//530 456//456
f 351//351 462//462 530//530 463//463
f 351//351 463//463 531//531 464//464
f 361//361 465//465 531//531 463//463
f 362//362 464//464 531//531 465//465
f 361//361 458//458 532//532 466//466
f 372//372 467//467 532//532 458//458
f 373//373 466//466 532//532 467//467
f 361//361 466//466 533//533 465//465
f 373//373 468//468 533//533 466//466
f 362//362 465//465 533//533 468//468
f 375//375 460//460 534//534 469//469
f 372//372 467//467 534//534 460//460
f 373//373 469//469 534//534 467//467
f 374//374 376//376 535//535 461//461
f 341//341 470//470 535//535 376//376
f 351//351 461//461 535//535 470//470
f 351//351 464//464 536//536 471//471
f 362//362 472//472 536//536 464//464
f 352//352 471//471 536//536 472//472
f 351//351 471//471 537//537 470//470
f 352//352 380//380 537//537 471//471
f 341//341 470//470 537//537 380//380
f 362//362 468//468 538//538 472//472
f 373//373 473//473 538//538 468//468
f 352//352 472//472 538//538 473//473
f 352//352 473//473 539//539 383//383
f 373//373 474//474 539//539 473//473
f 363//363 383//383 539//539 474//474
f 375//375 469//469 540//540 388//388
f 373//373 474//474 540//540 469//469
f 363//363 388//388 540//540 474//474
o crown_contour_leaf
v -0.710307 1.310050 0.068059
v -0.734932 1.292960 0.038214
v -0.746204 1.282995 0.008422
v -0.731322 1.285707 -0.030908
v -0.707723 1.294297 -0.060958
v -0.685288 1.309977 -0.032950
v -0.671956 1.322140 0.005130
v -0.684443 1.319579 0.035975
v -0.705635 1.301286 0.069222
v -0.730259 1.284196 0.039378
v -0.741532 1.274231 0.009586
v -0.726649 1.276942 -0.029745
v -0.703051 1.285533 -0.059794
v -0.680615 1.301212 -0.031786
v -0.667283 1.313376 0.006293
v -0.679770 1.310814 0.037139
vn 0.4672 -0.8764 0.1164
vn -0.4672 0.8764 -0.1164
vn -0.6654 -0.2619 0.6990
vn -0.8171 -0.3778 0.4355
vn -0.8105 -0.4772 -0.3396
vn -0.6470 -0.4286 -0.6306
vn 0.6734 0.2675 -0.6892
vn 0.8256 0.3854 -0.4122
vn 0.8011 0.4754 0.3638
vn 0.6386 0.4256 0.6412
s 0
usemtl LeafSun
f 541//541 542//541 543//541 544//541 545//541 546//541 547//541 548//541
f 556//542 555//542 554//542 553//542 552//542 551//542 550//542 549//542
f 541//543 542//543 550//543 549//543
f 542//544 543//544 551//544 550//544
f 543//545 544//545 552//545 551//545
f 544//546 545//546 553//546 552//546
f 545//547 546//547 554//547 553//547
f 546//548 547//548 555//548 554//548
f 547//549 548//549 556//549 555//549
f 548//550 541//550 549//550 556//550
o crown_contour_leaf.001
v -1.190998 1.199725 0.335149
v -1.203720 1.205015 0.382596
v -1.224800 1.205005 0.415420
v -1.271370 1.193163 0.426237
v -1.314651 1.179254 0.421143
v -1.302287 1.174558 0.377352
v -1.274666 1.174998 0.336572
v -1.237629 1.184610 0.328979
v -1.188182 1.190301 0.336955
v -1.200904 1.195591 0.384401
v -1.221984 1.195581 0.417225
v -1.268554 1.183739 0.428043
v -1.311835 1.169830 0.422949
v -1.299471 1.165134 0.379157
v -1.271850 1.165574 0.338378
v -1.234813 1.175186 0.330785
vn 0.2816 -0.9424 0.1806
vn -0.2816 0.9424 -0.1806
vn 0.9243 0.3169 0.2125
vn 0.7929 0.3345 0.5093
vn 0.1635 0.2326 0.9587
vn -0.1598 0.1395 0.9772
vn -0.9207 -0.3184 -0.2258
vn -0.7786 -0.3344 -0.5310
vn -0.1389 -0.2262 -0.9641
vn 0.1729 -0.1353 -0.9756
s 0
usemtl LeafSun
f 557//551 558//551 559//551 560//551 561//551 562//551 563//551 564//551
f 572//552 571//552 570//552 569//552 568//552 567//552 566//552 565//552
f 557//553 558//553 566//553 565//553
f 558//554 559//554 567//554 566//554
f 559//555 560//555 568//555 567//555
f 560//556 561//556 569//556 568//556
f 561//557 562//557 570//557 569//557
f 562//558 563//558 571//558 570//558
f 563//559 564//559 572//559 571//559
f 564//560 557//560 565//560 572//560
o crown_contour_leaf.002
v -0.547095 1.293184 0.278660
v -0.492093 1.304571 0.284912
v -0.450058 1.303193 0.299889
v -0.423351 1.272875 0.339198
v -0.414772 1.238002 0.377257
v -0.465738 1.227962 0.370947
v -0.518425 1.230752 0.351098
v -0.538582 1.255311 0.319734
v -0.544614 1.285416 0.270982
v -0.489612 1.296802 0.277235
v -0.447578 1.295425 0.292212
v -0.420870 1.265106 0.331521
v -0.412291 1.230234 0.369580
v -0.463258 1.220193 0.363270
v -0.515944 1.222984 0.343421
v -0.536102 1.247542 0.312057
vn 0.2215 -0.6936 -0.6855
vn -0.2215 0.6936 0.6855
vn -0.0614 0.6916 -0.7197
vn 0.2538 0.7197 -0.6462
vn 0.8523 0.4792 -0.2095
vn 0.9613 0.2735 0.0339
vn 0.0479 -0.6943 0.7181
vn -0.2782 -0.7187 0.6373
vn -0.8643 -0.4651 0.1913
vn -0.9635 -0.2642 -0.0440
s 0
usemtl LeafSun
f 573//561 574//561 575//561 576//561 577//561 578//561 579//561 580//561
f 588//562 587//562 586//562 585//562 584//562 583//562 582//562 581//562
f 573//563 574//563 582//563 581//563
f 574//564 575//564 583//564 582//564
f 575//565 576//565 584//565 583//565
f 576//566 577//566 585//566 584//566
f 577//567 578//567 586//567 585//567
f 578//568 579//568 587//568 586//568
f 579//569 580//569 588//569 587//569
f 580//570 573//570 581//570 588//570
o crown_contour_leaf.003
v -0.903592 1.175268 0.158151
v -0.937335 1.158820 0.117910
v -0.956182 1.144663 0.076119
v -0.947878 1.131030 0.017319
v -0.927900 1.122691 -0.029095
v -0.896984 1.138012 0.008752
v -0.874095 1.155925 0.062300
v -0.881516 1.166479 0.108513
v -0.901869 1.165728 0.160606
v -0.935613 1.149281 0.120365
v -0.954459 1.135123 0.078574
v -0.946155 1.121490 0.019775
v -0.926178 1.113152 -0.026640
v -0.895262 1.128472 0.011207
v -0.872373 1.146385 0.064755
v -0.879794 1.156939 0.110968
vn 0.1722 -0.9540 0.2455
vn -0.1722 0.9540 -0.2455
vn -0.7710 0.0246 0.6364
vn -0.9034 -0.0536 0.4255
vn -0.9756 -0.1997 -0.0915
vn -0.9045 -0.2518 -0.3441
vn 0.7784 -0.0209 -0.6274
vn 0.9106 0.0591 -0.4090
vn 0.9728 0.2038 0.1097
vn 0.8997 0.2538 0.3552
s 0
usemtl LeafSun
f 589//571 590//571 591//571 592//571 593//571 594//571 595//571 596//571
f 604//572 603//572 602//572 601//572 600//572 599//572 598//572 597//572
f 589//573 590//573 598//573 597//573
f 590//574 591//574 599//574 598//574
f 591//575 592//575 600//575 599//575
f 592//576 593//576 601//576 600//576
f 593//577 594//577 602//577 601//577
f 594//578 595//578 603//578 602//578
f 595//579 596//579 604//579 603//579
f 596//580 589//580 597//580 604//580
o crown_contour_leaf.004
v -0.916304 1.240916 0.518487
v -0.891127 1.221607 0.551304
v -0.881428 1.210598 0.582351
v -0.903142 1.214550 0.619507
v -0.933913 1.225163 0.646322
v -0.956760 1.242864 0.615611
v -0.967909 1.256268 0.576066
v -0.949934 1.252662 0.547031
v -0.920809 1.232151 0.516786
v -0.895632 1.212843 0.549604
v -0.885933 1.201834 0.580650
v -0.907647 1.205785 0.617807
v -0.938418 1.216398 0.644621
v -0.961265 1.234100 0.613910
v -0.972413 1.247503 0.574366
v -0.954439 1.243898 0.545330
vn -0.4505 -0.8764 -0.1701
vn 0.4505 0.8764 0.1701
vn 0.7020 -0.2301 -0.6740
vn 0.8469 -0.3593 -0.3920
vn 0.7380 -0.4727 0.4815
vn 0.5145 -0.4105 0.7529
vn -0.7096 0.2359 0.6639
vn -0.8547 0.3683 0.3658
vn -0.7232 0.4699 -0.5061
vn -0.5043 0.4070 -0.7616
s 0
usemtl LeafSun
f 605//581 606//581 607//581 608//581 609//581 610//581 611//581 612//581
f 620//582 619//582 618//582 617//582 616//582 615//582 614//582 613//582
f 605//583 606//583 614//583 613//583
f 606//584 607//584 615//584 614//584
f 607//585 608//585 616//585 615//585
f 608//586 609//586 617//586 616//586
f 609//587 610//587 618//587 617//587
f 610//588 611//588 619//588 618//588
f 611//589 612//589 620//589 619//589
f 612//590 605//590 613//590 620//590
o crown_contour_leaf.005
v -0.599349 1.325825 0.137026
v -0.609294 1.332572 0.085679
v -0.603998 1.333248 0.046074
v -0.562960 1.320591 0.019847
v -0.517619 1.305354 0.010514
v -0.509056 1.299328 0.058112
v -0.517056 1.298954 0.107791
v -0.550174 1.309251 0.127647
v -0.603035 1.315270 0.136353
v -0.612980 1.322017 0.085006
v -0.607684 1.322693 0.045401
v -0.566646 1.310036 0.019174
v -0.521305 1.294799 0.009841
v -0.512742 1.288773 0.057438
v -0.520742 1.288399 0.107118
v -0.553859 1.298697 0.126973
vn -0.3291 -0.9424 -0.0601
vn 0.3291 0.9424 0.0601
vn -0.9253 0.3091 0.2198
vn -0.9350 0.3341 -0.1193
vn -0.4761 0.2205 -0.8513
vn -0.1617 0.1189 -0.9797
vn 0.9278 -0.3108 -0.2063
vn 0.9308 -0.3344 0.1474
vn 0.4527 -0.2133 0.8658
vn 0.1487 -0.1146 0.9822
s 0
usemtl LeafSun
f 621//591 622//591 623//591 624//591 625//591 626//591 627//591 628//591
f 636//592 635//592 634//592 633//592 632//592 631//592 630//592 629//592
f 621//593 622//593 630//593 629//593
f 622//594 623//594 631//594 630//594
f 623//595 624//595 632//595 631//595
f 624//596 625//596 633//596 632//596
f 625//597 626//597 634//597 633//597
f 626//598 627//598 635//598 634//598
f 627//599 628//599 636//599 635//599
f 628//600 621//600 629//600 636//600
o leafy_twig.001
v 0.779479 1.330996 0.350069
v 0.194832 1.299999 0.428022
v 0.782529 1.321917 0.371777
v 0.195816 1.297070 0.435025
v 0.784097 1.300000 0.380728
v 0.196322 1.290000 0.437912
v 0.783265 1.278083 0.371679
v 0.196053 1.282930 0.434993
v 0.780521 1.269004 0.349931
v 0.195168 1.280001 0.427978
v 0.777471 1.278083 0.328223
v 0.194184 1.282930 0.420975
v 0.775903 1.300000 0.319272
v 0.193678 1.290000 0.418088
v 0.776735 1.321917 0.328321
v 0.193947 1.297070 0.421007
vn 0.5981 0.7974 -0.0798
vn -0.6507 0.7544 0.0868
vn 0.6756 0.5669 0.4714
vn -0.5754 0.5302 0.6227
vn 0.7154 0.0105 0.6987
vn -0.5367 -0.0109 0.8437
vn 0.6943 -0.5460 0.4689
vn -0.5572 -0.5520 0.6203
vn 0.6246 -0.7765 -0.0833
vn -0.6250 -0.7762 0.0833
vn 0.5471 -0.5460 -0.6344
vn -0.7003 -0.5520 -0.4526
vn 0.5073 0.0105 -0.8617
vn -0.7390 -0.0109 -0.6736
vn 0.5285 0.5669 -0.6319
vn -0.7184 0.5302 -0.4502
vt 1.000000 0.500000
vt 1.000000 1.000000
vt 0.875000 1.000000
vt 0.875000 0.500000
vt 0.750000 1.000000
vt 0.750000 0.500000
vt 0.625000 1.000000
vt 0.625000 0.500000
vt 0.500000 1.000000
vt 0.500000 0.500000
vt 0.375000 1.000000
vt 0.375000 0.500000
vt 0.250000 1.000000
vt 0.250000 0.500000
vt 0.419706 0.419706
vt 0.250000 0.490000
vt 0.080294 0.419706
vt 0.010000 0.250000
vt 0.080294 0.080294
vt 0.250000 0.010000
vt 0.419706 0.080294
vt 0.490000 0.250000
vt 0.125000 1.000000
vt 0.125000 0.500000
vt 0.000000 1.000000
vt 0.000000 0.500000
vt 0.750000 0.490000
vt 0.919706 0.419706
vt 0.990000 0.250000
vt 0.919706 0.080294
vt 0.750000 0.010000
vt 0.580294 0.080294
vt 0.510000 0.250000
vt 0.580294 0.419706
s 1
usemtl WeatheredBark
f 637/711/601 638/712/602 640/713/604 639/714/603
f 639/714/603 640/713/604 642/715/606 641/716/605
f 641/716/605 642/715/606 644/717/608 643/718/607
f 643/718/607 644/717/608 646/719/610 645/720/609
f 645/720/609 646/719/610 648/721/612 647/722/611
f 647/722/611 648/721/612 650/723/614 649/724/613
f 640/725/604 638/726/602 652/727/616 650/728/614 648/729/612 646/730/610 644/731/608 642/732/606
f 649/724/613 650/723/614 652/733/616 651/734/615
f 651/734/615 652/733/616 638/735/602 637/736/601
f 637/737/601 639/738/603 641/739/605 643/740/607 645/741/609 647/742/611 649/743/613 651/744/615
o solid_leaf_crown_lobe.001
v 0.257395 1.214484 0.338817
v 0.187073 1.200112 0.208274
v 0.030494 1.153001 0.177157
v -0.104590 1.200495 0.232776
v -0.238240 1.214215 0.334554
v -0.253838 1.157075 0.490299
v -0.159831 1.183527 0.623139
v -0.054876 1.222070 0.700551
v 0.108572 1.168520 0.722531
v 0.221198 1.167626 0.634546
v 0.329691 1.221804 0.487343
v 0.356265 1.369021 0.273786
v 0.219437 1.349705 0.089352
v -0.004106 1.319264 0.067569
v -0.203220 1.349948 0.162726
v -0.373187 1.359029 0.331501
v -0.337706 1.322328 0.549289
v -0.219889 1.339095 0.724302
v -0.046262 1.363673 0.818291
v 0.166772 1.329346 0.814104
v 0.345908 1.329039 0.676535
v 0.451349 1.367832 0.463561
v 0.268435 1.522484 0.259411
v 0.163723 1.508112 0.132182
v -0.032410 1.461001 0.136374
v -0.191231 1.508495 0.236138
v -0.345314 1.522215 0.382013
v -0.230941 1.465075 0.569197
v -0.163791 1.491527 0.700461
v 0.004609 1.530070 0.756915
v 0.161467 1.476520 0.742715
v 0.328002 1.475626 0.607513
v 0.397881 1.529804 0.426963
v 0.029816 1.164135 0.450000
v 0.025498 1.551468 0.438020
v 0.167488 1.189979 0.384670
v 0.116321 1.179008 0.313997
v 0.222234 1.207298 0.273546
v 0.258010 1.283598 0.198080
v 0.307631 1.290838 0.283469
v 0.298724 1.362484 0.172719
v 0.203398 1.257808 0.153039
v 0.318760 1.444838 0.245667
v 0.260094 1.438311 0.158656
v 0.188831 1.443178 0.110427
v 0.216079 1.515298 0.195797
v 0.098945 1.529196 0.264884
v 0.173733 1.540167 0.332577
v 0.032332 1.163344 0.293898
v 0.108784 1.176556 0.192716
v 0.128338 1.253306 0.111600
v 0.009824 1.256197 0.097761
v 0.093668 1.327007 0.059148
v 0.100994 1.407306 0.087604
v 0.065657 1.484556 0.134278
v -0.015184 1.378827 0.081544
v -0.006941 1.513532 0.263789
v -0.051165 1.178984 0.323392
v -0.037048 1.176748 0.204967
v -0.086646 1.253485 0.148872
v -0.092634 1.327150 0.094288
v -0.150121 1.258076 0.197514
v -0.120562 1.407485 0.133079
v -0.201937 1.443447 0.199533
v -0.111820 1.484748 0.186256
v -0.105748 1.529173 0.319048
v -0.120139 1.183502 0.385660
v -0.171415 1.207355 0.283665
v -0.238480 1.283851 0.242207
v -0.329941 1.299027 0.329032
v -0.320546 1.361311 0.251215
v -0.289880 1.437851 0.261343
v -0.268272 1.515355 0.309076
v -0.372224 1.421656 0.347899
v -0.172532 1.533691 0.406678
v -0.130438 1.164685 0.472051
v -0.246039 1.185645 0.412427
v -0.314334 1.263532 0.438065
v -0.381541 1.345042 0.421775
v -0.290278 1.227629 0.516561
v -0.354695 1.417532 0.464993
v -0.292107 1.413000 0.560760
v -0.288127 1.493645 0.475605
v -0.135096 1.514874 0.510019
v -0.083610 1.173397 0.549051
v -0.206835 1.170301 0.556719
v -0.262404 1.248309 0.599510
v -0.205081 1.277556 0.693445
v -0.278561 1.327917 0.659378
v -0.261950 1.402309 0.638259
v -0.197366 1.478301 0.634829
v -0.206449 1.400185 0.724185
v -0.079896 1.523585 0.587445
v -0.015486 1.186089 0.595797
v -0.107354 1.202798 0.661845
v -0.117895 1.278725 0.737375
v -0.153653 1.352269 0.776338
v -0.050228 1.273205 0.757206
v -0.113428 1.432725 0.773817
v -0.021397 1.458576 0.789614
v -0.079591 1.510799 0.728688
v 0.010879 1.536278 0.621956
v 0.072473 1.168454 0.603565
v 0.026848 1.195295 0.711541
v 0.034118 1.271280 0.788048
v 0.148278 1.267056 0.789411
v 0.077556 1.343894 0.832692
v 0.061090 1.425280 0.801874
v 0.083038 1.503295 0.749815
v 0.169478 1.389685 0.797422
v 0.107713 1.518643 0.608284
v 0.144981 1.168229 0.555498
v 0.164885 1.168073 0.678538
v 0.233073 1.245802 0.720527
v 0.249286 1.323495 0.771556
v 0.281869 1.235028 0.655776
v 0.264922 1.399802 0.725733
v 0.336939 1.420398 0.640887
v 0.244735 1.476073 0.675114
v 0.197449 1.518418 0.534186
v 0.192909 1.189076 0.472415
v 0.275445 1.194715 0.560945
v 0.356946 1.272304 0.584978
v 0.414059 1.307656 0.474168
v 0.430117 1.353715 0.557607
v 0.394849 1.426304 0.558293
v 0.362941 1.502715 0.517238
v 0.441166 1.430286 0.450161
v 0.229407 1.539265 0.431001
v 0.293543 1.218144 0.413080
v 0.357060 1.295398 0.370477
v 0.426230 1.371932 0.372645
v 0.385308 1.448685 0.338533
v 0.333158 1.526144 0.343187
v 0.162321 1.190395 0.329093
v 0.291141 1.312370 0.208169
v 0.231187 1.253536 0.199969
v 0.295137 1.415036 0.182011
v 0.226210 1.463147 0.147569
v 0.156070 1.531910 0.270795
v 0.083807 1.170459 0.273916
v 0.153368 1.233041 0.145328
v 0.084800 1.274474 0.081429
v 0.124770 1.442652 0.105267
v 0.065255 1.372863 0.067911
v 0.051785 1.511974 0.228842
v -0.016247 1.170577 0.281684
v -0.064200 1.274593 0.109294
v -0.095687 1.233279 0.180961
v -0.084624 1.372981 0.096879
v -0.147022 1.442890 0.169146
v -0.070127 1.512092 0.263753
v -0.108216 1.189534 0.335880
v -0.187624 1.253683 0.235365
v -0.301010 1.313236 0.264106
v -0.253069 1.463295 0.251739
v -0.334930 1.411625 0.278654
v -0.175564 1.531049 0.348290
v -0.158536 1.176088 0.424339
v -0.350705 1.299748 0.400400
v -0.287639 1.226749 0.460117
v -0.383104 1.398137 0.415997
v -0.315753 1.436360 0.503310
v -0.190074 1.517603 0.462519
v -0.132798 1.166584 0.523023
v -0.259746 1.216520 0.558603
v -0.257175 1.280375 0.650125
v -0.254921 1.426131 0.611336
v -0.258067 1.378764 0.674847
v -0.129368 1.508100 0.571478
v -0.064424 1.186712 0.595575
v -0.157480 1.300566 0.743947
v -0.091677 1.256838 0.724977
v -0.157864 1.398955 0.768356
v -0.072434 1.466449 0.769820
v -0.047084 1.528227 0.636453
v 0.027913 1.182065 0.629328
v 0.000153 1.251835 0.758252
v 0.081689 1.291092 0.812670
v 0.037559 1.461447 0.784842
v 0.098677 1.389481 0.819620
v 0.064581 1.523580 0.650483
v 0.122903 1.165205 0.606357
v 0.219049 1.274179 0.764289
v 0.232503 1.218062 0.686900
v 0.236695 1.372568 0.770081
v 0.286683 1.427674 0.683778
v 0.175688 1.506720 0.598959
v 0.197875 1.182121 0.526204
v 0.308038 1.235824 0.606098
v 0.409315 1.308361 0.547411
v 0.367104 1.445435 0.577241
v 0.431634 1.406750 0.528586
v 0.254873 1.523636 0.491184
v 0.210528 1.197528 0.424593
v 0.406262 1.323165 0.398697
v 0.318605 1.268174 0.353365
v 0.427251 1.421554 0.379144
v 0.345015 1.473508 0.306769
v 0.235876 1.539043 0.371505
vn -0.7620 -0.4565 0.4594
vn -0.6303 0.1727 0.7569
vn 0.1204 -0.1755 0.9771
vn 0.4844 -0.1467 0.8625
vn 0.8893 0.2463 0.3853
vn 0.9232 -0.2746 -0.2689
vn 0.7679 -0.2597 -0.5856
vn 0.3409 0.1863 -0.9215
vn -0.3385 -0.0445 -0.9399
vn -0.6213 -0.3017 -0.7232
vn -0.9071 0.4185 -0.0453
vn -0.8394 0.1733 0.5152
vn -0.5038 0.1060 0.8573
vn 0.1866 0.1544 0.9702
vn 0.5772 0.1096 0.8092
vn 0.9118 0.2181 0.3480
vn 0.9119 0.1486 -0.3826
vn 0.6547 0.1721 -0.7361
vn 0.2343 0.0756 -0.9692
vn -0.3217 0.1078 -0.9407
vn -0.7703 0.1395 -0.6222
vn -0.9821 0.1862 0.0296
vn -0.6961 0.5399 0.4732
vn -0.4307 0.2525 0.8665
vn 0.2277 0.1105 0.9674
vn 0.5892 0.5377 0.6031
vn 0.9702 0.1220 0.2095
vn 0.8578 0.3578 -0.3690
vn 0.5584 0.1516 -0.8156
vn 0.1109 0.5173 -0.8486
vn -0.2885 0.1512 -0.9455
vn -0.8265 0.2553 -0.5017
vn -0.9392 0.2272 0.2576
vn 0.0233 -0.9997 -0.0071
vn -0.0238 0.9997 0.0065
vn 0.2072 -0.9777 -0.0347
vn 0.2199 -0.9755 0.0028
vn -0.7084 -0.5242 0.4727
vn -0.6780 0.5853 0.4446
vn -0.7144 0.6040 0.3533
vn -0.7946 0.1464 0.5892
vn -0.5511 0.6033 0.5765
vn -0.7590 -0.3874 0.5233
vn -0.6361 -0.4226 0.6455
vn -0.3153 -0.4031 0.8591
vn -0.6830 0.5143 0.5187
vn -0.0885 0.9777 -0.1906
vn 0.0402 0.9941 -0.1005
vn -0.0036 -0.9995 0.0299
vn -0.1155 -0.3572 0.9268
vn -0.2843 0.5987 0.7488
vn 0.1527 0.5621 0.8129
vn -0.1171 0.1040 0.9877
vn -0.0335 -0.4055 0.9135
vn -0.1398 0.6251 0.7679
vn 0.1823 -0.3600 0.9150
vn -0.0740 0.9594 -0.2722
vn -0.1933 -0.9802 -0.0430
vn 0.2862 -0.4017 0.8699
vn 0.4701 0.6110 0.6369
vn 0.4464 0.1733 0.8779
vn 0.4974 0.6293 0.5972
vn 0.4038 -0.4122 0.8167
vn 0.4894 -0.4332 0.7568
vn 0.5341 0.5722 0.6224
vn -0.0160 0.9797 -0.1997
vn -0.1025 -0.9783 -0.1798
vn 0.5092 -0.4786 0.7153
vn 0.5238 0.6096 0.5950
vn 0.7076 0.6267 0.3263
vn 0.7061 0.1101 0.6995
vn 0.5798 -0.4207 0.6977
vn 0.5750 0.5469 0.6086
vn 0.9230 -0.2634 0.2807
vn -0.0998 0.9917 0.0812
vn 0.0050 -0.9971 -0.0755
vn 0.8798 -0.4614 -0.1141
vn 0.7814 0.6229 0.0369
vn 0.9599 0.2616 -0.1005
vn 0.8141 0.5452 -0.1998
vn 0.8506 -0.3276 -0.4112
vn 0.7438 -0.4975 -0.4464
vn 0.7496 0.5908 -0.2983
vn -0.2228 0.9587 0.1768
vn 0.0531 -0.9834 0.1733
vn 0.7856 -0.4337 -0.4412
vn 0.6640 0.5871 -0.4631
vn 0.4880 0.5832 -0.6494
vn 0.8195 0.1193 -0.5605
vn 0.7973 -0.4573 -0.3939
vn 0.6896 0.5659 -0.4520
vn 0.6787 -0.3288 -0.6567
vn -0.2361 0.9701 0.0562
vn -0.0980 -0.9777 0.1859
vn 0.5850 -0.4495 -0.6750
vn 0.2738 0.6167 -0.7381
vn 0.4485 0.1785 -0.8758
vn 0.2853 0.6081 -0.7408
vn 0.3861 -0.4059 -0.8283
vn 0.1230 -0.4214 -0.8985
vn 0.1654 0.5137 -0.8419
vn 0.0217 0.9966 0.0790
vn -0.1270 -0.9901 0.0593
vn 0.0016 -0.4532 -0.8914
vn 0.2035 0.5572 -0.8051
vn -0.2183 0.5341 -0.8167
vn -0.0080 0.0610 -0.9981
vn -0.0820 -0.4304 -0.8989
vn 0.1051 0.5416 -0.8341
vn -0.3558 -0.3888 -0.8498
vn 0.1951 0.9693 0.1497
vn 0.0998 -0.9918 -0.0799
vn -0.5875 -0.3977 -0.7048
vn -0.5249 0.6057 -0.5980
vn -0.6013 0.1379 -0.7870
vn -0.6278 0.6377 -0.4463
vn -0.5997 -0.4263 -0.6772
vn -0.6859 -0.4172 -0.5962
vn -0.5145 0.5977 -0.6149
vn 0.1200 0.9682 0.2196
vn 0.2008 -0.9734 -0.1105
vn -0.6741 -0.3721 -0.6381
vn -0.7011 0.6421 -0.3100
vn -0.7774 0.6253 0.0686
vn -0.9027 0.1075 -0.4166
vn -0.7476 -0.4333 -0.5034
vn -0.8065 0.5530 -0.2089
vn -0.9480 -0.3182 -0.0054
vn 0.0692 0.9924 0.1019
vn -0.7610 -0.5005 0.4129
vn -0.6742 0.6442 0.3613
vn -0.8706 0.2229 0.4387
vn -0.7806 -0.3268 0.5328
vn -0.6664 0.5466 0.5071
vn 0.2334 -0.9722 -0.0169
vn -0.7176 0.5508 0.4262
vn -0.6930 0.6020 0.3967
vn -0.7571 -0.3226 0.5681
vn -0.5640 -0.5041 0.6540
vn 0.0219 0.9878 -0.1544
vn 0.2313 -0.9726 0.0238
vn -0.3730 0.6805 0.6308
vn -0.1041 0.5138 0.8516
vn 0.0049 -0.3869 0.9221
vn 0.0237 -0.3500 0.9365
vn -0.1847 0.9456 -0.2679
vn -0.2492 -0.9683 0.0139
vn 0.3839 0.5420 0.7476
vn 0.4843 0.6691 0.5638
vn 0.3477 -0.3169 0.8824
vn 0.3971 -0.4794 0.7826
vn 0.0286 0.9515 -0.3064
vn -0.1690 -0.9800 -0.1052
vn 0.4840 0.6597 0.5749
vn 0.6126 0.5605 0.5573
vn 0.5506 -0.4676 0.6915
vn 0.7252 -0.2980 0.6207
vn -0.0685 0.9884 -0.1354
vn -0.0456 -0.9576 -0.2846
vn 0.7670 0.6390 0.0589
vn 0.8398 0.5278 0.1267
vn 0.9781 -0.1606 -0.1327
vn 0.6950 -0.4853 -0.5305
vn -0.1596 0.9386 0.3057
vn 0.0374 -0.9910 0.1286
vn 0.6536 0.6030 -0.4574
vn 0.6466 0.5431 -0.5357
vn 0.7420 -0.5980 -0.3029
vn 0.7821 -0.3095 -0.5409
vn -0.3277 0.9434 0.0516
vn 0.0739 -0.9626 0.2607
vn 0.3689 0.5580 -0.7434
vn 0.2494 0.6692 -0.7000
vn 0.5157 -0.2841 -0.8083
vn 0.3211 -0.4957 -0.8070
vn -0.2050 0.9761 0.0718
vn -0.2657 -0.9550 0.1321
vn 0.2999 0.6367 -0.7104
vn 0.0251 0.4733 -0.8805
vn -0.1235 -0.4224 -0.8980
vn -0.1429 -0.3799 -0.9139
vn 0.2599 0.9588 0.1148
vn 0.0010 -1.0000 0.0087
vn -0.4634 0.5311 -0.7093
vn -0.5108 0.6546 -0.5574
vn -0.5399 -0.3410 -0.7696
vn -0.5938 -0.4760 -0.6487
vn 0.1683 0.9651 0.2009
vn 0.2048 -0.9655 -0.1611
vn -0.6650 0.6837 -0.3006
vn -0.7736 0.5872 -0.2381
vn -0.7424 -0.4479 -0.4982
vn -0.8651 -0.3358 -0.3727
vn 0.0923 0.9577 0.2727
vn 0.2153 -0.9743 -0.0666
vn -0.7227 0.6099 0.3251
vn -0.6815 0.6549 0.3267
vn -0.8854 -0.2216 0.4085
vn -0.7159 -0.4294 0.5505
vn 0.0756 0.9948 -0.0681
s 1
usemtl LeafDeep
f 686//650 689//653 787//751 688//652
f 654//618 690//654 787//751 689//653
f 653//617 688//652 787//751 690//654
f 653//617 692//656 788//752 691//655
f 664//628 693//657 788//752 692//656
f 665//629 691//655 788//752 693//657
f 653//617 691//655 789//753 690//654
f 665//629 694//658 789//753 691//655
f 654//618 690//654 789//753 694//658
f 664//628 695//659 790//754 693//657
f 675//639 696//660 790//754 695//659
f 665//629 693//657 790//754 696//660
f 665//629 696//660 791//755 697//661
f 675//639 698//662 791//755 696//660
f 676//640 697//661 791//755 698//662
f 687//651 700//664 792//756 699//663
f 675//639 698//662 792//756 700//664
f 676//640 699//663 792//756 698//662
f 686//650 701//665 793//757 689//653
f 655//619 702//666 793//757 701//665
f 654//618 689//653 793//757 702//666
f 654//618 694//658 794//758 702//666
f 665//629 703//667 794//758 694//658
f 655//619 702//666 794//758 703//667
f 655//619 703//667 795//759 704//668
f 665//629 705//669 795//759 703//667
f 666//630 704//668 795//759 705//669
f 665//629 697//661 796//760 706//670
f 676//640 707//671 796//760 697//661
f 677//641 706//670 796//760 707//671
f 665//629 706//670 797//761 705//669
f 677//641 708//672 797//761 706//670
f 666//630 705//669 797//761 708//672
f 687//651 699//663 798//762 709//673
f 676//640 707//671 798//762 699//663
f 677//641 709//673 798//762 707//671
f 686//650 710//674 799//763 701//665
f 656//620 711//675 799//763 710//674
f 655//619 701//665 799//763 711//675
f 655//619 704//668 800//764 712//676
f 666//630 713//677 800//764 704//668
f 667//631 712//676 800//764 713//677
f 655//619 712//676 801//765 711//675
f 667//631 714//678 801//765 712//676
f 656//620 711//675 801//765 714//678
f 666//630 708//672 802//766 713//677
f 677//641 715//679 802//766 708//672
f 667//631 713//677 802//766 715//679
f 667//631 715//679 803//767 716//680
f 677//641 717//681 803//767 715//679
f 678//642 716//680 803//767 717//681
f 687//651 709//673 804//768 718//682
f 677//641 717//681 804//768 709//673
f 678//642 718//682 804//768 717//681
f 686//650 719//683 805//769 710//674
f 657//621 720//684 805//769 719//683
f 656//620 710//674 805//769 720//684
f 656//620 714//678 806//770 720//684
f 667//631 721//685 806//770 714//678
f 657//621 720//684 806//770 721//685
f 657//621 721//685 807//771 722//686
f 667//631 723//687 807//771 721//685
f 668//632 722//686 807//771 723//687
f 667//631 716//680 808//772 724//688
f 678//642 725//689 808//772 716//680
f 679//643 724//688 808//772 725//689
f 667//631 724//688 809//773 723//687
f 679//643 726//690 809//773 724//688
f 668//632 723//687 809//773 726//690
f 687//651 718//682 810//774 727//691
f 678//642 725//689 810//774 718//682
f 679//643 727//691 810//774 725//689
f 686//650 728//692 811//775 719//683
f 658//622 729//693 811//775 728//692
f 657//621 719//683 811//775 729//693
f 657//621 722//686 812//776 730//694
f 668//632 731//695 812//776 722//686
f 669//633 730//694 812//776 731//695
f 657//621 730//694 813//777 729//693
f 669//633 732//696 813//777 730//694
f 658//622 729//693 813//777 732//696
f 668//632 726//690 814//778 731//695
f 679//643 733//697 814//778 726//690
f 669//633 731//695 814//778 733//697
f 669//633 733//697 815//779 734//698
f 679//643 735//699 815//779 733//697
f 680//644 734//698 815//779 735//699
f 687//651 727//691 816//780 736//700
f 679//643 735//699 816//780 727//691
f 680//644 736//700 816//780 735//699
f 686//650 737//701 817//781 728//692
f 659//623 738//702 817//781 737//701
f 658//622 728//692 817//781 738//702
f 658//622 732//696 818//782 738//702
f 669//633 739//703 818//782 732//696
f 659//623 738//702 818//782 739//703
f 659//623 739//703 819//783 740//704
f 669//633 741//705 819//783 739//703
f 670//634 740//704 819//783 741//705
f 669//633 734//698 820//784 742//706
f 680//644 743//707 820//784 734//698
f 681//645 742//706 820//784 743//707
f 669//633 742//706 821//785 741//705
f 681//645 744//708 821//785 742//706
f 670//634 741//705 821//785 744//708
f 687//651 736//700 822//786 745//709
f 680//644 743//707 822//786 736//700
f 681//645 745//709 822//786 743//707
f 686//650 746//710 823//787 737//701
f 660//624 747//711 823//787 746//710
f 659//623 737//701 823//787 747//711
f 659//623 740//704 824//788 748//712
f 670//634 749//713 824//788 740//704
f 671//635 748//712 824//788 749//713
f 659//623 748//712 825//789 747//711
f 671//635 750//714 825//789 748//712
f 660//624 747//711 825//789 750//714
f 670//634 744//708 826//790 749//713
f 681//645 751//715 826//790 744//708
f 671//635 749//713 826//790 751//715
f 671//635 751//715 827//791 752//716
f 681//645 753//717 827//791 751//715
f 682//646 752//716 827//791 753//717
f 687//651 745//709 828//792 754//718
f 681//645 753//717 828//792 745//709
f 682//646 754//718 828//792 753//717
f 686//650 755//719 829//793 746//710
f 661//625 756//720 829//793 755//719
f 660//624 746//710 829//793 756//720
f 660//624 750//714 830//794 756//720
f 671//635 757//721 830//794 750//714
f 661//625 756//720 830//794 757//721
f 661//625 757//721 831//795 758//722
f 671//635 759//723 831//795 757//721
f 672//636 758//722 831//795 759//723
f 671//635 752//716 832//796 760//724
f 682//646 761//725 832//796 752//716
f 683//647 760//724 832//796 761//725
f 671//635 760//724 833//797 759//723
f 683//647 762//726 833//797 760//724
f 672//636 759//723 833//797 762//726
f 687//651 754//718 834//798 763//727
f 682//646 761//725 834//798 754//718
f 683//647 763//727 834//798 761//725
f 686//650 764//728 835//799 755//719
f 662//626 765//729 835//799 764//728
f 661//625 755//719 835//799 765//729
f 661//625 758//722 836//800 766//730
f 672//636 767//731 836//800 758//722
f 673//637 766//730 836//800 767//731
f 661//625 766//730 837//801 765//729
f 673//637 768//732 837//801 766//730
f 662//626 765//729 837//801 768//732
f 672//636 762//726 838//802 767//731
f 683//647 769//733 838//802 762//726
f 673//637 767//731 838//802 769//733
f 673//637 769//733 839//803 770//734
f 683//647 771//735 839//803 769//733
f 684//648 770//734 839//803 771//735
f 687//651 763//727 840//804 772//736
f 683//647 771//735 840//804 763//727
f 684//648 772//736 840//804 771//735
f 686//650 773//737 841//805 764//728
f 663//627 774//738 841//805 773//737
f 662//626 764//728 841//805 774//738
f 662//626 768//732 842//806 774//738
f 673//637 775//739 842//806 768//732
f 663//627 774//738 842//806 775//739
f 663//627 775//739 843//807 776//740
f 673//637 777//741 843//807 775//739
f 674//638 776//740 843//807 777//741
f 673//637 770//734 844//808 778//742
f 684//648 779//743 844//808 770//734
f 685//649 778//742 844//808 779//743
f 673//637 778//742 845//809 777//741
f 685//649 780//744 845//809 778//742
f 674//638 777//741 845//809 780//744
f 687//651 772//736 846//810 781//745
f 684//648 779//743 846//810 772//736
f 685//649 781//745 846//810 779//743
f 686//650 688//652 847//811 773//737
f 653//617 782//746 847//811 688//652
f 663//627 773//737 847//811 782//746
f 663//627 776//740 848//812 783//747
f 674//638 784//748 848//812 776//740
f 664//628 783//747 848//812 784//748
f 663//627 783//747 849//813 782//746
f 664//628 692//656 849//813 783//747
f 653//617 782//746 849//813 692//656
f 674//638 780//744 850//814 784//748
f 685//649 785//749 850//814 780//744
f 664//628 784//748 850//814 785//749
f 664//628 785//749 851//815 695//659
f 685//649 786//750 851//815 785//749
f 675//639 695//659 851//815 786//750
f 687//651 781//745 852//816 700//664
f 685//649 786//750 852//816 781//745
f 675//639 700//664 852//816 786//750
o crown_contour_leaf.006
v -0.249046 1.305291 0.262563
v -0.283172 1.288201 0.280796
v -0.314606 1.278236 0.285950
v -0.350214 1.280948 0.263580
v -0.375000 1.289538 0.234503
v -0.343106 1.305218 0.218052
v -0.303142 1.317381 0.212518
v -0.275377 1.314820 0.230862
v -0.246980 1.296527 0.258214
v -0.281107 1.279437 0.276446
v -0.312540 1.269472 0.281601
v -0.348149 1.272183 0.259230
v -0.372934 1.280774 0.230153
v -0.341041 1.296453 0.213703
v -0.301077 1.308617 0.208169
v -0.273312 1.306056 0.226512
vn 0.2065 -0.8764 -0.4350
vn -0.2065 0.8764 0.4350
vn 0.5535 -0.2619 0.7906
vn 0.2652 -0.3778 0.8871
vn -0.4933 -0.4772 0.7273
vn -0.7462 -0.4286 0.5094
vn -0.5423 0.2675 -0.7965
vn -0.2407 0.3854 -0.8908
vn 0.5151 0.4754 -0.7133
vn 0.7549 0.4256 -0.4991
s 0
usemtl LeafDeep
f 853//817 854//817 855//817 856//817 857//817 858//817 859//817 860//817
f 868//818 867//818 866//818 865//818 864//818 863//818 862//818 861//818
f 853//819 854//819 862//819 861//819
f 854//820 855//820 863//820 862//820
f 855//821 856//821 864//821 863//821
f 856//822 857//822 865//822 864//822
f 857//823 858//823 866//823 865//823
f 858//824 859//824 867//824 866//824
f 859//825 860//825 868//825 867//825
f 860//826 853//826 861//826 868//826
o crown_contour_leaf.007
v 0.052889 1.400501 0.584564
v 0.095287 1.405791 0.609371
v 0.121375 1.405781 0.638375
v 0.119501 1.393938 0.686149
v 0.103152 1.380030 0.726545
v 0.064184 1.375334 0.703050
v 0.032153 1.375773 0.665635
v 0.034617 1.385385 0.627908
v 0.055374 1.391077 0.582326
v 0.097773 1.396367 0.607133
v 0.123860 1.396357 0.636137
v 0.121987 1.384514 0.683910
v 0.105638 1.370606 0.724306
v 0.066670 1.365910 0.700811
v 0.034639 1.366349 0.663396
v 0.037102 1.375961 0.625669
vn 0.2486 -0.9424 -0.2239
vn -0.2486 0.9424 0.2239
vn 0.4492 0.3169 -0.8353
vn 0.7007 0.3345 -0.6301
vn 0.9679 0.2326 0.0956
vn 0.9003 0.1395 0.4124
vn -0.4610 -0.3184 0.8283
vn -0.7179 -0.3344 0.6106
vn -0.9666 -0.2262 -0.1208
vn -0.8952 -0.1353 -0.4246
s 0
usemtl LeafDeep
f 869//827 870//827 871//827 872//827 873//827 874//827 875//827 876//827
f 884//828 883//828 882//828 881//828 880//828 879//828 878//828 877//828
f 869//829 870//829 878//829 877//829
f 870//830 871//830 879//830 878//830
f 871//831 872//831 880//831 879//831
f 872//832 873//832 881//832 880//832
f 873//833 874//833 882//833 881//833
f 874//834 875//834 883//834 882//834
f 875//835 876//835 884//835 883//835
f 876//836 869//836 877//836 884//836
o crown_contour_leaf.008
v 0.230404 1.503611 0.159935
v 0.250106 1.514997 0.108203
v 0.275042 1.513620 0.071198
v 0.319748 1.483302 0.055077
v 0.358745 1.448429 0.056207
v 0.339990 1.438388 0.104015
v 0.307690 1.441179 0.150131
v 0.272306 1.465737 0.161877
v 0.223582 1.495843 0.155627
v 0.243284 1.507229 0.103895
v 0.268220 1.505852 0.066890
v 0.312926 1.475533 0.050769
v 0.351924 1.440660 0.051900
v 0.333168 1.430620 0.099707
v 0.300868 1.433411 0.145823
v 0.265485 1.457969 0.157570
vn -0.6091 -0.6936 -0.3846
vn 0.6091 0.6936 0.3846
vn -0.7124 0.6916 -0.1191
vn -0.5631 0.7197 -0.4062
vn 0.0085 0.4792 -0.8777
vn 0.2713 0.2735 -0.9228
vn 0.7075 -0.6943 0.1317
vn 0.5484 -0.7187 0.4276
vn -0.0291 -0.4651 0.8848
vn -0.2816 -0.2642 0.9224
s 0
usemtl LeafDeep
f 885//837 886//837 887//837 888//837 889//837 890//837 891//837 892//837
f 900//838 899//838 898//838 897//838 896//838 895//838 894//838 893//838
f 885//839 886//839 894//839 893//839
f 886//840 887//840 895//840 894//840
f 887//841 888//841 896//841 895//841
f 888//842 889//842 897//842 896//842
f 889//843 890//843 898//843 897//843
f 890//844 891//844 899//844 898//844
f 891//845 892//845 900//845 899//845
f 892//846 885//846 893//846 900//846
o crown_contour_leaf.009
v -0.232362 1.377046 0.537181
v -0.277831 1.360598 0.563458
v -0.322252 1.346441 0.574794
v -0.378730 1.332808 0.556448
v -0.420990 1.324469 0.528746
v -0.378368 1.339790 0.504840
v -0.321669 1.357703 0.491555
v -0.277435 1.368256 0.506855
v -0.229646 1.367506 0.535909
v -0.275115 1.351058 0.562186
v -0.319536 1.336901 0.573522
v -0.376014 1.323268 0.555176
v -0.418274 1.314929 0.527474
v -0.375652 1.330250 0.503568
v -0.318953 1.348163 0.490283
v -0.274719 1.358717 0.505583
vn 0.2716 -0.9540 -0.1272
vn -0.2716 0.9540 0.1272
vn 0.4935 0.0246 0.8694
vn 0.2629 -0.0536 0.9633
vn -0.2588 -0.1997 0.9451
vn -0.4953 -0.2518 0.8314
vn -0.4834 -0.0209 -0.8752
vn -0.2454 0.0591 -0.9676
vn 0.2762 0.2038 -0.9392
vn 0.5054 0.2538 -0.8247
s 0
usemtl LeafDeep
f 901//847 902//847 903//847 904//847 905//847 906//847 907//847 908//847
f 916//848 915//848 914//848 913//848 912//848 911//848 910//848 909//848
f 901//849 902//849 910//849 909//849
f 902//850 903//850 911//850 910//850
f 903//851 904//851 912//851 911//851
f 904//852 905//852 913//852 912//852
f 905//853 906//853 914//853 913//853
f 906//854 907//854 915//854 914//854
f 907//855 908//855 916//855 915//855
f 908//856 901//856 909//856 916//856
o crown_contour_leaf.010
v 0.105976 1.458798 0.484508
v 0.142205 1.439490 0.464550
v 0.174357 1.428481 0.459629
v 0.207827 1.432432 0.486682
v 0.229712 1.443045 0.521134
v 0.195915 1.460747 0.539104
v 0.155144 1.474150 0.544182
v 0.129140 1.470545 0.522046
v 0.103618 1.450033 0.488706
v 0.139847 1.430725 0.468748
v 0.171999 1.419716 0.463827
v 0.205469 1.423667 0.490880
v 0.227353 1.434281 0.525332
v 0.193557 1.451982 0.543302
v 0.152785 1.465385 0.548380
v 0.126782 1.461780 0.526244
vn -0.2358 -0.8764 0.4198
vn 0.2358 0.8764 -0.4198
vn -0.5608 -0.2301 -0.7954
vn -0.2602 -0.3593 -0.8962
vn 0.5870 -0.4727 -0.6572
vn 0.8216 -0.4105 -0.3955
vn 0.5497 0.2359 0.8014
vn 0.2332 0.3683 0.9000
vn -0.6090 0.4699 0.6389
vn -0.8288 0.4070 0.3841
s 0
usemtl LeafDeep
f 917//857 918//857 919//857 920//857 921//857 922//857 923//857 924//857
f 932//858 931//858 930//858 929//858 928//858 927//858 926//858 925//858
f 917//859 918//859 926//859 925//859
f 918//860 919//860 927//860 926//860
f 919//861 920//861 928//861 927//861
f 920//862 921//862 929//862 928//862
f 921//863 922//863 930//863 929//863
f 922//864 923//864 931//864 930//864
f 923//865 924//865 932//865 931//865
f 924//866 917//866 925//866 932//866
o crown_contour_leaf.011
v -0.079441 1.325093 0.159291
v -0.131726 1.331840 0.158005
v -0.169277 1.332517 0.144348
v -0.186103 1.319859 0.098644
v -0.185506 1.304622 0.052356
v -0.137180 1.298597 0.054188
v -0.090367 1.298222 0.072646
v -0.078067 1.308520 0.109248
v -0.080888 1.314538 0.162747
v -0.133173 1.321285 0.161461
v -0.170724 1.321962 0.147804
v -0.187550 1.309305 0.102100
v -0.186953 1.294067 0.055812
v -0.138627 1.288042 0.057644
v -0.091814 1.287667 0.076101
v -0.079514 1.297965 0.112703
vn -0.1292 -0.9424 0.3086
vn 0.1292 0.9424 -0.3086
vn 0.0165 0.3091 0.9509
vn -0.3168 0.3341 0.8877
vn -0.9335 0.2205 0.2826
vn -0.9915 0.1189 -0.0519
vn -0.0027 -0.3108 -0.9505
vn 0.3434 -0.3344 -0.8776
vn 0.9426 -0.2133 -0.2568
vn 0.9913 -0.1146 0.0651
s 0
usemtl LeafDeep
f 933//867 934//867 935//867 936//867 937//867 938//867 939//867 940//867
f 948//868 947//868 946//868 945//868 944//868 943//868 942//868 941//868
f 933//869 934//869 942//869 941//869
f 934//870 935//870 943//870 942//870
f 935//871 936//871 944//871 943//871
f 936//872 937//872 945//872 944//872
f 937//873 938//873 946//873 945//873
f 938//874 939//874 947//874 946//874
f 939//875 940//875 948//875 947//875
f 940//876 933//876 941//876 948//876
o crown_contour_leaf.012
v -0.058237 1.432840 0.601541
v -0.053568 1.438069 0.651646
v -0.057996 1.433794 0.694246
v -0.084166 1.406917 0.733898
v -0.112510 1.377658 0.757379
v -0.116431 1.373232 0.710733
v -0.110037 1.379463 0.656883
v -0.088956 1.401124 0.626239
v -0.051033 1.425904 0.601594
v -0.046365 1.431133 0.651698
v -0.050793 1.426858 0.694298
v -0.076962 1.399981 0.733951
v -0.105307 1.370722 0.757432
v -0.109228 1.366296 0.710786
v -0.102833 1.372527 0.656936
v -0.081753 1.394188 0.626292
vn 0.7203 -0.6936 0.0053
vn -0.7203 0.6936 -0.0053
vn 0.6875 0.7129 -0.1384
vn 0.6860 0.7135 0.1429
vn 0.5013 0.5258 0.6872
vn 0.3431 0.3629 0.8664
vn -0.6886 -0.7142 0.1257
vn -0.6837 -0.7113 -0.1635
vn -0.4912 -0.5154 -0.7022
vn -0.3353 -0.3548 -0.8727
s 0
usemtl LeafDeep
f 949//877 950//877 951//877 952//877 953//877 954//877 955//877 956//877
f 964//878 963//878 962//878 961//878 960//878 959//878 958//878 957//878
f 949//879 950//879 958//879 957//879
f 950//880 951//880 959//880 958//880
f 951//881 952//881 960//881 959//881
f 952//882 953//882 961//882 960//882
f 953//883 954//883 962//883 961//883
f 954//884 955//884 963//884 962//884
f 955//885 956//885 964//885 963//885
f 956//886 949//886 957//886 964//886
o leafy_twig.002
v -0.576645 1.510730 -0.517673
v 0.286882 1.349913 0.081351
v -0.565134 1.501729 -0.536365
v 0.290596 1.347009 0.075321
v -0.562331 1.480000 -0.545471
v 0.291500 1.340000 0.072383
v -0.569878 1.458271 -0.539657
v 0.289065 1.332991 0.074259
v -0.583355 1.449270 -0.522327
v 0.284718 1.330087 0.079849
v -0.594866 1.458271 -0.503635
v 0.281004 1.332991 0.085879
v -0.597669 1.480000 -0.494529
v 0.280100 1.340000 0.088817
v -0.590122 1.501729 -0.500343
v 0.282535 1.347009 0.086941
vn -0.4226 0.8576 -0.2932
vn 0.6027 0.6796 0.4181
vn -0.1321 0.6304 -0.7649
vn 0.8888 0.4560 -0.0464
vn -0.0614 0.0820 -0.9947
vn 0.9584 -0.0840 -0.2727
vn -0.2518 -0.4664 -0.8480
vn 0.7709 -0.6239 -0.1282
vn -0.5920 -0.6935 -0.4106
vn 0.4360 -0.8476 0.3025
vn -0.8825 -0.4664 0.0611
vn 0.1500 -0.6239 0.7670
vn -0.9532 0.0820 0.2909
vn 0.0803 -0.0840 0.9932
vn -0.7627 0.6304 0.1442
vn 0.2679 0.4560 0.8487
vt 1.000000 0.500000
vt 1.000000 1.000000
vt 0.875000 1.000000
vt 0.875000 0.500000
vt 0.750000 1.000000
vt 0.750000 0.500000
vt 0.625000 1.000000
vt 0.625000 0.500000
vt 0.500000 1.000000
vt 0.500000 0.500000
vt 0.375000 1.000000
vt 0.375000 0.500000
vt 0.250000 1.000000
vt 0.250000 0.500000
vt 0.419706 0.419706
vt 0.250000 0.490000
vt 0.080294 0.419706
vt 0.010000 0.250000
vt 0.080294 0.080294
vt 0.250000 0.010000
vt 0.419706 0.080294
vt 0.490000 0.250000
vt 0.125000 1.000000
vt 0.125000 0.500000
vt 0.000000 1.000000
vt 0.000000 0.500000
vt 0.750000 0.490000
vt 0.919706 0.419706
vt 0.990000 0.250000
vt 0.919706 0.080294
vt 0.750000 0.010000
vt 0.580294 0.080294
vt 0.510000 0.250000
vt 0.580294 0.419706
s 1
usemtl WeatheredBark
f 965/745/887 966/746/888 968/747/890 967/748/889
f 967/748/889 968/747/890 970/749/892 969/750/891
f 969/750/891 970/749/892 972/751/894 971/752/893
f 971/752/893 972/751/894 974/753/896 973/754/895
f 973/754/895 974/753/896 976/755/898 975/756/897
f 975/756/897 976/755/898 978/757/900 977/758/899
f 968/759/890 966/760/888 980/761/902 978/762/900 976/763/898 974/764/896 972/765/894 970/766/892
f 977/758/899 978/757/900 980/767/902 979/768/901
f 979/768/901 980/767/902 966/769/888 965/770/887
f 965/771/887 967/772/889 969/773/891 971/774/893 973/775/895 975/776/897 977/777/899 979/778/901
o solid_leaf_crown_lobe.002
v 0.757054 1.224534 0.165213
v 0.711758 1.223157 0.054258
v 0.546624 1.275957 -0.015264
v 0.409834 1.240213 0.021396
v 0.269042 1.212543 0.133869
v 0.314052 1.267740 0.267115
v 0.319016 1.256603 0.409968
v 0.427079 1.209236 0.486151
v 0.574516 1.253675 0.485402
v 0.722402 1.269799 0.434321
v 0.807232 1.214024 0.307472
v 0.873101 1.371807 0.114497
v 0.739257 1.380050 -0.052285
v 0.520663 1.414079 -0.119743
v 0.305677 1.390900 -0.051988
v 0.176644 1.372885 0.117681
v 0.221862 1.408411 0.316373
v 0.252505 1.401507 0.504011
v 0.429039 1.371194 0.596365
v 0.633915 1.399605 0.576535
v 0.846357 1.409721 0.477577
v 0.904422 1.372216 0.290775
v 0.815052 1.523734 0.093541
v 0.664556 1.522357 -0.012839
v 0.495148 1.575157 -0.059912
v 0.299971 1.539413 0.019135
v 0.231011 1.511743 0.170760
v 0.294107 1.566941 0.334305
v 0.295660 1.555803 0.489117
v 0.488448 1.508436 0.544219
v 0.636073 1.552875 0.507548
v 0.836981 1.568999 0.414759
v 0.812477 1.513224 0.249271
v 0.530759 1.218382 0.249997
v 0.519270 1.594648 0.258673
v 0.667666 1.218071 0.201899
v 0.627871 1.223606 0.135920
v 0.734406 1.223846 0.109736
v 0.771797 1.298871 0.046419
v 0.822756 1.297958 0.121092
v 0.826008 1.373832 0.025372
v 0.722028 1.288708 0.003572
v 0.846260 1.447557 0.086607
v 0.790083 1.449163 0.010966
v 0.703665 1.468782 -0.035032
v 0.739804 1.523046 0.040351
v 0.603019 1.563789 0.101790
v 0.680750 1.558254 0.165024
v 0.542792 1.241138 0.100454
v 0.629191 1.249557 0.019497
v 0.647742 1.324870 -0.051241
v 0.531146 1.356156 -0.090028
v 0.618181 1.403570 -0.106942
v 0.622683 1.474470 -0.075862
v 0.579852 1.548757 -0.036376
v 0.510525 1.475282 -0.107759
v 0.500225 1.581321 0.080100
v 0.457244 1.229367 0.119547
v 0.478229 1.258085 0.003066
v 0.424734 1.332852 -0.056089
v 0.424812 1.409961 -0.108448
v 0.358146 1.300668 -0.014224
v 0.393216 1.482452 -0.074005
v 0.304985 1.480742 -0.015907
v 0.397559 1.557285 -0.020389
v 0.397683 1.569550 0.122477
v 0.391030 1.220255 0.181930
v 0.339438 1.226378 0.077633
v 0.271891 1.301395 0.031994
v 0.204130 1.311787 0.118623
v 0.210462 1.374573 0.038051
v 0.245694 1.450994 0.046353
v 0.265491 1.525578 0.094947
v 0.188863 1.430913 0.133291
v 0.356371 1.560438 0.207945
v 0.395573 1.238432 0.261274
v 0.291547 1.240142 0.200492
v 0.233126 1.314276 0.218248
v 0.181522 1.384887 0.200161
v 0.267449 1.319971 0.289558
v 0.215945 1.463876 0.239807
v 0.253305 1.500045 0.328171
v 0.262559 1.539342 0.252532
v 0.375070 1.578615 0.304630
v 0.412824 1.234764 0.339917
v 0.316534 1.262172 0.338541
v 0.262058 1.336133 0.373731
v 0.272295 1.342615 0.474382
v 0.227272 1.409475 0.432817
v 0.250685 1.485733 0.412018
v 0.294883 1.561372 0.411711
v 0.263200 1.461741 0.505818
v 0.401348 1.574947 0.389014
v 0.471965 1.219166 0.384936
v 0.373048 1.232920 0.448060
v 0.358018 1.308755 0.520472
v 0.311987 1.387554 0.557935
v 0.428614 1.278947 0.538094
v 0.354969 1.458355 0.557817
v 0.457134 1.459021 0.571566
v 0.392054 1.532120 0.516668
v 0.494458 1.559349 0.423131
v 0.557034 1.233800 0.387170
v 0.500797 1.231456 0.485777
v 0.505322 1.307302 0.558176
v 0.615516 1.340566 0.552769
v 0.544370 1.385920 0.597248
v 0.535886 1.456902 0.572957
v 0.562260 1.530656 0.525884
v 0.640147 1.459692 0.561573
v 0.593053 1.573983 0.404585
v 0.639852 1.239081 0.353742
v 0.648459 1.261737 0.459861
v 0.721410 1.335644 0.501930
v 0.731422 1.408612 0.545978
v 0.783488 1.321415 0.455591
v 0.757336 1.485244 0.508666
v 0.836287 1.501489 0.444123
v 0.736527 1.560937 0.461154
v 0.686681 1.579264 0.346856
v 0.683982 1.219366 0.283148
v 0.764817 1.241912 0.370896
v 0.846632 1.315945 0.397829
v 0.880339 1.311426 0.299405
v 0.896171 1.386281 0.375852
v 0.860268 1.465545 0.372761
v 0.824729 1.541112 0.332015
v 0.882803 1.430552 0.276290
v 0.697059 1.559550 0.255133
v 0.782143 1.219279 0.236343
v 0.855386 1.294358 0.201964
v 0.901044 1.368713 0.206738
v 0.863248 1.443265 0.171657
v 0.813765 1.518479 0.171406
v 0.670368 1.220157 0.153604
v 0.810956 1.323776 0.055846
v 0.745466 1.272334 0.047394
v 0.828095 1.423509 0.032206
v 0.748349 1.475956 0.000518
v 0.668356 1.551914 0.109584
v 0.597628 1.236947 0.091979
v 0.672773 1.289475 -0.013761
v 0.607210 1.359464 -0.089222
v 0.640686 1.493097 -0.052005
v 0.590826 1.455041 -0.103796
v 0.559046 1.568705 0.057368
v 0.494402 1.242229 0.081046
v 0.452402 1.364762 -0.090974
v 0.414739 1.300055 -0.026446
v 0.435147 1.460340 -0.104648
v 0.360431 1.503677 -0.041570
v 0.434470 1.573987 0.068655
v 0.400207 1.222591 0.131642
v 0.320296 1.278917 0.025082
v 0.221823 1.324730 0.053597
v 0.270283 1.482539 0.036005
v 0.208677 1.420308 0.064838
v 0.344947 1.554349 0.147163
v 0.366448 1.231116 0.216041
v 0.198542 1.333281 0.183123
v 0.263256 1.295993 0.239008
v 0.186644 1.428859 0.195328
v 0.243606 1.499615 0.274801
v 0.340303 1.562873 0.255468
v 0.382652 1.244760 0.310694
v 0.280442 1.310680 0.333364
v 0.245095 1.361096 0.425734
v 0.265480 1.514302 0.382656
v 0.237681 1.456674 0.450852
v 0.363573 1.576518 0.364458
v 0.423000 1.226643 0.385547
v 0.312085 1.342922 0.526253
v 0.387781 1.274388 0.508735
v 0.305800 1.438499 0.551244
v 0.401306 1.478010 0.554782
v 0.431280 1.558400 0.436192
v 0.510290 1.225736 0.411966
v 0.475567 1.273412 0.533859
v 0.547876 1.341073 0.576822
v 0.516218 1.477034 0.561696
v 0.567538 1.436651 0.584396
v 0.547563 1.557493 0.443197
v 0.611410 1.244491 0.393986
v 0.697741 1.359887 0.536296
v 0.726551 1.310981 0.475352
v 0.718141 1.455465 0.542791
v 0.785336 1.514603 0.475405
v 0.666078 1.576249 0.398510
v 0.690333 1.232037 0.332689
v 0.805322 1.297764 0.414036
v 0.881664 1.334626 0.366194
v 0.846118 1.501386 0.388422
v 0.884858 1.430204 0.348139
v 0.726966 1.563795 0.309745
v 0.703308 1.217154 0.240736
v 0.885615 1.320337 0.230087
v 0.823110 1.270669 0.183972
v 0.888023 1.415915 0.211307
v 0.844191 1.470136 0.140681
v 0.720356 1.548911 0.199907
vn -0.8461 -0.3464 0.4050
vn -0.7835 -0.1427 0.6047
vn -0.0208 0.1913 0.9813
vn 0.4642 -0.2287 0.8557
vn 0.9464 0.1140 0.3023
vn 0.8288 -0.5388 -0.1511
vn 0.8505 0.1293 -0.5098
vn 0.2975 -0.2730 -0.9149
vn -0.1346 -0.1608 -0.9778
vn -0.5608 0.1975 -0.8040
vn -0.9977 0.0511 -0.0448
vn -0.9239 0.1486 0.3525
vn -0.5180 0.1304 0.8454
vn -0.0071 0.1254 0.9921
vn 0.5506 0.1152 0.8268
vn 0.9808 0.0980 0.1683
vn 0.9780 0.0787 -0.1934
vn 0.8316 0.1729 -0.5278
vn 0.1632 0.1585 -0.9738
vn -0.2730 0.1131 -0.9553
vn -0.7370 0.0697 -0.6723
vn -0.9993 0.0240 -0.0292
vn -0.8862 0.1987 0.4186
vn -0.3933 0.1959 0.8983
vn 0.1077 0.3747 0.9209
vn 0.6231 0.3722 0.6879
vn 0.9981 0.0482 0.0391
vn 0.5868 0.7900 -0.1775
vn 0.8695 0.0986 -0.4841
vn -0.0023 0.1156 -0.9933
vn -0.3574 0.5479 -0.7564
vn -0.7918 0.3970 -0.4641
vn -0.8553 0.5078 -0.1030
vn -0.0213 -0.9998 0.0066
vn 0.0076 1.0000 0.0019
vn 0.0041 -0.9994 -0.0334
vn -0.0910 -0.9881 -0.1238
vn -0.8065 -0.4574 0.3746
vn -0.6016 0.6152 0.5095
vn -0.6701 0.6501 0.3582
vn -0.7551 0.2160 0.6191
vn -0.4438 0.5876 0.6766
vn -0.8832 -0.3298 0.3334
vn -0.6038 -0.3849 0.6980
vn -0.4531 -0.4781 0.7524
vn -0.4623 0.5669 0.6819
vn 0.2042 0.9690 -0.1389
vn 0.2010 0.9758 -0.0859
vn -0.0163 -0.9778 -0.2087
vn -0.4597 -0.4401 0.7713
vn -0.1977 0.6001 0.7751
vn 0.0078 0.5719 0.8203
vn -0.2922 0.0774 0.9532
vn -0.3882 -0.4497 0.8044
vn -0.1338 0.5120 0.8485
vn -0.0164 -0.3466 0.9379
vn 0.0317 0.9968 -0.0740
vn 0.0941 -0.9847 -0.1469
vn 0.3361 -0.4897 0.8045
vn 0.1851 0.5999 0.7783
vn 0.2844 0.1534 0.9463
vn 0.2894 0.5960 0.7490
vn 0.4114 -0.3850 0.8261
vn 0.6479 -0.3599 0.6713
vn 0.2648 0.5372 0.8008
vn -0.2149 0.9761 -0.0332
vn -0.0288 -0.9953 0.0927
vn 0.6018 -0.4000 0.6913
vn 0.5145 0.5714 0.6393
vn 0.8486 0.5135 0.1274
vn 0.8009 0.0481 0.5968
vn 0.7560 -0.4224 0.5001
vn 0.6145 0.6551 0.4395
vn 0.9058 -0.3889 0.1683
vn -0.2517 0.9640 -0.0855
vn -0.1996 -0.9698 0.1404
vn 0.8466 -0.5113 -0.1476
vn 0.7485 0.5473 -0.3745
vn 0.9643 0.1256 -0.2331
vn 0.7743 0.5909 -0.2266
vn 0.8982 -0.3881 -0.2065
vn 0.8974 -0.4249 -0.1188
vn 0.7151 0.5517 -0.4293
vn -0.1513 0.9869 -0.0563
vn -0.2263 -0.9717 -0.0679
vn 0.8225 -0.5633 -0.0790
vn 0.8480 0.5282 -0.0435
vn 0.7354 0.5624 -0.3779
vn 0.9829 0.0886 -0.1617
vn 0.9153 -0.3955 -0.0759
vn 0.8380 0.5438 0.0442
vn 0.7674 -0.2825 -0.5756
vn 0.0042 0.9833 0.1821
vn -0.0034 -0.9996 -0.0285
vn 0.3639 -0.4259 -0.8284
vn 0.4621 0.6014 -0.6518
vn 0.4960 0.2093 -0.8427
vn 0.2134 0.5821 -0.7846
vn 0.2427 -0.3518 -0.9041
vn 0.0577 -0.4071 -0.9116
vn 0.3284 0.5941 -0.7343
vn -0.0168 0.9583 0.2853
vn 0.1709 -0.9786 0.1143
vn 0.1177 -0.4187 -0.9005
vn -0.1081 0.5898 -0.8002
vn -0.2808 0.5571 -0.7815
vn -0.0966 0.0858 -0.9916
vn -0.0092 -0.4143 -0.9101
vn -0.2969 0.5888 -0.7518
vn -0.1999 -0.3732 -0.9060
vn -0.0572 0.9784 0.1987
vn 0.0449 -0.9741 0.2214
vn -0.2523 -0.4976 -0.8299
vn -0.3814 0.5895 -0.7120
vn -0.4300 0.1295 -0.8935
vn -0.4385 0.6033 -0.6661
vn -0.4191 -0.4122 -0.8090
vn -0.7979 -0.3326 -0.5027
vn -0.3979 0.5514 -0.7332
vn 0.1129 0.9926 -0.0442
vn -0.0337 -0.9899 0.1379
vn -0.8218 -0.4052 -0.4006
vn -0.6534 0.5643 -0.5046
vn -0.8580 0.5065 -0.0853
vn -0.9543 0.0037 -0.2990
vn -0.9102 -0.4050 -0.0869
vn -0.7192 0.6785 -0.1498
vn -0.8716 -0.4890 0.0349
vn 0.2481 0.9599 -0.1302
vn -0.8728 -0.3722 0.3158
vn -0.7531 0.6107 0.2447
vn -0.9791 0.0695 0.1910
vn -0.8781 -0.4604 0.1299
vn -0.7807 0.6240 0.0337
vn 0.0074 -0.9992 -0.0392
vn -0.6366 0.6017 0.4825
vn -0.6943 0.5722 0.4366
vn -0.7786 -0.2323 0.5830
vn -0.4813 -0.5221 0.7041
vn 0.1697 0.9677 -0.1866
vn -0.1599 -0.9625 -0.2193
vn -0.1864 0.6367 0.7483
vn -0.1447 0.5418 0.8280
vn -0.4065 -0.5332 0.7420
vn -0.2592 -0.3384 0.9046
vn 0.2542 0.9607 -0.1114
vn 0.1377 -0.9678 -0.2106
vn 0.1482 0.5590 0.8158
vn 0.1342 0.6010 0.7879
vn 0.2602 -0.2845 0.9227
vn 0.4635 -0.4537 0.7611
vn -0.1730 0.9827 -0.0669
vn 0.0685 -0.9912 -0.1134
vn 0.3672 0.6554 0.6600
vn 0.7161 0.4712 0.5150
vn 0.8194 -0.3398 0.4615
vn 0.7979 -0.4023 0.4489
vn -0.3030 0.9530 -0.0033
vn -0.1662 -0.9298 0.3284
vn 0.8480 0.4735 -0.2380
vn 0.6604 0.6158 -0.4296
vn 0.9374 -0.3200 -0.1376
vn 0.8775 -0.4389 -0.1933
vn -0.2339 0.9564 -0.1747
vn -0.2542 -0.9667 -0.0288
vn 0.8158 0.5781 -0.0180
vn 0.8677 0.4791 -0.1328
vn 0.8847 -0.4640 -0.0442
vn 0.9349 -0.2846 -0.2121
vn -0.1127 0.9911 0.0704
vn -0.2453 -0.9610 -0.1275
vn 0.5193 0.5833 -0.6245
vn 0.5262 0.5654 -0.6352
vn 0.4869 -0.2126 -0.8472
vn 0.1159 -0.4644 -0.8780
vn 0.0947 0.9443 0.3153
vn 0.2251 -0.9708 0.0829
vn -0.1048 0.6307 -0.7689
vn -0.1780 0.5260 -0.8317
vn -0.0247 -0.4553 -0.8900
vn -0.0905 -0.3401 -0.9360
vn -0.1415 0.9467 0.2893
vn 0.1431 -0.9768 0.1592
vn -0.3456 0.5306 -0.7740
vn -0.3469 0.6407 -0.6849
vn -0.3423 -0.3320 -0.8790
vn -0.4406 -0.4528 -0.7752
vn 0.0155 0.9870 0.1602
vn -0.0498 -0.9498 0.3087
vn -0.4569 0.6608 -0.5954
vn -0.8399 0.4464 -0.3086
vn -0.9737 -0.2275 0.0072
vn -0.8850 -0.4558 -0.0945
vn 0.2480 0.9320 -0.2644
vn 0.0055 -0.9995 -0.0298
vn -0.8611 0.4918 0.1287
vn -0.6524 0.6996 0.2914
vn -0.8907 -0.4346 0.1332
vn -0.8943 -0.4434 0.0602
vn 0.2860 0.9582 0.0037
s 1
usemtl LeafSun
f 1014//936 1017//939 1115//1037 1016//938
f 982//904 1018//940 1115//1037 1017//939
f 981//903 1016//938 1115//1037 1018//940
f 981//903 1020//942 1116//1038 1019//941
f 992//914 1021//943 1116//1038 1020//942
f 993//915 1019//941 1116//1038 1021//943
f 981//903 1019//941 1117//1039 1018//940
f 993//915 1022//944 1117//1039 1019//941
f 982//904 1018//940 1117//1039 1022//944
f 992//914 1023//945 1118//1040 1021//943
f 1003//925 1024//946 1118//1040 1023//945
f 993//915 1021//943 1118//1040 1024//946
f 993//915 1024//946 1119//1041 1025//947
f 1003//925 1026//948 1119//1041 1024//946
f 1004//926 1025//947 1119//1041 1026//948
f 1015//937 1028//950 1120//1042 1027//949
f 1003//925 1026//948 1120//1042 1028//950
f 1004//926 1027//949 1120//1042 1026//948
f 1014//936 1029//951 1121//1043 1017//939
f 983//905 1030//952 1121//1043 1029//951
f 982//904 1017//939 1121//1043 1030//952
f 982//904 1022//944 1122//1044 1030//952
f 993//915 1031//953 1122//1044 1022//944
f 983//905 1030//952 1122//1044 1031//953
f 983//905 1031//953 1123//1045 1032//954
f 993//915 1033//955 1123//1045 1031//953
f 994//916 1032//954 1123//1045 1033//955
f 993//915 1025//947 1124//1046 1034//956
f 1004//926 1035//957 1124//1046 1025//947
f 1005//927 1034//956 1124//1046 1035//957
f 993//915 1034//956 1125//1047 1033//955
f 1005//927 1036//958 1125//1047 1034//956
f 994//916 1033//955 1125//1047 1036//958
f 1015//937 1027//949 1126//1048 1037//959
f 1004//926 1035//957 1126//1048 1027//949
f 1005//927 1037//959 1126//1048 1035//957
f 1014//936 1038//960 1127//1049 1029//951
f 984//906 1039//961 1127//1049 1038//960
f 983//905 1029//951 1127//1049 1039//961
f 983//905 1032//954 1128//1050 1040//962
f 994//916 1041//963 1128//1050 1032//954
f 995//917 1040//962 1128//1050 1041//963
f 983//905 1040//962 1129//1051 1039//961
f 995//917 1042//964 1129//1051 1040//962
f 984//906 1039//961 1129//1051 1042//964
f 994//916 1036//958 1130//1052 1041//963
f 1005//927 1043//965 1130//1052 1036//958
f 995//917 1041//963 1130//1052 1043//965
f 995//917 1043//965 1131//1053 1044//966
f 1005//927 1045//967 1131//1053 1043//965
f 1006//928 1044//966 1131//1053 1045//967
f 1015//937 1037//959 1132//1054 1046//968
f 1005//927 1045//967 1132//1054 1037//959
f 1006//928 1046//968 1132//1054 1045//967
f 1014//936 1047//969 1133//1055 1038//960
f 985//907 1048//970 1133//1055 1047//969
f 984//906 1038//960 1133//1055 1048//970
f 984//906 1042//964 1134//1056 1048//970
f 995//917 1049//971 1134//1056 1042//964
f 985//907 1048//970 1134//1056 1049//971
f 985//907 1049//971 1135//1057 1050//972
f 995//917 1051//973 1135//1057 1049//971
f 996//918 1050//972 1135//1057 1051//973
f 995//917 1044//966 1136//1058 1052//974
f 1006//928 1053//975 1136//1058 1044//966
f 1007//929 1052//974 1136//1058 1053//975
f 995//917 1052//974 1137//1059 1051//973
f 1007//929 1054//976 1137//1059 1052//974
f 996//918 1051//973 1137//1059 1054//976
f 1015//937 1046//968 1138//1060 1055//977
f 1006//928 1053//975 1138//1060 1046//968
f 1007//929 1055//977 1138//1060 1053//975
f 1014//936 1056//978 1139//1061 1047//969
f 986//908 1057//979 1139//1061 1056//978
f 985//907 1047//969 1139//1061 1057//979
f 985//907 1050//972 1140//1062 1058//980
f 996//918 1059//981 1140//1062 1050//972
f 997//919 1058//980 1140//1062 1059//981
f 985//907 1058//980 1141//1063 1057//979
f 997//919 1060//982 1141//1063 1058//980
f 986//908 1057//979 1141//1063 1060//982
f 996//918 1054//976 1142//1064 1059//981
f 1007//929 1061//983 1142//1064 1054//976
f 997//919 1059//981 1142//1064 1061//983
f 997//919 1061//983 1143//1065 1062//984
f 1007//929 1063//985 1143//1065 1061//983
f 1008//930 1062//984 1143//1065 1063//985
f 1015//937 1055//977 1144//1066 1064//986
f 1007//929 1063//985 1144//1066 1055//977
f 1008//930 1064//986 1144//1066 1063//985
f 1014//936 1065//987 1145//1067 1056//978
f 987//909 1066//988 1145//1067 1065//987
f 986//908 1056//978 1145//1067 1066//988
f 986//908 1060//982 1146//1068 1066//988
f 997//919 1067//989 1146//1068 1060//982
f 987//909 1066//988 1146//1068 1067//989
f 987//909 1067//989 1147//1069 1068//990
f 997//919 1069//991 1147//1069 1067//989
f 998//920 1068//990 1147//1069 1069//991
f 997//919 1062//984 1148//1070 1070//992
f 1008//930 1071//993 1148//1070 1062//984
f 1009//931 1070//992 1148//1070 1071//993
f 997//919 1070//992 1149//1071 1069//991
f 1009//931 1072//994 1149//1071 1070//992
f 998//920 1069//991 1149//1071 1072//994
f 1015//937 1064//986 1150//1072 1073//995
f 1008//930 1071//993 1150//1072 1064//986
f 1009//931 1073//995 1150//1072 1071//993
f 1014//936 1074//996 1151//1073 1065//987
f 988//910 1075//997 1151//1073 1074//996
f 987//909 1065//987 1151//1073 1075//997
f 987//909 1068//990 1152//1074 1076//998
f 998//920 1077//999 1152//1074 1068//990
f 999//921 1076//998 1152//1074 1077//999
f 987//909 1076//998 1153//1075 1075//997
f 999//921 1078//1000 1153//1075 1076//998
f 988//910 1075//997 1153//1075 1078//1000
f 998//920 1072//994 1154//1076 1077//999
f 1009//931 1079//1001 1154//1076 1072//994
f 999//921 1077//999 1154//1076 1079//1001
f 999//921 1079//1001 1155//1077 1080//1002
f 1009//931 1081//1003 1155//1077 1079//1001
f 1010//932 1080//1002 1155//1077 1081//1003
f 1015//937 1073//995 1156//1078 1082//1004
f 1009//931 1081//1003 1156//1078 1073//995
f 1010//932 1082//1004 1156//1078 1081//1003
f 1014//936 1083//1005 1157//1079 1074//996
f 989//911 1084//1006 1157//1079 1083//1005
f 988//910 1074//996 1157//1079 1084//1006
f 988//910 1078//1000 1158//1080 1084//1006
f 999//921 1085//1007 1158//1080 1078//1000
f 989//911 1084//1006 1158//1080 1085//1007
f 989//911 1085//1007 1159//1081 1086//1008
f 999//921 1087//1009 1159//1081 1085//1007
f 1000//922 1086//1008 1159//1081 1087//1009
f 999//921 1080//1002 1160//1082 1088//1010
f 1010//932 1089//1011 1160//1082 1080//1002
f 1011//933 1088//1010 1160//1082 1089//1011
f 999//921 1088//1010 1161//1083 1087//1009
f 1011//933 1090//1012 1161//1083 1088//1010
f 1000//922 1087//1009 1161//1083 1090//1012
f 1015//937 1082//1004 1162//1084 1091//1013
f 1010//932 1089//1011 1162//1084 1082//1004
f 1011//933 1091//1013 1162//1084 1089//1011
f 1014//936 1092//1014 1163//1085 1083//1005
f 990//912 1093//1015 1163//1085 1092//1014
f 989//911 1083//1005 1163//1085 1093//1015
f 989//911 1086//1008 1164//1086 1094//1016
f 1000//922 1095//1017 1164//1086 1086//1008
f 1001//923 1094//1016 1164//1086 1095//1017
f 989//911 1094//1016 1165//1087 1093//1015
f 1001//923 1096//1018 1165//1087 1094//1016
f 990//912 1093//1015 1165//1087 1096//1018
f 1000//922 1090//1012 1166//1088 1095//1017
f 1011//933 1097//1019 1166//1088 1090//1012
f 1001//923 1095//1017 1166//1088 1097//1019
f 1001//923 1097//1019 1167//1089 1098//1020
f 1011//933 1099//1021 1167//1089 1097//1019
f 1012//934 1098//1020 1167//1089 1099//1021
f 1015//937 1091//1013 1168//1090 1100//1022
f 1011//933 1099//1021 1168//1090 1091//1013
f 1012//934 1100//1022 1168//1090 1099//1021
f 1014//936 1101//1023 1169//1091 1092//1014
f 991//913 1102//1024 1169//1091 1101//1023
f 990//912 1092//1014 1169//1091 1102//1024
f 990//912 1096//1018 1170//1092 1102//1024
f 1001//923 1103//1025 1170//1092 1096//1018
f 991//913 1102//1024 1170//1092 1103//1025
f 991//913 1103//1025 1171//1093 1104//1026
f 1001//923 1105//1027 1171//1093 1103//1025
f 1002//924 1104//1026 1171//1093 1105//1027
f 1001//923 1098//1020 1172//1094 1106//1028
f 1012//934 1107//1029 1172//1094 1098//1020
f 1013//935 1106//1028 1172//1094 1107//1029
f 1001//923 1106//1028 1173//1095 1105//1027
f 1013//935 1108//1030 1173//1095 1106//1028
f 1002//924 1105//1027 1173//1095 1108//1030
f 1015//937 1100//1022 1174//1096 1109//1031
f 1012//934 1107//1029 1174//1096 1100//1022
f 1013//935 1109//1031 1174//1096 1107//1029
f 1014//936 1016//938 1175//1097 1101//1023
f 981//903 1110//1032 1175//1097 1016//938
f 991//913 1101//1023 1175//1097 1110//1032
f 991//913 1104//1026 1176//1098 1111//1033
f 1002//924 1112//1034 1176//1098 1104//1026
f 992//914 1111//1033 1176//1098 1112//1034
f 991//913 1111//1033 1177//1099 1110//1032
f 992//914 1020//942 1177//1099 1111//1033
f 981//903 1110//1032 1177//1099 1020//942
f 1002//924 1108//1030 1178//1100 1112//1034
f 1013//935 1113//1035 1178//1100 1108//1030
f 992//914 1112//1034 1178//1100 1113//1035
f 992//914 1113//1035 1179//1101 1023//945
f 1013//935 1114//1036 1179//1101 1113//1035
f 1003//925 1023//945 1179//1101 1114//1036
f 1015//937 1109//1031 1180//1102 1028//950
f 1013//935 1114//1036 1180//1102 1109//1031
f 1003//925 1028//950 1180//1102 1114//1036
o crown_contour_leaf.013
v 0.201360 1.414233 0.449082
v 0.212130 1.397143 0.486244
v 0.210664 1.387178 0.518064
v 0.181406 1.389890 0.548268
v 0.147826 1.398480 0.566496
v 0.138336 1.414160 0.531887
v 0.141198 1.426323 0.491643
v 0.164893 1.423762 0.468278
v 0.197532 1.405469 0.446161
v 0.208302 1.388379 0.483323
v 0.206837 1.378414 0.515143
v 0.177578 1.381125 0.545347
v 0.143998 1.389716 0.563574
v 0.134509 1.405395 0.528966
v 0.137370 1.417559 0.488722
v 0.161065 1.414997 0.465357
vn -0.3828 -0.8764 -0.2921
vn 0.3828 0.8764 0.2921
vn 0.8881 -0.2619 -0.3778
vn 0.9228 -0.3778 -0.0758
vn 0.6094 -0.4772 0.6332
vn 0.3439 -0.4286 0.8355
vn -0.8915 0.2675 0.3656
vn -0.9213 0.3854 0.0510
vn -0.5911 0.4754 -0.6516
vn -0.3320 0.4256 -0.8418
s 0
usemtl Leaf
f 1181//1103 1182//1103 1183//1103 1184//1103 1185//1103 1186//1103 1187//1103 1188//1103
f 1196//1104 1195//1104 1194//1104 1193//1104 1192//1104 1191//1104 1190//1104 1189//1104
f 1181//1105 1182//1105 1190//1105 1189//1105
f 1182//1106 1183//1106 1191//1106 1190//1106
f 1183//1107 1184//1107 1192//1107 1191//1107
f 1184//1108 1185//1108 1193//1108 1192//1108
f 1185//1109 1186//1109 1194//1109 1193//1109
f 1186//1110 1187//1110 1195//1110 1194//1110
f 1187//1111 1188//1111 1196//1111 1195//1111
f 1188//1112 1181//1112 1189//1112 1196//1112
o crown_contour_leaf.014
v 0.816285 1.506052 0.262033
v 0.851527 1.511342 0.227812
v 0.886451 1.511332 0.210431
v 0.931983 1.499489 0.225011
v 0.966536 1.485581 0.251568
v 0.933476 1.480885 0.282834
v 0.888858 1.481324 0.303693
v 0.853163 1.490936 0.291230
v 0.814792 1.496628 0.259039
v 0.850034 1.501918 0.224818
v 0.884958 1.501908 0.207437
v 0.930491 1.490065 0.222018
v 0.965043 1.476157 0.248574
v 0.931983 1.471461 0.279840
v 0.887365 1.471900 0.300699
v 0.851671 1.481512 0.288236
vn -0.1492 -0.9424 -0.2994
vn 0.1492 0.9424 0.2994
vn -0.6848 0.3169 -0.6562
vn -0.4198 0.3345 -0.8437
vn 0.3509 0.2326 -0.9071
vn 0.6381 0.1395 -0.7572
vn 0.6748 -0.3184 0.6658
vn 0.3964 -0.3344 0.8550
vn -0.3748 -0.2262 0.8991
vn -0.6485 -0.1353 0.7491
s 0
usemtl Leaf
f 1197//1113 1198//1113 1199//1113 1200//1113 1201//1113 1202//1113 1203//1113 1204//1113
f 1212//1114 1211//1114 1210//1114 1209//1114 1208//1114 1207//1114 1206//1114 1205//1114
f 1197//1115 1198//1115 1206//1115 1205//1115
f 1198//1116 1199//1116 1207//1116 1206//1116
f 1199//1117 1200//1117 1208//1117 1207//1117
f 1200//1118 1201//1118 1209//1118 1208//1118
f 1201//1119 1202//1119 1210//1119 1209//1119
f 1202//1120 1203//1120 1211//1120 1210//1120
f 1203//1121 1204//1121 1212//1121 1211//1121
f 1204//1122 1197//1122 1205//1122 1212//1122
o crown_contour_leaf.015
v 0.436225 1.390002 0.220453
v 0.390752 1.401388 0.188885
v 0.360832 1.400011 0.155779
v 0.355939 1.369693 0.108508
v 0.366417 1.334820 0.070928
v 0.408309 1.324779 0.100634
v 0.445301 1.327570 0.143078
v 0.448191 1.352129 0.180249
v 0.430403 1.382234 0.226038
v 0.384930 1.393620 0.194471
v 0.355010 1.392243 0.161364
v 0.350116 1.361924 0.114093
v 0.360595 1.327052 0.076513
v 0.402487 1.317011 0.106219
v 0.439479 1.319802 0.148663
v 0.442368 1.344360 0.185834
vn -0.5199 -0.6936 0.4987
vn 0.5199 0.6936 -0.4987
vn -0.2870 0.6916 0.6628
vn -0.5297 0.7197 0.4488
vn -0.8498 0.4792 -0.2194
vn -0.8305 0.2735 -0.4853
vn 0.2981 -0.6943 -0.6550
vn 0.5469 -0.7187 -0.4294
vn 0.8518 -0.4651 0.2411
vn 0.8276 -0.2642 0.4952
s 0
usemtl Leaf
f 1213//1123 1214//1123 1215//1123 1216//1123 1217//1123 1218//1123 1219//1123 1220//1123
f 1228//1124 1227//1124 1226//1124 1225//1124 1224//1124 1223//1124 1222//1124 1221//1124
f 1213//1125 1214//1125 1222//1125 1221//1125
f 1214//1126 1215//1126 1223//1126 1222//1126
f 1215//1127 1216//1127 1224//1127 1223//1127
f 1216//1128 1217//1128 1225//1128 1224//1128
f 1217//1129 1218//1129 1226//1129 1225//1129
f 1218//1130 1219//1130 1227//1130 1226//1130
f 1219//1131 1220//1131 1228//1131 1227//1131
f 1220//1132 1213//1132 1221//1132 1228//1132
o crown_contour_leaf.016
v 0.580450 1.483540 0.512443
v 0.598826 1.467092 0.561638
v 0.602643 1.452935 0.607324
v 0.575189 1.439302 0.659979
v 0.540865 1.430963 0.697063
v 0.524354 1.446284 0.651068
v 0.520651 1.464197 0.592951
v 0.543072 1.474750 0.551865
v 0.579646 1.474000 0.509554
v 0.598022 1.457552 0.558749
v 0.601839 1.443395 0.604435
v 0.574385 1.429762 0.657090
v 0.540061 1.421423 0.694174
v 0.523550 1.436744 0.648179
v 0.519847 1.454657 0.590062
v 0.542268 1.465211 0.548976
vn -0.0804 -0.9540 -0.2889
vn 0.0804 0.9540 0.2889
vn 0.9392 0.0246 -0.3426
vn 0.9936 -0.0536 -0.0996
vn 0.8891 -0.1997 0.4119
vn 0.7378 -0.2518 0.6263
vn -0.9432 -0.0209 0.3316
vn -0.9949 0.0591 0.0816
vn -0.8804 0.2038 -0.4281
vn -0.7295 0.2538 -0.6351
s 0
usemtl Leaf
f 1229//1133 1230//1133 1231//1133 1232//1133 1233//1133 1234//1133 1235//1133 1236//1133
f 1244//1134 1243//1134 1242//1134 1241//1134 1240//1134 1239//1134 1238//1134 1237//1134
f 1229//1135 1230//1135 1238//1135 1237//1135
f 1230//1136 1231//1136 1239//1136 1238//1136
f 1231//1137 1232//1137 1240//1137 1239//1137
f 1232//1138 1233//1138 1241//1138 1240//1138
f 1233//1139 1234//1139 1242//1139 1241//1139
f 1234//1140 1235//1140 1243//1140 1242//1140
f 1235//1141 1236//1141 1244//1141 1243//1141
f 1236//1142 1229//1142 1237//1142 1244//1142
o crown_contour_leaf.017
v 0.690373 1.335822 0.113027
v 0.676243 1.316514 0.074153
v 0.676339 1.305505 0.041627
v 0.708231 1.309456 0.012730
v 0.745646 1.320069 -0.003578
v 0.758189 1.337771 0.032586
v 0.756917 1.351174 0.073652
v 0.731035 1.347569 0.095931
v 0.694157 1.327058 0.116005
v 0.680027 1.307749 0.077131
v 0.680123 1.296740 0.044605
v 0.712015 1.300692 0.015708
v 0.749430 1.311305 -0.000600
v 0.761973 1.329007 0.035564
v 0.760701 1.342409 0.076630
v 0.734819 1.338804 0.098908
vn 0.3784 -0.8764 0.2978
vn -0.3784 0.8764 -0.2978
vn -0.8723 -0.2301 0.4314
vn -0.9256 -0.3593 0.1188
vn -0.5588 -0.4727 -0.6814
vn -0.2640 -0.4105 -0.8728
vn 0.8766 0.2359 -0.4195
vn 0.9252 0.3683 -0.0916
vn 0.5373 0.4699 0.7003
vn 0.2516 0.4070 0.8781
s 0
usemtl Leaf
f 1245//1143 1246//1143 1247//1143 1248//1143 1249//1143 1250//1143 1251//1143 1252//1143
f 1260//1144 1259//1144 1258//1144 1257//1144 1256//1144 1255//1144 1254//1144 1253//1144
f 1245//1145 1246//1145 1254//1145 1253//1145
f 1246//1146 1247//1146 1255//1146 1254//1146
f 1247//1147 1248//1147 1256//1147 1255//1147
f 1248//1148 1249//1148 1257//1148 1256//1148
f 1249//1149 1250//1149 1258//1149 1257//1149
f 1250//1150 1251//1150 1259//1150 1258//1150
f 1251//1151 1252//1151 1260//1151 1259//1151
f 1252//1152 1245//1152 1253//1152 1260//1152
o crown_contour_leaf.018
v 0.098350 1.432125 0.272669
v 0.085416 1.438872 0.323346
v 0.063715 1.439548 0.356896
v 0.015407 1.426891 0.363088
v -0.029578 1.411654 0.352165
v -0.016995 1.405628 0.305469
v 0.011453 1.405254 0.263963
v 0.049878 1.415552 0.260151
v 0.101395 1.421570 0.274852
v 0.088461 1.428317 0.325528
v 0.066760 1.428994 0.359079
v 0.018452 1.416336 0.365270
v -0.026533 1.401099 0.354347
v -0.013950 1.395074 0.307651
v 0.014498 1.394699 0.266146
v 0.052923 1.404997 0.262333
vn 0.2719 -0.9424 0.1949
vn -0.2719 0.9424 -0.1949
vn 0.9305 0.3091 0.1963
vn 0.7945 0.3341 0.5071
vn 0.0669 0.2205 0.9731
vn -0.2721 0.1189 0.9549
vn -0.9270 -0.3108 -0.2097
vn -0.7788 -0.3344 -0.5307
vn -0.0397 -0.2133 -0.9762
vn 0.2850 -0.1146 -0.9517
s 0
usemtl Leaf
f 1261//1153 1262//1153 1263//1153 1264//1153 1265//1153 1266//1153 1267//1153 1268//1153
f 1276//1154 1275//1154 1274//1154 1273//1154 1272//1154 1271//1154 1270//1154 1269//1154
f 1261//1155 1262//1155 1270//1155 1269//1155
f 1262//1156 1263//1156 1271//1156 1270//1156
f 1263//1157 1264//1157 1272//1157 1271//1157
f 1264//1158 1265//1158 1273//1158 1272//1158
f 1265//1159 1266//1159 1274//1159 1273//1159
f 1266//1160 1267//1160 1275//1160 1274//1160
f 1267//1161 1268//1161 1276//1161 1275//1161
f 1268//1162 1261//1162 1269//1162 1276//1162
o crown_contour_leaf.019
v 0.787547 1.536343 0.381659
v 0.837052 1.541571 0.390687
v 0.876876 1.537296 0.406447
v 0.907994 1.510419 0.442348
v 0.922954 1.481161 0.475977
v 0.876981 1.476734 0.467164
v 0.826855 1.482966 0.446473
v 0.803038 1.504627 0.417904
v 0.789542 1.529407 0.374738
v 0.839047 1.534635 0.383765
v 0.878871 1.530360 0.399526
v 0.909989 1.503483 0.435426
v 0.924949 1.474224 0.469055
v 0.878976 1.469798 0.460242
v 0.828850 1.476030 0.439551
v 0.805033 1.497691 0.410983
vn 0.1995 -0.6936 -0.6922
vn -0.1995 0.6936 0.6922
vn 0.0522 0.7129 -0.6993
vn 0.3227 0.7135 -0.6219
vn 0.7970 0.5258 -0.2972
vn 0.9268 0.3629 -0.0966
vn -0.0648 -0.7142 0.6969
vn -0.3419 -0.7113 0.6142
vn -0.8087 -0.5154 0.2834
vn -0.9308 -0.3548 0.0873
s 0
usemtl Leaf
f 1277//1163 1278//1163 1279//1163 1280//1163 1281//1163 1282//1163 1283//1163 1284//1163
f 1292//1164 1291//1164 1290//1164 1289//1164 1288//1164 1287//1164 1286//1164 1285//1164
f 1277//1165 1278//1165 1286//1165 1285//1165
f 1278//1166 1279//1166 1287//1166 1286//1166
f 1279//1167 1280//1167 1288//1167 1287//1167
f 1280//1168 1281//1168 1289//1168 1288//1168
f 1281//1169 1282//1169 1290//1169 1289//1169
f 1282//1170 1283//1170 1291//1170 1290//1170
f 1283//1171 1284//1171 1292//1171 1291//1171
f 1284//1172 1277//1172 1285//1172 1292//1172
o crown_contour_leaf.020
v 0.456638 1.407539 0.155403
v 0.431415 1.390453 0.106466
v 0.423371 1.375995 0.060710
v 0.451071 1.362719 0.007225
v 0.487978 1.354962 -0.030794
v 0.510782 1.370865 0.014975
v 0.519678 1.389135 0.073210
v 0.496904 1.399388 0.114966
v 0.457570 1.397999 0.158254
v 0.432347 1.380913 0.109317
v 0.424302 1.366456 0.063560
v 0.452003 1.353179 0.010076
v 0.488909 1.345423 -0.027944
v 0.511713 1.361325 0.017826
v 0.520610 1.379595 0.076060
v 0.497836 1.389848 0.117817
vn 0.0932 -0.9540 0.2851
vn -0.0932 0.9540 -0.2851
vn -0.8944 0.0456 0.4450
vn -0.9818 -0.0405 0.1854
vn -0.8886 -0.2088 -0.4084
vn -0.7186 -0.2626 -0.6440
vn 0.9000 -0.0418 -0.4339
vn 0.9851 0.0468 -0.1652
vn 0.8788 0.2134 0.4269
vn 0.7095 0.2645 0.6532
s 0
usemtl Leaf
f 1293//1173 1294//1173 1295//1173 1296//1173 1297//1173 1298//1173 1299//1173 1300//1173
f 1308//1174 1307//1174 1306//1174 1305//1174 1304//1174 1303//1174 1302//1174 1301//1174
f 1293//1175 1294//1175 1302//1175 1301//1175
f 1294//1176 1295//1176 1303//1176 1302//1176
f 1295//1177 1296//1177 1304//1177 1303//1177
f 1296//1178 1297//1178 1305//1178 1304//1178
f 1297//1179 1298//1179 1306//1179 1305//1179
f 1298//1180 1299//1180 1307//1180 1306//1180
f 1299//1181 1300//1181 1308//1181 1307//1181
f 1300//1182 1293//1182 1301//1182 1308//1182
o leafy_twig.003
v 0.533824 1.650352 -0.478736
v -0.452592 1.419791 -0.276792
v 0.540030 1.641462 -0.457631
v -0.450590 1.416923 -0.269984
v 0.546218 1.620000 -0.449630
v -0.448594 1.410000 -0.267403
v 0.548763 1.598538 -0.459419
v -0.447773 1.403077 -0.270561
v 0.546176 1.589648 -0.481264
v -0.448608 1.400209 -0.277608
v 0.539970 1.598538 -0.502369
v -0.450610 1.403077 -0.284416
v 0.533783 1.620000 -0.510370
v -0.452606 1.410000 -0.286997
v 0.531237 1.641462 -0.500581
v -0.453427 1.416923 -0.283839
vn 0.4413 0.8928 -0.0903
vn -0.7653 0.6243 0.1567
vn 0.5980 0.6684 0.4424
vn -0.6111 0.4035 0.6810
vn 0.7542 0.1266 0.6444
vn -0.4574 -0.1297 0.8798
vn 0.8184 -0.4152 0.3973
vn -0.3941 -0.6629 0.6366
vn 0.7531 -0.6396 -0.1542
vn -0.4584 -0.8838 0.0939
vn 0.5965 -0.4152 -0.6869
vn -0.6126 -0.6629 -0.4305
vn 0.4403 0.1266 -0.8889
vn -0.7663 -0.1297 -0.6292
vn 0.3760 0.6684 -0.6418
vn -0.8296 0.4035 -0.3860
vt 1.000000 0.500000
vt 1.000000 1.000000
vt 0.875000 1.000000
vt 0.875000 0.500000
vt 0.750000 1.000000
vt 0.750000 0.500000
vt 0.625000 1.000000
vt 0.625000 0.500000
vt 0.500000 1.000000
vt 0.500000 0.500000
vt 0.375000 1.000000
vt 0.375000 0.500000
vt 0.250000 1.000000
vt 0.250000 0.500000
vt 0.419706 0.419706
vt 0.250000 0.490000
vt 0.080294 0.419706
vt 0.010000 0.250000
vt 0.080294 0.080294
vt 0.250000 0.010000
vt 0.419706 0.080294
vt 0.490000 0.250000
vt 0.125000 1.000000
vt 0.125000 0.500000
vt 0.000000 1.000000
vt 0.000000 0.500000
vt 0.750000 0.490000
vt 0.919706 0.419706
vt 0.990000 0.250000
vt 0.919706 0.080294
vt 0.750000 0.010000
vt 0.580294 0.080294
vt 0.510000 0.250000
vt 0.580294 0.419706
s 1
usemtl WeatheredBark
f 1309/779/1183 1310/780/1184 1312/781/1186 1311/782/1185
f 1311/782/1185 1312/781/1186 1314/783/1188 1313/784/1187
f 1313/784/1187 1314/783/1188 1316/785/1190 1315/786/1189
f 1315/786/1189 1316/785/1190 1318/787/1192 1317/788/1191
f 1317/788/1191 1318/787/1192 1320/789/1194 1319/790/1193
f 1319/790/1193 1320/789/1194 1322/791/1196 1321/792/1195
f 1312/793/1186 1310/794/1184 1324/795/1198 1322/796/1196 1320/797/1194 1318/798/1192 1316/799/1190 1314/800/1188
f 1321/792/1195 1322/791/1196 1324/801/1198 1323/802/1197
f 1323/802/1197 1324/801/1198 1310/803/1184 1309/804/1183
f 1309/805/1183 1311/806/1185 1313/807/1187 1315/808/1189 1317/809/1191 1319/810/1193 1321/811/1195 1323/812/1197
o solid_leaf_crown_lobe.003
v -0.452182 1.323380 -0.294148
v -0.556855 1.339991 -0.408077
v -0.700029 1.284184 -0.458932
v -0.851890 1.306809 -0.458801
v -0.940158 1.346709 -0.364270
v -0.939144 1.296032 -0.221281
v -0.985104 1.291760 -0.087741
v -0.830258 1.345441 0.022198
v -0.700194 1.311972 0.035780
v -0.531497 1.281822 -0.037507
v -0.512299 1.336488 -0.147155
v -0.359578 1.476935 -0.342163
v -0.527946 1.479843 -0.510432
v -0.725794 1.443951 -0.565240
v -0.937354 1.458734 -0.535880
v -1.026322 1.484568 -0.387075
v -1.062043 1.451879 -0.184630
v -1.039245 1.448873 0.001850
v -0.837621 1.483309 0.134974
v -0.635312 1.462003 0.131732
v -0.436815 1.442840 0.015479
v -0.405016 1.477302 -0.159316
v -0.426001 1.622580 -0.371370
v -0.604430 1.639191 -0.478429
v -0.750582 1.583384 -0.503699
v -0.936008 1.606009 -0.466759
v -0.968760 1.645909 -0.328752
v -1.020936 1.595232 -0.158883
v -0.968939 1.590961 -0.014532
v -0.782889 1.644641 0.087112
v -0.621774 1.611172 0.064804
v -0.465325 1.581022 -0.050510
v -0.484075 1.635688 -0.198825
v -0.729194 1.289631 -0.219998
v -0.712876 1.665897 -0.218081
v -0.578622 1.309368 -0.261466
v -0.629357 1.309378 -0.327300
v -0.504519 1.331686 -0.351112
v -0.470643 1.405373 -0.413438
v -0.402454 1.401456 -0.337232
v -0.412684 1.479390 -0.434211
v -0.542914 1.391550 -0.455731
v -0.389331 1.551056 -0.373284
v -0.465006 1.555666 -0.451410
v -0.564502 1.571624 -0.496210
v -0.515216 1.630886 -0.424900
v -0.642018 1.649561 -0.366899
v -0.560911 1.649551 -0.303830
v -0.712624 1.290867 -0.359232
v -0.628442 1.312088 -0.433504
v -0.613276 1.386144 -0.502227
v -0.716130 1.382936 -0.536032
v -0.638339 1.456646 -0.553675
v -0.638078 1.535744 -0.527233
v -0.677506 1.611288 -0.491064
v -0.736328 1.502062 -0.553830
v -0.737043 1.631050 -0.384136
v -0.797067 1.298318 -0.354765
v -0.775960 1.295496 -0.458867
v -0.824279 1.370615 -0.519975
v -0.820296 1.444213 -0.566302
v -0.892622 1.368281 -0.495742
v -0.852845 1.520216 -0.538509
v -0.934381 1.548355 -0.499868
v -0.843295 1.594696 -0.485229
v -0.830069 1.638501 -0.357891
v -0.848072 1.311458 -0.302253
v -0.896024 1.326759 -0.411536
v -0.955047 1.401632 -0.461832
v -1.003410 1.426682 -0.384093
v -1.000185 1.479105 -0.461505
v -0.974925 1.551232 -0.448587
v -0.952384 1.625959 -0.397756
v -1.015049 1.545808 -0.369990
v -0.867129 1.651641 -0.281443
v -0.861017 1.294769 -0.221703
v -0.939651 1.321371 -0.292776
v -1.011808 1.396589 -0.281465
v -1.047999 1.475068 -0.304376
v -1.004468 1.360725 -0.205783
v -1.031299 1.546189 -0.260943
v -1.038650 1.540799 -0.169829
v -0.994848 1.620571 -0.243817
v -0.886228 1.634952 -0.184598
v -0.863918 1.293362 -0.142490
v -0.962124 1.293896 -0.154511
v -1.034362 1.369331 -0.125986
v -1.025043 1.388237 -0.025476
v -1.068710 1.444403 -0.072468
v -1.036134 1.518931 -0.090546
v -0.994938 1.593096 -0.086708
v -1.018761 1.507363 0.003628
v -0.851662 1.633545 -0.099163
v -0.792785 1.311040 -0.083404
v -0.907681 1.318601 -0.032771
v -0.924572 1.392452 0.040560
v -0.969510 1.462916 0.070050
v -0.837348 1.395371 0.074869
v -0.913240 1.542052 0.076237
v -0.808854 1.575445 0.111191
v -0.875914 1.617801 0.036290
v -0.755271 1.651223 -0.045949
v -0.708256 1.300018 -0.074230
v -0.765226 1.328707 0.028989
v -0.762495 1.402479 0.105500
v -0.656305 1.402378 0.105689
v -0.721983 1.474195 0.150245
v -0.726520 1.552079 0.123687
v -0.702331 1.627907 0.075958
v -0.625182 1.521504 0.117231
v -0.656209 1.640201 -0.056304
v -0.624954 1.290078 -0.113396
v -0.615845 1.296897 -0.000864
v -0.552808 1.372707 0.044571
v -0.541701 1.450358 0.094940
v -0.489442 1.350760 -0.010347
v -0.514933 1.522307 0.054713
v -0.452175 1.530834 -0.017838
v -0.543550 1.596097 0.007147
v -0.578460 1.630261 -0.119898
v -0.594387 1.307752 -0.179718
v -0.521898 1.309155 -0.092331
v -0.453038 1.384857 -0.062292
v -0.430899 1.418995 -0.152708
v -0.412725 1.463961 -0.079066
v -0.435033 1.534457 -0.084091
v -0.474700 1.608355 -0.124668
v -0.419579 1.538121 -0.173250
v -0.564699 1.647935 -0.208588
v -0.482240 1.329934 -0.220651
v -0.409425 1.405310 -0.253172
v -0.377174 1.480059 -0.244380
v -0.395582 1.554218 -0.281431
v -0.455038 1.629134 -0.285098
v -0.576222 1.315281 -0.309715
v -0.420925 1.428705 -0.403434
v -0.506074 1.381001 -0.413079
v -0.413194 1.528438 -0.428725
v -0.513908 1.584624 -0.462892
v -0.576449 1.647039 -0.359437
v -0.660112 1.302348 -0.366683
v -0.591266 1.367936 -0.468841
v -0.647705 1.405017 -0.535491
v -0.623611 1.571558 -0.508287
v -0.663813 1.500594 -0.550147
v -0.686412 1.634106 -0.405430
v -0.761136 1.292072 -0.383860
v -0.793487 1.394709 -0.546129
v -0.838072 1.347352 -0.496656
v -0.810102 1.490286 -0.559918
v -0.883359 1.550974 -0.513738
v -0.799871 1.623830 -0.401110
v -0.843154 1.311435 -0.351027
v -0.919537 1.368194 -0.463676
v -0.989388 1.434179 -0.445894
v -0.957812 1.571816 -0.455111
v -0.999296 1.529757 -0.435151
v -0.875351 1.643192 -0.340786
v -0.874986 1.308098 -0.269997
v -1.027287 1.430832 -0.320181
v -0.989267 1.361509 -0.256934
v -1.037162 1.526410 -0.308462
v -1.025841 1.565131 -0.223278
v -0.905514 1.639855 -0.235643
v -0.889043 1.291081 -0.174980
v -1.004335 1.343193 -0.162474
v -1.054824 1.396144 -0.077659
v -1.026608 1.546815 -0.116779
v -1.051021 1.491722 -0.054424
v -0.903445 1.622839 -0.127574
v -0.850927 1.306382 -0.091646
v -0.976117 1.411492 0.036733
v -0.887512 1.373842 0.035252
v -0.970519 1.507070 0.060003
v -0.865245 1.577464 0.081696
v -0.822582 1.638139 -0.043526
v -0.754253 1.312641 -0.049636
v -0.789904 1.380579 0.076861
v -0.720955 1.424252 0.129042
v -0.747749 1.584202 0.109191
v -0.696335 1.519829 0.138812
v -0.703966 1.644399 -0.016677
v -0.652248 1.292940 -0.069533
v -0.576267 1.404489 0.085009
v -0.543212 1.341115 0.012930
v -0.551386 1.500067 0.093697
v -0.494622 1.544738 0.017553
v -0.595787 1.624697 -0.063200
v -0.586975 1.300465 -0.132364
v -0.479854 1.349287 -0.050092
v -0.430186 1.419877 -0.089182
v -0.447300 1.552909 -0.071246
v -0.420643 1.515455 -0.105150
v -0.546843 1.632222 -0.153783
v -0.559648 1.314129 -0.220512
v -0.401006 1.432984 -0.222066
v -0.422687 1.378137 -0.273104
v -0.392019 1.528562 -0.238927
v -0.404552 1.577603 -0.316068
v -0.534041 1.645887 -0.263825
vn -0.9933 0.0617 0.0979
vn -0.5678 0.0405 0.8222
vn -0.1016 -0.3473 0.9322
vn 0.2659 0.0360 0.9633
vn 0.9175 0.2361 0.3201
vn 0.7343 -0.6785 0.0212
vn 0.9660 0.1810 -0.1846
vn 0.3423 0.2005 -0.9179
vn -0.2829 -0.1422 -0.9486
vn -0.6896 -0.0845 -0.7192
vn -0.8748 -0.4372 -0.2087
vn -0.9845 0.0969 0.1462
vn -0.4648 0.1025 0.8795
vn -0.0775 0.1271 0.9889
vn 0.5434 0.1029 0.8332
vn 0.9548 0.0493 0.2930
vn 0.9902 0.0942 0.1027
vn 0.8207 0.0873 -0.5646
vn 0.2927 0.0817 -0.9527
vn -0.2685 0.1476 -0.9519
vn -0.8277 0.1384 -0.5438
vn -0.9782 0.0478 -0.2020
vn -0.9184 -0.1073 0.3808
vn -0.3423 0.5574 0.7564
vn -0.0945 0.2081 0.9735
vn 0.8170 0.1087 0.5664
vn 0.7103 0.6829 0.1709
vn 0.9273 0.3726 0.0354
vn 0.7750 0.0990 -0.6242
vn 0.0982 0.4506 -0.8873
vn -0.2136 0.3286 -0.9200
vn -0.9530 -0.0718 -0.2944
vn -0.5676 0.8230 0.0236
vn 0.0131 -0.9999 -0.0021
vn -0.0041 1.0000 0.0051
vn 0.1276 -0.9912 -0.0346
vn 0.1956 -0.9783 -0.0689
vn -0.6281 -0.4927 0.6023
vn -0.4888 0.6147 0.6190
vn -0.7774 0.5877 0.2243
vn -0.6989 0.1848 0.6909
vn -0.4911 0.5908 0.6401
vn -0.8759 -0.3896 0.2847
vn -0.5262 -0.3747 0.7634
vn -0.3230 -0.3805 0.8665
vn -0.3950 0.5409 0.7426
vn -0.0531 0.9888 -0.1398
vn 0.1255 0.9912 -0.0413
vn 0.0773 -0.9968 0.0220
vn -0.2028 -0.4162 0.8863
vn -0.4131 0.5521 0.7242
vn -0.1035 0.5304 0.8414
vn -0.2876 0.0880 0.9537
vn -0.1663 -0.3857 0.9075
vn -0.3323 0.5899 0.7359
vn -0.0322 -0.3665 0.9299
vn -0.0900 0.9613 -0.2604
vn -0.1862 -0.9823 0.0211
vn -0.0204 -0.4034 0.9148
vn 0.1838 0.5801 0.7935
vn 0.1556 0.1469 0.9768
vn 0.4428 0.6155 0.6520
vn 0.1672 -0.4307 0.8869
vn 0.5060 -0.4192 0.7538
vn 0.2228 0.5978 0.7701
vn 0.0078 0.9698 -0.2436
vn -0.1801 -0.9771 -0.1136
vn 0.5684 -0.4500 0.6888
vn 0.6898 0.5861 0.4250
vn 0.8196 0.5076 0.2656
vn 0.8527 0.0240 0.5218
vn 0.7540 -0.4159 0.5085
vn 0.8414 0.5281 0.1145
vn 0.8802 -0.3918 0.2679
vn -0.0848 0.9963 -0.0117
vn -0.0365 -0.9891 -0.1428
vn 0.9004 -0.4249 -0.0938
vn 0.8018 0.5630 0.2004
vn 0.9806 0.0808 0.1786
vn 0.7830 0.5785 0.2284
vn 0.9259 -0.3672 0.0885
vn 0.9468 -0.3191 -0.0422
vn 0.7455 0.5688 0.3474
vn -0.1962 0.9714 0.1341
vn 0.0428 -0.9925 0.1142
vn 0.8568 -0.4338 0.2789
vn 0.8545 0.5105 0.0956
vn 0.6879 0.5237 -0.5026
vn 0.9896 0.0151 -0.1428
vn 0.8922 -0.4312 -0.1343
vn 0.7329 0.6541 -0.1873
vn 0.7757 -0.4091 -0.4805
vn -0.2259 0.9716 0.0709
vn -0.0444 -0.9784 0.2018
vn 0.5913 -0.4336 -0.6800
vn 0.3037 0.6112 -0.7309
vn 0.5371 0.1398 -0.8319
vn 0.2620 0.6271 -0.7336
vn 0.4903 -0.4311 -0.7575
vn 0.2289 -0.4030 -0.8861
vn 0.2850 0.5212 -0.8044
vn -0.0444 0.9966 0.0695
vn -0.1394 -0.9845 0.1060
vn 0.0134 -0.4541 -0.8908
vn 0.1641 0.5852 -0.7941
vn -0.1582 0.5608 -0.8127
vn -0.0004 0.0860 -0.9963
vn -0.0529 -0.4013 -0.9144
vn 0.0202 0.5790 -0.8151
vn -0.3195 -0.3385 -0.8850
vn 0.2005 0.9716 0.1259
vn 0.0486 -0.9958 -0.0780
vn -0.4390 -0.4442 -0.7810
vn -0.3642 0.5833 -0.7260
vn -0.4904 0.1723 -0.8543
vn -0.6529 0.5919 -0.4727
vn -0.5819 -0.4042 -0.7057
vn -0.7942 -0.4203 -0.4389
vn -0.4232 0.5748 -0.7004
vn 0.2031 0.9607 0.1893
vn 0.2171 -0.9730 -0.0785
vn -0.8082 -0.4762 -0.3465
vn -0.8186 0.5718 -0.0543
vn -0.8297 0.5454 -0.1187
vn -0.9825 0.0587 -0.1768
vn -0.8861 -0.4129 -0.2104
vn -0.8113 0.5312 0.2441
vn -0.8674 -0.4447 -0.2233
vn 0.1351 0.9826 0.1273
vn -0.7829 -0.5633 -0.2640
vn -0.8237 0.5291 -0.2037
vn -0.9725 0.0431 -0.2290
vn -0.8645 -0.4746 -0.1653
vn -0.8064 0.5274 -0.2675
vn 0.1110 -0.9800 -0.1649
vn -0.6152 0.5584 0.5565
vn -0.4891 0.6383 0.5944
vn -0.7077 -0.2581 0.6577
vn -0.4492 -0.4609 0.7654
vn 0.1067 0.9905 -0.0870
vn 0.2799 -0.9598 0.0192
vn -0.4734 0.6230 0.6227
vn -0.2887 0.4763 0.8305
vn -0.1181 -0.3687 0.9220
vn -0.1454 -0.3414 0.9286
vn -0.2213 0.9457 -0.2382
vn -0.1159 -0.9932 0.0062
vn 0.0897 0.5193 0.8499
vn 0.1744 0.6205 0.7646
vn 0.0788 -0.3307 0.9405
vn 0.1828 -0.5028 0.8448
vn 0.0233 0.9503 -0.3104
vn -0.2983 -0.9537 0.0389
vn 0.6281 0.6629 0.4074
vn 0.7984 0.4763 0.3684
vn 0.7994 -0.3906 0.4565
vn 0.8147 -0.3695 0.4469
vn -0.0043 0.9743 -0.2253
vn -0.0757 -0.9602 -0.2688
vn 0.8438 0.4831 0.2336
vn 0.7525 0.6228 0.2144
vn 0.9343 -0.3271 0.1419
vn 0.9216 -0.3754 0.0987
vn -0.1861 0.9668 0.1751
vn -0.0199 -0.9993 -0.0308
vn 0.7644 0.5928 0.2534
vn 0.8938 0.4276 -0.1355
vn 0.9091 -0.3551 -0.2178
vn 0.8917 -0.4061 -0.1998
vn -0.2372 0.9649 0.1124
vn 0.0882 -0.9613 0.2610
vn 0.4601 0.5293 -0.7128
vn 0.2423 0.6749 -0.6970
vn 0.5949 -0.3539 -0.7217
vn 0.4579 -0.4811 -0.7475
vn -0.2479 0.9680 0.0388
vn -0.2001 -0.9677 0.1533
vn 0.2473 0.6643 -0.7054
vn 0.0133 0.5070 -0.8618
vn -0.0832 -0.3921 -0.9162
vn -0.1280 -0.3322 -0.9345
vn 0.1698 0.9769 0.1301
vn -0.1087 -0.9904 0.0854
vn -0.3229 0.5522 -0.7686
vn -0.3311 0.5750 -0.7482
vn -0.4733 -0.2845 -0.8337
vn -0.6079 -0.5153 -0.6041
vn 0.2649 0.9533 0.1450
vn 0.2677 -0.9259 -0.2664
vn -0.8008 0.5989 -0.0062
vn -0.8614 0.5067 -0.0344
vn -0.8911 -0.4254 -0.1581
vn -0.9108 -0.3664 -0.1904
vn 0.1576 0.9515 0.2641
vn 0.1848 -0.9787 0.0890
vn -0.8507 0.4671 -0.2410
vn -0.8136 0.5344 -0.2291
vn -0.8836 -0.3996 -0.2442
vn -0.8434 -0.5222 -0.1264
vn 0.1633 0.9866 0.0071
s 1
usemtl Leaf
f 1358//1232 1361//1235 1459//1333 1360//1234
f 1326//1200 1362//1236 1459//1333 1361//1235
f 1325//1199 1360//1234 1459//1333 1362//1236
f 1325//1199 1364//1238 1460//1334 1363//1237
f 1336//1210 1365//1239 1460//1334 1364//1238
f 1337//1211 1363//1237 1460//1334 1365//1239
f 1325//1199 1363//1237 1461//1335 1362//1236
f 1337//1211 1366//1240 1461//1335 1363//1237
f 1326//1200 1362//1236 1461//1335 1366//1240
f 1336//1210 1367//1241 1462//1336 1365//1239
f 1347//1221 1368//1242 1462//1336 1367//1241
f 1337//1211 1365//1239 1462//1336 1368//1242
f 1337//1211 1368//1242 1463//1337 1369//1243
f 1347//1221 1370//1244 1463//1337 1368//1242
f 1348//1222 1369//1243 1463//1337 1370//1244
f 1359//1233 1372//1246 1464//1338 1371//1245
f 1347//1221 1370//1244 1464//1338 1372//1246
f 1348//1222 1371//1245 1464//1338 1370//1244
f 1358//1232 1373//1247 1465//1339 1361//1235
f 1327//1201 1374//1248 1465//1339 1373//1247
f 1326//1200 1361//1235 1465//1339 1374//1248
f 1326//1200 1366//1240 1466//1340 1374//1248
f 1337//1211 1375//1249 1466//1340 1366//1240
f 1327//1201 1374//1248 1466//1340 1375//1249
f 1327//1201 1375//1249 1467//1341 1376//1250
f 1337//1211 1377//1251 1467//1341 1375//1249
f 1338//1212 1376//1250 1467//1341 1377//1251
f 1337//1211 1369//1243 1468//1342 1378//1252
f 1348//1222 1379//1253 1468//1342 1369//1243
f 1349//1223 1378//1252 1468//1342 1379//1253
f 1337//1211 1378//1252 1469//1343 1377//1251
f 1349//1223 1380//1254 1469//1343 1378//1252
f 1338//1212 1377//1251 1469//1343 1380//1254
f 1359//1233 1371//1245 1470//1344 1381//1255
f 1348//1222 1379//1253 1470//1344 1371//1245
f 1349//1223 1381//1255 1470//1344 1379//1253
f 1358//1232 1382//1256 1471//1345 1373//1247
f 1328//1202 1383//1257 1471//1345 1382//1256
f 1327//1201 1373//1247 1471//1345 1383//1257
f 1327//1201 1376//1250 1472//1346 1384//1258
f 1338//1212 1385//1259 1472//1346 1376//1250
f 1339//1213 1384//1258 1472//1346 1385//1259
f 1327//1201 1384//1258 1473//1347 1383//1257
f 1339//1213 1386//1260 1473//1347 1384//1258
f 1328//1202 1383//1257 1473//1347 1386//1260
f 1338//1212 1380//1254 1474//1348 1385//1259
f 1349//1223 1387//1261 1474//1348 1380//1254
f 1339//1213 1385//1259 1474//1348 1387//1261
f 1339//1213 1387//1261 1475//1349 1388//1262
f 1349//1223 1389//1263 1475//1349 1387//1261
f 1350//1224 1388//1262 1475//1349 1389//1263
f 1359//1233 1381//1255 1476//1350 1390//1264
f 1349//1223 1389//1263 1476//1350 1381//1255
f 1350//1224 1390//1264 1476//1350 1389//1263
f 1358//1232 1391//1265 1477//1351 1382//1256
f 1329//1203 1392//1266 1477//1351 1391//1265
f 1328//1202 1382//1256 1477//1351 1392//1266
f 1328//1202 1386//1260 1478//1352 1392//1266
f 1339//1213 1393//1267 1478//1352 1386//1260
f 1329//1203 1392//1266 1478//1352 1393//1267
f 1329//1203 1393//1267 1479//1353 1394//1268
f 1339//1213 1395//1269 1479//1353 1393//1267
f 1340//1214 1394//1268 1479//1353 1395//1269
f 1339//1213 1388//1262 1480//1354 1396//1270
f 1350//1224 1397//1271 1480//1354 1388//1262
f 1351//1225 1396//1270 1480//1354 1397//1271
f 1339//1213 1396//1270 1481//1355 1395//1269
f 1351//1225 1398//1272 1481//1355 1396//1270
f 1340//1214 1395//1269 1481//1355 1398//1272
f 1359//1233 1390//1264 1482//1356 1399//1273
f 1350//1224 1397//1271 1482//1356 1390//1264
f 1351//1225 1399//1273 1482//1356 1397//1271
f 1358//1232 1400//1274 1483//1357 1391//1265
f 1330//1204 1401//1275 1483//1357 1400//1274
f 1329//1203 1391//1265 1483//1357 1401//1275
f 1329//1203 1394//1268 1484//1358 1402//1276
f 1340//1214 1403//1277 1484//1358 1394//1268
f 1341//1215 1402//1276 1484//1358 1403//1277
f 1329//1203 1402//1276 1485//1359 1401//1275
f 1341//1215 1404//1278 1485//1359 1402//1276
f 1330//1204 1401//1275 1485//1359 1404//1278
f 1340//1214 1398//1272 1486//1360 1403//1277
f 1351//1225 1405//1279 1486//1360 1398//1272
f 1341//1215 1403//1277 1486//1360 1405//1279
f 1341//1215 1405//1279 1487//1361 1406//1280
f 1351//1225 1407//1281 1487//1361 1405//1279
f 1352//1226 1406//1280 1487//1361 1407//1281
f 1359//1233 1399//1273 1488//1362 1408//1282
f 1351//1225 1407//1281 1488//1362 1399//1273
f 1352//1226 1408//1282 1488//1362 1407//1281
f 1358//1232 1409//1283 1489//1363 1400//1274
f 1331//1205 1410//1284 1489//1363 1409//1283
f 1330//1204 1400//1274 1489//1363 1410//1284
f 1330//1204 1404//1278 1490//1364 1410//1284
f 1341//1215 1411//1285 1490//1364 1404//1278
f 1331//1205 1410//1284 1490//1364 1411//1285
f 1331//1205 1411//1285 1491//1365 1412//1286
f 1341//1215 1413//1287 1491//1365 1411//1285
f 1342//1216 1412//1286 1491//1365 1413//1287
f 1341//1215 1406//1280 1492//1366 1414//1288
f 1352//1226 1415//1289 1492//1366 1406//1280
f 1353//1227 1414//1288 1492//1366 1415//1289
f 1341//1215 1414//1288 1493//1367 1413//1287
f 1353//1227 1416//1290 1493//1367 1414//1288
f 1342//1216 1413//1287 1493//1367 1416//1290
f 1359//1233 1408//1282 1494//1368 1417//1291
f 1352//1226 1415//1289 1494//1368 1408//1282
f 1353//1227 1417//1291 1494//1368 1415//1289
f 1358//1232 1418//1292 1495//1369 1409//1283
f 1332//1206 1419//1293 1495//1369 1418//1292
f 1331//1205 1409//1283 1495//1369 1419//1293
f 1331//1205 1412//1286 1496//1370 1420//1294
f 1342//1216 1421//1295 1496//1370 1412//1286
f 1343//1217 1420//1294 1496//1370 1421//1295
f 1331//1205 1420//1294 1497//1371 1419//1293
f 1343//1217 1422//1296 1497//1371 1420//1294
f 1332//1206 1419//1293 1497//1371 1422//1296
f 1342//1216 1416//1290 1498//1372 1421//1295
f 1353//1227 1423//1297 1498//1372 1416//1290
f 1343//1217 1421//1295 1498//1372 1423//1297
f 1343//1217 1423//1297 1499//1373 1424//1298
f 1353//1227 1425//1299 1499//1373 1423//1297
f 1354//1228 1424//1298 1499//1373 1425//1299
f 1359//1233 1417//1291 1500//1374 1426//1300
f 1353//1227 1425//1299 1500//1374 1417//1291
f 1354//1228 1426//1300 1500//1374 1425//1299
f 1358//1232 1427//1301 1501//1375 1418//1292
f 1333//1207 1428//1302 1501//1375 1427//1301
f 1332//1206 1418//1292 1501//1375 1428//1302
f 1332//1206 1422//1296 1502//1376 1428//1302
f 1343//1217 1429//1303 1502//1376 1422//1296
f 1333//1207 1428//1302 1502//1376 1429//1303
f 1333//1207 1429//1303 1503//1377 1430//1304
f 1343//1217 1431//1305 1503//1377 1429//1303
f 1344//1218 1430//1304 1503//1377 1431//1305
f 1343//1217 1424//1298 1504//1378 1432//1306
f 1354//1228 1433//1307 1504//1378 1424//1298
f 1355//1229 1432//1306 1504//1378 1433//1307
f 1343//1217 1432//1306 1505//1379 1431//1305
f 1355//1229 1434//1308 1505//1379 1432//1306
f 1344//1218 1431//1305 1505//1379 1434//1308
f 1359//1233 1426//1300 1506//1380 1435//1309
f 1354//1228 1433//1307 1506//1380 1426//1300
f 1355//1229 1435//1309 1506//1380 1433//1307
f 1358//1232 1436//1310 1507//1381 1427//1301
f 1334//1208 1437//1311 1507//1381 1436//1310
f 1333//1207 1427//1301 1507//1381 1437//1311
f 1333//1207 1430//1304 1508//1382 1438//1312
f 1344//1218 1439//1313 1508//1382 1430//1304
f 1345//1219 1438//1312 1508//1382 1439//1313
f 1333//1207 1438//1312 1509//1383 1437//1311
f 1345//1219 1440//1314 1509//1383 1438//1312
f 1334//1208 1437//1311 1509//1383 1440//1314
f 1344//1218 1434//1308 1510//1384 1439//1313
f 1355//1229 1441//1315 1510//1384 1434//1308
f 1345//1219 1439//1313 1510//1384 1441//1315
f 1345//1219 1441//1315 1511//1385 1442//1316
f 1355//1229 1443//1317 1511//1385 1441//1315
f 1356//1230 1442//1316 1511//1385 1443//1317
f 1359//1233 1435//1309 1512//1386 1444//1318
f 1355//1229 1443//1317 1512//1386 1435//1309
f 1356//1230 1444//1318 1512//1386 1443//1317
f 1358//1232 1445//1319 1513//1387 1436//1310
f 1335//1209 1446//1320 1513//1387 1445//1319
f 1334//1208 1436//1310 1513//1387 1446//1320
f 1334//1208 1440//1314 1514//1388 1446//1320
f 1345//1219 1447//1321 1514//1388 1440//1314
f 1335//1209 1446//1320 1514//1388 1447//1321
f 1335//1209 1447//1321 1515//1389 1448//1322
f 1345//1219 1449//1323 1515//1389 1447//1321
f 1346//1220 1448//1322 1515//1389 1449//1323
f 1345//1219 1442//1316 1516//1390 1450//1324
f 1356//1230 1451//1325 1516//1390 1442//1316
f 1357//1231 1450//1324 1516//1390 1451//1325
f 1345//1219 1450//1324 1517//1391 1449//1323
f 1357//1231 1452//1326 1517//1391 1450//1324
f 1346//1220 1449//1323 1517//1391 1452//1326
f 1359//1233 1444//1318 1518//1392 1453//1327
f 1356//1230 1451//1325 1518//1392 1444//1318
f 1357//1231 1453//1327 1518//1392 1451//1325
f 1358//1232 1360//1234 1519//1393 1445//1319
f 1325//1199 1454//1328 1519//1393 1360//1234
f 1335//1209 1445//1319 1519//1393 1454//1328
f 1335//1209 1448//1322 1520//1394 1455//1329
f 1346//1220 1456//1330 1520//1394 1448//1322
f 1336//1210 1455//1329 1520//1394 1456//1330
f 1335//1209 1455//1329 1521//1395 1454//1328
f 1336//1210 1364//1238 1521//1395 1455//1329
f 1325//1199 1454//1328 1521//1395 1364//1238
f 1346//1220 1452//1326 1522//1396 1456//1330
f 1357//1231 1457//1331 1522//1396 1452//1326
f 1336//1210 1456//1330 1522//1396 1457//1331
f 1336//1210 1457//1331 1523//1397 1367//1241
f 1357//1231 1458//1332 1523//1397 1457//1331
f 1347//1221 1367//1241 1523//1397 1458//1332
f 1359//1233 1453//1327 1524//1398 1372//1246
f 1357//1231 1458//1332 1524//1398 1453//1327
f 1347//1221 1372//1246 1524//1398 1458//1332
o crown_contour_leaf.021
v -0.676573 1.542712 -0.108826
v -0.637961 1.525622 -0.111300
v -0.607212 1.515657 -0.102984
v -0.584054 1.518368 -0.067883
v -0.573524 1.526959 -0.031155
v -0.609366 1.542638 -0.029378
v -0.648038 1.554802 -0.040880
v -0.665722 1.552240 -0.069069
v -0.680253 1.533947 -0.105721
v -0.641641 1.516857 -0.108195
v -0.610892 1.506892 -0.099879
v -0.587734 1.509604 -0.064778
v -0.577204 1.518194 -0.028050
v -0.613046 1.533874 -0.026273
v -0.651718 1.546037 -0.037775
v -0.669402 1.543476 -0.065964
vn -0.3680 -0.8764 0.3105
vn 0.3680 0.8764 -0.3105
vn -0.1767 -0.2619 -0.9488
vn 0.1257 -0.3778 -0.9173
vn 0.7500 -0.4772 -0.4580
vn 0.8901 -0.4286 -0.1549
vn 0.1641 0.2675 0.9495
vn -0.1496 0.3854 0.9105
vn -0.7641 0.4754 0.4361
vn -0.8937 0.4256 0.1419
s 0
usemtl LeafSun
f 1525//1399 1526//1399 1527//1399 1528//1399 1529//1399 1530//1399 1531//1399 1532//1399
f 1540//1400 1539//1400 1538//1400 1537//1400 1536//1400 1535//1400 1534//1400 1533//1400
f 1525//1401 1526//1401 1534//1401 1533//1401
f 1526//1402 1527//1402 1535//1402 1534//1402
f 1527//1403 1528//1403 1536//1403 1535//1403
f 1528//1404 1529//1404 1537//1404 1536//1404
f 1529//1405 1530//1405 1538//1405 1537//1405
f 1530//1406 1531//1406 1539//1406 1538//1406
f 1531//1407 1532//1407 1540//1407 1539//1407
f 1532//1408 1525//1408 1533//1408 1540//1408
o crown_contour_leaf.022
v -0.643601 1.419067 -0.503091
v -0.667064 1.424357 -0.546248
v -0.674396 1.424347 -0.584562
v -0.648090 1.412505 -0.624485
v -0.613208 1.398596 -0.650607
v -0.592003 1.393900 -0.610347
v -0.583933 1.394340 -0.561760
v -0.605549 1.403952 -0.530742
v -0.646886 1.409643 -0.502460
v -0.670349 1.414933 -0.545617
v -0.677681 1.414923 -0.583931
v -0.651375 1.403081 -0.623854
v -0.616493 1.389172 -0.649976
v -0.595288 1.384476 -0.609716
v -0.587218 1.384916 -0.561129
v -0.608834 1.394528 -0.530111
vn -0.3285 -0.9424 0.0631
vn 0.3285 0.9424 -0.0631
vn -0.8164 0.3169 0.4827
vn -0.9256 0.3345 0.1770
vn -0.7790 0.2326 -0.5823
vn -0.5573 0.1395 -0.8185
vn 0.8229 -0.3184 -0.4706
vn 0.9302 -0.3344 -0.1515
vn 0.7649 -0.2262 0.6031
vn 0.5467 -0.1353 0.8263
s 0
usemtl LeafSun
f 1541//1409 1542//1409 1543//1409 1544//1409 1545//1409 1546//1409 1547//1409 1548//1409
f 1556//1410 1555//1410 1554//1410 1553//1410 1552//1410 1551//1410 1550//1410 1549//1410
f 1541//1411 1542//1411 1550//1411 1549//1411
f 1542//1412 1543//1412 1551//1412 1550//1412
f 1543//1413 1544//1413 1552//1413 1551//1413
f 1544//1414 1545//1414 1553//1414 1552//1414
f 1545//1415 1546//1415 1554//1415 1553//1415
f 1546//1416 1547//1416 1555//1416 1554//1416
f 1547//1417 1548//1417 1556//1417 1555//1417
f 1548//1418 1541//1418 1549//1418 1556//1418
o crown_contour_leaf.023
v -0.914337 1.521842 -0.090594
v -0.955608 1.533229 -0.053701
v -0.994760 1.531851 -0.032293
v -1.041874 1.501533 -0.038518
v -1.075991 1.466660 -0.057443
v -1.037364 1.456620 -0.091286
v -0.987485 1.459410 -0.117401
v -0.950661 1.483969 -0.111575
v -0.910258 1.514074 -0.083633
v -0.951528 1.525460 -0.046740
v -0.990681 1.524083 -0.025332
v -1.037795 1.493765 -0.031558
v -1.071912 1.458892 -0.050482
v -1.033285 1.448851 -0.084325
v -0.983406 1.451642 -0.110441
v -0.946582 1.476200 -0.104614
vn 0.3642 -0.6936 0.6215
vn -0.3642 0.6936 -0.6215
vn 0.5780 0.6916 0.4331
vn 0.3134 0.7197 0.6195
vn -0.4109 0.4792 0.7756
vn -0.6650 0.2735 0.6949
vn -0.5678 -0.6943 -0.4421
vn -0.2906 -0.7187 -0.6317
vn 0.4324 -0.4651 -0.7725
vn 0.6740 -0.2642 -0.6899
s 0
usemtl LeafSun
f 1557//1419 1558//1419 1559//1419 1560//1419 1561//1419 1562//1419 1563//1419 1564//1419
f 1572//1420 1571//1420 1570//1420 1569//1420 1568//1420 1567//1420 1566//1420 1565//1420
f 1557//1421 1558//1421 1566//1421 1565//1421
f 1558//1422 1559//1422 1567//1422 1566//1422
f 1559//1423 1560//1423 1568//1423 1567//1423
f 1560//1424 1561//1424 1569//1424 1568//1424
f 1561//1425 1562//1425 1570//1425 1569//1425
f 1562//1426 1563//1426 1571//1426 1570//1426
f 1563//1427 1564//1427 1572//1427 1571//1427
f 1564//1428 1557//1428 1565//1428 1572//1428
o crown_contour_leaf.024
v -0.725559 1.623549 -0.243754
v -0.674062 1.607101 -0.254049
v -0.628353 1.592944 -0.250530
v -0.580751 1.579311 -0.215029
v -0.549616 1.570972 -0.175230
v -0.597655 1.586293 -0.166267
v -0.655619 1.604206 -0.171880
v -0.692603 1.614759 -0.200567
v -0.728540 1.614009 -0.243421
v -0.677043 1.597561 -0.253716
v -0.631334 1.583404 -0.250197
v -0.583731 1.569771 -0.214697
v -0.552596 1.561432 -0.174897
v -0.600636 1.576753 -0.165934
v -0.658599 1.594666 -0.171548
v -0.695584 1.605220 -0.200235
vn -0.2980 -0.9540 0.0333
vn 0.2980 0.9540 -0.0333
vn -0.1884 0.0246 -0.9818
vn 0.0601 -0.0536 -0.9968
vn 0.5484 -0.1997 -0.8120
vn 0.7359 -0.2518 -0.6285
vn 0.1769 -0.0209 0.9840
vn -0.0781 0.0591 0.9952
vn -0.5630 0.2038 0.8009
vn -0.7433 0.2538 0.6189
s 0
usemtl LeafSun
f 1573//1429 1574//1429 1575//1429 1576//1429 1577//1429 1578//1429 1579//1429 1580//1429
f 1588//1430 1587//1430 1586//1430 1585//1430 1584//1430 1583//1430 1582//1430 1581//1430
f 1573//1431 1574//1431 1582//1431 1581//1431
f 1574//1432 1575//1432 1583//1432 1582//1432
f 1575//1433 1576//1433 1584//1433 1583//1433
f 1576//1434 1577//1434 1585//1434 1584//1434
f 1577//1435 1578//1435 1586//1435 1585//1435
f 1578//1436 1579//1436 1587//1436 1586//1436
f 1579//1437 1580//1437 1588//1437 1587//1437
f 1580//1438 1573//1438 1581//1438 1588//1438
o crown_contour_leaf.025
v -0.932309 1.466100 -0.437330
v -0.972938 1.446792 -0.429576
v -1.005033 1.435783 -0.434855
v -1.028478 1.439734 -0.470944
v -1.038615 1.450347 -0.510481
v -1.000914 1.468049 -0.517099
v -0.960575 1.481452 -0.509298
v -0.942707 1.477847 -0.480197
v -0.928767 1.457335 -0.440591
v -0.969396 1.438027 -0.432837
v -1.001491 1.427018 -0.438116
v -1.024935 1.430969 -0.474205
v -1.035072 1.441583 -0.513742
v -0.997371 1.459284 -0.520360
v -0.957033 1.472687 -0.512559
v -0.939164 1.469082 -0.483458
vn 0.3543 -0.8764 -0.3261
vn -0.3543 0.8764 0.3261
vn 0.2868 -0.2301 0.9299
vn -0.0302 -0.3593 0.9327
vn -0.7617 -0.4727 0.4431
vn -0.9037 -0.4105 0.1215
vn -0.2744 0.2359 -0.9322
vn 0.0571 0.3683 -0.9279
vn 0.7770 0.4699 -0.4189
vn 0.9070 0.4070 -0.1085
s 0
usemtl LeafSun
f 1589//1439 1590//1439 1591//1439 1592//1439 1593//1439 1594//1439 1595//1439 1596//1439
f 1604//1440 1603//1440 1602//1440 1601//1440 1600//1440 1599//1440 1598//1440 1597//1440
f 1589//1441 1590//1441 1598//1441 1597//1441
f 1590//1442 1591//1442 1599//1442 1598//1442
f 1591//1443 1592//1443 1600//1443 1599//1443
f 1592//1444 1593//1444 1601//1444 1600//1444
f 1593//1445 1594//1445 1602//1445 1601//1445
f 1594//1446 1595//1446 1603//1446 1602//1446
f 1595//1447 1596//1447 1604//1447 1603//1447
f 1596//1448 1589//1448 1597//1448 1604//1448
o crown_contour_leaf.026
v -0.768896 1.561301 -0.077440
v -0.722608 1.568048 -0.053093
v -0.695013 1.568725 -0.024194
v -0.700208 1.556067 0.024231
v -0.721278 1.540830 0.065450
v -0.763776 1.534805 0.042369
v -0.797541 1.534430 0.005060
v -0.792327 1.544728 -0.033200
v -0.766066 1.550746 -0.079895
v -0.719778 1.557493 -0.055548
v -0.692183 1.558170 -0.026650
v -0.697378 1.545513 0.021776
v -0.718448 1.530275 0.062995
v -0.760946 1.524250 0.039914
v -0.794711 1.523875 0.002605
v -0.789497 1.534173 -0.035655
vn 0.2527 -0.9424 -0.2192
vn -0.2527 0.9424 0.2192
vn 0.4070 0.3091 -0.8595
vn 0.6778 0.3341 -0.6550
vn 0.9620 0.2205 0.1608
vn 0.8656 0.1189 0.4864
vn -0.4192 -0.3108 0.8530
vn -0.6971 -0.3344 0.6342
vn -0.9587 -0.2133 -0.1881
vn -0.8595 -0.1146 -0.4981
s 0
usemtl LeafSun
f 1605//1449 1606//1449 1607//1449 1608//1449 1609//1449 1610//1449 1611//1449 1612//1449
f 1620//1450 1619//1450 1618//1450 1617//1450 1616//1450 1615//1450 1614//1450 1613//1450
f 1605//1451 1606//1451 1614//1451 1613//1451
f 1606//1452 1607//1452 1615//1452 1614//1452
f 1607//1453 1608//1453 1616//1453 1615//1453
f 1608//1454 1609//1454 1617//1454 1616//1454
f 1609//1455 1610//1455 1618//1455 1617//1455
f 1610//1456 1611//1456 1619//1456 1618//1456
f 1611//1457 1612//1457 1620//1457 1619//1457
f 1612//1458 1605//1458 1613//1458 1620//1458
o leafy_twig.004
v -0.281647 1.999365 0.055849
v -0.303931 1.556247 -0.270991
v -0.303034 1.993693 0.064414
v -0.310830 1.554417 -0.268228
v -0.310928 1.980000 0.082109
v -0.313377 1.550000 -0.262520
v -0.300705 1.966307 0.098568
v -0.310079 1.545583 -0.257210
v -0.278353 1.960635 0.104151
v -0.302869 1.543753 -0.255409
v -0.256966 1.966307 0.095586
v -0.295970 1.545583 -0.258172
v -0.249072 1.980000 0.077891
v -0.293423 1.550000 -0.263880
v -0.259295 1.993693 0.061432
v -0.296721 1.554417 -0.269190
vn -0.0157 0.9731 -0.2299
vn -0.0680 -0.0257 -0.9974
vn -0.5592 0.8289 -0.0123
vn -0.5955 -0.1655 -0.7861
vn -0.7598 0.4809 0.4374
vn -0.7902 -0.5033 -0.3497
vn -0.5000 0.1329 0.8557
vn -0.5381 -0.8410 0.0563
vn 0.0680 -0.0112 0.9976
vn 0.0132 -0.9809 0.1940
vn 0.6116 0.1329 0.7800
vn 0.5407 -0.8410 -0.0173
vn 0.8122 0.4809 0.3303
vn 0.7354 -0.5033 -0.4537
vn 0.5524 0.8289 -0.0880
vn 0.4833 -0.1655 -0.8597
vt 1.000000 0.500000
vt 1.000000 1.000000
vt 0.875000 1.000000
vt 0.875000 0.500000
vt 0.750000 1.000000
vt 0.750000 0.500000
vt 0.625000 1.000000
vt 0.625000 0.500000
vt 0.500000 1.000000
vt 0.500000 0.500000
vt 0.375000 1.000000
vt 0.375000 0.500000
vt 0.250000 1.000000
vt 0.250000 0.500000
vt 0.419706 0.419706
vt 0.250000 0.490000
vt 0.080294 0.419706
vt 0.010000 0.250000
vt 0.080294 0.080294
vt 0.250000 0.010000
vt 0.419706 0.080294
vt 0.490000 0.250000
vt 0.125000 1.000000
vt 0.125000 0.500000
vt 0.000000 1.000000
vt 0.000000 0.500000
vt 0.750000 0.490000
vt 0.919706 0.419706
vt 0.990000 0.250000
vt 0.919706 0.080294
vt 0.750000 0.010000
vt 0.580294 0.080294
vt 0.510000 0.250000
vt 0.580294 0.419706
s 1
usemtl WeatheredBark
f 1621/813/1459 1622/814/1460 1624/815/1462 1623/816/1461
f 1623/816/1461 1624/815/1462 1626/817/1464 1625/818/1463
f 1625/818/1463 1626/817/1464 1628/819/1466 1627/820/1465
f 1627/820/1465 1628/819/1466 1630/821/1468 1629/822/1467
f 1629/822/1467 1630/821/1468 1632/823/1470 1631/824/1469
f 1631/824/1469 1632/823/1470 1634/825/1472 1633/826/1471
f 1624/827/1462 1622/828/1460 1636/829/1474 1634/830/1472 1632/831/1470 1630/832/1468 1628/833/1466 1626/834/1464
f 1633/826/1471 1634/825/1472 1636/835/1474 1635/836/1473
f 1635/836/1473 1636/835/1474 1622/837/1460 1621/838/1459
f 1621/839/1459 1623/840/1461 1625/841/1463 1627/842/1465 1629/843/1467 1631/844/1469 1633/845/1471 1635/846/1473
o solid_leaf_crown_lobe.004
v 0.018657 1.431374 -0.416166
v -0.133038 1.397199 -0.566308
v -0.247405 1.458174 -0.633960
v -0.423562 1.449480 -0.607678
v -0.503069 1.394617 -0.530251
v -0.605807 1.441883 -0.383012
v -0.595742 1.463516 -0.231102
v -0.425897 1.401041 -0.127311
v -0.290204 1.423332 -0.071511
v -0.122715 1.470135 -0.127388
v -0.087948 1.414939 -0.265245
v 0.095761 1.592671 -0.460974
v -0.076138 1.577208 -0.680058
v -0.270722 1.616343 -0.752166
v -0.495114 1.610465 -0.698737
v -0.633376 1.575056 -0.559731
v -0.743175 1.605633 -0.347187
v -0.654748 1.619813 -0.142876
v -0.451992 1.579652 -0.007695
v -0.230317 1.593709 0.036569
v -0.036352 1.623604 -0.060655
v 0.056893 1.591424 -0.263351
v -0.004332 1.765774 -0.493203
v -0.139001 1.731599 -0.650819
v -0.309541 1.792574 -0.690625
v -0.487564 1.783880 -0.621364
v -0.601492 1.729017 -0.498038
v -0.676917 1.776283 -0.311219
v -0.554164 1.797916 -0.150208
v -0.402394 1.735441 -0.059435
v -0.206116 1.757732 -0.033292
v -0.070582 1.804535 -0.136808
v 0.019742 1.749339 -0.315022
v -0.310178 1.405199 -0.359998
v -0.318249 1.825733 -0.371763
v -0.137339 1.412562 -0.393822
v -0.199539 1.406354 -0.476310
v -0.057190 1.414286 -0.491237
v -0.013518 1.498508 -0.559611
v 0.054686 1.509469 -0.461079
v 0.038992 1.585129 -0.574638
v -0.099794 1.474286 -0.618971
v 0.056238 1.676669 -0.496901
v -0.023159 1.666482 -0.598942
v -0.110669 1.675546 -0.666318
v -0.071666 1.748687 -0.572011
v -0.214408 1.786559 -0.530059
v -0.140592 1.792766 -0.444625
v -0.278174 1.426557 -0.516058
v -0.190221 1.427687 -0.600134
v -0.162379 1.512313 -0.678291
v -0.260966 1.551063 -0.718501
v -0.183663 1.600794 -0.739089
v -0.187765 1.679513 -0.709442
v -0.224271 1.762087 -0.670722
v -0.285580 1.684204 -0.741027
v -0.314541 1.806762 -0.555014
v -0.369012 1.423694 -0.504505
v -0.335483 1.453827 -0.620819
v -0.375094 1.536778 -0.688243
v -0.367731 1.620383 -0.744687
v -0.453240 1.510947 -0.652781
v -0.406432 1.703979 -0.712092
v -0.495000 1.712207 -0.660728
v -0.398552 1.788227 -0.655995
v -0.415047 1.803899 -0.518736
v -0.429038 1.405627 -0.455853
v -0.463315 1.422049 -0.568964
v -0.518304 1.505250 -0.624536
v -0.595386 1.506595 -0.554522
v -0.580709 1.584915 -0.629948
v -0.564005 1.672451 -0.613204
v -0.544528 1.756449 -0.559701
v -0.634430 1.639735 -0.541712
v -0.486272 1.785832 -0.443293
v -0.477345 1.421193 -0.373420
v -0.554438 1.418250 -0.456632
v -0.648001 1.501695 -0.448273
v -0.692321 1.582068 -0.475742
v -0.673109 1.505620 -0.367605
v -0.694170 1.668895 -0.428114
v -0.707408 1.706879 -0.327430
v -0.639205 1.752650 -0.404628
v -0.515834 1.801397 -0.339374
v -0.466482 1.428316 -0.286939
v -0.600774 1.452699 -0.307057
v -0.689383 1.535873 -0.279663
v -0.643053 1.554800 -0.170940
v -0.713397 1.620517 -0.223028
v -0.680134 1.703073 -0.240234
v -0.615540 1.787099 -0.230713
v -0.626802 1.687941 -0.138783
v -0.458602 1.808521 -0.246546
v -0.383414 1.407743 -0.224247
v -0.510820 1.432278 -0.179207
v -0.537251 1.516760 -0.105906
v -0.578614 1.605214 -0.074610
v -0.444717 1.476980 -0.070106
v -0.518162 1.683960 -0.066854
v -0.422742 1.678240 -0.030911
v -0.478279 1.766678 -0.104821
v -0.365578 1.787947 -0.191163
v -0.295079 1.415083 -0.196971
v -0.358051 1.412186 -0.099411
v -0.365814 1.496827 -0.020915
v -0.251300 1.526685 0.006482
v -0.323807 1.582790 0.034688
v -0.329899 1.664027 0.001246
v -0.304255 1.746586 -0.046363
v -0.218034 1.659826 0.021657
v -0.257431 1.795288 -0.181941
v -0.210011 1.430553 -0.227753
v -0.206460 1.446733 -0.099449
v -0.152147 1.529160 -0.041980
v -0.140023 1.608678 0.013530
v -0.087905 1.525431 -0.094841
v -0.113229 1.696360 -0.027816
v -0.047819 1.726690 -0.099786
v -0.138349 1.781133 -0.085050
v -0.174018 1.810757 -0.238974
v -0.168762 1.414588 -0.304082
v -0.105331 1.442537 -0.196316
v -0.039481 1.525053 -0.155158
v 0.014533 1.523527 -0.259762
v 0.025948 1.604390 -0.170454
v 0.008779 1.692253 -0.175826
v -0.025420 1.776937 -0.225915
v 0.056978 1.656668 -0.279550
v -0.126400 1.794793 -0.339098
v -0.034645 1.423156 -0.340706
v 0.036774 1.506724 -0.368836
v 0.088069 1.589414 -0.355362
v 0.077362 1.673150 -0.396322
v 0.007705 1.757556 -0.404112
v -0.137511 1.409062 -0.449980
v 0.036462 1.531369 -0.540562
v -0.056736 1.463633 -0.564430
v 0.030851 1.642836 -0.565966
v -0.067250 1.691211 -0.619067
v -0.149772 1.779850 -0.510277
v -0.227164 1.418103 -0.524310
v -0.147614 1.472566 -0.638348
v -0.192803 1.551525 -0.718445
v -0.170633 1.700144 -0.686476
v -0.211872 1.658347 -0.736933
v -0.254315 1.788891 -0.577597
v -0.327216 1.434294 -0.539109
v -0.340007 1.567766 -0.723205
v -0.394870 1.504998 -0.657907
v -0.359882 1.674588 -0.740709
v -0.438283 1.732576 -0.680910
v -0.373956 1.805082 -0.568255
v -0.415453 1.414611 -0.503434
v -0.482109 1.483812 -0.621766
v -0.563095 1.527643 -0.613629
v -0.537114 1.711390 -0.616377
v -0.594058 1.634465 -0.603976
v -0.474689 1.785399 -0.502018
v -0.478509 1.412259 -0.426071
v -0.652655 1.525283 -0.490583
v -0.634724 1.479100 -0.421356
v -0.683716 1.632105 -0.479743
v -0.690658 1.706677 -0.385563
v -0.538574 1.783047 -0.395437
v -0.508145 1.433595 -0.323838
v -0.665005 1.502066 -0.319094
v -0.695393 1.568777 -0.227492
v -0.676216 1.729643 -0.267751
v -0.683676 1.675600 -0.201777
v -0.522273 1.804383 -0.276520
v -0.447717 1.420947 -0.235784
v -0.587549 1.556090 -0.108537
v -0.496733 1.476730 -0.112086
v -0.574518 1.662912 -0.082877
v -0.473871 1.704308 -0.061964
v -0.429086 1.791735 -0.189635
v -0.343405 1.408503 -0.181253
v -0.392405 1.463335 -0.058188
v -0.321012 1.530723 0.014692
v -0.355964 1.690913 -0.021699
v -0.294992 1.637545 0.027313
v -0.309483 1.779291 -0.149864
v -0.239503 1.429900 -0.181752
v -0.173764 1.552186 -0.001609
v -0.141255 1.506196 -0.074987
v -0.147347 1.659009 0.009938
v -0.094353 1.733774 -0.066079
v -0.195517 1.800688 -0.176870
v -0.168719 1.427640 -0.247651
v -0.072339 1.503398 -0.141754
v 0.001092 1.547333 -0.185324
v -0.017897 1.730976 -0.160956
v 0.034721 1.654155 -0.200664
v -0.117839 1.798428 -0.272891
v -0.121375 1.414895 -0.346772
v 0.051967 1.535122 -0.333931
v 0.026952 1.480765 -0.391725
v 0.084552 1.641945 -0.350211
v 0.055186 1.703698 -0.433996
v -0.095744 1.785683 -0.395316
vn -0.9978 0.0443 -0.0497
vn -0.6286 -0.3866 0.6749
vn -0.1283 0.1843 0.9745
vn 0.3971 0.0686 0.9152
vn 0.7192 -0.4221 0.5519
vn 0.9374 0.1398 0.3190
vn 0.7659 0.2694 -0.5838
vn 0.3890 -0.4325 -0.8134
vn 0.1204 -0.0241 -0.9924
vn -0.6608 0.3419 -0.6682
vn -0.7009 -0.6926 -0.1704
vn -0.9802 0.0858 0.1782
vn -0.5659 0.1351 0.8133
vn -0.0245 0.1395 0.9899
vn 0.4717 0.0958 0.8766
vn 0.7980 0.1702 0.5781
vn 0.9943 0.0949 0.0490
vn 0.7457 0.0602 -0.6635
vn 0.3983 0.1164 -0.9099
vn -0.1323 0.1314 -0.9825
vn -0.7339 0.0976 -0.6723
vn -0.9179 0.2257 -0.3265
vn -0.8361 0.3369 0.4330
vn -0.4870 0.1159 0.8657
vn 0.1665 0.4027 0.9001
vn 0.4229 0.4655 0.7775
vn 0.7957 0.1860 0.5765
vn 0.9230 0.2187 -0.3166
vn 0.6275 0.5110 -0.5874
vn 0.3296 0.2101 -0.9204
vn -0.2908 0.1119 -0.9502
vn -0.6989 0.4840 -0.5266
vn -0.9407 0.1731 -0.2918
vn -0.0071 -1.0000 0.0019
vn 0.0031 0.9999 -0.0096
vn 0.0780 -0.9962 0.0385
vn -0.0779 -0.9958 -0.0480
vn -0.6023 -0.4053 0.6878
vn -0.6151 0.5733 0.5412
vn -0.8523 0.5044 0.1383
vn -0.7826 0.1043 0.6138
vn -0.4436 0.6009 0.6650
vn -0.8271 -0.4322 0.3592
vn -0.6191 -0.4097 0.6700
vn -0.5238 -0.4000 0.7521
vn -0.6354 0.6026 0.4827
vn 0.2046 0.9612 -0.1853
vn 0.1582 0.9802 -0.1191
vn -0.1007 -0.9733 -0.2063
vn -0.5945 -0.3747 0.7115
vn -0.2237 0.6020 0.7665
vn 0.0286 0.5727 0.8193
vn -0.3291 0.0892 0.9401
vn -0.4220 -0.4157 0.8057
vn -0.0665 0.5599 0.8259
vn -0.0744 -0.3349 0.9393
vn 0.0981 0.9890 -0.1105
vn 0.0983 -0.9717 -0.2148
vn 0.1598 -0.5262 0.8352
vn 0.1748 0.5921 0.7867
vn 0.2238 0.1625 0.9610
vn 0.2207 0.5654 0.7947
vn 0.3288 -0.3727 0.8677
vn 0.5568 -0.3950 0.7307
vn 0.2999 0.5461 0.7821
vn -0.1875 0.9811 -0.0487
vn 0.0474 -0.9988 -0.0127
vn 0.7138 -0.3707 0.5943
vn 0.4142 0.5510 0.7245
vn 0.6669 0.5517 0.5009
vn 0.6826 0.1216 0.7206
vn 0.6946 -0.3812 0.6100
vn 0.4582 0.6033 0.6528
vn 0.7722 -0.3260 0.5454
vn -0.2643 0.9560 -0.1276
vn -0.1332 -0.9818 0.1356
vn 0.7292 -0.3594 0.5824
vn 0.7490 0.6086 0.2619
vn 0.8858 0.1883 0.4242
vn 0.7615 0.6448 0.0661
vn 0.8252 -0.4026 0.3962
vn 0.9083 -0.4181 -0.0107
vn 0.7825 0.5958 0.1807
vn -0.1631 0.9786 -0.1253
vn -0.1912 -0.9814 0.0137
vn 0.8989 -0.4376 -0.0241
vn 0.7743 0.5939 -0.2185
vn 0.6678 0.5159 -0.5366
vn 0.9209 0.0013 -0.3897
vn 0.8264 -0.4446 -0.3455
vn 0.6517 0.5571 -0.5147
vn 0.6635 -0.3881 -0.6396
vn -0.0094 0.9917 0.1284
vn -0.0650 -0.9971 -0.0396
vn 0.3687 -0.4216 -0.8284
vn 0.5193 0.5672 -0.6392
vn 0.5664 0.1157 -0.8159
vn 0.4163 0.5710 -0.7076
vn 0.3775 -0.3731 -0.8475
vn 0.2635 -0.4083 -0.8740
vn 0.5431 0.5565 -0.6288
vn -0.0040 0.9622 0.2723
vn 0.1662 -0.9846 0.0533
vn 0.4087 -0.3958 -0.8224
vn 0.2186 0.5597 -0.7994
vn -0.1700 0.5563 -0.8134
vn 0.1817 0.0694 -0.9809
vn 0.2298 -0.4330 -0.8716
vn 0.0675 0.6196 -0.7820
vn -0.0629 -0.3616 -0.9302
vn -0.0946 0.9693 0.2269
vn 0.1192 -0.9784 0.1687
vn -0.2143 -0.4571 -0.8632
vn -0.4578 0.6059 -0.6506
vn -0.4538 0.1654 -0.8756
vn -0.5587 0.5914 -0.5814
vn -0.4567 -0.4128 -0.7881
vn -0.6984 -0.4236 -0.5769
vn -0.6295 0.4938 -0.5999
vn 0.0616 0.9972 0.0434
vn 0.0096 -0.9920 0.1255
vn -0.9087 -0.3871 -0.1562
vn -0.6639 0.5921 -0.4568
vn -0.7474 0.5889 -0.3076
vn -0.8778 0.1780 -0.4447
vn -0.8551 -0.3549 -0.3778
vn -0.6685 0.5626 -0.4865
vn -0.9223 -0.2687 -0.2778
vn 0.2204 0.9739 -0.0542
vn -0.7066 -0.5445 -0.4520
vn -0.8086 0.5472 -0.2163
vn -0.9617 0.2144 -0.1708
vn -0.9135 -0.4067 -0.0088
vn -0.8292 0.5415 0.1389
vn 0.0778 -0.9939 0.0779
vn -0.7382 0.4858 0.4681
vn -0.5837 0.6200 0.5243
vn -0.7348 -0.3381 0.5880
vn -0.5858 -0.4611 0.6665
vn 0.1350 0.9581 -0.2527
vn -0.2439 -0.9461 -0.2130
vn -0.2073 0.6409 0.7391
vn -0.1647 0.5383 0.8265
vn -0.4167 -0.4459 0.7921
vn -0.3098 -0.3215 0.8948
vn 0.2945 0.9457 -0.1375
vn 0.0088 -0.9754 -0.2202
vn 0.1456 0.5505 0.8220
vn 0.1299 0.6068 0.7842
vn 0.1908 -0.2658 0.9449
vn 0.3856 -0.4676 0.7954
vn -0.0819 0.9899 -0.1160
vn 0.2278 -0.9429 -0.2432
vn 0.2624 0.6196 0.7398
vn 0.5762 0.4859 0.6572
vn 0.7066 -0.4105 0.5763
vn 0.7406 -0.2901 0.6061
vn -0.3371 0.9415 -0.0002
vn -0.1172 -0.9787 0.1688
vn 0.7519 0.5376 0.3817
vn 0.7051 0.6754 0.2159
vn 0.8184 -0.2919 0.4949
vn 0.8006 -0.4890 0.3462
vn -0.2243 0.9374 -0.2664
vn -0.1670 -0.9778 0.1262
vn 0.7048 0.6997 -0.1170
vn 0.7853 0.4751 -0.3969
vn 0.8216 -0.4016 -0.4047
vn 0.8060 -0.4003 -0.4361
vn -0.1391 0.9903 -0.0065
vn -0.2298 -0.9684 -0.0974
vn 0.5768 0.5054 -0.6418
vn 0.5298 0.5891 -0.6102
vn 0.5166 -0.2992 -0.8023
vn 0.2882 -0.4540 -0.8431
vn 0.1118 0.9468 0.3019
vn 0.1058 -0.9937 0.0364
vn 0.2583 0.6230 -0.7383
vn 0.1052 0.4930 -0.8636
vn 0.2094 -0.4619 -0.8618
vn 0.1456 -0.3499 -0.9254
vn -0.1170 0.9533 0.2783
vn 0.2510 -0.9647 0.0798
vn -0.3838 0.5455 -0.7451
vn -0.4433 0.6388 -0.6288
vn -0.3479 -0.3041 -0.8868
vn -0.4760 -0.5032 -0.7212
vn -0.0937 0.9707 0.2214
vn -0.0296 -0.9603 0.2775
vn -0.6081 0.6439 -0.4643
vn -0.7368 0.5451 -0.3999
vn -0.8291 -0.4262 -0.3620
vn -0.9110 -0.2325 -0.3406
vn 0.2361 0.9658 -0.1070
vn 0.0711 -0.9975 -0.0006
vn -0.8009 0.5606 -0.2105
vn -0.8416 0.4206 -0.3387
vn -0.9523 -0.2342 -0.1955
vn -0.8267 -0.5515 0.1110
vn 0.2298 0.9732 0.0028
s 1
usemtl LeafDeep
f 1670//1508 1673//1511 1771//1609 1672//1510
f 1638//1476 1674//1512 1771//1609 1673//1511
f 1637//1475 1672//1510 1771//1609 1674//1512
f 1637//1475 1676//1514 1772//1610 1675//1513
f 1648//1486 1677//1515 1772//1610 1676//1514
f 1649//1487 1675//1513 1772//1610 1677//1515
f 1637//1475 1675//1513 1773//1611 1674//1512
f 1649//1487 1678//1516 1773//1611 1675//1513
f 1638//1476 1674//1512 1773//1611 1678//1516
f 1648//1486 1679//1517 1774//1612 1677//1515
f 1659//1497 1680//1518 1774//1612 1679//1517
f 1649//1487 1677//1515 1774//1612 1680//1518
f 1649//1487 1680//1518 1775//1613 1681//1519
f 1659//1497 1682//1520 1775//1613 1680//1518
f 1660//1498 1681//1519 1775//1613 1682//1520
f 1671//1509 1684//1522 1776//1614 1683//1521
f 1659//1497 1682//1520 1776//1614 1684//1522
f 1660//1498 1683//1521 1776//1614 1682//1520
f 1670//1508 1685//1523 1777//1615 1673//1511
f 1639//1477 1686//1524 1777//1615 1685//1523
f 1638//1476 1673//1511 1777//1615 1686//1524
f 1638//1476 1678//1516 1778//1616 1686//1524
f 1649//1487 1687//1525 1778//1616 1678//1516
f 1639//1477 1686//1524 1778//1616 1687//1525
f 1639//1477 1687//1525 1779//1617 1688//1526
f 1649//1487 1689//1527 1779//1617 1687//1525
f 1650//1488 1688//1526 1779//1617 1689//1527
f 1649//1487 1681//1519 1780//1618 1690//1528
f 1660//1498 1691//1529 1780//1618 1681//1519
f 1661//1499 1690//1528 1780//1618 1691//1529
f 1649//1487 1690//1528 1781//1619 1689//1527
f 1661//1499 1692//1530 1781//1619 1690//1528
f 1650//1488 1689//1527 1781//1619 1692//1530
f 1671//1509 1683//1521 1782//1620 1693//1531
f 1660//1498 1691//1529 1782//1620 1683//1521
f 1661//1499 1693//1531 1782//1620 1691//1529
f 1670//1508 1694//1532 1783//1621 1685//1523
f 1640//1478 1695//1533 1783//1621 1694//1532
f 1639//1477 1685//1523 1783//1621 1695//1533
f 1639//1477 1688//1526 1784//1622 1696//1534
f 1650//1488 1697//1535 1784//1622 1688//1526
f 1651//1489 1696//1534 1784//1622 1697//1535
f 1639//1477 1696//1534 1785//1623 1695//1533
f 1651//1489 1698//1536 1785//1623 1696//1534
f 1640//1478 1695//1533 1785//1623 1698//1536
f 1650//1488 1692//1530 1786//1624 1697//1535
f 1661//1499 1699//1537 1786//1624 1692//1530
f 1651//1489 1697//1535 1786//1624 1699//1537
f 1651//1489 1699//1537 1787//1625 1700//1538
f 1661//1499 1701//1539 1787//1625 1699//1537
f 1662//1500 1700//1538 1787//1625 1701//1539
f 1671//1509 1693//1531 1788//1626 1702//1540
f 1661//1499 1701//1539 1788//1626 1693//1531
f 1662//1500 1702//1540 1788//1626 1701//1539
f 1670//1508 1703//1541 1789//1627 1694//1532
f 1641//1479 1704//1542 1789//1627 1703//1541
f 1640//1478 1694//1532 1789//1627 1704//1542
f 1640//1478 1698//1536 1790//1628 1704//1542
f 1651//1489 1705//1543 1790//1628 1698//1536
f 1641//1479 1704//1542 1790//1628 1705//1543
f 1641//1479 1705//1543 1791//1629 1706//1544
f 1651//1489 1707//1545 1791//1629 1705//1543
f 1652//1490 1706//1544 1791//1629 1707//1545
f 1651//1489 1700//1538 1792//1630 1708//1546
f 1662//1500 1709//1547 1792//1630 1700//1538
f 1663//1501 1708//1546 1792//1630 1709//1547
f 1651//1489 1708//1546 1793//1631 1707//1545
f 1663//1501 1710//1548 1793//1631 1708//1546
f 1652//1490 1707//1545 1793//1631 1710//1548
f 1671//1509 1702//1540 1794//1632 1711//1549
f 1662//1500 1709//1547 1794//1632 1702//1540
f 1663//1501 1711//1549 1794//1632 1709//1547
f 1670//1508 1712//1550 1795//1633 1703//1541
f 1642//1480 1713//1551 1795//1633 1712//1550
f 1641//1479 1703//1541 1795//1633 1713//1551
f 1641//1479 1706//1544 1796//1634 1714//1552
f 1652//1490 1715//1553 1796//1634 1706//1544
f 1653//1491 1714//1552 1796//1634 1715//1553
f 1641//1479 1714//1552 1797//1635 1713//1551
f 1653//1491 1716//1554 1797//1635 1714//1552
f 1642//1480 1713//1551 1797//1635 1716//1554
f 1652//1490 1710//1548 1798//1636 1715//1553
f 1663//1501 1717//1555 1798//1636 1710//1548
f 1653//1491 1715//1553 1798//1636 1717//1555
f 1653//1491 1717//1555 1799//1637 1718//1556
f 1663//1501 1719//1557 1799//1637 1717//1555
f 1664//1502 1718//1556 1799//1637 1719//1557
f 1671//1509 1711//1549 1800//1638 1720//1558
f 1663//1501 1719//1557 1800//1638 1711//1549
f 1664//1502 1720//1558 1800//1638 1719//1557
f 1670//1508 1721//1559 1801//1639 1712//1550
f 1643//1481 1722//1560 1801//1639 1721//1559
f 1642//1480 1712//1550 1801//1639 1722//1560
f 1642//1480 1716//1554 1802//1640 1722//1560
f 1653//1491 1723//1561 1802//1640 1716//1554
f 1643//1481 1722//1560 1802//1640 1723//1561
f 1643//1481 1723//1561 1803//1641 1724//1562
f 1653//1491 1725//1563 1803//1641 1723//1561
f 1654//1492 1724//1562 1803//1641 1725//1563
f 1653//1491 1718//1556 1804//1642 1726//1564
f 1664//1502 1727//1565 1804//1642 1718//1556
f 1665//1503 1726//1564 1804//1642 1727//1565
f 1653//1491 1726//1564 1805//1643 1725//1563
f 1665//1503 1728//1566 1805//1643 1726//1564
f 1654//1492 1725//1563 1805//1643 1728//1566
f 1671//1509 1720//1558 1806//1644 1729//1567
f 1664//1502 1727//1565 1806//1644 1720//1558
f 1665//1503 1729//1567 1806//1644 1727//1565
f 1670//1508 1730//1568 1807//1645 1721//1559
f 1644//1482 1731//1569 1807//1645 1730//1568
f 1643//1481 1721//1559 1807//1645 1731//1569
f 1643//1481 1724//1562 1808//1646 1732//1570
f 1654//1492 1733//1571 1808//1646 1724//1562
f 1655//1493 1732//1570 1808//1646 1733//1571
f 1643//1481 1732//1570 1809//1647 1731//1569
f 1655//1493 1734//1572 1809//1647 1732//1570
f 1644//1482 1731//1569 1809//1647 1734//1572
f 1654//1492 1728//1566 1810//1648 1733//1571
f 1665//1503 1735//1573 1810//1648 1728//1566
f 1655//1493 1733//1571 1810//1648 1735//1573
f 1655//1493 1735//1573 1811//1649 1736//1574
f 1665//1503 1737//1575 1811//1649 1735//1573
f 1666//1504 1736//1574 1811//1649 1737//1575
f 1671//1509 1729//1567 1812//1650 1738//1576
f 1665//1503 1737//1575 1812//1650 1729//1567
f 1666//1504 1738//1576 1812//1650 1737//1575
f 1670//1508 1739//1577 1813//1651 1730//1568
f 1645//1483 1740//1578 1813//1651 1739//1577
f 1644//1482 1730//1568 1813//1651 1740//1578
f 1644//1482 1734//1572 1814//1652 1740//1578
f 1655//1493 1741//1579 1814//1652 1734//1572
f 1645//1483 1740//1578 1814//1652 1741//1579
f 1645//1483 1741//1579 1815//1653 1742//1580
f 1655//1493 1743//1581 1815//1653 1741//1579
f 1656//1494 1742//1580 1815//1653 1743//1581
f 1655//1493 1736//1574 1816//1654 1744//1582
f 1666//1504 1745//1583 1816//1654 1736//1574
f 1667//1505 1744//1582 1816//1654 1745//1583
f 1655//1493 1744//1582 1817//1655 1743//1581
f 1667//1505 1746//1584 1817//1655 1744//1582
f 1656//1494 1743//1581 1817//1655 1746//1584
f 1671//1509 1738//1576 1818//1656 1747//1585
f 1666//1504 1745//1583 1818//1656 1738//1576
f 1667//1505 1747//1585 1818//1656 1745//1583
f 1670//1508 1748//1586 1819//1657 1739//1577
f 1646//1484 1749//1587 1819//1657 1748//1586
f 1645//1483 1739//1577 1819//1657 1749//1587
f 1645//1483 1742//1580 1820//1658 1750//1588
f 1656//1494 1751//1589 1820//1658 1742//1580
f 1657//1495 1750//1588 1820//1658 1751//1589
f 1645//1483 1750//1588 1821//1659 1749//1587
f 1657//1495 1752//1590 1821//1659 1750//1588
f 1646//1484 1749//1587 1821//1659 1752//1590
f 1656//1494 1746//1584 1822//1660 1751//1589
f 1667//1505 1753//1591 1822//1660 1746//1584
f 1657//1495 1751//1589 1822//1660 1753//1591
f 1657//1495 1753//1591 1823//1661 1754//1592
f 1667//1505 1755//1593 1823//1661 1753//1591
f 1668//1506 1754//1592 1823//1661 1755//1593
f 1671//1509 1747//1585 1824//1662 1756//1594
f 1667//1505 1755//1593 1824//1662 1747//1585
f 1668//1506 1756//1594 1824//1662 1755//1593
f 1670//1508 1757//1595 1825//1663 1748//1586
f 1647//1485 1758//1596 1825//1663 1757//1595
f 1646//1484 1748//1586 1825//1663 1758//1596
f 1646//1484 1752//1590 1826//1664 1758//1596
f 1657//1495 1759//1597 1826//1664 1752//1590
f 1647//1485 1758//1596 1826//1664 1759//1597
f 1647//1485 1759//1597 1827//1665 1760//1598
f 1657//1495 1761//1599 1827//1665 1759//1597
f 1658//1496 1760//1598 1827//1665 1761//1599
f 1657//1495 1754//1592 1828//1666 1762//1600
f 1668//1506 1763//1601 1828//1666 1754//1592
f 1669//1507 1762//1600 1828//1666 1763//1601
f 1657//1495 1762//1600 1829//1667 1761//1599
f 1669//1507 1764//1602 1829//1667 1762//1600
f 1658//1496 1761//1599 1829//1667 1764//1602
f 1671//1509 1756//1594 1830//1668 1765//1603
f 1668//1506 1763//1601 1830//1668 1756//1594
f 1669//1507 1765//1603 1830//1668 1763//1601
f 1670//1508 1672//1510 1831//1669 1757//1595
f 1637//1475 1766//1604 1831//1669 1672//1510
f 1647//1485 1757//1595 1831//1669 1766//1604
f 1647//1485 1760//1598 1832//1670 1767//1605
f 1658//1496 1768//1606 1832//1670 1760//1598
f 1648//1486 1767//1605 1832//1670 1768//1606
f 1647//1485 1767//1605 1833//1671 1766//1604
f 1648//1486 1676//1514 1833//1671 1767//1605
f 1637//1475 1766//1604 1833//1671 1676//1514
f 1658//1496 1764//1602 1834//1672 1768//1606
f 1669//1507 1769//1607 1834//1672 1764//1602
f 1648//1486 1768//1606 1834//1672 1769//1607
f 1648//1486 1769//1607 1835//1673 1679//1517
f 1669//1507 1770//1608 1835//1673 1769//1607
f 1659//1497 1679//1517 1835//1673 1770//1608
f 1671//1509 1765//1603 1836//1674 1684//1522
f 1669//1507 1770//1608 1836//1674 1765//1603
f 1659//1497 1684//1522 1836//1674 1770//1608
o crown_contour_leaf.027
v 0.008062 1.748794 -0.412471
v 0.014355 1.731704 -0.450648
v 0.029389 1.721739 -0.478730
v 0.068806 1.724451 -0.493380
v 0.106963 1.733041 -0.495359
v 0.100614 1.748721 -0.460039
v 0.080691 1.760884 -0.424956
v 0.049241 1.758323 -0.414081
v 0.010257 1.740030 -0.408186
v 0.016551 1.722940 -0.446362
v 0.031584 1.712975 -0.474445
v 0.071002 1.715686 -0.489094
v 0.109159 1.724277 -0.491074
v 0.102810 1.739956 -0.455754
v 0.082887 1.752120 -0.420670
v 0.051437 1.749558 -0.409796
vn 0.2196 -0.8764 0.4285
vn -0.2196 0.8764 -0.4285
vn -0.9642 -0.2619 -0.0417
vn -0.8654 -0.3778 -0.3292
vn -0.2771 -0.4772 -0.8340
vn 0.0497 -0.4286 -0.9021
vn 0.9620 0.2675 0.0542
vn 0.8534 0.3854 0.3510
vn 0.2527 0.4754 0.8427
vn -0.0632 0.4256 0.9027
s 0
usemtl LeafDeep
f 1837//1675 1838//1675 1839//1675 1840//1675 1841//1675 1842//1675 1843//1675 1844//1675
f 1852//1676 1851//1676 1850//1676 1849//1676 1848//1676 1847//1676 1846//1676 1845//1676
f 1837//1677 1838//1677 1846//1677 1845//1677
f 1838//1678 1839//1678 1847//1678 1846//1678
f 1839//1679 1840//1679 1848//1679 1847//1679
f 1840//1680 1841//1680 1849//1680 1848//1680
f 1841//1681 1842//1681 1850//1681 1849//1681
f 1842//1682 1843//1682 1851//1682 1850//1682
f 1843//1683 1844//1683 1852//1683 1851//1683
f 1844//1684 1837//1684 1845//1684 1852//1684
o crown_contour_leaf.028
v -0.392455 1.604179 -0.382919
v -0.440342 1.609468 -0.371974
v -0.479214 1.609459 -0.375255
v -0.510556 1.597616 -0.411359
v -0.526294 1.583707 -0.451997
v -0.481805 1.579011 -0.461550
v -0.432843 1.579451 -0.456207
v -0.408810 1.589063 -0.427021
v -0.392734 1.594755 -0.379585
v -0.440621 1.600044 -0.368641
v -0.479493 1.600035 -0.371922
v -0.510835 1.588192 -0.408026
v -0.526574 1.574283 -0.448664
v -0.482084 1.569587 -0.458216
v -0.433122 1.570027 -0.452874
v -0.409089 1.579639 -0.423688
vn -0.0279 -0.9424 0.3333
vn 0.0279 0.9424 -0.3333
vn 0.2445 0.3169 0.9164
vn -0.0793 0.3345 0.9390
vn -0.7709 0.2326 0.5929
vn -0.9385 0.1395 0.3158
vn -0.2310 -0.3184 -0.9194
vn 0.1052 -0.3344 -0.9365
vn 0.7872 -0.2262 -0.5737
vn 0.9432 -0.1353 -0.3034
s 0
usemtl LeafDeep
f 1853//1685 1854//1685 1855//1685 1856//1685 1857//1685 1858//1685 1859//1685 1860//1685
f 1868//1686 1867//1686 1866//1686 1865//1686 1864//1686 1863//1686 1862//1686 1861//1686
f 1853//1687 1854//1687 1862//1687 1861//1687
f 1854//1688 1855//1688 1863//1688 1862//1688
f 1855//1689 1856//1689 1864//1689 1863//1689
f 1856//1690 1857//1690 1865//1690 1864//1690
f 1857//1691 1858//1691 1866//1691 1865//1691
f 1858//1692 1859//1692 1867//1692 1866//1692
f 1859//1693 1860//1693 1868//1693 1867//1693
f 1860//1694 1853//1694 1861//1694 1868//1694
o crown_contour_leaf.029
v -0.131471 1.723454 -0.092606
v -0.104739 1.734841 -0.044132
v -0.092627 1.733463 -0.001184
v -0.109228 1.703145 0.043345
v -0.135301 1.668272 0.072367
v -0.159651 1.658232 0.027151
v -0.173954 1.661022 -0.027303
v -0.160042 1.685581 -0.061893
v -0.123774 1.715686 -0.095026
v -0.097042 1.727072 -0.046552
v -0.084930 1.725695 -0.003604
v -0.101531 1.695377 0.040926
v -0.127605 1.660504 0.069948
v -0.151954 1.650463 0.024732
v -0.166257 1.653254 -0.029723
v -0.152345 1.677812 -0.064313
vn 0.6872 -0.6936 -0.2160
vn -0.6872 0.6936 0.2160
vn 0.5514 0.6916 -0.4665
vn 0.6739 0.7197 -0.1670
vn 0.6641 0.4792 0.5739
vn 0.5287 0.2735 0.8036
vn -0.5579 -0.6943 0.4546
vn -0.6807 -0.7187 0.1420
vn -0.6562 -0.4651 -0.5942
vn -0.5217 -0.2642 -0.8112
s 0
usemtl LeafDeep
f 1869//1695 1870//1695 1871//1695 1872//1695 1873//1695 1874//1695 1875//1695 1876//1695
f 1884//1696 1883//1696 1882//1696 1881//1696 1880//1696 1879//1696 1878//1696 1877//1696
f 1869//1697 1870//1697 1878//1697 1877//1697
f 1870//1698 1871//1698 1879//1698 1878//1698
f 1871//1699 1872//1699 1880//1699 1879//1699
f 1872//1700 1873//1700 1881//1700 1880//1700
f 1873//1701 1874//1701 1882//1701 1881//1701
f 1874//1702 1875//1702 1883//1702 1882//1702
f 1875//1703 1876//1703 1884//1703 1883//1703
f 1876//1704 1869//1704 1877//1704 1884//1704
o crown_contour_leaf.030
v -0.247251 1.579502 -0.519262
v -0.249476 1.563054 -0.571730
v -0.238946 1.548897 -0.616349
v -0.196525 1.535264 -0.657904
v -0.152398 1.526925 -0.682524
v -0.150955 1.542246 -0.633677
v -0.165446 1.560159 -0.577274
v -0.199496 1.570713 -0.545159
v -0.247382 1.569962 -0.516266
v -0.249607 1.553515 -0.568734
v -0.239077 1.539357 -0.613353
v -0.196656 1.525724 -0.654908
v -0.152529 1.517386 -0.679528
v -0.151086 1.532706 -0.630681
v -0.165577 1.550619 -0.574278
v -0.199627 1.561173 -0.542163
vn -0.0131 -0.9540 0.2996
vn 0.0131 0.9540 -0.2996
vn -0.9991 0.0246 0.0347
vn -0.9755 -0.0536 -0.2132
vn -0.7177 -0.1997 -0.6671
vn -0.5074 -0.2518 -0.8241
vn 0.9995 -0.0209 -0.0230
vn 0.9712 0.0591 0.2307
vn 0.7044 0.2038 0.6799
vn 0.4968 0.2538 0.8299
s 0
usemtl LeafDeep
f 1885//1705 1886//1705 1887//1705 1888//1705 1889//1705 1890//1705 1891//1705 1892//1705
f 1900//1706 1899//1706 1898//1706 1897//1706 1896//1706 1895//1706 1894//1706 1893//1706
f 1885//1707 1886//1707 1894//1707 1893//1707
f 1886//1708 1887//1708 1895//1708 1894//1708
f 1887//1709 1888//1709 1896//1709 1895//1709
f 1888//1710 1889//1710 1897//1710 1896//1710
f 1889//1711 1890//1711 1898//1711 1897//1711
f 1890//1712 1891//1712 1899//1712 1898//1712
f 1891//1713 1892//1713 1900//1713 1899//1713
f 1892//1714 1885//1714 1893//1714 1900//1714
o crown_contour_leaf.031
v -0.749958 1.663033 -0.203777
v -0.749037 1.643725 -0.162424
v -0.759558 1.632716 -0.131646
v -0.799031 1.636667 -0.114501
v -0.839700 1.647280 -0.111050
v -0.839985 1.664982 -0.149327
v -0.825613 1.678385 -0.187817
v -0.793954 1.674780 -0.200620
v -0.752587 1.654269 -0.207810
v -0.751667 1.634960 -0.166458
v -0.762187 1.623951 -0.135680
v -0.801660 1.627903 -0.118535
v -0.842329 1.638516 -0.115084
v -0.842614 1.656217 -0.153360
v -0.828242 1.669620 -0.191851
v -0.796584 1.666015 -0.204654
vn -0.2629 -0.8764 -0.4034
vn 0.2629 0.8764 0.4034
vn 0.9646 -0.2301 -0.1289
vn 0.9149 -0.3593 0.1842
vn 0.3108 -0.4727 0.8246
vn -0.0298 -0.4105 0.9114
vn -0.9648 0.2359 0.1163
vn -0.9057 0.3683 -0.2099
vn -0.2844 0.4699 -0.8356
vn 0.0432 0.4070 -0.9124
s 0
usemtl LeafDeep
f 1901//1715 1902//1715 1903//1715 1904//1715 1905//1715 1906//1715 1907//1715 1908//1715
f 1916//1716 1915//1716 1914//1716 1913//1716 1912//1716 1911//1716 1910//1716 1909//1716
f 1901//1717 1902//1717 1910//1717 1909//1717
f 1902//1718 1903//1718 1911//1718 1910//1718
f 1903//1719 1904//1719 1912//1719 1911//1719
f 1904//1720 1905//1720 1913//1720 1912//1720
f 1905//1721 1906//1721 1914//1721 1913//1721
f 1906//1722 1907//1722 1915//1722 1914//1722
f 1907//1723 1908//1723 1916//1723 1915//1723
f 1908//1724 1901//1724 1909//1724 1916//1724
o crown_contour_leaf.032
v 0.023072 1.526026 -0.265001
v 0.057834 1.532773 -0.304078
v 0.092519 1.533450 -0.323915
v 0.138275 1.520792 -0.307229
v 0.173219 1.505555 -0.276867
v 0.140596 1.499530 -0.241165
v 0.096264 1.499155 -0.217360
v 0.060380 1.509453 -0.231621
v 0.021369 1.515471 -0.268339
v 0.056131 1.522218 -0.307415
v 0.090817 1.522895 -0.327252
v 0.136572 1.510238 -0.310566
v 0.171516 1.495000 -0.280204
v 0.138894 1.488975 -0.244502
v 0.094561 1.488600 -0.220697
v 0.058677 1.498898 -0.234958
vn -0.1520 -0.9424 -0.2980
vn 0.1520 0.9424 0.2980
vn -0.7364 0.3091 -0.6018
vn -0.4728 0.3341 -0.8154
vn 0.3874 0.2205 -0.8951
vn 0.6803 0.1189 -0.7232
vn 0.7272 -0.3108 0.6120
vn 0.4480 -0.3344 0.8291
vn -0.4131 -0.2133 0.8854
vn -0.6902 -0.1146 0.7145
s 0
usemtl LeafDeep
f 1917//1725 1918//1725 1919//1725 1920//1725 1921//1725 1922//1725 1923//1725 1924//1725
f 1932//1726 1931//1726 1930//1726 1929//1726 1928//1726 1927//1726 1926//1726 1925//1726
f 1917//1727 1918//1727 1926//1727 1925//1727
f 1918//1728 1919//1728 1927//1728 1926//1728
f 1919//1729 1920//1729 1928//1729 1927//1729
f 1920//1730 1921//1730 1929//1730 1928//1730
f 1921//1731 1922//1731 1930//1731 1929//1731
f 1922//1732 1923//1732 1931//1732 1930//1732
f 1923//1733 1924//1733 1932//1733 1931//1733
f 1924//1734 1917//1734 1925//1734 1932//1734
o crown_contour_leaf.033
v -0.400716 1.640024 -0.446116
v -0.438417 1.645253 -0.479445
v -0.464350 1.640978 -0.513531
v -0.472416 1.614101 -0.560351
v -0.467827 1.584842 -0.596870
v -0.433038 1.580416 -0.565550
v -0.400838 1.586647 -0.521917
v -0.395228 1.608308 -0.485148
v -0.406003 1.633088 -0.441223
v -0.443704 1.638317 -0.474553
v -0.469637 1.634042 -0.508638
v -0.477703 1.607165 -0.555458
v -0.473114 1.577906 -0.591978
v -0.438326 1.573480 -0.560658
v -0.406125 1.579711 -0.517025
v -0.400516 1.601372 -0.480256
vn -0.5287 -0.6936 0.4893
vn 0.5287 0.6936 -0.4893
vn -0.4064 0.7129 0.5715
vn -0.5979 0.7135 0.3654
vn -0.8358 0.5258 -0.1578
vn -0.8432 0.3629 -0.3967
vn 0.4160 -0.7142 -0.5630
vn 0.6103 -0.7113 -0.3488
vn 0.8387 -0.5154 0.1757
vn 0.8418 -0.3548 0.4067
s 0
usemtl LeafDeep
f 1933//1735 1934//1735 1935//1735 1936//1735 1937//1735 1938//1735 1939//1735 1940//1735
f 1948//1736 1947//1736 1946//1736 1945//1736 1944//1736 1943//1736 1942//1736 1941//1736
f 1933//1737 1934//1737 1942//1737 1941//1737
f 1934//1738 1935//1738 1943//1738 1942//1738
f 1935//1739 1936//1739 1944//1739 1943//1739
f 1936//1740 1937//1740 1945//1740 1944//1740
f 1937//1741 1938//1741 1946//1741 1945//1741
f 1938//1742 1939//1742 1947//1742 1946//1742
f 1939//1743 1940//1743 1948//1743 1947//1743
f 1940//1744 1933//1744 1941//1744 1948//1744
o leafy_twig.005
v -0.890528 1.228586 0.265742
v -0.025396 1.619221 -0.206148
v -0.897941 1.220214 0.244817
v -0.027787 1.616521 -0.212898
v -0.894844 1.200000 0.232785
v -0.026789 1.610000 -0.216779
v -0.883052 1.179786 0.236696
v -0.022985 1.603479 -0.215517
v -0.869472 1.171414 0.254257
v -0.018604 1.600779 -0.209852
v -0.862059 1.179786 0.275183
v -0.016213 1.603479 -0.203102
v -0.865156 1.200000 0.287215
v -0.017211 1.610000 -0.199221
v -0.876948 1.220214 0.283304
v -0.021015 1.616521 -0.200482
vn -0.7699 0.4805 0.4199
vn 0.2546 0.9570 -0.1389
vn -0.9570 0.2692 -0.1082
vn 0.0704 0.7490 -0.6589
vn -0.8788 -0.2409 -0.4118
vn 0.1474 0.2467 -0.9578
vn -0.5812 -0.7511 -0.3131
vn 0.4404 -0.2556 -0.8607
vn -0.2385 -0.9624 0.1301
vn 0.7778 -0.4636 -0.4243
vn -0.0514 -0.7511 0.6582
vn 0.9620 -0.2556 0.0957
vn -0.1295 -0.2409 0.9619
vn 0.8851 0.2467 0.3947
vn -0.4272 0.2692 0.8632
vn 0.5921 0.7490 0.2975
vt 1.000000 0.500000
vt 1.000000 1.000000
vt 0.875000 1.000000
vt 0.875000 0.500000
vt 0.750000 1.000000
vt 0.750000 0.500000
vt 0.625000 1.000000
vt 0.625000 0.500000
vt 0.500000 1.000000
vt 0.500000 0.500000
vt 0.375000 1.000000
vt 0.375000 0.500000
vt 0.250000 1.000000
vt 0.250000 0.500000
vt 0.419706 0.419706
vt 0.250000 0.490000
vt 0.080294 0.419706
vt 0.010000 0.250000
vt 0.080294 0.080294
vt 0.250000 0.010000
vt 0.419706 0.080294
vt 0.490000 0.250000
vt 0.125000 1.000000
vt 0.125000 0.500000
vt 0.000000 1.000000
vt 0.000000 0.500000
vt 0.750000 0.490000
vt 0.919706 0.419706
vt 0.990000 0.250000
vt 0.919706 0.080294
vt 0.750000 0.010000
vt 0.580294 0.080294
vt 0.510000 0.250000
vt 0.580294 0.419706
s 1
usemtl WeatheredBark
f 1949/847/1745 1950/848/1746 1952/849/1748 1951/850/1747
f 1951/850/1747 1952/849/1748 1954/851/1750 1953/852/1749
f 1953/852/1749 1954/851/1750 1956/853/1752 1955/854/1751
f 1955/854/1751 1956/853/1752 1958/855/1754 1957/856/1753
f 1957/856/1753 1958/855/1754 1960/857/1756 1959/858/1755
f 1959/858/1755 1960/857/1756 1962/859/1758 1961/860/1757
f 1952/861/1748 1950/862/1746 1964/863/1760 1962/864/1758 1960/865/1756 1958/866/1754 1956/867/1752 1954/868/1750
f 1961/860/1757 1962/859/1758 1964/869/1760 1963/870/1759
f 1963/870/1759 1964/869/1760 1950/871/1746 1949/872/1745
f 1949/873/1745 1951/874/1747 1953/875/1749 1955/876/1751 1957/877/1753 1959/878/1755 1961/879/1757 1963/880/1759
o solid_leaf_crown_lobe.005
v 0.494930 1.482996 -0.376088
v 0.421172 1.530174 -0.513572
v 0.309939 1.475247 -0.618414
v 0.145783 1.466686 -0.615979
v 0.018330 1.527632 -0.515217
v -0.086851 1.493344 -0.381542
v -0.023210 1.456504 -0.220141
v 0.069609 1.516693 -0.106839
v 0.217267 1.511217 -0.076170
v 0.359579 1.454878 -0.100199
v 0.474022 1.499963 -0.215967
v 0.593826 1.657131 -0.408419
v 0.498029 1.683629 -0.620418
v 0.298012 1.648457 -0.738780
v 0.076241 1.643242 -0.714578
v -0.117093 1.682487 -0.558456
v -0.188647 1.660201 -0.352924
v -0.109343 1.636282 -0.132665
v 0.033415 1.675053 0.011075
v 0.256356 1.671824 0.035748
v 0.458830 1.635731 -0.029156
v 0.608329 1.659119 -0.208449
v 0.509390 1.817396 -0.450265
v 0.441642 1.864574 -0.591839
v 0.243675 1.809647 -0.681602
v 0.069889 1.801086 -0.636968
v -0.102978 1.862032 -0.490291
v -0.090959 1.827744 -0.317878
v -0.038569 1.790904 -0.133233
v 0.090679 1.851093 -0.032835
v 0.284168 1.845617 -0.036251
v 0.452653 1.789278 -0.103292
v 0.575323 1.834363 -0.265667
v 0.219485 1.465455 -0.340003
v 0.209196 1.885988 -0.329571
v 0.376546 1.478683 -0.359556
v 0.337732 1.490613 -0.441567
v 0.458051 1.506585 -0.444830
v 0.515947 1.588714 -0.504824
v 0.548208 1.573525 -0.411961
v 0.562866 1.668895 -0.516961
v 0.462347 1.585458 -0.564048
v 0.564096 1.740725 -0.446623
v 0.523823 1.756689 -0.542409
v 0.465436 1.786718 -0.609245
v 0.475516 1.840985 -0.521052
v 0.334976 1.870818 -0.481381
v 0.388650 1.858888 -0.396776
v 0.269002 1.472436 -0.497375
v 0.365556 1.502710 -0.565993
v 0.409467 1.585168 -0.637734
v 0.306070 1.581028 -0.703781
v 0.390615 1.664181 -0.704305
v 0.385155 1.752368 -0.670854
v 0.342659 1.837110 -0.636720
v 0.279866 1.714169 -0.728877
v 0.230645 1.852640 -0.527272
v 0.178711 1.469616 -0.496810
v 0.227861 1.470966 -0.617197
v 0.195635 1.555458 -0.691893
v 0.203799 1.640393 -0.748290
v 0.116820 1.540939 -0.663112
v 0.161417 1.722658 -0.719082
v 0.067582 1.742198 -0.675375
v 0.156782 1.805366 -0.659285
v 0.123607 1.849821 -0.503558
v 0.100457 1.489687 -0.442546
v 0.082056 1.497159 -0.565598
v 0.030503 1.581444 -0.628720
v -0.074220 1.617680 -0.550054
v -0.046366 1.669626 -0.635608
v -0.025503 1.748644 -0.621031
v -0.016545 1.831559 -0.563630
v -0.122142 1.750821 -0.540147
v 0.037541 1.869891 -0.422656
v 0.051576 1.478395 -0.362342
v -0.034260 1.510488 -0.448379
v -0.112842 1.593919 -0.446206
v -0.166695 1.679615 -0.476070
v -0.130503 1.559633 -0.369164
v -0.161585 1.761119 -0.429744
v -0.145761 1.760892 -0.332390
v -0.096969 1.844888 -0.404084
v 0.030287 1.858600 -0.319897
v 0.076025 1.466264 -0.272445
v -0.055030 1.474924 -0.300841
v -0.126838 1.558636 -0.278778
v -0.087717 1.567915 -0.161145
v -0.156010 1.639922 -0.220871
v -0.133643 1.725836 -0.237781
v -0.064764 1.809324 -0.225555
v -0.093722 1.701056 -0.126627
v 0.065498 1.846468 -0.218040
v 0.134529 1.486084 -0.207438
v 0.023200 1.486598 -0.163490
v -0.013839 1.569562 -0.088981
v -0.058263 1.648670 -0.058138
v 0.050292 1.576005 -0.051832
v -0.017702 1.736762 -0.046920
v 0.063909 1.777264 -0.009400
v 0.026055 1.820998 -0.083034
v 0.142448 1.866289 -0.159319
v 0.217818 1.484281 -0.186094
v 0.143438 1.513955 -0.091505
v 0.124248 1.596702 -0.012710
v 0.241283 1.606195 0.005602
v 0.159290 1.679203 0.038786
v 0.152947 1.763902 0.010751
v 0.187424 1.848355 -0.034543
v 0.267875 1.739336 0.021476
v 0.250422 1.864486 -0.157323
v 0.301491 1.465632 -0.204351
v 0.288423 1.483047 -0.088184
v 0.340449 1.567775 -0.028837
v 0.346986 1.656042 0.021842
v 0.404675 1.532659 -0.065742
v 0.376584 1.734975 -0.013366
v 0.458905 1.733919 -0.067962
v 0.368411 1.817448 -0.069771
v 0.349900 1.845837 -0.201023
v 0.364003 1.476591 -0.269557
v 0.416801 1.477421 -0.158083
v 0.485109 1.562097 -0.112596
v 0.566319 1.593698 -0.206612
v 0.562635 1.649088 -0.122061
v 0.534860 1.729297 -0.132600
v 0.513988 1.811821 -0.184480
v 0.606431 1.726839 -0.226349
v 0.409807 1.856796 -0.291807
v 0.484476 1.491480 -0.296027
v 0.555442 1.576015 -0.317872
v 0.619189 1.659907 -0.299979
v 0.597214 1.742441 -0.345043
v 0.542356 1.825880 -0.357966
v 0.383467 1.490352 -0.412031
v 0.549622 1.610281 -0.485971
v 0.482934 1.566109 -0.510452
v 0.555732 1.721748 -0.510413
v 0.493657 1.793686 -0.562144
v 0.390885 1.861140 -0.460006
v 0.319814 1.487414 -0.494996
v 0.419374 1.563526 -0.592806
v 0.379051 1.607095 -0.686911
v 0.404311 1.791103 -0.640988
v 0.359088 1.713917 -0.707306
v 0.298984 1.858202 -0.539063
v 0.225223 1.467753 -0.529642
v 0.229811 1.587372 -0.722740
v 0.175543 1.524142 -0.663281
v 0.208510 1.694195 -0.742339
v 0.126473 1.751720 -0.690994
v 0.171725 1.838541 -0.554035
v 0.125014 1.483976 -0.494843
v 0.075763 1.541604 -0.627321
v -0.029506 1.620442 -0.615327
v 0.009109 1.769182 -0.626887
v -0.067626 1.727264 -0.608003
v 0.053591 1.854764 -0.489117
v 0.046073 1.492231 -0.414421
v -0.126656 1.628724 -0.487935
v -0.100328 1.558141 -0.419508
v -0.163780 1.735546 -0.479435
v -0.142347 1.785719 -0.388771
v -0.001711 1.863019 -0.379569
v 0.031746 1.470204 -0.313089
v -0.113236 1.534432 -0.318505
v -0.132153 1.583822 -0.224117
v -0.121410 1.762010 -0.267968
v -0.136903 1.690644 -0.196677
v 0.019153 1.840992 -0.257118
v 0.084489 1.477435 -0.219239
v -0.053936 1.591075 -0.093518
v 0.017724 1.548915 -0.094056
v -0.058337 1.697897 -0.065935
v 0.020557 1.776493 -0.039864
v 0.082553 1.848223 -0.159756
v 0.167508 1.494378 -0.169341
v 0.100242 1.567153 -0.045515
v 0.167150 1.625614 0.017197
v 0.129353 1.794730 -0.006333
v 0.187885 1.732436 0.030422
v 0.193200 1.865166 -0.125795
v 0.267044 1.475236 -0.167162
v 0.317223 1.606412 0.004171
v 0.349851 1.528808 -0.056362
v 0.338958 1.713234 0.016325
v 0.404583 1.756386 -0.044777
v 0.317357 1.846024 -0.150142
v 0.354970 1.471173 -0.215559
v 0.437628 1.525057 -0.104790
v 0.542340 1.598549 -0.136521
v 0.503349 1.752634 -0.121834
v 0.574585 1.705371 -0.151750
v 0.416180 1.841961 -0.229226
v 0.401039 1.480418 -0.309765
v 0.588162 1.607390 -0.279670
v 0.531196 1.545465 -0.344101
v 0.619315 1.714212 -0.295886
v 0.569783 1.768399 -0.385393
v 0.436491 1.851206 -0.347781
vn -0.9599 -0.2754 0.0522
vn -0.7559 0.1890 0.6268
vn -0.2383 -0.0702 0.9687
vn 0.2407 -0.1947 0.9509
vn 0.7862 -0.0318 0.6172
vn 0.9889 -0.0259 0.1461
vn 0.8352 -0.3549 -0.4202
vn 0.4650 0.2329 -0.8541
vn -0.1298 -0.1140 -0.9850
vn -0.4167 -0.3092 -0.8548
vn -0.9156 0.1106 -0.3865
vn -0.9566 0.1666 0.2389
vn -0.7366 0.0793 0.6717
vn -0.2401 0.1229 0.9629
vn 0.4237 0.1495 0.8934
vn 0.7849 0.2063 0.5842
vn 0.9944 0.1046 -0.0155
vn 0.8391 0.1628 -0.5190
vn 0.3999 0.1068 -0.9103
vn -0.0749 0.1165 -0.9904
vn -0.5447 0.1389 -0.8271
vn -0.9351 0.2060 -0.2885
vn -0.8402 0.3857 0.3811
vn -0.5898 0.4761 0.6522
vn -0.2002 0.1914 0.9609
vn 0.4921 0.2082 0.8453
vn 0.8855 0.2840 0.3677
vn 0.9003 0.4252 -0.0925
vn 0.8237 0.0334 -0.5660
vn 0.1162 0.4246 -0.8979
vn -0.0297 0.4915 -0.8703
vn -0.6239 0.1101 -0.7737
vn -0.9511 0.2989 -0.0782
vn 0.0014 -1.0000 -0.0068
vn -0.0040 0.9999 0.0093
vn 0.0681 -0.9925 -0.1010
vn 0.1974 -0.9735 -0.1154
vn -0.8258 -0.4429 0.3492
vn -0.6488 0.5919 0.4783
vn -0.8216 0.5395 0.1842
vn -0.8931 0.1316 0.4302
vn -0.6182 0.6298 0.4702
vn -0.8810 -0.3849 0.2750
vn -0.8246 -0.4014 0.3985
vn -0.6390 -0.3666 0.6762
vn -0.6608 0.5682 0.4904
vn 0.0389 0.9971 -0.0657
vn 0.2067 0.9784 -0.0009
vn 0.1662 -0.9860 0.0130
vn -0.4968 -0.4539 0.7397
vn -0.6068 0.5539 0.5701
vn -0.2641 0.5305 0.8055
vn -0.5180 0.0610 0.8532
vn -0.4071 -0.4042 0.8191
vn -0.4723 0.5745 0.6685
vn -0.1578 -0.3527 0.9223
vn -0.0990 0.9703 -0.2209
vn -0.1242 -0.9921 0.0202
vn 0.0708 -0.4228 0.9035
vn 0.0972 0.5924 0.7998
vn 0.0959 0.1712 0.9805
vn 0.3654 0.5916 0.7187
vn 0.2215 -0.3902 0.8937
vn 0.3742 -0.4281 0.8226
vn 0.1862 0.5975 0.7800
vn -0.0285 0.9673 -0.2521
vn -0.1979 -0.9743 -0.1072
vn 0.4191 -0.4513 0.7878
vn 0.5586 0.6193 0.5517
vn 0.6380 0.6245 0.4505
vn 0.6326 0.1408 0.7616
vn 0.4778 -0.4016 0.7813
vn 0.6189 0.5487 0.5621
vn 0.7661 -0.2781 0.5794
vn -0.0546 0.9962 -0.0674
vn -0.0667 -0.9799 -0.1880
vn 0.7212 -0.5781 0.3817
vn 0.7111 0.5868 0.3873
vn 0.9144 0.2211 0.3392
vn 0.8279 0.5229 0.2030
vn 0.9279 -0.3691 0.0533
vn 0.8526 -0.4726 -0.2228
vn 0.8480 0.5296 0.0179
vn -0.1844 0.9681 0.1696
vn 0.0476 -0.9978 0.0452
vn 0.8378 -0.3999 -0.3716
vn 0.8194 0.5527 -0.1521
vn 0.6970 0.5490 -0.4613
vn 0.9404 0.1059 -0.3232
vn 0.8489 -0.4308 -0.3061
vn 0.7960 0.5892 -0.1390
vn 0.8151 -0.3318 -0.4749
vn -0.2704 0.9554 0.1183
vn 0.0251 -0.9740 0.2253
vn 0.7668 -0.3712 -0.5237
vn 0.4182 0.6076 -0.6753
vn 0.6701 0.1856 -0.7187
vn 0.2886 0.6211 -0.7287
vn 0.6430 -0.3914 -0.6583
vn 0.3640 -0.3867 -0.8474
vn 0.3470 0.5508 -0.7591
vn -0.1483 0.9866 0.0678
vn -0.1565 -0.9740 0.1639
vn 0.1524 -0.4950 -0.8554
vn 0.1745 0.5886 -0.7894
vn 0.0005 0.5421 -0.8403
vn 0.1207 0.0838 -0.9891
vn 0.0968 -0.3808 -0.9196
vn 0.0248 0.5873 -0.8090
vn -0.1375 -0.3433 -0.9291
vn 0.1421 0.9839 0.1080
vn -0.0531 -0.9986 0.0045
vn -0.3299 -0.4810 -0.8123
vn -0.1375 0.5449 -0.8271
vn -0.2832 0.1394 -0.9489
vn -0.3934 0.5542 -0.7335
vn -0.4366 -0.3818 -0.8146
vn -0.5634 -0.4070 -0.7190
vn -0.1845 0.5583 -0.8089
vn 0.2018 0.9621 0.1833
vn 0.1332 -0.9908 -0.0257
vn -0.5652 -0.4051 -0.7186
vn -0.6172 0.6045 -0.5036
vn -0.7602 0.6144 -0.2110
vn -0.7731 0.1219 -0.6225
vn -0.6351 -0.4054 -0.6575
vn -0.6766 0.6023 -0.4236
vn -0.9151 -0.2721 -0.2974
vn 0.1387 0.9858 0.0948
vn -0.8641 -0.5017 -0.0393
vn -0.7924 0.6097 0.0203
vn -0.9678 0.2411 0.0724
vn -0.9232 -0.3039 0.2352
vn -0.7650 0.5940 0.2491
vn 0.0723 -0.9615 -0.2651
vn -0.7842 0.4965 0.3720
vn -0.5240 0.6907 0.4983
vn -0.8800 -0.3283 0.3432
vn -0.8149 -0.4331 0.3852
vn 0.2504 0.9642 0.0872
vn 0.3275 -0.9445 0.0269
vn -0.6457 0.6537 0.3947
vn -0.4889 0.4629 0.7394
vn -0.3827 -0.3800 0.8421
vn -0.3643 -0.3547 0.8611
vn -0.1184 0.9680 -0.2214
vn 0.0414 -0.9991 -0.0094
vn 0.0003 0.5357 0.8444
vn 0.0797 0.6075 0.7903
vn 0.0701 -0.2833 0.9565
vn 0.2753 -0.4874 0.8286
vn -0.0984 0.9606 -0.2601
vn -0.3135 -0.9490 0.0348
vn 0.5807 0.6250 0.5216
vn 0.5918 0.5916 0.5475
vn 0.4319 -0.4729 0.7680
vn 0.6217 -0.2731 0.7341
vn 0.0318 0.9598 -0.2789
vn -0.0963 -0.9618 -0.2562
vn 0.7081 0.6015 0.3700
vn 0.7041 0.4930 0.5110
vn 0.9199 -0.2028 0.3355
vn 0.8347 -0.5276 -0.1580
vn -0.1799 0.9721 0.1503
vn -0.0502 -0.9858 -0.1604
vn 0.7930 0.6033 -0.0848
vn 0.8203 0.4927 -0.2905
vn 0.8032 -0.5140 -0.3010
vn 0.8658 -0.3138 -0.3898
vn -0.2308 0.9476 0.2209
vn 0.1387 -0.9518 0.2737
vn 0.5722 0.5314 -0.6246
vn 0.3232 0.6749 -0.6634
vn 0.7364 -0.2848 -0.6137
vn 0.6016 -0.4663 -0.6486
vn -0.3529 0.9354 0.0233
vn -0.0762 -0.9753 0.2073
vn 0.1974 0.6639 -0.7213
vn 0.0893 0.5073 -0.8572
vn 0.0669 -0.3829 -0.9214
vn 0.0357 -0.3235 -0.9456
vn 0.0221 0.9905 0.1354
vn -0.2633 -0.9541 0.1425
vn -0.1223 0.5204 -0.8451
vn -0.0704 0.5118 -0.8562
vn -0.3043 -0.2817 -0.9100
vn -0.4882 -0.4679 -0.7367
vn 0.2892 0.9510 0.1096
vn 0.1671 -0.9802 -0.1067
vn -0.6023 0.6311 -0.4889
vn -0.6912 0.5631 -0.4530
vn -0.6094 -0.4547 -0.6495
vn -0.7689 -0.2889 -0.5704
vn 0.1294 0.9510 0.2809
vn 0.1017 -0.9934 0.0533
vn -0.7993 0.6010 0.0039
vn -0.8290 0.5559 -0.0610
vn -0.9823 -0.1786 0.0568
vn -0.8446 -0.4333 0.3144
vn 0.1932 0.9771 -0.0890
s 1
usemtl LeafSun
f 1998//1794 2001//1797 2099//1895 2000//1796
f 1966//1762 2002//1798 2099//1895 2001//1797
f 1965//1761 2000//1796 2099//1895 2002//1798
f 1965//1761 2004//1800 2100//1896 2003//1799
f 1976//1772 2005//1801 2100//1896 2004//1800
f 1977//1773 2003//1799 2100//1896 2005//1801
f 1965//1761 2003//1799 2101//1897 2002//1798
f 1977//1773 2006//1802 2101//1897 2003//1799
f 1966//1762 2002//1798 2101//1897 2006//1802
f 1976//1772 2007//1803 2102//1898 2005//1801
f 1987//1783 2008//1804 2102//1898 2007//1803
f 1977//1773 2005//1801 2102//1898 2008//1804
f 1977//1773 2008//1804 2103//1899 2009//1805
f 1987//1783 2010//1806 2103//1899 2008//1804
f 1988//1784 2009//1805 2103//1899 2010//1806
f 1999//1795 2012//1808 2104//1900 2011//1807
f 1987//1783 2010//1806 2104//1900 2012//1808
f 1988//1784 2011//1807 2104//1900 2010//1806
f 1998//1794 2013//1809 2105//1901 2001//1797
f 1967//1763 2014//1810 2105//1901 2013//1809
f 1966//1762 2001//1797 2105//1901 2014//1810
f 1966//1762 2006//1802 2106//1902 2014//1810
f 1977//1773 2015//1811 2106//1902 2006//1802
f 1967//1763 2014//1810 2106//1902 2015//1811
f 1967//1763 2015//1811 2107//1903 2016//1812
f 1977//1773 2017//1813 2107//1903 2015//1811
f 1978//1774 2016//1812 2107//1903 2017//1813
f 1977//1773 2009//1805 2108//1904 2018//1814
f 1988//1784 2019//1815 2108//1904 2009//1805
f 1989//1785 2018//1814 2108//1904 2019//1815
f 1977//1773 2018//1814 2109//1905 2017//1813
f 1989//1785 2020//1816 2109//1905 2018//1814
f 1978//1774 2017//1813 2109//1905 2020//1816
f 1999//1795 2011//1807 2110//1906 2021//1817
f 1988//1784 2019//1815 2110//1906 2011//1807
f 1989//1785 2021//1817 2110//1906 2019//1815
f 1998//1794 2022//1818 2111//1907 2013//1809
f 1968//1764 2023//1819 2111//1907 2022//1818
f 1967//1763 2013//1809 2111//1907 2023//1819
f 1967//1763 2016//1812 2112//1908 2024//1820
f 1978//1774 2025//1821 2112//1908 2016//1812
f 1979//1775 2024//1820 2112//1908 2025//1821
f 1967//1763 2024//1820 2113//1909 2023//1819
f 1979//1775 2026//1822 2113//1909 2024//1820
f 1968//1764 2023//1819 2113//1909 2026//1822
f 1978//1774 2020//1816 2114//1910 2025//1821
f 1989//1785 2027//1823 2114//1910 2020//1816
f 1979//1775 2025//1821 2114//1910 2027//1823
f 1979//1775 2027//1823 2115//1911 2028//1824
f 1989//1785 2029//1825 2115//1911 2027//1823
f 1990//1786 2028//1824 2115//1911 2029//1825
f 1999//1795 2021//1817 2116//1912 2030//1826
f 1989//1785 2029//1825 2116//1912 2021//1817
f 1990//1786 2030//1826 2116//1912 2029//1825
f 1998//1794 2031//1827 2117//1913 2022//1818
f 1969//1765 2032//1828 2117//1913 2031//1827
f 1968//1764 2022//1818 2117//1913 2032//1828
f 1968//1764 2026//1822 2118//1914 2032//1828
f 1979//1775 2033//1829 2118//1914 2026//1822
f 1969//1765 2032//1828 2118//1914 2033//1829
f 1969//1765 2033//1829 2119//1915 2034//1830
f 1979//1775 2035//1831 2119//1915 2033//1829
f 1980//1776 2034//1830 2119//1915 2035//1831
f 1979//1775 2028//1824 2120//1916 2036//1832
f 1990//1786 2037//1833 2120//1916 2028//1824
f 1991//1787 2036//1832 2120//1916 2037//1833
f 1979//1775 2036//1832 2121//1917 2035//1831
f 1991//1787 2038//1834 2121//1917 2036//1832
f 1980//1776 2035//1831 2121//1917 2038//1834
f 1999//1795 2030//1826 2122//1918 2039//1835
f 1990//1786 2037//1833 2122//1918 2030//1826
f 1991//1787 2039//1835 2122//1918 2037//1833
f 1998//1794 2040//1836 2123//1919 2031//1827
f 1970//1766 2041//1837 2123//1919 2040//1836
f 1969//1765 2031//1827 2123//1919 2041//1837
f 1969//1765 2034//1830 2124//1920 2042//1838
f 1980//1776 2043//1839 2124//1920 2034//1830
f 1981//1777 2042//1838 2124//1920 2043//1839
f 1969//1765 2042//1838 2125//1921 2041//1837
f 1981//1777 2044//1840 2125//1921 2042//1838
f 1970//1766 2041//1837 2125//1921 2044//1840
f 1980//1776 2038//1834 2126//1922 2043//1839
f 1991//1787 2045//1841 2126//1922 2038//1834
f 1981//1777 2043//1839 2126//1922 2045//1841
f 1981//1777 2045//1841 2127//1923 2046//1842
f 1991//1787 2047//1843 2127//1923 2045//1841
f 1992//1788 2046//1842 2127//1923 2047//1843
f 1999//1795 2039//1835 2128//1924 2048//1844
f 1991//1787 2047//1843 2128//1924 2039//1835
f 1992//1788 2048//1844 2128//1924 2047//1843
f 1998//1794 2049//1845 2129//1925 2040//1836
f 1971//1767 2050//1846 2129//1925 2049//1845
f 1970//1766 2040//1836 2129//1925 2050//1846
f 1970//1766 2044//1840 2130//1926 2050//1846
f 1981//1777 2051//1847 2130//1926 2044//1840
f 1971//1767 2050//1846 2130//1926 2051//1847
f 1971//1767 2051//1847 2131//1927 2052//1848
f 1981//1777 2053//1849 2131//1927 2051//1847
f 1982//1778 2052//1848 2131//1927 2053//1849
f 1981//1777 2046//1842 2132//1928 2054//1850
f 1992//1788 2055//1851 2132//1928 2046//1842
f 1993//1789 2054//1850 2132//1928 2055//1851
f 1981//1777 2054//1850 2133//1929 2053//1849
f 1993//1789 2056//1852 2133//1929 2054//1850
f 1982//1778 2053//1849 2133//1929 2056//1852
f 1999//1795 2048//1844 2134//1930 2057//1853
f 1992//1788 2055//1851 2134//1930 2048//1844
f 1993//1789 2057//1853 2134//1930 2055//1851
f 1998//1794 2058//1854 2135//1931 2049//1845
f 1972//1768 2059//1855 2135//1931 2058//1854
f 1971//1767 2049//1845 2135//1931 2059//1855
f 1971//1767 2052//1848 2136//1932 2060//1856
f 1982//1778 2061//1857 2136//1932 2052//1848
f 1983//1779 2060//1856 2136//1932 2061//1857
f 1971//1767 2060//1856 2137//1933 2059//1855
f 1983//1779 2062//1858 2137//1933 2060//1856
f 1972//1768 2059//1855 2137//1933 2062//1858
f 1982//1778 2056//1852 2138//1934 2061//1857
f 1993//1789 2063//1859 2138//1934 2056//1852
f 1983//1779 2061//1857 2138//1934 2063//1859
f 1983//1779 2063//1859 2139//1935 2064//1860
f 1993//1789 2065//1861 2139//1935 2063//1859
f 1994//1790 2064//1860 2139//1935 2065//1861
f 1999//1795 2057//1853 2140//1936 2066//1862
f 1993//1789 2065//1861 2140//1936 2057//1853
f 1994//1790 2066//1862 2140//1936 2065//1861
f 1998//1794 2067//1863 2141//1937 2058//1854
f 1973//1769 2068//1864 2141//1937 2067//1863
f 1972//1768 2058//1854 2141//1937 2068//1864
f 1972//1768 2062//1858 2142//1938 2068//1864
f 1983//1779 2069//1865 2142//1938 2062//1858
f 1973//1769 2068//1864 2142//1938 2069//1865
f 1973//1769 2069//1865 2143//1939 2070//1866
f 1983//1779 2071//1867 2143//1939 2069//1865
f 1984//1780 2070//1866 2143//1939 2071//1867
f 1983//1779 2064//1860 2144//1940 2072//1868
f 1994//1790 2073//1869 2144//1940 2064//1860
f 1995//1791 2072//1868 2144//1940 2073//1869
f 1983//1779 2072//1868 2145//1941 2071//1867
f 1995//1791 2074//1870 2145//1941 2072//1868
f 1984//1780 2071//1867 2145//1941 2074//1870
f 1999//1795 2066//1862 2146//1942 2075//1871
f 1994//1790 2073//1869 2146//1942 2066//1862
f 1995//1791 2075//1871 2146//1942 2073//1869
f 1998//1794 2076//1872 2147//1943 2067//1863
f 1974//1770 2077//1873 2147//1943 2076//1872
f 1973//1769 2067//1863 2147//1943 2077//1873
f 1973//1769 2070//1866 2148//1944 2078//1874
f 1984//1780 2079//1875 2148//1944 2070//1866
f 1985//1781 2078//1874 2148//1944 2079//1875
f 1973//1769 2078//1874 2149//1945 2077//1873
f 1985//1781 2080//1876 2149//1945 2078//1874
f 1974//1770 2077//1873 2149//1945 2080//1876
f 1984//1780 2074//1870 2150//1946 2079//1875
f 1995//1791 2081//1877 2150//1946 2074//1870
f 1985//1781 2079//1875 2150//1946 2081//1877
f 1985//1781 2081//1877 2151//1947 2082//1878
f 1995//1791 2083//1879 2151//1947 2081//1877
f 1996//1792 2082//1878 2151//1947 2083//1879
f 1999//1795 2075//1871 2152//1948 2084//1880
f 1995//1791 2083//1879 2152//1948 2075//1871
f 1996//1792 2084//1880 2152//1948 2083//1879
f 1998//1794 2085//1881 2153//1949 2076//1872
f 1975//1771 2086//1882 2153//1949 2085//1881
f 1974//1770 2076//1872 2153//1949 2086//1882
f 1974//1770 2080//1876 2154//1950 2086//1882
f 1985//1781 2087//1883 2154//1950 2080//1876
f 1975//1771 2086//1882 2154//1950 2087//1883
f 1975//1771 2087//1883 2155//1951 2088//1884
f 1985//1781 2089//1885 2155//1951 2087//1883
f 1986//1782 2088//1884 2155//1951 2089//1885
f 1985//1781 2082//1878 2156//1952 2090//1886
f 1996//1792 2091//1887 2156//1952 2082//1878
f 1997//1793 2090//1886 2156//1952 2091//1887
f 1985//1781 2090//1886 2157//1953 2089//1885
f 1997//1793 2092//1888 2157//1953 2090//1886
f 1986//1782 2089//1885 2157//1953 2092//1888
f 1999//1795 2084//1880 2158//1954 2093//1889
f 1996//1792 2091//1887 2158//1954 2084//1880
f 1997//1793 2093//1889 2158//1954 2091//1887
f 1998//1794 2000//1796 2159//1955 2085//1881
f 1965//1761 2094//1890 2159//1955 2000//1796
f 1975//1771 2085//1881 2159//1955 2094//1890
f 1975//1771 2088//1884 2160//1956 2095//1891
f 1986//1782 2096//1892 2160//1956 2088//1884
f 1976//1772 2095//1891 2160//1956 2096//1892
f 1975//1771 2095//1891 2161//1957 2094//1890
f 1976//1772 2004//1800 2161//1957 2095//1891
f 1965//1761 2094//1890 2161//1957 2004//1800
f 1986//1782 2092//1888 2162//1958 2096//1892
f 1997//1793 2097//1893 2162//1958 2092//1888
f 1976//1772 2096//1892 2162//1958 2097//1893
f 1976//1772 2097//1893 2163//1959 2007//1803
f 1997//1793 2098//1894 2163//1959 2097//1893
f 1987//1783 2007//1803 2163//1959 2098//1894
f 1999//1795 2093//1889 2164//1960 2012//1808
f 1997//1793 2098//1894 2164//1960 2093//1889
f 1987//1783 2012//1808 2164//1960 2098//1894
o crown_contour_leaf.034
v 0.201611 1.630892 -0.670471
v 0.165968 1.613802 -0.685527
v 0.142185 1.603837 -0.706716
v 0.137171 1.606548 -0.748468
v 0.144178 1.615139 -0.786028
v 0.177031 1.630818 -0.771587
v 0.206475 1.642982 -0.744005
v 0.209686 1.640420 -0.710883
v 0.206291 1.622127 -0.671603
v 0.170649 1.605037 -0.686658
v 0.146866 1.595072 -0.707848
v 0.141851 1.597784 -0.749600
v 0.148859 1.606374 -0.787159
v 0.181711 1.622054 -0.772719
v 0.211156 1.634217 -0.745136
v 0.214366 1.631656 -0.712014
vn 0.4680 -0.8764 -0.1131
vn -0.4680 0.8764 0.1131
vn -0.2662 -0.2619 0.9276
vn -0.5227 -0.3778 0.7643
vn -0.8757 -0.4772 0.0742
vn -0.8654 -0.4286 -0.2595
vn 0.2779 0.2675 -0.9226
vn 0.5410 0.3854 -0.7475
vn 0.8785 0.4754 -0.0484
vn 0.8628 0.4256 0.2728
s 0
usemtl Leaf
f 2165//1961 2166//1961 2167//1961 2168//1961 2169//1961 2170//1961 2171//1961 2172//1961
f 2180//1962 2179//1962 2178//1962 2177//1962 2176//1962 2175//1962 2174//1962 2173//1962
f 2165//1963 2166//1963 2174//1963 2173//1963
f 2166//1964 2167//1964 2175//1964 2174//1964
f 2167//1965 2168//1965 2176//1965 2175//1965
f 2168//1966 2169//1966 2177//1966 2176//1966
f 2169//1967 2170//1967 2178//1967 2177//1967
f 2170//1968 2171//1968 2179//1968 2178//1968
f 2171//1969 2172//1969 2180//1969 2179//1969
f 2172//1970 2165//1970 2173//1970 2180//1970
o crown_contour_leaf.035
v 0.065158 1.732284 -0.177081
v 0.062815 1.737574 -0.128014
v 0.049196 1.737565 -0.091459
v 0.005990 1.725722 -0.070988
v -0.037384 1.711813 -0.066763
v -0.034614 1.707117 -0.112182
v -0.016294 1.707557 -0.157901
v 0.018281 1.717169 -0.173195
v 0.068294 1.722860 -0.175915
v 0.065950 1.728150 -0.126849
v 0.052331 1.728141 -0.090293
v 0.009125 1.716298 -0.069822
v -0.034249 1.702389 -0.065598
v -0.031479 1.697693 -0.111016
v -0.013159 1.698133 -0.156736
v 0.021417 1.707745 -0.172030
vn 0.3135 -0.9424 0.1166
vn -0.3135 0.9424 -0.1166
vn 0.9484 0.3169 0.0111
vn 0.8831 0.3345 0.3291
vn 0.3636 0.2326 0.9020
vn 0.0516 0.1395 0.9889
vn -0.9476 -0.3184 -0.0249
vn -0.8737 -0.3344 -0.3533
vn -0.3407 -0.2262 -0.9125
vn -0.0385 -0.1353 -0.9901
s 0
usemtl Leaf
f 2181//1971 2182//1971 2183//1971 2184//1971 2185//1971 2186//1971 2187//1971 2188//1971
f 2196//1972 2195//1972 2194//1972 2193//1972 2192//1972 2191//1972 2190//1972 2189//1972
f 2181//1973 2182//1973 2190//1973 2189//1973
f 2182//1974 2183//1974 2191//1974 2190//1974
f 2183//1975 2184//1975 2192//1975 2191//1975
f 2184//1976 2185//1976 2193//1976 2192//1976
f 2185//1977 2186//1977 2194//1977 2193//1977
f 2186//1978 2187//1978 2195//1978 2194//1978
f 2187//1979 2188//1979 2196//1979 2195//1979
f 2188//1980 2181//1980 2189//1980 2196//1980
o crown_contour_leaf.036
v 0.683415 1.613579 -0.435897
v 0.736494 1.624965 -0.451611
v 0.781040 1.623588 -0.454230
v 0.820973 1.593269 -0.428465
v 0.843728 1.558397 -0.396774
v 0.794342 1.548356 -0.382689
v 0.738087 1.551147 -0.380397
v 0.707286 1.575705 -0.401404
v 0.682702 1.605810 -0.443933
v 0.735781 1.617197 -0.459647
v 0.780328 1.615819 -0.462267
v 0.820260 1.585501 -0.436502
v 0.843015 1.550628 -0.404811
v 0.793629 1.540588 -0.390725
v 0.737374 1.543378 -0.388434
v 0.706573 1.567937 -0.409441
vn -0.0636 -0.6936 -0.7175
vn 0.0636 0.6936 0.7175
vn -0.3374 0.6916 -0.6386
vn -0.0186 0.7197 -0.6940
vn 0.7029 0.4792 -0.5256
vn 0.8982 0.2735 -0.3440
vn 0.3244 -0.6943 0.6424
vn -0.0073 -0.7187 0.6953
vn -0.7211 -0.4651 0.5135
vn -0.9042 -0.2642 0.3356
s 0
usemtl Leaf
f 2197//1981 2198//1981 2199//1981 2200//1981 2201//1981 2202//1981 2203//1981 2204//1981
f 2212//1982 2211//1982 2210//1982 2209//1982 2208//1982 2207//1982 2206//1982 2205//1982
f 2197//1983 2198//1983 2206//1983 2205//1983
f 2198//1984 2199//1984 2207//1984 2206//1984
f 2199//1985 2200//1985 2208//1985 2207//1985
f 2200//1986 2201//1986 2209//1986 2208//1986
f 2201//1987 2202//1987 2210//1987 2209//1987
f 2202//1988 2203//1988 2211//1988 2210//1988
f 2203//1989 2204//1989 2212//1989 2211//1989
f 2204//1990 2197//1990 2205//1990 2212//1990
o crown_contour_leaf.037
v -0.074363 1.706177 -0.467735
v -0.126569 1.689730 -0.473429
v -0.169096 1.675572 -0.490552
v -0.203795 1.661939 -0.538742
v -0.221497 1.653601 -0.586071
v -0.172988 1.668922 -0.580149
v -0.119407 1.686834 -0.557337
v -0.092781 1.697388 -0.518843
v -0.071421 1.696637 -0.467155
v -0.123627 1.680190 -0.472849
v -0.166154 1.666033 -0.489972
v -0.200853 1.652399 -0.538162
v -0.218555 1.644061 -0.585491
v -0.170046 1.659382 -0.579568
v -0.116465 1.677295 -0.556757
v -0.089839 1.687848 -0.518262
vn 0.2942 -0.9540 0.0580
vn -0.2942 0.9540 -0.0580
vn -0.1160 0.0246 0.9929
vn -0.3576 -0.0536 0.9323
vn -0.7675 -0.1997 0.6091
vn -0.8910 -0.2518 0.3776
vn 0.1277 -0.0209 -0.9916
vn 0.3742 0.0591 -0.9254
vn 0.7781 0.2038 -0.5941
vn 0.8952 0.2538 -0.3663
s 0
usemtl Leaf
f 2213//1991 2214//1991 2215//1991 2216//1991 2217//1991 2218//1991 2219//1991 2220//1991
f 2228//1992 2227//1992 2226//1992 2225//1992 2224//1992 2223//1992 2222//1992 2221//1992
f 2213//1993 2214//1993 2222//1993 2221//1993
f 2214//1994 2215//1994 2223//1994 2222//1994
f 2215//1995 2216//1995 2224//1995 2223//1995
f 2216//1996 2217//1996 2225//1996 2224//1996
f 2217//1997 2218//1997 2226//1997 2225//1997
f 2218//1998 2219//1998 2227//1998 2226//1998
f 2219//1999 2220//1999 2228//1999 2227//1999
f 2220//2000 2213//2000 2221//2000 2228//2000
o crown_contour_leaf.038
v 0.254258 1.793061 -0.186806
v 0.295147 1.773753 -0.180567
v 0.323644 1.762744 -0.164886
v 0.333711 1.766695 -0.123044
v 0.330082 1.777308 -0.082391
v 0.292332 1.795010 -0.088724
v 0.256905 1.808413 -0.109531
v 0.249764 1.804808 -0.142925
v 0.249830 1.784297 -0.184913
v 0.290719 1.764988 -0.178674
v 0.319216 1.753979 -0.162993
v 0.329283 1.757931 -0.121151
v 0.325655 1.768544 -0.080498
v 0.287905 1.786246 -0.086831
v 0.252477 1.799649 -0.107638
v 0.245337 1.796043 -0.141032
vn -0.4427 -0.8764 0.1893
vn 0.4427 0.8764 -0.1893
vn 0.0397 -0.2301 -0.9724
vn 0.3395 -0.3593 -0.8693
vn 0.8659 -0.4727 -0.1637
vn 0.8925 -0.4105 0.1868
vn -0.0522 0.2359 0.9704
vn -0.3633 0.3683 0.8558
vn -0.8722 0.4699 0.1358
vn -0.8912 0.4070 -0.2002
s 0
usemtl Leaf
f 2229//2001 2230//2001 2231//2001 2232//2001 2233//2001 2234//2001 2235//2001 2236//2001
f 2244//2002 2243//2002 2242//2002 2241//2002 2240//2002 2239//2002 2238//2002 2237//2002
f 2229//2003 2230//2003 2238//2003 2237//2003
f 2230//2004 2231//2004 2239//2004 2238//2004
f 2231//2005 2232//2005 2240//2005 2239//2005
f 2232//2006 2233//2006 2241//2006 2240//2006
f 2233//2007 2234//2007 2242//2007 2241//2007
f 2234//2008 2235//2008 2243//2008 2242//2008
f 2235//2009 2236//2009 2244//2009 2243//2009
f 2236//2010 2229//2010 2237//2010 2244//2010
o crown_contour_leaf.039
v 0.441496 1.651500 -0.633928
v 0.412257 1.658247 -0.677292
v 0.401638 1.658924 -0.715812
v 0.429146 1.646267 -0.756003
v 0.467223 1.631029 -0.782329
v 0.493723 1.625004 -0.741875
v 0.505795 1.624629 -0.693025
v 0.483084 1.634927 -0.661797
v 0.437841 1.640946 -0.633105
v 0.408602 1.647693 -0.676469
v 0.397983 1.648369 -0.714990
v 0.425490 1.635712 -0.755181
v 0.463568 1.620474 -0.781507
v 0.490068 1.614449 -0.741053
v 0.502140 1.614074 -0.692203
v 0.479429 1.624372 -0.660974
vn -0.3264 -0.9424 0.0734
vn 0.3264 0.9424 -0.0734
vn -0.7655 0.3091 0.5643
vn -0.9071 0.3341 0.2559
vn -0.7711 0.2205 -0.5972
vn -0.5320 0.1189 -0.8383
vn 0.7732 -0.3108 -0.5528
vn 0.9143 -0.3344 -0.2285
vn 0.7553 -0.2133 0.6197
vn 0.5211 -0.1146 0.8458
s 0
usemtl Leaf
f 2245//2011 2246//2011 2247//2011 2248//2011 2249//2011 2250//2011 2251//2011 2252//2011
f 2260//2012 2259//2012 2258//2012 2257//2012 2256//2012 2255//2012 2254//2012 2253//2012
f 2245//2013 2246//2013 2254//2013 2253//2013
f 2246//2014 2247//2014 2255//2014 2254//2014
f 2247//2015 2248//2015 2256//2015 2255//2015
f 2248//2016 2249//2016 2257//2016 2256//2016
f 2249//2017 2250//2017 2258//2017 2257//2017
f 2250//2018 2251//2018 2259//2018 2258//2018
f 2251//2019 2252//2019 2260//2019 2259//2019
f 2252//2020 2245//2020 2253//2020 2260//2020
o crown_contour_leaf.040
v -0.053859 1.765385 -0.249162
v -0.095968 1.770613 -0.221611
v -0.135695 1.766338 -0.205609
v -0.182982 1.739461 -0.210204
v -0.216990 1.710203 -0.224282
v -0.177589 1.705776 -0.249556
v -0.126997 1.712008 -0.269080
v -0.090053 1.733669 -0.264771
v -0.050538 1.758449 -0.242770
v -0.092647 1.763677 -0.215219
v -0.132374 1.759403 -0.199217
v -0.179661 1.732525 -0.203812
v -0.213669 1.703267 -0.217890
v -0.174268 1.698840 -0.243164
v -0.123676 1.705072 -0.262687
v -0.086732 1.726733 -0.258379
vn 0.3321 -0.6936 0.6392
vn -0.3321 0.6936 -0.6392
vn 0.4438 0.7129 0.5430
vn 0.1944 0.7135 0.6732
vn -0.3731 0.5258 0.7644
vn -0.6054 0.3629 0.7083
vn -0.4330 -0.7142 -0.5500
vn -0.1751 -0.7113 -0.6808
vn 0.3911 -0.5154 -0.7625
vn 0.6147 -0.3548 -0.7044
s 0
usemtl Leaf
f 2261//2021 2262//2021 2263//2021 2264//2021 2265//2021 2266//2021 2267//2021 2268//2021
f 2276//2022 2275//2022 2274//2022 2273//2022 2272//2022 2271//2022 2270//2022 2269//2022
f 2261//2023 2262//2023 2270//2023 2269//2023
f 2262//2024 2263//2024 2271//2024 2270//2024
f 2263//2025 2264//2025 2272//2025 2271//2025
f 2264//2026 2265//2026 2273//2026 2272//2026
f 2265//2027 2266//2027 2274//2027 2273//2027
f 2266//2028 2267//2028 2275//2028 2274//2028
f 2267//2029 2268//2029 2276//2029 2275//2029
f 2268//2030 2261//2030 2269//2030 2276//2030
o crown_contour_leaf.041
v 0.301169 1.611834 -0.358750
v 0.355601 1.594749 -0.350492
v 0.397385 1.580291 -0.330182
v 0.424472 1.567015 -0.276385
v 0.433634 1.559258 -0.224197
v 0.383186 1.575161 -0.232557
v 0.330795 1.593430 -0.259492
v 0.310320 1.603683 -0.302423
v 0.298313 1.602295 -0.359667
v 0.352746 1.585209 -0.351409
v 0.394529 1.570751 -0.331099
v 0.421617 1.557475 -0.277302
v 0.430779 1.549718 -0.225113
v 0.380331 1.565621 -0.233474
v 0.327939 1.583890 -0.260409
v 0.307464 1.594144 -0.303339
vn -0.2855 -0.9540 -0.0917
vn 0.2855 0.9540 0.0917
vn 0.1638 0.0456 -0.9854
vn 0.4254 -0.0405 -0.9041
vn 0.8518 -0.2088 -0.4804
vn 0.9430 -0.2626 -0.2046
vn -0.1762 -0.0418 0.9835
vn -0.4438 0.0468 0.8949
vn -0.8610 0.2134 0.4616
vn -0.9451 0.2645 0.1918
s 0
usemtl Leaf
f 2277//2031 2278//2031 2279//2031 2280//2031 2281//2031 2282//2031 2283//2031 2284//2031
f 2292//2032 2291//2032 2290//2032 2289//2032 2288//2032 2287//2032 2286//2032 2285//2032
f 2277//2033 2278//2033 2286//2033 2285//2033
f 2278//2034 2279//2034 2287//2034 2286//2034
f 2279//2035 2280//2035 2288//2035 2287//2035
f 2280//2036 2281//2036 2289//2036 2288//2036
f 2281//2037 2282//2037 2290//2037 2289//2037
f 2282//2038 2283//2038 2291//2038 2290//2038
f 2283//2039 2284//2039 2292//2039 2291//2039
f 2284//2040 2277//2040 2285//2040 2292//2040
o leafy_twig.006
v 0.793511 1.327679 0.353515
v -0.175042 1.808929 0.101534
v 0.784034 1.319572 0.373700
v -0.178099 1.806314 0.108045
v 0.772195 1.300000 0.380001
v -0.181918 1.800000 0.110078
v 0.764927 1.280428 0.368729
v -0.184262 1.793687 0.106441
v 0.766489 1.272321 0.346485
v -0.183758 1.791071 0.099266
v 0.775966 1.280428 0.326301
v -0.180701 1.793687 0.092755
v 0.787805 1.300000 0.319999
v -0.176882 1.800000 0.090722
v 0.795072 1.319572 0.331271
v -0.174538 1.806314 0.094358
vn 0.8793 0.4177 0.2288
vn -0.2149 0.9750 -0.0559
vn 0.6402 0.2132 0.7380
vn -0.4504 0.7735 0.4458
vn 0.3415 -0.2806 0.8970
vn -0.7447 0.2870 0.6025
vn 0.1582 -0.7744 0.6126
vn -0.9254 -0.1995 0.3223
vn 0.1976 -0.9789 0.0514
vn -0.8866 -0.4010 -0.2307
vn 0.4367 -0.7744 -0.4578
vn -0.6510 -0.1995 -0.7324
vn 0.7354 -0.2806 -0.6168
vn -0.3567 0.2870 -0.8890
vn 0.9187 0.2132 -0.3324
vn -0.1761 0.7735 -0.6088
vt 1.000000 0.500000
vt 1.000000 1.000000
vt 0.875000 1.000000
vt 0.875000 0.500000
vt 0.750000 1.000000
vt 0.750000 0.500000
vt 0.625000 1.000000
vt 0.625000 0.500000
vt 0.500000 1.000000
vt 0.500000 0.500000
vt 0.375000 1.000000
vt 0.375000 0.500000
vt 0.250000 1.000000
vt 0.250000 0.500000
vt 0.419706 0.419706
vt 0.250000 0.490000
vt 0.080294 0.419706
vt 0.010000 0.250000
vt 0.080294 0.080294
vt 0.250000 0.010000
vt 0.419706 0.080294
vt 0.490000 0.250000
vt 0.125000 1.000000
vt 0.125000 0.500000
vt 0.000000 1.000000
vt 0.000000 0.500000
vt 0.750000 0.490000
vt 0.919706 0.419706
vt 0.990000 0.250000
vt 0.919706 0.080294
vt 0.750000 0.010000
vt 0.580294 0.080294
vt 0.510000 0.250000
vt 0.580294 0.419706
s 1
usemtl WeatheredBark
f 2293/881/2041 2294/882/2042 2296/883/2044 2295/884/2043
f 2295/884/2043 2296/883/2044 2298/885/2046 2297/886/2045
f 2297/886/2045 2298/885/2046 2300/887/2048 2299/888/2047
f 2299/888/2047 2300/887/2048 2302/889/2050 2301/890/2049
f 2301/890/2049 2302/889/2050 2304/891/2052 2303/892/2051
f 2303/892/2051 2304/891/2052 2306/893/2054 2305/894/2053
f 2296/895/2044 2294/896/2042 2308/897/2056 2306/898/2054 2304/899/2052 2302/900/2050 2300/901/2048 2298/902/2046
f 2305/894/2053 2306/893/2054 2308/903/2056 2307/904/2055
f 2307/904/2055 2308/903/2056 2294/905/2042 2293/906/2041
f 2293/907/2041 2295/908/2043 2297/909/2045 2299/910/2047 2301/911/2049 2303/912/2051 2305/913/2053 2307/914/2055
o solid_leaf_crown_lobe.006
v -0.223542 1.715608 0.014504
v -0.235036 1.663492 -0.111360
v -0.367635 1.704653 -0.183900
v -0.496836 1.727830 -0.212684
v -0.636067 1.670375 -0.150587
v -0.669262 1.687592 -0.021890
v -0.672811 1.732943 0.109234
v -0.610650 1.683841 0.231049
v -0.468150 1.673012 0.276229
v -0.336144 1.729727 0.232119
v -0.221737 1.700682 0.147298
v -0.106229 1.862757 -0.010989
v -0.175699 1.830049 -0.198228
v -0.368273 1.856322 -0.287554
v -0.563377 1.870976 -0.301116
v -0.723774 1.834054 -0.193600
v -0.756712 1.845379 -0.009305
v -0.766310 1.874699 0.178997
v -0.638168 1.842993 0.334702
v -0.440007 1.835768 0.375902
v -0.240891 1.872182 0.301268
v -0.126877 1.860382 0.158850
v -0.148162 2.023607 -0.053227
v -0.249958 1.971492 -0.182039
v -0.415584 2.012653 -0.236946
v -0.582797 2.035830 -0.235981
v -0.695082 1.978375 -0.132075
v -0.688102 1.995592 0.028681
v -0.728453 2.040943 0.177450
v -0.567690 1.991841 0.300547
v -0.416352 1.981012 0.318127
v -0.232180 2.037727 0.234596
v -0.192492 2.008682 0.110950
v -0.449678 1.673520 0.030000
v -0.432497 2.060853 0.030561
v -0.314198 1.688847 0.021336
v -0.332240 1.673425 -0.050060
v -0.229289 1.689550 -0.048428
v -0.174904 1.767184 -0.098626
v -0.153130 1.785402 -0.015630
v -0.120764 1.848859 -0.107432
v -0.208415 1.735117 -0.151292
v -0.120241 1.939402 -0.046378
v -0.146420 1.921898 -0.132835
v -0.211695 1.920488 -0.191781
v -0.199060 1.997550 -0.117633
v -0.326778 2.023614 -0.090391
v -0.273408 2.039036 -0.016417
v -0.399978 1.687025 -0.094835
v -0.301336 1.684073 -0.147630
v -0.263064 1.762152 -0.207156
v -0.363898 1.795340 -0.258380
v -0.279846 1.842783 -0.259838
v -0.283465 1.916152 -0.235468
v -0.332771 1.992073 -0.209492
v -0.383000 1.917970 -0.279472
v -0.420422 2.037214 -0.125371
v -0.479178 1.694657 -0.107461
v -0.432235 1.716242 -0.198292
v -0.461758 1.792260 -0.263539
v -0.452904 1.866890 -0.306113
v -0.528265 1.780232 -0.254886
v -0.489542 1.946260 -0.286935
v -0.573535 1.965603 -0.267707
v -0.499190 2.024242 -0.236463
v -0.515653 2.044846 -0.120031
v -0.551737 1.675737 -0.072369
v -0.566451 1.699102 -0.181636
v -0.611155 1.775255 -0.239875
v -0.696476 1.771357 -0.184191
v -0.669166 1.847760 -0.252612
v -0.643319 1.929255 -0.234946
v -0.638939 2.007102 -0.184028
v -0.719942 1.893986 -0.176843
v -0.577305 2.025925 -0.061866
v -0.579474 1.681407 -0.001085
v -0.652665 1.678983 -0.086238
v -0.709488 1.756426 -0.090444
v -0.750273 1.832684 -0.121797
v -0.709621 1.752017 -0.017889
v -0.734989 1.910426 -0.077883
v -0.728622 1.937387 0.011113
v -0.691592 1.986984 -0.051697
v -0.589702 2.031595 0.028321
v -0.578013 1.696341 0.076913
v -0.671037 1.710267 0.043672
v -0.728819 1.787463 0.056641
v -0.738033 1.815133 0.156920
v -0.775335 1.867600 0.101190
v -0.752985 1.941463 0.088877
v -0.708277 2.018267 0.103065
v -0.759873 1.937763 0.184042
v -0.589167 2.046530 0.116777
v -0.538916 1.680171 0.143721
v -0.641731 1.708392 0.170142
v -0.676319 1.785708 0.234156
v -0.728643 1.866195 0.253756
v -0.622238 1.749386 0.279344
v -0.694076 1.939708 0.268330
v -0.605317 1.934757 0.318297
v -0.648071 2.016392 0.238999
v -0.512925 2.030360 0.183094
v -0.461937 1.676605 0.169761
v -0.539400 1.678427 0.253639
v -0.555425 1.755979 0.324373
v -0.450788 1.773202 0.347850
v -0.527930 1.832750 0.374650
v -0.530655 1.909979 0.348131
v -0.492021 1.986426 0.309337
v -0.430064 1.895832 0.364505
v -0.417638 2.026794 0.194172
v -0.383056 1.695401 0.148023
v -0.402147 1.701370 0.254174
v -0.351484 1.777452 0.307744
v -0.350944 1.849943 0.357676
v -0.289474 1.781563 0.266705
v -0.320445 1.931452 0.324588
v -0.239533 1.966933 0.268255
v -0.324266 2.009370 0.276362
v -0.323969 2.045589 0.149875
v -0.323713 1.690687 0.096064
v -0.278940 1.715204 0.189708
v -0.216304 1.791296 0.230910
v -0.152557 1.798253 0.158489
v -0.162781 1.866214 0.227272
v -0.194192 1.945296 0.216781
v -0.212336 2.023205 0.172773
v -0.140633 1.920882 0.144035
v -0.285124 2.040876 0.075159
v -0.222640 1.708145 0.080901
v -0.147842 1.784915 0.064824
v -0.105856 1.860839 0.082851
v -0.128695 1.938202 0.043610
v -0.170327 2.016145 0.028862
v -0.298538 1.682029 -0.023627
v -0.143401 1.800812 -0.080513
v -0.199499 1.731658 -0.105131
v -0.120169 1.903479 -0.102696
v -0.180012 1.941269 -0.152004
v -0.271610 2.023545 -0.070769
v -0.348389 1.678907 -0.092006
v -0.249721 1.728006 -0.172504
v -0.293434 1.796286 -0.244671
v -0.269632 1.937617 -0.214686
v -0.308292 1.894675 -0.261861
v -0.362457 2.020422 -0.134276
v -0.437749 1.698831 -0.126666
v -0.431880 1.816272 -0.282156
v -0.477527 1.767916 -0.244650
v -0.447725 1.914661 -0.298689
v -0.522984 1.977528 -0.269841
v -0.476377 2.040347 -0.152602
v -0.529529 1.688216 -0.114782
v -0.569043 1.756490 -0.232630
v -0.661198 1.794633 -0.235493
v -0.618034 1.966101 -0.234961
v -0.680424 1.893022 -0.230160
v -0.571746 2.029731 -0.116175
v -0.588848 1.675755 -0.049762
v -0.726415 1.782133 -0.130913
v -0.693579 1.731530 -0.063030
v -0.744709 1.880522 -0.124554
v -0.720304 1.941141 -0.039056
v -0.609731 2.017270 -0.025875
v -0.602166 1.695131 0.039399
v -0.705948 1.752386 0.025858
v -0.754274 1.821631 0.100272
v -0.731595 1.961997 0.065711
v -0.771538 1.920020 0.121818
v -0.620181 2.036646 0.080453
v -0.581111 1.693969 0.126127
v -0.717557 1.820466 0.222561
v -0.648175 1.750059 0.234876
v -0.733961 1.918855 0.244370
v -0.651683 1.959670 0.281362
v -0.577845 2.035485 0.173552
v -0.511107 1.675410 0.183000
v -0.577460 1.730082 0.291449
v -0.519073 1.782633 0.355753
v -0.546647 1.939693 0.329529
v -0.502649 1.881021 0.369521
v -0.471814 2.016925 0.221351
v -0.417152 1.689620 0.183871
v -0.377419 1.796887 0.342416
v -0.341852 1.758546 0.278983
v -0.360147 1.895276 0.355253
v -0.289525 1.968157 0.293270
v -0.357193 2.031135 0.199359
v -0.333060 1.698900 0.139677
v -0.258114 1.767770 0.234361
v -0.173333 1.815288 0.214520
v -0.212991 1.977381 0.223653
v -0.162953 1.913677 0.203448
v -0.279856 2.040416 0.128264
v -0.293853 1.694258 0.064778
v -0.127474 1.810870 0.098549
v -0.171581 1.760848 0.041832
v -0.117491 1.909259 0.086502
v -0.136705 1.966181 0.007139
v -0.250705 2.035773 0.029374
vn -0.9552 -0.1862 0.2301
vn -0.8271 -0.1937 0.5276
vn -0.3963 -0.2665 0.8786
vn 0.0764 0.1209 0.9897
vn 0.8347 -0.1013 0.5414
vn 0.8601 -0.4487 0.2426
vn 0.9583 0.0955 -0.2693
vn 0.6095 -0.1841 -0.7712
vn 0.0854 -0.1767 -0.9806
vn -0.5353 0.1181 -0.8364
vn -0.9010 0.0082 -0.4337
vn -0.9889 0.1442 0.0347
vn -0.6998 0.1626 0.6956
vn -0.2414 0.1165 0.9634
vn 0.2373 0.0667 0.9692
vn 0.8384 0.1225 0.5312
vn 0.9908 0.1067 0.0832
vn 0.9400 0.1970 -0.2785
vn 0.5277 0.1262 -0.8400
vn -0.1080 0.1415 -0.9840
vn -0.5827 0.0836 -0.8084
vn -0.9290 0.0489 -0.3668
vn -0.9267 0.3724 0.0499
vn -0.5452 0.0740 0.8350
vn -0.0534 0.4688 0.8817
vn 0.2764 0.4634 0.8419
vn 0.8788 0.0715 0.4718
vn 0.7134 0.7008 -0.0002
vn 0.9115 0.2699 -0.3104
vn 0.3768 0.3114 -0.8724
vn -0.1612 0.2221 -0.9616
vn -0.6903 0.5288 -0.4938
vn -0.8122 0.4708 -0.3445
vn 0.0082 -0.9999 0.0063
vn -0.0029 1.0000 -0.0064
vn 0.1729 -0.9781 0.1157
vn -0.0025 -0.9991 0.0421
vn -0.8032 -0.5157 0.2983
vn -0.8063 0.5707 0.1553
vn -0.7840 0.6189 0.0477
vn -0.9237 0.2195 0.3140
vn -0.6793 0.5502 0.4856
vn -0.9576 -0.2775 0.0775
vn -0.7551 -0.3200 0.5722
vn -0.5297 -0.3940 0.7511
vn -0.7183 0.5788 0.3861
vn 0.1596 0.9530 -0.2577
vn 0.1099 0.9856 -0.1288
vn -0.1075 -0.9770 -0.1844
vn -0.5392 -0.4413 0.7173
vn -0.3350 0.5606 0.7573
vn -0.1469 0.5334 0.8330
vn -0.4156 0.0855 0.9055
vn -0.4470 -0.3940 0.8031
vn -0.1473 0.6128 0.7764
vn -0.2843 -0.3477 0.8935
vn 0.1661 0.9713 -0.1705
vn 0.0577 -0.9728 -0.2243
vn -0.2346 -0.5200 0.8213
vn -0.0000 0.5611 0.8278
vn -0.0547 0.1320 0.9897
vn 0.0527 0.5535 0.8312
vn -0.0123 -0.3919 0.9199
vn 0.3388 -0.3616 0.8686
vn 0.0902 0.5602 0.8234
vn -0.1040 0.9935 -0.0462
vn 0.0761 -0.9944 -0.0740
vn 0.4805 -0.4467 0.7547
vn 0.2482 0.5259 0.8135
vn 0.6982 0.5106 0.5017
vn 0.5549 0.0598 0.8297
vn 0.5846 -0.3832 0.7151
vn 0.3524 0.5868 0.7290
vn 0.8268 -0.3346 0.4522
vn -0.2857 0.9581 -0.0193
vn -0.1050 -0.9822 0.1558
vn 0.8497 -0.4750 0.2290
vn 0.8432 0.5315 0.0811
vn 0.9732 0.1482 0.1759
vn 0.8592 0.5116 -0.0074
vn 0.9262 -0.3688 0.0786
vn 0.8709 -0.4565 0.1817
vn 0.7803 0.6213 -0.0711
vn -0.2364 0.9589 -0.1571
vn -0.2313 -0.9714 0.0541
vn 0.8458 -0.5021 0.1803
vn 0.8282 0.5587 -0.0451
vn 0.7820 0.5819 -0.2232
vn 0.9906 0.1322 0.0358
vn 0.8970 -0.3731 0.2371
vn 0.8029 0.5883 0.0959
vn 0.9295 -0.2329 -0.2862
vn -0.0714 0.9973 0.0185
vn -0.1613 -0.9843 -0.0713
vn 0.6315 -0.5372 -0.5591
vn 0.7126 0.5702 -0.4087
vn 0.7767 0.2078 -0.5946
vn 0.5968 0.5369 -0.5964
vn 0.5708 -0.3388 -0.7479
vn 0.3280 -0.3924 -0.8593
vn 0.5868 0.5527 -0.5917
vn 0.0237 0.9655 0.2593
vn 0.1258 -0.9919 0.0162
vn 0.2803 -0.4106 -0.8676
vn 0.2918 0.5577 -0.7771
vn -0.1279 0.5294 -0.8387
vn 0.2062 0.0949 -0.9739
vn 0.1931 -0.3930 -0.8990
vn 0.1509 0.6477 -0.7468
vn -0.0607 -0.3320 -0.9413
vn -0.0489 0.9618 0.2693
vn 0.1834 -0.9712 0.1523
vn -0.1761 -0.4225 -0.8891
vn -0.4412 0.5882 -0.6777
vn -0.3727 0.1611 -0.9138
vn -0.4300 0.6110 -0.6647
vn -0.3274 -0.3732 -0.8681
vn -0.6127 -0.3234 -0.7211
vn -0.4788 0.5723 -0.6658
vn 0.0229 0.9933 0.1133
vn 0.0876 -0.9911 0.1001
vn -0.5700 -0.5016 -0.6507
vn -0.5242 0.5385 -0.6597
vn -0.8011 0.4921 -0.3407
vn -0.7829 0.0209 -0.6217
vn -0.7800 -0.3855 -0.4930
vn -0.6483 0.6606 -0.3786
vn -0.8472 -0.4308 -0.3110
vn 0.1947 0.9808 0.0146
vn -0.8831 -0.4690 0.0152
vn -0.8101 0.5863 0.0079
vn -0.9905 0.0870 -0.1066
vn -0.9058 -0.4031 -0.1302
vn -0.7714 0.6180 -0.1517
vn 0.1765 -0.9475 0.2665
vn -0.8038 0.5765 0.1468
vn -0.8717 0.4875 0.0497
vn -0.9269 -0.1709 0.3342
vn -0.5806 -0.4633 0.6695
vn 0.0719 0.9378 -0.3397
vn -0.1420 -0.9738 -0.1776
vn -0.3285 0.6022 0.7276
vn -0.2780 0.4992 0.8207
vn -0.4269 -0.4402 0.7899
vn -0.3884 -0.3179 0.8649
vn 0.2561 0.9437 -0.2093
vn -0.0882 -0.9703 -0.2251
vn -0.0580 0.5047 0.8613
vn -0.0262 0.5983 0.8008
vn -0.1229 -0.3002 0.9459
vn 0.0297 -0.4564 0.8893
vn 0.1020 0.9801 -0.1702
vn 0.2054 -0.9476 -0.2447
vn 0.0929 0.6045 0.7912
vn 0.4730 0.4432 0.7615
vn 0.6336 -0.3362 0.6968
vn 0.6409 -0.3487 0.6839
vn -0.3311 0.9417 0.0596
vn -0.0672 -0.9941 0.0852
vn 0.8532 0.4884 0.1829
vn 0.8350 0.5438 0.0839
vn 0.9425 -0.2670 0.2010
vn 0.8851 -0.4637 0.0407
vn -0.2923 0.9519 -0.0917
vn -0.1731 -0.9528 0.2496
vn 0.8280 0.5518 -0.0996
vn 0.8428 0.5353 -0.0569
vn 0.7994 -0.5014 0.3310
vn 0.9748 -0.2192 0.0411
vn -0.2269 0.9407 -0.2524
vn -0.3028 -0.9430 -0.1382
vn 0.7172 0.5747 -0.3941
vn 0.7904 0.5014 -0.3518
vn 0.7799 -0.1805 -0.5993
vn 0.4193 -0.4638 -0.7804
vn 0.0360 0.9637 0.2645
vn -0.0571 -0.9983 -0.0107
vn 0.3474 0.6206 -0.7029
vn 0.1469 0.4828 -0.8633
vn 0.1589 -0.4105 -0.8979
vn 0.1197 -0.3177 -0.9406
vn 0.0161 0.9533 0.3015
vn 0.3280 -0.9424 0.0658
vn -0.3394 0.5089 -0.7911
vn -0.4694 0.6741 -0.5703
vn -0.2568 -0.2890 -0.9222
vn -0.3377 -0.4195 -0.8426
vn -0.1142 0.9551 0.2734
vn 0.0375 -0.9678 0.2487
vn -0.3727 0.6323 -0.6792
vn -0.7001 0.4332 -0.5677
vn -0.8727 -0.2680 -0.4082
vn -0.7766 -0.3997 -0.4870
vn 0.2281 0.9724 -0.0484
vn 0.1802 -0.9831 -0.0327
vn -0.8694 0.4792 -0.1201
vn -0.7319 0.6774 0.0739
vn -0.9153 -0.3731 -0.1519
vn -0.9048 -0.3848 -0.1824
vn 0.1953 0.9780 0.0726
s 1
usemtl Leaf
f 2342//2090 2345//2093 2443//2191 2344//2092
f 2310//2058 2346//2094 2443//2191 2345//2093
f 2309//2057 2344//2092 2443//2191 2346//2094
f 2309//2057 2348//2096 2444//2192 2347//2095
f 2320//2068 2349//2097 2444//2192 2348//2096
f 2321//2069 2347//2095 2444//2192 2349//2097
f 2309//2057 2347//2095 2445//2193 2346//2094
f 2321//2069 2350//2098 2445//2193 2347//2095
f 2310//2058 2346//2094 2445//2193 2350//2098
f 2320//2068 2351//2099 2446//2194 2349//2097
f 2331//2079 2352//2100 2446//2194 2351//2099
f 2321//2069 2349//2097 2446//2194 2352//2100
f 2321//2069 2352//2100 2447//2195 2353//2101
f 2331//2079 2354//2102 2447//2195 2352//2100
f 2332//2080 2353//2101 2447//2195 2354//2102
f 2343//2091 2356//2104 2448//2196 2355//2103
f 2331//2079 2354//2102 2448//2196 2356//2104
f 2332//2080 2355//2103 2448//2196 2354//2102
f 2342//2090 2357//2105 2449//2197 2345//2093
f 2311//2059 2358//2106 2449//2197 2357//2105
f 2310//2058 2345//2093 2449//2197 2358//2106
f 2310//2058 2350//2098 2450//2198 2358//2106
f 2321//2069 2359//2107 2450//2198 2350//2098
f 2311//2059 2358//2106 2450//2198 2359//2107
f 2311//2059 2359//2107 2451//2199 2360//2108
f 2321//2069 2361//2109 2451//2199 2359//2107
f 2322//2070 2360//2108 2451//2199 2361//2109
f 2321//2069 2353//2101 2452//2200 2362//2110
f 2332//2080 2363//2111 2452//2200 2353//2101
f 2333//2081 2362//2110 2452//2200 2363//2111
f 2321//2069 2362//2110 2453//2201 2361//2109
f 2333//2081 2364//2112 2453//2201 2362//2110
f 2322//2070 2361//2109 2453//2201 2364//2112
f 2343//2091 2355//2103 2454//2202 2365//2113
f 2332//2080 2363//2111 2454//2202 2355//2103
f 2333//2081 2365//2113 2454//2202 2363//2111
f 2342//2090 2366//2114 2455//2203 2357//2105
f 2312//2060 2367//2115 2455//2203 2366//2114
f 2311//2059 2357//2105 2455//2203 2367//2115
f 2311//2059 2360//2108 2456//2204 2368//2116
f 2322//2070 2369//2117 2456//2204 2360//2108
f 2323//2071 2368//2116 2456//2204 2369//2117
f 2311//2059 2368//2116 2457//2205 2367//2115
f 2323//2071 2370//2118 2457//2205 2368//2116
f 2312//2060 2367//2115 2457//2205 2370//2118
f 2322//2070 2364//2112 2458//2206 2369//2117
f 2333//2081 2371//2119 2458//2206 2364//2112
f 2323//2071 2369//2117 2458//2206 2371//2119
f 2323//2071 2371//2119 2459//2207 2372//2120
f 2333//2081 2373//2121 2459//2207 2371//2119
f 2334//2082 2372//2120 2459//2207 2373//2121
f 2343//2091 2365//2113 2460//2208 2374//2122
f 2333//2081 2373//2121 2460//2208 2365//2113
f 2334//2082 2374//2122 2460//2208 2373//2121
f 2342//2090 2375//2123 2461//2209 2366//2114
f 2313//2061 2376//2124 2461//2209 2375//2123
f 2312//2060 2366//2114 2461//2209 2376//2124
f 2312//2060 2370//2118 2462//2210 2376//2124
f 2323//2071 2377//2125 2462//2210 2370//2118
f 2313//2061 2376//2124 2462//2210 2377//2125
f 2313//2061 2377//2125 2463//2211 2378//2126
f 2323//2071 2379//2127 2463//2211 2377//2125
f 2324//2072 2378//2126 2463//2211 2379//2127
f 2323//2071 2372//2120 2464//2212 2380//2128
f 2334//2082 2381//2129 2464//2212 2372//2120
f 2335//2083 2380//2128 2464//2212 2381//2129
f 2323//2071 2380//2128 2465//2213 2379//2127
f 2335//2083 2382//2130 2465//2213 2380//2128
f 2324//2072 2379//2127 2465//2213 2382//2130
f 2343//2091 2374//2122 2466//2214 2383//2131
f 2334//2082 2381//2129 2466//2214 2374//2122
f 2335//2083 2383//2131 2466//2214 2381//2129
f 2342//2090 2384//2132 2467//2215 2375//2123
f 2314//2062 2385//2133 2467//2215 2384//2132
f 2313//2061 2375//2123 2467//2215 2385//2133
f 2313//2061 2378//2126 2468//2216 2386//2134
f 2324//2072 2387//2135 2468//2216 2378//2126
f 2325//2073 2386//2134 2468//2216 2387//2135
f 2313//2061 2386//2134 2469//2217 2385//2133
f 2325//2073 2388//2136 2469//2217 2386//2134
f 2314//2062 2385//2133 2469//2217 2388//2136
f 2324//2072 2382//2130 2470//2218 2387//2135
f 2335//2083 2389//2137 2470//2218 2382//2130
f 2325//2073 2387//2135 2470//2218 2389//2137
f 2325//2073 2389//2137 2471//2219 2390//2138
f 2335//2083 2391//2139 2471//2219 2389//2137
f 2336//2084 2390//2138 2471//2219 2391//2139
f 2343//2091 2383//2131 2472//2220 2392//2140
f 2335//2083 2391//2139 2472//2220 2383//2131
f 2336//2084 2392//2140 2472//2220 2391//2139
f 2342//2090 2393//2141 2473//2221 2384//2132
f 2315//2063 2394//2142 2473//2221 2393//2141
f 2314//2062 2384//2132 2473//2221 2394//2142
f 2314//2062 2388//2136 2474//2222 2394//2142
f 2325//2073 2395//2143 2474//2222 2388//2136
f 2315//2063 2394//2142 2474//2222 2395//2143
f 2315//2063 2395//2143 2475//2223 2396//2144
f 2325//2073 2397//2145 2475//2223 2395//2143
f 2326//2074 2396//2144 2475//2223 2397//2145
f 2325//2073 2390//2138 2476//2224 2398//2146
f 2336//2084 2399//2147 2476//2224 2390//2138
f 2337//2085 2398//2146 2476//2224 2399//2147
f 2325//2073 2398//2146 2477//2225 2397//2145
f 2337//2085 2400//2148 2477//2225 2398//2146
f 2326//2074 2397//2145 2477//2225 2400//2148
f 2343//2091 2392//2140 2478//2226 2401//2149
f 2336//2084 2399//2147 2478//2226 2392//2140
f 2337//2085 2401//2149 2478//2226 2399//2147
f 2342//2090 2402//2150 2479//2227 2393//2141
f 2316//2064 2403//2151 2479//2227 2402//2150
f 2315//2063 2393//2141 2479//2227 2403//2151
f 2315//2063 2396//2144 2480//2228 2404//2152
f 2326//2074 2405//2153 2480//2228 2396//2144
f 2327//2075 2404//2152 2480//2228 2405//2153
f 2315//2063 2404//2152 2481//2229 2403//2151
f 2327//2075 2406//2154 2481//2229 2404//2152
f 2316//2064 2403//2151 2481//2229 2406//2154
f 2326//2074 2400//2148 2482//2230 2405//2153
f 2337//2085 2407//2155 2482//2230 2400//2148
f 2327//2075 2405//2153 2482//2230 2407//2155
f 2327//2075 2407//2155 2483//2231 2408//2156
f 2337//2085 2409//2157 2483//2231 2407//2155
f 2338//2086 2408//2156 2483//2231 2409//2157
f 2343//2091 2401//2149 2484//2232 2410//2158
f 2337//2085 2409//2157 2484//2232 2401//2149
f 2338//2086 2410//2158 2484//2232 2409//2157
f 2342//2090 2411//2159 2485//2233 2402//2150
f 2317//2065 2412//2160 2485//2233 2411//2159
f 2316//2064 2402//2150 2485//2233 2412//2160
f 2316//2064 2406//2154 2486//2234 2412//2160
f 2327//2075 2413//2161 2486//2234 2406//2154
f 2317//2065 2412//2160 2486//2234 2413//2161
f 2317//2065 2413//2161 2487//2235 2414//2162
f 2327//2075 2415//2163 2487//2235 2413//2161
f 2328//2076 2414//2162 2487//2235 2415//2163
f 2327//2075 2408//2156 2488//2236 2416//2164
f 2338//2086 2417//2165 2488//2236 2408//2156
f 2339//2087 2416//2164 2488//2236 2417//2165
f 2327//2075 2416//2164 2489//2237 2415//2163
f 2339//2087 2418//2166 2489//2237 2416//2164
f 2328//2076 2415//2163 2489//2237 2418//2166
f 2343//2091 2410//2158 2490//2238 2419//2167
f 2338//2086 2417//2165 2490//2238 2410//2158
f 2339//2087 2419//2167 2490//2238 2417//2165
f 2342//2090 2420//2168 2491//2239 2411//2159
f 2318//2066 2421//2169 2491//2239 2420//2168
f 2317//2065 2411//2159 2491//2239 2421//2169
f 2317//2065 2414//2162 2492//2240 2422//2170
f 2328//2076 2423//2171 2492//2240 2414//2162
f 2329//2077 2422//2170 2492//2240 2423//2171
f 2317//2065 2422//2170 2493//2241 2421//2169
f 2329//2077 2424//2172 2493//2241 2422//2170
f 2318//2066 2421//2169 2493//2241 2424//2172
f 2328//2076 2418//2166 2494//2242 2423//2171
f 2339//2087 2425//2173 2494//2242 2418//2166
f 2329//2077 2423//2171 2494//2242 2425//2173
f 2329//2077 2425//2173 2495//2243 2426//2174
f 2339//2087 2427//2175 2495//2243 2425//2173
f 2340//2088 2426//2174 2495//2243 2427//2175
f 2343//2091 2419//2167 2496//2244 2428//2176
f 2339//2087 2427//2175 2496//2244 2419//2167
f 2340//2088 2428//2176 2496//2244 2427//2175
f 2342//2090 2429//2177 2497//2245 2420//2168
f 2319//2067 2430//2178 2497//2245 2429//2177
f 2318//2066 2420//2168 2497//2245 2430//2178
f 2318//2066 2424//2172 2498//2246 2430//2178
f 2329//2077 2431//2179 2498//2246 2424//2172
f 2319//2067 2430//2178 2498//2246 2431//2179
f 2319//2067 2431//2179 2499//2247 2432//2180
f 2329//2077 2433//2181 2499//2247 2431//2179
f 2330//2078 2432//2180 2499//2247 2433//2181
f 2329//2077 2426//2174 2500//2248 2434//2182
f 2340//2088 2435//2183 2500//2248 2426//2174
f 2341//2089 2434//2182 2500//2248 2435//2183
f 2329//2077 2434//2182 2501//2249 2433//2181
f 2341//2089 2436//2184 2501//2249 2434//2182
f 2330//2078 2433//2181 2501//2249 2436//2184
f 2343//2091 2428//2176 2502//2250 2437//2185
f 2340//2088 2435//2183 2502//2250 2428//2176
f 2341//2089 2437//2185 2502//2250 2435//2183
f 2342//2090 2344//2092 2503//2251 2429//2177
f 2309//2057 2438//2186 2503//2251 2344//2092
f 2319//2067 2429//2177 2503//2251 2438//2186
f 2319//2067 2432//2180 2504//2252 2439//2187
f 2330//2078 2440//2188 2504//2252 2432//2180
f 2320//2068 2439//2187 2504//2252 2440//2188
f 2319//2067 2439//2187 2505//2253 2438//2186
f 2320//2068 2348//2096 2505//2253 2439//2187
f 2309//2057 2438//2186 2505//2253 2348//2096
f 2330//2078 2436//2184 2506//2254 2440//2188
f 2341//2089 2441//2189 2506//2254 2436//2184
f 2320//2068 2440//2188 2506//2254 2441//2189
f 2320//2068 2441//2189 2507//2255 2351//2099
f 2341//2089 2442//2190 2507//2255 2441//2189
f 2331//2079 2351//2099 2507//2255 2442//2190
f 2343//2091 2437//2185 2508//2256 2356//2104
f 2341//2089 2442//2190 2508//2256 2437//2185
f 2331//2079 2356//2104 2508//2256 2442//2190
o crown_contour_leaf.042
v -0.482827 1.881198 0.009274
v -0.506068 1.864108 0.040208
v -0.532387 1.854142 0.058151
v -0.574110 1.856854 0.052903
v -0.608854 1.865445 0.037006
v -0.586886 1.881124 0.008630
v -0.552993 1.893287 -0.013257
v -0.520080 1.890726 -0.008349
v -0.482791 1.872433 0.004459
v -0.506032 1.855343 0.035394
v -0.532351 1.845378 0.053336
v -0.574074 1.848090 0.048088
v -0.608818 1.856680 0.032191
v -0.586850 1.872360 0.003815
v -0.552957 1.884523 -0.018072
v -0.520044 1.881962 -0.013164
vn 0.0036 -0.8764 -0.4815
vn -0.0036 0.8764 0.4815
vn 0.8355 -0.2619 0.4830
vn 0.6149 -0.3778 0.6922
vn -0.1401 -0.4772 0.8676
vn -0.4614 -0.4286 0.7768
vn -0.8278 0.2675 -0.4931
vn -0.5942 0.3854 -0.7060
vn 0.1658 0.4754 -0.8640
vn 0.4736 0.4256 -0.7711
s 0
usemtl LeafSun
f 2509//2257 2510//2257 2511//2257 2512//2257 2513//2257 2514//2257 2515//2257 2516//2257
f 2524//2258 2523//2258 2522//2258 2521//2258 2520//2258 2519//2258 2518//2258 2517//2258
f 2509//2259 2510//2259 2518//2259 2517//2259
f 2510//2260 2511//2260 2519//2260 2518//2260
f 2511//2261 2512//2261 2520//2261 2519//2261
f 2512//2262 2513//2262 2521//2262 2520//2262
f 2513//2263 2514//2263 2522//2263 2521//2263
f 2514//2264 2515//2264 2523//2264 2522//2264
f 2515//2265 2516//2265 2524//2265 2523//2265
f 2516//2266 2509//2266 2517//2266 2524//2266
o crown_contour_leaf.043
v -0.238890 1.976010 0.206765
v -0.192229 1.981300 0.222119
v -0.160634 1.981290 0.245000
v -0.152436 1.969447 0.292102
v -0.159941 1.955539 0.335030
v -0.202973 1.950843 0.320239
v -0.242145 1.951283 0.290382
v -0.247656 1.960894 0.252978
v -0.236930 1.966586 0.204054
v -0.190268 1.971876 0.219408
v -0.158674 1.971866 0.242289
v -0.150476 1.960024 0.289391
v -0.157981 1.946115 0.332320
v -0.201013 1.941419 0.317528
v -0.240185 1.941859 0.287671
v -0.245696 1.951470 0.250268
vn 0.1960 -0.9424 -0.2711
vn -0.1960 0.9424 0.2711
vn 0.2638 0.3169 -0.9110
vn 0.5528 0.3345 -0.7632
vn 0.9664 0.2326 -0.1097
vn 0.9668 0.1395 0.2142
vn -0.2769 -0.3184 0.9066
vn -0.5737 -0.3344 0.7477
vn -0.9704 -0.2262 0.0848
vn -0.9644 -0.1353 -0.2272
s 0
usemtl LeafSun
f 2525//2267 2526//2267 2527//2267 2528//2267 2529//2267 2530//2267 2531//2267 2532//2267
f 2540//2268 2539//2268 2538//2268 2537//2268 2536//2268 2535//2268 2534//2268 2533//2268
f 2525//2269 2526//2269 2534//2269 2533//2269
f 2526//2270 2527//2270 2535//2270 2534//2270
f 2527//2271 2528//2271 2536//2271 2535//2271
f 2528//2272 2529//2272 2537//2272 2536//2272
f 2529//2273 2530//2273 2538//2273 2537//2273
f 2530//2274 2531//2274 2539//2274 2538//2274
f 2531//2275 2532//2275 2540//2275 2539//2275
f 2532//2276 2525//2276 2533//2276 2540//2276
o crown_contour_leaf.044
v -0.474196 1.860932 -0.100250
v -0.478682 1.872318 -0.155425
v -0.472104 1.870941 -0.199560
v -0.438693 1.840622 -0.233356
v -0.403007 1.805750 -0.249123
v -0.399356 1.795709 -0.197897
v -0.408657 1.798500 -0.142369
v -0.435538 1.823058 -0.116535
v -0.482207 1.853164 -0.101202
v -0.486694 1.864550 -0.156376
v -0.480116 1.863173 -0.200512
v -0.446704 1.832854 -0.234307
v -0.411018 1.797981 -0.250074
v -0.407367 1.787941 -0.198849
v -0.416669 1.790732 -0.143321
v -0.443550 1.815290 -0.117486
vn -0.7153 -0.6936 -0.0850
vn 0.7153 0.6936 0.0850
vn -0.6943 0.6916 0.1992
vn -0.6831 0.7197 -0.1243
vn -0.3701 0.4792 -0.7958
vn -0.1524 0.2735 -0.9497
vn 0.6953 -0.6943 -0.1857
vn 0.6790 -0.7187 0.1499
vn 0.3546 -0.4651 0.8111
vn 0.1429 -0.2642 0.9538
s 0
usemtl LeafSun
f 2541//2277 2542//2277 2543//2277 2544//2277 2545//2277 2546//2277 2547//2277 2548//2277
f 2556//2278 2555//2278 2554//2278 2553//2278 2552//2278 2551//2278 2550//2278 2549//2278
f 2541//2279 2542//2279 2550//2279 2549//2279
f 2542//2280 2543//2280 2551//2280 2550//2280
f 2543//2281 2544//2281 2552//2281 2551//2281
f 2544//2282 2545//2282 2553//2282 2552//2282
f 2545//2283 2546//2283 2554//2283 2553//2283
f 2546//2284 2547//2284 2555//2284 2554//2284
f 2547//2285 2548//2285 2556//2285 2555//2285
f 2548//2286 2541//2286 2549//2286 2556//2286
o crown_contour_leaf.045
v -0.693855 1.953090 0.231796
v -0.707201 1.936642 0.282588
v -0.730422 1.922485 0.322116
v -0.783211 1.908852 0.349313
v -0.832636 1.900513 0.359825
v -0.819610 1.915834 0.312724
v -0.789130 1.933747 0.263103
v -0.747123 1.944300 0.242458
v -0.692846 1.943550 0.228972
v -0.706193 1.927102 0.279763
v -0.729413 1.912945 0.319292
v -0.782202 1.899312 0.346489
v -0.831627 1.890973 0.357001
v -0.818601 1.906294 0.309900
v -0.788121 1.924207 0.260279
v -0.746114 1.934761 0.239634
vn 0.1009 -0.9540 -0.2824
vn -0.1009 0.9540 0.2824
vn 0.9649 0.0246 0.2615
vn 0.8693 -0.0536 0.4914
vn 0.4890 -0.1997 0.8491
vn 0.2418 -0.2518 0.9371
vn -0.9618 -0.0209 -0.2728
vn -0.8600 0.0591 -0.5069
vn -0.4726 0.2038 -0.8574
vn -0.2299 0.2538 -0.9395
s 0
usemtl LeafSun
f 2557//2287 2558//2287 2559//2287 2560//2287 2561//2287 2562//2287 2563//2287 2564//2287
f 2572//2288 2571//2288 2570//2288 2569//2288 2568//2288 2567//2288 2566//2288 2565//2288
f 2557//2289 2558//2289 2566//2289 2565//2289
f 2558//2290 2559//2290 2567//2290 2566//2290
f 2559//2291 2560//2291 2568//2291 2567//2291
f 2560//2292 2561//2292 2569//2292 2568//2292
f 2561//2293 2562//2293 2570//2293 2569//2293
f 2562//2294 2563//2294 2571//2294 2570//2294
f 2563//2295 2564//2295 2572//2295 2571//2295
f 2564//2296 2557//2296 2565//2296 2572//2296
o crown_contour_leaf.046
v -0.169527 1.805535 0.039330
v -0.155997 1.786227 0.000243
v -0.135421 1.775218 -0.024948
v -0.092449 1.779169 -0.027282
v -0.053122 1.789782 -0.016362
v -0.066177 1.807484 0.019620
v -0.093048 1.820887 0.050701
v -0.127183 1.817282 0.051685
v -0.168466 1.796771 0.044027
v -0.154936 1.777463 0.004940
v -0.134360 1.766454 -0.020251
v -0.091388 1.770405 -0.022586
v -0.052061 1.781018 -0.011665
v -0.065116 1.798720 0.024317
v -0.091987 1.812123 0.055398
v -0.126122 1.808518 0.056382
vn 0.1061 -0.8764 0.4697
vn -0.1061 0.8764 -0.4697
vn -0.9491 -0.2301 -0.2149
vn -0.7935 -0.3593 -0.4911
vn -0.0044 -0.4727 -0.8812
vn 0.3452 -0.4105 -0.8440
vn 0.9449 0.2359 0.2268
vn 0.7760 0.3683 0.5120
vn -0.0242 0.4699 0.8824
vn -0.3581 0.4070 0.8403
s 0
usemtl LeafSun
f 2573//2297 2574//2297 2575//2297 2576//2297 2577//2297 2578//2297 2579//2297 2580//2297
f 2588//2298 2587//2298 2586//2298 2585//2298 2584//2298 2583//2298 2582//2298 2581//2298
f 2573//2299 2574//2299 2582//2299 2581//2299
f 2574//2300 2575//2300 2583//2300 2582//2300
f 2575//2301 2576//2301 2584//2301 2583//2301
f 2576//2302 2577//2302 2585//2302 2584//2302
f 2577//2303 2578//2303 2586//2303 2585//2303
f 2578//2304 2579//2304 2587//2304 2586//2304
f 2579//2305 2580//2305 2588//2305 2587//2305
f 2580//2306 2573//2306 2581//2306 2588//2306
o crown_contour_leaf.047
v -0.514781 1.902169 -0.029827
v -0.564159 1.908916 -0.012588
v -0.604114 1.909593 -0.012122
v -0.635980 1.896936 -0.048953
v -0.651748 1.881698 -0.092477
v -0.605881 1.875673 -0.107808
v -0.555568 1.875298 -0.107049
v -0.531148 1.885596 -0.077138
v -0.514916 1.891615 -0.026083
v -0.564294 1.898362 -0.008844
v -0.604249 1.899038 -0.008378
v -0.636115 1.886381 -0.045209
v -0.651883 1.871143 -0.088733
v -0.606017 1.865118 -0.104064
v -0.555703 1.864743 -0.103305
v -0.531283 1.875041 -0.073394
vn -0.0121 -0.9424 0.3343
vn 0.0121 0.9424 -0.3343
vn 0.3509 0.3091 0.8840
vn 0.0166 0.3341 0.9424
vn -0.7738 0.2205 0.5937
vn -0.9461 0.1189 0.3011
vn -0.3378 -0.3108 -0.8884
vn 0.0117 -0.3344 -0.9423
vn 0.7915 -0.2133 -0.5728
vn 0.9505 -0.1146 -0.2887
s 0
usemtl LeafSun
f 2589//2307 2590//2307 2591//2307 2592//2307 2593//2307 2594//2307 2595//2307 2596//2307
f 2604//2308 2603//2308 2602//2308 2601//2308 2600//2308 2599//2308 2598//2308 2597//2308
f 2589//2309 2590//2309 2598//2309 2597//2309
f 2590//2310 2591//2310 2599//2310 2598//2310
f 2591//2311 2592//2311 2600//2311 2599//2311
f 2592//2312 2593//2312 2601//2312 2600//2312
f 2593//2313 2594//2313 2602//2313 2601//2313
f 2594//2314 2595//2314 2603//2314 2602//2314
f 2595//2315 2596//2315 2604//2315 2603//2315
f 2596//2316 2589//2316 2597//2316 2604//2316
o leafy_twig.007
v -0.591771 1.506237 -0.531578
v -0.107997 1.908463 -0.055735
v -0.572952 1.498552 -0.543815
v -0.101927 1.905985 -0.059682
v -0.558262 1.480000 -0.542101
v -0.097188 1.900000 -0.059129
v -0.556305 1.461448 -0.527440
v -0.096556 1.894015 -0.054400
v -0.568229 1.453763 -0.508422
v -0.100403 1.891536 -0.048265
v -0.587048 1.461448 -0.496185
v -0.106473 1.894015 -0.044318
v -0.601738 1.480000 -0.497899
v -0.111212 1.900000 -0.044871
v -0.603695 1.498552 -0.512560
v -0.111844 1.905985 -0.049600
vn -0.6721 0.3335 -0.6611
vn 0.0946 0.9912 0.0931
vn -0.1959 0.1391 -0.9707
vn 0.5609 0.8007 -0.2102
vn 0.1758 -0.3303 -0.9273
vn 0.9250 0.3410 -0.1677
vn 0.2253 -0.7998 -0.5564
vn 0.9735 -0.1187 0.1956
vn -0.0764 -0.9942 -0.0751
vn 0.6780 -0.3092 0.6669
vn -0.5526 -0.7998 0.2345
vn 0.2117 -0.1187 0.9701
vn -0.9243 -0.3303 0.1911
vn -0.1524 0.3410 0.9276
vn -0.9738 0.1391 -0.1798
vn -0.2009 0.8007 0.5643
vt 1.000000 0.500000
vt 1.000000 1.000000
vt 0.875000 1.000000
vt 0.875000 0.500000
vt 0.750000 1.000000
vt 0.750000 0.500000
vt 0.625000 1.000000
vt 0.625000 0.500000
vt 0.500000 1.000000
vt 0.500000 0.500000
vt 0.375000 1.000000
vt 0.375000 0.500000
vt 0.250000 1.000000
vt 0.250000 0.500000
vt 0.419706 0.419706
vt 0.250000 0.490000
vt 0.080294 0.419706
vt 0.010000 0.250000
vt 0.080294 0.080294
vt 0.250000 0.010000
vt 0.419706 0.080294
vt 0.490000 0.250000
vt 0.125000 1.000000
vt 0.125000 0.500000
vt 0.000000 1.000000
vt 0.000000 0.500000
vt 0.750000 0.490000
vt 0.919706 0.419706
vt 0.990000 0.250000
vt 0.919706 0.080294
vt 0.750000 0.010000
vt 0.580294 0.080294
vt 0.510000 0.250000
vt 0.580294 0.419706
s 1
usemtl WeatheredBark
f 2605/915/2317 2606/916/2318 2608/917/2320 2607/918/2319
f 2607/918/2319 2608/917/2320 2610/919/2322 2609/920/2321
f 2609/920/2321 2610/919/2322 2612/921/2324 2611/922/2323
f 2611/922/2323 2612/921/2324 2614/923/2326 2613/924/2325
f 2613/924/2325 2614/923/2326 2616/925/2328 2615/926/2327
f 2615/926/2327 2616/925/2328 2618/927/2330 2617/928/2329
f 2608/929/2320 2606/930/2318 2620/931/2332 2618/932/2330 2616/933/2328 2614/934/2326 2612/935/2324 2610/936/2322
f 2617/928/2329 2618/927/2330 2620/937/2332 2619/938/2331
f 2619/938/2331 2620/937/2332 2606/939/2318 2605/940/2317
f 2605/941/2317 2607/942/2319 2609/943/2321 2611/944/2323 2613/945/2325 2615/946/2327 2617/947/2329 2619/948/2331
o solid_leaf_crown_lobe.007
v 0.347673 1.743188 0.083217
v 0.279265 1.808104 -0.068584
v 0.130722 1.775429 -0.164177
v -0.012270 1.733486 -0.169862
v -0.152313 1.795649 -0.124141
v -0.201041 1.793888 -0.002508
v -0.287985 1.732962 0.150673
v -0.150019 1.777558 0.269495
v -0.008558 1.807130 0.351603
v 0.164523 1.741743 0.333754
v 0.247217 1.758142 0.220674
v 0.473119 1.926950 0.063267
v 0.337256 1.970967 -0.164599
v 0.140973 1.950227 -0.277664
v -0.079912 1.923500 -0.271138
v -0.235744 1.963363 -0.176146
v -0.339954 1.961923 0.006640
v -0.383323 1.922641 0.216407
v -0.184396 1.951536 0.377428
v 0.024284 1.970821 0.463754
v 0.255585 1.928753 0.417320
v 0.358874 1.930078 0.247392
v 0.424157 2.095188 0.017043
v 0.233982 2.160104 -0.151788
v 0.099290 2.127429 -0.230168
v -0.106953 2.085485 -0.198682
v -0.189751 2.147650 -0.110242
v -0.301322 2.145888 0.054218
v -0.314982 2.084962 0.226013
v -0.100070 2.129558 0.340997
v 0.052557 2.159130 0.403001
v 0.256472 2.093744 0.342769
v 0.276632 2.110142 0.186901
v 0.030722 1.743011 0.080004
v 0.020468 2.185678 0.069377
v 0.204970 1.747442 0.080531
v 0.172491 1.768789 -0.004084
v 0.313469 1.775646 0.007316
v 0.368485 1.862200 -0.046494
v 0.421417 1.839738 0.053596
v 0.442836 1.945122 -0.049892
v 0.304924 1.867391 -0.112873
v 0.454692 2.015738 0.023694
v 0.394425 2.039015 -0.081354
v 0.291170 2.079243 -0.159541
v 0.329070 2.127646 -0.067373
v 0.153474 2.169004 -0.056547
v 0.229226 2.147658 0.036452
v 0.091527 1.758024 -0.058474
v 0.204993 1.791766 -0.116381
v 0.240361 1.878596 -0.182882
v 0.140789 1.880325 -0.244346
v 0.229518 1.963441 -0.245034
v 0.223516 2.054596 -0.217591
v 0.166636 2.143766 -0.190978
v 0.128096 2.020473 -0.270573
v 0.059915 2.158239 -0.101976
v 0.004937 1.744212 -0.065798
v 0.059226 1.754457 -0.167020
v 0.028749 1.843677 -0.237983
v 0.046618 1.935483 -0.289917
v -0.045650 1.815067 -0.219438
v 0.006723 2.019677 -0.267093
v -0.090641 2.026919 -0.236231
v -0.003831 2.106457 -0.214425
v -0.045502 2.144427 -0.088303
v -0.071097 1.764683 -0.035708
v -0.082292 1.764567 -0.147002
v -0.127914 1.853708 -0.210120
v -0.212561 1.894472 -0.164062
v -0.178178 1.946767 -0.228838
v -0.152317 2.029708 -0.207607
v -0.148352 2.116568 -0.154462
v -0.227745 2.034621 -0.158528
v -0.110829 2.164898 -0.032961
v -0.113329 1.764103 0.033343
v -0.176677 1.794768 -0.063325
v -0.255222 1.881974 -0.072802
v -0.286613 1.969399 -0.107934
v -0.272384 1.857422 0.000558
v -0.280172 2.057974 -0.061447
v -0.319189 2.069274 0.032289
v -0.245536 2.146769 -0.028012
v -0.165348 2.164318 0.059522
v -0.139462 1.744039 0.119271
v -0.244513 1.763425 0.074083
v -0.330174 1.850878 0.083285
v -0.354999 1.850613 0.194226
v -0.390476 1.934416 0.130332
v -0.350992 2.026878 0.118960
v -0.308152 2.115425 0.140116
v -0.365739 1.990761 0.224171
v -0.160402 2.144255 0.156881
v -0.078178 1.758725 0.190790
v -0.219002 1.755260 0.210084
v -0.256023 1.843236 0.273009
v -0.321151 1.928298 0.293174
v -0.168138 1.845972 0.320730
v -0.261658 2.019236 0.310242
v -0.144624 2.057823 0.362144
v -0.207526 2.107260 0.283505
v -0.059794 2.158941 0.226707
v 0.009749 1.768464 0.234005
v -0.079288 1.792344 0.310549
v -0.094764 1.880028 0.382217
v 0.012430 1.902505 0.431787
v -0.067550 1.969687 0.442206
v -0.065522 2.056027 0.409973
v -0.023757 2.144344 0.371999
v 0.036808 2.042653 0.452199
v 0.043384 2.168679 0.257167
v 0.102326 1.746772 0.223689
v 0.077983 1.774437 0.342678
v 0.131059 1.863268 0.408904
v 0.127279 1.956268 0.462487
v 0.207063 1.820858 0.373777
v 0.164612 2.039268 0.430188
v 0.253109 2.032709 0.379163
v 0.154514 2.126437 0.372885
v 0.143554 2.146987 0.223437
v 0.163030 1.745599 0.162523
v 0.205870 1.749943 0.277214
v 0.270037 1.838807 0.330603
v 0.331897 1.860584 0.243706
v 0.318053 1.927815 0.328893
v 0.291043 2.014807 0.318172
v 0.266552 2.101943 0.264835
v 0.343862 2.000733 0.230283
v 0.186569 2.145814 0.137507
v 0.297445 1.750665 0.151945
v 0.390884 1.839784 0.141017
v 0.420608 1.928245 0.164188
v 0.410209 2.014969 0.120984
v 0.350395 2.102665 0.101972
v 0.223411 1.762302 0.030107
v 0.421380 1.882262 -0.020996
v 0.330698 1.841015 -0.057192
v 0.444529 1.999595 -0.042841
v 0.340662 2.080570 -0.107901
v 0.229741 2.152605 -0.025560
v 0.150503 1.772259 -0.054346
v 0.255653 1.851761 -0.141374
v 0.212792 1.905158 -0.228275
v 0.231144 2.091317 -0.192025
v 0.202559 2.017602 -0.249595
v 0.120636 2.162562 -0.109886
v 0.050429 1.749151 -0.089579
v 0.066503 1.881978 -0.264472
v 0.009291 1.805474 -0.212803
v 0.055584 1.994422 -0.285036
v -0.033267 2.045029 -0.244213
v 0.003200 2.139454 -0.126633
v -0.046655 1.755413 -0.075872
v -0.087062 1.812214 -0.198415
v -0.173189 1.894743 -0.210980
v -0.131539 2.051769 -0.204305
v -0.185944 2.007187 -0.207134
v -0.096567 2.145716 -0.085462
v -0.112773 1.774118 -0.018038
v -0.259730 1.913507 -0.114697
v -0.239720 1.849683 -0.044298
v -0.272562 2.025951 -0.109662
v -0.286002 2.089238 -0.019710
v -0.164411 2.164421 0.001661
v -0.158025 1.754705 0.075852
v -0.285977 1.828787 0.049805
v -0.371163 1.873933 0.131043
v -0.328923 2.068343 0.094020
v -0.380805 1.986378 0.154852
v -0.204320 2.145008 0.116571
v -0.139730 1.749648 0.169349
v -0.316488 1.868861 0.261489
v -0.213006 1.818658 0.273748
v -0.324043 1.981305 0.285503
v -0.204507 2.058213 0.323409
v -0.136666 2.139951 0.215310
v -0.045391 1.772616 0.238205
v -0.116947 1.843380 0.341892
v -0.059081 1.915681 0.424461
v -0.080301 2.082936 0.383905
v -0.039713 2.028126 0.441159
v -0.011511 2.162920 0.275855
v 0.062521 1.761525 0.259705
v 0.096945 1.904556 0.441332
v 0.146990 1.821163 0.380261
v 0.116896 2.017000 0.457162
v 0.198420 2.060719 0.399930
v 0.110601 2.151828 0.275878
v 0.151139 1.745399 0.215293
v 0.233673 1.804834 0.334893
v 0.306139 1.872376 0.311100
v 0.274977 2.044390 0.327354
v 0.316404 1.984821 0.300906
v 0.189462 2.135702 0.202346
v 0.213643 1.745874 0.129424
v 0.389346 1.872783 0.178781
v 0.380629 1.808161 0.114876
v 0.399396 1.985228 0.167542
v 0.415929 2.042827 0.081561
v 0.245548 2.136177 0.090590
vn -0.9720 -0.0019 -0.2348
vn -0.7447 0.1223 0.6561
vn -0.1694 -0.1488 0.9742
vn 0.0489 -0.4135 0.9092
vn 0.6745 0.1679 0.7189
vn 0.8384 -0.4673 0.2807
vn 0.9785 0.1084 -0.1753
vn 0.6033 -0.3573 -0.7130
vn 0.1382 0.0698 -0.9879
vn -0.4946 -0.1655 -0.8532
vn -0.7695 -0.4112 -0.4888
vn -0.9843 0.1252 -0.1241
vn -0.6612 0.0927 0.7445
vn -0.2574 0.1422 0.9558
vn 0.2779 0.1317 0.9515
vn 0.7445 0.0449 0.6661
vn 0.9124 0.0617 0.4047
vn 0.9204 0.1389 -0.3656
vn 0.4869 0.0974 -0.8680
vn 0.1159 0.1065 -0.9875
vn -0.5826 0.1245 -0.8032
vn -0.8507 0.0203 -0.5253
vn -0.9836 -0.1512 0.0986
vn -0.4205 0.5883 0.6907
vn -0.3050 0.3365 0.8909
vn 0.4832 0.0698 0.8727
vn 0.7067 0.6217 0.3376
vn 0.7502 0.5274 0.3988
vn 0.9098 -0.0535 -0.4115
vn 0.2678 0.5397 -0.7982
vn 0.1229 0.4132 -0.9023
vn -0.7998 0.1474 -0.5819
vn -0.3703 0.9050 -0.2095
vn -0.0176 -0.9998 -0.0079
vn 0.0067 1.0000 -0.0011
vn 0.0154 -0.9897 -0.1426
vn 0.1290 -0.9713 -0.1996
vn -0.8445 -0.4576 0.2782
vn -0.5707 0.5928 0.5682
vn -0.7931 0.6031 0.0854
vn -0.8319 0.2024 0.5167
vn -0.5659 0.5733 0.5925
vn -0.9410 -0.3372 -0.0270
vn -0.7251 -0.3655 0.5837
vn -0.5868 -0.4124 0.6969
vn -0.4749 0.4986 0.7251
vn 0.0861 0.9953 -0.0448
vn 0.2304 0.9684 0.0959
vn 0.2045 -0.9777 -0.0484
vn -0.4079 -0.5076 0.7589
vn -0.5244 0.5475 0.6521
vn -0.2875 0.5188 0.8051
vn -0.5079 0.0948 0.8562
vn -0.4641 -0.3697 0.8049
vn -0.5102 0.5718 0.6425
vn -0.1809 -0.2842 0.9415
vn -0.1215 0.9666 -0.2255
vn -0.0471 -0.9983 0.0335
vn 0.1028 -0.4539 0.8851
vn -0.0411 0.5370 0.8426
vn 0.0116 0.1605 0.9870
vn 0.1886 0.5436 0.8179
vn 0.1786 -0.3364 0.9246
vn 0.3249 -0.3675 0.8714
vn 0.0105 0.6400 0.7683
vn -0.0655 0.9459 -0.3178
vn -0.2436 -0.9694 -0.0285
vn 0.1373 -0.3873 0.9117
vn 0.4589 0.5427 0.7035
vn 0.6930 0.4807 0.5373
vn 0.5299 0.0337 0.8474
vn 0.3927 -0.3969 0.8296
vn 0.7053 0.5586 0.4365
vn 0.6437 -0.3839 0.6620
vn -0.0206 0.9795 -0.2006
vn -0.1295 -0.9686 -0.2123
vn 0.7769 -0.5305 0.3390
vn 0.7512 0.5493 0.3660
vn 0.8666 0.0704 0.4940
vn 0.7002 0.5556 0.4483
vn 0.8138 -0.3772 0.4421
vn 0.9037 -0.3174 0.2876
vn 0.6733 0.5981 0.4347
vn -0.1357 0.9868 0.0880
vn 0.0099 -0.9985 -0.0530
vn 0.8035 -0.5243 0.2818
vn 0.7704 0.4738 0.4267
vn 0.8066 0.5213 -0.2787
vn 0.9830 0.0438 0.1785
vn 0.9112 -0.3959 0.1140
vn 0.7609 0.5806 0.2899
vn 0.8649 -0.3286 -0.3795
vn -0.2030 0.9617 0.1840
vn 0.0382 -0.9760 0.2146
vn 0.6241 -0.4656 -0.6274
vn 0.4231 0.5569 -0.7148
vn 0.6236 0.1723 -0.7626
vn 0.3718 0.5596 -0.7407
vn 0.5329 -0.3569 -0.7672
vn 0.4722 -0.4164 -0.7770
vn 0.2896 0.5958 -0.7491
vn -0.2008 0.9727 0.1161
vn -0.1219 -0.9706 0.2077
vn 0.4870 -0.5222 -0.7001
vn 0.3374 0.5398 -0.7712
vn 0.1353 0.5146 -0.8467
vn 0.3817 0.0554 -0.9226
vn 0.4289 -0.4015 -0.8092
vn 0.2637 0.5702 -0.7780
vn 0.0783 -0.3171 -0.9451
vn 0.0612 0.9946 0.0836
vn -0.1186 -0.9902 0.0737
vn -0.2791 -0.5036 -0.8176
vn -0.0597 0.5346 -0.8430
vn -0.1747 0.1395 -0.9747
vn -0.3527 0.5516 -0.7559
vn -0.3635 -0.3638 -0.8576
vn -0.6942 -0.3377 -0.6357
vn -0.1125 0.5317 -0.8394
vn 0.2595 0.9611 0.0946
vn 0.0397 -0.9990 0.0213
vn -0.7057 -0.4297 -0.5633
vn -0.6716 0.5567 -0.4889
vn -0.7383 0.4970 -0.4560
vn -0.8495 0.0413 -0.5259
vn -0.8326 -0.3709 -0.4114
vn -0.7150 0.6953 -0.0733
vn -0.7628 -0.4517 -0.4627
vn 0.2378 0.9642 0.1170
vn -0.7396 -0.4794 -0.4724
vn -0.7411 0.5249 -0.4185
vn -0.8571 0.0300 -0.5142
vn -0.7658 -0.4531 -0.4565
vn -0.5921 0.6141 -0.5218
vn 0.0385 -0.9411 -0.3360
vn -0.6994 0.5467 0.4604
vn -0.5523 0.6208 0.5564
vn -0.8694 -0.2201 0.4424
vn -0.6516 -0.4732 0.5928
vn 0.2296 0.9708 0.0697
vn 0.2262 -0.9704 -0.0852
vn -0.5341 0.6083 0.5872
vn -0.4540 0.4754 0.7536
vn -0.4460 -0.4148 0.7931
vn -0.4023 -0.2824 0.8709
vn -0.0607 0.9773 -0.2032
vn 0.2169 -0.9761 -0.0152
vn -0.0880 0.5062 0.8579
vn -0.0912 0.5314 0.8422
vn 0.0240 -0.2274 0.9735
vn 0.2444 -0.4266 0.8708
vn -0.1971 0.9361 -0.2912
vn -0.3126 -0.9478 0.0635
vn 0.4169 0.6040 0.6793
vn 0.5656 0.4493 0.6915
vn 0.4204 -0.4196 0.8045
vn 0.4821 -0.3439 0.8058
vn 0.0848 0.9158 -0.3927
vn -0.2144 -0.9697 -0.1170
vn 0.7669 0.4543 0.4532
vn 0.7028 0.6329 0.3248
vn 0.7995 -0.3304 0.5016
vn 0.8071 -0.3824 0.4498
vn -0.1282 0.9889 -0.0753
vn -0.0707 -0.9424 -0.3268
vn 0.6417 0.5423 0.5423
vn 0.8885 0.4124 0.2013
vn 0.9383 -0.3378 0.0738
vn 0.9334 -0.3577 0.0293
vn -0.1747 0.9488 0.2632
vn 0.0647 -0.9746 0.2145
vn 0.5582 0.5063 -0.6573
vn 0.3791 0.5968 -0.7072
vn 0.6614 -0.2502 -0.7070
vn 0.4818 -0.4459 -0.7543
vn -0.2522 0.9577 0.1389
vn 0.0153 -0.9676 0.2520
vn 0.3305 0.5916 -0.7354
vn 0.2880 0.4721 -0.8332
vn 0.4370 -0.4629 -0.7712
vn 0.3334 -0.3085 -0.8909
vn -0.1787 0.9764 0.1210
vn -0.2691 -0.9465 0.1782
vn -0.0231 0.5083 -0.8609
vn -0.0055 0.5101 -0.8601
vn -0.1800 -0.2543 -0.9502
vn -0.4429 -0.4544 -0.7729
vn 0.2827 0.9558 0.0805
vn 0.0627 -0.9980 -0.0107
vn -0.6116 0.6294 -0.4794
vn -0.7710 0.4575 -0.4430
vn -0.9092 -0.2872 -0.3015
vn -0.8085 -0.3792 -0.4500
vn 0.2741 0.9536 0.1245
vn 0.0221 -0.9983 0.0543
vn -0.7450 0.4345 -0.5061
vn -0.7202 0.5618 -0.4070
vn -0.7651 -0.4038 -0.5017
vn -0.7608 -0.4582 -0.4595
vn 0.2577 0.9562 0.1385
s 1
usemtl LeafDeep
f 2654//2366 2657//2369 2755//2467 2656//2368
f 2622//2334 2658//2370 2755//2467 2657//2369
f 2621//2333 2656//2368 2755//2467 2658//2370
f 2621//2333 2660//2372 2756//2468 2659//2371
f 2632//2344 2661//2373 2756//2468 2660//2372
f 2633//2345 2659//2371 2756//2468 2661//2373
f 2621//2333 2659//2371 2757//2469 2658//2370
f 2633//2345 2662//2374 2757//2469 2659//2371
f 2622//2334 2658//2370 2757//2469 2662//2374
f 2632//2344 2663//2375 2758//2470 2661//2373
f 2643//2355 2664//2376 2758//2470 2663//2375
f 2633//2345 2661//2373 2758//2470 2664//2376
f 2633//2345 2664//2376 2759//2471 2665//2377
f 2643//2355 2666//2378 2759//2471 2664//2376
f 2644//2356 2665//2377 2759//2471 2666//2378
f 2655//2367 2668//2380 2760//2472 2667//2379
f 2643//2355 2666//2378 2760//2472 2668//2380
f 2644//2356 2667//2379 2760//2472 2666//2378
f 2654//2366 2669//2381 2761//2473 2657//2369
f 2623//2335 2670//2382 2761//2473 2669//2381
f 2622//2334 2657//2369 2761//2473 2670//2382
f 2622//2334 2662//2374 2762//2474 2670//2382
f 2633//2345 2671//2383 2762//2474 2662//2374
f 2623//2335 2670//2382 2762//2474 2671//2383
f 2623//2335 2671//2383 2763//2475 2672//2384
f 2633//2345 2673//2385 2763//2475 2671//2383
f 2634//2346 2672//2384 2763//2475 2673//2385
f 2633//2345 2665//2377 2764//2476 2674//2386
f 2644//2356 2675//2387 2764//2476 2665//2377
f 2645//2357 2674//2386 2764//2476 2675//2387
f 2633//2345 2674//2386 2765//2477 2673//2385
f 2645//2357 2676//2388 2765//2477 2674//2386
f 2634//2346 2673//2385 2765//2477 2676//2388
f 2655//2367 2667//2379 2766//2478 2677//2389
f 2644//2356 2675//2387 2766//2478 2667//2379
f 2645//2357 2677//2389 2766//2478 2675//2387
f 2654//2366 2678//2390 2767//2479 2669//2381
f 2624//2336 2679//2391 2767//2479 2678//2390
f 2623//2335 2669//2381 2767//2479 2679//2391
f 2623//2335 2672//2384 2768//2480 2680//2392
f 2634//2346 2681//2393 2768//2480 2672//2384
f 2635//2347 2680//2392 2768//2480 2681//2393
f 2623//2335 2680//2392 2769//2481 2679//2391
f 2635//2347 2682//2394 2769//2481 2680//2392
f 2624//2336 2679//2391 2769//2481 2682//2394
f 2634//2346 2676//2388 2770//2482 2681//2393
f 2645//2357 2683//2395 2770//2482 2676//2388
f 2635//2347 2681//2393 2770//2482 2683//2395
f 2635//2347 2683//2395 2771//2483 2684//2396
f 2645//2357 2685//2397 2771//2483 2683//2395
f 2646//2358 2684//2396 2771//2483 2685//2397
f 2655//2367 2677//2389 2772//2484 2686//2398
f 2645//2357 2685//2397 2772//2484 2677//2389
f 2646//2358 2686//2398 2772//2484 2685//2397
f 2654//2366 2687//2399 2773//2485 2678//2390
f 2625//2337 2688//2400 2773//2485 2687//2399
f 2624//2336 2678//2390 2773//2485 2688//2400
f 2624//2336 2682//2394 2774//2486 2688//2400
f 2635//2347 2689//2401 2774//2486 2682//2394
f 2625//2337 2688//2400 2774//2486 2689//2401
f 2625//2337 2689//2401 2775//2487 2690//2402
f 2635//2347 2691//2403 2775//2487 2689//2401
f 2636//2348 2690//2402 2775//2487 2691//2403
f 2635//2347 2684//2396 2776//2488 2692//2404
f 2646//2358 2693//2405 2776//2488 2684//2396
f 2647//2359 2692//2404 2776//2488 2693//2405
f 2635//2347 2692//2404 2777//2489 2691//2403
f 2647//2359 2694//2406 2777//2489 2692//2404
f 2636//2348 2691//2403 2777//2489 2694//2406
f 2655//2367 2686//2398 2778//2490 2695//2407
f 2646//2358 2693//2405 2778//2490 2686//2398
f 2647//2359 2695//2407 2778//2490 2693//2405
f 2654//2366 2696//2408 2779//2491 2687//2399
f 2626//2338 2697//2409 2779//2491 2696//2408
f 2625//2337 2687//2399 2779//2491 2697//2409
f 2625//2337 2690//2402 2780//2492 2698//2410
f 2636//2348 2699//2411 2780//2492 2690//2402
f 2637//2349 2698//2410 2780//2492 2699//2411
f 2625//2337 2698//2410 2781//2493 2697//2409
f 2637//2349 2700//2412 2781//2493 2698//2410
f 2626//2338 2697//2409 2781//2493 2700//2412
f 2636//2348 2694//2406 2782//2494 2699//2411
f 2647//2359 2701//2413 2782//2494 2694//2406
f 2637//2349 2699//2411 2782//2494 2701//2413
f 2637//2349 2701//2413 2783//2495 2702//2414
f 2647//2359 2703//2415 2783//2495 2701//2413
f 2648//2360 2702//2414 2783//2495 2703//2415
f 2655//2367 2695//2407 2784//2496 2704//2416
f 2647//2359 2703//2415 2784//2496 2695//2407
f 2648//2360 2704//2416 2784//2496 2703//2415
f 2654//2366 2705//2417 2785//2497 2696//2408
f 2627//2339 2706//2418 2785//2497 2705//2417
f 2626//2338 2696//2408 2785//2497 2706//2418
f 2626//2338 2700//2412 2786//2498 2706//2418
f 2637//2349 2707//2419 2786//2498 2700//2412
f 2627//2339 2706//2418 2786//2498 2707//2419
f 2627//2339 2707//2419 2787//2499 2708//2420
f 2637//2349 2709//2421 2787//2499 2707//2419
f 2638//2350 2708//2420 2787//2499 2709//2421
f 2637//2349 2702//2414 2788//2500 2710//2422
f 2648//2360 2711//2423 2788//2500 2702//2414
f 2649//2361 2710//2422 2788//2500 2711//2423
f 2637//2349 2710//2422 2789//2501 2709//2421
f 2649//2361 2712//2424 2789//2501 2710//2422
f 2638//2350 2709//2421 2789//2501 2712//2424
f 2655//2367 2704//2416 2790//2502 2713//2425
f 2648//2360 2711//2423 2790//2502 2704//2416
f 2649//2361 2713//2425 2790//2502 2711//2423
f 2654//2366 2714//2426 2791//2503 2705//2417
f 2628//2340 2715//2427 2791//2503 2714//2426
f 2627//2339 2705//2417 2791//2503 2715//2427
f 2627//2339 2708//2420 2792//2504 2716//2428
f 2638//2350 2717//2429 2792//2504 2708//2420
f 2639//2351 2716//2428 2792//2504 2717//2429
f 2627//2339 2716//2428 2793//2505 2715//2427
f 2639//2351 2718//2430 2793//2505 2716//2428
f 2628//2340 2715//2427 2793//2505 2718//2430
f 2638//2350 2712//2424 2794//2506 2717//2429
f 2649//2361 2719//2431 2794//2506 2712//2424
f 2639//2351 2717//2429 2794//2506 2719//2431
f 2639//2351 2719//2431 2795//2507 2720//2432
f 2649//2361 2721//2433 2795//2507 2719//2431
f 2650//2362 2720//2432 2795//2507 2721//2433
f 2655//2367 2713//2425 2796//2508 2722//2434
f 2649//2361 2721//2433 2796//2508 2713//2425
f 2650//2362 2722//2434 2796//2508 2721//2433
f 2654//2366 2723//2435 2797//2509 2714//2426
f 2629//2341 2724//2436 2797//2509 2723//2435
f 2628//2340 2714//2426 2797//2509 2724//2436
f 2628//2340 2718//2430 2798//2510 2724//2436
f 2639//2351 2725//2437 2798//2510 2718//2430
f 2629//2341 2724//2436 2798//2510 2725//2437
f 2629//2341 2725//2437 2799//2511 2726//2438
f 2639//2351 2727//2439 2799//2511 2725//2437
f 2640//2352 2726//2438 2799//2511 2727//2439
f 2639//2351 2720//2432 2800//2512 2728//2440
f 2650//2362 2729//2441 2800//2512 2720//2432
f 2651//2363 2728//2440 2800//2512 2729//2441
f 2639//2351 2728//2440 2801//2513 2727//2439
f 2651//2363 2730//2442 2801//2513 2728//2440
f 2640//2352 2727//2439 2801//2513 2730//2442
f 2655//2367 2722//2434 2802//2514 2731//2443
f 2650//2362 2729//2441 2802//2514 2722//2434
f 2651//2363 2731//2443 2802//2514 2729//2441
f 2654//2366 2732//2444 2803//2515 2723//2435
f 2630//2342 2733//2445 2803//2515 2732//2444
f 2629//2341 2723//2435 2803//2515 2733//2445
f 2629//2341 2726//2438 2804//2516 2734//2446
f 2640//2352 2735//2447 2804//2516 2726//2438
f 2641//2353 2734//2446 2804//2516 2735//2447
f 2629//2341 2734//2446 2805//2517 2733//2445
f 2641//2353 2736//2448 2805//2517 2734//2446
f 2630//2342 2733//2445 2805//2517 2736//2448
f 2640//2352 2730//2442 2806//2518 2735//2447
f 2651//2363 2737//2449 2806//2518 2730//2442
f 2641//2353 2735//2447 2806//2518 2737//2449
f 2641//2353 2737//2449 2807//2519 2738//2450
f 2651//2363 2739//2451 2807//2519 2737//2449
f 2652//2364 2738//2450 2807//2519 2739//2451
f 2655//2367 2731//2443 2808//2520 2740//2452
f 2651//2363 2739//2451 2808//2520 2731//2443
f 2652//2364 2740//2452 2808//2520 2739//2451
f 2654//2366 2741//2453 2809//2521 2732//2444
f 2631//2343 2742//2454 2809//2521 2741//2453
f 2630//2342 2732//2444 2809//2521 2742//2454
f 2630//2342 2736//2448 2810//2522 2742//2454
f 2641//2353 2743//2455 2810//2522 2736//2448
f 2631//2343 2742//2454 2810//2522 2743//2455
f 2631//2343 2743//2455 2811//2523 2744//2456
f 2641//2353 2745//2457 2811//2523 2743//2455
f 2642//2354 2744//2456 2811//2523 2745//2457
f 2641//2353 2738//2450 2812//2524 2746//2458
f 2652//2364 2747//2459 2812//2524 2738//2450
f 2653//2365 2746//2458 2812//2524 2747//2459
f 2641//2353 2746//2458 2813//2525 2745//2457
f 2653//2365 2748//2460 2813//2525 2746//2458
f 2642//2354 2745//2457 2813//2525 2748//2460
f 2655//2367 2740//2452 2814//2526 2749//2461
f 2652//2364 2747//2459 2814//2526 2740//2452
f 2653//2365 2749//2461 2814//2526 2747//2459
f 2654//2366 2656//2368 2815//2527 2741//2453
f 2621//2333 2750//2462 2815//2527 2656//2368
f 2631//2343 2741//2453 2815//2527 2750//2462
f 2631//2343 2744//2456 2816//2528 2751//2463
f 2642//2354 2752//2464 2816//2528 2744//2456
f 2632//2344 2751//2463 2816//2528 2752//2464
f 2631//2343 2751//2463 2817//2529 2750//2462
f 2632//2344 2660//2372 2817//2529 2751//2463
f 2621//2333 2750//2462 2817//2529 2660//2372
f 2642//2354 2748//2460 2818//2530 2752//2464
f 2653//2365 2753//2465 2818//2530 2748//2460
f 2632//2344 2752//2464 2818//2530 2753//2465
f 2632//2344 2753//2465 2819//2531 2663//2375
f 2653//2365 2754//2466 2819//2531 2753//2465
f 2643//2355 2663//2375 2819//2531 2754//2466
f 2655//2367 2749//2461 2820//2532 2668//2380
f 2653//2365 2754//2466 2820//2532 2749//2461
f 2643//2355 2668//2380 2820//2532 2754//2466
o crown_contour_leaf.048
v -0.067603 2.049889 0.249266
v -0.043445 2.032799 0.279489
v -0.032637 2.022833 0.309453
v -0.048129 2.025545 0.348547
v -0.072191 2.034136 0.378226
v -0.094189 2.049815 0.349873
v -0.106928 2.061978 0.311592
v -0.093963 2.059417 0.280944
v -0.072257 2.041124 0.248030
v -0.048099 2.024034 0.278253
v -0.037291 2.014069 0.308217
v -0.052782 2.016781 0.347311
v -0.076845 2.025371 0.376990
v -0.098842 2.041050 0.348637
v -0.111581 2.053214 0.310355
v -0.098617 2.050653 0.279708
vn -0.4654 -0.8764 -0.1236
vn 0.4654 0.8764 0.1236
vn 0.6762 -0.2619 -0.6886
vn 0.8237 -0.3778 -0.4228
vn 0.8052 -0.4772 0.3521
vn 0.6371 -0.4286 0.6406
vn -0.6840 0.2675 0.6786
vn -0.8319 0.3854 0.3993
vn -0.7953 0.4754 -0.3762
vn -0.6285 0.4256 -0.6510
s 0
usemtl LeafDeep
f 2821//2533 2822//2533 2823//2533 2824//2533 2825//2533 2826//2533 2827//2533 2828//2533
f 2836//2534 2835//2534 2834//2534 2833//2534 2832//2534 2831//2534 2830//2534 2829//2534
f 2821//2535 2822//2535 2830//2535 2829//2535
f 2822//2536 2823//2536 2831//2536 2830//2536
f 2823//2537 2824//2537 2832//2537 2831//2537
f 2824//2538 2825//2538 2833//2538 2832//2538
f 2825//2539 2826//2539 2834//2539 2833//2539
f 2826//2540 2827//2540 2835//2540 2834//2540
f 2827//2541 2828//2541 2836//2541 2835//2541
f 2828//2542 2821//2542 2829//2542 2836//2542
o crown_contour_leaf.049
v 0.432002 1.906547 -0.098568
v 0.459105 1.911837 -0.139537
v 0.489501 1.911827 -0.163988
v 0.537099 1.899985 -0.159489
v 0.576534 1.886076 -0.140941
v 0.550929 1.881380 -0.103325
v 0.511808 1.881820 -0.073402
v 0.474274 1.891432 -0.077938
v 0.429903 1.897123 -0.101173
v 0.457006 1.902413 -0.142142
v 0.487402 1.902403 -0.166593
v 0.535000 1.890561 -0.162094
v 0.574435 1.876652 -0.143546
v 0.548831 1.871956 -0.105930
v 0.509710 1.872396 -0.076007
v 0.472176 1.882008 -0.080543
vn -0.2099 -0.9424 -0.2605
vn 0.2099 0.9424 0.2605
vn -0.8093 0.3169 -0.4945
vn -0.5906 0.3345 -0.7343
vn 0.1487 0.2326 -0.9611
vn 0.4613 0.1395 -0.8762
vn 0.8017 -0.3184 0.5059
vn 0.5702 -0.3344 0.7504
vn -0.1738 -0.2262 0.9584
vn -0.4732 -0.1353 0.8705
s 0
usemtl LeafDeep
f 2837//2543 2838//2543 2839//2543 2840//2543 2841//2543 2842//2543 2843//2543 2844//2543
f 2852//2544 2851//2544 2850//2544 2849//2544 2848//2544 2847//2544 2846//2544 2845//2544
f 2837//2545 2838//2545 2846//2545 2845//2545
f 2838//2546 2839//2546 2847//2546 2846//2546
f 2839//2547 2840//2547 2848//2547 2847//2547
f 2840//2548 2841//2548 2849//2548 2848//2548
f 2841//2549 2842//2549 2850//2549 2849//2549
f 2842//2550 2843//2550 2851//2550 2850//2550
f 2843//2551 2844//2551 2852//2551 2851//2551
f 2844//2552 2837//2552 2845//2552 2852//2552
o crown_contour_leaf.050
v -0.307665 2.023070 0.049002
v -0.362649 2.034456 0.042590
v -0.404640 2.033079 0.027492
v -0.431234 2.002760 -0.011895
v -0.439702 1.967888 -0.049978
v -0.388755 1.957847 -0.043521
v -0.336126 1.960638 -0.023519
v -0.316059 1.985196 0.007903
v -0.310169 2.015302 0.056672
v -0.365152 2.026688 0.050260
v -0.407143 2.025311 0.035161
v -0.433737 1.994992 -0.004225
v -0.442206 1.960119 -0.042309
v -0.391258 1.950079 -0.035851
v -0.338629 1.952870 -0.015849
v -0.318562 1.977428 0.015573
vn -0.2235 -0.6936 0.6848
vn 0.2235 0.6936 -0.6848
vn 0.0593 0.6916 0.7198
vn -0.2557 0.7197 0.6455
vn -0.8529 0.4792 0.2070
vn -0.9612 0.2735 -0.0367
vn -0.0458 -0.6943 -0.7182
vn 0.2800 -0.7187 -0.6365
vn 0.8649 -0.4651 -0.1888
vn 0.9633 -0.2642 0.0468
s 0
usemtl LeafDeep
f 2853//2553 2854//2553 2855//2553 2856//2553 2857//2553 2858//2553 2859//2553 2860//2553
f 2868//2554 2867//2554 2866//2554 2865//2554 2864//2554 2863//2554 2862//2554 2861//2554
f 2853//2555 2854//2555 2862//2555 2861//2555
f 2854//2556 2855//2556 2863//2556 2862//2556
f 2855//2557 2856//2557 2864//2557 2863//2557
f 2856//2558 2857//2558 2865//2558 2864//2558
f 2857//2559 2858//2559 2866//2559 2865//2559
f 2858//2560 2859//2560 2867//2560 2866//2560
f 2859//2561 2860//2561 2868//2561 2867//2561
f 2860//2562 2853//2562 2861//2562 2868//2562
o crown_contour_leaf.051
v 0.109934 2.137327 0.155248
v 0.158219 2.120880 0.175899
v 0.193916 2.106722 0.204665
v 0.213077 2.093089 0.260871
v 0.216227 2.084751 0.311304
v 0.171546 2.100072 0.291511
v 0.126931 2.117985 0.254084
v 0.112670 2.128538 0.209504
v 0.107289 2.127788 0.153836
v 0.155574 2.111340 0.174487
v 0.191270 2.097183 0.203253
v 0.210431 2.083549 0.259459
v 0.213582 2.075211 0.309892
v 0.168901 2.090532 0.290099
v 0.124286 2.108445 0.252672
v 0.110024 2.118998 0.208092
vn -0.2646 -0.9540 -0.1412
vn 0.2646 0.9540 0.1412
vn 0.4002 0.0246 -0.9161
vn 0.6136 -0.0536 -0.7878
vn 0.9116 -0.1997 -0.3592
vn 0.9624 -0.2518 -0.1018
vn -0.4109 -0.0209 0.9114
vn -0.6275 0.0591 0.7763
vn -0.9174 0.2038 0.3417
vn -0.9631 0.2538 0.0897
s 0
usemtl LeafDeep
f 2869//2563 2870//2563 2871//2563 2872//2563 2873//2563 2874//2563 2875//2563 2876//2563
f 2884//2564 2883//2564 2882//2564 2881//2564 2880//2564 2879//2564 2878//2564 2877//2564
f 2869//2565 2870//2565 2878//2565 2877//2565
f 2870//2566 2871//2566 2879//2566 2878//2566
f 2871//2567 2872//2567 2880//2567 2879//2567
f 2872//2568 2873//2568 2881//2568 2880//2568
f 2873//2569 2874//2569 2882//2569 2881//2569
f 2874//2570 2875//2570 2883//2570 2882//2570
f 2875//2571 2876//2571 2884//2571 2883//2571
f 2876//2572 2869//2572 2877//2572 2884//2572
o crown_contour_leaf.052
v 0.119193 1.961431 -0.237443
v 0.083377 1.942123 -0.258133
v 0.062539 1.931114 -0.283108
v 0.068387 1.935065 -0.325744
v 0.086560 1.945678 -0.362291
v 0.119417 1.963380 -0.342656
v 0.144846 1.976783 -0.310384
v 0.139345 1.973178 -0.276681
v 0.124006 1.952667 -0.237595
v 0.088190 1.933359 -0.258285
v 0.067352 1.922350 -0.283260
v 0.073200 1.926301 -0.325897
v 0.091372 1.936914 -0.362443
v 0.124230 1.954616 -0.342808
v 0.149658 1.968019 -0.310536
v 0.144158 1.964414 -0.276833
vn 0.4813 -0.8764 -0.0152
vn -0.4813 0.8764 0.0152
vn -0.3908 -0.2301 0.8913
vn -0.6326 -0.3593 0.6861
vn -0.8661 -0.4727 -0.1626
vn -0.7633 -0.4105 -0.4988
vn 0.4017 0.2359 -0.8849
vn 0.6498 0.3683 -0.6649
vn 0.8618 0.4699 0.1909
vn 0.7573 0.4070 0.5108
s 0
usemtl LeafDeep
f 2885//2573 2886//2573 2887//2573 2888//2573 2889//2573 2890//2573 2891//2573 2892//2573
f 2900//2574 2899//2574 2898//2574 2897//2574 2896//2574 2895//2574 2894//2574 2893//2574
f 2885//2575 2886//2575 2894//2575 2893//2575
f 2886//2576 2887//2576 2895//2576 2894//2576
f 2887//2577 2888//2577 2896//2577 2895//2577
f 2888//2578 2889//2578 2897//2578 2896//2578
f 2889//2579 2890//2579 2898//2579 2897//2579
f 2890//2580 2891//2580 2899//2580 2898//2580
f 2891//2581 2892//2581 2900//2581 2899//2581
f 2892//2582 2885//2582 2893//2582 2900//2582
o crown_contour_leaf.053
v -0.203549 2.070641 0.195576
v -0.199744 2.077388 0.247738
v -0.209685 2.078064 0.286439
v -0.253536 2.065407 0.307631
v -0.299662 2.050170 0.311538
v -0.302538 2.044144 0.263262
v -0.288721 2.043770 0.214877
v -0.253489 2.054068 0.199076
v -0.199969 2.060086 0.196680
v -0.196164 2.066833 0.248842
v -0.206105 2.067510 0.287543
v -0.249956 2.054852 0.308735
v -0.296082 2.039615 0.312642
v -0.298958 2.033590 0.264366
v -0.285141 2.033215 0.215981
v -0.249909 2.043513 0.200180
vn 0.3197 -0.9424 0.0986
vn -0.3197 0.9424 -0.0986
vn 0.9448 0.3091 -0.1089
vn 0.9143 0.3341 0.2290
vn 0.3721 0.2205 0.9016
vn 0.0447 0.1189 0.9919
vn -0.9457 -0.3108 0.0951
vn -0.9069 -0.3344 -0.2564
vn -0.3472 -0.2133 -0.9132
vn -0.0316 -0.1146 -0.9929
s 0
usemtl LeafDeep
f 2901//2583 2902//2583 2903//2583 2904//2583 2905//2583 2906//2583 2907//2583 2908//2583
f 2916//2584 2915//2584 2914//2584 2913//2584 2912//2584 2911//2584 2910//2584 2909//2584
f 2901//2585 2902//2585 2910//2585 2909//2585
f 2902//2586 2903//2586 2911//2586 2910//2586
f 2903//2587 2904//2587 2912//2587 2911//2587
f 2904//2588 2905//2588 2913//2588 2912//2588
f 2905//2589 2906//2589 2914//2589 2913//2589
f 2906//2590 2907//2590 2915//2590 2914//2590
f 2907//2591 2908//2591 2916//2591 2915//2591
f 2908//2592 2901//2592 2909//2592 2916//2592
o crown_contour_leaf.054
v 0.058831 1.924911 0.059186
v 0.109063 1.930140 0.056196
v 0.151491 1.925865 0.062046
v 0.190246 1.898987 0.089528
v 0.212766 1.869729 0.118641
v 0.166015 1.865302 0.121000
v 0.112409 1.871534 0.112808
v 0.082487 1.893195 0.090714
v 0.059125 1.917975 0.051988
v 0.109357 1.923204 0.048999
v 0.151785 1.918929 0.054849
v 0.190540 1.892051 0.082330
v 0.213059 1.862793 0.111444
v 0.166309 1.858366 0.113802
v 0.112702 1.864598 0.105610
v 0.082781 1.886259 0.083516
vn 0.0294 -0.6936 -0.7198
vn -0.0294 0.6936 0.7198
vn -0.1154 0.7129 -0.6917
vn 0.1658 0.7135 -0.6808
vn 0.7036 0.5258 -0.4780
vn 0.8774 0.3629 -0.3139
vn 0.1026 -0.7142 0.6924
vn -0.1863 -0.7113 0.6778
vn -0.7182 -0.5154 0.4674
vn -0.8835 -0.3548 0.3059
s 0
usemtl LeafDeep
f 2917//2593 2918//2593 2919//2593 2920//2593 2921//2593 2922//2593 2923//2593 2924//2593
f 2932//2594 2931//2594 2930//2594 2929//2594 2928//2594 2927//2594 2926//2594 2925//2594
f 2917//2595 2918//2595 2926//2595 2925//2595
f 2918//2596 2919//2596 2927//2596 2926//2596
f 2919//2597 2920//2597 2928//2597 2927//2597
f 2920//2598 2921//2598 2929//2598 2928//2598
f 2921//2599 2922//2599 2930//2599 2929//2599
f 2922//2600 2923//2600 2931//2600 2930//2600
f 2923//2601 2924//2601 2932//2601 2931//2601
f 2924//2602 2917//2602 2925//2602 2932//2602
o leafy_twig.008
v 0.544562 1.644643 -0.498246
v 0.455671 1.897949 -0.142686
v 0.564491 1.637425 -0.487586
v 0.462100 1.895621 -0.139247
v 0.570074 1.620000 -0.472481
v 0.463901 1.890000 -0.134375
v 0.558040 1.602575 -0.461781
v 0.460019 1.884379 -0.130923
v 0.535438 1.595357 -0.461754
v 0.452729 1.882051 -0.130914
v 0.515509 1.602575 -0.472414
v 0.446300 1.884379 -0.134353
v 0.509926 1.620000 -0.487519
v 0.444499 1.890000 -0.139225
v 0.521960 1.637425 -0.498219
v 0.448381 1.895621 -0.142677
vn 0.2344 0.2568 -0.9376
vn -0.0128 0.9986 0.0513
vn 0.7426 0.0727 -0.6658
vn 0.4769 0.8212 0.3132
vn 0.8850 -0.3716 -0.2806
vn 0.6141 0.3931 0.6844
vn 0.5781 -0.8159 -0.0078
vn 0.3184 -0.0351 0.9473
vn 0.0018 -1.0000 -0.0071
vn -0.2370 -0.2125 0.9480
vn -0.5064 -0.8159 -0.2789
vn -0.7267 -0.0351 0.6860
vn -0.6488 -0.3716 -0.6641
vn -0.8639 0.3931 0.3149
vn -0.3419 0.0727 -0.9369
vn -0.5682 0.8212 0.0520
vt 1.000000 0.500000
vt 1.000000 1.000000
vt 0.875000 1.000000
vt 0.875000 0.500000
vt 0.750000 1.000000
vt 0.750000 0.500000
vt 0.625000 1.000000
vt 0.625000 0.500000
vt 0.500000 1.000000
vt 0.500000 0.500000
vt 0.375000 1.000000
vt 0.375000 0.500000
vt 0.250000 1.000000
vt 0.250000 0.500000
vt 0.419706 0.419706
vt 0.250000 0.490000
vt 0.080294 0.419706
vt 0.010000 0.250000
vt 0.080294 0.080294
vt 0.250000 0.010000
vt 0.419706 0.080294
vt 0.490000 0.250000
vt 0.125000 1.000000
vt 0.125000 0.500000
vt 0.000000 1.000000
vt 0.000000 0.500000
vt 0.750000 0.490000
vt 0.919706 0.419706
vt 0.990000 0.250000
vt 0.919706 0.080294
vt 0.750000 0.010000
vt 0.580294 0.080294
vt 0.510000 0.250000
vt 0.580294 0.419706
s 1
usemtl WeatheredBark
f 2933/949/2603 2934/950/2604 2936/951/2606 2935/952/2605
f 2935/952/2605 2936/951/2606 2938/953/2608 2937/954/2607
f 2937/954/2607 2938/953/2608 2940/955/2610 2939/956/2609
f 2939/956/2609 2940/955/2610 2942/957/2612 2941/958/2611
f 2941/958/2611 2942/957/2612 2944/959/2614 2943/960/2613
f 2943/960/2613 2944/959/2614 2946/961/2616 2945/962/2615
f 2936/963/2606 2934/964/2604 2948/965/2618 2946/966/2616 2944/967/2614 2942/968/2612 2940/969/2610 2938/970/2608
f 2945/962/2615 2946/961/2616 2948/971/2618 2947/972/2617
f 2947/972/2617 2948/971/2618 2934/973/2604 2933/974/2603
f 2933/975/2603 2935/976/2605 2937/977/2607 2939/978/2609 2941/979/2611 2943/980/2613 2945/981/2615 2947/982/2617
o solid_leaf_crown_lobe.008
v 0.701184 1.818890 -0.020905
v 0.597480 1.761735 -0.142337
v 0.539402 1.775576 -0.247455
v 0.414681 1.823000 -0.276705
v 0.322134 1.775817 -0.216700
v 0.212440 1.761565 -0.121522
v 0.173798 1.818768 0.008014
v 0.301026 1.792803 0.120761
v 0.374750 1.753855 0.171164
v 0.515076 1.807202 0.178174
v 0.571512 1.808644 0.107381
v 0.770389 1.966675 -0.026999
v 0.660357 1.925292 -0.217611
v 0.552578 1.933929 -0.346409
v 0.377153 1.964264 -0.368843
v 0.239497 1.934086 -0.271409
v 0.094300 1.925184 -0.120005
v 0.111504 1.961987 0.063588
v 0.254795 1.945055 0.210595
v 0.395608 1.919819 0.268398
v 0.567676 1.954215 0.253113
v 0.675443 1.963786 0.134568
v 0.708368 2.126890 -0.075246
v 0.599782 2.069735 -0.207414
v 0.517362 2.083576 -0.308470
v 0.355888 2.131000 -0.308500
v 0.259791 2.083817 -0.210042
v 0.126229 2.069565 -0.079855
v 0.192216 2.126768 0.076026
v 0.302493 2.100803 0.187217
v 0.427392 2.061855 0.215248
v 0.563549 2.115202 0.190683
v 0.647975 2.116644 0.080228
v 0.429827 1.764000 -0.040003
v 0.421795 2.151333 -0.030791
v 0.570423 1.786760 -0.027801
v 0.535622 1.766250 -0.100175
v 0.649332 1.790313 -0.081621
v 0.692670 1.867713 -0.120807
v 0.737854 1.888705 -0.038718
v 0.741966 1.949986 -0.121142
v 0.631618 1.830897 -0.177539
v 0.748330 2.042705 -0.063207
v 0.695885 2.022426 -0.149124
v 0.631066 2.016268 -0.215232
v 0.654075 2.098313 -0.141330
v 0.531122 2.116438 -0.133106
v 0.577229 2.136948 -0.054082
v 0.489578 1.770770 -0.157670
v 0.568441 1.768656 -0.194896
v 0.601668 1.846546 -0.246257
v 0.550004 1.871992 -0.317059
v 0.604264 1.925226 -0.302777
v 0.593139 2.000546 -0.277153
v 0.558572 2.076655 -0.257942
v 0.541200 1.994622 -0.341294
v 0.470961 2.120959 -0.187099
v 0.423857 1.786388 -0.174003
v 0.477042 1.799288 -0.262080
v 0.462020 1.875216 -0.328627
v 0.482700 1.948180 -0.371865
v 0.398262 1.873857 -0.320273
v 0.447248 2.029216 -0.356070
v 0.366182 2.059228 -0.338490
v 0.436625 2.107288 -0.308485
v 0.387594 2.136576 -0.187375
v 0.363024 1.770850 -0.143216
v 0.368408 1.799409 -0.246703
v 0.339323 1.875335 -0.306892
v 0.263153 1.872162 -0.258771
v 0.297233 1.948315 -0.323468
v 0.308598 2.029335 -0.307547
v 0.307839 2.107409 -0.259271
v 0.238285 1.994791 -0.256128
v 0.319483 2.121038 -0.134636
v 0.305789 1.766157 -0.085820
v 0.267287 1.768691 -0.169111
v 0.192902 1.846586 -0.181538
v 0.170789 1.925297 -0.213264
v 0.153750 1.830778 -0.121931
v 0.159542 2.000586 -0.174583
v 0.114654 2.016149 -0.097717
v 0.193010 2.076691 -0.144949
v 0.262572 2.116345 -0.056626
v 0.291927 1.784994 -0.012694
v 0.193119 1.790166 -0.056754
v 0.116349 1.867892 -0.052978
v 0.126255 1.902212 0.044616
v 0.083618 1.949265 -0.013421
v 0.114956 2.021892 -0.021736
v 0.159222 2.098166 -0.001915
v 0.133306 2.024842 0.071630
v 0.286898 2.135183 0.030478
v 0.346735 1.776443 0.050865
v 0.237412 1.805785 0.064387
v 0.203458 1.882510 0.118590
v 0.162400 1.960970 0.134313
v 0.273177 1.852683 0.162223
v 0.211058 2.036510 0.152386
v 0.280841 2.038053 0.200148
v 0.247354 2.113786 0.131622
v 0.350322 2.126632 0.093814
v 0.403102 1.763618 0.083222
v 0.337888 1.773329 0.145962
v 0.316667 1.850310 0.207062
v 0.387239 1.856796 0.241480
v 0.332394 1.924745 0.254501
v 0.337815 2.004310 0.231386
v 0.364943 2.081329 0.201232
v 0.408071 1.979425 0.259011
v 0.425506 2.113806 0.113832
v 0.473172 1.781335 0.083980
v 0.444913 1.780529 0.174669
v 0.474593 1.857048 0.231861
v 0.469194 1.930140 0.273497
v 0.536134 1.862780 0.214286
v 0.500555 2.011048 0.250595
v 0.568509 2.048151 0.221010
v 0.495471 2.088529 0.202965
v 0.501578 2.131524 0.095631
v 0.522709 1.788023 0.043231
v 0.543294 1.807923 0.142778
v 0.584580 1.884376 0.191392
v 0.645834 1.902308 0.129703
v 0.632019 1.961762 0.196130
v 0.619970 2.038376 0.181928
v 0.605762 2.115923 0.135455
v 0.676052 2.024937 0.118921
v 0.555184 2.138212 0.032980
v 0.636348 1.813767 0.043238
v 0.699902 1.890512 0.039303
v 0.728890 1.966414 0.063728
v 0.731060 2.043799 0.023083
v 0.678171 2.121767 0.002491
v 0.579703 1.779200 -0.068582
v 0.733702 1.902424 -0.098853
v 0.657616 1.831198 -0.130870
v 0.736991 2.005091 -0.116738
v 0.660472 2.040810 -0.171523
v 0.580465 2.120715 -0.105720
v 0.525844 1.765562 -0.146286
v 0.602269 1.816760 -0.208025
v 0.593211 1.876803 -0.290827
v 0.595790 2.026371 -0.250810
v 0.586508 1.975192 -0.310374
v 0.515393 2.107078 -0.185621
v 0.462185 1.784535 -0.191929
v 0.496330 1.895835 -0.346626
v 0.441730 1.854764 -0.309465
v 0.488779 1.994224 -0.365711
v 0.413920 2.064375 -0.340309
v 0.431252 2.126050 -0.219785
v 0.387432 1.784610 -0.181815
v 0.367450 1.854845 -0.298352
v 0.303658 1.895988 -0.304937
v 0.326765 2.064456 -0.307579
v 0.283792 1.994376 -0.303344
v 0.342395 2.126125 -0.186571
v 0.317750 1.765585 -0.128695
v 0.202333 1.876903 -0.217004
v 0.196443 1.816736 -0.157299
v 0.182086 1.975292 -0.214391
v 0.147181 2.026347 -0.140247
v 0.264516 2.107100 -0.108192
v 0.268786 1.778885 -0.051391
v 0.146621 1.831052 -0.080245
v 0.097882 1.904017 -0.012298
v 0.123157 2.040663 -0.043593
v 0.102312 2.002406 0.009062
v 0.242188 2.120401 -0.009924
v 0.297815 1.788559 0.031392
v 0.160989 1.913721 0.106157
v 0.238758 1.850430 0.120993
v 0.166637 2.012110 0.127861
v 0.246117 2.060041 0.166428
v 0.300823 2.130075 0.081298
v 0.366212 1.768457 0.087672
v 0.307432 1.828792 0.176281
v 0.337958 1.872743 0.238320
v 0.325724 2.038404 0.214072
v 0.354064 1.971132 0.252713
v 0.382022 2.109972 0.129529
v 0.440112 1.772916 0.107392
v 0.447288 1.877216 0.253924
v 0.490662 1.837725 0.211606
v 0.464046 1.975605 0.267568
v 0.525429 2.047336 0.230093
v 0.471745 2.114432 0.130694
v 0.508525 1.790781 0.085050
v 0.557764 1.855988 0.189220
v 0.618442 1.912981 0.181679
v 0.600140 2.065599 0.184950
v 0.642479 2.011370 0.173556
v 0.547846 2.132296 0.083918
v 0.571070 1.794624 0.017101
v 0.697244 1.916714 0.075198
v 0.700166 1.865702 0.013455
v 0.720707 2.015103 0.066146
v 0.728048 2.071036 -0.013710
v 0.596502 2.136139 -0.006902
vn -0.9845 0.1570 -0.0779
vn -0.6080 -0.6064 0.5124
vn -0.7332 -0.0777 0.6756
vn 0.1413 0.3209 0.9365
vn 0.6731 -0.4436 0.5917
vn 0.7108 -0.2427 0.6602
vn 0.8804 0.3187 -0.3511
vn 0.5310 -0.3169 -0.7859
vn 0.3096 -0.3379 -0.8888
vn -0.3662 0.1686 -0.9151
vn -0.5913 -0.6453 -0.4838
vn -0.9925 0.0685 -0.1009
vn -0.8050 0.1109 0.5828
vn -0.4762 0.1285 0.8699
vn 0.2638 0.0826 0.9610
vn 0.6426 0.1114 0.7580
vn 0.9255 0.1068 0.3634
vn 0.8851 0.0415 -0.4636
vn 0.5787 0.0915 -0.8104
vn 0.1317 0.1188 -0.9842
vn -0.4542 0.0823 -0.8871
vn -0.8031 0.1358 -0.5802
vn -0.9583 0.2556 0.1276
vn -0.7047 0.4841 0.5187
vn -0.3697 0.1556 0.9160
vn 0.3847 0.5090 0.7701
vn 0.4522 0.5585 0.6955
vn 0.9902 0.1330 0.0434
vn 0.6427 0.5433 -0.5401
vn 0.5351 0.4962 -0.6837
vn 0.1095 0.1466 -0.9831
vn -0.6172 0.4076 -0.6730
vn -0.7546 0.4539 -0.4739
vn 0.0219 -0.9995 0.0207
vn -0.0225 0.9997 -0.0031
vn 0.1819 -0.9661 0.1834
vn 0.0550 -0.9938 0.0969
vn -0.5976 -0.4106 0.6887
vn -0.7455 0.5138 0.4245
vn -0.8828 0.4645 -0.0695
vn -0.8707 0.1134 0.4785
vn -0.7379 0.5124 0.4392
vn -0.9198 -0.3583 0.1602
vn -0.6919 -0.3041 0.6548
vn -0.6999 -0.3579 0.6181
vn -0.6907 0.6336 0.3484
vn 0.1639 0.9508 -0.2631
vn 0.0754 0.9862 -0.1472
vn -0.1385 -0.9812 -0.1342
vn -0.8065 -0.4437 0.3908
vn -0.7039 0.4952 0.5092
vn -0.3594 0.5119 0.7802
vn -0.7525 0.0768 0.6541
vn -0.7517 -0.3733 0.5437
vn -0.5512 0.6734 0.4927
vn -0.5151 -0.3113 0.7986
vn 0.2376 0.9592 -0.1529
vn -0.0219 -0.9722 -0.2330
vn -0.3135 -0.4541 0.8340
vn 0.0492 0.5672 0.8221
vn -0.1128 0.1530 0.9818
vn 0.1373 0.5694 0.8105
vn -0.0805 -0.3678 0.9264
vn 0.3194 -0.3356 0.8862
vn 0.1691 0.5380 0.8258
vn -0.0419 0.9962 -0.0766
vn 0.1133 -0.9833 -0.1426
vn 0.5973 -0.4183 0.6842
vn 0.3025 0.5360 0.7882
vn 0.5124 0.4887 0.7061
vn 0.5496 0.0954 0.8300
vn 0.6175 -0.3150 0.7208
vn 0.3710 0.6600 0.6533
vn 0.6613 -0.3229 0.6771
vn -0.2892 0.9528 -0.0928
vn -0.0401 -0.9932 0.1095
vn 0.6188 -0.4722 0.6278
vn 0.6099 0.5070 0.6091
vn 0.7163 0.1207 0.6872
vn 0.7456 0.5737 0.3392
vn 0.7133 -0.3658 0.5978
vn 0.8978 -0.3424 0.2771
vn 0.5043 0.6478 0.5710
vn -0.2402 0.9569 -0.1632
vn -0.1766 -0.9715 0.1581
vn 0.8431 -0.3613 0.3982
vn 0.8334 0.5510 -0.0427
vn 0.7677 0.4727 -0.4327
vn 0.9954 -0.0081 -0.0958
vn 0.9120 -0.4092 -0.0276
vn 0.7007 0.5702 -0.4288
vn 0.8349 -0.3737 -0.4042
vn -0.1189 0.9929 -0.0015
vn -0.2325 -0.9725 -0.0127
vn 0.5157 -0.5217 -0.6796
vn 0.6072 0.5374 -0.5852
vn 0.7205 0.1000 -0.6863
vn 0.6203 0.5369 -0.5718
vn 0.6054 -0.3303 -0.7242
vn 0.4253 -0.3037 -0.8526
vn 0.6073 0.5999 -0.5208
vn 0.0451 0.9657 0.2558
vn 0.0339 -0.9991 -0.0244
vn 0.3920 -0.4488 -0.8031
vn 0.5308 0.4934 -0.6890
vn 0.1151 0.4915 -0.8633
vn 0.3858 0.0770 -0.9194
vn 0.2739 -0.3535 -0.8944
vn 0.3519 0.6712 -0.6524
vn 0.1357 -0.3379 -0.9313
vn -0.0387 0.9412 0.3357
vn 0.2508 -0.9642 0.0864
vn 0.1556 -0.4109 -0.8983
vn -0.2194 0.5385 -0.8135
vn -0.1135 0.1388 -0.9838
vn -0.4168 0.5420 -0.7297
vn -0.0741 -0.3846 -0.9201
vn -0.4000 -0.3789 -0.8345
vn -0.3445 0.5947 -0.7264
vn -0.0683 0.9729 0.2210
vn 0.1957 -0.9732 0.1208
vn -0.6122 -0.5511 -0.5670
vn -0.6049 0.5404 -0.5849
vn -0.6964 0.5182 -0.4964
vn -0.7295 0.1022 -0.6763
vn -0.6681 -0.3520 -0.6556
vn -0.6387 0.6029 -0.4782
vn -0.7667 -0.3081 -0.5632
vn 0.0984 0.9908 0.0927
vn -0.5679 -0.6225 -0.5384
vn -0.7421 0.4899 -0.4575
vn -0.8612 0.1298 -0.4913
vn -0.8464 -0.3961 -0.3559
vn -0.8011 0.5333 -0.2719
vn 0.1684 -0.9557 0.2413
vn -0.8301 0.4416 0.3404
vn -0.7337 0.5437 0.4075
vn -0.8289 -0.2261 0.5117
vn -0.6337 -0.3717 0.6784
vn 0.0672 0.9294 -0.3630
vn -0.0550 -0.9963 -0.0655
vn -0.7106 0.5446 0.4455
vn -0.6561 0.4381 0.6145
vn -0.7329 -0.4170 0.5376
vn -0.7170 -0.2900 0.6339
vn 0.3021 0.9357 -0.1819
vn -0.2376 -0.9438 -0.2296
vn -0.0909 0.4982 0.8623
vn 0.0881 0.6304 0.7713
vn -0.2167 -0.2662 0.9393
vn -0.0367 -0.4354 0.8995
vn 0.2318 0.9611 -0.1501
vn 0.2068 -0.9455 -0.2514
vn 0.1661 0.6248 0.7629
vn 0.4614 0.4457 0.7671
vn 0.6652 -0.2898 0.6881
vn 0.6299 -0.2781 0.7252
vn -0.3485 0.9368 -0.0305
vn 0.0388 -0.9967 -0.0716
vn 0.5908 0.4586 0.6638
vn 0.5762 0.5376 0.6157
vn 0.6812 -0.2862 0.6739
vn 0.7141 -0.4181 0.5616
vn -0.2770 0.9465 -0.1657
vn -0.1388 -0.9451 0.2958
vn 0.7634 0.6458 0.0132
vn 0.8778 0.4359 -0.1987
vn 0.9344 -0.3377 -0.1132
vn 0.9163 -0.3797 -0.1274
vn -0.2309 0.9535 -0.1935
vn -0.2265 -0.9727 0.0514
vn 0.6802 0.4617 -0.5694
vn 0.5931 0.5846 -0.5536
vn 0.7010 -0.2784 -0.6566
vn 0.5638 -0.3742 -0.7363
vn -0.0291 0.9780 0.2064
vn -0.2848 -0.9544 -0.0890
vn 0.6319 0.5666 -0.5289
vn 0.3811 0.4164 -0.8254
vn 0.2118 -0.3243 -0.9220
vn 0.2670 -0.3060 -0.9138
vn 0.1321 0.9240 0.3588
vn 0.2987 -0.9526 0.0571
vn -0.1088 0.4711 -0.8754
vn -0.2386 0.5912 -0.7704
vn -0.0008 -0.2959 -0.9552
vn -0.0778 -0.4441 -0.8926
vn -0.2096 0.9122 0.3520
vn 0.2203 -0.9667 0.1303
vn -0.5837 0.5924 -0.5553
vn -0.6754 0.4775 -0.5620
vn -0.6678 -0.3929 -0.6321
vn -0.7340 -0.2599 -0.6275
vn 0.0956 0.9859 0.1372
vn 0.2024 -0.9687 0.1440
vn -0.7378 0.4754 -0.4792
vn -0.7396 0.4291 -0.5185
vn -0.8173 -0.2699 -0.5090
vn -0.8311 -0.4979 -0.2479
vn 0.1235 0.9902 0.0657
s 1
usemtl LeafSun
f 2982//2652 2985//2655 3083//2753 2984//2654
f 2950//2620 2986//2656 3083//2753 2985//2655
f 2949//2619 2984//2654 3083//2753 2986//2656
f 2949//2619 2988//2658 3084//2754 2987//2657
f 2960//2630 2989//2659 3084//2754 2988//2658
f 2961//2631 2987//2657 3084//2754 2989//2659
f 2949//2619 2987//2657 3085//2755 2986//2656
f 2961//2631 2990//2660 3085//2755 2987//2657
f 2950//2620 2986//2656 3085//2755 2990//2660
f 2960//2630 2991//2661 3086//2756 2989//2659
f 2971//2641 2992//2662 3086//2756 2991//2661
f 2961//2631 2989//2659 3086//2756 2992//2662
f 2961//2631 2992//2662 3087//2757 2993//2663
f 2971//2641 2994//2664 3087//2757 2992//2662
f 2972//2642 2993//2663 3087//2757 2994//2664
f 2983//2653 2996//2666 3088//2758 2995//2665
f 2971//2641 2994//2664 3088//2758 2996//2666
f 2972//2642 2995//2665 3088//2758 2994//2664
f 2982//2652 2997//2667 3089//2759 2985//2655
f 2951//2621 2998//2668 3089//2759 2997//2667
f 2950//2620 2985//2655 3089//2759 2998//2668
f 2950//2620 2990//2660 3090//2760 2998//2668
f 2961//2631 2999//2669 3090//2760 2990//2660
f 2951//2621 2998//2668 3090//2760 2999//2669
f 2951//2621 2999//2669 3091//2761 3000//2670
f 2961//2631 3001//2671 3091//2761 2999//2669
f 2962//2632 3000//2670 3091//2761 3001//2671
f 2961//2631 2993//2663 3092//2762 3002//2672
f 2972//2642 3003//2673 3092//2762 2993//2663
f 2973//2643 3002//2672 3092//2762 3003//2673
f 2961//2631 3002//2672 3093//2763 3001//2671
f 2973//2643 3004//2674 3093//2763 3002//2672
f 2962//2632 3001//2671 3093//2763 3004//2674
f 2983//2653 2995//2665 3094//2764 3005//2675
f 2972//2642 3003//2673 3094//2764 2995//2665
f 2973//2643 3005//2675 3094//2764 3003//2673
f 2982//2652 3006//2676 3095//2765 2997//2667
f 2952//2622 3007//2677 3095//2765 3006//2676
f 2951//2621 2997//2667 3095//2765 3007//2677
f 2951//2621 3000//2670 3096//2766 3008//2678
f 2962//2632 3009//2679 3096//2766 3000//2670
f 2963//2633 3008//2678 3096//2766 3009//2679
f 2951//2621 3008//2678 3097//2767 3007//2677
f 2963//2633 3010//2680 3097//2767 3008//2678
f 2952//2622 3007//2677 3097//2767 3010//2680
f 2962//2632 3004//2674 3098//2768 3009//2679
f 2973//2643 3011//2681 3098//2768 3004//2674
f 2963//2633 3009//2679 3098//2768 3011//2681
f 2963//2633 3011//2681 3099//2769 3012//2682
f 2973//2643 3013//2683 3099//2769 3011//2681
f 2974//2644 3012//2682 3099//2769 3013//2683
f 2983//2653 3005//2675 3100//2770 3014//2684
f 2973//2643 3013//2683 3100//2770 3005//2675
f 2974//2644 3014//2684 3100//2770 3013//2683
f 2982//2652 3015//2685 3101//2771 3006//2676
f 2953//2623 3016//2686 3101//2771 3015//2685
f 2952//2622 3006//2676 3101//2771 3016//2686
f 2952//2622 3010//2680 3102//2772 3016//2686
f 2963//2633 3017//2687 3102//2772 3010//2680
f 2953//2623 3016//2686 3102//2772 3017//2687
f 2953//2623 3017//2687 3103//2773 3018//2688
f 2963//2633 3019//2689 3103//2773 3017//2687
f 2964//2634 3018//2688 3103//2773 3019//2689
f 2963//2633 3012//2682 3104//2774 3020//2690
f 2974//2644 3021//2691 3104//2774 3012//2682
f 2975//2645 3020//2690 3104//2774 3021//2691
f 2963//2633 3020//2690 3105//2775 3019//2689
f 2975//2645 3022//2692 3105//2775 3020//2690
f 2964//2634 3019//2689 3105//2775 3022//2692
f 2983//2653 3014//2684 3106//2776 3023//2693
f 2974//2644 3021//2691 3106//2776 3014//2684
f 2975//2645 3023//2693 3106//2776 3021//2691
f 2982//2652 3024//2694 3107//2777 3015//2685
f 2954//2624 3025//2695 3107//2777 3024//2694
f 2953//2623 3015//2685 3107//2777 3025//2695
f 2953//2623 3018//2688 3108//2778 3026//2696
f 2964//2634 3027//2697 3108//2778 3018//2688
f 2965//2635 3026//2696 3108//2778 3027//2697
f 2953//2623 3026//2696 3109//2779 3025//2695
f 2965//2635 3028//2698 3109//2779 3026//2696
f 2954//2624 3025//2695 3109//2779 3028//2698
f 2964//2634 3022//2692 3110//2780 3027//2697
f 2975//2645 3029//2699 3110//2780 3022//2692
f 2965//2635 3027//2697 3110//2780 3029//2699
f 2965//2635 3029//2699 3111//2781 3030//2700
f 2975//2645 3031//2701 3111//2781 3029//2699
f 2976//2646 3030//2700 3111//2781 3031//2701
f 2983//2653 3023//2693 3112//2782 3032//2702
f 2975//2645 3031//2701 3112//2782 3023//2693
f 2976//2646 3032//2702 3112//2782 3031//2701
f 2982//2652 3033//2703 3113//2783 3024//2694
f 2955//2625 3034//2704 3113//2783 3033//2703
f 2954//2624 3024//2694 3113//2783 3034//2704
f 2954//2624 3028//2698 3114//2784 3034//2704
f 2965//2635 3035//2705 3114//2784 3028//2698
f 2955//2625 3034//2704 3114//2784 3035//2705
f 2955//2625 3035//2705 3115//2785 3036//2706
f 2965//2635 3037//2707 3115//2785 3035//2705
f 2966//2636 3036//2706 3115//2785 3037//2707
f 2965//2635 3030//2700 3116//2786 3038//2708
f 2976//2646 3039//2709 3116//2786 3030//2700
f 2977//2647 3038//2708 3116//2786 3039//2709
f 2965//2635 3038//2708 3117//2787 3037//2707
f 2977//2647 3040//2710 3117//2787 3038//2708
f 2966//2636 3037//2707 3117//2787 3040//2710
f 2983//2653 3032//2702 3118//2788 3041//2711
f 2976//2646 3039//2709 3118//2788 3032//2702
f 2977//2647 3041//2711 3118//2788 3039//2709
f 2982//2652 3042//2712 3119//2789 3033//2703
f 2956//2626 3043//2713 3119//2789 3042//2712
f 2955//2625 3033//2703 3119//2789 3043//2713
f 2955//2625 3036//2706 3120//2790 3044//2714
f 2966//2636 3045//2715 3120//2790 3036//2706
f 2967//2637 3044//2714 3120//2790 3045//2715
f 2955//2625 3044//2714 3121//2791 3043//2713
f 2967//2637 3046//2716 3121//2791 3044//2714
f 2956//2626 3043//2713 3121//2791 3046//2716
f 2966//2636 3040//2710 3122//2792 3045//2715
f 2977//2647 3047//2717 3122//2792 3040//2710
f 2967//2637 3045//2715 3122//2792 3047//2717
f 2967//2637 3047//2717 3123//2793 3048//2718
f 2977//2647 3049//2719 3123//2793 3047//2717
f 2978//2648 3048//2718 3123//2793 3049//2719
f 2983//2653 3041//2711 3124//2794 3050//2720
f 2977//2647 3049//2719 3124//2794 3041//2711
f 2978//2648 3050//2720 3124//2794 3049//2719
f 2982//2652 3051//2721 3125//2795 3042//2712
f 2957//2627 3052//2722 3125//2795 3051//2721
f 2956//2626 3042//2712 3125//2795 3052//2722
f 2956//2626 3046//2716 3126//2796 3052//2722
f 2967//2637 3053//2723 3126//2796 3046//2716
f 2957//2627 3052//2722 3126//2796 3053//2723
f 2957//2627 3053//2723 3127//2797 3054//2724
f 2967//2637 3055//2725 3127//2797 3053//2723
f 2968//2638 3054//2724 3127//2797 3055//2725
f 2967//2637 3048//2718 3128//2798 3056//2726
f 2978//2648 3057//2727 3128//2798 3048//2718
f 2979//2649 3056//2726 3128//2798 3057//2727
f 2967//2637 3056//2726 3129//2799 3055//2725
f 2979//2649 3058//2728 3129//2799 3056//2726
f 2968//2638 3055//2725 3129//2799 3058//2728
f 2983//2653 3050//2720 3130//2800 3059//2729
f 2978//2648 3057//2727 3130//2800 3050//2720
f 2979//2649 3059//2729 3130//2800 3057//2727
f 2982//2652 3060//2730 3131//2801 3051//2721
f 2958//2628 3061//2731 3131//2801 3060//2730
f 2957//2627 3051//2721 3131//2801 3061//2731
f 2957//2627 3054//2724 3132//2802 3062//2732
f 2968//2638 3063//2733 3132//2802 3054//2724
f 2969//2639 3062//2732 3132//2802 3063//2733
f 2957//2627 3062//2732 3133//2803 3061//2731
f 2969//2639 3064//2734 3133//2803 3062//2732
f 2958//2628 3061//2731 3133//2803 3064//2734
f 2968//2638 3058//2728 3134//2804 3063//2733
f 2979//2649 3065//2735 3134//2804 3058//2728
f 2969//2639 3063//2733 3134//2804 3065//2735
f 2969//2639 3065//2735 3135//2805 3066//2736
f 2979//2649 3067//2737 3135//2805 3065//2735
f 2980//2650 3066//2736 3135//2805 3067//2737
f 2983//2653 3059//2729 3136//2806 3068//2738
f 2979//2649 3067//2737 3136//2806 3059//2729
f 2980//2650 3068//2738 3136//2806 3067//2737
f 2982//2652 3069//2739 3137//2807 3060//2730
f 2959//2629 3070//2740 3137//2807 3069//2739
f 2958//2628 3060//2730 3137//2807 3070//2740
f 2958//2628 3064//2734 3138//2808 3070//2740
f 2969//2639 3071//2741 3138//2808 3064//2734
f 2959//2629 3070//2740 3138//2808 3071//2741
f 2959//2629 3071//2741 3139//2809 3072//2742
f 2969//2639 3073//2743 3139//2809 3071//2741
f 2970//2640 3072//2742 3139//2809 3073//2743
f 2969//2639 3066//2736 3140//2810 3074//2744
f 2980//2650 3075//2745 3140//2810 3066//2736
f 2981//2651 3074//2744 3140//2810 3075//2745
f 2969//2639 3074//2744 3141//2811 3073//2743
f 2981//2651 3076//2746 3141//2811 3074//2744
f 2970//2640 3073//2743 3141//2811 3076//2746
f 2983//2653 3068//2738 3142//2812 3077//2747
f 2980//2650 3075//2745 3142//2812 3068//2738
f 2981//2651 3077//2747 3142//2812 3075//2745
f 2982//2652 2984//2654 3143//2813 3069//2739
f 2949//2619 3078//2748 3143//2813 2984//2654
f 2959//2629 3069//2739 3143//2813 3078//2748
f 2959//2629 3072//2742 3144//2814 3079//2749
f 2970//2640 3080//2750 3144//2814 3072//2742
f 2960//2630 3079//2749 3144//2814 3080//2750
f 2959//2629 3079//2749 3145//2815 3078//2748
f 2960//2630 2988//2658 3145//2815 3079//2749
f 2949//2619 3078//2748 3145//2815 2988//2658
f 2970//2640 3076//2746 3146//2816 3080//2750
f 2981//2651 3081//2751 3146//2816 3076//2746
f 2960//2630 3080//2750 3146//2816 3081//2751
f 2960//2630 3081//2751 3147//2817 2991//2661
f 2981//2651 3082//2752 3147//2817 3081//2751
f 2971//2641 2991//2661 3147//2817 3082//2752
f 2983//2653 3077//2747 3148//2818 2996//2666
f 2981//2651 3082//2752 3148//2818 3077//2747
f 2971//2641 2996//2666 3148//2818 3082//2752
o crown_contour_leaf.055
v 0.668559 2.087642 0.087662
v 0.703957 2.070552 0.072042
v 0.735689 2.060587 0.069260
v 0.769518 2.063299 0.094239
v 0.792052 2.071889 0.125094
v 0.759015 2.087569 0.139105
v 0.718748 2.099732 0.141625
v 0.692437 2.097171 0.121250
v 0.666173 2.078878 0.091845
v 0.701571 2.061788 0.076224
v 0.733303 2.051823 0.073443
v 0.767132 2.054534 0.098422
v 0.789667 2.063125 0.129277
v 0.756629 2.078804 0.143288
v 0.716362 2.090968 0.145807
v 0.690051 2.088407 0.125433
vn -0.2386 -0.8764 0.4182
vn 0.2386 0.8764 -0.4182
vn -0.4927 -0.2619 -0.8299
vn -0.1979 -0.3778 -0.9045
vn 0.5464 -0.4772 -0.6883
vn 0.7823 -0.4286 -0.4520
vn 0.4810 0.2675 0.8349
vn 0.1731 0.3854 0.9064
vn -0.5671 0.4754 0.6726
vn -0.7902 0.4256 0.4410
s 0
usemtl Leaf
f 3149//2819 3150//2819 3151//2819 3152//2819 3153//2819 3154//2819 3155//2819 3156//2819
f 3164//2820 3163//2820 3162//2820 3161//2820 3160//2820 3159//2820 3158//2820 3157//2820
f 3149//2821 3150//2821 3158//2821 3157//2821
f 3150//2822 3151//2822 3159//2822 3158//2822
f 3151//2823 3152//2823 3160//2823 3159//2823
f 3152//2824 3153//2824 3161//2824 3160//2824
f 3153//2825 3154//2825 3162//2825 3161//2825
f 3154//2826 3155//2826 3163//2826 3162//2826
f 3155//2827 3156//2827 3164//2827 3163//2827
f 3156//2828 3149//2828 3157//2828 3164//2828
o crown_contour_leaf.056
v 0.371631 1.959442 -0.136454
v 0.339066 1.964731 -0.173231
v 0.323308 1.964722 -0.208917
v 0.339966 1.952879 -0.253731
v 0.368082 1.938971 -0.287027
v 0.397795 1.934274 -0.252565
v 0.416582 1.934714 -0.207036
v 0.402493 1.944326 -0.171952
v 0.368572 1.950018 -0.135101
v 0.336007 1.955307 -0.171878
v 0.320249 1.955298 -0.207563
v 0.336906 1.943455 -0.252378
v 0.365023 1.929547 -0.285674
v 0.394736 1.924850 -0.251212
v 0.413523 1.925290 -0.205682
v 0.399433 1.934902 -0.170599
vn -0.3059 -0.9424 0.1353
vn 0.3059 0.9424 -0.1353
vn -0.6870 0.3169 0.6539
vn -0.8621 0.3345 0.3806
vn -0.8900 0.2326 -0.3923
vn -0.7271 0.1395 -0.6722
vn 0.6961 -0.3184 -0.6435
vn 0.8723 -0.3344 -0.3567
vn 0.8809 -0.2262 0.4158
vn 0.7185 -0.1353 0.6822
s 0
usemtl Leaf
f 3165//2829 3166//2829 3167//2829 3168//2829 3169//2829 3170//2829 3171//2829 3172//2829
f 3180//2830 3179//2830 3178//2830 3177//2830 3176//2830 3175//2830 3174//2830 3173//2830
f 3165//2831 3166//2831 3174//2831 3173//2831
f 3166//2832 3167//2832 3175//2832 3174//2832
f 3167//2833 3168//2833 3176//2833 3175//2833
f 3168//2834 3169//2834 3177//2834 3176//2834
f 3169//2835 3170//2835 3178//2835 3177//2835
f 3170//2836 3171//2836 3179//2836 3178//2836
f 3171//2837 3172//2837 3180//2837 3179//2837
f 3172//2838 3165//2838 3173//2838 3180//2838
o crown_contour_leaf.057
v 0.309298 2.066690 0.209618
v 0.292716 2.078076 0.262433
v 0.270030 2.076699 0.300859
v 0.226365 2.046380 0.319617
v 0.187370 2.011508 0.320814
v 0.203242 2.001467 0.271972
v 0.232734 2.004258 0.224013
v 0.267354 2.028816 0.210177
v 0.316364 2.058922 0.213511
v 0.299782 2.070308 0.266326
v 0.277097 2.068930 0.304752
v 0.233432 2.038612 0.323510
v 0.194436 2.003739 0.324707
v 0.210308 1.993699 0.275866
v 0.239800 1.996490 0.227906
v 0.274421 2.021048 0.214071
vn 0.6309 -0.6936 0.3476
vn -0.6309 0.6936 -0.3476
vn 0.7182 0.6916 0.0764
vn 0.5863 0.7197 0.3719
vn 0.0438 0.4792 0.8766
vn -0.2158 0.2735 0.9374
vn -0.7141 -0.6943 -0.0893
vn -0.5729 -0.7187 -0.3941
vn -0.0237 -0.4651 -0.8849
vn 0.2261 -0.2642 -0.9376
s 0
usemtl Leaf
f 3181//2839 3182//2839 3183//2839 3184//2839 3185//2839 3186//2839 3187//2839 3188//2839
f 3196//2840 3195//2840 3194//2840 3193//2840 3192//2840 3191//2840 3190//2840 3189//2840
f 3181//2841 3182//2841 3190//2841 3189//2841
f 3182//2842 3183//2842 3191//2842 3190//2842
f 3183//2843 3184//2843 3192//2843 3191//2843
f 3184//2844 3185//2844 3193//2844 3192//2844
f 3185//2845 3186//2845 3194//2845 3193//2845
f 3186//2846 3187//2846 3195//2846 3194//2846
f 3187//2847 3188//2847 3196//2847 3195//2847
f 3188//2848 3181//2848 3189//2848 3196//2848
o crown_contour_leaf.058
v 0.628445 1.938006 -0.093858
v 0.655959 1.921558 -0.138589
v 0.689653 1.907401 -0.169677
v 0.748063 1.893768 -0.180381
v 0.798412 1.885429 -0.176096
v 0.772276 1.900750 -0.134804
v 0.728706 1.918663 -0.096165
v 0.682515 1.929217 -0.088601
v 0.626660 1.928466 -0.091448
v 0.654174 1.912019 -0.136180
v 0.687868 1.897861 -0.167267
v 0.746278 1.884228 -0.177972
v 0.796627 1.875890 -0.173686
v 0.770491 1.891211 -0.132394
v 0.726921 1.909123 -0.093755
v 0.680730 1.919677 -0.086191
vn -0.1785 -0.9540 0.2410
vn 0.1785 0.9540 -0.2410
vn -0.8474 0.0246 -0.5303
vn -0.6892 -0.0536 -0.7226
vn -0.2215 -0.1997 -0.9545
vn 0.0406 -0.2518 -0.9669
vn 0.8412 -0.0209 0.5402
vn 0.6758 0.0591 0.7347
vn 0.2034 0.2038 0.9576
vn -0.0526 0.2538 0.9658
s 0
usemtl Leaf
f 3197//2849 3198//2849 3199//2849 3200//2849 3201//2849 3202//2849 3203//2849 3204//2849
f 3212//2850 3211//2850 3210//2850 3209//2850 3208//2850 3207//2850 3206//2850 3205//2850
f 3197//2851 3198//2851 3206//2851 3205//2851
f 3198//2852 3199//2852 3207//2852 3206//2852
f 3199//2853 3200//2853 3208//2853 3207//2853
f 3200//2854 3201//2854 3209//2854 3208//2854
f 3201//2855 3202//2855 3210//2855 3209//2855
f 3202//2856 3203//2856 3211//2856 3210//2856
f 3203//2857 3204//2857 3212//2857 3211//2857
f 3204//2858 3197//2858 3205//2858 3212//2858
o crown_contour_leaf.059
v 0.371214 2.015701 -0.080007
v 0.343828 1.996393 -0.049009
v 0.315214 1.985384 -0.033542
v 0.274586 1.989335 -0.047736
v 0.242373 1.999948 -0.072800
v 0.268139 2.017650 -0.101107
v 0.304815 2.031053 -0.119625
v 0.336757 2.027448 -0.107545
v 0.372020 2.006937 -0.084754
v 0.344634 1.987628 -0.053756
v 0.316020 1.976619 -0.038289
v 0.275392 1.980571 -0.052483
v 0.243180 1.991184 -0.077547
v 0.268945 2.008885 -0.105854
v 0.305621 2.022289 -0.124372
v 0.337563 2.018683 -0.112292
vn 0.0806 -0.8764 -0.4747
vn -0.0806 0.8764 0.4747
vn 0.7960 -0.2301 0.5599
vn 0.5470 -0.3593 0.7562
vn -0.3312 -0.4727 0.8166
vn -0.6404 -0.4105 0.6492
vn -0.7875 0.2359 -0.5693
vn -0.5228 0.3683 -0.7688
vn 0.3581 0.4699 -0.8068
vn 0.6509 0.4070 -0.6409
s 0
usemtl Leaf
f 3213//2859 3214//2859 3215//2859 3216//2859 3217//2859 3218//2859 3219//2859 3220//2859
f 3228//2860 3227//2860 3226//2860 3225//2860 3224//2860 3223//2860 3222//2860 3221//2860
f 3213//2861 3214//2861 3222//2861 3221//2861
f 3214//2862 3215//2862 3223//2862 3222//2862
f 3215//2863 3216//2863 3224//2863 3223//2863
f 3216//2864 3217//2864 3225//2864 3224//2864
f 3217//2865 3218//2865 3226//2865 3225//2865
f 3218//2866 3219//2866 3227//2866 3226//2866
f 3219//2867 3220//2867 3228//2867 3227//2867
f 3220//2868 3213//2868 3221//2868 3228//2868
o crown_contour_leaf.060
v 0.553569 1.887588 0.177200
v 0.604880 1.894336 0.187326
v 0.639574 1.895012 0.207148
v 0.648413 1.882355 0.255042
v 0.639982 1.867117 0.300560
v 0.592665 1.861092 0.290566
v 0.549656 1.860717 0.264444
v 0.543736 1.871015 0.226287
v 0.555580 1.877034 0.174039
v 0.606891 1.883781 0.184165
v 0.641585 1.884457 0.203987
v 0.650425 1.871800 0.251882
v 0.641994 1.856562 0.297399
v 0.594676 1.850537 0.287405
v 0.551668 1.850163 0.261283
v 0.545748 1.860460 0.223126
vn 0.1796 -0.9424 -0.2822
vn -0.1796 0.9424 0.2822
vn 0.1449 0.3091 -0.9399
vn 0.4627 0.3341 -0.8212
vn 0.9679 0.2205 -0.1204
vn 0.9684 0.1189 0.2192
vn -0.1584 -0.3108 0.9372
vn -0.4871 -0.3344 0.8068
vn -0.9725 -0.2133 0.0933
vn -0.9659 -0.1146 -0.2322
s 0
usemtl Leaf
f 3229//2869 3230//2869 3231//2869 3232//2869 3233//2869 3234//2869 3235//2869 3236//2869
f 3244//2870 3243//2870 3242//2870 3241//2870 3240//2870 3239//2870 3238//2870 3237//2870
f 3229//2871 3230//2871 3238//2871 3237//2871
f 3230//2872 3231//2872 3239//2872 3238//2872
f 3231//2873 3232//2873 3240//2873 3239//2873
f 3232//2874 3233//2874 3241//2874 3240//2874
f 3233//2875 3234//2875 3242//2875 3241//2875
f 3234//2876 3235//2876 3243//2876 3242//2876
f 3235//2877 3236//2877 3244//2877 3243//2877
f 3236//2878 3229//2878 3237//2878 3244//2878
o crown_contour_leaf.061
v 0.454129 1.992580 -0.174153
v 0.463667 1.997809 -0.223562
v 0.479838 1.993534 -0.263221
v 0.516058 1.966657 -0.293967
v 0.549840 1.937398 -0.308579
v 0.540552 1.932972 -0.262699
v 0.519346 1.939204 -0.212789
v 0.490532 1.960864 -0.189268
v 0.447228 1.985644 -0.176219
v 0.456767 1.990873 -0.225628
v 0.472937 1.986598 -0.265287
v 0.509157 1.959721 -0.296033
v 0.542939 1.930462 -0.310645
v 0.533651 1.926036 -0.264765
v 0.512445 1.932268 -0.214855
v 0.483631 1.953928 -0.191334
vn -0.6901 -0.6936 -0.2066
vn 0.6901 0.6936 0.2066
vn -0.6987 0.7129 -0.0594
vn -0.6186 0.7135 -0.3291
vn -0.2889 0.5258 -0.8000
vn -0.0870 0.3629 -0.9278
vn 0.6962 -0.7142 0.0720
vn 0.6106 -0.7113 0.3483
vn 0.2751 -0.5154 0.8116
vn 0.0777 -0.3548 0.9317
s 0
usemtl Leaf
f 3245//2879 3246//2879 3247//2879 3248//2879 3249//2879 3250//2879 3251//2879 3252//2879
f 3260//2880 3259//2880 3258//2880 3257//2880 3256//2880 3255//2880 3254//2880 3253//2880
f 3245//2881 3246//2881 3254//2881 3253//2881
f 3246//2882 3247//2882 3255//2882 3254//2882
f 3247//2883 3248//2883 3256//2883 3255//2883
f 3248//2884 3249//2884 3257//2884 3256//2884
f 3249//2885 3250//2885 3258//2885 3257//2885
f 3250//2886 3251//2886 3259//2886 3258//2886
f 3251//2887 3252//2887 3260//2887 3259//2887
f 3252//2888 3245//2888 3253//2888 3260//2888
o crown_contour_leaf.062
v 0.154500 2.080384 0.128029
v 0.119222 2.063299 0.170297
v 0.080196 2.048841 0.195501
v 0.020149 2.035565 0.190780
v -0.029230 2.027808 0.171562
v 0.004069 2.043711 0.132755
v 0.054261 2.061980 0.101913
v 0.101587 2.072233 0.106657
v 0.156763 2.070845 0.126062
v 0.121486 2.053759 0.168330
v 0.082460 2.039301 0.193535
v 0.022413 2.026025 0.188813
v -0.026966 2.018268 0.169596
v 0.006333 2.034171 0.130788
v 0.056524 2.052440 0.099946
v 0.103850 2.062694 0.104690
vn 0.2264 -0.9540 -0.1967
vn -0.2264 0.9540 0.1967
vn 0.7578 0.0456 0.6509
vn 0.5526 -0.0405 0.8325
vn -0.0307 -0.2088 0.9775
vn -0.3139 -0.2626 0.9124
vn -0.7497 -0.0418 -0.6604
vn -0.5353 0.0468 -0.8434
vn 0.0516 0.2134 -0.9756
vn 0.3259 0.2645 -0.9077
s 0
usemtl Leaf
f 3261//2889 3262//2889 3263//2889 3264//2889 3265//2889 3266//2889 3267//2889 3268//2889
f 3276//2890 3275//2890 3274//2890 3273//2890 3272//2890 3271//2890 3270//2890 3269//2890
f 3261//2891 3262//2891 3270//2891 3269//2891
f 3262//2892 3263//2892 3271//2892 3270//2892
f 3263//2893 3264//2893 3272//2893 3271//2893
f 3264//2894 3265//2894 3273//2894 3272//2894
f 3265//2895 3266//2895 3274//2895 3273//2895
f 3266//2896 3267//2896 3275//2896 3274//2896
f 3267//2897 3268//2897 3276//2897 3275//2897
f 3268//2898 3261//2898 3269//2898 3276//2898
o leafy_twig.009
v -0.286027 2.006059 0.095671
v -0.203944 2.128406 -0.117745
v -0.304721 1.998427 0.083212
v -0.209975 2.125944 -0.121764
v -0.308934 1.980000 0.068872
v -0.211333 2.120000 -0.126390
v -0.296197 1.961573 0.061050
v -0.207225 2.114056 -0.128913
v -0.273973 1.953941 0.064329
v -0.200056 2.111594 -0.127855
v -0.255279 1.961573 0.076788
v -0.194025 2.114056 -0.123836
v -0.251066 1.980000 0.091128
v -0.192667 2.120000 -0.119210
v -0.263803 1.998427 0.098950
v -0.196775 2.125944 -0.116687
vn -0.3365 0.3480 0.8750
vn 0.0533 0.9889 -0.1386
vn -0.8191 0.1510 0.5534
vn -0.3995 0.8040 -0.4404
vn -0.9279 -0.3248 0.1831
vn -0.5015 0.3577 -0.7877
vn -0.5991 -0.8005 -0.0188
vn -0.1930 -0.0886 -0.9772
vn -0.0253 -0.9975 0.0658
vn 0.3453 -0.2735 -0.8978
vn 0.4573 -0.8005 0.3875
vn 0.7981 -0.0886 -0.5960
vn 0.5660 -0.3248 0.7577
vn 0.9001 0.3577 -0.2486
vn 0.2372 0.1510 0.9597
vn 0.5916 0.8040 -0.0592
vt 1.000000 0.500000
vt 1.000000 1.000000
vt 0.875000 1.000000
vt 0.875000 0.500000
vt 0.750000 1.000000
vt 0.750000 0.500000
vt 0.625000 1.000000
vt 0.625000 0.500000
vt 0.500000 1.000000
vt 0.500000 0.500000
vt 0.375000 1.000000
vt 0.375000 0.500000
vt 0.250000 1.000000
vt 0.250000 0.500000
vt 0.419706 0.419706
vt 0.250000 0.490000
vt 0.080294 0.419706
vt 0.010000 0.250000
vt 0.080294 0.080294
vt 0.250000 0.010000
vt 0.419706 0.080294
vt 0.490000 0.250000
vt 0.125000 1.000000
vt 0.125000 0.500000
vt 0.000000 1.000000
vt 0.000000 0.500000
vt 0.750000 0.490000
vt 0.919706 0.419706
vt 0.990000 0.250000
vt 0.919706 0.080294
vt 0.750000 0.010000
vt 0.580294 0.080294
vt 0.510000 0.250000
vt 0.580294 0.419706
s 1
usemtl WeatheredBark
f 3277/983/2899 3278/984/2900 3280/985/2902 3279/986/2901
f 3279/986/2901 3280/985/2902 3282/987/2904 3281/988/2903
f 3281/988/2903 3282/987/2904 3284/989/2906 3283/990/2905
f 3283/990/2905 3284/989/2906 3286/991/2908 3285/992/2907
f 3285/992/2907 3286/991/2908 3288/993/2910 3287/994/2909
f 3287/994/2909 3288/993/2910 3290/995/2912 3289/996/2911
f 3280/997/2902 3278/998/2900 3292/999/2914 3290/1000/2912 3288/1001/2910 3286/1002/2908 3284/1003/2906 3282/1004/2904
f 3289/996/2911 3290/995/2912 3292/1005/2914 3291/1006/2913
f 3291/1006/2913 3292/1005/2914 3278/1007/2900 3277/1008/2899
f 3277/1009/2899 3279/1010/2901 3281/1011/2903 3283/1012/2905 3285/1013/2907 3287/1014/2909 3289/1015/2911 3291/1016/2913
o solid_leaf_crown_lobe.009
v 0.039661 1.989964 -0.143808
v -0.013387 2.041594 -0.266624
v -0.042315 2.043504 -0.350946
v -0.176585 1.990531 -0.401100
v -0.278180 2.025864 -0.373340
v -0.407696 2.053996 -0.270257
v -0.383668 1.998885 -0.153635
v -0.327270 2.009500 -0.034477
v -0.255438 2.057148 0.032886
v -0.127445 2.013033 0.018487
v -0.031335 1.996400 -0.037211
v 0.109501 2.144580 -0.147555
v 0.070321 2.184501 -0.331434
v -0.029727 2.185989 -0.441636
v -0.204526 2.152019 -0.490192
v -0.367806 2.174531 -0.429313
v -0.494910 2.192390 -0.279507
v -0.460072 2.157005 -0.107973
v -0.386153 2.164085 0.050869
v -0.244320 2.194853 0.125694
v -0.077243 2.166333 0.094326
v 0.066353 2.147322 -0.006599
v 0.052247 2.289164 -0.196492
v 0.029405 2.340794 -0.330407
v -0.082877 2.342704 -0.405653
v -0.226844 2.289731 -0.434960
v -0.365185 2.325064 -0.371339
v -0.439756 2.353196 -0.235001
v -0.397098 2.298085 -0.096578
v -0.343466 2.308700 0.031784
v -0.201321 2.356348 0.081629
v -0.071051 2.312233 0.033975
v 0.058250 2.295600 -0.056929
v -0.180627 1.998194 -0.180001
v -0.165360 2.374461 -0.180638
v -0.059739 1.996140 -0.159768
v -0.077007 2.016323 -0.228484
v 0.013137 2.015779 -0.205216
v 0.066854 2.089701 -0.239878
v 0.079287 2.070924 -0.159802
v 0.103815 2.160323 -0.237599
v 0.032232 2.095661 -0.295936
v 0.093314 2.220524 -0.182888
v 0.076238 2.239994 -0.267375
v 0.046683 2.275735 -0.332316
v 0.040826 2.314979 -0.263450
v -0.054547 2.356507 -0.265328
v -0.033539 2.336323 -0.189730
v -0.107374 2.017026 -0.279847
v -0.027851 2.042549 -0.308785
v 0.019054 2.116680 -0.354338
v -0.030529 2.127443 -0.415476
v 0.022715 2.191023 -0.402775
v 0.007193 2.266280 -0.382591
v -0.026736 2.341749 -0.368030
v -0.046509 2.246569 -0.437231
v -0.116709 2.357209 -0.312058
v -0.174870 1.999581 -0.305723
v -0.109450 2.017018 -0.376023
v -0.117797 2.092784 -0.438099
v -0.098127 2.171890 -0.473172
v -0.186248 2.059855 -0.443500
v -0.139151 2.242384 -0.463246
v -0.219189 2.239929 -0.462385
v -0.154860 2.316218 -0.420307
v -0.199867 2.339765 -0.325013
v -0.242058 2.011217 -0.289199
v -0.227382 2.008198 -0.387220
v -0.251494 2.084034 -0.446258
v -0.339805 2.115101 -0.415345
v -0.301239 2.162046 -0.468931
v -0.291232 2.233634 -0.448958
v -0.296014 2.307398 -0.403149
v -0.374234 2.234227 -0.414554
v -0.277502 2.351400 -0.288588
v -0.302125 2.020481 -0.233149
v -0.342938 2.039930 -0.321798
v -0.406548 2.113733 -0.338923
v -0.433526 2.185825 -0.374311
v -0.445697 2.104358 -0.276442
v -0.444411 2.263333 -0.334485
v -0.468607 2.284432 -0.256363
v -0.402470 2.339130 -0.303170
v -0.317271 2.360664 -0.213334
v -0.299794 2.002332 -0.163834
v -0.395682 2.026440 -0.211946
v -0.458718 2.100349 -0.213640
v -0.441213 2.096225 -0.123332
v -0.486632 2.170769 -0.181144
v -0.467458 2.249949 -0.187409
v -0.418427 2.325640 -0.165789
v -0.446610 2.215351 -0.100644
v -0.302165 2.342515 -0.130971
v -0.267540 2.005828 -0.097322
v -0.355469 2.004192 -0.094056
v -0.399211 2.079527 -0.044492
v -0.434774 2.154098 -0.035242
v -0.359287 2.073156 0.005184
v -0.406045 2.229127 -0.015067
v -0.361760 2.253230 0.042403
v -0.370282 2.303392 -0.032397
v -0.262039 2.346011 -0.060324
v -0.219976 2.021519 -0.059621
v -0.291354 2.033324 -0.000795
v -0.324212 2.108429 0.057806
v -0.251046 2.136989 0.098754
v -0.310706 2.186611 0.107694
v -0.304309 2.258029 0.083941
v -0.272393 2.332524 0.056707
v -0.229658 2.256115 0.118125
v -0.186083 2.361702 -0.032104
v -0.151412 2.006847 -0.064230
v -0.191442 2.035090 0.025686
v -0.168150 2.110082 0.080786
v -0.174256 2.187935 0.125260
v -0.107003 2.075634 0.055825
v -0.140782 2.259682 0.101689
v -0.069985 2.255708 0.064952
v -0.136186 2.334291 0.057802
v -0.106484 2.347031 -0.055411
v -0.092851 1.995346 -0.098836
v -0.079390 2.004717 -0.009362
v -0.041782 2.079804 0.037175
v 0.035019 2.087570 -0.012835
v 0.015045 2.153027 0.044967
v -0.000376 2.229404 0.030979
v -0.006400 2.303917 -0.011477
v 0.070432 2.206696 -0.020680
v -0.041759 2.335529 -0.110855
v 0.004163 1.993182 -0.090509
v 0.058546 2.068866 -0.090935
v 0.098590 2.143968 -0.067003
v 0.095468 2.217774 -0.104030
v 0.055249 2.292382 -0.126711
v -0.047278 2.007968 -0.197202
v 0.090904 2.106972 -0.216760
v 0.040176 2.071321 -0.251535
v 0.096589 2.206705 -0.234018
v 0.058072 2.274943 -0.291118
v -0.021858 2.339726 -0.237328
v -0.075482 2.024990 -0.268425
v 0.011928 2.089167 -0.322040
v 0.012987 2.143543 -0.391781
v 0.012845 2.292789 -0.362269
v 0.001188 2.239120 -0.409384
v -0.068982 2.356747 -0.309393
v -0.132030 2.009177 -0.314570
v -0.083278 2.127680 -0.448460
v -0.140884 2.057492 -0.424865
v -0.096370 2.223258 -0.465647
v -0.172367 2.261114 -0.454360
v -0.156637 2.340934 -0.345221
v -0.212852 2.003714 -0.321774
v -0.221605 2.051612 -0.431943
v -0.293591 2.116545 -0.452287
v -0.267923 2.255234 -0.443322
v -0.320874 2.212122 -0.452146
v -0.253335 2.335472 -0.332934
v -0.291420 2.023368 -0.277237
v -0.400057 2.136260 -0.376733
v -0.406639 2.090980 -0.311852
v -0.427087 2.231837 -0.375632
v -0.446514 2.294603 -0.298640
v -0.325713 2.355125 -0.264765
v -0.327211 2.015013 -0.201961
v -0.441711 2.081987 -0.236563
v -0.468448 2.119228 -0.178258
v -0.458082 2.285609 -0.205764
v -0.472997 2.214806 -0.160334
v -0.337527 2.346770 -0.170512
v -0.301203 2.001233 -0.121001
v -0.426701 2.105405 -0.061439
v -0.373957 2.054385 -0.038783
v -0.431030 2.200983 -0.043084
v -0.383081 2.258007 0.003000
v -0.304492 2.332991 -0.078998
v -0.256348 2.019276 -0.057407
v -0.329799 2.073806 0.024607
v -0.303262 2.142186 0.092664
v -0.317345 2.277428 0.063734
v -0.286951 2.237763 0.108478
v -0.236831 2.351033 -0.018335
v -0.187622 2.020370 -0.038872
v -0.194300 2.143283 0.106966
v -0.152111 2.075998 0.057446
v -0.176981 2.238861 0.122075
v -0.114030 2.279620 0.078583
v -0.143485 2.352128 -0.017084
v -0.110937 2.000694 -0.062782
v -0.075490 2.055749 0.032938
v 0.002788 2.103800 0.031237
v -0.026079 2.259371 0.032205
v 0.030944 2.199378 0.025427
v -0.055071 2.332451 -0.064517
v -0.054194 1.993108 -0.118786
v 0.070356 2.096478 -0.058559
v 0.050400 2.042920 -0.114074
v 0.097904 2.192056 -0.065316
v 0.084457 2.242386 -0.138209
v -0.012479 2.324866 -0.143861
vn -0.9393 -0.2128 -0.2690
vn -0.8504 -0.3899 0.3533
vn -0.6066 0.0956 0.7893
vn -0.0807 -0.3443 0.9354
vn 0.3935 -0.1713 0.9032
vn 0.8709 0.2770 0.4060
vn 0.8174 -0.4041 -0.4105
vn 0.8599 -0.2871 -0.4220
vn 0.1958 0.2688 -0.9431
vn -0.3871 -0.3343 -0.8593
vn -0.7285 -0.2734 -0.6281
vn -0.9904 0.1324 -0.0393
vn -0.8859 0.0825 0.4566
vn -0.5161 0.0762 0.8531
vn 0.0255 0.1157 0.9930
vn 0.5893 0.1491 0.7940
vn 0.9666 0.0689 0.2467
vn 0.9404 0.1045 -0.3237
vn 0.7277 0.1168 -0.6759
vn 0.1328 0.1152 -0.9844
vn -0.3646 0.1194 -0.9235
vn -0.7833 0.1777 -0.5957
vn -0.8992 0.3860 0.2060
vn -0.6033 0.5229 0.6022
vn -0.4806 0.5356 0.6943
vn 0.1357 0.0808 0.9874
vn 0.6985 0.3212 0.6395
vn 0.9028 0.4189 0.0974
vn 0.8729 0.4284 -0.2335
vn 0.5716 0.2487 -0.7819
vn -0.0312 0.4929 -0.8695
vn -0.3296 0.4576 -0.8258
vn -0.8311 0.2489 -0.4973
vn -0.0248 -0.9995 -0.0184
vn 0.0378 0.9992 0.0090
vn -0.0001 -0.9849 -0.1729
vn 0.1244 -0.9639 -0.2353
vn -0.8704 -0.4499 0.2001
vn -0.7436 0.5250 0.4142
vn -0.8907 0.4537 -0.0275
vn -0.9656 0.1027 0.2390
vn -0.6932 0.5895 0.4146
vn -0.9350 -0.3526 0.0388
vn -0.9224 -0.3454 0.1729
vn -0.8488 -0.2785 0.4494
vn -0.6601 0.6540 0.3696
vn 0.2199 0.9742 0.0516
vn 0.3656 0.9250 0.1034
vn 0.2498 -0.9670 -0.0505
vn -0.7769 -0.5412 0.3217
vn -0.7201 0.5198 0.4596
vn -0.5159 0.4739 0.7137
vn -0.7402 0.0308 0.6717
vn -0.6714 -0.3472 0.6547
vn -0.4594 0.6352 0.6208
vn -0.4342 -0.3311 0.8378
vn -0.0626 0.9831 -0.1723
vn 0.0441 -0.9987 0.0239
vn -0.1244 -0.4883 0.8638
vn -0.3355 0.4984 0.7994
vn -0.2893 0.1146 0.9503
vn -0.0653 0.5071 0.8594
vn -0.0804 -0.3545 0.9316
vn 0.1200 -0.3801 0.9171
vn -0.3196 0.5678 0.7586
vn -0.0897 0.9523 -0.2916
vn -0.2206 -0.9750 -0.0280
vn 0.0846 -0.4279 0.8998
vn 0.2964 0.5422 0.7863
vn 0.5475 0.5408 0.6386
vn 0.3595 0.0913 0.9287
vn 0.2385 -0.3835 0.8922
vn 0.4106 0.6297 0.6594
vn 0.5151 -0.3016 0.8023
vn -0.0118 0.9695 -0.2446
vn -0.1635 -0.9701 -0.1795
vn 0.4851 -0.5305 0.6952
vn 0.6625 0.5545 0.5036
vn 0.7600 0.1697 0.6274
vn 0.7614 0.5297 0.3736
vn 0.7659 -0.3722 0.5242
vn 0.9155 -0.3909 0.0954
vn 0.7877 0.5291 0.3155
vn -0.1017 0.9929 0.0619
vn -0.0297 -0.9917 -0.1247
vn 0.8748 -0.3794 -0.3013
vn 0.8584 0.5105 0.0510
vn 0.8491 0.4683 -0.2441
vn 0.9811 0.0799 -0.1762
vn 0.9031 -0.3413 -0.2607
vn 0.7800 0.6256 -0.0144
vn 0.8798 -0.3202 -0.3513
vn -0.2330 0.9522 0.1977
vn 0.0850 -0.9815 0.1716
vn 0.8229 -0.4313 -0.3698
vn 0.7383 0.5263 -0.4218
vn 0.8941 0.1220 -0.4309
vn 0.5672 0.5696 -0.5949
vn 0.8401 -0.3508 -0.4137
vn 0.7007 -0.3368 -0.6290
vn 0.6620 0.6706 -0.3347
vn -0.2710 0.9600 0.0704
vn -0.0457 -0.9689 0.2433
vn 0.7318 -0.4088 -0.5454
vn 0.3692 0.5566 -0.7443
vn 0.1138 0.5218 -0.8454
vn 0.4524 0.0621 -0.8897
vn 0.5109 -0.3697 -0.7761
vn 0.1569 0.5669 -0.8087
vn 0.1271 -0.2972 -0.9463
vn 0.0019 0.9966 0.0829
vn -0.1807 -0.9745 0.1328
vn -0.2615 -0.5078 -0.8208
vn -0.0490 0.5366 -0.8424
vn -0.1492 0.1542 -0.9767
vn -0.1587 0.5035 -0.8493
vn -0.3484 -0.2972 -0.8890
vn -0.4886 -0.3405 -0.8034
vn -0.1340 0.6080 -0.7826
vn 0.2720 0.9506 0.1497
vn -0.0713 -0.9960 0.0543
vn -0.4961 -0.4596 -0.7367
vn -0.3706 0.5062 -0.7788
vn -0.6576 0.5235 -0.5417
vn -0.5673 0.1047 -0.8168
vn -0.5368 -0.3407 -0.7719
vn -0.3442 0.6595 -0.6682
vn -0.7984 -0.2318 -0.5556
vn 0.3084 0.9480 0.0794
vn -0.7582 -0.5004 -0.4181
vn -0.7990 0.5235 -0.2959
vn -0.9341 0.2128 -0.2868
vn -0.9545 -0.2828 -0.0950
vn -0.7289 0.6841 0.0264
vn 0.0530 -0.9357 -0.3489
vn -0.8806 0.4110 0.2359
vn -0.5925 0.6362 0.4942
vn -0.9440 -0.3003 0.1365
vn -0.9299 -0.3395 0.1413
vn 0.3841 0.9002 0.2051
vn 0.2340 -0.9643 -0.1243
vn -0.7189 0.6169 0.3202
vn -0.6684 0.4181 0.6151
vn -0.6316 -0.2992 0.7153
vn -0.6491 -0.3182 0.6910
vn 0.0957 0.9888 -0.1145
vn 0.3036 -0.9527 0.0170
vn -0.3719 0.4643 0.8039
vn -0.3832 0.4847 0.7863
vn -0.2500 -0.2612 0.9324
vn 0.0182 -0.4442 0.8957
vn -0.2174 0.9379 -0.2704
vn -0.2429 -0.9700 0.0124
vn 0.2837 0.5807 0.7631
vn 0.3929 0.4890 0.7788
vn 0.2298 -0.4310 0.8726
vn 0.3598 -0.2838 0.8888
vn 0.0274 0.9371 -0.3480
vn -0.2351 -0.9699 -0.0639
vn 0.6461 0.5197 0.5589
vn 0.6327 0.5599 0.5350
vn 0.6987 -0.2471 0.6714
vn 0.7638 -0.4846 0.4264
vn -0.0581 0.9797 -0.1921
vn -0.0865 -0.9396 -0.3312
vn 0.7786 0.6015 0.1791
vn 0.8977 0.4189 -0.1368
vn 0.8882 -0.3531 -0.2939
vn 0.9108 -0.2828 -0.3007
vn -0.1838 0.9270 0.3268
vn 0.0120 -0.9979 0.0637
vn 0.8219 0.4422 -0.3591
vn 0.6782 0.6000 -0.4244
vn 0.8822 -0.2798 -0.3788
vn 0.8261 -0.3935 -0.4033
vn -0.3203 0.9427 0.0931
vn 0.1774 -0.9310 0.3189
vn 0.3517 0.6146 -0.7061
vn 0.3067 0.4789 -0.8226
vn 0.4993 -0.3805 -0.7784
vn 0.4121 -0.2939 -0.8624
vn -0.2793 0.9585 0.0570
vn -0.2477 -0.9512 0.1841
vn -0.0330 0.5035 -0.8634
vn 0.0114 0.5246 -0.8513
vn -0.1730 -0.2035 -0.9637
vn -0.4446 -0.3891 -0.8068
vn 0.2905 0.9457 0.1459
vn -0.1159 -0.9867 0.1144
vn -0.2922 0.5623 -0.7736
vn -0.5038 0.4506 -0.7370
vn -0.5335 -0.3855 -0.7528
vn -0.6220 -0.2439 -0.7440
vn 0.2825 0.9421 0.1806
vn -0.0298 -0.9995 0.0052
vn -0.7939 0.5185 -0.3174
vn -0.8029 0.4484 -0.3927
vn -0.9430 -0.1521 -0.2961
vn -0.9084 -0.4165 0.0373
vn 0.3943 0.9189 -0.0064
s 1
usemtl Leaf
f 3326//2948 3329//2951 3427//3049 3328//2950
f 3294//2916 3330//2952 3427//3049 3329//2951
f 3293//2915 3328//2950 3427//3049 3330//2952
f 3293//2915 3332//2954 3428//3050 3331//2953
f 3304//2926 3333//2955 3428//3050 3332//2954
f 3305//2927 3331//2953 3428//3050 3333//2955
f 3293//2915 3331//2953 3429//3051 3330//2952
f 3305//2927 3334//2956 3429//3051 3331//2953
f 3294//2916 3330//2952 3429//3051 3334//2956
f 3304//2926 3335//2957 3430//3052 3333//2955
f 3315//2937 3336//2958 3430//3052 3335//2957
f 3305//2927 3333//2955 3430//3052 3336//2958
f 3305//2927 3336//2958 3431//3053 3337//2959
f 3315//2937 3338//2960 3431//3053 3336//2958
f 3316//2938 3337//2959 3431//3053 3338//2960
f 3327//2949 3340//2962 3432//3054 3339//2961
f 3315//2937 3338//2960 3432//3054 3340//2962
f 3316//2938 3339//2961 3432//3054 3338//2960
f 3326//2948 3341//2963 3433//3055 3329//2951
f 3295//2917 3342//2964 3433//3055 3341//2963
f 3294//2916 3329//2951 3433//3055 3342//2964
f 3294//2916 3334//2956 3434//3056 3342//2964
f 3305//2927 3343//2965 3434//3056 3334//2956
f 3295//2917 3342//2964 3434//3056 3343//2965
f 3295//2917 3343//2965 3435//3057 3344//2966
f 3305//2927 3345//2967 3435//3057 3343//2965
f 3306//2928 3344//2966 3435//3057 3345//2967
f 3305//2927 3337//2959 3436//3058 3346//2968
f 3316//2938 3347//2969 3436//3058 3337//2959
f 3317//2939 3346//2968 3436//3058 3347//2969
f 3305//2927 3346//2968 3437//3059 3345//2967
f 3317//2939 3348//2970 3437//3059 3346//2968
f 3306//2928 3345//2967 3437//3059 3348//2970
f 3327//2949 3339//2961 3438//3060 3349//2971
f 3316//2938 3347//2969 3438//3060 3339//2961
f 3317//2939 3349//2971 3438//3060 3347//2969
f 3326//2948 3350//2972 3439//3061 3341//2963
f 3296//2918 3351//2973 3439//3061 3350//2972
f 3295//2917 3341//2963 3439//3061 3351//2973
f 3295//2917 3344//2966 3440//3062 3352//2974
f 3306//2928 3353//2975 3440//3062 3344//2966
f 3307//2929 3352//2974 3440//3062 3353//2975
f 3295//2917 3352//2974 3441//3063 3351//2973
f 3307//2929 3354//2976 3441//3063 3352//2974
f 3296//2918 3351//2973 3441//3063 3354//2976
f 3306//2928 3348//2970 3442//3064 3353//2975
f 3317//2939 3355//2977 3442//3064 3348//2970
f 3307//2929 3353//2975 3442//3064 3355//2977
f 3307//2929 3355//2977 3443//3065 3356//2978
f 3317//2939 3357//2979 3443//3065 3355//2977
f 3318//2940 3356//2978 3443//3065 3357//2979
f 3327//2949 3349//2971 3444//3066 3358//2980
f 3317//2939 3357//2979 3444//3066 3349//2971
f 3318//2940 3358//2980 3444//3066 3357//2979
f 3326//2948 3359//2981 3445//3067 3350//2972
f 3297//2919 3360//2982 3445//3067 3359//2981
f 3296//2918 3350//2972 3445//3067 3360//2982
f 3296//2918 3354//2976 3446//3068 3360//2982
f 3307//2929 3361//2983 3446//3068 3354//2976
f 3297//2919 3360//2982 3446//3068 3361//2983
f 3297//2919 3361//2983 3447//3069 3362//2984
f 3307//2929 3363//2985 3447//3069 3361//2983
f 3308//2930 3362//2984 3447//3069 3363//2985
f 3307//2929 3356//2978 3448//3070 3364//2986
f 3318//2940 3365//2987 3448//3070 3356//2978
f 3319//2941 3364//2986 3448//3070 3365//2987
f 3307//2929 3364//2986 3449//3071 3363//2985
f 3319//2941 3366//2988 3449//3071 3364//2986
f 3308//2930 3363//2985 3449//3071 3366//2988
f 3327//2949 3358//2980 3450//3072 3367//2989
f 3318//2940 3365//2987 3450//3072 3358//2980
f 3319//2941 3367//2989 3450//3072 3365//2987
f 3326//2948 3368//2990 3451//3073 3359//2981
f 3298//2920 3369//2991 3451//3073 3368//2990
f 3297//2919 3359//2981 3451//3073 3369//2991
f 3297//2919 3362//2984 3452//3074 3370//2992
f 3308//2930 3371//2993 3452//3074 3362//2984
f 3309//2931 3370//2992 3452//3074 3371//2993
f 3297//2919 3370//2992 3453//3075 3369//2991
f 3309//2931 3372//2994 3453//3075 3370//2992
f 3298//2920 3369//2991 3453//3075 3372//2994
f 3308//2930 3366//2988 3454//3076 3371//2993
f 3319//2941 3373//2995 3454//3076 3366//2988
f 3309//2931 3371//2993 3454//3076 3373//2995
f 3309//2931 3373//2995 3455//3077 3374//2996
f 3319//2941 3375//2997 3455//3077 3373//2995
f 3320//2942 3374//2996 3455//3077 3375//2997
f 3327//2949 3367//2989 3456//3078 3376//2998
f 3319//2941 3375//2997 3456//3078 3367//2989
f 3320//2942 3376//2998 3456//3078 3375//2997
f 3326//2948 3377//2999 3457//3079 3368//2990
f 3299//2921 3378//3000 3457//3079 3377//2999
f 3298//2920 3368//2990 3457//3079 3378//3000
f 3298//2920 3372//2994 3458//3080 3378//3000
f 3309//2931 3379//3001 3458//3080 3372//2994
f 3299//2921 3378//3000 3458//3080 3379//3001
f 3299//2921 3379//3001 3459//3081 3380//3002
f 3309//2931 3381//3003 3459//3081 3379//3001
f 3310//2932 3380//3002 3459//3081 3381//3003
f 3309//2931 3374//2996 3460//3082 3382//3004
f 3320//2942 3383//3005 3460//3082 3374//2996
f 3321//2943 3382//3004 3460//3082 3383//3005
f 3309//2931 3382//3004 3461//3083 3381//3003
f 3321//2943 3384//3006 3461//3083 3382//3004
f 3310//2932 3381//3003 3461//3083 3384//3006
f 3327//2949 3376//2998 3462//3084 3385//3007
f 3320//2942 3383//3005 3462//3084 3376//2998
f 3321//2943 3385//3007 3462//3084 3383//3005
f 3326//2948 3386//3008 3463//3085 3377//2999
f 3300//2922 3387//3009 3463//3085 3386//3008
f 3299//2921 3377//2999 3463//3085 3387//3009
f 3299//2921 3380//3002 3464//3086 3388//3010
f 3310//2932 3389//3011 3464//3086 3380//3002
f 3311//2933 3388//3010 3464//3086 3389//3011
f 3299//2921 3388//3010 3465//3087 3387//3009
f 3311//2933 3390//3012 3465//3087 3388//3010
f 3300//2922 3387//3009 3465//3087 3390//3012
f 3310//2932 3384//3006 3466//3088 3389//3011
f 3321//2943 3391//3013 3466//3088 3384//3006
f 3311//2933 3389//3011 3466//3088 3391//3013
f 3311//2933 3391//3013 3467//3089 3392//3014
f 3321//2943 3393//3015 3467//3089 3391//3013
f 3322//2944 3392//3014 3467//3089 3393//3015
f 3327//2949 3385//3007 3468//3090 3394//3016
f 3321//2943 3393//3015 3468//3090 3385//3007
f 3322//2944 3394//3016 3468//3090 3393//3015
f 3326//2948 3395//3017 3469//3091 3386//3008
f 3301//2923 3396//3018 3469//3091 3395//3017
f 3300//2922 3386//3008 3469//3091 3396//3018
f 3300//2922 3390//3012 3470//3092 3396//3018
f 3311//2933 3397//3019 3470//3092 3390//3012
f 3301//2923 3396//3018 3470//3092 3397//3019
f 3301//2923 3397//3019 3471//3093 3398//3020
f 3311//2933 3399//3021 3471//3093 3397//3019
f 3312//2934 3398//3020 3471//3093 3399//3021
f 3311//2933 3392//3014 3472//3094 3400//3022
f 3322//2944 3401//3023 3472//3094 3392//3014
f 3323//2945 3400//3022 3472//3094 3401//3023
f 3311//2933 3400//3022 3473//3095 3399//3021
f 3323//2945 3402//3024 3473//3095 3400//3022
f 3312//2934 3399//3021 3473//3095 3402//3024
f 3327//2949 3394//3016 3474//3096 3403//3025
f 3322//2944 3401//3023 3474//3096 3394//3016
f 3323//2945 3403//3025 3474//3096 3401//3023
f 3326//2948 3404//3026 3475//3097 3395//3017
f 3302//2924 3405//3027 3475//3097 3404//3026
f 3301//2923 3395//3017 3475//3097 3405//3027
f 3301//2923 3398//3020 3476//3098 3406//3028
f 3312//2934 3407//3029 3476//3098 3398//3020
f 3313//2935 3406//3028 3476//3098 3407//3029
f 3301//2923 3406//3028 3477//3099 3405//3027
f 3313//2935 3408//3030 3477//3099 3406//3028
f 3302//2924 3405//3027 3477//3099 3408//3030
f 3312//2934 3402//3024 3478//3100 3407//3029
f 3323//2945 3409//3031 3478//3100 3402//3024
f 3313//2935 3407//3029 3478//3100 3409//3031
f 3313//2935 3409//3031 3479//3101 3410//3032
f 3323//2945 3411//3033 3479//3101 3409//3031
f 3324//2946 3410//3032 3479//3101 3411//3033
f 3327//2949 3403//3025 3480//3102 3412//3034
f 3323//2945 3411//3033 3480//3102 3403//3025
f 3324//2946 3412//3034 3480//3102 3411//3033
f 3326//2948 3413//3035 3481//3103 3404//3026
f 3303//2925 3414//3036 3481//3103 3413//3035
f 3302//2924 3404//3026 3481//3103 3414//3036
f 3302//2924 3408//3030 3482//3104 3414//3036
f 3313//2935 3415//3037 3482//3104 3408//3030
f 3303//2925 3414//3036 3482//3104 3415//3037
f 3303//2925 3415//3037 3483//3105 3416//3038
f 3313//2935 3417//3039 3483//3105 3415//3037
f 3314//2936 3416//3038 3483//3105 3417//3039
f 3313//2935 3410//3032 3484//3106 3418//3040
f 3324//2946 3419//3041 3484//3106 3410//3032
f 3325//2947 3418//3040 3484//3106 3419//3041
f 3313//2935 3418//3040 3485//3107 3417//3039
f 3325//2947 3420//3042 3485//3107 3418//3040
f 3314//2936 3417//3039 3485//3107 3420//3042
f 3327//2949 3412//3034 3486//3108 3421//3043
f 3324//2946 3419//3041 3486//3108 3412//3034
f 3325//2947 3421//3043 3486//3108 3419//3041
f 3326//2948 3328//2950 3487//3109 3413//3035
f 3293//2915 3422//3044 3487//3109 3328//2950
f 3303//2925 3413//3035 3487//3109 3422//3044
f 3303//2925 3416//3038 3488//3110 3423//3045
f 3314//2936 3424//3046 3488//3110 3416//3038
f 3304//2926 3423//3045 3488//3110 3424//3046
f 3303//2925 3423//3045 3489//3111 3422//3044
f 3304//2926 3332//2954 3489//3111 3423//3045
f 3293//2915 3422//3044 3489//3111 3332//2954
f 3314//2936 3420//3042 3490//3112 3424//3046
f 3325//2947 3425//3047 3490//3112 3420//3042
f 3304//2926 3424//3046 3490//3112 3425//3047
f 3304//2926 3425//3047 3491//3113 3335//2957
f 3325//2947 3426//3048 3491//3113 3425//3047
f 3315//2937 3335//2957 3491//3113 3426//3048
f 3327//2949 3421//3043 3492//3114 3340//2962
f 3325//2947 3426//3048 3492//3114 3421//3043
f 3315//2937 3340//2962 3492//3114 3426//3048
o crown_contour_leaf.063
v 0.057758 2.158771 -0.370571
v 0.051926 2.141681 -0.408820
v 0.057528 2.131716 -0.440177
v 0.090475 2.134427 -0.466308
v 0.126145 2.143018 -0.480001
v 0.131041 2.158697 -0.444451
v 0.122956 2.170861 -0.404924
v 0.096417 2.168299 -0.384848
v 0.061173 2.150006 -0.367175
v 0.055340 2.132916 -0.405425
v 0.060942 2.122951 -0.436782
v 0.093889 2.125663 -0.462913
v 0.129559 2.134253 -0.476606
v 0.134455 2.149933 -0.441056
v 0.126371 2.162096 -0.401528
v 0.099831 2.159535 -0.381453
vn 0.3414 -0.8764 0.3395
vn -0.3414 0.8764 -0.3395
vn -0.9297 -0.2619 0.2588
vn -0.9248 -0.3778 -0.0452
vn -0.5216 -0.4772 -0.7072
vn -0.2320 -0.4286 -0.8732
vn 0.9316 0.2675 -0.2463
vn 0.9201 0.3854 0.0696
vn 0.5011 0.4754 0.7231
vn 0.2193 0.4256 0.8779
s 0
usemtl LeafSun
f 3493//3115 3494//3115 3495//3115 3496//3115 3497//3115 3498//3115 3499//3115 3500//3115
f 3508//3116 3507//3116 3506//3116 3505//3116 3504//3116 3503//3116 3502//3116 3501//3116
f 3493//3117 3494//3117 3502//3117 3501//3117
f 3494//3118 3495//3118 3503//3118 3502//3118
f 3495//3119 3496//3119 3504//3119 3503//3119
f 3496//3120 3497//3120 3505//3120 3504//3120
f 3497//3121 3498//3121 3506//3121 3505//3121
f 3498//3122 3499//3122 3507//3122 3506//3122
f 3499//3123 3500//3123 3508//3123 3507//3123
f 3500//3124 3493//3124 3501//3124 3508//3124
o crown_contour_leaf.064
v -0.411626 2.248318 -0.143788
v -0.455442 2.253607 -0.121581
v -0.493953 2.253598 -0.115358
v -0.533099 2.241755 -0.142806
v -0.558203 2.227847 -0.178428
v -0.517348 2.223150 -0.198462
v -0.468548 2.223590 -0.205125
v -0.438167 2.233202 -0.182622
v -0.411090 2.238894 -0.140486
v -0.454906 2.244184 -0.118279
v -0.493417 2.244174 -0.112057
v -0.532563 2.232331 -0.139504
v -0.557668 2.218423 -0.175126
v -0.516812 2.213726 -0.195160
v -0.468012 2.214166 -0.201824
v -0.437631 2.223778 -0.179320
vn 0.0536 -0.9424 0.3302
vn -0.0536 0.9424 -0.3302
vn 0.4589 0.3169 0.8300
vn 0.1502 0.3345 0.9303
vn -0.6045 0.2326 0.7619
vn -0.8342 0.1395 0.5335
vn -0.4466 -0.3184 -0.8362
vn -0.1245 -0.3344 -0.9342
vn 0.6250 -0.2262 -0.7471
vn 0.8418 -0.1353 -0.5226
s 0
usemtl LeafSun
f 3509//3125 3510//3125 3511//3125 3512//3125 3513//3125 3514//3125 3515//3125 3516//3125
f 3524//3126 3523//3126 3522//3126 3521//3126 3520//3126 3519//3126 3518//3126 3517//3126
f 3509//3127 3510//3127 3518//3127 3517//3127
f 3510//3128 3511//3128 3519//3128 3518//3128
f 3511//3129 3512//3129 3520//3129 3519//3129
f 3512//3130 3513//3130 3521//3130 3520//3130
f 3513//3131 3514//3131 3522//3131 3521//3131
f 3514//3132 3515//3132 3523//3132 3522//3132
f 3515//3133 3516//3133 3524//3133 3523//3133
f 3516//3134 3509//3134 3517//3134 3524//3134
o crown_contour_leaf.065
v -0.101818 2.129283 -0.166989
v -0.052813 2.140669 -0.141243
v -0.019055 2.139292 -0.112060
v -0.008396 2.108973 -0.065748
v -0.014181 2.074101 -0.027165
v -0.059404 2.064060 -0.051503
v -0.101326 2.066851 -0.089085
v -0.108757 2.091409 -0.125620
v -0.096726 2.121515 -0.173247
v -0.047721 2.132901 -0.147501
v -0.013963 2.131523 -0.118318
v -0.003303 2.101205 -0.072006
v -0.009089 2.066332 -0.033423
v -0.054311 2.056292 -0.057761
v -0.096233 2.059083 -0.095343
v -0.103665 2.083641 -0.131877
vn 0.4547 -0.6936 -0.5587
vn -0.4547 0.6936 0.5587
vn 0.2034 0.6916 -0.6930
vn 0.4706 0.7197 -0.5104
vn 0.8703 0.4792 0.1134
vn 0.8838 0.2735 0.3797
vn -0.2154 -0.6943 0.6867
vn -0.4901 -0.7187 0.4933
vn -0.8750 -0.4651 -0.1347
vn -0.8821 -0.2642 -0.3899
s 0
usemtl LeafSun
f 3525//3135 3526//3135 3527//3135 3528//3135 3529//3135 3530//3135 3531//3135 3532//3135
f 3540//3136 3539//3136 3538//3136 3537//3136 3536//3136 3535//3136 3534//3136 3533//3136
f 3525//3137 3526//3137 3534//3137 3533//3137
f 3526//3138 3527//3138 3535//3138 3534//3138
f 3527//3139 3528//3139 3536//3139 3535//3139
f 3528//3140 3529//3140 3537//3140 3536//3140
f 3529//3141 3530//3141 3538//3141 3537//3141
f 3530//3142 3531//3142 3539//3142 3538//3142
f 3531//3143 3532//3143 3540//3143 3539//3143
f 3532//3144 3525//3144 3533//3144 3540//3144
o crown_contour_leaf.066
v -0.215013 2.227261 -0.390729
v -0.255166 2.210814 -0.424576
v -0.280909 2.196656 -0.462510
v -0.282827 2.183023 -0.521862
v -0.271118 2.174684 -0.571017
v -0.234161 2.190005 -0.539043
v -0.202416 2.207918 -0.490222
v -0.201790 2.218472 -0.443420
v -0.212894 2.217721 -0.388606
v -0.253047 2.201274 -0.422454
v -0.278791 2.187116 -0.460387
v -0.280709 2.173483 -0.519739
v -0.269000 2.165145 -0.568895
v -0.232043 2.180466 -0.536920
v -0.200298 2.198378 -0.488099
v -0.199672 2.208932 -0.441297
vn 0.2118 -0.9540 0.2123
vn -0.2118 0.9540 -0.2123
vn -0.6502 0.0246 0.7594
vn -0.8169 -0.0536 0.5743
vn -0.9768 -0.1997 0.0774
vn -0.9502 -0.2518 -0.1836
vn 0.6591 -0.0209 -0.7518
vn 0.8268 0.0591 -0.5593
vn 0.9772 0.2038 -0.0590
vn 0.9473 0.2538 0.1954
s 0
usemtl LeafSun
f 3541//3145 3542//3145 3543//3145 3544//3145 3545//3145 3546//3145 3547//3145 3548//3145
f 3556//3146 3555//3146 3554//3146 3553//3146 3552//3146 3551//3146 3550//3146 3549//3146
f 3541//3147 3542//3147 3550//3147 3549//3147
f 3542//3148 3543//3148 3551//3148 3550//3148
f 3543//3149 3544//3149 3552//3149 3551//3149
f 3544//3150 3545//3150 3553//3150 3552//3150
f 3545//3151 3546//3151 3554//3151 3553//3151
f 3546//3152 3547//3152 3555//3152 3554//3152
f 3547//3153 3548//3153 3556//3153 3555//3153
f 3548//3154 3541//3154 3549//3154 3556//3154
o crown_contour_leaf.067
v -0.308397 2.300742 -0.063001
v -0.283762 2.281434 -0.029775
v -0.274575 2.270425 0.001427
v -0.296896 2.274376 0.038222
v -0.328103 2.284989 0.064528
v -0.350443 2.302691 0.033445
v -0.360940 2.316094 -0.006277
v -0.342491 2.312489 -0.035014
v -0.312873 2.291977 -0.064775
v -0.288239 2.272669 -0.031549
v -0.279051 2.261660 -0.000347
v -0.301372 2.265611 0.036448
v -0.332579 2.276224 0.062753
v -0.354919 2.293926 0.031671
v -0.365416 2.307329 -0.008051
v -0.346967 2.303724 -0.036788
vn -0.4476 -0.8764 -0.1774
vn 0.4476 0.8764 0.1774
vn 0.7130 -0.2301 -0.6623
vn 0.8533 -0.3593 -0.3780
vn 0.7300 -0.4727 0.4936
vn 0.5020 -0.4105 0.7612
vn -0.7204 0.2359 0.6522
vn -0.8606 0.3683 0.3517
vn -0.7148 0.4699 -0.5179
vn -0.4917 0.4070 -0.7698
s 0
usemtl LeafSun
f 3557//3155 3558//3155 3559//3155 3560//3155 3561//3155 3562//3155 3563//3155 3564//3155
f 3572//3156 3571//3156 3570//3156 3569//3156 3568//3156 3567//3156 3566//3156 3565//3156
f 3557//3157 3558//3157 3566//3157 3565//3157
f 3558//3158 3559//3158 3567//3158 3566//3158
f 3559//3159 3560//3159 3568//3159 3567//3159
f 3560//3160 3561//3160 3569//3160 3568//3160
f 3561//3161 3562//3161 3570//3161 3569//3161
f 3562//3162 3563//3162 3571//3162 3570//3162
f 3563//3163 3564//3163 3572//3163 3571//3163
f 3564//3164 3557//3164 3565//3164 3572//3164
o crown_contour_leaf.068
v 0.158562 2.177078 -0.241900
v 0.182049 2.183825 -0.288630
v 0.210432 2.184501 -0.316754
v 0.258945 2.171844 -0.312455
v 0.300546 2.156606 -0.292151
v 0.278255 2.150581 -0.249234
v 0.241577 2.150207 -0.214784
v 0.203227 2.160504 -0.219290
v 0.156054 2.166523 -0.244684
v 0.179542 2.173270 -0.291414
v 0.207925 2.173946 -0.319538
v 0.256438 2.161289 -0.315239
v 0.298039 2.146052 -0.294935
v 0.275748 2.140026 -0.252018
v 0.239070 2.139652 -0.217568
v 0.200720 2.149950 -0.222074
vn -0.2238 -0.9424 -0.2486
vn 0.2238 0.9424 0.2486
vn -0.8669 0.3091 -0.3911
vn -0.6674 0.3341 -0.6655
vn 0.1430 0.2205 -0.9648
vn 0.4703 0.1189 -0.8744
vn 0.8606 -0.3108 0.4034
vn 0.6470 -0.3344 0.6852
vn -0.1703 -0.2133 0.9620
vn -0.4822 -0.1146 0.8686
s 0
usemtl LeafSun
f 3573//3165 3574//3165 3575//3165 3576//3165 3577//3165 3578//3165 3579//3165 3580//3165
f 3588//3166 3587//3166 3586//3166 3585//3166 3584//3166 3583//3166 3582//3166 3581//3166
f 3573//3167 3574//3167 3582//3167 3581//3167
f 3574//3168 3575//3168 3583//3168 3582//3168
f 3575//3169 3576//3169 3584//3169 3583//3169
f 3576//3170 3577//3170 3585//3170 3584//3170
f 3577//3171 3578//3171 3586//3171 3585//3171
f 3578//3172 3579//3172 3587//3172 3586//3172
f 3579//3173 3580//3173 3588//3173 3587//3173
f 3580//3174 3573//3174 3581//3174 3588//3174
o leafy_twig.010
v -0.901537 1.220842 0.267924
v -0.060147 2.176723 -0.041644
v -0.902798 1.214738 0.245031
v -0.060554 2.174754 -0.049029
v -0.890704 1.200000 0.230907
v -0.056653 2.170000 -0.053585
v -0.872340 1.185262 0.233825
v -0.050729 2.165246 -0.052644
v -0.858464 1.179158 0.252076
v -0.046253 2.163277 -0.046756
v -0.857202 1.185262 0.274969
v -0.045846 2.165246 -0.039371
v -0.869296 1.200000 0.289093
v -0.049747 2.170000 -0.034815
v -0.887660 1.214738 0.286175
v -0.055671 2.174754 -0.035756
vn -0.9366 0.0632 0.3446
vn -0.1345 0.9897 0.0495
vn -0.9684 -0.0907 -0.2323
vn -0.1659 0.8378 -0.5202
vn -0.6636 -0.4621 -0.5883
vn 0.1351 0.4710 -0.8717
vn -0.2008 -0.8335 -0.5147
vn 0.5921 0.1042 -0.7991
vn 0.1489 -0.9873 -0.0548
vn 0.9374 -0.0477 -0.3449
vn 0.1807 -0.8335 0.5222
vn 0.9688 0.1042 0.2248
vn -0.1241 -0.4621 0.8781
vn 0.6679 0.4710 0.5763
vn -0.5869 -0.0907 0.8046
vn 0.2108 0.8378 0.5037
vt 1.000000 0.500000
vt 1.000000 1.000000
vt 0.875000 1.000000
vt 0.875000 0.500000
vt 0.750000 1.000000
vt 0.750000 0.500000
vt 0.625000 1.000000
vt 0.625000 0.500000
vt 0.500000 1.000000
vt 0.500000 0.500000
vt 0.375000 1.000000
vt 0.375000 0.500000
vt 0.250000 1.000000
vt 0.250000 0.500000
vt 0.419706 0.419706
vt 0.250000 0.490000
vt 0.080294 0.419706
vt 0.010000 0.250000
vt 0.080294 0.080294
vt 0.250000 0.010000
vt 0.419706 0.080294
vt 0.490000 0.250000
vt 0.125000 1.000000
vt 0.125000 0.500000
vt 0.000000 1.000000
vt 0.000000 0.500000
vt 0.750000 0.490000
vt 0.919706 0.419706
vt 0.990000 0.250000
vt 0.919706 0.080294
vt 0.750000 0.010000
vt 0.580294 0.080294
vt 0.510000 0.250000
vt 0.580294 0.419706
s 1
usemtl WeatheredBark
f 3589/1017/3175 3590/1018/3176 3592/1019/3178 3591/1020/3177
f 3591/1020/3177 3592/1019/3178 3594/1021/3180 3593/1022/3179
f 3593/1022/3179 3594/1021/3180 3596/1023/3182 3595/1024/3181
f 3595/1024/3181 3596/1023/3182 3598/1025/3184 3597/1026/3183
f 3597/1026/3183 3598/1025/3184 3600/1027/3186 3599/1028/3185
f 3599/1028/3185 3600/1027/3186 3602/1029/3188 3601/1030/3187
f 3592/1031/3178 3590/1032/3176 3604/1033/3190 3602/1034/3188 3600/1035/3186 3598/1036/3184 3596/1037/3182 3594/1038/3180
f 3601/1030/3187 3602/1029/3188 3604/1039/3190 3603/1040/3189
f 3603/1040/3189 3604/1039/3190 3590/1041/3176 3589/1042/3175
f 3589/1043/3175 3591/1044/3177 3593/1045/3179 3595/1046/3181 3597/1047/3183 3599/1048/3185 3601/1049/3187 3603/1050/3189
o solid_leaf_crown_lobe.010
v 0.343554 2.119735 -0.087241
v 0.359989 2.079800 -0.197067
v 0.300343 2.064192 -0.284642
v 0.194895 2.115100 -0.311136
v 0.089810 2.094917 -0.299648
v 0.012446 2.058199 -0.230310
v 0.012827 2.104197 -0.119812
v 0.019568 2.108576 -0.023382
v 0.110816 2.059499 0.053466
v 0.212875 2.089624 0.066902
v 0.319218 2.117522 0.003026
v 0.429944 2.252842 -0.084407
v 0.428878 2.219475 -0.253855
v 0.315763 2.209214 -0.363001
v 0.172659 2.241930 -0.390849
v 0.028122 2.229174 -0.352503
v -0.052209 2.205734 -0.242153
v -0.074378 2.235202 -0.088055
v -0.024872 2.237780 0.046037
v 0.112524 2.206166 0.136852
v 0.260924 2.225724 0.138630
v 0.387824 2.250592 0.039270
v 0.405388 2.392535 -0.127382
v 0.376830 2.352600 -0.255897
v 0.263135 2.336992 -0.338550
v 0.149984 2.387900 -0.342294
v 0.032955 2.367717 -0.302125
v -0.006868 2.330999 -0.199988
v -0.045363 2.376997 -0.069542
v 0.032113 2.381376 0.030492
v 0.149633 2.332299 0.099353
v 0.275966 2.362424 0.086180
v 0.361691 2.390321 -0.010135
v 0.179903 2.067758 -0.129996
v 0.172936 2.410825 -0.137113
v 0.277998 2.091544 -0.106114
v 0.281105 2.074308 -0.168261
v 0.351771 2.099768 -0.142154
v 0.404068 2.167914 -0.170812
v 0.398096 2.183495 -0.097960
v 0.441973 2.240012 -0.165347
v 0.393279 2.136797 -0.223125
v 0.426982 2.319895 -0.115388
v 0.430376 2.304946 -0.192804
v 0.402514 2.300982 -0.256182
v 0.391109 2.372568 -0.191639
v 0.286388 2.384475 -0.205204
v 0.304922 2.401711 -0.133312
v 0.248034 2.069072 -0.217285
v 0.330166 2.071996 -0.240854
v 0.373512 2.140582 -0.280600
v 0.315039 2.153675 -0.339290
v 0.372156 2.208096 -0.326148
v 0.360517 2.276982 -0.308013
v 0.319983 2.344796 -0.297224
v 0.300332 2.262290 -0.360712
v 0.226320 2.379239 -0.251838
v 0.189024 2.085837 -0.235624
v 0.247619 2.089646 -0.297889
v 0.242521 2.157101 -0.351322
v 0.257278 2.221322 -0.385488
v 0.186488 2.161550 -0.349765
v 0.223105 2.293501 -0.375892
v 0.159036 2.325735 -0.367927
v 0.206560 2.362446 -0.340422
v 0.157621 2.396004 -0.257636
v 0.128364 2.079190 -0.226679
v 0.142352 2.105009 -0.305392
v 0.124761 2.172342 -0.355928
v 0.048046 2.175173 -0.339120
v 0.084128 2.238468 -0.378422
v 0.097568 2.308742 -0.360141
v 0.091469 2.377809 -0.322209
v 0.025524 2.283787 -0.340097
v 0.094905 2.389357 -0.231552
v 0.086553 2.067098 -0.186447
v 0.051128 2.076558 -0.264979
v 0.007665 2.145714 -0.284070
v -0.014927 2.217148 -0.314474
v -0.014902 2.121649 -0.236632
v -0.017029 2.282114 -0.281921
v -0.034133 2.285834 -0.219662
v 0.013043 2.349358 -0.251056
v 0.063302 2.377265 -0.173208
v 0.079645 2.082246 -0.125236
v 0.012636 2.081198 -0.175061
v -0.034257 2.150318 -0.181027
v -0.048629 2.181665 -0.099923
v -0.073777 2.222327 -0.153928
v -0.059480 2.286718 -0.158000
v -0.026116 2.353998 -0.134765
v -0.071544 2.290280 -0.079945
v 0.051546 2.392413 -0.100292
v 0.091538 2.083688 -0.067557
v 0.016197 2.106387 -0.071597
v -0.024390 2.173892 -0.033529
v -0.064560 2.241202 -0.026831
v -0.000587 2.156975 0.009249
v -0.046220 2.310292 -0.008045
v 0.002538 2.321160 0.040520
v -0.006625 2.379187 -0.019525
v 0.090818 2.393855 -0.039956
v 0.139367 2.067527 -0.025560
v 0.065192 2.084038 0.015042
v 0.036789 2.151720 0.061851
v 0.108897 2.150392 0.112606
v 0.048638 2.216258 0.107916
v 0.053358 2.288120 0.085600
v 0.090873 2.356838 0.064923
v 0.124348 2.259007 0.130832
v 0.158549 2.377694 -0.003495
v 0.200214 2.077567 -0.018843
v 0.161845 2.074562 0.060184
v 0.183072 2.142851 0.113822
v 0.175982 2.209157 0.150954
v 0.235338 2.143685 0.100866
v 0.204905 2.279251 0.133980
v 0.268841 2.307870 0.111888
v 0.212800 2.347362 0.092767
v 0.229944 2.387734 -0.011574
v 0.255877 2.091817 -0.052295
v 0.266046 2.103573 0.034964
v 0.298728 2.171753 0.081800
v 0.367128 2.196760 0.031598
v 0.342290 2.242379 0.090006
v 0.322008 2.308153 0.078585
v 0.318829 2.376373 0.038023
v 0.384131 2.305375 0.026371
v 0.281602 2.401984 -0.063487
v 0.331386 2.118628 -0.042107
v 0.386213 2.186742 -0.038174
v 0.416538 2.254147 -0.014725
v 0.409278 2.322511 -0.047410
v 0.383539 2.391428 -0.068758
v 0.298117 2.086912 -0.138403
v 0.420472 2.197315 -0.148159
v 0.387756 2.137101 -0.182461
v 0.440189 2.288249 -0.161424
v 0.413465 2.322757 -0.216199
v 0.321269 2.389397 -0.175331
v 0.282587 2.069136 -0.205825
v 0.372140 2.118587 -0.249765
v 0.361343 2.163297 -0.316755
v 0.366211 2.304242 -0.287902
v 0.350208 2.250442 -0.334044
v 0.272887 2.371621 -0.247401
v 0.226324 2.080067 -0.245214
v 0.269521 2.174263 -0.364445
v 0.224056 2.140484 -0.336843
v 0.257528 2.261408 -0.381350
v 0.195893 2.326140 -0.365233
v 0.195249 2.382552 -0.277427
v 0.154244 2.089582 -0.250469
v 0.152212 2.150726 -0.341457
v 0.087287 2.193660 -0.364524
v 0.117774 2.336382 -0.353418
v 0.069291 2.280804 -0.365714
v 0.116390 2.392067 -0.265014
v 0.091968 2.071961 -0.222360
v 0.007680 2.175983 -0.313762
v 0.010330 2.115429 -0.262586
v -0.009960 2.263128 -0.314098
v -0.015868 2.301084 -0.252606
v 0.062000 2.374446 -0.215819
v 0.064941 2.074835 -0.160916
v -0.015770 2.118522 -0.200886
v -0.055695 2.181842 -0.149862
v -0.042394 2.304178 -0.174056
v -0.073744 2.268986 -0.134081
v 0.035344 2.377320 -0.136344
v 0.067508 2.090436 -0.089910
v -0.048653 2.197491 -0.048091
v -0.006160 2.149772 -0.028108
v -0.066259 2.284636 -0.031982
v -0.020836 2.335428 0.007244
v 0.049417 2.392921 -0.057143
v 0.101594 2.076594 -0.030429
v 0.028128 2.134873 0.030814
v 0.057961 2.169274 0.096712
v 0.044441 2.320529 0.064766
v 0.069996 2.256418 0.111481
v 0.115636 2.379079 0.000784
v 0.167600 2.070724 0.000118
v 0.159830 2.163387 0.131614
v 0.196003 2.123116 0.096263
v 0.172568 2.250531 0.145903
v 0.230563 2.308772 0.117802
v 0.199187 2.373209 0.019399
v 0.238673 2.089415 -0.016882
v 0.267003 2.142457 0.078534
v 0.336925 2.200962 0.075204
v 0.302730 2.328113 0.081210
v 0.350780 2.288107 0.071451
v 0.272112 2.391899 -0.017769
v 0.283878 2.099315 -0.069602
v 0.396609 2.210498 -0.008900
v 0.373423 2.163789 -0.059319
v 0.410446 2.297643 -0.013479
v 0.408192 2.345655 -0.077087
v 0.316611 2.401800 -0.090924
vn -0.9498 -0.3067 -0.0625
vn -0.9416 -0.2106 0.2628
vn -0.6259 -0.2199 0.7482
vn -0.0198 0.0270 0.9994
vn 0.5663 -0.1540 0.8097
vn 0.8367 -0.3790 0.3953
vn 0.9339 -0.3549 0.0423
vn 0.9022 0.0121 -0.4311
vn 0.3549 -0.3264 -0.8761
vn -0.1188 -0.0688 -0.9905
vn -0.7849 0.0317 -0.6188
vn -0.9701 0.1412 -0.1971
vn -0.9196 0.1121 0.3766
vn -0.4394 0.1140 0.8910
vn 0.0489 0.0724 0.9962
vn 0.5264 0.1036 0.8439
vn 0.9319 0.1281 0.3394
vn 0.9742 0.2032 -0.0986
vn 0.7708 0.0873 -0.6310
vn 0.3184 0.1110 -0.9414
vn -0.3543 0.1044 -0.9293
vn -0.8186 0.0907 -0.5671
vn -0.8503 0.4910 -0.1896
vn -0.8237 0.2998 0.4813
vn -0.3355 0.1543 0.9293
vn 0.2457 0.6085 0.7546
vn 0.4795 0.3203 0.8170
vn 0.9214 0.1469 0.3599
vn 0.8866 0.3506 -0.3018
vn 0.6086 0.5555 -0.5667
vn 0.2776 0.1078 -0.9546
vn -0.5972 0.3623 -0.7156
vn -0.7819 0.5042 -0.3666
vn 0.0309 -0.9994 0.0165
vn -0.0370 0.9991 -0.0193
vn 0.2450 -0.9476 0.2049
vn 0.1377 -0.9717 0.1921
vn -0.8128 -0.5741 0.0991
vn -0.8581 0.4999 -0.1171
vn -0.8222 0.5327 -0.2007
vn -0.9844 0.1748 -0.0208
vn -0.8625 0.4961 0.1002
vn -0.9584 -0.2445 -0.1474
vn -0.9271 -0.2920 0.2351
vn -0.7628 -0.3294 0.5565
vn -0.8243 0.5655 0.0272
vn 0.1130 0.9519 -0.2848
vn 0.0886 0.9881 -0.1259
vn -0.1028 -0.9922 -0.0712
vn -0.7280 -0.4316 0.5326
vn -0.7186 0.5012 0.4821
vn -0.3561 0.4745 0.8050
vn -0.6913 0.0620 0.7199
vn -0.6250 -0.3565 0.6944
vn -0.4961 0.6906 0.5262
vn -0.4543 -0.3172 0.8325
vn 0.2153 0.9450 -0.2462
vn -0.0833 -0.9642 -0.2518
vn -0.3537 -0.4628 0.8128
vn 0.0227 0.5311 0.8470
vn -0.1622 0.1481 0.9756
vn 0.0317 0.5406 0.8407
vn -0.1713 -0.3467 0.9222
vn 0.0678 -0.3440 0.9365
vn 0.1989 0.5524 0.8095
vn 0.0695 0.9889 -0.1313
vn 0.1244 -0.9671 -0.2221
vn 0.1859 -0.5555 0.8105
vn 0.0751 0.4939 0.8663
vn 0.3940 0.4738 0.7876
vn 0.2553 0.0550 0.9653
vn 0.2605 -0.3500 0.8998
vn 0.1461 0.6027 0.7845
vn 0.5811 -0.2950 0.7585
vn -0.2780 0.9602 -0.0265
vn 0.0129 -0.9988 0.0473
vn 0.7138 -0.5020 0.4884
vn 0.6291 0.4871 0.6057
vn 0.7789 0.1375 0.6119
vn 0.8334 0.4437 0.3296
vn 0.8681 -0.3318 0.3693
vn 0.8581 -0.4158 0.3014
vn 0.6241 0.6487 0.4355
vn -0.3536 0.9254 -0.1362
vn -0.1949 -0.9648 0.1764
vn 0.8251 -0.5185 0.2242
vn 0.8584 0.5130 -0.0056
vn 0.8232 0.5493 -0.1439
vn 0.9816 0.1519 0.1157
vn 0.8897 -0.3415 0.3032
vn 0.7770 0.6274 0.0503
vn 0.9792 -0.1980 -0.0440
vn -0.1996 0.9723 -0.1218
vn -0.2606 -0.9651 -0.0273
vn 0.7944 -0.6031 -0.0724
vn 0.8020 0.5351 -0.2655
vn 0.9177 0.2043 -0.3407
vn 0.7945 0.4889 -0.3603
vn 0.8233 -0.2954 -0.4846
vn 0.5937 -0.3520 -0.7236
vn 0.6281 0.5730 -0.5264
vn -0.0039 0.9835 0.1811
vn -0.0449 -0.9978 -0.0492
vn 0.4563 -0.4517 -0.7667
vn 0.6564 0.4759 -0.5854
vn 0.3016 0.4703 -0.8294
vn 0.5594 0.0607 -0.8267
vn 0.4552 -0.3607 -0.8141
vn 0.5662 0.6013 -0.5638
vn 0.2754 -0.3202 -0.9064
vn -0.0102 0.9508 0.3095
vn 0.2425 -0.9682 0.0619
vn 0.1770 -0.4246 -0.8879
vn -0.1132 0.5369 -0.8360
vn -0.0038 0.1490 -0.9888
vn -0.3373 0.5497 -0.7642
vn -0.0362 -0.3658 -0.9300
vn -0.3256 -0.3511 -0.8779
vn -0.2237 0.6194 -0.7525
vn -0.0878 0.9621 0.2581
vn 0.2791 -0.9572 0.0773
vn -0.3238 -0.5078 -0.7983
vn -0.5238 0.5327 -0.6648
vn -0.7392 0.4880 -0.4641
vn -0.6225 0.0591 -0.7804
vn -0.5333 -0.3565 -0.7671
vn -0.6604 0.5934 -0.4602
vn -0.7571 -0.3291 -0.5644
vn 0.0186 0.9910 0.1324
vn -0.7883 -0.5854 -0.1895
vn -0.8178 0.5346 -0.2130
vn -0.9429 0.1200 -0.3107
vn -0.9099 -0.3077 -0.2782
vn -0.7590 0.6006 -0.2514
vn 0.2170 -0.9238 0.3154
vn -0.8615 0.4908 -0.1300
vn -0.8625 0.4665 -0.1961
vn -0.9864 -0.1641 0.0066
vn -0.8340 -0.4128 0.3662
vn 0.1186 0.9501 -0.2886
vn 0.0818 -0.9929 0.0862
vn -0.7374 0.5893 0.3300
vn -0.6202 0.4111 0.6681
vn -0.5923 -0.3448 0.7282
vn -0.5966 -0.3043 0.7426
vn 0.1377 0.9360 -0.3238
vn -0.2793 -0.9259 -0.2542
vn -0.1219 0.4566 0.8813
vn 0.0915 0.5973 0.7967
vn -0.2621 -0.2607 0.9292
vn -0.1468 -0.4092 0.9005
vn 0.3251 0.9262 -0.1910
vn 0.1080 -0.9562 -0.2722
vn -0.0105 0.5726 0.8198
vn 0.2167 0.4138 0.8842
vn 0.2850 -0.3614 0.8878
vn 0.3303 -0.2914 0.8978
vn -0.1754 0.9787 -0.1064
vn 0.1641 -0.9618 -0.2192
vn 0.6134 0.4688 0.6356
vn 0.5938 0.4403 0.6734
vn 0.7884 -0.2185 0.5750
vn 0.8691 -0.4468 0.2121
vn -0.4417 0.8959 0.0477
vn -0.1655 -0.9399 0.2986
vn 0.8753 0.4789 -0.0678
vn 0.8611 0.5083 -0.0100
vn 0.7866 -0.4853 0.3818
vn 0.9739 -0.1800 0.1386
vn -0.3029 0.8985 -0.3178
vn -0.2552 -0.9645 0.0677
vn 0.8129 0.5210 -0.2605
vn 0.8433 0.5087 -0.1733
vn 0.9396 -0.1450 -0.3099
vn 0.7011 -0.4249 -0.5727
vn -0.1376 0.9884 0.0646
vn -0.3035 -0.9445 -0.1255
vn 0.7039 0.5538 -0.4448
vn 0.5387 0.3979 -0.7426
vn 0.4203 -0.3650 -0.8307
vn 0.4290 -0.3075 -0.8494
vn 0.1177 0.9374 0.3277
vn 0.2157 -0.9751 0.0515
vn 0.0250 0.4655 -0.8847
vn -0.1422 0.5886 -0.7958
vn 0.0785 -0.2675 -0.9604
vn -0.0661 -0.4346 -0.8982
vn -0.1421 0.9352 0.3245
vn 0.2934 -0.9529 0.0772
vn -0.4846 0.5925 -0.6436
vn -0.6202 0.4538 -0.6399
vn -0.5715 -0.3487 -0.7428
vn -0.6078 -0.3084 -0.7317
vn -0.0304 0.9695 0.2431
vn 0.3066 -0.9472 0.0944
vn -0.8359 0.4625 -0.2955
vn -0.7843 0.5907 -0.1898
vn -0.9039 -0.2576 -0.3414
vn -0.9002 -0.3321 -0.2816
vn 0.0934 0.9948 0.0400
s 1
usemtl LeafDeep
f 3638//3224 3641//3227 3739//3325 3640//3226
f 3606//3192 3642//3228 3739//3325 3641//3227
f 3605//3191 3640//3226 3739//3325 3642//3228
f 3605//3191 3644//3230 3740//3326 3643//3229
f 3616//3202 3645//3231 3740//3326 3644//3230
f 3617//3203 3643//3229 3740//3326 3645//3231
f 3605//3191 3643//3229 3741//3327 3642//3228
f 3617//3203 3646//3232 3741//3327 3643//3229
f 3606//3192 3642//3228 3741//3327 3646//3232
f 3616//3202 3647//3233 3742//3328 3645//3231
f 3627//3213 3648//3234 3742//3328 3647//3233
f 3617//3203 3645//3231 3742//3328 3648//3234
f 3617//3203 3648//3234 3743//3329 3649//3235
f 3627//3213 3650//3236 3743//3329 3648//3234
f 3628//3214 3649//3235 3743//3329 3650//3236
f 3639//3225 3652//3238 3744//3330 3651//3237
f 3627//3213 3650//3236 3744//3330 3652//3238
f 3628//3214 3651//3237 3744//3330 3650//3236
f 3638//3224 3653//3239 3745//3331 3641//3227
f 3607//3193 3654//3240 3745//3331 3653//3239
f 3606//3192 3641//3227 3745//3331 3654//3240
f 3606//3192 3646//3232 3746//3332 3654//3240
f 3617//3203 3655//3241 3746//3332 3646//3232
f 3607//3193 3654//3240 3746//3332 3655//3241
f 3607//3193 3655//3241 3747//3333 3656//3242
f 3617//3203 3657//3243 3747//3333 3655//3241
f 3618//3204 3656//3242 3747//3333 3657//3243
f 3617//3203 3649//3235 3748//3334 3658//3244
f 3628//3214 3659//3245 3748//3334 3649//3235
f 3629//3215 3658//3244 3748//3334 3659//3245
f 3617//3203 3658//3244 3749//3335 3657//3243
f 3629//3215 3660//3246 3749//3335 3658//3244
f 3618//3204 3657//3243 3749//3335 3660//3246
f 3639//3225 3651//3237 3750//3336 3661//3247
f 3628//3214 3659//3245 3750//3336 3651//3237
f 3629//3215 3661//3247 3750//3336 3659//3245
f 3638//3224 3662//3248 3751//3337 3653//3239
f 3608//3194 3663//3249 3751//3337 3662//3248
f 3607//3193 3653//3239 3751//3337 3663//3249
f 3607//3193 3656//3242 3752//3338 3664//3250
f 3618//3204 3665//3251 3752//3338 3656//3242
f 3619//3205 3664//3250 3752//3338 3665//3251
f 3607//3193 3664//3250 3753//3339 3663//3249
f 3619//3205 3666//3252 3753//3339 3664//3250
f 3608//3194 3663//3249 3753//3339 3666//3252
f 3618//3204 3660//3246 3754//3340 3665//3251
f 3629//3215 3667//3253 3754//3340 3660//3246
f 3619//3205 3665//3251 3754//3340 3667//3253
f 3619//3205 3667//3253 3755//3341 3668//3254
f 3629//3215 3669//3255 3755//3341 3667//3253
f 3630//3216 3668//3254 3755//3341 3669//3255
f 3639//3225 3661//3247 3756//3342 3670//3256
f 3629//3215 3669//3255 3756//3342 3661//3247
f 3630//3216 3670//3256 3756//3342 3669//3255
f 3638//3224 3671//3257 3757//3343 3662//3248
f 3609//3195 3672//3258 3757//3343 3671//3257
f 3608//3194 3662//3248 3757//3343 3672//3258
f 3608//3194 3666//3252 3758//3344 3672//3258
f 3619//3205 3673//3259 3758//3344 3666//3252
f 3609//3195 3672//3258 3758//3344 3673//3259
f 3609//3195 3673//3259 3759//3345 3674//3260
f 3619//3205 3675//3261 3759//3345 3673//3259
f 3620//3206 3674//3260 3759//3345 3675//3261
f 3619//3205 3668//3254 3760//3346 3676//3262
f 3630//3216 3677//3263 3760//3346 3668//3254
f 3631//3217 3676//3262 3760//3346 3677//3263
f 3619//3205 3676//3262 3761//3347 3675//3261
f 3631//3217 3678//3264 3761//3347 3676//3262
f 3620//3206 3675//3261 3761//3347 3678//3264
f 3639//3225 3670//3256 3762//3348 3679//3265
f 3630//3216 3677//3263 3762//3348 3670//3256
f 3631//3217 3679//3265 3762//3348 3677//3263
f 3638//3224 3680//3266 3763//3349 3671//3257
f 3610//3196 3681//3267 3763//3349 3680//3266
f 3609//3195 3671//3257 3763//3349 3681//3267
f 3609//3195 3674//3260 3764//3350 3682//3268
f 3620//3206 3683//3269 3764//3350 3674//3260
f 3621//3207 3682//3268 3764//3350 3683//3269
f 3609//3195 3682//3268 3765//3351 3681//3267
f 3621//3207 3684//3270 3765//3351 3682//3268
f 3610//3196 3681//3267 3765//3351 3684//3270
f 3620//3206 3678//3264 3766//3352 3683//3269
f 3631//3217 3685//3271 3766//3352 3678//3264
f 3621//3207 3683//3269 3766//3352 3685//3271
f 3621//3207 3685//3271 3767//3353 3686//3272
f 3631//3217 3687//3273 3767//3353 3685//3271
f 3632//3218 3686//3272 3767//3353 3687//3273
f 3639//3225 3679//3265 3768//3354 3688//3274
f 3631//3217 3687//3273 3768//3354 3679//3265
f 3632//3218 3688//3274 3768//3354 3687//3273
f 3638//3224 3689//3275 3769//3355 3680//3266
f 3611//3197 3690//3276 3769//3355 3689//3275
f 3610//3196 3680//3266 3769//3355 3690//3276
f 3610//3196 3684//3270 3770//3356 3690//3276
f 3621//3207 3691//3277 3770//3356 3684//3270
f 3611//3197 3690//3276 3770//3356 3691//3277
f 3611//3197 3691//3277 3771//3357 3692//3278
f 3621//3207 3693//3279 3771//3357 3691//3277
f 3622//3208 3692//3278 3771//3357 3693//3279
f 3621//3207 3686//3272 3772//3358 3694//3280
f 3632//3218 3695//3281 3772//3358 3686//3272
f 3633//3219 3694//3280 3772//3358 3695//3281
f 3621//3207 3694//3280 3773//3359 3693//3279
f 3633//3219 3696//3282 3773//3359 3694//3280
f 3622//3208 3693//3279 3773//3359 3696//3282
f 3639//3225 3688//3274 3774//3360 3697//3283
f 3632//3218 3695//3281 3774//3360 3688//3274
f 3633//3219 3697//3283 3774//3360 3695//3281
f 3638//3224 3698//3284 3775//3361 3689//3275
f 3612//3198 3699//3285 3775//3361 3698//3284
f 3611//3197 3689//3275 3775//3361 3699//3285
f 3611//3197 3692//3278 3776//3362 3700//3286
f 3622//3208 3701//3287 3776//3362 3692//3278
f 3623//3209 3700//3286 3776//3362 3701//3287
f 3611//3197 3700//3286 3777//3363 3699//3285
f 3623//3209 3702//3288 3777//3363 3700//3286
f 3612//3198 3699//3285 3777//3363 3702//3288
f 3622//3208 3696//3282 3778//3364 3701//3287
f 3633//3219 3703//3289 3778//3364 3696//3282
f 3623//3209 3701//3287 3778//3364 3703//3289
f 3623//3209 3703//3289 3779//3365 3704//3290
f 3633//3219 3705//3291 3779//3365 3703//3289
f 3634//3220 3704//3290 3779//3365 3705//3291
f 3639//3225 3697//3283 3780//3366 3706//3292
f 3633//3219 3705//3291 3780//3366 3697//3283
f 3634//3220 3706//3292 3780//3366 3705//3291
f 3638//3224 3707//3293 3781//3367 3698//3284
f 3613//3199 3708//3294 3781//3367 3707//3293
f 3612//3198 3698//3284 3781//3367 3708//3294
f 3612//3198 3702//3288 3782//3368 3708//3294
f 3623//3209 3709//3295 3782//3368 3702//3288
f 3613//3199 3708//3294 3782//3368 3709//3295
f 3613//3199 3709//3295 3783//3369 3710//3296
f 3623//3209 3711//3297 3783//3369 3709//3295
f 3624//3210 3710//3296 3783//3369 3711//3297
f 3623//3209 3704//3290 3784//3370 3712//3298
f 3634//3220 3713//3299 3784//3370 3704//3290
f 3635//3221 3712//3298 3784//3370 3713//3299
f 3623//3209 3712//3298 3785//3371 3711//3297
f 3635//3221 3714//3300 3785//3371 3712//3298
f 3624//3210 3711//3297 3785//3371 3714//3300
f 3639//3225 3706//3292 3786//3372 3715//3301
f 3634//3220 3713//3299 3786//3372 3706//3292
f 3635//3221 3715//3301 3786//3372 3713//3299
f 3638//3224 3716//3302 3787//3373 3707//3293
f 3614//3200 3717//3303 3787//3373 3716//3302
f 3613//3199 3707//3293 3787//3373 3717//3303
f 3613//3199 3710//3296 3788//3374 3718//3304
f 3624//3210 3719//3305 3788//3374 3710//3296
f 3625//3211 3718//3304 3788//3374 3719//3305
f 3613//3199 3718//3304 3789//3375 3717//3303
f 3625//3211 3720//3306 3789//3375 3718//3304
f 3614//3200 3717//3303 3789//3375 3720//3306
f 3624//3210 3714//3300 3790//3376 3719//3305
f 3635//3221 3721//3307 3790//3376 3714//3300
f 3625//3211 3719//3305 3790//3376 3721//3307
f 3625//3211 3721//3307 3791//3377 3722//3308
f 3635//3221 3723//3309 3791//3377 3721//3307
f 3636//3222 3722//3308 3791//3377 3723//3309
f 3639//3225 3715//3301 3792//3378 3724//3310
f 3635//3221 3723//3309 3792//3378 3715//3301
f 3636//3222 3724//3310 3792//3378 3723//3309
f 3638//3224 3725//3311 3793//3379 3716//3302
f 3615//3201 3726//3312 3793//3379 3725//3311
f 3614//3200 3716//3302 3793//3379 3726//3312
f 3614//3200 3720//3306 3794//3380 3726//3312
f 3625//3211 3727//3313 3794//3380 3720//3306
f 3615//3201 3726//3312 3794//3380 3727//3313
f 3615//3201 3727//3313 3795//3381 3728//3314
f 3625//3211 3729//3315 3795//3381 3727//3313
f 3626//3212 3728//3314 3795//3381 3729//3315
f 3625//3211 3722//3308 3796//3382 3730//3316
f 3636//3222 3731//3317 3796//3382 3722//3308
f 3637//3223 3730//3316 3796//3382 3731//3317
f 3625//3211 3730//3316 3797//3383 3729//3315
f 3637//3223 3732//3318 3797//3383 3730//3316
f 3626//3212 3729//3315 3797//3383 3732//3318
f 3639//3225 3724//3310 3798//3384 3733//3319
f 3636//3222 3731//3317 3798//3384 3724//3310
f 3637//3223 3733//3319 3798//3384 3731//3317
f 3638//3224 3640//3226 3799//3385 3725//3311
f 3605//3191 3734//3320 3799//3385 3640//3226
f 3615//3201 3725//3311 3799//3385 3734//3320
f 3615//3201 3728//3314 3800//3386 3735//3321
f 3626//3212 3736//3322 3800//3386 3728//3314
f 3616//3202 3735//3321 3800//3386 3736//3322
f 3615//3201 3735//3321 3801//3387 3734//3320
f 3616//3202 3644//3230 3801//3387 3735//3321
f 3605//3191 3734//3320 3801//3387 3644//3230
f 3626//3212 3732//3318 3802//3388 3736//3322
f 3637//3223 3737//3323 3802//3388 3732//3318
f 3616//3202 3736//3322 3802//3388 3737//3323
f 3616//3202 3737//3323 3803//3389 3647//3233
f 3637//3223 3738//3324 3803//3389 3737//3323
f 3627//3213 3647//3233 3803//3389 3738//3324
f 3639//3225 3733//3319 3804//3390 3652//3238
f 3637//3223 3738//3324 3804//3390 3733//3319
f 3627//3213 3652//3238 3804//3390 3738//3324
o crown_contour_leaf.069
v 0.130665 2.262308 -0.191576
v 0.092239 2.245218 -0.196097
v 0.063491 2.235252 -0.209816
v 0.047035 2.237964 -0.248514
v 0.043293 2.246555 -0.286539
v 0.078869 2.262234 -0.281830
v 0.114836 2.274397 -0.263550
v 0.127153 2.271836 -0.232637
v 0.134845 2.253543 -0.193967
v 0.096418 2.236453 -0.198489
v 0.067670 2.226488 -0.212207
v 0.051214 2.229200 -0.250906
v 0.047472 2.237790 -0.288930
v 0.083048 2.253469 -0.284221
v 0.119015 2.265633 -0.265942
v 0.131333 2.263072 -0.235028
vn 0.4179 -0.8764 -0.2391
vn -0.4179 0.8764 0.2391
vn 0.0029 -0.2619 0.9651
vn -0.2889 -0.3778 0.8797
vn -0.8203 -0.4772 0.3154
vn -0.9034 -0.4286 -0.0079
vn 0.0096 0.2675 -0.9635
vn 0.3112 0.3854 -0.8687
vn 0.8301 0.4754 -0.2914
vn 0.9047 0.4256 0.0214
s 0
usemtl LeafDeep
f 3805//3391 3806//3391 3807//3391 3808//3391 3809//3391 3810//3391 3811//3391 3812//3391
f 3820//3392 3819//3392 3818//3392 3817//3392 3816//3392 3815//3392 3814//3392 3813//3392
f 3805//3393 3806//3393 3814//3393 3813//3393
f 3806//3394 3807//3394 3815//3394 3814//3394
f 3807//3395 3808//3395 3816//3395 3815//3395
f 3808//3396 3809//3396 3817//3396 3816//3396
f 3809//3397 3810//3397 3818//3397 3817//3397
f 3810//3398 3811//3398 3819//3398 3818//3398
f 3811//3399 3812//3399 3820//3399 3819//3399
f 3812//3400 3805//3400 3813//3400 3820//3400
o crown_contour_leaf.070
v 0.171282 2.343506 0.079085
v 0.182030 2.348795 0.127017
v 0.178590 2.348786 0.165875
v 0.142357 2.336943 0.197068
v 0.101656 2.323035 0.212641
v 0.092285 2.318338 0.168113
v 0.097829 2.318778 0.119172
v 0.127113 2.328390 0.095259
v 0.174614 2.334082 0.079378
v 0.185363 2.339371 0.127310
v 0.181922 2.339362 0.166168
v 0.145690 2.327519 0.197361
v 0.104988 2.313611 0.212933
v 0.095618 2.308914 0.168405
v 0.101161 2.309354 0.119465
v 0.130445 2.318966 0.095552
vn 0.3332 -0.9424 0.0293
vn -0.3332 0.9424 -0.0293
vn 0.9174 0.3169 -0.2407
vn 0.9387 0.3345 0.0832
vn 0.5898 0.2326 0.7734
vn 0.3119 0.1395 0.9398
vn -0.9203 -0.3184 0.2272
vn -0.9361 -0.3344 -0.1090
vn -0.5705 -0.2262 -0.7895
vn -0.2996 -0.1353 -0.9444
s 0
usemtl LeafDeep
f 3821//3401 3822//3401 3823//3401 3824//3401 3825//3401 3826//3401 3827//3401 3828//3401
f 3836//3402 3835//3402 3834//3402 3833//3402 3832//3402 3831//3402 3830//3402 3829//3402
f 3821//3403 3822//3403 3830//3403 3829//3403
f 3822//3404 3823//3404 3831//3404 3830//3404
f 3823//3405 3824//3405 3832//3405 3831//3405
f 3824//3406 3825//3406 3833//3406 3832//3406
f 3825//3407 3826//3407 3834//3407 3833//3407
f 3826//3408 3827//3408 3835//3408 3834//3408
f 3827//3409 3828//3409 3836//3409 3835//3409
f 3828//3410 3821//3410 3829//3410 3836//3410
o crown_contour_leaf.071
v 0.287384 2.246916 -0.225950
v 0.321120 2.258302 -0.269839
v 0.355638 2.256925 -0.298118
v 0.403090 2.226606 -0.300713
v 0.440119 2.191734 -0.288424
v 0.408416 2.181693 -0.248022
v 0.364228 2.184484 -0.213132
v 0.326961 2.209042 -0.212048
v 0.282088 2.239148 -0.232036
v 0.315824 2.250534 -0.275925
v 0.350342 2.249156 -0.304204
v 0.397794 2.218838 -0.306799
v 0.434822 2.183965 -0.294511
v 0.403120 2.173925 -0.254108
v 0.358932 2.176716 -0.219219
v 0.321665 2.201274 -0.218135
vn -0.4729 -0.6936 -0.5434
vn 0.4729 0.6936 0.5434
vn -0.6481 0.6916 -0.3188
vn -0.4226 0.7197 -0.5509
vn 0.2603 0.4792 -0.8382
vn 0.5250 0.2735 -0.8059
vn 0.6398 -0.6943 0.3295
vn 0.4024 -0.7187 0.5671
vn -0.2821 -0.4651 0.8391
vn -0.5348 -0.2642 0.8026
s 0
usemtl LeafDeep
f 3837//3411 3838//3411 3839//3411 3840//3411 3841//3411 3842//3411 3843//3411 3844//3411
f 3852//3412 3851//3412 3850//3412 3849//3412 3848//3412 3847//3412 3846//3412 3845//3412
f 3837//3413 3838//3413 3846//3413 3845//3413
f 3838//3414 3839//3414 3847//3414 3846//3414
f 3839//3415 3840//3415 3848//3415 3847//3415
f 3840//3416 3841//3416 3849//3416 3848//3416
f 3841//3417 3842//3417 3850//3417 3849//3417
f 3842//3418 3843//3418 3851//3418 3850//3418
f 3843//3419 3844//3419 3852//3419 3851//3419
f 3844//3420 3837//3420 3845//3420 3852//3420
o crown_contour_leaf.072
v 0.196451 2.335358 -0.145855
v 0.156916 2.318911 -0.111287
v 0.115523 2.304754 -0.091581
v 0.056565 2.291120 -0.098669
v 0.009748 2.282782 -0.117683
v 0.046947 2.298103 -0.149374
v 0.100011 2.316016 -0.173365
v 0.146368 2.326569 -0.166900
v 0.198870 2.325819 -0.147627
v 0.159335 2.309371 -0.113059
v 0.117942 2.295214 -0.093354
v 0.058984 2.281581 -0.100441
v 0.012167 2.273242 -0.119455
v 0.049366 2.288563 -0.151147
v 0.102430 2.306476 -0.175137
v 0.148787 2.317029 -0.168672
vn 0.2419 -0.9540 -0.1772
vn -0.2419 0.9540 0.1772
vn 0.6522 0.0246 0.7576
vn 0.4441 -0.0536 0.8944
vn -0.0713 -0.1997 0.9773
vn -0.3253 -0.2518 0.9115
vn -0.6433 -0.0209 -0.7653
vn -0.4277 0.0591 -0.9020
vn 0.0896 0.2038 -0.9749
vn 0.3365 0.2538 -0.9068
s 0
usemtl LeafDeep
f 3853//3421 3854//3421 3855//3421 3856//3421 3857//3421 3858//3421 3859//3421 3860//3421
f 3868//3422 3867//3422 3866//3422 3865//3422 3864//3422 3863//3422 3862//3422 3861//3422
f 3853//3423 3854//3423 3862//3423 3861//3423
f 3854//3424 3855//3424 3863//3424 3862//3424
f 3855//3425 3856//3425 3864//3425 3863//3425
f 3856//3426 3857//3426 3865//3426 3864//3426
f 3857//3427 3858//3427 3866//3427 3865//3427
f 3858//3428 3859//3428 3867//3428 3866//3428
f 3859//3429 3860//3429 3868//3429 3867//3429
f 3860//3430 3853//3430 3861//3430 3868//3430
o crown_contour_leaf.073
v 0.330668 2.195818 0.022209
v 0.368448 2.176509 0.005370
v 0.400900 2.165500 0.003171
v 0.431975 2.169452 0.032944
v 0.450883 2.180065 0.069115
v 0.415694 2.197767 0.084179
v 0.374640 2.211169 0.085808
v 0.350591 2.207564 0.061563
v 0.327965 2.187053 0.026194
v 0.365744 2.167745 0.009355
v 0.398196 2.156736 0.007156
v 0.429272 2.160687 0.036929
v 0.448180 2.171300 0.073100
v 0.412991 2.189002 0.088163
v 0.371937 2.202405 0.089792
v 0.347888 2.198800 0.065548
vn -0.2703 -0.8764 0.3985
vn 0.2703 0.8764 -0.3985
vn -0.4919 -0.2301 -0.8397
vn -0.1839 -0.3593 -0.9149
vn 0.6402 -0.4727 -0.6055
vn 0.8520 -0.4105 -0.3249
vn 0.4803 0.2359 0.8448
vn 0.1566 0.3683 0.9164
vn -0.6606 0.4699 0.5854
vn -0.8582 0.4070 0.3130
s 0
usemtl LeafDeep
f 3869//3431 3870//3431 3871//3431 3872//3431 3873//3431 3874//3431 3875//3431 3876//3431
f 3884//3432 3883//3432 3882//3432 3881//3432 3880//3432 3879//3432 3878//3432 3877//3432
f 3869//3433 3870//3433 3878//3433 3877//3433
f 3870//3434 3871//3434 3879//3434 3878//3434
f 3871//3435 3872//3435 3880//3435 3879//3435
f 3872//3436 3873//3436 3881//3436 3880//3436
f 3873//3437 3874//3437 3882//3437 3881//3437
f 3874//3438 3875//3438 3883//3438 3882//3438
f 3875//3439 3876//3439 3884//3439 3883//3439
f 3876//3440 3869//3440 3877//3440 3884//3440
o crown_contour_leaf.074
v 0.177836 2.280328 -0.219285
v 0.139161 2.287075 -0.254493
v 0.119724 2.287751 -0.289404
v 0.136934 2.275094 -0.334965
v 0.167695 2.259857 -0.369558
v 0.203020 2.253831 -0.336528
v 0.226314 2.253457 -0.291925
v 0.211643 2.263755 -0.256208
v 0.174479 2.269773 -0.217621
v 0.135805 2.276520 -0.252829
v 0.116367 2.277197 -0.287740
v 0.133577 2.264539 -0.333301
v 0.164339 2.249302 -0.367894
v 0.199663 2.243277 -0.334864
v 0.222958 2.242902 -0.290261
v 0.208286 2.253200 -0.254543
vn -0.2997 -0.9424 0.1486
vn 0.2997 0.9424 -0.1486
vn -0.6102 0.3091 0.7295
vn -0.8207 0.3341 0.4634
vn -0.8906 0.2205 -0.3977
vn -0.7154 0.1189 -0.6885
vn 0.6203 -0.3108 -0.7201
vn 0.8342 -0.3344 -0.4385
vn 0.8806 -0.2133 0.4232
vn 0.7065 -0.1146 0.6983
s 0
usemtl LeafDeep
f 3885//3441 3886//3441 3887//3441 3888//3441 3889//3441 3890//3441 3891//3441 3892//3441
f 3900//3442 3899//3442 3898//3442 3897//3442 3896//3442 3895//3442 3894//3442 3893//3442
f 3885//3443 3886//3443 3894//3443 3893//3443
f 3886//3444 3887//3444 3895//3444 3894//3444
f 3887//3445 3888//3445 3896//3445 3895//3445
f 3888//3446 3889//3446 3897//3446 3896//3446
f 3889//3447 3890//3447 3898//3447 3897//3447
f 3890//3448 3891//3448 3899//3448 3898//3448
f 3891//3449 3892//3449 3900//3449 3899//3449
f 3892//3450 3885//3450 3893//3450 3900//3450
o crown_contour_leaf.075
v 0.030363 2.371919 0.055052
v -0.000770 2.377147 0.094587
v -0.033326 2.372873 0.122415
v -0.079612 2.345995 0.133130
v -0.116333 2.316736 0.130624
v -0.087042 2.312310 0.094111
v -0.045310 2.318542 0.059482
v -0.008919 2.340203 0.051792
v 0.035548 2.364983 0.060052
v 0.004415 2.370211 0.099587
v -0.028141 2.365937 0.127416
v -0.074427 2.339059 0.138130
v -0.111148 2.309801 0.135625
v -0.081856 2.305374 0.099112
v -0.040124 2.311606 0.064483
v -0.003733 2.333267 0.056793
vn 0.5185 -0.6936 0.5001
vn -0.5185 0.6936 -0.5001
vn 0.5937 0.7129 0.3732
vn 0.3988 0.7135 0.5761
vn -0.1101 0.5258 0.8435
vn -0.3481 0.3629 0.8644
vn -0.5857 -0.7142 -0.3833
vn -0.3829 -0.7113 -0.5895
vn 0.1277 -0.5154 -0.8474
vn 0.3582 -0.3548 -0.8636
s 0
usemtl LeafDeep
f 3901//3451 3902//3451 3903//3451 3904//3451 3905//3451 3906//3451 3907//3451 3908//3451
f 3916//3452 3915//3452 3914//3452 3913//3452 3912//3452 3911//3452 3910//3452 3909//3452
f 3901//3453 3902//3453 3910//3453 3909//3453
f 3902//3454 3903//3454 3911//3454 3910//3454
f 3903//3455 3904//3455 3912//3455 3911//3455
f 3904//3456 3905//3456 3913//3456 3912//3456
f 3905//3457 3906//3457 3914//3457 3913//3457
f 3906//3458 3907//3458 3915//3458 3914//3458
f 3907//3459 3908//3459 3916//3459 3915//3459
f 3908//3460 3901//3460 3909//3460 3916//3460
