# Blender 4.5.10 LTS
# www.blender.org
mtllib TowerSiege3.mtl
o limestone_socket_lower_course
v 0.000000 0.000000 -0.949258
v -0.024778 0.020583 -0.949942
v 0.024778 0.020583 -0.949942
v -0.015709 0.006029 -0.957614
v 0.000000 0.009134 -0.960125
v -0.000000 0.022674 -0.952446
v 0.015709 0.006029 -0.957614
v 0.000000 0.260000 -0.732058
v 0.024778 0.239417 -0.767131
v -0.024778 0.239417 -0.767131
v 0.013191 0.253971 -0.751530
v 0.000000 0.251735 -0.757892
v 0.000000 0.241509 -0.769635
v -0.013191 0.253971 -0.751530
v 0.671227 0.000000 -0.671227
v 0.654190 0.020583 -0.689231
v 0.689231 0.020583 -0.654190
v 0.666028 0.006029 -0.688243
v 0.678911 0.009134 -0.678911
v 0.673481 0.022674 -0.673481
v 0.688243 0.006029 -0.666028
v 0.517643 0.260000 -0.517643
v 0.559964 0.239417 -0.524923
v 0.524923 0.239417 -0.559964
v 0.540739 0.253971 -0.522085
v 0.535911 0.251735 -0.535911
v 0.544214 0.241509 -0.544214
v 0.522085 0.253971 -0.540739
v 0.949258 0.000000 0.000000
v 0.949942 0.020583 -0.024778
v 0.949942 0.020583 0.024778
v 0.957614 0.006029 -0.015709
v 0.960125 0.009134 0.000000
v 0.952446 0.022674 -0.000000
v 0.957614 0.006029 0.015709
v 0.732058 0.260000 0.000000
v 0.767131 0.239417 0.024778
v 0.767131 0.239417 -0.024778
v 0.751530 0.253971 0.013191
v 0.757892 0.251735 0.000000
v 0.769635 0.241509 0.000000
v 0.751530 0.253971 -0.013191
v 0.671227 0.000000 0.671227
v 0.689231 0.020583 0.654190
v 0.654190 0.020583 0.689231
v 0.688243 0.006029 0.666028
v 0.678911 0.009134 0.678911
v 0.673481 0.022674 0.673481
v 0.666028 0.006029 0.688243
v 0.517643 0.260000 0.517643
v 0.524923 0.239417 0.559964
v 0.559964 0.239417 0.524923
v 0.522085 0.253971 0.540739
v 0.535911 0.251735 0.535911
v 0.544214 0.241509 0.544214
v 0.540739 0.253971 0.522085
v 0.000000 0.000000 0.949258
v 0.024778 0.020583 0.949942
v -0.024778 0.020583 0.949942
v 0.015709 0.006029 0.957614
v -0.000000 0.009134 0.960125
v 0.000000 0.022674 0.952446
v -0.015709 0.006029 0.957614
v 0.000000 0.260000 0.732058
v -0.024778 0.239417 0.767131
v 0.024778 0.239417 0.767131
v -0.013191 0.253971 0.751530
v -0.000000 0.251735 0.757892
v -0.000000 0.241509 0.769635
v 0.013191 0.253971 0.751530
v -0.671227 0.000000 0.671227
v -0.654190 0.020583 0.689231
v -0.689231 0.020583 0.654190
v -0.666028 0.006029 0.688243
v -0.678911 0.009134 0.678911
v -0.673481 0.022674 0.673481
v -0.688243 0.006029 0.666028
v -0.517643 0.260000 0.517643
v -0.559964 0.239417 0.524923
v -0.524923 0.239417 0.559964
v -0.540739 0.253971 0.522085
v -0.535911 0.251735 0.535911
v -0.544214 0.241509 0.544214
v -0.522085 0.253971 0.540739
v -0.949258 0.000000 0.000000
v -0.949942 0.020583 0.024778
v -0.949942 0.020583 -0.024778
v -0.957614 0.006029 0.015709
v -0.960125 0.009134 -0.000000
v -0.952446 0.022674 0.000000
v -0.957614 0.006029 -0.015709
v -0.732058 0.260000 0.000000
v -0.767131 0.239417 -0.024778
v -0.767131 0.239417 0.024778
v -0.751530 0.253971 -0.013191
v -0.757892 0.251735 -0.000000
v -0.769635 0.241509 -0.000000
v -0.751530 0.253971 0.013191
v -0.671227 0.000000 -0.671227
v -0.689231 0.020583 -0.654190
v -0.654190 0.020583 -0.689231
v -0.688243 0.006029 -0.666028
v -0.678911 0.009134 -0.678911
v -0.673481 0.022674 -0.673481
v -0.666028 0.006029 -0.688243
v -0.517643 0.260000 -0.517643
v -0.524923 0.239417 -0.559964
v -0.559964 0.239417 -0.524923
v -0.522085 0.253971 -0.540739
v -0.535911 0.251735 -0.535911
v -0.544214 0.241509 -0.544214
v -0.540739 0.253971 -0.522085
vn -0.0000 -0.7655 -0.6434
vn -0.1652 0.4313 -0.8870
vn 0.1652 0.4313 -0.8870
vn -0.0000 0.9525 -0.3047
vn 0.1443 0.7629 -0.6302
vn -0.1443 0.7629 -0.6302
vn 0.4550 -0.7655 -0.4550
vn 0.5104 0.4313 -0.7440
vn 0.7440 0.4313 -0.5104
vn 0.2155 0.9525 -0.2155
vn 0.5477 0.7629 -0.3436
vn 0.3436 0.7629 -0.5477
vn 0.6434 -0.7655 -0.0000
vn 0.8870 0.4313 -0.1652
vn 0.8870 0.4313 0.1652
vn 0.3047 0.9525 -0.0000
vn 0.6302 0.7629 0.1443
vn 0.6302 0.7629 -0.1443
vn 0.4550 -0.7655 0.4550
vn 0.7440 0.4313 0.5104
vn 0.5104 0.4313 0.7440
vn 0.2155 0.9525 0.2155
vn 0.3436 0.7629 0.5477
vn 0.5477 0.7629 0.3436
vn -0.0000 -0.7655 0.6434
vn 0.1652 0.4313 0.8870
vn -0.1652 0.4313 0.8870
vn -0.0000 0.9525 0.3047
vn -0.1443 0.7629 0.6302
vn 0.1443 0.7629 0.6302
vn -0.4550 -0.7655 0.4550
vn -0.5104 0.4313 0.7440
vn -0.7440 0.4313 0.5104
vn -0.2155 0.9525 0.2155
vn -0.5477 0.7629 0.3436
vn -0.3436 0.7629 0.5477
vn -0.6434 -0.7655 -0.0000
vn -0.8870 0.4313 0.1652
vn -0.8870 0.4313 -0.1652
vn -0.3047 0.9525 -0.0000
vn -0.6302 0.7629 -0.1443
vn -0.6302 0.7629 0.1443
vn -0.4550 -0.7655 -0.4550
vn -0.7440 0.4313 -0.5104
vn -0.5104 0.4313 -0.7440
vn -0.2155 0.9525 -0.2155
vn -0.3436 0.7629 -0.5477
vn -0.5477 0.7629 -0.3436
vn 0.3714 0.2412 -0.8966
vn 0.1538 -0.9156 -0.3714
vn 0.2339 0.7915 -0.5647
vn 0.0969 0.9674 -0.2339
vn -0.1305 0.6356 -0.7609
vn 0.1305 0.6356 -0.7609
vn 0.6303 0.6356 -0.4457
vn 0.4457 0.6356 -0.6303
vn 0.8966 0.2412 -0.3714
vn 0.3714 -0.9156 -0.1538
vn 0.5647 0.7915 -0.2339
vn 0.2339 0.9674 -0.0969
vn 0.7609 0.6356 0.1305
vn 0.7609 0.6356 -0.1305
vn 0.8966 0.2412 0.3714
vn 0.3714 -0.9156 0.1538
vn 0.5647 0.7915 0.2339
vn 0.2339 0.9674 0.0969
vn 0.4457 0.6356 0.6303
vn 0.6303 0.6356 0.4457
vn 0.3714 0.2412 0.8966
vn 0.1538 -0.9156 0.3714
vn 0.2339 0.7915 0.5647
vn 0.0969 0.9674 0.2339
vn -0.1305 0.6356 0.7609
vn 0.1305 0.6356 0.7609
vn -0.3714 0.2412 0.8966
vn -0.1538 -0.9156 0.3714
vn -0.2339 0.7915 0.5647
vn -0.0969 0.9674 0.2339
vn -0.6303 0.6356 0.4457
vn -0.4457 0.6356 0.6303
vn -0.8966 0.2412 0.3714
vn -0.3714 -0.9156 0.1538
vn -0.5647 0.7915 0.2339
vn -0.2339 0.9674 0.0969
vn -0.7609 0.6356 -0.1305
vn -0.7609 0.6356 0.1305
vn -0.8966 0.2412 -0.3714
vn -0.3714 -0.9156 -0.1538
vn -0.5647 0.7915 -0.2339
vn -0.2339 0.9674 -0.0969
vn -0.4457 0.6356 -0.6303
vn -0.6303 0.6356 -0.4457
vn -0.3714 0.2412 -0.8966
vn -0.1538 -0.9156 -0.3714
vn -0.2339 0.7915 -0.5647
vn -0.0969 0.9674 -0.2339
vn -0.0000 -1.0000 -0.0000
vn 0.3029 0.6110 -0.7314
vn -0.3029 0.6110 -0.7314
vn -0.0000 1.0000 -0.0000
vn 0.7314 0.6110 -0.3029
vn 0.7314 0.6110 0.3029
vn 0.3029 0.6110 0.7314
vn -0.3029 0.6110 0.7314
vn -0.7314 0.6110 0.3029
vn -0.7314 0.6110 -0.3029
vt 0.750000 0.483090
vt 0.744990 0.487925
vt 0.748500 0.489379
vt 0.755010 0.487925
vt 0.004698 0.539582
vt 0.000000 0.549293
vt 0.000000 0.526691
vt 0.003690 0.500000
vt 0.995302 0.539582
vt 0.996310 0.500000
vt 0.998895 0.500000
vt 1.000000 0.549293
vt 0.250000 0.481115
vt 0.254522 0.488127
vt 0.250258 0.489893
vt 0.245478 0.488127
vt 0.994683 0.960418
vt 1.000000 0.970129
vt 1.000000 0.992823
vt 0.996669 1.000000
vt 0.005317 0.960418
vt 0.003331 1.000000
vt 0.000190 1.000000
vt 0.000000 0.970129
vt 0.914819 0.414819
vt 0.914696 0.421781
vt 0.918206 0.420327
vt 0.921781 0.414696
vt 0.879698 0.539582
vt 0.875000 0.549293
vt 0.874448 0.513345
vt 0.878690 0.500000
vt 0.870302 0.539582
vt 0.871310 0.500000
vt 0.413423 0.413423
vt 0.421579 0.415183
vt 0.419812 0.419448
vt 0.415183 0.421579
vt 0.869683 0.960418
vt 0.875000 0.970129
vt 0.875095 0.996412
vt 0.871669 1.000000
vt 0.880317 0.960418
vt 0.878331 1.000000
vt 0.983090 0.250000
vt 0.987925 0.255010
vt 0.989379 0.251500
vt 0.987925 0.244990
vt 0.754698 0.539582
vt 0.750000 0.549293
vt 0.749448 0.513345
vt 0.753690 0.500000
vt 0.745302 0.539582
vt 0.746310 0.500000
vt 0.481115 0.250000
vt 0.488127 0.245478
vt 0.489893 0.249742
vt 0.488127 0.254522
vt 0.744683 0.960418
vt 0.750000 0.970129
vt 0.750095 0.996412
vt 0.746669 1.000000
vt 0.755317 0.960418
vt 0.753331 1.000000
vt 0.914819 0.085181
vt 0.921781 0.085304
vt 0.920327 0.081794
vt 0.914696 0.078219
vt 0.629698 0.539582
vt 0.625000 0.549293
vt 0.624448 0.513345
vt 0.628690 0.500000
vt 0.620302 0.539582
vt 0.621310 0.500000
vt 0.413423 0.086577
vt 0.415183 0.078421
vt 0.419448 0.080188
vt 0.421579 0.084817
vt 0.619683 0.960418
vt 0.625000 0.970129
vt 0.625095 0.996412
vt 0.621669 1.000000
vt 0.630317 0.960418
vt 0.628331 1.000000
vt 0.750000 0.016910
vt 0.755010 0.012075
vt 0.751500 0.010621
vt 0.744990 0.012075
vt 0.504698 0.539582
vt 0.500000 0.549293
vt 0.499448 0.513345
vt 0.503690 0.500000
vt 0.495302 0.539582
vt 0.496310 0.500000
vt 0.250000 0.018885
vt 0.245478 0.011873
vt 0.249742 0.010107
vt 0.254522 0.011873
vt 0.494683 0.960418
vt 0.500000 0.970129
vt 0.500095 0.996412
vt 0.496669 1.000000
vt 0.505317 0.960418
vt 0.503331 1.000000
vt 0.585181 0.085181
vt 0.585304 0.078219
vt 0.581794 0.079673
vt 0.578219 0.085304
vt 0.379698 0.539582
vt 0.375000 0.549293
vt 0.374448 0.513345
vt 0.378690 0.500000
vt 0.370302 0.539582
vt 0.371310 0.500000
vt 0.086577 0.086577
vt 0.078421 0.084817
vt 0.080188 0.080552
vt 0.084817 0.078421
vt 0.369683 0.960418
vt 0.375000 0.970129
vt 0.375095 0.996412
vt 0.371669 1.000000
vt 0.380317 0.960418
vt 0.378331 1.000000
vt 0.516910 0.250000
vt 0.512075 0.244990
vt 0.510621 0.248500
vt 0.512075 0.255010
vt 0.254698 0.539582
vt 0.250000 0.549293
vt 0.249448 0.513345
vt 0.253690 0.500000
vt 0.245302 0.539582
vt 0.246310 0.500000
vt 0.018885 0.250000
vt 0.011873 0.254522
vt 0.010107 0.250258
vt 0.011873 0.245478
vt 0.244683 0.960418
vt 0.250000 0.970129
vt 0.250095 0.996412
vt 0.246669 1.000000
vt 0.255317 0.960418
vt 0.253331 1.000000
vt 0.585181 0.414819
vt 0.578219 0.414696
vt 0.579673 0.418206
vt 0.585304 0.421781
vt 0.129698 0.539582
vt 0.125000 0.549293
vt 0.124448 0.513345
vt 0.128690 0.500000
vt 0.120302 0.539582
vt 0.121310 0.500000
vt 0.086577 0.413423
vt 0.084817 0.421579
vt 0.080552 0.419812
vt 0.078421 0.415183
vt 0.119683 0.960418
vt 0.125000 0.970129
vt 0.125095 0.996412
vt 0.121669 1.000000
vt 0.130317 0.960418
vt 0.128331 1.000000
s 0
usemtl Limestone
f 1/1/1 4/2/1 5/3/1 7/4/1
f 2/5/2 6/6/2 5/7/2 4/8/2
f 3/9/3 7/10/3 5/11/3 6/12/3
f 8/13/4 11/14/4 12/15/4 14/16/4
f 9/17/5 13/18/5 12/19/5 11/20/5
f 10/21/6 14/22/6 12/23/6 13/24/6
f 15/25/7 18/26/7 19/27/7 21/28/7
f 16/29/8 20/30/8 19/31/8 18/32/8
f 17/33/9 21/34/9 19/31/9 20/30/9
f 22/35/10 25/36/10 26/37/10 28/38/10
f 23/39/11 27/40/11 26/41/11 25/42/11
f 24/43/12 28/44/12 26/41/12 27/40/12
f 29/45/13 32/46/13 33/47/13 35/48/13
f 30/49/14 34/50/14 33/51/14 32/52/14
f 31/53/15 35/54/15 33/51/15 34/50/15
f 36/55/16 39/56/16 40/57/16 42/58/16
f 37/59/17 41/60/17 40/61/17 39/62/17
f 38/63/18 42/64/18 40/61/18 41/60/18
f 43/65/19 46/66/19 47/67/19 49/68/19
f 44/69/20 48/70/20 47/71/20 46/72/20
f 45/73/21 49/74/21 47/71/21 48/70/21
f 50/75/22 53/76/22 54/77/22 56/78/22
f 51/79/23 55/80/23 54/81/23 53/82/23
f 52/83/24 56/84/24 54/81/24 55/80/24
f 57/85/25 60/86/25 61/87/25 63/88/25
f 58/89/26 62/90/26 61/91/26 60/92/26
f 59/93/27 63/94/27 61/91/27 62/90/27
f 64/95/28 67/96/28 68/97/28 70/98/28
f 65/99/29 69/100/29 68/101/29 67/102/29
f 66/103/30 70/104/30 68/101/30 69/100/30
f 71/105/31 74/106/31 75/107/31 77/108/31
f 72/109/32 76/110/32 75/111/32 74/112/32
f 73/113/33 77/114/33 75/111/33 76/110/33
f 78/115/34 81/116/34 82/117/34 84/118/34
f 79/119/35 83/120/35 82/121/35 81/122/35
f 80/123/36 84/124/36 82/121/36 83/120/36
f 85/125/37 88/126/37 89/127/37 91/128/37
f 86/129/38 90/130/38 89/131/38 88/132/38
f 87/133/39 91/134/39 89/131/39 90/130/39
f 92/135/40 95/136/40 96/137/40 98/138/40
f 93/139/41 97/140/41 96/141/41 95/142/41
f 94/143/42 98/144/42 96/141/42 97/140/42
f 99/145/43 102/146/43 103/147/43 105/148/43
f 100/149/44 104/150/44 103/151/44 102/152/44
f 101/153/45 105/154/45 103/151/45 104/150/45
f 106/155/46 109/156/46 110/157/46 112/158/46
f 107/159/47 111/160/47 110/161/47 109/162/47
f 108/163/48 112/164/48 110/161/48 111/160/48
f 3/9/49 16/29/49 18/32/49 7/10/49
f 7/4/50 18/26/50 15/25/50 1/1/50
f 24/43/51 9/17/51 11/20/51 28/44/51
f 28/38/52 11/14/52 8/13/52 22/35/52
f 2/5/53 10/21/53 13/24/53 6/6/53
f 6/12/54 13/18/54 9/17/54 3/9/54
f 23/39/55 17/33/55 20/30/55 27/40/55
f 27/40/56 20/30/56 16/29/56 24/43/56
f 17/33/57 30/49/57 32/52/57 21/34/57
f 21/28/58 32/46/58 29/45/58 15/25/58
f 38/63/59 23/39/59 25/42/59 42/64/59
f 42/58/60 25/36/60 22/35/60 36/55/60
f 37/59/61 31/53/61 34/50/61 41/60/61
f 41/60/62 34/50/62 30/49/62 38/63/62
f 31/53/63 44/69/63 46/72/63 35/54/63
f 35/48/64 46/66/64 43/65/64 29/45/64
f 52/83/65 37/59/65 39/62/65 56/84/65
f 56/78/66 39/56/66 36/55/66 50/75/66
f 51/79/67 45/73/67 48/70/67 55/80/67
f 55/80/68 48/70/68 44/69/68 52/83/68
f 45/73/69 58/89/69 60/92/69 49/74/69
f 49/68/70 60/86/70 57/85/70 43/65/70
f 66/103/71 51/79/71 53/82/71 70/104/71
f 70/98/72 53/76/72 50/75/72 64/95/72
f 65/99/73 59/93/73 62/90/73 69/100/73
f 69/100/74 62/90/74 58/89/74 66/103/74
f 59/93/75 72/109/75 74/112/75 63/94/75
f 63/88/76 74/106/76 71/105/76 57/85/76
f 80/123/77 65/99/77 67/102/77 84/124/77
f 84/118/78 67/96/78 64/95/78 78/115/78
f 79/119/79 73/113/79 76/110/79 83/120/79
f 83/120/80 76/110/80 72/109/80 80/123/80
f 73/113/81 86/129/81 88/132/81 77/114/81
f 77/108/82 88/126/82 85/125/82 71/105/82
f 94/143/83 79/119/83 81/122/83 98/144/83
f 98/138/84 81/116/84 78/115/84 92/135/84
f 93/139/85 87/133/85 90/130/85 97/140/85
f 97/140/86 90/130/86 86/129/86 94/143/86
f 87/133/87 100/149/87 102/152/87 91/134/87
f 91/128/88 102/146/88 99/145/88 85/125/88
f 108/163/89 93/139/89 95/142/89 112/164/89
f 112/158/90 95/136/90 92/135/90 106/155/90
f 107/159/91 101/153/91 104/150/91 111/160/91
f 111/160/92 104/150/92 100/149/92 108/163/92
f 101/153/93 2/5/93 4/8/93 105/154/93
f 105/148/94 4/2/94 1/1/94 99/145/94
f 10/21/95 107/159/95 109/162/95 14/22/95
f 14/16/96 109/156/96 106/155/96 8/13/96
f 1/1/97 15/25/97 29/45/97 43/65/97 57/85/97 71/105/97 85/125/97 99/145/97
f 3/9/98 9/17/98 24/43/98 16/29/98
f 101/153/99 107/159/99 10/21/99 2/5/99
f 22/35/100 8/13/100 106/155/100 92/135/100 78/115/100 64/95/100 50/75/100 36/55/100
f 17/33/101 23/39/101 38/63/101 30/49/101
f 31/53/102 37/59/102 52/83/102 44/69/102
f 45/73/103 51/79/103 66/103/103 58/89/103
f 59/93/104 65/99/104 80/123/104 72/109/104
f 73/113/105 79/119/105 94/143/105 86/129/105
f 87/133/106 93/139/106 108/163/106 100/149/106
o limestone_socket_upper_course
v 0.000000 0.231400 -0.695467
v -0.016630 0.249400 -0.708062
v 0.016630 0.249400 -0.708062
v -0.009742 0.236672 -0.705208
v -0.000000 0.239007 -0.708514
v -0.000000 0.249400 -0.710915
v 0.009742 0.236672 -0.705208
v -0.000000 0.309400 -0.695467
v 0.016630 0.291400 -0.708062
v -0.016630 0.291400 -0.708062
v 0.009742 0.304128 -0.705208
v 0.000000 0.301793 -0.708514
v 0.000000 0.291400 -0.710915
v -0.009742 0.304128 -0.705208
v 0.491769 0.231400 -0.491769
v 0.488916 0.249400 -0.512434
v 0.512434 0.249400 -0.488916
v 0.491769 0.236672 -0.505546
v 0.500995 0.239007 -0.500995
v 0.502693 0.249400 -0.502693
v 0.505546 0.236672 -0.491769
v 0.491769 0.309400 -0.491769
v 0.512434 0.291400 -0.488916
v 0.488916 0.291400 -0.512434
v 0.505546 0.304128 -0.491769
v 0.500995 0.301793 -0.500995
v 0.502693 0.291400 -0.502693
v 0.491769 0.304128 -0.505546
v 0.695467 0.231400 0.000000
v 0.708062 0.249400 -0.016630
v 0.708062 0.249400 0.016630
v 0.705208 0.236672 -0.009742
v 0.708514 0.239007 -0.000000
v 0.710915 0.249400 -0.000000
v 0.705208 0.236672 0.009742
v 0.695467 0.309400 -0.000000
v 0.708062 0.291400 0.016630
v 0.708062 0.291400 -0.016630
v 0.705208 0.304128 0.009742
v 0.708514 0.301793 0.000000
v 0.710915 0.291400 0.000000
v 0.705208 0.304128 -0.009742
v 0.491769 0.231400 0.491769
v 0.512434 0.249400 0.488916
v 0.488916 0.249400 0.512434
v 0.505546 0.236672 0.491769
v 0.500995 0.239007 0.500995
v 0.502693 0.249400 0.502693
v 0.491769 0.236672 0.505546
v 0.491769 0.309400 0.491769
v 0.488916 0.291400 0.512434
v 0.512434 0.291400 0.488916
v 0.491769 0.304128 0.505546
v 0.500995 0.301793 0.500995
v 0.502693 0.291400 0.502693
v 0.505546 0.304128 0.491769
v -0.000000 0.231400 0.695467
v 0.016630 0.249400 0.708062
v -0.016630 0.249400 0.708062
v 0.009742 0.236672 0.705208
v 0.000000 0.239007 0.708514
v 0.000000 0.249400 0.710915
v -0.009742 0.236672 0.705208
v 0.000000 0.309400 0.695467
v -0.016630 0.291400 0.708062
v 0.016630 0.291400 0.708062
v -0.009742 0.304128 0.705208
v -0.000000 0.301793 0.708514
v -0.000000 0.291400 0.710915
v 0.009742 0.304128 0.705208
v -0.491769 0.231400 0.491769
v -0.488916 0.249400 0.512434
v -0.512434 0.249400 0.488916
v -0.491769 0.236672 0.505546
v -0.500995 0.239007 0.500995
v -0.502693 0.249400 0.502693
v -0.505546 0.236672 0.491769
v -0.491769 0.309400 0.491769
v -0.512434 0.291400 0.488916
v -0.488916 0.291400 0.512434
v -0.505546 0.304128 0.491769
v -0.500995 0.301793 0.500995
v -0.502693 0.291400 0.502693
v -0.491769 0.304128 0.505546
v -0.695467 0.231400 -0.000000
v -0.708062 0.249400 0.016630
v -0.708062 0.249400 -0.016630
v -0.705208 0.236672 0.009742
v -0.708514 0.239007 0.000000
v -0.710915 0.249400 0.000000
v -0.705208 0.236672 -0.009742
v -0.695467 0.309400 0.000000
v -0.708062 0.291400 -0.016630
v -0.708062 0.291400 0.016630
v -0.705208 0.304128 -0.009742
v -0.708514 0.301793 -0.000000
v -0.710915 0.291400 -0.000000
v -0.705208 0.304128 0.009742
v -0.491769 0.231400 -0.491769
v -0.512434 0.249400 -0.488916
v -0.488916 0.249400 -0.512434
v -0.505546 0.236672 -0.491769
v -0.500995 0.239007 -0.500995
v -0.502693 0.249400 -0.502693
v -0.491769 0.236672 -0.505546
v -0.491769 0.309400 -0.491769
v -0.488916 0.291400 -0.512434
v -0.512434 0.291400 -0.488916
v -0.491769 0.304128 -0.505546
v -0.500995 0.301793 -0.500995
v -0.502693 0.291400 -0.502693
v -0.505546 0.304128 -0.491769
vn -0.0000 -0.8639 -0.5037
vn -0.1959 -0.2724 -0.9420
vn 0.1959 -0.2724 -0.9420
vn -0.0000 0.8639 -0.5037
vn 0.1959 0.2724 -0.9420
vn -0.1959 0.2724 -0.9420
vn 0.3562 -0.8639 -0.3562
vn 0.5276 -0.2724 -0.8046
vn 0.8046 -0.2724 -0.5276
vn 0.3562 0.8639 -0.3562
vn 0.8046 0.2724 -0.5276
vn 0.5276 0.2724 -0.8046
vn 0.5037 -0.8639 -0.0000
vn 0.9420 -0.2724 -0.1959
vn 0.9420 -0.2724 0.1959
vn 0.5037 0.8639 -0.0000
vn 0.9420 0.2724 0.1959
vn 0.9420 0.2724 -0.1959
vn 0.3562 -0.8639 0.3562
vn 0.8046 -0.2724 0.5276
vn 0.5276 -0.2724 0.8046
vn 0.3562 0.8639 0.3562
vn 0.5276 0.2724 0.8046
vn 0.8046 0.2724 0.5276
vn -0.0000 -0.8639 0.5037
vn 0.1959 -0.2724 0.9420
vn -0.1959 -0.2724 0.9420
vn -0.0000 0.8639 0.5037
vn -0.1959 0.2724 0.9420
vn 0.1959 0.2724 0.9420
vn -0.3562 -0.8639 0.3562
vn -0.5276 -0.2724 0.8046
vn -0.8046 -0.2724 0.5276
vn -0.3562 0.8639 0.3562
vn -0.8046 0.2724 0.5276
vn -0.5276 0.2724 0.8046
vn -0.5037 -0.8639 -0.0000
vn -0.9420 -0.2724 0.1959
vn -0.9420 -0.2724 -0.1959
vn -0.5037 0.8639 -0.0000
vn -0.9420 0.2724 -0.1959
vn -0.9420 0.2724 0.1959
vn -0.3562 -0.8639 -0.3562
vn -0.8046 -0.2724 -0.5276
vn -0.5276 -0.2724 -0.8046
vn -0.3562 0.8639 -0.3562
vn -0.5276 0.2724 -0.8046
vn -0.8046 0.2724 -0.5276
vn 0.3536 -0.3827 -0.8536
vn 0.1464 -0.9239 -0.3536
vn 0.3536 0.3827 -0.8536
vn 0.1464 0.9239 -0.3536
vn -0.1691 -0.0000 -0.9856
vn 0.1691 -0.0000 -0.9856
vn 0.8165 -0.0000 -0.5774
vn 0.5774 -0.0000 -0.8165
vn 0.8536 -0.3827 -0.3536
vn 0.3536 -0.9239 -0.1464
vn 0.8536 0.3827 -0.3536
vn 0.3536 0.9239 -0.1464
vn 0.9856 -0.0000 0.1691
vn 0.9856 -0.0000 -0.1691
vn 0.8536 -0.3827 0.3536
vn 0.3536 -0.9239 0.1464
vn 0.8536 0.3827 0.3536
vn 0.3536 0.9239 0.1464
vn 0.5774 -0.0000 0.8165
vn 0.8165 -0.0000 0.5774
vn 0.3536 -0.3827 0.8536
vn 0.1464 -0.9239 0.3536
vn 0.3536 0.3827 0.8536
vn 0.1464 0.9239 0.3536
vn -0.1691 -0.0000 0.9856
vn 0.1691 -0.0000 0.9856
vn -0.3536 -0.3827 0.8536
vn -0.1464 -0.9239 0.3536
vn -0.3536 0.3827 0.8536
vn -0.1464 0.9239 0.3536
vn -0.8165 -0.0000 0.5774
vn -0.5774 -0.0000 0.8165
vn -0.8536 -0.3827 0.3536
vn -0.3536 -0.9239 0.1464
vn -0.8536 0.3827 0.3536
vn -0.3536 0.9239 0.1464
vn -0.9856 -0.0000 -0.1691
vn -0.9856 -0.0000 0.1691
vn -0.8536 -0.3827 -0.3536
vn -0.3536 -0.9239 -0.1464
vn -0.8536 0.3827 -0.3536
vn -0.3536 0.9239 -0.1464
vn -0.5774 -0.0000 -0.8165
vn -0.8165 -0.0000 -0.5774
vn -0.3536 -0.3827 -0.8536
vn -0.1464 -0.9239 -0.3536
vn -0.3536 0.3827 -0.8536
vn -0.1464 0.9239 -0.3536
vn -0.0000 -1.0000 -0.0000
vn 0.3827 -0.0000 -0.9239
vn -0.3827 -0.0000 -0.9239
vn -0.0000 1.0000 -0.0000
vn 0.9239 -0.0000 -0.3827
vn 0.9239 -0.0000 0.3827
vn 0.3827 -0.0000 0.9239
vn -0.3827 -0.0000 0.9239
vn -0.9239 -0.0000 0.3827
vn -0.9239 -0.0000 -0.3827
vt 0.750000 0.483460
vt 0.746053 0.488365
vt 0.749236 0.489684
vt 0.753947 0.488365
vt 0.004112 0.615385
vt 0.000000 0.615385
vt 0.000000 0.548766
vt 0.002908 0.500000
vt 0.995888 0.615385
vt 0.997092 0.500000
vt 0.999437 0.500000
vt 1.000000 0.615385
vt 0.250000 0.483460
vt 0.253947 0.488365
vt 0.250764 0.489684
vt 0.246053 0.488365
vt 0.995888 0.884615
vt 1.000000 0.884615
vt 1.000000 0.951234
vt 0.997093 1.000000
vt 0.004112 0.884615
vt 0.002908 1.000000
vt 0.000563 1.000000
vt 0.000000 0.884615
vt 0.915081 0.415081
vt 0.915758 0.421341
vt 0.918942 0.420022
vt 0.921341 0.415758
vt 0.879112 0.615385
vt 0.875000 0.615385
vt 0.874719 0.524383
vt 0.877908 0.500000
vt 0.870888 0.615385
vt 0.872092 0.500000
vt 0.415081 0.415081
vt 0.421341 0.415758
vt 0.420022 0.418942
vt 0.415758 0.421341
vt 0.870888 0.884615
vt 0.875000 0.884615
vt 0.875281 0.975617
vt 0.872092 1.000000
vt 0.879112 0.884615
vt 0.877908 1.000000
vt 0.983460 0.250000
vt 0.988365 0.253947
vt 0.989684 0.250764
vt 0.988365 0.246053
vt 0.754112 0.615385
vt 0.750000 0.615385
vt 0.749719 0.524383
vt 0.752908 0.500000
vt 0.745888 0.615385
vt 0.747092 0.500000
vt 0.483460 0.250000
vt 0.488365 0.246053
vt 0.489684 0.249236
vt 0.488365 0.253947
vt 0.745888 0.884615
vt 0.750000 0.884615
vt 0.750281 0.975617
vt 0.747092 1.000000
vt 0.754112 0.884615
vt 0.752908 1.000000
vt 0.915081 0.084919
vt 0.921341 0.084242
vt 0.920022 0.081058
vt 0.915758 0.078659
vt 0.629112 0.615385
vt 0.625000 0.615385
vt 0.624719 0.524383
vt 0.627908 0.500000
vt 0.620888 0.615385
vt 0.622092 0.500000
vt 0.415081 0.084919
vt 0.415758 0.078659
vt 0.418942 0.079978
vt 0.421341 0.084242
vt 0.620888 0.884615
vt 0.625000 0.884615
vt 0.625281 0.975617
vt 0.622092 1.000000
vt 0.629112 0.884615
vt 0.627908 1.000000
vt 0.750000 0.016540
vt 0.753947 0.011635
vt 0.750764 0.010316
vt 0.746053 0.011635
vt 0.504112 0.615385
vt 0.500000 0.615385
vt 0.499719 0.524383
vt 0.502908 0.500000
vt 0.495888 0.615385
vt 0.497092 0.500000
vt 0.250000 0.016540
vt 0.246053 0.011635
vt 0.249236 0.010316
vt 0.253947 0.011635
vt 0.495888 0.884615
vt 0.500000 0.884615
vt 0.500281 0.975617
vt 0.497092 1.000000
vt 0.504112 0.884615
vt 0.502908 1.000000
vt 0.584919 0.084919
vt 0.584242 0.078659
vt 0.581058 0.079978
vt 0.578659 0.084242
vt 0.379112 0.615385
vt 0.375000 0.615385
vt 0.374719 0.524383
vt 0.377907 0.500000
vt 0.370888 0.615385
vt 0.372092 0.500000
vt 0.084919 0.084919
vt 0.078659 0.084242
vt 0.079978 0.081058
vt 0.084242 0.078659
vt 0.370888 0.884615
vt 0.375000 0.884615
vt 0.375281 0.975617
vt 0.372092 1.000000
vt 0.379112 0.884615
vt 0.377908 1.000000
vt 0.516540 0.250000
vt 0.511635 0.246053
vt 0.510316 0.249236
vt 0.511635 0.253947
vt 0.254112 0.615385
vt 0.250000 0.615385
vt 0.249719 0.524383
vt 0.252908 0.500000
vt 0.245888 0.615385
vt 0.247092 0.500000
vt 0.016540 0.250000
vt 0.011635 0.253947
vt 0.010316 0.250764
vt 0.011635 0.246053
vt 0.245888 0.884615
vt 0.250000 0.884615
vt 0.250281 0.975617
vt 0.247092 1.000000
vt 0.254112 0.884615
vt 0.252908 1.000000
vt 0.584919 0.415081
vt 0.578659 0.415758
vt 0.579978 0.418942
vt 0.584242 0.421341
vt 0.129112 0.615385
vt 0.125000 0.615385
vt 0.124719 0.524383
vt 0.127908 0.500000
vt 0.120888 0.615385
vt 0.122092 0.500000
vt 0.084919 0.415081
vt 0.084242 0.421341
vt 0.081058 0.420022
vt 0.078659 0.415758
vt 0.120888 0.884615
vt 0.125000 0.884615
vt 0.125281 0.975617
vt 0.122092 1.000000
vt 0.129112 0.884615
vt 0.127908 1.000000
s 0
usemtl Limestone
f 113/165/107 116/166/107 117/167/107 119/168/107
f 114/169/108 118/170/108 117/171/108 116/172/108
f 115/173/109 119/174/109 117/175/109 118/176/109
f 120/177/110 123/178/110 124/179/110 126/180/110
f 121/181/111 125/182/111 124/183/111 123/184/111
f 122/185/112 126/186/112 124/187/112 125/188/112
f 127/189/113 130/190/113 131/191/113 133/192/113
f 128/193/114 132/194/114 131/195/114 130/196/114
f 129/197/115 133/198/115 131/195/115 132/194/115
f 134/199/116 137/200/116 138/201/116 140/202/116
f 135/203/117 139/204/117 138/205/117 137/206/117
f 136/207/118 140/208/118 138/205/118 139/204/118
f 141/209/119 144/210/119 145/211/119 147/212/119
f 142/213/120 146/214/120 145/215/120 144/216/120
f 143/217/121 147/218/121 145/215/121 146/214/121
f 148/219/122 151/220/122 152/221/122 154/222/122
f 149/223/123 153/224/123 152/225/123 151/226/123
f 150/227/124 154/228/124 152/225/124 153/224/124
f 155/229/125 158/230/125 159/231/125 161/232/125
f 156/233/126 160/234/126 159/235/126 158/236/126
f 157/237/127 161/238/127 159/235/127 160/234/127
f 162/239/128 165/240/128 166/241/128 168/242/128
f 163/243/129 167/244/129 166/245/129 165/246/129
f 164/247/130 168/248/130 166/245/130 167/244/130
f 169/249/131 172/250/131 173/251/131 175/252/131
f 170/253/132 174/254/132 173/255/132 172/256/132
f 171/257/133 175/258/133 173/255/133 174/254/133
f 176/259/134 179/260/134 180/261/134 182/262/134
f 177/263/135 181/264/135 180/265/135 179/266/135
f 178/267/136 182/268/136 180/265/136 181/264/136
f 183/269/137 186/270/137 187/271/137 189/272/137
f 184/273/138 188/274/138 187/275/138 186/276/138
f 185/277/139 189/278/139 187/275/139 188/274/139
f 190/279/140 193/280/140 194/281/140 196/282/140
f 191/283/141 195/284/141 194/285/141 193/286/141
f 192/287/142 196/288/142 194/285/142 195/284/142
f 197/289/143 200/290/143 201/291/143 203/292/143
f 198/293/144 202/294/144 201/295/144 200/296/144
f 199/297/145 203/298/145 201/295/145 202/294/145
f 204/299/146 207/300/146 208/301/146 210/302/146
f 205/303/147 209/304/147 208/305/147 207/306/147
f 206/307/148 210/308/148 208/305/148 209/304/148
f 211/309/149 214/310/149 215/311/149 217/312/149
f 212/313/150 216/314/150 215/315/150 214/316/150
f 213/317/151 217/318/151 215/315/151 216/314/151
f 218/319/152 221/320/152 222/321/152 224/322/152
f 219/323/153 223/324/153 222/325/153 221/326/153
f 220/327/154 224/328/154 222/325/154 223/324/154
f 115/173/155 128/193/155 130/196/155 119/174/155
f 119/168/156 130/190/156 127/189/156 113/165/156
f 136/207/157 121/181/157 123/184/157 140/208/157
f 140/202/158 123/178/158 120/177/158 134/199/158
f 114/169/159 122/185/159 125/188/159 118/170/159
f 118/176/160 125/182/160 121/181/160 115/173/160
f 135/203/161 129/197/161 132/194/161 139/204/161
f 139/204/162 132/194/162 128/193/162 136/207/162
f 129/197/163 142/213/163 144/216/163 133/198/163
f 133/192/164 144/210/164 141/209/164 127/189/164
f 150/227/165 135/203/165 137/206/165 154/228/165
f 154/222/166 137/200/166 134/199/166 148/219/166
f 149/223/167 143/217/167 146/214/167 153/224/167
f 153/224/168 146/214/168 142/213/168 150/227/168
f 143/217/169 156/233/169 158/236/169 147/218/169
f 147/212/170 158/230/170 155/229/170 141/209/170
f 164/247/171 149/223/171 151/226/171 168/248/171
f 168/242/172 151/220/172 148/219/172 162/239/172
f 163/243/173 157/237/173 160/234/173 167/244/173
f 167/244/174 160/234/174 156/233/174 164/247/174
f 157/237/175 170/253/175 172/256/175 161/238/175
f 161/232/176 172/250/176 169/249/176 155/229/176
f 178/267/177 163/243/177 165/246/177 182/268/177
f 182/262/178 165/240/178 162/239/178 176/259/178
f 177/263/179 171/257/179 174/254/179 181/264/179
f 181/264/180 174/254/180 170/253/180 178/267/180
f 171/257/181 184/273/181 186/276/181 175/258/181
f 175/252/182 186/270/182 183/269/182 169/249/182
f 192/287/183 177/263/183 179/266/183 196/288/183
f 196/282/184 179/260/184 176/259/184 190/279/184
f 191/283/185 185/277/185 188/274/185 195/284/185
f 195/284/186 188/274/186 184/273/186 192/287/186
f 185/277/187 198/293/187 200/296/187 189/278/187
f 189/272/188 200/290/188 197/289/188 183/269/188
f 206/307/189 191/283/189 193/286/189 210/308/189
f 210/302/190 193/280/190 190/279/190 204/299/190
f 205/303/191 199/297/191 202/294/191 209/304/191
f 209/304/192 202/294/192 198/293/192 206/307/192
f 199/297/193 212/313/193 214/316/193 203/298/193
f 203/292/194 214/310/194 211/309/194 197/289/194
f 220/327/195 205/303/195 207/306/195 224/328/195
f 224/322/196 207/300/196 204/299/196 218/319/196
f 219/323/197 213/317/197 216/314/197 223/324/197
f 223/324/198 216/314/198 212/313/198 220/327/198
f 213/317/199 114/169/199 116/172/199 217/318/199
f 217/312/200 116/166/200 113/165/200 211/309/200
f 122/185/201 219/323/201 221/326/201 126/186/201
f 126/180/202 221/320/202 218/319/202 120/177/202
f 113/165/203 127/189/203 141/209/203 155/229/203 169/249/203 183/269/203 197/289/203 211/309/203
f 115/173/204 121/181/204 136/207/204 128/193/204
f 213/317/205 219/323/205 122/185/205 114/169/205
f 134/199/206 120/177/206 218/319/206 204/299/206 190/279/206 176/259/206 162/239/206 148/219/206
f 129/197/207 135/203/207 150/227/207 142/213/207
f 143/217/208 149/223/208 164/247/208 156/233/208
f 157/237/209 163/243/209 178/267/209 170/253/209
f 171/257/210 177/263/210 192/287/210 184/273/210
f 185/277/211 191/283/211 206/307/211 198/293/211
f 199/297/212 205/303/212 220/327/212 212/313/212
o oak_carriage
v -0.545000 0.250000 0.375000
v -0.545000 0.305000 0.430000
v -0.600000 0.305000 0.375000
v -0.545000 0.257348 0.402464
v -0.572464 0.257348 0.375000
v -0.571302 0.264485 0.401302
v -0.572464 0.305000 0.422652
v -0.545000 0.277536 0.422652
v -0.571302 0.278698 0.415515
v -0.592652 0.277536 0.375000
v -0.592652 0.305000 0.402464
v -0.585515 0.278698 0.401302
v -0.545000 0.415000 0.430000
v -0.545000 0.470000 0.375000
v -0.600000 0.415000 0.375000
v -0.545000 0.442464 0.422652
v -0.572464 0.415000 0.422652
v -0.571302 0.441302 0.415515
v -0.572464 0.462652 0.375000
v -0.545000 0.462652 0.402464
v -0.571302 0.455515 0.401302
v -0.592652 0.415000 0.402464
v -0.592652 0.442464 0.375000
v -0.585515 0.441302 0.401302
v -0.545000 0.250000 -0.455000
v -0.600000 0.305000 -0.455000
v -0.545000 0.305000 -0.510000
v -0.572464 0.257348 -0.455000
v -0.545000 0.257348 -0.482464
v -0.571302 0.264485 -0.481302
v -0.592652 0.305000 -0.482464
v -0.592652 0.277536 -0.455000
v -0.585515 0.278698 -0.481302
v -0.545000 0.277536 -0.502652
v -0.572464 0.305000 -0.502652
v -0.571302 0.278698 -0.495515
v -0.545000 0.470000 -0.455000
v -0.545000 0.415000 -0.510000
v -0.600000 0.415000 -0.455000
v -0.545000 0.462652 -0.482464
v -0.572464 0.462652 -0.455000
v -0.571302 0.455515 -0.481302
v -0.572464 0.415000 -0.502652
v -0.545000 0.442464 -0.502652
v -0.571302 0.441302 -0.495515
v -0.592652 0.442464 -0.455000
v -0.592652 0.415000 -0.482464
v -0.585515 0.441302 -0.481302
v 0.545000 0.250000 0.375000
v 0.600000 0.305000 0.375000
v 0.545000 0.305000 0.430000
v 0.572464 0.257348 0.375000
v 0.545000 0.257348 0.402464
v 0.571302 0.264485 0.401302
v 0.592652 0.305000 0.402464
v 0.592652 0.277536 0.375000
v 0.585515 0.278698 0.401302
v 0.545000 0.277536 0.422652
v 0.572464 0.305000 0.422652
v 0.571302 0.278698 0.415515
v 0.545000 0.470000 0.375000
v 0.545000 0.415000 0.430000
v 0.600000 0.415000 0.375000
v 0.545000 0.462652 0.402464
v 0.572464 0.462652 0.375000
v 0.571302 0.455515 0.401302
v 0.572464 0.415000 0.422652
v 0.545000 0.442464 0.422652
v 0.571302 0.441302 0.415515
v 0.592652 0.442464 0.375000
v 0.592652 0.415000 0.402464
v 0.585515 0.441302 0.401302
v 0.545000 0.250000 -0.455000
v 0.545000 0.305000 -0.510000
v 0.600000 0.305000 -0.455000
v 0.545000 0.257348 -0.482464
v 0.572464 0.257348 -0.455000
v 0.571302 0.264485 -0.481302
v 0.572464 0.305000 -0.502652
v 0.545000 0.277536 -0.502652
v 0.571302 0.278698 -0.495515
v 0.592652 0.277536 -0.455000
v 0.592652 0.305000 -0.482464
v 0.585515 0.278698 -0.481302
v 0.545000 0.470000 -0.455000
v 0.600000 0.415000 -0.455000
v 0.545000 0.415000 -0.510000
v 0.572464 0.462652 -0.455000
v 0.545000 0.462652 -0.482464
v 0.571302 0.455515 -0.481302
v 0.592652 0.415000 -0.482464
v 0.592652 0.442464 -0.455000
v 0.585515 0.441302 -0.481302
v 0.545000 0.442464 -0.502652
v 0.572464 0.415000 -0.502652
v 0.571302 0.441302 -0.495515
vn -0.2566 -0.9318 0.2566
vn -0.2178 -0.6901 0.6901
vn -0.2566 -0.2566 0.9318
vn -0.6901 -0.2178 0.6901
vn -0.9318 -0.2566 0.2566
vn -0.6901 -0.6901 0.2178
vn -0.5774 -0.5774 0.5774
vn -0.2566 0.2566 0.9318
vn -0.2178 0.6901 0.6901
vn -0.2566 0.9318 0.2566
vn -0.6901 0.6901 0.2178
vn -0.9318 0.2566 0.2566
vn -0.6901 0.2178 0.6901
vn -0.5774 0.5773 0.5773
vn -0.2566 -0.9318 -0.2566
vn -0.6901 -0.6901 -0.2178
vn -0.9318 -0.2566 -0.2566
vn -0.6901 -0.2178 -0.6901
vn -0.2566 -0.2566 -0.9318
vn -0.2178 -0.6901 -0.6901
vn -0.5774 -0.5773 -0.5773
vn -0.2566 0.9318 -0.2566
vn -0.2178 0.6901 -0.6901
vn -0.2566 0.2566 -0.9318
vn -0.6901 0.2178 -0.6901
vn -0.9318 0.2566 -0.2566
vn -0.6901 0.6901 -0.2178
vn -0.5774 0.5774 -0.5774
vn 0.2566 -0.9318 0.2566
vn 0.6901 -0.6901 0.2178
vn 0.9318 -0.2566 0.2566
vn 0.6901 -0.2178 0.6901
vn 0.2566 -0.2566 0.9318
vn 0.2178 -0.6901 0.6901
vn 0.5774 -0.5773 0.5773
vn 0.2566 0.9318 0.2566
vn 0.2178 0.6901 0.6901
vn 0.2566 0.2566 0.9318
vn 0.6901 0.2178 0.6901
vn 0.9318 0.2566 0.2566
vn 0.6901 0.6901 0.2178
vn 0.5774 0.5774 0.5774
vn 0.2566 -0.9318 -0.2566
vn 0.2178 -0.6901 -0.6901
vn 0.2566 -0.2566 -0.9318
vn 0.6901 -0.2178 -0.6901
vn 0.9318 -0.2566 -0.2566
vn 0.6901 -0.6901 -0.2178
vn 0.5774 -0.5774 -0.5774
vn 0.2566 0.9318 -0.2566
vn 0.6901 0.6901 -0.2178
vn 0.9318 0.2566 -0.2566
vn 0.6901 0.2178 -0.6901
vn 0.2566 0.2566 -0.9318
vn 0.2178 0.6901 -0.6901
vn 0.5774 0.5773 -0.5773
vn -0.2585 -0.9660 -0.0000
vn -0.7071 -0.7071 -0.0000
vn -0.9660 -0.2585 -0.0000
vn -0.2585 -0.0000 0.9660
vn -0.7071 -0.0000 0.7071
vn -0.9660 -0.0000 0.2585
vn -0.2585 0.9660 -0.0000
vn -0.7071 0.7071 -0.0000
vn -0.9660 0.2585 -0.0000
vn -0.2585 -0.0000 -0.9660
vn -0.7071 -0.0000 -0.7071
vn -0.9660 -0.0000 -0.2585
vn -0.0000 -0.9660 -0.2585
vn -0.0000 -0.7071 -0.7071
vn -0.0000 -0.2585 -0.9660
vn -0.0000 0.9660 -0.2585
vn -0.0000 0.7071 -0.7071
vn -0.0000 0.2585 -0.9660
vn 0.9660 -0.0000 -0.2585
vn 0.7071 -0.0000 -0.7071
vn 0.2585 -0.0000 -0.9660
vn 0.2585 -0.9660 -0.0000
vn 0.7071 -0.7071 -0.0000
vn 0.9660 -0.2585 -0.0000
vn 0.2585 0.9660 -0.0000
vn 0.7071 0.7071 -0.0000
vn 0.9660 0.2585 -0.0000
vn 0.2585 -0.0000 0.9660
vn 0.7071 -0.0000 0.7071
vn 0.9660 -0.0000 0.2585
vn -0.0000 -0.9660 0.2585
vn -0.0000 -0.7071 0.7071
vn -0.0000 -0.2585 0.9660
vn -0.0000 0.9660 0.2585
vn -0.0000 0.7071 0.7071
vn -0.0000 0.2585 0.9660
vn -0.0000 -1.0000 -0.0000
vn -1.0000 -0.0000 -0.0000
vn -0.0000 -0.0000 1.0000
vn -0.0000 1.0000 -0.0000
vn -0.0000 -0.0000 -1.0000
vn 1.0000 -0.0000 -0.0000
vt 0.136458 0.735372
vt 0.136458 0.742677
vt 0.130979 0.742368
vt 0.130737 0.735372
vt 0.136458 0.750000
vt 0.130979 0.750000
vt 0.437500 0.988542
vt 0.437500 1.000000
vt 0.375000 0.994021
vt 0.375000 0.988542
vt 0.437500 0.000000
vt 0.437500 0.007323
vt 0.375000 0.007633
vt 0.375000 0.000000
vt 0.437500 0.014628
vt 0.375000 0.014628
vt 0.125000 0.735372
vt 0.125000 0.742367
vt 0.562500 0.988542
vt 0.593709 0.988542
vt 0.592388 1.000000
vt 0.562500 1.000000
vt 0.625000 0.988542
vt 0.625000 1.000000
vt 0.863542 0.735372
vt 0.875000 0.735372
vt 0.875000 0.742368
vt 0.863542 0.750000
vt 0.625000 0.014628
vt 0.593709 0.014628
vt 0.592388 0.007633
vt 0.625000 0.007633
vt 0.562500 0.014628
vt 0.562500 0.007323
vt 0.562500 0.000000
vt 0.592388 0.000000
vt 0.136458 0.514628
vt 0.130737 0.514628
vt 0.130979 0.507633
vt 0.136458 0.507323
vt 0.125000 0.514628
vt 0.125000 0.507633
vt 0.437500 0.235372
vt 0.437500 0.242677
vt 0.375000 0.242367
vt 0.375000 0.235372
vt 0.437500 0.255737
vt 0.375000 0.255979
vt 0.437500 0.261458
vt 0.375000 0.261458
vt 0.136458 0.500000
vt 0.130979 0.500000
vt 0.863542 0.514628
vt 0.863542 0.500000
vt 0.875000 0.507632
vt 0.875000 0.514628
vt 0.625000 0.261458
vt 0.593709 0.261458
vt 0.592388 0.255218
vt 0.625000 0.245734
vt 0.562500 0.261458
vt 0.562500 0.255737
vt 0.562500 0.242677
vt 0.592388 0.242367
vt 0.562500 0.235372
vt 0.593709 0.235372
vt 0.625000 0.235372
vt 0.363542 0.735372
vt 0.369263 0.735372
vt 0.369021 0.742367
vt 0.363542 0.742677
vt 0.406291 0.735372
vt 0.404855 0.742367
vt 0.437500 0.735372
vt 0.437500 0.742677
vt 0.437500 0.755737
vt 0.372804 0.753783
vt 0.437500 0.761458
vt 0.369270 0.755728
vt 0.636458 0.735372
vt 0.630728 0.755730
vt 0.628783 0.752196
vt 0.630737 0.735372
vt 0.593709 0.761458
vt 0.592388 0.755979
vt 0.562500 0.761458
vt 0.562500 0.755737
vt 0.562500 0.742676
vt 0.592388 0.743191
vt 0.562500 0.735372
vt 0.593709 0.735372
vt 0.363542 0.514628
vt 0.363542 0.507323
vt 0.369021 0.507633
vt 0.369263 0.514628
vt 0.369270 0.494272
vt 0.372804 0.496217
vt 0.437500 0.488542
vt 0.437500 0.494263
vt 0.437500 0.507323
vt 0.404855 0.507633
vt 0.437500 0.514628
vt 0.406291 0.514628
vt 0.636458 0.514628
vt 0.630737 0.514628
vt 0.628783 0.497804
vt 0.630728 0.494270
vt 0.593709 0.514628
vt 0.592388 0.506809
vt 0.562500 0.514628
vt 0.562500 0.507323
vt 0.562500 0.494263
vt 0.592388 0.494021
vt 0.562500 0.488542
vt 0.593709 0.488542
s 0
usemtl OiledOak
f 225/329/213 228/330/213 230/331/213 229/332/213
f 228/330/214 232/333/214 233/334/214 230/331/214
f 226/335/215 231/336/215 233/337/215 232/338/215
f 231/339/216 235/340/216 236/341/216 233/342/216
f 227/343/217 234/344/217 236/341/217 235/340/217
f 234/345/218 229/332/218 230/331/218 236/346/218
f 230/331/219 233/334/219 236/346/219
f 237/347/220 240/348/220 242/349/220 241/350/220
f 240/348/221 244/351/221 245/352/221 242/349/221
f 238/353/222 243/354/222 245/355/222 244/356/222
f 243/357/223 247/358/223 248/359/223 245/360/223
f 239/361/224 246/362/224 248/359/224 247/358/224
f 246/362/225 241/363/225 242/364/225 248/359/225
f 242/364/226 245/360/226 248/359/226
f 249/365/227 252/366/227 254/367/227 253/368/227
f 252/366/228 256/369/228 257/370/228 254/367/228
f 250/371/229 255/372/229 257/373/229 256/374/229
f 255/372/230 259/375/230 260/376/230 257/373/230
f 251/377/231 258/378/231 260/376/231 259/375/231
f 258/379/232 253/368/232 254/367/232 260/380/232
f 254/367/233 257/370/233 260/380/233
f 261/381/234 264/382/234 266/383/234 265/384/234
f 264/385/235 268/386/235 269/387/235 266/388/235
f 262/389/236 267/390/236 269/387/236 268/386/236
f 267/390/237 271/391/237 272/392/237 269/387/237
f 263/393/238 270/394/238 272/392/238 271/391/238
f 270/394/239 265/395/239 266/388/239 272/392/239
f 266/388/240 269/387/240 272/392/240
f 273/396/241 276/397/241 278/398/241 277/399/241
f 276/397/242 280/400/242 281/401/242 278/398/242
f 274/402/243 279/403/243 281/401/243 280/400/243
f 279/403/244 283/404/244 284/405/244 281/401/244
f 275/406/245 282/407/245 284/405/245 283/404/245
f 282/407/246 277/399/246 278/398/246 284/405/246
f 278/398/247 281/401/247 284/405/247
f 285/408/248 288/409/248 290/410/248 289/411/248
f 288/409/249 292/412/249 293/413/249 290/410/249
f 286/414/250 291/415/250 293/413/250 292/412/250
f 291/415/251 295/416/251 296/417/251 293/413/251
f 287/418/252 294/419/252 296/417/252 295/416/252
f 294/419/253 289/411/253 290/410/253 296/417/253
f 290/410/254 293/413/254 296/417/254
f 297/420/255 300/421/255 302/422/255 301/423/255
f 300/421/256 304/424/256 305/425/256 302/422/256
f 298/426/257 303/427/257 305/425/257 304/424/257
f 303/427/258 307/428/258 308/429/258 305/425/258
f 299/430/259 306/431/259 308/429/259 307/428/259
f 306/431/260 301/423/260 302/422/260 308/429/260
f 302/422/261 305/425/261 308/429/261
f 309/432/262 312/433/262 314/434/262 313/435/262
f 312/433/263 316/436/263 317/437/263 314/434/263
f 310/438/264 315/439/264 317/437/264 316/436/264
f 315/439/265 319/440/265 320/441/265 317/437/265
f 311/442/266 318/443/266 320/441/266 319/440/266
f 318/443/267 313/435/267 314/434/267 320/441/267
f 314/434/268 317/437/268 320/441/268
f 249/365/269 225/329/269 229/332/269 252/366/269
f 252/366/270 229/332/270 234/345/270 256/369/270
f 256/374/271 234/344/271 227/343/271 250/371/271
f 226/335/272 237/347/272 241/350/272 231/336/272
f 231/339/273 241/363/273 246/362/273 235/340/273
f 235/340/274 246/362/274 239/361/274 227/343/274
f 238/353/275 261/381/275 265/384/275 243/354/275
f 243/357/276 265/395/276 270/394/276 247/358/276
f 247/358/277 270/394/277 263/393/277 239/361/277
f 262/389/278 251/377/278 259/375/278 267/390/278
f 267/390/279 259/375/279 255/372/279 271/391/279
f 271/391/280 255/372/280 250/371/280 263/393/280
f 297/420/281 249/365/281 253/368/281 300/421/281
f 300/421/282 253/368/282 258/379/282 304/424/282
f 304/424/283 258/378/283 251/377/283 298/426/283
f 261/381/284 309/432/284 313/435/284 264/382/284
f 264/385/285 313/435/285 318/443/285 268/386/285
f 268/386/286 318/443/286 311/442/286 262/389/286
f 310/438/287 299/430/287 307/428/287 315/439/287
f 315/439/288 307/428/288 303/427/288 319/440/288
f 319/440/289 303/427/289 298/426/289 311/442/289
f 273/396/290 297/420/290 301/423/290 276/397/290
f 276/397/291 301/423/291 306/431/291 280/400/291
f 280/400/292 306/431/292 299/430/292 274/402/292
f 309/432/293 285/408/293 289/411/293 312/433/293
f 312/433/294 289/411/294 294/419/294 316/436/294
f 316/436/295 294/419/295 287/418/295 310/438/295
f 286/414/296 275/406/296 283/404/296 291/415/296
f 291/415/297 283/404/297 279/403/297 295/416/297
f 295/416/298 279/403/298 274/402/298 287/418/298
f 225/329/299 273/396/299 277/399/299 228/330/299
f 228/330/300 277/399/300 282/407/300 232/333/300
f 232/338/301 282/407/301 275/406/301 226/335/301
f 285/408/302 238/353/302 244/356/302 288/409/302
f 288/409/303 244/351/303 240/348/303 292/412/303
f 292/412/304 240/348/304 237/347/304 286/414/304
f 249/365/305 297/420/305 273/396/305 225/329/305
f 227/343/306 239/361/306 263/393/306 250/371/306
f 275/406/307 286/414/307 237/347/307 226/335/307
f 309/432/308 261/381/308 238/353/308 285/408/308
f 251/377/309 262/389/309 311/442/309 298/426/309
f 299/430/310 310/438/310 287/418/310 274/402/310
o iron_cradle
v -0.290000 0.480000 0.330000
v -0.290000 0.520000 0.370000
v -0.330000 0.520000 0.330000
v -0.290000 0.485344 0.349974
v -0.309974 0.485344 0.330000
v -0.309128 0.490535 0.349128
v -0.309974 0.520000 0.364656
v -0.290000 0.500026 0.364656
v -0.309128 0.500872 0.359465
v -0.324656 0.500026 0.330000
v -0.324656 0.520000 0.349974
v -0.319465 0.500872 0.349128
v -0.290000 0.620000 0.370000
v -0.290000 0.660000 0.330000
v -0.330000 0.620000 0.330000
v -0.290000 0.639974 0.364656
v -0.309974 0.620000 0.364656
v -0.309128 0.639128 0.359465
v -0.309974 0.654656 0.330000
v -0.290000 0.654656 0.349974
v -0.309128 0.649465 0.349128
v -0.324656 0.620000 0.349974
v -0.324656 0.639974 0.330000
v -0.319465 0.639128 0.349128
v -0.290000 0.480000 -0.290000
v -0.330000 0.520000 -0.290000
v -0.290000 0.520000 -0.330000
v -0.309974 0.485344 -0.290000
v -0.290000 0.485344 -0.309974
v -0.309128 0.490535 -0.309128
v -0.324656 0.520000 -0.309974
v -0.324656 0.500026 -0.290000
v -0.319465 0.500872 -0.309128
v -0.290000 0.500026 -0.324656
v -0.309974 0.520000 -0.324656
v -0.309128 0.500872 -0.319465
v -0.290000 0.660000 -0.290000
v -0.290000 0.620000 -0.330000
v -0.330000 0.620000 -0.290000
v -0.290000 0.654656 -0.309974
v -0.309974 0.654656 -0.290000
v -0.309128 0.649465 -0.309128
v -0.309974 0.620000 -0.324656
v -0.290000 0.639974 -0.324656
v -0.309128 0.639128 -0.319465
v -0.324656 0.639974 -0.290000
v -0.324656 0.620000 -0.309974
v -0.319465 0.639128 -0.309128
v 0.290000 0.480000 0.330000
v 0.330000 0.520000 0.330000
v 0.290000 0.520000 0.370000
v 0.309974 0.485344 0.330000
v 0.290000 0.485344 0.349974
v 0.309128 0.490535 0.349128
v 0.324656 0.520000 0.349974
v 0.324656 0.500026 0.330000
v 0.319465 0.500872 0.349128
v 0.290000 0.500026 0.364656
v 0.309974 0.520000 0.364656
v 0.309128 0.500872 0.359465
v 0.290000 0.660000 0.330000
v 0.290000 0.620000 0.370000
v 0.330000 0.620000 0.330000
v 0.290000 0.654656 0.349974
v 0.309974 0.654656 0.330000
v 0.309128 0.649465 0.349128
v 0.309974 0.620000 0.364656
v 0.290000 0.639974 0.364656
v 0.309128 0.639128 0.359465
v 0.324656 0.639974 0.330000
v 0.324656 0.620000 0.349974
v 0.319465 0.639128 0.349128
v 0.290000 0.480000 -0.290000
v 0.290000 0.520000 -0.330000
v 0.330000 0.520000 -0.290000
v 0.290000 0.485344 -0.309974
v 0.309974 0.485344 -0.290000
v 0.309128 0.490535 -0.309128
v 0.309974 0.520000 -0.324656
v 0.290000 0.500026 -0.324656
v 0.309128 0.500872 -0.319465
v 0.324656 0.500026 -0.290000
v 0.324656 0.520000 -0.309974
v 0.319465 0.500872 -0.309128
v 0.290000 0.660000 -0.290000
v 0.330000 0.620000 -0.290000
v 0.290000 0.620000 -0.330000
v 0.309974 0.654656 -0.290000
v 0.290000 0.654656 -0.309974
v 0.309128 0.649465 -0.309128
v 0.324656 0.620000 -0.309974
v 0.324656 0.639974 -0.290000
v 0.319465 0.639128 -0.309128
v 0.290000 0.639974 -0.324656
v 0.309974 0.620000 -0.324656
v 0.309128 0.639128 -0.319465
vn -0.2566 -0.9318 0.2566
vn -0.2178 -0.6901 0.6901
vn -0.2566 -0.2566 0.9318
vn -0.6901 -0.2178 0.6901
vn -0.9318 -0.2566 0.2566
vn -0.6901 -0.6901 0.2178
vn -0.5774 -0.5773 0.5774
vn -0.2566 0.2566 0.9318
vn -0.2178 0.6901 0.6901
vn -0.2566 0.9318 0.2566
vn -0.6901 0.6901 0.2178
vn -0.9318 0.2566 0.2566
vn -0.6901 0.2178 0.6901
vn -0.5774 0.5773 0.5774
vn -0.2566 -0.9318 -0.2566
vn -0.6901 -0.6901 -0.2178
vn -0.9318 -0.2566 -0.2566
vn -0.6901 -0.2178 -0.6901
vn -0.2566 -0.2566 -0.9318
vn -0.2178 -0.6901 -0.6901
vn -0.5774 -0.5773 -0.5774
vn -0.2566 0.9318 -0.2566
vn -0.2178 0.6901 -0.6901
vn -0.2566 0.2566 -0.9318
vn -0.6901 0.2178 -0.6901
vn -0.9318 0.2566 -0.2566
vn -0.6901 0.6901 -0.2178
vn -0.5774 0.5773 -0.5774
vn 0.2566 -0.9318 0.2566
vn 0.6901 -0.6901 0.2178
vn 0.9318 -0.2566 0.2566
vn 0.6901 -0.2178 0.6901
vn 0.2566 -0.2566 0.9318
vn 0.2178 -0.6901 0.6901
vn 0.5774 -0.5773 0.5774
vn 0.2566 0.9318 0.2566
vn 0.2178 0.6901 0.6901
vn 0.2566 0.2566 0.9318
vn 0.6901 0.2178 0.6901
vn 0.9318 0.2566 0.2566
vn 0.6901 0.6901 0.2178
vn 0.5774 0.5773 0.5774
vn 0.2566 -0.9318 -0.2566
vn 0.2178 -0.6901 -0.6901
vn 0.2566 -0.2566 -0.9318
vn 0.6901 -0.2178 -0.6901
vn 0.9318 -0.2566 -0.2566
vn 0.6901 -0.6901 -0.2178
vn 0.5774 -0.5773 -0.5774
vn 0.2566 0.9318 -0.2566
vn 0.6901 0.6901 -0.2178
vn 0.9318 0.2566 -0.2566
vn 0.6901 0.2178 -0.6901
vn 0.2566 0.2566 -0.9318
vn 0.2178 0.6901 -0.6901
vn 0.5774 0.5773 -0.5774
vn -0.2585 -0.9660 -0.0000
vn -0.7071 -0.7071 -0.0000
vn -0.9660 -0.2585 -0.0000
vn -0.2585 -0.0000 0.9660
vn -0.7071 -0.0000 0.7071
vn -0.9660 -0.0000 0.2585
vn -0.2585 0.9660 -0.0000
vn -0.7071 0.7071 -0.0000
vn -0.9660 0.2585 -0.0000
vn -0.2585 -0.0000 -0.9660
vn -0.7071 -0.0000 -0.7071
vn -0.9660 -0.0000 -0.2585
vn -0.0000 -0.9660 -0.2585
vn -0.0000 -0.7071 -0.7071
vn -0.0000 -0.2585 -0.9660
vn -0.0000 0.9660 -0.2585
vn -0.0000 0.7071 -0.7071
vn -0.0000 0.2585 -0.9660
vn 0.9660 -0.0000 -0.2585
vn 0.7071 -0.0000 -0.7071
vn 0.2585 -0.0000 -0.9660
vn 0.2585 -0.9660 -0.0000
vn 0.7071 -0.7071 -0.0000
vn 0.9660 -0.2585 -0.0000
vn 0.2585 0.9660 -0.0000
vn 0.7071 0.7071 -0.0000
vn 0.9660 0.2585 -0.0000
vn 0.2585 -0.0000 0.9660
vn 0.7071 -0.0000 0.7071
vn 0.9660 -0.0000 0.2585
vn -0.0000 -0.9660 0.2585
vn -0.0000 -0.7071 0.7071
vn -0.0000 -0.2585 0.9660
vn -0.0000 0.9660 0.2585
vn -0.0000 0.7071 0.7071
vn -0.0000 0.2585 0.9660
vn -0.0000 -1.0000 -0.0000
vn -1.0000 -0.0000 -0.0000
vn -0.0000 -0.0000 1.0000
vn -0.0000 1.0000 -0.0000
vn -0.0000 -0.0000 -1.0000
vn 1.0000 -0.0000 -0.0000
vt 0.140152 0.735714
vt 0.140152 0.742848
vt 0.132906 0.742546
vt 0.132586 0.735714
vt 0.140152 0.750000
vt 0.132906 0.750000
vt 0.430556 0.984848
vt 0.430556 1.000000
vt 0.375000 0.992094
vt 0.375000 0.984849
vt 0.430556 0.000000
vt 0.430556 0.007152
vt 0.375000 0.007454
vt 0.375000 0.000000
vt 0.430556 0.014286
vt 0.375000 0.014286
vt 0.125000 0.735714
vt 0.125000 0.742546
vt 0.569445 0.984849
vt 0.597186 0.984849
vt 0.596012 1.000000
vt 0.569444 1.000000
vt 0.625000 0.984849
vt 0.625000 1.000000
vt 0.859849 0.735714
vt 0.875000 0.735714
vt 0.875000 0.742546
vt 0.859848 0.750000
vt 0.625000 0.014286
vt 0.597186 0.014286
vt 0.596012 0.007454
vt 0.625000 0.007454
vt 0.569444 0.014286
vt 0.569444 0.007152
vt 0.569445 0.000000
vt 0.596012 0.000000
vt 0.140152 0.514286
vt 0.132586 0.514286
vt 0.132906 0.507454
vt 0.140152 0.507152
vt 0.125000 0.514286
vt 0.125000 0.507454
vt 0.430556 0.235714
vt 0.430556 0.242848
vt 0.375000 0.242546
vt 0.375000 0.235714
vt 0.430556 0.257586
vt 0.375000 0.257906
vt 0.430556 0.265152
vt 0.375000 0.265152
vt 0.140152 0.500000
vt 0.132906 0.500000
vt 0.859848 0.514286
vt 0.859848 0.500000
vt 0.875000 0.507454
vt 0.875000 0.514286
vt 0.625000 0.265152
vt 0.597186 0.265152
vt 0.596012 0.257003
vt 0.625000 0.245834
vt 0.569444 0.265152
vt 0.569444 0.257586
vt 0.569444 0.242848
vt 0.596012 0.242546
vt 0.569444 0.235714
vt 0.597186 0.235714
vt 0.625000 0.235714
vt 0.359848 0.735714
vt 0.367414 0.735714
vt 0.367094 0.742546
vt 0.359848 0.742848
vt 0.402814 0.735714
vt 0.401437 0.742546
vt 0.430556 0.735714
vt 0.430556 0.742848
vt 0.430556 0.757586
vt 0.372096 0.755002
vt 0.430556 0.765151
vt 0.367428 0.757580
vt 0.640152 0.735714
vt 0.632580 0.757572
vt 0.630002 0.752904
vt 0.632586 0.735714
vt 0.597186 0.765152
vt 0.596012 0.757906
vt 0.569444 0.765151
vt 0.569444 0.757585
vt 0.569444 0.742848
vt 0.596012 0.743431
vt 0.569444 0.735714
vt 0.597186 0.735714
vt 0.359848 0.514286
vt 0.359849 0.507152
vt 0.367094 0.507454
vt 0.367414 0.514286
vt 0.367428 0.492420
vt 0.372096 0.494998
vt 0.430556 0.484848
vt 0.430556 0.492414
vt 0.430556 0.507152
vt 0.401437 0.507454
vt 0.430556 0.514286
vt 0.402814 0.514286
vt 0.640152 0.514286
vt 0.632586 0.514286
vt 0.630002 0.497096
vt 0.632580 0.492428
vt 0.597186 0.514286
vt 0.596012 0.506569
vt 0.569444 0.514286
vt 0.569444 0.507152
vt 0.569444 0.492414
vt 0.596012 0.492094
vt 0.569445 0.484849
vt 0.597186 0.484849
s 0
usemtl BlackIron
f 321/444/311 324/445/311 326/446/311 325/447/311
f 324/445/312 328/448/312 329/449/312 326/446/312
f 322/450/313 327/451/313 329/452/313 328/453/313
f 327/454/314 331/455/314 332/456/314 329/457/314
f 323/458/315 330/459/315 332/456/315 331/455/315
f 330/460/316 325/447/316 326/446/316 332/461/316
f 326/446/317 329/449/317 332/461/317
f 333/462/318 336/463/318 338/464/318 337/465/318
f 336/463/319 340/466/319 341/467/319 338/464/319
f 334/468/320 339/469/320 341/470/320 340/471/320
f 339/472/321 343/473/321 344/474/321 341/475/321
f 335/476/322 342/477/322 344/474/322 343/473/322
f 342/477/323 337/478/323 338/479/323 344/474/323
f 338/479/324 341/475/324 344/474/324
f 345/480/325 348/481/325 350/482/325 349/483/325
f 348/481/326 352/484/326 353/485/326 350/482/326
f 346/486/327 351/487/327 353/488/327 352/489/327
f 351/487/328 355/490/328 356/491/328 353/488/328
f 347/492/329 354/493/329 356/491/329 355/490/329
f 354/494/330 349/483/330 350/482/330 356/495/330
f 350/482/331 353/485/331 356/495/331
f 357/496/332 360/497/332 362/498/332 361/499/332
f 360/500/333 364/501/333 365/502/333 362/503/333
f 358/504/334 363/505/334 365/502/334 364/501/334
f 363/505/335 367/506/335 368/507/335 365/502/335
f 359/508/336 366/509/336 368/507/336 367/506/336
f 366/509/337 361/510/337 362/503/337 368/507/337
f 362/503/338 365/502/338 368/507/338
f 369/511/339 372/512/339 374/513/339 373/514/339
f 372/512/340 376/515/340 377/516/340 374/513/340
f 370/517/341 375/518/341 377/516/341 376/515/341
f 375/518/342 379/519/342 380/520/342 377/516/342
f 371/521/343 378/522/343 380/520/343 379/519/343
f 378/522/344 373/514/344 374/513/344 380/520/344
f 374/513/345 377/516/345 380/520/345
f 381/523/346 384/524/346 386/525/346 385/526/346
f 384/524/347 388/527/347 389/528/347 386/525/347
f 382/529/348 387/530/348 389/528/348 388/527/348
f 387/530/349 391/531/349 392/532/349 389/528/349
f 383/533/350 390/534/350 392/532/350 391/531/350
f 390/534/351 385/526/351 386/525/351 392/532/351
f 386/525/352 389/528/352 392/532/352
f 393/535/353 396/536/353 398/537/353 397/538/353
f 396/536/354 400/539/354 401/540/354 398/537/354
f 394/541/355 399/542/355 401/540/355 400/539/355
f 399/542/356 403/543/356 404/544/356 401/540/356
f 395/545/357 402/546/357 404/544/357 403/543/357
f 402/546/358 397/538/358 398/537/358 404/544/358
f 398/537/359 401/540/359 404/544/359
f 405/547/360 408/548/360 410/549/360 409/550/360
f 408/548/361 412/551/361 413/552/361 410/549/361
f 406/553/362 411/554/362 413/552/362 412/551/362
f 411/554/363 415/555/363 416/556/363 413/552/363
f 407/557/364 414/558/364 416/556/364 415/555/364
f 414/558/365 409/550/365 410/549/365 416/556/365
f 410/549/366 413/552/366 416/556/366
f 345/480/367 321/444/367 325/447/367 348/481/367
f 348/481/368 325/447/368 330/460/368 352/484/368
f 352/489/369 330/459/369 323/458/369 346/486/369
f 322/450/370 333/462/370 337/465/370 327/451/370
f 327/454/371 337/478/371 342/477/371 331/455/371
f 331/455/372 342/477/372 335/476/372 323/458/372
f 334/468/373 357/496/373 361/499/373 339/469/373
f 339/472/374 361/510/374 366/509/374 343/473/374
f 343/473/375 366/509/375 359/508/375 335/476/375
f 358/504/376 347/492/376 355/490/376 363/505/376
f 363/505/377 355/490/377 351/487/377 367/506/377
f 367/506/378 351/487/378 346/486/378 359/508/378
f 393/535/379 345/480/379 349/483/379 396/536/379
f 396/536/380 349/483/380 354/494/380 400/539/380
f 400/539/381 354/493/381 347/492/381 394/541/381
f 357/496/382 405/547/382 409/550/382 360/497/382
f 360/500/383 409/550/383 414/558/383 364/501/383
f 364/501/384 414/558/384 407/557/384 358/504/384
f 406/553/385 395/545/385 403/543/385 411/554/385
f 411/554/386 403/543/386 399/542/386 415/555/386
f 415/555/387 399/542/387 394/541/387 407/557/387
f 369/511/388 393/535/388 397/538/388 372/512/388
f 372/512/389 397/538/389 402/546/389 376/515/389
f 376/515/390 402/546/390 395/545/390 370/517/390
f 405/547/391 381/523/391 385/526/391 408/548/391
f 408/548/392 385/526/392 390/534/392 412/551/392
f 412/551/393 390/534/393 383/533/393 406/553/393
f 382/529/394 371/521/394 379/519/394 387/530/394
f 387/530/395 379/519/395 375/518/395 391/531/395
f 391/531/396 375/518/396 370/517/396 383/533/396
f 321/444/397 369/511/397 373/514/397 324/445/397
f 324/445/398 373/514/398 378/522/398 328/448/398
f 328/453/399 378/522/399 371/521/399 322/450/399
f 381/523/400 334/468/400 340/471/400 384/524/400
f 384/524/401 340/466/401 336/463/401 388/527/401
f 388/527/402 336/463/402 333/462/402 382/529/402
f 345/480/403 393/535/403 369/511/403 321/444/403
f 323/458/404 335/476/404 359/508/404 346/486/404
f 371/521/405 382/529/405 333/462/405 322/450/405
f 405/547/406 357/496/406 334/468/406 381/523/406
f 347/492/407 358/504/407 407/557/407 394/541/407
f 395/545/408 406/553/408 383/533/408 370/517/408
o wood_wheel
v -0.525000 0.430000 -0.410000
v -0.395000 0.430000 -0.410000
v -0.525000 0.344495 -0.394923
v -0.395000 0.344495 -0.394923
v -0.525000 0.269303 -0.351511
v -0.395000 0.269303 -0.351511
v -0.525000 0.213494 -0.285000
v -0.395000 0.213494 -0.285000
v -0.525000 0.183798 -0.203412
v -0.395000 0.183798 -0.203412
v -0.525000 0.183798 -0.116588
v -0.395000 0.183798 -0.116588
v -0.525000 0.213494 -0.035000
v -0.395000 0.213494 -0.035000
v -0.525000 0.269303 0.031511
v -0.395000 0.269303 0.031511
v -0.525000 0.344495 0.074923
v -0.395000 0.344495 0.074923
v -0.525000 0.430000 0.090000
v -0.395000 0.430000 0.090000
v -0.525000 0.515505 0.074923
v -0.395000 0.515505 0.074923
v -0.525000 0.590697 0.031511
v -0.395000 0.590697 0.031511
v -0.525000 0.646506 -0.035000
v -0.395000 0.646506 -0.035000
v -0.525000 0.676202 -0.116588
v -0.395000 0.676202 -0.116588
v -0.525000 0.676202 -0.203412
v -0.395000 0.676202 -0.203412
v -0.525000 0.646506 -0.285000
v -0.395000 0.646506 -0.285000
v -0.525000 0.590697 -0.351511
v -0.395000 0.590697 -0.351511
v -0.525000 0.515505 -0.394923
v -0.395000 0.515505 -0.394923
vn -0.6700 -0.0000 -0.7423
vn 0.6700 -0.0000 -0.7423
vn -0.6700 -0.2539 -0.6976
vn 0.6700 -0.2539 -0.6976
vn -0.6700 -0.4772 -0.5687
vn 0.6700 -0.4772 -0.5687
vn -0.6700 -0.6429 -0.3712
vn 0.6700 -0.6429 -0.3712
vn -0.6700 -0.7311 -0.1289
vn 0.6700 -0.7311 -0.1289
vn -0.6700 -0.7311 0.1289
vn 0.6700 -0.7311 0.1289
vn -0.6700 -0.6429 0.3712
vn 0.6700 -0.6429 0.3712
vn -0.6700 -0.4772 0.5687
vn 0.6700 -0.4772 0.5687
vn -0.6700 -0.2539 0.6976
vn 0.6700 -0.2539 0.6976
vn -0.6700 -0.0000 0.7423
vn 0.6700 -0.0000 0.7423
vn -0.6700 0.2539 0.6976
vn 0.6700 0.2539 0.6976
vn -0.6700 0.4772 0.5687
vn 0.6700 0.4772 0.5687
vn -0.6700 0.6429 0.3712
vn 0.6700 0.6429 0.3712
vn -0.6700 0.7311 0.1289
vn 0.6700 0.7311 0.1289
vn -0.6700 0.7311 -0.1289
vn 0.6700 0.7311 -0.1289
vn -0.6700 0.6429 -0.3712
vn 0.6700 0.6429 -0.3712
vn -0.6700 0.4772 -0.5687
vn 0.6700 0.4772 -0.5687
vn -0.6700 0.2539 -0.6976
vn 0.6700 0.2539 -0.6976
vt 1.000000 0.500000
vt 1.000000 1.000000
vt 0.944444 1.000000
vt 0.944444 0.500000
vt 0.888889 1.000000
vt 0.888889 0.500000
vt 0.833333 1.000000
vt 0.833333 0.500000
vt 0.777778 1.000000
vt 0.777778 0.500000
vt 0.722222 1.000000
vt 0.722222 0.500000
vt 0.666667 1.000000
vt 0.666667 0.500000
vt 0.611111 1.000000
vt 0.611111 0.500000
vt 0.555555 1.000000
vt 0.555555 0.500000
vt 0.500000 1.000000
vt 0.500000 0.500000
vt 0.444444 1.000000
vt 0.444444 0.500000
vt 0.388889 1.000000
vt 0.388889 0.500000
vt 0.333333 1.000000
vt 0.333333 0.500000
vt 0.277778 1.000000
vt 0.277778 0.500000
vt 0.222222 1.000000
vt 0.222222 0.500000
vt 0.166666 1.000000
vt 0.166666 0.500000
vt 0.111111 1.000000
vt 0.111111 0.500000
vt 0.332085 0.475526
vt 0.250000 0.490000
vt 0.167915 0.475526
vt 0.095731 0.433851
vt 0.042154 0.370000
vt 0.013646 0.291676
vt 0.013646 0.208324
vt 0.042154 0.130000
vt 0.095731 0.066149
vt 0.167915 0.024474
vt 0.250000 0.010000
vt 0.332085 0.024474
vt 0.404269 0.066149
vt 0.457846 0.130000
vt 0.486354 0.208324
vt 0.486354 0.291676
vt 0.457846 0.370000
vt 0.404269 0.433851
vt 0.055555 1.000000
vt 0.055555 0.500000
vt -0.000000 1.000000
vt -0.000000 0.500000
vt 0.750000 0.490000
vt 0.832085 0.475526
vt 0.904269 0.433851
vt 0.957846 0.370000
vt 0.986354 0.291676
vt 0.986354 0.208324
vt 0.957846 0.130000
vt 0.904269 0.066149
vt 0.832085 0.024474
vt 0.750000 0.010000
vt 0.667915 0.024474
vt 0.595731 0.066149
vt 0.542154 0.130000
vt 0.513646 0.208324
vt 0.513646 0.291676
vt 0.542154 0.370000
vt 0.595731 0.433851
vt 0.667915 0.475526
s 1
usemtl OiledOak
f 417/559/409 418/560/410 420/561/412 419/562/411
f 419/562/411 420/561/412 422/563/414 421/564/413
f 421/564/413 422/563/414 424/565/416 423/566/415
f 423/566/415 424/565/416 426/567/418 425/568/417
f 425/568/417 426/567/418 428/569/420 427/570/419
f 427/570/419 428/569/420 430/571/422 429/572/421
f 429/572/421 430/571/422 432/573/424 431/574/423
f 431/574/423 432/573/424 434/575/426 433/576/425
f 433/576/425 434/575/426 436/577/428 435/578/427
f 435/578/427 436/577/428 438/579/430 437/580/429
f 437/580/429 438/579/430 440/581/432 439/582/431
f 439/582/431 440/581/432 442/583/434 441/584/433
f 441/584/433 442/583/434 444/585/436 443/586/435
f 443/586/435 444/585/436 446/587/438 445/588/437
f 445/588/437 446/587/438 448/589/440 447/590/439
f 447/590/439 448/589/440 450/591/442 449/592/441
f 420/593/412 418/594/410 452/595/444 450/596/442 448/597/440 446/598/438 444/599/436 442/600/434 440/601/432 438/602/430 436/603/428 434/604/426 432/605/424 430/606/422 428/607/420 426/608/418 424/609/416 422/610/414
f 449/592/441 450/591/442 452/611/444 451/612/443
f 451/612/443 452/611/444 418/613/410 417/614/409
f 417/615/409 419/616/411 421/617/413 423/618/415 425/619/417 427/620/419 429/621/421 431/622/423 433/623/425 435/624/427 437/625/429 439/626/431 441/627/433 443/628/435 445/629/437 447/630/439 449/631/441 451/632/443
o bronze_hub
v -0.540000 0.430000 -0.260000
v -0.380000 0.430000 -0.260000
v -0.540000 0.386612 -0.250097
v -0.380000 0.386612 -0.250097
v -0.540000 0.351817 -0.222349
v -0.380000 0.351817 -0.222349
v -0.540000 0.332507 -0.182252
v -0.380000 0.332507 -0.182252
v -0.540000 0.332507 -0.137748
v -0.380000 0.332507 -0.137748
v -0.540000 0.351817 -0.097651
v -0.380000 0.351817 -0.097651
v -0.540000 0.386612 -0.069903
v -0.380000 0.386612 -0.069903
v -0.540000 0.430000 -0.060000
v -0.380000 0.430000 -0.060000
v -0.540000 0.473388 -0.069903
v -0.380000 0.473388 -0.069903
v -0.540000 0.508183 -0.097651
v -0.380000 0.508183 -0.097651
v -0.540000 0.527493 -0.137748
v -0.380000 0.527493 -0.137748
v -0.540000 0.527493 -0.182252
v -0.380000 0.527493 -0.182252
v -0.540000 0.508183 -0.222349
v -0.380000 0.508183 -0.222349
v -0.540000 0.473388 -0.250097
v -0.380000 0.473388 -0.250097
vn -0.6603 -0.0000 -0.7510
vn 0.6603 -0.0000 -0.7510
vn -0.6603 -0.3259 -0.6766
vn 0.6603 -0.3259 -0.6766
vn -0.6603 -0.5872 -0.4682
vn 0.6603 -0.5872 -0.4682
vn -0.6603 -0.7322 -0.1671
vn 0.6603 -0.7322 -0.1671
vn -0.6603 -0.7322 0.1671
vn 0.6603 -0.7322 0.1671
vn -0.6603 -0.5872 0.4682
vn 0.6603 -0.5872 0.4682
vn -0.6603 -0.3259 0.6766
vn 0.6603 -0.3259 0.6766
vn -0.6603 -0.0000 0.7510
vn 0.6603 -0.0000 0.7510
vn -0.6603 0.3259 0.6766
vn 0.6603 0.3259 0.6766
vn -0.6603 0.5872 0.4682
vn 0.6603 0.5872 0.4682
vn -0.6603 0.7322 0.1671
vn 0.6603 0.7322 0.1671
vn -0.6603 0.7322 -0.1671
vn 0.6603 0.7322 -0.1671
vn -0.6603 0.5872 -0.4682
vn 0.6603 0.5872 -0.4682
vn -0.6603 0.3259 -0.6766
vn 0.6603 0.3259 -0.6766
vt 1.000000 0.500000
vt 1.000000 1.000000
vt 0.928571 1.000000
vt 0.928571 0.500000
vt 0.857143 1.000000
vt 0.857143 0.500000
vt 0.785714 1.000000
vt 0.785714 0.500000
vt 0.714286 1.000000
vt 0.714286 0.500000
vt 0.642857 1.000000
vt 0.642857 0.500000
vt 0.571428 1.000000
vt 0.571428 0.500000
vt 0.500000 1.000000
vt 0.500000 0.500000
vt 0.428571 1.000000
vt 0.428571 0.500000
vt 0.357143 1.000000
vt 0.357143 0.500000
vt 0.285714 1.000000
vt 0.285714 0.500000
vt 0.214286 1.000000
vt 0.214286 0.500000
vt 0.142857 1.000000
vt 0.142857 0.500000
vt 0.354132 0.466233
vt 0.250000 0.490000
vt 0.145868 0.466233
vt 0.062360 0.399638
vt 0.016017 0.303405
vt 0.016017 0.196595
vt 0.062360 0.100362
vt 0.145868 0.033767
vt 0.250000 0.010000
vt 0.354132 0.033767
vt 0.437640 0.100362
vt 0.483983 0.196595
vt 0.483983 0.303405
vt 0.437640 0.399638
vt 0.071428 1.000000
vt 0.071428 0.500000
vt -0.000000 1.000000
vt -0.000000 0.500000
vt 0.750000 0.490000
vt 0.854132 0.466233
vt 0.937640 0.399638
vt 0.983983 0.303405
vt 0.983983 0.196595
vt 0.937640 0.100362
vt 0.854132 0.033767
vt 0.750000 0.010000
vt 0.645868 0.033767
vt 0.562360 0.100362
vt 0.516017 0.196595
vt 0.516017 0.303405
vt 0.562360 0.399638
vt 0.645868 0.466233
s 1
usemtl WornBronze
f 453/633/445 454/634/446 456/635/448 455/636/447
f 455/636/447 456/635/448 458/637/450 457/638/449
f 457/638/449 458/637/450 460/639/452 459/640/451
f 459/640/451 460/639/452 462/641/454 461/642/453
f 461/642/453 462/641/454 464/643/456 463/644/455
f 463/644/455 464/643/456 466/645/458 465/646/457
f 465/646/457 466/645/458 468/647/460 467/648/459
f 467/648/459 468/647/460 470/649/462 469/650/461
f 469/650/461 470/649/462 472/651/464 471/652/463
f 471/652/463 472/651/464 474/653/466 473/654/465
f 473/654/465 474/653/466 476/655/468 475/656/467
f 475/656/467 476/655/468 478/657/470 477/658/469
f 456/659/448 454/660/446 480/661/472 478/662/470 476/663/468 474/664/466 472/665/464 470/666/462 468/667/460 466/668/458 464/669/456 462/670/454 460/671/452 458/672/450
f 477/658/469 478/657/470 480/673/472 479/674/471
f 479/674/471 480/673/472 454/675/446 453/676/445
f 453/677/445 455/678/447 457/679/449 459/680/451 461/681/453 463/682/455 465/683/457 467/684/459 469/685/461 471/686/463 473/687/465 475/688/467 477/689/469 479/690/471
o carriage_cheek
v -0.500000 0.475000 0.380000
v -0.500000 0.505000 0.410000
v -0.530000 0.505000 0.380000
v -0.500000 0.479008 0.394980
v -0.514980 0.479008 0.380000
v -0.514346 0.482901 0.394346
v -0.514980 0.505000 0.405992
v -0.500000 0.490020 0.405992
v -0.514346 0.490654 0.402099
v -0.525992 0.490020 0.380000
v -0.525992 0.505000 0.394980
v -0.522099 0.490654 0.394346
v -0.500000 0.835000 0.410000
v -0.500000 0.865000 0.380000
v -0.530000 0.835000 0.380000
v -0.500000 0.849980 0.405992
v -0.514980 0.835000 0.405992
v -0.514346 0.849346 0.402099
v -0.514980 0.860992 0.380000
v -0.500000 0.860992 0.394980
v -0.514346 0.857099 0.394346
v -0.525992 0.835000 0.394980
v -0.525992 0.849980 0.380000
v -0.522099 0.849346 0.394346
v -0.500000 0.475000 -0.300000
v -0.530000 0.505000 -0.300000
v -0.500000 0.505000 -0.330000
v -0.514980 0.479008 -0.300000
v -0.500000 0.479008 -0.314980
v -0.514346 0.482901 -0.314346
v -0.525992 0.505000 -0.314980
v -0.525992 0.490020 -0.300000
v -0.522099 0.490654 -0.314346
v -0.500000 0.490020 -0.325992
v -0.514980 0.505000 -0.325992
v -0.514346 0.490654 -0.322099
v -0.500000 0.865000 -0.300000
v -0.500000 0.835000 -0.330000
v -0.530000 0.835000 -0.300000
v -0.500000 0.860992 -0.314980
v -0.514980 0.860992 -0.300000
v -0.514346 0.857099 -0.314346
v -0.514980 0.835000 -0.325992
v -0.500000 0.849980 -0.325992
v -0.514346 0.849346 -0.322099
v -0.525992 0.849980 -0.300000
v -0.525992 0.835000 -0.314980
v -0.522099 0.849346 -0.314346
v -0.420000 0.475000 0.380000
v -0.390000 0.505000 0.380000
v -0.420000 0.505000 0.410000
v -0.405020 0.479008 0.380000
v -0.420000 0.479008 0.394980
v -0.405654 0.482901 0.394346
v -0.394008 0.505000 0.394980
v -0.394008 0.490020 0.380000
v -0.397901 0.490654 0.394346
v -0.420000 0.490020 0.405992
v -0.405020 0.505000 0.405992
v -0.405654 0.490654 0.402099
v -0.420000 0.865000 0.380000
v -0.420000 0.835000 0.410000
v -0.390000 0.835000 0.380000
v -0.420000 0.860992 0.394980
v -0.405020 0.860992 0.380000
v -0.405654 0.857099 0.394346
v -0.405020 0.835000 0.405992
v -0.420000 0.849980 0.405992
v -0.405654 0.849346 0.402099
v -0.394008 0.849980 0.380000
v -0.394008 0.835000 0.394980
v -0.397901 0.849346 0.394346
v -0.420000 0.475000 -0.300000
v -0.420000 0.505000 -0.330000
v -0.390000 0.505000 -0.300000
v -0.420000 0.479008 -0.314980
v -0.405020 0.479008 -0.300000
v -0.405654 0.482901 -0.314346
v -0.405020 0.505000 -0.325992
v -0.420000 0.490020 -0.325992
v -0.405654 0.490654 -0.322099
v -0.394008 0.490020 -0.300000
v -0.394008 0.505000 -0.314980
v -0.397901 0.490654 -0.314346
v -0.420000 0.865000 -0.300000
v -0.390000 0.835000 -0.300000
v -0.420000 0.835000 -0.330000
v -0.405020 0.860992 -0.300000
v -0.420000 0.860992 -0.314980
v -0.405654 0.857099 -0.314346
v -0.394008 0.835000 -0.314980
v -0.394008 0.849980 -0.300000
v -0.397901 0.849346 -0.314346
v -0.420000 0.849980 -0.325992
v -0.405020 0.835000 -0.325992
v -0.405654 0.849346 -0.322099
vn -0.2566 -0.9318 0.2566
vn -0.2178 -0.6901 0.6901
vn -0.2566 -0.2566 0.9318
vn -0.6901 -0.2178 0.6901
vn -0.9318 -0.2566 0.2566
vn -0.6901 -0.6901 0.2178
vn -0.5774 -0.5774 0.5773
vn -0.2566 0.2566 0.9318
vn -0.2178 0.6901 0.6901
vn -0.2566 0.9318 0.2566
vn -0.6901 0.6901 0.2178
vn -0.9318 0.2566 0.2566
vn -0.6901 0.2178 0.6901
vn -0.5774 0.5774 0.5773
vn -0.2566 -0.9318 -0.2566
vn -0.6901 -0.6901 -0.2178
vn -0.9318 -0.2566 -0.2566
vn -0.6901 -0.2178 -0.6901
vn -0.2566 -0.2566 -0.9318
vn -0.2178 -0.6901 -0.6901
vn -0.5774 -0.5774 -0.5773
vn -0.2566 0.9318 -0.2566
vn -0.2178 0.6901 -0.6901
vn -0.2566 0.2566 -0.9318
vn -0.6901 0.2178 -0.6901
vn -0.9318 0.2566 -0.2566
vn -0.6901 0.6901 -0.2178
vn -0.5774 0.5774 -0.5773
vn 0.2566 -0.9318 0.2566
vn 0.6901 -0.6901 0.2178
vn 0.9318 -0.2566 0.2566
vn 0.6901 -0.2178 0.6901
vn 0.2566 -0.2566 0.9318
vn 0.2178 -0.6901 0.6901
vn 0.5774 -0.5774 0.5773
vn 0.2566 0.9318 0.2566
vn 0.2178 0.6901 0.6901
vn 0.2566 0.2566 0.9318
vn 0.6901 0.2178 0.6901
vn 0.9318 0.2566 0.2566
vn 0.6901 0.6901 0.2178
vn 0.5774 0.5774 0.5773
vn 0.2566 -0.9318 -0.2566
vn 0.2178 -0.6901 -0.6901
vn 0.2566 -0.2566 -0.9318
vn 0.6901 -0.2178 -0.6901
vn 0.9318 -0.2566 -0.2566
vn 0.6901 -0.6901 -0.2178
vn 0.5774 -0.5774 -0.5773
vn 0.2566 0.9318 -0.2566
vn 0.6901 0.6901 -0.2178
vn 0.9318 0.2566 -0.2566
vn 0.6901 0.2178 -0.6901
vn 0.2566 0.2566 -0.9318
vn 0.2178 0.6901 -0.6901
vn 0.5774 0.5774 -0.5773
vn -0.2585 -0.9660 -0.0000
vn -0.7071 -0.7071 -0.0000
vn -0.9660 -0.2585 -0.0000
vn -0.2585 -0.0000 0.9660
vn -0.7071 -0.0000 0.7071
vn -0.9660 -0.0000 0.2585
vn -0.2585 0.9660 -0.0000
vn -0.7071 0.7071 -0.0000
vn -0.9660 0.2585 -0.0000
vn -0.2585 -0.0000 -0.9660
vn -0.7071 -0.0000 -0.7071
vn -0.9660 -0.0000 -0.2585
vn -0.0000 -0.9660 -0.2585
vn -0.0000 -0.7071 -0.7071
vn -0.0000 -0.2585 -0.9660
vn -0.0000 0.9660 -0.2585
vn -0.0000 0.7071 -0.7071
vn -0.0000 0.2585 -0.9660
vn 0.9660 -0.0000 -0.2585
vn 0.7071 -0.0000 -0.7071
vn 0.2585 -0.0000 -0.9660
vn 0.2585 -0.9660 -0.0000
vn 0.7071 -0.7071 -0.0000
vn 0.9660 -0.2585 -0.0000
vn 0.2585 0.9660 -0.0000
vn 0.7071 0.7071 -0.0000
vn 0.9660 0.2585 -0.0000
vn 0.2585 -0.0000 0.9660
vn 0.7071 -0.0000 0.7071
vn 0.9660 -0.0000 0.2585
vn -0.0000 -0.9660 0.2585
vn -0.0000 -0.7071 0.7071
vn -0.0000 -0.2585 0.9660
vn -0.0000 0.9660 0.2585
vn -0.0000 0.7071 0.7071
vn -0.0000 0.2585 0.9660
vn -0.0000 -1.0000 -0.0000
vn -1.0000 -0.0000 -0.0000
vn -0.0000 -0.0000 1.0000
vn -0.0000 1.0000 -0.0000
vn -0.0000 -0.0000 -1.0000
vn 1.0000 -0.0000 -0.0000
vt 0.178571 0.739865
vt 0.178571 0.744926
vt 0.152953 0.744712
vt 0.151821 0.739865
vt 0.178571 0.750000
vt 0.152953 0.750000
vt 0.394231 0.946429
vt 0.394231 1.000000
vt 0.375000 0.972047
vt 0.375000 0.946429
vt 0.394231 0.000000
vt 0.394231 0.005074
vt 0.375000 0.005288
vt 0.375000 0.000000
vt 0.394231 0.010135
vt 0.375000 0.010135
vt 0.125000 0.739865
vt 0.125000 0.744712
vt 0.605769 0.946429
vt 0.615372 0.946429
vt 0.614966 1.000000
vt 0.605769 1.000000
vt 0.625000 0.946429
vt 0.625000 1.000000
vt 0.821429 0.739865
vt 0.875000 0.739865
vt 0.875000 0.744712
vt 0.821429 0.750000
vt 0.625000 0.010135
vt 0.615372 0.010135
vt 0.614966 0.005288
vt 0.625000 0.005288
vt 0.605769 0.010135
vt 0.605769 0.005074
vt 0.605769 0.000000
vt 0.614966 0.000000
vt 0.178571 0.510135
vt 0.151821 0.510135
vt 0.152953 0.505288
vt 0.178571 0.505074
vt 0.125000 0.510135
vt 0.125000 0.505288
vt 0.394231 0.239865
vt 0.394231 0.244926
vt 0.375000 0.244712
vt 0.375000 0.239865
vt 0.394231 0.276821
vt 0.375000 0.277953
vt 0.394231 0.303571
vt 0.375000 0.303571
vt 0.178571 0.500000
vt 0.152953 0.500000
vt 0.821429 0.510135
vt 0.821429 0.500000
vt 0.875000 0.505288
vt 0.875000 0.510135
vt 0.625000 0.303571
vt 0.615372 0.303571
vt 0.614966 0.275584
vt 0.625000 0.247044
vt 0.605769 0.303571
vt 0.605769 0.276821
vt 0.605769 0.244926
vt 0.614966 0.244712
vt 0.605769 0.239865
vt 0.615372 0.239865
vt 0.625000 0.239865
vt 0.321429 0.739865
vt 0.348179 0.739865
vt 0.347047 0.744712
vt 0.321429 0.744926
vt 0.384628 0.739865
vt 0.383166 0.744712
vt 0.394231 0.739865
vt 0.394231 0.744926
vt 0.394231 0.776821
vt 0.364734 0.767687
vt 0.394231 0.803572
vt 0.348493 0.777065
vt 0.678571 0.739865
vt 0.652065 0.776507
vt 0.642687 0.760266
vt 0.651821 0.739865
vt 0.615372 0.803571
vt 0.614966 0.777953
vt 0.605769 0.803571
vt 0.605769 0.776821
vt 0.605769 0.744926
vt 0.614966 0.746212
vt 0.605769 0.739865
vt 0.615372 0.739865
vt 0.321429 0.510135
vt 0.321429 0.505074
vt 0.347047 0.505288
vt 0.348179 0.510135
vt 0.348493 0.472935
vt 0.364734 0.482313
vt 0.394231 0.446429
vt 0.394231 0.473179
vt 0.394231 0.505074
vt 0.383166 0.505288
vt 0.394231 0.510135
vt 0.384628 0.510135
vt 0.678571 0.510135
vt 0.651821 0.510135
vt 0.642687 0.489734
vt 0.652065 0.473493
vt 0.615372 0.510135
vt 0.614966 0.503788
vt 0.605769 0.510135
vt 0.605769 0.505074
vt 0.605769 0.473179
vt 0.614966 0.472047
vt 0.605769 0.446429
vt 0.615372 0.446429
s 0
usemtl OiledOak
f 481/691/473 484/692/473 486/693/473 485/694/473
f 484/692/474 488/695/474 489/696/474 486/693/474
f 482/697/475 487/698/475 489/699/475 488/700/475
f 487/701/476 491/702/476 492/703/476 489/704/476
f 483/705/477 490/706/477 492/703/477 491/702/477
f 490/707/478 485/694/478 486/693/478 492/708/478
f 486/693/479 489/696/479 492/708/479
f 493/709/480 496/710/480 498/711/480 497/712/480
f 496/710/481 500/713/481 501/714/481 498/711/481
f 494/715/482 499/716/482 501/717/482 500/718/482
f 499/719/483 503/720/483 504/721/483 501/722/483
f 495/723/484 502/724/484 504/721/484 503/720/484
f 502/724/485 497/725/485 498/726/485 504/721/485
f 498/726/486 501/722/486 504/721/486
f 505/727/487 508/728/487 510/729/487 509/730/487
f 508/728/488 512/731/488 513/732/488 510/729/488
f 506/733/489 511/734/489 513/735/489 512/736/489
f 511/734/490 515/737/490 516/738/490 513/735/490
f 507/739/491 514/740/491 516/738/491 515/737/491
f 514/741/492 509/730/492 510/729/492 516/742/492
f 510/729/493 513/732/493 516/742/493
f 517/743/494 520/744/494 522/745/494 521/746/494
f 520/747/495 524/748/495 525/749/495 522/750/495
f 518/751/496 523/752/496 525/749/496 524/748/496
f 523/752/497 527/753/497 528/754/497 525/749/497
f 519/755/498 526/756/498 528/754/498 527/753/498
f 526/756/499 521/757/499 522/750/499 528/754/499
f 522/750/500 525/749/500 528/754/500
f 529/758/501 532/759/501 534/760/501 533/761/501
f 532/759/502 536/762/502 537/763/502 534/760/502
f 530/764/503 535/765/503 537/763/503 536/762/503
f 535/765/504 539/766/504 540/767/504 537/763/504
f 531/768/505 538/769/505 540/767/505 539/766/505
f 538/769/506 533/761/506 534/760/506 540/767/506
f 534/760/507 537/763/507 540/767/507
f 541/770/508 544/771/508 546/772/508 545/773/508
f 544/771/509 548/774/509 549/775/509 546/772/509
f 542/776/510 547/777/510 549/775/510 548/774/510
f 547/777/511 551/778/511 552/779/511 549/775/511
f 543/780/512 550/781/512 552/779/512 551/778/512
f 550/781/513 545/773/513 546/772/513 552/779/513
f 546/772/514 549/775/514 552/779/514
f 553/782/515 556/783/515 558/784/515 557/785/515
f 556/783/516 560/786/516 561/787/516 558/784/516
f 554/788/517 559/789/517 561/787/517 560/786/517
f 559/789/518 563/790/518 564/791/518 561/787/518
f 555/792/519 562/793/519 564/791/519 563/790/519
f 562/793/520 557/785/520 558/784/520 564/791/520
f 558/784/521 561/787/521 564/791/521
f 565/794/522 568/795/522 570/796/522 569/797/522
f 568/795/523 572/798/523 573/799/523 570/796/523
f 566/800/524 571/801/524 573/799/524 572/798/524
f 571/801/525 575/802/525 576/803/525 573/799/525
f 567/804/526 574/805/526 576/803/526 575/802/526
f 574/805/527 569/797/527 570/796/527 576/803/527
f 570/796/528 573/799/528 576/803/528
f 505/727/529 481/691/529 485/694/529 508/728/529
f 508/728/530 485/694/530 490/707/530 512/731/530
f 512/736/531 490/706/531 483/705/531 506/733/531
f 482/697/532 493/709/532 497/712/532 487/698/532
f 487/701/533 497/725/533 502/724/533 491/702/533
f 491/702/534 502/724/534 495/723/534 483/705/534
f 494/715/535 517/743/535 521/746/535 499/716/535
f 499/719/536 521/757/536 526/756/536 503/720/536
f 503/720/537 526/756/537 519/755/537 495/723/537
f 518/751/538 507/739/538 515/737/538 523/752/538
f 523/752/539 515/737/539 511/734/539 527/753/539
f 527/753/540 511/734/540 506/733/540 519/755/540
f 553/782/541 505/727/541 509/730/541 556/783/541
f 556/783/542 509/730/542 514/741/542 560/786/542
f 560/786/543 514/740/543 507/739/543 554/788/543
f 517/743/544 565/794/544 569/797/544 520/744/544
f 520/747/545 569/797/545 574/805/545 524/748/545
f 524/748/546 574/805/546 567/804/546 518/751/546
f 566/800/547 555/792/547 563/790/547 571/801/547
f 571/801/548 563/790/548 559/789/548 575/802/548
f 575/802/549 559/789/549 554/788/549 567/804/549
f 529/758/550 553/782/550 557/785/550 532/759/550
f 532/759/551 557/785/551 562/793/551 536/762/551
f 536/762/552 562/793/552 555/792/552 530/764/552
f 565/794/553 541/770/553 545/773/553 568/795/553
f 568/795/554 545/773/554 550/781/554 572/798/554
f 572/798/555 550/781/555 543/780/555 566/800/555
f 542/776/556 531/768/556 539/766/556 547/777/556
f 547/777/557 539/766/557 535/765/557 551/778/557
f 551/778/558 535/765/558 530/764/558 543/780/558
f 481/691/559 529/758/559 533/761/559 484/692/559
f 484/692/560 533/761/560 538/769/560 488/695/560
f 488/700/561 538/769/561 531/768/561 482/697/561
f 541/770/562 494/715/562 500/718/562 544/771/562
f 544/771/563 500/713/563 496/710/563 548/774/563
f 548/774/564 496/710/564 493/709/564 542/776/564
f 505/727/565 553/782/565 529/758/565 481/691/565
f 483/705/566 495/723/566 519/755/566 506/733/566
f 531/768/567 542/776/567 493/709/567 482/697/567
f 565/794/568 517/743/568 494/715/568 541/770/568
f 507/739/569 518/751/569 567/804/569 554/788/569
f 555/792/570 566/800/570 543/780/570 530/764/570
o iron_trunnion
v -0.570000 0.780000 0.075000
v -0.350000 0.780000 0.075000
v -0.570000 0.734442 0.085398
v -0.350000 0.734442 0.085398
v -0.570000 0.697908 0.114534
v -0.350000 0.697908 0.114534
v -0.570000 0.677633 0.156635
v -0.350000 0.677633 0.156635
v -0.570000 0.677633 0.203365
v -0.350000 0.677633 0.203365
v -0.570000 0.697908 0.245466
v -0.350000 0.697908 0.245466
v -0.570000 0.734442 0.274602
v -0.350000 0.734442 0.274602
v -0.570000 0.780000 0.285000
v -0.350000 0.780000 0.285000
v -0.570000 0.825558 0.274602
v -0.350000 0.825558 0.274602
v -0.570000 0.862092 0.245466
v -0.350000 0.862092 0.245466
v -0.570000 0.882367 0.203365
v -0.350000 0.882367 0.203365
v -0.570000 0.882367 0.156635
v -0.350000 0.882367 0.156635
v -0.570000 0.862092 0.114534
v -0.350000 0.862092 0.114534
v -0.570000 0.825558 0.085398
v -0.350000 0.825558 0.085398
vn -0.6603 -0.0000 -0.7510
vn 0.6603 -0.0000 -0.7510
vn -0.6603 -0.3259 -0.6766
vn 0.6603 -0.3259 -0.6766
vn -0.6603 -0.5872 -0.4682
vn 0.6603 -0.5872 -0.4682
vn -0.6603 -0.7322 -0.1671
vn 0.6603 -0.7322 -0.1671
vn -0.6603 -0.7322 0.1671
vn 0.6603 -0.7322 0.1671
vn -0.6603 -0.5872 0.4682
vn 0.6603 -0.5872 0.4682
vn -0.6603 -0.3259 0.6766
vn 0.6603 -0.3259 0.6766
vn -0.6603 -0.0000 0.7510
vn 0.6603 -0.0000 0.7510
vn -0.6603 0.3259 0.6766
vn 0.6603 0.3259 0.6766
vn -0.6603 0.5872 0.4682
vn 0.6603 0.5872 0.4682
vn -0.6603 0.7322 0.1671
vn 0.6603 0.7322 0.1671
vn -0.6603 0.7322 -0.1671
vn 0.6603 0.7322 -0.1671
vn -0.6603 0.5872 -0.4682
vn 0.6603 0.5872 -0.4682
vn -0.6603 0.3259 -0.6766
vn 0.6603 0.3259 -0.6766
vt 1.000000 0.500000
vt 1.000000 1.000000
vt 0.928571 1.000000
vt 0.928571 0.500000
vt 0.857143 1.000000
vt 0.857143 0.500000
vt 0.785714 1.000000
vt 0.785714 0.500000
vt 0.714286 1.000000
vt 0.714286 0.500000
vt 0.642857 1.000000
vt 0.642857 0.500000
vt 0.571428 1.000000
vt 0.571428 0.500000
vt 0.500000 1.000000
vt 0.500000 0.500000
vt 0.428571 1.000000
vt 0.428571 0.500000
vt 0.357143 1.000000
vt 0.357143 0.500000
vt 0.285714 1.000000
vt 0.285714 0.500000
vt 0.214286 1.000000
vt 0.214286 0.500000
vt 0.142857 1.000000
vt 0.142857 0.500000
vt 0.354132 0.466233
vt 0.250000 0.490000
vt 0.145868 0.466233
vt 0.062360 0.399638
vt 0.016017 0.303405
vt 0.016017 0.196595
vt 0.062360 0.100362
vt 0.145868 0.033767
vt 0.250000 0.010000
vt 0.354132 0.033767
vt 0.437640 0.100362
vt 0.483983 0.196595
vt 0.483983 0.303405
vt 0.437640 0.399638
vt 0.071428 1.000000
vt 0.071428 0.500000
vt -0.000000 1.000000
vt -0.000000 0.500000
vt 0.750000 0.490000
vt 0.854132 0.466233
vt 0.937640 0.399638
vt 0.983983 0.303405
vt 0.983983 0.196595
vt 0.937640 0.100362
vt 0.854132 0.033767
vt 0.750000 0.010000
vt 0.645868 0.033767
vt 0.562360 0.100362
vt 0.516017 0.196595
vt 0.516017 0.303405
vt 0.562360 0.399638
vt 0.645868 0.466233
s 1
usemtl BlackIron
f 577/806/571 578/807/572 580/808/574 579/809/573
f 579/809/573 580/808/574 582/810/576 581/811/575
f 581/811/575 582/810/576 584/812/578 583/813/577
f 583/813/577 584/812/578 586/814/580 585/815/579
f 585/815/579 586/814/580 588/816/582 587/817/581
f 587/817/581 588/816/582 590/818/584 589/819/583
f 589/819/583 590/818/584 592/820/586 591/821/585
f 591/821/585 592/820/586 594/822/588 593/823/587
f 593/823/587 594/822/588 596/824/590 595/825/589
f 595/825/589 596/824/590 598/826/592 597/827/591
f 597/827/591 598/826/592 600/828/594 599/829/593
f 599/829/593 600/828/594 602/830/596 601/831/595
f 580/832/574 578/833/572 604/834/598 602/835/596 600/836/594 598/837/592 596/838/590 594/839/588 592/840/586 590/841/584 588/842/582 586/843/580 584/844/578 582/845/576
f 601/831/595 602/830/596 604/846/598 603/847/597
f 603/847/597 604/846/598 578/848/572 577/849/571
f 577/850/571 579/851/573 581/852/575 583/853/577 585/854/579 587/855/581 589/856/583 591/857/585 593/858/587 595/859/589 597/860/591 599/861/593 601/862/595 603/863/597
o wood_wheel.001
v 0.395000 0.430000 -0.410000
v 0.525000 0.430000 -0.410000
v 0.395000 0.344495 -0.394923
v 0.525000 0.344495 -0.394923
v 0.395000 0.269303 -0.351511
v 0.525000 0.269303 -0.351511
v 0.395000 0.213494 -0.285000
v 0.525000 0.213494 -0.285000
v 0.395000 0.183798 -0.203412
v 0.525000 0.183798 -0.203412
v 0.395000 0.183798 -0.116588
v 0.525000 0.183798 -0.116588
v 0.395000 0.213494 -0.035000
v 0.525000 0.213494 -0.035000
v 0.395000 0.269303 0.031511
v 0.525000 0.269303 0.031511
v 0.395000 0.344495 0.074923
v 0.525000 0.344495 0.074923
v 0.395000 0.430000 0.090000
v 0.525000 0.430000 0.090000
v 0.395000 0.515505 0.074923
v 0.525000 0.515505 0.074923
v 0.395000 0.590697 0.031511
v 0.525000 0.590697 0.031511
v 0.395000 0.646506 -0.035000
v 0.525000 0.646506 -0.035000
v 0.395000 0.676202 -0.116588
v 0.525000 0.676202 -0.116588
v 0.395000 0.676202 -0.203412
v 0.525000 0.676202 -0.203412
v 0.395000 0.646506 -0.285000
v 0.525000 0.646506 -0.285000
v 0.395000 0.590697 -0.351511
v 0.525000 0.590697 -0.351511
v 0.395000 0.515505 -0.394923
v 0.525000 0.515505 -0.394923
vn -0.6700 -0.0000 -0.7423
vn 0.6700 -0.0000 -0.7423
vn -0.6700 -0.2539 -0.6976
vn 0.6700 -0.2539 -0.6976
vn -0.6700 -0.4772 -0.5687
vn 0.6700 -0.4772 -0.5687
vn -0.6700 -0.6429 -0.3712
vn 0.6700 -0.6429 -0.3712
vn -0.6700 -0.7311 -0.1289
vn 0.6700 -0.7311 -0.1289
vn -0.6700 -0.7311 0.1289
vn 0.6700 -0.7311 0.1289
vn -0.6700 -0.6429 0.3712
vn 0.6700 -0.6429 0.3712
vn -0.6700 -0.4772 0.5687
vn 0.6700 -0.4772 0.5687
vn -0.6700 -0.2539 0.6976
vn 0.6700 -0.2539 0.6976
vn -0.6700 -0.0000 0.7423
vn 0.6700 -0.0000 0.7423
vn -0.6700 0.2539 0.6976
vn 0.6700 0.2539 0.6976
vn -0.6700 0.4772 0.5687
vn 0.6700 0.4772 0.5687
vn -0.6700 0.6429 0.3712
vn 0.6700 0.6429 0.3712
vn -0.6700 0.7311 0.1289
vn 0.6700 0.7311 0.1289
vn -0.6700 0.7311 -0.1289
vn 0.6700 0.7311 -0.1289
vn -0.6700 0.6429 -0.3712
vn 0.6700 0.6429 -0.3712
vn -0.6700 0.4772 -0.5687
vn 0.6700 0.4772 -0.5687
vn -0.6700 0.2539 -0.6976
vn 0.6700 0.2539 -0.6976
vt 1.000000 0.500000
vt 1.000000 1.000000
vt 0.944444 1.000000
vt 0.944444 0.500000
vt 0.888889 1.000000
vt 0.888889 0.500000
vt 0.833333 1.000000
vt 0.833333 0.500000
vt 0.777778 1.000000
vt 0.777778 0.500000
vt 0.722222 1.000000
vt 0.722222 0.500000
vt 0.666667 1.000000
vt 0.666667 0.500000
vt 0.611111 1.000000
vt 0.611111 0.500000
vt 0.555555 1.000000
vt 0.555555 0.500000
vt 0.500000 1.000000
vt 0.500000 0.500000
vt 0.444444 1.000000
vt 0.444444 0.500000
vt 0.388889 1.000000
vt 0.388889 0.500000
vt 0.333333 1.000000
vt 0.333333 0.500000
vt 0.277778 1.000000
vt 0.277778 0.500000
vt 0.222222 1.000000
vt 0.222222 0.500000
vt 0.166666 1.000000
vt 0.166666 0.500000
vt 0.111111 1.000000
vt 0.111111 0.500000
vt 0.332085 0.475526
vt 0.250000 0.490000
vt 0.167915 0.475526
vt 0.095731 0.433851
vt 0.042154 0.370000
vt 0.013646 0.291676
vt 0.013646 0.208324
vt 0.042154 0.130000
vt 0.095731 0.066149
vt 0.167915 0.024474
vt 0.250000 0.010000
vt 0.332085 0.024474
vt 0.404269 0.066149
vt 0.457846 0.130000
vt 0.486354 0.208324
vt 0.486354 0.291676
vt 0.457846 0.370000
vt 0.404269 0.433851
vt 0.055555 1.000000
vt 0.055555 0.500000
vt -0.000000 1.000000
vt -0.000000 0.500000
vt 0.750000 0.490000
vt 0.832085 0.475526
vt 0.904269 0.433851
vt 0.957846 0.370000
vt 0.986354 0.291676
vt 0.986354 0.208324
vt 0.957846 0.130000
vt 0.904269 0.066149
vt 0.832085 0.024474
vt 0.750000 0.010000
vt 0.667915 0.024474
vt 0.595731 0.066149
vt 0.542154 0.130000
vt 0.513646 0.208324
vt 0.513646 0.291676
vt 0.542154 0.370000
vt 0.595731 0.433851
vt 0.667915 0.475526
s 1
usemtl OiledOak
f 605/864/599 606/865/600 608/866/602 607/867/601
f 607/867/601 608/866/602 610/868/604 609/869/603
f 609/869/603 610/868/604 612/870/606 611/871/605
f 611/871/605 612/870/606 614/872/608 613/873/607
f 613/873/607 614/872/608 616/874/610 615/875/609
f 615/875/609 616/874/610 618/876/612 617/877/611
f 617/877/611 618/876/612 620/878/614 619/879/613
f 619/879/613 620/878/614 622/880/616 621/881/615
f 621/881/615 622/880/616 624/882/618 623/883/617
f 623/883/617 624/882/618 626/884/620 625/885/619
f 625/885/619 626/884/620 628/886/622 627/887/621
f 627/887/621 628/886/622 630/888/624 629/889/623
f 629/889/623 630/888/624 632/890/626 631/891/625
f 631/891/625 632/890/626 634/892/628 633/893/627
f 633/893/627 634/892/628 636/894/630 635/895/629
f 635/895/629 636/894/630 638/896/632 637/897/631
f 608/898/602 606/899/600 640/900/634 638/901/632 636/902/630 634/903/628 632/904/626 630/905/624 628/906/622 626/907/620 624/908/618 622/909/616 620/910/614 618/911/612 616/912/610 614/913/608 612/914/606 610/915/604
f 637/897/631 638/896/632 640/916/634 639/917/633
f 639/917/633 640/916/634 606/918/600 605/919/599
f 605/920/599 607/921/601 609/922/603 611/923/605 613/924/607 615/925/609 617/926/611 619/927/613 621/928/615 623/929/617 625/930/619 627/931/621 629/932/623 631/933/625 633/934/627 635/935/629 637/936/631 639/937/633
o bronze_hub.001
v 0.380000 0.430000 -0.260000
v 0.540000 0.430000 -0.260000
v 0.380000 0.386612 -0.250097
v 0.540000 0.386612 -0.250097
v 0.380000 0.351817 -0.222349
v 0.540000 0.351817 -0.222349
v 0.380000 0.332507 -0.182252
v 0.540000 0.332507 -0.182252
v 0.380000 0.332507 -0.137748
v 0.540000 0.332507 -0.137748
v 0.380000 0.351817 -0.097651
v 0.540000 0.351817 -0.097651
v 0.380000 0.386612 -0.069903
v 0.540000 0.386612 -0.069903
v 0.380000 0.430000 -0.060000
v 0.540000 0.430000 -0.060000
v 0.380000 0.473388 -0.069903
v 0.540000 0.473388 -0.069903
v 0.380000 0.508183 -0.097651
v 0.540000 0.508183 -0.097651
v 0.380000 0.527493 -0.137748
v 0.540000 0.527493 -0.137748
v 0.380000 0.527493 -0.182252
v 0.540000 0.527493 -0.182252
v 0.380000 0.508183 -0.222349
v 0.540000 0.508183 -0.222349
v 0.380000 0.473388 -0.250097
v 0.540000 0.473388 -0.250097
vn -0.6603 -0.0000 -0.7510
vn 0.6603 -0.0000 -0.7510
vn -0.6603 -0.3259 -0.6766
vn 0.6603 -0.3259 -0.6766
vn -0.6603 -0.5872 -0.4682
vn 0.6603 -0.5872 -0.4682
vn -0.6603 -0.7322 -0.1671
vn 0.6603 -0.7322 -0.1671
vn -0.6603 -0.7322 0.1671
vn 0.6603 -0.7322 0.1671
vn -0.6603 -0.5872 0.4682
vn 0.6603 -0.5872 0.4682
vn -0.6603 -0.3259 0.6766
vn 0.6603 -0.3259 0.6766
vn -0.6603 -0.0000 0.7510
vn 0.6603 -0.0000 0.7510
vn -0.6603 0.3259 0.6766
vn 0.6603 0.3259 0.6766
vn -0.6603 0.5872 0.4682
vn 0.6603 0.5872 0.4682
vn -0.6603 0.7322 0.1671
vn 0.6603 0.7322 0.1671
vn -0.6603 0.7322 -0.1671
vn 0.6603 0.7322 -0.1671
vn -0.6603 0.5872 -0.4682
vn 0.6603 0.5872 -0.4682
vn -0.6603 0.3259 -0.6766
vn 0.6603 0.3259 -0.6766
vt 1.000000 0.500000
vt 1.000000 1.000000
vt 0.928571 1.000000
vt 0.928571 0.500000
vt 0.857143 1.000000
vt 0.857143 0.500000
vt 0.785714 1.000000
vt 0.785714 0.500000
vt 0.714286 1.000000
vt 0.714286 0.500000
vt 0.642857 1.000000
vt 0.642857 0.500000
vt 0.571428 1.000000
vt 0.571428 0.500000
vt 0.500000 1.000000
vt 0.500000 0.500000
vt 0.428571 1.000000
vt 0.428571 0.500000
vt 0.357143 1.000000
vt 0.357143 0.500000
vt 0.285714 1.000000
vt 0.285714 0.500000
vt 0.214286 1.000000
vt 0.214286 0.500000
vt 0.142857 1.000000
vt 0.142857 0.500000
vt 0.354132 0.466233
vt 0.250000 0.490000
vt 0.145868 0.466233
vt 0.062360 0.399638
vt 0.016017 0.303405
vt 0.016017 0.196595
vt 0.062360 0.100362
vt 0.145868 0.033767
vt 0.250000 0.010000
vt 0.354132 0.033767
vt 0.437640 0.100362
vt 0.483983 0.196595
vt 0.483983 0.303405
vt 0.437640 0.399638
vt 0.071428 1.000000
vt 0.071428 0.500000
vt -0.000000 1.000000
vt -0.000000 0.500000
vt 0.750000 0.490000
vt 0.854132 0.466233
vt 0.937640 0.399638
vt 0.983983 0.303405
vt 0.983983 0.196595
vt 0.937640 0.100362
vt 0.854132 0.033767
vt 0.750000 0.010000
vt 0.645868 0.033767
vt 0.562360 0.100362
vt 0.516017 0.196595
vt 0.516017 0.303405
vt 0.562360 0.399638
vt 0.645868 0.466233
s 1
usemtl WornBronze
f 641/938/635 642/939/636 644/940/638 643/941/637
f 643/941/637 644/940/638 646/942/640 645/943/639
f 645/943/639 646/942/640 648/944/642 647/945/641
f 647/945/641 648/944/642 650/946/644 649/947/643
f 649/947/643 650/946/644 652/948/646 651/949/645
f 651/949/645 652/948/646 654/950/648 653/951/647
f 653/951/647 654/950/648 656/952/650 655/953/649
f 655/953/649 656/952/650 658/954/652 657/955/651
f 657/955/651 658/954/652 660/956/654 659/957/653
f 659/957/653 660/956/654 662/958/656 661/959/655
f 661/959/655 662/958/656 664/960/658 663/961/657
f 663/961/657 664/960/658 666/962/660 665/963/659
f 644/964/638 642/965/636 668/966/662 666/967/660 664/968/658 662/969/656 660/970/654 658/971/652 656/972/650 654/973/648 652/974/646 650/975/644 648/976/642 646/977/640
f 665/963/659 666/962/660 668/978/662 667/979/661
f 667/979/661 668/978/662 642/980/636 641/981/635
f 641/982/635 643/983/637 645/984/639 647/985/641 649/986/643 651/987/645 653/988/647 655/989/649 657/990/651 659/991/653 661/992/655 663/993/657 665/994/659 667/995/661
o carriage_cheek.001
v 0.420000 0.475000 0.380000
v 0.420000 0.505000 0.410000
v 0.390000 0.505000 0.380000
v 0.420000 0.479008 0.394980
v 0.405020 0.479008 0.380000
v 0.405654 0.482901 0.394346
v 0.405020 0.505000 0.405992
v 0.420000 0.490020 0.405992
v 0.405654 0.490654 0.402099
v 0.394008 0.490020 0.380000
v 0.394008 0.505000 0.394980
v 0.397901 0.490654 0.394346
v 0.420000 0.835000 0.410000
v 0.420000 0.865000 0.380000
v 0.390000 0.835000 0.380000
v 0.420000 0.849980 0.405992
v 0.405020 0.835000 0.405992
v 0.405654 0.849346 0.402099
v 0.405020 0.860992 0.380000
v 0.420000 0.860992 0.394980
v 0.405654 0.857099 0.394346
v 0.394008 0.835000 0.394980
v 0.394008 0.849980 0.380000
v 0.397901 0.849346 0.394346
v 0.420000 0.475000 -0.300000
v 0.390000 0.505000 -0.300000
v 0.420000 0.505000 -0.330000
v 0.405020 0.479008 -0.300000
v 0.420000 0.479008 -0.314980
v 0.405654 0.482901 -0.314346
v 0.394008 0.505000 -0.314980
v 0.394008 0.490020 -0.300000
v 0.397901 0.490654 -0.314346
v 0.420000 0.490020 -0.325992
v 0.405020 0.505000 -0.325992
v 0.405654 0.490654 -0.322099
v 0.420000 0.865000 -0.300000
v 0.420000 0.835000 -0.330000
v 0.390000 0.835000 -0.300000
v 0.420000 0.860992 -0.314980
v 0.405020 0.860992 -0.300000
v 0.405654 0.857099 -0.314346
v 0.405020 0.835000 -0.325992
v 0.420000 0.849980 -0.325992
v 0.405654 0.849346 -0.322099
v 0.394008 0.849980 -0.300000
v 0.394008 0.835000 -0.314980
v 0.397901 0.849346 -0.314346
v 0.500000 0.475000 0.380000
v 0.530000 0.505000 0.380000
v 0.500000 0.505000 0.410000
v 0.514980 0.479008 0.380000
v 0.500000 0.479008 0.394980
v 0.514346 0.482901 0.394346
v 0.525992 0.505000 0.394980
v 0.525992 0.490020 0.380000
v 0.522099 0.490654 0.394346
v 0.500000 0.490020 0.405992
v 0.514980 0.505000 0.405992
v 0.514346 0.490654 0.402099
v 0.500000 0.865000 0.380000
v 0.500000 0.835000 0.410000
v 0.530000 0.835000 0.380000
v 0.500000 0.860992 0.394980
v 0.514980 0.860992 0.380000
v 0.514346 0.857099 0.394346
v 0.514980 0.835000 0.405992
v 0.500000 0.849980 0.405992
v 0.514346 0.849346 0.402099
v 0.525992 0.849980 0.380000
v 0.525992 0.835000 0.394980
v 0.522099 0.849346 0.394346
v 0.500000 0.475000 -0.300000
v 0.500000 0.505000 -0.330000
v 0.530000 0.505000 -0.300000
v 0.500000 0.479008 -0.314980
v 0.514980 0.479008 -0.300000
v 0.514346 0.482901 -0.314346
v 0.514980 0.505000 -0.325992
v 0.500000 0.490020 -0.325992
v 0.514346 0.490654 -0.322099
v 0.525992 0.490020 -0.300000
v 0.525992 0.505000 -0.314980
v 0.522099 0.490654 -0.314346
v 0.500000 0.865000 -0.300000
v 0.530000 0.835000 -0.300000
v 0.500000 0.835000 -0.330000
v 0.514980 0.860992 -0.300000
v 0.500000 0.860992 -0.314980
v 0.514346 0.857099 -0.314346
v 0.525992 0.835000 -0.314980
v 0.525992 0.849980 -0.300000
v 0.522099 0.849346 -0.314346
v 0.500000 0.849980 -0.325992
v 0.514980 0.835000 -0.325992
v 0.514346 0.849346 -0.322099
vn -0.2566 -0.9318 0.2566
vn -0.2178 -0.6901 0.6901
vn -0.2566 -0.2566 0.9318
vn -0.6901 -0.2178 0.6901
vn -0.9318 -0.2566 0.2566
vn -0.6901 -0.6901 0.2178
vn -0.5774 -0.5774 0.5773
vn -0.2566 0.2566 0.9318
vn -0.2178 0.6901 0.6901
vn -0.2566 0.9318 0.2566
vn -0.6901 0.6901 0.2178
vn -0.9318 0.2566 0.2566
vn -0.6901 0.2178 0.6901
vn -0.5774 0.5774 0.5773
vn -0.2566 -0.9318 -0.2566
vn -0.6901 -0.6901 -0.2178
vn -0.9318 -0.2566 -0.2566
vn -0.6901 -0.2178 -0.6901
vn -0.2566 -0.2566 -0.9318
vn -0.2178 -0.6901 -0.6901
vn -0.5774 -0.5774 -0.5773
vn -0.2566 0.9318 -0.2566
vn -0.2178 0.6901 -0.6901
vn -0.2566 0.2566 -0.9318
vn -0.6901 0.2178 -0.6901
vn -0.9318 0.2566 -0.2566
vn -0.6901 0.6901 -0.2178
vn -0.5774 0.5774 -0.5773
vn 0.2566 -0.9318 0.2566
vn 0.6901 -0.6901 0.2178
vn 0.9318 -0.2566 0.2566
vn 0.6901 -0.2178 0.6901
vn 0.2566 -0.2566 0.9318
vn 0.2178 -0.6901 0.6901
vn 0.5774 -0.5774 0.5773
vn 0.2566 0.9318 0.2566
vn 0.2178 0.6901 0.6901
vn 0.2566 0.2566 0.9318
vn 0.6901 0.2178 0.6901
vn 0.9318 0.2566 0.2566
vn 0.6901 0.6901 0.2178
vn 0.5774 0.5774 0.5773
vn 0.2566 -0.9318 -0.2566
vn 0.2178 -0.6901 -0.6901
vn 0.2566 -0.2566 -0.9318
vn 0.6901 -0.2178 -0.6901
vn 0.9318 -0.2566 -0.2566
vn 0.6901 -0.6901 -0.2178
vn 0.5774 -0.5774 -0.5773
vn 0.2566 0.9318 -0.2566
vn 0.6901 0.6901 -0.2178
vn 0.9318 0.2566 -0.2566
vn 0.6901 0.2178 -0.6901
vn 0.2566 0.2566 -0.9318
vn 0.2178 0.6901 -0.6901
vn 0.5774 0.5774 -0.5773
vn -0.2585 -0.9660 -0.0000
vn -0.7071 -0.7071 -0.0000
vn -0.9660 -0.2585 -0.0000
vn -0.2585 -0.0000 0.9660
vn -0.7071 -0.0000 0.7071
vn -0.9660 -0.0000 0.2585
vn -0.2585 0.9660 -0.0000
vn -0.7071 0.7071 -0.0000
vn -0.9660 0.2585 -0.0000
vn -0.2585 -0.0000 -0.9660
vn -0.7071 -0.0000 -0.7071
vn -0.9660 -0.0000 -0.2585
vn -0.0000 -0.9660 -0.2585
vn -0.0000 -0.7071 -0.7071
vn -0.0000 -0.2585 -0.9660
vn -0.0000 0.9660 -0.2585
vn -0.0000 0.7071 -0.7071
vn -0.0000 0.2585 -0.9660
vn 0.9660 -0.0000 -0.2585
vn 0.7071 -0.0000 -0.7071
vn 0.2585 -0.0000 -0.9660
vn 0.2585 -0.9660 -0.0000
vn 0.7071 -0.7071 -0.0000
vn 0.9660 -0.2585 -0.0000
vn 0.2585 0.9660 -0.0000
vn 0.7071 0.7071 -0.0000
vn 0.9660 0.2585 -0.0000
vn 0.2585 -0.0000 0.9660
vn 0.7071 -0.0000 0.7071
vn 0.9660 -0.0000 0.2585
vn -0.0000 -0.9660 0.2585
vn -0.0000 -0.7071 0.7071
vn -0.0000 -0.2585 0.9660
vn -0.0000 0.9660 0.2585
vn -0.0000 0.7071 0.7071
vn -0.0000 0.2585 0.9660
vn -0.0000 -1.0000 -0.0000
vn -1.0000 -0.0000 -0.0000
vn -0.0000 -0.0000 1.0000
vn -0.0000 1.0000 -0.0000
vn -0.0000 -0.0000 -1.0000
vn 1.0000 -0.0000 -0.0000
vt 0.178571 0.739865
vt 0.178571 0.744926
vt 0.152953 0.744712
vt 0.151821 0.739865
vt 0.178571 0.750000
vt 0.152953 0.750000
vt 0.394231 0.946429
vt 0.394231 1.000000
vt 0.375000 0.972047
vt 0.375000 0.946429
vt 0.394231 0.000000
vt 0.394231 0.005074
vt 0.375000 0.005288
vt 0.375000 0.000000
vt 0.394231 0.010135
vt 0.375000 0.010135
vt 0.125000 0.739865
vt 0.125000 0.744712
vt 0.605769 0.946429
vt 0.615372 0.946429
vt 0.614966 1.000000
vt 0.605769 1.000000
vt 0.625000 0.946429
vt 0.625000 1.000000
vt 0.821429 0.739865
vt 0.875000 0.739865
vt 0.875000 0.744712
vt 0.821429 0.750000
vt 0.625000 0.010135
vt 0.615372 0.010135
vt 0.614966 0.005288
vt 0.625000 0.005288
vt 0.605769 0.010135
vt 0.605769 0.005074
vt 0.605769 0.000000
vt 0.614966 0.000000
vt 0.178571 0.510135
vt 0.151821 0.510135
vt 0.152953 0.505288
vt 0.178571 0.505074
vt 0.125000 0.510135
vt 0.125000 0.505288
vt 0.394231 0.239865
vt 0.394231 0.244926
vt 0.375000 0.244712
vt 0.375000 0.239865
vt 0.394231 0.276821
vt 0.375000 0.277953
vt 0.394231 0.303571
vt 0.375000 0.303571
vt 0.178571 0.500000
vt 0.152953 0.500000
vt 0.821428 0.510135
vt 0.821429 0.500000
vt 0.875000 0.505288
vt 0.875000 0.510135
vt 0.625000 0.303571
vt 0.615372 0.303571
vt 0.614966 0.275584
vt 0.625000 0.247044
vt 0.605769 0.303571
vt 0.605769 0.276821
vt 0.605769 0.244926
vt 0.614966 0.244712
vt 0.605769 0.239865
vt 0.615372 0.239865
vt 0.625000 0.239865
vt 0.321429 0.739865
vt 0.348179 0.739865
vt 0.347047 0.744712
vt 0.321429 0.744926
vt 0.384628 0.739865
vt 0.383166 0.744712
vt 0.394231 0.739865
vt 0.394231 0.744926
vt 0.394231 0.776821
vt 0.364734 0.767686
vt 0.394231 0.803571
vt 0.348493 0.777065
vt 0.678571 0.739865
vt 0.652065 0.776507
vt 0.642687 0.760266
vt 0.651821 0.739865
vt 0.615372 0.803571
vt 0.614966 0.777953
vt 0.605769 0.803571
vt 0.605769 0.776821
vt 0.605769 0.744926
vt 0.614966 0.746212
vt 0.605769 0.739865
vt 0.615372 0.739865
vt 0.321429 0.510135
vt 0.321429 0.505074
vt 0.347047 0.505288
vt 0.348179 0.510135
vt 0.348493 0.472935
vt 0.364734 0.482313
vt 0.394231 0.446429
vt 0.394231 0.473179
vt 0.394231 0.505074
vt 0.383166 0.505288
vt 0.394231 0.510135
vt 0.384628 0.510135
vt 0.678571 0.510135
vt 0.651821 0.510135
vt 0.642687 0.489734
vt 0.652065 0.473493
vt 0.615372 0.510135
vt 0.614966 0.503788
vt 0.605769 0.510135
vt 0.605769 0.505074
vt 0.605769 0.473179
vt 0.614966 0.472047
vt 0.605769 0.446429
vt 0.615372 0.446429
s 0
usemtl OiledOak
f 669/996/663 672/997/663 674/998/663 673/999/663
f 672/997/664 676/1000/664 677/1001/664 674/998/664
f 670/1002/665 675/1003/665 677/1004/665 676/1005/665
f 675/1006/666 679/1007/666 680/1008/666 677/1009/666
f 671/1010/667 678/1011/667 680/1008/667 679/1007/667
f 678/1012/668 673/999/668 674/998/668 680/1013/668
f 674/998/669 677/1001/669 680/1013/669
f 681/1014/670 684/1015/670 686/1016/670 685/1017/670
f 684/1015/671 688/1018/671 689/1019/671 686/1016/671
f 682/1020/672 687/1021/672 689/1022/672 688/1023/672
f 687/1024/673 691/1025/673 692/1026/673 689/1027/673
f 683/1028/674 690/1029/674 692/1026/674 691/1025/674
f 690/1029/675 685/1030/675 686/1031/675 692/1026/675
f 686/1031/676 689/1027/676 692/1026/676
f 693/1032/677 696/1033/677 698/1034/677 697/1035/677
f 696/1033/678 700/1036/678 701/1037/678 698/1034/678
f 694/1038/679 699/1039/679 701/1040/679 700/1041/679
f 699/1039/680 703/1042/680 704/1043/680 701/1040/680
f 695/1044/681 702/1045/681 704/1043/681 703/1042/681
f 702/1046/682 697/1035/682 698/1034/682 704/1047/682
f 698/1034/683 701/1037/683 704/1047/683
f 705/1048/684 708/1049/684 710/1050/684 709/1051/684
f 708/1052/685 712/1053/685 713/1054/685 710/1055/685
f 706/1056/686 711/1057/686 713/1054/686 712/1053/686
f 711/1057/687 715/1058/687 716/1059/687 713/1054/687
f 707/1060/688 714/1061/688 716/1059/688 715/1058/688
f 714/1061/689 709/1062/689 710/1055/689 716/1059/689
f 710/1055/690 713/1054/690 716/1059/690
f 717/1063/691 720/1064/691 722/1065/691 721/1066/691
f 720/1064/692 724/1067/692 725/1068/692 722/1065/692
f 718/1069/693 723/1070/693 725/1068/693 724/1067/693
f 723/1070/694 727/1071/694 728/1072/694 725/1068/694
f 719/1073/695 726/1074/695 728/1072/695 727/1071/695
f 726/1074/696 721/1066/696 722/1065/696 728/1072/696
f 722/1065/697 725/1068/697 728/1072/697
f 729/1075/698 732/1076/698 734/1077/698 733/1078/698
f 732/1076/699 736/1079/699 737/1080/699 734/1077/699
f 730/1081/700 735/1082/700 737/1080/700 736/1079/700
f 735/1082/701 739/1083/701 740/1084/701 737/1080/701
f 731/1085/702 738/1086/702 740/1084/702 739/1083/702
f 738/1086/703 733/1078/703 734/1077/703 740/1084/703
f 734/1077/704 737/1080/704 740/1084/704
f 741/1087/705 744/1088/705 746/1089/705 745/1090/705
f 744/1088/706 748/1091/706 749/1092/706 746/1089/706
f 742/1093/707 747/1094/707 749/1092/707 748/1091/707
f 747/1094/708 751/1095/708 752/1096/708 749/1092/708
f 743/1097/709 750/1098/709 752/1096/709 751/1095/709
f 750/1098/710 745/1090/710 746/1089/710 752/1096/710
f 746/1089/711 749/1092/711 752/1096/711
f 753/1099/712 756/1100/712 758/1101/712 757/1102/712
f 756/1100/713 760/1103/713 761/1104/713 758/1101/713
f 754/1105/714 759/1106/714 761/1104/714 760/1103/714
f 759/1106/715 763/1107/715 764/1108/715 761/1104/715
f 755/1109/716 762/1110/716 764/1108/716 763/1107/716
f 762/1110/717 757/1102/717 758/1101/717 764/1108/717
f 758/1101/718 761/1104/718 764/1108/718
f 693/1032/719 669/996/719 673/999/719 696/1033/719
f 696/1033/720 673/999/720 678/1012/720 700/1036/720
f 700/1041/721 678/1011/721 671/1010/721 694/1038/721
f 670/1002/722 681/1014/722 685/1017/722 675/1003/722
f 675/1006/723 685/1030/723 690/1029/723 679/1007/723
f 679/1007/724 690/1029/724 683/1028/724 671/1010/724
f 682/1020/725 705/1048/725 709/1051/725 687/1021/725
f 687/1024/726 709/1062/726 714/1061/726 691/1025/726
f 691/1025/727 714/1061/727 707/1060/727 683/1028/727
f 706/1056/728 695/1044/728 703/1042/728 711/1057/728
f 711/1057/729 703/1042/729 699/1039/729 715/1058/729
f 715/1058/730 699/1039/730 694/1038/730 707/1060/730
f 741/1087/731 693/1032/731 697/1035/731 744/1088/731
f 744/1088/732 697/1035/732 702/1046/732 748/1091/732
f 748/1091/733 702/1045/733 695/1044/733 742/1093/733
f 705/1048/734 753/1099/734 757/1102/734 708/1049/734
f 708/1052/735 757/1102/735 762/1110/735 712/1053/735
f 712/1053/736 762/1110/736 755/1109/736 706/1056/736
f 754/1105/737 743/1097/737 751/1095/737 759/1106/737
f 759/1106/738 751/1095/738 747/1094/738 763/1107/738
f 763/1107/739 747/1094/739 742/1093/739 755/1109/739
f 717/1063/740 741/1087/740 745/1090/740 720/1064/740
f 720/1064/741 745/1090/741 750/1098/741 724/1067/741
f 724/1067/742 750/1098/742 743/1097/742 718/1069/742
f 753/1099/743 729/1075/743 733/1078/743 756/1100/743
f 756/1100/744 733/1078/744 738/1086/744 760/1103/744
f 760/1103/745 738/1086/745 731/1085/745 754/1105/745
f 730/1081/746 719/1073/746 727/1071/746 735/1082/746
f 735/1082/747 727/1071/747 723/1070/747 739/1083/747
f 739/1083/748 723/1070/748 718/1069/748 731/1085/748
f 669/996/749 717/1063/749 721/1066/749 672/997/749
f 672/997/750 721/1066/750 726/1074/750 676/1000/750
f 676/1005/751 726/1074/751 719/1073/751 670/1002/751
f 729/1075/752 682/1020/752 688/1023/752 732/1076/752
f 732/1076/753 688/1018/753 684/1015/753 736/1079/753
f 736/1079/754 684/1015/754 681/1014/754 730/1081/754
f 693/1032/755 741/1087/755 717/1063/755 669/996/755
f 671/1010/756 683/1028/756 707/1060/756 694/1038/756
f 719/1073/757 730/1081/757 681/1014/757 670/1002/757
f 753/1099/758 705/1048/758 682/1020/758 729/1075/758
f 695/1044/759 706/1056/759 755/1109/759 742/1093/759
f 743/1097/760 754/1105/760 731/1085/760 718/1069/760
o iron_trunnion.001
v 0.350000 0.780000 0.075000
v 0.570000 0.780000 0.075000
v 0.350000 0.734442 0.085398
v 0.570000 0.734442 0.085398
v 0.350000 0.697908 0.114534
v 0.570000 0.697908 0.114534
v 0.350000 0.677633 0.156635
v 0.570000 0.677633 0.156635
v 0.350000 0.677633 0.203365
v 0.570000 0.677633 0.203365
v 0.350000 0.697908 0.245466
v 0.570000 0.697908 0.245466
v 0.350000 0.734442 0.274602
v 0.570000 0.734442 0.274602
v 0.350000 0.780000 0.285000
v 0.570000 0.780000 0.285000
v 0.350000 0.825558 0.274602
v 0.570000 0.825558 0.274602
v 0.350000 0.862092 0.245466
v 0.570000 0.862092 0.245466
v 0.350000 0.882367 0.203365
v 0.570000 0.882367 0.203365
v 0.350000 0.882367 0.156635
v 0.570000 0.882367 0.156635
v 0.350000 0.862092 0.114534
v 0.570000 0.862092 0.114534
v 0.350000 0.825558 0.085398
v 0.570000 0.825558 0.085398
vn -0.6603 -0.0000 -0.7510
vn 0.6603 -0.0000 -0.7510
vn -0.6603 -0.3259 -0.6766
vn 0.6603 -0.3259 -0.6766
vn -0.6603 -0.5872 -0.4682
vn 0.6603 -0.5872 -0.4682
vn -0.6603 -0.7322 -0.1671
vn 0.6603 -0.7322 -0.1671
vn -0.6603 -0.7322 0.1671
vn 0.6603 -0.7322 0.1671
vn -0.6603 -0.5872 0.4682
vn 0.6603 -0.5872 0.4682
vn -0.6603 -0.3259 0.6766
vn 0.6603 -0.3259 0.6766
vn -0.6603 -0.0000 0.7510
vn 0.6603 -0.0000 0.7510
vn -0.6603 0.3259 0.6766
vn 0.6603 0.3259 0.6766
vn -0.6603 0.5872 0.4682
vn 0.6603 0.5872 0.4682
vn -0.6603 0.7322 0.1671
vn 0.6603 0.7322 0.1671
vn -0.6603 0.7322 -0.1671
vn 0.6603 0.7322 -0.1671
vn -0.6603 0.5872 -0.4682
vn 0.6603 0.5872 -0.4682
vn -0.6603 0.3259 -0.6766
vn 0.6603 0.3259 -0.6766
vt 1.000000 0.500000
vt 1.000000 1.000000
vt 0.928571 1.000000
vt 0.928571 0.500000
vt 0.857143 1.000000
vt 0.857143 0.500000
vt 0.785714 1.000000
vt 0.785714 0.500000
vt 0.714286 1.000000
vt 0.714286 0.500000
vt 0.642857 1.000000
vt 0.642857 0.500000
vt 0.571428 1.000000
vt 0.571428 0.500000
vt 0.500000 1.000000
vt 0.500000 0.500000
vt 0.428571 1.000000
vt 0.428571 0.500000
vt 0.357143 1.000000
vt 0.357143 0.500000
vt 0.285714 1.000000
vt 0.285714 0.500000
vt 0.214286 1.000000
vt 0.214286 0.500000
vt 0.142857 1.000000
vt 0.142857 0.500000
vt 0.354132 0.466233
vt 0.250000 0.490000
vt 0.145868 0.466233
vt 0.062360 0.399638
vt 0.016017 0.303405
vt 0.016017 0.196595
vt 0.062360 0.100362
vt 0.145868 0.033767
vt 0.250000 0.010000
vt 0.354132 0.033767
vt 0.437640 0.100362
vt 0.483983 0.196595
vt 0.483983 0.303405
vt 0.437640 0.399638
vt 0.071428 1.000000
vt 0.071428 0.500000
vt -0.000000 1.000000
vt -0.000000 0.500000
vt 0.750000 0.490000
vt 0.854132 0.466233
vt 0.937640 0.399638
vt 0.983983 0.303405
vt 0.983983 0.196595
vt 0.937640 0.100362
vt 0.854132 0.033767
vt 0.750000 0.010000
vt 0.645868 0.033767
vt 0.562360 0.100362
vt 0.516017 0.196595
vt 0.516017 0.303405
vt 0.562360 0.399638
vt 0.645868 0.466233
s 1
usemtl BlackIron
f 765/1111/761 766/1112/762 768/1113/764 767/1114/763
f 767/1114/763 768/1113/764 770/1115/766 769/1116/765
f 769/1116/765 770/1115/766 772/1117/768 771/1118/767
f 771/1118/767 772/1117/768 774/1119/770 773/1120/769
f 773/1120/769 774/1119/770 776/1121/772 775/1122/771
f 775/1122/771 776/1121/772 778/1123/774 777/1124/773
f 777/1124/773 778/1123/774 780/1125/776 779/1126/775
f 779/1126/775 780/1125/776 782/1127/778 781/1128/777
f 781/1128/777 782/1127/778 784/1129/780 783/1130/779
f 783/1130/779 784/1129/780 786/1131/782 785/1132/781
f 785/1132/781 786/1131/782 788/1133/784 787/1134/783
f 787/1134/783 788/1133/784 790/1135/786 789/1136/785
f 768/1137/764 766/1138/762 792/1139/788 790/1140/786 788/1141/784 786/1142/782 784/1143/780 782/1144/778 780/1145/776 778/1146/774 776/1147/772 774/1148/770 772/1149/768 770/1150/766
f 789/1136/785 790/1135/786 792/1151/788 791/1152/787
f 791/1152/787 792/1151/788 766/1153/762 765/1154/761
f 765/1155/761 767/1156/763 769/1157/765 771/1158/767 773/1159/769 775/1160/771 777/1161/773 779/1162/775 781/1163/777 783/1164/779 785/1165/781 787/1166/783 789/1167/785 791/1168/787
o forged_mortar_barrel
v 0.000000 1.125000 -0.280000
v 0.000000 1.125000 0.840000
v 0.054518 1.118857 -0.280000
v 0.054518 1.118857 0.840000
v 0.106302 1.100737 -0.280000
v 0.106302 1.100737 0.840000
v 0.152755 1.071549 -0.280000
v 0.152755 1.071549 0.840000
v 0.191549 1.032755 -0.280000
v 0.191549 1.032755 0.840000
v 0.220737 0.986302 -0.280000
v 0.220737 0.986301 0.840000
v 0.238857 0.934518 -0.280000
v 0.238857 0.934518 0.840000
v 0.245000 0.880000 -0.280000
v 0.245000 0.880000 0.840000
v 0.238857 0.825482 -0.280000
v 0.238857 0.825482 0.840000
v 0.220737 0.773699 -0.280000
v 0.220737 0.773698 0.840000
v 0.191549 0.727245 -0.280000
v 0.191549 0.727245 0.840000
v 0.152755 0.688451 -0.280000
v 0.152755 0.688451 0.840000
v 0.106302 0.659263 -0.280000
v 0.106302 0.659263 0.840000
v 0.054518 0.641143 -0.280000
v 0.054518 0.641143 0.840000
v 0.000000 0.635000 -0.280000
v 0.000000 0.635000 0.840000
v -0.054518 0.641143 -0.280000
v -0.054518 0.641143 0.840000
v -0.106302 0.659263 -0.280000
v -0.106302 0.659263 0.840000
v -0.152755 0.688451 -0.280000
v -0.152755 0.688451 0.840000
v -0.191549 0.727245 -0.280000
v -0.191549 0.727245 0.840000
v -0.220737 0.773699 -0.280000
v -0.220737 0.773698 0.840000
v -0.238857 0.825482 -0.280000
v -0.238857 0.825482 0.840000
v -0.245000 0.880000 -0.280000
v -0.245000 0.880000 0.840000
v -0.238857 0.934518 -0.280000
v -0.238857 0.934518 0.840000
v -0.220737 0.986302 -0.280000
v -0.220737 0.986301 0.840000
v -0.191549 1.032755 -0.280000
v -0.191549 1.032755 0.840000
v -0.152755 1.071549 -0.280000
v -0.152755 1.071549 0.840000
v -0.106302 1.100737 -0.280000
v -0.106302 1.100737 0.840000
v -0.054518 1.118857 -0.280000
v -0.054518 1.118857 0.840000
vn -0.0000 0.7306 -0.6828
vn -0.0000 0.7306 0.6828
vn 0.1626 0.7123 -0.6828
vn 0.1626 0.7123 0.6828
vn 0.3170 0.6583 -0.6828
vn 0.3170 0.6583 0.6828
vn 0.4555 0.5712 -0.6828
vn 0.4555 0.5712 0.6828
vn 0.5712 0.4555 -0.6828
vn 0.5712 0.4555 0.6828
vn 0.6583 0.3170 -0.6828
vn 0.6583 0.3170 0.6828
vn 0.7123 0.1626 -0.6828
vn 0.7123 0.1626 0.6828
vn 0.7306 -0.0000 -0.6828
vn 0.7306 -0.0000 0.6828
vn 0.7123 -0.1626 -0.6828
vn 0.7123 -0.1626 0.6828
vn 0.6583 -0.3170 -0.6828
vn 0.6583 -0.3170 0.6828
vn 0.5712 -0.4555 -0.6828
vn 0.5712 -0.4555 0.6828
vn 0.4555 -0.5712 -0.6828
vn 0.4555 -0.5712 0.6828
vn 0.3170 -0.6583 -0.6828
vn 0.3170 -0.6583 0.6828
vn 0.1626 -0.7123 -0.6828
vn 0.1626 -0.7123 0.6828
vn -0.0000 -0.7306 -0.6828
vn -0.0000 -0.7306 0.6828
vn -0.1626 -0.7123 -0.6828
vn -0.1626 -0.7123 0.6828
vn -0.3170 -0.6583 -0.6828
vn -0.3170 -0.6583 0.6828
vn -0.4555 -0.5712 -0.6828
vn -0.4555 -0.5712 0.6828
vn -0.5712 -0.4555 -0.6828
vn -0.5712 -0.4555 0.6828
vn -0.6583 -0.3170 -0.6828
vn -0.6583 -0.3170 0.6828
vn -0.7123 -0.1626 -0.6828
vn -0.7123 -0.1626 0.6828
vn -0.7306 -0.0000 -0.6828
vn -0.7306 -0.0000 0.6828
vn -0.7123 0.1626 -0.6828
vn -0.7123 0.1626 0.6828
vn -0.6583 0.3170 -0.6828
vn -0.6583 0.3170 0.6828
vn -0.5712 0.4555 -0.6828
vn -0.5712 0.4555 0.6828
vn -0.4555 0.5712 -0.6828
vn -0.4555 0.5712 0.6828
vn -0.3170 0.6583 -0.6828
vn -0.3170 0.6583 0.6828
vn -0.1626 0.7123 -0.6828
vn -0.1626 0.7123 0.6828
vt 1.000000 0.500000
vt 1.000000 1.000000
vt 0.964286 1.000000
vt 0.964286 0.500000
vt 0.928571 1.000000
vt 0.928571 0.500000
vt 0.892857 1.000000
vt 0.892857 0.500000
vt 0.857143 1.000000
vt 0.857143 0.500000
vt 0.821429 1.000000
vt 0.821429 0.500000
vt 0.785714 1.000000
vt 0.785714 0.500000
vt 0.750000 1.000000
vt 0.750000 0.500000
vt 0.714286 1.000000
vt 0.714286 0.500000
vt 0.678572 1.000000
vt 0.678572 0.500000
vt 0.642857 1.000000
vt 0.642857 0.500000
vt 0.607143 1.000000
vt 0.607143 0.500000
vt 0.571429 1.000000
vt 0.571429 0.500000
vt 0.535715 1.000000
vt 0.535715 0.500000
vt 0.500000 1.000000
vt 0.500000 0.500000
vt 0.464286 1.000000
vt 0.464286 0.500000
vt 0.428572 1.000000
vt 0.428572 0.500000
vt 0.392857 1.000000
vt 0.392857 0.500000
vt 0.357143 1.000000
vt 0.357143 0.500000
vt 0.321429 1.000000
vt 0.321429 0.500000
vt 0.285714 1.000000
vt 0.285714 0.500000
vt 0.250000 1.000000
vt 0.250000 0.500000
vt 0.214286 1.000000
vt 0.214286 0.500000
vt 0.178572 1.000000
vt 0.178572 0.500000
vt 0.142857 1.000000
vt 0.142857 0.500000
vt 0.107143 1.000000
vt 0.107143 0.500000
vt 0.071429 1.000000
vt 0.071429 0.500000
vt 0.303405 0.483983
vt 0.250000 0.490000
vt 0.196595 0.483983
vt 0.145868 0.466233
vt 0.100362 0.437640
vt 0.062360 0.399638
vt 0.033767 0.354132
vt 0.016017 0.303405
vt 0.010000 0.250000
vt 0.016017 0.196595
vt 0.033767 0.145868
vt 0.062360 0.100362
vt 0.100362 0.062360
vt 0.145868 0.033767
vt 0.196595 0.016017
vt 0.250000 0.010000
vt 0.303405 0.016017
vt 0.354132 0.033767
vt 0.399638 0.062360
vt 0.437640 0.100362
vt 0.466233 0.145868
vt 0.483983 0.196595
vt 0.490000 0.250000
vt 0.483983 0.303405
vt 0.466233 0.354132
vt 0.437640 0.399638
vt 0.399638 0.437640
vt 0.354132 0.466233
vt 0.035714 1.000000
vt 0.035714 0.500000
vt 0.000000 1.000000
vt 0.000000 0.500000
vt 0.750000 0.490000
vt 0.803405 0.483983
vt 0.854132 0.466233
vt 0.899638 0.437640
vt 0.937640 0.399638
vt 0.966233 0.354132
vt 0.983983 0.303405
vt 0.990000 0.250000
vt 0.983983 0.196595
vt 0.966233 0.145868
vt 0.937640 0.100362
vt 0.899638 0.062360
vt 0.854132 0.033767
vt 0.803405 0.016017
vt 0.750000 0.010000
vt 0.696595 0.016017
vt 0.645868 0.033767
vt 0.600362 0.062360
vt 0.562360 0.100362
vt 0.533767 0.145868
vt 0.516017 0.196595
vt 0.510000 0.250000
vt 0.516017 0.303405
vt 0.533767 0.354132
vt 0.562360 0.399638
vt 0.600362 0.437640
vt 0.645868 0.466233
vt 0.696595 0.483983
s 1
usemtl BlackIron
f 793/1169/789 794/1170/790 796/1171/792 795/1172/791
f 795/1172/791 796/1171/792 798/1173/794 797/1174/793
f 797/1174/793 798/1173/794 800/1175/796 799/1176/795
f 799/1176/795 800/1175/796 802/1177/798 801/1178/797
f 801/1178/797 802/1177/798 804/1179/800 803/1180/799
f 803/1180/799 804/1179/800 806/1181/802 805/1182/801
f 805/1182/801 806/1181/802 808/1183/804 807/1184/803
f 807/1184/803 808/1183/804 810/1185/806 809/1186/805
f 809/1186/805 810/1185/806 812/1187/808 811/1188/807
f 811/1188/807 812/1187/808 814/1189/810 813/1190/809
f 813/1190/809 814/1189/810 816/1191/812 815/1192/811
f 815/1192/811 816/1191/812 818/1193/814 817/1194/813
f 817/1194/813 818/1193/814 820/1195/816 819/1196/815
f 819/1196/815 820/1195/816 822/1197/818 821/1198/817
f 821/1198/817 822/1197/818 824/1199/820 823/1200/819
f 823/1200/819 824/1199/820 826/1201/822 825/1202/821
f 825/1202/821 826/1201/822 828/1203/824 827/1204/823
f 827/1204/823 828/1203/824 830/1205/826 829/1206/825
f 829/1206/825 830/1205/826 832/1207/828 831/1208/827
f 831/1208/827 832/1207/828 834/1209/830 833/1210/829
f 833/1210/829 834/1209/830 836/1211/832 835/1212/831
f 835/1212/831 836/1211/832 838/1213/834 837/1214/833
f 837/1214/833 838/1213/834 840/1215/836 839/1216/835
f 839/1216/835 840/1215/836 842/1217/838 841/1218/837
f 841/1218/837 842/1217/838 844/1219/840 843/1220/839
f 843/1220/839 844/1219/840 846/1221/842 845/1222/841
f 796/1223/792 794/1224/790 848/1225/844 846/1226/842 844/1227/840 842/1228/838 840/1229/836 838/1230/834 836/1231/832 834/1232/830 832/1233/828 830/1234/826 828/1235/824 826/1236/822 824/1237/820 822/1238/818 820/1239/816 818/1240/814 816/1241/812 814/1242/810 812/1243/808 810/1244/806 808/1245/804 806/1246/802 804/1247/800 802/1248/798 800/1249/796 798/1250/794
f 845/1222/841 846/1221/842 848/1251/844 847/1252/843
f 847/1252/843 848/1251/844 794/1253/790 793/1254/789
f 793/1255/789 795/1256/791 797/1257/793 799/1258/795 801/1259/797 803/1260/799 805/1261/801 807/1262/803 809/1263/805 811/1264/807 813/1265/809 815/1266/811 817/1267/813 819/1268/815 821/1269/817 823/1270/819 825/1271/821 827/1272/823 829/1273/825 831/1274/827 833/1275/829 835/1276/831 837/1277/833 839/1278/835 841/1279/837 843/1280/839 845/1281/841 847/1282/843
o bronze_reinforce_collar
v 0.000000 1.166000 0.410000
v 0.000000 1.166000 0.570000
v 0.063641 1.158829 0.410000
v 0.063641 1.158829 0.570000
v 0.124091 1.137677 0.410000
v 0.124091 1.137677 0.570000
v 0.178318 1.103604 0.410000
v 0.178318 1.103604 0.570000
v 0.223604 1.058318 0.410000
v 0.223604 1.058318 0.570000
v 0.257677 1.004091 0.410000
v 0.257677 1.004091 0.570000
v 0.278829 0.943641 0.410000
v 0.278829 0.943641 0.570000
v 0.286000 0.880000 0.410000
v 0.286000 0.880000 0.570000
v 0.278829 0.816359 0.410000
v 0.278829 0.816359 0.570000
v 0.257677 0.755909 0.410000
v 0.257677 0.755909 0.570000
v 0.223604 0.701682 0.410000
v 0.223604 0.701682 0.570000
v 0.178318 0.656396 0.410000
v 0.178318 0.656396 0.570000
v 0.124091 0.622323 0.410000
v 0.124091 0.622323 0.570000
v 0.063641 0.601171 0.410000
v 0.063641 0.601171 0.570000
v 0.000000 0.594000 0.410000
v 0.000000 0.594000 0.570000
v -0.063641 0.601171 0.410000
v -0.063641 0.601171 0.570000
v -0.124091 0.622323 0.410000
v -0.124091 0.622323 0.570000
v -0.178318 0.656396 0.410000
v -0.178318 0.656396 0.570000
v -0.223604 0.701682 0.410000
v -0.223604 0.701682 0.570000
v -0.257677 0.755909 0.410000
v -0.257677 0.755909 0.570000
v -0.278829 0.816359 0.410000
v -0.278829 0.816359 0.570000
v -0.286000 0.880000 0.410000
v -0.286000 0.880000 0.570000
v -0.278829 0.943641 0.410000
v -0.278829 0.943641 0.570000
v -0.257677 1.004091 0.410000
v -0.257677 1.004091 0.570000
v -0.223604 1.058318 0.410000
v -0.223604 1.058318 0.570000
v -0.178318 1.103604 0.410000
v -0.178318 1.103604 0.570000
v -0.124091 1.137677 0.410000
v -0.124091 1.137677 0.570000
v -0.063641 1.158829 0.410000
v -0.063641 1.158829 0.570000
vn -0.0000 0.7306 -0.6828
vn -0.0000 0.7306 0.6828
vn 0.1626 0.7123 -0.6828
vn 0.1626 0.7123 0.6828
vn 0.3170 0.6583 -0.6828
vn 0.3170 0.6583 0.6828
vn 0.4555 0.5712 -0.6828
vn 0.4555 0.5712 0.6828
vn 0.5712 0.4555 -0.6828
vn 0.5712 0.4555 0.6828
vn 0.6583 0.3170 -0.6828
vn 0.6583 0.3170 0.6828
vn 0.7123 0.1626 -0.6828
vn 0.7123 0.1626 0.6828
vn 0.7306 -0.0000 -0.6828
vn 0.7306 -0.0000 0.6828
vn 0.7123 -0.1626 -0.6828
vn 0.7123 -0.1626 0.6828
vn 0.6583 -0.3170 -0.6828
vn 0.6583 -0.3170 0.6828
vn 0.5712 -0.4555 -0.6828
vn 0.5712 -0.4555 0.6828
vn 0.4555 -0.5712 -0.6828
vn 0.4555 -0.5712 0.6828
vn 0.3170 -0.6583 -0.6828
vn 0.3170 -0.6583 0.6828
vn 0.1626 -0.7123 -0.6828
vn 0.1626 -0.7123 0.6828
vn -0.0000 -0.7306 -0.6828
vn -0.0000 -0.7306 0.6828
vn -0.1626 -0.7123 -0.6828
vn -0.1626 -0.7123 0.6828
vn -0.3170 -0.6583 -0.6828
vn -0.3170 -0.6583 0.6828
vn -0.4555 -0.5712 -0.6828
vn -0.4555 -0.5712 0.6828
vn -0.5712 -0.4555 -0.6828
vn -0.5712 -0.4555 0.6828
vn -0.6583 -0.3170 -0.6828
vn -0.6583 -0.3170 0.6828
vn -0.7123 -0.1626 -0.6828
vn -0.7123 -0.1626 0.6828
vn -0.7306 -0.0000 -0.6828
vn -0.7306 -0.0000 0.6828
vn -0.7123 0.1626 -0.6828
vn -0.7123 0.1626 0.6828
vn -0.6583 0.3170 -0.6828
vn -0.6583 0.3170 0.6828
vn -0.5712 0.4555 -0.6828
vn -0.5712 0.4555 0.6828
vn -0.4555 0.5712 -0.6828
vn -0.4555 0.5712 0.6828
vn -0.3170 0.6583 -0.6828
vn -0.3170 0.6583 0.6828
vn -0.1626 0.7123 -0.6828
vn -0.1626 0.7123 0.6828
vt 1.000000 0.500000
vt 1.000000 1.000000
vt 0.964286 1.000000
vt 0.964286 0.500000
vt 0.928571 1.000000
vt 0.928571 0.500000
vt 0.892857 1.000000
vt 0.892857 0.500000
vt 0.857143 1.000000
vt 0.857143 0.500000
vt 0.821429 1.000000
vt 0.821429 0.500000
vt 0.785714 1.000000
vt 0.785714 0.500000
vt 0.750000 1.000000
vt 0.750000 0.500000
vt 0.714286 1.000000
vt 0.714286 0.500000
vt 0.678572 1.000000
vt 0.678572 0.500000
vt 0.642857 1.000000
vt 0.642857 0.500000
vt 0.607143 1.000000
vt 0.607143 0.500000
vt 0.571429 1.000000
vt 0.571429 0.500000
vt 0.535715 1.000000
vt 0.535715 0.500000
vt 0.500000 1.000000
vt 0.500000 0.500000
vt 0.464286 1.000000
vt 0.464286 0.500000
vt 0.428572 1.000000
vt 0.428572 0.500000
vt 0.392857 1.000000
vt 0.392857 0.500000
vt 0.357143 1.000000
vt 0.357143 0.500000
vt 0.321429 1.000000
vt 0.321429 0.500000
vt 0.285714 1.000000
vt 0.285714 0.500000
vt 0.250000 1.000000
vt 0.250000 0.500000
vt 0.214286 1.000000
vt 0.214286 0.500000
vt 0.178572 1.000000
vt 0.178572 0.500000
vt 0.142857 1.000000
vt 0.142857 0.500000
vt 0.107143 1.000000
vt 0.107143 0.500000
vt 0.071429 1.000000
vt 0.071429 0.500000
vt 0.303405 0.483983
vt 0.250000 0.490000
vt 0.196595 0.483983
vt 0.145868 0.466233
vt 0.100362 0.437640
vt 0.062360 0.399638
vt 0.033767 0.354132
vt 0.016017 0.303405
vt 0.010000 0.250000
vt 0.016017 0.196595
vt 0.033767 0.145868
vt 0.062360 0.100362
vt 0.100362 0.062360
vt 0.145868 0.033767
vt 0.196595 0.016017
vt 0.250000 0.010000
vt 0.303405 0.016017
vt 0.354132 0.033767
vt 0.399638 0.062360
vt 0.437640 0.100362
vt 0.466233 0.145868
vt 0.483983 0.196595
vt 0.490000 0.250000
vt 0.483983 0.303405
vt 0.466233 0.354132
vt 0.437640 0.399638
vt 0.399638 0.437640
vt 0.354132 0.466233
vt 0.035714 1.000000
vt 0.035714 0.500000
vt 0.000000 1.000000
vt 0.000000 0.500000
vt 0.750000 0.490000
vt 0.803405 0.483983
vt 0.854132 0.466233
vt 0.899638 0.437640
vt 0.937640 0.399638
vt 0.966233 0.354132
vt 0.983983 0.303405
vt 0.990000 0.250000
vt 0.983983 0.196595
vt 0.966233 0.145868
vt 0.937640 0.100362
vt 0.899638 0.062360
vt 0.854132 0.033767
vt 0.803405 0.016017
vt 0.750000 0.010000
vt 0.696595 0.016017
vt 0.645868 0.033767
vt 0.600362 0.062360
vt 0.562360 0.100362
vt 0.533767 0.145868
vt 0.516017 0.196595
vt 0.510000 0.250000
vt 0.516017 0.303405
vt 0.533767 0.354132
vt 0.562360 0.399638
vt 0.600362 0.437640
vt 0.645868 0.466233
vt 0.696595 0.483983
s 1
usemtl WornBronze
f 849/1283/845 850/1284/846 852/1285/848 851/1286/847
f 851/1286/847 852/1285/848 854/1287/850 853/1288/849
f 853/1288/849 854/1287/850 856/1289/852 855/1290/851
f 855/1290/851 856/1289/852 858/1291/854 857/1292/853
f 857/1292/853 858/1291/854 860/1293/856 859/1294/855
f 859/1294/855 860/1293/856 862/1295/858 861/1296/857
f 861/1296/857 862/1295/858 864/1297/860 863/1298/859
f 863/1298/859 864/1297/860 866/1299/862 865/1300/861
f 865/1300/861 866/1299/862 868/1301/864 867/1302/863
f 867/1302/863 868/1301/864 870/1303/866 869/1304/865
f 869/1304/865 870/1303/866 872/1305/868 871/1306/867
f 871/1306/867 872/1305/868 874/1307/870 873/1308/869
f 873/1308/869 874/1307/870 876/1309/872 875/1310/871
f 875/1310/871 876/1309/872 878/1311/874 877/1312/873
f 877/1312/873 878/1311/874 880/1313/876 879/1314/875
f 879/1314/875 880/1313/876 882/1315/878 881/1316/877
f 881/1316/877 882/1315/878 884/1317/880 883/1318/879
f 883/1318/879 884/1317/880 886/1319/882 885/1320/881
f 885/1320/881 886/1319/882 888/1321/884 887/1322/883
f 887/1322/883 888/1321/884 890/1323/886 889/1324/885
f 889/1324/885 890/1323/886 892/1325/888 891/1326/887
f 891/1326/887 892/1325/888 894/1327/890 893/1328/889
f 893/1328/889 894/1327/890 896/1329/892 895/1330/891
f 895/1330/891 896/1329/892 898/1331/894 897/1332/893
f 897/1332/893 898/1331/894 900/1333/896 899/1334/895
f 899/1334/895 900/1333/896 902/1335/898 901/1336/897
f 852/1337/848 850/1338/846 904/1339/900 902/1340/898 900/1341/896 898/1342/894 896/1343/892 894/1344/890 892/1345/888 890/1346/886 888/1347/884 886/1348/882 884/1349/880 882/1350/878 880/1351/876 878/1352/874 876/1353/872 874/1354/870 872/1355/868 870/1356/866 868/1357/864 866/1358/862 864/1359/860 862/1360/858 860/1361/856 858/1362/854 856/1363/852 854/1364/850
f 901/1336/897 902/1335/898 904/1365/900 903/1366/899
f 903/1366/899 904/1365/900 850/1367/846 849/1368/845
f 849/1369/845 851/1370/847 853/1371/849 855/1372/851 857/1373/853 859/1374/855 861/1375/857 863/1376/859 865/1377/861 867/1378/863 869/1379/865 871/1380/867 873/1381/869 875/1382/871 877/1383/873 879/1384/875 881/1385/877 883/1386/879 885/1387/881 887/1388/883 889/1389/885 891/1390/887 893/1391/889 895/1392/891 897/1393/893 899/1394/895 901/1395/897 903/1396/899
o black_muzzle_rim
v 0.000000 1.180000 0.755000
v 0.000000 1.180000 0.885000
v 0.066756 1.172478 0.755000
v 0.066756 1.172478 0.885000
v 0.130165 1.150291 0.755000
v 0.130165 1.150291 0.885000
v 0.187047 1.114549 0.755000
v 0.187047 1.114549 0.885000
v 0.234549 1.067047 0.755000
v 0.234549 1.067047 0.885000
v 0.270291 1.010165 0.755000
v 0.270291 1.010165 0.885000
v 0.292478 0.946756 0.755000
v 0.292478 0.946756 0.885000
v 0.300000 0.880000 0.755000
v 0.300000 0.880000 0.885000
v 0.292478 0.813244 0.755000
v 0.292478 0.813244 0.885000
v 0.270291 0.749835 0.755000
v 0.270291 0.749835 0.885000
v 0.234549 0.692953 0.755000
v 0.234549 0.692953 0.885000
v 0.187047 0.645451 0.755000
v 0.187047 0.645451 0.885000
v 0.130165 0.609709 0.755000
v 0.130165 0.609709 0.885000
v 0.066756 0.587522 0.755000
v 0.066756 0.587522 0.885000
v 0.000000 0.580000 0.755000
v 0.000000 0.580000 0.885000
v -0.066756 0.587522 0.755000
v -0.066756 0.587522 0.885000
v -0.130165 0.609709 0.755000
v -0.130165 0.609709 0.885000
v -0.187047 0.645451 0.755000
v -0.187047 0.645451 0.885000
v -0.234549 0.692953 0.755000
v -0.234549 0.692953 0.885000
v -0.270291 0.749835 0.755000
v -0.270291 0.749835 0.885000
v -0.292478 0.813244 0.755000
v -0.292478 0.813244 0.885000
v -0.300000 0.880000 0.755000
v -0.300000 0.880000 0.885000
v -0.292478 0.946756 0.755000
v -0.292478 0.946756 0.885000
v -0.270291 1.010165 0.755000
v -0.270291 1.010165 0.885000
v -0.234549 1.067047 0.755000
v -0.234549 1.067047 0.885000
v -0.187047 1.114549 0.755000
v -0.187047 1.114549 0.885000
v -0.130165 1.150291 0.755000
v -0.130165 1.150291 0.885000
v -0.066756 1.172478 0.755000
v -0.066756 1.172478 0.885000
vn -0.0000 0.7306 -0.6828
vn -0.0000 0.7306 0.6828
vn 0.1626 0.7123 -0.6828
vn 0.1626 0.7123 0.6828
vn 0.3170 0.6583 -0.6828
vn 0.3170 0.6583 0.6828
vn 0.4555 0.5712 -0.6828
vn 0.4555 0.5712 0.6828
vn 0.5712 0.4555 -0.6828
vn 0.5712 0.4555 0.6828
vn 0.6583 0.3170 -0.6828
vn 0.6583 0.3170 0.6828
vn 0.7123 0.1626 -0.6828
vn 0.7123 0.1626 0.6828
vn 0.7306 -0.0000 -0.6828
vn 0.7306 -0.0000 0.6828
vn 0.7123 -0.1626 -0.6828
vn 0.7123 -0.1626 0.6828
vn 0.6583 -0.3170 -0.6828
vn 0.6583 -0.3170 0.6828
vn 0.5712 -0.4555 -0.6828
vn 0.5712 -0.4555 0.6828
vn 0.4555 -0.5712 -0.6828
vn 0.4555 -0.5712 0.6828
vn 0.3170 -0.6583 -0.6828
vn 0.3170 -0.6583 0.6828
vn 0.1626 -0.7123 -0.6828
vn 0.1626 -0.7123 0.6828
vn -0.0000 -0.7306 -0.6828
vn -0.0000 -0.7306 0.6828
vn -0.1626 -0.7123 -0.6828
vn -0.1626 -0.7123 0.6828
vn -0.3170 -0.6583 -0.6828
vn -0.3170 -0.6583 0.6828
vn -0.4555 -0.5712 -0.6828
vn -0.4555 -0.5712 0.6828
vn -0.5712 -0.4555 -0.6828
vn -0.5712 -0.4555 0.6828
vn -0.6583 -0.3170 -0.6828
vn -0.6583 -0.3170 0.6828
vn -0.7123 -0.1626 -0.6828
vn -0.7123 -0.1626 0.6828
vn -0.7306 -0.0000 -0.6828
vn -0.7306 -0.0000 0.6828
vn -0.7123 0.1626 -0.6828
vn -0.7123 0.1626 0.6828
vn -0.6583 0.3170 -0.6828
vn -0.6583 0.3170 0.6828
vn -0.5712 0.4555 -0.6828
vn -0.5712 0.4555 0.6828
vn -0.4555 0.5712 -0.6828
vn -0.4555 0.5712 0.6828
vn -0.3170 0.6583 -0.6828
vn -0.3170 0.6583 0.6828
vn -0.1626 0.7123 -0.6828
vn -0.1626 0.7123 0.6828
vt 1.000000 0.500000
vt 1.000000 1.000000
vt 0.964286 1.000000
vt 0.964286 0.500000
vt 0.928571 1.000000
vt 0.928571 0.500000
vt 0.892857 1.000000
vt 0.892857 0.500000
vt 0.857143 1.000000
vt 0.857143 0.500000
vt 0.821429 1.000000
vt 0.821429 0.500000
vt 0.785714 1.000000
vt 0.785714 0.500000
vt 0.750000 1.000000
vt 0.750000 0.500000
vt 0.714286 1.000000
vt 0.714286 0.500000
vt 0.678572 1.000000
vt 0.678572 0.500000
vt 0.642857 1.000000
vt 0.642857 0.500000
vt 0.607143 1.000000
vt 0.607143 0.500000
vt 0.571429 1.000000
vt 0.571429 0.500000
vt 0.535715 1.000000
vt 0.535715 0.500000
vt 0.500000 1.000000
vt 0.500000 0.500000
vt 0.464286 1.000000
vt 0.464286 0.500000
vt 0.428572 1.000000
vt 0.428572 0.500000
vt 0.392857 1.000000
vt 0.392857 0.500000
vt 0.357143 1.000000
vt 0.357143 0.500000
vt 0.321429 1.000000
vt 0.321429 0.500000
vt 0.285714 1.000000
vt 0.285714 0.500000
vt 0.250000 1.000000
vt 0.250000 0.500000
vt 0.214286 1.000000
vt 0.214286 0.500000
vt 0.178572 1.000000
vt 0.178572 0.500000
vt 0.142857 1.000000
vt 0.142857 0.500000
vt 0.107143 1.000000
vt 0.107143 0.500000
vt 0.071429 1.000000
vt 0.071429 0.500000
vt 0.303405 0.483983
vt 0.250000 0.490000
vt 0.196595 0.483983
vt 0.145868 0.466233
vt 0.100362 0.437640
vt 0.062360 0.399638
vt 0.033767 0.354132
vt 0.016017 0.303405
vt 0.010000 0.250000
vt 0.016017 0.196595
vt 0.033767 0.145868
vt 0.062360 0.100362
vt 0.100362 0.062360
vt 0.145868 0.033767
vt 0.196595 0.016017
vt 0.250000 0.010000
vt 0.303405 0.016017
vt 0.354132 0.033767
vt 0.399638 0.062360
vt 0.437640 0.100362
vt 0.466233 0.145868
vt 0.483983 0.196595
vt 0.490000 0.250000
vt 0.483983 0.303405
vt 0.466233 0.354132
vt 0.437640 0.399638
vt 0.399638 0.437640
vt 0.354132 0.466233
vt 0.035714 1.000000
vt 0.035714 0.500000
vt 0.000000 1.000000
vt 0.000000 0.500000
vt 0.750000 0.490000
vt 0.803405 0.483983
vt 0.854132 0.466233
vt 0.899638 0.437640
vt 0.937640 0.399638
vt 0.966233 0.354132
vt 0.983983 0.303405
vt 0.990000 0.250000
vt 0.983983 0.196595
vt 0.966233 0.145868
vt 0.937640 0.100362
vt 0.899638 0.062360
vt 0.854132 0.033767
vt 0.803405 0.016017
vt 0.750000 0.010000
vt 0.696595 0.016017
vt 0.645868 0.033767
vt 0.600362 0.062360
vt 0.562360 0.100362
vt 0.533767 0.145868
vt 0.516017 0.196595
vt 0.510000 0.250000
vt 0.516017 0.303405
vt 0.533767 0.354132
vt 0.562360 0.399638
vt 0.600362 0.437640
vt 0.645868 0.466233
vt 0.696595 0.483983
s 1
usemtl BlackIron
f 905/1397/901 906/1398/902 908/1399/904 907/1400/903
f 907/1400/903 908/1399/904 910/1401/906 909/1402/905
f 909/1402/905 910/1401/906 912/1403/908 911/1404/907
f 911/1404/907 912/1403/908 914/1405/910 913/1406/909
f 913/1406/909 914/1405/910 916/1407/912 915/1408/911
f 915/1408/911 916/1407/912 918/1409/914 917/1410/913
f 917/1410/913 918/1409/914 920/1411/916 919/1412/915
f 919/1412/915 920/1411/916 922/1413/918 921/1414/917
f 921/1414/917 922/1413/918 924/1415/920 923/1416/919
f 923/1416/919 924/1415/920 926/1417/922 925/1418/921
f 925/1418/921 926/1417/922 928/1419/924 927/1420/923
f 927/1420/923 928/1419/924 930/1421/926 929/1422/925
f 929/1422/925 930/1421/926 932/1423/928 931/1424/927
f 931/1424/927 932/1423/928 934/1425/930 933/1426/929
f 933/1426/929 934/1425/930 936/1427/932 935/1428/931
f 935/1428/931 936/1427/932 938/1429/934 937/1430/933
f 937/1430/933 938/1429/934 940/1431/936 939/1432/935
f 939/1432/935 940/1431/936 942/1433/938 941/1434/937
f 941/1434/937 942/1433/938 944/1435/940 943/1436/939
f 943/1436/939 944/1435/940 946/1437/942 945/1438/941
f 945/1438/941 946/1437/942 948/1439/944 947/1440/943
f 947/1440/943 948/1439/944 950/1441/946 949/1442/945
f 949/1442/945 950/1441/946 952/1443/948 951/1444/947
f 951/1444/947 952/1443/948 954/1445/950 953/1446/949
f 953/1446/949 954/1445/950 956/1447/952 955/1448/951
f 955/1448/951 956/1447/952 958/1449/954 957/1450/953
f 908/1451/904 906/1452/902 960/1453/956 958/1454/954 956/1455/952 954/1456/950 952/1457/948 950/1458/946 948/1459/944 946/1460/942 944/1461/940 942/1462/938 940/1463/936 938/1464/934 936/1465/932 934/1466/930 932/1467/928 930/1468/926 928/1469/924 926/1470/922 924/1471/920 922/1472/918 920/1473/916 918/1474/914 916/1475/912 914/1476/910 912/1477/908 910/1478/906
f 957/1450/953 958/1449/954 960/1479/956 959/1480/955
f 959/1480/955 960/1479/956 906/1481/902 905/1482/901
f 905/1483/901 907/1484/903 909/1485/905 911/1486/907 913/1487/909 915/1488/911 917/1489/913 919/1490/915 921/1491/917 923/1492/919 925/1493/921 927/1494/923 929/1495/925 931/1496/927 933/1497/929 935/1498/931 937/1499/933 939/1500/935 941/1501/937 943/1502/939 945/1503/941 947/1504/943 949/1505/945 951/1506/947 953/1507/949 955/1508/951 957/1509/953 959/1510/955
o dark_bore
v 0.000000 1.095000 0.895000
v 0.000000 1.095000 0.905000
v 0.055646 1.087674 0.895000
v 0.055646 1.087674 0.905000
v 0.107500 1.066195 0.895000
v 0.107500 1.066195 0.905000
v 0.152028 1.032028 0.895000
v 0.152028 1.032028 0.905000
v 0.186195 0.987500 0.895000
v 0.186195 0.987500 0.905000
v 0.207674 0.935646 0.895000
v 0.207674 0.935646 0.905000
v 0.215000 0.880000 0.895000
v 0.215000 0.880000 0.905000
v 0.207674 0.824354 0.895000
v 0.207674 0.824354 0.905000
v 0.186195 0.772500 0.895000
v 0.186195 0.772500 0.905000
v 0.152028 0.727972 0.895000
v 0.152028 0.727972 0.905000
v 0.107500 0.693805 0.895000
v 0.107500 0.693805 0.905000
v 0.055646 0.672326 0.895000
v 0.055646 0.672326 0.905000
v 0.000000 0.665000 0.895000
v 0.000000 0.665000 0.905000
v -0.055646 0.672326 0.895000
v -0.055646 0.672326 0.905000
v -0.107500 0.693805 0.895000
v -0.107500 0.693805 0.905000
v -0.152028 0.727972 0.895000
v -0.152028 0.727972 0.905000
v -0.186195 0.772500 0.895000
v -0.186195 0.772500 0.905000
v -0.207674 0.824354 0.895000
v -0.207674 0.824354 0.905000
v -0.215000 0.880000 0.895000
v -0.215000 0.880000 0.905000
v -0.207674 0.935646 0.895000
v -0.207674 0.935646 0.905000
v -0.186195 0.987500 0.895000
v -0.186195 0.987500 0.905000
v -0.152028 1.032028 0.895000
v -0.152028 1.032028 0.905000
v -0.107500 1.066195 0.895000
v -0.107500 1.066195 0.905000
v -0.055646 1.087674 0.895000
v -0.055646 1.087674 0.905000
vn -0.0000 0.7342 -0.6789
vn -0.0000 0.7342 0.6789
vn 0.1900 0.7092 -0.6789
vn 0.1900 0.7092 0.6789
vn 0.3671 0.6359 -0.6789
vn 0.3671 0.6359 0.6789
vn 0.5192 0.5192 -0.6789
vn 0.5192 0.5192 0.6789
vn 0.6359 0.3671 -0.6789
vn 0.6359 0.3671 0.6789
vn 0.7092 0.1900 -0.6789
vn 0.7092 0.1900 0.6789
vn 0.7342 -0.0000 -0.6789
vn 0.7342 -0.0000 0.6789
vn 0.7092 -0.1900 -0.6789
vn 0.7092 -0.1900 0.6789
vn 0.6359 -0.3671 -0.6789
vn 0.6359 -0.3671 0.6789
vn 0.5192 -0.5192 -0.6789
vn 0.5192 -0.5192 0.6789
vn 0.3671 -0.6359 -0.6789
vn 0.3671 -0.6359 0.6789
vn 0.1900 -0.7092 -0.6789
vn 0.1900 -0.7092 0.6789
vn -0.0000 -0.7342 -0.6789
vn -0.0000 -0.7342 0.6789
vn -0.1900 -0.7092 -0.6789
vn -0.1900 -0.7092 0.6789
vn -0.3671 -0.6359 -0.6789
vn -0.3671 -0.6359 0.6789
vn -0.5192 -0.5192 -0.6789
vn -0.5192 -0.5192 0.6789
vn -0.6359 -0.3671 -0.6789
vn -0.6359 -0.3671 0.6789
vn -0.7092 -0.1900 -0.6789
vn -0.7092 -0.1900 0.6789
vn -0.7342 -0.0000 -0.6789
vn -0.7342 -0.0000 0.6789
vn -0.7092 0.1900 -0.6789
vn -0.7092 0.1900 0.6789
vn -0.6359 0.3671 -0.6789
vn -0.6359 0.3671 0.6789
vn -0.5192 0.5192 -0.6789
vn -0.5192 0.5192 0.6789
vn -0.3671 0.6359 -0.6789
vn -0.3671 0.6359 0.6789
vn -0.1900 0.7092 -0.6789
vn -0.1900 0.7092 0.6789
vt 1.000000 0.500000
vt 1.000000 1.000000
vt 0.958333 1.000000
vt 0.958333 0.500000
vt 0.916667 1.000000
vt 0.916667 0.500000
vt 0.875000 1.000000
vt 0.875000 0.500000
vt 0.833333 1.000000
vt 0.833333 0.500000
vt 0.791667 1.000000
vt 0.791667 0.500000
vt 0.750000 1.000000
vt 0.750000 0.500000
vt 0.708333 1.000000
vt 0.708333 0.500000
vt 0.666667 1.000000
vt 0.666667 0.500000
vt 0.625000 1.000000
vt 0.625000 0.500000
vt 0.583333 1.000000
vt 0.583333 0.500000
vt 0.541666 1.000000
vt 0.541666 0.500000
vt 0.500000 1.000000
vt 0.500000 0.500000
vt 0.458333 1.000000
vt 0.458333 0.500000
vt 0.416666 1.000000
vt 0.416666 0.500000
vt 0.375000 1.000000
vt 0.375000 0.500000
vt 0.333333 1.000000
vt 0.333333 0.500000
vt 0.291667 1.000000
vt 0.291667 0.500000
vt 0.250000 1.000000
vt 0.250000 0.500000
vt 0.208333 1.000000
vt 0.208333 0.500000
vt 0.166666 1.000000
vt 0.166666 0.500000
vt 0.125000 1.000000
vt 0.125000 0.500000
vt 0.083333 1.000000
vt 0.083333 0.500000
vt 0.312117 0.481822
vt 0.250000 0.490000
vt 0.187883 0.481822
vt 0.130000 0.457846
vt 0.080294 0.419706
vt 0.042154 0.370000
vt 0.018178 0.312117
vt 0.010000 0.250000
vt 0.018178 0.187883
vt 0.042154 0.130000
vt 0.080294 0.080294
vt 0.130000 0.042154
vt 0.187883 0.018178
vt 0.250000 0.010000
vt 0.312117 0.018178
vt 0.370000 0.042154
vt 0.419706 0.080294
vt 0.457846 0.130000
vt 0.481822 0.187883
vt 0.490000 0.250000
vt 0.481822 0.312117
vt 0.457846 0.370000
vt 0.419706 0.419706
vt 0.370000 0.457846
vt 0.041666 1.000000
vt 0.041666 0.500000
vt -0.000000 1.000000
vt -0.000000 0.500000
vt 0.750000 0.490000
vt 0.812117 0.481822
vt 0.870000 0.457846
vt 0.919706 0.419706
vt 0.957846 0.370000
vt 0.981822 0.312117
vt 0.990000 0.250000
vt 0.981822 0.187883
vt 0.957846 0.130000
vt 0.919706 0.080294
vt 0.870000 0.042154
vt 0.812117 0.018178
vt 0.750000 0.010000
vt 0.687883 0.018178
vt 0.630000 0.042154
vt 0.580294 0.080294
vt 0.542154 0.130000
vt 0.518178 0.187883
vt 0.510000 0.250000
vt 0.518178 0.312117
vt 0.542154 0.370000
vt 0.580294 0.419706
vt 0.630000 0.457846
vt 0.687883 0.481822
s 1
usemtl Hide
f 961/1511/957 962/1512/958 964/1513/960 963/1514/959
f 963/1514/959 964/1513/960 966/1515/962 965/1516/961
f 965/1516/961 966/1515/962 968/1517/964 967/1518/963
f 967/1518/963 968/1517/964 970/1519/966 969/1520/965
f 969/1520/965 970/1519/966 972/1521/968 971/1522/967
f 971/1522/967 972/1521/968 974/1523/970 973/1524/969
f 973/1524/969 974/1523/970 976/1525/972 975/1526/971
f 975/1526/971 976/1525/972 978/1527/974 977/1528/973
f 977/1528/973 978/1527/974 980/1529/976 979/1530/975
f 979/1530/975 980/1529/976 982/1531/978 981/1532/977
f 981/1532/977 982/1531/978 984/1533/980 983/1534/979
f 983/1534/979 984/1533/980 986/1535/982 985/1536/981
f 985/1536/981 986/1535/982 988/1537/984 987/1538/983
f 987/1538/983 988/1537/984 990/1539/986 989/1540/985
f 989/1540/985 990/1539/986 992/1541/988 991/1542/987
f 991/1542/987 992/1541/988 994/1543/990 993/1544/989
f 993/1544/989 994/1543/990 996/1545/992 995/1546/991
f 995/1546/991 996/1545/992 998/1547/994 997/1548/993
f 997/1548/993 998/1547/994 1000/1549/996 999/1550/995
f 999/1550/995 1000/1549/996 1002/1551/998 1001/1552/997
f 1001/1552/997 1002/1551/998 1004/1553/1000 1003/1554/999
f 1003/1554/999 1004/1553/1000 1006/1555/1002 1005/1556/1001
f 964/1557/960 962/1558/958 1008/1559/1004 1006/1560/1002 1004/1561/1000 1002/1562/998 1000/1563/996 998/1564/994 996/1565/992 994/1566/990 992/1567/988 990/1568/986 988/1569/984 986/1570/982 984/1571/980 982/1572/978 980/1573/976 978/1574/974 976/1575/972 974/1576/970 972/1577/968 970/1578/966 968/1579/964 966/1580/962
f 1005/1556/1001 1006/1555/1002 1008/1581/1004 1007/1582/1003
f 1007/1582/1003 1008/1581/1004 962/1583/958 961/1584/957
f 961/1585/957 963/1586/959 965/1587/961 967/1588/963 969/1589/965 971/1590/967 973/1591/969 975/1592/971 977/1593/973 979/1594/975 981/1595/977 983/1596/979 985/1597/981 987/1598/983 989/1599/985 991/1600/987 993/1601/989 995/1602/991 997/1603/993 999/1604/995 1001/1605/997 1003/1606/999 1005/1607/1001 1007/1608/1003
o recoil_stop
v -0.330000 0.530000 -0.285000
v -0.330000 0.560000 -0.255000
v -0.360000 0.560000 -0.285000
v -0.330000 0.534008 -0.270020
v -0.344980 0.534008 -0.285000
v -0.344346 0.537901 -0.270654
v -0.344980 0.560000 -0.259008
v -0.330000 0.545020 -0.259008
v -0.344346 0.545654 -0.262901
v -0.355992 0.545020 -0.285000
v -0.355992 0.560000 -0.270020
v -0.352099 0.545654 -0.270654
v -0.330000 0.820000 -0.255000
v -0.330000 0.850000 -0.285000
v -0.360000 0.820000 -0.285000
v -0.330000 0.834980 -0.259008
v -0.344980 0.820000 -0.259008
v -0.344346 0.834346 -0.262901
v -0.344980 0.845992 -0.285000
v -0.330000 0.845992 -0.270020
v -0.344346 0.842099 -0.270654
v -0.355992 0.820000 -0.270020
v -0.355992 0.834980 -0.285000
v -0.352099 0.834346 -0.270654
v -0.330000 0.530000 -0.375000
v -0.360000 0.560000 -0.375000
v -0.330000 0.560000 -0.405000
v -0.344980 0.534008 -0.375000
v -0.330000 0.534008 -0.389980
v -0.344346 0.537901 -0.389346
v -0.355992 0.560000 -0.389980
v -0.355992 0.545020 -0.375000
v -0.352099 0.545654 -0.389346
v -0.330000 0.545020 -0.400992
v -0.344980 0.560000 -0.400992
v -0.344346 0.545654 -0.397099
v -0.330000 0.850000 -0.375000
v -0.330000 0.820000 -0.405000
v -0.360000 0.820000 -0.375000
v -0.330000 0.845992 -0.389980
v -0.344980 0.845992 -0.375000
v -0.344346 0.842099 -0.389346
v -0.344980 0.820000 -0.400992
v -0.330000 0.834980 -0.400992
v -0.344346 0.834346 -0.397099
v -0.355992 0.834980 -0.375000
v -0.355992 0.820000 -0.389980
v -0.352099 0.834346 -0.389346
v 0.330000 0.530000 -0.285000
v 0.360000 0.560000 -0.285000
v 0.330000 0.560000 -0.255000
v 0.344980 0.534008 -0.285000
v 0.330000 0.534008 -0.270020
v 0.344346 0.537901 -0.270654
v 0.355992 0.560000 -0.270020
v 0.355992 0.545020 -0.285000
v 0.352099 0.545654 -0.270654
v 0.330000 0.545020 -0.259008
v 0.344980 0.560000 -0.259008
v 0.344346 0.545654 -0.262901
v 0.330000 0.850000 -0.285000
v 0.330000 0.820000 -0.255000
v 0.360000 0.820000 -0.285000
v 0.330000 0.845992 -0.270020
v 0.344980 0.845992 -0.285000
v 0.344346 0.842099 -0.270654
v 0.344980 0.820000 -0.259008
v 0.330000 0.834980 -0.259008
v 0.344346 0.834346 -0.262901
v 0.355992 0.834980 -0.285000
v 0.355992 0.820000 -0.270020
v 0.352099 0.834346 -0.270654
v 0.330000 0.530000 -0.375000
v 0.330000 0.560000 -0.405000
v 0.360000 0.560000 -0.375000
v 0.330000 0.534008 -0.389980
v 0.344980 0.534008 -0.375000
v 0.344346 0.537901 -0.389346
v 0.344980 0.560000 -0.400992
v 0.330000 0.545020 -0.400992
v 0.344346 0.545654 -0.397099
v 0.355992 0.545020 -0.375000
v 0.355992 0.560000 -0.389980
v 0.352099 0.545654 -0.389346
v 0.330000 0.850000 -0.375000
v 0.360000 0.820000 -0.375000
v 0.330000 0.820000 -0.405000
v 0.344980 0.845992 -0.375000
v 0.330000 0.845992 -0.389980
v 0.344346 0.842099 -0.389346
v 0.355992 0.820000 -0.389980
v 0.355992 0.834980 -0.375000
v 0.352099 0.834346 -0.389346
v 0.330000 0.834980 -0.400992
v 0.344980 0.820000 -0.400992
v 0.344346 0.834346 -0.397099
vn -0.2566 -0.9318 0.2566
vn -0.2178 -0.6901 0.6901
vn -0.2566 -0.2566 0.9318
vn -0.6901 -0.2178 0.6901
vn -0.9318 -0.2566 0.2566
vn -0.6901 -0.6901 0.2178
vn -0.5773 -0.5774 0.5774
vn -0.2566 0.2566 0.9318
vn -0.2178 0.6901 0.6901
vn -0.2566 0.9318 0.2566
vn -0.6901 0.6901 0.2178
vn -0.9318 0.2566 0.2566
vn -0.6901 0.2178 0.6901
vn -0.5773 0.5774 0.5774
vn -0.2566 -0.9318 -0.2566
vn -0.6901 -0.6901 -0.2178
vn -0.9318 -0.2566 -0.2566
vn -0.6901 -0.2178 -0.6901
vn -0.2566 -0.2566 -0.9318
vn -0.2178 -0.6901 -0.6901
vn -0.5773 -0.5774 -0.5774
vn -0.2566 0.9318 -0.2566
vn -0.2178 0.6901 -0.6901
vn -0.2566 0.2566 -0.9318
vn -0.6901 0.2178 -0.6901
vn -0.9318 0.2566 -0.2566
vn -0.6901 0.6901 -0.2178
vn -0.5773 0.5774 -0.5774
vn 0.2566 -0.9318 0.2566
vn 0.6901 -0.6901 0.2178
vn 0.9318 -0.2566 0.2566
vn 0.6901 -0.2178 0.6901
vn 0.2566 -0.2566 0.9318
vn 0.2178 -0.6901 0.6901
vn 0.5773 -0.5774 0.5774
vn 0.2566 0.9318 0.2566
vn 0.2178 0.6901 0.6901
vn 0.2566 0.2566 0.9318
vn 0.6901 0.2178 0.6901
vn 0.9318 0.2566 0.2566
vn 0.6901 0.6901 0.2178
vn 0.5773 0.5774 0.5774
vn 0.2566 -0.9318 -0.2566
vn 0.2178 -0.6901 -0.6901
vn 0.2566 -0.2566 -0.9318
vn 0.6901 -0.2178 -0.6901
vn 0.9318 -0.2566 -0.2566
vn 0.6901 -0.6901 -0.2178
vn 0.5773 -0.5774 -0.5774
vn 0.2566 0.9318 -0.2566
vn 0.6901 0.6901 -0.2178
vn 0.9318 0.2566 -0.2566
vn 0.6901 0.2178 -0.6901
vn 0.2566 0.2566 -0.9318
vn 0.2178 0.6901 -0.6901
vn 0.5773 0.5774 -0.5774
vn -0.2585 -0.9660 -0.0000
vn -0.7071 -0.7071 -0.0000
vn -0.9660 -0.2585 -0.0000
vn -0.2585 -0.0000 0.9660
vn -0.7071 -0.0000 0.7071
vn -0.9660 -0.0000 0.2585
vn -0.2585 0.9660 -0.0000
vn -0.7071 0.7071 -0.0000
vn -0.9660 0.2585 -0.0000
vn -0.2585 -0.0000 -0.9660
vn -0.7071 -0.0000 -0.7071
vn -0.9660 -0.0000 -0.2585
vn -0.0000 -0.9660 -0.2585
vn -0.0000 -0.7071 -0.7071
vn -0.0000 -0.2585 -0.9660
vn -0.0000 0.9660 -0.2585
vn -0.0000 0.7071 -0.7071
vn -0.0000 0.2585 -0.9660
vn 0.9660 -0.0000 -0.2585
vn 0.7071 -0.0000 -0.7071
vn 0.2585 -0.0000 -0.9660
vn 0.2585 -0.9660 -0.0000
vn 0.7071 -0.7071 -0.0000
vn 0.9660 -0.2585 -0.0000
vn 0.2585 0.9660 -0.0000
vn 0.7071 0.7071 -0.0000
vn 0.9660 0.2585 -0.0000
vn 0.2585 -0.0000 0.9660
vn 0.7071 -0.0000 0.7071
vn 0.9660 -0.0000 0.2585
vn -0.0000 -0.9660 0.2585
vn -0.0000 -0.7071 0.7071
vn -0.0000 -0.2585 0.9660
vn -0.0000 0.9660 0.2585
vn -0.0000 0.7071 0.7071
vn -0.0000 0.2585 0.9660
vn -0.0000 -1.0000 -0.0000
vn -1.0000 -0.0000 -0.0000
vn -0.0000 -0.0000 1.0000
vn -0.0000 1.0000 -0.0000
vn -0.0000 -0.0000 -1.0000
vn 1.0000 -0.0000 -0.0000
vt 0.135417 0.700000
vt 0.135417 0.724967
vt 0.130435 0.723911
vt 0.130215 0.700000
vt 0.135417 0.750000
vt 0.130435 0.750000
vt 0.398438 0.989583
vt 0.398437 1.000000
vt 0.375000 0.994565
vt 0.375000 0.989583
vt 0.398438 0.000000
vt 0.398438 0.025033
vt 0.375000 0.026089
vt 0.375000 0.000000
vt 0.398437 0.050000
vt 0.375000 0.050000
vt 0.125000 0.700000
vt 0.125000 0.723911
vt 0.601563 0.989583
vt 0.613266 0.989583
vt 0.612771 1.000000
vt 0.601562 1.000000
vt 0.625000 0.989583
vt 0.625000 1.000000
vt 0.864583 0.700000
vt 0.875000 0.700000
vt 0.875000 0.723911
vt 0.864583 0.750000
vt 0.625000 0.050000
vt 0.613266 0.050000
vt 0.612771 0.026089
vt 0.625000 0.026089
vt 0.601562 0.050000
vt 0.601562 0.025033
vt 0.601562 0.000000
vt 0.612771 0.000000
vt 0.135417 0.550000
vt 0.130215 0.550000
vt 0.130435 0.526089
vt 0.135417 0.525033
vt 0.125000 0.550000
vt 0.125000 0.526089
vt 0.398438 0.200000
vt 0.398437 0.224967
vt 0.375000 0.223911
vt 0.375000 0.200000
vt 0.398438 0.255215
vt 0.375000 0.255435
vt 0.398438 0.260417
vt 0.375000 0.260417
vt 0.135417 0.500000
vt 0.130435 0.500000
vt 0.864583 0.550000
vt 0.864583 0.500000
vt 0.875000 0.526089
vt 0.875000 0.550000
vt 0.625000 0.260417
vt 0.613266 0.260417
vt 0.612771 0.253996
vt 0.625000 0.235420
vt 0.601562 0.260417
vt 0.601563 0.255215
vt 0.601562 0.224967
vt 0.612771 0.223911
vt 0.601562 0.200000
vt 0.613266 0.200000
vt 0.625000 0.200000
vt 0.364583 0.700000
vt 0.369785 0.700000
vt 0.369565 0.723911
vt 0.364583 0.724967
vt 0.386734 0.700000
vt 0.386071 0.723911
vt 0.398438 0.700000
vt 0.398437 0.724967
vt 0.398438 0.755215
vt 0.373004 0.753439
vt 0.398438 0.760417
vt 0.369790 0.755206
vt 0.635417 0.700000
vt 0.630206 0.755210
vt 0.628439 0.751996
vt 0.630215 0.700000
vt 0.613266 0.760417
vt 0.612771 0.755435
vt 0.601562 0.760417
vt 0.601562 0.755215
vt 0.601562 0.724967
vt 0.612771 0.726141
vt 0.601562 0.700000
vt 0.613266 0.700000
vt 0.364583 0.550000
vt 0.364583 0.525033
vt 0.369565 0.526089
vt 0.369785 0.550000
vt 0.369790 0.494794
vt 0.373004 0.496561
vt 0.398438 0.489583
vt 0.398438 0.494785
vt 0.398437 0.525033
vt 0.386071 0.526089
vt 0.398438 0.550000
vt 0.386734 0.550000
vt 0.635417 0.550000
vt 0.630215 0.550000
vt 0.628439 0.498004
vt 0.630206 0.494790
vt 0.613266 0.550000
vt 0.612771 0.523859
vt 0.601562 0.550000
vt 0.601562 0.525033
vt 0.601562 0.494785
vt 0.612770 0.494565
vt 0.601563 0.489583
vt 0.613266 0.489583
s 0
usemtl OiledOak
f 1009/1609/1005 1012/1610/1005 1014/1611/1005 1013/1612/1005
f 1012/1610/1006 1016/1613/1006 1017/1614/1006 1014/1611/1006
f 1010/1615/1007 1015/1616/1007 1017/1617/1007 1016/1618/1007
f 1015/1619/1008 1019/1620/1008 1020/1621/1008 1017/1622/1008
f 1011/1623/1009 1018/1624/1009 1020/1621/1009 1019/1620/1009
f 1018/1625/1010 1013/1612/1010 1014/1611/1010 1020/1626/1010
f 1014/1611/1011 1017/1614/1011 1020/1626/1011
f 1021/1627/1012 1024/1628/1012 1026/1629/1012 1025/1630/1012
f 1024/1628/1013 1028/1631/1013 1029/1632/1013 1026/1629/1013
f 1022/1633/1014 1027/1634/1014 1029/1635/1014 1028/1636/1014
f 1027/1637/1015 1031/1638/1015 1032/1639/1015 1029/1640/1015
f 1023/1641/1016 1030/1642/1016 1032/1639/1016 1031/1638/1016
f 1030/1642/1017 1025/1643/1017 1026/1644/1017 1032/1639/1017
f 1026/1644/1018 1029/1640/1018 1032/1639/1018
f 1033/1645/1019 1036/1646/1019 1038/1647/1019 1037/1648/1019
f 1036/1646/1020 1040/1649/1020 1041/1650/1020 1038/1647/1020
f 1034/1651/1021 1039/1652/1021 1041/1653/1021 1040/1654/1021
f 1039/1652/1022 1043/1655/1022 1044/1656/1022 1041/1653/1022
f 1035/1657/1023 1042/1658/1023 1044/1656/1023 1043/1655/1023
f 1042/1659/1024 1037/1648/1024 1038/1647/1024 1044/1660/1024
f 1038/1647/1025 1041/1650/1025 1044/1660/1025
f 1045/1661/1026 1048/1662/1026 1050/1663/1026 1049/1664/1026
f 1048/1665/1027 1052/1666/1027 1053/1667/1027 1050/1668/1027
f 1046/1669/1028 1051/1670/1028 1053/1667/1028 1052/1666/1028
f 1051/1670/1029 1055/1671/1029 1056/1672/1029 1053/1667/1029
f 1047/1673/1030 1054/1674/1030 1056/1672/1030 1055/1671/1030
f 1054/1674/1031 1049/1675/1031 1050/1668/1031 1056/1672/1031
f 1050/1668/1032 1053/1667/1032 1056/1672/1032
f 1057/1676/1033 1060/1677/1033 1062/1678/1033 1061/1679/1033
f 1060/1677/1034 1064/1680/1034 1065/1681/1034 1062/1678/1034
f 1058/1682/1035 1063/1683/1035 1065/1681/1035 1064/1680/1035
f 1063/1683/1036 1067/1684/1036 1068/1685/1036 1065/1681/1036
f 1059/1686/1037 1066/1687/1037 1068/1685/1037 1067/1684/1037
f 1066/1687/1038 1061/1679/1038 1062/1678/1038 1068/1685/1038
f 1062/1678/1039 1065/1681/1039 1068/1685/1039
f 1069/1688/1040 1072/1689/1040 1074/1690/1040 1073/1691/1040
f 1072/1689/1041 1076/1692/1041 1077/1693/1041 1074/1690/1041
f 1070/1694/1042 1075/1695/1042 1077/1693/1042 1076/1692/1042
f 1075/1695/1043 1079/1696/1043 1080/1697/1043 1077/1693/1043
f 1071/1698/1044 1078/1699/1044 1080/1697/1044 1079/1696/1044
f 1078/1699/1045 1073/1691/1045 1074/1690/1045 1080/1697/1045
f 1074/1690/1046 1077/1693/1046 1080/1697/1046
f 1081/1700/1047 1084/1701/1047 1086/1702/1047 1085/1703/1047
f 1084/1701/1048 1088/1704/1048 1089/1705/1048 1086/1702/1048
f 1082/1706/1049 1087/1707/1049 1089/1705/1049 1088/1704/1049
f 1087/1707/1050 1091/1708/1050 1092/1709/1050 1089/1705/1050
f 1083/1710/1051 1090/1711/1051 1092/1709/1051 1091/1708/1051
f 1090/1711/1052 1085/1703/1052 1086/1702/1052 1092/1709/1052
f 1086/1702/1053 1089/1705/1053 1092/1709/1053
f 1093/1712/1054 1096/1713/1054 1098/1714/1054 1097/1715/1054
f 1096/1713/1055 1100/1716/1055 1101/1717/1055 1098/1714/1055
f 1094/1718/1056 1099/1719/1056 1101/1717/1056 1100/1716/1056
f 1099/1719/1057 1103/1720/1057 1104/1721/1057 1101/1717/1057
f 1095/1722/1058 1102/1723/1058 1104/1721/1058 1103/1720/1058
f 1102/1723/1059 1097/1715/1059 1098/1714/1059 1104/1721/1059
f 1098/1714/1060 1101/1717/1060 1104/1721/1060
f 1033/1645/1061 1009/1609/1061 1013/1612/1061 1036/1646/1061
f 1036/1646/1062 1013/1612/1062 1018/1625/1062 1040/1649/1062
f 1040/1654/1063 1018/1624/1063 1011/1623/1063 1034/1651/1063
f 1010/1615/1064 1021/1627/1064 1025/1630/1064 1015/1616/1064
f 1015/1619/1065 1025/1643/1065 1030/1642/1065 1019/1620/1065
f 1019/1620/1066 1030/1642/1066 1023/1641/1066 1011/1623/1066
f 1022/1633/1067 1045/1661/1067 1049/1664/1067 1027/1634/1067
f 1027/1637/1068 1049/1675/1068 1054/1674/1068 1031/1638/1068
f 1031/1638/1069 1054/1674/1069 1047/1673/1069 1023/1641/1069
f 1046/1669/1070 1035/1657/1070 1043/1655/1070 1051/1670/1070
f 1051/1670/1071 1043/1655/1071 1039/1652/1071 1055/1671/1071
f 1055/1671/1072 1039/1652/1072 1034/1651/1072 1047/1673/1072
f 1081/1700/1073 1033/1645/1073 1037/1648/1073 1084/1701/1073
f 1084/1701/1074 1037/1648/1074 1042/1659/1074 1088/1704/1074
f 1088/1704/1075 1042/1658/1075 1035/1657/1075 1082/1706/1075
f 1045/1661/1076 1093/1712/1076 1097/1715/1076 1048/1662/1076
f 1048/1665/1077 1097/1715/1077 1102/1723/1077 1052/1666/1077
f 1052/1666/1078 1102/1723/1078 1095/1722/1078 1046/1669/1078
f 1094/1718/1079 1083/1710/1079 1091/1708/1079 1099/1719/1079
f 1099/1719/1080 1091/1708/1080 1087/1707/1080 1103/1720/1080
f 1103/1720/1081 1087/1707/1081 1082/1706/1081 1095/1722/1081
f 1057/1676/1082 1081/1700/1082 1085/1703/1082 1060/1677/1082
f 1060/1677/1083 1085/1703/1083 1090/1711/1083 1064/1680/1083
f 1064/1680/1084 1090/1711/1084 1083/1710/1084 1058/1682/1084
f 1093/1712/1085 1069/1688/1085 1073/1691/1085 1096/1713/1085
f 1096/1713/1086 1073/1691/1086 1078/1699/1086 1100/1716/1086
f 1100/1716/1087 1078/1699/1087 1071/1698/1087 1094/1718/1087
f 1070/1694/1088 1059/1686/1088 1067/1684/1088 1075/1695/1088
f 1075/1695/1089 1067/1684/1089 1063/1683/1089 1079/1696/1089
f 1079/1696/1090 1063/1683/1090 1058/1682/1090 1071/1698/1090
f 1009/1609/1091 1057/1676/1091 1061/1679/1091 1012/1610/1091
f 1012/1610/1092 1061/1679/1092 1066/1687/1092 1016/1613/1092
f 1016/1618/1093 1066/1687/1093 1059/1686/1093 1010/1615/1093
f 1069/1688/1094 1022/1633/1094 1028/1636/1094 1072/1689/1094
f 1072/1689/1095 1028/1631/1095 1024/1628/1095 1076/1692/1095
f 1076/1692/1096 1024/1628/1096 1021/1627/1096 1070/1694/1096
f 1033/1645/1097 1081/1700/1097 1057/1676/1097 1009/1609/1097
f 1011/1623/1098 1023/1641/1098 1047/1673/1098 1034/1651/1098
f 1059/1686/1099 1070/1694/1099 1021/1627/1099 1010/1615/1099
f 1093/1712/1100 1045/1661/1100 1022/1633/1100 1069/1688/1100
f 1035/1657/1101 1046/1669/1101 1095/1722/1101 1082/1706/1101
f 1083/1710/1102 1094/1718/1102 1071/1698/1102 1058/1682/1102
o iron_carriage_brace
v -0.295000 0.590000 0.330000
v -0.295000 0.610000 0.350000
v -0.315000 0.610000 0.330000
v -0.295000 0.592672 0.339987
v -0.304987 0.592672 0.330000
v -0.304564 0.595267 0.339564
v -0.304987 0.610000 0.347328
v -0.295000 0.600013 0.347328
v -0.304564 0.600436 0.344733
v -0.312328 0.600013 0.330000
v -0.312328 0.610000 0.339987
v -0.309733 0.600436 0.339564
v -0.295000 0.690000 0.350000
v -0.295000 0.710000 0.330000
v -0.315000 0.690000 0.330000
v -0.295000 0.699987 0.347328
v -0.304987 0.690000 0.347328
v -0.304564 0.699564 0.344733
v -0.304987 0.707328 0.330000
v -0.295000 0.707328 0.339987
v -0.304564 0.704733 0.339564
v -0.312328 0.690000 0.339987
v -0.312328 0.699987 0.330000
v -0.309733 0.699564 0.339564
v -0.295000 0.590000 -0.470000
v -0.315000 0.610000 -0.470000
v -0.295000 0.610000 -0.490000
v -0.304987 0.592672 -0.470000
v -0.295000 0.592672 -0.479987
v -0.304564 0.595267 -0.479564
v -0.312328 0.610000 -0.479987
v -0.312328 0.600013 -0.470000
v -0.309733 0.600436 -0.479564
v -0.295000 0.600013 -0.487328
v -0.304987 0.610000 -0.487328
v -0.304564 0.600436 -0.484733
v -0.295000 0.710000 -0.470000
v -0.295000 0.690000 -0.490000
v -0.315000 0.690000 -0.470000
v -0.295000 0.707328 -0.479987
v -0.304987 0.707328 -0.470000
v -0.304564 0.704733 -0.479564
v -0.304987 0.690000 -0.487328
v -0.295000 0.699987 -0.487328
v -0.304564 0.699564 -0.484733
v -0.312328 0.699987 -0.470000
v -0.312328 0.690000 -0.479987
v -0.309733 0.699564 -0.479564
v -0.245000 0.590000 0.330000
v -0.225000 0.610000 0.330000
v -0.245000 0.610000 0.350000
v -0.235013 0.592672 0.330000
v -0.245000 0.592672 0.339987
v -0.235436 0.595267 0.339564
v -0.227672 0.610000 0.339987
v -0.227672 0.600013 0.330000
v -0.230267 0.600436 0.339564
v -0.245000 0.600013 0.347328
v -0.235013 0.610000 0.347328
v -0.235436 0.600436 0.344733
v -0.245000 0.710000 0.330000
v -0.245000 0.690000 0.350000
v -0.225000 0.690000 0.330000
v -0.245000 0.707328 0.339987
v -0.235013 0.707328 0.330000
v -0.235436 0.704733 0.339564
v -0.235013 0.690000 0.347328
v -0.245000 0.699987 0.347328
v -0.235436 0.699564 0.344733
v -0.227672 0.699987 0.330000
v -0.227672 0.690000 0.339987
v -0.230267 0.699564 0.339564
v -0.245000 0.590000 -0.470000
v -0.245000 0.610000 -0.490000
v -0.225000 0.610000 -0.470000
v -0.245000 0.592672 -0.479987
v -0.235013 0.592672 -0.470000
v -0.235436 0.595267 -0.479564
v -0.235013 0.610000 -0.487328
v -0.245000 0.600013 -0.487328
v -0.235436 0.600436 -0.484733
v -0.227672 0.600013 -0.470000
v -0.227672 0.610000 -0.479987
v -0.230267 0.600436 -0.479564
v -0.245000 0.710000 -0.470000
v -0.225000 0.690000 -0.470000
v -0.245000 0.690000 -0.490000
v -0.235013 0.707328 -0.470000
v -0.245000 0.707328 -0.479987
v -0.235436 0.704733 -0.479564
v -0.227672 0.690000 -0.479987
v -0.227672 0.699987 -0.470000
v -0.230267 0.699564 -0.479564
v -0.245000 0.699987 -0.487328
v -0.235013 0.690000 -0.487328
v -0.235436 0.699564 -0.484733
vn -0.2566 -0.9318 0.2566
vn -0.2178 -0.6901 0.6901
vn -0.2566 -0.2566 0.9318
vn -0.6901 -0.2178 0.6901
vn -0.9318 -0.2566 0.2566
vn -0.6901 -0.6901 0.2178
vn -0.5773 -0.5774 0.5773
vn -0.2566 0.2566 0.9318
vn -0.2178 0.6901 0.6901
vn -0.2566 0.9318 0.2566
vn -0.6901 0.6901 0.2178
vn -0.9318 0.2566 0.2566
vn -0.6901 0.2178 0.6901
vn -0.5773 0.5774 0.5774
vn -0.2566 -0.9318 -0.2566
vn -0.6901 -0.6901 -0.2178
vn -0.9318 -0.2566 -0.2566
vn -0.6901 -0.2178 -0.6901
vn -0.2566 -0.2566 -0.9318
vn -0.2178 -0.6901 -0.6901
vn -0.5774 -0.5774 -0.5773
vn -0.2566 0.9318 -0.2566
vn -0.2178 0.6901 -0.6901
vn -0.2566 0.2566 -0.9318
vn -0.6901 0.2178 -0.6901
vn -0.9318 0.2566 -0.2566
vn -0.6901 0.6901 -0.2178
vn -0.5773 0.5774 -0.5773
vn 0.2566 -0.9318 0.2566
vn 0.6901 -0.6901 0.2178
vn 0.9318 -0.2566 0.2566
vn 0.6901 -0.2178 0.6901
vn 0.2566 -0.2566 0.9318
vn 0.2178 -0.6901 0.6901
vn 0.5774 -0.5774 0.5773
vn 0.2566 0.9318 0.2566
vn 0.2178 0.6901 0.6901
vn 0.2566 0.2566 0.9318
vn 0.6901 0.2178 0.6901
vn 0.9318 0.2566 0.2566
vn 0.6901 0.6901 0.2178
vn 0.5773 0.5774 0.5773
vn 0.2566 -0.9318 -0.2566
vn 0.2178 -0.6901 -0.6901
vn 0.2566 -0.2566 -0.9318
vn 0.6901 -0.2178 -0.6901
vn 0.9318 -0.2566 -0.2566
vn 0.6901 -0.6901 -0.2178
vn 0.5773 -0.5774 -0.5773
vn 0.2566 0.9318 -0.2566
vn 0.6901 0.6901 -0.2178
vn 0.9318 0.2566 -0.2566
vn 0.6901 0.2178 -0.6901
vn 0.2566 0.2566 -0.9318
vn 0.2178 0.6901 -0.6901
vn 0.5774 0.5774 -0.5773
vn -0.2585 -0.9660 -0.0000
vn -0.7071 -0.7071 -0.0000
vn -0.9660 -0.2585 -0.0000
vn -0.2585 -0.0000 0.9660
vn -0.7071 -0.0000 0.7071
vn -0.9660 -0.0000 0.2585
vn -0.2585 0.9660 -0.0000
vn -0.7071 0.7071 -0.0000
vn -0.9660 0.2585 -0.0000
vn -0.2585 -0.0000 -0.9660
vn -0.7071 -0.0000 -0.7071
vn -0.9660 -0.0000 -0.2585
vn -0.0000 -0.9660 -0.2585
vn -0.0000 -0.7071 -0.7071
vn -0.0000 -0.2585 -0.9660
vn -0.0000 0.9660 -0.2585
vn -0.0000 0.7071 -0.7071
vn -0.0000 0.2585 -0.9660
vn 0.9660 -0.0000 -0.2585
vn 0.7071 -0.0000 -0.7071
vn 0.2585 -0.0000 -0.9660
vn 0.2585 -0.9660 -0.0000
vn 0.7071 -0.7071 -0.0000
vn 0.9660 -0.2585 -0.0000
vn 0.2585 0.9660 -0.0000
vn 0.7071 0.7071 -0.0000
vn 0.9660 0.2585 -0.0000
vn 0.2585 -0.0000 0.9660
vn 0.7071 -0.0000 0.7071
vn 0.9660 -0.0000 0.2585
vn -0.0000 -0.9660 0.2585
vn -0.0000 -0.7071 0.7071
vn -0.0000 -0.2585 0.9660
vn -0.0000 0.9660 0.2585
vn -0.0000 0.7071 0.7071
vn -0.0000 0.2585 0.9660
vn -0.0000 -1.0000 -0.0000
vn -1.0000 -0.0000 -0.0000
vn -0.0000 -0.0000 1.0000
vn -0.0000 1.0000 -0.0000
vn -0.0000 -0.0000 -1.0000
vn 1.0000 -0.0000 -0.0000
vt 0.180556 0.744048
vt 0.180556 0.747020
vt 0.153988 0.746894
vt 0.152814 0.744048
vt 0.180556 0.750000
vt 0.153988 0.750000
vt 0.416667 0.944444
vt 0.416667 1.000000
vt 0.375000 0.971012
vt 0.375000 0.944444
vt 0.416667 0.000000
vt 0.416667 0.002980
vt 0.375000 0.003106
vt 0.375000 0.000000
vt 0.416667 0.005952
vt 0.375000 0.005952
vt 0.125000 0.744048
vt 0.125000 0.746894
vt 0.583333 0.944444
vt 0.604139 0.944445
vt 0.603259 1.000000
vt 0.583333 1.000000
vt 0.625000 0.944445
vt 0.625000 1.000000
vt 0.819444 0.744048
vt 0.875000 0.744048
vt 0.875000 0.746894
vt 0.819444 0.750000
vt 0.625000 0.005952
vt 0.604139 0.005952
vt 0.603259 0.003106
vt 0.625000 0.003106
vt 0.583333 0.005952
vt 0.583333 0.002980
vt 0.583333 0.000000
vt 0.603259 0.000000
vt 0.180556 0.505952
vt 0.152814 0.505952
vt 0.153988 0.503106
vt 0.180556 0.502980
vt 0.125000 0.505952
vt 0.125000 0.503106
vt 0.416667 0.244048
vt 0.416667 0.247020
vt 0.375000 0.246894
vt 0.375000 0.244048
vt 0.416667 0.277814
vt 0.375000 0.278988
vt 0.416667 0.305556
vt 0.375000 0.305556
vt 0.180556 0.500000
vt 0.153988 0.500000
vt 0.819444 0.505952
vt 0.819444 0.500000
vt 0.875000 0.503106
vt 0.875000 0.505952
vt 0.625000 0.305556
vt 0.604139 0.305556
vt 0.603259 0.276624
vt 0.625000 0.248264
vt 0.583333 0.305556
vt 0.583333 0.277814
vt 0.583333 0.247020
vt 0.603259 0.246894
vt 0.583333 0.244048
vt 0.604139 0.244048
vt 0.625000 0.244048
vt 0.319445 0.744048
vt 0.347186 0.744048
vt 0.346012 0.746894
vt 0.319444 0.747020
vt 0.395861 0.744048
vt 0.393927 0.746894
vt 0.416667 0.744048
vt 0.416667 0.747020
vt 0.416667 0.777814
vt 0.364353 0.768342
vt 0.416667 0.805556
vt 0.347531 0.778087
vt 0.680556 0.744048
vt 0.653087 0.777469
vt 0.643342 0.760647
vt 0.652814 0.744048
vt 0.604139 0.805556
vt 0.603259 0.778988
vt 0.583333 0.805556
vt 0.583333 0.777814
vt 0.583333 0.747020
vt 0.603259 0.748267
vt 0.583333 0.744048
vt 0.604139 0.744048
vt 0.319444 0.505952
vt 0.319444 0.502980
vt 0.346012 0.503106
vt 0.347186 0.505952
vt 0.347531 0.471913
vt 0.364353 0.481658
vt 0.416667 0.444444
vt 0.416667 0.472186
vt 0.416667 0.502980
vt 0.393927 0.503106
vt 0.416667 0.505952
vt 0.395861 0.505952
vt 0.680556 0.505952
vt 0.652814 0.505952
vt 0.643342 0.489353
vt 0.653087 0.472531
vt 0.604139 0.505952
vt 0.603259 0.501734
vt 0.583333 0.505952
vt 0.583333 0.502980
vt 0.583333 0.472186
vt 0.603259 0.471012
vt 0.583333 0.444444
vt 0.604139 0.444445
s 0
usemtl BlackIron
f 1105/1724/1103 1108/1725/1103 1110/1726/1103 1109/1727/1103
f 1108/1725/1104 1112/1728/1104 1113/1729/1104 1110/1726/1104
f 1106/1730/1105 1111/1731/1105 1113/1732/1105 1112/1733/1105
f 1111/1734/1106 1115/1735/1106 1116/1736/1106 1113/1737/1106
f 1107/1738/1107 1114/1739/1107 1116/1736/1107 1115/1735/1107
f 1114/1740/1108 1109/1727/1108 1110/1726/1108 1116/1741/1108
f 1110/1726/1109 1113/1729/1109 1116/1741/1109
f 1117/1742/1110 1120/1743/1110 1122/1744/1110 1121/1745/1110
f 1120/1743/1111 1124/1746/1111 1125/1747/1111 1122/1744/1111
f 1118/1748/1112 1123/1749/1112 1125/1750/1112 1124/1751/1112
f 1123/1752/1113 1127/1753/1113 1128/1754/1113 1125/1755/1113
f 1119/1756/1114 1126/1757/1114 1128/1754/1114 1127/1753/1114
f 1126/1757/1115 1121/1758/1115 1122/1759/1115 1128/1754/1115
f 1122/1759/1116 1125/1755/1116 1128/1754/1116
f 1129/1760/1117 1132/1761/1117 1134/1762/1117 1133/1763/1117
f 1132/1761/1118 1136/1764/1118 1137/1765/1118 1134/1762/1118
f 1130/1766/1119 1135/1767/1119 1137/1768/1119 1136/1769/1119
f 1135/1767/1120 1139/1770/1120 1140/1771/1120 1137/1768/1120
f 1131/1772/1121 1138/1773/1121 1140/1771/1121 1139/1770/1121
f 1138/1774/1122 1133/1763/1122 1134/1762/1122 1140/1775/1122
f 1134/1762/1123 1137/1765/1123 1140/1775/1123
f 1141/1776/1124 1144/1777/1124 1146/1778/1124 1145/1779/1124
f 1144/1780/1125 1148/1781/1125 1149/1782/1125 1146/1783/1125
f 1142/1784/1126 1147/1785/1126 1149/1782/1126 1148/1781/1126
f 1147/1785/1127 1151/1786/1127 1152/1787/1127 1149/1782/1127
f 1143/1788/1128 1150/1789/1128 1152/1787/1128 1151/1786/1128
f 1150/1789/1129 1145/1790/1129 1146/1783/1129 1152/1787/1129
f 1146/1783/1130 1149/1782/1130 1152/1787/1130
f 1153/1791/1131 1156/1792/1131 1158/1793/1131 1157/1794/1131
f 1156/1792/1132 1160/1795/1132 1161/1796/1132 1158/1793/1132
f 1154/1797/1133 1159/1798/1133 1161/1796/1133 1160/1795/1133
f 1159/1798/1134 1163/1799/1134 1164/1800/1134 1161/1796/1134
f 1155/1801/1135 1162/1802/1135 1164/1800/1135 1163/1799/1135
f 1162/1802/1136 1157/1794/1136 1158/1793/1136 1164/1800/1136
f 1158/1793/1137 1161/1796/1137 1164/1800/1137
f 1165/1803/1138 1168/1804/1138 1170/1805/1138 1169/1806/1138
f 1168/1804/1139 1172/1807/1139 1173/1808/1139 1170/1805/1139
f 1166/1809/1140 1171/1810/1140 1173/1808/1140 1172/1807/1140
f 1171/1810/1141 1175/1811/1141 1176/1812/1141 1173/1808/1141
f 1167/1813/1142 1174/1814/1142 1176/1812/1142 1175/1811/1142
f 1174/1814/1143 1169/1806/1143 1170/1805/1143 1176/1812/1143
f 1170/1805/1144 1173/1808/1144 1176/1812/1144
f 1177/1815/1145 1180/1816/1145 1182/1817/1145 1181/1818/1145
f 1180/1816/1146 1184/1819/1146 1185/1820/1146 1182/1817/1146
f 1178/1821/1147 1183/1822/1147 1185/1820/1147 1184/1819/1147
f 1183/1822/1148 1187/1823/1148 1188/1824/1148 1185/1820/1148
f 1179/1825/1149 1186/1826/1149 1188/1824/1149 1187/1823/1149
f 1186/1826/1150 1181/1818/1150 1182/1817/1150 1188/1824/1150
f 1182/1817/1151 1185/1820/1151 1188/1824/1151
f 1189/1827/1152 1192/1828/1152 1194/1829/1152 1193/1830/1152
f 1192/1828/1153 1196/1831/1153 1197/1832/1153 1194/1829/1153
f 1190/1833/1154 1195/1834/1154 1197/1832/1154 1196/1831/1154
f 1195/1834/1155 1199/1835/1155 1200/1836/1155 1197/1832/1155
f 1191/1837/1156 1198/1838/1156 1200/1836/1156 1199/1835/1156
f 1198/1838/1157 1193/1830/1157 1194/1829/1157 1200/1836/1157
f 1194/1829/1158 1197/1832/1158 1200/1836/1158
f 1129/1760/1159 1105/1724/1159 1109/1727/1159 1132/1761/1159
f 1132/1761/1160 1109/1727/1160 1114/1740/1160 1136/1764/1160
f 1136/1769/1161 1114/1739/1161 1107/1738/1161 1130/1766/1161
f 1106/1730/1162 1117/1742/1162 1121/1745/1162 1111/1731/1162
f 1111/1734/1163 1121/1758/1163 1126/1757/1163 1115/1735/1163
f 1115/1735/1164 1126/1757/1164 1119/1756/1164 1107/1738/1164
f 1118/1748/1165 1141/1776/1165 1145/1779/1165 1123/1749/1165
f 1123/1752/1166 1145/1790/1166 1150/1789/1166 1127/1753/1166
f 1127/1753/1167 1150/1789/1167 1143/1788/1167 1119/1756/1167
f 1142/1784/1168 1131/1772/1168 1139/1770/1168 1147/1785/1168
f 1147/1785/1169 1139/1770/1169 1135/1767/1169 1151/1786/1169
f 1151/1786/1170 1135/1767/1170 1130/1766/1170 1143/1788/1170
f 1177/1815/1171 1129/1760/1171 1133/1763/1171 1180/1816/1171
f 1180/1816/1172 1133/1763/1172 1138/1774/1172 1184/1819/1172
f 1184/1819/1173 1138/1773/1173 1131/1772/1173 1178/1821/1173
f 1141/1776/1174 1189/1827/1174 1193/1830/1174 1144/1777/1174
f 1144/1780/1175 1193/1830/1175 1198/1838/1175 1148/1781/1175
f 1148/1781/1176 1198/1838/1176 1191/1837/1176 1142/1784/1176
f 1190/1833/1177 1179/1825/1177 1187/1823/1177 1195/1834/1177
f 1195/1834/1178 1187/1823/1178 1183/1822/1178 1199/1835/1178
f 1199/1835/1179 1183/1822/1179 1178/1821/1179 1191/1837/1179
f 1153/1791/1180 1177/1815/1180 1181/1818/1180 1156/1792/1180
f 1156/1792/1181 1181/1818/1181 1186/1826/1181 1160/1795/1181
f 1160/1795/1182 1186/1826/1182 1179/1825/1182 1154/1797/1182
f 1189/1827/1183 1165/1803/1183 1169/1806/1183 1192/1828/1183
f 1192/1828/1184 1169/1806/1184 1174/1814/1184 1196/1831/1184
f 1196/1831/1185 1174/1814/1185 1167/1813/1185 1190/1833/1185
f 1166/1809/1186 1155/1801/1186 1163/1799/1186 1171/1810/1186
f 1171/1810/1187 1163/1799/1187 1159/1798/1187 1175/1811/1187
f 1175/1811/1188 1159/1798/1188 1154/1797/1188 1167/1813/1188
f 1105/1724/1189 1153/1791/1189 1157/1794/1189 1108/1725/1189
f 1108/1725/1190 1157/1794/1190 1162/1802/1190 1112/1728/1190
f 1112/1733/1191 1162/1802/1191 1155/1801/1191 1106/1730/1191
f 1165/1803/1192 1118/1748/1192 1124/1751/1192 1168/1804/1192
f 1168/1804/1193 1124/1746/1193 1120/1743/1193 1172/1807/1193
f 1172/1807/1194 1120/1743/1194 1117/1742/1194 1166/1809/1194
f 1129/1760/1195 1177/1815/1195 1153/1791/1195 1105/1724/1195
f 1107/1738/1196 1119/1756/1196 1143/1788/1196 1130/1766/1196
f 1155/1801/1197 1166/1809/1197 1117/1742/1197 1106/1730/1197
f 1189/1827/1198 1141/1776/1198 1118/1748/1198 1165/1803/1198
f 1131/1772/1199 1142/1784/1199 1191/1837/1199 1178/1821/1199
f 1179/1825/1200 1190/1833/1200 1167/1813/1200 1154/1797/1200
o iron_carriage_brace.001
v 0.245000 0.590000 0.330000
v 0.245000 0.610000 0.350000
v 0.225000 0.610000 0.330000
v 0.245000 0.592672 0.339987
v 0.235013 0.592672 0.330000
v 0.235436 0.595267 0.339564
v 0.235013 0.610000 0.347328
v 0.245000 0.600013 0.347328
v 0.235436 0.600436 0.344733
v 0.227672 0.600013 0.330000
v 0.227672 0.610000 0.339987
v 0.230267 0.600436 0.339564
v 0.245000 0.690000 0.350000
v 0.245000 0.710000 0.330000
v 0.225000 0.690000 0.330000
v 0.245000 0.699987 0.347328
v 0.235013 0.690000 0.347328
v 0.235436 0.699564 0.344733
v 0.235013 0.707328 0.330000
v 0.245000 0.707328 0.339987
v 0.235436 0.704733 0.339564
v 0.227672 0.690000 0.339987
v 0.227672 0.699987 0.330000
v 0.230267 0.699564 0.339564
v 0.245000 0.590000 -0.470000
v 0.225000 0.610000 -0.470000
v 0.245000 0.610000 -0.490000
v 0.235013 0.592672 -0.470000
v 0.245000 0.592672 -0.479987
v 0.235436 0.595267 -0.479564
v 0.227672 0.610000 -0.479987
v 0.227672 0.600013 -0.470000
v 0.230267 0.600436 -0.479564
v 0.245000 0.600013 -0.487328
v 0.235013 0.610000 -0.487328
v 0.235436 0.600436 -0.484733
v 0.245000 0.710000 -0.470000
v 0.245000 0.690000 -0.490000
v 0.225000 0.690000 -0.470000
v 0.245000 0.707328 -0.479987
v 0.235013 0.707328 -0.470000
v 0.235436 0.704733 -0.479564
v 0.235013 0.690000 -0.487328
v 0.245000 0.699987 -0.487328
v 0.235436 0.699564 -0.484733
v 0.227672 0.699987 -0.470000
v 0.227672 0.690000 -0.479987
v 0.230267 0.699564 -0.479564
v 0.295000 0.590000 0.330000
v 0.315000 0.610000 0.330000
v 0.295000 0.610000 0.350000
v 0.304987 0.592672 0.330000
v 0.295000 0.592672 0.339987
v 0.304564 0.595267 0.339564
v 0.312328 0.610000 0.339987
v 0.312328 0.600013 0.330000
v 0.309733 0.600436 0.339564
v 0.295000 0.600013 0.347328
v 0.304987 0.610000 0.347328
v 0.304564 0.600436 0.344733
v 0.295000 0.710000 0.330000
v 0.295000 0.690000 0.350000
v 0.315000 0.690000 0.330000
v 0.295000 0.707328 0.339987
v 0.304987 0.707328 0.330000
v 0.304564 0.704733 0.339564
v 0.304987 0.690000 0.347328
v 0.295000 0.699987 0.347328
v 0.304564 0.699564 0.344733
v 0.312328 0.699987 0.330000
v 0.312328 0.690000 0.339987
v 0.309733 0.699564 0.339564
v 0.295000 0.590000 -0.470000
v 0.295000 0.610000 -0.490000
v 0.315000 0.610000 -0.470000
v 0.295000 0.592672 -0.479987
v 0.304987 0.592672 -0.470000
v 0.304564 0.595267 -0.479564
v 0.304987 0.610000 -0.487328
v 0.295000 0.600013 -0.487328
v 0.304564 0.600436 -0.484733
v 0.312328 0.600013 -0.470000
v 0.312328 0.610000 -0.479987
v 0.309733 0.600436 -0.479564
v 0.295000 0.710000 -0.470000
v 0.315000 0.690000 -0.470000
v 0.295000 0.690000 -0.490000
v 0.304987 0.707328 -0.470000
v 0.295000 0.707328 -0.479987
v 0.304564 0.704733 -0.479564
v 0.312328 0.690000 -0.479987
v 0.312328 0.699987 -0.470000
v 0.309733 0.699564 -0.479564
v 0.295000 0.699987 -0.487328
v 0.304987 0.690000 -0.487328
v 0.304564 0.699564 -0.484733
vn -0.2566 -0.9318 0.2566
vn -0.2178 -0.6901 0.6901
vn -0.2566 -0.2566 0.9318
vn -0.6901 -0.2178 0.6901
vn -0.9318 -0.2566 0.2566
vn -0.6901 -0.6901 0.2178
vn -0.5773 -0.5774 0.5773
vn -0.2566 0.2566 0.9318
vn -0.2178 0.6901 0.6901
vn -0.2566 0.9318 0.2566
vn -0.6901 0.6901 0.2178
vn -0.9318 0.2566 0.2566
vn -0.6901 0.2178 0.6901
vn -0.5773 0.5774 0.5774
vn -0.2566 -0.9318 -0.2566
vn -0.6901 -0.6901 -0.2178
vn -0.9318 -0.2566 -0.2566
vn -0.6901 -0.2178 -0.6901
vn -0.2566 -0.2566 -0.9318
vn -0.2178 -0.6901 -0.6901
vn -0.5774 -0.5774 -0.5773
vn -0.2566 0.9318 -0.2566
vn -0.2178 0.6901 -0.6901
vn -0.2566 0.2566 -0.9318
vn -0.6901 0.2178 -0.6901
vn -0.9318 0.2566 -0.2566
vn -0.6901 0.6901 -0.2178
vn -0.5773 0.5774 -0.5773
vn 0.2566 -0.9318 0.2566
vn 0.6901 -0.6901 0.2178
vn 0.9318 -0.2566 0.2566
vn 0.6901 -0.2178 0.6901
vn 0.2566 -0.2566 0.9318
vn 0.2178 -0.6901 0.6901
vn 0.5774 -0.5774 0.5773
vn 0.2566 0.9318 0.2566
vn 0.2178 0.6901 0.6901
vn 0.2566 0.2566 0.9318
vn 0.6901 0.2178 0.6901
vn 0.9318 0.2566 0.2566
vn 0.6901 0.6901 0.2178
vn 0.5773 0.5774 0.5773
vn 0.2566 -0.9318 -0.2566
vn 0.2178 -0.6901 -0.6901
vn 0.2566 -0.2566 -0.9318
vn 0.6901 -0.2178 -0.6901
vn 0.9318 -0.2566 -0.2566
vn 0.6901 -0.6901 -0.2178
vn 0.5773 -0.5774 -0.5773
vn 0.2566 0.9318 -0.2566
vn 0.6901 0.6901 -0.2178
vn 0.9318 0.2566 -0.2566
vn 0.6901 0.2178 -0.6901
vn 0.2566 0.2566 -0.9318
vn 0.2178 0.6901 -0.6901
vn 0.5774 0.5774 -0.5773
vn -0.2585 -0.9660 -0.0000
vn -0.7071 -0.7071 -0.0000
vn -0.9660 -0.2585 -0.0000
vn -0.2585 -0.0000 0.9660
vn -0.7071 -0.0000 0.7071
vn -0.9660 -0.0000 0.2585
vn -0.2585 0.9660 -0.0000
vn -0.7071 0.7071 -0.0000
vn -0.9660 0.2585 -0.0000
vn -0.2585 -0.0000 -0.9660
vn -0.7071 -0.0000 -0.7071
vn -0.9660 -0.0000 -0.2585
vn -0.0000 -0.9660 -0.2585
vn -0.0000 -0.7071 -0.7071
vn -0.0000 -0.2585 -0.9660
vn -0.0000 0.9660 -0.2585
vn -0.0000 0.7071 -0.7071
vn -0.0000 0.2585 -0.9660
vn 0.9660 -0.0000 -0.2585
vn 0.7071 -0.0000 -0.7071
vn 0.2585 -0.0000 -0.9660
vn 0.2585 -0.9660 -0.0000
vn 0.7071 -0.7071 -0.0000
vn 0.9660 -0.2585 -0.0000
vn 0.2585 0.9660 -0.0000
vn 0.7071 0.7071 -0.0000
vn 0.9660 0.2585 -0.0000
vn 0.2585 -0.0000 0.9660
vn 0.7071 -0.0000 0.7071
vn 0.9660 -0.0000 0.2585
vn -0.0000 -0.9660 0.2585
vn -0.0000 -0.7071 0.7071
vn -0.0000 -0.2585 0.9660
vn -0.0000 0.9660 0.2585
vn -0.0000 0.7071 0.7071
vn -0.0000 0.2585 0.9660
vn -0.0000 -1.0000 -0.0000
vn -1.0000 -0.0000 -0.0000
vn -0.0000 -0.0000 1.0000
vn -0.0000 1.0000 -0.0000
vn -0.0000 -0.0000 -1.0000
vn 1.0000 -0.0000 -0.0000
vt 0.180556 0.744048
vt 0.180556 0.747020
vt 0.153988 0.746894
vt 0.152814 0.744048
vt 0.180556 0.750000
vt 0.153988 0.750000
vt 0.416667 0.944444
vt 0.416667 1.000000
vt 0.375000 0.971012
vt 0.375000 0.944444
vt 0.416667 0.000000
vt 0.416667 0.002980
vt 0.375000 0.003106
vt 0.375000 0.000000
vt 0.416667 0.005952
vt 0.375000 0.005952
vt 0.125000 0.744048
vt 0.125000 0.746894
vt 0.583333 0.944445
vt 0.604139 0.944444
vt 0.603259 1.000000
vt 0.583333 1.000000
vt 0.625000 0.944445
vt 0.625000 1.000000
vt 0.819444 0.744048
vt 0.875000 0.744048
vt 0.875000 0.746894
vt 0.819444 0.750000
vt 0.625000 0.005952
vt 0.604139 0.005952
vt 0.603259 0.003106
vt 0.625000 0.003106
vt 0.583333 0.005952
vt 0.583333 0.002980
vt 0.583333 0.000000
vt 0.603259 0.000000
vt 0.180556 0.505952
vt 0.152814 0.505952
vt 0.153988 0.503106
vt 0.180556 0.502980
vt 0.125000 0.505952
vt 0.125000 0.503106
vt 0.416667 0.244048
vt 0.416667 0.247020
vt 0.375000 0.246894
vt 0.375000 0.244048
vt 0.416667 0.277814
vt 0.375000 0.278988
vt 0.416667 0.305556
vt 0.375000 0.305556
vt 0.180556 0.500000
vt 0.153988 0.500000
vt 0.819444 0.505952
vt 0.819444 0.500000
vt 0.875000 0.503106
vt 0.875000 0.505952
vt 0.625000 0.305556
vt 0.604139 0.305556
vt 0.603259 0.276624
vt 0.625000 0.248264
vt 0.583333 0.305556
vt 0.583333 0.277814
vt 0.583333 0.247020
vt 0.603259 0.246894
vt 0.583333 0.244048
vt 0.604139 0.244048
vt 0.625000 0.244048
vt 0.319445 0.744048
vt 0.347186 0.744048
vt 0.346012 0.746894
vt 0.319444 0.747020
vt 0.395861 0.744048
vt 0.393927 0.746894
vt 0.416667 0.744048
vt 0.416667 0.747020
vt 0.416667 0.777814
vt 0.364353 0.768342
vt 0.416667 0.805556
vt 0.347531 0.778087
vt 0.680556 0.744048
vt 0.653087 0.777469
vt 0.643342 0.760647
vt 0.652814 0.744048
vt 0.604139 0.805556
vt 0.603259 0.778988
vt 0.583333 0.805556
vt 0.583333 0.777814
vt 0.583333 0.747020
vt 0.603259 0.748267
vt 0.583333 0.744048
vt 0.604139 0.744048
vt 0.319444 0.505952
vt 0.319444 0.502980
vt 0.346012 0.503106
vt 0.347186 0.505952
vt 0.347531 0.471913
vt 0.364353 0.481658
vt 0.416667 0.444444
vt 0.416667 0.472186
vt 0.416667 0.502980
vt 0.393927 0.503106
vt 0.416667 0.505952
vt 0.395861 0.505952
vt 0.680556 0.505952
vt 0.652814 0.505952
vt 0.643342 0.489353
vt 0.653087 0.472531
vt 0.604139 0.505952
vt 0.603259 0.501734
vt 0.583333 0.505952
vt 0.583333 0.502980
vt 0.583333 0.472186
vt 0.603259 0.471012
vt 0.583333 0.444444
vt 0.604139 0.444444
s 0
usemtl BlackIron
f 1201/1839/1201 1204/1840/1201 1206/1841/1201 1205/1842/1201
f 1204/1840/1202 1208/1843/1202 1209/1844/1202 1206/1841/1202
f 1202/1845/1203 1207/1846/1203 1209/1847/1203 1208/1848/1203
f 1207/1849/1204 1211/1850/1204 1212/1851/1204 1209/1852/1204
f 1203/1853/1205 1210/1854/1205 1212/1851/1205 1211/1850/1205
f 1210/1855/1206 1205/1842/1206 1206/1841/1206 1212/1856/1206
f 1206/1841/1207 1209/1844/1207 1212/1856/1207
f 1213/1857/1208 1216/1858/1208 1218/1859/1208 1217/1860/1208
f 1216/1858/1209 1220/1861/1209 1221/1862/1209 1218/1859/1209
f 1214/1863/1210 1219/1864/1210 1221/1865/1210 1220/1866/1210
f 1219/1867/1211 1223/1868/1211 1224/1869/1211 1221/1870/1211
f 1215/1871/1212 1222/1872/1212 1224/1869/1212 1223/1868/1212
f 1222/1872/1213 1217/1873/1213 1218/1874/1213 1224/1869/1213
f 1218/1874/1214 1221/1870/1214 1224/1869/1214
f 1225/1875/1215 1228/1876/1215 1230/1877/1215 1229/1878/1215
f 1228/1876/1216 1232/1879/1216 1233/1880/1216 1230/1877/1216
f 1226/1881/1217 1231/1882/1217 1233/1883/1217 1232/1884/1217
f 1231/1882/1218 1235/1885/1218 1236/1886/1218 1233/1883/1218
f 1227/1887/1219 1234/1888/1219 1236/1886/1219 1235/1885/1219
f 1234/1889/1220 1229/1878/1220 1230/1877/1220 1236/1890/1220
f 1230/1877/1221 1233/1880/1221 1236/1890/1221
f 1237/1891/1222 1240/1892/1222 1242/1893/1222 1241/1894/1222
f 1240/1895/1223 1244/1896/1223 1245/1897/1223 1242/1898/1223
f 1238/1899/1224 1243/1900/1224 1245/1897/1224 1244/1896/1224
f 1243/1900/1225 1247/1901/1225 1248/1902/1225 1245/1897/1225
f 1239/1903/1226 1246/1904/1226 1248/1902/1226 1247/1901/1226
f 1246/1904/1227 1241/1905/1227 1242/1898/1227 1248/1902/1227
f 1242/1898/1228 1245/1897/1228 1248/1902/1228
f 1249/1906/1229 1252/1907/1229 1254/1908/1229 1253/1909/1229
f 1252/1907/1230 1256/1910/1230 1257/1911/1230 1254/1908/1230
f 1250/1912/1231 1255/1913/1231 1257/1911/1231 1256/1910/1231
f 1255/1913/1232 1259/1914/1232 1260/1915/1232 1257/1911/1232
f 1251/1916/1233 1258/1917/1233 1260/1915/1233 1259/1914/1233
f 1258/1917/1234 1253/1909/1234 1254/1908/1234 1260/1915/1234
f 1254/1908/1235 1257/1911/1235 1260/1915/1235
f 1261/1918/1236 1264/1919/1236 1266/1920/1236 1265/1921/1236
f 1264/1919/1237 1268/1922/1237 1269/1923/1237 1266/1920/1237
f 1262/1924/1238 1267/1925/1238 1269/1923/1238 1268/1922/1238
f 1267/1925/1239 1271/1926/1239 1272/1927/1239 1269/1923/1239
f 1263/1928/1240 1270/1929/1240 1272/1927/1240 1271/1926/1240
f 1270/1929/1241 1265/1921/1241 1266/1920/1241 1272/1927/1241
f 1266/1920/1242 1269/1923/1242 1272/1927/1242
f 1273/1930/1243 1276/1931/1243 1278/1932/1243 1277/1933/1243
f 1276/1931/1244 1280/1934/1244 1281/1935/1244 1278/1932/1244
f 1274/1936/1245 1279/1937/1245 1281/1935/1245 1280/1934/1245
f 1279/1937/1246 1283/1938/1246 1284/1939/1246 1281/1935/1246
f 1275/1940/1247 1282/1941/1247 1284/1939/1247 1283/1938/1247
f 1282/1941/1248 1277/1933/1248 1278/1932/1248 1284/1939/1248
f 1278/1932/1249 1281/1935/1249 1284/1939/1249
f 1285/1942/1250 1288/1943/1250 1290/1944/1250 1289/1945/1250
f 1288/1943/1251 1292/1946/1251 1293/1947/1251 1290/1944/1251
f 1286/1948/1252 1291/1949/1252 1293/1947/1252 1292/1946/1252
f 1291/1949/1253 1295/1950/1253 1296/1951/1253 1293/1947/1253
f 1287/1952/1254 1294/1953/1254 1296/1951/1254 1295/1950/1254
f 1294/1953/1255 1289/1945/1255 1290/1944/1255 1296/1951/1255
f 1290/1944/1256 1293/1947/1256 1296/1951/1256
f 1225/1875/1257 1201/1839/1257 1205/1842/1257 1228/1876/1257
f 1228/1876/1258 1205/1842/1258 1210/1855/1258 1232/1879/1258
f 1232/1884/1259 1210/1854/1259 1203/1853/1259 1226/1881/1259
f 1202/1845/1260 1213/1857/1260 1217/1860/1260 1207/1846/1260
f 1207/1849/1261 1217/1873/1261 1222/1872/1261 1211/1850/1261
f 1211/1850/1262 1222/1872/1262 1215/1871/1262 1203/1853/1262
f 1214/1863/1263 1237/1891/1263 1241/1894/1263 1219/1864/1263
f 1219/1867/1264 1241/1905/1264 1246/1904/1264 1223/1868/1264
f 1223/1868/1265 1246/1904/1265 1239/1903/1265 1215/1871/1265
f 1238/1899/1266 1227/1887/1266 1235/1885/1266 1243/1900/1266
f 1243/1900/1267 1235/1885/1267 1231/1882/1267 1247/1901/1267
f 1247/1901/1268 1231/1882/1268 1226/1881/1268 1239/1903/1268
f 1273/1930/1269 1225/1875/1269 1229/1878/1269 1276/1931/1269
f 1276/1931/1270 1229/1878/1270 1234/1889/1270 1280/1934/1270
f 1280/1934/1271 1234/1888/1271 1227/1887/1271 1274/1936/1271
f 1237/1891/1272 1285/1942/1272 1289/1945/1272 1240/1892/1272
f 1240/1895/1273 1289/1945/1273 1294/1953/1273 1244/1896/1273
f 1244/1896/1274 1294/1953/1274 1287/1952/1274 1238/1899/1274
f 1286/1948/1275 1275/1940/1275 1283/1938/1275 1291/1949/1275
f 1291/1949/1276 1283/1938/1276 1279/1937/1276 1295/1950/1276
f 1295/1950/1277 1279/1937/1277 1274/1936/1277 1287/1952/1277
f 1249/1906/1278 1273/1930/1278 1277/1933/1278 1252/1907/1278
f 1252/1907/1279 1277/1933/1279 1282/1941/1279 1256/1910/1279
f 1256/1910/1280 1282/1941/1280 1275/1940/1280 1250/1912/1280
f 1285/1942/1281 1261/1918/1281 1265/1921/1281 1288/1943/1281
f 1288/1943/1282 1265/1921/1282 1270/1929/1282 1292/1946/1282
f 1292/1946/1283 1270/1929/1283 1263/1928/1283 1286/1948/1283
f 1262/1924/1284 1251/1916/1284 1259/1914/1284 1267/1925/1284
f 1267/1925/1285 1259/1914/1285 1255/1913/1285 1271/1926/1285
f 1271/1926/1286 1255/1913/1286 1250/1912/1286 1263/1928/1286
f 1201/1839/1287 1249/1906/1287 1253/1909/1287 1204/1840/1287
f 1204/1840/1288 1253/1909/1288 1258/1917/1288 1208/1843/1288
f 1208/1848/1289 1258/1917/1289 1251/1916/1289 1202/1845/1289
f 1261/1918/1290 1214/1863/1290 1220/1866/1290 1264/1919/1290
f 1264/1919/1291 1220/1861/1291 1216/1858/1291 1268/1922/1291
f 1268/1922/1292 1216/1858/1292 1213/1857/1292 1262/1924/1292
f 1225/1875/1293 1273/1930/1293 1249/1906/1293 1201/1839/1293
f 1203/1853/1294 1215/1871/1294 1239/1903/1294 1226/1881/1294
f 1251/1916/1295 1262/1924/1295 1213/1857/1295 1202/1845/1295
f 1285/1942/1296 1237/1891/1296 1214/1863/1296 1261/1918/1296
f 1227/1887/1297 1238/1899/1297 1287/1952/1297 1274/1936/1297
f 1275/1940/1298 1286/1948/1298 1263/1928/1298 1250/1912/1298
o counterweight
v 0.000000 0.690000 -0.640000
v 0.000000 0.910000 -0.640000
v 0.075244 0.690000 -0.626732
v 0.075244 0.910000 -0.626732
v 0.141413 0.690000 -0.588530
v 0.141413 0.910000 -0.588530
v 0.190526 0.690000 -0.530000
v 0.190526 0.910000 -0.530000
v 0.216658 0.690000 -0.458203
v 0.216658 0.910000 -0.458203
v 0.216658 0.690000 -0.381797
v 0.216658 0.910000 -0.381797
v 0.190526 0.690000 -0.310000
v 0.190526 0.910000 -0.310000
v 0.141413 0.690000 -0.251470
v 0.141413 0.910000 -0.251470
v 0.075244 0.690000 -0.213268
v 0.075244 0.910000 -0.213268
v 0.000000 0.690000 -0.200000
v 0.000000 0.910000 -0.200000
v -0.075244 0.690000 -0.213268
v -0.075244 0.910000 -0.213268
v -0.141413 0.690000 -0.251470
v -0.141413 0.910000 -0.251470
v -0.190526 0.690000 -0.310000
v -0.190526 0.910000 -0.310000
v -0.216658 0.690000 -0.381797
v -0.216658 0.910000 -0.381797
v -0.216658 0.690000 -0.458203
v -0.216658 0.910000 -0.458203
v -0.190526 0.690000 -0.530000
v -0.190526 0.910000 -0.530000
v -0.141413 0.690000 -0.588530
v -0.141413 0.910000 -0.588530
v -0.075244 0.690000 -0.626732
v -0.075244 0.910000 -0.626732
vn -0.0000 -0.6700 -0.7423
vn -0.0000 0.6700 -0.7423
vn 0.2539 -0.6700 -0.6976
vn 0.2539 0.6700 -0.6976
vn 0.4772 -0.6700 -0.5687
vn 0.4772 0.6700 -0.5687
vn 0.6429 -0.6700 -0.3712
vn 0.6429 0.6700 -0.3712
vn 0.7311 -0.6700 -0.1289
vn 0.7311 0.6700 -0.1289
vn 0.7311 -0.6700 0.1289
vn 0.7311 0.6700 0.1289
vn 0.6429 -0.6700 0.3712
vn 0.6429 0.6700 0.3712
vn 0.4772 -0.6700 0.5687
vn 0.4772 0.6700 0.5687
vn 0.2539 -0.6700 0.6976
vn 0.2539 0.6700 0.6976
vn -0.0000 -0.6700 0.7423
vn -0.0000 0.6700 0.7423
vn -0.2539 -0.6700 0.6976
vn -0.2539 0.6700 0.6976
vn -0.4772 -0.6700 0.5687
vn -0.4772 0.6700 0.5687
vn -0.6429 -0.6700 0.3712
vn -0.6429 0.6700 0.3712
vn -0.7311 -0.6700 0.1289
vn -0.7311 0.6700 0.1289
vn -0.7311 -0.6700 -0.1289
vn -0.7311 0.6700 -0.1289
vn -0.6429 -0.6700 -0.3712
vn -0.6429 0.6700 -0.3712
vn -0.4772 -0.6700 -0.5687
vn -0.4772 0.6700 -0.5687
vn -0.2539 -0.6700 -0.6976
vn -0.2539 0.6700 -0.6976
vt 1.000000 0.500000
vt 1.000000 1.000000
vt 0.944444 1.000000
vt 0.944444 0.500000
vt 0.888889 1.000000
vt 0.888889 0.500000
vt 0.833333 1.000000
vt 0.833333 0.500000
vt 0.777778 1.000000
vt 0.777778 0.500000
vt 0.722222 1.000000
vt 0.722222 0.500000
vt 0.666667 1.000000
vt 0.666667 0.500000
vt 0.611111 1.000000
vt 0.611111 0.500000
vt 0.555555 1.000000
vt 0.555555 0.500000
vt 0.500000 1.000000
vt 0.500000 0.500000
vt 0.444444 1.000000
vt 0.444444 0.500000
vt 0.388889 1.000000
vt 0.388889 0.500000
vt 0.333333 1.000000
vt 0.333333 0.500000
vt 0.277778 1.000000
vt 0.277778 0.500000
vt 0.222222 1.000000
vt 0.222222 0.500000
vt 0.166666 1.000000
vt 0.166666 0.500000
vt 0.111111 1.000000
vt 0.111111 0.500000
vt 0.332085 0.475526
vt 0.250000 0.490000
vt 0.167915 0.475526
vt 0.095731 0.433851
vt 0.042154 0.370000
vt 0.013646 0.291676
vt 0.013646 0.208324
vt 0.042154 0.130000
vt 0.095731 0.066149
vt 0.167915 0.024474
vt 0.250000 0.010000
vt 0.332085 0.024474
vt 0.404269 0.066149
vt 0.457846 0.130000
vt 0.486354 0.208324
vt 0.486354 0.291676
vt 0.457846 0.370000
vt 0.404269 0.433851
vt 0.055555 1.000000
vt 0.055555 0.500000
vt -0.000000 1.000000
vt -0.000000 0.500000
vt 0.750000 0.490000
vt 0.832085 0.475526
vt 0.904269 0.433851
vt 0.957846 0.370000
vt 0.986354 0.291676
vt 0.986354 0.208324
vt 0.957846 0.130000
vt 0.904269 0.066149
vt 0.832085 0.024474
vt 0.750000 0.010000
vt 0.667915 0.024474
vt 0.595731 0.066149
vt 0.542154 0.130000
vt 0.513646 0.208324
vt 0.513646 0.291676
vt 0.542154 0.370000
vt 0.595731 0.433851
vt 0.667915 0.475526
s 1
usemtl WornBronze
f 1297/1954/1299 1298/1955/1300 1300/1956/1302 1299/1957/1301
f 1299/1957/1301 1300/1956/1302 1302/1958/1304 1301/1959/1303
f 1301/1959/1303 1302/1958/1304 1304/1960/1306 1303/1961/1305
f 1303/1961/1305 1304/1960/1306 1306/1962/1308 1305/1963/1307
f 1305/1963/1307 1306/1962/1308 1308/1964/1310 1307/1965/1309
f 1307/1965/1309 1308/1964/1310 1310/1966/1312 1309/1967/1311
f 1309/1967/1311 1310/1966/1312 1312/1968/1314 1311/1969/1313
f 1311/1969/1313 1312/1968/1314 1314/1970/1316 1313/1971/1315
f 1313/1971/1315 1314/1970/1316 1316/1972/1318 1315/1973/1317
f 1315/1973/1317 1316/1972/1318 1318/1974/1320 1317/1975/1319
f 1317/1975/1319 1318/1974/1320 1320/1976/1322 1319/1977/1321
f 1319/1977/1321 1320/1976/1322 1322/1978/1324 1321/1979/1323
f 1321/1979/1323 1322/1978/1324 1324/1980/1326 1323/1981/1325
f 1323/1981/1325 1324/1980/1326 1326/1982/1328 1325/1983/1327
f 1325/1983/1327 1326/1982/1328 1328/1984/1330 1327/1985/1329
f 1327/1985/1329 1328/1984/1330 1330/1986/1332 1329/1987/1331
f 1300/1988/1302 1298/1989/1300 1332/1990/1334 1330/1991/1332 1328/1992/1330 1326/1993/1328 1324/1994/1326 1322/1995/1324 1320/1996/1322 1318/1997/1320 1316/1998/1318 1314/1999/1316 1312/2000/1314 1310/2001/1312 1308/2002/1310 1306/2003/1308 1304/2004/1306 1302/2005/1304
f 1329/1987/1331 1330/1986/1332 1332/2006/1334 1331/2007/1333
f 1331/2007/1333 1332/2006/1334 1298/2008/1300 1297/2009/1299
f 1297/2010/1299 1299/2011/1301 1301/2012/1303 1303/2013/1305 1305/2014/1307 1307/2015/1309 1309/2016/1311 1311/2017/1313 1313/2018/1315 1315/2019/1317 1317/2020/1319 1319/2021/1321 1321/2022/1323 1323/2023/1325 1325/2024/1327 1327/2025/1329 1329/2026/1331 1331/2027/1333
o stone_ammo_chest
v 0.420000 0.440000 -0.110000
v 0.420000 0.470000 -0.080000
v 0.390000 0.470000 -0.110000
v 0.420000 0.444008 -0.095020
v 0.405020 0.444008 -0.110000
v 0.405654 0.447901 -0.095654
v 0.405020 0.470000 -0.084008
v 0.420000 0.455020 -0.084008
v 0.405654 0.455654 -0.087901
v 0.394008 0.455020 -0.110000
v 0.394008 0.470000 -0.095020
v 0.397901 0.455654 -0.095654
v 0.420000 0.690000 -0.080000
v 0.420000 0.720000 -0.110000
v 0.390000 0.690000 -0.110000
v 0.420000 0.704980 -0.084008
v 0.405020 0.690000 -0.084008
v 0.405654 0.704346 -0.087901
v 0.405020 0.715992 -0.110000
v 0.420000 0.715992 -0.095020
v 0.405654 0.712099 -0.095654
v 0.394008 0.690000 -0.095020
v 0.394008 0.704980 -0.110000
v 0.397901 0.704346 -0.095654
v 0.420000 0.440000 -0.470000
v 0.390000 0.470000 -0.470000
v 0.420000 0.470000 -0.500000
v 0.405020 0.444008 -0.470000
v 0.420000 0.444008 -0.484980
v 0.405654 0.447901 -0.484346
v 0.394008 0.470000 -0.484980
v 0.394008 0.455020 -0.470000
v 0.397901 0.455654 -0.484346
v 0.420000 0.455020 -0.495992
v 0.405020 0.470000 -0.495992
v 0.405654 0.455654 -0.492099
v 0.420000 0.720000 -0.470000
v 0.420000 0.690000 -0.500000
v 0.390000 0.690000 -0.470000
v 0.420000 0.715992 -0.484980
v 0.405020 0.715992 -0.470000
v 0.405654 0.712099 -0.484346
v 0.405020 0.690000 -0.495992
v 0.420000 0.704980 -0.495992
v 0.405654 0.704346 -0.492099
v 0.394008 0.704980 -0.470000
v 0.394008 0.690000 -0.484980
v 0.397901 0.704346 -0.484346
v 0.640000 0.440000 -0.110000
v 0.670000 0.470000 -0.110000
v 0.640000 0.470000 -0.080000
v 0.654980 0.444008 -0.110000
v 0.640000 0.444008 -0.095020
v 0.654346 0.447901 -0.095654
v 0.665992 0.470000 -0.095020
v 0.665992 0.455020 -0.110000
v 0.662099 0.455654 -0.095654
v 0.640000 0.455020 -0.084008
v 0.654980 0.470000 -0.084008
v 0.654346 0.455654 -0.087901
v 0.640000 0.720000 -0.110000
v 0.640000 0.690000 -0.080000
v 0.670000 0.690000 -0.110000
v 0.640000 0.715992 -0.095020
v 0.654980 0.715992 -0.110000
v 0.654346 0.712099 -0.095654
v 0.654980 0.690000 -0.084008
v 0.640000 0.704980 -0.084008
v 0.654346 0.704346 -0.087901
v 0.665992 0.704980 -0.110000
v 0.665992 0.690000 -0.095020
v 0.662099 0.704346 -0.095654
v 0.640000 0.440000 -0.470000
v 0.640000 0.470000 -0.500000
v 0.670000 0.470000 -0.470000
v 0.640000 0.444008 -0.484980
v 0.654980 0.444008 -0.470000
v 0.654346 0.447901 -0.484346
v 0.654980 0.470000 -0.495992
v 0.640000 0.455020 -0.495992
v 0.654346 0.455654 -0.492099
v 0.665992 0.455020 -0.470000
v 0.665992 0.470000 -0.484980
v 0.662099 0.455654 -0.484346
v 0.640000 0.720000 -0.470000
v 0.670000 0.690000 -0.470000
v 0.640000 0.690000 -0.500000
v 0.654980 0.715992 -0.470000
v 0.640000 0.715992 -0.484980
v 0.654346 0.712099 -0.484346
v 0.665992 0.690000 -0.484980
v 0.665992 0.704980 -0.470000
v 0.662099 0.704346 -0.484346
v 0.640000 0.704980 -0.495992
v 0.654980 0.690000 -0.495992
v 0.654346 0.704346 -0.492099
vn -0.2566 -0.9318 0.2566
vn -0.2178 -0.6901 0.6901
vn -0.2566 -0.2566 0.9318
vn -0.6901 -0.2178 0.6901
vn -0.9318 -0.2566 0.2566
vn -0.6901 -0.6901 0.2178
vn -0.5774 -0.5773 0.5774
vn -0.2566 0.2566 0.9318
vn -0.2178 0.6901 0.6901
vn -0.2566 0.9318 0.2566
vn -0.6901 0.6901 0.2178
vn -0.9318 0.2566 0.2566
vn -0.6901 0.2178 0.6901
vn -0.5774 0.5773 0.5774
vn -0.2566 -0.9318 -0.2566
vn -0.6901 -0.6901 -0.2178
vn -0.9318 -0.2566 -0.2566
vn -0.6901 -0.2178 -0.6901
vn -0.2566 -0.2566 -0.9318
vn -0.2178 -0.6901 -0.6901
vn -0.5774 -0.5773 -0.5774
vn -0.2566 0.9318 -0.2566
vn -0.2178 0.6901 -0.6901
vn -0.2566 0.2566 -0.9318
vn -0.6901 0.2178 -0.6901
vn -0.9318 0.2566 -0.2566
vn -0.6901 0.6901 -0.2178
vn -0.5774 0.5773 -0.5774
vn 0.2566 -0.9318 0.2566
vn 0.6901 -0.6901 0.2178
vn 0.9318 -0.2566 0.2566
vn 0.6901 -0.2178 0.6901
vn 0.2566 -0.2566 0.9318
vn 0.2178 -0.6901 0.6901
vn 0.5774 -0.5773 0.5774
vn 0.2566 0.9318 0.2566
vn 0.2178 0.6901 0.6901
vn 0.2566 0.2566 0.9318
vn 0.6901 0.2178 0.6901
vn 0.9318 0.2566 0.2566
vn 0.6901 0.6901 0.2178
vn 0.5774 0.5773 0.5774
vn 0.2566 -0.9318 -0.2566
vn 0.2178 -0.6901 -0.6901
vn 0.2566 -0.2566 -0.9318
vn 0.6901 -0.2178 -0.6901
vn 0.9318 -0.2566 -0.2566
vn 0.6901 -0.6901 -0.2178
vn 0.5774 -0.5773 -0.5774
vn 0.2566 0.9318 -0.2566
vn 0.6901 0.6901 -0.2178
vn 0.9318 0.2566 -0.2566
vn 0.6901 0.2178 -0.6901
vn 0.2566 0.2566 -0.9318
vn 0.2178 0.6901 -0.6901
vn 0.5774 0.5773 -0.5774
vn -0.2585 -0.9660 -0.0000
vn -0.7071 -0.7071 -0.0000
vn -0.9660 -0.2585 -0.0000
vn -0.2585 -0.0000 0.9660
vn -0.7071 -0.0000 0.7071
vn -0.9660 -0.0000 0.2585
vn -0.2585 0.9660 -0.0000
vn -0.7071 0.7071 -0.0000
vn -0.9660 0.2585 -0.0000
vn -0.2585 -0.0000 -0.9660
vn -0.7071 -0.0000 -0.7071
vn -0.9660 -0.0000 -0.2585
vn -0.0000 -0.9660 -0.2585
vn -0.0000 -0.7071 -0.7071
vn -0.0000 -0.2585 -0.9660
vn -0.0000 0.9660 -0.2585
vn -0.0000 0.7071 -0.7071
vn -0.0000 0.2585 -0.9660
vn 0.9660 -0.0000 -0.2585
vn 0.7071 -0.0000 -0.7071
vn 0.2585 -0.0000 -0.9660
vn 0.2585 -0.9660 -0.0000
vn 0.7071 -0.7071 -0.0000
vn 0.9660 -0.2585 -0.0000
vn 0.2585 0.9660 -0.0000
vn 0.7071 0.7071 -0.0000
vn 0.9660 0.2585 -0.0000
vn 0.2585 -0.0000 0.9660
vn 0.7071 -0.0000 0.7071
vn 0.9660 -0.0000 0.2585
vn -0.0000 -0.9660 0.2585
vn -0.0000 -0.7071 0.7071
vn -0.0000 -0.2585 0.9660
vn -0.0000 0.9660 0.2585
vn -0.0000 0.7071 0.7071
vn -0.0000 0.2585 0.9660
vn -0.0000 -1.0000 -0.0000
vn -1.0000 -0.0000 -0.0000
vn -0.0000 -0.0000 1.0000
vn -0.0000 1.0000 -0.0000
vn -0.0000 -0.0000 -1.0000
vn 1.0000 -0.0000 -0.0000
vt 0.151786 0.732143
vt 0.151786 0.741060
vt 0.138976 0.740682
vt 0.138410 0.732143
vt 0.151786 0.750000
vt 0.138976 0.750000
vt 0.401786 0.973214
vt 0.401786 1.000000
vt 0.375000 0.986024
vt 0.375000 0.973214
vt 0.401786 0.000000
vt 0.401786 0.008940
vt 0.375000 0.009318
vt 0.375000 0.000000
vt 0.401786 0.017857
vt 0.375000 0.017857
vt 0.125000 0.732143
vt 0.125000 0.740682
vt 0.598214 0.973214
vt 0.611590 0.973214
vt 0.611023 1.000000
vt 0.598214 1.000000
vt 0.625000 0.973214
vt 0.625000 1.000000
vt 0.848214 0.732143
vt 0.875000 0.732143
vt 0.875000 0.740682
vt 0.848214 0.750000
vt 0.625000 0.017857
vt 0.611590 0.017857
vt 0.611024 0.009318
vt 0.625000 0.009318
vt 0.598214 0.017857
vt 0.598214 0.008940
vt 0.598214 0.000000
vt 0.611024 0.000000
vt 0.151786 0.517857
vt 0.138410 0.517857
vt 0.138976 0.509318
vt 0.151786 0.508940
vt 0.125000 0.517857
vt 0.125000 0.509318
vt 0.401786 0.232143
vt 0.401786 0.241060
vt 0.375000 0.240682
vt 0.375000 0.232143
vt 0.401786 0.263410
vt 0.375000 0.263976
vt 0.401786 0.276786
vt 0.375000 0.276786
vt 0.151786 0.500000
vt 0.138976 0.500000
vt 0.848214 0.517857
vt 0.848214 0.500000
vt 0.875000 0.509318
vt 0.875000 0.517857
vt 0.625000 0.276786
vt 0.611590 0.276786
vt 0.611024 0.262531
vt 0.625000 0.244793
vt 0.598214 0.276786
vt 0.598214 0.263410
vt 0.598214 0.241060
vt 0.611023 0.240682
vt 0.598214 0.232143
vt 0.611590 0.232143
vt 0.625000 0.232143
vt 0.348214 0.732143
vt 0.361590 0.732143
vt 0.361023 0.740682
vt 0.348214 0.741060
vt 0.388410 0.732143
vt 0.387349 0.740682
vt 0.401786 0.732143
vt 0.401786 0.741060
vt 0.401786 0.763410
vt 0.369867 0.758843
vt 0.401786 0.776786
vt 0.361646 0.763432
vt 0.651786 0.732143
vt 0.638432 0.763354
vt 0.633843 0.755133
vt 0.638410 0.732143
vt 0.611590 0.776786
vt 0.611023 0.763977
vt 0.598214 0.776786
vt 0.598214 0.763411
vt 0.598214 0.741060
vt 0.611023 0.741949
vt 0.598214 0.732143
vt 0.611590 0.732143
vt 0.348214 0.517857
vt 0.348214 0.508940
vt 0.361024 0.509318
vt 0.361590 0.517857
vt 0.361646 0.486568
vt 0.369867 0.491157
vt 0.401786 0.473214
vt 0.401786 0.486590
vt 0.401786 0.508940
vt 0.387349 0.509318
vt 0.401786 0.517857
vt 0.388410 0.517857
vt 0.651786 0.517857
vt 0.638411 0.517857
vt 0.633843 0.494867
vt 0.638432 0.486646
vt 0.611590 0.517857
vt 0.611024 0.508051
vt 0.598214 0.517857
vt 0.598214 0.508940
vt 0.598214 0.486590
vt 0.611024 0.486024
vt 0.598214 0.473214
vt 0.611590 0.473214
s 0
usemtl Limestone
f 1333/2028/1335 1336/2029/1335 1338/2030/1335 1337/2031/1335
f 1336/2029/1336 1340/2032/1336 1341/2033/1336 1338/2030/1336
f 1334/2034/1337 1339/2035/1337 1341/2036/1337 1340/2037/1337
f 1339/2038/1338 1343/2039/1338 1344/2040/1338 1341/2041/1338
f 1335/2042/1339 1342/2043/1339 1344/2040/1339 1343/2039/1339
f 1342/2044/1340 1337/2031/1340 1338/2030/1340 1344/2045/1340
f 1338/2030/1341 1341/2033/1341 1344/2045/1341
f 1345/2046/1342 1348/2047/1342 1350/2048/1342 1349/2049/1342
f 1348/2047/1343 1352/2050/1343 1353/2051/1343 1350/2048/1343
f 1346/2052/1344 1351/2053/1344 1353/2054/1344 1352/2055/1344
f 1351/2056/1345 1355/2057/1345 1356/2058/1345 1353/2059/1345
f 1347/2060/1346 1354/2061/1346 1356/2058/1346 1355/2057/1346
f 1354/2061/1347 1349/2062/1347 1350/2063/1347 1356/2058/1347
f 1350/2063/1348 1353/2059/1348 1356/2058/1348
f 1357/2064/1349 1360/2065/1349 1362/2066/1349 1361/2067/1349
f 1360/2065/1350 1364/2068/1350 1365/2069/1350 1362/2066/1350
f 1358/2070/1351 1363/2071/1351 1365/2072/1351 1364/2073/1351
f 1363/2071/1352 1367/2074/1352 1368/2075/1352 1365/2072/1352
f 1359/2076/1353 1366/2077/1353 1368/2075/1353 1367/2074/1353
f 1366/2078/1354 1361/2067/1354 1362/2066/1354 1368/2079/1354
f 1362/2066/1355 1365/2069/1355 1368/2079/1355
f 1369/2080/1356 1372/2081/1356 1374/2082/1356 1373/2083/1356
f 1372/2084/1357 1376/2085/1357 1377/2086/1357 1374/2087/1357
f 1370/2088/1358 1375/2089/1358 1377/2086/1358 1376/2085/1358
f 1375/2089/1359 1379/2090/1359 1380/2091/1359 1377/2086/1359
f 1371/2092/1360 1378/2093/1360 1380/2091/1360 1379/2090/1360
f 1378/2093/1361 1373/2094/1361 1374/2087/1361 1380/2091/1361
f 1374/2087/1362 1377/2086/1362 1380/2091/1362
f 1381/2095/1363 1384/2096/1363 1386/2097/1363 1385/2098/1363
f 1384/2096/1364 1388/2099/1364 1389/2100/1364 1386/2097/1364
f 1382/2101/1365 1387/2102/1365 1389/2100/1365 1388/2099/1365
f 1387/2102/1366 1391/2103/1366 1392/2104/1366 1389/2100/1366
f 1383/2105/1367 1390/2106/1367 1392/2104/1367 1391/2103/1367
f 1390/2106/1368 1385/2098/1368 1386/2097/1368 1392/2104/1368
f 1386/2097/1369 1389/2100/1369 1392/2104/1369
f 1393/2107/1370 1396/2108/1370 1398/2109/1370 1397/2110/1370
f 1396/2108/1371 1400/2111/1371 1401/2112/1371 1398/2109/1371
f 1394/2113/1372 1399/2114/1372 1401/2112/1372 1400/2111/1372
f 1399/2114/1373 1403/2115/1373 1404/2116/1373 1401/2112/1373
f 1395/2117/1374 1402/2118/1374 1404/2116/1374 1403/2115/1374
f 1402/2118/1375 1397/2110/1375 1398/2109/1375 1404/2116/1375
f 1398/2109/1376 1401/2112/1376 1404/2116/1376
f 1405/2119/1377 1408/2120/1377 1410/2121/1377 1409/2122/1377
f 1408/2120/1378 1412/2123/1378 1413/2124/1378 1410/2121/1378
f 1406/2125/1379 1411/2126/1379 1413/2124/1379 1412/2123/1379
f 1411/2126/1380 1415/2127/1380 1416/2128/1380 1413/2124/1380
f 1407/2129/1381 1414/2130/1381 1416/2128/1381 1415/2127/1381
f 1414/2130/1382 1409/2122/1382 1410/2121/1382 1416/2128/1382
f 1410/2121/1383 1413/2124/1383 1416/2128/1383
f 1417/2131/1384 1420/2132/1384 1422/2133/1384 1421/2134/1384
f 1420/2132/1385 1424/2135/1385 1425/2136/1385 1422/2133/1385
f 1418/2137/1386 1423/2138/1386 1425/2136/1386 1424/2135/1386
f 1423/2138/1387 1427/2139/1387 1428/2140/1387 1425/2136/1387
f 1419/2141/1388 1426/2142/1388 1428/2140/1388 1427/2139/1388
f 1426/2142/1389 1421/2134/1389 1422/2133/1389 1428/2140/1389
f 1422/2133/1390 1425/2136/1390 1428/2140/1390
f 1357/2064/1391 1333/2028/1391 1337/2031/1391 1360/2065/1391
f 1360/2065/1392 1337/2031/1392 1342/2044/1392 1364/2068/1392
f 1364/2073/1393 1342/2043/1393 1335/2042/1393 1358/2070/1393
f 1334/2034/1394 1345/2046/1394 1349/2049/1394 1339/2035/1394
f 1339/2038/1395 1349/2062/1395 1354/2061/1395 1343/2039/1395
f 1343/2039/1396 1354/2061/1396 1347/2060/1396 1335/2042/1396
f 1346/2052/1397 1369/2080/1397 1373/2083/1397 1351/2053/1397
f 1351/2056/1398 1373/2094/1398 1378/2093/1398 1355/2057/1398
f 1355/2057/1399 1378/2093/1399 1371/2092/1399 1347/2060/1399
f 1370/2088/1400 1359/2076/1400 1367/2074/1400 1375/2089/1400
f 1375/2089/1401 1367/2074/1401 1363/2071/1401 1379/2090/1401
f 1379/2090/1402 1363/2071/1402 1358/2070/1402 1371/2092/1402
f 1405/2119/1403 1357/2064/1403 1361/2067/1403 1408/2120/1403
f 1408/2120/1404 1361/2067/1404 1366/2078/1404 1412/2123/1404
f 1412/2123/1405 1366/2077/1405 1359/2076/1405 1406/2125/1405
f 1369/2080/1406 1417/2131/1406 1421/2134/1406 1372/2081/1406
f 1372/2084/1407 1421/2134/1407 1426/2142/1407 1376/2085/1407
f 1376/2085/1408 1426/2142/1408 1419/2141/1408 1370/2088/1408
f 1418/2137/1409 1407/2129/1409 1415/2127/1409 1423/2138/1409
f 1423/2138/1410 1415/2127/1410 1411/2126/1410 1427/2139/1410
f 1427/2139/1411 1411/2126/1411 1406/2125/1411 1419/2141/1411
f 1381/2095/1412 1405/2119/1412 1409/2122/1412 1384/2096/1412
f 1384/2096/1413 1409/2122/1413 1414/2130/1413 1388/2099/1413
f 1388/2099/1414 1414/2130/1414 1407/2129/1414 1382/2101/1414
f 1417/2131/1415 1393/2107/1415 1397/2110/1415 1420/2132/1415
f 1420/2132/1416 1397/2110/1416 1402/2118/1416 1424/2135/1416
f 1424/2135/1417 1402/2118/1417 1395/2117/1417 1418/2137/1417
f 1394/2113/1418 1383/2105/1418 1391/2103/1418 1399/2114/1418
f 1399/2114/1419 1391/2103/1419 1387/2102/1419 1403/2115/1419
f 1403/2115/1420 1387/2102/1420 1382/2101/1420 1395/2117/1420
f 1333/2028/1421 1381/2095/1421 1385/2098/1421 1336/2029/1421
f 1336/2029/1422 1385/2098/1422 1390/2106/1422 1340/2032/1422
f 1340/2037/1423 1390/2106/1423 1383/2105/1423 1334/2034/1423
f 1393/2107/1424 1346/2052/1424 1352/2055/1424 1396/2108/1424
f 1396/2108/1425 1352/2050/1425 1348/2047/1425 1400/2111/1425
f 1400/2111/1426 1348/2047/1426 1345/2046/1426 1394/2113/1426
f 1357/2064/1427 1405/2119/1427 1381/2095/1427 1333/2028/1427
f 1335/2042/1428 1347/2060/1428 1371/2092/1428 1358/2070/1428
f 1383/2105/1429 1394/2113/1429 1345/2046/1429 1334/2034/1429
f 1417/2131/1430 1369/2080/1430 1346/2052/1430 1393/2107/1430
f 1359/2076/1431 1370/2088/1431 1419/2141/1431 1406/2125/1431
f 1407/2129/1432 1418/2137/1432 1395/2117/1432 1382/2101/1432
o ember_fuse
v 0.000000 1.141763 -0.224588
v 0.000000 1.132272 -0.247500
v 0.000000 1.074588 -0.291763
v 0.000000 1.050000 -0.295000
v 0.000000 1.025412 -0.291763
v 0.000000 0.967728 -0.247500
v 0.000000 0.958237 -0.224588
v 0.007598 1.141763 -0.223384
v 0.014678 1.132272 -0.245175
v 0.020758 1.117175 -0.263887
v 0.025424 1.097500 -0.278246
v 0.028356 1.074588 -0.287272
v 0.029357 1.050000 -0.290350
v 0.028356 1.025412 -0.287272
v 0.025424 1.002500 -0.278246
v 0.020758 0.982825 -0.263887
v 0.014678 0.967728 -0.245175
v 0.007598 0.958237 -0.223384
v 0.014452 1.141763 -0.219892
v 0.027920 1.132272 -0.238428
v 0.039485 1.117175 -0.254346
v 0.048359 1.097500 -0.266560
v 0.053937 1.074588 -0.274238
v 0.055840 1.050000 -0.276857
v 0.053937 1.025412 -0.274238
v 0.048359 1.002500 -0.266560
v 0.039485 0.982825 -0.254346
v 0.027920 0.967728 -0.238428
v 0.014452 0.958237 -0.219892
v 0.000000 0.955000 -0.200000
v 0.019892 1.141763 -0.214452
v 0.038428 1.132272 -0.227920
v 0.054346 1.117175 -0.239485
v 0.066560 1.097500 -0.248359
v 0.074238 1.074588 -0.253937
v 0.076857 1.050000 -0.255840
v 0.074238 1.025412 -0.253937
v 0.066560 1.002500 -0.248359
v 0.054346 0.982825 -0.239485
v 0.038428 0.967728 -0.227920
v 0.019892 0.958237 -0.214452
v 0.023384 1.141763 -0.207598
v 0.045175 1.132272 -0.214678
v 0.063887 1.117175 -0.220758
v 0.078246 1.097500 -0.225424
v 0.087272 1.074588 -0.228356
v 0.090350 1.050000 -0.229357
v 0.087272 1.025412 -0.228356
v 0.078246 1.002500 -0.225424
v 0.063887 0.982825 -0.220758
v 0.045175 0.967728 -0.214678
v 0.023384 0.958237 -0.207598
v 0.024588 1.141763 -0.200000
v 0.047500 1.132272 -0.200000
v 0.067175 1.117175 -0.200000
v 0.082272 1.097500 -0.200000
v 0.091763 1.074588 -0.200000
v 0.095000 1.050000 -0.200000
v 0.091763 1.025412 -0.200000
v 0.082272 1.002500 -0.200000
v 0.067175 0.982825 -0.200000
v 0.047500 0.967728 -0.200000
v 0.024588 0.958237 -0.200000
v 0.023384 1.141763 -0.192402
v 0.045175 1.132272 -0.185322
v 0.063887 1.117175 -0.179242
v 0.078246 1.097500 -0.174576
v 0.087272 1.074588 -0.171644
v 0.090350 1.050000 -0.170643
v 0.087272 1.025412 -0.171644
v 0.078246 1.002500 -0.174576
v 0.063887 0.982825 -0.179242
v 0.045175 0.967728 -0.185322
v 0.023384 0.958237 -0.192402
v 0.019892 1.141763 -0.185548
v 0.038428 1.132272 -0.172080
v 0.054346 1.117175 -0.160515
v 0.066560 1.097500 -0.151641
v 0.074238 1.074588 -0.146063
v 0.076857 1.050000 -0.144160
v 0.074238 1.025412 -0.146063
v 0.066560 1.002500 -0.151641
v 0.054346 0.982825 -0.160515
v 0.038428 0.967728 -0.172080
v 0.019892 0.958237 -0.185548
v 0.014452 1.141763 -0.180108
v 0.027920 1.132272 -0.161572
v 0.039485 1.117175 -0.145654
v 0.048359 1.097500 -0.133440
v 0.053937 1.074588 -0.125762
v 0.055840 1.050000 -0.123143
v 0.053937 1.025412 -0.125762
v 0.048359 1.002500 -0.133440
v 0.039485 0.982825 -0.145654
v 0.027920 0.967728 -0.161572
v 0.014452 0.958237 -0.180108
v 0.007598 1.141763 -0.176616
v 0.014678 1.132272 -0.154825
v 0.020758 1.117175 -0.136113
v 0.025424 1.097500 -0.121754
v 0.028356 1.074588 -0.112728
v 0.029357 1.050000 -0.109650
v 0.028356 1.025412 -0.112728
v 0.025424 1.002500 -0.121754
v 0.020758 0.982825 -0.136113
v 0.014678 0.967728 -0.154825
v 0.007598 0.958237 -0.176616
v 0.000000 1.145000 -0.200000
v -0.000000 1.141763 -0.175412
v 0.000000 1.132272 -0.152500
v 0.000000 1.117175 -0.132825
v 0.000000 1.097500 -0.117728
v 0.000000 1.074588 -0.108237
v 0.000000 1.050000 -0.105000
v 0.000000 1.025412 -0.108237
v 0.000000 1.002500 -0.117728
v 0.000000 0.982825 -0.132825
v 0.000000 0.967728 -0.152500
v -0.000000 0.958237 -0.175412
v -0.007598 1.141763 -0.176616
v -0.014678 1.132272 -0.154825
v -0.020758 1.117175 -0.136113
v -0.025424 1.097500 -0.121754
v -0.028356 1.074588 -0.112728
v -0.029357 1.050000 -0.109650
v -0.028356 1.025412 -0.112728
v -0.025424 1.002500 -0.121754
v -0.020758 0.982825 -0.136113
v -0.014678 0.967728 -0.154825
v -0.007598 0.958237 -0.176616
v -0.014452 1.141763 -0.180108
v -0.027920 1.132272 -0.161572
v -0.039485 1.117175 -0.145654
v -0.048359 1.097500 -0.133440
v -0.053937 1.074588 -0.125762
v -0.055840 1.050000 -0.123143
v -0.053937 1.025412 -0.125762
v -0.048359 1.002500 -0.133440
v -0.039485 0.982825 -0.145654
v -0.027920 0.967728 -0.161572
v -0.014452 0.958237 -0.180108
v -0.019892 1.141763 -0.185548
v -0.038428 1.132272 -0.172080
v -0.054346 1.117175 -0.160515
v -0.066560 1.097500 -0.151641
v -0.074238 1.074588 -0.146063
v -0.076857 1.050000 -0.144160
v -0.074238 1.025412 -0.146063
v -0.066560 1.002500 -0.151641
v -0.054346 0.982825 -0.160515
v -0.038428 0.967728 -0.172080
v -0.019892 0.958237 -0.185548
v -0.023384 1.141763 -0.192402
v -0.045175 1.132272 -0.185322
v -0.063887 1.117175 -0.179242
v -0.078246 1.097500 -0.174576
v -0.087272 1.074588 -0.171644
v -0.090350 1.050000 -0.170643
v -0.087272 1.025412 -0.171644
v -0.078246 1.002500 -0.174576
v -0.063887 0.982825 -0.179242
v -0.045175 0.967728 -0.185322
v -0.023384 0.958237 -0.192402
v -0.024588 1.141763 -0.200000
v -0.047500 1.132272 -0.200000
v -0.067175 1.117175 -0.200000
v -0.082272 1.097500 -0.200000
v -0.091763 1.074588 -0.200000
v -0.095000 1.050000 -0.200000
v -0.091763 1.025412 -0.200000
v -0.082272 1.002500 -0.200000
v -0.067175 0.982825 -0.200000
v -0.047500 0.967728 -0.200000
v -0.024588 0.958237 -0.200000
v -0.023384 1.141763 -0.207598
v -0.045175 1.132272 -0.214678
v -0.063887 1.117175 -0.220758
v -0.078246 1.097500 -0.225424
v -0.087272 1.074588 -0.228356
v -0.090350 1.050000 -0.229357
v -0.087272 1.025412 -0.228356
v -0.078246 1.002500 -0.225424
v -0.063887 0.982825 -0.220758
v -0.045175 0.967728 -0.214678
v -0.023384 0.958237 -0.207598
v -0.019892 1.141763 -0.214452
v -0.038428 1.132272 -0.227920
v -0.054346 1.117175 -0.239485
v -0.066560 1.097500 -0.248359
v -0.074238 1.074588 -0.253937
v -0.076857 1.050000 -0.255840
v -0.074238 1.025412 -0.253937
v -0.066560 1.002500 -0.248359
v -0.054346 0.982825 -0.239485
v -0.038428 0.967728 -0.227920
v -0.019892 0.958237 -0.214452
v -0.014452 1.141763 -0.219892
v -0.027920 1.132272 -0.238428
v -0.039485 1.117175 -0.254346
v -0.048359 1.097500 -0.266560
v -0.053937 1.074588 -0.274238
v -0.055840 1.050000 -0.276857
v -0.053937 1.025412 -0.274238
v -0.048359 1.002500 -0.266560
v -0.039485 0.982825 -0.254346
v -0.027920 0.967728 -0.238428
v -0.014452 0.958237 -0.219892
v -0.007598 1.141763 -0.223384
v -0.014678 1.132272 -0.245175
v -0.020758 1.117175 -0.263887
v -0.025424 1.097500 -0.278246
v -0.028356 1.074588 -0.287272
v -0.029357 1.050000 -0.290350
v -0.028356 1.025412 -0.287272
v -0.025424 1.002500 -0.278246
v -0.020758 0.982825 -0.263887
v -0.014678 0.967728 -0.245175
v -0.007598 0.958237 -0.223384
v -0.000000 1.117175 -0.267175
v 0.000000 1.097500 -0.282272
v 0.000000 1.002500 -0.282272
v -0.000000 0.982825 -0.267175
vn -0.0000 0.9626 -0.2709
vn -0.0000 0.8604 -0.5097
vn -0.0000 0.2556 -0.9668
vn -0.0000 -0.0000 -1.0000
vn -0.0000 -0.2556 -0.9668
vn -0.0000 -0.8604 -0.5097
vn -0.0000 -0.9626 -0.2709
vn 0.0837 0.9626 -0.2577
vn 0.1575 0.8604 -0.4847
vn 0.2205 0.7007 -0.6786
vn 0.2686 0.4945 -0.8267
vn 0.2988 0.2556 -0.9195
vn 0.3090 -0.0000 -0.9511
vn 0.2988 -0.2556 -0.9195
vn 0.2686 -0.4945 -0.8267
vn 0.2205 -0.7007 -0.6786
vn 0.1575 -0.8604 -0.4847
vn 0.0837 -0.9626 -0.2577
vn 0.1592 0.9626 -0.2192
vn 0.2996 0.8604 -0.4123
vn 0.4194 0.7007 -0.5772
vn 0.5109 0.4945 -0.7032
vn 0.5683 0.2556 -0.7821
vn 0.5878 -0.0000 -0.8090
vn 0.5683 -0.2556 -0.7821
vn 0.5109 -0.4945 -0.7032
vn 0.4194 -0.7007 -0.5772
vn 0.2996 -0.8604 -0.4123
vn 0.1592 -0.9626 -0.2192
vn -0.0000 -1.0000 -0.0000
vn 0.2192 0.9626 -0.1592
vn 0.4123 0.8604 -0.2996
vn 0.5772 0.7007 -0.4194
vn 0.7032 0.4945 -0.5109
vn 0.7821 0.2556 -0.5683
vn 0.8090 -0.0000 -0.5878
vn 0.7821 -0.2556 -0.5683
vn 0.7032 -0.4945 -0.5109
vn 0.5772 -0.7007 -0.4194
vn 0.4123 -0.8604 -0.2996
vn 0.2192 -0.9626 -0.1592
vn 0.2577 0.9626 -0.0837
vn 0.4847 0.8604 -0.1575
vn 0.6786 0.7007 -0.2205
vn 0.8267 0.4945 -0.2686
vn 0.9195 0.2556 -0.2988
vn 0.9511 -0.0000 -0.3090
vn 0.9195 -0.2556 -0.2988
vn 0.8267 -0.4945 -0.2686
vn 0.6786 -0.7007 -0.2205
vn 0.4847 -0.8604 -0.1575
vn 0.2577 -0.9626 -0.0837
vn 0.2709 0.9626 -0.0000
vn 0.5097 0.8604 -0.0000
vn 0.7135 0.7007 -0.0000
vn 0.8692 0.4945 -0.0000
vn 0.9668 0.2556 -0.0000
vn 1.0000 -0.0000 -0.0000
vn 0.9668 -0.2556 -0.0000
vn 0.8692 -0.4945 -0.0000
vn 0.7135 -0.7007 -0.0000
vn 0.5097 -0.8604 -0.0000
vn 0.2709 -0.9626 -0.0000
vn 0.2577 0.9626 0.0837
vn 0.4847 0.8604 0.1575
vn 0.6786 0.7007 0.2205
vn 0.8267 0.4945 0.2686
vn 0.9195 0.2556 0.2987
vn 0.9511 -0.0000 0.3090
vn 0.9195 -0.2556 0.2988
vn 0.8267 -0.4945 0.2686
vn 0.6786 -0.7007 0.2205
vn 0.4847 -0.8604 0.1575
vn 0.2577 -0.9626 0.0837
vn 0.2192 0.9626 0.1592
vn 0.4123 0.8604 0.2996
vn 0.5772 0.7007 0.4194
vn 0.7032 0.4945 0.5109
vn 0.7821 0.2556 0.5683
vn 0.8090 -0.0000 0.5878
vn 0.7821 -0.2556 0.5683
vn 0.7032 -0.4945 0.5109
vn 0.5772 -0.7007 0.4194
vn 0.4123 -0.8604 0.2996
vn 0.2192 -0.9626 0.1592
vn 0.1592 0.9626 0.2192
vn 0.2996 0.8604 0.4123
vn 0.4194 0.7007 0.5772
vn 0.5109 0.4945 0.7032
vn 0.5683 0.2556 0.7821
vn 0.5878 -0.0000 0.8090
vn 0.5683 -0.2556 0.7821
vn 0.5109 -0.4945 0.7032
vn 0.4194 -0.7007 0.5772
vn 0.2996 -0.8604 0.4123
vn 0.1592 -0.9626 0.2192
vn 0.0837 0.9626 0.2577
vn 0.1575 0.8604 0.4847
vn 0.2205 0.7007 0.6786
vn 0.2686 0.4945 0.8267
vn 0.2988 0.2556 0.9195
vn 0.3090 -0.0000 0.9511
vn 0.2988 -0.2556 0.9195
vn 0.2686 -0.4945 0.8267
vn 0.2205 -0.7007 0.6786
vn 0.1575 -0.8604 0.4847
vn 0.0837 -0.9626 0.2577
vn -0.0000 1.0000 -0.0000
vn -0.0000 0.9626 0.2709
vn -0.0000 0.8604 0.5097
vn -0.0000 0.7007 0.7135
vn -0.0000 0.4945 0.8692
vn -0.0000 0.2556 0.9668
vn -0.0000 -0.0000 1.0000
vn -0.0000 -0.2556 0.9668
vn -0.0000 -0.4945 0.8692
vn -0.0000 -0.7007 0.7135
vn -0.0000 -0.8604 0.5097
vn -0.0000 -0.9626 0.2709
vn -0.0837 0.9626 0.2577
vn -0.1575 0.8604 0.4847
vn -0.2205 0.7007 0.6786
vn -0.2686 0.4945 0.8267
vn -0.2987 0.2556 0.9195
vn -0.3090 -0.0000 0.9511
vn -0.2987 -0.2556 0.9195
vn -0.2686 -0.4945 0.8267
vn -0.2205 -0.7007 0.6786
vn -0.1575 -0.8604 0.4847
vn -0.0837 -0.9626 0.2577
vn -0.1592 0.9626 0.2192
vn -0.2996 0.8604 0.4123
vn -0.4194 0.7007 0.5772
vn -0.5109 0.4945 0.7032
vn -0.5683 0.2556 0.7821
vn -0.5878 -0.0000 0.8090
vn -0.5683 -0.2556 0.7821
vn -0.5109 -0.4945 0.7032
vn -0.4194 -0.7007 0.5772
vn -0.2996 -0.8604 0.4123
vn -0.1592 -0.9626 0.2192
vn -0.2192 0.9626 0.1592
vn -0.4123 0.8604 0.2996
vn -0.5772 0.7007 0.4194
vn -0.7032 0.4945 0.5109
vn -0.7821 0.2556 0.5683
vn -0.8090 -0.0000 0.5878
vn -0.7821 -0.2556 0.5683
vn -0.7032 -0.4945 0.5109
vn -0.5772 -0.7007 0.4194
vn -0.4123 -0.8604 0.2996
vn -0.2192 -0.9626 0.1592
vn -0.2577 0.9626 0.0837
vn -0.4847 0.8604 0.1575
vn -0.6786 0.7007 0.2205
vn -0.8267 0.4945 0.2686
vn -0.9195 0.2556 0.2987
vn -0.9511 -0.0000 0.3090
vn -0.9195 -0.2556 0.2987
vn -0.8267 -0.4945 0.2686
vn -0.6786 -0.7007 0.2205
vn -0.4847 -0.8604 0.1575
vn -0.2577 -0.9626 0.0837
vn -0.2709 0.9626 -0.0000
vn -0.5097 0.8604 -0.0000
vn -0.7135 0.7007 -0.0000
vn -0.8692 0.4945 -0.0000
vn -0.9668 0.2556 -0.0000
vn -1.0000 -0.0000 -0.0000
vn -0.9668 -0.2556 -0.0000
vn -0.8692 -0.4945 -0.0000
vn -0.7135 -0.7007 -0.0000
vn -0.5097 -0.8604 -0.0000
vn -0.2709 -0.9626 -0.0000
vn -0.2577 0.9626 -0.0837
vn -0.4847 0.8604 -0.1575
vn -0.6786 0.7007 -0.2205
vn -0.8267 0.4945 -0.2686
vn -0.9195 0.2556 -0.2987
vn -0.9511 -0.0000 -0.3090
vn -0.9195 -0.2556 -0.2987
vn -0.8267 -0.4945 -0.2686
vn -0.6786 -0.7007 -0.2205
vn -0.4847 -0.8604 -0.1575
vn -0.2577 -0.9626 -0.0837
vn -0.2192 0.9626 -0.1592
vn -0.4123 0.8604 -0.2996
vn -0.5772 0.7007 -0.4194
vn -0.7032 0.4945 -0.5109
vn -0.7821 0.2556 -0.5683
vn -0.8090 -0.0000 -0.5878
vn -0.7821 -0.2556 -0.5683
vn -0.7032 -0.4945 -0.5109
vn -0.5772 -0.7007 -0.4194
vn -0.4123 -0.8604 -0.2996
vn -0.2192 -0.9626 -0.1592
vn -0.1592 0.9626 -0.2192
vn -0.2996 0.8604 -0.4123
vn -0.4194 0.7007 -0.5772
vn -0.5109 0.4945 -0.7032
vn -0.5683 0.2556 -0.7821
vn -0.5878 -0.0000 -0.8090
vn -0.5683 -0.2556 -0.7821
vn -0.5109 -0.4945 -0.7032
vn -0.4194 -0.7007 -0.5772
vn -0.2996 -0.8604 -0.4123
vn -0.1592 -0.9626 -0.2192
vn -0.0837 0.9626 -0.2577
vn -0.1575 0.8604 -0.4847
vn -0.2205 0.7007 -0.6786
vn -0.2686 0.4945 -0.8267
vn -0.2987 0.2556 -0.9195
vn -0.3090 -0.0000 -0.9511
vn -0.2987 -0.2556 -0.9195
vn -0.2686 -0.4945 -0.8267
vn -0.2205 -0.7007 -0.6786
vn -0.1575 -0.8604 -0.4847
vn -0.0837 -0.9626 -0.2577
vn -0.0000 0.7007 -0.7135
vn -0.0000 0.4945 -0.8692
vn -0.0000 -0.4945 -0.8692
vn -0.0000 -0.7007 -0.7135
vt 0.750000 0.666667
vt 0.750000 0.750000
vt 0.700000 0.750000
vt 0.700000 0.666667
vt 0.750000 0.083333
vt 0.750000 0.166667
vt 0.700000 0.166667
vt 0.700000 0.083333
vt 0.750000 0.916667
vt 0.725000 1.000000
vt 0.700000 0.916667
vt 0.750000 0.333333
vt 0.750000 0.416667
vt 0.700000 0.416667
vt 0.700000 0.333333
vt 0.750000 0.583333
vt 0.700000 0.583333
vt 0.725000 0.000000
vt 0.750000 0.833333
vt 0.700000 0.833333
vt 0.750000 0.250000
vt 0.700000 0.250000
vt 0.750000 0.500000
vt 0.700000 0.500000
vt 0.650000 0.916667
vt 0.650000 0.833333
vt 0.650000 0.333333
vt 0.650000 0.250000
vt 0.650000 0.583333
vt 0.650000 0.500000
vt 0.650000 0.750000
vt 0.650000 0.166667
vt 0.650000 0.416667
vt 0.650000 0.666667
vt 0.650000 0.083333
vt 0.675000 1.000000
vt 0.675000 0.000000
vt 0.600000 0.166667
vt 0.600000 0.083333
vt 0.625000 1.000000
vt 0.600000 0.916667
vt 0.600000 0.416667
vt 0.600000 0.333333
vt 0.600000 0.666667
vt 0.600000 0.583333
vt 0.625000 0.000000
vt 0.600000 0.833333
vt 0.600000 0.250000
vt 0.600000 0.500000
vt 0.600000 0.750000
vt 0.550000 0.833333
vt 0.550000 0.750000
vt 0.550000 0.250000
vt 0.550000 0.166667
vt 0.550000 0.500000
vt 0.550000 0.416667
vt 0.550000 0.666667
vt 0.550000 0.083333
vt 0.575000 1.000000
vt 0.550000 0.916667
vt 0.550000 0.333333
vt 0.550000 0.583333
vt 0.575000 0.000000
vt 0.525000 0.000000
vt 0.500000 0.083333
vt 0.500000 0.916667
vt 0.500000 0.833333
vt 0.500000 0.333333
vt 0.500000 0.250000
vt 0.500000 0.583333
vt 0.500000 0.500000
vt 0.500000 0.750000
vt 0.500000 0.166667
vt 0.500000 0.416667
vt 0.500000 0.666667
vt 0.525000 1.000000
vt 0.450000 0.750000
vt 0.450000 0.666667
vt 0.450000 0.166667
vt 0.450000 0.083333
vt 0.475000 1.000000
vt 0.450000 0.916667
vt 0.450000 0.416667
vt 0.450000 0.333333
vt 0.450000 0.583333
vt 0.475000 0.000000
vt 0.450000 0.833333
vt 0.450000 0.250000
vt 0.450000 0.500000
vt 0.400000 0.833333
vt 0.400000 0.750000
vt 0.400000 0.250000
vt 0.400000 0.166667
vt 0.400000 0.500000
vt 0.400000 0.416667
vt 0.400000 0.666667
vt 0.400000 0.083333
vt 0.425000 1.000000
vt 0.400000 0.916667
vt 0.400000 0.333333
vt 0.400000 0.583333
vt 0.425000 0.000000
vt 0.350000 0.666667
vt 0.350000 0.583333
vt 0.375000 0.000000
vt 0.350000 0.083333
vt 0.350000 0.916667
vt 0.350000 0.833333
vt 0.350000 0.333333
vt 0.350000 0.250000
vt 0.350000 0.500000
vt 0.350000 0.750000
vt 0.350000 0.166667
vt 0.350000 0.416667
vt 0.375000 1.000000
vt 0.300000 0.750000
vt 0.300000 0.666667
vt 0.300000 0.166667
vt 0.300000 0.083333
vt 0.325000 1.000000
vt 0.300000 0.916667
vt 0.300000 0.416667
vt 0.300000 0.333333
vt 0.300000 0.583333
vt 0.325000 0.000000
vt 0.300000 0.833333
vt 0.300000 0.250000
vt 0.300000 0.500000
vt 0.250000 0.583333
vt 0.250000 0.500000
vt 0.250000 0.833333
vt 0.250000 0.750000
vt 0.250000 0.250000
vt 0.250000 0.166667
vt 0.250000 0.416667
vt 0.250000 0.666667
vt 0.250000 0.083333
vt 0.275000 1.000000
vt 0.250000 0.916667
vt 0.250000 0.333333
vt 0.275000 0.000000
vt 0.200000 0.666667
vt 0.200000 0.583333
vt 0.225000 0.000000
vt 0.200000 0.083333
vt 0.200000 0.916667
vt 0.200000 0.833333
vt 0.200000 0.333333
vt 0.200000 0.250000
vt 0.200000 0.500000
vt 0.200000 0.750000
vt 0.200000 0.166667
vt 0.200000 0.416667
vt 0.225000 1.000000
vt 0.150000 0.500000
vt 0.150000 0.416667
vt 0.150000 0.750000
vt 0.150000 0.666667
vt 0.150000 0.166667
vt 0.150000 0.083333
vt 0.175000 1.000000
vt 0.150000 0.916667
vt 0.150000 0.333333
vt 0.150000 0.583333
vt 0.175000 0.000000
vt 0.150000 0.833333
vt 0.150000 0.250000
vt 0.100000 0.583333
vt 0.100000 0.500000
vt 0.100000 0.833333
vt 0.100000 0.750000
vt 0.100000 0.250000
vt 0.100000 0.166667
vt 0.100000 0.416667
vt 0.100000 0.666667
vt 0.100000 0.083333
vt 0.125000 1.000000
vt 0.100000 0.916667
vt 0.100000 0.333333
vt 0.125000 0.000000
vt 0.050000 0.416667
vt 0.050000 0.333333
vt 0.050000 0.666667
vt 0.050000 0.583333
vt 0.075000 0.000000
vt 0.050000 0.083333
vt 0.050000 0.916667
vt 0.050000 0.833333
vt 0.050000 0.250000
vt 0.050000 0.500000
vt 0.050000 0.750000
vt 0.050000 0.166667
vt 0.075000 1.000000
vt 0.000000 0.500000
vt 0.000000 0.416667
vt 0.000000 0.750000
vt 0.000000 0.666667
vt 0.000000 0.166667
vt 0.000000 0.083333
vt 0.025000 1.000000
vt 0.000000 0.916667
vt 0.000000 0.333333
vt 0.000000 0.583333
vt 0.025000 0.000000
vt 0.000000 0.833333
vt 0.000000 0.250000
vt 1.000000 0.250000
vt 1.000000 0.333333
vt 0.950000 0.333333
vt 0.950000 0.250000
vt 1.000000 0.500000
vt 1.000000 0.583333
vt 0.950000 0.583333
vt 0.950000 0.500000
vt 1.000000 0.750000
vt 1.000000 0.833333
vt 0.950000 0.833333
vt 0.950000 0.750000
vt 1.000000 0.166667
vt 0.950000 0.166667
vt 1.000000 0.416667
vt 0.950000 0.416667
vt 1.000000 0.666667
vt 0.950000 0.666667
vt 1.000000 0.083333
vt 0.950000 0.083333
vt 1.000000 0.916667
vt 0.975000 1.000000
vt 0.950000 0.916667
vt 0.975000 0.000000
vt 0.925000 1.000000
vt 0.900000 0.916667
vt 0.900000 0.416667
vt 0.900000 0.333333
vt 0.900000 0.666667
vt 0.900000 0.583333
vt 0.925000 0.000000
vt 0.900000 0.083333
vt 0.900000 0.833333
vt 0.900000 0.250000
vt 0.900000 0.500000
vt 0.900000 0.750000
vt 0.900000 0.166667
vt 0.850000 0.250000
vt 0.850000 0.166667
vt 0.850000 0.500000
vt 0.850000 0.416667
vt 0.850000 0.750000
vt 0.850000 0.666667
vt 0.850000 0.083333
vt 0.875000 1.000000
vt 0.850000 0.916667
vt 0.850000 0.333333
vt 0.850000 0.583333
vt 0.875000 0.000000
vt 0.850000 0.833333
vt 0.800000 0.916667
vt 0.800000 0.833333
vt 0.800000 0.333333
vt 0.800000 0.250000
vt 0.800000 0.583333
vt 0.800000 0.500000
vt 0.800000 0.750000
vt 0.800000 0.166667
vt 0.800000 0.416667
vt 0.800000 0.666667
vt 0.800000 0.083333
vt 0.825000 1.000000
vt 0.825000 0.000000
vt 0.775000 1.000000
vt 0.775000 0.000000
s 1
usemtl RunicAmber
f 1648/2143/1652 1647/2144/1651 1438/2145/1442 1439/2146/1443
f 1435/2147/1439 1434/2148/1438 1445/2149/1449 1446/2150/1450
f 1429/2151/1433 1536/2152/1540 1436/2153/1440
f 1649/2154/1653 1433/2155/1437 1442/2156/1446 1443/2157/1447
f 1431/2158/1435 1648/2143/1652 1439/2146/1443 1440/2159/1444
f 1458/2160/1462 1435/2147/1439 1446/2150/1450
f 1430/2161/1434 1429/2151/1433 1436/2153/1440 1437/2162/1441
f 1650/2163/1654 1649/2154/1653 1443/2157/1447 1444/2164/1448
f 1432/2165/1436 1431/2158/1435 1440/2159/1444 1441/2166/1445
f 1647/2144/1651 1430/2161/1434 1437/2162/1441 1438/2145/1442
f 1434/2148/1438 1650/2163/1654 1444/2164/1448 1445/2149/1449
f 1433/2155/1437 1432/2165/1436 1441/2166/1445 1442/2156/1446
f 1437/2162/1441 1436/2153/1440 1447/2167/1451 1448/2168/1452
f 1444/2164/1448 1443/2157/1447 1454/2169/1458 1455/2170/1459
f 1441/2166/1445 1440/2159/1444 1451/2171/1455 1452/2172/1456
f 1438/2145/1442 1437/2162/1441 1448/2168/1452 1449/2173/1453
f 1445/2149/1449 1444/2164/1448 1455/2170/1459 1456/2174/1460
f 1442/2156/1446 1441/2166/1445 1452/2172/1456 1453/2175/1457
f 1439/2146/1443 1438/2145/1442 1449/2173/1453 1450/2176/1454
f 1446/2150/1450 1445/2149/1449 1456/2174/1460 1457/2177/1461
f 1436/2153/1440 1536/2178/1540 1447/2167/1451
f 1443/2157/1447 1442/2156/1446 1453/2175/1457 1454/2169/1458
f 1440/2159/1444 1439/2146/1443 1450/2176/1454 1451/2171/1455
f 1458/2179/1462 1446/2150/1450 1457/2177/1461
f 1457/2177/1461 1456/2174/1460 1468/2180/1472 1469/2181/1473
f 1447/2167/1451 1536/2182/1540 1459/2183/1463
f 1454/2169/1458 1453/2175/1457 1465/2184/1469 1466/2185/1470
f 1451/2171/1455 1450/2176/1454 1462/2186/1466 1463/2187/1467
f 1458/2188/1462 1457/2177/1461 1469/2181/1473
f 1448/2168/1452 1447/2167/1451 1459/2183/1463 1460/2189/1464
f 1455/2170/1459 1454/2169/1458 1466/2185/1470 1467/2190/1471
f 1452/2172/1456 1451/2171/1455 1463/2187/1467 1464/2191/1468
f 1449/2173/1453 1448/2168/1452 1460/2189/1464 1461/2192/1465
f 1456/2174/1460 1455/2170/1459 1467/2190/1471 1468/2180/1472
f 1453/2175/1457 1452/2172/1456 1464/2191/1468 1465/2184/1469
f 1450/2176/1454 1449/2173/1453 1461/2192/1465 1462/2186/1466
f 1461/2192/1465 1460/2189/1464 1471/2193/1475 1472/2194/1476
f 1468/2180/1472 1467/2190/1471 1478/2195/1482 1479/2196/1483
f 1465/2184/1469 1464/2191/1468 1475/2197/1479 1476/2198/1480
f 1462/2186/1466 1461/2192/1465 1472/2194/1476 1473/2199/1477
f 1469/2181/1473 1468/2180/1472 1479/2196/1483 1480/2200/1484
f 1459/2183/1463 1536/2201/1540 1470/2202/1474
f 1466/2185/1470 1465/2184/1469 1476/2198/1480 1477/2203/1481
f 1463/2187/1467 1462/2186/1466 1473/2199/1477 1474/2204/1478
f 1458/2205/1462 1469/2181/1473 1480/2200/1484
f 1460/2189/1464 1459/2183/1463 1470/2202/1474 1471/2193/1475
f 1467/2190/1471 1466/2185/1470 1477/2203/1481 1478/2195/1482
f 1464/2191/1468 1463/2187/1467 1474/2204/1478 1475/2197/1479
f 1458/2206/1462 1480/2200/1484 1491/2207/1495
f 1471/2193/1475 1470/2202/1474 1481/2208/1485 1482/2209/1486
f 1478/2195/1482 1477/2203/1481 1488/2210/1492 1489/2211/1493
f 1475/2197/1479 1474/2204/1478 1485/2212/1489 1486/2213/1490
f 1472/2194/1476 1471/2193/1475 1482/2209/1486 1483/2214/1487
f 1479/2196/1483 1478/2195/1482 1489/2211/1493 1490/2215/1494
f 1476/2198/1480 1475/2197/1479 1486/2213/1490 1487/2216/1491
f 1473/2199/1477 1472/2194/1476 1483/2214/1487 1484/2217/1488
f 1480/2200/1484 1479/2196/1483 1490/2215/1494 1491/2207/1495
f 1470/2202/1474 1536/2218/1540 1481/2208/1485
f 1477/2203/1481 1476/2198/1480 1487/2216/1491 1488/2210/1492
f 1474/2204/1478 1473/2199/1477 1484/2217/1488 1485/2212/1489
f 1484/2217/1488 1483/2214/1487 1494/2219/1498 1495/2220/1499
f 1491/2207/1495 1490/2215/1494 1501/2221/1505 1502/2222/1506
f 1481/2208/1485 1536/2223/1540 1492/2224/1496
f 1488/2210/1492 1487/2216/1491 1498/2225/1502 1499/2226/1503
f 1485/2212/1489 1484/2217/1488 1495/2220/1499 1496/2227/1500
f 1458/2228/1462 1491/2207/1495 1502/2222/1506
f 1482/2209/1486 1481/2208/1485 1492/2224/1496 1493/2229/1497
f 1489/2211/1493 1488/2210/1492 1499/2226/1503 1500/2230/1504
f 1486/2213/1490 1485/2212/1489 1496/2227/1500 1497/2231/1501
f 1483/2214/1487 1482/2209/1486 1493/2229/1497 1494/2219/1498
f 1490/2215/1494 1489/2211/1493 1500/2230/1504 1501/2221/1505
f 1487/2216/1491 1486/2213/1490 1497/2231/1501 1498/2225/1502
f 1494/2219/1498 1493/2229/1497 1504/2232/1508 1505/2233/1509
f 1501/2221/1505 1500/2230/1504 1511/2234/1515 1512/2235/1516
f 1498/2225/1502 1497/2231/1501 1508/2236/1512 1509/2237/1513
f 1495/2220/1499 1494/2219/1498 1505/2233/1509 1506/2238/1510
f 1502/2222/1506 1501/2221/1505 1512/2235/1516 1513/2239/1517
f 1492/2224/1496 1536/2240/1540 1503/2241/1507
f 1499/2226/1503 1498/2225/1502 1509/2237/1513 1510/2242/1514
f 1496/2227/1500 1495/2220/1499 1506/2238/1510 1507/2243/1511
f 1458/2244/1462 1502/2222/1506 1513/2239/1517
f 1493/2229/1497 1492/2224/1496 1503/2241/1507 1504/2232/1508
f 1500/2230/1504 1499/2226/1503 1510/2242/1514 1511/2234/1515
f 1497/2231/1501 1496/2227/1500 1507/2243/1511 1508/2236/1512
f 1507/2243/1511 1506/2238/1510 1517/2245/1521 1518/2246/1522
f 1458/2247/1462 1513/2239/1517 1524/2248/1528
f 1504/2232/1508 1503/2241/1507 1514/2249/1518 1515/2250/1519
f 1511/2234/1515 1510/2242/1514 1521/2251/1525 1522/2252/1526
f 1508/2236/1512 1507/2243/1511 1518/2246/1522 1519/2253/1523
f 1505/2233/1509 1504/2232/1508 1515/2250/1519 1516/2254/1520
f 1512/2235/1516 1511/2234/1515 1522/2252/1526 1523/2255/1527
f 1509/2237/1513 1508/2236/1512 1519/2253/1523 1520/2256/1524
f 1506/2238/1510 1505/2233/1509 1516/2254/1520 1517/2245/1521
f 1513/2239/1517 1512/2235/1516 1523/2255/1527 1524/2248/1528
f 1503/2241/1507 1536/2257/1540 1514/2249/1518
f 1510/2242/1514 1509/2237/1513 1520/2256/1524 1521/2251/1525
f 1517/2245/1521 1516/2254/1520 1527/2258/1531 1528/2259/1532
f 1524/2248/1528 1523/2255/1527 1534/2260/1538 1535/2261/1539
f 1514/2249/1518 1536/2262/1540 1525/2263/1529
f 1521/2251/1525 1520/2256/1524 1531/2264/1535 1532/2265/1536
f 1518/2246/1522 1517/2245/1521 1528/2259/1532 1529/2266/1533
f 1458/2267/1462 1524/2248/1528 1535/2261/1539
f 1515/2250/1519 1514/2249/1518 1525/2263/1529 1526/2268/1530
f 1522/2252/1526 1521/2251/1525 1532/2265/1536 1533/2269/1537
f 1519/2253/1523 1518/2246/1522 1529/2266/1533 1530/2270/1534
f 1516/2254/1520 1515/2250/1519 1526/2268/1530 1527/2258/1531
f 1523/2255/1527 1522/2252/1526 1533/2269/1537 1534/2260/1538
f 1520/2256/1524 1519/2253/1523 1530/2270/1534 1531/2264/1535
f 1530/2270/1534 1529/2266/1533 1541/2271/1545 1542/2272/1546
f 1527/2258/1531 1526/2268/1530 1538/2273/1542 1539/2274/1543
f 1534/2260/1538 1533/2269/1537 1545/2275/1549 1546/2276/1550
f 1531/2264/1535 1530/2270/1534 1542/2272/1546 1543/2277/1547
f 1528/2259/1532 1527/2258/1531 1539/2274/1543 1540/2278/1544
f 1535/2261/1539 1534/2260/1538 1546/2276/1550 1547/2279/1551
f 1525/2263/1529 1536/2280/1540 1537/2281/1541
f 1532/2265/1536 1531/2264/1535 1543/2277/1547 1544/2282/1548
f 1529/2266/1533 1528/2259/1532 1540/2278/1544 1541/2271/1545
f 1458/2283/1462 1535/2261/1539 1547/2279/1551
f 1526/2268/1530 1525/2263/1529 1537/2281/1541 1538/2273/1542
f 1533/2269/1537 1532/2265/1536 1544/2282/1548 1545/2275/1549
f 1541/2271/1545 1540/2278/1544 1551/2284/1555 1552/2285/1556
f 1458/2286/1462 1547/2279/1551 1558/2287/1562
f 1538/2273/1542 1537/2281/1541 1548/2288/1552 1549/2289/1553
f 1545/2275/1549 1544/2282/1548 1555/2290/1559 1556/2291/1560
f 1542/2272/1546 1541/2271/1545 1552/2285/1556 1553/2292/1557
f 1539/2274/1543 1538/2273/1542 1549/2289/1553 1550/2293/1554
f 1546/2276/1550 1545/2275/1549 1556/2291/1560 1557/2294/1561
f 1543/2277/1547 1542/2272/1546 1553/2292/1557 1554/2295/1558
f 1540/2278/1544 1539/2274/1543 1550/2293/1554 1551/2284/1555
f 1547/2279/1551 1546/2276/1550 1557/2294/1561 1558/2287/1562
f 1537/2281/1541 1536/2296/1540 1548/2288/1552
f 1544/2282/1548 1543/2277/1547 1554/2295/1558 1555/2290/1559
f 1554/2295/1558 1553/2292/1557 1564/2297/1568 1565/2298/1569
f 1551/2284/1555 1550/2293/1554 1561/2299/1565 1562/2300/1566
f 1558/2287/1562 1557/2294/1561 1568/2301/1572 1569/2302/1573
f 1548/2288/1552 1536/2303/1540 1559/2304/1563
f 1555/2290/1559 1554/2295/1558 1565/2298/1569 1566/2305/1570
f 1552/2285/1556 1551/2284/1555 1562/2300/1566 1563/2306/1567
f 1458/2307/1462 1558/2287/1562 1569/2302/1573
f 1549/2289/1553 1548/2288/1552 1559/2304/1563 1560/2308/1564
f 1556/2291/1560 1555/2290/1559 1566/2305/1570 1567/2309/1571
f 1553/2292/1557 1552/2285/1556 1563/2306/1567 1564/2297/1568
f 1550/2293/1554 1549/2289/1553 1560/2308/1564 1561/2299/1565
f 1557/2294/1561 1556/2291/1560 1567/2309/1571 1568/2301/1572
f 1564/2297/1568 1563/2306/1567 1574/2310/1578 1575/2311/1579
f 1561/2299/1565 1560/2308/1564 1571/2312/1575 1572/2313/1576
f 1568/2301/1572 1567/2309/1571 1578/2314/1582 1579/2315/1583
f 1565/2298/1569 1564/2297/1568 1575/2311/1579 1576/2316/1580
f 1562/2300/1566 1561/2299/1565 1572/2313/1576 1573/2317/1577
f 1569/2302/1573 1568/2301/1572 1579/2315/1583 1580/2318/1584
f 1559/2304/1563 1536/2319/1540 1570/2320/1574
f 1566/2305/1570 1565/2298/1569 1576/2316/1580 1577/2321/1581
f 1563/2306/1567 1562/2300/1566 1573/2317/1577 1574/2310/1578
f 1458/2322/1462 1569/2302/1573 1580/2318/1584
f 1560/2308/1564 1559/2304/1563 1570/2320/1574 1571/2312/1575
f 1567/2309/1571 1566/2305/1570 1577/2321/1581 1578/2314/1582
f 1577/2321/1581 1576/2316/1580 1587/2323/1591 1588/2324/1592
f 1574/2310/1578 1573/2317/1577 1584/2325/1588 1585/2326/1589
f 1458/2327/1462 1580/2318/1584 1591/2328/1595
f 1571/2312/1575 1570/2320/1574 1581/2329/1585 1582/2330/1586
f 1578/2314/1582 1577/2321/1581 1588/2324/1592 1589/2331/1593
f 1575/2311/1579 1574/2310/1578 1585/2326/1589 1586/2332/1590
f 1572/2313/1576 1571/2312/1575 1582/2330/1586 1583/2333/1587
f 1579/2315/1583 1578/2314/1582 1589/2331/1593 1590/2334/1594
f 1576/2316/1580 1575/2311/1579 1586/2332/1590 1587/2323/1591
f 1573/2317/1577 1572/2313/1576 1583/2333/1587 1584/2325/1588
f 1580/2318/1584 1579/2315/1583 1590/2334/1594 1591/2328/1595
f 1570/2320/1574 1536/2335/1540 1581/2329/1585
f 1587/2323/1591 1586/2332/1590 1597/2336/1601 1598/2337/1602
f 1584/2325/1588 1583/2333/1587 1594/2338/1598 1595/2339/1599
f 1591/2328/1595 1590/2334/1594 1601/2340/1605 1602/2341/1606
f 1581/2329/1585 1536/2342/1540 1592/2343/1596
f 1588/2324/1592 1587/2323/1591 1598/2337/1602 1599/2344/1603
f 1585/2326/1589 1584/2325/1588 1595/2339/1599 1596/2345/1600
f 1458/2346/1462 1591/2328/1595 1602/2341/1606
f 1582/2330/1586 1581/2329/1585 1592/2343/1596 1593/2347/1597
f 1589/2331/1593 1588/2324/1592 1599/2344/1603 1600/2348/1604
f 1586/2332/1590 1585/2326/1589 1596/2345/1600 1597/2336/1601
f 1583/2333/1587 1582/2330/1586 1593/2347/1597 1594/2338/1598
f 1590/2334/1594 1589/2331/1593 1600/2348/1604 1601/2340/1605
f 1600/2349/1604 1599/2350/1603 1610/2351/1614 1611/2352/1615
f 1597/2353/1601 1596/2354/1600 1607/2355/1611 1608/2356/1612
f 1594/2357/1598 1593/2358/1597 1604/2359/1608 1605/2360/1609
f 1601/2361/1605 1600/2349/1604 1611/2352/1615 1612/2362/1616
f 1598/2363/1602 1597/2353/1601 1608/2356/1612 1609/2364/1613
f 1595/2365/1599 1594/2357/1598 1605/2360/1609 1606/2366/1610
f 1602/2367/1606 1601/2361/1605 1612/2362/1616 1613/2368/1617
f 1592/2369/1596 1536/2370/1540 1603/2371/1607
f 1599/2350/1603 1598/2363/1602 1609/2364/1613 1610/2351/1614
f 1596/2354/1600 1595/2365/1599 1606/2366/1610 1607/2355/1611
f 1458/2372/1462 1602/2367/1606 1613/2368/1617
f 1593/2358/1597 1592/2369/1596 1603/2371/1607 1604/2359/1608
f 1603/2371/1607 1536/2373/1540 1614/2374/1618
f 1610/2351/1614 1609/2364/1613 1620/2375/1624 1621/2376/1625
f 1607/2355/1611 1606/2366/1610 1617/2377/1621 1618/2378/1622
f 1458/2379/1462 1613/2368/1617 1624/2380/1628
f 1604/2359/1608 1603/2371/1607 1614/2374/1618 1615/2381/1619
f 1611/2352/1615 1610/2351/1614 1621/2376/1625 1622/2382/1626
f 1608/2356/1612 1607/2355/1611 1618/2378/1622 1619/2383/1623
f 1605/2360/1609 1604/2359/1608 1615/2381/1619 1616/2384/1620
f 1612/2362/1616 1611/2352/1615 1622/2382/1626 1623/2385/1627
f 1609/2364/1613 1608/2356/1612 1619/2383/1623 1620/2375/1624
f 1606/2366/1610 1605/2360/1609 1616/2384/1620 1617/2377/1621
f 1613/2368/1617 1612/2362/1616 1623/2385/1627 1624/2380/1628
f 1623/2385/1627 1622/2382/1626 1633/2386/1637 1634/2387/1638
f 1620/2375/1624 1619/2383/1623 1630/2388/1634 1631/2389/1635
f 1617/2377/1621 1616/2384/1620 1627/2390/1631 1628/2391/1632
f 1624/2380/1628 1623/2385/1627 1634/2387/1638 1635/2392/1639
f 1614/2374/1618 1536/2393/1540 1625/2394/1629
f 1621/2376/1625 1620/2375/1624 1631/2389/1635 1632/2395/1636
f 1618/2378/1622 1617/2377/1621 1628/2391/1632 1629/2396/1633
f 1458/2397/1462 1624/2380/1628 1635/2392/1639
f 1615/2381/1619 1614/2374/1618 1625/2394/1629 1626/2398/1630
f 1622/2382/1626 1621/2376/1625 1632/2395/1636 1633/2386/1637
f 1619/2383/1623 1618/2378/1622 1629/2396/1633 1630/2388/1634
f 1616/2384/1620 1615/2381/1619 1626/2398/1630 1627/2390/1631
f 1626/2398/1630 1625/2394/1629 1636/2399/1640 1637/2400/1641
f 1633/2386/1637 1632/2395/1636 1643/2401/1647 1644/2402/1648
f 1630/2388/1634 1629/2396/1633 1640/2403/1644 1641/2404/1645
f 1627/2390/1631 1626/2398/1630 1637/2400/1641 1638/2405/1642
f 1634/2387/1638 1633/2386/1637 1644/2402/1648 1645/2406/1649
f 1631/2389/1635 1630/2388/1634 1641/2404/1645 1642/2407/1646
f 1628/2391/1632 1627/2390/1631 1638/2405/1642 1639/2408/1643
f 1635/2392/1639 1634/2387/1638 1645/2406/1649 1646/2409/1650
f 1625/2394/1629 1536/2410/1540 1636/2399/1640
f 1632/2395/1636 1631/2389/1635 1642/2407/1646 1643/2401/1647
f 1629/2396/1633 1628/2391/1632 1639/2408/1643 1640/2403/1644
f 1458/2411/1462 1635/2392/1639 1646/2409/1650
f 1646/2409/1650 1645/2406/1649 1434/2148/1438 1435/2147/1439
f 1636/2399/1640 1536/2412/1540 1429/2151/1433
f 1643/2401/1647 1642/2407/1646 1433/2155/1437 1649/2154/1653
f 1640/2403/1644 1639/2408/1643 1648/2143/1652 1431/2158/1435
f 1458/2413/1462 1646/2409/1650 1435/2147/1439
f 1637/2400/1641 1636/2399/1640 1429/2151/1433 1430/2161/1434
f 1644/2402/1648 1643/2401/1647 1649/2154/1653 1650/2163/1654
f 1641/2404/1645 1640/2403/1644 1431/2158/1435 1432/2165/1436
f 1638/2405/1642 1637/2400/1641 1430/2161/1434 1647/2144/1651
f 1645/2406/1649 1644/2402/1648 1650/2163/1654 1434/2148/1438
f 1642/2407/1646 1641/2404/1645 1432/2165/1436 1433/2155/1437
f 1639/2408/1643 1638/2405/1642 1647/2144/1651 1648/2143/1652
o apex_barrel_band
v -0.036000 1.145000 0.632500
v -0.036000 1.145000 0.707500
v 0.032587 1.135970 0.632500
v 0.032587 1.135970 0.707500
v 0.096500 1.109497 0.632500
v 0.096500 1.109497 0.707500
v 0.151383 1.067383 0.632500
v 0.151383 1.067383 0.707500
v 0.193497 1.012500 0.632500
v 0.193497 1.012500 0.707500
v 0.219970 0.948587 0.632500
v 0.219970 0.948587 0.707500
v 0.229000 0.880000 0.632500
v 0.229000 0.880000 0.707500
v 0.219970 0.811413 0.632500
v 0.219970 0.811413 0.707500
v 0.193497 0.747500 0.632500
v 0.193497 0.747500 0.707500
v 0.151383 0.692617 0.632500
v 0.151383 0.692617 0.707500
v 0.096500 0.650503 0.632500
v 0.096500 0.650503 0.707500
v 0.032587 0.624030 0.632500
v 0.032587 0.624030 0.707500
v -0.036000 0.615000 0.632500
v -0.036000 0.615000 0.707500
v -0.104587 0.624030 0.632500
v -0.104587 0.624030 0.707500
v -0.168500 0.650503 0.632500
v -0.168500 0.650503 0.707500
v -0.223383 0.692617 0.632500
v -0.223383 0.692617 0.707500
v -0.265497 0.747500 0.632500
v -0.265497 0.747500 0.707500
v -0.291970 0.811413 0.632500
v -0.291970 0.811413 0.707500
v -0.301000 0.880000 0.632500
v -0.301000 0.880000 0.707500
v -0.291970 0.948587 0.632500
v -0.291970 0.948587 0.707500
v -0.265497 1.012500 0.632500
v -0.265497 1.012500 0.707500
v -0.223383 1.067383 0.632500
v -0.223383 1.067383 0.707500
v -0.168500 1.109497 0.632500
v -0.168500 1.109497 0.707500
v -0.104587 1.135970 0.632500
v -0.104587 1.135970 0.707500
vn -0.0000 0.7342 -0.6789
vn -0.0000 0.7342 0.6789
vn 0.1900 0.7092 -0.6789
vn 0.1900 0.7092 0.6789
vn 0.3671 0.6359 -0.6789
vn 0.3671 0.6359 0.6789
vn 0.5192 0.5192 -0.6789
vn 0.5192 0.5192 0.6789
vn 0.6359 0.3671 -0.6789
vn 0.6359 0.3671 0.6789
vn 0.7092 0.1900 -0.6789
vn 0.7092 0.1900 0.6789
vn 0.7342 -0.0000 -0.6789
vn 0.7342 -0.0000 0.6789
vn 0.7092 -0.1900 -0.6789
vn 0.7092 -0.1900 0.6789
vn 0.6359 -0.3671 -0.6789
vn 0.6359 -0.3671 0.6789
vn 0.5192 -0.5192 -0.6789
vn 0.5192 -0.5192 0.6789
vn 0.3671 -0.6359 -0.6789
vn 0.3671 -0.6359 0.6789
vn 0.1900 -0.7092 -0.6789
vn 0.1900 -0.7092 0.6789
vn -0.0000 -0.7342 -0.6789
vn -0.0000 -0.7342 0.6789
vn -0.1900 -0.7092 -0.6789
vn -0.1900 -0.7092 0.6789
vn -0.3671 -0.6359 -0.6789
vn -0.3671 -0.6359 0.6789
vn -0.5192 -0.5192 -0.6789
vn -0.5192 -0.5192 0.6789
vn -0.6359 -0.3671 -0.6789
vn -0.6359 -0.3671 0.6789
vn -0.7092 -0.1900 -0.6789
vn -0.7092 -0.1900 0.6789
vn -0.7342 -0.0000 -0.6789
vn -0.7342 -0.0000 0.6789
vn -0.7092 0.1900 -0.6789
vn -0.7092 0.1900 0.6789
vn -0.6359 0.3671 -0.6789
vn -0.6359 0.3671 0.6789
vn -0.5192 0.5192 -0.6789
vn -0.5192 0.5192 0.6789
vn -0.3671 0.6359 -0.6789
vn -0.3671 0.6359 0.6789
vn -0.1900 0.7092 -0.6789
vn -0.1900 0.7092 0.6789
vt 1.000000 0.500000
vt 1.000000 1.000000
vt 0.958333 1.000000
vt 0.958333 0.500000
vt 0.916667 1.000000
vt 0.916667 0.500000
vt 0.875000 1.000000
vt 0.875000 0.500000
vt 0.833333 1.000000
vt 0.833333 0.500000
vt 0.791667 1.000000
vt 0.791667 0.500000
vt 0.750000 1.000000
vt 0.750000 0.500000
vt 0.708333 1.000000
vt 0.708333 0.500000
vt 0.666667 1.000000
vt 0.666667 0.500000
vt 0.625000 1.000000
vt 0.625000 0.500000
vt 0.583333 1.000000
vt 0.583333 0.500000
vt 0.541666 1.000000
vt 0.541666 0.500000
vt 0.500000 1.000000
vt 0.500000 0.500000
vt 0.458333 1.000000
vt 0.458333 0.500000
vt 0.416666 1.000000
vt 0.416666 0.500000
vt 0.375000 1.000000
vt 0.375000 0.500000
vt 0.333333 1.000000
vt 0.333333 0.500000
vt 0.291667 1.000000
vt 0.291667 0.500000
vt 0.250000 1.000000
vt 0.250000 0.500000
vt 0.208333 1.000000
vt 0.208333 0.500000
vt 0.166666 1.000000
vt 0.166666 0.500000
vt 0.125000 1.000000
vt 0.125000 0.500000
vt 0.083333 1.000000
vt 0.083333 0.500000
vt 0.312117 0.481822
vt 0.250000 0.490000
vt 0.187883 0.481822
vt 0.130000 0.457846
vt 0.080294 0.419706
vt 0.042154 0.370000
vt 0.018178 0.312117
vt 0.010000 0.250000
vt 0.018178 0.187883
vt 0.042154 0.130000
vt 0.080294 0.080294
vt 0.130000 0.042154
vt 0.187883 0.018178
vt 0.250000 0.010000
vt 0.312117 0.018178
vt 0.370000 0.042154
vt 0.419706 0.080294
vt 0.457846 0.130000
vt 0.481822 0.187883
vt 0.490000 0.250000
vt 0.481822 0.312117
vt 0.457846 0.370000
vt 0.419706 0.419706
vt 0.370000 0.457846
vt 0.041666 1.000000
vt 0.041666 0.500000
vt -0.000000 1.000000
vt -0.000000 0.500000
vt 0.750000 0.490000
vt 0.812117 0.481822
vt 0.870000 0.457846
vt 0.919706 0.419706
vt 0.957846 0.370000
vt 0.981822 0.312117
vt 0.990000 0.250000
vt 0.981822 0.187883
vt 0.957846 0.130000
vt 0.919706 0.080294
vt 0.870000 0.042154
vt 0.812117 0.018178
vt 0.750000 0.010000
vt 0.687883 0.018178
vt 0.630000 0.042154
vt 0.580294 0.080294
vt 0.542154 0.130000
vt 0.518178 0.187883
vt 0.510000 0.250000
vt 0.518178 0.312117
vt 0.542154 0.370000
vt 0.580294 0.419706
vt 0.630000 0.457846
vt 0.687883 0.481822
s 1
usemtl WornBronze
f 1651/2414/1655 1652/2415/1656 1654/2416/1658 1653/2417/1657
f 1653/2417/1657 1654/2416/1658 1656/2418/1660 1655/2419/1659
f 1655/2419/1659 1656/2418/1660 1658/2420/1662 1657/2421/1661
f 1657/2421/1661 1658/2420/1662 1660/2422/1664 1659/2423/1663
f 1659/2423/1663 1660/2422/1664 1662/2424/1666 1661/2425/1665
f 1661/2425/1665 1662/2424/1666 1664/2426/1668 1663/2427/1667
f 1663/2427/1667 1664/2426/1668 1666/2428/1670 1665/2429/1669
f 1665/2429/1669 1666/2428/1670 1668/2430/1672 1667/2431/1671
f 1667/2431/1671 1668/2430/1672 1670/2432/1674 1669/2433/1673
f 1669/2433/1673 1670/2432/1674 1672/2434/1676 1671/2435/1675
f 1671/2435/1675 1672/2434/1676 1674/2436/1678 1673/2437/1677
f 1673/2437/1677 1674/2436/1678 1676/2438/1680 1675/2439/1679
f 1675/2439/1679 1676/2438/1680 1678/2440/1682 1677/2441/1681
f 1677/2441/1681 1678/2440/1682 1680/2442/1684 1679/2443/1683
f 1679/2443/1683 1680/2442/1684 1682/2444/1686 1681/2445/1685
f 1681/2445/1685 1682/2444/1686 1684/2446/1688 1683/2447/1687
f 1683/2447/1687 1684/2446/1688 1686/2448/1690 1685/2449/1689
f 1685/2449/1689 1686/2448/1690 1688/2450/1692 1687/2451/1691
f 1687/2451/1691 1688/2450/1692 1690/2452/1694 1689/2453/1693
f 1689/2453/1693 1690/2452/1694 1692/2454/1696 1691/2455/1695
f 1691/2455/1695 1692/2454/1696 1694/2456/1698 1693/2457/1697
f 1693/2457/1697 1694/2456/1698 1696/2458/1700 1695/2459/1699
f 1654/2460/1658 1652/2461/1656 1698/2462/1702 1696/2463/1700 1694/2464/1698 1692/2465/1696 1690/2466/1694 1688/2467/1692 1686/2468/1690 1684/2469/1688 1682/2470/1686 1680/2471/1684 1678/2472/1682 1676/2473/1680 1674/2474/1678 1672/2475/1676 1670/2476/1674 1668/2477/1672 1666/2478/1670 1664/2479/1668 1662/2480/1666 1660/2481/1664 1658/2482/1662 1656/2483/1660
f 1695/2459/1699 1696/2458/1700 1698/2484/1702 1697/2485/1701
f 1697/2485/1701 1698/2484/1702 1652/2486/1656 1651/2487/1655
f 1651/2488/1655 1653/2489/1657 1655/2490/1659 1657/2491/1661 1659/2492/1663 1661/2493/1665 1663/2494/1667 1665/2495/1669 1667/2496/1671 1669/2497/1673 1671/2498/1675 1673/2499/1677 1675/2500/1679 1677/2501/1681 1679/2502/1683 1681/2503/1685 1683/2504/1687 1685/2505/1689 1687/2506/1691 1689/2507/1693 1691/2508/1695 1693/2509/1697 1695/2510/1699 1697/2511/1701
o apex_barrel_band.001
v 0.036000 1.145000 0.632500
v 0.036000 1.145000 0.707500
v 0.104587 1.135970 0.632500
v 0.104587 1.135970 0.707500
v 0.168500 1.109497 0.632500
v 0.168500 1.109497 0.707500
v 0.223383 1.067383 0.632500
v 0.223383 1.067383 0.707500
v 0.265497 1.012500 0.632500
v 0.265497 1.012500 0.707500
v 0.291970 0.948587 0.632500
v 0.291970 0.948587 0.707500
v 0.301000 0.880000 0.632500
v 0.301000 0.880000 0.707500
v 0.291970 0.811413 0.632500
v 0.291970 0.811413 0.707500
v 0.265497 0.747500 0.632500
v 0.265497 0.747500 0.707500
v 0.223383 0.692617 0.632500
v 0.223383 0.692617 0.707500
v 0.168500 0.650503 0.632500
v 0.168500 0.650503 0.707500
v 0.104587 0.624030 0.632500
v 0.104587 0.624030 0.707500
v 0.036000 0.615000 0.632500
v 0.036000 0.615000 0.707500
v -0.032587 0.624030 0.632500
v -0.032587 0.624030 0.707500
v -0.096500 0.650503 0.632500
v -0.096500 0.650503 0.707500
v -0.151383 0.692617 0.632500
v -0.151383 0.692617 0.707500
v -0.193497 0.747500 0.632500
v -0.193497 0.747500 0.707500
v -0.219970 0.811413 0.632500
v -0.219970 0.811413 0.707500
v -0.229000 0.880000 0.632500
v -0.229000 0.880000 0.707500
v -0.219970 0.948587 0.632500
v -0.219970 0.948587 0.707500
v -0.193497 1.012500 0.632500
v -0.193497 1.012500 0.707500
v -0.151383 1.067383 0.632500
v -0.151383 1.067383 0.707500
v -0.096500 1.109497 0.632500
v -0.096500 1.109497 0.707500
v -0.032587 1.135970 0.632500
v -0.032587 1.135970 0.707500
vn -0.0000 0.7342 -0.6789
vn -0.0000 0.7342 0.6789
vn 0.1900 0.7092 -0.6789
vn 0.1900 0.7092 0.6789
vn 0.3671 0.6359 -0.6789
vn 0.3671 0.6359 0.6789
vn 0.5192 0.5192 -0.6789
vn 0.5192 0.5192 0.6789
vn 0.6359 0.3671 -0.6789
vn 0.6359 0.3671 0.6789
vn 0.7092 0.1900 -0.6789
vn 0.7092 0.1900 0.6789
vn 0.7342 -0.0000 -0.6789
vn 0.7342 -0.0000 0.6789
vn 0.7092 -0.1900 -0.6789
vn 0.7092 -0.1900 0.6789
vn 0.6359 -0.3671 -0.6789
vn 0.6359 -0.3671 0.6789
vn 0.5192 -0.5192 -0.6789
vn 0.5192 -0.5192 0.6789
vn 0.3671 -0.6359 -0.6789
vn 0.3671 -0.6359 0.6789
vn 0.1900 -0.7092 -0.6789
vn 0.1900 -0.7092 0.6789
vn -0.0000 -0.7342 -0.6789
vn -0.0000 -0.7342 0.6789
vn -0.1900 -0.7092 -0.6789
vn -0.1900 -0.7092 0.6789
vn -0.3671 -0.6359 -0.6789
vn -0.3671 -0.6359 0.6789
vn -0.5192 -0.5192 -0.6789
vn -0.5192 -0.5192 0.6789
vn -0.6359 -0.3671 -0.6789
vn -0.6359 -0.3671 0.6789
vn -0.7092 -0.1900 -0.6789
vn -0.7092 -0.1900 0.6789
vn -0.7342 -0.0000 -0.6789
vn -0.7342 -0.0000 0.6789
vn -0.7092 0.1900 -0.6789
vn -0.7092 0.1900 0.6789
vn -0.6359 0.3671 -0.6789
vn -0.6359 0.3671 0.6789
vn -0.5192 0.5192 -0.6789
vn -0.5192 0.5192 0.6789
vn -0.3671 0.6359 -0.6789
vn -0.3671 0.6359 0.6789
vn -0.1900 0.7092 -0.6789
vn -0.1900 0.7092 0.6789
vt 1.000000 0.500000
vt 1.000000 1.000000
vt 0.958333 1.000000
vt 0.958333 0.500000
vt 0.916667 1.000000
vt 0.916667 0.500000
vt 0.875000 1.000000
vt 0.875000 0.500000
vt 0.833333 1.000000
vt 0.833333 0.500000
vt 0.791667 1.000000
vt 0.791667 0.500000
vt 0.750000 1.000000
vt 0.750000 0.500000
vt 0.708333 1.000000
vt 0.708333 0.500000
vt 0.666667 1.000000
vt 0.666667 0.500000
vt 0.625000 1.000000
vt 0.625000 0.500000
vt 0.583333 1.000000
vt 0.583333 0.500000
vt 0.541666 1.000000
vt 0.541666 0.500000
vt 0.500000 1.000000
vt 0.500000 0.500000
vt 0.458333 1.000000
vt 0.458333 0.500000
vt 0.416666 1.000000
vt 0.416666 0.500000
vt 0.375000 1.000000
vt 0.375000 0.500000
vt 0.333333 1.000000
vt 0.333333 0.500000
vt 0.291667 1.000000
vt 0.291667 0.500000
vt 0.250000 1.000000
vt 0.250000 0.500000
vt 0.208333 1.000000
vt 0.208333 0.500000
vt 0.166666 1.000000
vt 0.166666 0.500000
vt 0.125000 1.000000
vt 0.125000 0.500000
vt 0.083333 1.000000
vt 0.083333 0.500000
vt 0.312117 0.481822
vt 0.250000 0.490000
vt 0.187883 0.481822
vt 0.130000 0.457846
vt 0.080294 0.419706
vt 0.042154 0.370000
vt 0.018178 0.312117
vt 0.010000 0.250000
vt 0.018178 0.187883
vt 0.042154 0.130000
vt 0.080294 0.080294
vt 0.130000 0.042154
vt 0.187883 0.018178
vt 0.250000 0.010000
vt 0.312117 0.018178
vt 0.370000 0.042154
vt 0.419706 0.080294
vt 0.457846 0.130000
vt 0.481822 0.187883
vt 0.490000 0.250000
vt 0.481822 0.312117
vt 0.457846 0.370000
vt 0.419706 0.419706
vt 0.370000 0.457846
vt 0.041666 1.000000
vt 0.041666 0.500000
vt -0.000000 1.000000
vt -0.000000 0.500000
vt 0.750000 0.490000
vt 0.812117 0.481822
vt 0.870000 0.457846
vt 0.919706 0.419706
vt 0.957846 0.370000
vt 0.981822 0.312117
vt 0.990000 0.250000
vt 0.981822 0.187883
vt 0.957846 0.130000
vt 0.919706 0.080294
vt 0.870000 0.042154
vt 0.812117 0.018178
vt 0.750000 0.010000
vt 0.687883 0.018178
vt 0.630000 0.042154
vt 0.580294 0.080294
vt 0.542154 0.130000
vt 0.518178 0.187883
vt 0.510000 0.250000
vt 0.518178 0.312117
vt 0.542154 0.370000
vt 0.580294 0.419706
vt 0.630000 0.457846
vt 0.687883 0.481822
s 1
usemtl WornBronze
f 1699/2512/1703 1700/2513/1704 1702/2514/1706 1701/2515/1705
f 1701/2515/1705 1702/2514/1706 1704/2516/1708 1703/2517/1707
f 1703/2517/1707 1704/2516/1708 1706/2518/1710 1705/2519/1709
f 1705/2519/1709 1706/2518/1710 1708/2520/1712 1707/2521/1711
f 1707/2521/1711 1708/2520/1712 1710/2522/1714 1709/2523/1713
f 1709/2523/1713 1710/2522/1714 1712/2524/1716 1711/2525/1715
f 1711/2525/1715 1712/2524/1716 1714/2526/1718 1713/2527/1717
f 1713/2527/1717 1714/2526/1718 1716/2528/1720 1715/2529/1719
f 1715/2529/1719 1716/2528/1720 1718/2530/1722 1717/2531/1721
f 1717/2531/1721 1718/2530/1722 1720/2532/1724 1719/2533/1723
f 1719/2533/1723 1720/2532/1724 1722/2534/1726 1721/2535/1725
f 1721/2535/1725 1722/2534/1726 1724/2536/1728 1723/2537/1727
f 1723/2537/1727 1724/2536/1728 1726/2538/1730 1725/2539/1729
f 1725/2539/1729 1726/2538/1730 1728/2540/1732 1727/2541/1731
f 1727/2541/1731 1728/2540/1732 1730/2542/1734 1729/2543/1733
f 1729/2543/1733 1730/2542/1734 1732/2544/1736 1731/2545/1735
f 1731/2545/1735 1732/2544/1736 1734/2546/1738 1733/2547/1737
f 1733/2547/1737 1734/2546/1738 1736/2548/1740 1735/2549/1739
f 1735/2549/1739 1736/2548/1740 1738/2550/1742 1737/2551/1741
f 1737/2551/1741 1738/2550/1742 1740/2552/1744 1739/2553/1743
f 1739/2553/1743 1740/2552/1744 1742/2554/1746 1741/2555/1745
f 1741/2555/1745 1742/2554/1746 1744/2556/1748 1743/2557/1747
f 1702/2558/1706 1700/2559/1704 1746/2560/1750 1744/2561/1748 1742/2562/1746 1740/2563/1744 1738/2564/1742 1736/2565/1740 1734/2566/1738 1732/2567/1736 1730/2568/1734 1728/2569/1732 1726/2570/1730 1724/2571/1728 1722/2572/1726 1720/2573/1724 1718/2574/1722 1716/2575/1720 1714/2576/1718 1712/2577/1716 1710/2578/1714 1708/2579/1712 1706/2580/1710 1704/2581/1708
f 1743/2557/1747 1744/2556/1748 1746/2582/1750 1745/2583/1749
f 1745/2583/1749 1746/2582/1750 1700/2584/1704 1699/2585/1703
f 1699/2586/1703 1701/2587/1705 1703/2588/1707 1705/2589/1709 1707/2590/1711 1709/2591/1713 1711/2592/1715 1713/2593/1717 1715/2594/1719 1717/2595/1721 1719/2596/1723 1721/2597/1725 1723/2598/1727 1725/2599/1729 1727/2600/1731 1729/2601/1733 1731/2602/1735 1733/2603/1737 1735/2604/1739 1737/2605/1741 1739/2606/1743 1741/2607/1745 1743/2608/1747 1745/2609/1749
