# Blender 4.5.10 LTS
# www.blender.org
mtllib TowerCorrupt2.mtl
o weathered_stone_dais_lower_course
v -0.000000 0.000000 -0.889858
v -0.024720 0.021051 -0.891244
v 0.024721 0.021051 -0.891244
v -0.015630 0.006166 -0.898445
v -0.000000 0.009325 -0.901057
v -0.000000 0.023111 -0.893869
v 0.015630 0.006166 -0.898445
v 0.000000 0.260000 -0.685858
v 0.024721 0.238949 -0.720277
v -0.024721 0.238949 -0.720277
v 0.013211 0.253834 -0.705123
v 0.000000 0.251531 -0.711435
v 0.000000 0.241009 -0.722903
v -0.013211 0.253834 -0.705123
v 0.629224 0.000000 -0.629224
v 0.612724 0.021051 -0.647684
v 0.647684 0.021051 -0.612724
v 0.624244 0.006166 -0.646349
v 0.637143 0.009325 -0.637143
v 0.632061 0.023111 -0.632061
v 0.646349 0.006166 -0.624244
v 0.484975 0.260000 -0.484975
v 0.526793 0.238949 -0.491833
v 0.491833 0.238949 -0.526793
v 0.507939 0.253834 -0.489255
v 0.503060 0.251531 -0.503060
v 0.511169 0.241009 -0.511169
v 0.489255 0.253834 -0.507939
v 0.889858 0.000000 -0.000000
v 0.891244 0.021051 -0.024720
v 0.891244 0.021051 0.024721
v 0.898445 0.006166 -0.015630
v 0.901057 0.009325 -0.000000
v 0.893869 0.023111 -0.000000
v 0.898445 0.006166 0.015630
v 0.685858 0.260000 0.000000
v 0.720277 0.238949 0.024721
v 0.720277 0.238949 -0.024721
v 0.705123 0.253834 0.013211
v 0.711435 0.251531 0.000000
v 0.722903 0.241009 0.000000
v 0.705123 0.253834 -0.013211
v 0.629224 0.000000 0.629224
v 0.647684 0.021051 0.612724
v 0.612724 0.021051 0.647684
v 0.646349 0.006166 0.624244
v 0.637143 0.009325 0.637143
v 0.632061 0.023111 0.632061
v 0.624244 0.006166 0.646349
v 0.484975 0.260000 0.484975
v 0.491833 0.238949 0.526793
v 0.526793 0.238949 0.491833
v 0.489255 0.253834 0.507939
v 0.503060 0.251531 0.503060
v 0.511169 0.241009 0.511169
v 0.507939 0.253834 0.489255
v 0.000000 0.000000 0.889858
v 0.024720 0.021051 0.891244
v -0.024721 0.021051 0.891244
v 0.015630 0.006166 0.898445
v 0.000000 0.009325 0.901057
v 0.000000 0.023111 0.893869
v -0.015630 0.006166 0.898445
v 0.000000 0.260000 0.685858
v -0.024721 0.238949 0.720277
v 0.024721 0.238949 0.720277
v -0.013211 0.253834 0.705123
v -0.000000 0.251531 0.711435
v -0.000000 0.241009 0.722903
v 0.013211 0.253834 0.705123
v -0.629224 0.000000 0.629224
v -0.612724 0.021051 0.647684
v -0.647684 0.021051 0.612724
v -0.624244 0.006166 0.646349
v -0.637143 0.009325 0.637143
v -0.632061 0.023111 0.632061
v -0.646349 0.006166 0.624244
v -0.484975 0.260000 0.484975
v -0.526793 0.238949 0.491833
v -0.491833 0.238949 0.526793
v -0.507939 0.253834 0.489255
v -0.503060 0.251531 0.503060
v -0.511169 0.241009 0.511169
v -0.489255 0.253834 0.507939
v -0.889858 0.000000 0.000000
v -0.891244 0.021051 0.024720
v -0.891244 0.021051 -0.024721
v -0.898445 0.006166 0.015630
v -0.901057 0.009325 0.000000
v -0.893869 0.023111 0.000000
v -0.898445 0.006166 -0.015630
v -0.685858 0.260000 0.000000
v -0.720277 0.238949 -0.024721
v -0.720277 0.238949 0.024721
v -0.705123 0.253834 -0.013211
v -0.711435 0.251531 -0.000000
v -0.722903 0.241009 -0.000000
v -0.705123 0.253834 0.013211
v -0.629224 0.000000 -0.629224
v -0.647684 0.021051 -0.612724
v -0.612724 0.021051 -0.647684
v -0.646349 0.006166 -0.624244
v -0.637143 0.009325 -0.637143
v -0.632061 0.023111 -0.632061
v -0.624244 0.006166 -0.646349
v -0.484975 0.260000 -0.484975
v -0.491833 0.238949 -0.526793
v -0.526793 0.238949 -0.491833
v -0.489255 0.253834 -0.507939
v -0.503060 0.251531 -0.503060
v -0.511169 0.241009 -0.511169
v -0.507939 0.253834 -0.489255
vn -0.0000 -0.7685 -0.6399
vn -0.1686 0.3989 -0.9013
vn 0.1686 0.3989 -0.9013
vn -0.0000 0.9493 -0.3143
vn 0.1480 0.7466 -0.6486
vn -0.1480 0.7466 -0.6486
vn 0.4525 -0.7685 -0.4525
vn 0.5182 0.3989 -0.7565
vn 0.7565 0.3989 -0.5182
vn 0.2223 0.9493 -0.2223
vn 0.5633 0.7466 -0.3539
vn 0.3539 0.7466 -0.5633
vn 0.6399 -0.7685 -0.0000
vn 0.9013 0.3989 -0.1686
vn 0.9013 0.3989 0.1686
vn 0.3143 0.9493 -0.0000
vn 0.6486 0.7466 0.1480
vn 0.6486 0.7466 -0.1480
vn 0.4525 -0.7685 0.4525
vn 0.7565 0.3989 0.5181
vn 0.5182 0.3989 0.7565
vn 0.2223 0.9493 0.2223
vn 0.3539 0.7466 0.5633
vn 0.5633 0.7466 0.3539
vn -0.0000 -0.7685 0.6399
vn 0.1686 0.3989 0.9013
vn -0.1686 0.3989 0.9013
vn -0.0000 0.9493 0.3143
vn -0.1480 0.7466 0.6486
vn 0.1480 0.7466 0.6486
vn -0.4525 -0.7685 0.4525
vn -0.5182 0.3989 0.7565
vn -0.7565 0.3989 0.5182
vn -0.2223 0.9493 0.2223
vn -0.5633 0.7466 0.3539
vn -0.3539 0.7466 0.5633
vn -0.6399 -0.7685 -0.0000
vn -0.9013 0.3989 0.1686
vn -0.9013 0.3989 -0.1686
vn -0.3143 0.9493 -0.0000
vn -0.6486 0.7466 -0.1480
vn -0.6486 0.7466 0.1480
vn -0.4525 -0.7685 -0.4525
vn -0.7565 0.3989 -0.5181
vn -0.5182 0.3989 -0.7565
vn -0.2223 0.9493 -0.2223
vn -0.3539 0.7466 -0.5633
vn -0.5633 0.7466 -0.3539
vn 0.3743 0.2086 -0.9036
vn 0.1550 -0.9143 -0.3743
vn 0.2406 0.7775 -0.5810
vn 0.0997 0.9655 -0.2406
vn -0.1338 0.6117 -0.7797
vn 0.1338 0.6117 -0.7797
vn 0.6459 0.6117 -0.4567
vn 0.4567 0.6117 -0.6459
vn 0.9036 0.2086 -0.3743
vn 0.3743 -0.9143 -0.1550
vn 0.5810 0.7775 -0.2406
vn 0.2406 0.9655 -0.0997
vn 0.7797 0.6117 0.1338
vn 0.7797 0.6117 -0.1338
vn 0.9036 0.2086 0.3743
vn 0.3743 -0.9143 0.1550
vn 0.5810 0.7775 0.2406
vn 0.2406 0.9655 0.0997
vn 0.4567 0.6117 0.6459
vn 0.6459 0.6117 0.4567
vn 0.3743 0.2086 0.9036
vn 0.1550 -0.9143 0.3743
vn 0.2406 0.7775 0.5810
vn 0.0997 0.9655 0.2406
vn -0.1338 0.6117 0.7797
vn 0.1338 0.6117 0.7797
vn -0.3743 0.2086 0.9036
vn -0.1550 -0.9143 0.3743
vn -0.2406 0.7775 0.5810
vn -0.0997 0.9655 0.2406
vn -0.6459 0.6117 0.4567
vn -0.4567 0.6117 0.6459
vn -0.9036 0.2086 0.3743
vn -0.3743 -0.9143 0.1550
vn -0.5810 0.7775 0.2406
vn -0.2406 0.9655 0.0997
vn -0.7797 0.6117 -0.1338
vn -0.7797 0.6117 0.1338
vn -0.9036 0.2086 -0.3743
vn -0.3743 -0.9143 -0.1550
vn -0.5810 0.7775 -0.2406
vn -0.2406 0.9655 -0.0997
vn -0.4567 0.6117 -0.6459
vn -0.6459 0.6117 -0.4567
vn -0.3743 0.2086 -0.9036
vn -0.1550 -0.9143 -0.3743
vn -0.2406 0.7775 -0.5810
vn -0.0997 0.9655 -0.2406
vn -0.0000 -1.0000 -0.0000
vn 0.3098 0.5869 -0.7480
vn -0.3098 0.5869 -0.7480
vn -0.0000 1.0000 -0.0000
vn 0.7480 0.5869 -0.3098
vn 0.7480 0.5869 0.3098
vn 0.3098 0.5869 0.7480
vn -0.3098 0.5869 0.7480
vn -0.7480 0.5869 0.3098
vn -0.7480 0.5869 -0.3098
vt 0.750000 0.482643
vt 0.744705 0.487807
vt 0.748434 0.489351
vt 0.755295 0.487807
vt 0.004992 0.540483
vt 0.000000 0.550046
vt 0.000000 0.526923
vt 0.003900 0.500000
vt 0.995008 0.540483
vt 0.996100 0.500000
vt 0.998846 0.500000
vt 1.000000 0.550046
vt 0.250000 0.480541
vt 0.254845 0.487993
vt 0.250305 0.489874
vt 0.245155 0.487993
vt 0.994345 0.959517
vt 1.000000 0.969080
vt 1.000000 0.992315
vt 0.996431 1.000000
vt 0.005655 0.959517
vt 0.003569 1.000000
vt 0.000225 1.000000
vt 0.000000 0.969080
vt 0.914503 0.414503
vt 0.914410 0.421899
vt 0.918140 0.420354
vt 0.921899 0.414410
vt 0.879992 0.540483
vt 0.875000 0.550046
vt 0.874423 0.513461
vt 0.878900 0.500000
vt 0.870008 0.540483
vt 0.871100 0.500000
vt 0.413017 0.413017
vt 0.421713 0.414860
vt 0.419832 0.419401
vt 0.414860 0.421713
vt 0.869345 0.959517
vt 0.875000 0.969080
vt 0.875112 0.996158
vt 0.871431 1.000000
vt 0.880655 0.959517
vt 0.878569 1.000000
vt 0.982643 0.250000
vt 0.987806 0.255295
vt 0.989351 0.251566
vt 0.987807 0.244705
vt 0.754992 0.540483
vt 0.750000 0.550046
vt 0.749423 0.513461
vt 0.753900 0.500000
vt 0.745008 0.540483
vt 0.746100 0.500000
vt 0.480540 0.250000
vt 0.487993 0.245155
vt 0.489874 0.249695
vt 0.487993 0.254845
vt 0.744345 0.959517
vt 0.750000 0.969080
vt 0.750112 0.996158
vt 0.746431 1.000000
vt 0.755655 0.959517
vt 0.753569 1.000000
vt 0.914503 0.085497
vt 0.921899 0.085590
vt 0.920354 0.081860
vt 0.914410 0.078101
vt 0.629992 0.540483
vt 0.625000 0.550046
vt 0.624423 0.513461
vt 0.628900 0.500000
vt 0.620008 0.540483
vt 0.621100 0.500000
vt 0.413017 0.086983
vt 0.414860 0.078287
vt 0.419401 0.080168
vt 0.421713 0.085140
vt 0.619345 0.959517
vt 0.625000 0.969080
vt 0.625112 0.996158
vt 0.621431 1.000000
vt 0.630655 0.959517
vt 0.628569 1.000000
vt 0.750000 0.017357
vt 0.755295 0.012193
vt 0.751566 0.010649
vt 0.744705 0.012193
vt 0.504992 0.540483
vt 0.500000 0.550046
vt 0.499423 0.513461
vt 0.503900 0.500000
vt 0.495008 0.540483
vt 0.496100 0.500000
vt 0.250000 0.019460
vt 0.245155 0.012007
vt 0.249695 0.010126
vt 0.254845 0.012007
vt 0.494345 0.959517
vt 0.500000 0.969080
vt 0.500112 0.996158
vt 0.496431 1.000000
vt 0.505655 0.959517
vt 0.503569 1.000000
vt 0.585497 0.085497
vt 0.585590 0.078101
vt 0.581860 0.079646
vt 0.578101 0.085590
vt 0.379992 0.540483
vt 0.375000 0.550046
vt 0.374423 0.513461
vt 0.378900 0.500000
vt 0.370008 0.540483
vt 0.371100 0.500000
vt 0.086983 0.086983
vt 0.078287 0.085140
vt 0.080168 0.080599
vt 0.085140 0.078287
vt 0.369345 0.959517
vt 0.375000 0.969080
vt 0.375112 0.996158
vt 0.371431 1.000000
vt 0.380655 0.959517
vt 0.378569 1.000000
vt 0.517357 0.250000
vt 0.512193 0.244705
vt 0.510649 0.248434
vt 0.512193 0.255295
vt 0.254992 0.540483
vt 0.250000 0.550046
vt 0.249423 0.513461
vt 0.253900 0.500000
vt 0.245008 0.540483
vt 0.246100 0.500000
vt 0.019460 0.250000
vt 0.012007 0.254845
vt 0.010126 0.250305
vt 0.012007 0.245155
vt 0.244345 0.959517
vt 0.250000 0.969080
vt 0.250112 0.996158
vt 0.246431 1.000000
vt 0.255655 0.959517
vt 0.253569 1.000000
vt 0.585497 0.414503
vt 0.578101 0.414410
vt 0.579646 0.418140
vt 0.585590 0.421899
vt 0.129992 0.540483
vt 0.125000 0.550046
vt 0.124423 0.513461
vt 0.128900 0.500000
vt 0.120008 0.540483
vt 0.121100 0.500000
vt 0.086983 0.413017
vt 0.085140 0.421713
vt 0.080599 0.419832
vt 0.078287 0.414860
vt 0.119345 0.959517
vt 0.125000 0.969080
vt 0.125112 0.996158
vt 0.121431 1.000000
vt 0.130655 0.959517
vt 0.128569 1.000000
s 0
usemtl Limestone
f 1/1/1 4/2/1 5/3/1 7/4/1
f 2/5/2 6/6/2 5/7/2 4/8/2
f 3/9/3 7/10/3 5/11/3 6/12/3
f 8/13/4 11/14/4 12/15/4 14/16/4
f 9/17/5 13/18/5 12/19/5 11/20/5
f 10/21/6 14/22/6 12/23/6 13/24/6
f 15/25/7 18/26/7 19/27/7 21/28/7
f 16/29/8 20/30/8 19/31/8 18/32/8
f 17/33/9 21/34/9 19/31/9 20/30/9
f 22/35/10 25/36/10 26/37/10 28/38/10
f 23/39/11 27/40/11 26/41/11 25/42/11
f 24/43/12 28/44/12 26/41/12 27/40/12
f 29/45/13 32/46/13 33/47/13 35/48/13
f 30/49/14 34/50/14 33/51/14 32/52/14
f 31/53/15 35/54/15 33/51/15 34/50/15
f 36/55/16 39/56/16 40/57/16 42/58/16
f 37/59/17 41/60/17 40/61/17 39/62/17
f 38/63/18 42/64/18 40/61/18 41/60/18
f 43/65/19 46/66/19 47/67/19 49/68/19
f 44/69/20 48/70/20 47/71/20 46/72/20
f 45/73/21 49/74/21 47/71/21 48/70/21
f 50/75/22 53/76/22 54/77/22 56/78/22
f 51/79/23 55/80/23 54/81/23 53/82/23
f 52/83/24 56/84/24 54/81/24 55/80/24
f 57/85/25 60/86/25 61/87/25 63/88/25
f 58/89/26 62/90/26 61/91/26 60/92/26
f 59/93/27 63/94/27 61/91/27 62/90/27
f 64/95/28 67/96/28 68/97/28 70/98/28
f 65/99/29 69/100/29 68/101/29 67/102/29
f 66/103/30 70/104/30 68/101/30 69/100/30
f 71/105/31 74/106/31 75/107/31 77/108/31
f 72/109/32 76/110/32 75/111/32 74/112/32
f 73/113/33 77/114/33 75/111/33 76/110/33
f 78/115/34 81/116/34 82/117/34 84/118/34
f 79/119/35 83/120/35 82/121/35 81/122/35
f 80/123/36 84/124/36 82/121/36 83/120/36
f 85/125/37 88/126/37 89/127/37 91/128/37
f 86/129/38 90/130/38 89/131/38 88/132/38
f 87/133/39 91/134/39 89/131/39 90/130/39
f 92/135/40 95/136/40 96/137/40 98/138/40
f 93/139/41 97/140/41 96/141/41 95/142/41
f 94/143/42 98/144/42 96/141/42 97/140/42
f 99/145/43 102/146/43 103/147/43 105/148/43
f 100/149/44 104/150/44 103/151/44 102/152/44
f 101/153/45 105/154/45 103/151/45 104/150/45
f 106/155/46 109/156/46 110/157/46 112/158/46
f 107/159/47 111/160/47 110/161/47 109/162/47
f 108/163/48 112/164/48 110/161/48 111/160/48
f 3/9/49 16/29/49 18/32/49 7/10/49
f 7/4/50 18/26/50 15/25/50 1/1/50
f 24/43/51 9/17/51 11/20/51 28/44/51
f 28/38/52 11/14/52 8/13/52 22/35/52
f 2/5/53 10/21/53 13/24/53 6/6/53
f 6/12/54 13/18/54 9/17/54 3/9/54
f 23/39/55 17/33/55 20/30/55 27/40/55
f 27/40/56 20/30/56 16/29/56 24/43/56
f 17/33/57 30/49/57 32/52/57 21/34/57
f 21/28/58 32/46/58 29/45/58 15/25/58
f 38/63/59 23/39/59 25/42/59 42/64/59
f 42/58/60 25/36/60 22/35/60 36/55/60
f 37/59/61 31/53/61 34/50/61 41/60/61
f 41/60/62 34/50/62 30/49/62 38/63/62
f 31/53/63 44/69/63 46/72/63 35/54/63
f 35/48/64 46/66/64 43/65/64 29/45/64
f 52/83/65 37/59/65 39/62/65 56/84/65
f 56/78/66 39/56/66 36/55/66 50/75/66
f 51/79/67 45/73/67 48/70/67 55/80/67
f 55/80/68 48/70/68 44/69/68 52/83/68
f 45/73/69 58/89/69 60/92/69 49/74/69
f 49/68/70 60/86/70 57/85/70 43/65/70
f 66/103/71 51/79/71 53/82/71 70/104/71
f 70/98/72 53/76/72 50/75/72 64/95/72
f 65/99/73 59/93/73 62/90/73 69/100/73
f 69/100/74 62/90/74 58/89/74 66/103/74
f 59/93/75 72/109/75 74/112/75 63/94/75
f 63/88/76 74/106/76 71/105/76 57/85/76
f 80/123/77 65/99/77 67/102/77 84/124/77
f 84/118/78 67/96/78 64/95/78 78/115/78
f 79/119/79 73/113/79 76/110/79 83/120/79
f 83/120/80 76/110/80 72/109/80 80/123/80
f 73/113/81 86/129/81 88/132/81 77/114/81
f 77/108/82 88/126/82 85/125/82 71/105/82
f 94/143/83 79/119/83 81/122/83 98/144/83
f 98/138/84 81/116/84 78/115/84 92/135/84
f 93/139/85 87/133/85 90/130/85 97/140/85
f 97/140/86 90/130/86 86/129/86 94/143/86
f 87/133/87 100/149/87 102/152/87 91/134/87
f 91/128/88 102/146/88 99/145/88 85/125/88
f 108/163/89 93/139/89 95/142/89 112/164/89
f 112/158/90 95/136/90 92/135/90 106/155/90
f 107/159/91 101/153/91 104/150/91 111/160/91
f 111/160/92 104/150/92 100/149/92 108/163/92
f 101/153/93 2/5/93 4/8/93 105/154/93
f 105/148/94 4/2/94 1/1/94 99/145/94
f 10/21/95 107/159/95 109/162/95 14/22/95
f 14/16/96 109/156/96 106/155/96 8/13/96
f 1/1/97 15/25/97 29/45/97 43/65/97 57/85/97 71/105/97 85/125/97 99/145/97
f 3/9/98 9/17/98 24/43/98 16/29/98
f 101/153/99 107/159/99 10/21/99 2/5/99
f 22/35/100 8/13/100 106/155/100 92/135/100 78/115/100 64/95/100 50/75/100 36/55/100
f 17/33/101 23/39/101 38/63/101 30/49/101
f 31/53/102 37/59/102 52/83/102 44/69/102
f 45/73/103 51/79/103 66/103/103 58/89/103
f 59/93/104 65/99/104 80/123/104 72/109/104
f 73/113/105 79/119/105 94/143/105 86/129/105
f 87/133/106 93/139/106 108/163/106 100/149/106
o weathered_stone_dais_upper_course
v 0.000000 0.231400 -0.652017
v -0.016630 0.249400 -0.664612
v 0.016630 0.249400 -0.664612
v -0.009742 0.236672 -0.661758
v -0.000000 0.239007 -0.665064
v -0.000000 0.249400 -0.667465
v 0.009742 0.236672 -0.661758
v 0.000000 0.309400 -0.652017
v 0.016630 0.291400 -0.664612
v -0.016630 0.291400 -0.664612
v 0.009742 0.304128 -0.661758
v 0.000000 0.301793 -0.665064
v 0.000000 0.291400 -0.667465
v -0.009742 0.304128 -0.661758
v 0.461046 0.231400 -0.461046
v 0.458192 0.249400 -0.481711
v 0.481711 0.249400 -0.458192
v 0.461046 0.236672 -0.474822
v 0.470271 0.239007 -0.470271
v 0.471969 0.249400 -0.471969
v 0.474822 0.236672 -0.461046
v 0.461046 0.309400 -0.461046
v 0.481711 0.291400 -0.458192
v 0.458192 0.291400 -0.481711
v 0.474822 0.304128 -0.461046
v 0.470271 0.301793 -0.470271
v 0.471969 0.291400 -0.471969
v 0.461046 0.304128 -0.474822
v 0.652017 0.231400 0.000000
v 0.664612 0.249400 -0.016630
v 0.664612 0.249400 0.016630
v 0.661758 0.236672 -0.009742
v 0.665064 0.239007 -0.000000
v 0.667465 0.249400 -0.000000
v 0.661758 0.236672 0.009742
v 0.652017 0.309400 0.000000
v 0.664612 0.291400 0.016630
v 0.664612 0.291400 -0.016630
v 0.661758 0.304128 0.009742
v 0.665064 0.301793 0.000000
v 0.667465 0.291400 0.000000
v 0.661758 0.304128 -0.009742
v 0.461046 0.231400 0.461046
v 0.481711 0.249400 0.458192
v 0.458192 0.249400 0.481711
v 0.474822 0.236672 0.461046
v 0.470271 0.239007 0.470271
v 0.471969 0.249400 0.471969
v 0.461046 0.236672 0.474822
v 0.461046 0.309400 0.461046
v 0.458192 0.291400 0.481711
v 0.481711 0.291400 0.458192
v 0.461046 0.304128 0.474822
v 0.470271 0.301793 0.470271
v 0.471969 0.291400 0.471969
v 0.474822 0.304128 0.461046
v 0.000000 0.231400 0.652017
v 0.016630 0.249400 0.664612
v -0.016630 0.249400 0.664612
v 0.009742 0.236672 0.661758
v 0.000000 0.239007 0.665064
v 0.000000 0.249400 0.667465
v -0.009742 0.236672 0.661758
v 0.000000 0.309400 0.652017
v -0.016630 0.291400 0.664612
v 0.016630 0.291400 0.664612
v -0.009742 0.304128 0.661758
v -0.000000 0.301793 0.665064
v -0.000000 0.291400 0.667465
v 0.009742 0.304128 0.661758
v -0.461046 0.231400 0.461046
v -0.458192 0.249400 0.481711
v -0.481711 0.249400 0.458192
v -0.461046 0.236672 0.474822
v -0.470271 0.239007 0.470271
v -0.471969 0.249400 0.471969
v -0.474822 0.236672 0.461046
v -0.461046 0.309400 0.461046
v -0.481711 0.291400 0.458192
v -0.458192 0.291400 0.481711
v -0.474822 0.304128 0.461046
v -0.470271 0.301793 0.470271
v -0.471969 0.291400 0.471969
v -0.461046 0.304128 0.474822
v -0.652017 0.231400 0.000000
v -0.664612 0.249400 0.016630
v -0.664612 0.249400 -0.016630
v -0.661758 0.236672 0.009742
v -0.665064 0.239007 0.000000
v -0.667465 0.249400 0.000000
v -0.661758 0.236672 -0.009742
v -0.652017 0.309400 0.000000
v -0.664612 0.291400 -0.016630
v -0.664612 0.291400 0.016630
v -0.661758 0.304128 -0.009742
v -0.665064 0.301793 -0.000000
v -0.667465 0.291400 -0.000000
v -0.661758 0.304128 0.009742
v -0.461046 0.231400 -0.461046
v -0.481711 0.249400 -0.458192
v -0.458192 0.249400 -0.481711
v -0.474822 0.236672 -0.461046
v -0.470271 0.239007 -0.470271
v -0.471969 0.249400 -0.471969
v -0.461046 0.236672 -0.474822
v -0.461046 0.309400 -0.461046
v -0.458192 0.291400 -0.481711
v -0.481711 0.291400 -0.458192
v -0.461046 0.304128 -0.474822
v -0.470271 0.301793 -0.470271
v -0.471969 0.291400 -0.471969
v -0.474822 0.304128 -0.461046
vn -0.0000 -0.8639 -0.5037
vn -0.1959 -0.2724 -0.9420
vn 0.1959 -0.2724 -0.9420
vn -0.0000 0.8639 -0.5037
vn 0.1959 0.2724 -0.9420
vn -0.1959 0.2724 -0.9420
vn 0.3562 -0.8639 -0.3562
vn 0.5276 -0.2724 -0.8046
vn 0.8046 -0.2724 -0.5276
vn 0.3562 0.8639 -0.3562
vn 0.8046 0.2724 -0.5276
vn 0.5276 0.2724 -0.8046
vn 0.5037 -0.8639 -0.0000
vn 0.9420 -0.2724 -0.1959
vn 0.9420 -0.2724 0.1959
vn 0.5037 0.8639 -0.0000
vn 0.9420 0.2724 0.1959
vn 0.9420 0.2724 -0.1959
vn 0.3562 -0.8639 0.3562
vn 0.8046 -0.2724 0.5276
vn 0.5276 -0.2724 0.8046
vn 0.3562 0.8639 0.3562
vn 0.5276 0.2724 0.8046
vn 0.8046 0.2724 0.5276
vn -0.0000 -0.8639 0.5037
vn 0.1959 -0.2724 0.9420
vn -0.1959 -0.2724 0.9420
vn -0.0000 0.8639 0.5037
vn -0.1959 0.2724 0.9420
vn 0.1959 0.2724 0.9420
vn -0.3562 -0.8639 0.3562
vn -0.5276 -0.2724 0.8046
vn -0.8046 -0.2724 0.5276
vn -0.3562 0.8639 0.3562
vn -0.8046 0.2724 0.5276
vn -0.5276 0.2724 0.8046
vn -0.5037 -0.8639 -0.0000
vn -0.9420 -0.2724 0.1959
vn -0.9420 -0.2724 -0.1959
vn -0.5037 0.8639 -0.0000
vn -0.9420 0.2724 -0.1959
vn -0.9420 0.2724 0.1959
vn -0.3562 -0.8639 -0.3562
vn -0.8046 -0.2724 -0.5276
vn -0.5276 -0.2724 -0.8046
vn -0.3562 0.8639 -0.3562
vn -0.5276 0.2724 -0.8046
vn -0.8046 0.2724 -0.5276
vn 0.3536 -0.3827 -0.8536
vn 0.1464 -0.9239 -0.3536
vn 0.3536 0.3827 -0.8536
vn 0.1464 0.9239 -0.3536
vn -0.1691 -0.0000 -0.9856
vn 0.1691 -0.0000 -0.9856
vn 0.8165 -0.0000 -0.5774
vn 0.5774 -0.0000 -0.8165
vn 0.8536 -0.3827 -0.3536
vn 0.3536 -0.9239 -0.1464
vn 0.8536 0.3827 -0.3536
vn 0.3536 0.9239 -0.1464
vn 0.9856 -0.0000 0.1691
vn 0.9856 -0.0000 -0.1691
vn 0.8536 -0.3827 0.3536
vn 0.3536 -0.9239 0.1464
vn 0.8536 0.3827 0.3536
vn 0.3536 0.9239 0.1464
vn 0.5774 -0.0000 0.8165
vn 0.8165 -0.0000 0.5774
vn 0.3536 -0.3827 0.8536
vn 0.1464 -0.9239 0.3536
vn 0.3536 0.3827 0.8536
vn 0.1464 0.9239 0.3536
vn -0.1691 -0.0000 0.9856
vn 0.1691 -0.0000 0.9856
vn -0.3536 -0.3827 0.8536
vn -0.1464 -0.9239 0.3536
vn -0.3536 0.3827 0.8536
vn -0.1464 0.9239 0.3536
vn -0.8165 -0.0000 0.5774
vn -0.5774 -0.0000 0.8165
vn -0.8536 -0.3827 0.3536
vn -0.3536 -0.9239 0.1464
vn -0.8536 0.3827 0.3536
vn -0.3536 0.9239 0.1464
vn -0.9856 -0.0000 -0.1691
vn -0.9856 -0.0000 0.1691
vn -0.8536 -0.3827 -0.3536
vn -0.3536 -0.9239 -0.1464
vn -0.8536 0.3827 -0.3536
vn -0.3536 0.9239 -0.1464
vn -0.5774 -0.0000 -0.8165
vn -0.8165 -0.0000 -0.5774
vn -0.3536 -0.3827 -0.8536
vn -0.1464 -0.9239 -0.3536
vn -0.3536 0.3827 -0.8536
vn -0.1464 0.9239 -0.3536
vn -0.0000 -1.0000 -0.0000
vn 0.3827 -0.0000 -0.9239
vn -0.3827 -0.0000 -0.9239
vn -0.0000 1.0000 -0.0000
vn 0.9239 -0.0000 -0.3827
vn 0.9239 -0.0000 0.3827
vn 0.3827 -0.0000 0.9239
vn -0.3827 -0.0000 0.9239
vn -0.9239 -0.0000 0.3827
vn -0.9239 -0.0000 -0.3827
vt 0.750000 0.483037
vt 0.745797 0.488259
vt 0.749187 0.489663
vt 0.754203 0.488259
vt 0.004378 0.615385
vt 0.000000 0.615385
vt 0.000000 0.548766
vt 0.003096 0.500000
vt 0.995622 0.615385
vt 0.996904 0.500000
vt 0.999401 0.500000
vt 1.000000 0.615385
vt 0.250000 0.483037
vt 0.254203 0.488259
vt 0.250813 0.489663
vt 0.245797 0.488259
vt 0.995622 0.884615
vt 1.000000 0.884615
vt 1.000000 0.951234
vt 0.996904 1.000000
vt 0.004378 0.884615
vt 0.003096 1.000000
vt 0.000599 1.000000
vt 0.000000 0.884615
vt 0.914782 0.414782
vt 0.915503 0.421446
vt 0.918892 0.420042
vt 0.921447 0.415503
vt 0.879378 0.615385
vt 0.875000 0.615385
vt 0.874700 0.524383
vt 0.878096 0.500000
vt 0.870622 0.615385
vt 0.871904 0.500000
vt 0.414782 0.414782
vt 0.421446 0.415503
vt 0.420042 0.418892
vt 0.415503 0.421447
vt 0.870622 0.884615
vt 0.875000 0.884615
vt 0.875300 0.975617
vt 0.871904 1.000000
vt 0.879378 0.884615
vt 0.878096 1.000000
vt 0.983037 0.250000
vt 0.988259 0.254203
vt 0.989663 0.250813
vt 0.988259 0.245797
vt 0.754378 0.615385
vt 0.750000 0.615385
vt 0.749701 0.524383
vt 0.753096 0.500000
vt 0.745622 0.615385
vt 0.746904 0.500000
vt 0.483037 0.250000
vt 0.488259 0.245797
vt 0.489663 0.249187
vt 0.488259 0.254203
vt 0.745622 0.884615
vt 0.750000 0.884615
vt 0.750300 0.975617
vt 0.746904 1.000000
vt 0.754378 0.884615
vt 0.753096 1.000000
vt 0.914782 0.085218
vt 0.921447 0.084497
vt 0.920042 0.081108
vt 0.915503 0.078554
vt 0.629378 0.615385
vt 0.625000 0.615385
vt 0.624700 0.524383
vt 0.628096 0.500000
vt 0.620622 0.615385
vt 0.621904 0.500000
vt 0.414782 0.085218
vt 0.415503 0.078554
vt 0.418892 0.079958
vt 0.421447 0.084497
vt 0.620622 0.884615
vt 0.625000 0.884615
vt 0.625300 0.975617
vt 0.621904 1.000000
vt 0.629378 0.884615
vt 0.628096 1.000000
vt 0.750000 0.016963
vt 0.754203 0.011741
vt 0.750813 0.010337
vt 0.745797 0.011741
vt 0.504378 0.615385
vt 0.500000 0.615385
vt 0.499700 0.524383
vt 0.503096 0.500000
vt 0.495622 0.615385
vt 0.496904 0.500000
vt 0.250000 0.016963
vt 0.245797 0.011741
vt 0.249187 0.010337
vt 0.254203 0.011741
vt 0.495622 0.884615
vt 0.500000 0.884615
vt 0.500300 0.975617
vt 0.496904 1.000000
vt 0.504378 0.884615
vt 0.503096 1.000000
vt 0.585218 0.085218
vt 0.584497 0.078554
vt 0.581108 0.079958
vt 0.578554 0.084497
vt 0.379378 0.615385
vt 0.375000 0.615385
vt 0.374700 0.524383
vt 0.378096 0.500000
vt 0.370622 0.615385
vt 0.371904 0.500000
vt 0.085218 0.085218
vt 0.078554 0.084497
vt 0.079958 0.081108
vt 0.084497 0.078554
vt 0.370622 0.884615
vt 0.375000 0.884615
vt 0.375300 0.975617
vt 0.371904 1.000000
vt 0.379378 0.884615
vt 0.378096 1.000000
vt 0.516963 0.250000
vt 0.511741 0.245797
vt 0.510337 0.249187
vt 0.511741 0.254203
vt 0.254378 0.615385
vt 0.250000 0.615385
vt 0.249701 0.524383
vt 0.253096 0.500000
vt 0.245622 0.615385
vt 0.246904 0.500000
vt 0.016963 0.250000
vt 0.011741 0.254203
vt 0.010337 0.250813
vt 0.011741 0.245797
vt 0.245622 0.884615
vt 0.250000 0.884615
vt 0.250300 0.975617
vt 0.246904 1.000000
vt 0.254378 0.884615
vt 0.253096 1.000000
vt 0.585218 0.414782
vt 0.578554 0.415503
vt 0.579957 0.418892
vt 0.584497 0.421447
vt 0.129378 0.615385
vt 0.125000 0.615385
vt 0.124701 0.524383
vt 0.128096 0.500000
vt 0.120622 0.615385
vt 0.121904 0.500000
vt 0.085218 0.414782
vt 0.084497 0.421446
vt 0.081108 0.420042
vt 0.078554 0.415503
vt 0.120622 0.884615
vt 0.125000 0.884615
vt 0.125299 0.975617
vt 0.121904 1.000000
vt 0.129378 0.884615
vt 0.128096 1.000000
s 0
usemtl Limestone
f 113/165/107 116/166/107 117/167/107 119/168/107
f 114/169/108 118/170/108 117/171/108 116/172/108
f 115/173/109 119/174/109 117/175/109 118/176/109
f 120/177/110 123/178/110 124/179/110 126/180/110
f 121/181/111 125/182/111 124/183/111 123/184/111
f 122/185/112 126/186/112 124/187/112 125/188/112
f 127/189/113 130/190/113 131/191/113 133/192/113
f 128/193/114 132/194/114 131/195/114 130/196/114
f 129/197/115 133/198/115 131/195/115 132/194/115
f 134/199/116 137/200/116 138/201/116 140/202/116
f 135/203/117 139/204/117 138/205/117 137/206/117
f 136/207/118 140/208/118 138/205/118 139/204/118
f 141/209/119 144/210/119 145/211/119 147/212/119
f 142/213/120 146/214/120 145/215/120 144/216/120
f 143/217/121 147/218/121 145/215/121 146/214/121
f 148/219/122 151/220/122 152/221/122 154/222/122
f 149/223/123 153/224/123 152/225/123 151/226/123
f 150/227/124 154/228/124 152/225/124 153/224/124
f 155/229/125 158/230/125 159/231/125 161/232/125
f 156/233/126 160/234/126 159/235/126 158/236/126
f 157/237/127 161/238/127 159/235/127 160/234/127
f 162/239/128 165/240/128 166/241/128 168/242/128
f 163/243/129 167/244/129 166/245/129 165/246/129
f 164/247/130 168/248/130 166/245/130 167/244/130
f 169/249/131 172/250/131 173/251/131 175/252/131
f 170/253/132 174/254/132 173/255/132 172/256/132
f 171/257/133 175/258/133 173/255/133 174/254/133
f 176/259/134 179/260/134 180/261/134 182/262/134
f 177/263/135 181/264/135 180/265/135 179/266/135
f 178/267/136 182/268/136 180/265/136 181/264/136
f 183/269/137 186/270/137 187/271/137 189/272/137
f 184/273/138 188/274/138 187/275/138 186/276/138
f 185/277/139 189/278/139 187/275/139 188/274/139
f 190/279/140 193/280/140 194/281/140 196/282/140
f 191/283/141 195/284/141 194/285/141 193/286/141
f 192/287/142 196/288/142 194/285/142 195/284/142
f 197/289/143 200/290/143 201/291/143 203/292/143
f 198/293/144 202/294/144 201/295/144 200/296/144
f 199/297/145 203/298/145 201/295/145 202/294/145
f 204/299/146 207/300/146 208/301/146 210/302/146
f 205/303/147 209/304/147 208/305/147 207/306/147
f 206/307/148 210/308/148 208/305/148 209/304/148
f 211/309/149 214/310/149 215/311/149 217/312/149
f 212/313/150 216/314/150 215/315/150 214/316/150
f 213/317/151 217/318/151 215/315/151 216/314/151
f 218/319/152 221/320/152 222/321/152 224/322/152
f 219/323/153 223/324/153 222/325/153 221/326/153
f 220/327/154 224/328/154 222/325/154 223/324/154
f 115/173/155 128/193/155 130/196/155 119/174/155
f 119/168/156 130/190/156 127/189/156 113/165/156
f 136/207/157 121/181/157 123/184/157 140/208/157
f 140/202/158 123/178/158 120/177/158 134/199/158
f 114/169/159 122/185/159 125/188/159 118/170/159
f 118/176/160 125/182/160 121/181/160 115/173/160
f 135/203/161 129/197/161 132/194/161 139/204/161
f 139/204/162 132/194/162 128/193/162 136/207/162
f 129/197/163 142/213/163 144/216/163 133/198/163
f 133/192/164 144/210/164 141/209/164 127/189/164
f 150/227/165 135/203/165 137/206/165 154/228/165
f 154/222/166 137/200/166 134/199/166 148/219/166
f 149/223/167 143/217/167 146/214/167 153/224/167
f 153/224/168 146/214/168 142/213/168 150/227/168
f 143/217/169 156/233/169 158/236/169 147/218/169
f 147/212/170 158/230/170 155/229/170 141/209/170
f 164/247/171 149/223/171 151/226/171 168/248/171
f 168/242/172 151/220/172 148/219/172 162/239/172
f 163/243/173 157/237/173 160/234/173 167/244/173
f 167/244/174 160/234/174 156/233/174 164/247/174
f 157/237/175 170/253/175 172/256/175 161/238/175
f 161/232/176 172/250/176 169/249/176 155/229/176
f 178/267/177 163/243/177 165/246/177 182/268/177
f 182/262/178 165/240/178 162/239/178 176/259/178
f 177/263/179 171/257/179 174/254/179 181/264/179
f 181/264/180 174/254/180 170/253/180 178/267/180
f 171/257/181 184/273/181 186/276/181 175/258/181
f 175/252/182 186/270/182 183/269/182 169/249/182
f 192/287/183 177/263/183 179/266/183 196/288/183
f 196/282/184 179/260/184 176/259/184 190/279/184
f 191/283/185 185/277/185 188/274/185 195/284/185
f 195/284/186 188/274/186 184/273/186 192/287/186
f 185/277/187 198/293/187 200/296/187 189/278/187
f 189/272/188 200/290/188 197/289/188 183/269/188
f 206/307/189 191/283/189 193/286/189 210/308/189
f 210/302/190 193/280/190 190/279/190 204/299/190
f 205/303/191 199/297/191 202/294/191 209/304/191
f 209/304/192 202/294/192 198/293/192 206/307/192
f 199/297/193 212/313/193 214/316/193 203/298/193
f 203/292/194 214/310/194 211/309/194 197/289/194
f 220/327/195 205/303/195 207/306/195 224/328/195
f 224/322/196 207/300/196 204/299/196 218/319/196
f 219/323/197 213/317/197 216/314/197 223/324/197
f 223/324/198 216/314/198 212/313/198 220/327/198
f 213/317/199 114/169/199 116/172/199 217/318/199
f 217/312/200 116/166/200 113/165/200 211/309/200
f 122/185/201 219/323/201 221/326/201 126/186/201
f 126/180/202 221/320/202 218/319/202 120/177/202
f 113/165/203 127/189/203 141/209/203 155/229/203 169/249/203 183/269/203 197/289/203 211/309/203
f 115/173/204 121/181/204 136/207/204 128/193/204
f 213/317/205 219/323/205 122/185/205 114/169/205
f 134/199/206 120/177/206 218/319/206 204/299/206 190/279/206 176/259/206 162/239/206 148/219/206
f 129/197/207 135/203/207 150/227/207 142/213/207
f 143/217/208 149/223/208 164/247/208 156/233/208
f 157/237/209 163/243/209 178/267/209 170/253/209
f 171/257/210 177/263/210 192/287/210 184/273/210
f 185/277/211 191/283/211 206/307/211 198/293/211
f 199/297/212 205/303/212 220/327/212 212/313/212
o blackstone_foot
v -0.380000 0.290000 0.340000
v -0.380000 0.340000 0.390000
v -0.430000 0.340000 0.340000
v -0.380000 0.296680 0.364967
v -0.404967 0.296680 0.340000
v -0.403911 0.303168 0.363911
v -0.404967 0.340000 0.383320
v -0.380000 0.315033 0.383320
v -0.403911 0.316089 0.376832
v -0.423320 0.315033 0.340000
v -0.423320 0.340000 0.364967
v -0.416832 0.316089 0.363911
v -0.380000 0.440000 0.390000
v -0.380000 0.490000 0.340000
v -0.430000 0.440000 0.340000
v -0.380000 0.464967 0.383320
v -0.404967 0.440000 0.383320
v -0.403911 0.463911 0.376832
v -0.404967 0.483320 0.340000
v -0.380000 0.483320 0.364967
v -0.403911 0.476832 0.363911
v -0.423320 0.440000 0.364967
v -0.423320 0.464967 0.340000
v -0.416832 0.463911 0.363911
v -0.380000 0.290000 -0.340000
v -0.430000 0.340000 -0.340000
v -0.380000 0.340000 -0.390000
v -0.404967 0.296680 -0.340000
v -0.380000 0.296680 -0.364967
v -0.403911 0.303168 -0.363911
v -0.423320 0.340000 -0.364967
v -0.423320 0.315033 -0.340000
v -0.416832 0.316089 -0.363911
v -0.380000 0.315033 -0.383320
v -0.404967 0.340000 -0.383320
v -0.403911 0.316089 -0.376832
v -0.380000 0.490000 -0.340000
v -0.380000 0.440000 -0.390000
v -0.430000 0.440000 -0.340000
v -0.380000 0.483320 -0.364967
v -0.404967 0.483320 -0.340000
v -0.403911 0.476832 -0.363911
v -0.404967 0.440000 -0.383320
v -0.380000 0.464967 -0.383320
v -0.403911 0.463911 -0.376832
v -0.423320 0.464967 -0.340000
v -0.423320 0.440000 -0.364967
v -0.416832 0.463911 -0.363911
v 0.380000 0.290000 0.340000
v 0.430000 0.340000 0.340000
v 0.380000 0.340000 0.390000
v 0.404967 0.296680 0.340000
v 0.380000 0.296680 0.364967
v 0.403911 0.303168 0.363911
v 0.423320 0.340000 0.364967
v 0.423320 0.315033 0.340000
v 0.416832 0.316089 0.363911
v 0.380000 0.315033 0.383320
v 0.404967 0.340000 0.383320
v 0.403911 0.316089 0.376832
v 0.380000 0.490000 0.340000
v 0.380000 0.440000 0.390000
v 0.430000 0.440000 0.340000
v 0.380000 0.483320 0.364967
v 0.404967 0.483320 0.340000
v 0.403911 0.476832 0.363911
v 0.404967 0.440000 0.383320
v 0.380000 0.464967 0.383320
v 0.403911 0.463911 0.376832
v 0.423320 0.464967 0.340000
v 0.423320 0.440000 0.364967
v 0.416832 0.463911 0.363911
v 0.380000 0.290000 -0.340000
v 0.380000 0.340000 -0.390000
v 0.430000 0.340000 -0.340000
v 0.380000 0.296680 -0.364967
v 0.404967 0.296680 -0.340000
v 0.403911 0.303168 -0.363911
v 0.404967 0.340000 -0.383320
v 0.380000 0.315033 -0.383320
v 0.403911 0.316089 -0.376832
v 0.423320 0.315033 -0.340000
v 0.423320 0.340000 -0.364967
v 0.416832 0.316089 -0.363911
v 0.380000 0.490000 -0.340000
v 0.430000 0.440000 -0.340000
v 0.380000 0.440000 -0.390000
v 0.404967 0.483320 -0.340000
v 0.380000 0.483320 -0.364967
v 0.403911 0.476832 -0.363911
v 0.423320 0.440000 -0.364967
v 0.423320 0.464967 -0.340000
v 0.416832 0.463911 -0.363911
v 0.380000 0.464967 -0.383320
v 0.404967 0.440000 -0.383320
v 0.403911 0.463911 -0.376832
vn -0.2566 -0.9318 0.2566
vn -0.2178 -0.6901 0.6901
vn -0.2566 -0.2566 0.9318
vn -0.6901 -0.2178 0.6901
vn -0.9318 -0.2566 0.2566
vn -0.6901 -0.6901 0.2178
vn -0.5774 -0.5774 0.5773
vn -0.2566 0.2566 0.9318
vn -0.2178 0.6901 0.6901
vn -0.2566 0.9318 0.2566
vn -0.6901 0.6901 0.2178
vn -0.9318 0.2566 0.2566
vn -0.6901 0.2178 0.6901
vn -0.5774 0.5773 0.5773
vn -0.2566 -0.9318 -0.2566
vn -0.6901 -0.6901 -0.2178
vn -0.9318 -0.2566 -0.2566
vn -0.6901 -0.2178 -0.6901
vn -0.2566 -0.2566 -0.9318
vn -0.2178 -0.6901 -0.6901
vn -0.5774 -0.5774 -0.5774
vn -0.2566 0.9318 -0.2566
vn -0.2178 0.6901 -0.6901
vn -0.2566 0.2566 -0.9318
vn -0.6901 0.2178 -0.6901
vn -0.9318 0.2566 -0.2566
vn -0.6901 0.6901 -0.2178
vn -0.5774 0.5773 -0.5774
vn 0.2566 -0.9318 0.2566
vn 0.6901 -0.6901 0.2178
vn 0.9318 -0.2566 0.2566
vn 0.6901 -0.2178 0.6901
vn 0.2566 -0.2566 0.9318
vn 0.2178 -0.6901 0.6901
vn 0.5774 -0.5774 0.5773
vn 0.2566 0.9318 0.2566
vn 0.2178 0.6901 0.6901
vn 0.2566 0.2566 0.9318
vn 0.6901 0.2178 0.6901
vn 0.9318 0.2566 0.2566
vn 0.6901 0.6901 0.2178
vn 0.5774 0.5773 0.5773
vn 0.2566 -0.9318 -0.2566
vn 0.2178 -0.6901 -0.6901
vn 0.2566 -0.2566 -0.9318
vn 0.6901 -0.2178 -0.6901
vn 0.9318 -0.2566 -0.2566
vn 0.6901 -0.6901 -0.2178
vn 0.5774 -0.5774 -0.5774
vn 0.2566 0.9318 -0.2566
vn 0.6901 0.6901 -0.2178
vn 0.9318 0.2566 -0.2566
vn 0.6901 0.2178 -0.6901
vn 0.2566 0.2566 -0.9318
vn 0.2178 0.6901 -0.6901
vn 0.5774 0.5773 -0.5774
vn -0.2585 -0.9660 -0.0000
vn -0.7071 -0.7071 -0.0000
vn -0.9660 -0.2585 -0.0000
vn -0.2585 -0.0000 0.9660
vn -0.7071 -0.0000 0.7071
vn -0.9660 -0.0000 0.2585
vn -0.2585 0.9660 -0.0000
vn -0.7071 0.7071 -0.0000
vn -0.9660 0.2585 -0.0000
vn -0.2585 -0.0000 -0.9660
vn -0.7071 -0.0000 -0.7071
vn -0.9660 -0.0000 -0.2585
vn -0.0000 -0.9660 -0.2585
vn -0.0000 -0.7071 -0.7071
vn -0.0000 -0.2585 -0.9660
vn -0.0000 0.9660 -0.2585
vn -0.0000 0.7071 -0.7071
vn -0.0000 0.2585 -0.9660
vn 0.9660 -0.0000 -0.2585
vn 0.7071 -0.0000 -0.7071
vn 0.2585 -0.0000 -0.9660
vn 0.2585 -0.9660 -0.0000
vn 0.7071 -0.7071 -0.0000
vn 0.9660 -0.2585 -0.0000
vn 0.2585 0.9660 -0.0000
vn 0.7071 0.7071 -0.0000
vn 0.9660 0.2585 -0.0000
vn 0.2585 -0.0000 0.9660
vn 0.7071 -0.0000 0.7071
vn 0.9660 -0.0000 0.2585
vn -0.0000 -0.9660 0.2585
vn -0.0000 -0.7071 0.7071
vn -0.0000 -0.2585 0.9660
vn -0.0000 0.9660 0.2585
vn -0.0000 0.7071 0.7071
vn -0.0000 0.2585 0.9660
vn -0.0000 -1.0000 -0.0000
vn -1.0000 -0.0000 -0.0000
vn -0.0000 -0.0000 1.0000
vn -0.0000 1.0000 -0.0000
vn -0.0000 -0.0000 -1.0000
vn 1.0000 -0.0000 -0.0000
vt 0.139535 0.733974
vt 0.139535 0.741977
vt 0.132584 0.741638
vt 0.132277 0.733974
vt 0.139535 0.750000
vt 0.132584 0.750000
vt 0.437500 0.985465
vt 0.437500 1.000000
vt 0.375000 0.992416
vt 0.375000 0.985465
vt 0.437500 0.000000
vt 0.437500 0.008023
vt 0.375000 0.008362
vt 0.375000 0.000000
vt 0.437500 0.016026
vt 0.375000 0.016026
vt 0.125000 0.733974
vt 0.125000 0.741638
vt 0.562500 0.985465
vt 0.593709 0.985465
vt 0.592388 1.000000
vt 0.562500 1.000000
vt 0.625000 0.985465
vt 0.625000 1.000000
vt 0.860465 0.733974
vt 0.875000 0.733974
vt 0.875000 0.741638
vt 0.860465 0.750000
vt 0.625000 0.016026
vt 0.593709 0.016026
vt 0.592388 0.008362
vt 0.625000 0.008362
vt 0.562500 0.016026
vt 0.562500 0.008023
vt 0.562500 0.000000
vt 0.592388 0.000000
vt 0.139535 0.516026
vt 0.132277 0.516026
vt 0.132584 0.508362
vt 0.139535 0.508023
vt 0.125000 0.516026
vt 0.125000 0.508362
vt 0.437500 0.233974
vt 0.437500 0.241977
vt 0.375000 0.241638
vt 0.375000 0.233974
vt 0.437500 0.257277
vt 0.375000 0.257584
vt 0.437500 0.264535
vt 0.375000 0.264535
vt 0.139535 0.500000
vt 0.132584 0.500000
vt 0.860465 0.516026
vt 0.860465 0.500000
vt 0.875000 0.508362
vt 0.875000 0.516026
vt 0.625000 0.264535
vt 0.593709 0.264535
vt 0.592388 0.256671
vt 0.625000 0.245327
vt 0.562500 0.264535
vt 0.562500 0.257277
vt 0.562500 0.241977
vt 0.592388 0.241638
vt 0.562500 0.233974
vt 0.593709 0.233974
vt 0.625000 0.233974
vt 0.360465 0.733974
vt 0.367723 0.733974
vt 0.367416 0.741638
vt 0.360465 0.741977
vt 0.406291 0.733974
vt 0.404792 0.741638
vt 0.437500 0.733974
vt 0.437500 0.741977
vt 0.437500 0.757277
vt 0.372215 0.754799
vt 0.437500 0.764535
vt 0.367735 0.757270
vt 0.639535 0.733974
vt 0.632270 0.757265
vt 0.629799 0.752785
vt 0.632277 0.733974
vt 0.593709 0.764535
vt 0.592388 0.757584
vt 0.562500 0.764535
vt 0.562500 0.757277
vt 0.562500 0.741977
vt 0.592388 0.742581
vt 0.562500 0.733974
vt 0.593709 0.733974
vt 0.360465 0.516026
vt 0.360465 0.508023
vt 0.367416 0.508362
vt 0.367723 0.516026
vt 0.367735 0.492730
vt 0.372215 0.495201
vt 0.437500 0.485465
vt 0.437500 0.492723
vt 0.437500 0.508023
vt 0.404792 0.508362
vt 0.437500 0.516026
vt 0.406291 0.516026
vt 0.639535 0.516026
vt 0.632277 0.516026
vt 0.629799 0.497215
vt 0.632270 0.492735
vt 0.593709 0.516026
vt 0.592388 0.507419
vt 0.562500 0.516026
vt 0.562500 0.508023
vt 0.562500 0.492723
vt 0.592388 0.492416
vt 0.562500 0.485465
vt 0.593709 0.485465
s 0
usemtl Limestone
f 225/329/213 228/330/213 230/331/213 229/332/213
f 228/330/214 232/333/214 233/334/214 230/331/214
f 226/335/215 231/336/215 233/337/215 232/338/215
f 231/339/216 235/340/216 236/341/216 233/342/216
f 227/343/217 234/344/217 236/341/217 235/340/217
f 234/345/218 229/332/218 230/331/218 236/346/218
f 230/331/219 233/334/219 236/346/219
f 237/347/220 240/348/220 242/349/220 241/350/220
f 240/348/221 244/351/221 245/352/221 242/349/221
f 238/353/222 243/354/222 245/355/222 244/356/222
f 243/357/223 247/358/223 248/359/223 245/360/223
f 239/361/224 246/362/224 248/359/224 247/358/224
f 246/362/225 241/363/225 242/364/225 248/359/225
f 242/364/226 245/360/226 248/359/226
f 249/365/227 252/366/227 254/367/227 253/368/227
f 252/366/228 256/369/228 257/370/228 254/367/228
f 250/371/229 255/372/229 257/373/229 256/374/229
f 255/372/230 259/375/230 260/376/230 257/373/230
f 251/377/231 258/378/231 260/376/231 259/375/231
f 258/379/232 253/368/232 254/367/232 260/380/232
f 254/367/233 257/370/233 260/380/233
f 261/381/234 264/382/234 266/383/234 265/384/234
f 264/385/235 268/386/235 269/387/235 266/388/235
f 262/389/236 267/390/236 269/387/236 268/386/236
f 267/390/237 271/391/237 272/392/237 269/387/237
f 263/393/238 270/394/238 272/392/238 271/391/238
f 270/394/239 265/395/239 266/388/239 272/392/239
f 266/388/240 269/387/240 272/392/240
f 273/396/241 276/397/241 278/398/241 277/399/241
f 276/397/242 280/400/242 281/401/242 278/398/242
f 274/402/243 279/403/243 281/401/243 280/400/243
f 279/403/244 283/404/244 284/405/244 281/401/244
f 275/406/245 282/407/245 284/405/245 283/404/245
f 282/407/246 277/399/246 278/398/246 284/405/246
f 278/398/247 281/401/247 284/405/247
f 285/408/248 288/409/248 290/410/248 289/411/248
f 288/409/249 292/412/249 293/413/249 290/410/249
f 286/414/250 291/415/250 293/413/250 292/412/250
f 291/415/251 295/416/251 296/417/251 293/413/251
f 287/418/252 294/419/252 296/417/252 295/416/252
f 294/419/253 289/411/253 290/410/253 296/417/253
f 290/410/254 293/413/254 296/417/254
f 297/420/255 300/421/255 302/422/255 301/423/255
f 300/421/256 304/424/256 305/425/256 302/422/256
f 298/426/257 303/427/257 305/425/257 304/424/257
f 303/427/258 307/428/258 308/429/258 305/425/258
f 299/430/259 306/431/259 308/429/259 307/428/259
f 306/431/260 301/423/260 302/422/260 308/429/260
f 302/422/261 305/425/261 308/429/261
f 309/432/262 312/433/262 314/434/262 313/435/262
f 312/433/263 316/436/263 317/437/263 314/434/263
f 310/438/264 315/439/264 317/437/264 316/436/264
f 315/439/265 319/440/265 320/441/265 317/437/265
f 311/442/266 318/443/266 320/441/266 319/440/266
f 318/443/267 313/435/267 314/434/267 320/441/267
f 314/434/268 317/437/268 320/441/268
f 249/365/269 225/329/269 229/332/269 252/366/269
f 252/366/270 229/332/270 234/345/270 256/369/270
f 256/374/271 234/344/271 227/343/271 250/371/271
f 226/335/272 237/347/272 241/350/272 231/336/272
f 231/339/273 241/363/273 246/362/273 235/340/273
f 235/340/274 246/362/274 239/361/274 227/343/274
f 238/353/275 261/381/275 265/384/275 243/354/275
f 243/357/276 265/395/276 270/394/276 247/358/276
f 247/358/277 270/394/277 263/393/277 239/361/277
f 262/389/278 251/377/278 259/375/278 267/390/278
f 267/390/279 259/375/279 255/372/279 271/391/279
f 271/391/280 255/372/280 250/371/280 263/393/280
f 297/420/281 249/365/281 253/368/281 300/421/281
f 300/421/282 253/368/282 258/379/282 304/424/282
f 304/424/283 258/378/283 251/377/283 298/426/283
f 261/381/284 309/432/284 313/435/284 264/382/284
f 264/385/285 313/435/285 318/443/285 268/386/285
f 268/386/286 318/443/286 311/442/286 262/389/286
f 310/438/287 299/430/287 307/428/287 315/439/287
f 315/439/288 307/428/288 303/427/288 319/440/288
f 319/440/289 303/427/289 298/426/289 311/442/289
f 273/396/290 297/420/290 301/423/290 276/397/290
f 276/397/291 301/423/291 306/431/291 280/400/291
f 280/400/292 306/431/292 299/430/292 274/402/292
f 309/432/293 285/408/293 289/411/293 312/433/293
f 312/433/294 289/411/294 294/419/294 316/436/294
f 316/436/295 294/419/295 287/418/295 310/438/295
f 286/414/296 275/406/296 283/404/296 291/415/296
f 291/415/297 283/404/297 279/403/297 295/416/297
f 295/416/298 279/403/298 274/402/298 287/418/298
f 225/329/299 273/396/299 277/399/299 228/330/299
f 228/330/300 277/399/300 282/407/300 232/333/300
f 232/338/301 282/407/301 275/406/301 226/335/301
f 285/408/302 238/353/302 244/356/302 288/409/302
f 288/409/303 244/351/303 240/348/303 292/412/303
f 292/412/304 240/348/304 237/347/304 286/414/304
f 249/365/305 297/420/305 273/396/305 225/329/305
f 227/343/306 239/361/306 263/393/306 250/371/306
f 275/406/307 286/414/307 237/347/307 226/335/307
f 309/432/308 261/381/308 238/353/308 285/408/308
f 251/377/309 262/389/309 311/442/309 298/426/309
f 299/430/310 310/438/310 287/418/310 274/402/310
o dark_obelisk_core
v 0.000000 0.250000 -0.340000
v 0.000000 1.530000 -0.054400
v 0.294449 0.250000 -0.170000
v 0.047112 1.530000 -0.027200
v 0.294449 0.250000 0.170000
v 0.047112 1.530000 0.027200
v 0.000000 0.250000 0.340000
v 0.000000 1.530000 0.054400
v -0.294449 0.250000 0.170000
v -0.047112 1.530000 0.027200
v -0.294449 0.250000 -0.170000
v -0.047112 1.530000 -0.027200
vn 0.4909 0.1897 -0.8503
vn 0.9818 0.1897 -0.0000
vn 0.4909 0.1897 0.8503
vn -0.4909 0.1897 0.8503
vn -0.0000 1.0000 -0.0000
vn -0.9818 0.1897 -0.0000
vn -0.4909 0.1897 -0.8503
vn -0.0000 -1.0000 -0.0000
vt 1.000000 0.500000
vt 1.000000 1.000000
vt 0.833333 1.000000
vt 0.833333 0.500000
vt 0.666667 1.000000
vt 0.666667 0.500000
vt 0.500000 1.000000
vt 0.500000 0.500000
vt 0.333333 1.000000
vt 0.333333 0.500000
vt 0.457846 0.370000
vt 0.250000 0.490000
vt 0.042154 0.370000
vt 0.042154 0.130000
vt 0.250000 0.010000
vt 0.457846 0.130000
vt 0.166667 1.000000
vt 0.166667 0.500000
vt -0.000000 1.000000
vt -0.000000 0.500000
vt 0.750000 0.490000
vt 0.957846 0.370000
vt 0.957846 0.130000
vt 0.750000 0.010000
vt 0.542154 0.130000
vt 0.542154 0.370000
s 0
usemtl BlackIron
f 321/444/311 322/445/311 324/446/311 323/447/311
f 323/447/312 324/446/312 326/448/312 325/449/312
f 325/449/313 326/448/313 328/450/313 327/451/313
f 327/451/314 328/450/314 330/452/314 329/453/314
f 324/454/315 322/455/315 332/456/315 330/457/315 328/458/315 326/459/315
f 329/453/316 330/452/316 332/460/316 331/461/316
f 331/461/317 332/460/317 322/462/317 321/463/317
f 321/464/318 323/465/318 325/466/318 327/467/318 329/468/318 331/469/318
o bronze_binding_ring
v 0.000000 0.560000 -0.360000
v 0.000000 0.660000 -0.360000
v 0.123127 0.560000 -0.338289
v 0.123127 0.660000 -0.338289
v 0.231404 0.560000 -0.275776
v 0.231404 0.660000 -0.275776
v 0.311769 0.560000 -0.180000
v 0.311769 0.660000 -0.180000
v 0.354531 0.560000 -0.062513
v 0.354531 0.660000 -0.062513
v 0.354531 0.560000 0.062513
v 0.354531 0.660000 0.062513
v 0.311769 0.560000 0.180000
v 0.311769 0.660000 0.180000
v 0.231404 0.560000 0.275776
v 0.231404 0.660000 0.275776
v 0.123127 0.560000 0.338289
v 0.123127 0.660000 0.338289
v 0.000000 0.560000 0.360000
v 0.000000 0.660000 0.360000
v -0.123127 0.560000 0.338289
v -0.123127 0.660000 0.338289
v -0.231404 0.560000 0.275776
v -0.231404 0.660000 0.275776
v -0.311769 0.560000 0.180000
v -0.311769 0.660000 0.180000
v -0.354531 0.560000 0.062513
v -0.354531 0.660000 0.062513
v -0.354531 0.560000 -0.062513
v -0.354531 0.660000 -0.062513
v -0.311769 0.560000 -0.180000
v -0.311769 0.660000 -0.180000
v -0.231404 0.560000 -0.275776
v -0.231404 0.660000 -0.275776
v -0.123127 0.560000 -0.338289
v -0.123127 0.660000 -0.338289
vn -0.0000 -0.6700 -0.7423
vn -0.0000 0.6700 -0.7423
vn 0.2539 -0.6700 -0.6976
vn 0.2539 0.6700 -0.6976
vn 0.4772 -0.6700 -0.5687
vn 0.4772 0.6700 -0.5687
vn 0.6429 -0.6700 -0.3712
vn 0.6429 0.6700 -0.3712
vn 0.7311 -0.6700 -0.1289
vn 0.7311 0.6700 -0.1289
vn 0.7311 -0.6700 0.1289
vn 0.7311 0.6700 0.1289
vn 0.6429 -0.6700 0.3712
vn 0.6429 0.6700 0.3712
vn 0.4772 -0.6700 0.5687
vn 0.4772 0.6700 0.5687
vn 0.2539 -0.6700 0.6976
vn 0.2539 0.6700 0.6976
vn -0.0000 -0.6700 0.7423
vn -0.0000 0.6700 0.7423
vn -0.2539 -0.6700 0.6976
vn -0.2539 0.6700 0.6976
vn -0.4772 -0.6700 0.5687
vn -0.4772 0.6700 0.5687
vn -0.6429 -0.6700 0.3712
vn -0.6429 0.6700 0.3712
vn -0.7311 -0.6700 0.1289
vn -0.7311 0.6700 0.1289
vn -0.7311 -0.6700 -0.1289
vn -0.7311 0.6700 -0.1289
vn -0.6429 -0.6700 -0.3712
vn -0.6429 0.6700 -0.3712
vn -0.4772 -0.6700 -0.5687
vn -0.4772 0.6700 -0.5687
vn -0.2539 -0.6700 -0.6976
vn -0.2539 0.6700 -0.6976
vt 1.000000 0.500000
vt 1.000000 1.000000
vt 0.944444 1.000000
vt 0.944444 0.500000
vt 0.888889 1.000000
vt 0.888889 0.500000
vt 0.833333 1.000000
vt 0.833333 0.500000
vt 0.777778 1.000000
vt 0.777778 0.500000
vt 0.722222 1.000000
vt 0.722222 0.500000
vt 0.666667 1.000000
vt 0.666667 0.500000
vt 0.611111 1.000000
vt 0.611111 0.500000
vt 0.555555 1.000000
vt 0.555555 0.500000
vt 0.500000 1.000000
vt 0.500000 0.500000
vt 0.444444 1.000000
vt 0.444444 0.500000
vt 0.388889 1.000000
vt 0.388889 0.500000
vt 0.333333 1.000000
vt 0.333333 0.500000
vt 0.277778 1.000000
vt 0.277778 0.500000
vt 0.222222 1.000000
vt 0.222222 0.500000
vt 0.166666 1.000000
vt 0.166666 0.500000
vt 0.111111 1.000000
vt 0.111111 0.500000
vt 0.332085 0.475526
vt 0.250000 0.490000
vt 0.167915 0.475526
vt 0.095731 0.433851
vt 0.042154 0.370000
vt 0.013646 0.291676
vt 0.013646 0.208324
vt 0.042154 0.130000
vt 0.095731 0.066149
vt 0.167915 0.024474
vt 0.250000 0.010000
vt 0.332085 0.024474
vt 0.404269 0.066149
vt 0.457846 0.130000
vt 0.486354 0.208324
vt 0.486354 0.291676
vt 0.457846 0.370000
vt 0.404269 0.433851
vt 0.055555 1.000000
vt 0.055555 0.500000
vt -0.000000 1.000000
vt -0.000000 0.500000
vt 0.750000 0.490000
vt 0.832085 0.475526
vt 0.904269 0.433851
vt 0.957846 0.370000
vt 0.986354 0.291676
vt 0.986354 0.208324
vt 0.957846 0.130000
vt 0.904269 0.066149
vt 0.832085 0.024474
vt 0.750000 0.010000
vt 0.667915 0.024474
vt 0.595731 0.066149
vt 0.542154 0.130000
vt 0.513646 0.208324
vt 0.513646 0.291676
vt 0.542154 0.370000
vt 0.595731 0.433851
vt 0.667915 0.475526
s 1
usemtl WornBronze
f 333/470/319 334/471/320 336/472/322 335/473/321
f 335/473/321 336/472/322 338/474/324 337/475/323
f 337/475/323 338/474/324 340/476/326 339/477/325
f 339/477/325 340/476/326 342/478/328 341/479/327
f 341/479/327 342/478/328 344/480/330 343/481/329
f 343/481/329 344/480/330 346/482/332 345/483/331
f 345/483/331 346/482/332 348/484/334 347/485/333
f 347/485/333 348/484/334 350/486/336 349/487/335
f 349/487/335 350/486/336 352/488/338 351/489/337
f 351/489/337 352/488/338 354/490/340 353/491/339
f 353/491/339 354/490/340 356/492/342 355/493/341
f 355/493/341 356/492/342 358/494/344 357/495/343
f 357/495/343 358/494/344 360/496/346 359/497/345
f 359/497/345 360/496/346 362/498/348 361/499/347
f 361/499/347 362/498/348 364/500/350 363/501/349
f 363/501/349 364/500/350 366/502/352 365/503/351
f 336/504/322 334/505/320 368/506/354 366/507/352 364/508/350 362/509/348 360/510/346 358/511/344 356/512/342 354/513/340 352/514/338 350/515/336 348/516/334 346/517/332 344/518/330 342/519/328 340/520/326 338/521/324
f 365/503/351 366/502/352 368/522/354 367/523/353
f 367/523/353 368/522/354 334/524/320 333/525/319
f 333/526/319 335/527/321 337/528/323 339/529/325 341/530/327 343/531/329 345/532/331 347/533/333 349/534/335 351/535/337 353/536/339 355/537/341 357/538/343 359/539/345 361/540/347 363/541/349 365/542/351 367/543/353
o bronze_upper_ring
v 0.000000 1.060000 -0.230000
v 0.000000 1.140000 -0.230000
v 0.078665 1.060000 -0.216129
v 0.078665 1.140000 -0.216129
v 0.147841 1.060000 -0.176190
v 0.147841 1.140000 -0.176190
v 0.199186 1.060000 -0.115000
v 0.199186 1.140000 -0.115000
v 0.226506 1.060000 -0.039939
v 0.226506 1.140000 -0.039939
v 0.226506 1.060000 0.039939
v 0.226506 1.140000 0.039939
v 0.199186 1.060000 0.115000
v 0.199186 1.140000 0.115000
v 0.147841 1.060000 0.176190
v 0.147841 1.140000 0.176190
v 0.078665 1.060000 0.216129
v 0.078665 1.140000 0.216129
v 0.000000 1.060000 0.230000
v 0.000000 1.140000 0.230000
v -0.078665 1.060000 0.216129
v -0.078665 1.140000 0.216129
v -0.147841 1.060000 0.176190
v -0.147841 1.140000 0.176190
v -0.199186 1.060000 0.115000
v -0.199186 1.140000 0.115000
v -0.226506 1.060000 0.039939
v -0.226506 1.140000 0.039939
v -0.226506 1.060000 -0.039939
v -0.226506 1.140000 -0.039939
v -0.199186 1.060000 -0.115000
v -0.199186 1.140000 -0.115000
v -0.147841 1.060000 -0.176190
v -0.147841 1.140000 -0.176190
v -0.078665 1.060000 -0.216129
v -0.078665 1.140000 -0.216129
vn -0.0000 -0.6700 -0.7423
vn -0.0000 0.6700 -0.7423
vn 0.2539 -0.6700 -0.6976
vn 0.2539 0.6700 -0.6976
vn 0.4772 -0.6700 -0.5687
vn 0.4772 0.6700 -0.5687
vn 0.6429 -0.6700 -0.3712
vn 0.6429 0.6700 -0.3712
vn 0.7311 -0.6700 -0.1289
vn 0.7311 0.6700 -0.1289
vn 0.7311 -0.6700 0.1289
vn 0.7311 0.6700 0.1289
vn 0.6429 -0.6700 0.3712
vn 0.6429 0.6700 0.3712
vn 0.4772 -0.6700 0.5687
vn 0.4772 0.6700 0.5687
vn 0.2539 -0.6700 0.6976
vn 0.2539 0.6700 0.6976
vn -0.0000 -0.6700 0.7423
vn -0.0000 0.6700 0.7423
vn -0.2539 -0.6700 0.6976
vn -0.2539 0.6700 0.6976
vn -0.4772 -0.6700 0.5687
vn -0.4772 0.6700 0.5687
vn -0.6429 -0.6700 0.3712
vn -0.6429 0.6700 0.3712
vn -0.7311 -0.6700 0.1289
vn -0.7311 0.6700 0.1289
vn -0.7311 -0.6700 -0.1289
vn -0.7311 0.6700 -0.1289
vn -0.6429 -0.6700 -0.3712
vn -0.6429 0.6700 -0.3712
vn -0.4772 -0.6700 -0.5687
vn -0.4772 0.6700 -0.5687
vn -0.2539 -0.6700 -0.6976
vn -0.2539 0.6700 -0.6976
vt 1.000000 0.500000
vt 1.000000 1.000000
vt 0.944444 1.000000
vt 0.944444 0.500000
vt 0.888889 1.000000
vt 0.888889 0.500000
vt 0.833333 1.000000
vt 0.833333 0.500000
vt 0.777778 1.000000
vt 0.777778 0.500000
vt 0.722222 1.000000
vt 0.722222 0.500000
vt 0.666667 1.000000
vt 0.666667 0.500000
vt 0.611111 1.000000
vt 0.611111 0.500000
vt 0.555555 1.000000
vt 0.555555 0.500000
vt 0.500000 1.000000
vt 0.500000 0.500000
vt 0.444444 1.000000
vt 0.444444 0.500000
vt 0.388889 1.000000
vt 0.388889 0.500000
vt 0.333333 1.000000
vt 0.333333 0.500000
vt 0.277778 1.000000
vt 0.277778 0.500000
vt 0.222222 1.000000
vt 0.222222 0.500000
vt 0.166666 1.000000
vt 0.166666 0.500000
vt 0.111111 1.000000
vt 0.111111 0.500000
vt 0.332085 0.475526
vt 0.250000 0.490000
vt 0.167915 0.475526
vt 0.095731 0.433851
vt 0.042154 0.370000
vt 0.013646 0.291676
vt 0.013646 0.208324
vt 0.042154 0.130000
vt 0.095731 0.066149
vt 0.167915 0.024474
vt 0.250000 0.010000
vt 0.332085 0.024474
vt 0.404269 0.066149
vt 0.457846 0.130000
vt 0.486354 0.208324
vt 0.486354 0.291676
vt 0.457846 0.370000
vt 0.404269 0.433851
vt 0.055555 1.000000
vt 0.055555 0.500000
vt -0.000000 1.000000
vt -0.000000 0.500000
vt 0.750000 0.490000
vt 0.832085 0.475526
vt 0.904269 0.433851
vt 0.957846 0.370000
vt 0.986354 0.291676
vt 0.986354 0.208324
vt 0.957846 0.130000
vt 0.904269 0.066149
vt 0.832085 0.024474
vt 0.750000 0.010000
vt 0.667915 0.024474
vt 0.595731 0.066149
vt 0.542154 0.130000
vt 0.513646 0.208324
vt 0.513646 0.291676
vt 0.542154 0.370000
vt 0.595731 0.433851
vt 0.667915 0.475526
s 1
usemtl WornBronze
f 369/544/355 370/545/356 372/546/358 371/547/357
f 371/547/357 372/546/358 374/548/360 373/549/359
f 373/549/359 374/548/360 376/550/362 375/551/361
f 375/551/361 376/550/362 378/552/364 377/553/363
f 377/553/363 378/552/364 380/554/366 379/555/365
f 379/555/365 380/554/366 382/556/368 381/557/367
f 381/557/367 382/556/368 384/558/370 383/559/369
f 383/559/369 384/558/370 386/560/372 385/561/371
f 385/561/371 386/560/372 388/562/374 387/563/373
f 387/563/373 388/562/374 390/564/376 389/565/375
f 389/565/375 390/564/376 392/566/378 391/567/377
f 391/567/377 392/566/378 394/568/380 393/569/379
f 393/569/379 394/568/380 396/570/382 395/571/381
f 395/571/381 396/570/382 398/572/384 397/573/383
f 397/573/383 398/572/384 400/574/386 399/575/385
f 399/575/385 400/574/386 402/576/388 401/577/387
f 372/578/358 370/579/356 404/580/390 402/581/388 400/582/386 398/583/384 396/584/382 394/585/380 392/586/378 390/587/376 388/588/374 386/589/372 384/590/370 382/591/368 380/592/366 378/593/364 376/594/362 374/595/360
f 401/577/387 402/576/388 404/596/390 403/597/389
f 403/597/389 404/596/390 370/598/356 369/599/355
f 369/600/355 371/601/357 373/602/359 375/603/361 377/604/363 379/605/365 381/606/367 383/607/369 385/608/371 387/609/373 389/610/375 391/611/377 393/612/379 395/613/381 397/614/383 399/615/385 401/616/387 403/617/389
o oak_ritual_brace
v 0.344557 0.278718 -0.107604
v 0.359389 0.300444 -0.083982
v 0.328757 0.309236 -0.099293
v 0.349446 0.280776 -0.095821
v 0.334150 0.285166 -0.103466
v 0.339325 0.287044 -0.092356
v 0.347001 0.303990 -0.083000
v 0.354891 0.288751 -0.087150
v 0.343158 0.292659 -0.086251
v 0.328351 0.296368 -0.100415
v 0.335758 0.307217 -0.088619
v 0.335242 0.294931 -0.090208
v 0.505282 0.809968 -0.083294
v 0.504213 0.836311 -0.106851
v 0.474651 0.818759 -0.098605
v 0.507657 0.822278 -0.086430
v 0.492895 0.813514 -0.082312
v 0.495633 0.825170 -0.085532
v 0.491968 0.836337 -0.102721
v 0.507264 0.831947 -0.095076
v 0.495357 0.831977 -0.091620
v 0.481651 0.816741 -0.087931
v 0.481117 0.829895 -0.099694
v 0.487717 0.827442 -0.089489
v 0.315933 0.287029 -0.192526
v 0.300134 0.317546 -0.184214
v 0.314864 0.313371 -0.216082
v 0.305527 0.293477 -0.188387
v 0.312882 0.291392 -0.204300
v 0.303097 0.297563 -0.199838
v 0.299194 0.317833 -0.197099
v 0.299728 0.304678 -0.185336
v 0.299014 0.305449 -0.197691
v 0.312490 0.301062 -0.212947
v 0.304601 0.316300 -0.208797
v 0.302821 0.304370 -0.205926
v 0.475590 0.844621 -0.191773
v 0.460757 0.822895 -0.215394
v 0.446027 0.827070 -0.183526
v 0.470700 0.842563 -0.203556
v 0.463345 0.844647 -0.187643
v 0.459129 0.842495 -0.199103
v 0.450494 0.825824 -0.208109
v 0.465256 0.834588 -0.212227
v 0.455296 0.836881 -0.205207
v 0.452494 0.838205 -0.184616
v 0.445087 0.827357 -0.196411
v 0.451489 0.837960 -0.196972
v 0.426208 0.255379 -0.137409
v 0.455771 0.272930 -0.145656
v 0.441041 0.277105 -0.113787
v 0.438453 0.255353 -0.141539
v 0.431098 0.257437 -0.125626
v 0.442669 0.257505 -0.130079
v 0.456711 0.272644 -0.132771
v 0.449304 0.261795 -0.144566
v 0.450308 0.262040 -0.132210
v 0.436542 0.265412 -0.116955
v 0.451304 0.274176 -0.121073
v 0.446502 0.263119 -0.123975
v 0.585865 0.812971 -0.136656
v 0.586934 0.786629 -0.113100
v 0.601664 0.782454 -0.144968
v 0.588915 0.808608 -0.124882
v 0.596271 0.806523 -0.140795
v 0.598701 0.802437 -0.129343
v 0.597197 0.783700 -0.120385
v 0.589308 0.798938 -0.116235
v 0.598977 0.795630 -0.123256
v 0.602070 0.795322 -0.143846
v 0.602604 0.782167 -0.132083
v 0.602783 0.794551 -0.131491
v 0.397585 0.263690 -0.222331
v 0.396515 0.290032 -0.245887
v 0.427147 0.281241 -0.230577
v 0.394534 0.268053 -0.234105
v 0.409830 0.263663 -0.226460
v 0.406441 0.268023 -0.237562
v 0.408903 0.286486 -0.246870
v 0.394141 0.277722 -0.242752
v 0.406165 0.274830 -0.243650
v 0.420681 0.270105 -0.229487
v 0.420147 0.283259 -0.241250
v 0.414081 0.272559 -0.239693
v 0.557241 0.821282 -0.221578
v 0.573040 0.790765 -0.229889
v 0.542409 0.799556 -0.245199
v 0.567647 0.814834 -0.225716
v 0.552352 0.819224 -0.233361
v 0.562473 0.812956 -0.236826
v 0.566040 0.792783 -0.240562
v 0.573447 0.803632 -0.228767
v 0.566556 0.805069 -0.238974
v 0.546907 0.811249 -0.242032
v 0.554796 0.796010 -0.246182
v 0.558640 0.807341 -0.242931
vn -0.4077 -0.8530 0.3259
vn -0.1681 -0.6707 0.7224
vn -0.0071 -0.2662 0.9639
vn -0.4666 -0.0941 0.8795
vn -0.8344 -0.0287 0.5504
vn -0.7468 -0.5046 0.4331
vn -0.4991 -0.4586 0.7352
vn 0.1342 0.2272 0.9646
vn 0.2119 0.6562 0.7242
vn 0.1053 0.9387 0.3283
vn -0.3669 0.8223 0.4349
vn -0.6932 0.4646 0.5510
vn -0.3467 0.3246 0.8800
vn -0.1812 0.6515 0.7367
vn -0.5709 -0.8056 -0.1584
vn -0.8854 -0.4644 0.0222
vn -0.9976 0.0187 0.0661
vn -0.9056 0.0333 -0.4229
vn -0.5998 -0.0941 -0.7946
vn -0.6070 -0.5433 -0.5800
vn -0.8663 -0.3520 -0.3543
vn -0.0579 0.9861 -0.1559
vn -0.2271 0.7837 -0.5782
vn -0.4585 0.3993 -0.7939
vn -0.7857 0.4521 -0.4224
vn -0.8564 0.5120 0.0668
vn -0.5054 0.8625 0.0240
vn -0.5485 0.7581 -0.3528
vn 0.0579 -0.9861 0.1559
vn 0.5054 -0.8626 -0.0240
vn 0.8564 -0.5120 -0.0668
vn 0.7857 -0.4521 0.4224
vn 0.4585 -0.3993 0.7939
vn 0.2271 -0.7837 0.5782
vn 0.5485 -0.7581 0.3528
vn 0.5709 0.8056 0.1584
vn 0.6070 0.5433 0.5800
vn 0.5998 0.0941 0.7946
vn 0.9056 -0.0333 0.4229
vn 0.9976 -0.0187 -0.0661
vn 0.8854 0.4644 -0.0222
vn 0.8663 0.3520 0.3543
vn -0.1053 -0.9387 -0.3283
vn -0.2119 -0.6562 -0.7242
vn -0.1342 -0.2272 -0.9646
vn 0.3467 -0.3246 -0.8800
vn 0.6932 -0.4646 -0.5510
vn 0.3669 -0.8223 -0.4349
vn 0.1812 -0.6515 -0.7367
vn 0.4077 0.8530 -0.3259
vn 0.7468 0.5046 -0.4331
vn 0.8344 0.0287 -0.5504
vn 0.4666 0.0941 -0.8795
vn 0.0071 0.2662 -0.9639
vn 0.1681 0.6707 -0.7224
vn 0.4991 0.4586 -0.7352
vn -0.5004 -0.8617 0.0843
vn -0.8362 -0.4964 0.2333
vn -0.9476 0.0020 0.3196
vn 0.0728 -0.0222 0.9971
vn -0.4166 0.1181 0.9014
vn -0.7942 0.2266 0.5638
vn 0.0314 0.9957 0.0868
vn -0.4469 0.8632 0.2351
vn -0.8053 0.4990 0.3203
vn -0.5417 0.1562 -0.8259
vn -0.8664 0.2487 -0.4330
vn -0.9586 0.2744 0.0760
vn -0.3481 -0.9048 -0.2451
vn -0.4195 -0.6145 -0.6681
vn -0.3784 -0.1593 -0.9118
vn 0.1837 0.9526 -0.2426
vn -0.0302 0.7451 -0.6663
vn -0.2361 0.3377 -0.9112
vn 0.7942 -0.2266 -0.5638
vn 0.4166 -0.1181 -0.9014
vn -0.0728 0.0222 -0.9971
vn -0.0314 -0.9957 -0.0868
vn 0.4469 -0.8632 -0.2351
vn 0.8053 -0.4990 -0.3203
vn 0.5004 0.8617 -0.0843
vn 0.8362 0.4964 -0.2333
vn 0.9476 -0.0020 -0.3196
vn 0.5417 -0.1562 0.8259
vn 0.8664 -0.2487 0.4330
vn 0.9586 -0.2744 -0.0760
vn -0.1837 -0.9526 0.2426
vn 0.0302 -0.7451 0.6663
vn 0.2361 -0.3377 0.9112
vn 0.3481 0.9048 0.2451
vn 0.4195 0.6145 0.6681
vn 0.3784 0.1593 0.9118
vn -0.2753 -0.9614 -0.0013
vn -0.9072 0.2593 0.3312
vn 0.3180 -0.0923 0.9436
vn 0.2753 0.9614 0.0013
vn -0.3180 0.0923 -0.9436
vn 0.9072 -0.2593 -0.3312
vt 0.169643 0.705357
vt 0.169643 0.727649
vt 0.148294 0.726706
vt 0.147351 0.705357
vt 0.169643 0.750000
vt 0.148294 0.750000
vt 0.385776 0.955357
vt 0.385776 1.000000
vt 0.375000 0.976706
vt 0.375000 0.955357
vt 0.385776 0.000000
vt 0.385776 0.022351
vt 0.375000 0.023294
vt 0.375000 0.000000
vt 0.385776 0.044643
vt 0.375000 0.044643
vt 0.125000 0.705357
vt 0.125000 0.726706
vt 0.614224 0.955357
vt 0.619605 0.955357
vt 0.619377 1.000000
vt 0.614224 1.000000
vt 0.625000 0.955357
vt 0.625000 1.000000
vt 0.830357 0.705357
vt 0.875000 0.705357
vt 0.875000 0.726706
vt 0.830357 0.750000
vt 0.625000 0.044643
vt 0.619605 0.044643
vt 0.619377 0.023294
vt 0.625000 0.023294
vt 0.614224 0.044643
vt 0.614224 0.022351
vt 0.614224 0.000000
vt 0.619377 0.000000
vt 0.169643 0.544643
vt 0.147351 0.544643
vt 0.148294 0.523294
vt 0.169643 0.522351
vt 0.125000 0.544643
vt 0.125000 0.523294
vt 0.385776 0.205357
vt 0.385776 0.227649
vt 0.375000 0.226706
vt 0.375000 0.205357
vt 0.385776 0.272351
vt 0.375000 0.273294
vt 0.385776 0.294643
vt 0.375000 0.294643
vt 0.169643 0.500000
vt 0.148294 0.500000
vt 0.830357 0.544643
vt 0.830357 0.500000
vt 0.875000 0.523294
vt 0.875000 0.544643
vt 0.625000 0.294643
vt 0.619605 0.294643
vt 0.619377 0.270582
vt 0.625000 0.236982
vt 0.614224 0.294643
vt 0.614224 0.272351
vt 0.614224 0.227649
vt 0.619377 0.226706
vt 0.614224 0.205357
vt 0.619605 0.205357
vt 0.625000 0.205357
vt 0.330357 0.705357
vt 0.352649 0.705357
vt 0.351706 0.726706
vt 0.330357 0.727649
vt 0.380395 0.705357
vt 0.379278 0.726706
vt 0.385776 0.705357
vt 0.385776 0.727649
vt 0.385776 0.772351
vt 0.366445 0.764739
vt 0.385776 0.794643
vt 0.352847 0.772490
vt 0.669643 0.705357
vt 0.647490 0.772153
vt 0.639739 0.758555
vt 0.647351 0.705357
vt 0.619605 0.794643
vt 0.619377 0.773294
vt 0.614224 0.794643
vt 0.614224 0.772351
vt 0.614224 0.727649
vt 0.619377 0.729418
vt 0.614224 0.705357
vt 0.619605 0.705357
vt 0.330357 0.544643
vt 0.330357 0.522351
vt 0.351706 0.523294
vt 0.352649 0.544643
vt 0.352847 0.477510
vt 0.366445 0.485261
vt 0.385776 0.455357
vt 0.385776 0.477649
vt 0.385776 0.522351
vt 0.379278 0.523294
vt 0.385776 0.544643
vt 0.380395 0.544643
vt 0.669643 0.544643
vt 0.647351 0.544643
vt 0.639739 0.491445
vt 0.647490 0.477847
vt 0.619605 0.544643
vt 0.619377 0.520582
vt 0.614224 0.544643
vt 0.614224 0.522351
vt 0.614224 0.477649
vt 0.619377 0.476706
vt 0.614224 0.455357
vt 0.619605 0.455357
s 0
usemtl OiledOak
f 405/618/391 408/619/391 410/620/391 409/621/391
f 408/619/392 412/622/392 413/623/392 410/620/392
f 406/624/393 411/625/393 413/626/393 412/627/393
f 411/628/394 415/629/394 416/630/394 413/631/394
f 407/632/395 414/633/395 416/630/395 415/629/395
f 414/634/396 409/621/396 410/620/396 416/635/396
f 410/620/397 413/623/397 416/635/397
f 417/636/398 420/637/398 422/638/398 421/639/398
f 420/637/399 424/640/399 425/641/399 422/638/399
f 418/642/400 423/643/400 425/644/400 424/645/400
f 423/646/401 427/647/401 428/648/401 425/649/401
f 419/650/402 426/651/402 428/648/402 427/647/402
f 426/651/403 421/652/403 422/653/403 428/648/403
f 422/653/404 425/649/404 428/648/404
f 429/654/405 432/655/405 434/656/405 433/657/405
f 432/655/406 436/658/406 437/659/406 434/656/406
f 430/660/407 435/661/407 437/662/407 436/663/407
f 435/661/408 439/664/408 440/665/408 437/662/408
f 431/666/409 438/667/409 440/665/409 439/664/409
f 438/668/410 433/657/410 434/656/410 440/669/410
f 434/656/411 437/659/411 440/669/411
f 441/670/412 444/671/412 446/672/412 445/673/412
f 444/674/413 448/675/413 449/676/413 446/677/413
f 442/678/414 447/679/414 449/676/414 448/675/414
f 447/679/415 451/680/415 452/681/415 449/676/415
f 443/682/416 450/683/416 452/681/416 451/680/416
f 450/683/417 445/684/417 446/677/417 452/681/417
f 446/677/418 449/676/418 452/681/418
f 453/685/419 456/686/419 458/687/419 457/688/419
f 456/686/420 460/689/420 461/690/420 458/687/420
f 454/691/421 459/692/421 461/690/421 460/689/421
f 459/692/422 463/693/422 464/694/422 461/690/422
f 455/695/423 462/696/423 464/694/423 463/693/423
f 462/696/424 457/688/424 458/687/424 464/694/424
f 458/687/425 461/690/425 464/694/425
f 465/697/426 468/698/426 470/699/426 469/700/426
f 468/698/427 472/701/427 473/702/427 470/699/427
f 466/703/428 471/704/428 473/702/428 472/701/428
f 471/704/429 475/705/429 476/706/429 473/702/429
f 467/707/430 474/708/430 476/706/430 475/705/430
f 474/708/431 469/700/431 470/699/431 476/706/431
f 470/699/432 473/702/432 476/706/432
f 477/709/433 480/710/433 482/711/433 481/712/433
f 480/710/434 484/713/434 485/714/434 482/711/434
f 478/715/435 483/716/435 485/714/435 484/713/435
f 483/716/436 487/717/436 488/718/436 485/714/436
f 479/719/437 486/720/437 488/718/437 487/717/437
f 486/720/438 481/712/438 482/711/438 488/718/438
f 482/711/439 485/714/439 488/718/439
f 489/721/440 492/722/440 494/723/440 493/724/440
f 492/722/441 496/725/441 497/726/441 494/723/441
f 490/727/442 495/728/442 497/726/442 496/725/442
f 495/728/443 499/729/443 500/730/443 497/726/443
f 491/731/444 498/732/444 500/730/444 499/729/444
f 498/732/445 493/724/445 494/723/445 500/730/445
f 494/723/446 497/726/446 500/730/446
f 429/654/447 405/618/447 409/621/447 432/655/447
f 432/655/448 409/621/448 414/634/448 436/658/448
f 436/663/449 414/633/449 407/632/449 430/660/449
f 406/624/450 417/636/450 421/639/450 411/625/450
f 411/628/451 421/652/451 426/651/451 415/629/451
f 415/629/452 426/651/452 419/650/452 407/632/452
f 418/642/453 441/670/453 445/673/453 423/643/453
f 423/646/454 445/684/454 450/683/454 427/647/454
f 427/647/455 450/683/455 443/682/455 419/650/455
f 442/678/456 431/666/456 439/664/456 447/679/456
f 447/679/457 439/664/457 435/661/457 451/680/457
f 451/680/458 435/661/458 430/660/458 443/682/458
f 477/709/459 429/654/459 433/657/459 480/710/459
f 480/710/460 433/657/460 438/668/460 484/713/460
f 484/713/461 438/667/461 431/666/461 478/715/461
f 441/670/462 489/721/462 493/724/462 444/671/462
f 444/674/463 493/724/463 498/732/463 448/675/463
f 448/675/464 498/732/464 491/731/464 442/678/464
f 490/727/465 479/719/465 487/717/465 495/728/465
f 495/728/466 487/717/466 483/716/466 499/729/466
f 499/729/467 483/716/467 478/715/467 491/731/467
f 453/685/468 477/709/468 481/712/468 456/686/468
f 456/686/469 481/712/469 486/720/469 460/689/469
f 460/689/470 486/720/470 479/719/470 454/691/470
f 489/721/471 465/697/471 469/700/471 492/722/471
f 492/722/472 469/700/472 474/708/472 496/725/472
f 496/725/473 474/708/473 467/707/473 490/727/473
f 466/703/474 455/695/474 463/693/474 471/704/474
f 471/704/475 463/693/475 459/692/475 475/705/475
f 475/705/476 459/692/476 454/691/476 467/707/476
f 405/618/477 453/685/477 457/688/477 408/619/477
f 408/619/478 457/688/478 462/696/478 412/622/478
f 412/627/479 462/696/479 455/695/479 406/624/479
f 465/697/480 418/642/480 424/645/480 468/698/480
f 468/698/481 424/640/481 420/637/481 472/701/481
f 472/701/482 420/637/482 417/636/482 466/703/482
f 429/654/483 477/709/483 453/685/483 405/618/483
f 407/632/484 419/650/484 443/682/484 430/660/484
f 455/695/485 466/703/485 417/636/485 406/624/485
f 489/721/486 441/670/486 418/642/486 465/697/486
f 431/666/487 442/678/487 491/731/487 478/715/487
f 479/719/488 490/727/488 467/707/488 454/691/488
o bone_ward_spike
v 0.449535 0.608987 -0.256713
v 0.540888 0.937135 -0.197196
v 0.512840 0.595538 -0.249838
v 0.551017 0.934983 -0.196096
v 0.547047 0.588242 -0.194953
v 0.556490 0.933816 -0.187314
v 0.526397 0.592593 -0.133387
v 0.553186 0.934512 -0.177463
v 0.466439 0.605315 -0.111501
v 0.543593 0.936548 -0.173962
v 0.412324 0.616828 -0.145775
v 0.534934 0.938390 -0.179445
v 0.404801 0.618462 -0.210401
v 0.533731 0.938651 -0.189786
vn 0.1362 0.1400 -0.9807
vn 0.8479 -0.0115 -0.5300
vn 0.9469 -0.0329 0.3199
vn 0.3586 0.0917 0.9290
vn -0.4740 0.2685 0.8386
vn 0.2078 0.9782 0.0005
vn -0.9239 0.3645 0.1168
vn -0.6523 0.3073 -0.6929
vn -0.2078 -0.9782 -0.0005
vt 1.000000 0.500000
vt 1.000000 1.000000
vt 0.857143 1.000000
vt 0.857143 0.500000
vt 0.714286 1.000000
vt 0.714286 0.500000
vt 0.571429 1.000000
vt 0.571429 0.500000
vt 0.428571 1.000000
vt 0.428571 0.500000
vt 0.285714 1.000000
vt 0.285714 0.500000
vt 0.437640 0.399638
vt 0.250000 0.490000
vt 0.062360 0.399638
vt 0.016017 0.196595
vt 0.145868 0.033767
vt 0.354132 0.033767
vt 0.483983 0.196595
vt 0.142857 1.000000
vt 0.142857 0.500000
vt 0.000000 1.000000
vt 0.000000 0.500000
vt 0.750000 0.490000
vt 0.937640 0.399638
vt 0.983983 0.196595
vt 0.854132 0.033767
vt 0.645868 0.033767
vt 0.516017 0.196595
vt 0.562360 0.399638
s 0
usemtl PlateEdge
f 501/733/489 502/734/489 504/735/489 503/736/489
f 503/736/490 504/735/490 506/737/490 505/738/490
f 505/738/491 506/737/491 508/739/491 507/740/491
f 507/740/492 508/739/492 510/741/492 509/742/492
f 509/742/493 510/741/493 512/743/493 511/744/493
f 504/745/494 502/746/494 514/747/494 512/748/494 510/749/494 508/750/494 506/751/494
f 511/744/495 512/743/495 514/752/495 513/753/495
f 513/753/496 514/752/496 502/754/496 501/755/496
f 501/756/497 503/757/497 505/758/497 507/759/497 509/760/497 511/761/497 513/762/497
o oak_ritual_brace.001
v -0.188616 0.255285 -0.424138
v -0.159266 0.272866 -0.433054
v -0.173202 0.276929 -0.400816
v -0.176478 0.255274 -0.428571
v -0.183436 0.257303 -0.412473
v -0.171979 0.257386 -0.417211
v -0.158007 0.272535 -0.420197
v -0.165704 0.261727 -0.431843
v -0.164394 0.261929 -0.419515
v -0.177778 0.265247 -0.403912
v -0.163122 0.274026 -0.408364
v -0.167995 0.262979 -0.411184
v -0.013376 0.782390 -0.434211
v -0.028963 0.812878 -0.425404
v -0.027311 0.786453 -0.401972
v -0.012942 0.795254 -0.433054
v -0.012117 0.782059 -0.421354
v -0.011922 0.794440 -0.420724
v -0.025621 0.808473 -0.413723
v -0.018663 0.806444 -0.429821
v -0.015950 0.802319 -0.418448
v -0.017232 0.783550 -0.409520
v -0.025015 0.798774 -0.405123
v -0.015523 0.795490 -0.412393
v -0.269502 0.278518 -0.392237
v -0.254088 0.300161 -0.368915
v -0.285089 0.309005 -0.383430
v -0.264322 0.280535 -0.380571
v -0.279803 0.284951 -0.387819
v -0.274354 0.286790 -0.376834
v -0.266447 0.303703 -0.367613
v -0.258664 0.288479 -0.372010
v -0.270370 0.292384 -0.370807
v -0.285524 0.296142 -0.384586
v -0.277827 0.306949 -0.372941
v -0.278382 0.294669 -0.374559
v -0.109849 0.836110 -0.393502
v -0.139199 0.818529 -0.384586
v -0.108197 0.809685 -0.370071
v -0.121988 0.836121 -0.389070
v -0.106507 0.831705 -0.381822
v -0.118325 0.831723 -0.378071
v -0.131936 0.816473 -0.374097
v -0.132761 0.829668 -0.385797
v -0.125910 0.827180 -0.375767
v -0.105901 0.822006 -0.373221
v -0.120557 0.813227 -0.368769
v -0.117899 0.824894 -0.372016
v -0.219336 0.263890 -0.508294
v -0.220988 0.290315 -0.531726
v -0.189986 0.281471 -0.517210
v -0.222678 0.268295 -0.519975
v -0.207197 0.263879 -0.512727
v -0.210860 0.268277 -0.523725
v -0.208628 0.286773 -0.533028
v -0.223284 0.277994 -0.528575
v -0.211287 0.275106 -0.529781
v -0.196424 0.270332 -0.515999
v -0.197249 0.283527 -0.527700
v -0.203275 0.272820 -0.526030
v -0.059683 0.821482 -0.509560
v -0.044096 0.790995 -0.518367
v -0.075098 0.799839 -0.532882
v -0.049383 0.815049 -0.513978
v -0.064863 0.819465 -0.521226
v -0.054831 0.813210 -0.524962
v -0.051359 0.793051 -0.528856
v -0.043661 0.803858 -0.517210
v -0.050803 0.805331 -0.527238
v -0.070521 0.811521 -0.529786
v -0.062738 0.796297 -0.534184
v -0.058815 0.807616 -0.530989
v -0.300222 0.287122 -0.476393
v -0.315809 0.317610 -0.467586
v -0.301874 0.313547 -0.499824
v -0.310522 0.293556 -0.471975
v -0.303564 0.291527 -0.488073
v -0.313235 0.297681 -0.483349
v -0.317068 0.317941 -0.480443
v -0.316244 0.304747 -0.468743
v -0.317263 0.305560 -0.481073
v -0.304170 0.301226 -0.496674
v -0.311953 0.316450 -0.492276
v -0.313662 0.304510 -0.489404
v -0.140569 0.844715 -0.477658
v -0.155984 0.823071 -0.500980
v -0.169919 0.827134 -0.468742
v -0.145749 0.842697 -0.489324
v -0.152708 0.844726 -0.473226
v -0.157207 0.842614 -0.484585
v -0.166063 0.825974 -0.493432
v -0.151407 0.834753 -0.497885
v -0.161190 0.837021 -0.490612
v -0.163481 0.838273 -0.469953
v -0.171178 0.827465 -0.481599
v -0.164791 0.838071 -0.482281
vn 0.0617 -0.9866 0.1510
vn 0.5046 -0.8624 -0.0395
vn 0.8544 -0.5118 -0.0898
vn 0.7959 -0.4535 0.4012
vn 0.4780 -0.4020 0.7809
vn 0.2413 -0.7857 0.5696
vn 0.5570 -0.7593 0.3365
vn 0.9957 -0.0184 -0.0909
vn 0.8846 0.4645 -0.0425
vn 0.5747 0.8051 0.1469
vn 0.6213 0.5413 0.5666
vn 0.6193 0.0914 0.7798
vn 0.9158 -0.0348 0.4002
vn 0.8749 0.3508 0.3340
vn -0.3995 -0.8541 0.3329
vn -0.1501 -0.6732 0.7240
vn 0.0168 -0.2695 0.9628
vn -0.4446 -0.0972 0.8904
vn -0.8205 -0.0307 0.5708
vn -0.7359 -0.5061 0.4498
vn -0.4807 -0.4612 0.7458
vn 0.1135 0.9375 0.3289
vn -0.3559 0.8208 0.4468
vn -0.6793 0.4627 0.5697
vn -0.3247 0.3215 0.8895
vn 0.1581 0.2238 0.9617
vn 0.2298 0.6537 0.7210
vn -0.1629 0.6489 0.7432
vn -0.1135 -0.9375 -0.3289
vn -0.2298 -0.6537 -0.7210
vn -0.1581 -0.2238 -0.9617
vn 0.3247 -0.3215 -0.8895
vn 0.6793 -0.4627 -0.5697
vn 0.3559 -0.8208 -0.4468
vn 0.1629 -0.6489 -0.7432
vn 0.3995 0.8541 -0.3329
vn 0.7359 0.5061 -0.4498
vn 0.8205 0.0307 -0.5708
vn 0.4446 0.0972 -0.8904
vn -0.0168 0.2695 -0.9628
vn 0.1501 0.6732 -0.7240
vn 0.4807 0.4612 -0.7458
vn -0.5747 -0.8051 -0.1469
vn -0.8846 -0.4645 0.0425
vn -0.9957 0.0184 0.0909
vn -0.9158 0.0348 -0.4002
vn -0.6193 -0.0914 -0.7798
vn -0.6213 -0.5413 -0.5666
vn -0.8749 -0.3508 -0.3340
vn -0.0617 0.9866 -0.1510
vn -0.2413 0.7857 -0.5696
vn -0.4780 0.4020 -0.7809
vn -0.7959 0.4535 -0.4012
vn -0.8544 0.5118 0.0898
vn -0.5046 0.8624 0.0395
vn -0.5570 0.7593 -0.3365
vn -0.1777 -0.9534 0.2438
vn 0.0467 -0.7474 0.6627
vn 0.2586 -0.3408 0.9039
vn 0.9564 -0.2741 -0.1007
vn 0.8769 -0.2501 0.4106
vn 0.5620 -0.1591 0.8117
vn 0.3541 0.9040 0.2396
vn 0.4360 0.6122 0.6597
vn 0.4009 0.1561 0.9027
vn -0.7800 0.2247 0.5841
vn -0.3941 0.1149 0.9118
vn 0.0975 -0.0256 0.9949
vn -0.4982 -0.8620 0.0937
vn -0.8301 -0.4973 0.2522
vn -0.9393 0.0009 0.3430
vn 0.0336 0.9954 0.0895
vn -0.4409 0.8623 0.2491
vn -0.7971 0.4978 0.3419
vn -0.5620 0.1591 -0.8117
vn -0.8769 0.2501 -0.4106
vn -0.9564 0.2741 0.1007
vn -0.3541 -0.9040 -0.2396
vn -0.4360 -0.6122 -0.6597
vn -0.4009 -0.1561 -0.9027
vn 0.1777 0.9534 -0.2438
vn -0.0467 0.7474 -0.6627
vn -0.2586 0.3408 -0.9039
vn 0.7800 -0.2247 -0.5841
vn 0.3941 -0.1149 -0.9118
vn -0.0975 0.0256 -0.9949
vn -0.0336 -0.9954 -0.0895
vn 0.4409 -0.8623 -0.2491
vn 0.7971 -0.4978 -0.3419
vn 0.4982 0.8620 -0.0937
vn 0.8301 0.4973 -0.2522
vn 0.9393 -0.0009 -0.3430
vn -0.2753 -0.9614 0.0022
vn 0.3413 -0.0956 0.9351
vn 0.8987 -0.2581 -0.3545
vn 0.2753 0.9614 -0.0022
vn -0.8987 0.2581 0.3545
vn -0.3413 0.0956 -0.9351
vt 0.169643 0.705357
vt 0.169643 0.727649
vt 0.148294 0.726706
vt 0.147351 0.705357
vt 0.169643 0.750000
vt 0.148294 0.750000
vt 0.385776 0.955357
vt 0.385776 1.000000
vt 0.375000 0.976706
vt 0.375000 0.955357
vt 0.385776 0.000000
vt 0.385776 0.022351
vt 0.375000 0.023294
vt 0.375000 0.000000
vt 0.385776 0.044643
vt 0.375000 0.044643
vt 0.125000 0.705357
vt 0.125000 0.726706
vt 0.614224 0.955357
vt 0.619605 0.955357
vt 0.619377 1.000000
vt 0.614224 1.000000
vt 0.625000 0.955357
vt 0.625000 1.000000
vt 0.830357 0.705357
vt 0.875000 0.705357
vt 0.875000 0.726706
vt 0.830357 0.750000
vt 0.625000 0.044643
vt 0.619605 0.044643
vt 0.619377 0.023294
vt 0.625000 0.023294
vt 0.614224 0.044643
vt 0.614224 0.022351
vt 0.614224 0.000000
vt 0.619377 0.000000
vt 0.169643 0.544643
vt 0.147351 0.544643
vt 0.148294 0.523294
vt 0.169643 0.522351
vt 0.125000 0.544643
vt 0.125000 0.523294
vt 0.385776 0.205357
vt 0.385776 0.227649
vt 0.375000 0.226706
vt 0.375000 0.205357
vt 0.385776 0.272351
vt 0.375000 0.273294
vt 0.385776 0.294643
vt 0.375000 0.294643
vt 0.169643 0.500000
vt 0.148294 0.500000
vt 0.830357 0.544643
vt 0.830357 0.500000
vt 0.875000 0.523294
vt 0.875000 0.544643
vt 0.625000 0.294643
vt 0.619605 0.294643
vt 0.619377 0.270582
vt 0.625000 0.236982
vt 0.614224 0.294643
vt 0.614224 0.272351
vt 0.614224 0.227649
vt 0.619377 0.226706
vt 0.614224 0.205357
vt 0.619605 0.205357
vt 0.625000 0.205357
vt 0.330357 0.705357
vt 0.352649 0.705357
vt 0.351706 0.726706
vt 0.330357 0.727649
vt 0.380395 0.705357
vt 0.379278 0.726706
vt 0.385776 0.705357
vt 0.385776 0.727649
vt 0.385776 0.772351
vt 0.366445 0.764739
vt 0.385776 0.794643
vt 0.352847 0.772490
vt 0.669643 0.705357
vt 0.647490 0.772153
vt 0.639739 0.758555
vt 0.647351 0.705357
vt 0.619605 0.794643
vt 0.619377 0.773294
vt 0.614224 0.794643
vt 0.614224 0.772351
vt 0.614224 0.727649
vt 0.619377 0.729418
vt 0.614224 0.705357
vt 0.619605 0.705357
vt 0.330357 0.544643
vt 0.330357 0.522351
vt 0.351706 0.523294
vt 0.352649 0.544643
vt 0.352847 0.477510
vt 0.366445 0.485261
vt 0.385776 0.455357
vt 0.385776 0.477649
vt 0.385776 0.522351
vt 0.379278 0.523294
vt 0.385776 0.544643
vt 0.380395 0.544643
vt 0.669643 0.544643
vt 0.647351 0.544643
vt 0.639739 0.491445
vt 0.647490 0.477847
vt 0.619605 0.544643
vt 0.619377 0.520582
vt 0.614224 0.544643
vt 0.614224 0.522351
vt 0.614224 0.477649
vt 0.619377 0.476706
vt 0.614224 0.455357
vt 0.619605 0.455357
s 0
usemtl OiledOak
f 515/763/498 518/764/498 520/765/498 519/766/498
f 518/764/499 522/767/499 523/768/499 520/765/499
f 516/769/500 521/770/500 523/771/500 522/772/500
f 521/773/501 525/774/501 526/775/501 523/776/501
f 517/777/502 524/778/502 526/775/502 525/774/502
f 524/779/503 519/766/503 520/765/503 526/780/503
f 520/765/504 523/768/504 526/780/504
f 527/781/505 530/782/505 532/783/505 531/784/505
f 530/782/506 534/785/506 535/786/506 532/783/506
f 528/787/507 533/788/507 535/789/507 534/790/507
f 533/791/508 537/792/508 538/793/508 535/794/508
f 529/795/509 536/796/509 538/793/509 537/792/509
f 536/796/510 531/797/510 532/798/510 538/793/510
f 532/798/511 535/794/511 538/793/511
f 539/799/512 542/800/512 544/801/512 543/802/512
f 542/800/513 546/803/513 547/804/513 544/801/513
f 540/805/514 545/806/514 547/807/514 546/808/514
f 545/806/515 549/809/515 550/810/515 547/807/515
f 541/811/516 548/812/516 550/810/516 549/809/516
f 548/813/517 543/802/517 544/801/517 550/814/517
f 544/801/518 547/804/518 550/814/518
f 551/815/519 554/816/519 556/817/519 555/818/519
f 554/819/520 558/820/520 559/821/520 556/822/520
f 552/823/521 557/824/521 559/821/521 558/820/521
f 557/824/522 561/825/522 562/826/522 559/821/522
f 553/827/523 560/828/523 562/826/523 561/825/523
f 560/828/524 555/829/524 556/822/524 562/826/524
f 556/822/525 559/821/525 562/826/525
f 563/830/526 566/831/526 568/832/526 567/833/526
f 566/831/527 570/834/527 571/835/527 568/832/527
f 564/836/528 569/837/528 571/835/528 570/834/528
f 569/837/529 573/838/529 574/839/529 571/835/529
f 565/840/530 572/841/530 574/839/530 573/838/530
f 572/841/531 567/833/531 568/832/531 574/839/531
f 568/832/532 571/835/532 574/839/532
f 575/842/533 578/843/533 580/844/533 579/845/533
f 578/843/534 582/846/534 583/847/534 580/844/534
f 576/848/535 581/849/535 583/847/535 582/846/535
f 581/849/536 585/850/536 586/851/536 583/847/536
f 577/852/537 584/853/537 586/851/537 585/850/537
f 584/853/538 579/845/538 580/844/538 586/851/538
f 580/844/539 583/847/539 586/851/539
f 587/854/540 590/855/540 592/856/540 591/857/540
f 590/855/541 594/858/541 595/859/541 592/856/541
f 588/860/542 593/861/542 595/859/542 594/858/542
f 593/861/543 597/862/543 598/863/543 595/859/543
f 589/864/544 596/865/544 598/863/544 597/862/544
f 596/865/545 591/857/545 592/856/545 598/863/545
f 592/856/546 595/859/546 598/863/546
f 599/866/547 602/867/547 604/868/547 603/869/547
f 602/867/548 606/870/548 607/871/548 604/868/548
f 600/872/549 605/873/549 607/871/549 606/870/549
f 605/873/550 609/874/550 610/875/550 607/871/550
f 601/876/551 608/877/551 610/875/551 609/874/551
f 608/877/552 603/869/552 604/868/552 610/875/552
f 604/868/553 607/871/553 610/875/553
f 539/799/554 515/763/554 519/766/554 542/800/554
f 542/800/555 519/766/555 524/779/555 546/803/555
f 546/808/556 524/778/556 517/777/556 540/805/556
f 516/769/557 527/781/557 531/784/557 521/770/557
f 521/773/558 531/797/558 536/796/558 525/774/558
f 525/774/559 536/796/559 529/795/559 517/777/559
f 528/787/560 551/815/560 555/818/560 533/788/560
f 533/791/561 555/829/561 560/828/561 537/792/561
f 537/792/562 560/828/562 553/827/562 529/795/562
f 552/823/563 541/811/563 549/809/563 557/824/563
f 557/824/564 549/809/564 545/806/564 561/825/564
f 561/825/565 545/806/565 540/805/565 553/827/565
f 587/854/566 539/799/566 543/802/566 590/855/566
f 590/855/567 543/802/567 548/813/567 594/858/567
f 594/858/568 548/812/568 541/811/568 588/860/568
f 551/815/569 599/866/569 603/869/569 554/816/569
f 554/819/570 603/869/570 608/877/570 558/820/570
f 558/820/571 608/877/571 601/876/571 552/823/571
f 600/872/572 589/864/572 597/862/572 605/873/572
f 605/873/573 597/862/573 593/861/573 609/874/573
f 609/874/574 593/861/574 588/860/574 601/876/574
f 563/830/575 587/854/575 591/857/575 566/831/575
f 566/831/576 591/857/576 596/865/576 570/834/576
f 570/834/577 596/865/577 589/864/577 564/836/577
f 599/866/578 575/842/578 579/845/578 602/867/578
f 602/867/579 579/845/579 584/853/579 606/870/579
f 606/870/580 584/853/580 577/852/580 600/872/580
f 576/848/581 565/840/581 573/838/581 581/849/581
f 581/849/582 573/838/582 569/837/582 585/850/582
f 585/850/583 569/837/583 564/836/583 577/852/583
f 515/763/584 563/830/584 567/833/584 518/764/584
f 518/764/585 567/833/585 572/841/585 522/767/585
f 522/772/586 572/841/586 565/840/586 516/769/586
f 575/842/587 528/787/587 534/790/587 578/843/587
f 578/843/588 534/785/588 530/782/588 582/846/588
f 582/846/589 530/782/589 527/781/589 576/848/589
f 539/799/590 587/854/590 563/830/590 515/763/590
f 517/777/591 529/795/591 553/827/591 540/805/591
f 565/840/592 576/848/592 527/781/592 516/769/592
f 599/866/593 551/815/593 528/787/593 575/842/593
f 541/811/594 552/823/594 601/876/594 588/860/594
f 589/864/595 600/872/595 577/852/595 564/836/595
o bone_ward_spike.001
v -0.290041 0.618332 -0.483148
v -0.161669 0.938630 -0.505479
v -0.284217 0.617034 -0.547957
v -0.160737 0.938423 -0.515848
v -0.231021 0.605702 -0.583700
v -0.152226 0.936610 -0.521567
v -0.170511 0.592870 -0.563462
v -0.142544 0.934556 -0.518329
v -0.148252 0.588200 -0.502483
v -0.138983 0.933809 -0.508572
v -0.181005 0.595209 -0.446681
v -0.144223 0.934931 -0.499644
v -0.244107 0.608619 -0.438076
v -0.154319 0.937076 -0.498267
vn -0.9266 0.3650 -0.0906
vn -0.4958 0.2729 -0.8244
vn 0.3341 0.0965 -0.9376
vn 0.9381 -0.0312 -0.3448
vn 0.8616 -0.0142 0.5075
vn 0.2078 0.9782 -0.0009
vn 0.1620 0.1349 0.9775
vn -0.6338 0.3036 0.7114
vn -0.2078 -0.9782 0.0009
vt 1.000000 0.500000
vt 1.000000 1.000000
vt 0.857143 1.000000
vt 0.857143 0.500000
vt 0.714286 1.000000
vt 0.714286 0.500000
vt 0.571429 1.000000
vt 0.571429 0.500000
vt 0.428571 1.000000
vt 0.428571 0.500000
vt 0.285714 1.000000
vt 0.285714 0.500000
vt 0.437640 0.399638
vt 0.250000 0.490000
vt 0.062360 0.399638
vt 0.016017 0.196595
vt 0.145868 0.033767
vt 0.354132 0.033767
vt 0.483983 0.196595
vt 0.142857 1.000000
vt 0.142857 0.500000
vt 0.000000 1.000000
vt 0.000000 0.500000
vt 0.750000 0.490000
vt 0.937640 0.399638
vt 0.983983 0.196595
vt 0.854132 0.033767
vt 0.645868 0.033767
vt 0.516017 0.196595
vt 0.562360 0.399638
s 0
usemtl PlateEdge
f 611/878/596 612/879/596 614/880/596 613/881/596
f 613/881/597 614/880/597 616/882/597 615/883/597
f 615/883/598 616/882/598 618/884/598 617/885/598
f 617/885/599 618/884/599 620/886/599 619/887/599
f 619/887/600 620/886/600 622/888/600 621/889/600
f 614/890/601 612/891/601 624/892/601 622/893/601 620/894/601 618/895/601 616/896/601
f 621/889/602 622/888/602 624/897/602 623/898/602
f 623/898/603 624/897/603 612/899/603 611/900/603
f 611/901/604 613/902/604 615/903/604 617/904/604 619/905/604 621/906/604 623/907/604
o oak_ritual_brace.002
v -0.504212 0.263690 0.106854
v -0.505282 0.290032 0.083298
v -0.474650 0.281241 0.098607
v -0.507263 0.268053 0.095080
v -0.491967 0.263663 0.102724
v -0.495356 0.268023 0.091623
v -0.492894 0.286487 0.082315
v -0.507656 0.277723 0.086433
v -0.495632 0.274831 0.085535
v -0.481116 0.270105 0.099697
v -0.481650 0.283260 0.087934
v -0.487716 0.272559 0.089492
v -0.359389 0.799556 0.083986
v -0.344556 0.821282 0.107607
v -0.328757 0.790765 0.099295
v -0.354890 0.811249 0.087153
v -0.347001 0.796011 0.083003
v -0.343157 0.807341 0.086254
v -0.334150 0.814834 0.103469
v -0.349445 0.819224 0.095824
v -0.339324 0.812956 0.092359
v -0.335757 0.792783 0.088622
v -0.328350 0.803632 0.100418
v -0.335241 0.805069 0.090211
v -0.475589 0.255379 0.191776
v -0.446026 0.272930 0.183529
v -0.460756 0.277105 0.215397
v -0.463344 0.255353 0.187646
v -0.470699 0.257437 0.203559
v -0.459128 0.257505 0.199105
v -0.445086 0.272643 0.196414
v -0.452492 0.261795 0.184619
v -0.451488 0.262040 0.196974
v -0.465254 0.265412 0.212230
v -0.450492 0.274176 0.208112
v -0.455294 0.263119 0.205210
v -0.315932 0.812971 0.192528
v -0.314863 0.786629 0.216085
v -0.300133 0.782454 0.184217
v -0.312881 0.808608 0.204303
v -0.305526 0.806523 0.188390
v -0.303096 0.802437 0.199841
v -0.304599 0.783700 0.208800
v -0.312488 0.798938 0.212950
v -0.302819 0.795630 0.205929
v -0.299726 0.795321 0.185339
v -0.299192 0.782167 0.197102
v -0.299013 0.794551 0.197693
v -0.585864 0.287029 0.136660
v -0.601663 0.317546 0.144972
v -0.586933 0.313371 0.113103
v -0.596270 0.293477 0.140799
v -0.588915 0.291392 0.124885
v -0.598700 0.297563 0.129347
v -0.602603 0.317833 0.132087
v -0.602069 0.304679 0.143850
v -0.602782 0.305449 0.131495
v -0.589307 0.301062 0.116239
v -0.597196 0.316300 0.120389
v -0.598976 0.304370 0.123260
v -0.426207 0.844621 0.137413
v -0.441040 0.822895 0.113791
v -0.455769 0.827070 0.145660
v -0.431097 0.842563 0.125629
v -0.438452 0.844647 0.141543
v -0.442668 0.842495 0.130083
v -0.451303 0.825824 0.121077
v -0.436541 0.834588 0.116959
v -0.446501 0.836881 0.123979
v -0.449303 0.838205 0.144570
v -0.456710 0.827357 0.132775
v -0.450307 0.837960 0.132214
v -0.557240 0.278718 0.221581
v -0.542407 0.300444 0.245203
v -0.573039 0.309235 0.229893
v -0.552350 0.280776 0.233365
v -0.567646 0.285166 0.225720
v -0.562471 0.287044 0.236830
v -0.554795 0.303989 0.246186
v -0.546905 0.288751 0.242035
v -0.558638 0.292659 0.242934
v -0.573445 0.296368 0.228771
v -0.566038 0.307217 0.240566
v -0.566554 0.294931 0.238978
v -0.397583 0.836310 0.222334
v -0.427146 0.818759 0.230581
v -0.396514 0.809968 0.245891
v -0.409828 0.836337 0.226464
v -0.394532 0.831947 0.234109
v -0.406439 0.831977 0.237565
v -0.420145 0.816741 0.241254
v -0.420679 0.829895 0.229491
v -0.414079 0.827441 0.239697
v -0.394140 0.822277 0.242756
v -0.408901 0.813513 0.246874
v -0.406163 0.825169 0.243653
vn -0.1053 -0.9387 -0.3283
vn -0.2119 -0.6562 -0.7242
vn -0.1342 -0.2272 -0.9646
vn 0.3467 -0.3246 -0.8800
vn 0.6932 -0.4646 -0.5510
vn 0.3669 -0.8223 -0.4349
vn 0.1812 -0.6515 -0.7367
vn 0.0071 0.2662 -0.9639
vn 0.1681 0.6707 -0.7224
vn 0.4077 0.8530 -0.3259
vn 0.7468 0.5046 -0.4331
vn 0.8344 0.0287 -0.5504
vn 0.4666 0.0941 -0.8795
vn 0.4991 0.4586 -0.7352
vn 0.0579 -0.9861 0.1559
vn 0.5054 -0.8625 -0.0240
vn 0.8564 -0.5120 -0.0668
vn 0.7857 -0.4521 0.4224
vn 0.4585 -0.3993 0.7939
vn 0.2271 -0.7837 0.5782
vn 0.5485 -0.7581 0.3528
vn 0.5709 0.8056 0.1583
vn 0.6070 0.5433 0.5800
vn 0.5998 0.0941 0.7946
vn 0.9056 -0.0333 0.4229
vn 0.9976 -0.0187 -0.0661
vn 0.8854 0.4644 -0.0222
vn 0.8663 0.3520 0.3543
vn -0.5709 -0.8056 -0.1583
vn -0.8854 -0.4644 0.0222
vn -0.9976 0.0187 0.0661
vn -0.9056 0.0333 -0.4229
vn -0.5998 -0.0941 -0.7946
vn -0.6070 -0.5433 -0.5800
vn -0.8663 -0.3520 -0.3543
vn -0.0579 0.9861 -0.1559
vn -0.2271 0.7837 -0.5782
vn -0.4585 0.3993 -0.7939
vn -0.7857 0.4521 -0.4224
vn -0.8564 0.5120 0.0668
vn -0.5054 0.8625 0.0240
vn -0.5485 0.7581 -0.3528
vn -0.4077 -0.8530 0.3259
vn -0.1681 -0.6707 0.7224
vn -0.0071 -0.2662 0.9639
vn -0.4666 -0.0941 0.8795
vn -0.8344 -0.0287 0.5504
vn -0.7468 -0.5046 0.4331
vn -0.4991 -0.4586 0.7352
vn 0.1053 0.9387 0.3283
vn -0.3669 0.8223 0.4349
vn -0.6932 0.4646 0.5510
vn -0.3467 0.3246 0.8800
vn 0.1342 0.2272 0.9646
vn 0.2119 0.6562 0.7242
vn -0.1812 0.6515 0.7367
vn -0.0314 -0.9957 -0.0868
vn 0.4469 -0.8632 -0.2351
vn 0.8053 -0.4990 -0.3203
vn -0.0728 0.0222 -0.9971
vn 0.4166 -0.1181 -0.9014
vn 0.7942 -0.2266 -0.5638
vn 0.5004 0.8617 -0.0843
vn 0.8362 0.4964 -0.2333
vn 0.9476 -0.0020 -0.3196
vn 0.5417 -0.1562 0.8259
vn 0.8664 -0.2487 0.4330
vn 0.9586 -0.2744 -0.0761
vn -0.1837 -0.9526 0.2426
vn 0.0302 -0.7451 0.6663
vn 0.2361 -0.3377 0.9112
vn 0.3481 0.9048 0.2451
vn 0.4195 0.6145 0.6681
vn 0.3784 0.1593 0.9118
vn -0.7942 0.2266 0.5638
vn -0.4166 0.1181 0.9014
vn 0.0728 -0.0222 0.9971
vn -0.5004 -0.8617 0.0843
vn -0.8362 -0.4964 0.2333
vn -0.9476 0.0020 0.3196
vn 0.0314 0.9957 0.0868
vn -0.4469 0.8632 0.2351
vn -0.8053 0.4990 0.3203
vn -0.5417 0.1562 -0.8259
vn -0.8664 0.2487 -0.4330
vn -0.9586 0.2744 0.0761
vn -0.3481 -0.9048 -0.2451
vn -0.4195 -0.6145 -0.6681
vn -0.3784 -0.1593 -0.9118
vn 0.1837 0.9526 -0.2426
vn -0.0302 0.7451 -0.6663
vn -0.2361 0.3377 -0.9112
vn -0.2753 -0.9614 -0.0013
vn 0.9072 -0.2593 -0.3312
vn -0.3180 0.0923 -0.9436
vn 0.2753 0.9614 0.0013
vn 0.3180 -0.0923 0.9436
vn -0.9072 0.2593 0.3312
vt 0.169643 0.705357
vt 0.169643 0.727649
vt 0.148294 0.726706
vt 0.147351 0.705357
vt 0.169643 0.750000
vt 0.148294 0.750000
vt 0.385776 0.955357
vt 0.385776 1.000000
vt 0.375000 0.976706
vt 0.375000 0.955357
vt 0.385776 0.000000
vt 0.385776 0.022351
vt 0.375000 0.023294
vt 0.375000 0.000000
vt 0.385776 0.044643
vt 0.375000 0.044643
vt 0.125000 0.705357
vt 0.125000 0.726706
vt 0.614224 0.955357
vt 0.619605 0.955357
vt 0.619377 1.000000
vt 0.614224 1.000000
vt 0.625000 0.955357
vt 0.625000 1.000000
vt 0.830357 0.705357
vt 0.875000 0.705357
vt 0.875000 0.726706
vt 0.830357 0.750000
vt 0.625000 0.044643
vt 0.619605 0.044643
vt 0.619377 0.023294
vt 0.625000 0.023294
vt 0.614224 0.044643
vt 0.614224 0.022351
vt 0.614224 0.000000
vt 0.619377 0.000000
vt 0.169643 0.544643
vt 0.147351 0.544643
vt 0.148294 0.523294
vt 0.169643 0.522351
vt 0.125000 0.544643
vt 0.125000 0.523294
vt 0.385776 0.205357
vt 0.385776 0.227649
vt 0.375000 0.226706
vt 0.375000 0.205357
vt 0.385776 0.272351
vt 0.375000 0.273294
vt 0.385776 0.294643
vt 0.375000 0.294643
vt 0.169643 0.500000
vt 0.148294 0.500000
vt 0.830357 0.544643
vt 0.830357 0.500000
vt 0.875000 0.523294
vt 0.875000 0.544643
vt 0.625000 0.294643
vt 0.619605 0.294643
vt 0.619377 0.270582
vt 0.625000 0.236982
vt 0.614224 0.294643
vt 0.614224 0.272351
vt 0.614224 0.227649
vt 0.619377 0.226706
vt 0.614224 0.205357
vt 0.619605 0.205357
vt 0.625000 0.205357
vt 0.330357 0.705357
vt 0.352649 0.705357
vt 0.351706 0.726706
vt 0.330357 0.727649
vt 0.380395 0.705357
vt 0.379278 0.726706
vt 0.385776 0.705357
vt 0.385776 0.727649
vt 0.385776 0.772351
vt 0.366445 0.764739
vt 0.385776 0.794643
vt 0.352847 0.772490
vt 0.669643 0.705357
vt 0.647490 0.772153
vt 0.639739 0.758555
vt 0.647351 0.705357
vt 0.619605 0.794643
vt 0.619377 0.773294
vt 0.614224 0.794643
vt 0.614224 0.772351
vt 0.614224 0.727649
vt 0.619377 0.729418
vt 0.614224 0.705357
vt 0.619605 0.705357
vt 0.330357 0.544643
vt 0.330357 0.522351
vt 0.351706 0.523294
vt 0.352649 0.544643
vt 0.352847 0.477510
vt 0.366445 0.485261
vt 0.385776 0.455357
vt 0.385776 0.477649
vt 0.385776 0.522351
vt 0.379278 0.523294
vt 0.385776 0.544643
vt 0.380395 0.544643
vt 0.669643 0.544643
vt 0.647351 0.544643
vt 0.639739 0.491445
vt 0.647490 0.477847
vt 0.619605 0.544643
vt 0.619377 0.520582
vt 0.614224 0.544643
vt 0.614224 0.522351
vt 0.614224 0.477649
vt 0.619377 0.476706
vt 0.614224 0.455357
vt 0.619605 0.455357
s 0
usemtl OiledOak
f 625/908/605 628/909/605 630/910/605 629/911/605
f 628/909/606 632/912/606 633/913/606 630/910/606
f 626/914/607 631/915/607 633/916/607 632/917/607
f 631/918/608 635/919/608 636/920/608 633/921/608
f 627/922/609 634/923/609 636/920/609 635/919/609
f 634/924/610 629/911/610 630/910/610 636/925/610
f 630/910/611 633/913/611 636/925/611
f 637/926/612 640/927/612 642/928/612 641/929/612
f 640/927/613 644/930/613 645/931/613 642/928/613
f 638/932/614 643/933/614 645/934/614 644/935/614
f 643/936/615 647/937/615 648/938/615 645/939/615
f 639/940/616 646/941/616 648/938/616 647/937/616
f 646/941/617 641/942/617 642/943/617 648/938/617
f 642/943/618 645/939/618 648/938/618
f 649/944/619 652/945/619 654/946/619 653/947/619
f 652/945/620 656/948/620 657/949/620 654/946/620
f 650/950/621 655/951/621 657/952/621 656/953/621
f 655/951/622 659/954/622 660/955/622 657/952/622
f 651/956/623 658/957/623 660/955/623 659/954/623
f 658/958/624 653/947/624 654/946/624 660/959/624
f 654/946/625 657/949/625 660/959/625
f 661/960/626 664/961/626 666/962/626 665/963/626
f 664/964/627 668/965/627 669/966/627 666/967/627
f 662/968/628 667/969/628 669/966/628 668/965/628
f 667/969/629 671/970/629 672/971/629 669/966/629
f 663/972/630 670/973/630 672/971/630 671/970/630
f 670/973/631 665/974/631 666/967/631 672/971/631
f 666/967/632 669/966/632 672/971/632
f 673/975/633 676/976/633 678/977/633 677/978/633
f 676/976/634 680/979/634 681/980/634 678/977/634
f 674/981/635 679/982/635 681/980/635 680/979/635
f 679/982/636 683/983/636 684/984/636 681/980/636
f 675/985/637 682/986/637 684/984/637 683/983/637
f 682/986/638 677/978/638 678/977/638 684/984/638
f 678/977/639 681/980/639 684/984/639
f 685/987/640 688/988/640 690/989/640 689/990/640
f 688/988/641 692/991/641 693/992/641 690/989/641
f 686/993/642 691/994/642 693/992/642 692/991/642
f 691/994/643 695/995/643 696/996/643 693/992/643
f 687/997/644 694/998/644 696/996/644 695/995/644
f 694/998/645 689/990/645 690/989/645 696/996/645
f 690/989/646 693/992/646 696/996/646
f 697/999/647 700/1000/647 702/1001/647 701/1002/647
f 700/1000/648 704/1003/648 705/1004/648 702/1001/648
f 698/1005/649 703/1006/649 705/1004/649 704/1003/649
f 703/1006/650 707/1007/650 708/1008/650 705/1004/650
f 699/1009/651 706/1010/651 708/1008/651 707/1007/651
f 706/1010/652 701/1002/652 702/1001/652 708/1008/652
f 702/1001/653 705/1004/653 708/1008/653
f 709/1011/654 712/1012/654 714/1013/654 713/1014/654
f 712/1012/655 716/1015/655 717/1016/655 714/1013/655
f 710/1017/656 715/1018/656 717/1016/656 716/1015/656
f 715/1018/657 719/1019/657 720/1020/657 717/1016/657
f 711/1021/658 718/1022/658 720/1020/658 719/1019/658
f 718/1022/659 713/1014/659 714/1013/659 720/1020/659
f 714/1013/660 717/1016/660 720/1020/660
f 649/944/661 625/908/661 629/911/661 652/945/661
f 652/945/662 629/911/662 634/924/662 656/948/662
f 656/953/663 634/923/663 627/922/663 650/950/663
f 626/914/664 637/926/664 641/929/664 631/915/664
f 631/918/665 641/942/665 646/941/665 635/919/665
f 635/919/666 646/941/666 639/940/666 627/922/666
f 638/932/667 661/960/667 665/963/667 643/933/667
f 643/936/668 665/974/668 670/973/668 647/937/668
f 647/937/669 670/973/669 663/972/669 639/940/669
f 662/968/670 651/956/670 659/954/670 667/969/670
f 667/969/671 659/954/671 655/951/671 671/970/671
f 671/970/672 655/951/672 650/950/672 663/972/672
f 697/999/673 649/944/673 653/947/673 700/1000/673
f 700/1000/674 653/947/674 658/958/674 704/1003/674
f 704/1003/675 658/957/675 651/956/675 698/1005/675
f 661/960/676 709/1011/676 713/1014/676 664/961/676
f 664/964/677 713/1014/677 718/1022/677 668/965/677
f 668/965/678 718/1022/678 711/1021/678 662/968/678
f 710/1017/679 699/1009/679 707/1007/679 715/1018/679
f 715/1018/680 707/1007/680 703/1006/680 719/1019/680
f 719/1019/681 703/1006/681 698/1005/681 711/1021/681
f 673/975/682 697/999/682 701/1002/682 676/976/682
f 676/976/683 701/1002/683 706/1010/683 680/979/683
f 680/979/684 706/1010/684 699/1009/684 674/981/684
f 709/1011/685 685/987/685 689/990/685 712/1012/685
f 712/1012/686 689/990/686 694/998/686 716/1015/686
f 716/1015/687 694/998/687 687/997/687 710/1017/687
f 686/993/688 675/985/688 683/983/688 691/994/688
f 691/994/689 683/983/689 679/982/689 695/995/689
f 695/995/690 679/982/690 674/981/690 687/997/690
f 625/908/691 673/975/691 677/978/691 628/909/691
f 628/909/692 677/978/692 682/986/692 632/912/692
f 632/917/693 682/986/693 675/985/693 626/914/693
f 685/987/694 638/932/694 644/935/694 688/988/694
f 688/988/695 644/930/695 640/927/695 692/991/695
f 692/991/696 640/927/696 637/926/696 686/993/696
f 649/944/697 697/999/697 673/975/697 625/908/697
f 627/922/698 639/940/698 663/972/698 650/950/698
f 675/985/699 686/993/699 637/926/699 626/914/699
f 709/1011/700 661/960/700 638/932/700 685/987/700
f 651/956/701 662/968/701 711/1021/701 698/1005/701
f 699/1009/702 710/1017/702 687/997/702 674/981/702
o bone_ward_spike.002
v -0.520169 0.598431 0.256530
v -0.470250 0.935446 0.197386
v -0.583475 0.611881 0.249656
v -0.480379 0.937598 0.196286
v -0.617682 0.619177 0.194770
v -0.485852 0.938766 0.187504
v -0.597032 0.614825 0.133204
v -0.482548 0.938069 0.177654
v -0.537075 0.602103 0.111318
v -0.472955 0.936034 0.174152
v -0.482960 0.590591 0.145592
v -0.464296 0.934192 0.179636
v -0.475436 0.588956 0.210217
v -0.463093 0.933930 0.189976
vn -0.0678 0.1822 0.9809
vn -0.7795 0.3336 0.5302
vn -0.8785 0.3551 -0.3197
vn -0.2901 0.2305 -0.9288
vn 0.5424 0.0536 -0.8384
vn 0.2078 0.9782 0.0005
vn 0.9923 -0.0423 -0.1166
vn 0.7207 0.0149 0.6931
vn -0.2078 -0.9782 -0.0005
vt 1.000000 0.500000
vt 1.000000 1.000000
vt 0.857143 1.000000
vt 0.857143 0.500000
vt 0.714286 1.000000
vt 0.714286 0.500000
vt 0.571429 1.000000
vt 0.571429 0.500000
vt 0.428571 1.000000
vt 0.428571 0.500000
vt 0.285714 1.000000
vt 0.285714 0.500000
vt 0.437640 0.399638
vt 0.250000 0.490000
vt 0.062360 0.399638
vt 0.016017 0.196595
vt 0.145868 0.033767
vt 0.354132 0.033767
vt 0.483983 0.196595
vt 0.142857 1.000000
vt 0.142857 0.500000
vt 0.000000 1.000000
vt 0.000000 0.500000
vt 0.750000 0.490000
vt 0.937640 0.399638
vt 0.983983 0.196595
vt 0.854132 0.033767
vt 0.645868 0.033767
vt 0.516017 0.196595
vt 0.562360 0.399638
s 0
usemtl PlateEdge
f 721/1023/703 722/1024/703 724/1025/703 723/1026/703
f 723/1026/704 724/1025/704 726/1027/704 725/1028/704
f 725/1028/705 726/1027/705 728/1029/705 727/1030/705
f 727/1030/706 728/1029/706 730/1031/706 729/1032/706
f 729/1032/707 730/1031/707 732/1033/707 731/1034/707
f 724/1035/708 722/1036/708 734/1037/708 732/1038/708 730/1039/708 728/1040/708 726/1041/708
f 731/1034/709 732/1033/709 734/1042/709 733/1043/709
f 733/1043/710 734/1042/710 722/1044/710 721/1045/710
f 721/1046/711 723/1047/711 725/1048/711 727/1049/711 729/1050/711 731/1051/711 733/1052/711
o oak_ritual_brace.003
v 0.028966 0.287122 0.425403
v 0.013379 0.317610 0.434210
v 0.027314 0.313547 0.401972
v 0.018666 0.293556 0.429821
v 0.025624 0.291527 0.413723
v 0.015953 0.297681 0.418447
v 0.012120 0.317941 0.421353
v 0.012945 0.304747 0.433053
v 0.011925 0.305560 0.420723
v 0.025018 0.301226 0.405122
v 0.017235 0.316450 0.409520
v 0.015526 0.304510 0.412392
v 0.159270 0.827134 0.433054
v 0.188620 0.844715 0.424138
v 0.173204 0.823071 0.400815
v 0.165708 0.838273 0.431843
v 0.158010 0.827465 0.420197
v 0.164397 0.838071 0.419515
v 0.183439 0.842698 0.412472
v 0.176481 0.844726 0.428570
v 0.171982 0.842614 0.417211
v 0.163125 0.825974 0.408363
v 0.177781 0.834753 0.403911
v 0.167998 0.837021 0.411184
v 0.109852 0.263890 0.393501
v 0.108200 0.290315 0.370070
v 0.139202 0.281471 0.384585
v 0.106510 0.268295 0.381821
v 0.121991 0.263879 0.389068
v 0.118328 0.268277 0.378070
v 0.120560 0.286773 0.368768
v 0.105904 0.277994 0.373220
v 0.117901 0.275106 0.372015
v 0.132764 0.270332 0.385796
v 0.131939 0.283527 0.374095
v 0.125913 0.272820 0.375766
v 0.269505 0.821483 0.392235
v 0.285092 0.790995 0.383428
v 0.254090 0.799839 0.368913
v 0.279805 0.815049 0.387818
v 0.264325 0.819465 0.380570
v 0.274357 0.813210 0.376833
v 0.277829 0.793051 0.372939
v 0.285527 0.803859 0.384585
v 0.278385 0.805331 0.374557
v 0.258667 0.811521 0.372009
v 0.266450 0.796297 0.367611
v 0.270373 0.807617 0.370806
v 0.059686 0.278517 0.509559
v 0.075101 0.300161 0.532881
v 0.044100 0.309005 0.518366
v 0.064867 0.280535 0.521225
v 0.049386 0.284951 0.513977
v 0.054835 0.286790 0.524961
v 0.062742 0.303703 0.534183
v 0.070525 0.288479 0.529785
v 0.058819 0.292383 0.530988
v 0.043665 0.296142 0.517209
v 0.051363 0.306949 0.528855
v 0.050807 0.294669 0.527237
v 0.219340 0.836110 0.508293
v 0.189990 0.818529 0.517210
v 0.220992 0.809685 0.531725
v 0.207201 0.836121 0.512726
v 0.222682 0.831705 0.519974
v 0.210864 0.831723 0.523724
v 0.197253 0.816473 0.527699
v 0.196428 0.829668 0.515999
v 0.203279 0.827180 0.526029
v 0.223288 0.822006 0.528574
v 0.208632 0.813227 0.533027
v 0.211291 0.824894 0.529780
v 0.140572 0.255285 0.477657
v 0.169922 0.272866 0.468740
v 0.155987 0.276929 0.500979
v 0.152711 0.255274 0.473224
v 0.145753 0.257303 0.489322
v 0.157210 0.257386 0.484584
v 0.171182 0.272535 0.481597
v 0.163484 0.261727 0.469952
v 0.164795 0.261929 0.482279
v 0.151411 0.265247 0.497883
v 0.166067 0.274026 0.493431
v 0.161194 0.262979 0.490610
v 0.300226 0.812878 0.476391
v 0.301878 0.786453 0.499822
v 0.315812 0.782390 0.467584
v 0.303567 0.808473 0.488072
v 0.310526 0.806444 0.471973
v 0.313239 0.802319 0.483347
v 0.311957 0.783550 0.492274
v 0.304174 0.798774 0.496672
v 0.313666 0.795490 0.489402
v 0.316247 0.795253 0.468741
v 0.317072 0.782059 0.480441
v 0.317267 0.794440 0.481071
vn -0.5747 -0.8051 -0.1469
vn -0.8846 -0.4645 0.0425
vn -0.9957 0.0184 0.0909
vn -0.9158 0.0348 -0.4002
vn -0.6193 -0.0914 -0.7798
vn -0.6213 -0.5413 -0.5666
vn -0.8749 -0.3508 -0.3339
vn -0.8544 0.5118 0.0898
vn -0.5046 0.8624 0.0395
vn -0.0617 0.9866 -0.1510
vn -0.2413 0.7857 -0.5696
vn -0.4780 0.4020 -0.7809
vn -0.7959 0.4535 -0.4012
vn -0.5570 0.7593 -0.3365
vn -0.1135 -0.9375 -0.3289
vn -0.2298 -0.6537 -0.7210
vn -0.1581 -0.2238 -0.9617
vn 0.3247 -0.3215 -0.8895
vn 0.6793 -0.4627 -0.5697
vn 0.3559 -0.8208 -0.4468
vn 0.1629 -0.6489 -0.7433
vn 0.3995 0.8541 -0.3329
vn 0.7359 0.5061 -0.4498
vn 0.8205 0.0307 -0.5708
vn 0.4446 0.0972 -0.8904
vn -0.0168 0.2695 -0.9628
vn 0.1501 0.6732 -0.7240
vn 0.4807 0.4612 -0.7458
vn -0.3995 -0.8541 0.3329
vn -0.1501 -0.6732 0.7240
vn 0.0168 -0.2695 0.9628
vn -0.4446 -0.0972 0.8904
vn -0.8205 -0.0307 0.5708
vn -0.7359 -0.5061 0.4498
vn -0.4807 -0.4612 0.7458
vn 0.1135 0.9375 0.3289
vn -0.3559 0.8208 0.4468
vn -0.6793 0.4627 0.5697
vn -0.3247 0.3215 0.8895
vn 0.1581 0.2238 0.9617
vn 0.2298 0.6537 0.7210
vn -0.1629 0.6489 0.7433
vn 0.0617 -0.9866 0.1510
vn 0.5046 -0.8624 -0.0395
vn 0.8544 -0.5118 -0.0898
vn 0.7959 -0.4535 0.4012
vn 0.4780 -0.4020 0.7809
vn 0.2413 -0.7857 0.5696
vn 0.5570 -0.7593 0.3365
vn 0.5747 0.8051 0.1469
vn 0.6213 0.5413 0.5666
vn 0.6193 0.0914 0.7798
vn 0.9158 -0.0348 0.4002
vn 0.9957 -0.0184 -0.0909
vn 0.8846 0.4645 -0.0425
vn 0.8749 0.3508 0.3339
vn -0.3541 -0.9040 -0.2396
vn -0.4360 -0.6122 -0.6596
vn -0.4009 -0.1561 -0.9027
vn -0.9564 0.2741 0.1008
vn -0.8769 0.2501 -0.4105
vn -0.5620 0.1591 -0.8117
vn 0.1777 0.9534 -0.2438
vn -0.0467 0.7474 -0.6627
vn -0.2586 0.3408 -0.9039
vn 0.7800 -0.2247 -0.5841
vn 0.3941 -0.1149 -0.9118
vn -0.0975 0.0256 -0.9949
vn -0.0336 -0.9954 -0.0895
vn 0.4409 -0.8623 -0.2491
vn 0.7971 -0.4978 -0.3419
vn 0.4982 0.8620 -0.0937
vn 0.8301 0.4973 -0.2522
vn 0.9393 -0.0009 -0.3430
vn 0.5620 -0.1591 0.8117
vn 0.8769 -0.2501 0.4105
vn 0.9564 -0.2741 -0.1008
vn -0.1777 -0.9534 0.2438
vn 0.0467 -0.7474 0.6627
vn 0.2586 -0.3408 0.9039
vn 0.3541 0.9040 0.2396
vn 0.4360 0.6122 0.6596
vn 0.4009 0.1561 0.9027
vn -0.7800 0.2247 0.5841
vn -0.3941 0.1149 0.9118
vn 0.0975 -0.0256 0.9949
vn -0.4982 -0.8620 0.0937
vn -0.8301 -0.4973 0.2522
vn -0.9393 0.0009 0.3430
vn 0.0336 0.9954 0.0895
vn -0.4409 0.8623 0.2491
vn -0.7971 0.4978 0.3419
vn -0.2753 -0.9614 0.0022
vn -0.3413 0.0956 -0.9351
vn -0.8987 0.2581 0.3545
vn 0.2753 0.9614 -0.0022
vn 0.8987 -0.2581 -0.3545
vn 0.3413 -0.0956 0.9351
vt 0.169643 0.705357
vt 0.169643 0.727649
vt 0.148294 0.726706
vt 0.147351 0.705357
vt 0.169643 0.750000
vt 0.148294 0.750000
vt 0.385776 0.955357
vt 0.385776 1.000000
vt 0.375000 0.976706
vt 0.375000 0.955357
vt 0.385776 0.000000
vt 0.385776 0.022351
vt 0.375000 0.023294
vt 0.375000 0.000000
vt 0.385776 0.044643
vt 0.375000 0.044643
vt 0.125000 0.705357
vt 0.125000 0.726706
vt 0.614224 0.955357
vt 0.619605 0.955357
vt 0.619377 1.000000
vt 0.614224 1.000000
vt 0.625000 0.955357
vt 0.625000 1.000000
vt 0.830357 0.705357
vt 0.875000 0.705357
vt 0.875000 0.726706
vt 0.830357 0.750000
vt 0.625000 0.044643
vt 0.619605 0.044643
vt 0.619377 0.023294
vt 0.625000 0.023294
vt 0.614224 0.044643
vt 0.614224 0.022351
vt 0.614224 0.000000
vt 0.619377 0.000000
vt 0.169643 0.544643
vt 0.147351 0.544643
vt 0.148294 0.523294
vt 0.169643 0.522351
vt 0.125000 0.544643
vt 0.125000 0.523294
vt 0.385776 0.205357
vt 0.385776 0.227649
vt 0.375000 0.226706
vt 0.375000 0.205357
vt 0.385776 0.272351
vt 0.375000 0.273294
vt 0.385776 0.294643
vt 0.375000 0.294643
vt 0.169643 0.500000
vt 0.148294 0.500000
vt 0.830357 0.544643
vt 0.830357 0.500000
vt 0.875000 0.523294
vt 0.875000 0.544643
vt 0.625000 0.294643
vt 0.619605 0.294643
vt 0.619377 0.270582
vt 0.625000 0.236982
vt 0.614224 0.294643
vt 0.614224 0.272351
vt 0.614224 0.227649
vt 0.619377 0.226706
vt 0.614224 0.205357
vt 0.619605 0.205357
vt 0.625000 0.205357
vt 0.330357 0.705357
vt 0.352649 0.705357
vt 0.351706 0.726706
vt 0.330357 0.727649
vt 0.380395 0.705357
vt 0.379278 0.726706
vt 0.385776 0.705357
vt 0.385776 0.727649
vt 0.385776 0.772351
vt 0.366445 0.764739
vt 0.385776 0.794643
vt 0.352847 0.772490
vt 0.669643 0.705357
vt 0.647490 0.772153
vt 0.639739 0.758555
vt 0.647351 0.705357
vt 0.619605 0.794643
vt 0.619377 0.773294
vt 0.614224 0.794643
vt 0.614224 0.772351
vt 0.614224 0.727649
vt 0.619377 0.729418
vt 0.614224 0.705357
vt 0.619605 0.705357
vt 0.330357 0.544643
vt 0.330357 0.522351
vt 0.351706 0.523294
vt 0.352649 0.544643
vt 0.352847 0.477510
vt 0.366445 0.485261
vt 0.385776 0.455357
vt 0.385776 0.477649
vt 0.385776 0.522351
vt 0.379278 0.523294
vt 0.385776 0.544643
vt 0.380395 0.544643
vt 0.669643 0.544643
vt 0.647351 0.544643
vt 0.639739 0.491445
vt 0.647490 0.477847
vt 0.619605 0.544643
vt 0.619377 0.520582
vt 0.614224 0.544643
vt 0.614224 0.522351
vt 0.614224 0.477649
vt 0.619377 0.476706
vt 0.614224 0.455357
vt 0.619605 0.455357
s 0
usemtl OiledOak
f 735/1053/712 738/1054/712 740/1055/712 739/1056/712
f 738/1054/713 742/1057/713 743/1058/713 740/1055/713
f 736/1059/714 741/1060/714 743/1061/714 742/1062/714
f 741/1063/715 745/1064/715 746/1065/715 743/1066/715
f 737/1067/716 744/1068/716 746/1065/716 745/1064/716
f 744/1069/717 739/1056/717 740/1055/717 746/1070/717
f 740/1055/718 743/1058/718 746/1070/718
f 747/1071/719 750/1072/719 752/1073/719 751/1074/719
f 750/1072/720 754/1075/720 755/1076/720 752/1073/720
f 748/1077/721 753/1078/721 755/1079/721 754/1080/721
f 753/1081/722 757/1082/722 758/1083/722 755/1084/722
f 749/1085/723 756/1086/723 758/1083/723 757/1082/723
f 756/1086/724 751/1087/724 752/1088/724 758/1083/724
f 752/1088/725 755/1084/725 758/1083/725
f 759/1089/726 762/1090/726 764/1091/726 763/1092/726
f 762/1090/727 766/1093/727 767/1094/727 764/1091/727
f 760/1095/728 765/1096/728 767/1097/728 766/1098/728
f 765/1096/729 769/1099/729 770/1100/729 767/1097/729
f 761/1101/730 768/1102/730 770/1100/730 769/1099/730
f 768/1103/731 763/1092/731 764/1091/731 770/1104/731
f 764/1091/732 767/1094/732 770/1104/732
f 771/1105/733 774/1106/733 776/1107/733 775/1108/733
f 774/1109/734 778/1110/734 779/1111/734 776/1112/734
f 772/1113/735 777/1114/735 779/1111/735 778/1110/735
f 777/1114/736 781/1115/736 782/1116/736 779/1111/736
f 773/1117/737 780/1118/737 782/1116/737 781/1115/737
f 780/1118/738 775/1119/738 776/1112/738 782/1116/738
f 776/1112/739 779/1111/739 782/1116/739
f 783/1120/740 786/1121/740 788/1122/740 787/1123/740
f 786/1121/741 790/1124/741 791/1125/741 788/1122/741
f 784/1126/742 789/1127/742 791/1125/742 790/1124/742
f 789/1127/743 793/1128/743 794/1129/743 791/1125/743
f 785/1130/744 792/1131/744 794/1129/744 793/1128/744
f 792/1131/745 787/1123/745 788/1122/745 794/1129/745
f 788/1122/746 791/1125/746 794/1129/746
f 795/1132/747 798/1133/747 800/1134/747 799/1135/747
f 798/1133/748 802/1136/748 803/1137/748 800/1134/748
f 796/1138/749 801/1139/749 803/1137/749 802/1136/749
f 801/1139/750 805/1140/750 806/1141/750 803/1137/750
f 797/1142/751 804/1143/751 806/1141/751 805/1140/751
f 804/1143/752 799/1135/752 800/1134/752 806/1141/752
f 800/1134/753 803/1137/753 806/1141/753
f 807/1144/754 810/1145/754 812/1146/754 811/1147/754
f 810/1145/755 814/1148/755 815/1149/755 812/1146/755
f 808/1150/756 813/1151/756 815/1149/756 814/1148/756
f 813/1151/757 817/1152/757 818/1153/757 815/1149/757
f 809/1154/758 816/1155/758 818/1153/758 817/1152/758
f 816/1155/759 811/1147/759 812/1146/759 818/1153/759
f 812/1146/760 815/1149/760 818/1153/760
f 819/1156/761 822/1157/761 824/1158/761 823/1159/761
f 822/1157/762 826/1160/762 827/1161/762 824/1158/762
f 820/1162/763 825/1163/763 827/1161/763 826/1160/763
f 825/1163/764 829/1164/764 830/1165/764 827/1161/764
f 821/1166/765 828/1167/765 830/1165/765 829/1164/765
f 828/1167/766 823/1159/766 824/1158/766 830/1165/766
f 824/1158/767 827/1161/767 830/1165/767
f 759/1089/768 735/1053/768 739/1056/768 762/1090/768
f 762/1090/769 739/1056/769 744/1069/769 766/1093/769
f 766/1098/770 744/1068/770 737/1067/770 760/1095/770
f 736/1059/771 747/1071/771 751/1074/771 741/1060/771
f 741/1063/772 751/1087/772 756/1086/772 745/1064/772
f 745/1064/773 756/1086/773 749/1085/773 737/1067/773
f 748/1077/774 771/1105/774 775/1108/774 753/1078/774
f 753/1081/775 775/1119/775 780/1118/775 757/1082/775
f 757/1082/776 780/1118/776 773/1117/776 749/1085/776
f 772/1113/777 761/1101/777 769/1099/777 777/1114/777
f 777/1114/778 769/1099/778 765/1096/778 781/1115/778
f 781/1115/779 765/1096/779 760/1095/779 773/1117/779
f 807/1144/780 759/1089/780 763/1092/780 810/1145/780
f 810/1145/781 763/1092/781 768/1103/781 814/1148/781
f 814/1148/782 768/1102/782 761/1101/782 808/1150/782
f 771/1105/783 819/1156/783 823/1159/783 774/1106/783
f 774/1109/784 823/1159/784 828/1167/784 778/1110/784
f 778/1110/785 828/1167/785 821/1166/785 772/1113/785
f 820/1162/786 809/1154/786 817/1152/786 825/1163/786
f 825/1163/787 817/1152/787 813/1151/787 829/1164/787
f 829/1164/788 813/1151/788 808/1150/788 821/1166/788
f 783/1120/789 807/1144/789 811/1147/789 786/1121/789
f 786/1121/790 811/1147/790 816/1155/790 790/1124/790
f 790/1124/791 816/1155/791 809/1154/791 784/1126/791
f 819/1156/792 795/1132/792 799/1135/792 822/1157/792
f 822/1157/793 799/1135/793 804/1143/793 826/1160/793
f 826/1160/794 804/1143/794 797/1142/794 820/1162/794
f 796/1138/795 785/1130/795 793/1128/795 801/1139/795
f 801/1139/796 793/1128/796 789/1127/796 805/1140/796
f 805/1140/797 789/1127/797 784/1126/797 797/1142/797
f 735/1053/798 783/1120/798 787/1123/798 738/1054/798
f 738/1054/799 787/1123/799 792/1131/799 742/1057/799
f 742/1062/800 792/1131/800 785/1130/800 736/1059/800
f 795/1132/801 748/1077/801 754/1080/801 798/1133/801
f 798/1133/802 754/1075/802 750/1072/802 802/1136/802
f 802/1136/803 750/1072/803 747/1071/803 796/1138/803
f 759/1089/804 807/1144/804 783/1120/804 735/1053/804
f 737/1067/805 749/1085/805 773/1117/805 760/1095/805
f 785/1130/806 796/1138/806 747/1071/806 736/1059/806
f 819/1156/807 771/1105/807 748/1077/807 795/1132/807
f 761/1101/808 772/1113/808 821/1166/808 808/1150/808
f 809/1154/809 820/1162/809 797/1142/809 784/1126/809
o bone_ward_spike.003
v 0.219408 0.589086 0.483461
v 0.232309 0.933951 0.505163
v 0.213585 0.590384 0.548269
v 0.231377 0.934159 0.515532
v 0.160389 0.601716 0.584012
v 0.222866 0.935972 0.521251
v 0.099879 0.614549 0.563775
v 0.213184 0.938025 0.518013
v 0.077619 0.619219 0.502796
v 0.209623 0.938772 0.508257
v 0.110372 0.612210 0.446994
v 0.214863 0.937651 0.499328
v 0.173474 0.598800 0.438389
v 0.224959 0.935505 0.497952
vn 0.9950 -0.0429 0.0903
vn 0.5642 0.0493 0.8241
vn -0.2656 0.2256 0.9373
vn -0.8697 0.3534 0.3445
vn -0.7931 0.3363 -0.5078
vn 0.2078 0.9782 -0.0009
vn -0.0935 0.1873 -0.9778
vn 0.7022 0.0185 -0.7117
vn -0.2078 -0.9782 0.0009
vt 1.000000 0.500000
vt 1.000000 1.000000
vt 0.857143 1.000000
vt 0.857143 0.500000
vt 0.714286 1.000000
vt 0.714286 0.500000
vt 0.571429 1.000000
vt 0.571429 0.500000
vt 0.428571 1.000000
vt 0.428571 0.500000
vt 0.285714 1.000000
vt 0.285714 0.500000
vt 0.437640 0.399638
vt 0.250000 0.490000
vt 0.062360 0.399638
vt 0.016017 0.196595
vt 0.145868 0.033767
vt 0.354132 0.033767
vt 0.483983 0.196595
vt 0.142857 1.000000
vt 0.142857 0.500000
vt 0.000000 1.000000
vt 0.000000 0.500000
vt 0.750000 0.490000
vt 0.937640 0.399638
vt 0.983983 0.196595
vt 0.854132 0.033767
vt 0.645868 0.033767
vt 0.516017 0.196595
vt 0.562360 0.399638
s 0
usemtl PlateEdge
f 831/1168/810 832/1169/810 834/1170/810 833/1171/810
f 833/1171/811 834/1170/811 836/1172/811 835/1173/811
f 835/1173/812 836/1172/812 838/1174/812 837/1175/812
f 837/1175/813 838/1174/813 840/1176/813 839/1177/813
f 839/1177/814 840/1176/814 842/1178/814 841/1179/814
f 834/1180/815 832/1181/815 844/1182/815 842/1183/815 840/1184/815 838/1185/815 836/1186/815
f 841/1179/816 842/1178/816 844/1187/816 843/1188/816
f 843/1188/817 844/1187/817 832/1189/817 831/1190/817
f 831/1191/818 833/1192/818 835/1193/818 837/1194/818 839/1195/818 841/1196/818 843/1197/818
o amber_runic_heart
v 0.000000 1.035570 0.284471
v 0.000000 1.022583 0.270000
v 0.000000 0.943646 0.242044
v 0.000000 0.910000 0.240000
v 0.000000 0.876354 0.242044
v 0.000000 0.797417 0.270000
v 0.000000 0.784430 0.284471
v 0.007598 1.035570 0.285231
v 0.014678 1.022583 0.271468
v 0.020758 1.001924 0.259650
v 0.025424 0.975000 0.250582
v 0.028356 0.943646 0.244881
v 0.029357 0.910000 0.242937
v 0.028356 0.876354 0.244881
v 0.025424 0.845000 0.250582
v 0.020758 0.818076 0.259650
v 0.014678 0.797417 0.271468
v 0.007598 0.784430 0.285231
v 0.014452 1.035570 0.287437
v 0.027920 1.022583 0.275730
v 0.039485 1.001924 0.265676
v 0.048359 0.975000 0.257962
v 0.053937 0.943646 0.253113
v 0.055840 0.910000 0.251459
v 0.053937 0.876354 0.253113
v 0.048359 0.845000 0.257962
v 0.039485 0.818076 0.265676
v 0.027920 0.797417 0.275730
v 0.014452 0.784430 0.287437
v 0.000000 0.780000 0.300000
v 0.019892 1.035570 0.290872
v 0.038428 1.022583 0.282366
v 0.054346 1.001924 0.275062
v 0.066560 0.975000 0.269458
v 0.074238 0.943646 0.265935
v 0.076857 0.910000 0.264733
v 0.074238 0.876354 0.265935
v 0.066560 0.845000 0.269458
v 0.054346 0.818076 0.275062
v 0.038428 0.797417 0.282366
v 0.019892 0.784430 0.290872
v 0.023384 1.035570 0.295201
v 0.045175 1.022583 0.290729
v 0.063887 1.001924 0.286890
v 0.078246 0.975000 0.283943
v 0.087272 0.943646 0.282091
v 0.090350 0.910000 0.281459
v 0.087272 0.876354 0.282091
v 0.078246 0.845000 0.283943
v 0.063887 0.818076 0.286890
v 0.045175 0.797417 0.290729
v 0.023384 0.784430 0.295201
v 0.024588 1.035570 0.300000
v 0.047500 1.022583 0.300000
v 0.067175 1.001924 0.300000
v 0.082272 0.975000 0.300000
v 0.091763 0.943646 0.300000
v 0.095000 0.910000 0.300000
v 0.091763 0.876354 0.300000
v 0.082272 0.845000 0.300000
v 0.067175 0.818076 0.300000
v 0.047500 0.797417 0.300000
v 0.024588 0.784430 0.300000
v 0.023384 1.035570 0.304799
v 0.045175 1.022583 0.309271
v 0.063887 1.001924 0.313111
v 0.078246 0.975000 0.316057
v 0.087272 0.943646 0.317909
v 0.090350 0.910000 0.318541
v 0.087272 0.876354 0.317909
v 0.078246 0.845000 0.316057
v 0.063887 0.818076 0.313111
v 0.045175 0.797417 0.309271
v 0.023384 0.784430 0.304799
v 0.019892 1.035570 0.309128
v 0.038428 1.022583 0.317634
v 0.054346 1.001924 0.324938
v 0.066560 0.975000 0.330542
v 0.074238 0.943646 0.334065
v 0.076857 0.910000 0.335267
v 0.074238 0.876354 0.334065
v 0.066560 0.845000 0.330542
v 0.054346 0.818076 0.324938
v 0.038428 0.797417 0.317634
v 0.019892 0.784430 0.309128
v 0.014452 1.035570 0.312563
v 0.027920 1.022583 0.324271
v 0.039485 1.001924 0.334324
v 0.048359 0.975000 0.342038
v 0.053937 0.943646 0.346887
v 0.055840 0.910000 0.348541
v 0.053937 0.876354 0.346887
v 0.048359 0.845000 0.342038
v 0.039485 0.818076 0.334324
v 0.027920 0.797417 0.324271
v 0.014452 0.784430 0.312563
v 0.007598 1.035570 0.314769
v 0.014678 1.022583 0.328532
v 0.020758 1.001924 0.340350
v 0.025424 0.975000 0.349418
v 0.028356 0.943646 0.355119
v 0.029357 0.910000 0.357063
v 0.028356 0.876354 0.355119
v 0.025424 0.845000 0.349418
v 0.020758 0.818076 0.340350
v 0.014678 0.797417 0.328532
v 0.007598 0.784430 0.314769
v 0.000000 1.040000 0.300000
v -0.000000 1.035570 0.315529
v 0.000000 1.022583 0.330000
v 0.000000 1.001924 0.342426
v 0.000000 0.975000 0.351962
v 0.000000 0.943646 0.357956
v 0.000000 0.910000 0.360000
v 0.000000 0.876354 0.357956
v 0.000000 0.845000 0.351962
v 0.000000 0.818076 0.342426
v 0.000000 0.797417 0.330000
v -0.000000 0.784430 0.315529
v -0.007598 1.035570 0.314769
v -0.014678 1.022583 0.328532
v -0.020758 1.001924 0.340350
v -0.025424 0.975000 0.349418
v -0.028356 0.943646 0.355119
v -0.029357 0.910000 0.357063
v -0.028356 0.876354 0.355119
v -0.025424 0.845000 0.349418
v -0.020758 0.818076 0.340350
v -0.014678 0.797417 0.328532
v -0.007598 0.784430 0.314769
v -0.014452 1.035570 0.312563
v -0.027920 1.022583 0.324271
v -0.039485 1.001924 0.334324
v -0.048359 0.975000 0.342038
v -0.053937 0.943646 0.346887
v -0.055840 0.910000 0.348541
v -0.053937 0.876354 0.346887
v -0.048359 0.845000 0.342038
v -0.039485 0.818076 0.334324
v -0.027920 0.797417 0.324271
v -0.014452 0.784430 0.312563
v -0.019892 1.035570 0.309128
v -0.038428 1.022583 0.317634
v -0.054346 1.001924 0.324938
v -0.066560 0.975000 0.330542
v -0.074238 0.943646 0.334065
v -0.076857 0.910000 0.335267
v -0.074238 0.876354 0.334065
v -0.066560 0.845000 0.330542
v -0.054346 0.818076 0.324938
v -0.038428 0.797417 0.317634
v -0.019892 0.784430 0.309128
v -0.023384 1.035570 0.304799
v -0.045175 1.022583 0.309271
v -0.063887 1.001924 0.313111
v -0.078246 0.975000 0.316057
v -0.087272 0.943646 0.317909
v -0.090350 0.910000 0.318541
v -0.087272 0.876354 0.317909
v -0.078246 0.845000 0.316057
v -0.063887 0.818076 0.313111
v -0.045175 0.797417 0.309271
v -0.023384 0.784430 0.304799
v -0.024588 1.035570 0.300000
v -0.047500 1.022583 0.300000
v -0.067175 1.001924 0.300000
v -0.082272 0.975000 0.300000
v -0.091763 0.943646 0.300000
v -0.095000 0.910000 0.300000
v -0.091763 0.876354 0.300000
v -0.082272 0.845000 0.300000
v -0.067175 0.818076 0.300000
v -0.047500 0.797417 0.300000
v -0.024588 0.784430 0.300000
v -0.023384 1.035570 0.295201
v -0.045175 1.022583 0.290729
v -0.063887 1.001924 0.286890
v -0.078246 0.975000 0.283943
v -0.087272 0.943646 0.282091
v -0.090350 0.910000 0.281459
v -0.087272 0.876354 0.282091
v -0.078246 0.845000 0.283943
v -0.063887 0.818076 0.286890
v -0.045175 0.797417 0.290729
v -0.023384 0.784430 0.295201
v -0.019892 1.035570 0.290872
v -0.038428 1.022583 0.282366
v -0.054346 1.001924 0.275062
v -0.066560 0.975000 0.269458
v -0.074238 0.943646 0.265935
v -0.076857 0.910000 0.264733
v -0.074238 0.876354 0.265935
v -0.066560 0.845000 0.269458
v -0.054346 0.818076 0.275062
v -0.038428 0.797417 0.282366
v -0.019892 0.784430 0.290872
v -0.014452 1.035570 0.287437
v -0.027920 1.022583 0.275729
v -0.039485 1.001924 0.265676
v -0.048359 0.975000 0.257962
v -0.053937 0.943646 0.253113
v -0.055840 0.910000 0.251459
v -0.053937 0.876354 0.253113
v -0.048359 0.845000 0.257962
v -0.039485 0.818076 0.265676
v -0.027920 0.797417 0.275729
v -0.014452 0.784430 0.287437
v -0.007598 1.035570 0.285231
v -0.014678 1.022583 0.271468
v -0.020758 1.001924 0.259650
v -0.025424 0.975000 0.250582
v -0.028356 0.943646 0.244881
v -0.029357 0.910000 0.242937
v -0.028356 0.876354 0.244881
v -0.025424 0.845000 0.250582
v -0.020758 0.818076 0.259650
v -0.014678 0.797417 0.271468
v -0.007598 0.784430 0.285231
v -0.000000 1.001924 0.257574
v 0.000000 0.975000 0.248038
v 0.000000 0.845000 0.248038
v -0.000000 0.818076 0.257574
vn -0.0000 0.8693 -0.4943
vn -0.0000 0.6323 -0.7747
vn -0.0000 0.1240 -0.9923
vn -0.0000 -0.0000 -1.0000
vn -0.0000 -0.1240 -0.9923
vn -0.0000 -0.6323 -0.7747
vn -0.0000 -0.8693 -0.4943
vn 0.0958 0.8744 -0.4757
vn 0.1558 0.6431 -0.7498
vn 0.1844 0.4348 -0.8814
vn 0.1976 0.2678 -0.9430
vn 0.2035 0.1277 -0.9707
vn 0.2052 -0.0000 -0.9787
vn 0.2035 -0.1277 -0.9707
vn 0.1976 -0.2678 -0.9430
vn 0.1844 -0.4348 -0.8814
vn 0.1558 -0.6431 -0.7498
vn 0.0958 -0.8744 -0.4757
vn 0.1884 0.8883 -0.4189
vn 0.3112 0.6737 -0.6703
vn 0.3754 0.4657 -0.8013
vn 0.4069 0.2904 -0.8661
vn 0.4215 0.1393 -0.8961
vn 0.4257 -0.0000 -0.9049
vn 0.4215 -0.1393 -0.8961
vn 0.4069 -0.2904 -0.8661
vn 0.3754 -0.4657 -0.8013
vn 0.3112 -0.6737 -0.6703
vn 0.1884 -0.8883 -0.4189
vn -0.0000 -1.0000 -0.0000
vn 0.2725 0.9073 -0.3203
vn 0.4600 0.7174 -0.5232
vn 0.5706 0.5134 -0.6410
vn 0.6301 0.3269 -0.7043
vn 0.6591 0.1586 -0.7352
vn 0.6677 -0.0000 -0.7444
vn 0.6591 -0.1586 -0.7352
vn 0.6301 -0.3269 -0.7043
vn 0.5706 -0.5134 -0.6410
vn 0.4600 -0.7174 -0.5232
vn 0.2725 -0.9073 -0.3203
vn 0.3370 0.9246 -0.1775
vn 0.5800 0.7593 -0.2951
vn 0.7392 0.5627 -0.3701
vn 0.8331 0.3670 -0.4138
vn 0.8816 0.1804 -0.4362
vn 0.8965 -0.0000 -0.4431
vn 0.8816 -0.1804 -0.4362
vn 0.8331 -0.3670 -0.4138
vn 0.7392 -0.5627 -0.3701
vn 0.5800 -0.7593 -0.2951
vn 0.3370 -0.9246 -0.1775
vn 0.3628 0.9319 -0.0000
vn 0.6291 0.7773 -0.0000
vn 0.8111 0.5849 -0.0000
vn 0.9226 0.3858 -0.0000
vn 0.9816 0.1908 -0.0000
vn 1.0000 -0.0000 -0.0000
vn 0.9816 -0.1908 -0.0000
vn 0.9226 -0.3858 -0.0000
vn 0.8111 -0.5849 -0.0000
vn 0.6291 -0.7773 -0.0000
vn 0.3628 -0.9319 -0.0000
vn 0.3370 0.9246 0.1775
vn 0.5800 0.7593 0.2951
vn 0.7392 0.5627 0.3701
vn 0.8331 0.3670 0.4138
vn 0.8816 0.1804 0.4362
vn 0.8965 -0.0000 0.4431
vn 0.8816 -0.1804 0.4362
vn 0.8331 -0.3670 0.4138
vn 0.7392 -0.5627 0.3701
vn 0.5800 -0.7593 0.2951
vn 0.3370 -0.9246 0.1775
vn 0.2725 0.9073 0.3203
vn 0.4600 0.7174 0.5232
vn 0.5706 0.5134 0.6410
vn 0.6301 0.3269 0.7043
vn 0.6591 0.1586 0.7352
vn 0.6677 -0.0000 0.7444
vn 0.6591 -0.1586 0.7352
vn 0.6301 -0.3269 0.7043
vn 0.5706 -0.5134 0.6410
vn 0.4600 -0.7174 0.5232
vn 0.2725 -0.9073 0.3203
vn 0.1884 0.8883 0.4189
vn 0.3112 0.6737 0.6703
vn 0.3754 0.4657 0.8013
vn 0.4069 0.2904 0.8661
vn 0.4215 0.1393 0.8961
vn 0.4257 -0.0000 0.9049
vn 0.4215 -0.1393 0.8961
vn 0.4069 -0.2904 0.8661
vn 0.3754 -0.4657 0.8013
vn 0.3112 -0.6737 0.6703
vn 0.1884 -0.8883 0.4189
vn 0.0958 0.8744 0.4757
vn 0.1558 0.6431 0.7498
vn 0.1844 0.4348 0.8814
vn 0.1976 0.2678 0.9430
vn 0.2035 0.1277 0.9707
vn 0.2052 -0.0000 0.9787
vn 0.2035 -0.1277 0.9707
vn 0.1976 -0.2678 0.9430
vn 0.1844 -0.4348 0.8814
vn 0.1558 -0.6431 0.7498
vn 0.0958 -0.8744 0.4757
vn -0.0000 1.0000 -0.0000
vn -0.0000 0.8693 0.4943
vn -0.0000 0.6323 0.7747
vn -0.0000 0.4244 0.9055
vn -0.0000 0.2604 0.9655
vn -0.0000 0.1240 0.9923
vn -0.0000 -0.0000 1.0000
vn -0.0000 -0.1240 0.9923
vn -0.0000 -0.2604 0.9655
vn -0.0000 -0.4244 0.9055
vn -0.0000 -0.6323 0.7747
vn -0.0000 -0.8693 0.4943
vn -0.0958 0.8744 0.4757
vn -0.1558 0.6431 0.7498
vn -0.1844 0.4348 0.8814
vn -0.1976 0.2678 0.9430
vn -0.2035 0.1277 0.9707
vn -0.2052 -0.0000 0.9787
vn -0.2035 -0.1277 0.9707
vn -0.1976 -0.2678 0.9430
vn -0.1844 -0.4348 0.8814
vn -0.1558 -0.6431 0.7498
vn -0.0958 -0.8744 0.4757
vn -0.1884 0.8883 0.4189
vn -0.3112 0.6737 0.6703
vn -0.3754 0.4657 0.8013
vn -0.4069 0.2904 0.8661
vn -0.4215 0.1393 0.8961
vn -0.4257 -0.0000 0.9049
vn -0.4215 -0.1393 0.8961
vn -0.4069 -0.2904 0.8661
vn -0.3754 -0.4657 0.8013
vn -0.3112 -0.6737 0.6703
vn -0.1884 -0.8883 0.4189
vn -0.2725 0.9073 0.3203
vn -0.4600 0.7174 0.5232
vn -0.5706 0.5134 0.6410
vn -0.6301 0.3269 0.7043
vn -0.6591 0.1586 0.7352
vn -0.6677 -0.0000 0.7444
vn -0.6591 -0.1586 0.7352
vn -0.6301 -0.3269 0.7043
vn -0.5706 -0.5134 0.6410
vn -0.4600 -0.7174 0.5232
vn -0.2725 -0.9073 0.3203
vn -0.3370 0.9246 0.1775
vn -0.5800 0.7593 0.2951
vn -0.7392 0.5627 0.3701
vn -0.8331 0.3670 0.4138
vn -0.8816 0.1804 0.4362
vn -0.8965 -0.0000 0.4431
vn -0.8816 -0.1804 0.4362
vn -0.8331 -0.3670 0.4138
vn -0.7392 -0.5627 0.3701
vn -0.5800 -0.7593 0.2951
vn -0.3370 -0.9246 0.1775
vn -0.3628 0.9319 -0.0000
vn -0.6291 0.7773 -0.0000
vn -0.8111 0.5849 -0.0000
vn -0.9226 0.3858 -0.0000
vn -0.9816 0.1908 -0.0000
vn -1.0000 -0.0000 -0.0000
vn -0.9816 -0.1908 -0.0000
vn -0.9226 -0.3858 -0.0000
vn -0.8111 -0.5849 -0.0000
vn -0.6291 -0.7773 -0.0000
vn -0.3628 -0.9319 -0.0000
vn -0.3370 0.9246 -0.1775
vn -0.5800 0.7593 -0.2951
vn -0.7392 0.5627 -0.3701
vn -0.8331 0.3670 -0.4138
vn -0.8816 0.1804 -0.4362
vn -0.8965 -0.0000 -0.4431
vn -0.8816 -0.1804 -0.4362
vn -0.8331 -0.3670 -0.4138
vn -0.7392 -0.5627 -0.3701
vn -0.5800 -0.7593 -0.2951
vn -0.3370 -0.9246 -0.1775
vn -0.2725 0.9073 -0.3203
vn -0.4600 0.7174 -0.5232
vn -0.5706 0.5134 -0.6410
vn -0.6301 0.3269 -0.7043
vn -0.6591 0.1586 -0.7352
vn -0.6677 -0.0000 -0.7444
vn -0.6591 -0.1586 -0.7352
vn -0.6301 -0.3269 -0.7043
vn -0.5706 -0.5134 -0.6410
vn -0.4600 -0.7174 -0.5232
vn -0.2725 -0.9073 -0.3203
vn -0.1884 0.8883 -0.4189
vn -0.3112 0.6737 -0.6703
vn -0.3754 0.4657 -0.8013
vn -0.4069 0.2904 -0.8661
vn -0.4215 0.1393 -0.8961
vn -0.4257 -0.0000 -0.9049
vn -0.4215 -0.1393 -0.8961
vn -0.4069 -0.2904 -0.8661
vn -0.3754 -0.4657 -0.8013
vn -0.3112 -0.6737 -0.6703
vn -0.1884 -0.8883 -0.4189
vn -0.0958 0.8744 -0.4757
vn -0.1558 0.6431 -0.7498
vn -0.1844 0.4348 -0.8814
vn -0.1976 0.2678 -0.9430
vn -0.2035 0.1277 -0.9707
vn -0.2052 -0.0000 -0.9787
vn -0.2035 -0.1277 -0.9707
vn -0.1976 -0.2678 -0.9430
vn -0.1844 -0.4348 -0.8814
vn -0.1558 -0.6431 -0.7498
vn -0.0958 -0.8744 -0.4757
vn -0.0000 0.4244 -0.9055
vn -0.0000 0.2604 -0.9655
vn -0.0000 -0.2604 -0.9655
vn -0.0000 -0.4244 -0.9055
vt 0.750000 0.416667
vt 0.750000 0.500000
vt 0.700000 0.500000
vt 0.700000 0.416667
vt 0.750000 0.666667
vt 0.750000 0.750000
vt 0.700000 0.750000
vt 0.700000 0.666667
vt 0.750000 0.083333
vt 0.750000 0.166667
vt 0.700000 0.166667
vt 0.700000 0.083333
vt 0.750000 0.916667
vt 0.725000 1.000000
vt 0.700000 0.916667
vt 0.750000 0.333333
vt 0.700000 0.333333
vt 0.750000 0.583333
vt 0.700000 0.583333
vt 0.725000 0.000000
vt 0.750000 0.833333
vt 0.700000 0.833333
vt 0.750000 0.250000
vt 0.700000 0.250000
vt 0.650000 0.666667
vt 0.650000 0.583333
vt 0.675000 0.000000
vt 0.650000 0.083333
vt 0.650000 0.916667
vt 0.650000 0.833333
vt 0.650000 0.333333
vt 0.650000 0.250000
vt 0.650000 0.500000
vt 0.650000 0.750000
vt 0.650000 0.166667
vt 0.650000 0.416667
vt 0.675000 1.000000
vt 0.600000 0.750000
vt 0.600000 0.666667
vt 0.600000 0.166667
vt 0.600000 0.083333
vt 0.625000 1.000000
vt 0.600000 0.916667
vt 0.600000 0.416667
vt 0.600000 0.333333
vt 0.600000 0.583333
vt 0.625000 0.000000
vt 0.600000 0.833333
vt 0.600000 0.250000
vt 0.600000 0.500000
vt 0.550000 0.583333
vt 0.550000 0.500000
vt 0.550000 0.833333
vt 0.550000 0.750000
vt 0.550000 0.250000
vt 0.550000 0.166667
vt 0.550000 0.416667
vt 0.550000 0.666667
vt 0.550000 0.083333
vt 0.575000 1.000000
vt 0.550000 0.916667
vt 0.550000 0.333333
vt 0.575000 0.000000
vt 0.500000 0.666667
vt 0.500000 0.583333
vt 0.525000 0.000000
vt 0.500000 0.083333
vt 0.500000 0.916667
vt 0.500000 0.833333
vt 0.500000 0.333333
vt 0.500000 0.250000
vt 0.500000 0.500000
vt 0.500000 0.750000
vt 0.500000 0.166667
vt 0.500000 0.416667
vt 0.525000 1.000000
vt 0.450000 0.500000
vt 0.450000 0.416667
vt 0.450000 0.750000
vt 0.450000 0.666667
vt 0.450000 0.166667
vt 0.450000 0.083333
vt 0.475000 1.000000
vt 0.450000 0.916667
vt 0.450000 0.333333
vt 0.450000 0.583333
vt 0.475000 0.000000
vt 0.450000 0.833333
vt 0.450000 0.250000
vt 0.400000 0.583333
vt 0.400000 0.500000
vt 0.400000 0.833333
vt 0.400000 0.750000
vt 0.400000 0.250000
vt 0.400000 0.166667
vt 0.400000 0.416667
vt 0.400000 0.666667
vt 0.400000 0.083333
vt 0.425000 1.000000
vt 0.400000 0.916667
vt 0.400000 0.333333
vt 0.425000 0.000000
vt 0.350000 0.416667
vt 0.350000 0.333333
vt 0.350000 0.666667
vt 0.350000 0.583333
vt 0.375000 0.000000
vt 0.350000 0.083333
vt 0.350000 0.916667
vt 0.350000 0.833333
vt 0.350000 0.250000
vt 0.350000 0.500000
vt 0.350000 0.750000
vt 0.350000 0.166667
vt 0.375000 1.000000
vt 0.300000 0.500000
vt 0.300000 0.416667
vt 0.300000 0.750000
vt 0.300000 0.666667
vt 0.300000 0.166667
vt 0.300000 0.083333
vt 0.325000 1.000000
vt 0.300000 0.916667
vt 0.300000 0.333333
vt 0.300000 0.583333
vt 0.325000 0.000000
vt 0.300000 0.833333
vt 0.300000 0.250000
vt 0.250000 0.333333
vt 0.250000 0.250000
vt 0.250000 0.583333
vt 0.250000 0.500000
vt 0.250000 0.833333
vt 0.250000 0.750000
vt 0.250000 0.166667
vt 0.250000 0.416667
vt 0.250000 0.666667
vt 0.250000 0.083333
vt 0.275000 1.000000
vt 0.250000 0.916667
vt 0.275000 0.000000
vt 0.225000 1.000000
vt 0.200000 0.916667
vt 0.200000 0.416667
vt 0.200000 0.333333
vt 0.200000 0.666667
vt 0.200000 0.583333
vt 0.225000 0.000000
vt 0.200000 0.083333
vt 0.200000 0.833333
vt 0.200000 0.250000
vt 0.200000 0.500000
vt 0.200000 0.750000
vt 0.200000 0.166667
vt 0.150000 0.250000
vt 0.150000 0.166667
vt 0.150000 0.500000
vt 0.150000 0.416667
vt 0.150000 0.750000
vt 0.150000 0.666667
vt 0.150000 0.083333
vt 0.175000 1.000000
vt 0.150000 0.916667
vt 0.150000 0.333333
vt 0.150000 0.583333
vt 0.175000 0.000000
vt 0.150000 0.833333
vt 0.100000 0.916667
vt 0.100000 0.833333
vt 0.100000 0.333333
vt 0.100000 0.250000
vt 0.100000 0.583333
vt 0.100000 0.500000
vt 0.100000 0.750000
vt 0.100000 0.166667
vt 0.100000 0.416667
vt 0.100000 0.666667
vt 0.100000 0.083333
vt 0.125000 1.000000
vt 0.125000 0.000000
vt 0.050000 0.166667
vt 0.050000 0.083333
vt 0.075000 1.000000
vt 0.050000 0.916667
vt 0.050000 0.416667
vt 0.050000 0.333333
vt 0.050000 0.666667
vt 0.050000 0.583333
vt 0.075000 0.000000
vt 0.050000 0.833333
vt 0.050000 0.250000
vt 0.050000 0.500000
vt 0.050000 0.750000
vt 0.000000 0.833333
vt 0.000000 0.750000
vt 0.000000 0.250000
vt 0.000000 0.166667
vt 0.000000 0.500000
vt 0.000000 0.416667
vt 0.000000 0.666667
vt 0.000000 0.083333
vt 0.025000 1.000000
vt 0.000000 0.916667
vt 0.000000 0.333333
vt 0.000000 0.583333
vt 0.025000 0.000000
vt 0.975000 0.000000
vt 1.000000 0.083333
vt 0.950000 0.083333
vt 1.000000 0.833333
vt 1.000000 0.916667
vt 0.950000 0.916667
vt 0.950000 0.833333
vt 1.000000 0.250000
vt 1.000000 0.333333
vt 0.950000 0.333333
vt 0.950000 0.250000
vt 1.000000 0.500000
vt 1.000000 0.583333
vt 0.950000 0.583333
vt 0.950000 0.500000
vt 1.000000 0.750000
vt 0.950000 0.750000
vt 1.000000 0.166667
vt 0.950000 0.166667
vt 1.000000 0.416667
vt 0.950000 0.416667
vt 1.000000 0.666667
vt 0.950000 0.666667
vt 0.975000 1.000000
vt 0.900000 0.750000
vt 0.900000 0.666667
vt 0.900000 0.166667
vt 0.900000 0.083333
vt 0.925000 1.000000
vt 0.900000 0.916667
vt 0.900000 0.416667
vt 0.900000 0.333333
vt 0.900000 0.583333
vt 0.925000 0.000000
vt 0.900000 0.833333
vt 0.900000 0.250000
vt 0.900000 0.500000
vt 0.850000 0.833333
vt 0.850000 0.750000
vt 0.850000 0.250000
vt 0.850000 0.166667
vt 0.850000 0.500000
vt 0.850000 0.416667
vt 0.850000 0.666667
vt 0.850000 0.083333
vt 0.875000 1.000000
vt 0.850000 0.916667
vt 0.850000 0.333333
vt 0.850000 0.583333
vt 0.875000 0.000000
vt 0.800000 0.666667
vt 0.800000 0.583333
vt 0.825000 0.000000
vt 0.800000 0.083333
vt 0.800000 0.916667
vt 0.800000 0.833333
vt 0.800000 0.333333
vt 0.800000 0.250000
vt 0.800000 0.500000
vt 0.800000 0.750000
vt 0.800000 0.166667
vt 0.800000 0.416667
vt 0.825000 1.000000
vt 0.775000 1.000000
vt 0.775000 0.000000
s 1
usemtl RunicAmber
f 849/1198/823 848/1199/822 857/1200/831 858/1201/832
f 1064/1202/1038 1063/1203/1037 854/1204/828 855/1205/829
f 851/1206/825 850/1207/824 861/1208/835 862/1209/836
f 845/1210/819 952/1211/926 852/1212/826
f 1065/1213/1039 849/1198/823 858/1201/832 859/1214/833
f 847/1215/821 1064/1202/1038 855/1205/829 856/1216/830
f 874/1217/848 851/1206/825 862/1209/836
f 846/1218/820 845/1210/819 852/1212/826 853/1219/827
f 1066/1220/1040 1065/1213/1039 859/1214/833 860/1221/834
f 848/1199/822 847/1215/821 856/1216/830 857/1200/831
f 1063/1203/1037 846/1218/820 853/1219/827 854/1204/828
f 850/1207/824 1066/1220/1040 860/1221/834 861/1208/835
f 856/1216/830 855/1205/829 866/1222/840 867/1223/841
f 874/1224/848 862/1209/836 873/1225/847
f 853/1219/827 852/1212/826 863/1226/837 864/1227/838
f 860/1221/834 859/1214/833 870/1228/844 871/1229/845
f 857/1200/831 856/1216/830 867/1223/841 868/1230/842
f 854/1204/828 853/1219/827 864/1227/838 865/1231/839
f 861/1208/835 860/1221/834 871/1229/845 872/1232/846
f 858/1201/832 857/1200/831 868/1230/842 869/1233/843
f 855/1205/829 854/1204/828 865/1231/839 866/1222/840
f 862/1209/836 861/1208/835 872/1232/846 873/1225/847
f 852/1212/826 952/1234/926 863/1226/837
f 859/1214/833 858/1201/832 869/1233/843 870/1228/844
f 866/1222/840 865/1231/839 877/1235/851 878/1236/852
f 873/1225/847 872/1232/846 884/1237/858 885/1238/859
f 863/1226/837 952/1239/926 875/1240/849
f 870/1228/844 869/1233/843 881/1241/855 882/1242/856
f 867/1223/841 866/1222/840 878/1236/852 879/1243/853
f 874/1244/848 873/1225/847 885/1238/859
f 864/1227/838 863/1226/837 875/1240/849 876/1245/850
f 871/1229/845 870/1228/844 882/1242/856 883/1246/857
f 868/1230/842 867/1223/841 879/1243/853 880/1247/854
f 865/1231/839 864/1227/838 876/1245/850 877/1235/851
f 872/1232/846 871/1229/845 883/1246/857 884/1237/858
f 869/1233/843 868/1230/842 880/1247/854 881/1241/855
f 880/1247/854 879/1243/853 890/1248/864 891/1249/865
f 877/1235/851 876/1245/850 887/1250/861 888/1251/862
f 884/1237/858 883/1246/857 894/1252/868 895/1253/869
f 881/1241/855 880/1247/854 891/1249/865 892/1254/866
f 878/1236/852 877/1235/851 888/1251/862 889/1255/863
f 885/1238/859 884/1237/858 895/1253/869 896/1256/870
f 875/1240/849 952/1257/926 886/1258/860
f 882/1242/856 881/1241/855 892/1254/866 893/1259/867
f 879/1243/853 878/1236/852 889/1255/863 890/1248/864
f 874/1260/848 885/1238/859 896/1256/870
f 876/1245/850 875/1240/849 886/1258/860 887/1250/861
f 883/1246/857 882/1242/856 893/1259/867 894/1252/868
f 890/1248/864 889/1255/863 900/1261/874 901/1262/875
f 874/1263/848 896/1256/870 907/1264/881
f 887/1250/861 886/1258/860 897/1265/871 898/1266/872
f 894/1252/868 893/1259/867 904/1267/878 905/1268/879
f 891/1249/865 890/1248/864 901/1262/875 902/1269/876
f 888/1251/862 887/1250/861 898/1266/872 899/1270/873
f 895/1253/869 894/1252/868 905/1268/879 906/1271/880
f 892/1254/866 891/1249/865 902/1269/876 903/1272/877
f 889/1255/863 888/1251/862 899/1270/873 900/1261/874
f 896/1256/870 895/1253/869 906/1271/880 907/1264/881
f 886/1258/860 952/1273/926 897/1265/871
f 893/1259/867 892/1254/866 903/1272/877 904/1267/878
f 903/1272/877 902/1269/876 913/1274/887 914/1275/888
f 900/1261/874 899/1270/873 910/1276/884 911/1277/885
f 907/1264/881 906/1271/880 917/1278/891 918/1279/892
f 897/1265/871 952/1280/926 908/1281/882
f 904/1267/878 903/1272/877 914/1275/888 915/1282/889
f 901/1262/875 900/1261/874 911/1277/885 912/1283/886
f 874/1284/848 907/1264/881 918/1279/892
f 898/1266/872 897/1265/871 908/1281/882 909/1285/883
f 905/1268/879 904/1267/878 915/1282/889 916/1286/890
f 902/1269/876 901/1262/875 912/1283/886 913/1274/887
f 899/1270/873 898/1266/872 909/1285/883 910/1276/884
f 906/1271/880 905/1268/879 916/1286/890 917/1278/891
f 913/1274/887 912/1283/886 923/1287/897 924/1288/898
f 910/1276/884 909/1285/883 920/1289/894 921/1290/895
f 917/1278/891 916/1286/890 927/1291/901 928/1292/902
f 914/1275/888 913/1274/887 924/1288/898 925/1293/899
f 911/1277/885 910/1276/884 921/1290/895 922/1294/896
f 918/1279/892 917/1278/891 928/1292/902 929/1295/903
f 908/1281/882 952/1296/926 919/1297/893
f 915/1282/889 914/1275/888 925/1293/899 926/1298/900
f 912/1283/886 911/1277/885 922/1294/896 923/1287/897
f 874/1299/848 918/1279/892 929/1295/903
f 909/1285/883 908/1281/882 919/1297/893 920/1289/894
f 916/1286/890 915/1282/889 926/1298/900 927/1291/901
f 926/1298/900 925/1293/899 936/1300/910 937/1301/911
f 923/1287/897 922/1294/896 933/1302/907 934/1303/908
f 874/1304/848 929/1295/903 940/1305/914
f 920/1289/894 919/1297/893 930/1306/904 931/1307/905
f 927/1291/901 926/1298/900 937/1301/911 938/1308/912
f 924/1288/898 923/1287/897 934/1303/908 935/1309/909
f 921/1290/895 920/1289/894 931/1307/905 932/1310/906
f 928/1292/902 927/1291/901 938/1308/912 939/1311/913
f 925/1293/899 924/1288/898 935/1309/909 936/1300/910
f 922/1294/896 921/1290/895 932/1310/906 933/1302/907
f 929/1295/903 928/1292/902 939/1311/913 940/1305/914
f 919/1297/893 952/1312/926 930/1306/904
f 936/1300/910 935/1309/909 946/1313/920 947/1314/921
f 933/1302/907 932/1310/906 943/1315/917 944/1316/918
f 940/1305/914 939/1311/913 950/1317/924 951/1318/925
f 930/1306/904 952/1319/926 941/1320/915
f 937/1301/911 936/1300/910 947/1314/921 948/1321/922
f 934/1303/908 933/1302/907 944/1316/918 945/1322/919
f 874/1323/848 940/1305/914 951/1318/925
f 931/1307/905 930/1306/904 941/1320/915 942/1324/916
f 938/1308/912 937/1301/911 948/1321/922 949/1325/923
f 935/1309/909 934/1303/908 945/1322/919 946/1313/920
f 932/1310/906 931/1307/905 942/1324/916 943/1315/917
f 939/1311/913 938/1308/912 949/1325/923 950/1317/924
f 949/1325/923 948/1321/922 960/1326/934 961/1327/935
f 946/1313/920 945/1322/919 957/1328/931 958/1329/932
f 943/1315/917 942/1324/916 954/1330/928 955/1331/929
f 950/1317/924 949/1325/923 961/1327/935 962/1332/936
f 947/1314/921 946/1313/920 958/1329/932 959/1333/933
f 944/1316/918 943/1315/917 955/1331/929 956/1334/930
f 951/1318/925 950/1317/924 962/1332/936 963/1335/937
f 941/1320/915 952/1336/926 953/1337/927
f 948/1321/922 947/1314/921 959/1333/933 960/1326/934
f 945/1322/919 944/1316/918 956/1334/930 957/1328/931
f 874/1338/848 951/1318/925 963/1335/937
f 942/1324/916 941/1320/915 953/1337/927 954/1330/928
f 953/1337/927 952/1339/926 964/1340/938
f 960/1326/934 959/1333/933 970/1341/944 971/1342/945
f 957/1328/931 956/1334/930 967/1343/941 968/1344/942
f 874/1345/848 963/1335/937 974/1346/948
f 954/1330/928 953/1337/927 964/1340/938 965/1347/939
f 961/1327/935 960/1326/934 971/1342/945 972/1348/946
f 958/1329/932 957/1328/931 968/1344/942 969/1349/943
f 955/1331/929 954/1330/928 965/1347/939 966/1350/940
f 962/1332/936 961/1327/935 972/1348/946 973/1351/947
f 959/1333/933 958/1329/932 969/1349/943 970/1341/944
f 956/1334/930 955/1331/929 966/1350/940 967/1343/941
f 963/1335/937 962/1332/936 973/1351/947 974/1346/948
f 973/1351/947 972/1348/946 983/1352/957 984/1353/958
f 970/1341/944 969/1349/943 980/1354/954 981/1355/955
f 967/1343/941 966/1350/940 977/1356/951 978/1357/952
f 974/1346/948 973/1351/947 984/1353/958 985/1358/959
f 964/1340/938 952/1359/926 975/1360/949
f 971/1342/945 970/1341/944 981/1355/955 982/1361/956
f 968/1344/942 967/1343/941 978/1357/952 979/1362/953
f 874/1363/848 974/1346/948 985/1358/959
f 965/1347/939 964/1340/938 975/1360/949 976/1364/950
f 972/1348/946 971/1342/945 982/1361/956 983/1352/957
f 969/1349/943 968/1344/942 979/1362/953 980/1354/954
f 966/1350/940 965/1347/939 976/1364/950 977/1356/951
f 976/1364/950 975/1360/949 986/1365/960 987/1366/961
f 983/1352/957 982/1361/956 993/1367/967 994/1368/968
f 980/1354/954 979/1362/953 990/1369/964 991/1370/965
f 977/1356/951 976/1364/950 987/1366/961 988/1371/962
f 984/1353/958 983/1352/957 994/1368/968 995/1372/969
f 981/1355/955 980/1354/954 991/1370/965 992/1373/966
f 978/1357/952 977/1356/951 988/1371/962 989/1374/963
f 985/1358/959 984/1353/958 995/1372/969 996/1375/970
f 975/1360/949 952/1376/926 986/1365/960
f 982/1361/956 981/1355/955 992/1373/966 993/1367/967
f 979/1362/953 978/1357/952 989/1374/963 990/1369/964
f 874/1377/848 985/1358/959 996/1375/970
f 996/1375/970 995/1372/969 1006/1378/980 1007/1379/981
f 986/1365/960 952/1380/926 997/1381/971
f 993/1367/967 992/1373/966 1003/1382/977 1004/1383/978
f 990/1369/964 989/1374/963 1000/1384/974 1001/1385/975
f 874/1386/848 996/1375/970 1007/1379/981
f 987/1366/961 986/1365/960 997/1381/971 998/1387/972
f 994/1368/968 993/1367/967 1004/1383/978 1005/1388/979
f 991/1370/965 990/1369/964 1001/1385/975 1002/1389/976
f 988/1371/962 987/1366/961 998/1387/972 999/1390/973
f 995/1372/969 994/1368/968 1005/1388/979 1006/1378/980
f 992/1373/966 991/1370/965 1002/1389/976 1003/1382/977
f 989/1374/963 988/1371/962 999/1390/973 1000/1384/974
f 999/1390/973 998/1387/972 1009/1391/983 1010/1392/984
f 1006/1378/980 1005/1388/979 1016/1393/990 1017/1394/991
f 1003/1382/977 1002/1389/976 1013/1395/987 1014/1396/988
f 1000/1384/974 999/1390/973 1010/1392/984 1011/1397/985
f 1007/1379/981 1006/1378/980 1017/1394/991 1018/1398/992
f 997/1381/971 952/1399/926 1008/1400/982
f 1004/1383/978 1003/1382/977 1014/1396/988 1015/1401/989
f 1001/1385/975 1000/1384/974 1011/1397/985 1012/1402/986
f 874/1403/848 1007/1379/981 1018/1398/992
f 998/1387/972 997/1381/971 1008/1400/982 1009/1391/983
f 1005/1388/979 1004/1383/978 1015/1401/989 1016/1393/990
f 1002/1389/976 1001/1385/975 1012/1402/986 1013/1395/987
f 874/1404/848 1018/1405/992 1029/1406/1003
f 1009/1407/983 1008/1408/982 1019/1409/993 1020/1410/994
f 1016/1411/990 1015/1412/989 1026/1413/1000 1027/1414/1001
f 1013/1415/987 1012/1416/986 1023/1417/997 1024/1418/998
f 1010/1419/984 1009/1407/983 1020/1410/994 1021/1420/995
f 1017/1421/991 1016/1411/990 1027/1414/1001 1028/1422/1002
f 1014/1423/988 1013/1415/987 1024/1418/998 1025/1424/999
f 1011/1425/985 1010/1419/984 1021/1420/995 1022/1426/996
f 1018/1405/992 1017/1421/991 1028/1422/1002 1029/1406/1003
f 1008/1408/982 952/1427/926 1019/1409/993
f 1015/1412/989 1014/1423/988 1025/1424/999 1026/1413/1000
f 1012/1416/986 1011/1425/985 1022/1426/996 1023/1417/997
f 1022/1426/996 1021/1420/995 1032/1428/1006 1033/1429/1007
f 1029/1406/1003 1028/1422/1002 1039/1430/1013 1040/1431/1014
f 1019/1409/993 952/1432/926 1030/1433/1004
f 1026/1413/1000 1025/1424/999 1036/1434/1010 1037/1435/1011
f 1023/1417/997 1022/1426/996 1033/1429/1007 1034/1436/1008
f 874/1437/848 1029/1406/1003 1040/1431/1014
f 1020/1410/994 1019/1409/993 1030/1433/1004 1031/1438/1005
f 1027/1414/1001 1026/1413/1000 1037/1435/1011 1038/1439/1012
f 1024/1418/998 1023/1417/997 1034/1436/1008 1035/1440/1009
f 1021/1420/995 1020/1410/994 1031/1438/1005 1032/1428/1006
f 1028/1422/1002 1027/1414/1001 1038/1439/1012 1039/1430/1013
f 1025/1424/999 1024/1418/998 1035/1440/1009 1036/1434/1010
f 1032/1428/1006 1031/1438/1005 1042/1441/1016 1043/1442/1017
f 1039/1430/1013 1038/1439/1012 1049/1443/1023 1050/1444/1024
f 1036/1434/1010 1035/1440/1009 1046/1445/1020 1047/1446/1021
f 1033/1429/1007 1032/1428/1006 1043/1442/1017 1044/1447/1018
f 1040/1431/1014 1039/1430/1013 1050/1444/1024 1051/1448/1025
f 1030/1433/1004 952/1449/926 1041/1450/1015
f 1037/1435/1011 1036/1434/1010 1047/1446/1021 1048/1451/1022
f 1034/1436/1008 1033/1429/1007 1044/1447/1018 1045/1452/1019
f 874/1453/848 1040/1431/1014 1051/1448/1025
f 1031/1438/1005 1030/1433/1004 1041/1450/1015 1042/1441/1016
f 1038/1439/1012 1037/1435/1011 1048/1451/1022 1049/1443/1023
f 1035/1440/1009 1034/1436/1008 1045/1452/1019 1046/1445/1020
f 1045/1452/1019 1044/1447/1018 1055/1454/1029 1056/1455/1030
f 874/1456/848 1051/1448/1025 1062/1457/1036
f 1042/1441/1016 1041/1450/1015 1052/1458/1026 1053/1459/1027
f 1049/1443/1023 1048/1451/1022 1059/1460/1033 1060/1461/1034
f 1046/1445/1020 1045/1452/1019 1056/1455/1030 1057/1462/1031
f 1043/1442/1017 1042/1441/1016 1053/1459/1027 1054/1463/1028
f 1050/1444/1024 1049/1443/1023 1060/1461/1034 1061/1464/1035
f 1047/1446/1021 1046/1445/1020 1057/1462/1031 1058/1465/1032
f 1044/1447/1018 1043/1442/1017 1054/1463/1028 1055/1454/1029
f 1051/1448/1025 1050/1444/1024 1061/1464/1035 1062/1457/1036
f 1041/1450/1015 952/1466/926 1052/1458/1026
f 1048/1451/1022 1047/1446/1021 1058/1465/1032 1059/1460/1033
f 1055/1454/1029 1054/1463/1028 1063/1203/1037 1064/1202/1038
f 1062/1457/1036 1061/1464/1035 850/1207/824 851/1206/825
f 1052/1458/1026 952/1467/926 845/1210/819
f 1059/1460/1033 1058/1465/1032 849/1198/823 1065/1213/1039
f 1056/1455/1030 1055/1454/1029 1064/1202/1038 847/1215/821
f 874/1468/848 1062/1457/1036 851/1206/825
f 1053/1459/1027 1052/1458/1026 845/1210/819 846/1218/820
f 1060/1461/1034 1059/1460/1033 1065/1213/1039 1066/1220/1040
f 1057/1462/1031 1056/1455/1030 847/1215/821 848/1199/822
f 1054/1463/1028 1053/1459/1027 846/1218/820 1063/1203/1037
f 1061/1464/1035 1060/1461/1034 1066/1220/1040 850/1207/824
f 1058/1465/1032 1057/1462/1031 848/1199/822 849/1198/823
o iron_tether
v 0.323422 0.310000 -0.110561
v 0.323422 0.690000 -0.110561
v 0.345922 0.310000 -0.104532
v 0.345922 0.690000 -0.104532
v 0.362393 0.310000 -0.088061
v 0.362393 0.690000 -0.088061
v 0.368422 0.310000 -0.065561
v 0.368422 0.690000 -0.065561
v 0.362393 0.310000 -0.043061
v 0.362393 0.690000 -0.043061
v 0.345922 0.310000 -0.026590
v 0.345922 0.690000 -0.026590
v 0.323422 0.310000 -0.020561
v 0.323422 0.690000 -0.020561
v 0.300922 0.310000 -0.026590
v 0.300922 0.690000 -0.026590
v 0.284451 0.310000 -0.043061
v 0.284451 0.690000 -0.043061
v 0.278422 0.310000 -0.065561
v 0.278422 0.690000 -0.065561
v 0.284451 0.310000 -0.088061
v 0.284451 0.690000 -0.088061
v 0.300922 0.310000 -0.104532
v 0.300922 0.690000 -0.104532
vn -0.0000 -0.6532 -0.7572
vn -0.0000 0.6532 -0.7572
vn 0.3786 -0.6532 -0.6557
vn 0.3786 0.6532 -0.6557
vn 0.6557 -0.6532 -0.3786
vn 0.6557 0.6532 -0.3786
vn 0.7572 -0.6532 -0.0000
vn 0.7572 0.6532 -0.0000
vn 0.6557 -0.6532 0.3786
vn 0.6557 0.6532 0.3786
vn 0.3786 -0.6532 0.6557
vn 0.3786 0.6532 0.6557
vn -0.0000 -0.6532 0.7572
vn -0.0000 0.6532 0.7572
vn -0.3786 -0.6532 0.6557
vn -0.3786 0.6532 0.6557
vn -0.6557 -0.6532 0.3786
vn -0.6557 0.6532 0.3786
vn -0.7572 -0.6532 -0.0000
vn -0.7572 0.6532 -0.0000
vn -0.6557 -0.6532 -0.3786
vn -0.6557 0.6532 -0.3786
vn -0.3786 -0.6532 -0.6557
vn -0.3786 0.6532 -0.6557
vt 1.000000 0.500000
vt 1.000000 1.000000
vt 0.916667 1.000000
vt 0.916667 0.500000
vt 0.833333 1.000000
vt 0.833333 0.500000
vt 0.750000 1.000000
vt 0.750000 0.500000
vt 0.666667 1.000000
vt 0.666667 0.500000
vt 0.583333 1.000000
vt 0.583333 0.500000
vt 0.500000 1.000000
vt 0.500000 0.500000
vt 0.416667 1.000000
vt 0.416667 0.500000
vt 0.333333 1.000000
vt 0.333333 0.500000
vt 0.250000 1.000000
vt 0.250000 0.500000
vt 0.166667 1.000000
vt 0.166667 0.500000
vt 0.370000 0.457846
vt 0.250000 0.490000
vt 0.130000 0.457846
vt 0.042154 0.370000
vt 0.010000 0.250000
vt 0.042154 0.130000
vt 0.130000 0.042154
vt 0.250000 0.010000
vt 0.370000 0.042154
vt 0.457846 0.130000
vt 0.490000 0.250000
vt 0.457846 0.370000
vt 0.083333 1.000000
vt 0.083333 0.500000
vt 0.000000 1.000000
vt 0.000000 0.500000
vt 0.750000 0.490000
vt 0.870000 0.457846
vt 0.957846 0.370000
vt 0.990000 0.250000
vt 0.957846 0.130000
vt 0.870000 0.042154
vt 0.750000 0.010000
vt 0.630000 0.042154
vt 0.542154 0.130000
vt 0.510000 0.250000
vt 0.542154 0.370000
vt 0.630000 0.457846
s 1
usemtl BlackIron
f 1067/1469/1041 1068/1470/1042 1070/1471/1044 1069/1472/1043
f 1069/1472/1043 1070/1471/1044 1072/1473/1046 1071/1474/1045
f 1071/1474/1045 1072/1473/1046 1074/1475/1048 1073/1476/1047
f 1073/1476/1047 1074/1475/1048 1076/1477/1050 1075/1478/1049
f 1075/1478/1049 1076/1477/1050 1078/1479/1052 1077/1480/1051
f 1077/1480/1051 1078/1479/1052 1080/1481/1054 1079/1482/1053
f 1079/1482/1053 1080/1481/1054 1082/1483/1056 1081/1484/1055
f 1081/1484/1055 1082/1483/1056 1084/1485/1058 1083/1486/1057
f 1083/1486/1057 1084/1485/1058 1086/1487/1060 1085/1488/1059
f 1085/1488/1059 1086/1487/1060 1088/1489/1062 1087/1490/1061
f 1070/1491/1044 1068/1492/1042 1090/1493/1064 1088/1494/1062 1086/1495/1060 1084/1496/1058 1082/1497/1056 1080/1498/1054 1078/1499/1052 1076/1500/1050 1074/1501/1048 1072/1502/1046
f 1087/1490/1061 1088/1489/1062 1090/1503/1064 1089/1504/1063
f 1089/1504/1063 1090/1503/1064 1068/1505/1042 1067/1506/1041
f 1067/1507/1041 1069/1508/1043 1071/1509/1045 1073/1510/1047 1075/1511/1049 1077/1512/1051 1079/1513/1053 1081/1514/1055 1083/1515/1057 1085/1516/1059 1087/1517/1061 1089/1518/1063
o iron_tether.001
v -0.218391 0.310000 -0.292397
v -0.218391 0.690000 -0.292397
v -0.195891 0.310000 -0.286369
v -0.195891 0.690000 -0.286369
v -0.179420 0.310000 -0.269898
v -0.179420 0.690000 -0.269898
v -0.173391 0.310000 -0.247398
v -0.173391 0.690000 -0.247398
v -0.179420 0.310000 -0.224898
v -0.179420 0.690000 -0.224898
v -0.195891 0.310000 -0.208426
v -0.195891 0.690000 -0.208426
v -0.218391 0.310000 -0.202398
v -0.218391 0.690000 -0.202398
v -0.240891 0.310000 -0.208426
v -0.240891 0.690000 -0.208426
v -0.257362 0.310000 -0.224898
v -0.257362 0.690000 -0.224898
v -0.263391 0.310000 -0.247398
v -0.263391 0.690000 -0.247398
v -0.257362 0.310000 -0.269898
v -0.257362 0.690000 -0.269898
v -0.240891 0.310000 -0.286369
v -0.240891 0.690000 -0.286369
vn -0.0000 -0.6532 -0.7572
vn -0.0000 0.6532 -0.7572
vn 0.3786 -0.6532 -0.6557
vn 0.3786 0.6532 -0.6557
vn 0.6557 -0.6532 -0.3786
vn 0.6557 0.6532 -0.3786
vn 0.7572 -0.6532 -0.0000
vn 0.7572 0.6532 -0.0000
vn 0.6557 -0.6532 0.3786
vn 0.6557 0.6532 0.3786
vn 0.3786 -0.6532 0.6557
vn 0.3786 0.6532 0.6557
vn -0.0000 -0.6532 0.7572
vn -0.0000 0.6532 0.7572
vn -0.3786 -0.6532 0.6557
vn -0.3786 0.6532 0.6557
vn -0.6557 -0.6532 0.3786
vn -0.6557 0.6532 0.3786
vn -0.7572 -0.6532 -0.0000
vn -0.7572 0.6532 -0.0000
vn -0.6557 -0.6532 -0.3786
vn -0.6557 0.6532 -0.3786
vn -0.3786 -0.6532 -0.6557
vn -0.3786 0.6532 -0.6557
vt 1.000000 0.500000
vt 1.000000 1.000000
vt 0.916667 1.000000
vt 0.916667 0.500000
vt 0.833333 1.000000
vt 0.833333 0.500000
vt 0.750000 1.000000
vt 0.750000 0.500000
vt 0.666667 1.000000
vt 0.666667 0.500000
vt 0.583333 1.000000
vt 0.583333 0.500000
vt 0.500000 1.000000
vt 0.500000 0.500000
vt 0.416667 1.000000
vt 0.416667 0.500000
vt 0.333333 1.000000
vt 0.333333 0.500000
vt 0.250000 1.000000
vt 0.250000 0.500000
vt 0.166667 1.000000
vt 0.166667 0.500000
vt 0.370000 0.457846
vt 0.250000 0.490000
vt 0.130000 0.457846
vt 0.042154 0.370000
vt 0.010000 0.250000
vt 0.042154 0.130000
vt 0.130000 0.042154
vt 0.250000 0.010000
vt 0.370000 0.042154
vt 0.457846 0.130000
vt 0.490000 0.250000
vt 0.457846 0.370000
vt 0.083333 1.000000
vt 0.083333 0.500000
vt 0.000000 1.000000
vt 0.000000 0.500000
vt 0.750000 0.490000
vt 0.870000 0.457846
vt 0.957846 0.370000
vt 0.990000 0.250000
vt 0.957846 0.130000
vt 0.870000 0.042154
vt 0.750000 0.010000
vt 0.630000 0.042154
vt 0.542154 0.130000
vt 0.510000 0.250000
vt 0.542154 0.370000
vt 0.630000 0.457846
s 1
usemtl BlackIron
f 1091/1519/1065 1092/1520/1066 1094/1521/1068 1093/1522/1067
f 1093/1522/1067 1094/1521/1068 1096/1523/1070 1095/1524/1069
f 1095/1524/1069 1096/1523/1070 1098/1525/1072 1097/1526/1071
f 1097/1526/1071 1098/1525/1072 1100/1527/1074 1099/1528/1073
f 1099/1528/1073 1100/1527/1074 1102/1529/1076 1101/1530/1075
f 1101/1530/1075 1102/1529/1076 1104/1531/1078 1103/1532/1077
f 1103/1532/1077 1104/1531/1078 1106/1533/1080 1105/1534/1079
f 1105/1534/1079 1106/1533/1080 1108/1535/1082 1107/1536/1081
f 1107/1536/1081 1108/1535/1082 1110/1537/1084 1109/1538/1083
f 1109/1538/1083 1110/1537/1084 1112/1539/1086 1111/1540/1085
f 1094/1541/1068 1092/1542/1066 1114/1543/1088 1112/1544/1086 1110/1545/1084 1108/1546/1082 1106/1547/1080 1104/1548/1078 1102/1549/1076 1100/1550/1074 1098/1551/1072 1096/1552/1070
f 1111/1540/1085 1112/1539/1086 1114/1553/1088 1113/1554/1087
f 1113/1554/1087 1114/1553/1088 1092/1555/1066 1091/1556/1065
f 1091/1557/1065 1093/1558/1067 1095/1559/1069 1097/1560/1071 1099/1561/1073 1101/1562/1075 1103/1563/1077 1105/1564/1079 1107/1565/1081 1109/1566/1083 1111/1567/1085 1113/1568/1087
o iron_tether.002
v -0.105181 0.310000 0.267789
v -0.105181 0.690000 0.267789
v -0.082681 0.310000 0.273818
v -0.082681 0.690000 0.273818
v -0.066210 0.310000 0.290289
v -0.066210 0.690000 0.290289
v -0.060181 0.310000 0.312789
v -0.060181 0.690000 0.312789
v -0.066210 0.310000 0.335289
v -0.066210 0.690000 0.335289
v -0.082681 0.310000 0.351760
v -0.082681 0.690000 0.351760
v -0.105181 0.310000 0.357789
v -0.105181 0.690000 0.357789
v -0.127681 0.310000 0.351760
v -0.127681 0.690000 0.351760
v -0.144152 0.310000 0.335289
v -0.144152 0.690000 0.335289
v -0.150181 0.310000 0.312789
v -0.150181 0.690000 0.312789
v -0.144152 0.310000 0.290289
v -0.144152 0.690000 0.290289
v -0.127681 0.310000 0.273818
v -0.127681 0.690000 0.273818
vn -0.0000 -0.6532 -0.7572
vn -0.0000 0.6532 -0.7572
vn 0.3786 -0.6532 -0.6557
vn 0.3786 0.6532 -0.6557
vn 0.6557 -0.6532 -0.3786
vn 0.6557 0.6532 -0.3786
vn 0.7572 -0.6532 -0.0000
vn 0.7572 0.6532 -0.0000
vn 0.6557 -0.6532 0.3786
vn 0.6557 0.6532 0.3786
vn 0.3786 -0.6532 0.6557
vn 0.3786 0.6532 0.6557
vn -0.0000 -0.6532 0.7572
vn -0.0000 0.6532 0.7572
vn -0.3786 -0.6532 0.6557
vn -0.3786 0.6532 0.6557
vn -0.6557 -0.6532 0.3786
vn -0.6557 0.6532 0.3786
vn -0.7572 -0.6532 -0.0000
vn -0.7572 0.6532 -0.0000
vn -0.6557 -0.6532 -0.3786
vn -0.6557 0.6532 -0.3786
vn -0.3786 -0.6532 -0.6557
vn -0.3786 0.6532 -0.6557
vt 1.000000 0.500000
vt 1.000000 1.000000
vt 0.916667 1.000000
vt 0.916667 0.500000
vt 0.833333 1.000000
vt 0.833333 0.500000
vt 0.750000 1.000000
vt 0.750000 0.500000
vt 0.666667 1.000000
vt 0.666667 0.500000
vt 0.583333 1.000000
vt 0.583333 0.500000
vt 0.500000 1.000000
vt 0.500000 0.500000
vt 0.416667 1.000000
vt 0.416667 0.500000
vt 0.333333 1.000000
vt 0.333333 0.500000
vt 0.250000 1.000000
vt 0.250000 0.500000
vt 0.166667 1.000000
vt 0.166667 0.500000
vt 0.370000 0.457846
vt 0.250000 0.490000
vt 0.130000 0.457846
vt 0.042154 0.370000
vt 0.010000 0.250000
vt 0.042154 0.130000
vt 0.130000 0.042154
vt 0.250000 0.010000
vt 0.370000 0.042154
vt 0.457846 0.130000
vt 0.490000 0.250000
vt 0.457846 0.370000
vt 0.083333 1.000000
vt 0.083333 0.500000
vt 0.000000 1.000000
vt 0.000000 0.500000
vt 0.750000 0.490000
vt 0.870000 0.457846
vt 0.957846 0.370000
vt 0.990000 0.250000
vt 0.957846 0.130000
vt 0.870000 0.042154
vt 0.750000 0.010000
vt 0.630000 0.042154
vt 0.542154 0.130000
vt 0.510000 0.250000
vt 0.542154 0.370000
vt 0.630000 0.457846
s 1
usemtl BlackIron
f 1115/1569/1089 1116/1570/1090 1118/1571/1092 1117/1572/1091
f 1117/1572/1091 1118/1571/1092 1120/1573/1094 1119/1574/1093
f 1119/1574/1093 1120/1573/1094 1122/1575/1096 1121/1576/1095
f 1121/1576/1095 1122/1575/1096 1124/1577/1098 1123/1578/1097
f 1123/1578/1097 1124/1577/1098 1126/1579/1100 1125/1580/1099
f 1125/1580/1099 1126/1579/1100 1128/1581/1102 1127/1582/1101
f 1127/1582/1101 1128/1581/1102 1130/1583/1104 1129/1584/1103
f 1129/1584/1103 1130/1583/1104 1132/1585/1106 1131/1586/1105
f 1131/1586/1105 1132/1585/1106 1134/1587/1108 1133/1588/1107
f 1133/1588/1107 1134/1587/1108 1136/1589/1110 1135/1590/1109
f 1118/1591/1092 1116/1592/1090 1138/1593/1112 1136/1594/1110 1134/1595/1108 1132/1596/1106 1130/1597/1104 1128/1598/1102 1126/1599/1100 1124/1600/1098 1122/1601/1096 1120/1602/1094
f 1135/1590/1109 1136/1589/1110 1138/1603/1112 1137/1604/1111
f 1137/1604/1111 1138/1603/1112 1116/1605/1090 1115/1606/1089
f 1115/1607/1089 1117/1608/1091 1119/1609/1093 1121/1610/1095 1123/1611/1097 1125/1612/1099 1127/1613/1101 1129/1614/1103 1131/1615/1105 1133/1616/1107 1135/1617/1109 1137/1618/1111
o bound_amber_pebble
v 0.460000 0.632444 -0.019411
v 0.460000 0.624952 -0.037500
v 0.460000 0.579411 -0.072444
v 0.460000 0.560000 -0.075000
v 0.460000 0.540589 -0.072444
v 0.460000 0.495048 -0.037500
v 0.460000 0.487556 -0.019411
v 0.465998 0.632444 -0.018461
v 0.471588 0.624952 -0.035665
v 0.476388 0.613033 -0.050437
v 0.480071 0.597500 -0.061773
v 0.482387 0.579411 -0.068899
v 0.483176 0.560000 -0.071329
v 0.482387 0.540589 -0.068899
v 0.480071 0.522500 -0.061773
v 0.476388 0.506967 -0.050437
v 0.471588 0.495048 -0.035665
v 0.465998 0.487556 -0.018461
v 0.471410 0.632444 -0.015704
v 0.482042 0.624952 -0.030338
v 0.491172 0.613033 -0.042905
v 0.498178 0.597500 -0.052547
v 0.502582 0.579411 -0.058609
v 0.504084 0.560000 -0.060676
v 0.502582 0.540589 -0.058609
v 0.498178 0.522500 -0.052547
v 0.491172 0.506967 -0.042905
v 0.482042 0.495048 -0.030338
v 0.471410 0.487556 -0.015704
v 0.460000 0.485000 0.000000
v 0.475704 0.632444 -0.011410
v 0.490338 0.624952 -0.022042
v 0.502905 0.613033 -0.031172
v 0.512547 0.597500 -0.038178
v 0.518609 0.579411 -0.042582
v 0.520676 0.560000 -0.044084
v 0.518609 0.540589 -0.042582
v 0.512547 0.522500 -0.038178
v 0.502905 0.506967 -0.031172
v 0.490338 0.495048 -0.022042
v 0.475704 0.487556 -0.011410
v 0.478461 0.632444 -0.005998
v 0.495665 0.624952 -0.011588
v 0.510437 0.613033 -0.016388
v 0.521773 0.597500 -0.020071
v 0.528899 0.579411 -0.022387
v 0.531329 0.560000 -0.023176
v 0.528899 0.540589 -0.022387
v 0.521773 0.522500 -0.020071
v 0.510437 0.506967 -0.016388
v 0.495665 0.495048 -0.011588
v 0.478461 0.487556 -0.005998
v 0.479411 0.632444 0.000000
v 0.497500 0.624952 0.000000
v 0.513033 0.613033 0.000000
v 0.524952 0.597500 -0.000000
v 0.532444 0.579411 0.000000
v 0.535000 0.560000 0.000000
v 0.532444 0.540589 0.000000
v 0.524952 0.522500 -0.000000
v 0.513033 0.506967 0.000000
v 0.497500 0.495048 0.000000
v 0.479411 0.487556 0.000000
v 0.478461 0.632444 0.005998
v 0.495665 0.624952 0.011588
v 0.510437 0.613033 0.016388
v 0.521773 0.597500 0.020071
v 0.528899 0.579411 0.022387
v 0.531329 0.560000 0.023176
v 0.528899 0.540589 0.022387
v 0.521773 0.522500 0.020071
v 0.510437 0.506967 0.016388
v 0.495665 0.495048 0.011588
v 0.478461 0.487556 0.005998
v 0.475704 0.632444 0.011410
v 0.490338 0.624952 0.022042
v 0.502905 0.613033 0.031172
v 0.512547 0.597500 0.038178
v 0.518609 0.579411 0.042582
v 0.520676 0.560000 0.044084
v 0.518609 0.540589 0.042582
v 0.512547 0.522500 0.038178
v 0.502905 0.506967 0.031172
v 0.490338 0.495048 0.022042
v 0.475704 0.487556 0.011410
v 0.471410 0.632444 0.015704
v 0.482042 0.624952 0.030338
v 0.491172 0.613033 0.042905
v 0.498178 0.597500 0.052547
v 0.502582 0.579411 0.058609
v 0.504084 0.560000 0.060676
v 0.502582 0.540589 0.058609
v 0.498178 0.522500 0.052547
v 0.491172 0.506967 0.042905
v 0.482042 0.495048 0.030338
v 0.471410 0.487556 0.015704
v 0.465998 0.632444 0.018461
v 0.471588 0.624952 0.035665
v 0.476388 0.613033 0.050437
v 0.480071 0.597500 0.061773
v 0.482387 0.579411 0.068899
v 0.483176 0.560000 0.071329
v 0.482387 0.540589 0.068899
v 0.480071 0.522500 0.061773
v 0.476388 0.506967 0.050437
v 0.471588 0.495048 0.035665
v 0.465998 0.487556 0.018461
v 0.460000 0.635000 0.000000
v 0.460000 0.632444 0.019411
v 0.460000 0.624952 0.037500
v 0.460000 0.613033 0.053033
v 0.460000 0.597500 0.064952
v 0.460000 0.579411 0.072444
v 0.460000 0.560000 0.075000
v 0.460000 0.540589 0.072444
v 0.460000 0.522500 0.064952
v 0.460000 0.506967 0.053033
v 0.460000 0.495048 0.037500
v 0.460000 0.487556 0.019411
v 0.454002 0.632444 0.018461
v 0.448412 0.624952 0.035665
v 0.443612 0.613033 0.050437
v 0.439929 0.597500 0.061773
v 0.437613 0.579411 0.068899
v 0.436824 0.560000 0.071329
v 0.437613 0.540589 0.068899
v 0.439929 0.522500 0.061773
v 0.443612 0.506967 0.050437
v 0.448412 0.495048 0.035665
v 0.454002 0.487556 0.018461
v 0.448590 0.632444 0.015704
v 0.437958 0.624952 0.030338
v 0.428828 0.613033 0.042905
v 0.421822 0.597500 0.052547
v 0.417418 0.579411 0.058609
v 0.415916 0.560000 0.060676
v 0.417418 0.540589 0.058609
v 0.421822 0.522500 0.052547
v 0.428828 0.506967 0.042905
v 0.437958 0.495048 0.030338
v 0.448590 0.487556 0.015704
v 0.444296 0.632444 0.011410
v 0.429662 0.624952 0.022042
v 0.417095 0.613033 0.031172
v 0.407453 0.597500 0.038178
v 0.401391 0.579411 0.042582
v 0.399324 0.560000 0.044084
v 0.401391 0.540589 0.042582
v 0.407453 0.522500 0.038178
v 0.417095 0.506967 0.031172
v 0.429662 0.495048 0.022042
v 0.444296 0.487556 0.011410
v 0.441539 0.632444 0.005998
v 0.424335 0.624952 0.011588
v 0.409563 0.613033 0.016388
v 0.398227 0.597500 0.020071
v 0.391101 0.579411 0.022387
v 0.388671 0.560000 0.023176
v 0.391101 0.540589 0.022387
v 0.398227 0.522500 0.020071
v 0.409563 0.506967 0.016388
v 0.424335 0.495048 0.011588
v 0.441539 0.487556 0.005998
v 0.440589 0.632444 -0.000000
v 0.422500 0.624952 0.000000
v 0.406967 0.613033 0.000000
v 0.395048 0.597500 0.000000
v 0.387556 0.579411 -0.000000
v 0.385000 0.560000 0.000000
v 0.387556 0.540589 -0.000000
v 0.395048 0.522500 0.000000
v 0.406967 0.506967 0.000000
v 0.422500 0.495048 0.000000
v 0.440589 0.487556 -0.000000
v 0.441539 0.632444 -0.005998
v 0.424335 0.624952 -0.011588
v 0.409563 0.613033 -0.016388
v 0.398227 0.597500 -0.020071
v 0.391101 0.579411 -0.022387
v 0.388671 0.560000 -0.023176
v 0.391101 0.540589 -0.022387
v 0.398227 0.522500 -0.020071
v 0.409563 0.506967 -0.016388
v 0.424335 0.495048 -0.011588
v 0.441539 0.487556 -0.005998
v 0.444296 0.632444 -0.011410
v 0.429662 0.624952 -0.022042
v 0.417095 0.613033 -0.031172
v 0.407453 0.597500 -0.038178
v 0.401391 0.579411 -0.042582
v 0.399324 0.560000 -0.044084
v 0.401391 0.540589 -0.042582
v 0.407453 0.522500 -0.038178
v 0.417095 0.506967 -0.031172
v 0.429662 0.495048 -0.022042
v 0.444296 0.487556 -0.011410
v 0.448590 0.632444 -0.015704
v 0.437958 0.624952 -0.030338
v 0.428828 0.613033 -0.042905
v 0.421822 0.597500 -0.052547
v 0.417418 0.579411 -0.058609
v 0.415916 0.560000 -0.060676
v 0.417418 0.540589 -0.058609
v 0.421822 0.522500 -0.052547
v 0.428828 0.506967 -0.042905
v 0.437958 0.495048 -0.030338
v 0.448590 0.487556 -0.015704
v 0.454002 0.632444 -0.018461
v 0.448412 0.624952 -0.035665
v 0.443612 0.613033 -0.050437
v 0.439929 0.597500 -0.061773
v 0.437613 0.579411 -0.068899
v 0.436824 0.560000 -0.071329
v 0.437613 0.540589 -0.068899
v 0.439929 0.522500 -0.061773
v 0.443612 0.506967 -0.050437
v 0.448412 0.495048 -0.035665
v 0.454002 0.487556 -0.018461
v 0.460000 0.613033 -0.053033
v 0.460000 0.597500 -0.064952
v 0.460000 0.522500 -0.064952
v 0.460000 0.506967 -0.053033
vn -0.0000 0.9626 -0.2709
vn -0.0000 0.8604 -0.5097
vn -0.0000 0.2556 -0.9668
vn -0.0000 -0.0000 -1.0000
vn -0.0000 -0.2556 -0.9668
vn -0.0000 -0.8604 -0.5097
vn -0.0000 -0.9626 -0.2709
vn 0.0837 0.9626 -0.2577
vn 0.1575 0.8604 -0.4847
vn 0.2205 0.7007 -0.6786
vn 0.2686 0.4945 -0.8267
vn 0.2988 0.2556 -0.9195
vn 0.3090 -0.0000 -0.9511
vn 0.2988 -0.2556 -0.9195
vn 0.2686 -0.4945 -0.8267
vn 0.2205 -0.7007 -0.6786
vn 0.1575 -0.8604 -0.4847
vn 0.0837 -0.9626 -0.2577
vn 0.1592 0.9626 -0.2192
vn 0.2996 0.8604 -0.4123
vn 0.4194 0.7007 -0.5772
vn 0.5109 0.4945 -0.7032
vn 0.5683 0.2556 -0.7821
vn 0.5878 -0.0000 -0.8090
vn 0.5683 -0.2556 -0.7821
vn 0.5109 -0.4945 -0.7032
vn 0.4194 -0.7007 -0.5772
vn 0.2996 -0.8604 -0.4123
vn 0.1592 -0.9626 -0.2192
vn -0.0000 -1.0000 -0.0000
vn 0.2192 0.9626 -0.1592
vn 0.4123 0.8604 -0.2996
vn 0.5772 0.7007 -0.4194
vn 0.7032 0.4945 -0.5109
vn 0.7821 0.2556 -0.5683
vn 0.8090 -0.0000 -0.5878
vn 0.7821 -0.2556 -0.5683
vn 0.7032 -0.4945 -0.5109
vn 0.5772 -0.7007 -0.4194
vn 0.4123 -0.8604 -0.2996
vn 0.2192 -0.9626 -0.1592
vn 0.2577 0.9626 -0.0837
vn 0.4847 0.8604 -0.1575
vn 0.6786 0.7007 -0.2205
vn 0.8267 0.4945 -0.2686
vn 0.9195 0.2556 -0.2987
vn 0.9511 -0.0000 -0.3090
vn 0.9195 -0.2556 -0.2987
vn 0.8267 -0.4945 -0.2686
vn 0.6786 -0.7007 -0.2205
vn 0.4847 -0.8604 -0.1575
vn 0.2577 -0.9626 -0.0837
vn 0.2709 0.9626 -0.0000
vn 0.5097 0.8604 -0.0000
vn 0.7135 0.7007 -0.0000
vn 0.8692 0.4945 -0.0000
vn 0.9668 0.2556 -0.0000
vn 1.0000 -0.0000 -0.0000
vn 0.9668 -0.2556 -0.0000
vn 0.8692 -0.4945 -0.0000
vn 0.7135 -0.7007 -0.0000
vn 0.5097 -0.8604 -0.0000
vn 0.2709 -0.9626 -0.0000
vn 0.2577 0.9626 0.0837
vn 0.4847 0.8604 0.1575
vn 0.6786 0.7007 0.2205
vn 0.8267 0.4945 0.2686
vn 0.9195 0.2556 0.2987
vn 0.9511 -0.0000 0.3090
vn 0.9195 -0.2556 0.2987
vn 0.8267 -0.4945 0.2686
vn 0.6786 -0.7007 0.2205
vn 0.4847 -0.8604 0.1575
vn 0.2576 -0.9626 0.0837
vn 0.2192 0.9626 0.1592
vn 0.4123 0.8604 0.2996
vn 0.5772 0.7007 0.4194
vn 0.7032 0.4945 0.5109
vn 0.7821 0.2556 0.5683
vn 0.8090 -0.0000 0.5878
vn 0.7821 -0.2556 0.5683
vn 0.7032 -0.4945 0.5109
vn 0.5772 -0.7007 0.4194
vn 0.4123 -0.8604 0.2996
vn 0.2192 -0.9626 0.1592
vn 0.1592 0.9626 0.2192
vn 0.2996 0.8604 0.4123
vn 0.4194 0.7007 0.5772
vn 0.5109 0.4945 0.7032
vn 0.5683 0.2556 0.7821
vn 0.5878 -0.0000 0.8090
vn 0.5683 -0.2556 0.7821
vn 0.5109 -0.4945 0.7032
vn 0.4194 -0.7007 0.5772
vn 0.2996 -0.8604 0.4123
vn 0.1592 -0.9626 0.2192
vn 0.0837 0.9626 0.2577
vn 0.1575 0.8604 0.4847
vn 0.2205 0.7007 0.6786
vn 0.2686 0.4945 0.8267
vn 0.2987 0.2556 0.9195
vn 0.3090 -0.0000 0.9511
vn 0.2988 -0.2556 0.9195
vn 0.2686 -0.4945 0.8267
vn 0.2205 -0.7007 0.6786
vn 0.1575 -0.8604 0.4847
vn 0.0837 -0.9626 0.2577
vn -0.0000 1.0000 -0.0000
vn -0.0000 0.9626 0.2709
vn -0.0000 0.8604 0.5097
vn -0.0000 0.7007 0.7135
vn -0.0000 0.4945 0.8692
vn -0.0000 0.2556 0.9668
vn -0.0000 -0.0000 1.0000
vn -0.0000 -0.2556 0.9668
vn -0.0000 -0.4945 0.8692
vn -0.0000 -0.7007 0.7135
vn -0.0000 -0.8604 0.5097
vn -0.0000 -0.9626 0.2709
vn -0.0837 0.9626 0.2577
vn -0.1575 0.8604 0.4847
vn -0.2205 0.7007 0.6786
vn -0.2686 0.4945 0.8267
vn -0.2987 0.2556 0.9195
vn -0.3090 -0.0000 0.9511
vn -0.2987 -0.2556 0.9195
vn -0.2686 -0.4945 0.8267
vn -0.2205 -0.7007 0.6786
vn -0.1575 -0.8604 0.4847
vn -0.0837 -0.9626 0.2577
vn -0.1592 0.9626 0.2192
vn -0.2996 0.8604 0.4123
vn -0.4194 0.7007 0.5772
vn -0.5109 0.4945 0.7032
vn -0.5683 0.2556 0.7821
vn -0.5878 -0.0000 0.8090
vn -0.5683 -0.2556 0.7821
vn -0.5109 -0.4945 0.7032
vn -0.4194 -0.7007 0.5772
vn -0.2996 -0.8604 0.4123
vn -0.1592 -0.9626 0.2192
vn -0.2192 0.9626 0.1592
vn -0.4123 0.8604 0.2996
vn -0.5772 0.7007 0.4194
vn -0.7032 0.4945 0.5109
vn -0.7821 0.2556 0.5683
vn -0.8090 -0.0000 0.5878
vn -0.7821 -0.2556 0.5683
vn -0.7032 -0.4945 0.5109
vn -0.5772 -0.7007 0.4194
vn -0.4123 -0.8604 0.2996
vn -0.2192 -0.9626 0.1592
vn -0.2577 0.9626 0.0837
vn -0.4847 0.8604 0.1575
vn -0.6786 0.7007 0.2205
vn -0.8267 0.4945 0.2686
vn -0.9195 0.2556 0.2987
vn -0.9511 -0.0000 0.3090
vn -0.9195 -0.2556 0.2987
vn -0.8267 -0.4945 0.2686
vn -0.6786 -0.7007 0.2205
vn -0.4847 -0.8604 0.1575
vn -0.2577 -0.9626 0.0837
vn -0.2709 0.9626 -0.0000
vn -0.5097 0.8604 -0.0000
vn -0.7135 0.7007 -0.0000
vn -0.8692 0.4945 -0.0000
vn -0.9668 0.2556 -0.0000
vn -1.0000 -0.0000 -0.0000
vn -0.9668 -0.2556 -0.0000
vn -0.8692 -0.4945 -0.0000
vn -0.7135 -0.7007 -0.0000
vn -0.5097 -0.8604 -0.0000
vn -0.2709 -0.9626 -0.0000
vn -0.2576 0.9626 -0.0837
vn -0.4847 0.8604 -0.1575
vn -0.6786 0.7007 -0.2205
vn -0.8267 0.4945 -0.2686
vn -0.9195 0.2556 -0.2987
vn -0.9511 -0.0000 -0.3090
vn -0.9195 -0.2556 -0.2987
vn -0.8267 -0.4945 -0.2686
vn -0.6786 -0.7007 -0.2205
vn -0.4847 -0.8604 -0.1575
vn -0.2577 -0.9626 -0.0837
vn -0.2192 0.9626 -0.1592
vn -0.4123 0.8604 -0.2996
vn -0.5772 0.7007 -0.4194
vn -0.7032 0.4945 -0.5109
vn -0.7821 0.2556 -0.5683
vn -0.8090 -0.0000 -0.5878
vn -0.7821 -0.2556 -0.5683
vn -0.7032 -0.4945 -0.5109
vn -0.5772 -0.7007 -0.4194
vn -0.4123 -0.8604 -0.2996
vn -0.2192 -0.9626 -0.1592
vn -0.1592 0.9626 -0.2192
vn -0.2996 0.8604 -0.4123
vn -0.4194 0.7007 -0.5772
vn -0.5109 0.4945 -0.7032
vn -0.5683 0.2556 -0.7821
vn -0.5878 -0.0000 -0.8090
vn -0.5683 -0.2556 -0.7821
vn -0.5109 -0.4945 -0.7032
vn -0.4194 -0.7007 -0.5772
vn -0.2996 -0.8604 -0.4123
vn -0.1592 -0.9626 -0.2192
vn -0.0837 0.9626 -0.2577
vn -0.1575 0.8604 -0.4847
vn -0.2205 0.7007 -0.6786
vn -0.2686 0.4945 -0.8267
vn -0.2987 0.2556 -0.9195
vn -0.3090 -0.0000 -0.9511
vn -0.2987 -0.2556 -0.9195
vn -0.2686 -0.4945 -0.8267
vn -0.2205 -0.7007 -0.6786
vn -0.1575 -0.8604 -0.4847
vn -0.0837 -0.9626 -0.2577
vn -0.0000 0.7007 -0.7135
vn -0.0000 0.4945 -0.8692
vn -0.0000 -0.4945 -0.8692
vn -0.0000 -0.7007 -0.7135
vt 0.750000 0.666667
vt 0.750000 0.750000
vt 0.700000 0.750000
vt 0.700000 0.666667
vt 0.750000 0.083333
vt 0.750000 0.166667
vt 0.700000 0.166667
vt 0.700000 0.083333
vt 0.750000 0.916667
vt 0.725000 1.000000
vt 0.700000 0.916667
vt 0.750000 0.333333
vt 0.750000 0.416667
vt 0.700000 0.416667
vt 0.700000 0.333333
vt 0.750000 0.583333
vt 0.700000 0.583333
vt 0.725000 0.000000
vt 0.750000 0.833333
vt 0.700000 0.833333
vt 0.750000 0.250000
vt 0.700000 0.250000
vt 0.750000 0.500000
vt 0.700000 0.500000
vt 0.650000 0.333333
vt 0.650000 0.250000
vt 0.650000 0.583333
vt 0.650000 0.500000
vt 0.650000 0.833333
vt 0.650000 0.750000
vt 0.650000 0.166667
vt 0.650000 0.416667
vt 0.650000 0.666667
vt 0.650000 0.083333
vt 0.675000 1.000000
vt 0.650000 0.916667
vt 0.675000 0.000000
vt 0.625000 1.000000
vt 0.600000 0.916667
vt 0.600000 0.416667
vt 0.600000 0.333333
vt 0.600000 0.666667
vt 0.600000 0.583333
vt 0.625000 0.000000
vt 0.600000 0.083333
vt 0.600000 0.833333
vt 0.600000 0.250000
vt 0.600000 0.500000
vt 0.600000 0.750000
vt 0.600000 0.166667
vt 0.550000 0.250000
vt 0.550000 0.166667
vt 0.550000 0.500000
vt 0.550000 0.416667
vt 0.550000 0.750000
vt 0.550000 0.666667
vt 0.550000 0.083333
vt 0.575000 1.000000
vt 0.550000 0.916667
vt 0.550000 0.333333
vt 0.550000 0.583333
vt 0.575000 0.000000
vt 0.550000 0.833333
vt 0.500000 0.916667
vt 0.500000 0.833333
vt 0.500000 0.333333
vt 0.500000 0.250000
vt 0.500000 0.583333
vt 0.500000 0.500000
vt 0.500000 0.750000
vt 0.500000 0.166667
vt 0.500000 0.416667
vt 0.500000 0.666667
vt 0.500000 0.083333
vt 0.525000 1.000000
vt 0.525000 0.000000
vt 0.450000 0.166667
vt 0.450000 0.083333
vt 0.475000 1.000000
vt 0.450000 0.916667
vt 0.450000 0.416667
vt 0.450000 0.333333
vt 0.450000 0.666667
vt 0.450000 0.583333
vt 0.475000 0.000000
vt 0.450000 0.833333
vt 0.450000 0.250000
vt 0.450000 0.500000
vt 0.450000 0.750000
vt 0.400000 0.833333
vt 0.400000 0.750000
vt 0.400000 0.250000
vt 0.400000 0.166667
vt 0.400000 0.500000
vt 0.400000 0.416667
vt 0.400000 0.666667
vt 0.400000 0.083333
vt 0.425000 1.000000
vt 0.400000 0.916667
vt 0.400000 0.333333
vt 0.400000 0.583333
vt 0.425000 0.000000
vt 0.375000 0.000000
vt 0.350000 0.083333
vt 0.350000 0.916667
vt 0.350000 0.833333
vt 0.350000 0.333333
vt 0.350000 0.250000
vt 0.350000 0.583333
vt 0.350000 0.500000
vt 0.350000 0.750000
vt 0.350000 0.166667
vt 0.350000 0.416667
vt 0.350000 0.666667
vt 0.375000 1.000000
vt 0.300000 0.750000
vt 0.300000 0.666667
vt 0.300000 0.166667
vt 0.300000 0.083333
vt 0.325000 1.000000
vt 0.300000 0.916667
vt 0.300000 0.416667
vt 0.300000 0.333333
vt 0.300000 0.583333
vt 0.325000 0.000000
vt 0.300000 0.833333
vt 0.300000 0.250000
vt 0.300000 0.500000
vt 0.250000 0.833333
vt 0.250000 0.750000
vt 0.250000 0.250000
vt 0.250000 0.166667
vt 0.250000 0.500000
vt 0.250000 0.416667
vt 0.250000 0.666667
vt 0.250000 0.083333
vt 0.275000 1.000000
vt 0.250000 0.916667
vt 0.250000 0.333333
vt 0.250000 0.583333
vt 0.275000 0.000000
vt 0.200000 0.666667
vt 0.200000 0.583333
vt 0.225000 0.000000
vt 0.200000 0.083333
vt 0.200000 0.916667
vt 0.200000 0.833333
vt 0.200000 0.333333
vt 0.200000 0.250000
vt 0.200000 0.500000
vt 0.200000 0.750000
vt 0.200000 0.166667
vt 0.200000 0.416667
vt 0.225000 1.000000
vt 0.150000 0.750000
vt 0.150000 0.666667
vt 0.150000 0.166667
vt 0.150000 0.083333
vt 0.175000 1.000000
vt 0.150000 0.916667
vt 0.150000 0.416667
vt 0.150000 0.333333
vt 0.150000 0.583333
vt 0.175000 0.000000
vt 0.150000 0.833333
vt 0.150000 0.250000
vt 0.150000 0.500000
vt 0.100000 0.583333
vt 0.100000 0.500000
vt 0.100000 0.833333
vt 0.100000 0.750000
vt 0.100000 0.250000
vt 0.100000 0.166667
vt 0.100000 0.416667
vt 0.100000 0.666667
vt 0.100000 0.083333
vt 0.125000 1.000000
vt 0.100000 0.916667
vt 0.100000 0.333333
vt 0.125000 0.000000
vt 0.050000 0.666667
vt 0.050000 0.583333
vt 0.075000 0.000000
vt 0.050000 0.083333
vt 0.050000 0.916667
vt 0.050000 0.833333
vt 0.050000 0.333333
vt 0.050000 0.250000
vt 0.050000 0.500000
vt 0.050000 0.750000
vt 0.050000 0.166667
vt 0.050000 0.416667
vt 0.075000 1.000000
vt 0.000000 0.500000
vt 0.000000 0.416667
vt 0.000000 0.750000
vt 0.000000 0.666667
vt 0.000000 0.166667
vt 0.000000 0.083333
vt 0.025000 1.000000
vt 0.000000 0.916667
vt 0.000000 0.333333
vt 0.000000 0.583333
vt 0.025000 0.000000
vt 0.000000 0.833333
vt 0.000000 0.250000
vt 1.000000 0.500000
vt 1.000000 0.583333
vt 0.950000 0.583333
vt 0.950000 0.500000
vt 1.000000 0.750000
vt 1.000000 0.833333
vt 0.950000 0.833333
vt 0.950000 0.750000
vt 1.000000 0.166667
vt 1.000000 0.250000
vt 0.950000 0.250000
vt 0.950000 0.166667
vt 1.000000 0.416667
vt 0.950000 0.416667
vt 1.000000 0.666667
vt 0.950000 0.666667
vt 1.000000 0.083333
vt 0.950000 0.083333
vt 1.000000 0.916667
vt 0.975000 1.000000
vt 0.950000 0.916667
vt 1.000000 0.333333
vt 0.950000 0.333333
vt 0.975000 0.000000
vt 0.900000 0.416667
vt 0.900000 0.333333
vt 0.900000 0.666667
vt 0.900000 0.583333
vt 0.925000 0.000000
vt 0.900000 0.083333
vt 0.900000 0.916667
vt 0.900000 0.833333
vt 0.900000 0.250000
vt 0.900000 0.500000
vt 0.900000 0.750000
vt 0.900000 0.166667
vt 0.925000 1.000000
vt 0.850000 0.500000
vt 0.850000 0.416667
vt 0.850000 0.750000
vt 0.850000 0.666667
vt 0.850000 0.166667
vt 0.850000 0.083333
vt 0.875000 1.000000
vt 0.850000 0.916667
vt 0.850000 0.333333
vt 0.850000 0.583333
vt 0.875000 0.000000
vt 0.850000 0.833333
vt 0.850000 0.250000
vt 0.800000 0.333333
vt 0.800000 0.250000
vt 0.800000 0.583333
vt 0.800000 0.500000
vt 0.800000 0.833333
vt 0.800000 0.750000
vt 0.800000 0.166667
vt 0.800000 0.416667
vt 0.800000 0.666667
vt 0.800000 0.083333
vt 0.825000 1.000000
vt 0.800000 0.916667
vt 0.825000 0.000000
vt 0.775000 1.000000
vt 0.775000 0.000000
s 1
usemtl RunicAmber
f 1358/1619/1332 1357/1620/1331 1148/1621/1122 1149/1622/1123
f 1145/1623/1119 1144/1624/1118 1155/1625/1129 1156/1626/1130
f 1139/1627/1113 1246/1628/1220 1146/1629/1120
f 1359/1630/1333 1143/1631/1117 1152/1632/1126 1153/1633/1127
f 1141/1634/1115 1358/1619/1332 1149/1622/1123 1150/1635/1124
f 1168/1636/1142 1145/1623/1119 1156/1626/1130
f 1140/1637/1114 1139/1627/1113 1146/1629/1120 1147/1638/1121
f 1360/1639/1334 1359/1630/1333 1153/1633/1127 1154/1640/1128
f 1142/1641/1116 1141/1634/1115 1150/1635/1124 1151/1642/1125
f 1357/1620/1331 1140/1637/1114 1147/1638/1121 1148/1621/1122
f 1144/1624/1118 1360/1639/1334 1154/1640/1128 1155/1625/1129
f 1143/1631/1117 1142/1641/1116 1151/1642/1125 1152/1632/1126
f 1154/1640/1128 1153/1633/1127 1164/1643/1138 1165/1644/1139
f 1151/1642/1125 1150/1635/1124 1161/1645/1135 1162/1646/1136
f 1148/1621/1122 1147/1638/1121 1158/1647/1132 1159/1648/1133
f 1155/1625/1129 1154/1640/1128 1165/1644/1139 1166/1649/1140
f 1152/1632/1126 1151/1642/1125 1162/1646/1136 1163/1650/1137
f 1149/1622/1123 1148/1621/1122 1159/1648/1133 1160/1651/1134
f 1156/1626/1130 1155/1625/1129 1166/1649/1140 1167/1652/1141
f 1146/1629/1120 1246/1653/1220 1157/1654/1131
f 1153/1633/1127 1152/1632/1126 1163/1650/1137 1164/1643/1138
f 1150/1635/1124 1149/1622/1123 1160/1651/1134 1161/1645/1135
f 1168/1655/1142 1156/1626/1130 1167/1652/1141
f 1147/1638/1121 1146/1629/1120 1157/1654/1131 1158/1647/1132
f 1157/1654/1131 1246/1656/1220 1169/1657/1143
f 1164/1643/1138 1163/1650/1137 1175/1658/1149 1176/1659/1150
f 1161/1645/1135 1160/1651/1134 1172/1660/1146 1173/1661/1147
f 1168/1662/1142 1167/1652/1141 1179/1663/1153
f 1158/1647/1132 1157/1654/1131 1169/1657/1143 1170/1664/1144
f 1165/1644/1139 1164/1643/1138 1176/1659/1150 1177/1665/1151
f 1162/1646/1136 1161/1645/1135 1173/1661/1147 1174/1666/1148
f 1159/1648/1133 1158/1647/1132 1170/1664/1144 1171/1667/1145
f 1166/1649/1140 1165/1644/1139 1177/1665/1151 1178/1668/1152
f 1163/1650/1137 1162/1646/1136 1174/1666/1148 1175/1658/1149
f 1160/1651/1134 1159/1648/1133 1171/1667/1145 1172/1660/1146
f 1167/1652/1141 1166/1649/1140 1178/1668/1152 1179/1663/1153
f 1178/1668/1152 1177/1665/1151 1188/1669/1162 1189/1670/1163
f 1175/1658/1149 1174/1666/1148 1185/1671/1159 1186/1672/1160
f 1172/1660/1146 1171/1667/1145 1182/1673/1156 1183/1674/1157
f 1179/1663/1153 1178/1668/1152 1189/1670/1163 1190/1675/1164
f 1169/1657/1143 1246/1676/1220 1180/1677/1154
f 1176/1659/1150 1175/1658/1149 1186/1672/1160 1187/1678/1161
f 1173/1661/1147 1172/1660/1146 1183/1674/1157 1184/1679/1158
f 1168/1680/1142 1179/1663/1153 1190/1675/1164
f 1170/1664/1144 1169/1657/1143 1180/1677/1154 1181/1681/1155
f 1177/1665/1151 1176/1659/1150 1187/1678/1161 1188/1669/1162
f 1174/1666/1148 1173/1661/1147 1184/1679/1158 1185/1671/1159
f 1171/1667/1145 1170/1664/1144 1181/1681/1155 1182/1673/1156
f 1181/1681/1155 1180/1677/1154 1191/1682/1165 1192/1683/1166
f 1188/1669/1162 1187/1678/1161 1198/1684/1172 1199/1685/1173
f 1185/1671/1159 1184/1679/1158 1195/1686/1169 1196/1687/1170
f 1182/1673/1156 1181/1681/1155 1192/1683/1166 1193/1688/1167
f 1189/1670/1163 1188/1669/1162 1199/1685/1173 1200/1689/1174
f 1186/1672/1160 1185/1671/1159 1196/1687/1170 1197/1690/1171
f 1183/1674/1157 1182/1673/1156 1193/1688/1167 1194/1691/1168
f 1190/1675/1164 1189/1670/1163 1200/1689/1174 1201/1692/1175
f 1180/1677/1154 1246/1693/1220 1191/1682/1165
f 1187/1678/1161 1186/1672/1160 1197/1690/1171 1198/1684/1172
f 1184/1679/1158 1183/1674/1157 1194/1691/1168 1195/1686/1169
f 1168/1694/1142 1190/1675/1164 1201/1692/1175
f 1201/1692/1175 1200/1689/1174 1211/1695/1185 1212/1696/1186
f 1191/1682/1165 1246/1697/1220 1202/1698/1176
f 1198/1684/1172 1197/1690/1171 1208/1699/1182 1209/1700/1183
f 1195/1686/1169 1194/1691/1168 1205/1701/1179 1206/1702/1180
f 1168/1703/1142 1201/1692/1175 1212/1696/1186
f 1192/1683/1166 1191/1682/1165 1202/1698/1176 1203/1704/1177
f 1199/1685/1173 1198/1684/1172 1209/1700/1183 1210/1705/1184
f 1196/1687/1170 1195/1686/1169 1206/1702/1180 1207/1706/1181
f 1193/1688/1167 1192/1683/1166 1203/1704/1177 1204/1707/1178
f 1200/1689/1174 1199/1685/1173 1210/1705/1184 1211/1695/1185
f 1197/1690/1171 1196/1687/1170 1207/1706/1181 1208/1699/1182
f 1194/1691/1168 1193/1688/1167 1204/1707/1178 1205/1701/1179
f 1204/1707/1178 1203/1704/1177 1214/1708/1188 1215/1709/1189
f 1211/1695/1185 1210/1705/1184 1221/1710/1195 1222/1711/1196
f 1208/1699/1182 1207/1706/1181 1218/1712/1192 1219/1713/1193
f 1205/1701/1179 1204/1707/1178 1215/1709/1189 1216/1714/1190
f 1212/1696/1186 1211/1695/1185 1222/1711/1196 1223/1715/1197
f 1202/1698/1176 1246/1716/1220 1213/1717/1187
f 1209/1700/1183 1208/1699/1182 1219/1713/1193 1220/1718/1194
f 1206/1702/1180 1205/1701/1179 1216/1714/1190 1217/1719/1191
f 1168/1720/1142 1212/1696/1186 1223/1715/1197
f 1203/1704/1177 1202/1698/1176 1213/1717/1187 1214/1708/1188
f 1210/1705/1184 1209/1700/1183 1220/1718/1194 1221/1710/1195
f 1207/1706/1181 1206/1702/1180 1217/1719/1191 1218/1712/1192
f 1168/1721/1142 1223/1715/1197 1234/1722/1208
f 1214/1708/1188 1213/1717/1187 1224/1723/1198 1225/1724/1199
f 1221/1710/1195 1220/1718/1194 1231/1725/1205 1232/1726/1206
f 1218/1712/1192 1217/1719/1191 1228/1727/1202 1229/1728/1203
f 1215/1709/1189 1214/1708/1188 1225/1724/1199 1226/1729/1200
f 1222/1711/1196 1221/1710/1195 1232/1726/1206 1233/1730/1207
f 1219/1713/1193 1218/1712/1192 1229/1728/1203 1230/1731/1204
f 1216/1714/1190 1215/1709/1189 1226/1729/1200 1227/1732/1201
f 1223/1715/1197 1222/1711/1196 1233/1730/1207 1234/1722/1208
f 1213/1717/1187 1246/1733/1220 1224/1723/1198
f 1220/1718/1194 1219/1713/1193 1230/1731/1204 1231/1725/1205
f 1217/1719/1191 1216/1714/1190 1227/1732/1201 1228/1727/1202
f 1227/1732/1201 1226/1729/1200 1237/1734/1211 1238/1735/1212
f 1234/1722/1208 1233/1730/1207 1244/1736/1218 1245/1737/1219
f 1224/1723/1198 1246/1738/1220 1235/1739/1209
f 1231/1725/1205 1230/1731/1204 1241/1740/1215 1242/1741/1216
f 1228/1727/1202 1227/1732/1201 1238/1735/1212 1239/1742/1213
f 1168/1743/1142 1234/1722/1208 1245/1737/1219
f 1225/1724/1199 1224/1723/1198 1235/1739/1209 1236/1744/1210
f 1232/1726/1206 1231/1725/1205 1242/1741/1216 1243/1745/1217
f 1229/1728/1203 1228/1727/1202 1239/1742/1213 1240/1746/1214
f 1226/1729/1200 1225/1724/1199 1236/1744/1210 1237/1734/1211
f 1233/1730/1207 1232/1726/1206 1243/1745/1217 1244/1736/1218
f 1230/1731/1204 1229/1728/1203 1240/1746/1214 1241/1740/1215
f 1237/1734/1211 1236/1744/1210 1248/1747/1222 1249/1748/1223
f 1244/1736/1218 1243/1745/1217 1255/1749/1229 1256/1750/1230
f 1241/1740/1215 1240/1746/1214 1252/1751/1226 1253/1752/1227
f 1238/1735/1212 1237/1734/1211 1249/1748/1223 1250/1753/1224
f 1245/1737/1219 1244/1736/1218 1256/1750/1230 1257/1754/1231
f 1235/1739/1209 1246/1755/1220 1247/1756/1221
f 1242/1741/1216 1241/1740/1215 1253/1752/1227 1254/1757/1228
f 1239/1742/1213 1238/1735/1212 1250/1753/1224 1251/1758/1225
f 1168/1759/1142 1245/1737/1219 1257/1754/1231
f 1236/1744/1210 1235/1739/1209 1247/1756/1221 1248/1747/1222
f 1243/1745/1217 1242/1741/1216 1254/1757/1228 1255/1749/1229
f 1240/1746/1214 1239/1742/1213 1251/1758/1225 1252/1751/1226
f 1251/1758/1225 1250/1753/1224 1261/1760/1235 1262/1761/1236
f 1168/1762/1142 1257/1754/1231 1268/1763/1242
f 1248/1747/1222 1247/1756/1221 1258/1764/1232 1259/1765/1233
f 1255/1749/1229 1254/1757/1228 1265/1766/1239 1266/1767/1240
f 1252/1751/1226 1251/1758/1225 1262/1761/1236 1263/1768/1237
f 1249/1748/1223 1248/1747/1222 1259/1765/1233 1260/1769/1234
f 1256/1750/1230 1255/1749/1229 1266/1767/1240 1267/1770/1241
f 1253/1752/1227 1252/1751/1226 1263/1768/1237 1264/1771/1238
f 1250/1753/1224 1249/1748/1223 1260/1769/1234 1261/1760/1235
f 1257/1754/1231 1256/1750/1230 1267/1770/1241 1268/1763/1242
f 1247/1756/1221 1246/1772/1220 1258/1764/1232
f 1254/1757/1228 1253/1752/1227 1264/1771/1238 1265/1766/1239
f 1261/1760/1235 1260/1769/1234 1271/1773/1245 1272/1774/1246
f 1268/1763/1242 1267/1770/1241 1278/1775/1252 1279/1776/1253
f 1258/1764/1232 1246/1777/1220 1269/1778/1243
f 1265/1766/1239 1264/1771/1238 1275/1779/1249 1276/1780/1250
f 1262/1761/1236 1261/1760/1235 1272/1774/1246 1273/1781/1247
f 1168/1782/1142 1268/1763/1242 1279/1776/1253
f 1259/1765/1233 1258/1764/1232 1269/1778/1243 1270/1783/1244
f 1266/1767/1240 1265/1766/1239 1276/1780/1250 1277/1784/1251
f 1263/1768/1237 1262/1761/1236 1273/1781/1247 1274/1785/1248
f 1260/1769/1234 1259/1765/1233 1270/1783/1244 1271/1773/1245
f 1267/1770/1241 1266/1767/1240 1277/1784/1251 1278/1775/1252
f 1264/1771/1238 1263/1768/1237 1274/1785/1248 1275/1779/1249
f 1274/1785/1248 1273/1781/1247 1284/1786/1258 1285/1787/1259
f 1271/1773/1245 1270/1783/1244 1281/1788/1255 1282/1789/1256
f 1278/1775/1252 1277/1784/1251 1288/1790/1262 1289/1791/1263
f 1275/1779/1249 1274/1785/1248 1285/1787/1259 1286/1792/1260
f 1272/1774/1246 1271/1773/1245 1282/1789/1256 1283/1793/1257
f 1279/1776/1253 1278/1775/1252 1289/1791/1263 1290/1794/1264
f 1269/1778/1243 1246/1795/1220 1280/1796/1254
f 1276/1780/1250 1275/1779/1249 1286/1792/1260 1287/1797/1261
f 1273/1781/1247 1272/1774/1246 1283/1793/1257 1284/1786/1258
f 1168/1798/1142 1279/1776/1253 1290/1794/1264
f 1270/1783/1244 1269/1778/1243 1280/1796/1254 1281/1788/1255
f 1277/1784/1251 1276/1780/1250 1287/1797/1261 1288/1790/1262
f 1284/1786/1258 1283/1793/1257 1294/1799/1268 1295/1800/1269
f 1168/1801/1142 1290/1794/1264 1301/1802/1275
f 1281/1788/1255 1280/1796/1254 1291/1803/1265 1292/1804/1266
f 1288/1790/1262 1287/1797/1261 1298/1805/1272 1299/1806/1273
f 1285/1787/1259 1284/1786/1258 1295/1800/1269 1296/1807/1270
f 1282/1789/1256 1281/1788/1255 1292/1804/1266 1293/1808/1267
f 1289/1791/1263 1288/1790/1262 1299/1806/1273 1300/1809/1274
f 1286/1792/1260 1285/1787/1259 1296/1807/1270 1297/1810/1271
f 1283/1793/1257 1282/1789/1256 1293/1808/1267 1294/1799/1268
f 1290/1794/1264 1289/1791/1263 1300/1809/1274 1301/1802/1275
f 1280/1796/1254 1246/1811/1220 1291/1803/1265
f 1287/1797/1261 1286/1792/1260 1297/1810/1271 1298/1805/1272
f 1297/1810/1271 1296/1807/1270 1307/1812/1281 1308/1813/1282
f 1294/1799/1268 1293/1808/1267 1304/1814/1278 1305/1815/1279
f 1301/1802/1275 1300/1809/1274 1311/1816/1285 1312/1817/1286
f 1291/1803/1265 1246/1818/1220 1302/1819/1276
f 1298/1805/1272 1297/1810/1271 1308/1813/1282 1309/1820/1283
f 1295/1800/1269 1294/1799/1268 1305/1815/1279 1306/1821/1280
f 1168/1822/1142 1301/1802/1275 1312/1817/1286
f 1292/1804/1266 1291/1803/1265 1302/1819/1276 1303/1823/1277
f 1299/1806/1273 1298/1805/1272 1309/1820/1283 1310/1824/1284
f 1296/1807/1270 1295/1800/1269 1306/1821/1280 1307/1812/1281
f 1293/1808/1267 1292/1804/1266 1303/1823/1277 1304/1814/1278
f 1300/1809/1274 1299/1806/1273 1310/1824/1284 1311/1816/1285
f 1307/1825/1281 1306/1826/1280 1317/1827/1291 1318/1828/1292
f 1304/1829/1278 1303/1830/1277 1314/1831/1288 1315/1832/1289
f 1311/1833/1285 1310/1834/1284 1321/1835/1295 1322/1836/1296
f 1308/1837/1282 1307/1825/1281 1318/1828/1292 1319/1838/1293
f 1305/1839/1279 1304/1829/1278 1315/1832/1289 1316/1840/1290
f 1312/1841/1286 1311/1833/1285 1322/1836/1296 1323/1842/1297
f 1302/1843/1276 1246/1844/1220 1313/1845/1287
f 1309/1846/1283 1308/1837/1282 1319/1838/1293 1320/1847/1294
f 1306/1826/1280 1305/1839/1279 1316/1840/1290 1317/1827/1291
f 1168/1848/1142 1312/1841/1286 1323/1842/1297
f 1303/1830/1277 1302/1843/1276 1313/1845/1287 1314/1831/1288
f 1310/1834/1284 1309/1846/1283 1320/1847/1294 1321/1835/1295
f 1320/1847/1294 1319/1838/1293 1330/1849/1304 1331/1850/1305
f 1317/1827/1291 1316/1840/1290 1327/1851/1301 1328/1852/1302
f 1168/1853/1142 1323/1842/1297 1334/1854/1308
f 1314/1831/1288 1313/1845/1287 1324/1855/1298 1325/1856/1299
f 1321/1835/1295 1320/1847/1294 1331/1850/1305 1332/1857/1306
f 1318/1828/1292 1317/1827/1291 1328/1852/1302 1329/1858/1303
f 1315/1832/1289 1314/1831/1288 1325/1856/1299 1326/1859/1300
f 1322/1836/1296 1321/1835/1295 1332/1857/1306 1333/1860/1307
f 1319/1838/1293 1318/1828/1292 1329/1858/1303 1330/1849/1304
f 1316/1840/1290 1315/1832/1289 1326/1859/1300 1327/1851/1301
f 1323/1842/1297 1322/1836/1296 1333/1860/1307 1334/1854/1308
f 1313/1845/1287 1246/1861/1220 1324/1855/1298
f 1330/1849/1304 1329/1858/1303 1340/1862/1314 1341/1863/1315
f 1327/1851/1301 1326/1859/1300 1337/1864/1311 1338/1865/1312
f 1334/1854/1308 1333/1860/1307 1344/1866/1318 1345/1867/1319
f 1324/1855/1298 1246/1868/1220 1335/1869/1309
f 1331/1850/1305 1330/1849/1304 1341/1863/1315 1342/1870/1316
f 1328/1852/1302 1327/1851/1301 1338/1865/1312 1339/1871/1313
f 1168/1872/1142 1334/1854/1308 1345/1867/1319
f 1325/1856/1299 1324/1855/1298 1335/1869/1309 1336/1873/1310
f 1332/1857/1306 1331/1850/1305 1342/1870/1316 1343/1874/1317
f 1329/1858/1303 1328/1852/1302 1339/1871/1313 1340/1862/1314
f 1326/1859/1300 1325/1856/1299 1336/1873/1310 1337/1864/1311
f 1333/1860/1307 1332/1857/1306 1343/1874/1317 1344/1866/1318
f 1343/1874/1317 1342/1870/1316 1353/1875/1327 1354/1876/1328
f 1340/1862/1314 1339/1871/1313 1350/1877/1324 1351/1878/1325
f 1337/1864/1311 1336/1873/1310 1347/1879/1321 1348/1880/1322
f 1344/1866/1318 1343/1874/1317 1354/1876/1328 1355/1881/1329
f 1341/1863/1315 1340/1862/1314 1351/1878/1325 1352/1882/1326
f 1338/1865/1312 1337/1864/1311 1348/1880/1322 1349/1883/1323
f 1345/1867/1319 1344/1866/1318 1355/1881/1329 1356/1884/1330
f 1335/1869/1309 1246/1885/1220 1346/1886/1320
f 1342/1870/1316 1341/1863/1315 1352/1882/1326 1353/1875/1327
f 1339/1871/1313 1338/1865/1312 1349/1883/1323 1350/1877/1324
f 1168/1887/1142 1345/1867/1319 1356/1884/1330
f 1336/1873/1310 1335/1869/1309 1346/1886/1320 1347/1879/1321
f 1346/1886/1320 1246/1888/1220 1139/1627/1113
f 1353/1875/1327 1352/1882/1326 1143/1631/1117 1359/1630/1333
f 1350/1877/1324 1349/1883/1323 1358/1619/1332 1141/1634/1115
f 1168/1889/1142 1356/1884/1330 1145/1623/1119
f 1347/1879/1321 1346/1886/1320 1139/1627/1113 1140/1637/1114
f 1354/1876/1328 1353/1875/1327 1359/1630/1333 1360/1639/1334
f 1351/1878/1325 1350/1877/1324 1141/1634/1115 1142/1641/1116
f 1348/1880/1322 1347/1879/1321 1140/1637/1114 1357/1620/1331
f 1355/1881/1329 1354/1876/1328 1360/1639/1334 1144/1624/1118
f 1352/1882/1326 1351/1878/1325 1142/1641/1116 1143/1631/1117
f 1349/1883/1323 1348/1880/1322 1357/1620/1331 1358/1619/1332
f 1356/1884/1330 1355/1881/1329 1144/1624/1118 1145/1623/1119
o bound_amber_pebble.001
v -0.000002 0.632444 -0.479411
v -0.000002 0.624952 -0.497500
v -0.000002 0.579411 -0.532444
v -0.000002 0.560000 -0.535000
v -0.000002 0.540589 -0.532444
v -0.000002 0.495048 -0.497500
v -0.000002 0.487556 -0.479411
v 0.005997 0.632444 -0.478461
v 0.011586 0.624952 -0.495665
v 0.016386 0.613033 -0.510437
v 0.020070 0.597500 -0.521773
v 0.022385 0.579411 -0.528899
v 0.023175 0.560000 -0.531329
v 0.022385 0.540589 -0.528899
v 0.020070 0.522500 -0.521773
v 0.016386 0.506967 -0.510437
v 0.011586 0.495048 -0.495665
v 0.005997 0.487556 -0.478461
v 0.011408 0.632444 -0.475704
v 0.022040 0.624952 -0.490338
v 0.031170 0.613033 -0.502905
v 0.038176 0.597500 -0.512547
v 0.042580 0.579411 -0.518609
v 0.044082 0.560000 -0.520676
v 0.042580 0.540589 -0.518609
v 0.038176 0.522500 -0.512547
v 0.031170 0.506967 -0.502905
v 0.022040 0.495048 -0.490338
v 0.011408 0.487556 -0.475704
v -0.000002 0.485000 -0.460000
v 0.015702 0.632444 -0.471410
v 0.030336 0.624952 -0.482042
v 0.042903 0.613033 -0.491172
v 0.052546 0.597500 -0.498178
v 0.058607 0.579411 -0.502582
v 0.060675 0.560000 -0.504084
v 0.058607 0.540589 -0.502582
v 0.052546 0.522500 -0.498178
v 0.042903 0.506967 -0.491172
v 0.030336 0.495048 -0.482042
v 0.015702 0.487556 -0.471410
v 0.018460 0.632444 -0.465998
v 0.035663 0.624952 -0.471588
v 0.050436 0.613033 -0.476388
v 0.061771 0.597500 -0.480071
v 0.068897 0.579411 -0.482387
v 0.071328 0.560000 -0.483176
v 0.068897 0.540589 -0.482387
v 0.061771 0.522500 -0.480071
v 0.050436 0.506967 -0.476388
v 0.035663 0.495048 -0.471588
v 0.018460 0.487556 -0.465998
v 0.019410 0.632444 -0.460000
v 0.037498 0.624952 -0.460000
v 0.053031 0.613033 -0.460000
v 0.064950 0.597500 -0.460000
v 0.072443 0.579411 -0.460000
v 0.074998 0.560000 -0.460000
v 0.072443 0.540589 -0.460000
v 0.064950 0.522500 -0.460000
v 0.053031 0.506967 -0.460000
v 0.037498 0.495048 -0.460000
v 0.019410 0.487556 -0.460000
v 0.018460 0.632444 -0.454002
v 0.035663 0.624952 -0.448412
v 0.050436 0.613033 -0.443612
v 0.061771 0.597500 -0.439929
v 0.068897 0.579411 -0.437613
v 0.071328 0.560000 -0.436824
v 0.068897 0.540589 -0.437613
v 0.061771 0.522500 -0.439929
v 0.050436 0.506967 -0.443612
v 0.035663 0.495048 -0.448412
v 0.018460 0.487556 -0.454002
v 0.015702 0.632444 -0.448590
v 0.030336 0.624952 -0.437958
v 0.042903 0.613033 -0.428828
v 0.052546 0.597500 -0.421822
v 0.058607 0.579411 -0.417418
v 0.060675 0.560000 -0.415916
v 0.058607 0.540589 -0.417418
v 0.052546 0.522500 -0.421822
v 0.042903 0.506967 -0.428828
v 0.030336 0.495048 -0.437958
v 0.015702 0.487556 -0.448590
v 0.011408 0.632444 -0.444296
v 0.022040 0.624952 -0.429662
v 0.031170 0.613033 -0.417095
v 0.038176 0.597500 -0.407453
v 0.042580 0.579411 -0.401391
v 0.044082 0.560000 -0.399324
v 0.042580 0.540589 -0.401391
v 0.038176 0.522500 -0.407453
v 0.031170 0.506967 -0.417095
v 0.022040 0.495048 -0.429662
v 0.011408 0.487556 -0.444296
v 0.005997 0.632444 -0.441539
v 0.011586 0.624952 -0.424335
v 0.016386 0.613033 -0.409563
v 0.020070 0.597500 -0.398227
v 0.022385 0.579411 -0.391101
v 0.023175 0.560000 -0.388671
v 0.022385 0.540589 -0.391101
v 0.020070 0.522500 -0.398227
v 0.016386 0.506967 -0.409563
v 0.011586 0.495048 -0.424335
v 0.005997 0.487556 -0.441539
v -0.000002 0.635000 -0.460000
v -0.000002 0.632444 -0.440589
v -0.000002 0.624952 -0.422500
v -0.000002 0.613033 -0.406967
v -0.000002 0.597500 -0.395048
v -0.000002 0.579411 -0.387556
v -0.000002 0.560000 -0.385000
v -0.000002 0.540589 -0.387556
v -0.000002 0.522500 -0.395048
v -0.000002 0.506967 -0.406967
v -0.000002 0.495048 -0.422500
v -0.000002 0.487556 -0.440589
v -0.006000 0.632444 -0.441539
v -0.011590 0.624952 -0.424335
v -0.016390 0.613033 -0.409563
v -0.020073 0.597500 -0.398227
v -0.022388 0.579411 -0.391101
v -0.023178 0.560000 -0.388671
v -0.022388 0.540589 -0.391101
v -0.020073 0.522500 -0.398227
v -0.016390 0.506967 -0.409563
v -0.011590 0.495048 -0.424335
v -0.006000 0.487556 -0.441539
v -0.011411 0.632444 -0.444296
v -0.022044 0.624952 -0.429662
v -0.031174 0.613033 -0.417095
v -0.038179 0.597500 -0.407453
v -0.042583 0.579411 -0.401391
v -0.044086 0.560000 -0.399324
v -0.042583 0.540589 -0.401391
v -0.038179 0.522500 -0.407453
v -0.031174 0.506967 -0.417095
v -0.022044 0.495048 -0.429662
v -0.011411 0.487556 -0.444296
v -0.015706 0.632444 -0.448590
v -0.030340 0.624952 -0.437958
v -0.042906 0.613033 -0.428828
v -0.052549 0.597500 -0.421822
v -0.058611 0.579411 -0.417418
v -0.060678 0.560000 -0.415916
v -0.058611 0.540589 -0.417418
v -0.052549 0.522500 -0.421822
v -0.042906 0.506967 -0.428828
v -0.030340 0.495048 -0.437958
v -0.015706 0.487556 -0.448590
v -0.018463 0.632444 -0.454002
v -0.035666 0.624952 -0.448412
v -0.050439 0.613033 -0.443612
v -0.061775 0.597500 -0.439929
v -0.068900 0.579411 -0.437613
v -0.071331 0.560000 -0.436824
v -0.068900 0.540589 -0.437613
v -0.061775 0.522500 -0.439929
v -0.050439 0.506967 -0.443612
v -0.035666 0.495048 -0.448412
v -0.018463 0.487556 -0.454002
v -0.019413 0.632444 -0.460000
v -0.037502 0.624952 -0.460000
v -0.053035 0.613033 -0.460000
v -0.064954 0.597500 -0.460000
v -0.072446 0.579411 -0.460000
v -0.075002 0.560000 -0.460000
v -0.072446 0.540589 -0.460000
v -0.064954 0.522500 -0.460000
v -0.053035 0.506967 -0.460000
v -0.037502 0.495048 -0.460000
v -0.019413 0.487556 -0.460000
v -0.018463 0.632444 -0.465998
v -0.035666 0.624952 -0.471588
v -0.050439 0.613033 -0.476388
v -0.061775 0.597500 -0.480071
v -0.068900 0.579411 -0.482387
v -0.071331 0.560000 -0.483176
v -0.068900 0.540589 -0.482387
v -0.061775 0.522500 -0.480071
v -0.050439 0.506967 -0.476388
v -0.035666 0.495048 -0.471588
v -0.018463 0.487556 -0.465998
v -0.015706 0.632444 -0.471410
v -0.030340 0.624952 -0.482042
v -0.042906 0.613033 -0.491172
v -0.052549 0.597500 -0.498178
v -0.058611 0.579411 -0.502582
v -0.060678 0.560000 -0.504084
v -0.058611 0.540589 -0.502582
v -0.052549 0.522500 -0.498178
v -0.042906 0.506967 -0.491172
v -0.030340 0.495048 -0.482042
v -0.015706 0.487556 -0.471410
v -0.011411 0.632444 -0.475704
v -0.022044 0.624952 -0.490338
v -0.031174 0.613033 -0.502905
v -0.038179 0.597500 -0.512547
v -0.042583 0.579411 -0.518609
v -0.044086 0.560000 -0.520676
v -0.042583 0.540589 -0.518609
v -0.038179 0.522500 -0.512547
v -0.031174 0.506967 -0.502905
v -0.022044 0.495048 -0.490338
v -0.011411 0.487556 -0.475704
v -0.006000 0.632444 -0.478461
v -0.011590 0.624952 -0.495665
v -0.016390 0.613033 -0.510437
v -0.020073 0.597500 -0.521773
v -0.022388 0.579411 -0.528899
v -0.023178 0.560000 -0.531329
v -0.022388 0.540589 -0.528899
v -0.020073 0.522500 -0.521773
v -0.016390 0.506967 -0.510437
v -0.011590 0.495048 -0.495665
v -0.006000 0.487556 -0.478461
v -0.000002 0.613033 -0.513033
v -0.000002 0.597500 -0.524952
v -0.000002 0.522500 -0.524952
v -0.000002 0.506967 -0.513033
vn -0.0000 0.9626 -0.2709
vn -0.0000 0.8604 -0.5097
vn -0.0000 0.2556 -0.9668
vn -0.0000 -0.0000 -1.0000
vn -0.0000 -0.2556 -0.9668
vn -0.0000 -0.8604 -0.5097
vn -0.0000 -0.9626 -0.2709
vn 0.0837 0.9626 -0.2577
vn 0.1575 0.8604 -0.4847
vn 0.2205 0.7007 -0.6786
vn 0.2686 0.4945 -0.8267
vn 0.2988 0.2556 -0.9195
vn 0.3090 -0.0000 -0.9511
vn 0.2988 -0.2556 -0.9195
vn 0.2686 -0.4945 -0.8267
vn 0.2205 -0.7007 -0.6786
vn 0.1575 -0.8604 -0.4847
vn 0.0837 -0.9626 -0.2577
vn 0.1592 0.9626 -0.2192
vn 0.2996 0.8604 -0.4123
vn 0.4194 0.7007 -0.5772
vn 0.5109 0.4945 -0.7032
vn 0.5683 0.2556 -0.7821
vn 0.5878 -0.0000 -0.8090
vn 0.5683 -0.2556 -0.7821
vn 0.5109 -0.4945 -0.7032
vn 0.4194 -0.7007 -0.5772
vn 0.2996 -0.8604 -0.4123
vn 0.1592 -0.9626 -0.2192
vn -0.0000 -1.0000 -0.0000
vn 0.2192 0.9626 -0.1592
vn 0.4123 0.8604 -0.2996
vn 0.5772 0.7007 -0.4194
vn 0.7032 0.4945 -0.5109
vn 0.7821 0.2556 -0.5683
vn 0.8090 -0.0000 -0.5878
vn 0.7821 -0.2556 -0.5683
vn 0.7032 -0.4945 -0.5109
vn 0.5772 -0.7007 -0.4194
vn 0.4123 -0.8604 -0.2996
vn 0.2192 -0.9626 -0.1592
vn 0.2577 0.9626 -0.0837
vn 0.4847 0.8604 -0.1575
vn 0.6786 0.7007 -0.2205
vn 0.8267 0.4945 -0.2686
vn 0.9195 0.2556 -0.2987
vn 0.9511 -0.0000 -0.3090
vn 0.9195 -0.2556 -0.2987
vn 0.8267 -0.4945 -0.2686
vn 0.6786 -0.7007 -0.2205
vn 0.4847 -0.8604 -0.1575
vn 0.2577 -0.9626 -0.0837
vn 0.2709 0.9626 -0.0000
vn 0.5097 0.8604 -0.0000
vn 0.7135 0.7007 -0.0000
vn 0.8692 0.4945 -0.0000
vn 0.9668 0.2556 -0.0000
vn 1.0000 -0.0000 -0.0000
vn 0.9668 -0.2556 -0.0000
vn 0.8692 -0.4945 -0.0000
vn 0.7135 -0.7007 -0.0000
vn 0.5097 -0.8604 -0.0000
vn 0.2709 -0.9626 -0.0000
vn 0.2577 0.9626 0.0837
vn 0.4847 0.8604 0.1575
vn 0.6786 0.7007 0.2205
vn 0.8267 0.4945 0.2686
vn 0.9195 0.2556 0.2987
vn 0.9511 -0.0000 0.3090
vn 0.9195 -0.2556 0.2987
vn 0.8267 -0.4945 0.2686
vn 0.6786 -0.7007 0.2205
vn 0.4847 -0.8604 0.1575
vn 0.2576 -0.9626 0.0837
vn 0.2192 0.9626 0.1592
vn 0.4123 0.8604 0.2996
vn 0.5772 0.7007 0.4194
vn 0.7032 0.4945 0.5109
vn 0.7821 0.2556 0.5683
vn 0.8090 -0.0000 0.5878
vn 0.7821 -0.2556 0.5683
vn 0.7032 -0.4945 0.5109
vn 0.5772 -0.7007 0.4194
vn 0.4123 -0.8604 0.2996
vn 0.2192 -0.9626 0.1592
vn 0.1592 0.9626 0.2192
vn 0.2996 0.8604 0.4123
vn 0.4194 0.7007 0.5772
vn 0.5109 0.4945 0.7032
vn 0.5683 0.2556 0.7821
vn 0.5878 -0.0000 0.8090
vn 0.5683 -0.2556 0.7821
vn 0.5109 -0.4945 0.7032
vn 0.4194 -0.7007 0.5772
vn 0.2996 -0.8604 0.4123
vn 0.1592 -0.9626 0.2192
vn 0.0837 0.9626 0.2577
vn 0.1575 0.8604 0.4847
vn 0.2205 0.7007 0.6786
vn 0.2686 0.4945 0.8267
vn 0.2987 0.2556 0.9195
vn 0.3090 -0.0000 0.9511
vn 0.2988 -0.2556 0.9195
vn 0.2686 -0.4945 0.8267
vn 0.2205 -0.7007 0.6786
vn 0.1575 -0.8604 0.4847
vn 0.0837 -0.9626 0.2577
vn -0.0000 1.0000 -0.0000
vn -0.0000 0.9626 0.2709
vn -0.0000 0.8604 0.5097
vn -0.0000 0.7007 0.7135
vn -0.0000 0.4945 0.8692
vn -0.0000 0.2556 0.9668
vn -0.0000 -0.0000 1.0000
vn -0.0000 -0.2556 0.9668
vn -0.0000 -0.4945 0.8692
vn -0.0000 -0.7007 0.7135
vn -0.0000 -0.8604 0.5097
vn -0.0000 -0.9626 0.2709
vn -0.0837 0.9626 0.2577
vn -0.1575 0.8604 0.4847
vn -0.2205 0.7007 0.6786
vn -0.2686 0.4945 0.8267
vn -0.2987 0.2556 0.9195
vn -0.3090 -0.0000 0.9511
vn -0.2987 -0.2556 0.9195
vn -0.2686 -0.4945 0.8267
vn -0.2205 -0.7007 0.6786
vn -0.1575 -0.8604 0.4847
vn -0.0837 -0.9626 0.2577
vn -0.1592 0.9626 0.2192
vn -0.2996 0.8604 0.4123
vn -0.4194 0.7007 0.5772
vn -0.5109 0.4945 0.7032
vn -0.5683 0.2556 0.7821
vn -0.5878 -0.0000 0.8090
vn -0.5683 -0.2556 0.7821
vn -0.5109 -0.4945 0.7032
vn -0.4194 -0.7007 0.5772
vn -0.2996 -0.8604 0.4123
vn -0.1592 -0.9626 0.2192
vn -0.2192 0.9626 0.1592
vn -0.4123 0.8604 0.2996
vn -0.5772 0.7007 0.4194
vn -0.7032 0.4945 0.5109
vn -0.7821 0.2556 0.5683
vn -0.8090 -0.0000 0.5878
vn -0.7821 -0.2556 0.5683
vn -0.7032 -0.4945 0.5109
vn -0.5772 -0.7007 0.4194
vn -0.4123 -0.8604 0.2996
vn -0.2192 -0.9626 0.1592
vn -0.2577 0.9626 0.0837
vn -0.4847 0.8604 0.1575
vn -0.6786 0.7007 0.2205
vn -0.8267 0.4945 0.2686
vn -0.9195 0.2556 0.2987
vn -0.9511 -0.0000 0.3090
vn -0.9195 -0.2556 0.2987
vn -0.8267 -0.4945 0.2686
vn -0.6786 -0.7007 0.2205
vn -0.4847 -0.8604 0.1575
vn -0.2577 -0.9626 0.0837
vn -0.2709 0.9626 -0.0000
vn -0.5097 0.8604 -0.0000
vn -0.7135 0.7007 -0.0000
vn -0.8692 0.4945 -0.0000
vn -0.9668 0.2556 -0.0000
vn -1.0000 -0.0000 -0.0000
vn -0.9668 -0.2556 -0.0000
vn -0.8692 -0.4945 -0.0000
vn -0.7135 -0.7007 -0.0000
vn -0.5097 -0.8604 -0.0000
vn -0.2709 -0.9626 -0.0000
vn -0.2576 0.9626 -0.0837
vn -0.4847 0.8604 -0.1575
vn -0.6786 0.7007 -0.2205
vn -0.8267 0.4945 -0.2686
vn -0.9195 0.2556 -0.2987
vn -0.9511 -0.0000 -0.3090
vn -0.9195 -0.2556 -0.2987
vn -0.8267 -0.4945 -0.2686
vn -0.6786 -0.7007 -0.2205
vn -0.4847 -0.8604 -0.1575
vn -0.2577 -0.9626 -0.0837
vn -0.2192 0.9626 -0.1592
vn -0.4123 0.8604 -0.2996
vn -0.5772 0.7007 -0.4194
vn -0.7032 0.4945 -0.5109
vn -0.7821 0.2556 -0.5683
vn -0.8090 -0.0000 -0.5878
vn -0.7821 -0.2556 -0.5683
vn -0.7032 -0.4945 -0.5109
vn -0.5772 -0.7007 -0.4194
vn -0.4123 -0.8604 -0.2996
vn -0.2192 -0.9626 -0.1592
vn -0.1592 0.9626 -0.2192
vn -0.2996 0.8604 -0.4123
vn -0.4194 0.7007 -0.5772
vn -0.5109 0.4945 -0.7032
vn -0.5683 0.2556 -0.7821
vn -0.5878 -0.0000 -0.8090
vn -0.5683 -0.2556 -0.7821
vn -0.5109 -0.4945 -0.7032
vn -0.4194 -0.7007 -0.5772
vn -0.2996 -0.8604 -0.4123
vn -0.1592 -0.9626 -0.2192
vn -0.0837 0.9626 -0.2577
vn -0.1575 0.8604 -0.4847
vn -0.2205 0.7007 -0.6786
vn -0.2686 0.4945 -0.8267
vn -0.2987 0.2556 -0.9195
vn -0.3090 -0.0000 -0.9511
vn -0.2987 -0.2556 -0.9195
vn -0.2686 -0.4945 -0.8267
vn -0.2205 -0.7007 -0.6786
vn -0.1575 -0.8604 -0.4847
vn -0.0837 -0.9626 -0.2577
vn -0.0000 0.7007 -0.7135
vn -0.0000 0.4945 -0.8692
vn -0.0000 -0.4945 -0.8692
vn -0.0000 -0.7007 -0.7135
vt 0.750000 0.750000
vt 0.750000 0.833333
vt 0.700000 0.833333
vt 0.700000 0.750000
vt 0.750000 0.166667
vt 0.750000 0.250000
vt 0.700000 0.250000
vt 0.700000 0.166667
vt 0.750000 0.416667
vt 0.750000 0.500000
vt 0.700000 0.500000
vt 0.700000 0.416667
vt 0.750000 0.666667
vt 0.700000 0.666667
vt 0.750000 0.083333
vt 0.700000 0.083333
vt 0.750000 0.916667
vt 0.725000 1.000000
vt 0.700000 0.916667
vt 0.750000 0.333333
vt 0.700000 0.333333
vt 0.750000 0.583333
vt 0.700000 0.583333
vt 0.725000 0.000000
vt 0.650000 0.416667
vt 0.650000 0.333333
vt 0.650000 0.666667
vt 0.650000 0.583333
vt 0.675000 0.000000
vt 0.650000 0.083333
vt 0.650000 0.916667
vt 0.650000 0.833333
vt 0.650000 0.250000
vt 0.650000 0.500000
vt 0.650000 0.750000
vt 0.650000 0.166667
vt 0.675000 1.000000
vt 0.600000 0.500000
vt 0.600000 0.416667
vt 0.600000 0.750000
vt 0.600000 0.666667
vt 0.600000 0.166667
vt 0.600000 0.083333
vt 0.625000 1.000000
vt 0.600000 0.916667
vt 0.600000 0.333333
vt 0.600000 0.583333
vt 0.625000 0.000000
vt 0.600000 0.833333
vt 0.600000 0.250000
vt 0.550000 0.333333
vt 0.550000 0.250000
vt 0.550000 0.583333
vt 0.550000 0.500000
vt 0.550000 0.833333
vt 0.550000 0.750000
vt 0.550000 0.166667
vt 0.550000 0.416667
vt 0.550000 0.666667
vt 0.550000 0.083333
vt 0.575000 1.000000
vt 0.550000 0.916667
vt 0.575000 0.000000
vt 0.525000 1.000000
vt 0.500000 0.916667
vt 0.500000 0.416667
vt 0.500000 0.333333
vt 0.500000 0.666667
vt 0.500000 0.583333
vt 0.525000 0.000000
vt 0.500000 0.083333
vt 0.500000 0.833333
vt 0.500000 0.250000
vt 0.500000 0.500000
vt 0.500000 0.750000
vt 0.500000 0.166667
vt 0.450000 0.250000
vt 0.450000 0.166667
vt 0.450000 0.500000
vt 0.450000 0.416667
vt 0.450000 0.750000
vt 0.450000 0.666667
vt 0.450000 0.083333
vt 0.475000 1.000000
vt 0.450000 0.916667
vt 0.450000 0.333333
vt 0.450000 0.583333
vt 0.475000 0.000000
vt 0.450000 0.833333
vt 0.400000 0.916667
vt 0.400000 0.833333
vt 0.400000 0.333333
vt 0.400000 0.250000
vt 0.400000 0.583333
vt 0.400000 0.500000
vt 0.400000 0.750000
vt 0.400000 0.166667
vt 0.400000 0.416667
vt 0.400000 0.666667
vt 0.400000 0.083333
vt 0.425000 1.000000
vt 0.425000 0.000000
vt 0.350000 0.166667
vt 0.350000 0.083333
vt 0.375000 1.000000
vt 0.350000 0.916667
vt 0.350000 0.416667
vt 0.350000 0.333333
vt 0.350000 0.666667
vt 0.350000 0.583333
vt 0.375000 0.000000
vt 0.350000 0.833333
vt 0.350000 0.250000
vt 0.350000 0.500000
vt 0.350000 0.750000
vt 0.300000 0.833333
vt 0.300000 0.750000
vt 0.300000 0.250000
vt 0.300000 0.166667
vt 0.300000 0.500000
vt 0.300000 0.416667
vt 0.300000 0.666667
vt 0.300000 0.083333
vt 0.325000 1.000000
vt 0.300000 0.916667
vt 0.300000 0.333333
vt 0.300000 0.583333
vt 0.325000 0.000000
vt 0.275000 0.000000
vt 0.250000 0.083333
vt 0.250000 0.916667
vt 0.250000 0.833333
vt 0.250000 0.333333
vt 0.250000 0.250000
vt 0.250000 0.583333
vt 0.250000 0.500000
vt 0.250000 0.750000
vt 0.250000 0.166667
vt 0.250000 0.416667
vt 0.250000 0.666667
vt 0.275000 1.000000
vt 0.200000 0.750000
vt 0.200000 0.666667
vt 0.200000 0.166667
vt 0.200000 0.083333
vt 0.225000 1.000000
vt 0.200000 0.916667
vt 0.200000 0.416667
vt 0.200000 0.333333
vt 0.200000 0.583333
vt 0.225000 0.000000
vt 0.200000 0.833333
vt 0.200000 0.250000
vt 0.200000 0.500000
vt 0.150000 0.833333
vt 0.150000 0.750000
vt 0.150000 0.250000
vt 0.150000 0.166667
vt 0.150000 0.500000
vt 0.150000 0.416667
vt 0.150000 0.666667
vt 0.150000 0.083333
vt 0.175000 1.000000
vt 0.150000 0.916667
vt 0.150000 0.333333
vt 0.150000 0.583333
vt 0.175000 0.000000
vt 0.100000 0.666667
vt 0.100000 0.583333
vt 0.125000 0.000000
vt 0.100000 0.083333
vt 0.100000 0.916667
vt 0.100000 0.833333
vt 0.100000 0.333333
vt 0.100000 0.250000
vt 0.100000 0.500000
vt 0.100000 0.750000
vt 0.100000 0.166667
vt 0.100000 0.416667
vt 0.125000 1.000000
vt 0.050000 0.750000
vt 0.050000 0.666667
vt 0.050000 0.166667
vt 0.050000 0.083333
vt 0.075000 1.000000
vt 0.050000 0.916667
vt 0.050000 0.416667
vt 0.050000 0.333333
vt 0.050000 0.583333
vt 0.075000 0.000000
vt 0.050000 0.833333
vt 0.050000 0.250000
vt 0.050000 0.500000
vt 0.000000 0.583333
vt 0.000000 0.500000
vt 0.000000 0.833333
vt 0.000000 0.750000
vt 0.000000 0.250000
vt 0.000000 0.166667
vt 0.000000 0.416667
vt 0.000000 0.666667
vt 0.000000 0.083333
vt 0.025000 1.000000
vt 0.000000 0.916667
vt 0.000000 0.333333
vt 0.025000 0.000000
vt 1.000000 0.583333
vt 1.000000 0.666667
vt 0.950000 0.666667
vt 0.950000 0.583333
vt 0.975000 0.000000
vt 1.000000 0.083333
vt 0.950000 0.083333
vt 1.000000 0.833333
vt 1.000000 0.916667
vt 0.950000 0.916667
vt 0.950000 0.833333
vt 1.000000 0.250000
vt 1.000000 0.333333
vt 0.950000 0.333333
vt 0.950000 0.250000
vt 1.000000 0.500000
vt 0.950000 0.500000
vt 1.000000 0.750000
vt 0.950000 0.750000
vt 1.000000 0.166667
vt 0.950000 0.166667
vt 1.000000 0.416667
vt 0.950000 0.416667
vt 0.975000 1.000000
vt 0.900000 0.500000
vt 0.900000 0.416667
vt 0.900000 0.750000
vt 0.900000 0.666667
vt 0.900000 0.166667
vt 0.900000 0.083333
vt 0.925000 1.000000
vt 0.900000 0.916667
vt 0.900000 0.333333
vt 0.900000 0.583333
vt 0.925000 0.000000
vt 0.900000 0.833333
vt 0.900000 0.250000
vt 0.850000 0.583333
vt 0.850000 0.500000
vt 0.850000 0.833333
vt 0.850000 0.750000
vt 0.850000 0.250000
vt 0.850000 0.166667
vt 0.850000 0.416667
vt 0.850000 0.666667
vt 0.850000 0.083333
vt 0.875000 1.000000
vt 0.850000 0.916667
vt 0.850000 0.333333
vt 0.875000 0.000000
vt 0.800000 0.416667
vt 0.800000 0.333333
vt 0.800000 0.666667
vt 0.800000 0.583333
vt 0.825000 0.000000
vt 0.800000 0.083333
vt 0.800000 0.916667
vt 0.800000 0.833333
vt 0.800000 0.250000
vt 0.800000 0.500000
vt 0.800000 0.750000
vt 0.800000 0.166667
vt 0.825000 1.000000
vt 0.775000 1.000000
vt 0.775000 0.000000
s 1
usemtl RunicAmber
f 1579/1890/1553 1362/1891/1336 1369/1892/1343 1370/1893/1344
f 1366/1894/1340 1582/1895/1556 1376/1896/1350 1377/1897/1351
f 1365/1898/1339 1364/1899/1338 1373/1900/1347 1374/1901/1348
f 1580/1902/1554 1579/1890/1553 1370/1893/1344 1371/1903/1345
f 1367/1904/1341 1366/1894/1340 1377/1897/1351 1378/1905/1352
f 1361/1906/1335 1468/1907/1442 1368/1908/1342
f 1581/1909/1555 1365/1898/1339 1374/1901/1348 1375/1910/1349
f 1363/1911/1337 1580/1902/1554 1371/1903/1345 1372/1912/1346
f 1390/1913/1364 1367/1904/1341 1378/1905/1352
f 1362/1891/1336 1361/1906/1335 1368/1908/1342 1369/1892/1343
f 1582/1895/1556 1581/1909/1555 1375/1910/1349 1376/1896/1350
f 1364/1899/1338 1363/1911/1337 1372/1912/1346 1373/1900/1347
f 1375/1910/1349 1374/1901/1348 1385/1914/1359 1386/1915/1360
f 1372/1912/1346 1371/1903/1345 1382/1916/1356 1383/1917/1357
f 1390/1918/1364 1378/1905/1352 1389/1919/1363
f 1369/1892/1343 1368/1908/1342 1379/1920/1353 1380/1921/1354
f 1376/1896/1350 1375/1910/1349 1386/1915/1360 1387/1922/1361
f 1373/1900/1347 1372/1912/1346 1383/1917/1357 1384/1923/1358
f 1370/1893/1344 1369/1892/1343 1380/1921/1354 1381/1924/1355
f 1377/1897/1351 1376/1896/1350 1387/1922/1361 1388/1925/1362
f 1374/1901/1348 1373/1900/1347 1384/1923/1358 1385/1914/1359
f 1371/1903/1345 1370/1893/1344 1381/1924/1355 1382/1916/1356
f 1378/1905/1352 1377/1897/1351 1388/1925/1362 1389/1919/1363
f 1368/1908/1342 1468/1926/1442 1379/1920/1353
f 1385/1914/1359 1384/1923/1358 1396/1927/1370 1397/1928/1371
f 1382/1916/1356 1381/1924/1355 1393/1929/1367 1394/1930/1368
f 1389/1919/1363 1388/1925/1362 1400/1931/1374 1401/1932/1375
f 1379/1920/1353 1468/1933/1442 1391/1934/1365
f 1386/1915/1360 1385/1914/1359 1397/1928/1371 1398/1935/1372
f 1383/1917/1357 1382/1916/1356 1394/1930/1368 1395/1936/1369
f 1390/1937/1364 1389/1919/1363 1401/1932/1375
f 1380/1921/1354 1379/1920/1353 1391/1934/1365 1392/1938/1366
f 1387/1922/1361 1386/1915/1360 1398/1935/1372 1399/1939/1373
f 1384/1923/1358 1383/1917/1357 1395/1936/1369 1396/1927/1370
f 1381/1924/1355 1380/1921/1354 1392/1938/1366 1393/1929/1367
f 1388/1925/1362 1387/1922/1361 1399/1939/1373 1400/1931/1374
f 1399/1939/1373 1398/1935/1372 1409/1940/1383 1410/1941/1384
f 1396/1927/1370 1395/1936/1369 1406/1942/1380 1407/1943/1381
f 1393/1929/1367 1392/1938/1366 1403/1944/1377 1404/1945/1378
f 1400/1931/1374 1399/1939/1373 1410/1941/1384 1411/1946/1385
f 1397/1928/1371 1396/1927/1370 1407/1943/1381 1408/1947/1382
f 1394/1930/1368 1393/1929/1367 1404/1945/1378 1405/1948/1379
f 1401/1932/1375 1400/1931/1374 1411/1946/1385 1412/1949/1386
f 1391/1934/1365 1468/1950/1442 1402/1951/1376
f 1398/1935/1372 1397/1928/1371 1408/1947/1382 1409/1940/1383
f 1395/1936/1369 1394/1930/1368 1405/1948/1379 1406/1942/1380
f 1390/1952/1364 1401/1932/1375 1412/1949/1386
f 1392/1938/1366 1391/1934/1365 1402/1951/1376 1403/1944/1377
f 1402/1951/1376 1468/1953/1442 1413/1954/1387
f 1409/1940/1383 1408/1947/1382 1419/1955/1393 1420/1956/1394
f 1406/1942/1380 1405/1948/1379 1416/1957/1390 1417/1958/1391
f 1390/1959/1364 1412/1949/1386 1423/1960/1397
f 1403/1944/1377 1402/1951/1376 1413/1954/1387 1414/1961/1388
f 1410/1941/1384 1409/1940/1383 1420/1956/1394 1421/1962/1395
f 1407/1943/1381 1406/1942/1380 1417/1958/1391 1418/1963/1392
f 1404/1945/1378 1403/1944/1377 1414/1961/1388 1415/1964/1389
f 1411/1946/1385 1410/1941/1384 1421/1962/1395 1422/1965/1396
f 1408/1947/1382 1407/1943/1381 1418/1963/1392 1419/1955/1393
f 1405/1948/1379 1404/1945/1378 1415/1964/1389 1416/1957/1390
f 1412/1949/1386 1411/1946/1385 1422/1965/1396 1423/1960/1397
f 1422/1965/1396 1421/1962/1395 1432/1966/1406 1433/1967/1407
f 1419/1955/1393 1418/1963/1392 1429/1968/1403 1430/1969/1404
f 1416/1957/1390 1415/1964/1389 1426/1970/1400 1427/1971/1401
f 1423/1960/1397 1422/1965/1396 1433/1967/1407 1434/1972/1408
f 1413/1954/1387 1468/1973/1442 1424/1974/1398
f 1420/1956/1394 1419/1955/1393 1430/1969/1404 1431/1975/1405
f 1417/1958/1391 1416/1957/1390 1427/1971/1401 1428/1976/1402
f 1390/1977/1364 1423/1960/1397 1434/1972/1408
f 1414/1961/1388 1413/1954/1387 1424/1974/1398 1425/1978/1399
f 1421/1962/1395 1420/1956/1394 1431/1975/1405 1432/1966/1406
f 1418/1963/1392 1417/1958/1391 1428/1976/1402 1429/1968/1403
f 1415/1964/1389 1414/1961/1388 1425/1978/1399 1426/1970/1400
f 1425/1978/1399 1424/1974/1398 1435/1979/1409 1436/1980/1410
f 1432/1966/1406 1431/1975/1405 1442/1981/1416 1443/1982/1417
f 1429/1968/1403 1428/1976/1402 1439/1983/1413 1440/1984/1414
f 1426/1970/1400 1425/1978/1399 1436/1980/1410 1437/1985/1411
f 1433/1967/1407 1432/1966/1406 1443/1982/1417 1444/1986/1418
f 1430/1969/1404 1429/1968/1403 1440/1984/1414 1441/1987/1415
f 1427/1971/1401 1426/1970/1400 1437/1985/1411 1438/1988/1412
f 1434/1972/1408 1433/1967/1407 1444/1986/1418 1445/1989/1419
f 1424/1974/1398 1468/1990/1442 1435/1979/1409
f 1431/1975/1405 1430/1969/1404 1441/1987/1415 1442/1981/1416
f 1428/1976/1402 1427/1971/1401 1438/1988/1412 1439/1983/1413
f 1390/1991/1364 1434/1972/1408 1445/1989/1419
f 1445/1989/1419 1444/1986/1418 1455/1992/1429 1456/1993/1430
f 1435/1979/1409 1468/1994/1442 1446/1995/1420
f 1442/1981/1416 1441/1987/1415 1452/1996/1426 1453/1997/1427
f 1439/1983/1413 1438/1988/1412 1449/1998/1423 1450/1999/1424
f 1390/2000/1364 1445/1989/1419 1456/1993/1430
f 1436/1980/1410 1435/1979/1409 1446/1995/1420 1447/2001/1421
f 1443/1982/1417 1442/1981/1416 1453/1997/1427 1454/2002/1428
f 1440/1984/1414 1439/1983/1413 1450/1999/1424 1451/2003/1425
f 1437/1985/1411 1436/1980/1410 1447/2001/1421 1448/2004/1422
f 1444/1986/1418 1443/1982/1417 1454/2002/1428 1455/1992/1429
f 1441/1987/1415 1440/1984/1414 1451/2003/1425 1452/1996/1426
f 1438/1988/1412 1437/1985/1411 1448/2004/1422 1449/1998/1423
f 1448/2004/1422 1447/2001/1421 1458/2005/1432 1459/2006/1433
f 1455/1992/1429 1454/2002/1428 1465/2007/1439 1466/2008/1440
f 1452/1996/1426 1451/2003/1425 1462/2009/1436 1463/2010/1437
f 1449/1998/1423 1448/2004/1422 1459/2006/1433 1460/2011/1434
f 1456/1993/1430 1455/1992/1429 1466/2008/1440 1467/2012/1441
f 1446/1995/1420 1468/2013/1442 1457/2014/1431
f 1453/1997/1427 1452/1996/1426 1463/2010/1437 1464/2015/1438
f 1450/1999/1424 1449/1998/1423 1460/2011/1434 1461/2016/1435
f 1390/2017/1364 1456/1993/1430 1467/2012/1441
f 1447/2001/1421 1446/1995/1420 1457/2014/1431 1458/2005/1432
f 1454/2002/1428 1453/1997/1427 1464/2015/1438 1465/2007/1439
f 1451/2003/1425 1450/1999/1424 1461/2016/1435 1462/2009/1436
f 1390/2018/1364 1467/2012/1441 1479/2019/1453
f 1458/2005/1432 1457/2014/1431 1469/2020/1443 1470/2021/1444
f 1465/2007/1439 1464/2015/1438 1476/2022/1450 1477/2023/1451
f 1462/2009/1436 1461/2016/1435 1473/2024/1447 1474/2025/1448
f 1459/2006/1433 1458/2005/1432 1470/2021/1444 1471/2026/1445
f 1466/2008/1440 1465/2007/1439 1477/2023/1451 1478/2027/1452
f 1463/2010/1437 1462/2009/1436 1474/2025/1448 1475/2028/1449
f 1460/2011/1434 1459/2006/1433 1471/2026/1445 1472/2029/1446
f 1467/2012/1441 1466/2008/1440 1478/2027/1452 1479/2019/1453
f 1457/2014/1431 1468/2030/1442 1469/2020/1443
f 1464/2015/1438 1463/2010/1437 1475/2028/1449 1476/2022/1450
f 1461/2016/1435 1460/2011/1434 1472/2029/1446 1473/2024/1447
f 1472/2029/1446 1471/2026/1445 1482/2031/1456 1483/2032/1457
f 1479/2019/1453 1478/2027/1452 1489/2033/1463 1490/2034/1464
f 1469/2020/1443 1468/2035/1442 1480/2036/1454
f 1476/2022/1450 1475/2028/1449 1486/2037/1460 1487/2038/1461
f 1473/2024/1447 1472/2029/1446 1483/2032/1457 1484/2039/1458
f 1390/2040/1364 1479/2019/1453 1490/2034/1464
f 1470/2021/1444 1469/2020/1443 1480/2036/1454 1481/2041/1455
f 1477/2023/1451 1476/2022/1450 1487/2038/1461 1488/2042/1462
f 1474/2025/1448 1473/2024/1447 1484/2039/1458 1485/2043/1459
f 1471/2026/1445 1470/2021/1444 1481/2041/1455 1482/2031/1456
f 1478/2027/1452 1477/2023/1451 1488/2042/1462 1489/2033/1463
f 1475/2028/1449 1474/2025/1448 1485/2043/1459 1486/2037/1460
f 1482/2031/1456 1481/2041/1455 1492/2044/1466 1493/2045/1467
f 1489/2033/1463 1488/2042/1462 1499/2046/1473 1500/2047/1474
f 1486/2037/1460 1485/2043/1459 1496/2048/1470 1497/2049/1471
f 1483/2032/1457 1482/2031/1456 1493/2045/1467 1494/2050/1468
f 1490/2034/1464 1489/2033/1463 1500/2047/1474 1501/2051/1475
f 1480/2036/1454 1468/2052/1442 1491/2053/1465
f 1487/2038/1461 1486/2037/1460 1497/2049/1471 1498/2054/1472
f 1484/2039/1458 1483/2032/1457 1494/2050/1468 1495/2055/1469
f 1390/2056/1364 1490/2034/1464 1501/2051/1475
f 1481/2041/1455 1480/2036/1454 1491/2053/1465 1492/2044/1466
f 1488/2042/1462 1487/2038/1461 1498/2054/1472 1499/2046/1473
f 1485/2043/1459 1484/2039/1458 1495/2055/1469 1496/2048/1470
f 1495/2055/1469 1494/2050/1468 1505/2057/1479 1506/2058/1480
f 1390/2059/1364 1501/2051/1475 1512/2060/1486
f 1492/2044/1466 1491/2053/1465 1502/2061/1476 1503/2062/1477
f 1499/2046/1473 1498/2054/1472 1509/2063/1483 1510/2064/1484
f 1496/2048/1470 1495/2055/1469 1506/2058/1480 1507/2065/1481
f 1493/2045/1467 1492/2044/1466 1503/2062/1477 1504/2066/1478
f 1500/2047/1474 1499/2046/1473 1510/2064/1484 1511/2067/1485
f 1497/2049/1471 1496/2048/1470 1507/2065/1481 1508/2068/1482
f 1494/2050/1468 1493/2045/1467 1504/2066/1478 1505/2057/1479
f 1501/2051/1475 1500/2047/1474 1511/2067/1485 1512/2060/1486
f 1491/2053/1465 1468/2069/1442 1502/2061/1476
f 1498/2054/1472 1497/2049/1471 1508/2068/1482 1509/2063/1483
f 1505/2057/1479 1504/2066/1478 1515/2070/1489 1516/2071/1490
f 1512/2060/1486 1511/2067/1485 1522/2072/1496 1523/2073/1497
f 1502/2061/1476 1468/2074/1442 1513/2075/1487
f 1509/2063/1483 1508/2068/1482 1519/2076/1493 1520/2077/1494
f 1506/2058/1480 1505/2057/1479 1516/2071/1490 1517/2078/1491
f 1390/2079/1364 1512/2060/1486 1523/2073/1497
f 1503/2062/1477 1502/2061/1476 1513/2075/1487 1514/2080/1488
f 1510/2064/1484 1509/2063/1483 1520/2077/1494 1521/2081/1495
f 1507/2065/1481 1506/2058/1480 1517/2078/1491 1518/2082/1492
f 1504/2066/1478 1503/2062/1477 1514/2080/1488 1515/2070/1489
f 1511/2067/1485 1510/2064/1484 1521/2081/1495 1522/2072/1496
f 1508/2068/1482 1507/2065/1481 1518/2082/1492 1519/2076/1493
f 1518/2082/1492 1517/2078/1491 1528/2083/1502 1529/2084/1503
f 1515/2070/1489 1514/2080/1488 1525/2085/1499 1526/2086/1500
f 1522/2072/1496 1521/2081/1495 1532/2087/1506 1533/2088/1507
f 1519/2076/1493 1518/2082/1492 1529/2084/1503 1530/2089/1504
f 1516/2071/1490 1515/2070/1489 1526/2086/1500 1527/2090/1501
f 1523/2073/1497 1522/2072/1496 1533/2088/1507 1534/2091/1508
f 1513/2075/1487 1468/2092/1442 1524/2093/1498
f 1520/2077/1494 1519/2076/1493 1530/2089/1504 1531/2094/1505
f 1517/2078/1491 1516/2071/1490 1527/2090/1501 1528/2083/1502
f 1390/2095/1364 1523/2073/1497 1534/2091/1508
f 1514/2080/1488 1513/2075/1487 1524/2093/1498 1525/2085/1499
f 1521/2081/1495 1520/2077/1494 1531/2094/1505 1532/2087/1506
f 1528/2096/1502 1527/2097/1501 1538/2098/1512 1539/2099/1513
f 1390/2100/1364 1534/2101/1508 1545/2102/1519
f 1525/2103/1499 1524/2104/1498 1535/2105/1509 1536/2106/1510
f 1532/2107/1506 1531/2108/1505 1542/2109/1516 1543/2110/1517
f 1529/2111/1503 1528/2096/1502 1539/2099/1513 1540/2112/1514
f 1526/2113/1500 1525/2103/1499 1536/2106/1510 1537/2114/1511
f 1533/2115/1507 1532/2107/1506 1543/2110/1517 1544/2116/1518
f 1530/2117/1504 1529/2111/1503 1540/2112/1514 1541/2118/1515
f 1527/2097/1501 1526/2113/1500 1537/2114/1511 1538/2098/1512
f 1534/2101/1508 1533/2115/1507 1544/2116/1518 1545/2102/1519
f 1524/2104/1498 1468/2119/1442 1535/2105/1509
f 1531/2108/1505 1530/2117/1504 1541/2118/1515 1542/2109/1516
f 1541/2118/1515 1540/2112/1514 1551/2120/1525 1552/2121/1526
f 1538/2098/1512 1537/2114/1511 1548/2122/1522 1549/2123/1523
f 1545/2102/1519 1544/2116/1518 1555/2124/1529 1556/2125/1530
f 1535/2105/1509 1468/2126/1442 1546/2127/1520
f 1542/2109/1516 1541/2118/1515 1552/2121/1526 1553/2128/1527
f 1539/2099/1513 1538/2098/1512 1549/2123/1523 1550/2129/1524
f 1390/2130/1364 1545/2102/1519 1556/2125/1530
f 1536/2106/1510 1535/2105/1509 1546/2127/1520 1547/2131/1521
f 1543/2110/1517 1542/2109/1516 1553/2128/1527 1554/2132/1528
f 1540/2112/1514 1539/2099/1513 1550/2129/1524 1551/2120/1525
f 1537/2114/1511 1536/2106/1510 1547/2131/1521 1548/2122/1522
f 1544/2116/1518 1543/2110/1517 1554/2132/1528 1555/2124/1529
f 1551/2120/1525 1550/2129/1524 1561/2133/1535 1562/2134/1536
f 1548/2122/1522 1547/2131/1521 1558/2135/1532 1559/2136/1533
f 1555/2124/1529 1554/2132/1528 1565/2137/1539 1566/2138/1540
f 1552/2121/1526 1551/2120/1525 1562/2134/1536 1563/2139/1537
f 1549/2123/1523 1548/2122/1522 1559/2136/1533 1560/2140/1534
f 1556/2125/1530 1555/2124/1529 1566/2138/1540 1567/2141/1541
f 1546/2127/1520 1468/2142/1442 1557/2143/1531
f 1553/2128/1527 1552/2121/1526 1563/2139/1537 1564/2144/1538
f 1550/2129/1524 1549/2123/1523 1560/2140/1534 1561/2133/1535
f 1390/2145/1364 1556/2125/1530 1567/2141/1541
f 1547/2131/1521 1546/2127/1520 1557/2143/1531 1558/2135/1532
f 1554/2132/1528 1553/2128/1527 1564/2144/1538 1565/2137/1539
f 1564/2144/1538 1563/2139/1537 1574/2146/1548 1575/2147/1549
f 1561/2133/1535 1560/2140/1534 1571/2148/1545 1572/2149/1546
f 1390/2150/1364 1567/2141/1541 1578/2151/1552
f 1558/2135/1532 1557/2143/1531 1568/2152/1542 1569/2153/1543
f 1565/2137/1539 1564/2144/1538 1575/2147/1549 1576/2154/1550
f 1562/2134/1536 1561/2133/1535 1572/2149/1546 1573/2155/1547
f 1559/2136/1533 1558/2135/1532 1569/2153/1543 1570/2156/1544
f 1566/2138/1540 1565/2137/1539 1576/2154/1550 1577/2157/1551
f 1563/2139/1537 1562/2134/1536 1573/2155/1547 1574/2146/1548
f 1560/2140/1534 1559/2136/1533 1570/2156/1544 1571/2148/1545
f 1567/2141/1541 1566/2138/1540 1577/2157/1551 1578/2151/1552
f 1557/2143/1531 1468/2158/1442 1568/2152/1542
f 1574/2146/1548 1573/2155/1547 1364/1899/1338 1365/1898/1339
f 1571/2148/1545 1570/2156/1544 1579/1890/1553 1580/1902/1554
f 1578/2151/1552 1577/2157/1551 1366/1894/1340 1367/1904/1341
f 1568/2152/1542 1468/2159/1442 1361/1906/1335
f 1575/2147/1549 1574/2146/1548 1365/1898/1339 1581/1909/1555
f 1572/2149/1546 1571/2148/1545 1580/1902/1554 1363/1911/1337
f 1390/2160/1364 1578/2151/1552 1367/1904/1341
f 1569/2153/1543 1568/2152/1542 1361/1906/1335 1362/1891/1336
f 1576/2154/1550 1575/2147/1549 1581/1909/1555 1582/1895/1556
f 1573/2155/1547 1572/2149/1546 1363/1911/1337 1364/1899/1338
f 1570/2156/1544 1569/2153/1543 1362/1891/1336 1579/1890/1553
f 1577/2157/1551 1576/2154/1550 1582/1895/1556 1366/1894/1340
o bound_amber_pebble.002
v -0.460000 0.632444 -0.019408
v -0.460000 0.624952 -0.037497
v -0.460000 0.579411 -0.072441
v -0.460000 0.560000 -0.074997
v -0.460000 0.540589 -0.072441
v -0.460000 0.495048 -0.037497
v -0.460000 0.487556 -0.019408
v -0.454002 0.632444 -0.018458
v -0.448412 0.624952 -0.035661
v -0.443612 0.613033 -0.050434
v -0.439929 0.597500 -0.061770
v -0.437613 0.579411 -0.068895
v -0.436824 0.560000 -0.071326
v -0.437613 0.540589 -0.068895
v -0.439929 0.522500 -0.061770
v -0.443612 0.506967 -0.050434
v -0.448412 0.495048 -0.035661
v -0.454002 0.487556 -0.018458
v -0.448590 0.632444 -0.015701
v -0.437958 0.624952 -0.030335
v -0.428828 0.613033 -0.042901
v -0.421822 0.597500 -0.052544
v -0.417418 0.579411 -0.058605
v -0.415916 0.560000 -0.060673
v -0.417418 0.540589 -0.058605
v -0.421822 0.522500 -0.052544
v -0.428828 0.506967 -0.042901
v -0.437958 0.495048 -0.030335
v -0.448590 0.487556 -0.015701
v -0.460000 0.485000 0.000003
v -0.444296 0.632444 -0.011406
v -0.429662 0.624952 -0.022039
v -0.417095 0.613033 -0.031169
v -0.407453 0.597500 -0.038174
v -0.401391 0.579411 -0.042578
v -0.399324 0.560000 -0.044081
v -0.401391 0.540589 -0.042578
v -0.407453 0.522500 -0.038174
v -0.417095 0.506967 -0.031169
v -0.429662 0.495048 -0.022039
v -0.444296 0.487556 -0.011406
v -0.441539 0.632444 -0.005995
v -0.424335 0.624952 -0.011585
v -0.409563 0.613033 -0.016385
v -0.398227 0.597500 -0.020068
v -0.391101 0.579411 -0.022383
v -0.388671 0.560000 -0.023173
v -0.391101 0.540589 -0.022383
v -0.398227 0.522500 -0.020068
v -0.409563 0.506967 -0.016385
v -0.424335 0.495048 -0.011585
v -0.441539 0.487556 -0.005995
v -0.440589 0.632444 0.000003
v -0.422500 0.624952 0.000003
v -0.406967 0.613033 0.000003
v -0.395048 0.597500 0.000003
v -0.387556 0.579411 0.000003
v -0.385000 0.560000 0.000003
v -0.387556 0.540589 0.000003
v -0.395048 0.522500 0.000003
v -0.406967 0.506967 0.000003
v -0.422500 0.495048 0.000003
v -0.440589 0.487556 0.000003
v -0.441539 0.632444 0.006002
v -0.424335 0.624952 0.011592
v -0.409563 0.613033 0.016391
v -0.398227 0.597500 0.020075
v -0.391101 0.579411 0.022390
v -0.388671 0.560000 0.023180
v -0.391101 0.540589 0.022390
v -0.398227 0.522500 0.020075
v -0.409563 0.506967 0.016391
v -0.424335 0.495048 0.011592
v -0.441539 0.487556 0.006002
v -0.444296 0.632444 0.011413
v -0.429662 0.624952 0.022045
v -0.417095 0.613033 0.031175
v -0.407453 0.597500 0.038181
v -0.401391 0.579411 0.042585
v -0.399324 0.560000 0.044087
v -0.401391 0.540589 0.042585
v -0.407453 0.522500 0.038181
v -0.417095 0.506967 0.031175
v -0.429662 0.495048 0.022045
v -0.444296 0.487556 0.011413
v -0.448590 0.632444 0.015708
v -0.437958 0.624952 0.030342
v -0.428828 0.613033 0.042908
v -0.421822 0.597500 0.052551
v -0.417418 0.579411 0.058612
v -0.415916 0.560000 0.060680
v -0.417418 0.540589 0.058612
v -0.421822 0.522500 0.052551
v -0.428828 0.506967 0.042908
v -0.437958 0.495048 0.030342
v -0.448590 0.487556 0.015708
v -0.454002 0.632444 0.018465
v -0.448412 0.624952 0.035668
v -0.443612 0.613033 0.050441
v -0.439929 0.597500 0.061776
v -0.437613 0.579411 0.068902
v -0.436824 0.560000 0.071333
v -0.437613 0.540589 0.068902
v -0.439929 0.522500 0.061776
v -0.443612 0.506967 0.050441
v -0.448412 0.495048 0.035668
v -0.454002 0.487556 0.018465
v -0.460000 0.635000 0.000003
v -0.460000 0.632444 0.019415
v -0.460000 0.624952 0.037503
v -0.460000 0.613033 0.053036
v -0.460000 0.597500 0.064955
v -0.460000 0.579411 0.072448
v -0.460000 0.560000 0.075003
v -0.460000 0.540589 0.072448
v -0.460000 0.522500 0.064955
v -0.460000 0.506967 0.053036
v -0.460000 0.495048 0.037503
v -0.460000 0.487556 0.019415
v -0.465998 0.632444 0.018465
v -0.471588 0.624952 0.035668
v -0.476388 0.613033 0.050441
v -0.480071 0.597500 0.061776
v -0.482387 0.579411 0.068902
v -0.483176 0.560000 0.071333
v -0.482387 0.540589 0.068902
v -0.480071 0.522500 0.061776
v -0.476388 0.506967 0.050441
v -0.471588 0.495048 0.035668
v -0.465998 0.487556 0.018465
v -0.471410 0.632444 0.015708
v -0.482042 0.624952 0.030342
v -0.491172 0.613033 0.042908
v -0.498178 0.597500 0.052551
v -0.502582 0.579411 0.058612
v -0.504084 0.560000 0.060680
v -0.502582 0.540589 0.058612
v -0.498178 0.522500 0.052551
v -0.491172 0.506967 0.042908
v -0.482042 0.495048 0.030342
v -0.471410 0.487556 0.015708
v -0.475704 0.632444 0.011413
v -0.490338 0.624952 0.022045
v -0.502905 0.613033 0.031175
v -0.512547 0.597500 0.038181
v -0.518609 0.579411 0.042585
v -0.520676 0.560000 0.044087
v -0.518609 0.540589 0.042585
v -0.512547 0.522500 0.038181
v -0.502905 0.506967 0.031175
v -0.490338 0.495048 0.022045
v -0.475704 0.487556 0.011413
v -0.478461 0.632444 0.006002
v -0.495665 0.624952 0.011592
v -0.510437 0.613033 0.016391
v -0.521773 0.597500 0.020075
v -0.528899 0.579411 0.022390
v -0.531329 0.560000 0.023180
v -0.528899 0.540589 0.022390
v -0.521773 0.522500 0.020075
v -0.510437 0.506967 0.016391
v -0.495665 0.495048 0.011592
v -0.478461 0.487556 0.006002
v -0.479411 0.632444 0.000003
v -0.497500 0.624952 0.000003
v -0.513033 0.613033 0.000003
v -0.524952 0.597500 0.000003
v -0.532444 0.579411 0.000003
v -0.535000 0.560000 0.000003
v -0.532444 0.540589 0.000003
v -0.524952 0.522500 0.000003
v -0.513033 0.506967 0.000003
v -0.497500 0.495048 0.000003
v -0.479411 0.487556 0.000003
v -0.478461 0.632444 -0.005995
v -0.495665 0.624952 -0.011585
v -0.510437 0.613033 -0.016385
v -0.521773 0.597500 -0.020068
v -0.528899 0.579411 -0.022383
v -0.531329 0.560000 -0.023173
v -0.528899 0.540589 -0.022383
v -0.521773 0.522500 -0.020068
v -0.510437 0.506967 -0.016385
v -0.495665 0.495048 -0.011585
v -0.478461 0.487556 -0.005995
v -0.475704 0.632444 -0.011406
v -0.490338 0.624952 -0.022039
v -0.502905 0.613033 -0.031169
v -0.512547 0.597500 -0.038174
v -0.518609 0.579411 -0.042578
v -0.520676 0.560000 -0.044081
v -0.518609 0.540589 -0.042578
v -0.512547 0.522500 -0.038174
v -0.502905 0.506967 -0.031169
v -0.490338 0.495048 -0.022039
v -0.475704 0.487556 -0.011406
v -0.471410 0.632444 -0.015701
v -0.482042 0.624952 -0.030335
v -0.491172 0.613033 -0.042901
v -0.498178 0.597500 -0.052544
v -0.502582 0.579411 -0.058605
v -0.504084 0.560000 -0.060673
v -0.502582 0.540589 -0.058605
v -0.498178 0.522500 -0.052544
v -0.491172 0.506967 -0.042901
v -0.482042 0.495048 -0.030335
v -0.471410 0.487556 -0.015701
v -0.465998 0.632444 -0.018458
v -0.471588 0.624952 -0.035661
v -0.476388 0.613033 -0.050434
v -0.480071 0.597500 -0.061770
v -0.482387 0.579411 -0.068895
v -0.483176 0.560000 -0.071326
v -0.482387 0.540589 -0.068895
v -0.480071 0.522500 -0.061770
v -0.476388 0.506967 -0.050434
v -0.471588 0.495048 -0.035661
v -0.465998 0.487556 -0.018458
v -0.460000 0.613033 -0.053030
v -0.460000 0.597500 -0.064949
v -0.460000 0.522500 -0.064949
v -0.460000 0.506967 -0.053030
vn -0.0000 0.9626 -0.2709
vn -0.0000 0.8604 -0.5097
vn -0.0000 0.2556 -0.9668
vn -0.0000 -0.0000 -1.0000
vn -0.0000 -0.2556 -0.9668
vn -0.0000 -0.8604 -0.5097
vn -0.0000 -0.9626 -0.2709
vn 0.0837 0.9626 -0.2577
vn 0.1575 0.8604 -0.4847
vn 0.2205 0.7007 -0.6786
vn 0.2686 0.4945 -0.8267
vn 0.2988 0.2556 -0.9195
vn 0.3090 -0.0000 -0.9511
vn 0.2988 -0.2556 -0.9195
vn 0.2686 -0.4945 -0.8267
vn 0.2205 -0.7007 -0.6786
vn 0.1575 -0.8604 -0.4847
vn 0.0837 -0.9626 -0.2577
vn 0.1592 0.9626 -0.2192
vn 0.2996 0.8604 -0.4123
vn 0.4194 0.7007 -0.5772
vn 0.5109 0.4945 -0.7032
vn 0.5683 0.2556 -0.7821
vn 0.5878 -0.0000 -0.8090
vn 0.5683 -0.2556 -0.7821
vn 0.5109 -0.4945 -0.7032
vn 0.4194 -0.7007 -0.5772
vn 0.2996 -0.8604 -0.4123
vn 0.1592 -0.9626 -0.2192
vn -0.0000 -1.0000 -0.0000
vn 0.2192 0.9626 -0.1592
vn 0.4123 0.8604 -0.2996
vn 0.5772 0.7007 -0.4194
vn 0.7032 0.4945 -0.5109
vn 0.7821 0.2556 -0.5683
vn 0.8090 -0.0000 -0.5878
vn 0.7821 -0.2556 -0.5683
vn 0.7032 -0.4945 -0.5109
vn 0.5772 -0.7007 -0.4194
vn 0.4123 -0.8604 -0.2996
vn 0.2192 -0.9626 -0.1592
vn 0.2577 0.9626 -0.0837
vn 0.4847 0.8604 -0.1575
vn 0.6786 0.7007 -0.2205
vn 0.8267 0.4945 -0.2686
vn 0.9195 0.2556 -0.2987
vn 0.9511 -0.0000 -0.3090
vn 0.9195 -0.2556 -0.2987
vn 0.8267 -0.4945 -0.2686
vn 0.6786 -0.7007 -0.2205
vn 0.4847 -0.8604 -0.1575
vn 0.2577 -0.9626 -0.0837
vn 0.2709 0.9626 -0.0000
vn 0.5097 0.8604 -0.0000
vn 0.7135 0.7007 -0.0000
vn 0.8692 0.4945 -0.0000
vn 0.9668 0.2556 -0.0000
vn 1.0000 -0.0000 -0.0000
vn 0.9668 -0.2556 -0.0000
vn 0.8692 -0.4945 -0.0000
vn 0.7135 -0.7007 -0.0000
vn 0.5097 -0.8604 -0.0000
vn 0.2709 -0.9626 -0.0000
vn 0.2577 0.9626 0.0837
vn 0.4847 0.8604 0.1575
vn 0.6786 0.7007 0.2205
vn 0.8267 0.4945 0.2686
vn 0.9195 0.2556 0.2987
vn 0.9511 -0.0000 0.3090
vn 0.9195 -0.2556 0.2987
vn 0.8267 -0.4945 0.2686
vn 0.6786 -0.7007 0.2205
vn 0.4847 -0.8604 0.1575
vn 0.2576 -0.9626 0.0837
vn 0.2192 0.9626 0.1592
vn 0.4123 0.8604 0.2996
vn 0.5772 0.7007 0.4194
vn 0.7032 0.4945 0.5109
vn 0.7821 0.2556 0.5683
vn 0.8090 -0.0000 0.5878
vn 0.7821 -0.2556 0.5683
vn 0.7032 -0.4945 0.5109
vn 0.5772 -0.7007 0.4194
vn 0.4123 -0.8604 0.2996
vn 0.2192 -0.9626 0.1592
vn 0.1592 0.9626 0.2192
vn 0.2996 0.8604 0.4123
vn 0.4194 0.7007 0.5772
vn 0.5109 0.4945 0.7032
vn 0.5683 0.2556 0.7821
vn 0.5878 -0.0000 0.8090
vn 0.5683 -0.2556 0.7821
vn 0.5109 -0.4945 0.7032
vn 0.4194 -0.7007 0.5772
vn 0.2996 -0.8604 0.4123
vn 0.1592 -0.9626 0.2192
vn 0.0837 0.9626 0.2577
vn 0.1575 0.8604 0.4847
vn 0.2205 0.7007 0.6786
vn 0.2686 0.4945 0.8267
vn 0.2987 0.2556 0.9195
vn 0.3090 -0.0000 0.9511
vn 0.2988 -0.2556 0.9195
vn 0.2686 -0.4945 0.8267
vn 0.2205 -0.7007 0.6786
vn 0.1575 -0.8604 0.4847
vn 0.0837 -0.9626 0.2577
vn -0.0000 1.0000 -0.0000
vn -0.0000 0.9626 0.2709
vn -0.0000 0.8604 0.5097
vn -0.0000 0.7007 0.7135
vn -0.0000 0.4945 0.8692
vn -0.0000 0.2556 0.9668
vn -0.0000 -0.0000 1.0000
vn -0.0000 -0.2556 0.9668
vn -0.0000 -0.4945 0.8692
vn -0.0000 -0.7007 0.7135
vn -0.0000 -0.8604 0.5097
vn -0.0000 -0.9626 0.2709
vn -0.0837 0.9626 0.2577
vn -0.1575 0.8604 0.4847
vn -0.2205 0.7007 0.6786
vn -0.2686 0.4945 0.8267
vn -0.2987 0.2556 0.9195
vn -0.3090 -0.0000 0.9511
vn -0.2987 -0.2556 0.9195
vn -0.2686 -0.4945 0.8267
vn -0.2205 -0.7007 0.6786
vn -0.1575 -0.8604 0.4847
vn -0.0837 -0.9626 0.2577
vn -0.1592 0.9626 0.2192
vn -0.2996 0.8604 0.4123
vn -0.4194 0.7007 0.5772
vn -0.5109 0.4945 0.7032
vn -0.5683 0.2556 0.7821
vn -0.5878 -0.0000 0.8090
vn -0.5683 -0.2556 0.7821
vn -0.5109 -0.4945 0.7032
vn -0.4194 -0.7007 0.5772
vn -0.2996 -0.8604 0.4123
vn -0.1592 -0.9626 0.2192
vn -0.2192 0.9626 0.1592
vn -0.4123 0.8604 0.2996
vn -0.5772 0.7007 0.4194
vn -0.7032 0.4945 0.5109
vn -0.7821 0.2556 0.5683
vn -0.8090 -0.0000 0.5878
vn -0.7821 -0.2556 0.5683
vn -0.7032 -0.4945 0.5109
vn -0.5772 -0.7007 0.4194
vn -0.4123 -0.8604 0.2996
vn -0.2192 -0.9626 0.1592
vn -0.2577 0.9626 0.0837
vn -0.4847 0.8604 0.1575
vn -0.6786 0.7007 0.2205
vn -0.8267 0.4945 0.2686
vn -0.9195 0.2556 0.2987
vn -0.9511 -0.0000 0.3090
vn -0.9195 -0.2556 0.2987
vn -0.8267 -0.4945 0.2686
vn -0.6786 -0.7007 0.2205
vn -0.4847 -0.8604 0.1575
vn -0.2577 -0.9626 0.0837
vn -0.2709 0.9626 -0.0000
vn -0.5097 0.8604 -0.0000
vn -0.7135 0.7007 -0.0000
vn -0.8692 0.4945 -0.0000
vn -0.9668 0.2556 -0.0000
vn -1.0000 -0.0000 -0.0000
vn -0.9668 -0.2556 -0.0000
vn -0.8692 -0.4945 -0.0000
vn -0.7135 -0.7007 -0.0000
vn -0.5097 -0.8604 -0.0000
vn -0.2709 -0.9626 -0.0000
vn -0.2576 0.9626 -0.0837
vn -0.4847 0.8604 -0.1575
vn -0.6786 0.7007 -0.2205
vn -0.8267 0.4945 -0.2686
vn -0.9195 0.2556 -0.2987
vn -0.9511 -0.0000 -0.3090
vn -0.9195 -0.2556 -0.2987
vn -0.8267 -0.4945 -0.2686
vn -0.6786 -0.7007 -0.2205
vn -0.4847 -0.8604 -0.1575
vn -0.2577 -0.9626 -0.0837
vn -0.2192 0.9626 -0.1592
vn -0.4123 0.8604 -0.2996
vn -0.5772 0.7007 -0.4194
vn -0.7032 0.4945 -0.5109
vn -0.7821 0.2556 -0.5683
vn -0.8090 -0.0000 -0.5878
vn -0.7821 -0.2556 -0.5683
vn -0.7032 -0.4945 -0.5109
vn -0.5772 -0.7007 -0.4194
vn -0.4123 -0.8604 -0.2996
vn -0.2192 -0.9626 -0.1592
vn -0.1592 0.9626 -0.2192
vn -0.2996 0.8604 -0.4123
vn -0.4194 0.7007 -0.5772
vn -0.5109 0.4945 -0.7032
vn -0.5683 0.2556 -0.7821
vn -0.5878 -0.0000 -0.8090
vn -0.5683 -0.2556 -0.7821
vn -0.5109 -0.4945 -0.7032
vn -0.4194 -0.7007 -0.5772
vn -0.2996 -0.8604 -0.4123
vn -0.1592 -0.9626 -0.2192
vn -0.0837 0.9626 -0.2577
vn -0.1575 0.8604 -0.4847
vn -0.2205 0.7007 -0.6786
vn -0.2686 0.4945 -0.8267
vn -0.2987 0.2556 -0.9195
vn -0.3090 -0.0000 -0.9511
vn -0.2987 -0.2556 -0.9195
vn -0.2686 -0.4945 -0.8267
vn -0.2205 -0.7007 -0.6786
vn -0.1575 -0.8604 -0.4847
vn -0.0837 -0.9626 -0.2577
vn -0.0000 0.7007 -0.7135
vn -0.0000 0.4945 -0.8692
vn -0.0000 -0.4945 -0.8692
vn -0.0000 -0.7007 -0.7135
vt 0.750000 0.833333
vt 0.750000 0.916667
vt 0.700000 0.916667
vt 0.700000 0.833333
vt 0.750000 0.250000
vt 0.750000 0.333333
vt 0.700000 0.333333
vt 0.700000 0.250000
vt 0.750000 0.500000
vt 0.750000 0.583333
vt 0.700000 0.583333
vt 0.700000 0.500000
vt 0.750000 0.750000
vt 0.700000 0.750000
vt 0.750000 0.166667
vt 0.700000 0.166667
vt 0.750000 0.416667
vt 0.700000 0.416667
vt 0.750000 0.666667
vt 0.700000 0.666667
vt 0.750000 0.083333
vt 0.700000 0.083333
vt 0.725000 1.000000
vt 0.725000 0.000000
vt 0.650000 0.500000
vt 0.650000 0.416667
vt 0.650000 0.750000
vt 0.650000 0.666667
vt 0.650000 0.166667
vt 0.650000 0.083333
vt 0.675000 1.000000
vt 0.650000 0.916667
vt 0.650000 0.333333
vt 0.650000 0.583333
vt 0.675000 0.000000
vt 0.650000 0.833333
vt 0.650000 0.250000
vt 0.600000 0.583333
vt 0.600000 0.500000
vt 0.600000 0.833333
vt 0.600000 0.750000
vt 0.600000 0.250000
vt 0.600000 0.166667
vt 0.600000 0.416667
vt 0.600000 0.666667
vt 0.600000 0.083333
vt 0.625000 1.000000
vt 0.600000 0.916667
vt 0.600000 0.333333
vt 0.625000 0.000000
vt 0.550000 0.416667
vt 0.550000 0.333333
vt 0.550000 0.666667
vt 0.550000 0.583333
vt 0.575000 0.000000
vt 0.550000 0.083333
vt 0.550000 0.916667
vt 0.550000 0.833333
vt 0.550000 0.250000
vt 0.550000 0.500000
vt 0.550000 0.750000
vt 0.550000 0.166667
vt 0.575000 1.000000
vt 0.500000 0.500000
vt 0.500000 0.416667
vt 0.500000 0.750000
vt 0.500000 0.666667
vt 0.500000 0.166667
vt 0.500000 0.083333
vt 0.525000 1.000000
vt 0.500000 0.916667
vt 0.500000 0.333333
vt 0.500000 0.583333
vt 0.525000 0.000000
vt 0.500000 0.833333
vt 0.500000 0.250000
vt 0.450000 0.333333
vt 0.450000 0.250000
vt 0.450000 0.583333
vt 0.450000 0.500000
vt 0.450000 0.833333
vt 0.450000 0.750000
vt 0.450000 0.166667
vt 0.450000 0.416667
vt 0.450000 0.666667
vt 0.450000 0.083333
vt 0.475000 1.000000
vt 0.450000 0.916667
vt 0.475000 0.000000
vt 0.425000 1.000000
vt 0.400000 0.916667
vt 0.400000 0.416667
vt 0.400000 0.333333
vt 0.400000 0.666667
vt 0.400000 0.583333
vt 0.425000 0.000000
vt 0.400000 0.083333
vt 0.400000 0.833333
vt 0.400000 0.250000
vt 0.400000 0.500000
vt 0.400000 0.750000
vt 0.400000 0.166667
vt 0.350000 0.250000
vt 0.350000 0.166667
vt 0.350000 0.500000
vt 0.350000 0.416667
vt 0.350000 0.750000
vt 0.350000 0.666667
vt 0.350000 0.083333
vt 0.375000 1.000000
vt 0.350000 0.916667
vt 0.350000 0.333333
vt 0.350000 0.583333
vt 0.375000 0.000000
vt 0.350000 0.833333
vt 0.300000 0.916667
vt 0.300000 0.833333
vt 0.300000 0.333333
vt 0.300000 0.250000
vt 0.300000 0.583333
vt 0.300000 0.500000
vt 0.300000 0.750000
vt 0.300000 0.166667
vt 0.300000 0.416667
vt 0.300000 0.666667
vt 0.300000 0.083333
vt 0.325000 1.000000
vt 0.325000 0.000000
vt 0.250000 0.166667
vt 0.250000 0.083333
vt 0.275000 1.000000
vt 0.250000 0.916667
vt 0.250000 0.416667
vt 0.250000 0.333333
vt 0.250000 0.666667
vt 0.250000 0.583333
vt 0.275000 0.000000
vt 0.250000 0.833333
vt 0.250000 0.250000
vt 0.250000 0.500000
vt 0.250000 0.750000
vt 0.200000 0.833333
vt 0.200000 0.750000
vt 0.200000 0.250000
vt 0.200000 0.166667
vt 0.200000 0.500000
vt 0.200000 0.416667
vt 0.200000 0.666667
vt 0.200000 0.083333
vt 0.225000 1.000000
vt 0.200000 0.916667
vt 0.200000 0.333333
vt 0.200000 0.583333
vt 0.225000 0.000000
vt 0.175000 0.000000
vt 0.150000 0.083333
vt 0.150000 0.916667
vt 0.150000 0.833333
vt 0.150000 0.333333
vt 0.150000 0.250000
vt 0.150000 0.583333
vt 0.150000 0.500000
vt 0.150000 0.750000
vt 0.150000 0.166667
vt 0.150000 0.416667
vt 0.150000 0.666667
vt 0.175000 1.000000
vt 0.100000 0.750000
vt 0.100000 0.666667
vt 0.100000 0.166667
vt 0.100000 0.083333
vt 0.125000 1.000000
vt 0.100000 0.916667
vt 0.100000 0.416667
vt 0.100000 0.333333
vt 0.100000 0.583333
vt 0.125000 0.000000
vt 0.100000 0.833333
vt 0.100000 0.250000
vt 0.100000 0.500000
vt 0.050000 0.833333
vt 0.050000 0.750000
vt 0.050000 0.250000
vt 0.050000 0.166667
vt 0.050000 0.500000
vt 0.050000 0.416667
vt 0.050000 0.666667
vt 0.050000 0.083333
vt 0.075000 1.000000
vt 0.050000 0.916667
vt 0.050000 0.333333
vt 0.050000 0.583333
vt 0.075000 0.000000
vt 0.000000 0.666667
vt 0.000000 0.583333
vt 0.025000 0.000000
vt 0.000000 0.083333
vt 0.000000 0.916667
vt 0.000000 0.833333
vt 0.000000 0.333333
vt 0.000000 0.250000
vt 0.000000 0.500000
vt 0.000000 0.750000
vt 0.000000 0.166667
vt 0.000000 0.416667
vt 0.025000 1.000000
vt 1.000000 0.666667
vt 1.000000 0.750000
vt 0.950000 0.750000
vt 0.950000 0.666667
vt 1.000000 0.083333
vt 1.000000 0.166667
vt 0.950000 0.166667
vt 0.950000 0.083333
vt 1.000000 0.916667
vt 0.975000 1.000000
vt 0.950000 0.916667
vt 1.000000 0.333333
vt 1.000000 0.416667
vt 0.950000 0.416667
vt 0.950000 0.333333
vt 1.000000 0.583333
vt 0.950000 0.583333
vt 0.975000 0.000000
vt 1.000000 0.833333
vt 0.950000 0.833333
vt 1.000000 0.250000
vt 0.950000 0.250000
vt 1.000000 0.500000
vt 0.950000 0.500000
vt 0.900000 0.583333
vt 0.900000 0.500000
vt 0.900000 0.833333
vt 0.900000 0.750000
vt 0.900000 0.250000
vt 0.900000 0.166667
vt 0.900000 0.416667
vt 0.900000 0.666667
vt 0.900000 0.083333
vt 0.925000 1.000000
vt 0.900000 0.916667
vt 0.900000 0.333333
vt 0.925000 0.000000
vt 0.850000 0.666667
vt 0.850000 0.583333
vt 0.875000 0.000000
vt 0.850000 0.083333
vt 0.850000 0.916667
vt 0.850000 0.833333
vt 0.850000 0.333333
vt 0.850000 0.250000
vt 0.850000 0.500000
vt 0.850000 0.750000
vt 0.850000 0.166667
vt 0.850000 0.416667
vt 0.875000 1.000000
vt 0.800000 0.500000
vt 0.800000 0.416667
vt 0.800000 0.750000
vt 0.800000 0.666667
vt 0.800000 0.166667
vt 0.800000 0.083333
vt 0.825000 1.000000
vt 0.800000 0.916667
vt 0.800000 0.333333
vt 0.800000 0.583333
vt 0.825000 0.000000
vt 0.800000 0.833333
vt 0.800000 0.250000
vt 0.775000 1.000000
vt 0.775000 0.000000
s 1
usemtl RunicAmber
f 1584/2161/1558 1583/2162/1557 1590/2163/1564 1591/2164/1565
f 1804/2165/1778 1803/2166/1777 1597/2167/1571 1598/2168/1572
f 1586/2169/1560 1585/2170/1559 1594/2171/1568 1595/2172/1569
f 1801/2173/1775 1584/2161/1558 1591/2164/1565 1592/2174/1566
f 1588/2175/1562 1804/2165/1778 1598/2168/1572 1599/2176/1573
f 1587/2177/1561 1586/2169/1560 1595/2172/1569 1596/2178/1570
f 1802/2179/1776 1801/2173/1775 1592/2174/1566 1593/2180/1567
f 1589/2181/1563 1588/2175/1562 1599/2176/1573 1600/2182/1574
f 1583/2162/1557 1690/2183/1664 1590/2163/1564
f 1803/2166/1777 1587/2177/1561 1596/2178/1570 1597/2167/1571
f 1585/2170/1559 1802/2179/1776 1593/2180/1567 1594/2171/1568
f 1612/2184/1586 1589/2181/1563 1600/2182/1574
f 1596/2178/1570 1595/2172/1569 1606/2185/1580 1607/2186/1581
f 1593/2180/1567 1592/2174/1566 1603/2187/1577 1604/2188/1578
f 1600/2182/1574 1599/2176/1573 1610/2189/1584 1611/2190/1585
f 1590/2163/1564 1690/2191/1664 1601/2192/1575
f 1597/2167/1571 1596/2178/1570 1607/2186/1581 1608/2193/1582
f 1594/2171/1568 1593/2180/1567 1604/2188/1578 1605/2194/1579
f 1612/2195/1586 1600/2182/1574 1611/2190/1585
f 1591/2164/1565 1590/2163/1564 1601/2192/1575 1602/2196/1576
f 1598/2168/1572 1597/2167/1571 1608/2193/1582 1609/2197/1583
f 1595/2172/1569 1594/2171/1568 1605/2194/1579 1606/2185/1580
f 1592/2174/1566 1591/2164/1565 1602/2196/1576 1603/2187/1577
f 1599/2176/1573 1598/2168/1572 1609/2197/1583 1610/2189/1584
f 1606/2185/1580 1605/2194/1579 1617/2198/1591 1618/2199/1592
f 1603/2187/1577 1602/2196/1576 1614/2200/1588 1615/2201/1589
f 1610/2189/1584 1609/2197/1583 1621/2202/1595 1622/2203/1596
f 1607/2186/1581 1606/2185/1580 1618/2199/1592 1619/2204/1593
f 1604/2188/1578 1603/2187/1577 1615/2201/1589 1616/2205/1590
f 1611/2190/1585 1610/2189/1584 1622/2203/1596 1623/2206/1597
f 1601/2192/1575 1690/2207/1664 1613/2208/1587
f 1608/2193/1582 1607/2186/1581 1619/2204/1593 1620/2209/1594
f 1605/2194/1579 1604/2188/1578 1616/2205/1590 1617/2198/1591
f 1612/2210/1586 1611/2190/1585 1623/2206/1597
f 1602/2196/1576 1601/2192/1575 1613/2208/1587 1614/2200/1588
f 1609/2197/1583 1608/2193/1582 1620/2209/1594 1621/2202/1595
f 1620/2209/1594 1619/2204/1593 1630/2211/1604 1631/2212/1605
f 1617/2198/1591 1616/2205/1590 1627/2213/1601 1628/2214/1602
f 1612/2215/1586 1623/2206/1597 1634/2216/1608
f 1614/2200/1588 1613/2208/1587 1624/2217/1598 1625/2218/1599
f 1621/2202/1595 1620/2209/1594 1631/2212/1605 1632/2219/1606
f 1618/2199/1592 1617/2198/1591 1628/2214/1602 1629/2220/1603
f 1615/2201/1589 1614/2200/1588 1625/2218/1599 1626/2221/1600
f 1622/2203/1596 1621/2202/1595 1632/2219/1606 1633/2222/1607
f 1619/2204/1593 1618/2199/1592 1629/2220/1603 1630/2211/1604
f 1616/2205/1590 1615/2201/1589 1626/2221/1600 1627/2213/1601
f 1623/2206/1597 1622/2203/1596 1633/2222/1607 1634/2216/1608
f 1613/2208/1587 1690/2223/1664 1624/2217/1598
f 1630/2211/1604 1629/2220/1603 1640/2224/1614 1641/2225/1615
f 1627/2213/1601 1626/2221/1600 1637/2226/1611 1638/2227/1612
f 1634/2216/1608 1633/2222/1607 1644/2228/1618 1645/2229/1619
f 1624/2217/1598 1690/2230/1664 1635/2231/1609
f 1631/2212/1605 1630/2211/1604 1641/2225/1615 1642/2232/1616
f 1628/2214/1602 1627/2213/1601 1638/2227/1612 1639/2233/1613
f 1612/2234/1586 1634/2216/1608 1645/2229/1619
f 1625/2218/1599 1624/2217/1598 1635/2231/1609 1636/2235/1610
f 1632/2219/1606 1631/2212/1605 1642/2232/1616 1643/2236/1617
f 1629/2220/1603 1628/2214/1602 1639/2233/1613 1640/2224/1614
f 1626/2221/1600 1625/2218/1599 1636/2235/1610 1637/2226/1611
f 1633/2222/1607 1632/2219/1606 1643/2236/1617 1644/2228/1618
f 1643/2236/1617 1642/2232/1616 1653/2237/1627 1654/2238/1628
f 1640/2224/1614 1639/2233/1613 1650/2239/1624 1651/2240/1625
f 1637/2226/1611 1636/2235/1610 1647/2241/1621 1648/2242/1622
f 1644/2228/1618 1643/2236/1617 1654/2238/1628 1655/2243/1629
f 1641/2225/1615 1640/2224/1614 1651/2240/1625 1652/2244/1626
f 1638/2227/1612 1637/2226/1611 1648/2242/1622 1649/2245/1623
f 1645/2229/1619 1644/2228/1618 1655/2243/1629 1656/2246/1630
f 1635/2231/1609 1690/2247/1664 1646/2248/1620
f 1642/2232/1616 1641/2225/1615 1652/2244/1626 1653/2237/1627
f 1639/2233/1613 1638/2227/1612 1649/2245/1623 1650/2239/1624
f 1612/2249/1586 1645/2229/1619 1656/2246/1630
f 1636/2235/1610 1635/2231/1609 1646/2248/1620 1647/2241/1621
f 1646/2248/1620 1690/2250/1664 1657/2251/1631
f 1653/2237/1627 1652/2244/1626 1663/2252/1637 1664/2253/1638
f 1650/2239/1624 1649/2245/1623 1660/2254/1634 1661/2255/1635
f 1612/2256/1586 1656/2246/1630 1667/2257/1641
f 1647/2241/1621 1646/2248/1620 1657/2251/1631 1658/2258/1632
f 1654/2238/1628 1653/2237/1627 1664/2253/1638 1665/2259/1639
f 1651/2240/1625 1650/2239/1624 1661/2255/1635 1662/2260/1636
f 1648/2242/1622 1647/2241/1621 1658/2258/1632 1659/2261/1633
f 1655/2243/1629 1654/2238/1628 1665/2259/1639 1666/2262/1640
f 1652/2244/1626 1651/2240/1625 1662/2260/1636 1663/2252/1637
f 1649/2245/1623 1648/2242/1622 1659/2261/1633 1660/2254/1634
f 1656/2246/1630 1655/2243/1629 1666/2262/1640 1667/2257/1641
f 1666/2262/1640 1665/2259/1639 1676/2263/1650 1677/2264/1651
f 1663/2252/1637 1662/2260/1636 1673/2265/1647 1674/2266/1648
f 1660/2254/1634 1659/2261/1633 1670/2267/1644 1671/2268/1645
f 1667/2257/1641 1666/2262/1640 1677/2264/1651 1678/2269/1652
f 1657/2251/1631 1690/2270/1664 1668/2271/1642
f 1664/2253/1638 1663/2252/1637 1674/2266/1648 1675/2272/1649
f 1661/2255/1635 1660/2254/1634 1671/2268/1645 1672/2273/1646
f 1612/2274/1586 1667/2257/1641 1678/2269/1652
f 1658/2258/1632 1657/2251/1631 1668/2271/1642 1669/2275/1643
f 1665/2259/1639 1664/2253/1638 1675/2272/1649 1676/2263/1650
f 1662/2260/1636 1661/2255/1635 1672/2273/1646 1673/2265/1647
f 1659/2261/1633 1658/2258/1632 1669/2275/1643 1670/2267/1644
f 1669/2275/1643 1668/2271/1642 1679/2276/1653 1680/2277/1654
f 1676/2263/1650 1675/2272/1649 1686/2278/1660 1687/2279/1661
f 1673/2265/1647 1672/2273/1646 1683/2280/1657 1684/2281/1658
f 1670/2267/1644 1669/2275/1643 1680/2277/1654 1681/2282/1655
f 1677/2264/1651 1676/2263/1650 1687/2279/1661 1688/2283/1662
f 1674/2266/1648 1673/2265/1647 1684/2281/1658 1685/2284/1659
f 1671/2268/1645 1670/2267/1644 1681/2282/1655 1682/2285/1656
f 1678/2269/1652 1677/2264/1651 1688/2283/1662 1689/2286/1663
f 1668/2271/1642 1690/2287/1664 1679/2276/1653
f 1675/2272/1649 1674/2266/1648 1685/2284/1659 1686/2278/1660
f 1672/2273/1646 1671/2268/1645 1682/2285/1656 1683/2280/1657
f 1612/2288/1586 1678/2269/1652 1689/2286/1663
f 1689/2286/1663 1688/2283/1662 1700/2289/1674 1701/2290/1675
f 1679/2276/1653 1690/2291/1664 1691/2292/1665
f 1686/2278/1660 1685/2284/1659 1697/2293/1671 1698/2294/1672
f 1683/2280/1657 1682/2285/1656 1694/2295/1668 1695/2296/1669
f 1612/2297/1586 1689/2286/1663 1701/2290/1675
f 1680/2277/1654 1679/2276/1653 1691/2292/1665 1692/2298/1666
f 1687/2279/1661 1686/2278/1660 1698/2294/1672 1699/2299/1673
f 1684/2281/1658 1683/2280/1657 1695/2296/1669 1696/2300/1670
f 1681/2282/1655 1680/2277/1654 1692/2298/1666 1693/2301/1667
f 1688/2283/1662 1687/2279/1661 1699/2299/1673 1700/2289/1674
f 1685/2284/1659 1684/2281/1658 1696/2300/1670 1697/2293/1671
f 1682/2285/1656 1681/2282/1655 1693/2301/1667 1694/2295/1668
f 1693/2301/1667 1692/2298/1666 1703/2302/1677 1704/2303/1678
f 1700/2289/1674 1699/2299/1673 1710/2304/1684 1711/2305/1685
f 1697/2293/1671 1696/2300/1670 1707/2306/1681 1708/2307/1682
f 1694/2295/1668 1693/2301/1667 1704/2303/1678 1705/2308/1679
f 1701/2290/1675 1700/2289/1674 1711/2305/1685 1712/2309/1686
f 1691/2292/1665 1690/2310/1664 1702/2311/1676
f 1698/2294/1672 1697/2293/1671 1708/2307/1682 1709/2312/1683
f 1695/2296/1669 1694/2295/1668 1705/2308/1679 1706/2313/1680
f 1612/2314/1586 1701/2290/1675 1712/2309/1686
f 1692/2298/1666 1691/2292/1665 1702/2311/1676 1703/2302/1677
f 1699/2299/1673 1698/2294/1672 1709/2312/1683 1710/2304/1684
f 1696/2300/1670 1695/2296/1669 1706/2313/1680 1707/2306/1681
f 1612/2315/1586 1712/2309/1686 1723/2316/1697
f 1703/2302/1677 1702/2311/1676 1713/2317/1687 1714/2318/1688
f 1710/2304/1684 1709/2312/1683 1720/2319/1694 1721/2320/1695
f 1707/2306/1681 1706/2313/1680 1717/2321/1691 1718/2322/1692
f 1704/2303/1678 1703/2302/1677 1714/2318/1688 1715/2323/1689
f 1711/2305/1685 1710/2304/1684 1721/2320/1695 1722/2324/1696
f 1708/2307/1682 1707/2306/1681 1718/2322/1692 1719/2325/1693
f 1705/2308/1679 1704/2303/1678 1715/2323/1689 1716/2326/1690
f 1712/2309/1686 1711/2305/1685 1722/2324/1696 1723/2316/1697
f 1702/2311/1676 1690/2327/1664 1713/2317/1687
f 1709/2312/1683 1708/2307/1682 1719/2325/1693 1720/2319/1694
f 1706/2313/1680 1705/2308/1679 1716/2326/1690 1717/2321/1691
f 1716/2326/1690 1715/2323/1689 1726/2328/1700 1727/2329/1701
f 1723/2316/1697 1722/2324/1696 1733/2330/1707 1734/2331/1708
f 1713/2317/1687 1690/2332/1664 1724/2333/1698
f 1720/2319/1694 1719/2325/1693 1730/2334/1704 1731/2335/1705
f 1717/2321/1691 1716/2326/1690 1727/2329/1701 1728/2336/1702
f 1612/2337/1586 1723/2316/1697 1734/2331/1708
f 1714/2318/1688 1713/2317/1687 1724/2333/1698 1725/2338/1699
f 1721/2320/1695 1720/2319/1694 1731/2335/1705 1732/2339/1706
f 1718/2322/1692 1717/2321/1691 1728/2336/1702 1729/2340/1703
f 1715/2323/1689 1714/2318/1688 1725/2338/1699 1726/2328/1700
f 1722/2324/1696 1721/2320/1695 1732/2339/1706 1733/2330/1707
f 1719/2325/1693 1718/2322/1692 1729/2340/1703 1730/2334/1704
f 1726/2328/1700 1725/2338/1699 1736/2341/1710 1737/2342/1711
f 1733/2330/1707 1732/2339/1706 1743/2343/1717 1744/2344/1718
f 1730/2334/1704 1729/2340/1703 1740/2345/1714 1741/2346/1715
f 1727/2329/1701 1726/2328/1700 1737/2342/1711 1738/2347/1712
f 1734/2331/1708 1733/2330/1707 1744/2344/1718 1745/2348/1719
f 1724/2333/1698 1690/2349/1664 1735/2350/1709
f 1731/2335/1705 1730/2334/1704 1741/2346/1715 1742/2351/1716
f 1728/2336/1702 1727/2329/1701 1738/2347/1712 1739/2352/1713
f 1612/2353/1586 1734/2331/1708 1745/2348/1719
f 1725/2338/1699 1724/2333/1698 1735/2350/1709 1736/2341/1710
f 1732/2339/1706 1731/2335/1705 1742/2351/1716 1743/2343/1717
f 1729/2340/1703 1728/2336/1702 1739/2352/1713 1740/2345/1714
f 1739/2352/1713 1738/2347/1712 1749/2354/1723 1750/2355/1724
f 1612/2356/1586 1745/2348/1719 1756/2357/1730
f 1736/2341/1710 1735/2350/1709 1746/2358/1720 1747/2359/1721
f 1743/2343/1717 1742/2351/1716 1753/2360/1727 1754/2361/1728
f 1740/2345/1714 1739/2352/1713 1750/2355/1724 1751/2362/1725
f 1737/2342/1711 1736/2341/1710 1747/2359/1721 1748/2363/1722
f 1744/2344/1718 1743/2343/1717 1754/2361/1728 1755/2364/1729
f 1741/2346/1715 1740/2345/1714 1751/2362/1725 1752/2365/1726
f 1738/2347/1712 1737/2342/1711 1748/2363/1722 1749/2354/1723
f 1745/2348/1719 1744/2344/1718 1755/2364/1729 1756/2357/1730
f 1735/2350/1709 1690/2366/1664 1746/2358/1720
f 1742/2351/1716 1741/2346/1715 1752/2365/1726 1753/2360/1727
f 1749/2367/1723 1748/2368/1722 1759/2369/1733 1760/2370/1734
f 1756/2371/1730 1755/2372/1729 1766/2373/1740 1767/2374/1741
f 1746/2375/1720 1690/2376/1664 1757/2377/1731
f 1753/2378/1727 1752/2379/1726 1763/2380/1737 1764/2381/1738
f 1750/2382/1724 1749/2367/1723 1760/2370/1734 1761/2383/1735
f 1612/2384/1586 1756/2371/1730 1767/2374/1741
f 1747/2385/1721 1746/2375/1720 1757/2377/1731 1758/2386/1732
f 1754/2387/1728 1753/2378/1727 1764/2381/1738 1765/2388/1739
f 1751/2389/1725 1750/2382/1724 1761/2383/1735 1762/2390/1736
f 1748/2368/1722 1747/2385/1721 1758/2386/1732 1759/2369/1733
f 1755/2372/1729 1754/2387/1728 1765/2388/1739 1766/2373/1740
f 1752/2379/1726 1751/2389/1725 1762/2390/1736 1763/2380/1737
f 1762/2390/1736 1761/2383/1735 1772/2391/1746 1773/2392/1747
f 1759/2369/1733 1758/2386/1732 1769/2393/1743 1770/2394/1744
f 1766/2373/1740 1765/2388/1739 1776/2395/1750 1777/2396/1751
f 1763/2380/1737 1762/2390/1736 1773/2392/1747 1774/2397/1748
f 1760/2370/1734 1759/2369/1733 1770/2394/1744 1771/2398/1745
f 1767/2374/1741 1766/2373/1740 1777/2396/1751 1778/2399/1752
f 1757/2377/1731 1690/2400/1664 1768/2401/1742
f 1764/2381/1738 1763/2380/1737 1774/2397/1748 1775/2402/1749
f 1761/2383/1735 1760/2370/1734 1771/2398/1745 1772/2391/1746
f 1612/2403/1586 1767/2374/1741 1778/2399/1752
f 1758/2386/1732 1757/2377/1731 1768/2401/1742 1769/2393/1743
f 1765/2388/1739 1764/2381/1738 1775/2402/1749 1776/2395/1750
f 1772/2391/1746 1771/2398/1745 1782/2404/1756 1783/2405/1757
f 1612/2406/1586 1778/2399/1752 1789/2407/1763
f 1769/2393/1743 1768/2401/1742 1779/2408/1753 1780/2409/1754
f 1776/2395/1750 1775/2402/1749 1786/2410/1760 1787/2411/1761
f 1773/2392/1747 1772/2391/1746 1783/2405/1757 1784/2412/1758
f 1770/2394/1744 1769/2393/1743 1780/2409/1754 1781/2413/1755
f 1777/2396/1751 1776/2395/1750 1787/2411/1761 1788/2414/1762
f 1774/2397/1748 1773/2392/1747 1784/2412/1758 1785/2415/1759
f 1771/2398/1745 1770/2394/1744 1781/2413/1755 1782/2404/1756
f 1778/2399/1752 1777/2396/1751 1788/2414/1762 1789/2407/1763
f 1768/2401/1742 1690/2416/1664 1779/2408/1753
f 1775/2402/1749 1774/2397/1748 1785/2415/1759 1786/2410/1760
f 1785/2415/1759 1784/2412/1758 1795/2417/1769 1796/2418/1770
f 1782/2404/1756 1781/2413/1755 1792/2419/1766 1793/2420/1767
f 1789/2407/1763 1788/2414/1762 1799/2421/1773 1800/2422/1774
f 1779/2408/1753 1690/2423/1664 1790/2424/1764
f 1786/2410/1760 1785/2415/1759 1796/2418/1770 1797/2425/1771
f 1783/2405/1757 1782/2404/1756 1793/2420/1767 1794/2426/1768
f 1612/2427/1586 1789/2407/1763 1800/2422/1774
f 1780/2409/1754 1779/2408/1753 1790/2424/1764 1791/2428/1765
f 1787/2411/1761 1786/2410/1760 1797/2425/1771 1798/2429/1772
f 1784/2412/1758 1783/2405/1757 1794/2426/1768 1795/2417/1769
f 1781/2413/1755 1780/2409/1754 1791/2428/1765 1792/2419/1766
f 1788/2414/1762 1787/2411/1761 1798/2429/1772 1799/2421/1773
f 1795/2417/1769 1794/2426/1768 1585/2170/1559 1586/2169/1560
f 1792/2419/1766 1791/2428/1765 1584/2161/1558 1801/2173/1775
f 1799/2421/1773 1798/2429/1772 1804/2165/1778 1588/2175/1562
f 1796/2418/1770 1795/2417/1769 1586/2169/1560 1587/2177/1561
f 1793/2420/1767 1792/2419/1766 1801/2173/1775 1802/2179/1776
f 1800/2422/1774 1799/2421/1773 1588/2175/1562 1589/2181/1563
f 1790/2424/1764 1690/2430/1664 1583/2162/1557
f 1797/2425/1771 1796/2418/1770 1587/2177/1561 1803/2166/1777
f 1794/2426/1768 1793/2420/1767 1802/2179/1776 1585/2170/1559
f 1612/2431/1586 1800/2422/1774 1589/2181/1563
f 1791/2428/1765 1790/2424/1764 1583/2162/1557 1584/2161/1558
f 1798/2429/1772 1797/2425/1771 1803/2166/1777 1804/2165/1778
o bound_amber_pebble.003
v 0.000005 0.632444 0.440589
v 0.000005 0.624952 0.422500
v 0.000005 0.579411 0.387556
v 0.000005 0.560000 0.385000
v 0.000005 0.540589 0.387556
v 0.000005 0.495048 0.422500
v 0.000005 0.487556 0.440589
v 0.006004 0.632444 0.441539
v 0.011593 0.624952 0.424335
v 0.016393 0.613033 0.409563
v 0.020076 0.597500 0.398227
v 0.022392 0.579411 0.391101
v 0.023181 0.560000 0.388671
v 0.022392 0.540589 0.391101
v 0.020076 0.522500 0.398227
v 0.016393 0.506967 0.409563
v 0.011593 0.495048 0.424335
v 0.006004 0.487556 0.441539
v 0.011415 0.632444 0.444296
v 0.022047 0.624952 0.429662
v 0.031177 0.613033 0.417095
v 0.038183 0.597500 0.407453
v 0.042587 0.579411 0.401391
v 0.044089 0.560000 0.399324
v 0.042587 0.540589 0.401391
v 0.038183 0.522500 0.407453
v 0.031177 0.506967 0.417095
v 0.022047 0.495048 0.429662
v 0.011415 0.487556 0.444296
v 0.000005 0.485000 0.460000
v 0.015709 0.632444 0.448590
v 0.030343 0.624952 0.437958
v 0.042910 0.613033 0.428828
v 0.052552 0.597500 0.421822
v 0.058614 0.579411 0.417418
v 0.060681 0.560000 0.415916
v 0.058614 0.540589 0.417418
v 0.052552 0.522500 0.421822
v 0.042910 0.506967 0.428828
v 0.030343 0.495048 0.437958
v 0.015709 0.487556 0.448590
v 0.018466 0.632444 0.454002
v 0.035670 0.624952 0.448412
v 0.050442 0.613033 0.443612
v 0.061778 0.597500 0.439929
v 0.068904 0.579411 0.437613
v 0.071334 0.560000 0.436824
v 0.068904 0.540589 0.437613
v 0.061778 0.522500 0.439929
v 0.050442 0.506967 0.443612
v 0.035670 0.495048 0.448412
v 0.018466 0.487556 0.454002
v 0.019416 0.632444 0.460000
v 0.037505 0.624952 0.460000
v 0.053038 0.613033 0.460000
v 0.064957 0.597500 0.460000
v 0.072450 0.579411 0.460000
v 0.075005 0.560000 0.460000
v 0.072450 0.540589 0.460000
v 0.064957 0.522500 0.460000
v 0.053038 0.506967 0.460000
v 0.037505 0.495048 0.460000
v 0.019416 0.487556 0.460000
v 0.018466 0.632444 0.465998
v 0.035670 0.624952 0.471588
v 0.050442 0.613033 0.476388
v 0.061778 0.597500 0.480071
v 0.068904 0.579411 0.482387
v 0.071334 0.560000 0.483176
v 0.068904 0.540589 0.482387
v 0.061778 0.522500 0.480071
v 0.050442 0.506967 0.476388
v 0.035670 0.495048 0.471588
v 0.018466 0.487556 0.465998
v 0.015709 0.632444 0.471410
v 0.030343 0.624952 0.482042
v 0.042910 0.613033 0.491172
v 0.052552 0.597500 0.498178
v 0.058614 0.579411 0.502582
v 0.060681 0.560000 0.504084
v 0.058614 0.540589 0.502582
v 0.052552 0.522500 0.498178
v 0.042910 0.506967 0.491172
v 0.030343 0.495048 0.482042
v 0.015709 0.487556 0.471410
v 0.011415 0.632444 0.475704
v 0.022047 0.624952 0.490338
v 0.031177 0.613033 0.502905
v 0.038183 0.597500 0.512547
v 0.042587 0.579411 0.518609
v 0.044089 0.560000 0.520676
v 0.042587 0.540589 0.518609
v 0.038183 0.522500 0.512547
v 0.031177 0.506967 0.502905
v 0.022047 0.495048 0.490338
v 0.011415 0.487556 0.475704
v 0.006004 0.632444 0.478461
v 0.011593 0.624952 0.495665
v 0.016393 0.613033 0.510437
v 0.020076 0.597500 0.521773
v 0.022392 0.579411 0.528899
v 0.023181 0.560000 0.531329
v 0.022392 0.540589 0.528899
v 0.020076 0.522500 0.521773
v 0.016393 0.506967 0.510437
v 0.011593 0.495048 0.495665
v 0.006004 0.487556 0.478461
v 0.000005 0.635000 0.460000
v 0.000005 0.632444 0.479411
v 0.000005 0.624952 0.497500
v 0.000005 0.613033 0.513033
v 0.000005 0.597500 0.524952
v 0.000005 0.579411 0.532444
v 0.000005 0.560000 0.535000
v 0.000005 0.540589 0.532444
v 0.000005 0.522500 0.524952
v 0.000005 0.506967 0.513033
v 0.000005 0.495048 0.497500
v 0.000005 0.487556 0.479411
v -0.005993 0.632444 0.478461
v -0.011583 0.624952 0.495665
v -0.016383 0.613033 0.510437
v -0.020066 0.597500 0.521773
v -0.022382 0.579411 0.528899
v -0.023171 0.560000 0.531329
v -0.022382 0.540589 0.528899
v -0.020066 0.522500 0.521773
v -0.016383 0.506967 0.510437
v -0.011583 0.495048 0.495665
v -0.005993 0.487556 0.478461
v -0.011405 0.632444 0.475704
v -0.022037 0.624952 0.490338
v -0.031167 0.613033 0.502905
v -0.038173 0.597500 0.512547
v -0.042577 0.579411 0.518609
v -0.044079 0.560000 0.520676
v -0.042577 0.540589 0.518609
v -0.038173 0.522500 0.512547
v -0.031167 0.506967 0.502905
v -0.022037 0.495048 0.490338
v -0.011405 0.487556 0.475704
v -0.015699 0.632444 0.471410
v -0.030333 0.624952 0.482042
v -0.042900 0.613033 0.491172
v -0.052542 0.597500 0.498178
v -0.058604 0.579411 0.502582
v -0.060671 0.560000 0.504084
v -0.058604 0.540589 0.502582
v -0.052542 0.522500 0.498178
v -0.042900 0.506967 0.491172
v -0.030333 0.495048 0.482042
v -0.015699 0.487556 0.471410
v -0.018456 0.632444 0.465998
v -0.035660 0.624952 0.471588
v -0.050432 0.613033 0.476388
v -0.061768 0.597500 0.480071
v -0.068894 0.579411 0.482387
v -0.071324 0.560000 0.483176
v -0.068894 0.540589 0.482387
v -0.061768 0.522500 0.480071
v -0.050432 0.506967 0.476388
v -0.035660 0.495048 0.471588
v -0.018456 0.487556 0.465998
v -0.019406 0.632444 0.460000
v -0.037495 0.624952 0.460000
v -0.053028 0.613033 0.460000
v -0.064947 0.597500 0.460000
v -0.072439 0.579411 0.460000
v -0.074995 0.560000 0.460000
v -0.072439 0.540589 0.460000
v -0.064947 0.522500 0.460000
v -0.053028 0.506967 0.460000
v -0.037495 0.495048 0.460000
v -0.019406 0.487556 0.460000
v -0.018456 0.632444 0.454002
v -0.035660 0.624952 0.448412
v -0.050432 0.613033 0.443612
v -0.061768 0.597500 0.439929
v -0.068894 0.579411 0.437613
v -0.071324 0.560000 0.436824
v -0.068894 0.540589 0.437613
v -0.061768 0.522500 0.439929
v -0.050432 0.506967 0.443612
v -0.035660 0.495048 0.448412
v -0.018456 0.487556 0.454002
v -0.015699 0.632444 0.448590
v -0.030333 0.624952 0.437958
v -0.042900 0.613033 0.428828
v -0.052542 0.597500 0.421822
v -0.058604 0.579411 0.417418
v -0.060671 0.560000 0.415916
v -0.058604 0.540589 0.417418
v -0.052542 0.522500 0.421822
v -0.042900 0.506967 0.428828
v -0.030333 0.495048 0.437958
v -0.015699 0.487556 0.448590
v -0.011405 0.632444 0.444296
v -0.022037 0.624952 0.429662
v -0.031167 0.613033 0.417095
v -0.038173 0.597500 0.407453
v -0.042577 0.579411 0.401391
v -0.044079 0.560000 0.399324
v -0.042577 0.540589 0.401391
v -0.038173 0.522500 0.407453
v -0.031167 0.506967 0.417095
v -0.022037 0.495048 0.429662
v -0.011405 0.487556 0.444296
v -0.005993 0.632444 0.441539
v -0.011583 0.624952 0.424335
v -0.016383 0.613033 0.409563
v -0.020066 0.597500 0.398227
v -0.022382 0.579411 0.391101
v -0.023171 0.560000 0.388671
v -0.022382 0.540589 0.391101
v -0.020066 0.522500 0.398227
v -0.016383 0.506967 0.409563
v -0.011583 0.495048 0.424335
v -0.005993 0.487556 0.441539
v 0.000005 0.613033 0.406967
v 0.000005 0.597500 0.395048
v 0.000005 0.522500 0.395048
v 0.000005 0.506967 0.406967
vn -0.0000 0.9626 -0.2709
vn -0.0000 0.8604 -0.5097
vn -0.0000 0.2556 -0.9668
vn -0.0000 -0.0000 -1.0000
vn -0.0000 -0.2556 -0.9668
vn -0.0000 -0.8604 -0.5097
vn -0.0000 -0.9626 -0.2709
vn 0.0837 0.9626 -0.2577
vn 0.1575 0.8604 -0.4847
vn 0.2205 0.7007 -0.6786
vn 0.2686 0.4945 -0.8267
vn 0.2988 0.2556 -0.9195
vn 0.3090 -0.0000 -0.9511
vn 0.2988 -0.2556 -0.9195
vn 0.2686 -0.4945 -0.8267
vn 0.2205 -0.7007 -0.6786
vn 0.1575 -0.8604 -0.4847
vn 0.0837 -0.9626 -0.2577
vn 0.1592 0.9626 -0.2192
vn 0.2996 0.8604 -0.4123
vn 0.4194 0.7007 -0.5772
vn 0.5109 0.4945 -0.7032
vn 0.5683 0.2556 -0.7821
vn 0.5878 -0.0000 -0.8090
vn 0.5683 -0.2556 -0.7821
vn 0.5109 -0.4945 -0.7032
vn 0.4194 -0.7007 -0.5772
vn 0.2996 -0.8604 -0.4123
vn 0.1592 -0.9626 -0.2192
vn -0.0000 -1.0000 -0.0000
vn 0.2192 0.9626 -0.1592
vn 0.4123 0.8604 -0.2996
vn 0.5772 0.7007 -0.4194
vn 0.7032 0.4945 -0.5109
vn 0.7821 0.2556 -0.5683
vn 0.8090 -0.0000 -0.5878
vn 0.7821 -0.2556 -0.5683
vn 0.7032 -0.4945 -0.5109
vn 0.5772 -0.7007 -0.4194
vn 0.4123 -0.8604 -0.2996
vn 0.2192 -0.9626 -0.1592
vn 0.2577 0.9626 -0.0837
vn 0.4847 0.8604 -0.1575
vn 0.6786 0.7007 -0.2205
vn 0.8267 0.4945 -0.2686
vn 0.9195 0.2556 -0.2987
vn 0.9511 -0.0000 -0.3090
vn 0.9195 -0.2556 -0.2987
vn 0.8267 -0.4945 -0.2686
vn 0.6786 -0.7007 -0.2205
vn 0.4847 -0.8604 -0.1575
vn 0.2577 -0.9626 -0.0837
vn 0.2709 0.9626 -0.0000
vn 0.5097 0.8604 -0.0000
vn 0.7135 0.7007 -0.0000
vn 0.8692 0.4945 -0.0000
vn 0.9668 0.2556 -0.0000
vn 1.0000 -0.0000 -0.0000
vn 0.9668 -0.2556 -0.0000
vn 0.8692 -0.4945 -0.0000
vn 0.7135 -0.7007 -0.0000
vn 0.5097 -0.8604 -0.0000
vn 0.2709 -0.9626 -0.0000
vn 0.2577 0.9626 0.0837
vn 0.4847 0.8604 0.1575
vn 0.6786 0.7007 0.2205
vn 0.8267 0.4945 0.2686
vn 0.9195 0.2556 0.2987
vn 0.9511 -0.0000 0.3090
vn 0.9195 -0.2556 0.2987
vn 0.8267 -0.4945 0.2686
vn 0.6786 -0.7007 0.2205
vn 0.4847 -0.8604 0.1575
vn 0.2576 -0.9626 0.0837
vn 0.2192 0.9626 0.1592
vn 0.4123 0.8604 0.2996
vn 0.5772 0.7007 0.4194
vn 0.7032 0.4945 0.5109
vn 0.7821 0.2556 0.5683
vn 0.8090 -0.0000 0.5878
vn 0.7821 -0.2556 0.5683
vn 0.7032 -0.4945 0.5109
vn 0.5772 -0.7007 0.4194
vn 0.4123 -0.8604 0.2996
vn 0.2192 -0.9626 0.1592
vn 0.1592 0.9626 0.2192
vn 0.2996 0.8604 0.4123
vn 0.4194 0.7007 0.5772
vn 0.5109 0.4945 0.7032
vn 0.5683 0.2556 0.7821
vn 0.5878 -0.0000 0.8090
vn 0.5683 -0.2556 0.7821
vn 0.5109 -0.4945 0.7032
vn 0.4194 -0.7007 0.5772
vn 0.2996 -0.8604 0.4123
vn 0.1592 -0.9626 0.2192
vn 0.0837 0.9626 0.2577
vn 0.1575 0.8604 0.4847
vn 0.2205 0.7007 0.6786
vn 0.2686 0.4945 0.8267
vn 0.2987 0.2556 0.9195
vn 0.3090 -0.0000 0.9511
vn 0.2988 -0.2556 0.9195
vn 0.2686 -0.4945 0.8267
vn 0.2205 -0.7007 0.6786
vn 0.1575 -0.8604 0.4847
vn 0.0837 -0.9626 0.2577
vn -0.0000 1.0000 -0.0000
vn -0.0000 0.9626 0.2709
vn -0.0000 0.8604 0.5097
vn -0.0000 0.7007 0.7135
vn -0.0000 0.4945 0.8692
vn -0.0000 0.2556 0.9668
vn -0.0000 -0.0000 1.0000
vn -0.0000 -0.2556 0.9668
vn -0.0000 -0.4945 0.8692
vn -0.0000 -0.7007 0.7135
vn -0.0000 -0.8604 0.5097
vn -0.0000 -0.9626 0.2709
vn -0.0837 0.9626 0.2577
vn -0.1575 0.8604 0.4847
vn -0.2205 0.7007 0.6786
vn -0.2686 0.4945 0.8267
vn -0.2987 0.2556 0.9195
vn -0.3090 -0.0000 0.9511
vn -0.2987 -0.2556 0.9195
vn -0.2686 -0.4945 0.8267
vn -0.2205 -0.7007 0.6786
vn -0.1575 -0.8604 0.4847
vn -0.0837 -0.9626 0.2577
vn -0.1592 0.9626 0.2192
vn -0.2996 0.8604 0.4123
vn -0.4194 0.7007 0.5772
vn -0.5109 0.4945 0.7032
vn -0.5683 0.2556 0.7821
vn -0.5878 -0.0000 0.8090
vn -0.5683 -0.2556 0.7821
vn -0.5109 -0.4945 0.7032
vn -0.4194 -0.7007 0.5772
vn -0.2996 -0.8604 0.4123
vn -0.1592 -0.9626 0.2192
vn -0.2192 0.9626 0.1592
vn -0.4123 0.8604 0.2996
vn -0.5772 0.7007 0.4194
vn -0.7032 0.4945 0.5109
vn -0.7821 0.2556 0.5683
vn -0.8090 -0.0000 0.5878
vn -0.7821 -0.2556 0.5683
vn -0.7032 -0.4945 0.5109
vn -0.5772 -0.7007 0.4194
vn -0.4123 -0.8604 0.2996
vn -0.2192 -0.9626 0.1592
vn -0.2577 0.9626 0.0837
vn -0.4847 0.8604 0.1575
vn -0.6786 0.7007 0.2205
vn -0.8267 0.4945 0.2686
vn -0.9195 0.2556 0.2987
vn -0.9511 -0.0000 0.3090
vn -0.9195 -0.2556 0.2987
vn -0.8267 -0.4945 0.2686
vn -0.6786 -0.7007 0.2205
vn -0.4847 -0.8604 0.1575
vn -0.2577 -0.9626 0.0837
vn -0.2709 0.9626 -0.0000
vn -0.5097 0.8604 -0.0000
vn -0.7135 0.7007 -0.0000
vn -0.8692 0.4945 -0.0000
vn -0.9668 0.2556 -0.0000
vn -1.0000 -0.0000 -0.0000
vn -0.9668 -0.2556 -0.0000
vn -0.8692 -0.4945 -0.0000
vn -0.7135 -0.7007 -0.0000
vn -0.5097 -0.8604 -0.0000
vn -0.2709 -0.9626 -0.0000
vn -0.2576 0.9626 -0.0837
vn -0.4847 0.8604 -0.1575
vn -0.6786 0.7007 -0.2205
vn -0.8267 0.4945 -0.2686
vn -0.9195 0.2556 -0.2987
vn -0.9511 -0.0000 -0.3090
vn -0.9195 -0.2556 -0.2987
vn -0.8267 -0.4945 -0.2686
vn -0.6786 -0.7007 -0.2205
vn -0.4847 -0.8604 -0.1575
vn -0.2577 -0.9626 -0.0837
vn -0.2192 0.9626 -0.1592
vn -0.4123 0.8604 -0.2996
vn -0.5772 0.7007 -0.4194
vn -0.7032 0.4945 -0.5109
vn -0.7821 0.2556 -0.5683
vn -0.8090 -0.0000 -0.5878
vn -0.7821 -0.2556 -0.5683
vn -0.7032 -0.4945 -0.5109
vn -0.5772 -0.7007 -0.4194
vn -0.4123 -0.8604 -0.2996
vn -0.2192 -0.9626 -0.1592
vn -0.1592 0.9626 -0.2192
vn -0.2996 0.8604 -0.4123
vn -0.4194 0.7007 -0.5772
vn -0.5109 0.4945 -0.7032
vn -0.5683 0.2556 -0.7821
vn -0.5878 -0.0000 -0.8090
vn -0.5683 -0.2556 -0.7821
vn -0.5109 -0.4945 -0.7032
vn -0.4194 -0.7007 -0.5772
vn -0.2996 -0.8604 -0.4123
vn -0.1592 -0.9626 -0.2192
vn -0.0837 0.9626 -0.2577
vn -0.1575 0.8604 -0.4847
vn -0.2205 0.7007 -0.6786
vn -0.2686 0.4945 -0.8267
vn -0.2987 0.2556 -0.9195
vn -0.3090 -0.0000 -0.9511
vn -0.2987 -0.2556 -0.9195
vn -0.2686 -0.4945 -0.8267
vn -0.2205 -0.7007 -0.6786
vn -0.1575 -0.8604 -0.4847
vn -0.0837 -0.9626 -0.2577
vn -0.0000 0.7007 -0.7135
vn -0.0000 0.4945 -0.8692
vn -0.0000 -0.4945 -0.8692
vn -0.0000 -0.7007 -0.7135
vt 0.750000 0.916667
vt 0.725000 1.000000
vt 0.700000 0.916667
vt 0.750000 0.333333
vt 0.750000 0.416667
vt 0.700000 0.416667
vt 0.700000 0.333333
vt 0.750000 0.583333
vt 0.750000 0.666667
vt 0.700000 0.666667
vt 0.700000 0.583333
vt 0.725000 0.000000
vt 0.750000 0.083333
vt 0.700000 0.083333
vt 0.750000 0.833333
vt 0.700000 0.833333
vt 0.750000 0.250000
vt 0.700000 0.250000
vt 0.750000 0.500000
vt 0.700000 0.500000
vt 0.750000 0.750000
vt 0.700000 0.750000
vt 0.750000 0.166667
vt 0.700000 0.166667
vt 0.650000 0.583333
vt 0.650000 0.500000
vt 0.650000 0.833333
vt 0.650000 0.750000
vt 0.650000 0.250000
vt 0.650000 0.166667
vt 0.650000 0.416667
vt 0.650000 0.666667
vt 0.650000 0.083333
vt 0.675000 1.000000
vt 0.650000 0.916667
vt 0.650000 0.333333
vt 0.675000 0.000000
vt 0.600000 0.666667
vt 0.600000 0.583333
vt 0.625000 0.000000
vt 0.600000 0.083333
vt 0.600000 0.916667
vt 0.600000 0.833333
vt 0.600000 0.333333
vt 0.600000 0.250000
vt 0.600000 0.500000
vt 0.600000 0.750000
vt 0.600000 0.166667
vt 0.600000 0.416667
vt 0.625000 1.000000
vt 0.550000 0.500000
vt 0.550000 0.416667
vt 0.550000 0.750000
vt 0.550000 0.666667
vt 0.550000 0.166667
vt 0.550000 0.083333
vt 0.575000 1.000000
vt 0.550000 0.916667
vt 0.550000 0.333333
vt 0.550000 0.583333
vt 0.575000 0.000000
vt 0.550000 0.833333
vt 0.550000 0.250000
vt 0.500000 0.583333
vt 0.500000 0.500000
vt 0.500000 0.833333
vt 0.500000 0.750000
vt 0.500000 0.250000
vt 0.500000 0.166667
vt 0.500000 0.416667
vt 0.500000 0.666667
vt 0.500000 0.083333
vt 0.525000 1.000000
vt 0.500000 0.916667
vt 0.500000 0.333333
vt 0.525000 0.000000
vt 0.450000 0.416667
vt 0.450000 0.333333
vt 0.450000 0.666667
vt 0.450000 0.583333
vt 0.475000 0.000000
vt 0.450000 0.083333
vt 0.450000 0.916667
vt 0.450000 0.833333
vt 0.450000 0.250000
vt 0.450000 0.500000
vt 0.450000 0.750000
vt 0.450000 0.166667
vt 0.475000 1.000000
vt 0.400000 0.500000
vt 0.400000 0.416667
vt 0.400000 0.750000
vt 0.400000 0.666667
vt 0.400000 0.166667
vt 0.400000 0.083333
vt 0.425000 1.000000
vt 0.400000 0.916667
vt 0.400000 0.333333
vt 0.400000 0.583333
vt 0.425000 0.000000
vt 0.400000 0.833333
vt 0.400000 0.250000
vt 0.350000 0.333333
vt 0.350000 0.250000
vt 0.350000 0.583333
vt 0.350000 0.500000
vt 0.350000 0.833333
vt 0.350000 0.750000
vt 0.350000 0.166667
vt 0.350000 0.416667
vt 0.350000 0.666667
vt 0.350000 0.083333
vt 0.375000 1.000000
vt 0.350000 0.916667
vt 0.375000 0.000000
vt 0.325000 1.000000
vt 0.300000 0.916667
vt 0.300000 0.416667
vt 0.300000 0.333333
vt 0.300000 0.666667
vt 0.300000 0.583333
vt 0.325000 0.000000
vt 0.300000 0.083333
vt 0.300000 0.833333
vt 0.300000 0.250000
vt 0.300000 0.500000
vt 0.300000 0.750000
vt 0.300000 0.166667
vt 0.250000 0.250000
vt 0.250000 0.166667
vt 0.250000 0.500000
vt 0.250000 0.416667
vt 0.250000 0.750000
vt 0.250000 0.666667
vt 0.250000 0.083333
vt 0.275000 1.000000
vt 0.250000 0.916667
vt 0.250000 0.333333
vt 0.250000 0.583333
vt 0.275000 0.000000
vt 0.250000 0.833333
vt 0.200000 0.916667
vt 0.200000 0.833333
vt 0.200000 0.333333
vt 0.200000 0.250000
vt 0.200000 0.583333
vt 0.200000 0.500000
vt 0.200000 0.750000
vt 0.200000 0.166667
vt 0.200000 0.416667
vt 0.200000 0.666667
vt 0.200000 0.083333
vt 0.225000 1.000000
vt 0.225000 0.000000
vt 0.150000 0.166667
vt 0.150000 0.083333
vt 0.175000 1.000000
vt 0.150000 0.916667
vt 0.150000 0.416667
vt 0.150000 0.333333
vt 0.150000 0.666667
vt 0.150000 0.583333
vt 0.175000 0.000000
vt 0.150000 0.833333
vt 0.150000 0.250000
vt 0.150000 0.500000
vt 0.150000 0.750000
vt 0.100000 0.833333
vt 0.100000 0.750000
vt 0.100000 0.250000
vt 0.100000 0.166667
vt 0.100000 0.500000
vt 0.100000 0.416667
vt 0.100000 0.666667
vt 0.100000 0.083333
vt 0.125000 1.000000
vt 0.100000 0.916667
vt 0.100000 0.333333
vt 0.100000 0.583333
vt 0.125000 0.000000
vt 0.075000 0.000000
vt 0.050000 0.083333
vt 0.050000 0.916667
vt 0.050000 0.833333
vt 0.050000 0.333333
vt 0.050000 0.250000
vt 0.050000 0.583333
vt 0.050000 0.500000
vt 0.050000 0.750000
vt 0.050000 0.166667
vt 0.050000 0.416667
vt 0.050000 0.666667
vt 0.075000 1.000000
vt 0.000000 0.750000
vt 0.000000 0.666667
vt 0.000000 0.166667
vt 0.000000 0.083333
vt 0.025000 1.000000
vt 0.000000 0.916667
vt 0.000000 0.416667
vt 0.000000 0.333333
vt 0.000000 0.583333
vt 0.025000 0.000000
vt 0.000000 0.833333
vt 0.000000 0.250000
vt 0.000000 0.500000
vt 1.000000 0.750000
vt 1.000000 0.833333
vt 0.950000 0.833333
vt 0.950000 0.750000
vt 1.000000 0.166667
vt 1.000000 0.250000
vt 0.950000 0.250000
vt 0.950000 0.166667
vt 1.000000 0.416667
vt 1.000000 0.500000
vt 0.950000 0.500000
vt 0.950000 0.416667
vt 1.000000 0.666667
vt 0.950000 0.666667
vt 1.000000 0.083333
vt 0.950000 0.083333
vt 1.000000 0.916667
vt 0.975000 1.000000
vt 0.950000 0.916667
vt 1.000000 0.333333
vt 0.950000 0.333333
vt 1.000000 0.583333
vt 0.950000 0.583333
vt 0.975000 0.000000
vt 0.900000 0.666667
vt 0.900000 0.583333
vt 0.925000 0.000000
vt 0.900000 0.083333
vt 0.900000 0.916667
vt 0.900000 0.833333
vt 0.900000 0.333333
vt 0.900000 0.250000
vt 0.900000 0.500000
vt 0.900000 0.750000
vt 0.900000 0.166667
vt 0.900000 0.416667
vt 0.925000 1.000000
vt 0.850000 0.750000
vt 0.850000 0.666667
vt 0.850000 0.166667
vt 0.850000 0.083333
vt 0.875000 1.000000
vt 0.850000 0.916667
vt 0.850000 0.416667
vt 0.850000 0.333333
vt 0.850000 0.583333
vt 0.875000 0.000000
vt 0.850000 0.833333
vt 0.850000 0.250000
vt 0.850000 0.500000
vt 0.800000 0.583333
vt 0.800000 0.500000
vt 0.800000 0.833333
vt 0.800000 0.750000
vt 0.800000 0.250000
vt 0.800000 0.166667
vt 0.800000 0.416667
vt 0.800000 0.666667
vt 0.800000 0.083333
vt 0.825000 1.000000
vt 0.800000 0.916667
vt 0.800000 0.333333
vt 0.825000 0.000000
vt 0.775000 0.000000
vt 0.775000 1.000000
s 1
usemtl RunicAmber
f 1805/2432/1779 1912/2433/1886 1812/2434/1786
f 2025/2435/1999 1809/2436/1783 1818/2437/1792 1819/2438/1793
f 1807/2439/1781 2024/2440/1998 1815/2441/1789 1816/2442/1790
f 1834/2443/1808 1811/2444/1785 1822/2445/1796
f 1806/2446/1780 1805/2432/1779 1812/2434/1786 1813/2447/1787
f 2026/2448/2000 2025/2435/1999 1819/2438/1793 1820/2449/1794
f 1808/2450/1782 1807/2439/1781 1816/2442/1790 1817/2451/1791
f 2023/2452/1997 1806/2446/1780 1813/2447/1787 1814/2453/1788
f 1810/2454/1784 2026/2448/2000 1820/2449/1794 1821/2455/1795
f 1809/2436/1783 1808/2450/1782 1817/2451/1791 1818/2437/1792
f 2024/2440/1998 2023/2452/1997 1814/2453/1788 1815/2441/1789
f 1811/2444/1785 1810/2454/1784 1821/2455/1795 1822/2445/1796
f 1817/2451/1791 1816/2442/1790 1827/2456/1801 1828/2457/1802
f 1814/2453/1788 1813/2447/1787 1824/2458/1798 1825/2459/1799
f 1821/2455/1795 1820/2449/1794 1831/2460/1805 1832/2461/1806
f 1818/2437/1792 1817/2451/1791 1828/2457/1802 1829/2462/1803
f 1815/2441/1789 1814/2453/1788 1825/2459/1799 1826/2463/1800
f 1822/2445/1796 1821/2455/1795 1832/2461/1806 1833/2464/1807
f 1812/2434/1786 1912/2465/1886 1823/2466/1797
f 1819/2438/1793 1818/2437/1792 1829/2462/1803 1830/2467/1804
f 1816/2442/1790 1815/2441/1789 1826/2463/1800 1827/2456/1801
f 1834/2468/1808 1822/2445/1796 1833/2464/1807
f 1813/2447/1787 1812/2434/1786 1823/2466/1797 1824/2458/1798
f 1820/2449/1794 1819/2438/1793 1830/2467/1804 1831/2460/1805
f 1827/2456/1801 1826/2463/1800 1838/2469/1812 1839/2470/1813
f 1834/2471/1808 1833/2464/1807 1845/2472/1819
f 1824/2458/1798 1823/2466/1797 1835/2473/1809 1836/2474/1810
f 1831/2460/1805 1830/2467/1804 1842/2475/1816 1843/2476/1817
f 1828/2457/1802 1827/2456/1801 1839/2470/1813 1840/2477/1814
f 1825/2459/1799 1824/2458/1798 1836/2474/1810 1837/2478/1811
f 1832/2461/1806 1831/2460/1805 1843/2476/1817 1844/2479/1818
f 1829/2462/1803 1828/2457/1802 1840/2477/1814 1841/2480/1815
f 1826/2463/1800 1825/2459/1799 1837/2478/1811 1838/2469/1812
f 1833/2464/1807 1832/2461/1806 1844/2479/1818 1845/2472/1819
f 1823/2466/1797 1912/2481/1886 1835/2473/1809
f 1830/2467/1804 1829/2462/1803 1841/2480/1815 1842/2475/1816
f 1841/2480/1815 1840/2477/1814 1851/2482/1825 1852/2483/1826
f 1838/2469/1812 1837/2478/1811 1848/2484/1822 1849/2485/1823
f 1845/2472/1819 1844/2479/1818 1855/2486/1829 1856/2487/1830
f 1835/2473/1809 1912/2488/1886 1846/2489/1820
f 1842/2475/1816 1841/2480/1815 1852/2483/1826 1853/2490/1827
f 1839/2470/1813 1838/2469/1812 1849/2485/1823 1850/2491/1824
f 1834/2492/1808 1845/2472/1819 1856/2487/1830
f 1836/2474/1810 1835/2473/1809 1846/2489/1820 1847/2493/1821
f 1843/2476/1817 1842/2475/1816 1853/2490/1827 1854/2494/1828
f 1840/2477/1814 1839/2470/1813 1850/2491/1824 1851/2482/1825
f 1837/2478/1811 1836/2474/1810 1847/2493/1821 1848/2484/1822
f 1844/2479/1818 1843/2476/1817 1854/2494/1828 1855/2486/1829
f 1851/2482/1825 1850/2491/1824 1861/2495/1835 1862/2496/1836
f 1848/2484/1822 1847/2493/1821 1858/2497/1832 1859/2498/1833
f 1855/2486/1829 1854/2494/1828 1865/2499/1839 1866/2500/1840
f 1852/2483/1826 1851/2482/1825 1862/2496/1836 1863/2501/1837
f 1849/2485/1823 1848/2484/1822 1859/2498/1833 1860/2502/1834
f 1856/2487/1830 1855/2486/1829 1866/2500/1840 1867/2503/1841
f 1846/2489/1820 1912/2504/1886 1857/2505/1831
f 1853/2490/1827 1852/2483/1826 1863/2501/1837 1864/2506/1838
f 1850/2491/1824 1849/2485/1823 1860/2502/1834 1861/2495/1835
f 1834/2507/1808 1856/2487/1830 1867/2503/1841
f 1847/2493/1821 1846/2489/1820 1857/2505/1831 1858/2497/1832
f 1854/2494/1828 1853/2490/1827 1864/2506/1838 1865/2499/1839
f 1864/2506/1838 1863/2501/1837 1874/2508/1848 1875/2509/1849
f 1861/2495/1835 1860/2502/1834 1871/2510/1845 1872/2511/1846
f 1834/2512/1808 1867/2503/1841 1878/2513/1852
f 1858/2497/1832 1857/2505/1831 1868/2514/1842 1869/2515/1843
f 1865/2499/1839 1864/2506/1838 1875/2509/1849 1876/2516/1850
f 1862/2496/1836 1861/2495/1835 1872/2511/1846 1873/2517/1847
f 1859/2498/1833 1858/2497/1832 1869/2515/1843 1870/2518/1844
f 1866/2500/1840 1865/2499/1839 1876/2516/1850 1877/2519/1851
f 1863/2501/1837 1862/2496/1836 1873/2517/1847 1874/2508/1848
f 1860/2502/1834 1859/2498/1833 1870/2518/1844 1871/2510/1845
f 1867/2503/1841 1866/2500/1840 1877/2519/1851 1878/2513/1852
f 1857/2505/1831 1912/2520/1886 1868/2514/1842
f 1874/2508/1848 1873/2517/1847 1884/2521/1858 1885/2522/1859
f 1871/2510/1845 1870/2518/1844 1881/2523/1855 1882/2524/1856
f 1878/2513/1852 1877/2519/1851 1888/2525/1862 1889/2526/1863
f 1868/2514/1842 1912/2527/1886 1879/2528/1853
f 1875/2509/1849 1874/2508/1848 1885/2522/1859 1886/2529/1860
f 1872/2511/1846 1871/2510/1845 1882/2524/1856 1883/2530/1857
f 1834/2531/1808 1878/2513/1852 1889/2526/1863
f 1869/2515/1843 1868/2514/1842 1879/2528/1853 1880/2532/1854
f 1876/2516/1850 1875/2509/1849 1886/2529/1860 1887/2533/1861
f 1873/2517/1847 1872/2511/1846 1883/2530/1857 1884/2521/1858
f 1870/2518/1844 1869/2515/1843 1880/2532/1854 1881/2523/1855
f 1877/2519/1851 1876/2516/1850 1887/2533/1861 1888/2525/1862
f 1887/2533/1861 1886/2529/1860 1897/2534/1871 1898/2535/1872
f 1884/2521/1858 1883/2530/1857 1894/2536/1868 1895/2537/1869
f 1881/2523/1855 1880/2532/1854 1891/2538/1865 1892/2539/1866
f 1888/2525/1862 1887/2533/1861 1898/2535/1872 1899/2540/1873
f 1885/2522/1859 1884/2521/1858 1895/2537/1869 1896/2541/1870
f 1882/2524/1856 1881/2523/1855 1892/2539/1866 1893/2542/1867
f 1889/2526/1863 1888/2525/1862 1899/2540/1873 1900/2543/1874
f 1879/2528/1853 1912/2544/1886 1890/2545/1864
f 1886/2529/1860 1885/2522/1859 1896/2541/1870 1897/2534/1871
f 1883/2530/1857 1882/2524/1856 1893/2542/1867 1894/2536/1868
f 1834/2546/1808 1889/2526/1863 1900/2543/1874
f 1880/2532/1854 1879/2528/1853 1890/2545/1864 1891/2538/1865
f 1890/2545/1864 1912/2547/1886 1901/2548/1875
f 1897/2534/1871 1896/2541/1870 1907/2549/1881 1908/2550/1882
f 1894/2536/1868 1893/2542/1867 1904/2551/1878 1905/2552/1879
f 1834/2553/1808 1900/2543/1874 1911/2554/1885
f 1891/2538/1865 1890/2545/1864 1901/2548/1875 1902/2555/1876
f 1898/2535/1872 1897/2534/1871 1908/2550/1882 1909/2556/1883
f 1895/2537/1869 1894/2536/1868 1905/2552/1879 1906/2557/1880
f 1892/2539/1866 1891/2538/1865 1902/2555/1876 1903/2558/1877
f 1899/2540/1873 1898/2535/1872 1909/2556/1883 1910/2559/1884
f 1896/2541/1870 1895/2537/1869 1906/2557/1880 1907/2549/1881
f 1893/2542/1867 1892/2539/1866 1903/2558/1877 1904/2551/1878
f 1900/2543/1874 1899/2540/1873 1910/2559/1884 1911/2554/1885
f 1910/2559/1884 1909/2556/1883 1921/2560/1895 1922/2561/1896
f 1907/2549/1881 1906/2557/1880 1918/2562/1892 1919/2563/1893
f 1904/2551/1878 1903/2558/1877 1915/2564/1889 1916/2565/1890
f 1911/2554/1885 1910/2559/1884 1922/2561/1896 1923/2566/1897
f 1901/2548/1875 1912/2567/1886 1913/2568/1887
f 1908/2550/1882 1907/2549/1881 1919/2563/1893 1920/2569/1894
f 1905/2552/1879 1904/2551/1878 1916/2565/1890 1917/2570/1891
f 1834/2571/1808 1911/2554/1885 1923/2566/1897
f 1902/2555/1876 1901/2548/1875 1913/2568/1887 1914/2572/1888
f 1909/2556/1883 1908/2550/1882 1920/2569/1894 1921/2560/1895
f 1906/2557/1880 1905/2552/1879 1917/2570/1891 1918/2562/1892
f 1903/2558/1877 1902/2555/1876 1914/2572/1888 1915/2564/1889
f 1914/2572/1888 1913/2568/1887 1924/2573/1898 1925/2574/1899
f 1921/2560/1895 1920/2569/1894 1931/2575/1905 1932/2576/1906
f 1918/2562/1892 1917/2570/1891 1928/2577/1902 1929/2578/1903
f 1915/2564/1889 1914/2572/1888 1925/2574/1899 1926/2579/1900
f 1922/2561/1896 1921/2560/1895 1932/2576/1906 1933/2580/1907
f 1919/2563/1893 1918/2562/1892 1929/2578/1903 1930/2581/1904
f 1916/2565/1890 1915/2564/1889 1926/2579/1900 1927/2582/1901
f 1923/2566/1897 1922/2561/1896 1933/2580/1907 1934/2583/1908
f 1913/2568/1887 1912/2584/1886 1924/2573/1898
f 1920/2569/1894 1919/2563/1893 1930/2581/1904 1931/2575/1905
f 1917/2570/1891 1916/2565/1890 1927/2582/1901 1928/2577/1902
f 1834/2585/1808 1923/2566/1897 1934/2583/1908
f 1934/2583/1908 1933/2580/1907 1944/2586/1918 1945/2587/1919
f 1924/2573/1898 1912/2588/1886 1935/2589/1909
f 1931/2575/1905 1930/2581/1904 1941/2590/1915 1942/2591/1916
f 1928/2577/1902 1927/2582/1901 1938/2592/1912 1939/2593/1913
f 1834/2594/1808 1934/2583/1908 1945/2587/1919
f 1925/2574/1899 1924/2573/1898 1935/2589/1909 1936/2595/1910
f 1932/2576/1906 1931/2575/1905 1942/2591/1916 1943/2596/1917
f 1929/2578/1903 1928/2577/1902 1939/2593/1913 1940/2597/1914
f 1926/2579/1900 1925/2574/1899 1936/2595/1910 1937/2598/1911
f 1933/2580/1907 1932/2576/1906 1943/2596/1917 1944/2586/1918
f 1930/2581/1904 1929/2578/1903 1940/2597/1914 1941/2590/1915
f 1927/2582/1901 1926/2579/1900 1937/2598/1911 1938/2592/1912
f 1937/2598/1911 1936/2595/1910 1947/2599/1921 1948/2600/1922
f 1944/2586/1918 1943/2596/1917 1954/2601/1928 1955/2602/1929
f 1941/2590/1915 1940/2597/1914 1951/2603/1925 1952/2604/1926
f 1938/2592/1912 1937/2598/1911 1948/2600/1922 1949/2605/1923
f 1945/2587/1919 1944/2586/1918 1955/2602/1929 1956/2606/1930
f 1935/2589/1909 1912/2607/1886 1946/2608/1920
f 1942/2591/1916 1941/2590/1915 1952/2604/1926 1953/2609/1927
f 1939/2593/1913 1938/2592/1912 1949/2605/1923 1950/2610/1924
f 1834/2611/1808 1945/2587/1919 1956/2606/1930
f 1936/2595/1910 1935/2589/1909 1946/2608/1920 1947/2599/1921
f 1943/2596/1917 1942/2591/1916 1953/2609/1927 1954/2601/1928
f 1940/2597/1914 1939/2593/1913 1950/2610/1924 1951/2603/1925
f 1834/2612/1808 1956/2606/1930 1967/2613/1941
f 1947/2599/1921 1946/2608/1920 1957/2614/1931 1958/2615/1932
f 1954/2601/1928 1953/2609/1927 1964/2616/1938 1965/2617/1939
f 1951/2603/1925 1950/2610/1924 1961/2618/1935 1962/2619/1936
f 1948/2600/1922 1947/2599/1921 1958/2615/1932 1959/2620/1933
f 1955/2602/1929 1954/2601/1928 1965/2617/1939 1966/2621/1940
f 1952/2604/1926 1951/2603/1925 1962/2619/1936 1963/2622/1937
f 1949/2605/1923 1948/2600/1922 1959/2620/1933 1960/2623/1934
f 1956/2606/1930 1955/2602/1929 1966/2621/1940 1967/2613/1941
f 1946/2608/1920 1912/2624/1886 1957/2614/1931
f 1953/2609/1927 1952/2604/1926 1963/2622/1937 1964/2616/1938
f 1950/2610/1924 1949/2605/1923 1960/2623/1934 1961/2618/1935
f 1960/2623/1934 1959/2620/1933 1970/2625/1944 1971/2626/1945
f 1967/2613/1941 1966/2621/1940 1977/2627/1951 1978/2628/1952
f 1957/2614/1931 1912/2629/1886 1968/2630/1942
f 1964/2616/1938 1963/2622/1937 1974/2631/1948 1975/2632/1949
f 1961/2618/1935 1960/2623/1934 1971/2626/1945 1972/2633/1946
f 1834/2634/1808 1967/2613/1941 1978/2628/1952
f 1958/2615/1932 1957/2614/1931 1968/2630/1942 1969/2635/1943
f 1965/2617/1939 1964/2616/1938 1975/2632/1949 1976/2636/1950
f 1962/2619/1936 1961/2618/1935 1972/2633/1946 1973/2637/1947
f 1959/2620/1933 1958/2615/1932 1969/2635/1943 1970/2625/1944
f 1966/2621/1940 1965/2617/1939 1976/2636/1950 1977/2627/1951
f 1963/2622/1937 1962/2619/1936 1973/2637/1947 1974/2631/1948
f 1970/2638/1944 1969/2639/1943 1980/2640/1954 1981/2641/1955
f 1977/2642/1951 1976/2643/1950 1987/2644/1961 1988/2645/1962
f 1974/2646/1948 1973/2647/1947 1984/2648/1958 1985/2649/1959
f 1971/2650/1945 1970/2638/1944 1981/2641/1955 1982/2651/1956
f 1978/2652/1952 1977/2642/1951 1988/2645/1962 1989/2653/1963
f 1968/2654/1942 1912/2655/1886 1979/2656/1953
f 1975/2657/1949 1974/2646/1948 1985/2649/1959 1986/2658/1960
f 1972/2659/1946 1971/2650/1945 1982/2651/1956 1983/2660/1957
f 1834/2661/1808 1978/2652/1952 1989/2653/1963
f 1969/2639/1943 1968/2654/1942 1979/2656/1953 1980/2640/1954
f 1976/2643/1950 1975/2657/1949 1986/2658/1960 1987/2644/1961
f 1973/2647/1947 1972/2659/1946 1983/2660/1957 1984/2648/1958
f 1983/2660/1957 1982/2651/1956 1993/2662/1967 1994/2663/1968
f 1834/2664/1808 1989/2653/1963 2000/2665/1974
f 1980/2640/1954 1979/2656/1953 1990/2666/1964 1991/2667/1965
f 1987/2644/1961 1986/2658/1960 1997/2668/1971 1998/2669/1972
f 1984/2648/1958 1983/2660/1957 1994/2663/1968 1995/2670/1969
f 1981/2641/1955 1980/2640/1954 1991/2667/1965 1992/2671/1966
f 1988/2645/1962 1987/2644/1961 1998/2669/1972 1999/2672/1973
f 1985/2649/1959 1984/2648/1958 1995/2670/1969 1996/2673/1970
f 1982/2651/1956 1981/2641/1955 1992/2671/1966 1993/2662/1967
f 1989/2653/1963 1988/2645/1962 1999/2672/1973 2000/2665/1974
f 1979/2656/1953 1912/2674/1886 1990/2666/1964
f 1986/2658/1960 1985/2649/1959 1996/2673/1970 1997/2668/1971
f 1993/2662/1967 1992/2671/1966 2003/2675/1977 2004/2676/1978
f 2000/2665/1974 1999/2672/1973 2010/2677/1984 2011/2678/1985
f 1990/2666/1964 1912/2679/1886 2001/2680/1975
f 1997/2668/1971 1996/2673/1970 2007/2681/1981 2008/2682/1982
f 1994/2663/1968 1993/2662/1967 2004/2676/1978 2005/2683/1979
f 1834/2684/1808 2000/2665/1974 2011/2678/1985
f 1991/2667/1965 1990/2666/1964 2001/2680/1975 2002/2685/1976
f 1998/2669/1972 1997/2668/1971 2008/2682/1982 2009/2686/1983
f 1995/2670/1969 1994/2663/1968 2005/2683/1979 2006/2687/1980
f 1992/2671/1966 1991/2667/1965 2002/2685/1976 2003/2675/1977
f 1999/2672/1973 1998/2669/1972 2009/2686/1983 2010/2677/1984
f 1996/2673/1970 1995/2670/1969 2006/2687/1980 2007/2681/1981
f 2006/2687/1980 2005/2683/1979 2016/2688/1990 2017/2689/1991
f 2003/2675/1977 2002/2685/1976 2013/2690/1987 2014/2691/1988
f 2010/2677/1984 2009/2686/1983 2020/2692/1994 2021/2693/1995
f 2007/2681/1981 2006/2687/1980 2017/2689/1991 2018/2694/1992
f 2004/2676/1978 2003/2675/1977 2014/2691/1988 2015/2695/1989
f 2011/2678/1985 2010/2677/1984 2021/2693/1995 2022/2696/1996
f 2001/2680/1975 1912/2697/1886 2012/2698/1986
f 2008/2682/1982 2007/2681/1981 2018/2694/1992 2019/2699/1993
f 2005/2683/1979 2004/2676/1978 2015/2695/1989 2016/2688/1990
f 1834/2700/1808 2011/2678/1985 2022/2696/1996
f 2002/2685/1976 2001/2680/1975 2012/2698/1986 2013/2690/1987
f 2009/2686/1983 2008/2682/1982 2019/2699/1993 2020/2692/1994
f 2016/2688/1990 2015/2695/1989 2024/2440/1998 1807/2439/1781
f 1834/2701/1808 2022/2696/1996 1811/2444/1785
f 2013/2690/1987 2012/2698/1986 1805/2432/1779 1806/2446/1780
f 2020/2692/1994 2019/2699/1993 2025/2435/1999 2026/2448/2000
f 2017/2689/1991 2016/2688/1990 1807/2439/1781 1808/2450/1782
f 2014/2691/1988 2013/2690/1987 1806/2446/1780 2023/2452/1997
f 2021/2693/1995 2020/2692/1994 2026/2448/2000 1810/2454/1784
f 2018/2694/1992 2017/2689/1991 1808/2450/1782 1809/2436/1783
f 2015/2695/1989 2014/2691/1988 2023/2452/1997 2024/2440/1998
f 2022/2696/1996 2021/2693/1995 1810/2454/1784 1811/2444/1785
f 2012/2698/1986 1912/2702/1886 1805/2432/1779
f 2019/2699/1993 2018/2694/1992 1809/2436/1783 2025/2435/1999
