# Blender 4.5.10 LTS
# www.blender.org
mtllib TowerAir1_pose.mtl
o cut_stone_socket_lower_course
v 0.000000 0.000000 -0.814258
v -0.024645 0.021648 -0.816605
v 0.024645 0.021648 -0.816605
v -0.015524 0.006341 -0.823162
v -0.000000 0.009566 -0.825911
v -0.000000 0.023653 -0.819390
v 0.015524 0.006341 -0.823162
v 0.000000 0.260000 -0.627058
v 0.024645 0.238352 -0.660578
v -0.024645 0.238352 -0.660578
v 0.013242 0.253659 -0.646038
v 0.000000 0.251267 -0.652279
v 0.000000 0.240357 -0.663363
v -0.013242 0.253659 -0.646038
v 0.575767 0.000000 -0.575767
v 0.560001 0.021648 -0.594854
v 0.594854 0.021648 -0.560001
v 0.571086 0.006341 -0.593041
v 0.584007 0.009566 -0.584007
v 0.579396 0.023653 -0.579396
v 0.593041 0.006341 -0.571086
v 0.443397 0.260000 -0.443397
v 0.484526 0.238352 -0.449673
v 0.449673 0.238352 -0.484526
v 0.466181 0.253659 -0.447454
v 0.461231 0.251267 -0.461231
v 0.469069 0.240357 -0.469069
v 0.447454 0.253659 -0.466181
v 0.814258 0.000000 0.000000
v 0.816605 0.021648 -0.024645
v 0.816605 0.021648 0.024645
v 0.823162 0.006341 -0.015524
v 0.825911 0.009566 -0.000000
v 0.819390 0.023653 -0.000000
v 0.823162 0.006341 0.015524
v 0.627058 0.260000 0.000000
v 0.660578 0.238352 0.024645
v 0.660578 0.238352 -0.024645
v 0.646038 0.253659 0.013242
v 0.652279 0.251267 0.000000
v 0.663363 0.240357 0.000000
v 0.646038 0.253659 -0.013242
v 0.575767 0.000000 0.575767
v 0.594854 0.021648 0.560001
v 0.560001 0.021648 0.594854
v 0.593041 0.006341 0.571086
v 0.584007 0.009566 0.584007
v 0.579396 0.023653 0.579396
v 0.571086 0.006341 0.593041
v 0.443397 0.260000 0.443397
v 0.449673 0.238352 0.484526
v 0.484526 0.238352 0.449673
v 0.447454 0.253659 0.466181
v 0.461231 0.251267 0.461231
v 0.469069 0.240357 0.469069
v 0.466181 0.253659 0.447454
v -0.000000 0.000000 0.814258
v 0.024645 0.021648 0.816605
v -0.024645 0.021648 0.816605
v 0.015524 0.006341 0.823162
v 0.000000 0.009566 0.825911
v 0.000000 0.023653 0.819390
v -0.015524 0.006341 0.823162
v -0.000000 0.260000 0.627058
v -0.024645 0.238352 0.660578
v 0.024645 0.238352 0.660578
v -0.013242 0.253659 0.646038
v -0.000000 0.251267 0.652279
v -0.000000 0.240357 0.663363
v 0.013242 0.253659 0.646038
v -0.575767 0.000000 0.575767
v -0.560001 0.021648 0.594854
v -0.594854 0.021648 0.560001
v -0.571086 0.006341 0.593041
v -0.584007 0.009566 0.584007
v -0.579396 0.023653 0.579396
v -0.593041 0.006341 0.571086
v -0.443397 0.260000 0.443397
v -0.484526 0.238352 0.449673
v -0.449673 0.238352 0.484526
v -0.466181 0.253659 0.447454
v -0.461231 0.251267 0.461231
v -0.469069 0.240357 0.469069
v -0.447454 0.253659 0.466181
v -0.814258 0.000000 -0.000000
v -0.816605 0.021648 0.024645
v -0.816605 0.021648 -0.024645
v -0.823162 0.006341 0.015524
v -0.825911 0.009566 0.000000
v -0.819390 0.023653 0.000000
v -0.823162 0.006341 -0.015524
v -0.627058 0.260000 -0.000000
v -0.660578 0.238352 -0.024645
v -0.660578 0.238352 0.024645
v -0.646038 0.253659 -0.013242
v -0.652279 0.251267 -0.000000
v -0.663363 0.240357 -0.000000
v -0.646038 0.253659 0.013242
v -0.575767 0.000000 -0.575767
v -0.594854 0.021648 -0.560001
v -0.560001 0.021648 -0.594854
v -0.593041 0.006341 -0.571086
v -0.584007 0.009566 -0.584007
v -0.579396 0.023653 -0.579396
v -0.571086 0.006341 -0.593041
v -0.443397 0.260000 -0.443397
v -0.449673 0.238352 -0.484526
v -0.484526 0.238352 -0.449673
v -0.447454 0.253659 -0.466181
v -0.461231 0.251267 -0.461231
v -0.469069 0.240357 -0.469069
v -0.466181 0.253659 -0.447454
vn -0.0000 -0.7729 -0.6345
vn -0.1728 0.3551 -0.9187
vn 0.1728 0.3551 -0.9187
vn -0.0000 0.9450 -0.3272
vn 0.1529 0.7240 -0.6727
vn -0.1529 0.7240 -0.6727
vn 0.4486 -0.7729 -0.4486
vn 0.5274 0.3551 -0.7718
vn 0.7718 0.3551 -0.5274
vn 0.2314 0.9450 -0.2314
vn 0.5837 0.7240 -0.3676
vn 0.3676 0.7240 -0.5837
vn 0.6345 -0.7729 -0.0000
vn 0.9187 0.3551 -0.1728
vn 0.9187 0.3551 0.1728
vn 0.3272 0.9450 -0.0000
vn 0.6727 0.7240 0.1529
vn 0.6727 0.7240 -0.1529
vn 0.4486 -0.7729 0.4486
vn 0.7718 0.3551 0.5274
vn 0.5274 0.3551 0.7718
vn 0.2314 0.9450 0.2314
vn 0.3676 0.7240 0.5837
vn 0.5837 0.7240 0.3676
vn -0.0000 -0.7729 0.6345
vn 0.1728 0.3551 0.9187
vn -0.1728 0.3551 0.9187
vn -0.0000 0.9450 0.3272
vn -0.1529 0.7240 0.6727
vn 0.1529 0.7240 0.6727
vn -0.4486 -0.7729 0.4486
vn -0.5274 0.3551 0.7718
vn -0.7718 0.3551 0.5274
vn -0.2314 0.9450 0.2314
vn -0.5837 0.7240 0.3676
vn -0.3676 0.7240 0.5837
vn -0.6345 -0.7729 -0.0000
vn -0.9187 0.3551 0.1728
vn -0.9187 0.3551 -0.1728
vn -0.3272 0.9450 -0.0000
vn -0.6727 0.7240 -0.1529
vn -0.6727 0.7240 0.1529
vn -0.4486 -0.7729 -0.4486
vn -0.7718 0.3551 -0.5274
vn -0.5274 0.3551 -0.7718
vn -0.2314 0.9450 -0.2314
vn -0.3676 0.7240 -0.5837
vn -0.5837 0.7240 -0.3676
vn 0.3774 0.1654 -0.9112
vn 0.1563 -0.9128 -0.3774
vn 0.2495 0.7582 -0.6024
vn 0.1034 0.9628 -0.2495
vn -0.1379 0.5787 -0.8038
vn 0.1379 0.5787 -0.8038
vn 0.6659 0.5787 -0.4708
vn 0.4708 0.5787 -0.6659
vn 0.9112 0.1654 -0.3774
vn 0.3774 -0.9128 -0.1563
vn 0.6024 0.7582 -0.2495
vn 0.2495 0.9628 -0.1034
vn 0.8038 0.5787 0.1379
vn 0.8038 0.5787 -0.1379
vn 0.9112 0.1654 0.3774
vn 0.3774 -0.9128 0.1563
vn 0.6024 0.7582 0.2495
vn 0.2495 0.9628 0.1034
vn 0.4708 0.5787 0.6659
vn 0.6659 0.5787 0.4708
vn 0.3774 0.1654 0.9112
vn 0.1563 -0.9128 0.3774
vn 0.2495 0.7582 0.6024
vn 0.1034 0.9628 0.2495
vn -0.1379 0.5787 0.8038
vn 0.1379 0.5787 0.8038
vn -0.3774 0.1654 0.9112
vn -0.1563 -0.9128 0.3774
vn -0.2495 0.7582 0.6024
vn -0.1034 0.9628 0.2495
vn -0.6659 0.5787 0.4708
vn -0.4708 0.5787 0.6659
vn -0.9112 0.1654 0.3774
vn -0.3774 -0.9128 0.1563
vn -0.6024 0.7582 0.2495
vn -0.2495 0.9628 0.1034
vn -0.8038 0.5787 -0.1379
vn -0.8038 0.5787 0.1379
vn -0.9112 0.1654 -0.3774
vn -0.3774 -0.9128 -0.1563
vn -0.6024 0.7582 -0.2495
vn -0.2495 0.9628 -0.1034
vn -0.4708 0.5787 -0.6659
vn -0.6659 0.5787 -0.4708
vn -0.3774 0.1654 -0.9112
vn -0.1563 -0.9128 -0.3774
vn -0.2495 0.7582 -0.6024
vn -0.1034 0.9628 -0.2495
vn -0.0000 -1.0000 -0.0000
vn 0.3186 0.5539 -0.7692
vn -0.3186 0.5539 -0.7692
vn -0.0000 1.0000 -0.0000
vn 0.7692 0.5539 -0.3186
vn 0.7692 0.5539 0.3186
vn 0.3186 0.5539 0.7692
vn -0.3186 0.5539 0.7692
vn -0.7692 0.5539 0.3186
vn -0.7692 0.5539 -0.3186
vt 0.750000 0.481982
vt 0.744287 0.487634
vt 0.748339 0.489312
vt 0.755713 0.487634
vt 0.005425 0.541631
vt 0.000000 0.550940
vt 0.000000 0.527151
vt 0.004208 0.500000
vt 0.994575 0.541631
vt 0.995792 0.500000
vt 0.998777 0.500000
vt 1.000000 0.550940
vt 0.250000 0.479691
vt 0.255327 0.487794
vt 0.250378 0.489843
vt 0.244673 0.487794
vt 0.993845 0.958369
vt 1.000000 0.967678
vt 1.000000 0.991604
vt 0.996077 1.000000
vt 0.006155 0.958369
vt 0.003924 1.000000
vt 0.000279 1.000000
vt 0.000000 0.967678
vt 0.914036 0.414036
vt 0.913993 0.422072
vt 0.918045 0.420394
vt 0.922072 0.413993
vt 0.880425 0.541631
vt 0.875000 0.550940
vt 0.874388 0.513576
vt 0.879208 0.500000
vt 0.869575 0.541631
vt 0.870792 0.500000
vt 0.412416 0.412416
vt 0.421912 0.414379
vt 0.419862 0.419327
vt 0.414379 0.421912
vt 0.868845 0.958369
vt 0.875000 0.967678
vt 0.875139 0.995802
vt 0.871076 1.000000
vt 0.881155 0.958369
vt 0.878923 1.000000
vt 0.981983 0.250000
vt 0.987634 0.255713
vt 0.989312 0.251661
vt 0.987634 0.244287
vt 0.755425 0.541631
vt 0.750000 0.550940
vt 0.749388 0.513576
vt 0.754208 0.500000
vt 0.744575 0.541631
vt 0.745792 0.500000
vt 0.479692 0.250000
vt 0.487794 0.244673
vt 0.489843 0.249622
vt 0.487794 0.255327
vt 0.743845 0.958369
vt 0.750000 0.967678
vt 0.750139 0.995802
vt 0.746076 1.000000
vt 0.756155 0.958369
vt 0.753924 1.000000
vt 0.914036 0.085964
vt 0.922072 0.086007
vt 0.920394 0.081955
vt 0.913993 0.077928
vt 0.630425 0.541631
vt 0.625000 0.550940
vt 0.624388 0.513576
vt 0.629208 0.500000
vt 0.619575 0.541631
vt 0.620792 0.500000
vt 0.412416 0.087584
vt 0.414379 0.078088
vt 0.419327 0.080138
vt 0.421912 0.085621
vt 0.618845 0.958369
vt 0.625000 0.967678
vt 0.625139 0.995802
vt 0.621076 1.000000
vt 0.631155 0.958369
vt 0.628923 1.000000
vt 0.750000 0.018018
vt 0.755713 0.012366
vt 0.751661 0.010688
vt 0.744287 0.012366
vt 0.505425 0.541631
vt 0.500000 0.550940
vt 0.499388 0.513576
vt 0.504208 0.500000
vt 0.494574 0.541631
vt 0.495792 0.500000
vt 0.250000 0.020308
vt 0.244673 0.012206
vt 0.249622 0.010157
vt 0.255327 0.012206
vt 0.493845 0.958369
vt 0.500000 0.967678
vt 0.500139 0.995802
vt 0.496076 1.000000
vt 0.506155 0.958369
vt 0.503924 1.000000
vt 0.585964 0.085964
vt 0.586007 0.077928
vt 0.581955 0.079606
vt 0.577928 0.086007
vt 0.380425 0.541631
vt 0.375000 0.550940
vt 0.374388 0.513576
vt 0.379208 0.500000
vt 0.369575 0.541631
vt 0.370792 0.500000
vt 0.087584 0.087584
vt 0.078088 0.085621
vt 0.080138 0.080673
vt 0.085621 0.078088
vt 0.368845 0.958369
vt 0.375000 0.967678
vt 0.375139 0.995802
vt 0.371076 1.000000
vt 0.381155 0.958369
vt 0.378923 1.000000
vt 0.518018 0.250000
vt 0.512366 0.244287
vt 0.510688 0.248339
vt 0.512366 0.255713
vt 0.255425 0.541631
vt 0.250000 0.550940
vt 0.249388 0.513576
vt 0.254208 0.500000
vt 0.244575 0.541631
vt 0.245792 0.500000
vt 0.020308 0.250000
vt 0.012206 0.255327
vt 0.010157 0.250378
vt 0.012206 0.244673
vt 0.243845 0.958369
vt 0.250000 0.967678
vt 0.250139 0.995802
vt 0.246076 1.000000
vt 0.256155 0.958369
vt 0.253924 1.000000
vt 0.585964 0.414036
vt 0.577928 0.413993
vt 0.579606 0.418045
vt 0.586007 0.422072
vt 0.130425 0.541631
vt 0.125000 0.550940
vt 0.124388 0.513576
vt 0.129208 0.500000
vt 0.119575 0.541631
vt 0.120792 0.500000
vt 0.087584 0.412416
vt 0.085621 0.421912
vt 0.080673 0.419862
vt 0.078088 0.414379
vt 0.118845 0.958369
vt 0.125000 0.967678
vt 0.125139 0.995802
vt 0.121076 1.000000
vt 0.131155 0.958369
vt 0.128923 1.000000
s 0
usemtl Limestone
f 1/1/1 4/2/1 5/3/1 7/4/1
f 2/5/2 6/6/2 5/7/2 4/8/2
f 3/9/3 7/10/3 5/11/3 6/12/3
f 8/13/4 11/14/4 12/15/4 14/16/4
f 9/17/5 13/18/5 12/19/5 11/20/5
f 10/21/6 14/22/6 12/23/6 13/24/6
f 15/25/7 18/26/7 19/27/7 21/28/7
f 16/29/8 20/30/8 19/31/8 18/32/8
f 17/33/9 21/34/9 19/31/9 20/30/9
f 22/35/10 25/36/10 26/37/10 28/38/10
f 23/39/11 27/40/11 26/41/11 25/42/11
f 24/43/12 28/44/12 26/41/12 27/40/12
f 29/45/13 32/46/13 33/47/13 35/48/13
f 30/49/14 34/50/14 33/51/14 32/52/14
f 31/53/15 35/54/15 33/51/15 34/50/15
f 36/55/16 39/56/16 40/57/16 42/58/16
f 37/59/17 41/60/17 40/61/17 39/62/17
f 38/63/18 42/64/18 40/61/18 41/60/18
f 43/65/19 46/66/19 47/67/19 49/68/19
f 44/69/20 48/70/20 47/71/20 46/72/20
f 45/73/21 49/74/21 47/71/21 48/70/21
f 50/75/22 53/76/22 54/77/22 56/78/22
f 51/79/23 55/80/23 54/81/23 53/82/23
f 52/83/24 56/84/24 54/81/24 55/80/24
f 57/85/25 60/86/25 61/87/25 63/88/25
f 58/89/26 62/90/26 61/91/26 60/92/26
f 59/93/27 63/94/27 61/91/27 62/90/27
f 64/95/28 67/96/28 68/97/28 70/98/28
f 65/99/29 69/100/29 68/101/29 67/102/29
f 66/103/30 70/104/30 68/101/30 69/100/30
f 71/105/31 74/106/31 75/107/31 77/108/31
f 72/109/32 76/110/32 75/111/32 74/112/32
f 73/113/33 77/114/33 75/111/33 76/110/33
f 78/115/34 81/116/34 82/117/34 84/118/34
f 79/119/35 83/120/35 82/121/35 81/122/35
f 80/123/36 84/124/36 82/121/36 83/120/36
f 85/125/37 88/126/37 89/127/37 91/128/37
f 86/129/38 90/130/38 89/131/38 88/132/38
f 87/133/39 91/134/39 89/131/39 90/130/39
f 92/135/40 95/136/40 96/137/40 98/138/40
f 93/139/41 97/140/41 96/141/41 95/142/41
f 94/143/42 98/144/42 96/141/42 97/140/42
f 99/145/43 102/146/43 103/147/43 105/148/43
f 100/149/44 104/150/44 103/151/44 102/152/44
f 101/153/45 105/154/45 103/151/45 104/150/45
f 106/155/46 109/156/46 110/157/46 112/158/46
f 107/159/47 111/160/47 110/161/47 109/162/47
f 108/163/48 112/164/48 110/161/48 111/160/48
f 3/9/49 16/29/49 18/32/49 7/10/49
f 7/4/50 18/26/50 15/25/50 1/1/50
f 24/43/51 9/17/51 11/20/51 28/44/51
f 28/38/52 11/14/52 8/13/52 22/35/52
f 2/5/53 10/21/53 13/24/53 6/6/53
f 6/12/54 13/18/54 9/17/54 3/9/54
f 23/39/55 17/33/55 20/30/55 27/40/55
f 27/40/56 20/30/56 16/29/56 24/43/56
f 17/33/57 30/49/57 32/52/57 21/34/57
f 21/28/58 32/46/58 29/45/58 15/25/58
f 38/63/59 23/39/59 25/42/59 42/64/59
f 42/58/60 25/36/60 22/35/60 36/55/60
f 37/59/61 31/53/61 34/50/61 41/60/61
f 41/60/62 34/50/62 30/49/62 38/63/62
f 31/53/63 44/69/63 46/72/63 35/54/63
f 35/48/64 46/66/64 43/65/64 29/45/64
f 52/83/65 37/59/65 39/62/65 56/84/65
f 56/78/66 39/56/66 36/55/66 50/75/66
f 51/79/67 45/73/67 48/70/67 55/80/67
f 55/80/68 48/70/68 44/69/68 52/83/68
f 45/73/69 58/89/69 60/92/69 49/74/69
f 49/68/70 60/86/70 57/85/70 43/65/70
f 66/103/71 51/79/71 53/82/71 70/104/71
f 70/98/72 53/76/72 50/75/72 64/95/72
f 65/99/73 59/93/73 62/90/73 69/100/73
f 69/100/74 62/90/74 58/89/74 66/103/74
f 59/93/75 72/109/75 74/112/75 63/94/75
f 63/88/76 74/106/76 71/105/76 57/85/76
f 80/123/77 65/99/77 67/102/77 84/124/77
f 84/118/78 67/96/78 64/95/78 78/115/78
f 79/119/79 73/113/79 76/110/79 83/120/79
f 83/120/80 76/110/80 72/109/80 80/123/80
f 73/113/81 86/129/81 88/132/81 77/114/81
f 77/108/82 88/126/82 85/125/82 71/105/82
f 94/143/83 79/119/83 81/122/83 98/144/83
f 98/138/84 81/116/84 78/115/84 92/135/84
f 93/139/85 87/133/85 90/130/85 97/140/85
f 97/140/86 90/130/86 86/129/86 94/143/86
f 87/133/87 100/149/87 102/152/87 91/134/87
f 91/128/88 102/146/88 99/145/88 85/125/88
f 108/163/89 93/139/89 95/142/89 112/164/89
f 112/158/90 95/136/90 92/135/90 106/155/90
f 107/159/91 101/153/91 104/150/91 111/160/91
f 111/160/92 104/150/92 100/149/92 108/163/92
f 101/153/93 2/5/93 4/8/93 105/154/93
f 105/148/94 4/2/94 1/1/94 99/145/94
f 10/21/95 107/159/95 109/162/95 14/22/95
f 14/16/96 109/156/96 106/155/96 8/13/96
f 1/1/97 15/25/97 29/45/97 43/65/97 57/85/97 71/105/97 85/125/97 99/145/97
f 3/9/98 9/17/98 24/43/98 16/29/98
f 101/153/99 107/159/99 10/21/99 2/5/99
f 22/35/100 8/13/100 106/155/100 92/135/100 78/115/100 64/95/100 50/75/100 36/55/100
f 17/33/101 23/39/101 38/63/101 30/49/101
f 31/53/102 37/59/102 52/83/102 44/69/102
f 45/73/103 51/79/103 66/103/103 58/89/103
f 59/93/104 65/99/104 80/123/104 72/109/104
f 73/113/105 79/119/105 94/143/105 86/129/105
f 87/133/106 93/139/106 108/163/106 100/149/106
o cut_stone_socket_upper_course
v -0.000000 0.231400 -0.596717
v -0.016630 0.249400 -0.609312
v 0.016630 0.249400 -0.609312
v -0.011759 0.236672 -0.604441
v -0.000000 0.239008 -0.609171
v -0.000000 0.249400 -0.613347
v 0.011759 0.236672 -0.604441
v 0.000000 0.309400 -0.596717
v 0.016630 0.291400 -0.609312
v -0.016630 0.291400 -0.609312
v 0.009742 0.304128 -0.606458
v 0.000000 0.301793 -0.609764
v 0.000000 0.291400 -0.612165
v -0.009742 0.304128 -0.606458
v 0.421943 0.231400 -0.421943
v 0.419089 0.249400 -0.442607
v 0.442607 0.249400 -0.419089
v 0.421943 0.236672 -0.435719
v 0.431168 0.239007 -0.431168
v 0.432866 0.249400 -0.432866
v 0.435719 0.236672 -0.421943
v 0.421943 0.309400 -0.421943
v 0.442607 0.291400 -0.419089
v 0.419089 0.291400 -0.442607
v 0.435719 0.304128 -0.421943
v 0.431168 0.301793 -0.431168
v 0.432866 0.291400 -0.432866
v 0.421943 0.304128 -0.435719
v 0.596717 0.231400 -0.000000
v 0.609312 0.249400 -0.016630
v 0.609312 0.249400 0.016630
v 0.604441 0.236672 -0.011759
v 0.609171 0.239008 -0.000000
v 0.613347 0.249400 -0.000000
v 0.604441 0.236672 0.011759
v 0.596717 0.309400 0.000000
v 0.609312 0.291400 0.016630
v 0.609312 0.291400 -0.016630
v 0.606458 0.304128 0.009742
v 0.609764 0.301793 0.000000
v 0.612165 0.291400 0.000000
v 0.606458 0.304128 -0.009742
v 0.421943 0.231400 0.421943
v 0.442607 0.249400 0.419089
v 0.419089 0.249400 0.442607
v 0.435719 0.236672 0.421943
v 0.431168 0.239007 0.431168
v 0.432866 0.249400 0.432866
v 0.421943 0.236672 0.435719
v 0.421943 0.309400 0.421943
v 0.419089 0.291400 0.442607
v 0.442607 0.291400 0.419089
v 0.421943 0.304128 0.435719
v 0.431168 0.301793 0.431168
v 0.432866 0.291400 0.432866
v 0.435719 0.304128 0.421943
v 0.000000 0.231400 0.596717
v 0.016630 0.249400 0.609312
v -0.016630 0.249400 0.609312
v 0.011759 0.236672 0.604441
v 0.000000 0.239008 0.609171
v 0.000000 0.249400 0.613347
v -0.011759 0.236672 0.604441
v -0.000000 0.309400 0.596717
v -0.016630 0.291400 0.609312
v 0.016630 0.291400 0.609312
v -0.009742 0.304128 0.606458
v -0.000000 0.301793 0.609764
v -0.000000 0.291400 0.612165
v 0.009742 0.304128 0.606458
v -0.421943 0.231400 0.421943
v -0.419089 0.249400 0.442607
v -0.442607 0.249400 0.419089
v -0.421943 0.236672 0.435719
v -0.431168 0.239007 0.431168
v -0.432866 0.249400 0.432866
v -0.435719 0.236672 0.421943
v -0.421943 0.309400 0.421943
v -0.442607 0.291400 0.419089
v -0.419089 0.291400 0.442607
v -0.435719 0.304128 0.421943
v -0.431168 0.301793 0.431168
v -0.432866 0.291400 0.432866
v -0.421943 0.304128 0.435719
v -0.596717 0.231400 0.000000
v -0.609312 0.249400 0.016630
v -0.609312 0.249400 -0.016630
v -0.606458 0.236672 0.009742
v -0.609764 0.239007 0.000000
v -0.612165 0.249400 0.000000
v -0.606458 0.236672 -0.009742
v -0.596717 0.309400 -0.000000
v -0.609312 0.291400 -0.016630
v -0.609312 0.291400 0.016630
v -0.606458 0.304128 -0.009742
v -0.609764 0.301793 -0.000000
v -0.612165 0.291400 -0.000000
v -0.606458 0.304128 0.009742
v -0.421943 0.231400 -0.421943
v -0.442607 0.249400 -0.419089
v -0.419089 0.249400 -0.442607
v -0.435719 0.236672 -0.421943
v -0.431168 0.239007 -0.431168
v -0.432866 0.249400 -0.432866
v -0.421943 0.236672 -0.435719
v -0.421943 0.309400 -0.421943
v -0.419089 0.291400 -0.442607
v -0.442607 0.291400 -0.419089
v -0.421943 0.304128 -0.435719
v -0.431168 0.301793 -0.431168
v -0.432866 0.291400 -0.432866
v -0.435719 0.304128 -0.421943
vn -0.0000 -0.8534 -0.5213
vn -0.2408 -0.3972 -0.8856
vn 0.2408 -0.3972 -0.8856
vn -0.0000 0.8639 -0.5037
vn 0.1959 0.2724 -0.9420
vn -0.1959 0.2724 -0.9420
vn 0.3562 -0.8639 -0.3562
vn 0.5276 -0.2724 -0.8046
vn 0.8046 -0.2724 -0.5276
vn 0.3562 0.8639 -0.3562
vn 0.8046 0.2724 -0.5276
vn 0.5276 0.2724 -0.8046
vn 0.5213 -0.8534 -0.0000
vn 0.8856 -0.3972 -0.2408
vn 0.8856 -0.3972 0.2408
vn 0.5037 0.8639 -0.0000
vn 0.9420 0.2724 0.1959
vn 0.9420 0.2724 -0.1959
vn 0.3562 -0.8639 0.3562
vn 0.8046 -0.2724 0.5276
vn 0.5276 -0.2724 0.8046
vn 0.3562 0.8639 0.3562
vn 0.5276 0.2724 0.8046
vn 0.8046 0.2724 0.5276
vn -0.0000 -0.8534 0.5213
vn 0.2408 -0.3972 0.8856
vn -0.2408 -0.3972 0.8856
vn -0.0000 0.8639 0.5037
vn -0.1959 0.2724 0.9420
vn 0.1959 0.2724 0.9420
vn -0.3562 -0.8639 0.3562
vn -0.5276 -0.2724 0.8046
vn -0.8046 -0.2724 0.5276
vn -0.3562 0.8639 0.3562
vn -0.8046 0.2724 0.5276
vn -0.5276 0.2724 0.8046
vn -0.5037 -0.8639 -0.0000
vn -0.9420 -0.2724 0.1959
vn -0.9420 -0.2724 -0.1959
vn -0.5037 0.8639 -0.0000
vn -0.9420 0.2724 -0.1959
vn -0.9420 0.2724 0.1959
vn -0.3562 -0.8639 -0.3562
vn -0.8046 -0.2724 -0.5276
vn -0.5276 -0.2724 -0.8046
vn -0.3562 0.8639 -0.3562
vn -0.5276 0.2724 -0.8046
vn -0.8046 0.2724 -0.5276
vn 0.3470 -0.4158 -0.8406
vn 0.1516 -0.9177 -0.3672
vn 0.3536 0.3827 -0.8536
vn 0.1464 0.9239 -0.3536
vn -0.2028 0.0138 -0.9791
vn 0.2028 0.0138 -0.9791
vn 0.8165 -0.0000 -0.5774
vn 0.5774 -0.0000 -0.8165
vn 0.8406 -0.4158 -0.3470
vn 0.3672 -0.9177 -0.1516
vn 0.8536 0.3827 -0.3536
vn 0.3536 0.9239 -0.1464
vn 0.9791 0.0138 0.2028
vn 0.9791 0.0138 -0.2028
vn 0.8406 -0.4158 0.3470
vn 0.3672 -0.9177 0.1516
vn 0.8536 0.3827 0.3536
vn 0.3536 0.9239 0.1464
vn 0.5774 -0.0000 0.8165
vn 0.8165 -0.0000 0.5774
vn 0.3470 -0.4158 0.8406
vn 0.1516 -0.9177 0.3672
vn 0.3536 0.3827 0.8536
vn 0.1464 0.9239 0.3536
vn -0.2028 0.0138 0.9791
vn 0.2028 0.0138 0.9791
vn -0.3470 -0.4158 0.8406
vn -0.1516 -0.9177 0.3672
vn -0.3536 0.3827 0.8536
vn -0.1464 0.9239 0.3536
vn -0.8165 -0.0000 0.5774
vn -0.5774 -0.0000 0.8165
vn -0.8536 -0.3827 0.3536
vn -0.3536 -0.9239 0.1464
vn -0.8536 0.3827 0.3536
vn -0.3536 0.9239 0.1464
vn -0.9856 -0.0000 -0.1691
vn -0.9856 -0.0000 0.1691
vn -0.8536 -0.3827 -0.3536
vn -0.3536 -0.9239 -0.1464
vn -0.8536 0.3827 -0.3536
vn -0.3536 0.9239 -0.1464
vn -0.5774 -0.0000 -0.8165
vn -0.8165 -0.0000 -0.5774
vn -0.3470 -0.4158 -0.8406
vn -0.1516 -0.9177 -0.3672
vn -0.3536 0.3827 -0.8536
vn -0.1464 0.9239 -0.3536
vn -0.0000 -1.0000 -0.0000
vn 0.3827 -0.0000 -0.9239
vn -0.3827 -0.0000 -0.9239
vn -0.0000 1.0000 -0.0000
vn 0.9239 -0.0000 -0.3827
vn 0.9239 -0.0000 0.3827
vn 0.3827 -0.0000 0.9239
vn -0.3827 -0.0000 0.9239
vn -0.9239 -0.0000 0.3827
vn -0.9239 -0.0000 -0.3827
vt 0.750000 0.482412
vt 0.744472 0.487710
vt 0.749032 0.489599
vt 0.755529 0.487710
vt 0.004771 0.615385
vt 0.000000 0.615385
vt 0.000000 0.548767
vt 0.004072 0.500000
vt 0.995229 0.615385
vt 0.995928 0.500000
vt 0.999287 0.500000
vt 1.000000 0.615385
vt 0.250000 0.482412
vt 0.254580 0.488103
vt 0.250886 0.489633
vt 0.245420 0.488103
vt 0.995229 0.884615
vt 1.000000 0.884615
vt 1.000000 0.951234
vt 0.996627 1.000000
vt 0.004771 0.884615
vt 0.003373 1.000000
vt 0.000653 1.000000
vt 0.000000 0.884615
vt 0.914340 0.414340
vt 0.915126 0.421603
vt 0.918819 0.420073
vt 0.921603 0.415126
vt 0.879771 0.615385
vt 0.875000 0.615385
vt 0.874674 0.524383
vt 0.878373 0.500000
vt 0.870229 0.615385
vt 0.871626 0.500000
vt 0.414340 0.414340
vt 0.421603 0.415126
vt 0.420073 0.418819
vt 0.415126 0.421603
vt 0.870229 0.884615
vt 0.875000 0.884615
vt 0.875326 0.975617
vt 0.871627 1.000000
vt 0.879771 0.884615
vt 0.878374 1.000000
vt 0.982412 0.250000
vt 0.987710 0.255528
vt 0.989599 0.250968
vt 0.987710 0.244472
vt 0.754771 0.615385
vt 0.750000 0.615385
vt 0.749644 0.524384
vt 0.754072 0.500000
vt 0.745229 0.615385
vt 0.745928 0.500000
vt 0.482412 0.250000
vt 0.488103 0.245420
vt 0.489633 0.249114
vt 0.488103 0.254580
vt 0.745229 0.884615
vt 0.750000 0.884615
vt 0.750326 0.975617
vt 0.746626 1.000000
vt 0.754771 0.884615
vt 0.753373 1.000000
vt 0.914340 0.085660
vt 0.921603 0.084874
vt 0.920073 0.081181
vt 0.915126 0.078397
vt 0.629771 0.615385
vt 0.625000 0.615385
vt 0.624674 0.524383
vt 0.628373 0.500000
vt 0.620229 0.615385
vt 0.621627 0.500000
vt 0.414340 0.085660
vt 0.415126 0.078397
vt 0.418819 0.079927
vt 0.421603 0.084874
vt 0.620229 0.884615
vt 0.625000 0.884615
vt 0.625326 0.975617
vt 0.621626 1.000000
vt 0.629771 0.884615
vt 0.628373 1.000000
vt 0.750000 0.017588
vt 0.755529 0.012290
vt 0.750968 0.010401
vt 0.744471 0.012290
vt 0.504771 0.615385
vt 0.500000 0.615385
vt 0.499644 0.524384
vt 0.504072 0.500000
vt 0.495229 0.615385
vt 0.495928 0.500000
vt 0.250000 0.017588
vt 0.245420 0.011897
vt 0.249114 0.010367
vt 0.254580 0.011897
vt 0.495229 0.884615
vt 0.500000 0.884615
vt 0.500326 0.975617
vt 0.496627 1.000000
vt 0.504771 0.884615
vt 0.503373 1.000000
vt 0.585660 0.085660
vt 0.584874 0.078397
vt 0.581181 0.079927
vt 0.578397 0.084874
vt 0.379771 0.615385
vt 0.375000 0.615385
vt 0.374674 0.524383
vt 0.378373 0.500000
vt 0.370229 0.615385
vt 0.371627 0.500000
vt 0.085660 0.085660
vt 0.078397 0.084874
vt 0.079927 0.081181
vt 0.084874 0.078397
vt 0.370229 0.884615
vt 0.375000 0.884615
vt 0.375326 0.975617
vt 0.371627 1.000000
vt 0.379771 0.884615
vt 0.378373 1.000000
vt 0.517588 0.250000
vt 0.511897 0.245420
vt 0.510367 0.249114
vt 0.511897 0.254580
vt 0.254771 0.615385
vt 0.250000 0.615385
vt 0.249674 0.524383
vt 0.253373 0.500000
vt 0.245229 0.615385
vt 0.246627 0.500000
vt 0.017588 0.250000
vt 0.011897 0.254580
vt 0.010367 0.250886
vt 0.011897 0.245420
vt 0.245229 0.884615
vt 0.250000 0.884615
vt 0.250326 0.975617
vt 0.246627 1.000000
vt 0.254771 0.884615
vt 0.253373 1.000000
vt 0.585660 0.414340
vt 0.578397 0.415126
vt 0.579927 0.418819
vt 0.584874 0.421603
vt 0.129771 0.615385
vt 0.125000 0.615385
vt 0.124674 0.524383
vt 0.128373 0.500000
vt 0.120229 0.615385
vt 0.121627 0.500000
vt 0.085660 0.414340
vt 0.084874 0.421603
vt 0.081181 0.420073
vt 0.078397 0.415126
vt 0.120229 0.884615
vt 0.125000 0.884615
vt 0.125326 0.975617
vt 0.121627 1.000000
vt 0.129771 0.884615
vt 0.128373 1.000000
s 0
usemtl Limestone
f 113/165/107 116/166/107 117/167/107 119/168/107
f 114/169/108 118/170/108 117/171/108 116/172/108
f 115/173/109 119/174/109 117/175/109 118/176/109
f 120/177/110 123/178/110 124/179/110 126/180/110
f 121/181/111 125/182/111 124/183/111 123/184/111
f 122/185/112 126/186/112 124/187/112 125/188/112
f 127/189/113 130/190/113 131/191/113 133/192/113
f 128/193/114 132/194/114 131/195/114 130/196/114
f 129/197/115 133/198/115 131/195/115 132/194/115
f 134/199/116 137/200/116 138/201/116 140/202/116
f 135/203/117 139/204/117 138/205/117 137/206/117
f 136/207/118 140/208/118 138/205/118 139/204/118
f 141/209/119 144/210/119 145/211/119 147/212/119
f 142/213/120 146/214/120 145/215/120 144/216/120
f 143/217/121 147/218/121 145/215/121 146/214/121
f 148/219/122 151/220/122 152/221/122 154/222/122
f 149/223/123 153/224/123 152/225/123 151/226/123
f 150/227/124 154/228/124 152/225/124 153/224/124
f 155/229/125 158/230/125 159/231/125 161/232/125
f 156/233/126 160/234/126 159/235/126 158/236/126
f 157/237/127 161/238/127 159/235/127 160/234/127
f 162/239/128 165/240/128 166/241/128 168/242/128
f 163/243/129 167/244/129 166/245/129 165/246/129
f 164/247/130 168/248/130 166/245/130 167/244/130
f 169/249/131 172/250/131 173/251/131 175/252/131
f 170/253/132 174/254/132 173/255/132 172/256/132
f 171/257/133 175/258/133 173/255/133 174/254/133
f 176/259/134 179/260/134 180/261/134 182/262/134
f 177/263/135 181/264/135 180/265/135 179/266/135
f 178/267/136 182/268/136 180/265/136 181/264/136
f 183/269/137 186/270/137 187/271/137 189/272/137
f 184/273/138 188/274/138 187/275/138 186/276/138
f 185/277/139 189/278/139 187/275/139 188/274/139
f 190/279/140 193/280/140 194/281/140 196/282/140
f 191/283/141 195/284/141 194/285/141 193/286/141
f 192/287/142 196/288/142 194/285/142 195/284/142
f 197/289/143 200/290/143 201/291/143 203/292/143
f 198/293/144 202/294/144 201/295/144 200/296/144
f 199/297/145 203/298/145 201/295/145 202/294/145
f 204/299/146 207/300/146 208/301/146 210/302/146
f 205/303/147 209/304/147 208/305/147 207/306/147
f 206/307/148 210/308/148 208/305/148 209/304/148
f 211/309/149 214/310/149 215/311/149 217/312/149
f 212/313/150 216/314/150 215/315/150 214/316/150
f 213/317/151 217/318/151 215/315/151 216/314/151
f 218/319/152 221/320/152 222/321/152 224/322/152
f 219/323/153 223/324/153 222/325/153 221/326/153
f 220/327/154 224/328/154 222/325/154 223/324/154
f 115/173/155 128/193/155 130/196/155 119/174/155
f 119/168/156 130/190/156 127/189/156 113/165/156
f 136/207/157 121/181/157 123/184/157 140/208/157
f 140/202/158 123/178/158 120/177/158 134/199/158
f 114/169/159 122/185/159 125/188/159 118/170/159
f 118/176/160 125/182/160 121/181/160 115/173/160
f 135/203/161 129/197/161 132/194/161 139/204/161
f 139/204/162 132/194/162 128/193/162 136/207/162
f 129/197/163 142/213/163 144/216/163 133/198/163
f 133/192/164 144/210/164 141/209/164 127/189/164
f 150/227/165 135/203/165 137/206/165 154/228/165
f 154/222/166 137/200/166 134/199/166 148/219/166
f 149/223/167 143/217/167 146/214/167 153/224/167
f 153/224/168 146/214/168 142/213/168 150/227/168
f 143/217/169 156/233/169 158/236/169 147/218/169
f 147/212/170 158/230/170 155/229/170 141/209/170
f 164/247/171 149/223/171 151/226/171 168/248/171
f 168/242/172 151/220/172 148/219/172 162/239/172
f 163/243/173 157/237/173 160/234/173 167/244/173
f 167/244/174 160/234/174 156/233/174 164/247/174
f 157/237/175 170/253/175 172/256/175 161/238/175
f 161/232/176 172/250/176 169/249/176 155/229/176
f 178/267/177 163/243/177 165/246/177 182/268/177
f 182/262/178 165/240/178 162/239/178 176/259/178
f 177/263/179 171/257/179 174/254/179 181/264/179
f 181/264/180 174/254/180 170/253/180 178/267/180
f 171/257/181 184/273/181 186/276/181 175/258/181
f 175/252/182 186/270/182 183/269/182 169/249/182
f 192/287/183 177/263/183 179/266/183 196/288/183
f 196/282/184 179/260/184 176/259/184 190/279/184
f 191/283/185 185/277/185 188/274/185 195/284/185
f 195/284/186 188/274/186 184/273/186 192/287/186
f 185/277/187 198/293/187 200/296/187 189/278/187
f 189/272/188 200/290/188 197/289/188 183/269/188
f 206/307/189 191/283/189 193/286/189 210/308/189
f 210/302/190 193/280/190 190/279/190 204/299/190
f 205/303/191 199/297/191 202/294/191 209/304/191
f 209/304/192 202/294/192 198/293/192 206/307/192
f 199/297/193 212/313/193 214/316/193 203/298/193
f 203/292/194 214/310/194 211/309/194 197/289/194
f 220/327/195 205/303/195 207/306/195 224/328/195
f 224/322/196 207/300/196 204/299/196 218/319/196
f 219/323/197 213/317/197 216/314/197 223/324/197
f 223/324/198 216/314/198 212/313/198 220/327/198
f 213/317/199 114/169/199 116/172/199 217/318/199
f 217/312/200 116/166/200 113/165/200 211/309/200
f 122/185/201 219/323/201 221/326/201 126/186/201
f 126/180/202 221/320/202 218/319/202 120/177/202
f 113/165/203 127/189/203 141/209/203 155/229/203 169/249/203 183/269/203 197/289/203 211/309/203
f 115/173/204 121/181/204 136/207/204 128/193/204
f 213/317/205 219/323/205 122/185/205 114/169/205
f 134/199/206 120/177/206 218/319/206 204/299/206 190/279/206 176/259/206 162/239/206 148/219/206
f 129/197/207 135/203/207 150/227/207 142/213/207
f 143/217/208 149/223/208 164/247/208 156/233/208
f 157/237/209 163/243/209 178/267/209 170/253/209
f 171/257/210 177/263/210 192/287/210 184/273/210
f 185/277/211 191/283/211 206/307/211 198/293/211
f 199/297/212 205/303/212 220/327/212 212/313/212
o oak_sky_platform
v -0.535000 0.280000 0.455000
v -0.535000 0.335000 0.510000
v -0.590000 0.335000 0.455000
v -0.535000 0.287348 0.482464
v -0.562464 0.287348 0.455000
v -0.561302 0.294485 0.481302
v -0.562464 0.335000 0.502652
v -0.535000 0.307536 0.502652
v -0.561302 0.308698 0.495515
v -0.582652 0.307536 0.455000
v -0.582652 0.335000 0.482464
v -0.575515 0.308698 0.481302
v -0.535000 0.445000 0.510000
v -0.535000 0.500000 0.455000
v -0.590000 0.445000 0.455000
v -0.535000 0.472464 0.502652
v -0.562464 0.445000 0.502652
v -0.561302 0.471302 0.495515
v -0.562464 0.492652 0.455000
v -0.535000 0.492652 0.482464
v -0.561302 0.485515 0.481302
v -0.582652 0.445000 0.482464
v -0.582652 0.472464 0.455000
v -0.575515 0.471302 0.481302
v -0.535000 0.280000 -0.455000
v -0.590000 0.335000 -0.455000
v -0.535000 0.335000 -0.510000
v -0.562464 0.287348 -0.455000
v -0.535000 0.287348 -0.482464
v -0.561302 0.294485 -0.481302
v -0.582652 0.335000 -0.482464
v -0.582652 0.307536 -0.455000
v -0.575515 0.308698 -0.481302
v -0.535000 0.307536 -0.502652
v -0.562464 0.335000 -0.502652
v -0.561302 0.308698 -0.495515
v -0.535000 0.500000 -0.455000
v -0.535000 0.445000 -0.510000
v -0.590000 0.445000 -0.455000
v -0.535000 0.492652 -0.482464
v -0.562464 0.492652 -0.455000
v -0.561302 0.485515 -0.481302
v -0.562464 0.445000 -0.502652
v -0.535000 0.472464 -0.502652
v -0.561302 0.471302 -0.495515
v -0.582652 0.472464 -0.455000
v -0.582652 0.445000 -0.482464
v -0.575515 0.471302 -0.481302
v 0.535000 0.280000 0.455000
v 0.590000 0.335000 0.455000
v 0.535000 0.335000 0.510000
v 0.562464 0.287348 0.455000
v 0.535000 0.287348 0.482464
v 0.561302 0.294485 0.481302
v 0.582652 0.335000 0.482464
v 0.582652 0.307536 0.455000
v 0.575515 0.308698 0.481302
v 0.535000 0.307536 0.502652
v 0.562464 0.335000 0.502652
v 0.561302 0.308698 0.495515
v 0.535000 0.500000 0.455000
v 0.535000 0.445000 0.510000
v 0.590000 0.445000 0.455000
v 0.535000 0.492652 0.482464
v 0.562464 0.492652 0.455000
v 0.561302 0.485515 0.481302
v 0.562464 0.445000 0.502652
v 0.535000 0.472464 0.502652
v 0.561302 0.471302 0.495515
v 0.582652 0.472464 0.455000
v 0.582652 0.445000 0.482464
v 0.575515 0.471302 0.481302
v 0.535000 0.280000 -0.455000
v 0.535000 0.335000 -0.510000
v 0.590000 0.335000 -0.455000
v 0.535000 0.287348 -0.482464
v 0.562464 0.287348 -0.455000
v 0.561302 0.294485 -0.481302
v 0.562464 0.335000 -0.502652
v 0.535000 0.307536 -0.502652
v 0.561302 0.308698 -0.495515
v 0.582652 0.307536 -0.455000
v 0.582652 0.335000 -0.482464
v 0.575515 0.308698 -0.481302
v 0.535000 0.500000 -0.455000
v 0.590000 0.445000 -0.455000
v 0.535000 0.445000 -0.510000
v 0.562464 0.492652 -0.455000
v 0.535000 0.492652 -0.482464
v 0.561302 0.485515 -0.481302
v 0.582652 0.445000 -0.482464
v 0.582652 0.472464 -0.455000
v 0.575515 0.471302 -0.481302
v 0.535000 0.472464 -0.502652
v 0.562464 0.445000 -0.502652
v 0.561302 0.471302 -0.495515
vn -0.2566 -0.9318 0.2566
vn -0.2178 -0.6901 0.6901
vn -0.2566 -0.2566 0.9318
vn -0.6901 -0.2178 0.6901
vn -0.9318 -0.2566 0.2566
vn -0.6901 -0.6901 0.2178
vn -0.5773 -0.5774 0.5773
vn -0.2566 0.2566 0.9318
vn -0.2178 0.6901 0.6901
vn -0.2566 0.9318 0.2566
vn -0.6901 0.6901 0.2178
vn -0.9318 0.2566 0.2566
vn -0.6901 0.2178 0.6901
vn -0.5774 0.5774 0.5773
vn -0.2566 -0.9318 -0.2566
vn -0.6901 -0.6901 -0.2178
vn -0.9318 -0.2566 -0.2566
vn -0.6901 -0.2178 -0.6901
vn -0.2566 -0.2566 -0.9318
vn -0.2178 -0.6901 -0.6901
vn -0.5774 -0.5774 -0.5773
vn -0.2566 0.9318 -0.2566
vn -0.2178 0.6901 -0.6901
vn -0.2566 0.2566 -0.9318
vn -0.6901 0.2178 -0.6901
vn -0.9318 0.2566 -0.2566
vn -0.6901 0.6901 -0.2178
vn -0.5773 0.5774 -0.5773
vn 0.2566 -0.9318 0.2566
vn 0.6901 -0.6901 0.2178
vn 0.9318 -0.2566 0.2566
vn 0.6901 -0.2178 0.6901
vn 0.2566 -0.2566 0.9318
vn 0.2178 -0.6901 0.6901
vn 0.5774 -0.5774 0.5773
vn 0.2566 0.9318 0.2566
vn 0.2178 0.6901 0.6901
vn 0.2566 0.2566 0.9318
vn 0.6901 0.2178 0.6901
vn 0.9318 0.2566 0.2566
vn 0.6901 0.6901 0.2178
vn 0.5773 0.5774 0.5773
vn 0.2566 -0.9318 -0.2566
vn 0.2178 -0.6901 -0.6901
vn 0.2566 -0.2566 -0.9318
vn 0.6901 -0.2178 -0.6901
vn 0.9318 -0.2566 -0.2566
vn 0.6901 -0.6901 -0.2178
vn 0.5773 -0.5774 -0.5773
vn 0.2566 0.9318 -0.2566
vn 0.6901 0.6901 -0.2178
vn 0.9318 0.2566 -0.2566
vn 0.6901 0.2178 -0.6901
vn 0.2566 0.2566 -0.9318
vn 0.2178 0.6901 -0.6901
vn 0.5774 0.5774 -0.5773
vn -0.2585 -0.9660 -0.0000
vn -0.7071 -0.7071 -0.0000
vn -0.9660 -0.2585 -0.0000
vn -0.2585 -0.0000 0.9660
vn -0.7071 -0.0000 0.7071
vn -0.9660 -0.0000 0.2585
vn -0.2585 0.9660 -0.0000
vn -0.7071 0.7071 -0.0000
vn -0.9660 0.2585 -0.0000
vn -0.2585 -0.0000 -0.9660
vn -0.7071 -0.0000 -0.7071
vn -0.9660 -0.0000 -0.2585
vn -0.0000 -0.9660 -0.2585
vn -0.0000 -0.7071 -0.7071
vn -0.0000 -0.2585 -0.9660
vn -0.0000 0.9660 -0.2585
vn -0.0000 0.7071 -0.7071
vn -0.0000 0.2585 -0.9660
vn 0.9660 -0.0000 -0.2585
vn 0.7071 -0.0000 -0.7071
vn 0.2585 -0.0000 -0.9660
vn 0.2585 -0.9660 -0.0000
vn 0.7071 -0.7071 -0.0000
vn 0.9660 -0.2585 -0.0000
vn 0.2585 0.9660 -0.0000
vn 0.7071 0.7071 -0.0000
vn 0.9660 0.2585 -0.0000
vn 0.2585 -0.0000 0.9660
vn 0.7071 -0.0000 0.7071
vn 0.9660 -0.0000 0.2585
vn -0.0000 -0.9660 0.2585
vn -0.0000 -0.7071 0.7071
vn -0.0000 -0.2585 0.9660
vn -0.0000 0.9660 0.2585
vn -0.0000 0.7071 0.7071
vn -0.0000 0.2585 0.9660
vn -0.0000 -1.0000 -0.0000
vn -1.0000 -0.0000 -0.0000
vn -0.0000 -0.0000 1.0000
vn -0.0000 1.0000 -0.0000
vn -0.0000 -0.0000 -1.0000
vn 1.0000 -0.0000 -0.0000
vt 0.136653 0.736520
vt 0.136653 0.743251
vt 0.131080 0.742966
vt 0.130834 0.736520
vt 0.136653 0.750000
vt 0.131080 0.750000
vt 0.437500 0.988347
vt 0.437500 1.000000
vt 0.375000 0.993920
vt 0.375000 0.988347
vt 0.437500 0.000000
vt 0.437500 0.006749
vt 0.375000 0.007034
vt 0.375000 0.000000
vt 0.437500 0.013480
vt 0.375000 0.013480
vt 0.125000 0.736520
vt 0.125000 0.742966
vt 0.562500 0.988347
vt 0.593709 0.988348
vt 0.592388 1.000000
vt 0.562500 1.000000
vt 0.625000 0.988348
vt 0.625000 1.000000
vt 0.863347 0.736520
vt 0.875000 0.736520
vt 0.875000 0.742966
vt 0.863347 0.750000
vt 0.625000 0.013480
vt 0.593709 0.013480
vt 0.592388 0.007034
vt 0.625000 0.007034
vt 0.562500 0.013480
vt 0.562500 0.006749
vt 0.562500 0.000000
vt 0.592388 0.000000
vt 0.136653 0.513480
vt 0.130834 0.513480
vt 0.131080 0.507034
vt 0.136653 0.506749
vt 0.125000 0.513480
vt 0.125000 0.507034
vt 0.437500 0.236520
vt 0.437500 0.243251
vt 0.375000 0.242966
vt 0.375000 0.236520
vt 0.437500 0.255834
vt 0.375000 0.256080
vt 0.437500 0.261653
vt 0.375000 0.261653
vt 0.136653 0.500000
vt 0.131080 0.500000
vt 0.863347 0.513480
vt 0.863347 0.500000
vt 0.875000 0.507034
vt 0.875000 0.513480
vt 0.625000 0.261653
vt 0.593709 0.261653
vt 0.592388 0.255335
vt 0.625000 0.246069
vt 0.562500 0.261653
vt 0.562500 0.255834
vt 0.562500 0.243251
vt 0.592388 0.242966
vt 0.562500 0.236520
vt 0.593709 0.236520
vt 0.625000 0.236520
vt 0.363347 0.736520
vt 0.369166 0.736520
vt 0.368920 0.742966
vt 0.363347 0.743251
vt 0.406291 0.736520
vt 0.404851 0.742966
vt 0.437500 0.736520
vt 0.437500 0.743251
vt 0.437500 0.755834
vt 0.372767 0.753847
vt 0.437500 0.761652
vt 0.369173 0.755825
vt 0.636653 0.736520
vt 0.630825 0.755827
vt 0.628847 0.752233
vt 0.630834 0.736520
vt 0.593709 0.761653
vt 0.592388 0.756080
vt 0.562500 0.761653
vt 0.562500 0.755834
vt 0.562500 0.743251
vt 0.592388 0.743748
vt 0.562500 0.736520
vt 0.593709 0.736520
vt 0.363348 0.513480
vt 0.363348 0.506749
vt 0.368920 0.507034
vt 0.369166 0.513480
vt 0.369173 0.494175
vt 0.372767 0.496153
vt 0.437500 0.488347
vt 0.437500 0.494166
vt 0.437500 0.506749
vt 0.404851 0.507034
vt 0.437500 0.513480
vt 0.406291 0.513480
vt 0.636653 0.513480
vt 0.630834 0.513480
vt 0.628847 0.497767
vt 0.630825 0.494173
vt 0.593709 0.513480
vt 0.592388 0.506252
vt 0.562500 0.513480
vt 0.562500 0.506749
vt 0.562500 0.494166
vt 0.592388 0.493920
vt 0.562500 0.488347
vt 0.593709 0.488348
s 0
usemtl OiledOak
f 225/329/213 228/330/213 230/331/213 229/332/213
f 228/330/214 232/333/214 233/334/214 230/331/214
f 226/335/215 231/336/215 233/337/215 232/338/215
f 231/339/216 235/340/216 236/341/216 233/342/216
f 227/343/217 234/344/217 236/341/217 235/340/217
f 234/345/218 229/332/218 230/331/218 236/346/218
f 230/331/219 233/334/219 236/346/219
f 237/347/220 240/348/220 242/349/220 241/350/220
f 240/348/221 244/351/221 245/352/221 242/349/221
f 238/353/222 243/354/222 245/355/222 244/356/222
f 243/357/223 247/358/223 248/359/223 245/360/223
f 239/361/224 246/362/224 248/359/224 247/358/224
f 246/362/225 241/363/225 242/364/225 248/359/225
f 242/364/226 245/360/226 248/359/226
f 249/365/227 252/366/227 254/367/227 253/368/227
f 252/366/228 256/369/228 257/370/228 254/367/228
f 250/371/229 255/372/229 257/373/229 256/374/229
f 255/372/230 259/375/230 260/376/230 257/373/230
f 251/377/231 258/378/231 260/376/231 259/375/231
f 258/379/232 253/368/232 254/367/232 260/380/232
f 254/367/233 257/370/233 260/380/233
f 261/381/234 264/382/234 266/383/234 265/384/234
f 264/385/235 268/386/235 269/387/235 266/388/235
f 262/389/236 267/390/236 269/387/236 268/386/236
f 267/390/237 271/391/237 272/392/237 269/387/237
f 263/393/238 270/394/238 272/392/238 271/391/238
f 270/394/239 265/395/239 266/388/239 272/392/239
f 266/388/240 269/387/240 272/392/240
f 273/396/241 276/397/241 278/398/241 277/399/241
f 276/397/242 280/400/242 281/401/242 278/398/242
f 274/402/243 279/403/243 281/401/243 280/400/243
f 279/403/244 283/404/244 284/405/244 281/401/244
f 275/406/245 282/407/245 284/405/245 283/404/245
f 282/407/246 277/399/246 278/398/246 284/405/246
f 278/398/247 281/401/247 284/405/247
f 285/408/248 288/409/248 290/410/248 289/411/248
f 288/409/249 292/412/249 293/413/249 290/410/249
f 286/414/250 291/415/250 293/413/250 292/412/250
f 291/415/251 295/416/251 296/417/251 293/413/251
f 287/418/252 294/419/252 296/417/252 295/416/252
f 294/419/253 289/411/253 290/410/253 296/417/253
f 290/410/254 293/413/254 296/417/254
f 297/420/255 300/421/255 302/422/255 301/423/255
f 300/421/256 304/424/256 305/425/256 302/422/256
f 298/426/257 303/427/257 305/425/257 304/424/257
f 303/427/258 307/428/258 308/429/258 305/425/258
f 299/430/259 306/431/259 308/429/259 307/428/259
f 306/431/260 301/423/260 302/422/260 308/429/260
f 302/422/261 305/425/261 308/429/261
f 309/432/262 312/433/262 314/434/262 313/435/262
f 312/433/263 316/436/263 317/437/263 314/434/263
f 310/438/264 315/439/264 317/437/264 316/436/264
f 315/439/265 319/440/265 320/441/265 317/437/265
f 311/442/266 318/443/266 320/441/266 319/440/266
f 318/443/267 313/435/267 314/434/267 320/441/267
f 314/434/268 317/437/268 320/441/268
f 249/365/269 225/329/269 229/332/269 252/366/269
f 252/366/270 229/332/270 234/345/270 256/369/270
f 256/374/271 234/344/271 227/343/271 250/371/271
f 226/335/272 237/347/272 241/350/272 231/336/272
f 231/339/273 241/363/273 246/362/273 235/340/273
f 235/340/274 246/362/274 239/361/274 227/343/274
f 238/353/275 261/381/275 265/384/275 243/354/275
f 243/357/276 265/395/276 270/394/276 247/358/276
f 247/358/277 270/394/277 263/393/277 239/361/277
f 262/389/278 251/377/278 259/375/278 267/390/278
f 267/390/279 259/375/279 255/372/279 271/391/279
f 271/391/280 255/372/280 250/371/280 263/393/280
f 297/420/281 249/365/281 253/368/281 300/421/281
f 300/421/282 253/368/282 258/379/282 304/424/282
f 304/424/283 258/378/283 251/377/283 298/426/283
f 261/381/284 309/432/284 313/435/284 264/382/284
f 264/385/285 313/435/285 318/443/285 268/386/285
f 268/386/286 318/443/286 311/442/286 262/389/286
f 310/438/287 299/430/287 307/428/287 315/439/287
f 315/439/288 307/428/288 303/427/288 319/440/288
f 319/440/289 303/427/289 298/426/289 311/442/289
f 273/396/290 297/420/290 301/423/290 276/397/290
f 276/397/291 301/423/291 306/431/291 280/400/291
f 280/400/292 306/431/292 299/430/292 274/402/292
f 309/432/293 285/408/293 289/411/293 312/433/293
f 312/433/294 289/411/294 294/419/294 316/436/294
f 316/436/295 294/419/295 287/418/295 310/438/295
f 286/414/296 275/406/296 283/404/296 291/415/296
f 291/415/297 283/404/297 279/403/297 295/416/297
f 295/416/298 279/403/298 274/402/298 287/418/298
f 225/329/299 273/396/299 277/399/299 228/330/299
f 228/330/300 277/399/300 282/407/300 232/333/300
f 232/338/301 282/407/301 275/406/301 226/335/301
f 285/408/302 238/353/302 244/356/302 288/409/302
f 288/409/303 244/351/303 240/348/303 292/412/303
f 292/412/304 240/348/304 237/347/304 286/414/304
f 249/365/305 297/420/305 273/396/305 225/329/305
f 227/343/306 239/361/306 263/393/306 250/371/306
f 275/406/307 286/414/307 237/347/307 226/335/307
f 309/432/308 261/381/308 238/353/308 285/408/308
f 251/377/309 262/389/309 311/442/309 298/426/309
f 299/430/310 310/438/310 287/418/310 274/402/310
o iron_mast_socket
v -0.225000 0.490000 0.225000
v -0.225000 0.525000 0.260000
v -0.260000 0.525000 0.225000
v -0.225000 0.494676 0.242477
v -0.242477 0.494676 0.225000
v -0.241737 0.499218 0.241737
v -0.242477 0.525000 0.255324
v -0.225000 0.507523 0.255324
v -0.241737 0.508263 0.250782
v -0.255324 0.507523 0.225000
v -0.255324 0.525000 0.242477
v -0.250782 0.508263 0.241737
v -0.225000 0.595000 0.260000
v -0.225000 0.630000 0.225000
v -0.260000 0.595000 0.225000
v -0.225000 0.612477 0.255324
v -0.242477 0.595000 0.255324
v -0.241737 0.611737 0.250782
v -0.242477 0.625324 0.225000
v -0.225000 0.625324 0.242477
v -0.241737 0.620782 0.241737
v -0.255324 0.595000 0.242477
v -0.255324 0.612477 0.225000
v -0.250782 0.611737 0.241737
v -0.225000 0.490000 -0.225000
v -0.260000 0.525000 -0.225000
v -0.225000 0.525000 -0.260000
v -0.242477 0.494676 -0.225000
v -0.225000 0.494676 -0.242477
v -0.241737 0.499218 -0.241737
v -0.255324 0.525000 -0.242477
v -0.255324 0.507523 -0.225000
v -0.250782 0.508263 -0.241737
v -0.225000 0.507523 -0.255324
v -0.242477 0.525000 -0.255324
v -0.241737 0.508263 -0.250782
v -0.225000 0.630000 -0.225000
v -0.225000 0.595000 -0.260000
v -0.260000 0.595000 -0.225000
v -0.225000 0.625324 -0.242477
v -0.242477 0.625324 -0.225000
v -0.241737 0.620782 -0.241737
v -0.242477 0.595000 -0.255324
v -0.225000 0.612477 -0.255324
v -0.241737 0.611737 -0.250782
v -0.255324 0.612477 -0.225000
v -0.255324 0.595000 -0.242477
v -0.250782 0.611737 -0.241737
v 0.225000 0.490000 0.225000
v 0.260000 0.525000 0.225000
v 0.225000 0.525000 0.260000
v 0.242477 0.494676 0.225000
v 0.225000 0.494676 0.242477
v 0.241737 0.499218 0.241737
v 0.255324 0.525000 0.242477
v 0.255324 0.507523 0.225000
v 0.250782 0.508263 0.241737
v 0.225000 0.507523 0.255324
v 0.242477 0.525000 0.255324
v 0.241737 0.508263 0.250782
v 0.225000 0.630000 0.225000
v 0.225000 0.595000 0.260000
v 0.260000 0.595000 0.225000
v 0.225000 0.625324 0.242477
v 0.242477 0.625324 0.225000
v 0.241737 0.620782 0.241737
v 0.242477 0.595000 0.255324
v 0.225000 0.612477 0.255324
v 0.241737 0.611737 0.250782
v 0.255324 0.612477 0.225000
v 0.255324 0.595000 0.242477
v 0.250782 0.611737 0.241737
v 0.225000 0.490000 -0.225000
v 0.225000 0.525000 -0.260000
v 0.260000 0.525000 -0.225000
v 0.225000 0.494676 -0.242477
v 0.242477 0.494676 -0.225000
v 0.241737 0.499218 -0.241737
v 0.242477 0.525000 -0.255324
v 0.225000 0.507523 -0.255324
v 0.241737 0.508263 -0.250782
v 0.255324 0.507523 -0.225000
v 0.255324 0.525000 -0.242477
v 0.250782 0.508263 -0.241737
v 0.225000 0.630000 -0.225000
v 0.260000 0.595000 -0.225000
v 0.225000 0.595000 -0.260000
v 0.242477 0.625324 -0.225000
v 0.225000 0.625324 -0.242477
v 0.241737 0.620782 -0.241737
v 0.255324 0.595000 -0.242477
v 0.255324 0.612477 -0.225000
v 0.250782 0.611737 -0.241737
v 0.225000 0.612477 -0.255324
v 0.242477 0.595000 -0.255324
v 0.241737 0.611737 -0.250782
vn -0.2566 -0.9318 0.2566
vn -0.2178 -0.6901 0.6901
vn -0.2566 -0.2566 0.9318
vn -0.6901 -0.2178 0.6901
vn -0.9318 -0.2566 0.2566
vn -0.6901 -0.6901 0.2178
vn -0.5774 -0.5774 0.5774
vn -0.2566 0.2566 0.9318
vn -0.2178 0.6901 0.6901
vn -0.2566 0.9318 0.2566
vn -0.6901 0.6901 0.2178
vn -0.9318 0.2566 0.2566
vn -0.6901 0.2178 0.6901
vn -0.5774 0.5774 0.5774
vn -0.2566 -0.9318 -0.2566
vn -0.6901 -0.6901 -0.2178
vn -0.9318 -0.2566 -0.2566
vn -0.6901 -0.2178 -0.6901
vn -0.2566 -0.2566 -0.9318
vn -0.2178 -0.6901 -0.6901
vn -0.5774 -0.5774 -0.5774
vn -0.2566 0.9318 -0.2566
vn -0.2178 0.6901 -0.6901
vn -0.2566 0.2566 -0.9318
vn -0.6901 0.2178 -0.6901
vn -0.9318 0.2566 -0.2566
vn -0.6901 0.6901 -0.2178
vn -0.5774 0.5774 -0.5774
vn 0.2566 -0.9318 0.2566
vn 0.6901 -0.6901 0.2178
vn 0.9318 -0.2566 0.2566
vn 0.6901 -0.2178 0.6901
vn 0.2566 -0.2566 0.9318
vn 0.2178 -0.6901 0.6901
vn 0.5773 -0.5774 0.5774
vn 0.2566 0.9318 0.2566
vn 0.2178 0.6901 0.6901
vn 0.2566 0.2566 0.9318
vn 0.6901 0.2178 0.6901
vn 0.9318 0.2566 0.2566
vn 0.6901 0.6901 0.2178
vn 0.5773 0.5774 0.5774
vn 0.2566 -0.9318 -0.2566
vn 0.2178 -0.6901 -0.6901
vn 0.2566 -0.2566 -0.9318
vn 0.6901 -0.2178 -0.6901
vn 0.9318 -0.2566 -0.2566
vn 0.6901 -0.6901 -0.2178
vn 0.5773 -0.5774 -0.5774
vn 0.2566 0.9318 -0.2566
vn 0.6901 0.6901 -0.2178
vn 0.9318 0.2566 -0.2566
vn 0.6901 0.2178 -0.6901
vn 0.2566 0.2566 -0.9318
vn 0.2178 0.6901 -0.6901
vn 0.5773 0.5774 -0.5774
vn -0.2585 -0.9660 -0.0000
vn -0.7071 -0.7071 -0.0000
vn -0.9660 -0.2585 -0.0000
vn -0.2585 -0.0000 0.9660
vn -0.7071 -0.0000 0.7071
vn -0.9660 -0.0000 0.2585
vn -0.2585 0.9660 -0.0000
vn -0.7071 0.7071 -0.0000
vn -0.9660 0.2585 -0.0000
vn -0.2585 -0.0000 -0.9660
vn -0.7071 -0.0000 -0.7071
vn -0.9660 -0.0000 -0.2585
vn -0.0000 -0.9660 -0.2585
vn -0.0000 -0.7071 -0.7071
vn -0.0000 -0.2585 -0.9660
vn -0.0000 0.9660 -0.2585
vn -0.0000 0.7071 -0.7071
vn -0.0000 0.2585 -0.9660
vn 0.9660 -0.0000 -0.2585
vn 0.7071 -0.0000 -0.7071
vn 0.2585 -0.0000 -0.9660
vn 0.2585 -0.9660 -0.0000
vn 0.7071 -0.7071 -0.0000
vn 0.9660 -0.2585 -0.0000
vn 0.2585 0.9660 -0.0000
vn 0.7071 0.7071 -0.0000
vn 0.9660 0.2585 -0.0000
vn 0.2585 -0.0000 0.9660
vn 0.7071 -0.0000 0.7071
vn 0.9660 -0.0000 0.2585
vn -0.0000 -0.9660 0.2585
vn -0.0000 -0.7071 0.7071
vn -0.0000 -0.2585 0.9660
vn -0.0000 0.9660 0.2585
vn -0.0000 0.7071 0.7071
vn -0.0000 0.2585 0.9660
vn -0.0000 -1.0000 -0.0000
vn -1.0000 -0.0000 -0.0000
vn -0.0000 -0.0000 1.0000
vn -0.0000 1.0000 -0.0000
vn -0.0000 -0.0000 -1.0000
vn 1.0000 -0.0000 -0.0000
vt 0.141827 0.733173
vt 0.141827 0.741575
vt 0.133780 0.741220
vt 0.133424 0.733173
vt 0.141827 0.750000
vt 0.133780 0.750000
vt 0.437500 0.983173
vt 0.437500 1.000000
vt 0.375000 0.991220
vt 0.375000 0.983173
vt 0.437500 0.000000
vt 0.437500 0.008425
vt 0.375000 0.008780
vt 0.375000 0.000000
vt 0.437500 0.016827
vt 0.375000 0.016827
vt 0.125000 0.733173
vt 0.125000 0.741220
vt 0.562500 0.983173
vt 0.593709 0.983173
vt 0.592388 1.000000
vt 0.562500 1.000000
vt 0.625000 0.983173
vt 0.625000 1.000000
vt 0.858173 0.733173
vt 0.875000 0.733173
vt 0.875000 0.741220
vt 0.858173 0.750000
vt 0.625000 0.016827
vt 0.593709 0.016827
vt 0.592388 0.008780
vt 0.625000 0.008780
vt 0.562500 0.016827
vt 0.562500 0.008425
vt 0.562500 0.000000
vt 0.592388 0.000000
vt 0.141827 0.516827
vt 0.133424 0.516827
vt 0.133780 0.508780
vt 0.141827 0.508424
vt 0.125000 0.516827
vt 0.125000 0.508780
vt 0.437500 0.233173
vt 0.437500 0.241575
vt 0.375000 0.241220
vt 0.375000 0.233173
vt 0.437500 0.258425
vt 0.375000 0.258780
vt 0.437500 0.266827
vt 0.375000 0.266827
vt 0.141827 0.500000
vt 0.133780 0.500000
vt 0.858173 0.516827
vt 0.858173 0.500000
vt 0.875000 0.508780
vt 0.875000 0.516827
vt 0.625000 0.266827
vt 0.593709 0.266827
vt 0.592388 0.257758
vt 0.625000 0.245093
vt 0.562500 0.266827
vt 0.562500 0.258424
vt 0.562500 0.241576
vt 0.592388 0.241220
vt 0.562500 0.233173
vt 0.593709 0.233173
vt 0.625000 0.233173
vt 0.358173 0.733173
vt 0.366575 0.733173
vt 0.366220 0.741220
vt 0.358173 0.741575
vt 0.406291 0.733173
vt 0.404746 0.741220
vt 0.437500 0.733173
vt 0.437500 0.741575
vt 0.437500 0.758425
vt 0.371775 0.755555
vt 0.437500 0.766827
vt 0.366593 0.758420
vt 0.641827 0.733173
vt 0.633420 0.758407
vt 0.630555 0.753225
vt 0.633424 0.733173
vt 0.593709 0.766827
vt 0.592388 0.758780
vt 0.562500 0.766827
vt 0.562500 0.758425
vt 0.562500 0.741576
vt 0.592388 0.742242
vt 0.562500 0.733173
vt 0.593709 0.733173
vt 0.358173 0.516827
vt 0.358173 0.508424
vt 0.366220 0.508780
vt 0.366575 0.516827
vt 0.366593 0.491580
vt 0.371775 0.494445
vt 0.437500 0.483173
vt 0.437500 0.491575
vt 0.437500 0.508424
vt 0.404746 0.508780
vt 0.437500 0.516827
vt 0.406291 0.516827
vt 0.641827 0.516827
vt 0.633424 0.516827
vt 0.630555 0.496775
vt 0.633420 0.491593
vt 0.593709 0.516827
vt 0.592388 0.507758
vt 0.562500 0.516827
vt 0.562500 0.508424
vt 0.562500 0.491576
vt 0.592388 0.491220
vt 0.562500 0.483173
vt 0.593709 0.483173
s 0
usemtl BlackIron
f 321/444/311 324/445/311 326/446/311 325/447/311
f 324/445/312 328/448/312 329/449/312 326/446/312
f 322/450/313 327/451/313 329/452/313 328/453/313
f 327/454/314 331/455/314 332/456/314 329/457/314
f 323/458/315 330/459/315 332/456/315 331/455/315
f 330/460/316 325/447/316 326/446/316 332/461/316
f 326/446/317 329/449/317 332/461/317
f 333/462/318 336/463/318 338/464/318 337/465/318
f 336/463/319 340/466/319 341/467/319 338/464/319
f 334/468/320 339/469/320 341/470/320 340/471/320
f 339/472/321 343/473/321 344/474/321 341/475/321
f 335/476/322 342/477/322 344/474/322 343/473/322
f 342/477/323 337/478/323 338/479/323 344/474/323
f 338/479/324 341/475/324 344/474/324
f 345/480/325 348/481/325 350/482/325 349/483/325
f 348/481/326 352/484/326 353/485/326 350/482/326
f 346/486/327 351/487/327 353/488/327 352/489/327
f 351/487/328 355/490/328 356/491/328 353/488/328
f 347/492/329 354/493/329 356/491/329 355/490/329
f 354/494/330 349/483/330 350/482/330 356/495/330
f 350/482/331 353/485/331 356/495/331
f 357/496/332 360/497/332 362/498/332 361/499/332
f 360/500/333 364/501/333 365/502/333 362/503/333
f 358/504/334 363/505/334 365/502/334 364/501/334
f 363/505/335 367/506/335 368/507/335 365/502/335
f 359/508/336 366/509/336 368/507/336 367/506/336
f 366/509/337 361/510/337 362/503/337 368/507/337
f 362/503/338 365/502/338 368/507/338
f 369/511/339 372/512/339 374/513/339 373/514/339
f 372/512/340 376/515/340 377/516/340 374/513/340
f 370/517/341 375/518/341 377/516/341 376/515/341
f 375/518/342 379/519/342 380/520/342 377/516/342
f 371/521/343 378/522/343 380/520/343 379/519/343
f 378/522/344 373/514/344 374/513/344 380/520/344
f 374/513/345 377/516/345 380/520/345
f 381/523/346 384/524/346 386/525/346 385/526/346
f 384/524/347 388/527/347 389/528/347 386/525/347
f 382/529/348 387/530/348 389/528/348 388/527/348
f 387/530/349 391/531/349 392/532/349 389/528/349
f 383/533/350 390/534/350 392/532/350 391/531/350
f 390/534/351 385/526/351 386/525/351 392/532/351
f 386/525/352 389/528/352 392/532/352
f 393/535/353 396/536/353 398/537/353 397/538/353
f 396/536/354 400/539/354 401/540/354 398/537/354
f 394/541/355 399/542/355 401/540/355 400/539/355
f 399/542/356 403/543/356 404/544/356 401/540/356
f 395/545/357 402/546/357 404/544/357 403/543/357
f 402/546/358 397/538/358 398/537/358 404/544/358
f 398/537/359 401/540/359 404/544/359
f 405/547/360 408/548/360 410/549/360 409/550/360
f 408/548/361 412/551/361 413/552/361 410/549/361
f 406/553/362 411/554/362 413/552/362 412/551/362
f 411/554/363 415/555/363 416/556/363 413/552/363
f 407/557/364 414/558/364 416/556/364 415/555/364
f 414/558/365 409/550/365 410/549/365 416/556/365
f 410/549/366 413/552/366 416/556/366
f 345/480/367 321/444/367 325/447/367 348/481/367
f 348/481/368 325/447/368 330/460/368 352/484/368
f 352/489/369 330/459/369 323/458/369 346/486/369
f 322/450/370 333/462/370 337/465/370 327/451/370
f 327/454/371 337/478/371 342/477/371 331/455/371
f 331/455/372 342/477/372 335/476/372 323/458/372
f 334/468/373 357/496/373 361/499/373 339/469/373
f 339/472/374 361/510/374 366/509/374 343/473/374
f 343/473/375 366/509/375 359/508/375 335/476/375
f 358/504/376 347/492/376 355/490/376 363/505/376
f 363/505/377 355/490/377 351/487/377 367/506/377
f 367/506/378 351/487/378 346/486/378 359/508/378
f 393/535/379 345/480/379 349/483/379 396/536/379
f 396/536/380 349/483/380 354/494/380 400/539/380
f 400/539/381 354/493/381 347/492/381 394/541/381
f 357/496/382 405/547/382 409/550/382 360/497/382
f 360/500/383 409/550/383 414/558/383 364/501/383
f 364/501/384 414/558/384 407/557/384 358/504/384
f 406/553/385 395/545/385 403/543/385 411/554/385
f 411/554/386 403/543/386 399/542/386 415/555/386
f 415/555/387 399/542/387 394/541/387 407/557/387
f 369/511/388 393/535/388 397/538/388 372/512/388
f 372/512/389 397/538/389 402/546/389 376/515/389
f 376/515/390 402/546/390 395/545/390 370/517/390
f 405/547/391 381/523/391 385/526/391 408/548/391
f 408/548/392 385/526/392 390/534/392 412/551/392
f 412/551/393 390/534/393 383/533/393 406/553/393
f 382/529/394 371/521/394 379/519/394 387/530/394
f 387/530/395 379/519/395 375/518/395 391/531/395
f 391/531/396 375/518/396 370/517/396 383/533/396
f 321/444/397 369/511/397 373/514/397 324/445/397
f 324/445/398 373/514/398 378/522/398 328/448/398
f 328/453/399 378/522/399 371/521/399 322/450/399
f 381/523/400 334/468/400 340/471/400 384/524/400
f 384/524/401 340/466/401 336/463/401 388/527/401
f 388/527/402 336/463/402 333/462/402 382/529/402
f 345/480/403 393/535/403 369/511/403 321/444/403
f 323/458/404 335/476/404 359/508/404 346/486/404
f 371/521/405 382/529/405 333/462/405 322/450/405
f 405/547/406 357/496/406 334/468/406 381/523/406
f 347/492/407 358/504/407 407/557/407 394/541/407
f 395/545/408 406/553/408 383/533/408 370/517/408
o oak_launch_mast
v 0.000000 0.480000 -0.240000
v 0.000000 1.420000 -0.240000
v 0.057403 0.480000 -0.228582
v 0.057403 1.420000 -0.228582
v 0.106066 0.480000 -0.196066
v 0.106066 1.420000 -0.196066
v 0.138582 0.480000 -0.147403
v 0.138582 1.420000 -0.147403
v 0.150000 0.480000 -0.090000
v 0.150000 1.420000 -0.090000
v 0.138582 0.480000 -0.032597
v 0.138582 1.420000 -0.032597
v 0.106066 0.480000 0.016066
v 0.106066 1.420000 0.016066
v 0.057403 0.480000 0.048582
v 0.057403 1.420000 0.048582
v 0.000000 0.480000 0.060000
v 0.000000 1.420000 0.060000
v -0.057403 0.480000 0.048582
v -0.057403 1.420000 0.048582
v -0.106066 0.480000 0.016066
v -0.106066 1.420000 0.016066
v -0.138582 0.480000 -0.032597
v -0.138582 1.420000 -0.032597
v -0.150000 0.480000 -0.090000
v -0.150000 1.420000 -0.090000
v -0.138582 0.480000 -0.147403
v -0.138582 1.420000 -0.147403
v -0.106066 0.480000 -0.196066
v -0.106066 1.420000 -0.196066
v -0.057403 0.480000 -0.228582
v -0.057403 1.420000 -0.228582
vn -0.0000 -0.6657 -0.7462
vn -0.0000 0.6657 -0.7462
vn 0.2856 -0.6657 -0.6894
vn 0.2856 0.6657 -0.6894
vn 0.5276 -0.6657 -0.5276
vn 0.5276 0.6657 -0.5276
vn 0.6894 -0.6657 -0.2856
vn 0.6894 0.6657 -0.2856
vn 0.7462 -0.6657 -0.0000
vn 0.7462 0.6657 -0.0000
vn 0.6894 -0.6657 0.2856
vn 0.6894 0.6657 0.2856
vn 0.5276 -0.6657 0.5276
vn 0.5276 0.6657 0.5276
vn 0.2856 -0.6657 0.6894
vn 0.2856 0.6657 0.6894
vn -0.0000 -0.6657 0.7462
vn -0.0000 0.6657 0.7462
vn -0.2856 -0.6657 0.6894
vn -0.2856 0.6657 0.6894
vn -0.5276 -0.6657 0.5276
vn -0.5276 0.6657 0.5276
vn -0.6894 -0.6657 0.2856
vn -0.6894 0.6657 0.2856
vn -0.7462 -0.6657 -0.0000
vn -0.7462 0.6657 -0.0000
vn -0.6894 -0.6657 -0.2856
vn -0.6894 0.6657 -0.2856
vn -0.5276 -0.6657 -0.5276
vn -0.5276 0.6657 -0.5276
vn -0.2856 -0.6657 -0.6894
vn -0.2856 0.6657 -0.6894
vt 1.000000 0.500000
vt 1.000000 1.000000
vt 0.937500 1.000000
vt 0.937500 0.500000
vt 0.875000 1.000000
vt 0.875000 0.500000
vt 0.812500 1.000000
vt 0.812500 0.500000
vt 0.750000 1.000000
vt 0.750000 0.500000
vt 0.687500 1.000000
vt 0.687500 0.500000
vt 0.625000 1.000000
vt 0.625000 0.500000
vt 0.562500 1.000000
vt 0.562500 0.500000
vt 0.500000 1.000000
vt 0.500000 0.500000
vt 0.437500 1.000000
vt 0.437500 0.500000
vt 0.375000 1.000000
vt 0.375000 0.500000
vt 0.312500 1.000000
vt 0.312500 0.500000
vt 0.250000 1.000000
vt 0.250000 0.500000
vt 0.187500 1.000000
vt 0.187500 0.500000
vt 0.125000 1.000000
vt 0.125000 0.500000
vt 0.341844 0.471731
vt 0.250000 0.490000
vt 0.158156 0.471731
vt 0.080294 0.419706
vt 0.028269 0.341844
vt 0.010000 0.250000
vt 0.028269 0.158156
vt 0.080294 0.080294
vt 0.158156 0.028269
vt 0.250000 0.010000
vt 0.341844 0.028269
vt 0.419706 0.080294
vt 0.471731 0.158156
vt 0.490000 0.250000
vt 0.471731 0.341844
vt 0.419706 0.419706
vt 0.062500 1.000000
vt 0.062500 0.500000
vt 0.000000 1.000000
vt 0.000000 0.500000
vt 0.750000 0.490000
vt 0.841844 0.471731
vt 0.919706 0.419706
vt 0.971731 0.341844
vt 0.990000 0.250000
vt 0.971731 0.158156
vt 0.919706 0.080294
vt 0.841844 0.028269
vt 0.750000 0.010000
vt 0.658156 0.028269
vt 0.580294 0.080294
vt 0.528269 0.158156
vt 0.510000 0.250000
vt 0.528269 0.341844
vt 0.580294 0.419706
vt 0.658156 0.471731
s 1
usemtl OiledOak
f 417/559/409 418/560/410 420/561/412 419/562/411
f 419/562/411 420/561/412 422/563/414 421/564/413
f 421/564/413 422/563/414 424/565/416 423/566/415
f 423/566/415 424/565/416 426/567/418 425/568/417
f 425/568/417 426/567/418 428/569/420 427/570/419
f 427/570/419 428/569/420 430/571/422 429/572/421
f 429/572/421 430/571/422 432/573/424 431/574/423
f 431/574/423 432/573/424 434/575/426 433/576/425
f 433/576/425 434/575/426 436/577/428 435/578/427
f 435/578/427 436/577/428 438/579/430 437/580/429
f 437/580/429 438/579/430 440/581/432 439/582/431
f 439/582/431 440/581/432 442/583/434 441/584/433
f 441/584/433 442/583/434 444/585/436 443/586/435
f 443/586/435 444/585/436 446/587/438 445/588/437
f 420/589/412 418/590/410 448/591/440 446/592/438 444/593/436 442/594/434 440/595/432 438/596/430 436/597/428 434/598/426 432/599/424 430/600/422 428/601/420 426/602/418 424/603/416 422/604/414
f 445/588/437 446/587/438 448/605/440 447/606/439
f 447/606/439 448/605/440 418/607/410 417/608/409
f 417/609/409 419/610/411 421/611/413 423/612/415 425/613/417 427/614/419 429/615/421 431/616/423 433/617/425 435/618/427 437/619/429 439/620/431 441/621/433 443/622/435 445/623/437 447/624/439
o bronze_guide_collar
v 0.000000 0.675000 -0.300000
v 0.000000 0.765000 -0.300000
v 0.071824 0.675000 -0.287335
v 0.071824 0.765000 -0.287335
v 0.134985 0.675000 -0.250869
v 0.134985 0.765000 -0.250869
v 0.181865 0.675000 -0.195000
v 0.181865 0.765000 -0.195000
v 0.206810 0.675000 -0.126466
v 0.206810 0.765000 -0.126466
v 0.206810 0.675000 -0.053534
v 0.206810 0.765000 -0.053534
v 0.181865 0.675000 0.015000
v 0.181865 0.765000 0.015000
v 0.134985 0.675000 0.070869
v 0.134985 0.765000 0.070869
v 0.071824 0.675000 0.107335
v 0.071824 0.765000 0.107335
v 0.000000 0.675000 0.120000
v 0.000000 0.765000 0.120000
v -0.071824 0.675000 0.107335
v -0.071824 0.765000 0.107335
v -0.134985 0.675000 0.070869
v -0.134985 0.765000 0.070869
v -0.181865 0.675000 0.015000
v -0.181865 0.765000 0.015000
v -0.206810 0.675000 -0.053534
v -0.206810 0.765000 -0.053534
v -0.206810 0.675000 -0.126466
v -0.206810 0.765000 -0.126466
v -0.181865 0.675000 -0.195000
v -0.181865 0.765000 -0.195000
v -0.134985 0.675000 -0.250869
v -0.134985 0.765000 -0.250869
v -0.071824 0.675000 -0.287335
v -0.071824 0.765000 -0.287335
vn -0.0000 -0.6700 -0.7423
vn -0.0000 0.6700 -0.7423
vn 0.2539 -0.6700 -0.6976
vn 0.2539 0.6700 -0.6976
vn 0.4772 -0.6700 -0.5687
vn 0.4772 0.6700 -0.5687
vn 0.6429 -0.6700 -0.3712
vn 0.6429 0.6700 -0.3712
vn 0.7311 -0.6700 -0.1289
vn 0.7311 0.6700 -0.1289
vn 0.7311 -0.6700 0.1289
vn 0.7311 0.6700 0.1289
vn 0.6429 -0.6700 0.3712
vn 0.6429 0.6700 0.3712
vn 0.4772 -0.6700 0.5687
vn 0.4772 0.6700 0.5687
vn 0.2539 -0.6700 0.6976
vn 0.2539 0.6700 0.6976
vn -0.0000 -0.6700 0.7423
vn -0.0000 0.6700 0.7423
vn -0.2539 -0.6700 0.6976
vn -0.2539 0.6700 0.6976
vn -0.4772 -0.6700 0.5687
vn -0.4772 0.6700 0.5687
vn -0.6429 -0.6700 0.3712
vn -0.6429 0.6700 0.3712
vn -0.7311 -0.6700 0.1289
vn -0.7311 0.6700 0.1289
vn -0.7311 -0.6700 -0.1289
vn -0.7311 0.6700 -0.1289
vn -0.6429 -0.6700 -0.3712
vn -0.6429 0.6700 -0.3712
vn -0.4772 -0.6700 -0.5687
vn -0.4772 0.6700 -0.5687
vn -0.2539 -0.6700 -0.6976
vn -0.2539 0.6700 -0.6976
vt 1.000000 0.500000
vt 1.000000 1.000000
vt 0.944444 1.000000
vt 0.944444 0.500000
vt 0.888889 1.000000
vt 0.888889 0.500000
vt 0.833333 1.000000
vt 0.833333 0.500000
vt 0.777778 1.000000
vt 0.777778 0.500000
vt 0.722222 1.000000
vt 0.722222 0.500000
vt 0.666667 1.000000
vt 0.666667 0.500000
vt 0.611111 1.000000
vt 0.611111 0.500000
vt 0.555555 1.000000
vt 0.555555 0.500000
vt 0.500000 1.000000
vt 0.500000 0.500000
vt 0.444444 1.000000
vt 0.444444 0.500000
vt 0.388889 1.000000
vt 0.388889 0.500000
vt 0.333333 1.000000
vt 0.333333 0.500000
vt 0.277778 1.000000
vt 0.277778 0.500000
vt 0.222222 1.000000
vt 0.222222 0.500000
vt 0.166666 1.000000
vt 0.166666 0.500000
vt 0.111111 1.000000
vt 0.111111 0.500000
vt 0.332085 0.475526
vt 0.250000 0.490000
vt 0.167915 0.475526
vt 0.095731 0.433851
vt 0.042154 0.370000
vt 0.013646 0.291676
vt 0.013646 0.208324
vt 0.042154 0.130000
vt 0.095731 0.066149
vt 0.167915 0.024474
vt 0.250000 0.010000
vt 0.332085 0.024474
vt 0.404269 0.066149
vt 0.457846 0.130000
vt 0.486354 0.208324
vt 0.486354 0.291676
vt 0.457846 0.370000
vt 0.404269 0.433851
vt 0.055555 1.000000
vt 0.055555 0.500000
vt -0.000000 1.000000
vt -0.000000 0.500000
vt 0.750000 0.490000
vt 0.832085 0.475526
vt 0.904269 0.433851
vt 0.957846 0.370000
vt 0.986354 0.291676
vt 0.986354 0.208324
vt 0.957846 0.130000
vt 0.904269 0.066149
vt 0.832085 0.024474
vt 0.750000 0.010000
vt 0.667915 0.024474
vt 0.595731 0.066149
vt 0.542154 0.130000
vt 0.513646 0.208324
vt 0.513646 0.291676
vt 0.542154 0.370000
vt 0.595731 0.433851
vt 0.667915 0.475526
s 1
usemtl WornBronze
f 449/625/441 450/626/442 452/627/444 451/628/443
f 451/628/443 452/627/444 454/629/446 453/630/445
f 453/630/445 454/629/446 456/631/448 455/632/447
f 455/632/447 456/631/448 458/633/450 457/634/449
f 457/634/449 458/633/450 460/635/452 459/636/451
f 459/636/451 460/635/452 462/637/454 461/638/453
f 461/638/453 462/637/454 464/639/456 463/640/455
f 463/640/455 464/639/456 466/641/458 465/642/457
f 465/642/457 466/641/458 468/643/460 467/644/459
f 467/644/459 468/643/460 470/645/462 469/646/461
f 469/646/461 470/645/462 472/647/464 471/648/463
f 471/648/463 472/647/464 474/649/466 473/650/465
f 473/650/465 474/649/466 476/651/468 475/652/467
f 475/652/467 476/651/468 478/653/470 477/654/469
f 477/654/469 478/653/470 480/655/472 479/656/471
f 479/656/471 480/655/472 482/657/474 481/658/473
f 452/659/444 450/660/442 484/661/476 482/662/474 480/663/472 478/664/470 476/665/468 474/666/466 472/667/464 470/668/462 468/669/460 466/670/458 464/671/456 462/672/454 460/673/452 458/674/450 456/675/448 454/676/446
f 481/658/473 482/657/474 484/677/476 483/678/475
f 483/678/475 484/677/476 450/679/442 449/680/441
f 449/681/441 451/682/443 453/683/445 455/684/447 457/685/449 459/686/451 461/687/453 463/688/455 465/689/457 467/690/459 469/691/461 471/692/463 473/693/465 475/694/467 477/695/469 479/696/471 481/697/473 483/698/475
o bronze_guide_collar.001
v 0.000000 1.015000 -0.300000
v 0.000000 1.105000 -0.300000
v 0.071824 1.015000 -0.287335
v 0.071824 1.105000 -0.287335
v 0.134985 1.015000 -0.250869
v 0.134985 1.105000 -0.250869
v 0.181865 1.015000 -0.195000
v 0.181865 1.105000 -0.195000
v 0.206810 1.015000 -0.126466
v 0.206810 1.105000 -0.126466
v 0.206810 1.015000 -0.053534
v 0.206810 1.105000 -0.053534
v 0.181865 1.015000 0.015000
v 0.181865 1.105000 0.015000
v 0.134985 1.015000 0.070869
v 0.134985 1.105000 0.070869
v 0.071824 1.015000 0.107335
v 0.071824 1.105000 0.107335
v 0.000000 1.015000 0.120000
v 0.000000 1.105000 0.120000
v -0.071824 1.015000 0.107335
v -0.071824 1.105000 0.107335
v -0.134985 1.015000 0.070869
v -0.134985 1.105000 0.070869
v -0.181865 1.015000 0.015000
v -0.181865 1.105000 0.015000
v -0.206810 1.015000 -0.053534
v -0.206810 1.105000 -0.053534
v -0.206810 1.015000 -0.126466
v -0.206810 1.105000 -0.126466
v -0.181865 1.015000 -0.195000
v -0.181865 1.105000 -0.195000
v -0.134985 1.015000 -0.250869
v -0.134985 1.105000 -0.250869
v -0.071824 1.015000 -0.287335
v -0.071824 1.105000 -0.287335
vn -0.0000 -0.6700 -0.7423
vn -0.0000 0.6700 -0.7423
vn 0.2539 -0.6700 -0.6976
vn 0.2539 0.6700 -0.6976
vn 0.4772 -0.6700 -0.5687
vn 0.4772 0.6700 -0.5687
vn 0.6429 -0.6700 -0.3712
vn 0.6429 0.6700 -0.3712
vn 0.7311 -0.6700 -0.1289
vn 0.7311 0.6700 -0.1289
vn 0.7311 -0.6700 0.1289
vn 0.7311 0.6700 0.1289
vn 0.6429 -0.6700 0.3712
vn 0.6429 0.6700 0.3712
vn 0.4772 -0.6700 0.5687
vn 0.4772 0.6700 0.5687
vn 0.2539 -0.6700 0.6976
vn 0.2539 0.6700 0.6976
vn -0.0000 -0.6700 0.7423
vn -0.0000 0.6700 0.7423
vn -0.2539 -0.6700 0.6976
vn -0.2539 0.6700 0.6976
vn -0.4772 -0.6700 0.5687
vn -0.4772 0.6700 0.5687
vn -0.6429 -0.6700 0.3712
vn -0.6429 0.6700 0.3712
vn -0.7311 -0.6700 0.1289
vn -0.7311 0.6700 0.1289
vn -0.7311 -0.6700 -0.1289
vn -0.7311 0.6700 -0.1289
vn -0.6429 -0.6700 -0.3712
vn -0.6429 0.6700 -0.3712
vn -0.4772 -0.6700 -0.5687
vn -0.4772 0.6700 -0.5687
vn -0.2539 -0.6700 -0.6976
vn -0.2539 0.6700 -0.6976
vt 1.000000 0.500000
vt 1.000000 1.000000
vt 0.944444 1.000000
vt 0.944444 0.500000
vt 0.888889 1.000000
vt 0.888889 0.500000
vt 0.833333 1.000000
vt 0.833333 0.500000
vt 0.777778 1.000000
vt 0.777778 0.500000
vt 0.722222 1.000000
vt 0.722222 0.500000
vt 0.666667 1.000000
vt 0.666667 0.500000
vt 0.611111 1.000000
vt 0.611111 0.500000
vt 0.555555 1.000000
vt 0.555555 0.500000
vt 0.500000 1.000000
vt 0.500000 0.500000
vt 0.444444 1.000000
vt 0.444444 0.500000
vt 0.388889 1.000000
vt 0.388889 0.500000
vt 0.333333 1.000000
vt 0.333333 0.500000
vt 0.277778 1.000000
vt 0.277778 0.500000
vt 0.222222 1.000000
vt 0.222222 0.500000
vt 0.166666 1.000000
vt 0.166666 0.500000
vt 0.111111 1.000000
vt 0.111111 0.500000
vt 0.332085 0.475526
vt 0.250000 0.490000
vt 0.167915 0.475526
vt 0.095731 0.433851
vt 0.042154 0.370000
vt 0.013646 0.291676
vt 0.013646 0.208324
vt 0.042154 0.130000
vt 0.095731 0.066149
vt 0.167915 0.024474
vt 0.250000 0.010000
vt 0.332085 0.024474
vt 0.404269 0.066149
vt 0.457846 0.130000
vt 0.486354 0.208324
vt 0.486354 0.291676
vt 0.457846 0.370000
vt 0.404269 0.433851
vt 0.055555 1.000000
vt 0.055555 0.500000
vt -0.000000 1.000000
vt -0.000000 0.500000
vt 0.750000 0.490000
vt 0.832085 0.475526
vt 0.904269 0.433851
vt 0.957846 0.370000
vt 0.986354 0.291676
vt 0.986354 0.208324
vt 0.957846 0.130000
vt 0.904269 0.066149
vt 0.832085 0.024474
vt 0.750000 0.010000
vt 0.667915 0.024474
vt 0.595731 0.066149
vt 0.542154 0.130000
vt 0.513646 0.208324
vt 0.513646 0.291676
vt 0.542154 0.370000
vt 0.595731 0.433851
vt 0.667915 0.475526
s 1
usemtl WornBronze
f 485/699/477 486/700/478 488/701/480 487/702/479
f 487/702/479 488/701/480 490/703/482 489/704/481
f 489/704/481 490/703/482 492/705/484 491/706/483
f 491/706/483 492/705/484 494/707/486 493/708/485
f 493/708/485 494/707/486 496/709/488 495/710/487
f 495/710/487 496/709/488 498/711/490 497/712/489
f 497/712/489 498/711/490 500/713/492 499/714/491
f 499/714/491 500/713/492 502/715/494 501/716/493
f 501/716/493 502/715/494 504/717/496 503/718/495
f 503/718/495 504/717/496 506/719/498 505/720/497
f 505/720/497 506/719/498 508/721/500 507/722/499
f 507/722/499 508/721/500 510/723/502 509/724/501
f 509/724/501 510/723/502 512/725/504 511/726/503
f 511/726/503 512/725/504 514/727/506 513/728/505
f 513/728/505 514/727/506 516/729/508 515/730/507
f 515/730/507 516/729/508 518/731/510 517/732/509
f 488/733/480 486/734/478 520/735/512 518/736/510 516/737/508 514/738/506 512/739/504 510/740/502 508/741/500 506/742/498 504/743/496 502/744/494 500/745/492 498/746/490 496/747/488 494/748/486 492/749/484 490/750/482
f 517/732/509 518/731/510 520/751/512 519/752/511
f 519/752/511 520/751/512 486/753/478 485/754/477
f 485/755/477 487/756/479 489/757/481 491/758/483 493/759/485 495/760/487 497/761/489 499/762/491 501/763/493 503/764/495 505/765/497 507/766/499 509/767/501 511/768/503 513/769/505 515/770/507 517/771/509 519/772/511
o iron_sky_rail
v -0.333000 0.925000 0.478000
v -0.333000 0.947000 0.500000
v -0.355000 0.947000 0.478000
v -0.333000 0.927939 0.488986
v -0.343986 0.927939 0.478000
v -0.343521 0.930794 0.488521
v -0.343986 0.947000 0.497061
v -0.333000 0.936014 0.497061
v -0.343521 0.936479 0.494206
v -0.352061 0.936014 0.478000
v -0.352061 0.947000 0.488986
v -0.349206 0.936479 0.488521
v -0.333000 1.013000 0.500000
v -0.333000 1.035000 0.478000
v -0.355000 1.013000 0.478000
v -0.333000 1.023986 0.497061
v -0.343986 1.013000 0.497061
v -0.343521 1.023521 0.494206
v -0.343986 1.032061 0.478000
v -0.333000 1.032061 0.488986
v -0.343521 1.029206 0.488521
v -0.352061 1.013000 0.488986
v -0.352061 1.023986 0.478000
v -0.349206 1.023521 0.488521
v -0.333000 0.925000 -0.258000
v -0.355000 0.947000 -0.258000
v -0.333000 0.947000 -0.280000
v -0.343986 0.927939 -0.258000
v -0.333000 0.927939 -0.268986
v -0.343521 0.930794 -0.268521
v -0.352061 0.947000 -0.268986
v -0.352061 0.936014 -0.258000
v -0.349206 0.936479 -0.268521
v -0.333000 0.936014 -0.277061
v -0.343986 0.947000 -0.277061
v -0.343521 0.936479 -0.274206
v -0.333000 1.035000 -0.258000
v -0.333000 1.013000 -0.280000
v -0.355000 1.013000 -0.258000
v -0.333000 1.032061 -0.268986
v -0.343986 1.032061 -0.258000
v -0.343521 1.029206 -0.268521
v -0.343986 1.013000 -0.277061
v -0.333000 1.023986 -0.277061
v -0.343521 1.023521 -0.274206
v -0.352061 1.023986 -0.258000
v -0.352061 1.013000 -0.268986
v -0.349206 1.023521 -0.268521
v -0.287000 0.925000 0.478000
v -0.265000 0.947000 0.478000
v -0.287000 0.947000 0.500000
v -0.276014 0.927939 0.478000
v -0.287000 0.927939 0.488986
v -0.276479 0.930794 0.488521
v -0.267939 0.947000 0.488986
v -0.267939 0.936014 0.478000
v -0.270794 0.936479 0.488521
v -0.287000 0.936014 0.497061
v -0.276014 0.947000 0.497061
v -0.276479 0.936479 0.494206
v -0.287000 1.035000 0.478000
v -0.287000 1.013000 0.500000
v -0.265000 1.013000 0.478000
v -0.287000 1.032061 0.488986
v -0.276014 1.032061 0.478000
v -0.276479 1.029206 0.488521
v -0.276014 1.013000 0.497061
v -0.287000 1.023986 0.497061
v -0.276479 1.023521 0.494206
v -0.267939 1.023986 0.478000
v -0.267939 1.013000 0.488986
v -0.270794 1.023521 0.488521
v -0.287000 0.925000 -0.258000
v -0.287000 0.947000 -0.280000
v -0.265000 0.947000 -0.258000
v -0.287000 0.927939 -0.268986
v -0.276014 0.927939 -0.258000
v -0.276479 0.930794 -0.268521
v -0.276014 0.947000 -0.277061
v -0.287000 0.936014 -0.277061
v -0.276479 0.936479 -0.274206
v -0.267939 0.936014 -0.258000
v -0.267939 0.947000 -0.268986
v -0.270794 0.936479 -0.268521
v -0.287000 1.035000 -0.258000
v -0.265000 1.013000 -0.258000
v -0.287000 1.013000 -0.280000
v -0.276014 1.032061 -0.258000
v -0.287000 1.032061 -0.268986
v -0.276479 1.029206 -0.268521
v -0.267939 1.013000 -0.268986
v -0.267939 1.023986 -0.258000
v -0.270794 1.023521 -0.268521
v -0.287000 1.023986 -0.277061
v -0.276014 1.013000 -0.277061
v -0.276479 1.023521 -0.274206
vn -0.2566 -0.9318 0.2566
vn -0.2178 -0.6901 0.6901
vn -0.2566 -0.2566 0.9318
vn -0.6901 -0.2178 0.6901
vn -0.9318 -0.2566 0.2566
vn -0.6901 -0.6901 0.2178
vn -0.5774 -0.5773 0.5774
vn -0.2566 0.2566 0.9318
vn -0.2178 0.6901 0.6901
vn -0.2566 0.9318 0.2566
vn -0.6901 0.6901 0.2178
vn -0.9318 0.2566 0.2566
vn -0.6901 0.2178 0.6901
vn -0.5774 0.5773 0.5774
vn -0.2566 -0.9318 -0.2566
vn -0.6901 -0.6901 -0.2178
vn -0.9318 -0.2566 -0.2566
vn -0.6901 -0.2178 -0.6901
vn -0.2566 -0.2566 -0.9318
vn -0.2178 -0.6901 -0.6901
vn -0.5774 -0.5773 -0.5774
vn -0.2566 0.9318 -0.2566
vn -0.2178 0.6901 -0.6901
vn -0.2566 0.2566 -0.9318
vn -0.6901 0.2178 -0.6901
vn -0.9318 0.2566 -0.2566
vn -0.6901 0.6901 -0.2178
vn -0.5774 0.5773 -0.5774
vn 0.2566 -0.9318 0.2566
vn 0.6901 -0.6901 0.2178
vn 0.9318 -0.2566 0.2566
vn 0.6901 -0.2178 0.6901
vn 0.2566 -0.2566 0.9318
vn 0.2178 -0.6901 0.6901
vn 0.5774 -0.5773 0.5774
vn 0.2566 0.9318 0.2566
vn 0.2178 0.6901 0.6901
vn 0.2566 0.2566 0.9318
vn 0.6901 0.2178 0.6901
vn 0.9318 0.2566 0.2566
vn 0.6901 0.6901 0.2178
vn 0.5774 0.5773 0.5774
vn 0.2566 -0.9318 -0.2566
vn 0.2178 -0.6901 -0.6901
vn 0.2566 -0.2566 -0.9318
vn 0.6901 -0.2178 -0.6901
vn 0.9318 -0.2566 -0.2566
vn 0.6901 -0.6901 -0.2178
vn 0.5774 -0.5773 -0.5774
vn 0.2566 0.9318 -0.2566
vn 0.6901 0.6901 -0.2178
vn 0.9318 0.2566 -0.2566
vn 0.6901 0.2178 -0.6901
vn 0.2566 0.2566 -0.9318
vn 0.2178 0.6901 -0.6901
vn 0.5774 0.5773 -0.5774
vn -0.2585 -0.9660 -0.0000
vn -0.7071 -0.7071 -0.0000
vn -0.9660 -0.2585 -0.0000
vn -0.2585 -0.0000 0.9660
vn -0.7071 -0.0000 0.7071
vn -0.9660 -0.0000 0.2585
vn -0.2585 0.9660 -0.0000
vn -0.7071 0.7071 -0.0000
vn -0.9660 0.2585 -0.0000
vn -0.2585 -0.0000 -0.9660
vn -0.7071 -0.0000 -0.7071
vn -0.9660 -0.0000 -0.2585
vn -0.0000 -0.9660 -0.2585
vn -0.0000 -0.7071 -0.7071
vn -0.0000 -0.2585 -0.9660
vn -0.0000 0.9660 -0.2585
vn -0.0000 0.7071 -0.7071
vn -0.0000 0.2585 -0.9660
vn 0.9660 -0.0000 -0.2585
vn 0.7071 -0.0000 -0.7071
vn 0.2585 -0.0000 -0.9660
vn 0.2585 -0.9660 -0.0000
vn 0.7071 -0.7071 -0.0000
vn 0.9660 -0.2585 -0.0000
vn 0.2585 0.9660 -0.0000
vn 0.7071 0.7071 -0.0000
vn 0.9660 0.2585 -0.0000
vn 0.2585 -0.0000 0.9660
vn 0.7071 -0.0000 0.7071
vn 0.9660 -0.0000 0.2585
vn -0.0000 -0.9660 0.2585
vn -0.0000 -0.7071 0.7071
vn -0.0000 -0.2585 0.9660
vn -0.0000 0.9660 0.2585
vn -0.0000 0.7071 0.7071
vn -0.0000 0.2585 0.9660
vn -0.0000 -1.0000 -0.0000
vn -1.0000 -0.0000 -0.0000
vn -0.0000 -0.0000 1.0000
vn -0.0000 1.0000 -0.0000
vn -0.0000 -0.0000 -1.0000
vn 1.0000 -0.0000 -0.0000
vt 0.186111 0.742949
vt 0.186111 0.746470
vt 0.156887 0.746321
vt 0.155596 0.742949
vt 0.186111 0.750000
vt 0.156887 0.750000
vt 0.425000 0.938889
vt 0.425000 1.000000
vt 0.375000 0.968113
vt 0.375000 0.938889
vt 0.425000 0.000000
vt 0.425000 0.003530
vt 0.375000 0.003679
vt 0.375000 0.000000
vt 0.425000 0.007051
vt 0.375000 0.007051
vt 0.125000 0.742949
vt 0.125000 0.746321
vt 0.575000 0.938889
vt 0.599967 0.938889
vt 0.598911 1.000000
vt 0.575000 1.000000
vt 0.625000 0.938889
vt 0.625000 1.000000
vt 0.813889 0.742949
vt 0.875000 0.742949
vt 0.875000 0.746321
vt 0.813889 0.750000
vt 0.625000 0.007051
vt 0.599967 0.007051
vt 0.598911 0.003679
vt 0.625000 0.003679
vt 0.575000 0.007051
vt 0.575000 0.003530
vt 0.575000 0.000000
vt 0.598911 0.000000
vt 0.186111 0.507051
vt 0.155596 0.507051
vt 0.156887 0.503679
vt 0.186111 0.503530
vt 0.125000 0.507051
vt 0.125000 0.503679
vt 0.425000 0.242949
vt 0.425000 0.246470
vt 0.375000 0.246321
vt 0.375000 0.242949
vt 0.425000 0.280596
vt 0.375000 0.281887
vt 0.425000 0.311111
vt 0.375000 0.311111
vt 0.186111 0.500000
vt 0.156887 0.500000
vt 0.813889 0.507051
vt 0.813889 0.500000
vt 0.875000 0.503679
vt 0.875000 0.507051
vt 0.625000 0.311111
vt 0.599967 0.311111
vt 0.598911 0.279276
vt 0.625000 0.247944
vt 0.575000 0.311111
vt 0.575000 0.280596
vt 0.575000 0.246470
vt 0.598911 0.246321
vt 0.575000 0.242949
vt 0.599967 0.242949
vt 0.625000 0.242949
vt 0.313889 0.742949
vt 0.344404 0.742949
vt 0.343113 0.746321
vt 0.313889 0.746470
vt 0.400033 0.742949
vt 0.397826 0.746321
vt 0.425000 0.742949
vt 0.425000 0.746470
vt 0.425000 0.780596
vt 0.363289 0.770176
vt 0.425000 0.811111
vt 0.344849 0.780960
vt 0.686111 0.742949
vt 0.655960 0.780151
vt 0.645176 0.761711
vt 0.655596 0.742949
vt 0.599967 0.811111
vt 0.598911 0.781887
vt 0.575000 0.811111
vt 0.575000 0.780596
vt 0.575000 0.746470
vt 0.598911 0.747851
vt 0.575000 0.742949
vt 0.599967 0.742949
vt 0.313889 0.507051
vt 0.313889 0.503530
vt 0.343113 0.503679
vt 0.344404 0.507051
vt 0.344849 0.469040
vt 0.363289 0.479824
vt 0.425000 0.438889
vt 0.425000 0.469404
vt 0.425000 0.503530
vt 0.397826 0.503679
vt 0.425000 0.507051
vt 0.400033 0.507051
vt 0.686111 0.507051
vt 0.655596 0.507051
vt 0.645176 0.488289
vt 0.655960 0.469849
vt 0.599967 0.507051
vt 0.598911 0.502149
vt 0.575000 0.507051
vt 0.575000 0.503530
vt 0.575000 0.469404
vt 0.598911 0.468113
vt 0.575000 0.438889
vt 0.599967 0.438889
s 0
usemtl BlackIron
f 521/773/513 524/774/513 526/775/513 525/776/513
f 524/774/514 528/777/514 529/778/514 526/775/514
f 522/779/515 527/780/515 529/781/515 528/782/515
f 527/783/516 531/784/516 532/785/516 529/786/516
f 523/787/517 530/788/517 532/785/517 531/784/517
f 530/789/518 525/776/518 526/775/518 532/790/518
f 526/775/519 529/778/519 532/790/519
f 533/791/520 536/792/520 538/793/520 537/794/520
f 536/792/521 540/795/521 541/796/521 538/793/521
f 534/797/522 539/798/522 541/799/522 540/800/522
f 539/801/523 543/802/523 544/803/523 541/804/523
f 535/805/524 542/806/524 544/803/524 543/802/524
f 542/806/525 537/807/525 538/808/525 544/803/525
f 538/808/526 541/804/526 544/803/526
f 545/809/527 548/810/527 550/811/527 549/812/527
f 548/810/528 552/813/528 553/814/528 550/811/528
f 546/815/529 551/816/529 553/817/529 552/818/529
f 551/816/530 555/819/530 556/820/530 553/817/530
f 547/821/531 554/822/531 556/820/531 555/819/531
f 554/823/532 549/812/532 550/811/532 556/824/532
f 550/811/533 553/814/533 556/824/533
f 557/825/534 560/826/534 562/827/534 561/828/534
f 560/829/535 564/830/535 565/831/535 562/832/535
f 558/833/536 563/834/536 565/831/536 564/830/536
f 563/834/537 567/835/537 568/836/537 565/831/537
f 559/837/538 566/838/538 568/836/538 567/835/538
f 566/838/539 561/839/539 562/832/539 568/836/539
f 562/832/540 565/831/540 568/836/540
f 569/840/541 572/841/541 574/842/541 573/843/541
f 572/841/542 576/844/542 577/845/542 574/842/542
f 570/846/543 575/847/543 577/845/543 576/844/543
f 575/847/544 579/848/544 580/849/544 577/845/544
f 571/850/545 578/851/545 580/849/545 579/848/545
f 578/851/546 573/843/546 574/842/546 580/849/546
f 574/842/547 577/845/547 580/849/547
f 581/852/548 584/853/548 586/854/548 585/855/548
f 584/853/549 588/856/549 589/857/549 586/854/549
f 582/858/550 587/859/550 589/857/550 588/856/550
f 587/859/551 591/860/551 592/861/551 589/857/551
f 583/862/552 590/863/552 592/861/552 591/860/552
f 590/863/553 585/855/553 586/854/553 592/861/553
f 586/854/554 589/857/554 592/861/554
f 593/864/555 596/865/555 598/866/555 597/867/555
f 596/865/556 600/868/556 601/869/556 598/866/556
f 594/870/557 599/871/557 601/869/557 600/868/557
f 599/871/558 603/872/558 604/873/558 601/869/558
f 595/874/559 602/875/559 604/873/559 603/872/559
f 602/875/560 597/867/560 598/866/560 604/873/560
f 598/866/561 601/869/561 604/873/561
f 605/876/562 608/877/562 610/878/562 609/879/562
f 608/877/563 612/880/563 613/881/563 610/878/563
f 606/882/564 611/883/564 613/881/564 612/880/564
f 611/883/565 615/884/565 616/885/565 613/881/565
f 607/886/566 614/887/566 616/885/566 615/884/566
f 614/887/567 609/879/567 610/878/567 616/885/567
f 610/878/568 613/881/568 616/885/568
f 545/809/569 521/773/569 525/776/569 548/810/569
f 548/810/570 525/776/570 530/789/570 552/813/570
f 552/818/571 530/788/571 523/787/571 546/815/571
f 522/779/572 533/791/572 537/794/572 527/780/572
f 527/783/573 537/807/573 542/806/573 531/784/573
f 531/784/574 542/806/574 535/805/574 523/787/574
f 534/797/575 557/825/575 561/828/575 539/798/575
f 539/801/576 561/839/576 566/838/576 543/802/576
f 543/802/577 566/838/577 559/837/577 535/805/577
f 558/833/578 547/821/578 555/819/578 563/834/578
f 563/834/579 555/819/579 551/816/579 567/835/579
f 567/835/580 551/816/580 546/815/580 559/837/580
f 593/864/581 545/809/581 549/812/581 596/865/581
f 596/865/582 549/812/582 554/823/582 600/868/582
f 600/868/583 554/822/583 547/821/583 594/870/583
f 557/825/584 605/876/584 609/879/584 560/826/584
f 560/829/585 609/879/585 614/887/585 564/830/585
f 564/830/586 614/887/586 607/886/586 558/833/586
f 606/882/587 595/874/587 603/872/587 611/883/587
f 611/883/588 603/872/588 599/871/588 615/884/588
f 615/884/589 599/871/589 594/870/589 607/886/589
f 569/840/590 593/864/590 597/867/590 572/841/590
f 572/841/591 597/867/591 602/875/591 576/844/591
f 576/844/592 602/875/592 595/874/592 570/846/592
f 605/876/593 581/852/593 585/855/593 608/877/593
f 608/877/594 585/855/594 590/863/594 612/880/594
f 612/880/595 590/863/595 583/862/595 606/882/595
f 582/858/596 571/850/596 579/848/596 587/859/596
f 587/859/597 579/848/597 575/847/597 591/860/597
f 591/860/598 575/847/598 570/846/598 583/862/598
f 521/773/599 569/840/599 573/843/599 524/774/599
f 524/774/600 573/843/600 578/851/600 528/777/600
f 528/782/601 578/851/601 571/850/601 522/779/601
f 581/852/602 534/797/602 540/800/602 584/853/602
f 584/853/603 540/795/603 536/792/603 588/856/603
f 588/856/604 536/792/604 533/791/604 582/858/604
f 545/809/605 593/864/605 569/840/605 521/773/605
f 523/787/606 535/805/606 559/837/606 546/815/606
f 571/850/607 582/858/607 533/791/607 522/779/607
f 605/876/608 557/825/608 534/797/608 581/852/608
f 547/821/609 558/833/609 607/886/609 594/870/609
f 595/874/610 606/882/610 583/862/610 570/846/610
o sky_lance
v -0.310000 1.175000 0.210000
v -0.310000 1.112000 0.950000
v -0.256967 1.153033 0.210000
v -0.301515 1.108485 0.950000
v -0.235000 1.100000 0.210000
v -0.298000 1.100000 0.950000
v -0.256967 1.046967 0.210000
v -0.301515 1.091515 0.950000
v -0.310000 1.025000 0.210000
v -0.310000 1.088000 0.950000
v -0.363033 1.046967 0.210000
v -0.318485 1.091515 0.950000
v -0.385000 1.100000 0.210000
v -0.322000 1.100000 0.950000
v -0.363033 1.153033 0.210000
v -0.318485 1.108485 0.950000
vn 0.3815 0.9210 0.0784
vn 0.9210 0.3815 0.0784
vn 0.9210 -0.3815 0.0784
vn 0.3815 -0.9210 0.0784
vn -0.3815 -0.9210 0.0784
vn -0.9210 -0.3815 0.0784
vn -0.0000 -0.0000 1.0000
vn -0.9210 0.3815 0.0784
vn -0.3815 0.9210 0.0784
vn -0.0000 -0.0000 -1.0000
vt 1.000000 0.500000
vt 1.000000 1.000000
vt 0.875000 1.000000
vt 0.875000 0.500000
vt 0.750000 1.000000
vt 0.750000 0.500000
vt 0.625000 1.000000
vt 0.625000 0.500000
vt 0.500000 1.000000
vt 0.500000 0.500000
vt 0.375000 1.000000
vt 0.375000 0.500000
vt 0.250000 1.000000
vt 0.250000 0.500000
vt 0.419706 0.419706
vt 0.250000 0.490000
vt 0.080294 0.419706
vt 0.010000 0.250000
vt 0.080294 0.080294
vt 0.250000 0.010000
vt 0.419706 0.080294
vt 0.490000 0.250000
vt 0.125000 1.000000
vt 0.125000 0.500000
vt 0.000000 1.000000
vt 0.000000 0.500000
vt 0.750000 0.490000
vt 0.919706 0.419706
vt 0.990000 0.250000
vt 0.919706 0.080294
vt 0.750000 0.010000
vt 0.580294 0.080294
vt 0.510000 0.250000
vt 0.580294 0.419706
s 0
usemtl PlateEdge
f 617/888/611 618/889/611 620/890/611 619/891/611
f 619/891/612 620/890/612 622/892/612 621/893/612
f 621/893/613 622/892/613 624/894/613 623/895/613
f 623/895/614 624/894/614 626/896/614 625/897/614
f 625/897/615 626/896/615 628/898/615 627/899/615
f 627/899/616 628/898/616 630/900/616 629/901/616
f 620/902/617 618/903/617 632/904/617 630/905/617 628/906/617 626/907/617 624/908/617 622/909/617
f 629/901/618 630/900/618 632/910/618 631/911/618
f 631/911/619 632/910/619 618/912/619 617/913/619
f 617/914/620 619/915/620 621/916/620 623/917/620 625/918/620 627/919/620 629/920/620 631/921/620
o lance_fin
v -0.406000 1.065000 0.336000
v -0.406000 1.079000 0.350000
v -0.420000 1.079000 0.336000
v -0.406000 1.066870 0.342991
v -0.412991 1.066870 0.336000
v -0.412695 1.068687 0.342695
v -0.412991 1.079000 0.348130
v -0.406000 1.072009 0.348130
v -0.412695 1.072305 0.346313
v -0.418130 1.072009 0.336000
v -0.418130 1.079000 0.342991
v -0.416313 1.072305 0.342695
v -0.406000 1.121000 0.350000
v -0.406000 1.135000 0.336000
v -0.420000 1.121000 0.336000
v -0.406000 1.127991 0.348130
v -0.412991 1.121000 0.348130
v -0.412695 1.127695 0.346313
v -0.412991 1.133130 0.336000
v -0.406000 1.133130 0.342991
v -0.412695 1.131313 0.342695
v -0.418130 1.121000 0.342991
v -0.418130 1.127991 0.336000
v -0.416313 1.127695 0.342695
v -0.406000 1.065000 0.284000
v -0.420000 1.079000 0.284000
v -0.406000 1.079000 0.270000
v -0.412991 1.066870 0.284000
v -0.406000 1.066870 0.277009
v -0.412695 1.068687 0.277305
v -0.418130 1.079000 0.277009
v -0.418130 1.072009 0.284000
v -0.416313 1.072305 0.277305
v -0.406000 1.072009 0.271870
v -0.412991 1.079000 0.271870
v -0.412695 1.072305 0.273687
v -0.406000 1.135000 0.284000
v -0.406000 1.121000 0.270000
v -0.420000 1.121000 0.284000
v -0.406000 1.133130 0.277009
v -0.412991 1.133130 0.284000
v -0.412695 1.131313 0.277305
v -0.412991 1.121000 0.271870
v -0.406000 1.127991 0.271870
v -0.412695 1.127695 0.273687
v -0.418130 1.127991 0.284000
v -0.418130 1.121000 0.277009
v -0.416313 1.127695 0.277305
v -0.214000 1.065000 0.336000
v -0.200000 1.079000 0.336000
v -0.214000 1.079000 0.350000
v -0.207009 1.066870 0.336000
v -0.214000 1.066870 0.342991
v -0.207305 1.068687 0.342695
v -0.201870 1.079000 0.342991
v -0.201870 1.072009 0.336000
v -0.203687 1.072305 0.342695
v -0.214000 1.072009 0.348130
v -0.207009 1.079000 0.348130
v -0.207305 1.072305 0.346313
v -0.214000 1.135000 0.336000
v -0.214000 1.121000 0.350000
v -0.200000 1.121000 0.336000
v -0.214000 1.133130 0.342991
v -0.207009 1.133130 0.336000
v -0.207305 1.131313 0.342695
v -0.207009 1.121000 0.348130
v -0.214000 1.127991 0.348130
v -0.207305 1.127695 0.346313
v -0.201870 1.127991 0.336000
v -0.201870 1.121000 0.342991
v -0.203687 1.127695 0.342695
v -0.214000 1.065000 0.284000
v -0.214000 1.079000 0.270000
v -0.200000 1.079000 0.284000
v -0.214000 1.066870 0.277009
v -0.207009 1.066870 0.284000
v -0.207305 1.068687 0.277305
v -0.207009 1.079000 0.271870
v -0.214000 1.072009 0.271870
v -0.207305 1.072305 0.273687
v -0.201870 1.072009 0.284000
v -0.201870 1.079000 0.277009
v -0.203687 1.072305 0.277305
v -0.214000 1.135000 0.284000
v -0.200000 1.121000 0.284000
v -0.214000 1.121000 0.270000
v -0.207009 1.133130 0.284000
v -0.214000 1.133130 0.277009
v -0.207305 1.131313 0.277305
v -0.201870 1.121000 0.277009
v -0.201870 1.127991 0.284000
v -0.203687 1.127695 0.277305
v -0.214000 1.127991 0.271870
v -0.207009 1.121000 0.271870
v -0.207305 1.127695 0.273687
vn -0.2566 -0.9318 0.2566
vn -0.2178 -0.6901 0.6901
vn -0.2566 -0.2566 0.9318
vn -0.6901 -0.2178 0.6901
vn -0.9318 -0.2566 0.2566
vn -0.6901 -0.6901 0.2178
vn -0.5774 -0.5774 0.5773
vn -0.2566 0.2566 0.9318
vn -0.2178 0.6901 0.6901
vn -0.2566 0.9318 0.2566
vn -0.6901 0.6901 0.2178
vn -0.9318 0.2566 0.2566
vn -0.6901 0.2178 0.6901
vn -0.5773 0.5774 0.5774
vn -0.2566 -0.9318 -0.2566
vn -0.6901 -0.6901 -0.2178
vn -0.9318 -0.2566 -0.2566
vn -0.6901 -0.2178 -0.6901
vn -0.2566 -0.2566 -0.9318
vn -0.2178 -0.6901 -0.6901
vn -0.5774 -0.5774 -0.5773
vn -0.2566 0.9318 -0.2566
vn -0.2178 0.6901 -0.6901
vn -0.2566 0.2566 -0.9318
vn -0.6901 0.2178 -0.6901
vn -0.9318 0.2566 -0.2566
vn -0.6901 0.6901 -0.2178
vn -0.5774 0.5774 -0.5773
vn 0.2566 -0.9318 0.2566
vn 0.6901 -0.6901 0.2178
vn 0.9318 -0.2566 0.2566
vn 0.6901 -0.2178 0.6901
vn 0.2566 -0.2566 0.9318
vn 0.2178 -0.6901 0.6901
vn 0.5774 -0.5774 0.5773
vn 0.2566 0.9318 0.2566
vn 0.2178 0.6901 0.6901
vn 0.2566 0.2566 0.9318
vn 0.6901 0.2178 0.6901
vn 0.9318 0.2566 0.2566
vn 0.6901 0.6901 0.2178
vn 0.5774 0.5774 0.5773
vn 0.2566 -0.9318 -0.2566
vn 0.2178 -0.6901 -0.6901
vn 0.2566 -0.2566 -0.9318
vn 0.6901 -0.2178 -0.6901
vn 0.9318 -0.2566 -0.2566
vn 0.6901 -0.6901 -0.2178
vn 0.5774 -0.5774 -0.5773
vn 0.2566 0.9318 -0.2566
vn 0.6901 0.6901 -0.2178
vn 0.9318 0.2566 -0.2566
vn 0.6901 0.2178 -0.6901
vn 0.2566 0.2566 -0.9318
vn 0.2178 0.6901 -0.6901
vn 0.5774 0.5774 -0.5773
vn -0.2585 -0.9660 -0.0000
vn -0.7071 -0.7071 -0.0000
vn -0.9660 -0.2585 -0.0000
vn -0.2585 -0.0000 0.9660
vn -0.7071 -0.0000 0.7071
vn -0.9660 -0.0000 0.2585
vn -0.2585 0.9660 -0.0000
vn -0.7071 0.7071 -0.0000
vn -0.9660 0.2585 -0.0000
vn -0.2585 -0.0000 -0.9660
vn -0.7071 -0.0000 -0.7071
vn -0.9660 -0.0000 -0.2585
vn -0.0000 -0.9660 -0.2585
vn -0.0000 -0.7071 -0.7071
vn -0.0000 -0.2585 -0.9660
vn -0.0000 0.9660 -0.2585
vn -0.0000 0.7071 -0.7071
vn -0.0000 0.2585 -0.9660
vn 0.9660 -0.0000 -0.2585
vn 0.7071 -0.0000 -0.7071
vn 0.2585 -0.0000 -0.9660
vn 0.2585 -0.9660 -0.0000
vn 0.7071 -0.7071 -0.0000
vn 0.9660 -0.2585 -0.0000
vn 0.2585 0.9660 -0.0000
vn 0.7071 0.7071 -0.0000
vn 0.9660 0.2585 -0.0000
vn 0.2585 -0.0000 0.9660
vn 0.7071 -0.0000 0.7071
vn 0.9660 -0.0000 0.2585
vn -0.0000 -0.9660 0.2585
vn -0.0000 -0.7071 0.7071
vn -0.0000 -0.2585 0.9660
vn -0.0000 0.9660 0.2585
vn -0.0000 0.7071 0.7071
vn -0.0000 0.2585 0.9660
vn -0.0000 -1.0000 -0.0000
vn -1.0000 -0.0000 -0.0000
vn -0.0000 -0.0000 1.0000
vn -0.0000 1.0000 -0.0000
vn -0.0000 -0.0000 -1.0000
vn 1.0000 -0.0000 -0.0000
vt 0.140909 0.706250
vt 0.140909 0.728096
vt 0.133301 0.727172
vt 0.132965 0.706250
vt 0.140909 0.750000
vt 0.133301 0.750000
vt 0.425000 0.984091
vt 0.425000 1.000000
vt 0.375000 0.991699
vt 0.375000 0.984091
vt 0.425000 0.000000
vt 0.425000 0.021904
vt 0.375000 0.022828
vt 0.375000 0.000000
vt 0.425000 0.043750
vt 0.375000 0.043750
vt 0.125000 0.706250
vt 0.125000 0.727172
vt 0.575000 0.984091
vt 0.599967 0.984091
vt 0.598911 0.991699
vt 0.575000 1.000000
vt 0.625000 0.984091
vt 0.625000 0.991699
vt 0.859091 0.706250
vt 0.875000 0.706250
vt 0.866699 0.750000
vt 0.859091 0.750000
vt 0.625000 0.043750
vt 0.599967 0.043750
vt 0.598911 0.022828
vt 0.625000 0.000000
vt 0.575000 0.043750
vt 0.575000 0.021904
vt 0.575000 0.000000
vt 0.598911 0.011522
vt 0.598911 0.995810
vt 0.140909 0.543750
vt 0.132965 0.543750
vt 0.133301 0.522828
vt 0.140909 0.521904
vt 0.125000 0.543750
vt 0.125000 0.522828
vt 0.425000 0.206250
vt 0.425000 0.228096
vt 0.375000 0.227172
vt 0.375000 0.206250
vt 0.425000 0.257965
vt 0.375000 0.258301
vt 0.425000 0.265909
vt 0.375000 0.265909
vt 0.140909 0.500000
vt 0.133301 0.500000
vt 0.859091 0.543750
vt 0.859091 0.500000
vt 0.866699 0.500000
vt 0.875000 0.543750
vt 0.625000 0.265909
vt 0.599967 0.265909
vt 0.598911 0.258301
vt 0.625000 0.254639
vt 0.575000 0.265909
vt 0.575000 0.257965
vt 0.575000 0.228096
vt 0.598911 0.229262
vt 0.575000 0.206250
vt 0.599967 0.206250
vt 0.625000 0.206250
vt 0.359091 0.706250
vt 0.367035 0.706250
vt 0.366699 0.727172
vt 0.359091 0.728096
vt 0.400033 0.706250
vt 0.398747 0.727172
vt 0.425000 0.706250
vt 0.425000 0.728096
vt 0.425000 0.757965
vt 0.371951 0.755252
vt 0.425000 0.765909
vt 0.367051 0.757960
vt 0.640909 0.706250
vt 0.632960 0.757950
vt 0.630252 0.753049
vt 0.632965 0.706250
vt 0.599967 0.765909
vt 0.598911 0.758301
vt 0.575000 0.765909
vt 0.575000 0.757965
vt 0.575000 0.728096
vt 0.598911 0.729262
vt 0.575000 0.706250
vt 0.599967 0.706250
vt 0.359091 0.543750
vt 0.359091 0.521904
vt 0.366699 0.522828
vt 0.367035 0.543750
vt 0.367051 0.492040
vt 0.371951 0.494748
vt 0.425000 0.484091
vt 0.425000 0.492035
vt 0.425000 0.521904
vt 0.398747 0.522828
vt 0.425000 0.543750
vt 0.400033 0.543750
vt 0.640909 0.543750
vt 0.632965 0.543750
vt 0.625416 0.513804
vt 0.632960 0.492051
vt 0.599967 0.543750
vt 0.598911 0.522828
vt 0.575000 0.543750
vt 0.575000 0.521904
vt 0.575000 0.492035
vt 0.598911 0.493233
vt 0.575000 0.484091
vt 0.599967 0.484091
s 0
usemtl BlackIron
f 633/922/621 636/923/621 638/924/621 637/925/621
f 636/923/622 640/926/622 641/927/622 638/924/622
f 634/928/623 639/929/623 641/930/623 640/931/623
f 639/932/624 643/933/624 644/934/624 641/935/624
f 635/936/625 642/937/625 644/934/625 643/933/625
f 642/938/626 637/925/626 638/924/626 644/939/626
f 638/924/627 641/927/627 644/939/627
f 645/940/628 648/941/628 650/942/628 649/943/628
f 648/941/629 652/944/629 653/945/629 650/942/629
f 646/946/630 651/947/630 653/948/630 652/949/630
f 651/950/631 655/951/631 656/952/631 653/953/631
f 647/954/632 654/955/632 656/952/632 655/951/632
f 654/955/633 649/956/633 650/957/633 656/952/633
f 650/942/634 653/945/634 656/958/634
f 657/959/635 660/960/635 662/961/635 661/962/635
f 660/960/636 664/963/636 665/964/636 662/961/636
f 658/965/637 663/966/637 665/967/637 664/968/637
f 663/966/638 667/969/638 668/970/638 665/967/638
f 659/971/639 666/972/639 668/970/639 667/969/639
f 666/973/640 661/962/640 662/961/640 668/974/640
f 662/961/641 665/964/641 668/974/641
f 669/975/642 672/976/642 674/977/642 673/978/642
f 672/979/643 676/980/643 677/981/643 674/982/643
f 670/983/644 675/984/644 677/981/644 676/980/644
f 675/984/645 679/985/645 680/986/645 677/981/645
f 671/987/646 678/988/646 680/986/646 679/985/646
f 678/988/647 673/989/647 674/982/647 680/986/647
f 674/982/648 677/981/648 680/986/648
f 681/990/649 684/991/649 686/992/649 685/993/649
f 684/991/650 688/994/650 689/995/650 686/992/650
f 682/996/651 687/997/651 689/995/651 688/994/651
f 687/997/652 691/998/652 692/999/652 689/995/652
f 683/1000/653 690/1001/653 692/999/653 691/998/653
f 690/1001/654 685/993/654 686/992/654 692/999/654
f 686/992/655 689/995/655 692/999/655
f 693/1002/656 696/1003/656 698/1004/656 697/1005/656
f 696/1003/657 700/1006/657 701/1007/657 698/1004/657
f 694/1008/658 699/1009/658 701/1007/658 700/1006/658
f 699/1009/659 703/1010/659 704/1011/659 701/1007/659
f 695/1012/660 702/1013/660 704/1011/660 703/1010/660
f 702/1013/661 697/1005/661 698/1004/661 704/1011/661
f 698/1004/662 701/1007/662 704/1011/662
f 705/1014/663 708/1015/663 710/1016/663 709/1017/663
f 708/1015/664 712/1018/664 713/1019/664 710/1016/664
f 706/1020/665 711/1021/665 713/1019/665 712/1018/665
f 711/1021/666 715/1022/666 716/1023/666 713/1019/666
f 707/1024/667 714/1025/667 716/1023/667 715/1022/667
f 714/1025/668 709/1017/668 710/1016/668 716/1023/668
f 710/1016/669 713/1019/669 716/1023/669
f 717/1026/670 720/1027/670 722/1028/670 721/1029/670
f 720/1027/671 724/1030/671 725/1031/671 722/1028/671
f 718/1032/672 723/1033/672 725/1031/672 724/1030/672
f 723/1033/673 727/1034/673 728/1035/673 725/1031/673
f 719/1036/674 726/1037/674 728/1035/674 727/1034/674
f 726/1037/675 721/1029/675 722/1028/675 728/1035/675
f 722/1028/676 725/1031/676 728/1035/676
f 657/959/677 633/922/677 637/925/677 660/960/677
f 660/960/678 637/925/678 642/938/678 664/963/678
f 664/968/679 642/937/679 635/936/679 658/965/679
f 634/928/680 645/940/680 649/943/680 639/929/680
f 639/932/681 649/956/681 654/955/681 643/933/681
f 643/933/682 654/955/682 647/954/682 635/936/682
f 646/946/683 669/975/683 673/978/683 651/947/683
f 651/950/684 673/989/684 678/988/684 655/951/684
f 655/951/685 678/988/685 671/987/685 647/954/685
f 670/983/686 659/971/686 667/969/686 675/984/686
f 675/984/687 667/969/687 663/966/687 679/985/687
f 679/985/688 663/966/688 658/965/688 671/987/688
f 705/1014/689 657/959/689 661/962/689 708/1015/689
f 708/1015/690 661/962/690 666/973/690 712/1018/690
f 712/1018/691 666/972/691 659/971/691 706/1020/691
f 669/975/692 717/1026/692 721/1029/692 672/976/692
f 672/979/693 721/1029/693 726/1037/693 676/980/693
f 676/980/694 726/1037/694 719/1036/694 670/983/694
f 718/1032/695 707/1024/695 715/1022/695 723/1033/695
f 723/1033/696 715/1022/696 711/1021/696 727/1034/696
f 727/1034/697 711/1021/697 706/1020/697 719/1036/697
f 681/990/698 705/1014/698 709/1017/698 684/991/698
f 684/991/699 709/1017/699 714/1025/699 688/994/699
f 688/994/700 714/1025/700 707/1024/700 682/996/700
f 717/1026/701 693/1002/701 697/1005/701 720/1027/701
f 720/1027/702 697/1005/702 702/1013/702 724/1030/702
f 724/1030/703 702/1013/703 695/1012/703 718/1032/703
f 694/1008/704 683/1000/704 691/998/704 699/1009/704
f 699/1009/705 691/998/705 687/997/705 703/1010/705
f 703/1010/706 687/997/706 682/996/706 695/1012/706
f 633/922/707 681/990/707 685/993/707 636/923/707
f 636/923/708 685/993/708 690/1001/708 640/926/708
f 640/931/709 690/1001/709 683/1000/709 634/928/709
f 693/1002/710 646/946/710 652/949/710 696/1003/710
f 696/1003/711 652/944/711 648/941/711 700/1006/711
f 700/1006/712 648/941/712 645/940/712 694/1008/712
f 657/959/713 705/1014/713 681/990/713 633/922/713
f 635/936/714 647/954/714 671/987/714 658/965/714
f 683/1000/715 694/1008/715 645/940/715 634/928/715
f 717/1026/716 669/975/716 646/946/716 693/1002/716
f 659/971/717 670/983/717 719/1036/717 706/1020/717
f 707/1024/718 718/1032/718 695/1012/718 682/996/718
o iron_sky_rail.001
v 0.287000 0.925000 0.478000
v 0.287000 0.947000 0.500000
v 0.265000 0.947000 0.478000
v 0.287000 0.927939 0.488986
v 0.276014 0.927939 0.478000
v 0.276479 0.930794 0.488521
v 0.276014 0.947000 0.497061
v 0.287000 0.936014 0.497061
v 0.276479 0.936479 0.494206
v 0.267939 0.936014 0.478000
v 0.267939 0.947000 0.488986
v 0.270794 0.936479 0.488521
v 0.287000 1.013000 0.500000
v 0.287000 1.035000 0.478000
v 0.265000 1.013000 0.478000
v 0.287000 1.023986 0.497061
v 0.276014 1.013000 0.497061
v 0.276479 1.023521 0.494206
v 0.276014 1.032061 0.478000
v 0.287000 1.032061 0.488986
v 0.276479 1.029206 0.488521
v 0.267939 1.013000 0.488986
v 0.267939 1.023986 0.478000
v 0.270794 1.023521 0.488521
v 0.287000 0.925000 -0.258000
v 0.265000 0.947000 -0.258000
v 0.287000 0.947000 -0.280000
v 0.276014 0.927939 -0.258000
v 0.287000 0.927939 -0.268986
v 0.276479 0.930794 -0.268521
v 0.267939 0.947000 -0.268986
v 0.267939 0.936014 -0.258000
v 0.270794 0.936479 -0.268521
v 0.287000 0.936014 -0.277061
v 0.276014 0.947000 -0.277061
v 0.276479 0.936479 -0.274206
v 0.287000 1.035000 -0.258000
v 0.287000 1.013000 -0.280000
v 0.265000 1.013000 -0.258000
v 0.287000 1.032061 -0.268986
v 0.276014 1.032061 -0.258000
v 0.276479 1.029206 -0.268521
v 0.276014 1.013000 -0.277061
v 0.287000 1.023986 -0.277061
v 0.276479 1.023521 -0.274206
v 0.267939 1.023986 -0.258000
v 0.267939 1.013000 -0.268986
v 0.270794 1.023521 -0.268521
v 0.333000 0.925000 0.478000
v 0.355000 0.947000 0.478000
v 0.333000 0.947000 0.500000
v 0.343986 0.927939 0.478000
v 0.333000 0.927939 0.488986
v 0.343521 0.930794 0.488521
v 0.352061 0.947000 0.488986
v 0.352061 0.936014 0.478000
v 0.349206 0.936479 0.488521
v 0.333000 0.936014 0.497061
v 0.343986 0.947000 0.497061
v 0.343521 0.936479 0.494206
v 0.333000 1.035000 0.478000
v 0.333000 1.013000 0.500000
v 0.355000 1.013000 0.478000
v 0.333000 1.032061 0.488986
v 0.343986 1.032061 0.478000
v 0.343521 1.029206 0.488521
v 0.343986 1.013000 0.497061
v 0.333000 1.023986 0.497061
v 0.343521 1.023521 0.494206
v 0.352061 1.023986 0.478000
v 0.352061 1.013000 0.488986
v 0.349206 1.023521 0.488521
v 0.333000 0.925000 -0.258000
v 0.333000 0.947000 -0.280000
v 0.355000 0.947000 -0.258000
v 0.333000 0.927939 -0.268986
v 0.343986 0.927939 -0.258000
v 0.343521 0.930794 -0.268521
v 0.343986 0.947000 -0.277061
v 0.333000 0.936014 -0.277061
v 0.343521 0.936479 -0.274206
v 0.352061 0.936014 -0.258000
v 0.352061 0.947000 -0.268986
v 0.349206 0.936479 -0.268521
v 0.333000 1.035000 -0.258000
v 0.355000 1.013000 -0.258000
v 0.333000 1.013000 -0.280000
v 0.343986 1.032061 -0.258000
v 0.333000 1.032061 -0.268986
v 0.343521 1.029206 -0.268521
v 0.352061 1.013000 -0.268986
v 0.352061 1.023986 -0.258000
v 0.349206 1.023521 -0.268521
v 0.333000 1.023986 -0.277061
v 0.343986 1.013000 -0.277061
v 0.343521 1.023521 -0.274206
vn -0.2566 -0.9318 0.2566
vn -0.2178 -0.6901 0.6901
vn -0.2566 -0.2566 0.9318
vn -0.6901 -0.2178 0.6901
vn -0.9318 -0.2566 0.2566
vn -0.6901 -0.6901 0.2178
vn -0.5774 -0.5773 0.5774
vn -0.2566 0.2566 0.9318
vn -0.2178 0.6901 0.6901
vn -0.2566 0.9318 0.2566
vn -0.6901 0.6901 0.2178
vn -0.9318 0.2566 0.2566
vn -0.6901 0.2178 0.6901
vn -0.5774 0.5773 0.5774
vn -0.2566 -0.9318 -0.2566
vn -0.6901 -0.6901 -0.2178
vn -0.9318 -0.2566 -0.2566
vn -0.6901 -0.2178 -0.6901
vn -0.2566 -0.2566 -0.9318
vn -0.2178 -0.6901 -0.6901
vn -0.5774 -0.5773 -0.5774
vn -0.2566 0.9318 -0.2566
vn -0.2178 0.6901 -0.6901
vn -0.2566 0.2566 -0.9318
vn -0.6901 0.2178 -0.6901
vn -0.9318 0.2566 -0.2566
vn -0.6901 0.6901 -0.2178
vn -0.5774 0.5773 -0.5774
vn 0.2566 -0.9318 0.2566
vn 0.6901 -0.6901 0.2178
vn 0.9318 -0.2566 0.2566
vn 0.6901 -0.2178 0.6901
vn 0.2566 -0.2566 0.9318
vn 0.2178 -0.6901 0.6901
vn 0.5774 -0.5773 0.5774
vn 0.2566 0.9318 0.2566
vn 0.2178 0.6901 0.6901
vn 0.2566 0.2566 0.9318
vn 0.6901 0.2178 0.6901
vn 0.9318 0.2566 0.2566
vn 0.6901 0.6901 0.2178
vn 0.5774 0.5773 0.5774
vn 0.2566 -0.9318 -0.2566
vn 0.2178 -0.6901 -0.6901
vn 0.2566 -0.2566 -0.9318
vn 0.6901 -0.2178 -0.6901
vn 0.9318 -0.2566 -0.2566
vn 0.6901 -0.6901 -0.2178
vn 0.5774 -0.5773 -0.5774
vn 0.2566 0.9318 -0.2566
vn 0.6901 0.6901 -0.2178
vn 0.9318 0.2566 -0.2566
vn 0.6901 0.2178 -0.6901
vn 0.2566 0.2566 -0.9318
vn 0.2178 0.6901 -0.6901
vn 0.5774 0.5773 -0.5774
vn -0.2585 -0.9660 -0.0000
vn -0.7071 -0.7071 -0.0000
vn -0.9660 -0.2585 -0.0000
vn -0.2585 -0.0000 0.9660
vn -0.7071 -0.0000 0.7071
vn -0.9660 -0.0000 0.2585
vn -0.2585 0.9660 -0.0000
vn -0.7071 0.7071 -0.0000
vn -0.9660 0.2585 -0.0000
vn -0.2585 -0.0000 -0.9660
vn -0.7071 -0.0000 -0.7071
vn -0.9660 -0.0000 -0.2585
vn -0.0000 -0.9660 -0.2585
vn -0.0000 -0.7071 -0.7071
vn -0.0000 -0.2585 -0.9660
vn -0.0000 0.9660 -0.2585
vn -0.0000 0.7071 -0.7071
vn -0.0000 0.2585 -0.9660
vn 0.9660 -0.0000 -0.2585
vn 0.7071 -0.0000 -0.7071
vn 0.2585 -0.0000 -0.9660
vn 0.2585 -0.9660 -0.0000
vn 0.7071 -0.7071 -0.0000
vn 0.9660 -0.2585 -0.0000
vn 0.2585 0.9660 -0.0000
vn 0.7071 0.7071 -0.0000
vn 0.9660 0.2585 -0.0000
vn 0.2585 -0.0000 0.9660
vn 0.7071 -0.0000 0.7071
vn 0.9660 -0.0000 0.2585
vn -0.0000 -0.9660 0.2585
vn -0.0000 -0.7071 0.7071
vn -0.0000 -0.2585 0.9660
vn -0.0000 0.9660 0.2585
vn -0.0000 0.7071 0.7071
vn -0.0000 0.2585 0.9660
vn -0.0000 -1.0000 -0.0000
vn -1.0000 -0.0000 -0.0000
vn -0.0000 -0.0000 1.0000
vn -0.0000 1.0000 -0.0000
vn -0.0000 -0.0000 -1.0000
vn 1.0000 -0.0000 -0.0000
vt 0.186111 0.742949
vt 0.186111 0.746470
vt 0.156887 0.746321
vt 0.155596 0.742949
vt 0.186111 0.750000
vt 0.156887 0.750000
vt 0.425000 0.938889
vt 0.425000 1.000000
vt 0.375000 0.968113
vt 0.375000 0.938889
vt 0.425000 0.000000
vt 0.425000 0.003530
vt 0.375000 0.003679
vt 0.375000 0.000000
vt 0.425000 0.007051
vt 0.375000 0.007051
vt 0.125000 0.742949
vt 0.125000 0.746321
vt 0.575000 0.938889
vt 0.599967 0.938889
vt 0.598911 1.000000
vt 0.575000 1.000000
vt 0.625000 0.938889
vt 0.625000 1.000000
vt 0.813889 0.742949
vt 0.875000 0.742949
vt 0.875000 0.746321
vt 0.813889 0.750000
vt 0.625000 0.007051
vt 0.599967 0.007051
vt 0.598911 0.003679
vt 0.625000 0.003679
vt 0.575000 0.007051
vt 0.575000 0.003530
vt 0.575000 0.000000
vt 0.598911 0.000000
vt 0.186111 0.507051
vt 0.155596 0.507051
vt 0.156887 0.503679
vt 0.186111 0.503530
vt 0.125000 0.507051
vt 0.125000 0.503679
vt 0.425000 0.242949
vt 0.425000 0.246470
vt 0.375000 0.246321
vt 0.375000 0.242949
vt 0.425000 0.280596
vt 0.375000 0.281887
vt 0.425000 0.311111
vt 0.375000 0.311111
vt 0.186111 0.500000
vt 0.156887 0.500000
vt 0.813889 0.507051
vt 0.813889 0.500000
vt 0.875000 0.503679
vt 0.875000 0.507051
vt 0.625000 0.311111
vt 0.599967 0.311111
vt 0.598911 0.279276
vt 0.625000 0.247944
vt 0.575000 0.311111
vt 0.575000 0.280596
vt 0.575000 0.246470
vt 0.598911 0.246321
vt 0.575000 0.242949
vt 0.599967 0.242949
vt 0.625000 0.242949
vt 0.313889 0.742949
vt 0.344404 0.742949
vt 0.343113 0.746321
vt 0.313889 0.746470
vt 0.400033 0.742949
vt 0.397826 0.746321
vt 0.425000 0.742949
vt 0.425000 0.746470
vt 0.425000 0.780596
vt 0.363289 0.770176
vt 0.425000 0.811111
vt 0.344849 0.780960
vt 0.686111 0.742949
vt 0.655960 0.780151
vt 0.645176 0.761711
vt 0.655596 0.742949
vt 0.599967 0.811111
vt 0.598911 0.781887
vt 0.575000 0.811111
vt 0.575000 0.780596
vt 0.575000 0.746470
vt 0.598911 0.747851
vt 0.575000 0.742949
vt 0.599967 0.742949
vt 0.313889 0.507051
vt 0.313889 0.503530
vt 0.343113 0.503679
vt 0.344404 0.507051
vt 0.344849 0.469040
vt 0.363289 0.479824
vt 0.425000 0.438889
vt 0.425000 0.469404
vt 0.425000 0.503530
vt 0.397826 0.503679
vt 0.425000 0.507051
vt 0.400033 0.507051
vt 0.686111 0.507051
vt 0.655596 0.507051
vt 0.645176 0.488289
vt 0.655960 0.469849
vt 0.599967 0.507051
vt 0.598911 0.502149
vt 0.575000 0.507051
vt 0.575000 0.503530
vt 0.575000 0.469404
vt 0.598911 0.468113
vt 0.575000 0.438889
vt 0.599967 0.438889
s 0
usemtl BlackIron
f 729/1038/719 732/1039/719 734/1040/719 733/1041/719
f 732/1039/720 736/1042/720 737/1043/720 734/1040/720
f 730/1044/721 735/1045/721 737/1046/721 736/1047/721
f 735/1048/722 739/1049/722 740/1050/722 737/1051/722
f 731/1052/723 738/1053/723 740/1050/723 739/1049/723
f 738/1054/724 733/1041/724 734/1040/724 740/1055/724
f 734/1040/725 737/1043/725 740/1055/725
f 741/1056/726 744/1057/726 746/1058/726 745/1059/726
f 744/1057/727 748/1060/727 749/1061/727 746/1058/727
f 742/1062/728 747/1063/728 749/1064/728 748/1065/728
f 747/1066/729 751/1067/729 752/1068/729 749/1069/729
f 743/1070/730 750/1071/730 752/1068/730 751/1067/730
f 750/1071/731 745/1072/731 746/1073/731 752/1068/731
f 746/1073/732 749/1069/732 752/1068/732
f 753/1074/733 756/1075/733 758/1076/733 757/1077/733
f 756/1075/734 760/1078/734 761/1079/734 758/1076/734
f 754/1080/735 759/1081/735 761/1082/735 760/1083/735
f 759/1081/736 763/1084/736 764/1085/736 761/1082/736
f 755/1086/737 762/1087/737 764/1085/737 763/1084/737
f 762/1088/738 757/1077/738 758/1076/738 764/1089/738
f 758/1076/739 761/1079/739 764/1089/739
f 765/1090/740 768/1091/740 770/1092/740 769/1093/740
f 768/1094/741 772/1095/741 773/1096/741 770/1097/741
f 766/1098/742 771/1099/742 773/1096/742 772/1095/742
f 771/1099/743 775/1100/743 776/1101/743 773/1096/743
f 767/1102/744 774/1103/744 776/1101/744 775/1100/744
f 774/1103/745 769/1104/745 770/1097/745 776/1101/745
f 770/1097/746 773/1096/746 776/1101/746
f 777/1105/747 780/1106/747 782/1107/747 781/1108/747
f 780/1106/748 784/1109/748 785/1110/748 782/1107/748
f 778/1111/749 783/1112/749 785/1110/749 784/1109/749
f 783/1112/750 787/1113/750 788/1114/750 785/1110/750
f 779/1115/751 786/1116/751 788/1114/751 787/1113/751
f 786/1116/752 781/1108/752 782/1107/752 788/1114/752
f 782/1107/753 785/1110/753 788/1114/753
f 789/1117/754 792/1118/754 794/1119/754 793/1120/754
f 792/1118/755 796/1121/755 797/1122/755 794/1119/755
f 790/1123/756 795/1124/756 797/1122/756 796/1121/756
f 795/1124/757 799/1125/757 800/1126/757 797/1122/757
f 791/1127/758 798/1128/758 800/1126/758 799/1125/758
f 798/1128/759 793/1120/759 794/1119/759 800/1126/759
f 794/1119/760 797/1122/760 800/1126/760
f 801/1129/761 804/1130/761 806/1131/761 805/1132/761
f 804/1130/762 808/1133/762 809/1134/762 806/1131/762
f 802/1135/763 807/1136/763 809/1134/763 808/1133/763
f 807/1136/764 811/1137/764 812/1138/764 809/1134/764
f 803/1139/765 810/1140/765 812/1138/765 811/1137/765
f 810/1140/766 805/1132/766 806/1131/766 812/1138/766
f 806/1131/767 809/1134/767 812/1138/767
f 813/1141/768 816/1142/768 818/1143/768 817/1144/768
f 816/1142/769 820/1145/769 821/1146/769 818/1143/769
f 814/1147/770 819/1148/770 821/1146/770 820/1145/770
f 819/1148/771 823/1149/771 824/1150/771 821/1146/771
f 815/1151/772 822/1152/772 824/1150/772 823/1149/772
f 822/1152/773 817/1144/773 818/1143/773 824/1150/773
f 818/1143/774 821/1146/774 824/1150/774
f 753/1074/775 729/1038/775 733/1041/775 756/1075/775
f 756/1075/776 733/1041/776 738/1054/776 760/1078/776
f 760/1083/777 738/1053/777 731/1052/777 754/1080/777
f 730/1044/778 741/1056/778 745/1059/778 735/1045/778
f 735/1048/779 745/1072/779 750/1071/779 739/1049/779
f 739/1049/780 750/1071/780 743/1070/780 731/1052/780
f 742/1062/781 765/1090/781 769/1093/781 747/1063/781
f 747/1066/782 769/1104/782 774/1103/782 751/1067/782
f 751/1067/783 774/1103/783 767/1102/783 743/1070/783
f 766/1098/784 755/1086/784 763/1084/784 771/1099/784
f 771/1099/785 763/1084/785 759/1081/785 775/1100/785
f 775/1100/786 759/1081/786 754/1080/786 767/1102/786
f 801/1129/787 753/1074/787 757/1077/787 804/1130/787
f 804/1130/788 757/1077/788 762/1088/788 808/1133/788
f 808/1133/789 762/1087/789 755/1086/789 802/1135/789
f 765/1090/790 813/1141/790 817/1144/790 768/1091/790
f 768/1094/791 817/1144/791 822/1152/791 772/1095/791
f 772/1095/792 822/1152/792 815/1151/792 766/1098/792
f 814/1147/793 803/1139/793 811/1137/793 819/1148/793
f 819/1148/794 811/1137/794 807/1136/794 823/1149/794
f 823/1149/795 807/1136/795 802/1135/795 815/1151/795
f 777/1105/796 801/1129/796 805/1132/796 780/1106/796
f 780/1106/797 805/1132/797 810/1140/797 784/1109/797
f 784/1109/798 810/1140/798 803/1139/798 778/1111/798
f 813/1141/799 789/1117/799 793/1120/799 816/1142/799
f 816/1142/800 793/1120/800 798/1128/800 820/1145/800
f 820/1145/801 798/1128/801 791/1127/801 814/1147/801
f 790/1123/802 779/1115/802 787/1113/802 795/1124/802
f 795/1124/803 787/1113/803 783/1112/803 799/1125/803
f 799/1125/804 783/1112/804 778/1111/804 791/1127/804
f 729/1038/805 777/1105/805 781/1108/805 732/1039/805
f 732/1039/806 781/1108/806 786/1116/806 736/1042/806
f 736/1047/807 786/1116/807 779/1115/807 730/1044/807
f 789/1117/808 742/1062/808 748/1065/808 792/1118/808
f 792/1118/809 748/1060/809 744/1057/809 796/1121/809
f 796/1121/810 744/1057/810 741/1056/810 790/1123/810
f 753/1074/811 801/1129/811 777/1105/811 729/1038/811
f 731/1052/812 743/1070/812 767/1102/812 754/1080/812
f 779/1115/813 790/1123/813 741/1056/813 730/1044/813
f 813/1141/814 765/1090/814 742/1062/814 789/1117/814
f 755/1086/815 766/1098/815 815/1151/815 802/1135/815
f 803/1139/816 814/1147/816 791/1127/816 778/1111/816
o sky_lance.001
v 0.310000 1.175000 0.210000
v 0.310000 1.112000 0.950000
v 0.363033 1.153033 0.210000
v 0.318485 1.108485 0.950000
v 0.385000 1.100000 0.210000
v 0.322000 1.100000 0.950000
v 0.363033 1.046967 0.210000
v 0.318485 1.091515 0.950000
v 0.310000 1.025000 0.210000
v 0.310000 1.088000 0.950000
v 0.256967 1.046967 0.210000
v 0.301515 1.091515 0.950000
v 0.235000 1.100000 0.210000
v 0.298000 1.100000 0.950000
v 0.256967 1.153033 0.210000
v 0.301515 1.108485 0.950000
vn 0.3815 0.9210 0.0784
vn 0.9210 0.3815 0.0784
vn 0.9210 -0.3815 0.0784
vn 0.3815 -0.9210 0.0784
vn -0.3815 -0.9210 0.0784
vn -0.9210 -0.3815 0.0784
vn -0.0000 -0.0000 1.0000
vn -0.9210 0.3815 0.0784
vn -0.3815 0.9210 0.0784
vn -0.0000 -0.0000 -1.0000
vt 1.000000 0.500000
vt 1.000000 1.000000
vt 0.875000 1.000000
vt 0.875000 0.500000
vt 0.750000 1.000000
vt 0.750000 0.500000
vt 0.625000 1.000000
vt 0.625000 0.500000
vt 0.500000 1.000000
vt 0.500000 0.500000
vt 0.375000 1.000000
vt 0.375000 0.500000
vt 0.250000 1.000000
vt 0.250000 0.500000
vt 0.419706 0.419706
vt 0.250000 0.490000
vt 0.080294 0.419706
vt 0.010000 0.250000
vt 0.080294 0.080294
vt 0.250000 0.010000
vt 0.419706 0.080294
vt 0.490000 0.250000
vt 0.125000 1.000000
vt 0.125000 0.500000
vt 0.000000 1.000000
vt 0.000000 0.500000
vt 0.750000 0.490000
vt 0.919706 0.419706
vt 0.990000 0.250000
vt 0.919706 0.080294
vt 0.750000 0.010000
vt 0.580294 0.080294
vt 0.510000 0.250000
vt 0.580294 0.419706
s 0
usemtl PlateEdge
f 825/1153/817 826/1154/817 828/1155/817 827/1156/817
f 827/1156/818 828/1155/818 830/1157/818 829/1158/818
f 829/1158/819 830/1157/819 832/1159/819 831/1160/819
f 831/1160/820 832/1159/820 834/1161/820 833/1162/820
f 833/1162/821 834/1161/821 836/1163/821 835/1164/821
f 835/1164/822 836/1163/822 838/1165/822 837/1166/822
f 828/1167/823 826/1168/823 840/1169/823 838/1170/823 836/1171/823 834/1172/823 832/1173/823 830/1174/823
f 837/1166/824 838/1165/824 840/1175/824 839/1176/824
f 839/1176/825 840/1175/825 826/1177/825 825/1178/825
f 825/1179/826 827/1180/826 829/1181/826 831/1182/826 833/1183/826 835/1184/826 837/1185/826 839/1186/826
o lance_fin.001
v 0.214000 1.065000 0.336000
v 0.214000 1.079000 0.350000
v 0.200000 1.079000 0.336000
v 0.214000 1.066870 0.342991
v 0.207009 1.066870 0.336000
v 0.207305 1.068687 0.342695
v 0.207009 1.079000 0.348130
v 0.214000 1.072009 0.348130
v 0.207305 1.072305 0.346313
v 0.201870 1.072009 0.336000
v 0.201870 1.079000 0.342991
v 0.203687 1.072305 0.342695
v 0.214000 1.121000 0.350000
v 0.214000 1.135000 0.336000
v 0.200000 1.121000 0.336000
v 0.214000 1.127991 0.348130
v 0.207009 1.121000 0.348130
v 0.207305 1.127695 0.346313
v 0.207009 1.133130 0.336000
v 0.214000 1.133130 0.342991
v 0.207305 1.131313 0.342695
v 0.201870 1.121000 0.342991
v 0.201870 1.127991 0.336000
v 0.203687 1.127695 0.342695
v 0.214000 1.065000 0.284000
v 0.200000 1.079000 0.284000
v 0.214000 1.079000 0.270000
v 0.207009 1.066870 0.284000
v 0.214000 1.066870 0.277009
v 0.207305 1.068687 0.277305
v 0.201870 1.079000 0.277009
v 0.201870 1.072009 0.284000
v 0.203687 1.072305 0.277305
v 0.214000 1.072009 0.271870
v 0.207009 1.079000 0.271870
v 0.207305 1.072305 0.273687
v 0.214000 1.135000 0.284000
v 0.214000 1.121000 0.270000
v 0.200000 1.121000 0.284000
v 0.214000 1.133130 0.277009
v 0.207009 1.133130 0.284000
v 0.207305 1.131313 0.277305
v 0.207009 1.121000 0.271870
v 0.214000 1.127991 0.271870
v 0.207305 1.127695 0.273687
v 0.201870 1.127991 0.284000
v 0.201870 1.121000 0.277009
v 0.203687 1.127695 0.277305
v 0.406000 1.065000 0.336000
v 0.420000 1.079000 0.336000
v 0.406000 1.079000 0.350000
v 0.412991 1.066870 0.336000
v 0.406000 1.066870 0.342991
v 0.412695 1.068687 0.342695
v 0.418130 1.079000 0.342991
v 0.418130 1.072009 0.336000
v 0.416313 1.072305 0.342695
v 0.406000 1.072009 0.348130
v 0.412991 1.079000 0.348130
v 0.412695 1.072305 0.346313
v 0.406000 1.135000 0.336000
v 0.406000 1.121000 0.350000
v 0.420000 1.121000 0.336000
v 0.406000 1.133130 0.342991
v 0.412991 1.133130 0.336000
v 0.412695 1.131313 0.342695
v 0.412991 1.121000 0.348130
v 0.406000 1.127991 0.348130
v 0.412695 1.127695 0.346313
v 0.418130 1.127991 0.336000
v 0.418130 1.121000 0.342991
v 0.416313 1.127695 0.342695
v 0.406000 1.065000 0.284000
v 0.406000 1.079000 0.270000
v 0.420000 1.079000 0.284000
v 0.406000 1.066870 0.277009
v 0.412991 1.066870 0.284000
v 0.412695 1.068687 0.277305
v 0.412991 1.079000 0.271870
v 0.406000 1.072009 0.271870
v 0.412695 1.072305 0.273687
v 0.418130 1.072009 0.284000
v 0.418130 1.079000 0.277009
v 0.416313 1.072305 0.277305
v 0.406000 1.135000 0.284000
v 0.420000 1.121000 0.284000
v 0.406000 1.121000 0.270000
v 0.412991 1.133130 0.284000
v 0.406000 1.133130 0.277009
v 0.412695 1.131313 0.277305
v 0.418130 1.121000 0.277009
v 0.418130 1.127991 0.284000
v 0.416313 1.127695 0.277305
v 0.406000 1.127991 0.271870
v 0.412991 1.121000 0.271870
v 0.412695 1.127695 0.273687
vn -0.2566 -0.9318 0.2566
vn -0.2178 -0.6901 0.6901
vn -0.2566 -0.2566 0.9318
vn -0.6901 -0.2178 0.6901
vn -0.9318 -0.2566 0.2566
vn -0.6901 -0.6901 0.2178
vn -0.5774 -0.5774 0.5773
vn -0.2566 0.2566 0.9318
vn -0.2178 0.6901 0.6901
vn -0.2566 0.9318 0.2566
vn -0.6901 0.6901 0.2178
vn -0.9318 0.2566 0.2566
vn -0.6901 0.2178 0.6901
vn -0.5773 0.5774 0.5774
vn -0.2566 -0.9318 -0.2566
vn -0.6901 -0.6901 -0.2178
vn -0.9318 -0.2566 -0.2566
vn -0.6901 -0.2178 -0.6901
vn -0.2566 -0.2566 -0.9318
vn -0.2178 -0.6901 -0.6901
vn -0.5774 -0.5774 -0.5773
vn -0.2566 0.9318 -0.2566
vn -0.2178 0.6901 -0.6901
vn -0.2566 0.2566 -0.9318
vn -0.6901 0.2178 -0.6901
vn -0.9318 0.2566 -0.2566
vn -0.6901 0.6901 -0.2178
vn -0.5774 0.5774 -0.5773
vn 0.2566 -0.9318 0.2566
vn 0.6901 -0.6901 0.2178
vn 0.9318 -0.2566 0.2566
vn 0.6901 -0.2178 0.6901
vn 0.2566 -0.2566 0.9318
vn 0.2178 -0.6901 0.6901
vn 0.5774 -0.5774 0.5773
vn 0.2566 0.9318 0.2566
vn 0.2178 0.6901 0.6901
vn 0.2566 0.2566 0.9318
vn 0.6901 0.2178 0.6901
vn 0.9318 0.2566 0.2566
vn 0.6901 0.6901 0.2178
vn 0.5774 0.5774 0.5773
vn 0.2566 -0.9318 -0.2566
vn 0.2178 -0.6901 -0.6901
vn 0.2566 -0.2566 -0.9318
vn 0.6901 -0.2178 -0.6901
vn 0.9318 -0.2566 -0.2566
vn 0.6901 -0.6901 -0.2178
vn 0.5774 -0.5774 -0.5773
vn 0.2566 0.9318 -0.2566
vn 0.6901 0.6901 -0.2178
vn 0.9318 0.2566 -0.2566
vn 0.6901 0.2178 -0.6901
vn 0.2566 0.2566 -0.9318
vn 0.2178 0.6901 -0.6901
vn 0.5774 0.5774 -0.5773
vn -0.2585 -0.9660 -0.0000
vn -0.7071 -0.7071 -0.0000
vn -0.9660 -0.2585 -0.0000
vn -0.2585 -0.0000 0.9660
vn -0.7071 -0.0000 0.7071
vn -0.9660 -0.0000 0.2585
vn -0.2585 0.9660 -0.0000
vn -0.7071 0.7071 -0.0000
vn -0.9660 0.2585 -0.0000
vn -0.2585 -0.0000 -0.9660
vn -0.7071 -0.0000 -0.7071
vn -0.9660 -0.0000 -0.2585
vn -0.0000 -0.9660 -0.2585
vn -0.0000 -0.7071 -0.7071
vn -0.0000 -0.2585 -0.9660
vn -0.0000 0.9660 -0.2585
vn -0.0000 0.7071 -0.7071
vn -0.0000 0.2585 -0.9660
vn 0.9660 -0.0000 -0.2585
vn 0.7071 -0.0000 -0.7071
vn 0.2585 -0.0000 -0.9660
vn 0.2585 -0.9660 -0.0000
vn 0.7071 -0.7071 -0.0000
vn 0.9660 -0.2585 -0.0000
vn 0.2585 0.9660 -0.0000
vn 0.7071 0.7071 -0.0000
vn 0.9660 0.2585 -0.0000
vn 0.2585 -0.0000 0.9660
vn 0.7071 -0.0000 0.7071
vn 0.9660 -0.0000 0.2585
vn -0.0000 -0.9660 0.2585
vn -0.0000 -0.7071 0.7071
vn -0.0000 -0.2585 0.9660
vn -0.0000 0.9660 0.2585
vn -0.0000 0.7071 0.7071
vn -0.0000 0.2585 0.9660
vn -0.0000 -1.0000 -0.0000
vn -1.0000 -0.0000 -0.0000
vn -0.0000 -0.0000 1.0000
vn -0.0000 1.0000 -0.0000
vn -0.0000 -0.0000 -1.0000
vn 1.0000 -0.0000 -0.0000
vt 0.140909 0.706250
vt 0.140909 0.728096
vt 0.133301 0.727172
vt 0.132965 0.706250
vt 0.140909 0.750000
vt 0.133301 0.750000
vt 0.425000 0.984091
vt 0.425000 1.000000
vt 0.375000 0.991699
vt 0.375000 0.984091
vt 0.425000 0.000000
vt 0.425000 0.021904
vt 0.375000 0.022828
vt 0.375000 0.000000
vt 0.425000 0.043750
vt 0.375000 0.043750
vt 0.125000 0.706250
vt 0.125000 0.727172
vt 0.575000 0.984091
vt 0.599967 0.984091
vt 0.598911 0.991699
vt 0.575000 1.000000
vt 0.625000 0.984091
vt 0.625000 0.991699
vt 0.859091 0.706250
vt 0.875000 0.706250
vt 0.866699 0.750000
vt 0.859091 0.750000
vt 0.625000 0.043750
vt 0.599967 0.043750
vt 0.598911 0.022828
vt 0.625000 0.000000
vt 0.575000 0.043750
vt 0.575000 0.021904
vt 0.575000 0.000000
vt 0.598911 0.011522
vt 0.598911 0.995810
vt 0.140909 0.543750
vt 0.132965 0.543750
vt 0.133301 0.522828
vt 0.140909 0.521904
vt 0.125000 0.543750
vt 0.125000 0.522828
vt 0.425000 0.206250
vt 0.425000 0.228096
vt 0.375000 0.227172
vt 0.375000 0.206250
vt 0.425000 0.257965
vt 0.375000 0.258301
vt 0.425000 0.265909
vt 0.375000 0.265909
vt 0.140909 0.500000
vt 0.133301 0.500000
vt 0.859091 0.543750
vt 0.859091 0.500000
vt 0.866699 0.500000
vt 0.875000 0.543750
vt 0.625000 0.265909
vt 0.599967 0.265909
vt 0.598911 0.258301
vt 0.625000 0.254639
vt 0.575000 0.265909
vt 0.575000 0.257965
vt 0.575000 0.228096
vt 0.598911 0.229262
vt 0.575000 0.206250
vt 0.599967 0.206250
vt 0.625000 0.206250
vt 0.359091 0.706250
vt 0.367035 0.706250
vt 0.366699 0.727172
vt 0.359091 0.728096
vt 0.400033 0.706250
vt 0.398747 0.727172
vt 0.425000 0.706250
vt 0.425000 0.728096
vt 0.425000 0.757965
vt 0.371951 0.755252
vt 0.425000 0.765909
vt 0.367051 0.757960
vt 0.640909 0.706250
vt 0.632960 0.757949
vt 0.630252 0.753049
vt 0.632965 0.706250
vt 0.599967 0.765909
vt 0.598911 0.758301
vt 0.575000 0.765909
vt 0.575000 0.757965
vt 0.575000 0.728096
vt 0.598911 0.729262
vt 0.575000 0.706250
vt 0.599967 0.706250
vt 0.359091 0.543750
vt 0.359091 0.521904
vt 0.366699 0.522828
vt 0.367035 0.543750
vt 0.367051 0.492040
vt 0.371951 0.494748
vt 0.425000 0.484091
vt 0.425000 0.492035
vt 0.425000 0.521904
vt 0.398747 0.522828
vt 0.425000 0.543750
vt 0.400033 0.543750
vt 0.640909 0.543750
vt 0.632965 0.543750
vt 0.625416 0.513804
vt 0.632960 0.492051
vt 0.599967 0.543750
vt 0.598911 0.522828
vt 0.575000 0.543750
vt 0.575000 0.521904
vt 0.575000 0.492035
vt 0.598911 0.493233
vt 0.575000 0.484091
vt 0.599967 0.484091
s 0
usemtl BlackIron
f 841/1187/827 844/1188/827 846/1189/827 845/1190/827
f 844/1188/828 848/1191/828 849/1192/828 846/1189/828
f 842/1193/829 847/1194/829 849/1195/829 848/1196/829
f 847/1197/830 851/1198/830 852/1199/830 849/1200/830
f 843/1201/831 850/1202/831 852/1199/831 851/1198/831
f 850/1203/832 845/1190/832 846/1189/832 852/1204/832
f 846/1189/833 849/1192/833 852/1204/833
f 853/1205/834 856/1206/834 858/1207/834 857/1208/834
f 856/1206/835 860/1209/835 861/1210/835 858/1207/835
f 854/1211/836 859/1212/836 861/1213/836 860/1214/836
f 859/1215/837 863/1216/837 864/1217/837 861/1218/837
f 855/1219/838 862/1220/838 864/1217/838 863/1216/838
f 862/1220/839 857/1221/839 858/1222/839 864/1217/839
f 858/1207/840 861/1210/840 864/1223/840
f 865/1224/841 868/1225/841 870/1226/841 869/1227/841
f 868/1225/842 872/1228/842 873/1229/842 870/1226/842
f 866/1230/843 871/1231/843 873/1232/843 872/1233/843
f 871/1231/844 875/1234/844 876/1235/844 873/1232/844
f 867/1236/845 874/1237/845 876/1235/845 875/1234/845
f 874/1238/846 869/1227/846 870/1226/846 876/1239/846
f 870/1226/847 873/1229/847 876/1239/847
f 877/1240/848 880/1241/848 882/1242/848 881/1243/848
f 880/1244/849 884/1245/849 885/1246/849 882/1247/849
f 878/1248/850 883/1249/850 885/1246/850 884/1245/850
f 883/1249/851 887/1250/851 888/1251/851 885/1246/851
f 879/1252/852 886/1253/852 888/1251/852 887/1250/852
f 886/1253/853 881/1254/853 882/1247/853 888/1251/853
f 882/1247/854 885/1246/854 888/1251/854
f 889/1255/855 892/1256/855 894/1257/855 893/1258/855
f 892/1256/856 896/1259/856 897/1260/856 894/1257/856
f 890/1261/857 895/1262/857 897/1260/857 896/1259/857
f 895/1262/858 899/1263/858 900/1264/858 897/1260/858
f 891/1265/859 898/1266/859 900/1264/859 899/1263/859
f 898/1266/860 893/1258/860 894/1257/860 900/1264/860
f 894/1257/861 897/1260/861 900/1264/861
f 901/1267/862 904/1268/862 906/1269/862 905/1270/862
f 904/1268/863 908/1271/863 909/1272/863 906/1269/863
f 902/1273/864 907/1274/864 909/1272/864 908/1271/864
f 907/1274/865 911/1275/865 912/1276/865 909/1272/865
f 903/1277/866 910/1278/866 912/1276/866 911/1275/866
f 910/1278/867 905/1270/867 906/1269/867 912/1276/867
f 906/1269/868 909/1272/868 912/1276/868
f 913/1279/869 916/1280/869 918/1281/869 917/1282/869
f 916/1280/870 920/1283/870 921/1284/870 918/1281/870
f 914/1285/871 919/1286/871 921/1284/871 920/1283/871
f 919/1286/872 923/1287/872 924/1288/872 921/1284/872
f 915/1289/873 922/1290/873 924/1288/873 923/1287/873
f 922/1290/874 917/1282/874 918/1281/874 924/1288/874
f 918/1281/875 921/1284/875 924/1288/875
f 925/1291/876 928/1292/876 930/1293/876 929/1294/876
f 928/1292/877 932/1295/877 933/1296/877 930/1293/877
f 926/1297/878 931/1298/878 933/1296/878 932/1295/878
f 931/1298/879 935/1299/879 936/1300/879 933/1296/879
f 927/1301/880 934/1302/880 936/1300/880 935/1299/880
f 934/1302/881 929/1294/881 930/1293/881 936/1300/881
f 930/1293/882 933/1296/882 936/1300/882
f 865/1224/883 841/1187/883 845/1190/883 868/1225/883
f 868/1225/884 845/1190/884 850/1203/884 872/1228/884
f 872/1233/885 850/1202/885 843/1201/885 866/1230/885
f 842/1193/886 853/1205/886 857/1208/886 847/1194/886
f 847/1197/887 857/1221/887 862/1220/887 851/1198/887
f 851/1198/888 862/1220/888 855/1219/888 843/1201/888
f 854/1211/889 877/1240/889 881/1243/889 859/1212/889
f 859/1215/890 881/1254/890 886/1253/890 863/1216/890
f 863/1216/891 886/1253/891 879/1252/891 855/1219/891
f 878/1248/892 867/1236/892 875/1234/892 883/1249/892
f 883/1249/893 875/1234/893 871/1231/893 887/1250/893
f 887/1250/894 871/1231/894 866/1230/894 879/1252/894
f 913/1279/895 865/1224/895 869/1227/895 916/1280/895
f 916/1280/896 869/1227/896 874/1238/896 920/1283/896
f 920/1283/897 874/1237/897 867/1236/897 914/1285/897
f 877/1240/898 925/1291/898 929/1294/898 880/1241/898
f 880/1244/899 929/1294/899 934/1302/899 884/1245/899
f 884/1245/900 934/1302/900 927/1301/900 878/1248/900
f 926/1297/901 915/1289/901 923/1287/901 931/1298/901
f 931/1298/902 923/1287/902 919/1286/902 935/1299/902
f 935/1299/903 919/1286/903 914/1285/903 927/1301/903
f 889/1255/904 913/1279/904 917/1282/904 892/1256/904
f 892/1256/905 917/1282/905 922/1290/905 896/1259/905
f 896/1259/906 922/1290/906 915/1289/906 890/1261/906
f 925/1291/907 901/1267/907 905/1270/907 928/1292/907
f 928/1292/908 905/1270/908 910/1278/908 932/1295/908
f 932/1295/909 910/1278/909 903/1277/909 926/1297/909
f 902/1273/910 891/1265/910 899/1263/910 907/1274/910
f 907/1274/911 899/1263/911 895/1262/911 911/1275/911
f 911/1275/912 895/1262/912 890/1261/912 903/1277/912
f 841/1187/913 889/1255/913 893/1258/913 844/1188/913
f 844/1188/914 893/1258/914 898/1266/914 848/1191/914
f 848/1196/915 898/1266/915 891/1265/915 842/1193/915
f 901/1267/916 854/1211/916 860/1214/916 904/1268/916
f 904/1268/917 860/1209/917 856/1206/917 908/1271/917
f 908/1271/918 856/1206/918 853/1205/918 902/1273/918
f 865/1224/919 913/1279/919 889/1255/919 841/1187/919
f 843/1201/920 855/1219/920 879/1252/920 866/1230/920
f 891/1265/921 902/1273/921 853/1205/921 842/1193/921
f 925/1291/922 877/1240/922 854/1211/922 901/1267/922
f 867/1236/923 878/1248/923 927/1301/923 914/1285/923
f 915/1289/924 926/1297/924 903/1277/924 890/1261/924
o oak_angled_stay
v -0.337184 0.361763 -0.095000
v -0.346952 0.384775 -0.070000
v -0.369965 0.375007 -0.095000
v -0.338489 0.364837 -0.082516
v -0.349980 0.359960 -0.095000
v -0.350761 0.363152 -0.083045
v -0.358443 0.379898 -0.073340
v -0.342074 0.373284 -0.073340
v -0.353286 0.369099 -0.076584
v -0.362013 0.364821 -0.095000
v -0.366890 0.376312 -0.082516
v -0.359233 0.366575 -0.083045
v -0.577483 0.927873 -0.070000
v -0.587252 0.950886 -0.095000
v -0.600496 0.918105 -0.095000
v -0.582361 0.939365 -0.073340
v -0.588975 0.922996 -0.073340
v -0.593160 0.934207 -0.076584
v -0.597438 0.942934 -0.095000
v -0.585947 0.947812 -0.082516
v -0.595684 0.940154 -0.083045
v -0.597422 0.919410 -0.082516
v -0.602299 0.930901 -0.095000
v -0.599106 0.931683 -0.083045
v -0.337184 0.361763 -0.225000
v -0.369965 0.375007 -0.225000
v -0.346952 0.384775 -0.250000
v -0.349980 0.359960 -0.225000
v -0.338489 0.364837 -0.237484
v -0.350761 0.363152 -0.236955
v -0.366890 0.376312 -0.237484
v -0.362013 0.364821 -0.225000
v -0.359233 0.366575 -0.236955
v -0.342074 0.373284 -0.246660
v -0.358443 0.379898 -0.246660
v -0.353286 0.369099 -0.243416
v -0.587252 0.950886 -0.225000
v -0.577483 0.927873 -0.250000
v -0.600496 0.918105 -0.225000
v -0.585947 0.947812 -0.237484
v -0.597438 0.942934 -0.225000
v -0.595684 0.940154 -0.236955
v -0.588975 0.922996 -0.246660
v -0.582361 0.939365 -0.246660
v -0.593160 0.934207 -0.243416
v -0.602299 0.930901 -0.225000
v -0.597422 0.919410 -0.237484
v -0.599106 0.931683 -0.236955
v -0.272748 0.389114 -0.095000
v -0.259504 0.421895 -0.095000
v -0.282517 0.412127 -0.070000
v -0.262562 0.397066 -0.095000
v -0.274053 0.392188 -0.082516
v -0.264316 0.399846 -0.083045
v -0.262578 0.420590 -0.082516
v -0.257701 0.409099 -0.095000
v -0.260894 0.408317 -0.083045
v -0.277639 0.400635 -0.073340
v -0.271025 0.417004 -0.073340
v -0.266840 0.405793 -0.076584
v -0.522816 0.978237 -0.095000
v -0.513048 0.955225 -0.070000
v -0.490035 0.964993 -0.095000
v -0.521511 0.975163 -0.082516
v -0.510020 0.980040 -0.095000
v -0.509239 0.976848 -0.083045
v -0.501557 0.960102 -0.073340
v -0.517926 0.966716 -0.073340
v -0.506714 0.970901 -0.076584
v -0.497988 0.975179 -0.095000
v -0.493110 0.963688 -0.082516
v -0.500767 0.973425 -0.083045
v -0.272748 0.389114 -0.225000
v -0.282517 0.412127 -0.250000
v -0.259504 0.421895 -0.225000
v -0.274053 0.392188 -0.237484
v -0.262562 0.397066 -0.225000
v -0.264316 0.399846 -0.236955
v -0.271025 0.417004 -0.246660
v -0.277639 0.400635 -0.246660
v -0.266840 0.405793 -0.243416
v -0.257701 0.409099 -0.225000
v -0.262578 0.420590 -0.237484
v -0.260894 0.408317 -0.236955
v -0.522816 0.978237 -0.225000
v -0.490035 0.964993 -0.225000
v -0.513048 0.955225 -0.250000
v -0.510020 0.980040 -0.225000
v -0.521511 0.975163 -0.237484
v -0.509239 0.976848 -0.236955
v -0.493110 0.963688 -0.237484
v -0.497988 0.975179 -0.225000
v -0.500767 0.973425 -0.236955
v -0.517926 0.966716 -0.246660
v -0.501557 0.960102 -0.246660
v -0.506714 0.970901 -0.243416
vn 0.1279 -0.9580 0.2566
vn 0.0692 -0.7204 0.6901
vn -0.1359 -0.3365 0.9318
vn -0.5502 -0.4701 0.6901
vn -0.7575 -0.6003 0.2566
vn -0.3656 -0.9049 0.2178
vn -0.3059 -0.7570 0.5774
vn -0.3365 0.1359 0.9318
vn -0.4701 0.5502 0.6901
vn -0.6003 0.7575 0.2566
vn -0.9049 0.3656 0.2178
vn -0.9580 -0.1279 0.2566
vn -0.7204 -0.0692 0.6901
vn -0.7570 0.3059 0.5774
vn 0.1279 -0.9580 -0.2566
vn -0.3656 -0.9049 -0.2178
vn -0.7575 -0.6003 -0.2566
vn -0.5502 -0.4701 -0.6901
vn -0.1359 -0.3365 -0.9318
vn 0.0692 -0.7204 -0.6901
vn -0.3059 -0.7570 -0.5773
vn -0.6003 0.7575 -0.2566
vn -0.4701 0.5502 -0.6901
vn -0.3365 0.1359 -0.9318
vn -0.7204 -0.0692 -0.6901
vn -0.9580 -0.1279 -0.2566
vn -0.9049 0.3656 -0.2178
vn -0.7570 0.3059 -0.5774
vn 0.6003 -0.7575 0.2566
vn 0.9049 -0.3656 0.2178
vn 0.9580 0.1279 0.2566
vn 0.7204 0.0692 0.6901
vn 0.3365 -0.1359 0.9318
vn 0.4701 -0.5502 0.6901
vn 0.7570 -0.3059 0.5773
vn -0.1279 0.9580 0.2566
vn -0.0692 0.7204 0.6901
vn 0.1359 0.3365 0.9318
vn 0.5502 0.4701 0.6901
vn 0.7575 0.6003 0.2566
vn 0.3656 0.9049 0.2178
vn 0.3059 0.7570 0.5774
vn 0.6003 -0.7575 -0.2566
vn 0.4701 -0.5502 -0.6901
vn 0.3365 -0.1359 -0.9318
vn 0.7204 0.0692 -0.6901
vn 0.9580 0.1279 -0.2566
vn 0.9049 -0.3656 -0.2178
vn 0.7570 -0.3059 -0.5774
vn -0.1279 0.9580 -0.2566
vn 0.3656 0.9049 -0.2178
vn 0.7575 0.6003 -0.2566
vn 0.5502 0.4701 -0.6901
vn 0.1359 0.3365 -0.9318
vn -0.0692 0.7204 -0.6901
vn 0.3059 0.7570 -0.5773
vn 0.1395 -0.9902 -0.0000
vn -0.3746 -0.9272 -0.0000
vn -0.7882 -0.6154 -0.0000
vn -0.2379 -0.1010 0.9660
vn -0.6509 -0.2763 0.7071
vn -0.8892 -0.3775 0.2585
vn -0.6154 0.7882 -0.0000
vn -0.9272 0.3746 -0.0000
vn -0.9902 -0.1395 -0.0000
vn -0.2379 -0.1010 -0.9660
vn -0.6509 -0.2763 -0.7071
vn -0.8892 -0.3775 -0.2585
vn 0.3775 -0.8892 -0.2585
vn 0.2763 -0.6509 -0.7071
vn 0.1010 -0.2379 -0.9660
vn -0.3775 0.8892 -0.2585
vn -0.2763 0.6509 -0.7071
vn -0.1010 0.2379 -0.9660
vn 0.8892 0.3775 -0.2585
vn 0.6509 0.2763 -0.7071
vn 0.2379 0.1010 -0.9660
vn 0.6154 -0.7882 -0.0000
vn 0.9272 -0.3746 -0.0000
vn 0.9902 0.1395 -0.0000
vn -0.1395 0.9902 -0.0000
vn 0.3746 0.9272 -0.0000
vn 0.7882 0.6154 -0.0000
vn 0.2379 0.1010 0.9660
vn 0.6509 0.2763 0.7071
vn 0.8892 0.3775 0.2585
vn 0.3775 -0.8892 0.2585
vn 0.2763 -0.6509 0.7071
vn 0.1010 -0.2379 0.9660
vn -0.3775 0.8892 0.2585
vn -0.2763 0.6509 0.7071
vn -0.1010 0.2379 0.9660
vn 0.3907 -0.9205 -0.0000
vn -0.9205 -0.3907 -0.0000
vn -0.0000 -0.0000 1.0000
vn -0.3907 0.9205 -0.0000
vn -0.0000 -0.0000 -1.0000
vn 0.9205 0.3907 -0.0000
vt 0.177083 0.715278
vt 0.177083 0.732616
vt 0.152176 0.731882
vt 0.151076 0.715278
vt 0.177083 0.750000
vt 0.152176 0.750000
vt 0.384766 0.947917
vt 0.384766 1.000000
vt 0.375000 0.972824
vt 0.375000 0.947917
vt 0.384766 0.000000
vt 0.384766 0.017384
vt 0.375000 0.018118
vt 0.375000 0.000000
vt 0.384766 0.034722
vt 0.375000 0.034722
vt 0.125000 0.715278
vt 0.125000 0.731882
vt 0.615234 0.947917
vt 0.620111 0.947917
vt 0.619904 1.000000
vt 0.615234 1.000000
vt 0.625000 0.947917
vt 0.625000 1.000000
vt 0.822917 0.715278
vt 0.875000 0.715278
vt 0.875000 0.731882
vt 0.822917 0.750000
vt 0.625000 0.034722
vt 0.620111 0.034722
vt 0.619904 0.018118
vt 0.625000 0.018118
vt 0.615234 0.034722
vt 0.615234 0.017384
vt 0.615234 0.000000
vt 0.619904 0.000000
vt 0.177083 0.534722
vt 0.151076 0.534722
vt 0.152176 0.518118
vt 0.177083 0.517384
vt 0.125000 0.534722
vt 0.125000 0.518118
vt 0.384766 0.215278
vt 0.384766 0.232616
vt 0.375000 0.231882
vt 0.375000 0.215278
vt 0.384766 0.276076
vt 0.375000 0.277176
vt 0.384766 0.302083
vt 0.375000 0.302083
vt 0.177083 0.500000
vt 0.152177 0.500000
vt 0.822917 0.534722
vt 0.822917 0.500000
vt 0.875000 0.518118
vt 0.875000 0.534722
vt 0.625000 0.302083
vt 0.620111 0.302083
vt 0.619904 0.274366
vt 0.625000 0.239875
vt 0.615234 0.302083
vt 0.615234 0.276076
vt 0.615234 0.232616
vt 0.619904 0.231882
vt 0.615234 0.215278
vt 0.620111 0.215278
vt 0.625000 0.215278
vt 0.322917 0.715278
vt 0.348924 0.715278
vt 0.347824 0.731882
vt 0.322917 0.732616
vt 0.379889 0.715278
vt 0.378640 0.731882
vt 0.384766 0.715278
vt 0.384766 0.732616
vt 0.384766 0.776076
vt 0.365019 0.767195
vt 0.384766 0.802083
vt 0.349216 0.776300
vt 0.677083 0.715278
vt 0.651300 0.775784
vt 0.642195 0.759981
vt 0.651076 0.715278
vt 0.620111 0.802083
vt 0.619904 0.777176
vt 0.615234 0.802083
vt 0.615234 0.776076
vt 0.615234 0.732616
vt 0.619904 0.734345
vt 0.615234 0.715278
vt 0.620111 0.715278
vt 0.322917 0.534722
vt 0.322917 0.517384
vt 0.347823 0.518118
vt 0.348924 0.534722
vt 0.349216 0.473700
vt 0.365019 0.482805
vt 0.384766 0.447917
vt 0.384766 0.473924
vt 0.384766 0.517384
vt 0.378640 0.518118
vt 0.384766 0.534722
vt 0.379889 0.534722
vt 0.677083 0.534722
vt 0.651076 0.534722
vt 0.642195 0.490019
vt 0.651300 0.474216
vt 0.620111 0.534722
vt 0.619904 0.515655
vt 0.615234 0.534722
vt 0.615234 0.517384
vt 0.615234 0.473924
vt 0.619904 0.472824
vt 0.615234 0.447917
vt 0.620111 0.447917
s 0
usemtl OiledOak
f 937/1303/925 940/1304/925 942/1305/925 941/1306/925
f 940/1304/926 944/1307/926 945/1308/926 942/1305/926
f 938/1309/927 943/1310/927 945/1311/927 944/1312/927
f 943/1313/928 947/1314/928 948/1315/928 945/1316/928
f 939/1317/929 946/1318/929 948/1315/929 947/1314/929
f 946/1319/930 941/1306/930 942/1305/930 948/1320/930
f 942/1305/931 945/1308/931 948/1320/931
f 949/1321/932 952/1322/932 954/1323/932 953/1324/932
f 952/1322/933 956/1325/933 957/1326/933 954/1323/933
f 950/1327/934 955/1328/934 957/1329/934 956/1330/934
f 955/1331/935 959/1332/935 960/1333/935 957/1334/935
f 951/1335/936 958/1336/936 960/1333/936 959/1332/936
f 958/1336/937 953/1337/937 954/1338/937 960/1333/937
f 954/1338/938 957/1334/938 960/1333/938
f 961/1339/939 964/1340/939 966/1341/939 965/1342/939
f 964/1340/940 968/1343/940 969/1344/940 966/1341/940
f 962/1345/941 967/1346/941 969/1347/941 968/1348/941
f 967/1346/942 971/1349/942 972/1350/942 969/1347/942
f 963/1351/943 970/1352/943 972/1350/943 971/1349/943
f 970/1353/944 965/1342/944 966/1341/944 972/1354/944
f 966/1341/945 969/1344/945 972/1354/945
f 973/1355/946 976/1356/946 978/1357/946 977/1358/946
f 976/1359/947 980/1360/947 981/1361/947 978/1362/947
f 974/1363/948 979/1364/948 981/1361/948 980/1360/948
f 979/1364/949 983/1365/949 984/1366/949 981/1361/949
f 975/1367/950 982/1368/950 984/1366/950 983/1365/950
f 982/1368/951 977/1369/951 978/1362/951 984/1366/951
f 978/1362/952 981/1361/952 984/1366/952
f 985/1370/953 988/1371/953 990/1372/953 989/1373/953
f 988/1371/954 992/1374/954 993/1375/954 990/1372/954
f 986/1376/955 991/1377/955 993/1375/955 992/1374/955
f 991/1377/956 995/1378/956 996/1379/956 993/1375/956
f 987/1380/957 994/1381/957 996/1379/957 995/1378/957
f 994/1381/958 989/1373/958 990/1372/958 996/1379/958
f 990/1372/959 993/1375/959 996/1379/959
f 997/1382/960 1000/1383/960 1002/1384/960 1001/1385/960
f 1000/1383/961 1004/1386/961 1005/1387/961 1002/1384/961
f 998/1388/962 1003/1389/962 1005/1387/962 1004/1386/962
f 1003/1389/963 1007/1390/963 1008/1391/963 1005/1387/963
f 999/1392/964 1006/1393/964 1008/1391/964 1007/1390/964
f 1006/1393/965 1001/1385/965 1002/1384/965 1008/1391/965
f 1002/1384/966 1005/1387/966 1008/1391/966
f 1009/1394/967 1012/1395/967 1014/1396/967 1013/1397/967
f 1012/1395/968 1016/1398/968 1017/1399/968 1014/1396/968
f 1010/1400/969 1015/1401/969 1017/1399/969 1016/1398/969
f 1015/1401/970 1019/1402/970 1020/1403/970 1017/1399/970
f 1011/1404/971 1018/1405/971 1020/1403/971 1019/1402/971
f 1018/1405/972 1013/1397/972 1014/1396/972 1020/1403/972
f 1014/1396/973 1017/1399/973 1020/1403/973
f 1021/1406/974 1024/1407/974 1026/1408/974 1025/1409/974
f 1024/1407/975 1028/1410/975 1029/1411/975 1026/1408/975
f 1022/1412/976 1027/1413/976 1029/1411/976 1028/1410/976
f 1027/1413/977 1031/1414/977 1032/1415/977 1029/1411/977
f 1023/1416/978 1030/1417/978 1032/1415/978 1031/1414/978
f 1030/1417/979 1025/1409/979 1026/1408/979 1032/1415/979
f 1026/1408/980 1029/1411/980 1032/1415/980
f 961/1339/981 937/1303/981 941/1306/981 964/1340/981
f 964/1340/982 941/1306/982 946/1319/982 968/1343/982
f 968/1348/983 946/1318/983 939/1317/983 962/1345/983
f 938/1309/984 949/1321/984 953/1324/984 943/1310/984
f 943/1313/985 953/1337/985 958/1336/985 947/1314/985
f 947/1314/986 958/1336/986 951/1335/986 939/1317/986
f 950/1327/987 973/1355/987 977/1358/987 955/1328/987
f 955/1331/988 977/1369/988 982/1368/988 959/1332/988
f 959/1332/989 982/1368/989 975/1367/989 951/1335/989
f 974/1363/990 963/1351/990 971/1349/990 979/1364/990
f 979/1364/991 971/1349/991 967/1346/991 983/1365/991
f 983/1365/992 967/1346/992 962/1345/992 975/1367/992
f 1009/1394/993 961/1339/993 965/1342/993 1012/1395/993
f 1012/1395/994 965/1342/994 970/1353/994 1016/1398/994
f 1016/1398/995 970/1352/995 963/1351/995 1010/1400/995
f 973/1355/996 1021/1406/996 1025/1409/996 976/1356/996
f 976/1359/997 1025/1409/997 1030/1417/997 980/1360/997
f 980/1360/998 1030/1417/998 1023/1416/998 974/1363/998
f 1022/1412/999 1011/1404/999 1019/1402/999 1027/1413/999
f 1027/1413/1000 1019/1402/1000 1015/1401/1000 1031/1414/1000
f 1031/1414/1001 1015/1401/1001 1010/1400/1001 1023/1416/1001
f 985/1370/1002 1009/1394/1002 1013/1397/1002 988/1371/1002
f 988/1371/1003 1013/1397/1003 1018/1405/1003 992/1374/1003
f 992/1374/1004 1018/1405/1004 1011/1404/1004 986/1376/1004
f 1021/1406/1005 997/1382/1005 1001/1385/1005 1024/1407/1005
f 1024/1407/1006 1001/1385/1006 1006/1393/1006 1028/1410/1006
f 1028/1410/1007 1006/1393/1007 999/1392/1007 1022/1412/1007
f 998/1388/1008 987/1380/1008 995/1378/1008 1003/1389/1008
f 1003/1389/1009 995/1378/1009 991/1377/1009 1007/1390/1009
f 1007/1390/1010 991/1377/1010 986/1376/1010 999/1392/1010
f 937/1303/1011 985/1370/1011 989/1373/1011 940/1304/1011
f 940/1304/1012 989/1373/1012 994/1381/1012 944/1307/1012
f 944/1312/1013 994/1381/1013 987/1380/1013 938/1309/1013
f 997/1382/1014 950/1327/1014 956/1330/1014 1000/1383/1014
f 1000/1383/1015 956/1325/1015 952/1322/1015 1004/1386/1015
f 1004/1386/1016 952/1322/1016 949/1321/1016 998/1388/1016
f 961/1339/1017 1009/1394/1017 985/1370/1017 937/1303/1017
f 939/1317/1018 951/1335/1018 975/1367/1018 962/1345/1018
f 987/1380/1019 998/1388/1019 949/1321/1019 938/1309/1019
f 1021/1406/1020 973/1355/1020 950/1327/1020 997/1382/1020
f 963/1351/1021 974/1363/1021 1023/1416/1021 1010/1400/1021
f 1011/1404/1022 1022/1412/1022 999/1392/1022 986/1376/1022
o oak_angled_stay.001
v 0.272748 0.389114 -0.095000
v 0.282517 0.412127 -0.070000
v 0.259504 0.421895 -0.095000
v 0.274053 0.392188 -0.082516
v 0.262562 0.397066 -0.095000
v 0.264316 0.399846 -0.083045
v 0.271025 0.417004 -0.073340
v 0.277639 0.400635 -0.073340
v 0.266840 0.405793 -0.076584
v 0.257701 0.409099 -0.095000
v 0.262578 0.420590 -0.082516
v 0.260894 0.408317 -0.083045
v 0.513048 0.955225 -0.070000
v 0.522816 0.978237 -0.095000
v 0.490035 0.964993 -0.095000
v 0.517926 0.966716 -0.073340
v 0.501557 0.960102 -0.073340
v 0.506714 0.970901 -0.076584
v 0.510020 0.980040 -0.095000
v 0.521511 0.975163 -0.082516
v 0.509239 0.976848 -0.083045
v 0.493110 0.963688 -0.082516
v 0.497988 0.975179 -0.095000
v 0.500767 0.973425 -0.083045
v 0.272748 0.389114 -0.225000
v 0.259504 0.421895 -0.225000
v 0.282517 0.412127 -0.250000
v 0.262562 0.397066 -0.225000
v 0.274053 0.392188 -0.237484
v 0.264316 0.399846 -0.236955
v 0.262578 0.420590 -0.237484
v 0.257701 0.409099 -0.225000
v 0.260894 0.408317 -0.236955
v 0.277639 0.400635 -0.246660
v 0.271025 0.417004 -0.246660
v 0.266840 0.405793 -0.243416
v 0.522816 0.978237 -0.225000
v 0.513048 0.955225 -0.250000
v 0.490035 0.964993 -0.225000
v 0.521511 0.975163 -0.237484
v 0.510020 0.980040 -0.225000
v 0.509239 0.976848 -0.236955
v 0.501557 0.960102 -0.246660
v 0.517926 0.966716 -0.246660
v 0.506714 0.970901 -0.243416
v 0.497988 0.975179 -0.225000
v 0.493110 0.963688 -0.237484
v 0.500767 0.973425 -0.236955
v 0.337184 0.361763 -0.095000
v 0.369965 0.375007 -0.095000
v 0.346952 0.384775 -0.070000
v 0.349980 0.359960 -0.095000
v 0.338489 0.364837 -0.082516
v 0.350761 0.363152 -0.083045
v 0.366890 0.376312 -0.082516
v 0.362013 0.364821 -0.095000
v 0.359233 0.366575 -0.083045
v 0.342074 0.373284 -0.073340
v 0.358443 0.379898 -0.073340
v 0.353286 0.369099 -0.076584
v 0.587252 0.950886 -0.095000
v 0.577483 0.927873 -0.070000
v 0.600496 0.918105 -0.095000
v 0.585947 0.947812 -0.082516
v 0.597438 0.942934 -0.095000
v 0.595684 0.940154 -0.083045
v 0.588975 0.922996 -0.073340
v 0.582361 0.939365 -0.073340
v 0.593160 0.934207 -0.076584
v 0.602299 0.930901 -0.095000
v 0.597422 0.919410 -0.082516
v 0.599106 0.931683 -0.083045
v 0.337184 0.361763 -0.225000
v 0.346952 0.384775 -0.250000
v 0.369965 0.375007 -0.225000
v 0.338489 0.364837 -0.237484
v 0.349980 0.359960 -0.225000
v 0.350761 0.363152 -0.236955
v 0.358443 0.379898 -0.246660
v 0.342074 0.373284 -0.246660
v 0.353286 0.369099 -0.243416
v 0.362013 0.364821 -0.225000
v 0.366890 0.376312 -0.237484
v 0.359233 0.366575 -0.236955
v 0.587252 0.950886 -0.225000
v 0.600496 0.918105 -0.225000
v 0.577483 0.927873 -0.250000
v 0.597438 0.942934 -0.225000
v 0.585947 0.947812 -0.237484
v 0.595684 0.940154 -0.236955
v 0.597422 0.919410 -0.237484
v 0.602299 0.930901 -0.225000
v 0.599106 0.931683 -0.236955
v 0.582361 0.939365 -0.246660
v 0.588975 0.922996 -0.246660
v 0.593160 0.934207 -0.243416
vn -0.6003 -0.7575 0.2566
vn -0.4701 -0.5502 0.6901
vn -0.3365 -0.1359 0.9318
vn -0.7204 0.0692 0.6901
vn -0.9580 0.1279 0.2566
vn -0.9049 -0.3656 0.2178
vn -0.7570 -0.3059 0.5774
vn -0.1359 0.3365 0.9318
vn 0.0692 0.7204 0.6901
vn 0.1279 0.9580 0.2566
vn -0.3656 0.9049 0.2178
vn -0.7575 0.6003 0.2566
vn -0.5502 0.4701 0.6901
vn -0.3059 0.7570 0.5774
vn -0.6003 -0.7575 -0.2566
vn -0.9049 -0.3656 -0.2178
vn -0.9580 0.1279 -0.2566
vn -0.7204 0.0692 -0.6901
vn -0.3365 -0.1359 -0.9318
vn -0.4701 -0.5502 -0.6901
vn -0.7570 -0.3059 -0.5773
vn 0.1279 0.9580 -0.2566
vn 0.0692 0.7204 -0.6901
vn -0.1359 0.3365 -0.9318
vn -0.5502 0.4701 -0.6901
vn -0.7575 0.6003 -0.2566
vn -0.3656 0.9049 -0.2178
vn -0.3059 0.7570 -0.5774
vn -0.1279 -0.9580 0.2566
vn 0.3656 -0.9049 0.2178
vn 0.7575 -0.6003 0.2566
vn 0.5502 -0.4701 0.6901
vn 0.1359 -0.3365 0.9318
vn -0.0692 -0.7204 0.6901
vn 0.3059 -0.7570 0.5773
vn 0.6003 0.7575 0.2566
vn 0.4701 0.5502 0.6901
vn 0.3365 0.1359 0.9318
vn 0.7204 -0.0692 0.6901
vn 0.9580 -0.1279 0.2566
vn 0.9049 0.3656 0.2178
vn 0.7570 0.3059 0.5774
vn -0.1279 -0.9580 -0.2566
vn -0.0692 -0.7204 -0.6901
vn 0.1359 -0.3365 -0.9318
vn 0.5502 -0.4701 -0.6901
vn 0.7575 -0.6003 -0.2566
vn 0.3656 -0.9049 -0.2178
vn 0.3059 -0.7570 -0.5774
vn 0.6003 0.7575 -0.2566
vn 0.9049 0.3656 -0.2178
vn 0.9580 -0.1279 -0.2566
vn 0.7204 -0.0692 -0.6901
vn 0.3365 0.1359 -0.9318
vn 0.4701 0.5502 -0.6901
vn 0.7570 0.3059 -0.5773
vn -0.6154 -0.7882 -0.0000
vn -0.9272 -0.3746 -0.0000
vn -0.9902 0.1395 -0.0000
vn -0.2379 0.1010 0.9660
vn -0.6509 0.2763 0.7071
vn -0.8892 0.3775 0.2585
vn 0.1395 0.9902 -0.0000
vn -0.3746 0.9272 -0.0000
vn -0.7882 0.6154 -0.0000
vn -0.2379 0.1010 -0.9660
vn -0.6509 0.2763 -0.7071
vn -0.8892 0.3775 -0.2585
vn -0.3775 -0.8892 -0.2585
vn -0.2763 -0.6509 -0.7071
vn -0.1010 -0.2379 -0.9660
vn 0.3775 0.8892 -0.2585
vn 0.2763 0.6509 -0.7071
vn 0.1010 0.2379 -0.9660
vn 0.8892 -0.3775 -0.2585
vn 0.6509 -0.2763 -0.7071
vn 0.2379 -0.1010 -0.9660
vn -0.1395 -0.9902 -0.0000
vn 0.3746 -0.9272 -0.0000
vn 0.7882 -0.6154 -0.0000
vn 0.6154 0.7882 -0.0000
vn 0.9272 0.3746 -0.0000
vn 0.9902 -0.1395 -0.0000
vn 0.2379 -0.1010 0.9660
vn 0.6509 -0.2763 0.7071
vn 0.8892 -0.3775 0.2585
vn -0.3775 -0.8892 0.2585
vn -0.2763 -0.6509 0.7071
vn -0.1010 -0.2379 0.9660
vn 0.3775 0.8892 0.2585
vn 0.2763 0.6509 0.7071
vn 0.1010 0.2379 0.9660
vn -0.3907 -0.9205 -0.0000
vn -0.9205 0.3907 -0.0000
vn -0.0000 -0.0000 1.0000
vn 0.3907 0.9205 -0.0000
vn -0.0000 -0.0000 -1.0000
vn 0.9205 -0.3907 -0.0000
vt 0.177083 0.715278
vt 0.177083 0.732616
vt 0.152176 0.731882
vt 0.151076 0.715278
vt 0.177083 0.750000
vt 0.152176 0.750000
vt 0.384766 0.947917
vt 0.384766 1.000000
vt 0.375000 0.972824
vt 0.375000 0.947917
vt 0.384766 0.000000
vt 0.384766 0.017384
vt 0.375000 0.018118
vt 0.375000 0.000000
vt 0.384766 0.034722
vt 0.375000 0.034722
vt 0.125000 0.715278
vt 0.125000 0.731882
vt 0.615234 0.947917
vt 0.620111 0.947917
vt 0.619904 1.000000
vt 0.615234 1.000000
vt 0.625000 0.947917
vt 0.625000 1.000000
vt 0.822917 0.715278
vt 0.875000 0.715278
vt 0.875000 0.731882
vt 0.822917 0.750000
vt 0.625000 0.034722
vt 0.620111 0.034722
vt 0.619904 0.018118
vt 0.625000 0.018118
vt 0.615234 0.034722
vt 0.615234 0.017384
vt 0.615234 0.000000
vt 0.619904 0.000000
vt 0.177083 0.534722
vt 0.151076 0.534722
vt 0.152176 0.518118
vt 0.177083 0.517384
vt 0.125000 0.534722
vt 0.125000 0.518118
vt 0.384766 0.215278
vt 0.384766 0.232616
vt 0.375000 0.231882
vt 0.375000 0.215278
vt 0.384766 0.276076
vt 0.375000 0.277176
vt 0.384766 0.302083
vt 0.375000 0.302083
vt 0.177083 0.500000
vt 0.152177 0.500000
vt 0.822917 0.534722
vt 0.822917 0.500000
vt 0.875000 0.518118
vt 0.875000 0.534722
vt 0.625000 0.302083
vt 0.620111 0.302083
vt 0.619904 0.274366
vt 0.625000 0.239875
vt 0.615234 0.302083
vt 0.615234 0.276076
vt 0.615234 0.232616
vt 0.619904 0.231882
vt 0.615234 0.215278
vt 0.620111 0.215278
vt 0.625000 0.215278
vt 0.322917 0.715278
vt 0.348924 0.715278
vt 0.347824 0.731882
vt 0.322917 0.732616
vt 0.379889 0.715278
vt 0.378640 0.731882
vt 0.384766 0.715278
vt 0.384766 0.732616
vt 0.384766 0.776076
vt 0.365019 0.767195
vt 0.384766 0.802083
vt 0.349216 0.776300
vt 0.677083 0.715278
vt 0.651300 0.775784
vt 0.642195 0.759981
vt 0.651076 0.715278
vt 0.620111 0.802083
vt 0.619904 0.777176
vt 0.615234 0.802083
vt 0.615234 0.776076
vt 0.615234 0.732616
vt 0.619904 0.734345
vt 0.615234 0.715278
vt 0.620111 0.715278
vt 0.322917 0.534722
vt 0.322917 0.517384
vt 0.347823 0.518118
vt 0.348924 0.534722
vt 0.349216 0.473700
vt 0.365019 0.482805
vt 0.384766 0.447917
vt 0.384766 0.473924
vt 0.384766 0.517384
vt 0.378640 0.518118
vt 0.384766 0.534722
vt 0.379889 0.534722
vt 0.677083 0.534722
vt 0.651076 0.534722
vt 0.642195 0.490019
vt 0.651300 0.474216
vt 0.620111 0.534722
vt 0.619904 0.515655
vt 0.615234 0.534722
vt 0.615234 0.517384
vt 0.615234 0.473924
vt 0.619904 0.472824
vt 0.615234 0.447917
vt 0.620111 0.447917
s 0
usemtl OiledOak
f 1033/1418/1023 1036/1419/1023 1038/1420/1023 1037/1421/1023
f 1036/1419/1024 1040/1422/1024 1041/1423/1024 1038/1420/1024
f 1034/1424/1025 1039/1425/1025 1041/1426/1025 1040/1427/1025
f 1039/1428/1026 1043/1429/1026 1044/1430/1026 1041/1431/1026
f 1035/1432/1027 1042/1433/1027 1044/1430/1027 1043/1429/1027
f 1042/1434/1028 1037/1421/1028 1038/1420/1028 1044/1435/1028
f 1038/1420/1029 1041/1423/1029 1044/1435/1029
f 1045/1436/1030 1048/1437/1030 1050/1438/1030 1049/1439/1030
f 1048/1437/1031 1052/1440/1031 1053/1441/1031 1050/1438/1031
f 1046/1442/1032 1051/1443/1032 1053/1444/1032 1052/1445/1032
f 1051/1446/1033 1055/1447/1033 1056/1448/1033 1053/1449/1033
f 1047/1450/1034 1054/1451/1034 1056/1448/1034 1055/1447/1034
f 1054/1451/1035 1049/1452/1035 1050/1453/1035 1056/1448/1035
f 1050/1453/1036 1053/1449/1036 1056/1448/1036
f 1057/1454/1037 1060/1455/1037 1062/1456/1037 1061/1457/1037
f 1060/1455/1038 1064/1458/1038 1065/1459/1038 1062/1456/1038
f 1058/1460/1039 1063/1461/1039 1065/1462/1039 1064/1463/1039
f 1063/1461/1040 1067/1464/1040 1068/1465/1040 1065/1462/1040
f 1059/1466/1041 1066/1467/1041 1068/1465/1041 1067/1464/1041
f 1066/1468/1042 1061/1457/1042 1062/1456/1042 1068/1469/1042
f 1062/1456/1043 1065/1459/1043 1068/1469/1043
f 1069/1470/1044 1072/1471/1044 1074/1472/1044 1073/1473/1044
f 1072/1474/1045 1076/1475/1045 1077/1476/1045 1074/1477/1045
f 1070/1478/1046 1075/1479/1046 1077/1476/1046 1076/1475/1046
f 1075/1479/1047 1079/1480/1047 1080/1481/1047 1077/1476/1047
f 1071/1482/1048 1078/1483/1048 1080/1481/1048 1079/1480/1048
f 1078/1483/1049 1073/1484/1049 1074/1477/1049 1080/1481/1049
f 1074/1477/1050 1077/1476/1050 1080/1481/1050
f 1081/1485/1051 1084/1486/1051 1086/1487/1051 1085/1488/1051
f 1084/1486/1052 1088/1489/1052 1089/1490/1052 1086/1487/1052
f 1082/1491/1053 1087/1492/1053 1089/1490/1053 1088/1489/1053
f 1087/1492/1054 1091/1493/1054 1092/1494/1054 1089/1490/1054
f 1083/1495/1055 1090/1496/1055 1092/1494/1055 1091/1493/1055
f 1090/1496/1056 1085/1488/1056 1086/1487/1056 1092/1494/1056
f 1086/1487/1057 1089/1490/1057 1092/1494/1057
f 1093/1497/1058 1096/1498/1058 1098/1499/1058 1097/1500/1058
f 1096/1498/1059 1100/1501/1059 1101/1502/1059 1098/1499/1059
f 1094/1503/1060 1099/1504/1060 1101/1502/1060 1100/1501/1060
f 1099/1504/1061 1103/1505/1061 1104/1506/1061 1101/1502/1061
f 1095/1507/1062 1102/1508/1062 1104/1506/1062 1103/1505/1062
f 1102/1508/1063 1097/1500/1063 1098/1499/1063 1104/1506/1063
f 1098/1499/1064 1101/1502/1064 1104/1506/1064
f 1105/1509/1065 1108/1510/1065 1110/1511/1065 1109/1512/1065
f 1108/1510/1066 1112/1513/1066 1113/1514/1066 1110/1511/1066
f 1106/1515/1067 1111/1516/1067 1113/1514/1067 1112/1513/1067
f 1111/1516/1068 1115/1517/1068 1116/1518/1068 1113/1514/1068
f 1107/1519/1069 1114/1520/1069 1116/1518/1069 1115/1517/1069
f 1114/1520/1070 1109/1512/1070 1110/1511/1070 1116/1518/1070
f 1110/1511/1071 1113/1514/1071 1116/1518/1071
f 1117/1521/1072 1120/1522/1072 1122/1523/1072 1121/1524/1072
f 1120/1522/1073 1124/1525/1073 1125/1526/1073 1122/1523/1073
f 1118/1527/1074 1123/1528/1074 1125/1526/1074 1124/1525/1074
f 1123/1528/1075 1127/1529/1075 1128/1530/1075 1125/1526/1075
f 1119/1531/1076 1126/1532/1076 1128/1530/1076 1127/1529/1076
f 1126/1532/1077 1121/1524/1077 1122/1523/1077 1128/1530/1077
f 1122/1523/1078 1125/1526/1078 1128/1530/1078
f 1057/1454/1079 1033/1418/1079 1037/1421/1079 1060/1455/1079
f 1060/1455/1080 1037/1421/1080 1042/1434/1080 1064/1458/1080
f 1064/1463/1081 1042/1433/1081 1035/1432/1081 1058/1460/1081
f 1034/1424/1082 1045/1436/1082 1049/1439/1082 1039/1425/1082
f 1039/1428/1083 1049/1452/1083 1054/1451/1083 1043/1429/1083
f 1043/1429/1084 1054/1451/1084 1047/1450/1084 1035/1432/1084
f 1046/1442/1085 1069/1470/1085 1073/1473/1085 1051/1443/1085
f 1051/1446/1086 1073/1484/1086 1078/1483/1086 1055/1447/1086
f 1055/1447/1087 1078/1483/1087 1071/1482/1087 1047/1450/1087
f 1070/1478/1088 1059/1466/1088 1067/1464/1088 1075/1479/1088
f 1075/1479/1089 1067/1464/1089 1063/1461/1089 1079/1480/1089
f 1079/1480/1090 1063/1461/1090 1058/1460/1090 1071/1482/1090
f 1105/1509/1091 1057/1454/1091 1061/1457/1091 1108/1510/1091
f 1108/1510/1092 1061/1457/1092 1066/1468/1092 1112/1513/1092
f 1112/1513/1093 1066/1467/1093 1059/1466/1093 1106/1515/1093
f 1069/1470/1094 1117/1521/1094 1121/1524/1094 1072/1471/1094
f 1072/1474/1095 1121/1524/1095 1126/1532/1095 1076/1475/1095
f 1076/1475/1096 1126/1532/1096 1119/1531/1096 1070/1478/1096
f 1118/1527/1097 1107/1519/1097 1115/1517/1097 1123/1528/1097
f 1123/1528/1098 1115/1517/1098 1111/1516/1098 1127/1529/1098
f 1127/1529/1099 1111/1516/1099 1106/1515/1099 1119/1531/1099
f 1081/1485/1100 1105/1509/1100 1109/1512/1100 1084/1486/1100
f 1084/1486/1101 1109/1512/1101 1114/1520/1101 1088/1489/1101
f 1088/1489/1102 1114/1520/1102 1107/1519/1102 1082/1491/1102
f 1117/1521/1103 1093/1497/1103 1097/1500/1103 1120/1522/1103
f 1120/1522/1104 1097/1500/1104 1102/1508/1104 1124/1525/1104
f 1124/1525/1105 1102/1508/1105 1095/1507/1105 1118/1527/1105
f 1094/1503/1106 1083/1495/1106 1091/1493/1106 1099/1504/1106
f 1099/1504/1107 1091/1493/1107 1087/1492/1107 1103/1505/1107
f 1103/1505/1108 1087/1492/1108 1082/1491/1108 1095/1507/1108
f 1033/1418/1109 1081/1485/1109 1085/1488/1109 1036/1419/1109
f 1036/1419/1110 1085/1488/1110 1090/1496/1110 1040/1422/1110
f 1040/1427/1111 1090/1496/1111 1083/1495/1111 1034/1424/1111
f 1093/1497/1112 1046/1442/1112 1052/1445/1112 1096/1498/1112
f 1096/1498/1113 1052/1440/1113 1048/1437/1113 1100/1501/1113
f 1100/1501/1114 1048/1437/1114 1045/1436/1114 1094/1503/1114
f 1057/1454/1115 1105/1509/1115 1081/1485/1115 1033/1418/1115
f 1035/1432/1116 1047/1450/1116 1071/1482/1116 1058/1460/1116
f 1083/1495/1117 1094/1503/1117 1045/1436/1117 1034/1424/1117
f 1117/1521/1118 1069/1470/1118 1046/1442/1118 1093/1497/1118
f 1059/1466/1119 1070/1478/1119 1119/1531/1119 1106/1515/1119
f 1107/1519/1120 1118/1527/1120 1095/1507/1120 1082/1491/1120
o iron_wind_shroud
v -0.338000 0.805000 -0.212000
v -0.338000 0.837000 -0.180000
v -0.370000 0.837000 -0.212000
v -0.338000 0.809275 -0.196021
v -0.353979 0.809275 -0.212000
v -0.353303 0.813428 -0.196697
v -0.353979 0.837000 -0.184275
v -0.338000 0.821021 -0.184275
v -0.353303 0.821697 -0.188428
v -0.365725 0.821021 -0.212000
v -0.365725 0.837000 -0.196021
v -0.361572 0.821697 -0.196697
v -0.338000 1.203000 -0.180000
v -0.338000 1.235000 -0.212000
v -0.370000 1.203000 -0.212000
v -0.338000 1.218979 -0.184275
v -0.353979 1.203000 -0.184275
v -0.353303 1.218303 -0.188428
v -0.353979 1.230725 -0.212000
v -0.338000 1.230725 -0.196021
v -0.353303 1.226572 -0.196697
v -0.365725 1.203000 -0.196021
v -0.365725 1.218979 -0.212000
v -0.361572 1.218303 -0.196697
v -0.338000 0.805000 -0.268000
v -0.370000 0.837000 -0.268000
v -0.338000 0.837000 -0.300000
v -0.353979 0.809275 -0.268000
v -0.338000 0.809275 -0.283979
v -0.353303 0.813428 -0.283303
v -0.365725 0.837000 -0.283979
v -0.365725 0.821021 -0.268000
v -0.361572 0.821697 -0.283303
v -0.338000 0.821021 -0.295725
v -0.353979 0.837000 -0.295725
v -0.353303 0.821697 -0.291572
v -0.338000 1.235000 -0.268000
v -0.338000 1.203000 -0.300000
v -0.370000 1.203000 -0.268000
v -0.338000 1.230725 -0.283979
v -0.353979 1.230725 -0.268000
v -0.353303 1.226572 -0.283303
v -0.353979 1.203000 -0.295725
v -0.338000 1.218979 -0.295725
v -0.353303 1.218303 -0.291572
v -0.365725 1.218979 -0.268000
v -0.365725 1.203000 -0.283979
v -0.361572 1.218303 -0.283303
v 0.338000 0.805000 -0.212000
v 0.370000 0.837000 -0.212000
v 0.338000 0.837000 -0.180000
v 0.353979 0.809275 -0.212000
v 0.338000 0.809275 -0.196021
v 0.353303 0.813428 -0.196697
v 0.365725 0.837000 -0.196021
v 0.365725 0.821021 -0.212000
v 0.361572 0.821697 -0.196697
v 0.338000 0.821021 -0.184275
v 0.353979 0.837000 -0.184275
v 0.353303 0.821697 -0.188428
v 0.338000 1.235000 -0.212000
v 0.338000 1.203000 -0.180000
v 0.370000 1.203000 -0.212000
v 0.338000 1.230725 -0.196021
v 0.353979 1.230725 -0.212000
v 0.353303 1.226572 -0.196697
v 0.353979 1.203000 -0.184275
v 0.338000 1.218979 -0.184275
v 0.353303 1.218303 -0.188428
v 0.365725 1.218979 -0.212000
v 0.365725 1.203000 -0.196021
v 0.361572 1.218303 -0.196697
v 0.338000 0.805000 -0.268000
v 0.338000 0.837000 -0.300000
v 0.370000 0.837000 -0.268000
v 0.338000 0.809275 -0.283979
v 0.353979 0.809275 -0.268000
v 0.353303 0.813428 -0.283303
v 0.353979 0.837000 -0.295725
v 0.338000 0.821021 -0.295725
v 0.353303 0.821697 -0.291572
v 0.365725 0.821021 -0.268000
v 0.365725 0.837000 -0.283979
v 0.361572 0.821697 -0.283303
v 0.338000 1.235000 -0.268000
v 0.370000 1.203000 -0.268000
v 0.338000 1.203000 -0.300000
v 0.353979 1.230725 -0.268000
v 0.338000 1.230725 -0.283979
v 0.353303 1.226572 -0.283303
v 0.365725 1.203000 -0.283979
v 0.365725 1.218979 -0.268000
v 0.361572 1.218303 -0.283303
v 0.338000 1.218979 -0.295725
v 0.353979 1.203000 -0.295725
v 0.353303 1.218303 -0.291572
vn -0.2566 -0.9318 0.2566
vn -0.2178 -0.6901 0.6901
vn -0.2566 -0.2566 0.9318
vn -0.6901 -0.2178 0.6901
vn -0.9318 -0.2566 0.2566
vn -0.6901 -0.6901 0.2178
vn -0.5774 -0.5774 0.5773
vn -0.2566 0.2566 0.9318
vn -0.2178 0.6901 0.6901
vn -0.2566 0.9318 0.2566
vn -0.6901 0.6901 0.2178
vn -0.9318 0.2566 0.2566
vn -0.6901 0.2178 0.6901
vn -0.5774 0.5774 0.5773
vn -0.2566 -0.9318 -0.2566
vn -0.6901 -0.6901 -0.2178
vn -0.9318 -0.2566 -0.2566
vn -0.6901 -0.2178 -0.6901
vn -0.2566 -0.2566 -0.9318
vn -0.2178 -0.6901 -0.6901
vn -0.5774 -0.5774 -0.5773
vn -0.2566 0.9318 -0.2566
vn -0.2178 0.6901 -0.6901
vn -0.2566 0.2566 -0.9318
vn -0.6901 0.2178 -0.6901
vn -0.9318 0.2566 -0.2566
vn -0.6901 0.6901 -0.2178
vn -0.5774 0.5774 -0.5773
vn 0.2566 -0.9318 0.2566
vn 0.6901 -0.6901 0.2178
vn 0.9318 -0.2566 0.2566
vn 0.6901 -0.2178 0.6901
vn 0.2566 -0.2566 0.9318
vn 0.2178 -0.6901 0.6901
vn 0.5774 -0.5774 0.5773
vn 0.2566 0.9318 0.2566
vn 0.2178 0.6901 0.6901
vn 0.2566 0.2566 0.9318
vn 0.6901 0.2178 0.6901
vn 0.9318 0.2566 0.2566
vn 0.6901 0.6901 0.2178
vn 0.5774 0.5774 0.5773
vn 0.2566 -0.9318 -0.2566
vn 0.2178 -0.6901 -0.6901
vn 0.2566 -0.2566 -0.9318
vn 0.6901 -0.2178 -0.6901
vn 0.9318 -0.2566 -0.2566
vn 0.6901 -0.6901 -0.2178
vn 0.5774 -0.5774 -0.5773
vn 0.2566 0.9318 -0.2566
vn 0.6901 0.6901 -0.2178
vn 0.9318 0.2566 -0.2566
vn 0.6901 0.2178 -0.6901
vn 0.2566 0.2566 -0.9318
vn 0.2178 0.6901 -0.6901
vn 0.5774 0.5774 -0.5773
vn -0.2585 -0.9660 -0.0000
vn -0.7071 -0.7071 -0.0000
vn -0.9660 -0.2585 -0.0000
vn -0.2585 -0.0000 0.9660
vn -0.7071 -0.0000 0.7071
vn -0.9660 -0.0000 0.2585
vn -0.2585 0.9660 -0.0000
vn -0.7071 0.7071 -0.0000
vn -0.9660 0.2585 -0.0000
vn -0.2585 -0.0000 -0.9660
vn -0.7071 -0.0000 -0.7071
vn -0.9660 -0.0000 -0.2585
vn -0.0000 -0.9660 -0.2585
vn -0.0000 -0.7071 -0.7071
vn -0.0000 -0.2585 -0.9660
vn -0.0000 0.9660 -0.2585
vn -0.0000 0.7071 -0.7071
vn -0.0000 0.2585 -0.9660
vn 0.9660 -0.0000 -0.2585
vn 0.7071 -0.0000 -0.7071
vn 0.2585 -0.0000 -0.9660
vn 0.2585 -0.9660 -0.0000
vn 0.7071 -0.7071 -0.0000
vn 0.9660 -0.2585 -0.0000
vn 0.2585 0.9660 -0.0000
vn 0.7071 0.7071 -0.0000
vn 0.9660 0.2585 -0.0000
vn 0.2585 -0.0000 0.9660
vn 0.7071 -0.0000 0.7071
vn 0.9660 -0.0000 0.2585
vn -0.0000 -0.9660 0.2585
vn -0.0000 -0.7071 0.7071
vn -0.0000 -0.2585 0.9660
vn -0.0000 0.9660 0.2585
vn -0.0000 0.7071 0.7071
vn -0.0000 0.2585 0.9660
vn -0.0000 -1.0000 -0.0000
vn -1.0000 -0.0000 -0.0000
vn -0.0000 -0.0000 1.0000
vn -0.0000 1.0000 -0.0000
vn -0.0000 -0.0000 -1.0000
vn 1.0000 -0.0000 -0.0000
vt 0.135811 0.683333
vt 0.135811 0.716623
vt 0.130641 0.715214
vt 0.130413 0.683333
vt 0.135811 0.750000
vt 0.130641 0.750000
vt 0.393605 0.989189
vt 0.393605 1.000000
vt 0.375000 0.994359
vt 0.375000 0.989189
vt 0.393605 0.000000
vt 0.393605 0.033377
vt 0.375000 0.034786
vt 0.375000 0.000000
vt 0.393605 0.066667
vt 0.375000 0.066667
vt 0.125000 0.683333
vt 0.125000 0.715214
vt 0.606395 0.989189
vt 0.615685 0.989189
vt 0.615292 1.000000
vt 0.606395 1.000000
vt 0.625000 0.989189
vt 0.625000 1.000000
vt 0.864189 0.683333
vt 0.875000 0.683333
vt 0.875000 0.715214
vt 0.864189 0.750000
vt 0.625000 0.066667
vt 0.615685 0.066667
vt 0.615292 0.034786
vt 0.625000 0.034786
vt 0.606395 0.066667
vt 0.606395 0.033377
vt 0.606395 0.000000
vt 0.615292 0.000000
vt 0.135811 0.566667
vt 0.130413 0.566667
vt 0.130641 0.534786
vt 0.135811 0.533377
vt 0.125000 0.566667
vt 0.125000 0.534786
vt 0.393605 0.183333
vt 0.393605 0.216623
vt 0.375000 0.215214
vt 0.375000 0.183333
vt 0.393605 0.255412
vt 0.375000 0.255641
vt 0.393605 0.260811
vt 0.375000 0.260811
vt 0.135811 0.500000
vt 0.130641 0.500000
vt 0.864189 0.566667
vt 0.864189 0.500000
vt 0.875000 0.534786
vt 0.875000 0.566667
vt 0.625000 0.260811
vt 0.615685 0.260811
vt 0.615292 0.253846
vt 0.625000 0.230559
vt 0.606395 0.260811
vt 0.606395 0.255413
vt 0.606395 0.216623
vt 0.615292 0.215214
vt 0.606395 0.183333
vt 0.615685 0.183333
vt 0.625000 0.183333
vt 0.364189 0.683333
vt 0.369587 0.683333
vt 0.369359 0.715214
vt 0.364189 0.716623
vt 0.384315 0.683333
vt 0.383736 0.715214
vt 0.393605 0.683333
vt 0.393605 0.716623
vt 0.393605 0.755412
vt 0.372928 0.753569
vt 0.393605 0.760811
vt 0.369593 0.755404
vt 0.635811 0.683333
vt 0.630404 0.755407
vt 0.628569 0.752072
vt 0.630413 0.683333
vt 0.615685 0.760811
vt 0.615292 0.755641
vt 0.606395 0.760811
vt 0.606395 0.755412
vt 0.606395 0.716623
vt 0.615292 0.718126
vt 0.606395 0.683333
vt 0.615685 0.683333
vt 0.364189 0.566667
vt 0.364189 0.533377
vt 0.369359 0.534786
vt 0.369587 0.566667
vt 0.369593 0.494596
vt 0.372928 0.496431
vt 0.393605 0.489189
vt 0.393605 0.494588
vt 0.393605 0.533377
vt 0.383736 0.534786
vt 0.393605 0.566667
vt 0.384315 0.566667
vt 0.635811 0.566667
vt 0.630413 0.566667
vt 0.628569 0.497928
vt 0.630404 0.494593
vt 0.615685 0.566667
vt 0.615292 0.531874
vt 0.606395 0.566667
vt 0.606395 0.533377
vt 0.606395 0.494588
vt 0.615292 0.494359
vt 0.606395 0.489189
vt 0.615685 0.489189
s 0
usemtl BlackIron
f 1129/1533/1121 1132/1534/1121 1134/1535/1121 1133/1536/1121
f 1132/1534/1122 1136/1537/1122 1137/1538/1122 1134/1535/1122
f 1130/1539/1123 1135/1540/1123 1137/1541/1123 1136/1542/1123
f 1135/1543/1124 1139/1544/1124 1140/1545/1124 1137/1546/1124
f 1131/1547/1125 1138/1548/1125 1140/1545/1125 1139/1544/1125
f 1138/1549/1126 1133/1536/1126 1134/1535/1126 1140/1550/1126
f 1134/1535/1127 1137/1538/1127 1140/1550/1127
f 1141/1551/1128 1144/1552/1128 1146/1553/1128 1145/1554/1128
f 1144/1552/1129 1148/1555/1129 1149/1556/1129 1146/1553/1129
f 1142/1557/1130 1147/1558/1130 1149/1559/1130 1148/1560/1130
f 1147/1561/1131 1151/1562/1131 1152/1563/1131 1149/1564/1131
f 1143/1565/1132 1150/1566/1132 1152/1563/1132 1151/1562/1132
f 1150/1566/1133 1145/1567/1133 1146/1568/1133 1152/1563/1133
f 1146/1568/1134 1149/1564/1134 1152/1563/1134
f 1153/1569/1135 1156/1570/1135 1158/1571/1135 1157/1572/1135
f 1156/1570/1136 1160/1573/1136 1161/1574/1136 1158/1571/1136
f 1154/1575/1137 1159/1576/1137 1161/1577/1137 1160/1578/1137
f 1159/1576/1138 1163/1579/1138 1164/1580/1138 1161/1577/1138
f 1155/1581/1139 1162/1582/1139 1164/1580/1139 1163/1579/1139
f 1162/1583/1140 1157/1572/1140 1158/1571/1140 1164/1584/1140
f 1158/1571/1141 1161/1574/1141 1164/1584/1141
f 1165/1585/1142 1168/1586/1142 1170/1587/1142 1169/1588/1142
f 1168/1589/1143 1172/1590/1143 1173/1591/1143 1170/1592/1143
f 1166/1593/1144 1171/1594/1144 1173/1591/1144 1172/1590/1144
f 1171/1594/1145 1175/1595/1145 1176/1596/1145 1173/1591/1145
f 1167/1597/1146 1174/1598/1146 1176/1596/1146 1175/1595/1146
f 1174/1598/1147 1169/1599/1147 1170/1592/1147 1176/1596/1147
f 1170/1592/1148 1173/1591/1148 1176/1596/1148
f 1177/1600/1149 1180/1601/1149 1182/1602/1149 1181/1603/1149
f 1180/1601/1150 1184/1604/1150 1185/1605/1150 1182/1602/1150
f 1178/1606/1151 1183/1607/1151 1185/1605/1151 1184/1604/1151
f 1183/1607/1152 1187/1608/1152 1188/1609/1152 1185/1605/1152
f 1179/1610/1153 1186/1611/1153 1188/1609/1153 1187/1608/1153
f 1186/1611/1154 1181/1603/1154 1182/1602/1154 1188/1609/1154
f 1182/1602/1155 1185/1605/1155 1188/1609/1155
f 1189/1612/1156 1192/1613/1156 1194/1614/1156 1193/1615/1156
f 1192/1613/1157 1196/1616/1157 1197/1617/1157 1194/1614/1157
f 1190/1618/1158 1195/1619/1158 1197/1617/1158 1196/1616/1158
f 1195/1619/1159 1199/1620/1159 1200/1621/1159 1197/1617/1159
f 1191/1622/1160 1198/1623/1160 1200/1621/1160 1199/1620/1160
f 1198/1623/1161 1193/1615/1161 1194/1614/1161 1200/1621/1161
f 1194/1614/1162 1197/1617/1162 1200/1621/1162
f 1201/1624/1163 1204/1625/1163 1206/1626/1163 1205/1627/1163
f 1204/1625/1164 1208/1628/1164 1209/1629/1164 1206/1626/1164
f 1202/1630/1165 1207/1631/1165 1209/1629/1165 1208/1628/1165
f 1207/1631/1166 1211/1632/1166 1212/1633/1166 1209/1629/1166
f 1203/1634/1167 1210/1635/1167 1212/1633/1167 1211/1632/1167
f 1210/1635/1168 1205/1627/1168 1206/1626/1168 1212/1633/1168
f 1206/1626/1169 1209/1629/1169 1212/1633/1169
f 1213/1636/1170 1216/1637/1170 1218/1638/1170 1217/1639/1170
f 1216/1637/1171 1220/1640/1171 1221/1641/1171 1218/1638/1171
f 1214/1642/1172 1219/1643/1172 1221/1641/1172 1220/1640/1172
f 1219/1643/1173 1223/1644/1173 1224/1645/1173 1221/1641/1173
f 1215/1646/1174 1222/1647/1174 1224/1645/1174 1223/1644/1174
f 1222/1647/1175 1217/1639/1175 1218/1638/1175 1224/1645/1175
f 1218/1638/1176 1221/1641/1176 1224/1645/1176
f 1153/1569/1177 1129/1533/1177 1133/1536/1177 1156/1570/1177
f 1156/1570/1178 1133/1536/1178 1138/1549/1178 1160/1573/1178
f 1160/1578/1179 1138/1548/1179 1131/1547/1179 1154/1575/1179
f 1130/1539/1180 1141/1551/1180 1145/1554/1180 1135/1540/1180
f 1135/1543/1181 1145/1567/1181 1150/1566/1181 1139/1544/1181
f 1139/1544/1182 1150/1566/1182 1143/1565/1182 1131/1547/1182
f 1142/1557/1183 1165/1585/1183 1169/1588/1183 1147/1558/1183
f 1147/1561/1184 1169/1599/1184 1174/1598/1184 1151/1562/1184
f 1151/1562/1185 1174/1598/1185 1167/1597/1185 1143/1565/1185
f 1166/1593/1186 1155/1581/1186 1163/1579/1186 1171/1594/1186
f 1171/1594/1187 1163/1579/1187 1159/1576/1187 1175/1595/1187
f 1175/1595/1188 1159/1576/1188 1154/1575/1188 1167/1597/1188
f 1201/1624/1189 1153/1569/1189 1157/1572/1189 1204/1625/1189
f 1204/1625/1190 1157/1572/1190 1162/1583/1190 1208/1628/1190
f 1208/1628/1191 1162/1582/1191 1155/1581/1191 1202/1630/1191
f 1165/1585/1192 1213/1636/1192 1217/1639/1192 1168/1586/1192
f 1168/1589/1193 1217/1639/1193 1222/1647/1193 1172/1590/1193
f 1172/1590/1194 1222/1647/1194 1215/1646/1194 1166/1593/1194
f 1214/1642/1195 1203/1634/1195 1211/1632/1195 1219/1643/1195
f 1219/1643/1196 1211/1632/1196 1207/1631/1196 1223/1644/1196
f 1223/1644/1197 1207/1631/1197 1202/1630/1197 1215/1646/1197
f 1177/1600/1198 1201/1624/1198 1205/1627/1198 1180/1601/1198
f 1180/1601/1199 1205/1627/1199 1210/1635/1199 1184/1604/1199
f 1184/1604/1200 1210/1635/1200 1203/1634/1200 1178/1606/1200
f 1213/1636/1201 1189/1612/1201 1193/1615/1201 1216/1637/1201
f 1216/1637/1202 1193/1615/1202 1198/1623/1202 1220/1640/1202
f 1220/1640/1203 1198/1623/1203 1191/1622/1203 1214/1642/1203
f 1190/1618/1204 1179/1610/1204 1187/1608/1204 1195/1619/1204
f 1195/1619/1205 1187/1608/1205 1183/1607/1205 1199/1620/1205
f 1199/1620/1206 1183/1607/1206 1178/1606/1206 1191/1622/1206
f 1129/1533/1207 1177/1600/1207 1181/1603/1207 1132/1534/1207
f 1132/1534/1208 1181/1603/1208 1186/1611/1208 1136/1537/1208
f 1136/1542/1209 1186/1611/1209 1179/1610/1209 1130/1539/1209
f 1189/1612/1210 1142/1557/1210 1148/1560/1210 1192/1613/1210
f 1192/1613/1211 1148/1555/1211 1144/1552/1211 1196/1616/1211
f 1196/1616/1212 1144/1552/1212 1141/1551/1212 1190/1618/1212
f 1153/1569/1213 1201/1624/1213 1177/1600/1213 1129/1533/1213
f 1131/1547/1214 1143/1565/1214 1167/1597/1214 1154/1575/1214
f 1179/1610/1215 1190/1618/1215 1141/1551/1215 1130/1539/1215
f 1213/1636/1216 1165/1585/1216 1142/1557/1216 1189/1612/1216
f 1155/1581/1217 1166/1593/1217 1215/1646/1217 1202/1630/1217
f 1203/1634/1218 1214/1642/1218 1191/1622/1218 1178/1606/1218
