# Blender 4.5.10 LTS
# www.blender.org
mtllib TowerDestroy2_pose.mtl
o rough_stone_foundation_lower_course
v 0.000000 0.000000 -0.933058
v -0.024695 0.021252 -0.934759
v 0.024695 0.021252 -0.934759
v -0.015595 0.006225 -0.941749
v 0.000000 0.009406 -0.944406
v 0.000000 0.023295 -0.937437
v 0.015595 0.006225 -0.941749
v 0.000000 0.280000 -0.719458
v 0.024695 0.258748 -0.753583
v -0.024695 0.258748 -0.753583
v 0.013221 0.273775 -0.738629
v -0.000000 0.271442 -0.744918
v 0.000000 0.260791 -0.756262
v -0.013221 0.273775 -0.738629
v 0.659772 0.000000 -0.659772
v 0.643512 0.021252 -0.678436
v 0.678436 0.021252 -0.643512
v 0.654890 0.006225 -0.676945
v 0.667796 0.009406 -0.667796
v 0.662868 0.023295 -0.662868
v 0.676945 0.006225 -0.654890
v 0.508734 0.280000 -0.508734
v 0.550326 0.258748 -0.515402
v 0.515402 0.258748 -0.550326
v 0.531639 0.273775 -0.512941
v 0.526737 0.271442 -0.526737
v 0.534758 0.260791 -0.534758
v 0.512941 0.273775 -0.531639
v 0.933058 0.000000 0.000000
v 0.934759 0.021252 -0.024695
v 0.934759 0.021252 0.024695
v 0.941749 0.006225 -0.015595
v 0.944406 0.009406 0.000000
v 0.937437 0.023295 0.000000
v 0.941749 0.006225 0.015595
v 0.719458 0.280000 0.000000
v 0.753583 0.258748 0.024695
v 0.753583 0.258748 -0.024695
v 0.738629 0.273775 0.013221
v 0.744918 0.271442 -0.000000
v 0.756262 0.260791 0.000000
v 0.738629 0.273775 -0.013221
v 0.659772 0.000000 0.659772
v 0.678436 0.021252 0.643512
v 0.643512 0.021252 0.678436
v 0.676945 0.006225 0.654890
v 0.667796 0.009406 0.667796
v 0.662868 0.023295 0.662868
v 0.654890 0.006225 0.676945
v 0.508734 0.280000 0.508734
v 0.515402 0.258748 0.550326
v 0.550326 0.258748 0.515402
v 0.512941 0.273775 0.531639
v 0.526737 0.271442 0.526737
v 0.534758 0.260791 0.534758
v 0.531639 0.273775 0.512941
v 0.000000 0.000000 0.933058
v 0.024695 0.021252 0.934759
v -0.024695 0.021252 0.934759
v 0.015595 0.006225 0.941749
v -0.000000 0.009406 0.944406
v 0.000000 0.023295 0.937437
v -0.015595 0.006225 0.941749
v 0.000000 0.280000 0.719458
v -0.024695 0.258748 0.753583
v 0.024695 0.258748 0.753583
v -0.013221 0.273775 0.738629
v 0.000000 0.271442 0.744918
v -0.000000 0.260791 0.756262
v 0.013221 0.273775 0.738629
v -0.659772 0.000000 0.659772
v -0.643512 0.021252 0.678436
v -0.678436 0.021252 0.643512
v -0.654890 0.006225 0.676945
v -0.667796 0.009406 0.667796
v -0.662868 0.023295 0.662868
v -0.676945 0.006225 0.654890
v -0.508734 0.280000 0.508734
v -0.550326 0.258748 0.515402
v -0.515402 0.258748 0.550326
v -0.531639 0.273775 0.512941
v -0.526737 0.271442 0.526737
v -0.534758 0.260791 0.534758
v -0.512941 0.273775 0.531639
v -0.933058 0.000000 0.000000
v -0.934759 0.021252 0.024695
v -0.934759 0.021252 -0.024695
v -0.941749 0.006225 0.015595
v -0.944406 0.009406 -0.000000
v -0.937437 0.023295 0.000000
v -0.941749 0.006225 -0.015595
v -0.719458 0.280000 0.000000
v -0.753583 0.258748 -0.024695
v -0.753583 0.258748 0.024695
v -0.738629 0.273775 -0.013221
v -0.744918 0.271442 0.000000
v -0.756262 0.260791 -0.000000
v -0.738629 0.273775 0.013221
v -0.659772 0.000000 -0.659772
v -0.678436 0.021252 -0.643512
v -0.643512 0.021252 -0.678436
v -0.676945 0.006225 -0.654890
v -0.667796 0.009406 -0.667796
v -0.662868 0.023295 -0.662868
v -0.654890 0.006225 -0.676945
v -0.508734 0.280000 -0.508734
v -0.515402 0.258748 -0.550326
v -0.550326 0.258748 -0.515402
v -0.512941 0.273775 -0.531639
v -0.526737 0.271442 -0.526737
v -0.534758 0.260791 -0.534758
v -0.531639 0.273775 -0.512941
vn -0.0000 -0.7699 -0.6382
vn -0.1700 0.3845 -0.9073
vn 0.1700 0.3845 -0.9073
vn -0.0000 0.9479 -0.3186
vn 0.1496 0.7393 -0.6566
vn -0.1496 0.7393 -0.6566
vn 0.4513 -0.7699 -0.4513
vn 0.5214 0.3845 -0.7618
vn 0.7618 0.3845 -0.5214
vn 0.2253 0.9479 -0.2253
vn 0.5701 0.7393 -0.3585
vn 0.3585 0.7393 -0.5701
vn 0.6382 -0.7699 -0.0000
vn 0.9073 0.3845 -0.1700
vn 0.9073 0.3845 0.1700
vn 0.3186 0.9479 -0.0000
vn 0.6566 0.7393 0.1496
vn 0.6566 0.7393 -0.1496
vn 0.4513 -0.7699 0.4513
vn 0.7618 0.3845 0.5214
vn 0.5214 0.3845 0.7618
vn 0.2253 0.9479 0.2253
vn 0.3585 0.7393 0.5701
vn 0.5701 0.7393 0.3585
vn -0.0000 -0.7699 0.6382
vn 0.1700 0.3845 0.9073
vn -0.1700 0.3845 0.9073
vn -0.0000 0.9479 0.3186
vn -0.1496 0.7393 0.6566
vn 0.1496 0.7393 0.6566
vn -0.4513 -0.7699 0.4513
vn -0.5214 0.3845 0.7618
vn -0.7618 0.3845 0.5214
vn -0.2253 0.9479 0.2253
vn -0.5701 0.7393 0.3585
vn -0.3585 0.7393 0.5701
vn -0.6382 -0.7699 -0.0000
vn -0.9073 0.3845 0.1700
vn -0.9073 0.3845 -0.1700
vn -0.3186 0.9479 -0.0000
vn -0.6566 0.7393 -0.1496
vn -0.6566 0.7393 0.1496
vn -0.4513 -0.7699 -0.4513
vn -0.7618 0.3845 -0.5214
vn -0.5214 0.3845 -0.7618
vn -0.2253 0.9479 -0.2253
vn -0.3585 0.7393 -0.5701
vn -0.5701 0.7393 -0.3585
vn 0.3754 0.1943 -0.9063
vn 0.1555 -0.9137 -0.3754
vn 0.2436 0.7712 -0.5881
vn 0.1009 0.9646 -0.2436
vn -0.1352 0.6010 -0.7878
vn 0.1352 0.6010 -0.7878
vn 0.6526 0.6010 -0.4615
vn 0.4615 0.6010 -0.6526
vn 0.9063 0.1943 -0.3754
vn 0.3754 -0.9137 -0.1555
vn 0.5881 0.7712 -0.2436
vn 0.2436 0.9646 -0.1009
vn 0.7878 0.6010 0.1352
vn 0.7878 0.6010 -0.1352
vn 0.9063 0.1943 0.3754
vn 0.3754 -0.9137 0.1555
vn 0.5881 0.7712 0.2436
vn 0.2436 0.9646 0.1009
vn 0.4615 0.6010 0.6526
vn 0.6526 0.6010 0.4615
vn 0.3754 0.1943 0.9063
vn 0.1555 -0.9137 0.3754
vn 0.2436 0.7712 0.5881
vn 0.1009 0.9646 0.2436
vn -0.1352 0.6010 0.7878
vn 0.1352 0.6010 0.7878
vn -0.3754 0.1943 0.9063
vn -0.1555 -0.9137 0.3754
vn -0.2436 0.7712 0.5881
vn -0.1009 0.9646 0.2436
vn -0.6526 0.6010 0.4615
vn -0.4615 0.6010 0.6526
vn -0.9063 0.1943 0.3754
vn -0.3754 -0.9137 0.1555
vn -0.5881 0.7712 0.2436
vn -0.2436 0.9646 0.1009
vn -0.7878 0.6010 -0.1352
vn -0.7878 0.6010 0.1352
vn -0.9063 0.1943 -0.3754
vn -0.3754 -0.9137 -0.1555
vn -0.5881 0.7712 -0.2436
vn -0.2436 0.9646 -0.1009
vn -0.4615 0.6010 -0.6526
vn -0.6526 0.6010 -0.4615
vn -0.3754 0.1943 -0.9063
vn -0.1555 -0.9137 -0.3754
vn -0.2436 0.7712 -0.5881
vn -0.1009 0.9646 -0.2436
vn -0.0000 -1.0000 -0.0000
vn 0.3128 0.5761 -0.7552
vn -0.3128 0.5761 -0.7552
vn -0.0000 1.0000 -0.0000
vn 0.7552 0.5761 -0.3128
vn 0.7552 0.5761 0.3128
vn 0.3128 0.5761 0.7552
vn -0.3128 0.5761 0.7552
vn -0.7552 0.5761 0.3128
vn -0.7552 0.5761 -0.3128
vt 0.750000 0.482973
vt 0.744959 0.487912
vt 0.748517 0.489386
vt 0.755041 0.487912
vt 0.004761 0.537950
vt 0.000000 0.546759
vt 0.000000 0.525080
vt 0.003713 0.500000
vt 0.995239 0.537950
vt 0.996287 0.500000
vt 0.998908 0.500000
vt 1.000000 0.546759
vt 0.250000 0.480966
vt 0.254641 0.488078
vt 0.250304 0.489874
vt 0.245359 0.488078
vt 0.994598 0.962050
vt 1.000000 0.970858
vt 1.000000 0.992649
vt 0.996582 1.000000
vt 0.005402 0.962050
vt 0.003418 1.000000
vt 0.000224 1.000000
vt 0.000000 0.970858
vt 0.914737 0.414737
vt 0.914665 0.421794
vt 0.918223 0.420320
vt 0.921794 0.414665
vt 0.879761 0.537950
vt 0.875000 0.546759
vt 0.874454 0.512540
vt 0.878713 0.500000
vt 0.870239 0.537950
vt 0.871287 0.500000
vt 0.413317 0.413317
vt 0.421628 0.415065
vt 0.419832 0.419401
vt 0.415065 0.421628
vt 0.869598 0.962049
vt 0.875000 0.970858
vt 0.875112 0.996325
vt 0.871582 1.000000
vt 0.880401 0.962050
vt 0.878418 1.000000
vt 0.982973 0.250000
vt 0.987912 0.255041
vt 0.989386 0.251483
vt 0.987912 0.244959
vt 0.754761 0.537950
vt 0.750000 0.546759
vt 0.749454 0.512540
vt 0.753713 0.500000
vt 0.745239 0.537950
vt 0.746287 0.500000
vt 0.480966 0.250000
vt 0.488078 0.245359
vt 0.489874 0.249696
vt 0.488078 0.254641
vt 0.744598 0.962050
vt 0.750000 0.970858
vt 0.750112 0.996325
vt 0.746582 1.000000
vt 0.755402 0.962050
vt 0.753418 1.000000
vt 0.914737 0.085263
vt 0.921794 0.085335
vt 0.920320 0.081777
vt 0.914665 0.078206
vt 0.629761 0.537950
vt 0.625000 0.546759
vt 0.624454 0.512540
vt 0.628713 0.500000
vt 0.620239 0.537950
vt 0.621287 0.500000
vt 0.413317 0.086683
vt 0.415065 0.078372
vt 0.419401 0.080168
vt 0.421628 0.084935
vt 0.619598 0.962050
vt 0.625000 0.970858
vt 0.625112 0.996325
vt 0.621582 1.000000
vt 0.630402 0.962050
vt 0.628418 1.000000
vt 0.750000 0.017027
vt 0.755041 0.012088
vt 0.751483 0.010614
vt 0.744959 0.012088
vt 0.504761 0.537950
vt 0.500000 0.546759
vt 0.499454 0.512540
vt 0.503713 0.500000
vt 0.495239 0.537950
vt 0.496287 0.500000
vt 0.250000 0.019034
vt 0.245359 0.011922
vt 0.249696 0.010126
vt 0.254641 0.011922
vt 0.494598 0.962050
vt 0.500000 0.970858
vt 0.500112 0.996325
vt 0.496582 1.000000
vt 0.505402 0.962050
vt 0.503418 1.000000
vt 0.585263 0.085263
vt 0.585335 0.078206
vt 0.581777 0.079680
vt 0.578206 0.085335
vt 0.379761 0.537950
vt 0.375000 0.546759
vt 0.374454 0.512540
vt 0.378713 0.500000
vt 0.370239 0.537950
vt 0.371287 0.500000
vt 0.086683 0.086683
vt 0.078372 0.084935
vt 0.080168 0.080599
vt 0.084935 0.078372
vt 0.369598 0.962050
vt 0.375000 0.970858
vt 0.375112 0.996325
vt 0.371582 1.000000
vt 0.380402 0.962050
vt 0.378418 1.000000
vt 0.517027 0.250000
vt 0.512088 0.244959
vt 0.510614 0.248517
vt 0.512088 0.255041
vt 0.254761 0.537950
vt 0.250000 0.546759
vt 0.249454 0.512540
vt 0.253713 0.500000
vt 0.245239 0.537950
vt 0.246287 0.500000
vt 0.019034 0.250000
vt 0.011922 0.254641
vt 0.010126 0.250304
vt 0.011922 0.245359
vt 0.244598 0.962050
vt 0.250000 0.970858
vt 0.250112 0.996325
vt 0.246582 1.000000
vt 0.255402 0.962050
vt 0.253418 1.000000
vt 0.585263 0.414737
vt 0.578206 0.414665
vt 0.579680 0.418223
vt 0.585335 0.421794
vt 0.129761 0.537950
vt 0.125000 0.546759
vt 0.124454 0.512540
vt 0.128713 0.500000
vt 0.120239 0.537950
vt 0.121287 0.500000
vt 0.086683 0.413317
vt 0.084935 0.421628
vt 0.080599 0.419832
vt 0.078372 0.415065
vt 0.119598 0.962050
vt 0.125000 0.970858
vt 0.125112 0.996325
vt 0.121582 1.000000
vt 0.130402 0.962050
vt 0.128418 1.000000
s 0
usemtl Limestone
f 1/1/1 4/2/1 5/3/1 7/4/1
f 2/5/2 6/6/2 5/7/2 4/8/2
f 3/9/3 7/10/3 5/11/3 6/12/3
f 8/13/4 11/14/4 12/15/4 14/16/4
f 9/17/5 13/18/5 12/19/5 11/20/5
f 10/21/6 14/22/6 12/23/6 13/24/6
f 15/25/7 18/26/7 19/27/7 21/28/7
f 16/29/8 20/30/8 19/31/8 18/32/8
f 17/33/9 21/34/9 19/31/9 20/30/9
f 22/35/10 25/36/10 26/37/10 28/38/10
f 23/39/11 27/40/11 26/41/11 25/42/11
f 24/43/12 28/44/12 26/41/12 27/40/12
f 29/45/13 32/46/13 33/47/13 35/48/13
f 30/49/14 34/50/14 33/51/14 32/52/14
f 31/53/15 35/54/15 33/51/15 34/50/15
f 36/55/16 39/56/16 40/57/16 42/58/16
f 37/59/17 41/60/17 40/61/17 39/62/17
f 38/63/18 42/64/18 40/61/18 41/60/18
f 43/65/19 46/66/19 47/67/19 49/68/19
f 44/69/20 48/70/20 47/71/20 46/72/20
f 45/73/21 49/74/21 47/71/21 48/70/21
f 50/75/22 53/76/22 54/77/22 56/78/22
f 51/79/23 55/80/23 54/81/23 53/82/23
f 52/83/24 56/84/24 54/81/24 55/80/24
f 57/85/25 60/86/25 61/87/25 63/88/25
f 58/89/26 62/90/26 61/91/26 60/92/26
f 59/93/27 63/94/27 61/91/27 62/90/27
f 64/95/28 67/96/28 68/97/28 70/98/28
f 65/99/29 69/100/29 68/101/29 67/102/29
f 66/103/30 70/104/30 68/101/30 69/100/30
f 71/105/31 74/106/31 75/107/31 77/108/31
f 72/109/32 76/110/32 75/111/32 74/112/32
f 73/113/33 77/114/33 75/111/33 76/110/33
f 78/115/34 81/116/34 82/117/34 84/118/34
f 79/119/35 83/120/35 82/121/35 81/122/35
f 80/123/36 84/124/36 82/121/36 83/120/36
f 85/125/37 88/126/37 89/127/37 91/128/37
f 86/129/38 90/130/38 89/131/38 88/132/38
f 87/133/39 91/134/39 89/131/39 90/130/39
f 92/135/40 95/136/40 96/137/40 98/138/40
f 93/139/41 97/140/41 96/141/41 95/142/41
f 94/143/42 98/144/42 96/141/42 97/140/42
f 99/145/43 102/146/43 103/147/43 105/148/43
f 100/149/44 104/150/44 103/151/44 102/152/44
f 101/153/45 105/154/45 103/151/45 104/150/45
f 106/155/46 109/156/46 110/157/46 112/158/46
f 107/159/47 111/160/47 110/161/47 109/162/47
f 108/163/48 112/164/48 110/161/48 111/160/48
f 3/9/49 16/29/49 18/32/49 7/10/49
f 7/4/50 18/26/50 15/25/50 1/1/50
f 24/43/51 9/17/51 11/20/51 28/44/51
f 28/38/52 11/14/52 8/13/52 22/35/52
f 2/5/53 10/21/53 13/24/53 6/6/53
f 6/12/54 13/18/54 9/17/54 3/9/54
f 23/39/55 17/33/55 20/30/55 27/40/55
f 27/40/56 20/30/56 16/29/56 24/43/56
f 17/33/57 30/49/57 32/52/57 21/34/57
f 21/28/58 32/46/58 29/45/58 15/25/58
f 38/63/59 23/39/59 25/42/59 42/64/59
f 42/58/60 25/36/60 22/35/60 36/55/60
f 37/59/61 31/53/61 34/50/61 41/60/61
f 41/60/62 34/50/62 30/49/62 38/63/62
f 31/53/63 44/69/63 46/72/63 35/54/63
f 35/48/64 46/66/64 43/65/64 29/45/64
f 52/83/65 37/59/65 39/62/65 56/84/65
f 56/78/66 39/56/66 36/55/66 50/75/66
f 51/79/67 45/73/67 48/70/67 55/80/67
f 55/80/68 48/70/68 44/69/68 52/83/68
f 45/73/69 58/89/69 60/92/69 49/74/69
f 49/68/70 60/86/70 57/85/70 43/65/70
f 66/103/71 51/79/71 53/82/71 70/104/71
f 70/98/72 53/76/72 50/75/72 64/95/72
f 65/99/73 59/93/73 62/90/73 69/100/73
f 69/100/74 62/90/74 58/89/74 66/103/74
f 59/93/75 72/109/75 74/112/75 63/94/75
f 63/88/76 74/106/76 71/105/76 57/85/76
f 80/123/77 65/99/77 67/102/77 84/124/77
f 84/118/78 67/96/78 64/95/78 78/115/78
f 79/119/79 73/113/79 76/110/79 83/120/79
f 83/120/80 76/110/80 72/109/80 80/123/80
f 73/113/81 86/129/81 88/132/81 77/114/81
f 77/108/82 88/126/82 85/125/82 71/105/82
f 94/143/83 79/119/83 81/122/83 98/144/83
f 98/138/84 81/116/84 78/115/84 92/135/84
f 93/139/85 87/133/85 90/130/85 97/140/85
f 97/140/86 90/130/86 86/129/86 94/143/86
f 87/133/87 100/149/87 102/152/87 91/134/87
f 91/128/88 102/146/88 99/145/88 85/125/88
f 108/163/89 93/139/89 95/142/89 112/164/89
f 112/158/90 95/136/90 92/135/90 106/155/90
f 107/159/91 101/153/91 104/150/91 111/160/91
f 111/160/92 104/150/92 100/149/92 108/163/92
f 101/153/93 2/5/93 4/8/93 105/154/93
f 105/148/94 4/2/94 1/1/94 99/145/94
f 10/21/95 107/159/95 109/162/95 14/22/95
f 14/16/96 109/156/96 106/155/96 8/13/96
f 1/1/97 15/25/97 29/45/97 43/65/97 57/85/97 71/105/97 85/125/97 99/145/97
f 3/9/98 9/17/98 24/43/98 16/29/98
f 101/153/99 107/159/99 10/21/99 2/5/99
f 22/35/100 8/13/100 106/155/100 92/135/100 78/115/100 64/95/100 50/75/100 36/55/100
f 17/33/101 23/39/101 38/63/101 30/49/101
f 31/53/102 37/59/102 52/83/102 44/69/102
f 45/73/103 51/79/103 66/103/103 58/89/103
f 59/93/104 65/99/104 80/123/104 72/109/104
f 73/113/105 79/119/105 94/143/105 86/129/105
f 87/133/106 93/139/106 108/163/106 100/149/106
o rough_stone_foundation_upper_course
v 0.000000 0.249200 -0.683617
v -0.016630 0.267200 -0.696212
v 0.016630 0.267200 -0.696212
v -0.009742 0.254472 -0.693358
v 0.000000 0.256808 -0.696664
v -0.000000 0.267200 -0.699065
v 0.009742 0.254472 -0.693358
v 0.000000 0.333200 -0.683617
v 0.016630 0.315200 -0.696212
v -0.016630 0.315200 -0.696212
v 0.009742 0.327928 -0.693358
v -0.000000 0.325593 -0.696664
v 0.000000 0.315200 -0.699065
v -0.009742 0.327928 -0.693358
v 0.483390 0.249200 -0.483390
v 0.480537 0.267200 -0.504055
v 0.504055 0.267200 -0.480537
v 0.483390 0.254472 -0.497167
v 0.492616 0.256808 -0.492616
v 0.494314 0.267200 -0.494314
v 0.497167 0.254472 -0.483390
v 0.483390 0.333200 -0.483390
v 0.504055 0.315200 -0.480537
v 0.480537 0.315200 -0.504055
v 0.497167 0.327928 -0.483390
v 0.492616 0.325593 -0.492616
v 0.494314 0.315200 -0.494314
v 0.483390 0.327928 -0.497167
v 0.683617 0.249200 0.000000
v 0.696212 0.267200 -0.016630
v 0.696212 0.267200 0.016630
v 0.693358 0.254472 -0.009742
v 0.696664 0.256808 0.000000
v 0.699065 0.267200 -0.000000
v 0.693358 0.254472 0.009742
v 0.683617 0.333200 0.000000
v 0.696212 0.315200 0.016630
v 0.696212 0.315200 -0.016630
v 0.693358 0.327928 0.009742
v 0.696664 0.325593 -0.000000
v 0.699065 0.315200 0.000000
v 0.693358 0.327928 -0.009742
v 0.483390 0.249200 0.483390
v 0.504055 0.267200 0.480537
v 0.480537 0.267200 0.504055
v 0.497167 0.254472 0.483390
v 0.492616 0.256808 0.492616
v 0.494314 0.267200 0.494314
v 0.483390 0.254472 0.497167
v 0.483390 0.333200 0.483390
v 0.480537 0.315200 0.504055
v 0.504055 0.315200 0.480537
v 0.483390 0.327928 0.497167
v 0.492616 0.325593 0.492616
v 0.494314 0.315200 0.494314
v 0.497167 0.327928 0.483390
v 0.000000 0.249200 0.683617
v 0.016630 0.267200 0.696212
v -0.016630 0.267200 0.696212
v 0.009742 0.254472 0.693358
v -0.000000 0.256808 0.696664
v 0.000000 0.267200 0.699065
v -0.009742 0.254472 0.693358
v 0.000000 0.333200 0.683617
v -0.016630 0.315200 0.696212
v 0.016630 0.315200 0.696212
v -0.009742 0.327928 0.693358
v 0.000000 0.325593 0.696664
v -0.000000 0.315200 0.699065
v 0.009742 0.327928 0.693358
v -0.483390 0.249200 0.483390
v -0.480537 0.267200 0.504055
v -0.504055 0.267200 0.480537
v -0.483390 0.254472 0.497167
v -0.492616 0.256808 0.492616
v -0.494314 0.267200 0.494314
v -0.497167 0.254472 0.483390
v -0.483390 0.333200 0.483390
v -0.504055 0.315200 0.480537
v -0.480537 0.315200 0.504055
v -0.497167 0.327928 0.483390
v -0.492616 0.325593 0.492616
v -0.494314 0.315200 0.494314
v -0.483390 0.327928 0.497167
v -0.683617 0.249200 0.000000
v -0.696212 0.267200 0.016630
v -0.696212 0.267200 -0.016630
v -0.693358 0.254472 0.009742
v -0.696664 0.256808 -0.000000
v -0.699065 0.267200 0.000000
v -0.693358 0.254472 -0.009742
v -0.683617 0.333200 0.000000
v -0.696212 0.315200 -0.016630
v -0.696212 0.315200 0.016630
v -0.693358 0.327928 -0.009742
v -0.696664 0.325593 0.000000
v -0.699065 0.315200 -0.000000
v -0.693358 0.327928 0.009742
v -0.483390 0.249200 -0.483390
v -0.504055 0.267200 -0.480537
v -0.480537 0.267200 -0.504055
v -0.497167 0.254472 -0.483390
v -0.492616 0.256808 -0.492616
v -0.494314 0.267200 -0.494314
v -0.483390 0.254472 -0.497167
v -0.483390 0.333200 -0.483390
v -0.480537 0.315200 -0.504055
v -0.504055 0.315200 -0.480537
v -0.483390 0.327928 -0.497167
v -0.492616 0.325593 -0.492616
v -0.494314 0.315200 -0.494314
v -0.497167 0.327928 -0.483390
vn -0.0000 -0.8639 -0.5037
vn -0.1959 -0.2724 -0.9420
vn 0.1959 -0.2724 -0.9420
vn -0.0000 0.8639 -0.5037
vn 0.1959 0.2724 -0.9420
vn -0.1959 0.2724 -0.9420
vn 0.3562 -0.8639 -0.3562
vn 0.5276 -0.2724 -0.8046
vn 0.8046 -0.2724 -0.5276
vn 0.3562 0.8639 -0.3562
vn 0.8046 0.2724 -0.5276
vn 0.5276 0.2724 -0.8046
vn 0.5037 -0.8639 -0.0000
vn 0.9420 -0.2724 -0.1959
vn 0.9420 -0.2724 0.1959
vn 0.5037 0.8639 -0.0000
vn 0.9420 0.2724 0.1959
vn 0.9420 0.2724 -0.1959
vn 0.3562 -0.8639 0.3562
vn 0.8046 -0.2724 0.5276
vn 0.5276 -0.2724 0.8046
vn 0.3562 0.8639 0.3562
vn 0.5276 0.2724 0.8046
vn 0.8046 0.2724 0.5276
vn -0.0000 -0.8639 0.5037
vn 0.1959 -0.2724 0.9420
vn -0.1959 -0.2724 0.9420
vn -0.0000 0.8639 0.5037
vn -0.1959 0.2724 0.9420
vn 0.1959 0.2724 0.9420
vn -0.3562 -0.8639 0.3562
vn -0.5276 -0.2724 0.8046
vn -0.8046 -0.2724 0.5276
vn -0.3562 0.8639 0.3562
vn -0.8046 0.2724 0.5276
vn -0.5276 0.2724 0.8046
vn -0.5037 -0.8639 -0.0000
vn -0.9420 -0.2724 0.1959
vn -0.9420 -0.2724 -0.1959
vn -0.5037 0.8639 -0.0000
vn -0.9420 0.2724 -0.1959
vn -0.9420 0.2724 0.1959
vn -0.3562 -0.8639 -0.3562
vn -0.8046 -0.2724 -0.5276
vn -0.5276 -0.2724 -0.8046
vn -0.3562 0.8639 -0.3562
vn -0.5276 0.2724 -0.8046
vn -0.8046 0.2724 -0.5276
vn 0.3536 -0.3827 -0.8536
vn 0.1464 -0.9239 -0.3536
vn 0.3536 0.3827 -0.8536
vn 0.1464 0.9239 -0.3536
vn -0.1691 -0.0000 -0.9856
vn 0.1691 -0.0000 -0.9856
vn 0.8165 -0.0000 -0.5774
vn 0.5774 -0.0000 -0.8165
vn 0.8536 -0.3827 -0.3536
vn 0.3536 -0.9239 -0.1464
vn 0.8536 0.3827 -0.3536
vn 0.3536 0.9239 -0.1464
vn 0.9856 -0.0000 0.1691
vn 0.9856 -0.0000 -0.1691
vn 0.8536 -0.3827 0.3536
vn 0.3536 -0.9239 0.1464
vn 0.8536 0.3827 0.3536
vn 0.3536 0.9239 0.1464
vn 0.5774 -0.0000 0.8165
vn 0.8165 -0.0000 0.5774
vn 0.3536 -0.3827 0.8536
vn 0.1464 -0.9239 0.3536
vn 0.3536 0.3827 0.8536
vn 0.1464 0.9239 0.3536
vn -0.1691 -0.0000 0.9856
vn 0.1691 -0.0000 0.9856
vn -0.3536 -0.3827 0.8536
vn -0.1464 -0.9239 0.3536
vn -0.3536 0.3827 0.8536
vn -0.1464 0.9239 0.3536
vn -0.8165 -0.0000 0.5774
vn -0.5774 -0.0000 0.8165
vn -0.8536 -0.3827 0.3536
vn -0.3536 -0.9239 0.1464
vn -0.8536 0.3827 0.3536
vn -0.3536 0.9239 0.1464
vn -0.9856 -0.0000 -0.1691
vn -0.9856 -0.0000 0.1691
vn -0.8536 -0.3827 -0.3536
vn -0.3536 -0.9239 -0.1464
vn -0.8536 0.3827 -0.3536
vn -0.3536 0.9239 -0.1464
vn -0.5774 -0.0000 -0.8165
vn -0.8165 -0.0000 -0.5774
vn -0.3536 -0.3827 -0.8536
vn -0.1464 -0.9239 -0.3536
vn -0.3536 0.3827 -0.8536
vn -0.1464 0.9239 -0.3536
vn -0.0000 -1.0000 -0.0000
vn 0.3827 -0.0000 -0.9239
vn -0.3827 -0.0000 -0.9239
vn -0.0000 1.0000 -0.0000
vn 0.9239 -0.0000 -0.3827
vn 0.9239 -0.0000 0.3827
vn 0.3827 -0.0000 0.9239
vn -0.3827 -0.0000 0.9239
vn -0.9239 -0.0000 0.3827
vn -0.9239 -0.0000 -0.3827
vt 0.750000 0.483350
vt 0.745986 0.488337
vt 0.749223 0.489678
vt 0.754014 0.488337
vt 0.004181 0.607143
vt 0.000000 0.607143
vt 0.000000 0.545283
vt 0.002957 0.500000
vt 0.995819 0.607143
vt 0.997043 0.500000
vt 0.999428 0.500000
vt 1.000000 0.607143
vt 0.250000 0.483350
vt 0.254014 0.488337
vt 0.250777 0.489678
vt 0.245986 0.488337
vt 0.995819 0.892857
vt 1.000000 0.892857
vt 1.000000 0.954717
vt 0.997043 1.000000
vt 0.004181 0.892857
vt 0.002957 1.000000
vt 0.000572 1.000000
vt 0.000000 0.892857
vt 0.915003 0.415003
vt 0.915692 0.421368
vt 0.918929 0.420027
vt 0.921368 0.415692
vt 0.879181 0.607143
vt 0.875000 0.607143
vt 0.874714 0.522641
vt 0.877956 0.500000
vt 0.870819 0.607143
vt 0.872043 0.500000
vt 0.415003 0.415003
vt 0.421368 0.415692
vt 0.420027 0.418929
vt 0.415692 0.421368
vt 0.870819 0.892857
vt 0.875000 0.892857
vt 0.875286 0.977359
vt 0.872043 1.000000
vt 0.879181 0.892857
vt 0.877957 1.000000
vt 0.983350 0.250000
vt 0.988337 0.254014
vt 0.989678 0.250777
vt 0.988337 0.245986
vt 0.754181 0.607143
vt 0.750000 0.607143
vt 0.749714 0.522641
vt 0.752957 0.500000
vt 0.745819 0.607143
vt 0.747044 0.500000
vt 0.483350 0.250000
vt 0.488337 0.245986
vt 0.489678 0.249223
vt 0.488337 0.254014
vt 0.745819 0.892857
vt 0.750000 0.892857
vt 0.750286 0.977359
vt 0.747044 1.000000
vt 0.754181 0.892857
vt 0.752957 1.000000
vt 0.915003 0.084997
vt 0.921368 0.084308
vt 0.920027 0.081071
vt 0.915692 0.078632
vt 0.629181 0.607143
vt 0.625000 0.607143
vt 0.624714 0.522641
vt 0.627957 0.500000
vt 0.620819 0.607143
vt 0.622044 0.500000
vt 0.415003 0.084997
vt 0.415692 0.078632
vt 0.418929 0.079973
vt 0.421368 0.084308
vt 0.620819 0.892857
vt 0.625000 0.892857
vt 0.625286 0.977359
vt 0.622043 1.000000
vt 0.629181 0.892857
vt 0.627957 1.000000
vt 0.750000 0.016650
vt 0.754014 0.011663
vt 0.750777 0.010322
vt 0.745986 0.011663
vt 0.504181 0.607143
vt 0.500000 0.607143
vt 0.499714 0.522641
vt 0.502957 0.500000
vt 0.495819 0.607143
vt 0.497044 0.500000
vt 0.250000 0.016650
vt 0.245986 0.011663
vt 0.249223 0.010322
vt 0.254014 0.011663
vt 0.495819 0.892857
vt 0.500000 0.892857
vt 0.500286 0.977359
vt 0.497044 1.000000
vt 0.504181 0.892857
vt 0.502957 1.000000
vt 0.584997 0.084997
vt 0.584308 0.078632
vt 0.581071 0.079973
vt 0.578632 0.084308
vt 0.379181 0.607143
vt 0.375000 0.607143
vt 0.374714 0.522641
vt 0.377956 0.500000
vt 0.370819 0.607143
vt 0.372043 0.500000
vt 0.084997 0.084997
vt 0.078632 0.084308
vt 0.079973 0.081071
vt 0.084308 0.078632
vt 0.370819 0.892857
vt 0.375000 0.892857
vt 0.375286 0.977359
vt 0.372043 1.000000
vt 0.379181 0.892857
vt 0.377957 1.000000
vt 0.516650 0.250000
vt 0.511663 0.245986
vt 0.510322 0.249223
vt 0.511663 0.254014
vt 0.254181 0.607143
vt 0.250000 0.607143
vt 0.249714 0.522641
vt 0.252957 0.500000
vt 0.245819 0.607143
vt 0.247044 0.500000
vt 0.016650 0.250000
vt 0.011663 0.254014
vt 0.010322 0.250777
vt 0.011663 0.245986
vt 0.245819 0.892857
vt 0.250000 0.892857
vt 0.250286 0.977359
vt 0.247043 1.000000
vt 0.254181 0.892857
vt 0.252957 1.000000
vt 0.584997 0.415003
vt 0.578632 0.415692
vt 0.579973 0.418929
vt 0.584308 0.421368
vt 0.129181 0.607143
vt 0.125000 0.607143
vt 0.124714 0.522641
vt 0.127957 0.500000
vt 0.120819 0.607143
vt 0.122043 0.500000
vt 0.084997 0.415003
vt 0.084308 0.421368
vt 0.081071 0.420027
vt 0.078632 0.415692
vt 0.120819 0.892857
vt 0.125000 0.892857
vt 0.125286 0.977359
vt 0.122043 1.000000
vt 0.129181 0.892857
vt 0.127957 1.000000
s 0
usemtl Limestone
f 113/165/107 116/166/107 117/167/107 119/168/107
f 114/169/108 118/170/108 117/171/108 116/172/108
f 115/173/109 119/174/109 117/175/109 118/176/109
f 120/177/110 123/178/110 124/179/110 126/180/110
f 121/181/111 125/182/111 124/183/111 123/184/111
f 122/185/112 126/186/112 124/187/112 125/188/112
f 127/189/113 130/190/113 131/191/113 133/192/113
f 128/193/114 132/194/114 131/195/114 130/196/114
f 129/197/115 133/198/115 131/195/115 132/194/115
f 134/199/116 137/200/116 138/201/116 140/202/116
f 135/203/117 139/204/117 138/205/117 137/206/117
f 136/207/118 140/208/118 138/205/118 139/204/118
f 141/209/119 144/210/119 145/211/119 147/212/119
f 142/213/120 146/214/120 145/215/120 144/216/120
f 143/217/121 147/218/121 145/215/121 146/214/121
f 148/219/122 151/220/122 152/221/122 154/222/122
f 149/223/123 153/224/123 152/225/123 151/226/123
f 150/227/124 154/228/124 152/225/124 153/224/124
f 155/229/125 158/230/125 159/231/125 161/232/125
f 156/233/126 160/234/126 159/235/126 158/236/126
f 157/237/127 161/238/127 159/235/127 160/234/127
f 162/239/128 165/240/128 166/241/128 168/242/128
f 163/243/129 167/244/129 166/245/129 165/246/129
f 164/247/130 168/248/130 166/245/130 167/244/130
f 169/249/131 172/250/131 173/251/131 175/252/131
f 170/253/132 174/254/132 173/255/132 172/256/132
f 171/257/133 175/258/133 173/255/133 174/254/133
f 176/259/134 179/260/134 180/261/134 182/262/134
f 177/263/135 181/264/135 180/265/135 179/266/135
f 178/267/136 182/268/136 180/265/136 181/264/136
f 183/269/137 186/270/137 187/271/137 189/272/137
f 184/273/138 188/274/138 187/275/138 186/276/138
f 185/277/139 189/278/139 187/275/139 188/274/139
f 190/279/140 193/280/140 194/281/140 196/282/140
f 191/283/141 195/284/141 194/285/141 193/286/141
f 192/287/142 196/288/142 194/285/142 195/284/142
f 197/289/143 200/290/143 201/291/143 203/292/143
f 198/293/144 202/294/144 201/295/144 200/296/144
f 199/297/145 203/298/145 201/295/145 202/294/145
f 204/299/146 207/300/146 208/301/146 210/302/146
f 205/303/147 209/304/147 208/305/147 207/306/147
f 206/307/148 210/308/148 208/305/148 209/304/148
f 211/309/149 214/310/149 215/311/149 217/312/149
f 212/313/150 216/314/150 215/315/150 214/316/150
f 213/317/151 217/318/151 215/315/151 216/314/151
f 218/319/152 221/320/152 222/321/152 224/322/152
f 219/323/153 223/324/153 222/325/153 221/326/153
f 220/327/154 224/328/154 222/325/154 223/324/154
f 115/173/155 128/193/155 130/196/155 119/174/155
f 119/168/156 130/190/156 127/189/156 113/165/156
f 136/207/157 121/181/157 123/184/157 140/208/157
f 140/202/158 123/178/158 120/177/158 134/199/158
f 114/169/159 122/185/159 125/188/159 118/170/159
f 118/176/160 125/182/160 121/181/160 115/173/160
f 135/203/161 129/197/161 132/194/161 139/204/161
f 139/204/162 132/194/162 128/193/162 136/207/162
f 129/197/163 142/213/163 144/216/163 133/198/163
f 133/192/164 144/210/164 141/209/164 127/189/164
f 150/227/165 135/203/165 137/206/165 154/228/165
f 154/222/166 137/200/166 134/199/166 148/219/166
f 149/223/167 143/217/167 146/214/167 153/224/167
f 153/224/168 146/214/168 142/213/168 150/227/168
f 143/217/169 156/233/169 158/236/169 147/218/169
f 147/212/170 158/230/170 155/229/170 141/209/170
f 164/247/171 149/223/171 151/226/171 168/248/171
f 168/242/172 151/220/172 148/219/172 162/239/172
f 163/243/173 157/237/173 160/234/173 167/244/173
f 167/244/174 160/234/174 156/233/174 164/247/174
f 157/237/175 170/253/175 172/256/175 161/238/175
f 161/232/176 172/250/176 169/249/176 155/229/176
f 178/267/177 163/243/177 165/246/177 182/268/177
f 182/262/178 165/240/178 162/239/178 176/259/178
f 177/263/179 171/257/179 174/254/179 181/264/179
f 181/264/180 174/254/180 170/253/180 178/267/180
f 171/257/181 184/273/181 186/276/181 175/258/181
f 175/252/182 186/270/182 183/269/182 169/249/182
f 192/287/183 177/263/183 179/266/183 196/288/183
f 196/282/184 179/260/184 176/259/184 190/279/184
f 191/283/185 185/277/185 188/274/185 195/284/185
f 195/284/186 188/274/186 184/273/186 192/287/186
f 185/277/187 198/293/187 200/296/187 189/278/187
f 189/272/188 200/290/188 197/289/188 183/269/188
f 206/307/189 191/283/189 193/286/189 210/308/189
f 210/302/190 193/280/190 190/279/190 204/299/190
f 205/303/191 199/297/191 202/294/191 209/304/191
f 209/304/192 202/294/192 198/293/192 206/307/192
f 199/297/193 212/313/193 214/316/193 203/298/193
f 203/292/194 214/310/194 211/309/194 197/289/194
f 220/327/195 205/303/195 207/306/195 224/328/195
f 224/322/196 207/300/196 204/299/196 218/319/196
f 219/323/197 213/317/197 216/314/197 223/324/197
f 223/324/198 216/314/198 212/313/198 220/327/198
f 213/317/199 114/169/199 116/172/199 217/318/199
f 217/312/200 116/166/200 113/165/200 211/309/200
f 122/185/201 219/323/201 221/326/201 126/186/201
f 126/180/202 221/320/202 218/319/202 120/177/202
f 113/165/203 127/189/203 141/209/203 155/229/203 169/249/203 183/269/203 197/289/203 211/309/203
f 115/173/204 121/181/204 136/207/204 128/193/204
f 213/317/205 219/323/205 122/185/205 114/169/205
f 134/199/206 120/177/206 218/319/206 204/299/206 190/279/206 176/259/206 162/239/206 148/219/206
f 129/197/207 135/203/207 150/227/207 142/213/207
f 143/217/208 149/223/208 164/247/208 156/233/208
f 157/237/209 163/243/209 178/267/209 170/253/209
f 171/257/210 177/263/210 192/287/210 184/273/210
f 185/277/211 191/283/211 206/307/211 198/293/211
f 199/297/212 205/303/212 220/327/212 212/313/212
o reinforced_oak_sled
v -0.610000 0.260000 0.450000
v -0.610000 0.320000 0.510000
v -0.670000 0.320000 0.450000
v -0.610000 0.268016 0.479961
v -0.639961 0.268016 0.450000
v -0.638693 0.275802 0.478693
v -0.639961 0.320000 0.501984
v -0.610000 0.290039 0.501984
v -0.638693 0.291307 0.494198
v -0.661984 0.290039 0.450000
v -0.661984 0.320000 0.479961
v -0.654198 0.291307 0.478693
v -0.610000 0.440000 0.510000
v -0.610000 0.500000 0.450000
v -0.670000 0.440000 0.450000
v -0.610000 0.469961 0.501984
v -0.639961 0.440000 0.501984
v -0.638693 0.468693 0.494198
v -0.639961 0.491984 0.450000
v -0.610000 0.491984 0.479961
v -0.638693 0.484198 0.478693
v -0.661984 0.440000 0.479961
v -0.661984 0.469961 0.450000
v -0.654198 0.468693 0.478693
v -0.610000 0.260000 -0.450000
v -0.670000 0.320000 -0.450000
v -0.610000 0.320000 -0.510000
v -0.639961 0.268016 -0.450000
v -0.610000 0.268016 -0.479961
v -0.638693 0.275802 -0.478693
v -0.661984 0.320000 -0.479961
v -0.661984 0.290039 -0.450000
v -0.654198 0.291307 -0.478693
v -0.610000 0.290039 -0.501984
v -0.639961 0.320000 -0.501984
v -0.638693 0.291307 -0.494198
v -0.610000 0.500000 -0.450000
v -0.610000 0.440000 -0.510000
v -0.670000 0.440000 -0.450000
v -0.610000 0.491984 -0.479961
v -0.639961 0.491984 -0.450000
v -0.638693 0.484198 -0.478693
v -0.639961 0.440000 -0.501984
v -0.610000 0.469961 -0.501984
v -0.638693 0.468693 -0.494198
v -0.661984 0.469961 -0.450000
v -0.661984 0.440000 -0.479961
v -0.654198 0.468693 -0.478693
v 0.610000 0.260000 0.450000
v 0.670000 0.320000 0.450000
v 0.610000 0.320000 0.510000
v 0.639961 0.268016 0.450000
v 0.610000 0.268016 0.479961
v 0.638693 0.275802 0.478693
v 0.661984 0.320000 0.479961
v 0.661984 0.290039 0.450000
v 0.654198 0.291307 0.478693
v 0.610000 0.290039 0.501984
v 0.639961 0.320000 0.501984
v 0.638693 0.291307 0.494198
v 0.610000 0.500000 0.450000
v 0.610000 0.440000 0.510000
v 0.670000 0.440000 0.450000
v 0.610000 0.491984 0.479961
v 0.639961 0.491984 0.450000
v 0.638693 0.484198 0.478693
v 0.639961 0.440000 0.501984
v 0.610000 0.469961 0.501984
v 0.638693 0.468693 0.494198
v 0.661984 0.469961 0.450000
v 0.661984 0.440000 0.479961
v 0.654198 0.468693 0.478693
v 0.610000 0.260000 -0.450000
v 0.610000 0.320000 -0.510000
v 0.670000 0.320000 -0.450000
v 0.610000 0.268016 -0.479961
v 0.639961 0.268016 -0.450000
v 0.638693 0.275802 -0.478693
v 0.639961 0.320000 -0.501984
v 0.610000 0.290039 -0.501984
v 0.638693 0.291307 -0.494198
v 0.661984 0.290039 -0.450000
v 0.661984 0.320000 -0.479961
v 0.654198 0.291307 -0.478693
v 0.610000 0.500000 -0.450000
v 0.670000 0.440000 -0.450000
v 0.610000 0.440000 -0.510000
v 0.639961 0.491984 -0.450000
v 0.610000 0.491984 -0.479961
v 0.638693 0.484198 -0.478693
v 0.661984 0.440000 -0.479961
v 0.661984 0.469961 -0.450000
v 0.654198 0.468693 -0.478693
v 0.610000 0.469961 -0.501984
v 0.639961 0.440000 -0.501984
v 0.638693 0.468693 -0.494198
vn -0.2566 -0.9318 0.2566
vn -0.2178 -0.6901 0.6901
vn -0.2566 -0.2566 0.9318
vn -0.6901 -0.2178 0.6901
vn -0.9318 -0.2566 0.2566
vn -0.6901 -0.6901 0.2178
vn -0.5773 -0.5774 0.5774
vn -0.2566 0.2566 0.9318
vn -0.2178 0.6901 0.6901
vn -0.2566 0.9318 0.2566
vn -0.6901 0.6901 0.2178
vn -0.9318 0.2566 0.2566
vn -0.6901 0.2178 0.6901
vn -0.5773 0.5773 0.5774
vn -0.2566 -0.9318 -0.2566
vn -0.6901 -0.6901 -0.2178
vn -0.9318 -0.2566 -0.2566
vn -0.6901 -0.2178 -0.6901
vn -0.2566 -0.2566 -0.9318
vn -0.2178 -0.6901 -0.6901
vn -0.5773 -0.5773 -0.5774
vn -0.2566 0.9318 -0.2566
vn -0.2178 0.6901 -0.6901
vn -0.2566 0.2566 -0.9318
vn -0.6901 0.2178 -0.6901
vn -0.9318 0.2566 -0.2566
vn -0.6901 0.6901 -0.2178
vn -0.5773 0.5774 -0.5774
vn 0.2566 -0.9318 0.2566
vn 0.6901 -0.6901 0.2178
vn 0.9318 -0.2566 0.2566
vn 0.6901 -0.2178 0.6901
vn 0.2566 -0.2566 0.9318
vn 0.2178 -0.6901 0.6901
vn 0.5773 -0.5773 0.5774
vn 0.2566 0.9318 0.2566
vn 0.2178 0.6901 0.6901
vn 0.2566 0.2566 0.9318
vn 0.6901 0.2178 0.6901
vn 0.9318 0.2566 0.2566
vn 0.6901 0.6901 0.2178
vn 0.5773 0.5774 0.5774
vn 0.2566 -0.9318 -0.2566
vn 0.2178 -0.6901 -0.6901
vn 0.2566 -0.2566 -0.9318
vn 0.6901 -0.2178 -0.6901
vn 0.9318 -0.2566 -0.2566
vn 0.6901 -0.6901 -0.2178
vn 0.5773 -0.5774 -0.5774
vn 0.2566 0.9318 -0.2566
vn 0.6901 0.6901 -0.2178
vn 0.9318 0.2566 -0.2566
vn 0.6901 0.2178 -0.6901
vn 0.2566 0.2566 -0.9318
vn 0.2178 0.6901 -0.6901
vn 0.5773 0.5773 -0.5774
vn -0.2585 -0.9660 -0.0000
vn -0.7071 -0.7071 -0.0000
vn -0.9660 -0.2585 -0.0000
vn -0.2585 -0.0000 0.9660
vn -0.7071 -0.0000 0.7071
vn -0.9660 -0.0000 0.2585
vn -0.2585 0.9660 -0.0000
vn -0.7071 0.7071 -0.0000
vn -0.9660 0.2585 -0.0000
vn -0.2585 -0.0000 -0.9660
vn -0.7071 -0.0000 -0.7071
vn -0.9660 -0.0000 -0.2585
vn -0.0000 -0.9660 -0.2585
vn -0.0000 -0.7071 -0.7071
vn -0.0000 -0.2585 -0.9660
vn -0.0000 0.9660 -0.2585
vn -0.0000 0.7071 -0.7071
vn -0.0000 0.2585 -0.9660
vn 0.9660 -0.0000 -0.2585
vn 0.7071 -0.0000 -0.7071
vn 0.2585 -0.0000 -0.9660
vn 0.2585 -0.9660 -0.0000
vn 0.7071 -0.7071 -0.0000
vn 0.9660 -0.2585 -0.0000
vn 0.2585 0.9660 -0.0000
vn 0.7071 0.7071 -0.0000
vn 0.9660 0.2585 -0.0000
vn 0.2585 -0.0000 0.9660
vn 0.7071 -0.0000 0.7071
vn 0.9660 -0.0000 0.2585
vn -0.0000 -0.9660 0.2585
vn -0.0000 -0.7071 0.7071
vn -0.0000 -0.2585 0.9660
vn -0.0000 0.9660 0.2585
vn -0.0000 0.7071 0.7071
vn -0.0000 0.2585 0.9660
vn -0.0000 -1.0000 -0.0000
vn -1.0000 -0.0000 -0.0000
vn -0.0000 -0.0000 1.0000
vn -0.0000 1.0000 -0.0000
vn -0.0000 -0.0000 -1.0000
vn 1.0000 -0.0000 -0.0000
vt 0.136194 0.735294
vt 0.136194 0.742637
vt 0.130841 0.742327
vt 0.130604 0.735294
vt 0.136194 0.750000
vt 0.130841 0.750000
vt 0.437500 0.988806
vt 0.437500 1.000000
vt 0.375000 0.994159
vt 0.375000 0.988806
vt 0.437500 0.000000
vt 0.437500 0.007363
vt 0.375000 0.007673
vt 0.375000 0.000000
vt 0.437500 0.014706
vt 0.375000 0.014706
vt 0.125000 0.735294
vt 0.125000 0.742327
vt 0.562500 0.988806
vt 0.593709 0.988806
vt 0.592388 1.000000
vt 0.562500 1.000000
vt 0.625000 0.988806
vt 0.625000 1.000000
vt 0.863806 0.735294
vt 0.875000 0.735294
vt 0.875000 0.742327
vt 0.863806 0.750000
vt 0.625000 0.014706
vt 0.593709 0.014706
vt 0.592388 0.007673
vt 0.625000 0.007673
vt 0.562500 0.014706
vt 0.562500 0.007363
vt 0.562500 0.000000
vt 0.592388 0.000000
vt 0.136194 0.514706
vt 0.130604 0.514706
vt 0.130841 0.507673
vt 0.136194 0.507363
vt 0.125000 0.514706
vt 0.125000 0.507673
vt 0.437500 0.235294
vt 0.437500 0.242637
vt 0.375000 0.242327
vt 0.375000 0.235294
vt 0.437500 0.255604
vt 0.375000 0.255841
vt 0.437500 0.261194
vt 0.375000 0.261194
vt 0.136194 0.500000
vt 0.130841 0.500000
vt 0.863806 0.514706
vt 0.863806 0.500000
vt 0.875000 0.507673
vt 0.875000 0.514706
vt 0.625000 0.261194
vt 0.593709 0.261194
vt 0.592388 0.255089
vt 0.625000 0.245712
vt 0.562500 0.261194
vt 0.562500 0.255604
vt 0.562500 0.242637
vt 0.592388 0.242327
vt 0.562500 0.235294
vt 0.593709 0.235294
vt 0.625000 0.235294
vt 0.363806 0.735294
vt 0.369396 0.735294
vt 0.369159 0.742327
vt 0.363806 0.742637
vt 0.406291 0.735294
vt 0.404860 0.742327
vt 0.437500 0.735294
vt 0.437500 0.742637
vt 0.437500 0.755605
vt 0.372855 0.753696
vt 0.437500 0.761194
vt 0.369402 0.755596
vt 0.636194 0.735294
vt 0.630596 0.755598
vt 0.628696 0.752145
vt 0.630604 0.735294
vt 0.593709 0.761194
vt 0.592388 0.755841
vt 0.562500 0.761194
vt 0.562500 0.755605
vt 0.562500 0.742637
vt 0.592388 0.743148
vt 0.562500 0.735294
vt 0.593709 0.735294
vt 0.363806 0.514706
vt 0.363806 0.507363
vt 0.369159 0.507673
vt 0.369396 0.514706
vt 0.369402 0.494404
vt 0.372855 0.496304
vt 0.437500 0.488806
vt 0.437500 0.494396
vt 0.437500 0.507362
vt 0.404860 0.507673
vt 0.437500 0.514706
vt 0.406291 0.514706
vt 0.636194 0.514706
vt 0.630605 0.514706
vt 0.628696 0.497855
vt 0.630596 0.494402
vt 0.593709 0.514706
vt 0.592388 0.506852
vt 0.562500 0.514706
vt 0.562500 0.507363
vt 0.562500 0.494396
vt 0.592388 0.494159
vt 0.562500 0.488806
vt 0.593709 0.488806
s 0
usemtl OiledOak
f 225/329/213 228/330/213 230/331/213 229/332/213
f 228/330/214 232/333/214 233/334/214 230/331/214
f 226/335/215 231/336/215 233/337/215 232/338/215
f 231/339/216 235/340/216 236/341/216 233/342/216
f 227/343/217 234/344/217 236/341/217 235/340/217
f 234/345/218 229/332/218 230/331/218 236/346/218
f 230/331/219 233/334/219 236/346/219
f 237/347/220 240/348/220 242/349/220 241/350/220
f 240/348/221 244/351/221 245/352/221 242/349/221
f 238/353/222 243/354/222 245/355/222 244/356/222
f 243/357/223 247/358/223 248/359/223 245/360/223
f 239/361/224 246/362/224 248/359/224 247/358/224
f 246/362/225 241/363/225 242/364/225 248/359/225
f 242/364/226 245/360/226 248/359/226
f 249/365/227 252/366/227 254/367/227 253/368/227
f 252/366/228 256/369/228 257/370/228 254/367/228
f 250/371/229 255/372/229 257/373/229 256/374/229
f 255/372/230 259/375/230 260/376/230 257/373/230
f 251/377/231 258/378/231 260/376/231 259/375/231
f 258/379/232 253/368/232 254/367/232 260/380/232
f 254/367/233 257/370/233 260/380/233
f 261/381/234 264/382/234 266/383/234 265/384/234
f 264/385/235 268/386/235 269/387/235 266/388/235
f 262/389/236 267/390/236 269/387/236 268/386/236
f 267/390/237 271/391/237 272/392/237 269/387/237
f 263/393/238 270/394/238 272/392/238 271/391/238
f 270/394/239 265/395/239 266/388/239 272/392/239
f 266/388/240 269/387/240 272/392/240
f 273/396/241 276/397/241 278/398/241 277/399/241
f 276/397/242 280/400/242 281/401/242 278/398/242
f 274/402/243 279/403/243 281/401/243 280/400/243
f 279/403/244 283/404/244 284/405/244 281/401/244
f 275/406/245 282/407/245 284/405/245 283/404/245
f 282/407/246 277/399/246 278/398/246 284/405/246
f 278/398/247 281/401/247 284/405/247
f 285/408/248 288/409/248 290/410/248 289/411/248
f 288/409/249 292/412/249 293/413/249 290/410/249
f 286/414/250 291/415/250 293/413/250 292/412/250
f 291/415/251 295/416/251 296/417/251 293/413/251
f 287/418/252 294/419/252 296/417/252 295/416/252
f 294/419/253 289/411/253 290/410/253 296/417/253
f 290/410/254 293/413/254 296/417/254
f 297/420/255 300/421/255 302/422/255 301/423/255
f 300/421/256 304/424/256 305/425/256 302/422/256
f 298/426/257 303/427/257 305/425/257 304/424/257
f 303/427/258 307/428/258 308/429/258 305/425/258
f 299/430/259 306/431/259 308/429/259 307/428/259
f 306/431/260 301/423/260 302/422/260 308/429/260
f 302/422/261 305/425/261 308/429/261
f 309/432/262 312/433/262 314/434/262 313/435/262
f 312/433/263 316/436/263 317/437/263 314/434/263
f 310/438/264 315/439/264 317/437/264 316/436/264
f 315/439/265 319/440/265 320/441/265 317/437/265
f 311/442/266 318/443/266 320/441/266 319/440/266
f 318/443/267 313/435/267 314/434/267 320/441/267
f 314/434/268 317/437/268 320/441/268
f 249/365/269 225/329/269 229/332/269 252/366/269
f 252/366/270 229/332/270 234/345/270 256/369/270
f 256/374/271 234/344/271 227/343/271 250/371/271
f 226/335/272 237/347/272 241/350/272 231/336/272
f 231/339/273 241/363/273 246/362/273 235/340/273
f 235/340/274 246/362/274 239/361/274 227/343/274
f 238/353/275 261/381/275 265/384/275 243/354/275
f 243/357/276 265/395/276 270/394/276 247/358/276
f 247/358/277 270/394/277 263/393/277 239/361/277
f 262/389/278 251/377/278 259/375/278 267/390/278
f 267/390/279 259/375/279 255/372/279 271/391/279
f 271/391/280 255/372/280 250/371/280 263/393/280
f 297/420/281 249/365/281 253/368/281 300/421/281
f 300/421/282 253/368/282 258/379/282 304/424/282
f 304/424/283 258/378/283 251/377/283 298/426/283
f 261/381/284 309/432/284 313/435/284 264/382/284
f 264/385/285 313/435/285 318/443/285 268/386/285
f 268/386/286 318/443/286 311/442/286 262/389/286
f 310/438/287 299/430/287 307/428/287 315/439/287
f 315/439/288 307/428/288 303/427/288 319/440/288
f 319/440/289 303/427/289 298/426/289 311/442/289
f 273/396/290 297/420/290 301/423/290 276/397/290
f 276/397/291 301/423/291 306/431/291 280/400/291
f 280/400/292 306/431/292 299/430/292 274/402/292
f 309/432/293 285/408/293 289/411/293 312/433/293
f 312/433/294 289/411/294 294/419/294 316/436/294
f 316/436/295 294/419/295 287/418/295 310/438/295
f 286/414/296 275/406/296 283/404/296 291/415/296
f 291/415/297 283/404/297 279/403/297 295/416/297
f 295/416/298 279/403/298 274/402/298 287/418/298
f 225/329/299 273/396/299 277/399/299 228/330/299
f 228/330/300 277/399/300 282/407/300 232/333/300
f 232/338/301 282/407/301 275/406/301 226/335/301
f 285/408/302 238/353/302 244/356/302 288/409/302
f 288/409/303 244/351/303 240/348/303 292/412/303
f 292/412/304 240/348/304 237/347/304 286/414/304
f 249/365/305 297/420/305 273/396/305 225/329/305
f 227/343/306 239/361/306 263/393/306 250/371/306
f 275/406/307 286/414/307 237/347/307 226/335/307
f 309/432/308 261/381/308 238/353/308 285/408/308
f 251/377/309 262/389/309 311/442/309 298/426/309
f 299/430/310 310/438/310 287/418/310 274/402/310
o heavy_wood_wheel
v -0.555000 0.430000 -0.430000
v -0.405000 0.430000 -0.430000
v -0.555000 0.341075 -0.414320
v -0.405000 0.341075 -0.414320
v -0.555000 0.262875 -0.369172
v -0.405000 0.262875 -0.369172
v -0.555000 0.204833 -0.300000
v -0.405000 0.204833 -0.300000
v -0.555000 0.173950 -0.215149
v -0.405000 0.173950 -0.215149
v -0.555000 0.173950 -0.124851
v -0.405000 0.173950 -0.124851
v -0.555000 0.204833 -0.040000
v -0.405000 0.204833 -0.040000
v -0.555000 0.262875 0.029172
v -0.405000 0.262875 0.029172
v -0.555000 0.341075 0.074320
v -0.405000 0.341075 0.074320
v -0.555000 0.430000 0.090000
v -0.405000 0.430000 0.090000
v -0.555000 0.518925 0.074320
v -0.405000 0.518925 0.074320
v -0.555000 0.597125 0.029172
v -0.405000 0.597125 0.029172
v -0.555000 0.655167 -0.040000
v -0.405000 0.655167 -0.040000
v -0.555000 0.686050 -0.124851
v -0.405000 0.686050 -0.124851
v -0.555000 0.686050 -0.215149
v -0.405000 0.686050 -0.215149
v -0.555000 0.655167 -0.300000
v -0.405000 0.655167 -0.300000
v -0.555000 0.597125 -0.369172
v -0.405000 0.597125 -0.369172
v -0.555000 0.518925 -0.414320
v -0.405000 0.518925 -0.414320
vn -0.6700 -0.0000 -0.7423
vn 0.6700 -0.0000 -0.7423
vn -0.6700 -0.2539 -0.6976
vn 0.6700 -0.2539 -0.6976
vn -0.6700 -0.4772 -0.5687
vn 0.6700 -0.4772 -0.5687
vn -0.6700 -0.6429 -0.3712
vn 0.6700 -0.6429 -0.3712
vn -0.6700 -0.7311 -0.1289
vn 0.6700 -0.7311 -0.1289
vn -0.6700 -0.7311 0.1289
vn 0.6700 -0.7311 0.1289
vn -0.6700 -0.6429 0.3712
vn 0.6700 -0.6429 0.3712
vn -0.6700 -0.4772 0.5687
vn 0.6700 -0.4772 0.5687
vn -0.6700 -0.2539 0.6976
vn 0.6700 -0.2539 0.6976
vn -0.6700 -0.0000 0.7423
vn 0.6700 -0.0000 0.7423
vn -0.6700 0.2539 0.6976
vn 0.6700 0.2539 0.6976
vn -0.6700 0.4772 0.5687
vn 0.6700 0.4772 0.5687
vn -0.6700 0.6429 0.3712
vn 0.6700 0.6429 0.3712
vn -0.6700 0.7311 0.1289
vn 0.6700 0.7311 0.1289
vn -0.6700 0.7311 -0.1289
vn 0.6700 0.7311 -0.1289
vn -0.6700 0.6429 -0.3712
vn 0.6700 0.6429 -0.3712
vn -0.6700 0.4772 -0.5687
vn 0.6700 0.4772 -0.5687
vn -0.6700 0.2539 -0.6976
vn 0.6700 0.2539 -0.6976
vt 1.000000 0.500000
vt 1.000000 1.000000
vt 0.944444 1.000000
vt 0.944444 0.500000
vt 0.888889 1.000000
vt 0.888889 0.500000
vt 0.833333 1.000000
vt 0.833333 0.500000
vt 0.777778 1.000000
vt 0.777778 0.500000
vt 0.722222 1.000000
vt 0.722222 0.500000
vt 0.666667 1.000000
vt 0.666667 0.500000
vt 0.611111 1.000000
vt 0.611111 0.500000
vt 0.555555 1.000000
vt 0.555555 0.500000
vt 0.500000 1.000000
vt 0.500000 0.500000
vt 0.444444 1.000000
vt 0.444444 0.500000
vt 0.388889 1.000000
vt 0.388889 0.500000
vt 0.333333 1.000000
vt 0.333333 0.500000
vt 0.277778 1.000000
vt 0.277778 0.500000
vt 0.222222 1.000000
vt 0.222222 0.500000
vt 0.166666 1.000000
vt 0.166666 0.500000
vt 0.111111 1.000000
vt 0.111111 0.500000
vt 0.332085 0.475526
vt 0.250000 0.490000
vt 0.167915 0.475526
vt 0.095731 0.433851
vt 0.042154 0.370000
vt 0.013646 0.291676
vt 0.013646 0.208324
vt 0.042154 0.130000
vt 0.095731 0.066149
vt 0.167915 0.024474
vt 0.250000 0.010000
vt 0.332085 0.024474
vt 0.404269 0.066149
vt 0.457846 0.130000
vt 0.486354 0.208324
vt 0.486354 0.291676
vt 0.457846 0.370000
vt 0.404269 0.433851
vt 0.055555 1.000000
vt 0.055555 0.500000
vt -0.000000 1.000000
vt -0.000000 0.500000
vt 0.750000 0.490000
vt 0.832085 0.475526
vt 0.904269 0.433851
vt 0.957846 0.370000
vt 0.986354 0.291676
vt 0.986354 0.208324
vt 0.957846 0.130000
vt 0.904269 0.066149
vt 0.832085 0.024474
vt 0.750000 0.010000
vt 0.667915 0.024474
vt 0.595731 0.066149
vt 0.542154 0.130000
vt 0.513646 0.208324
vt 0.513646 0.291676
vt 0.542154 0.370000
vt 0.595731 0.433851
vt 0.667915 0.475526
s 1
usemtl OiledOak
f 321/444/311 322/445/312 324/446/314 323/447/313
f 323/447/313 324/446/314 326/448/316 325/449/315
f 325/449/315 326/448/316 328/450/318 327/451/317
f 327/451/317 328/450/318 330/452/320 329/453/319
f 329/453/319 330/452/320 332/454/322 331/455/321
f 331/455/321 332/454/322 334/456/324 333/457/323
f 333/457/323 334/456/324 336/458/326 335/459/325
f 335/459/325 336/458/326 338/460/328 337/461/327
f 337/461/327 338/460/328 340/462/330 339/463/329
f 339/463/329 340/462/330 342/464/332 341/465/331
f 341/465/331 342/464/332 344/466/334 343/467/333
f 343/467/333 344/466/334 346/468/336 345/469/335
f 345/469/335 346/468/336 348/470/338 347/471/337
f 347/471/337 348/470/338 350/472/340 349/473/339
f 349/473/339 350/472/340 352/474/342 351/475/341
f 351/475/341 352/474/342 354/476/344 353/477/343
f 324/478/314 322/479/312 356/480/346 354/481/344 352/482/342 350/483/340 348/484/338 346/485/336 344/486/334 342/487/332 340/488/330 338/489/328 336/490/326 334/491/324 332/492/322 330/493/320 328/494/318 326/495/316
f 353/477/343 354/476/344 356/496/346 355/497/345
f 355/497/345 356/496/346 322/498/312 321/499/311
f 321/500/311 323/501/313 325/502/315 327/503/317 329/504/319 331/505/321 333/506/323 335/507/325 337/508/327 339/509/329 341/510/331 343/511/333 345/512/335 347/513/337 349/514/339 351/515/341 353/516/343 355/517/345
o iron_wheel_hub
v -0.570000 0.430000 -0.270000
v -0.390000 0.430000 -0.270000
v -0.570000 0.386612 -0.260097
v -0.390000 0.386612 -0.260097
v -0.570000 0.351817 -0.232349
v -0.390000 0.351817 -0.232349
v -0.570000 0.332507 -0.192252
v -0.390000 0.332507 -0.192252
v -0.570000 0.332507 -0.147748
v -0.390000 0.332507 -0.147748
v -0.570000 0.351817 -0.107651
v -0.390000 0.351817 -0.107651
v -0.570000 0.386612 -0.079903
v -0.390000 0.386612 -0.079903
v -0.570000 0.430000 -0.070000
v -0.390000 0.430000 -0.070000
v -0.570000 0.473388 -0.079903
v -0.390000 0.473388 -0.079903
v -0.570000 0.508183 -0.107651
v -0.390000 0.508183 -0.107651
v -0.570000 0.527493 -0.147748
v -0.390000 0.527493 -0.147748
v -0.570000 0.527493 -0.192252
v -0.390000 0.527493 -0.192252
v -0.570000 0.508183 -0.232349
v -0.390000 0.508183 -0.232349
v -0.570000 0.473388 -0.260097
v -0.390000 0.473388 -0.260097
vn -0.6603 -0.0000 -0.7510
vn 0.6603 -0.0000 -0.7510
vn -0.6603 -0.3259 -0.6766
vn 0.6603 -0.3259 -0.6766
vn -0.6603 -0.5872 -0.4682
vn 0.6603 -0.5872 -0.4682
vn -0.6603 -0.7322 -0.1671
vn 0.6603 -0.7322 -0.1671
vn -0.6603 -0.7322 0.1671
vn 0.6603 -0.7322 0.1671
vn -0.6603 -0.5872 0.4682
vn 0.6603 -0.5872 0.4682
vn -0.6603 -0.3259 0.6766
vn 0.6603 -0.3259 0.6766
vn -0.6603 -0.0000 0.7510
vn 0.6603 -0.0000 0.7510
vn -0.6603 0.3259 0.6766
vn 0.6603 0.3259 0.6766
vn -0.6603 0.5872 0.4682
vn 0.6603 0.5872 0.4682
vn -0.6603 0.7322 0.1671
vn 0.6603 0.7322 0.1671
vn -0.6603 0.7322 -0.1671
vn 0.6603 0.7322 -0.1671
vn -0.6603 0.5872 -0.4682
vn 0.6603 0.5872 -0.4682
vn -0.6603 0.3259 -0.6766
vn 0.6603 0.3259 -0.6766
vt 1.000000 0.500000
vt 1.000000 1.000000
vt 0.928571 1.000000
vt 0.928571 0.500000
vt 0.857143 1.000000
vt 0.857143 0.500000
vt 0.785714 1.000000
vt 0.785714 0.500000
vt 0.714286 1.000000
vt 0.714286 0.500000
vt 0.642857 1.000000
vt 0.642857 0.500000
vt 0.571428 1.000000
vt 0.571428 0.500000
vt 0.500000 1.000000
vt 0.500000 0.500000
vt 0.428571 1.000000
vt 0.428571 0.500000
vt 0.357143 1.000000
vt 0.357143 0.500000
vt 0.285714 1.000000
vt 0.285714 0.500000
vt 0.214286 1.000000
vt 0.214286 0.500000
vt 0.142857 1.000000
vt 0.142857 0.500000
vt 0.354132 0.466233
vt 0.250000 0.490000
vt 0.145868 0.466233
vt 0.062360 0.399638
vt 0.016017 0.303405
vt 0.016017 0.196595
vt 0.062360 0.100362
vt 0.145868 0.033767
vt 0.250000 0.010000
vt 0.354132 0.033767
vt 0.437640 0.100362
vt 0.483983 0.196595
vt 0.483983 0.303405
vt 0.437640 0.399638
vt 0.071428 1.000000
vt 0.071428 0.500000
vt -0.000000 1.000000
vt -0.000000 0.500000
vt 0.750000 0.490000
vt 0.854132 0.466233
vt 0.937640 0.399638
vt 0.983983 0.303405
vt 0.983983 0.196595
vt 0.937640 0.100362
vt 0.854132 0.033767
vt 0.750000 0.010000
vt 0.645868 0.033767
vt 0.562360 0.100362
vt 0.516017 0.196595
vt 0.516017 0.303405
vt 0.562360 0.399638
vt 0.645868 0.466233
s 1
usemtl BlackIron
f 357/518/347 358/519/348 360/520/350 359/521/349
f 359/521/349 360/520/350 362/522/352 361/523/351
f 361/523/351 362/522/352 364/524/354 363/525/353
f 363/525/353 364/524/354 366/526/356 365/527/355
f 365/527/355 366/526/356 368/528/358 367/529/357
f 367/529/357 368/528/358 370/530/360 369/531/359
f 369/531/359 370/530/360 372/532/362 371/533/361
f 371/533/361 372/532/362 374/534/364 373/535/363
f 373/535/363 374/534/364 376/536/366 375/537/365
f 375/537/365 376/536/366 378/538/368 377/539/367
f 377/539/367 378/538/368 380/540/370 379/541/369
f 379/541/369 380/540/370 382/542/372 381/543/371
f 360/544/350 358/545/348 384/546/374 382/547/372 380/548/370 378/549/368 376/550/366 374/551/364 372/552/362 370/553/360 368/554/358 366/555/356 364/556/354 362/557/352
f 381/543/371 382/542/372 384/558/374 383/559/373
f 383/559/373 384/558/374 358/560/348 357/561/347
f 357/562/347 359/563/349 361/564/351 363/565/353 365/566/355 367/567/357 369/568/359 371/569/361 373/570/363 375/571/365 377/572/367 379/573/369 381/574/371 383/575/373
o iron_ram_cheek
v -0.515000 0.490000 0.325000
v -0.515000 0.525000 0.360000
v -0.550000 0.525000 0.325000
v -0.515000 0.494676 0.342477
v -0.532477 0.494676 0.325000
v -0.531737 0.499218 0.341737
v -0.532477 0.525000 0.355324
v -0.515000 0.507523 0.355324
v -0.531737 0.508263 0.350782
v -0.545324 0.507523 0.325000
v -0.545324 0.525000 0.342477
v -0.540782 0.508263 0.341737
v -0.515000 0.875000 0.360000
v -0.515000 0.910000 0.325000
v -0.550000 0.875000 0.325000
v -0.515000 0.892477 0.355324
v -0.532477 0.875000 0.355324
v -0.531737 0.891737 0.350782
v -0.532477 0.905324 0.325000
v -0.515000 0.905324 0.342477
v -0.531737 0.900782 0.341737
v -0.545324 0.875000 0.342477
v -0.545324 0.892477 0.325000
v -0.540782 0.891737 0.341737
v -0.515000 0.490000 -0.425000
v -0.550000 0.525000 -0.425000
v -0.515000 0.525000 -0.460000
v -0.532477 0.494676 -0.425000
v -0.515000 0.494676 -0.442477
v -0.531737 0.499218 -0.441737
v -0.545324 0.525000 -0.442477
v -0.545324 0.507523 -0.425000
v -0.540782 0.508263 -0.441737
v -0.515000 0.507523 -0.455324
v -0.532477 0.525000 -0.455324
v -0.531737 0.508263 -0.450782
v -0.515000 0.910000 -0.425000
v -0.515000 0.875000 -0.460000
v -0.550000 0.875000 -0.425000
v -0.515000 0.905324 -0.442477
v -0.532477 0.905324 -0.425000
v -0.531737 0.900782 -0.441737
v -0.532477 0.875000 -0.455324
v -0.515000 0.892477 -0.455324
v -0.531737 0.891737 -0.450782
v -0.545324 0.892477 -0.425000
v -0.545324 0.875000 -0.442477
v -0.540782 0.891737 -0.441737
v -0.445000 0.490000 0.325000
v -0.410000 0.525000 0.325000
v -0.445000 0.525000 0.360000
v -0.427523 0.494676 0.325000
v -0.445000 0.494676 0.342477
v -0.428263 0.499218 0.341737
v -0.414676 0.525000 0.342477
v -0.414676 0.507523 0.325000
v -0.419218 0.508263 0.341737
v -0.445000 0.507523 0.355324
v -0.427523 0.525000 0.355324
v -0.428263 0.508263 0.350782
v -0.445000 0.910000 0.325000
v -0.445000 0.875000 0.360000
v -0.410000 0.875000 0.325000
v -0.445000 0.905324 0.342477
v -0.427523 0.905324 0.325000
v -0.428263 0.900782 0.341737
v -0.427523 0.875000 0.355324
v -0.445000 0.892477 0.355324
v -0.428263 0.891737 0.350782
v -0.414676 0.892477 0.325000
v -0.414676 0.875000 0.342477
v -0.419218 0.891737 0.341737
v -0.445000 0.490000 -0.425000
v -0.445000 0.525000 -0.460000
v -0.410000 0.525000 -0.425000
v -0.445000 0.494676 -0.442477
v -0.427523 0.494676 -0.425000
v -0.428263 0.499218 -0.441737
v -0.427523 0.525000 -0.455324
v -0.445000 0.507523 -0.455324
v -0.428263 0.508263 -0.450782
v -0.414676 0.507523 -0.425000
v -0.414676 0.525000 -0.442477
v -0.419218 0.508263 -0.441737
v -0.445000 0.910000 -0.425000
v -0.410000 0.875000 -0.425000
v -0.445000 0.875000 -0.460000
v -0.427523 0.905324 -0.425000
v -0.445000 0.905324 -0.442477
v -0.428263 0.900782 -0.441737
v -0.414676 0.875000 -0.442477
v -0.414676 0.892477 -0.425000
v -0.419218 0.891737 -0.441737
v -0.445000 0.892477 -0.455324
v -0.427523 0.875000 -0.455324
v -0.428263 0.891737 -0.450782
vn -0.2566 -0.9318 0.2566
vn -0.2178 -0.6901 0.6901
vn -0.2566 -0.2566 0.9318
vn -0.6901 -0.2178 0.6901
vn -0.9318 -0.2566 0.2566
vn -0.6901 -0.6901 0.2178
vn -0.5774 -0.5774 0.5773
vn -0.2566 0.2566 0.9318
vn -0.2178 0.6901 0.6901
vn -0.2566 0.9318 0.2566
vn -0.6901 0.6901 0.2178
vn -0.9318 0.2566 0.2566
vn -0.6901 0.2178 0.6901
vn -0.5774 0.5774 0.5773
vn -0.2566 -0.9318 -0.2566
vn -0.6901 -0.6901 -0.2178
vn -0.9318 -0.2566 -0.2566
vn -0.6901 -0.2178 -0.6901
vn -0.2566 -0.2566 -0.9318
vn -0.2178 -0.6901 -0.6901
vn -0.5774 -0.5774 -0.5773
vn -0.2566 0.9318 -0.2566
vn -0.2178 0.6901 -0.6901
vn -0.2566 0.2566 -0.9318
vn -0.6901 0.2178 -0.6901
vn -0.9318 0.2566 -0.2566
vn -0.6901 0.6901 -0.2178
vn -0.5774 0.5774 -0.5773
vn 0.2566 -0.9318 0.2566
vn 0.6901 -0.6901 0.2178
vn 0.9318 -0.2566 0.2566
vn 0.6901 -0.2178 0.6901
vn 0.2566 -0.2566 0.9318
vn 0.2178 -0.6901 0.6901
vn 0.5774 -0.5774 0.5773
vn 0.2566 0.9318 0.2566
vn 0.2178 0.6901 0.6901
vn 0.2566 0.2566 0.9318
vn 0.6901 0.2178 0.6901
vn 0.9318 0.2566 0.2566
vn 0.6901 0.6901 0.2178
vn 0.5774 0.5774 0.5773
vn 0.2566 -0.9318 -0.2566
vn 0.2178 -0.6901 -0.6901
vn 0.2566 -0.2566 -0.9318
vn 0.6901 -0.2178 -0.6901
vn 0.9318 -0.2566 -0.2566
vn 0.6901 -0.6901 -0.2178
vn 0.5774 -0.5774 -0.5773
vn 0.2566 0.9318 -0.2566
vn 0.6901 0.6901 -0.2178
vn 0.9318 0.2566 -0.2566
vn 0.6901 0.2178 -0.6901
vn 0.2566 0.2566 -0.9318
vn 0.2178 0.6901 -0.6901
vn 0.5774 0.5774 -0.5773
vn -0.2585 -0.9660 -0.0000
vn -0.7071 -0.7071 -0.0000
vn -0.9660 -0.2585 -0.0000
vn -0.2585 -0.0000 0.9660
vn -0.7071 -0.0000 0.7071
vn -0.9660 -0.0000 0.2585
vn -0.2585 0.9660 -0.0000
vn -0.7071 0.7071 -0.0000
vn -0.9660 0.2585 -0.0000
vn -0.2585 -0.0000 -0.9660
vn -0.7071 -0.0000 -0.7071
vn -0.9660 -0.0000 -0.2585
vn -0.0000 -0.9660 -0.2585
vn -0.0000 -0.7071 -0.7071
vn -0.0000 -0.2585 -0.9660
vn -0.0000 0.9660 -0.2585
vn -0.0000 0.7071 -0.7071
vn -0.0000 0.2585 -0.9660
vn 0.9660 -0.0000 -0.2585
vn 0.7071 -0.0000 -0.7071
vn 0.2585 -0.0000 -0.9660
vn 0.2585 -0.9660 -0.0000
vn 0.7071 -0.7071 -0.0000
vn 0.9660 -0.2585 -0.0000
vn 0.2585 0.9660 -0.0000
vn 0.7071 0.7071 -0.0000
vn 0.9660 0.2585 -0.0000
vn 0.2585 -0.0000 0.9660
vn 0.7071 -0.0000 0.7071
vn 0.9660 -0.0000 0.2585
vn -0.0000 -0.9660 0.2585
vn -0.0000 -0.7071 0.7071
vn -0.0000 -0.2585 0.9660
vn -0.0000 0.9660 0.2585
vn -0.0000 0.7071 0.7071
vn -0.0000 0.2585 0.9660
vn -0.0000 -1.0000 -0.0000
vn -1.0000 -0.0000 -0.0000
vn -0.0000 -0.0000 1.0000
vn -0.0000 1.0000 -0.0000
vn -0.0000 -0.0000 -1.0000
vn 1.0000 -0.0000 -0.0000
vt 0.187500 0.739329
vt 0.187500 0.744658
vt 0.157612 0.744432
vt 0.156291 0.739329
vt 0.187500 0.750000
vt 0.157612 0.750000
vt 0.395833 0.937500
vt 0.395833 1.000000
vt 0.375000 0.967388
vt 0.375000 0.937500
vt 0.395833 0.000000
vt 0.395833 0.005342
vt 0.375000 0.005568
vt 0.375000 0.000000
vt 0.395833 0.010671
vt 0.375000 0.010671
vt 0.125000 0.739329
vt 0.125000 0.744432
vt 0.604167 0.937500
vt 0.614570 0.937500
vt 0.614129 1.000000
vt 0.604167 1.000000
vt 0.625000 0.937500
vt 0.625000 1.000000
vt 0.812500 0.739329
vt 0.875000 0.739329
vt 0.875000 0.744432
vt 0.812500 0.750000
vt 0.625000 0.010671
vt 0.614570 0.010671
vt 0.614129 0.005568
vt 0.625000 0.005568
vt 0.604167 0.010671
vt 0.604167 0.005342
vt 0.604167 0.000000
vt 0.614129 0.000000
vt 0.187500 0.510671
vt 0.156291 0.510671
vt 0.157612 0.505568
vt 0.187500 0.505342
vt 0.125000 0.510671
vt 0.125000 0.505568
vt 0.395833 0.239329
vt 0.395833 0.244658
vt 0.375000 0.244432
vt 0.375000 0.239329
vt 0.395833 0.281291
vt 0.375000 0.282612
vt 0.395833 0.312500
vt 0.375000 0.312500
vt 0.187500 0.500000
vt 0.157612 0.500000
vt 0.812500 0.510671
vt 0.812500 0.500000
vt 0.875000 0.505568
vt 0.875000 0.510671
vt 0.625000 0.312500
vt 0.614570 0.312500
vt 0.614129 0.279871
vt 0.625000 0.246888
vt 0.604167 0.312500
vt 0.604167 0.281291
vt 0.604167 0.244658
vt 0.614129 0.244432
vt 0.604167 0.239329
vt 0.614570 0.239329
vt 0.625000 0.239329
vt 0.312500 0.739329
vt 0.343709 0.739329
vt 0.342388 0.744432
vt 0.312500 0.744658
vt 0.385430 0.739329
vt 0.383756 0.744432
vt 0.395833 0.739329
vt 0.395833 0.744658
vt 0.395833 0.781291
vt 0.363023 0.770634
vt 0.395833 0.812500
vt 0.344182 0.781682
vt 0.687500 0.739329
vt 0.656682 0.780818
vt 0.645634 0.761977
vt 0.656291 0.739329
vt 0.614570 0.812500
vt 0.614129 0.782612
vt 0.604167 0.812500
vt 0.604167 0.781291
vt 0.604167 0.744658
vt 0.614129 0.746137
vt 0.604167 0.739329
vt 0.614570 0.739329
vt 0.312500 0.510671
vt 0.312500 0.505342
vt 0.342388 0.505568
vt 0.343709 0.510671
vt 0.344182 0.468318
vt 0.363022 0.479366
vt 0.395833 0.437500
vt 0.395833 0.468709
vt 0.395833 0.505342
vt 0.383756 0.505568
vt 0.395833 0.510671
vt 0.385430 0.510671
vt 0.687500 0.510671
vt 0.656291 0.510671
vt 0.645634 0.488022
vt 0.656682 0.469182
vt 0.614570 0.510671
vt 0.614129 0.503864
vt 0.604167 0.510671
vt 0.604167 0.505342
vt 0.604167 0.468709
vt 0.614129 0.467388
vt 0.604167 0.437500
vt 0.614570 0.437500
s 0
usemtl BlackIron
f 385/576/375 388/577/375 390/578/375 389/579/375
f 388/577/376 392/580/376 393/581/376 390/578/376
f 386/582/377 391/583/377 393/584/377 392/585/377
f 391/586/378 395/587/378 396/588/378 393/589/378
f 387/590/379 394/591/379 396/588/379 395/587/379
f 394/592/380 389/579/380 390/578/380 396/593/380
f 390/578/381 393/581/381 396/593/381
f 397/594/382 400/595/382 402/596/382 401/597/382
f 400/595/383 404/598/383 405/599/383 402/596/383
f 398/600/384 403/601/384 405/602/384 404/603/384
f 403/604/385 407/605/385 408/606/385 405/607/385
f 399/608/386 406/609/386 408/606/386 407/605/386
f 406/609/387 401/610/387 402/611/387 408/606/387
f 402/611/388 405/607/388 408/606/388
f 409/612/389 412/613/389 414/614/389 413/615/389
f 412/613/390 416/616/390 417/617/390 414/614/390
f 410/618/391 415/619/391 417/620/391 416/621/391
f 415/619/392 419/622/392 420/623/392 417/620/392
f 411/624/393 418/625/393 420/623/393 419/622/393
f 418/626/394 413/615/394 414/614/394 420/627/394
f 414/614/395 417/617/395 420/627/395
f 421/628/396 424/629/396 426/630/396 425/631/396
f 424/632/397 428/633/397 429/634/397 426/635/397
f 422/636/398 427/637/398 429/634/398 428/633/398
f 427/637/399 431/638/399 432/639/399 429/634/399
f 423/640/400 430/641/400 432/639/400 431/638/400
f 430/641/401 425/642/401 426/635/401 432/639/401
f 426/635/402 429/634/402 432/639/402
f 433/643/403 436/644/403 438/645/403 437/646/403
f 436/644/404 440/647/404 441/648/404 438/645/404
f 434/649/405 439/650/405 441/648/405 440/647/405
f 439/650/406 443/651/406 444/652/406 441/648/406
f 435/653/407 442/654/407 444/652/407 443/651/407
f 442/654/408 437/646/408 438/645/408 444/652/408
f 438/645/409 441/648/409 444/652/409
f 445/655/410 448/656/410 450/657/410 449/658/410
f 448/656/411 452/659/411 453/660/411 450/657/411
f 446/661/412 451/662/412 453/660/412 452/659/412
f 451/662/413 455/663/413 456/664/413 453/660/413
f 447/665/414 454/666/414 456/664/414 455/663/414
f 454/666/415 449/658/415 450/657/415 456/664/415
f 450/657/416 453/660/416 456/664/416
f 457/667/417 460/668/417 462/669/417 461/670/417
f 460/668/418 464/671/418 465/672/418 462/669/418
f 458/673/419 463/674/419 465/672/419 464/671/419
f 463/674/420 467/675/420 468/676/420 465/672/420
f 459/677/421 466/678/421 468/676/421 467/675/421
f 466/678/422 461/670/422 462/669/422 468/676/422
f 462/669/423 465/672/423 468/676/423
f 469/679/424 472/680/424 474/681/424 473/682/424
f 472/680/425 476/683/425 477/684/425 474/681/425
f 470/685/426 475/686/426 477/684/426 476/683/426
f 475/686/427 479/687/427 480/688/427 477/684/427
f 471/689/428 478/690/428 480/688/428 479/687/428
f 478/690/429 473/682/429 474/681/429 480/688/429
f 474/681/430 477/684/430 480/688/430
f 409/612/431 385/576/431 389/579/431 412/613/431
f 412/613/432 389/579/432 394/592/432 416/616/432
f 416/621/433 394/591/433 387/590/433 410/618/433
f 386/582/434 397/594/434 401/597/434 391/583/434
f 391/586/435 401/610/435 406/609/435 395/587/435
f 395/587/436 406/609/436 399/608/436 387/590/436
f 398/600/437 421/628/437 425/631/437 403/601/437
f 403/604/438 425/642/438 430/641/438 407/605/438
f 407/605/439 430/641/439 423/640/439 399/608/439
f 422/636/440 411/624/440 419/622/440 427/637/440
f 427/637/441 419/622/441 415/619/441 431/638/441
f 431/638/442 415/619/442 410/618/442 423/640/442
f 457/667/443 409/612/443 413/615/443 460/668/443
f 460/668/444 413/615/444 418/626/444 464/671/444
f 464/671/445 418/625/445 411/624/445 458/673/445
f 421/628/446 469/679/446 473/682/446 424/629/446
f 424/632/447 473/682/447 478/690/447 428/633/447
f 428/633/448 478/690/448 471/689/448 422/636/448
f 470/685/449 459/677/449 467/675/449 475/686/449
f 475/686/450 467/675/450 463/674/450 479/687/450
f 479/687/451 463/674/451 458/673/451 471/689/451
f 433/643/452 457/667/452 461/670/452 436/644/452
f 436/644/453 461/670/453 466/678/453 440/647/453
f 440/647/454 466/678/454 459/677/454 434/649/454
f 469/679/455 445/655/455 449/658/455 472/680/455
f 472/680/456 449/658/456 454/666/456 476/683/456
f 476/683/457 454/666/457 447/665/457 470/685/457
f 446/661/458 435/653/458 443/651/458 451/662/458
f 451/662/459 443/651/459 439/650/459 455/663/459
f 455/663/460 439/650/460 434/649/460 447/665/460
f 385/576/461 433/643/461 437/646/461 388/577/461
f 388/577/462 437/646/462 442/654/462 392/580/462
f 392/585/463 442/654/463 435/653/463 386/582/463
f 445/655/464 398/600/464 404/603/464 448/656/464
f 448/656/465 404/598/465 400/595/465 452/659/465
f 452/659/466 400/595/466 397/594/466 446/661/466
f 409/612/467 457/667/467 433/643/467 385/576/467
f 387/590/468 399/608/468 423/640/468 410/618/468
f 435/653/469 446/661/469 397/594/469 386/582/469
f 469/679/470 421/628/470 398/600/470 445/655/470
f 411/624/471 422/636/471 471/689/471 458/673/471
f 459/677/472 470/685/472 447/665/472 434/649/472
o heavy_wood_wheel.001
v 0.405000 0.430000 -0.430000
v 0.555000 0.430000 -0.430000
v 0.405000 0.341075 -0.414320
v 0.555000 0.341075 -0.414320
v 0.405000 0.262875 -0.369172
v 0.555000 0.262875 -0.369172
v 0.405000 0.204833 -0.300000
v 0.555000 0.204833 -0.300000
v 0.405000 0.173950 -0.215149
v 0.555000 0.173950 -0.215149
v 0.405000 0.173950 -0.124851
v 0.555000 0.173950 -0.124851
v 0.405000 0.204833 -0.040000
v 0.555000 0.204833 -0.040000
v 0.405000 0.262875 0.029172
v 0.555000 0.262875 0.029172
v 0.405000 0.341075 0.074320
v 0.555000 0.341075 0.074320
v 0.405000 0.430000 0.090000
v 0.555000 0.430000 0.090000
v 0.405000 0.518925 0.074320
v 0.555000 0.518925 0.074320
v 0.405000 0.597125 0.029172
v 0.555000 0.597125 0.029172
v 0.405000 0.655167 -0.040000
v 0.555000 0.655167 -0.040000
v 0.405000 0.686050 -0.124851
v 0.555000 0.686050 -0.124851
v 0.405000 0.686050 -0.215149
v 0.555000 0.686050 -0.215149
v 0.405000 0.655167 -0.300000
v 0.555000 0.655167 -0.300000
v 0.405000 0.597125 -0.369172
v 0.555000 0.597125 -0.369172
v 0.405000 0.518925 -0.414320
v 0.555000 0.518925 -0.414320
vn -0.6700 -0.0000 -0.7423
vn 0.6700 -0.0000 -0.7423
vn -0.6700 -0.2539 -0.6976
vn 0.6700 -0.2539 -0.6976
vn -0.6700 -0.4772 -0.5687
vn 0.6700 -0.4772 -0.5687
vn -0.6700 -0.6429 -0.3712
vn 0.6700 -0.6429 -0.3712
vn -0.6700 -0.7311 -0.1289
vn 0.6700 -0.7311 -0.1289
vn -0.6700 -0.7311 0.1289
vn 0.6700 -0.7311 0.1289
vn -0.6700 -0.6429 0.3712
vn 0.6700 -0.6429 0.3712
vn -0.6700 -0.4772 0.5687
vn 0.6700 -0.4772 0.5687
vn -0.6700 -0.2539 0.6976
vn 0.6700 -0.2539 0.6976
vn -0.6700 -0.0000 0.7423
vn 0.6700 -0.0000 0.7423
vn -0.6700 0.2539 0.6976
vn 0.6700 0.2539 0.6976
vn -0.6700 0.4772 0.5687
vn 0.6700 0.4772 0.5687
vn -0.6700 0.6429 0.3712
vn 0.6700 0.6429 0.3712
vn -0.6700 0.7311 0.1289
vn 0.6700 0.7311 0.1289
vn -0.6700 0.7311 -0.1289
vn 0.6700 0.7311 -0.1289
vn -0.6700 0.6429 -0.3712
vn 0.6700 0.6429 -0.3712
vn -0.6700 0.4772 -0.5687
vn 0.6700 0.4772 -0.5687
vn -0.6700 0.2539 -0.6976
vn 0.6700 0.2539 -0.6976
vt 1.000000 0.500000
vt 1.000000 1.000000
vt 0.944444 1.000000
vt 0.944444 0.500000
vt 0.888889 1.000000
vt 0.888889 0.500000
vt 0.833333 1.000000
vt 0.833333 0.500000
vt 0.777778 1.000000
vt 0.777778 0.500000
vt 0.722222 1.000000
vt 0.722222 0.500000
vt 0.666667 1.000000
vt 0.666667 0.500000
vt 0.611111 1.000000
vt 0.611111 0.500000
vt 0.555555 1.000000
vt 0.555555 0.500000
vt 0.500000 1.000000
vt 0.500000 0.500000
vt 0.444444 1.000000
vt 0.444444 0.500000
vt 0.388889 1.000000
vt 0.388889 0.500000
vt 0.333333 1.000000
vt 0.333333 0.500000
vt 0.277778 1.000000
vt 0.277778 0.500000
vt 0.222222 1.000000
vt 0.222222 0.500000
vt 0.166666 1.000000
vt 0.166666 0.500000
vt 0.111111 1.000000
vt 0.111111 0.500000
vt 0.332085 0.475526
vt 0.250000 0.490000
vt 0.167915 0.475526
vt 0.095731 0.433851
vt 0.042154 0.370000
vt 0.013646 0.291676
vt 0.013646 0.208324
vt 0.042154 0.130000
vt 0.095731 0.066149
vt 0.167915 0.024474
vt 0.250000 0.010000
vt 0.332085 0.024474
vt 0.404269 0.066149
vt 0.457846 0.130000
vt 0.486354 0.208324
vt 0.486354 0.291676
vt 0.457846 0.370000
vt 0.404269 0.433851
vt 0.055555 1.000000
vt 0.055555 0.500000
vt -0.000000 1.000000
vt -0.000000 0.500000
vt 0.750000 0.490000
vt 0.832085 0.475526
vt 0.904269 0.433851
vt 0.957846 0.370000
vt 0.986354 0.291676
vt 0.986354 0.208324
vt 0.957846 0.130000
vt 0.904269 0.066149
vt 0.832085 0.024474
vt 0.750000 0.010000
vt 0.667915 0.024474
vt 0.595731 0.066149
vt 0.542154 0.130000
vt 0.513646 0.208324
vt 0.513646 0.291676
vt 0.542154 0.370000
vt 0.595731 0.433851
vt 0.667915 0.475526
s 1
usemtl OiledOak
f 481/691/473 482/692/474 484/693/476 483/694/475
f 483/694/475 484/693/476 486/695/478 485/696/477
f 485/696/477 486/695/478 488/697/480 487/698/479
f 487/698/479 488/697/480 490/699/482 489/700/481
f 489/700/481 490/699/482 492/701/484 491/702/483
f 491/702/483 492/701/484 494/703/486 493/704/485
f 493/704/485 494/703/486 496/705/488 495/706/487
f 495/706/487 496/705/488 498/707/490 497/708/489
f 497/708/489 498/707/490 500/709/492 499/710/491
f 499/710/491 500/709/492 502/711/494 501/712/493
f 501/712/493 502/711/494 504/713/496 503/714/495
f 503/714/495 504/713/496 506/715/498 505/716/497
f 505/716/497 506/715/498 508/717/500 507/718/499
f 507/718/499 508/717/500 510/719/502 509/720/501
f 509/720/501 510/719/502 512/721/504 511/722/503
f 511/722/503 512/721/504 514/723/506 513/724/505
f 484/725/476 482/726/474 516/727/508 514/728/506 512/729/504 510/730/502 508/731/500 506/732/498 504/733/496 502/734/494 500/735/492 498/736/490 496/737/488 494/738/486 492/739/484 490/740/482 488/741/480 486/742/478
f 513/724/505 514/723/506 516/743/508 515/744/507
f 515/744/507 516/743/508 482/745/474 481/746/473
f 481/747/473 483/748/475 485/749/477 487/750/479 489/751/481 491/752/483 493/753/485 495/754/487 497/755/489 499/756/491 501/757/493 503/758/495 505/759/497 507/760/499 509/761/501 511/762/503 513/763/505 515/764/507
o iron_wheel_hub.001
v 0.390000 0.430000 -0.270000
v 0.570000 0.430000 -0.270000
v 0.390000 0.386612 -0.260097
v 0.570000 0.386612 -0.260097
v 0.390000 0.351817 -0.232349
v 0.570000 0.351817 -0.232349
v 0.390000 0.332507 -0.192252
v 0.570000 0.332507 -0.192252
v 0.390000 0.332507 -0.147748
v 0.570000 0.332507 -0.147748
v 0.390000 0.351817 -0.107651
v 0.570000 0.351817 -0.107651
v 0.390000 0.386612 -0.079903
v 0.570000 0.386612 -0.079903
v 0.390000 0.430000 -0.070000
v 0.570000 0.430000 -0.070000
v 0.390000 0.473388 -0.079903
v 0.570000 0.473388 -0.079903
v 0.390000 0.508183 -0.107651
v 0.570000 0.508183 -0.107651
v 0.390000 0.527493 -0.147748
v 0.570000 0.527493 -0.147748
v 0.390000 0.527493 -0.192252
v 0.570000 0.527493 -0.192252
v 0.390000 0.508183 -0.232349
v 0.570000 0.508183 -0.232349
v 0.390000 0.473388 -0.260097
v 0.570000 0.473388 -0.260097
vn -0.6603 -0.0000 -0.7510
vn 0.6603 -0.0000 -0.7510
vn -0.6603 -0.3259 -0.6766
vn 0.6603 -0.3259 -0.6766
vn -0.6603 -0.5872 -0.4682
vn 0.6603 -0.5872 -0.4682
vn -0.6603 -0.7322 -0.1671
vn 0.6603 -0.7322 -0.1671
vn -0.6603 -0.7322 0.1671
vn 0.6603 -0.7322 0.1671
vn -0.6603 -0.5872 0.4682
vn 0.6603 -0.5872 0.4682
vn -0.6603 -0.3259 0.6766
vn 0.6603 -0.3259 0.6766
vn -0.6603 -0.0000 0.7510
vn 0.6603 -0.0000 0.7510
vn -0.6603 0.3259 0.6766
vn 0.6603 0.3259 0.6766
vn -0.6603 0.5872 0.4682
vn 0.6603 0.5872 0.4682
vn -0.6603 0.7322 0.1671
vn 0.6603 0.7322 0.1671
vn -0.6603 0.7322 -0.1671
vn 0.6603 0.7322 -0.1671
vn -0.6603 0.5872 -0.4682
vn 0.6603 0.5872 -0.4682
vn -0.6603 0.3259 -0.6766
vn 0.6603 0.3259 -0.6766
vt 1.000000 0.500000
vt 1.000000 1.000000
vt 0.928571 1.000000
vt 0.928571 0.500000
vt 0.857143 1.000000
vt 0.857143 0.500000
vt 0.785714 1.000000
vt 0.785714 0.500000
vt 0.714286 1.000000
vt 0.714286 0.500000
vt 0.642857 1.000000
vt 0.642857 0.500000
vt 0.571428 1.000000
vt 0.571428 0.500000
vt 0.500000 1.000000
vt 0.500000 0.500000
vt 0.428571 1.000000
vt 0.428571 0.500000
vt 0.357143 1.000000
vt 0.357143 0.500000
vt 0.285714 1.000000
vt 0.285714 0.500000
vt 0.214286 1.000000
vt 0.214286 0.500000
vt 0.142857 1.000000
vt 0.142857 0.500000
vt 0.354132 0.466233
vt 0.250000 0.490000
vt 0.145868 0.466233
vt 0.062360 0.399638
vt 0.016017 0.303405
vt 0.016017 0.196595
vt 0.062360 0.100362
vt 0.145868 0.033767
vt 0.250000 0.010000
vt 0.354132 0.033767
vt 0.437640 0.100362
vt 0.483983 0.196595
vt 0.483983 0.303405
vt 0.437640 0.399638
vt 0.071428 1.000000
vt 0.071428 0.500000
vt -0.000000 1.000000
vt -0.000000 0.500000
vt 0.750000 0.490000
vt 0.854132 0.466233
vt 0.937640 0.399638
vt 0.983983 0.303405
vt 0.983983 0.196595
vt 0.937640 0.100362
vt 0.854132 0.033767
vt 0.750000 0.010000
vt 0.645868 0.033767
vt 0.562360 0.100362
vt 0.516017 0.196595
vt 0.516017 0.303405
vt 0.562360 0.399638
vt 0.645868 0.466233
s 1
usemtl BlackIron
f 517/765/509 518/766/510 520/767/512 519/768/511
f 519/768/511 520/767/512 522/769/514 521/770/513
f 521/770/513 522/769/514 524/771/516 523/772/515
f 523/772/515 524/771/516 526/773/518 525/774/517
f 525/774/517 526/773/518 528/775/520 527/776/519
f 527/776/519 528/775/520 530/777/522 529/778/521
f 529/778/521 530/777/522 532/779/524 531/780/523
f 531/780/523 532/779/524 534/781/526 533/782/525
f 533/782/525 534/781/526 536/783/528 535/784/527
f 535/784/527 536/783/528 538/785/530 537/786/529
f 537/786/529 538/785/530 540/787/532 539/788/531
f 539/788/531 540/787/532 542/789/534 541/790/533
f 520/791/512 518/792/510 544/793/536 542/794/534 540/795/532 538/796/530 536/797/528 534/798/526 532/799/524 530/800/522 528/801/520 526/802/518 524/803/516 522/804/514
f 541/790/533 542/789/534 544/805/536 543/806/535
f 543/806/535 544/805/536 518/807/510 517/808/509
f 517/809/509 519/810/511 521/811/513 523/812/515 525/813/517 527/814/519 529/815/521 531/816/523 533/817/525 535/818/527 537/819/529 539/820/531 541/821/533 543/822/535
o iron_ram_cheek.001
v 0.445000 0.490000 0.325000
v 0.445000 0.525000 0.360000
v 0.410000 0.525000 0.325000
v 0.445000 0.494676 0.342477
v 0.427523 0.494676 0.325000
v 0.428263 0.499218 0.341737
v 0.427523 0.525000 0.355324
v 0.445000 0.507523 0.355324
v 0.428263 0.508263 0.350782
v 0.414676 0.507523 0.325000
v 0.414676 0.525000 0.342477
v 0.419218 0.508263 0.341737
v 0.445000 0.875000 0.360000
v 0.445000 0.910000 0.325000
v 0.410000 0.875000 0.325000
v 0.445000 0.892477 0.355324
v 0.427523 0.875000 0.355324
v 0.428263 0.891737 0.350782
v 0.427523 0.905324 0.325000
v 0.445000 0.905324 0.342477
v 0.428263 0.900782 0.341737
v 0.414676 0.875000 0.342477
v 0.414676 0.892477 0.325000
v 0.419218 0.891737 0.341737
v 0.445000 0.490000 -0.425000
v 0.410000 0.525000 -0.425000
v 0.445000 0.525000 -0.460000
v 0.427523 0.494676 -0.425000
v 0.445000 0.494676 -0.442477
v 0.428263 0.499218 -0.441737
v 0.414676 0.525000 -0.442477
v 0.414676 0.507523 -0.425000
v 0.419218 0.508263 -0.441737
v 0.445000 0.507523 -0.455324
v 0.427523 0.525000 -0.455324
v 0.428263 0.508263 -0.450782
v 0.445000 0.910000 -0.425000
v 0.445000 0.875000 -0.460000
v 0.410000 0.875000 -0.425000
v 0.445000 0.905324 -0.442477
v 0.427523 0.905324 -0.425000
v 0.428263 0.900782 -0.441737
v 0.427523 0.875000 -0.455324
v 0.445000 0.892477 -0.455324
v 0.428263 0.891737 -0.450782
v 0.414676 0.892477 -0.425000
v 0.414676 0.875000 -0.442477
v 0.419218 0.891737 -0.441737
v 0.515000 0.490000 0.325000
v 0.550000 0.525000 0.325000
v 0.515000 0.525000 0.360000
v 0.532477 0.494676 0.325000
v 0.515000 0.494676 0.342477
v 0.531737 0.499218 0.341737
v 0.545324 0.525000 0.342477
v 0.545324 0.507523 0.325000
v 0.540782 0.508263 0.341737
v 0.515000 0.507523 0.355324
v 0.532477 0.525000 0.355324
v 0.531737 0.508263 0.350782
v 0.515000 0.910000 0.325000
v 0.515000 0.875000 0.360000
v 0.550000 0.875000 0.325000
v 0.515000 0.905324 0.342477
v 0.532477 0.905324 0.325000
v 0.531737 0.900782 0.341737
v 0.532477 0.875000 0.355324
v 0.515000 0.892477 0.355324
v 0.531737 0.891737 0.350782
v 0.545324 0.892477 0.325000
v 0.545324 0.875000 0.342477
v 0.540782 0.891737 0.341737
v 0.515000 0.490000 -0.425000
v 0.515000 0.525000 -0.460000
v 0.550000 0.525000 -0.425000
v 0.515000 0.494676 -0.442477
v 0.532477 0.494676 -0.425000
v 0.531737 0.499218 -0.441737
v 0.532477 0.525000 -0.455324
v 0.515000 0.507523 -0.455324
v 0.531737 0.508263 -0.450782
v 0.545324 0.507523 -0.425000
v 0.545324 0.525000 -0.442477
v 0.540782 0.508263 -0.441737
v 0.515000 0.910000 -0.425000
v 0.550000 0.875000 -0.425000
v 0.515000 0.875000 -0.460000
v 0.532477 0.905324 -0.425000
v 0.515000 0.905324 -0.442477
v 0.531737 0.900782 -0.441737
v 0.545324 0.875000 -0.442477
v 0.545324 0.892477 -0.425000
v 0.540782 0.891737 -0.441737
v 0.515000 0.892477 -0.455324
v 0.532477 0.875000 -0.455324
v 0.531737 0.891737 -0.450782
vn -0.2566 -0.9318 0.2566
vn -0.2178 -0.6901 0.6901
vn -0.2566 -0.2566 0.9318
vn -0.6901 -0.2178 0.6901
vn -0.9318 -0.2566 0.2566
vn -0.6901 -0.6901 0.2178
vn -0.5774 -0.5774 0.5773
vn -0.2566 0.2566 0.9318
vn -0.2178 0.6901 0.6901
vn -0.2566 0.9318 0.2566
vn -0.6901 0.6901 0.2178
vn -0.9318 0.2566 0.2566
vn -0.6901 0.2178 0.6901
vn -0.5774 0.5774 0.5773
vn -0.2566 -0.9318 -0.2566
vn -0.6901 -0.6901 -0.2178
vn -0.9318 -0.2566 -0.2566
vn -0.6901 -0.2178 -0.6901
vn -0.2566 -0.2566 -0.9318
vn -0.2178 -0.6901 -0.6901
vn -0.5774 -0.5774 -0.5773
vn -0.2566 0.9318 -0.2566
vn -0.2178 0.6901 -0.6901
vn -0.2566 0.2566 -0.9318
vn -0.6901 0.2178 -0.6901
vn -0.9318 0.2566 -0.2566
vn -0.6901 0.6901 -0.2178
vn -0.5774 0.5774 -0.5773
vn 0.2566 -0.9318 0.2566
vn 0.6901 -0.6901 0.2178
vn 0.9318 -0.2566 0.2566
vn 0.6901 -0.2178 0.6901
vn 0.2566 -0.2566 0.9318
vn 0.2178 -0.6901 0.6901
vn 0.5774 -0.5774 0.5773
vn 0.2566 0.9318 0.2566
vn 0.2178 0.6901 0.6901
vn 0.2566 0.2566 0.9318
vn 0.6901 0.2178 0.6901
vn 0.9318 0.2566 0.2566
vn 0.6901 0.6901 0.2178
vn 0.5774 0.5774 0.5773
vn 0.2566 -0.9318 -0.2566
vn 0.2178 -0.6901 -0.6901
vn 0.2566 -0.2566 -0.9318
vn 0.6901 -0.2178 -0.6901
vn 0.9318 -0.2566 -0.2566
vn 0.6901 -0.6901 -0.2178
vn 0.5774 -0.5774 -0.5773
vn 0.2566 0.9318 -0.2566
vn 0.6901 0.6901 -0.2178
vn 0.9318 0.2566 -0.2566
vn 0.6901 0.2178 -0.6901
vn 0.2566 0.2566 -0.9318
vn 0.2178 0.6901 -0.6901
vn 0.5774 0.5774 -0.5773
vn -0.2585 -0.9660 -0.0000
vn -0.7071 -0.7071 -0.0000
vn -0.9660 -0.2585 -0.0000
vn -0.2585 -0.0000 0.9660
vn -0.7071 -0.0000 0.7071
vn -0.9660 -0.0000 0.2585
vn -0.2585 0.9660 -0.0000
vn -0.7071 0.7071 -0.0000
vn -0.9660 0.2585 -0.0000
vn -0.2585 -0.0000 -0.9660
vn -0.7071 -0.0000 -0.7071
vn -0.9660 -0.0000 -0.2585
vn -0.0000 -0.9660 -0.2585
vn -0.0000 -0.7071 -0.7071
vn -0.0000 -0.2585 -0.9660
vn -0.0000 0.9660 -0.2585
vn -0.0000 0.7071 -0.7071
vn -0.0000 0.2585 -0.9660
vn 0.9660 -0.0000 -0.2585
vn 0.7071 -0.0000 -0.7071
vn 0.2585 -0.0000 -0.9660
vn 0.2585 -0.9660 -0.0000
vn 0.7071 -0.7071 -0.0000
vn 0.9660 -0.2585 -0.0000
vn 0.2585 0.9660 -0.0000
vn 0.7071 0.7071 -0.0000
vn 0.9660 0.2585 -0.0000
vn 0.2585 -0.0000 0.9660
vn 0.7071 -0.0000 0.7071
vn 0.9660 -0.0000 0.2585
vn -0.0000 -0.9660 0.2585
vn -0.0000 -0.7071 0.7071
vn -0.0000 -0.2585 0.9660
vn -0.0000 0.9660 0.2585
vn -0.0000 0.7071 0.7071
vn -0.0000 0.2585 0.9660
vn -0.0000 -1.0000 -0.0000
vn -1.0000 -0.0000 -0.0000
vn -0.0000 -0.0000 1.0000
vn -0.0000 1.0000 -0.0000
vn -0.0000 -0.0000 -1.0000
vn 1.0000 -0.0000 -0.0000
vt 0.187500 0.739329
vt 0.187500 0.744658
vt 0.157612 0.744432
vt 0.156291 0.739329
vt 0.187500 0.750000
vt 0.157612 0.750000
vt 0.395833 0.937500
vt 0.395833 1.000000
vt 0.375000 0.967388
vt 0.375000 0.937500
vt 0.395833 0.000000
vt 0.395833 0.005342
vt 0.375000 0.005568
vt 0.375000 0.000000
vt 0.395833 0.010671
vt 0.375000 0.010671
vt 0.125000 0.739329
vt 0.125000 0.744432
vt 0.604167 0.937500
vt 0.614570 0.937500
vt 0.614129 1.000000
vt 0.604167 1.000000
vt 0.625000 0.937500
vt 0.625000 1.000000
vt 0.812500 0.739329
vt 0.875000 0.739329
vt 0.875000 0.744432
vt 0.812500 0.750000
vt 0.625000 0.010671
vt 0.614570 0.010671
vt 0.614129 0.005568
vt 0.625000 0.005568
vt 0.604167 0.010671
vt 0.604167 0.005342
vt 0.604167 0.000000
vt 0.614129 0.000000
vt 0.187500 0.510671
vt 0.156291 0.510671
vt 0.157612 0.505568
vt 0.187500 0.505342
vt 0.125000 0.510671
vt 0.125000 0.505568
vt 0.395833 0.239329
vt 0.395833 0.244658
vt 0.375000 0.244432
vt 0.375000 0.239329
vt 0.395833 0.281291
vt 0.375000 0.282612
vt 0.395833 0.312500
vt 0.375000 0.312500
vt 0.187500 0.500000
vt 0.157612 0.500000
vt 0.812500 0.510671
vt 0.812500 0.500000
vt 0.875000 0.505568
vt 0.875000 0.510671
vt 0.625000 0.312500
vt 0.614570 0.312500
vt 0.614129 0.279871
vt 0.625000 0.246888
vt 0.604167 0.312500
vt 0.604167 0.281291
vt 0.604167 0.244658
vt 0.614129 0.244432
vt 0.604167 0.239329
vt 0.614570 0.239329
vt 0.625000 0.239329
vt 0.312500 0.739329
vt 0.343709 0.739329
vt 0.342388 0.744432
vt 0.312500 0.744658
vt 0.385430 0.739329
vt 0.383756 0.744432
vt 0.395833 0.739329
vt 0.395833 0.744658
vt 0.395833 0.781291
vt 0.363023 0.770634
vt 0.395833 0.812500
vt 0.344182 0.781682
vt 0.687500 0.739329
vt 0.656682 0.780818
vt 0.645634 0.761977
vt 0.656291 0.739329
vt 0.614570 0.812500
vt 0.614129 0.782612
vt 0.604167 0.812500
vt 0.604167 0.781291
vt 0.604167 0.744658
vt 0.614129 0.746136
vt 0.604167 0.739329
vt 0.614570 0.739329
vt 0.312500 0.510671
vt 0.312500 0.505342
vt 0.342388 0.505568
vt 0.343709 0.510671
vt 0.344182 0.468318
vt 0.363023 0.479366
vt 0.395833 0.437500
vt 0.395833 0.468709
vt 0.395833 0.505342
vt 0.383756 0.505568
vt 0.395833 0.510671
vt 0.385430 0.510671
vt 0.687500 0.510671
vt 0.656291 0.510671
vt 0.645634 0.488023
vt 0.656682 0.469182
vt 0.614570 0.510671
vt 0.614129 0.503864
vt 0.604167 0.510671
vt 0.604167 0.505342
vt 0.604167 0.468709
vt 0.614129 0.467388
vt 0.604167 0.437500
vt 0.614570 0.437500
s 0
usemtl BlackIron
f 545/823/537 548/824/537 550/825/537 549/826/537
f 548/824/538 552/827/538 553/828/538 550/825/538
f 546/829/539 551/830/539 553/831/539 552/832/539
f 551/833/540 555/834/540 556/835/540 553/836/540
f 547/837/541 554/838/541 556/835/541 555/834/541
f 554/839/542 549/826/542 550/825/542 556/840/542
f 550/825/543 553/828/543 556/840/543
f 557/841/544 560/842/544 562/843/544 561/844/544
f 560/842/545 564/845/545 565/846/545 562/843/545
f 558/847/546 563/848/546 565/849/546 564/850/546
f 563/851/547 567/852/547 568/853/547 565/854/547
f 559/855/548 566/856/548 568/853/548 567/852/548
f 566/856/549 561/857/549 562/858/549 568/853/549
f 562/858/550 565/854/550 568/853/550
f 569/859/551 572/860/551 574/861/551 573/862/551
f 572/860/552 576/863/552 577/864/552 574/861/552
f 570/865/553 575/866/553 577/867/553 576/868/553
f 575/866/554 579/869/554 580/870/554 577/867/554
f 571/871/555 578/872/555 580/870/555 579/869/555
f 578/873/556 573/862/556 574/861/556 580/874/556
f 574/861/557 577/864/557 580/874/557
f 581/875/558 584/876/558 586/877/558 585/878/558
f 584/879/559 588/880/559 589/881/559 586/882/559
f 582/883/560 587/884/560 589/881/560 588/880/560
f 587/884/561 591/885/561 592/886/561 589/881/561
f 583/887/562 590/888/562 592/886/562 591/885/562
f 590/888/563 585/889/563 586/882/563 592/886/563
f 586/882/564 589/881/564 592/886/564
f 593/890/565 596/891/565 598/892/565 597/893/565
f 596/891/566 600/894/566 601/895/566 598/892/566
f 594/896/567 599/897/567 601/895/567 600/894/567
f 599/897/568 603/898/568 604/899/568 601/895/568
f 595/900/569 602/901/569 604/899/569 603/898/569
f 602/901/570 597/893/570 598/892/570 604/899/570
f 598/892/571 601/895/571 604/899/571
f 605/902/572 608/903/572 610/904/572 609/905/572
f 608/903/573 612/906/573 613/907/573 610/904/573
f 606/908/574 611/909/574 613/907/574 612/906/574
f 611/909/575 615/910/575 616/911/575 613/907/575
f 607/912/576 614/913/576 616/911/576 615/910/576
f 614/913/577 609/905/577 610/904/577 616/911/577
f 610/904/578 613/907/578 616/911/578
f 617/914/579 620/915/579 622/916/579 621/917/579
f 620/915/580 624/918/580 625/919/580 622/916/580
f 618/920/581 623/921/581 625/919/581 624/918/581
f 623/921/582 627/922/582 628/923/582 625/919/582
f 619/924/583 626/925/583 628/923/583 627/922/583
f 626/925/584 621/917/584 622/916/584 628/923/584
f 622/916/585 625/919/585 628/923/585
f 629/926/586 632/927/586 634/928/586 633/929/586
f 632/927/587 636/930/587 637/931/587 634/928/587
f 630/932/588 635/933/588 637/931/588 636/930/588
f 635/933/589 639/934/589 640/935/589 637/931/589
f 631/936/590 638/937/590 640/935/590 639/934/590
f 638/937/591 633/929/591 634/928/591 640/935/591
f 634/928/592 637/931/592 640/935/592
f 569/859/593 545/823/593 549/826/593 572/860/593
f 572/860/594 549/826/594 554/839/594 576/863/594
f 576/868/595 554/838/595 547/837/595 570/865/595
f 546/829/596 557/841/596 561/844/596 551/830/596
f 551/833/597 561/857/597 566/856/597 555/834/597
f 555/834/598 566/856/598 559/855/598 547/837/598
f 558/847/599 581/875/599 585/878/599 563/848/599
f 563/851/600 585/889/600 590/888/600 567/852/600
f 567/852/601 590/888/601 583/887/601 559/855/601
f 582/883/602 571/871/602 579/869/602 587/884/602
f 587/884/603 579/869/603 575/866/603 591/885/603
f 591/885/604 575/866/604 570/865/604 583/887/604
f 617/914/605 569/859/605 573/862/605 620/915/605
f 620/915/606 573/862/606 578/873/606 624/918/606
f 624/918/607 578/872/607 571/871/607 618/920/607
f 581/875/608 629/926/608 633/929/608 584/876/608
f 584/879/609 633/929/609 638/937/609 588/880/609
f 588/880/610 638/937/610 631/936/610 582/883/610
f 630/932/611 619/924/611 627/922/611 635/933/611
f 635/933/612 627/922/612 623/921/612 639/934/612
f 639/934/613 623/921/613 618/920/613 631/936/613
f 593/890/614 617/914/614 621/917/614 596/891/614
f 596/891/615 621/917/615 626/925/615 600/894/615
f 600/894/616 626/925/616 619/924/616 594/896/616
f 629/926/617 605/902/617 609/905/617 632/927/617
f 632/927/618 609/905/618 614/913/618 636/930/618
f 636/930/619 614/913/619 607/912/619 630/932/619
f 606/908/620 595/900/620 603/898/620 611/909/620
f 611/909/621 603/898/621 599/897/621 615/910/621
f 615/910/622 599/897/622 594/896/622 607/912/622
f 545/823/623 593/890/623 597/893/623 548/824/623
f 548/824/624 597/893/624 602/901/624 552/827/624
f 552/832/625 602/901/625 595/900/625 546/829/625
f 605/902/626 558/847/626 564/850/626 608/903/626
f 608/903/627 564/845/627 560/842/627 612/906/627
f 612/906/628 560/842/628 557/841/628 606/908/628
f 569/859/629 617/914/629 593/890/629 545/823/629
f 547/837/630 559/855/630 583/887/630 570/865/630
f 595/900/631 606/908/631 557/841/631 546/829/631
f 629/926/632 581/875/632 558/847/632 605/902/632
f 571/871/633 582/883/633 631/936/633 618/920/633
f 619/924/634 630/932/634 607/912/634 594/896/634
o oak_ram_bed
v -0.245000 0.580000 0.525000
v -0.245000 0.625000 0.570000
v -0.290000 0.625000 0.525000
v -0.245000 0.586012 0.547470
v -0.267470 0.586012 0.525000
v -0.266520 0.591852 0.546520
v -0.267470 0.625000 0.563988
v -0.245000 0.602530 0.563988
v -0.266520 0.603480 0.558148
v -0.283988 0.602530 0.525000
v -0.283988 0.625000 0.547470
v -0.278148 0.603480 0.546520
v -0.245000 0.735000 0.570000
v -0.245000 0.780000 0.525000
v -0.290000 0.735000 0.525000
v -0.245000 0.757470 0.563988
v -0.267470 0.735000 0.563988
v -0.266520 0.756520 0.558148
v -0.267470 0.773988 0.525000
v -0.245000 0.773988 0.547470
v -0.266520 0.768148 0.546520
v -0.283988 0.735000 0.547470
v -0.283988 0.757470 0.525000
v -0.278148 0.756520 0.546520
v -0.245000 0.580000 -0.505000
v -0.290000 0.625000 -0.505000
v -0.245000 0.625000 -0.550000
v -0.267470 0.586012 -0.505000
v -0.245000 0.586012 -0.527470
v -0.266520 0.591852 -0.526520
v -0.283988 0.625000 -0.527470
v -0.283988 0.602530 -0.505000
v -0.278148 0.603480 -0.526520
v -0.245000 0.602530 -0.543988
v -0.267470 0.625000 -0.543988
v -0.266520 0.603480 -0.538148
v -0.245000 0.780000 -0.505000
v -0.245000 0.735000 -0.550000
v -0.290000 0.735000 -0.505000
v -0.245000 0.773988 -0.527470
v -0.267470 0.773988 -0.505000
v -0.266520 0.768148 -0.526520
v -0.267470 0.735000 -0.543988
v -0.245000 0.757470 -0.543988
v -0.266520 0.756520 -0.538148
v -0.283988 0.757470 -0.505000
v -0.283988 0.735000 -0.527470
v -0.278148 0.756520 -0.526520
v 0.245000 0.580000 0.525000
v 0.290000 0.625000 0.525000
v 0.245000 0.625000 0.570000
v 0.267470 0.586012 0.525000
v 0.245000 0.586012 0.547470
v 0.266520 0.591852 0.546520
v 0.283988 0.625000 0.547470
v 0.283988 0.602530 0.525000
v 0.278148 0.603480 0.546520
v 0.245000 0.602530 0.563988
v 0.267470 0.625000 0.563988
v 0.266520 0.603480 0.558148
v 0.245000 0.780000 0.525000
v 0.245000 0.735000 0.570000
v 0.290000 0.735000 0.525000
v 0.245000 0.773988 0.547470
v 0.267470 0.773988 0.525000
v 0.266520 0.768148 0.546520
v 0.267470 0.735000 0.563988
v 0.245000 0.757470 0.563988
v 0.266520 0.756520 0.558148
v 0.283988 0.757470 0.525000
v 0.283988 0.735000 0.547470
v 0.278148 0.756520 0.546520
v 0.245000 0.580000 -0.505000
v 0.245000 0.625000 -0.550000
v 0.290000 0.625000 -0.505000
v 0.245000 0.586012 -0.527470
v 0.267470 0.586012 -0.505000
v 0.266520 0.591852 -0.526520
v 0.267470 0.625000 -0.543988
v 0.245000 0.602530 -0.543988
v 0.266520 0.603480 -0.538148
v 0.283988 0.602530 -0.505000
v 0.283988 0.625000 -0.527470
v 0.278148 0.603480 -0.526520
v 0.245000 0.780000 -0.505000
v 0.290000 0.735000 -0.505000
v 0.245000 0.735000 -0.550000
v 0.267470 0.773988 -0.505000
v 0.245000 0.773988 -0.527470
v 0.266520 0.768148 -0.526520
v 0.283988 0.735000 -0.527470
v 0.283988 0.757470 -0.505000
v 0.278148 0.756520 -0.526520
v 0.245000 0.757470 -0.543988
v 0.267470 0.735000 -0.543988
v 0.266520 0.756520 -0.538148
vn -0.2566 -0.9318 0.2566
vn -0.2178 -0.6901 0.6901
vn -0.2566 -0.2566 0.9318
vn -0.6901 -0.2178 0.6901
vn -0.9318 -0.2566 0.2566
vn -0.6901 -0.6901 0.2178
vn -0.5774 -0.5773 0.5774
vn -0.2566 0.2566 0.9318
vn -0.2178 0.6901 0.6901
vn -0.2566 0.9318 0.2566
vn -0.6901 0.6901 0.2178
vn -0.9318 0.2566 0.2566
vn -0.6901 0.2178 0.6901
vn -0.5774 0.5773 0.5774
vn -0.2566 -0.9318 -0.2566
vn -0.6901 -0.6901 -0.2178
vn -0.9318 -0.2566 -0.2566
vn -0.6901 -0.2178 -0.6901
vn -0.2566 -0.2566 -0.9318
vn -0.2178 -0.6901 -0.6901
vn -0.5774 -0.5773 -0.5774
vn -0.2566 0.9318 -0.2566
vn -0.2178 0.6901 -0.6901
vn -0.2566 0.2566 -0.9318
vn -0.6901 0.2178 -0.6901
vn -0.9318 0.2566 -0.2566
vn -0.6901 0.6901 -0.2178
vn -0.5774 0.5773 -0.5774
vn 0.2566 -0.9318 0.2566
vn 0.6901 -0.6901 0.2178
vn 0.9318 -0.2566 0.2566
vn 0.6901 -0.2178 0.6901
vn 0.2566 -0.2566 0.9318
vn 0.2178 -0.6901 0.6901
vn 0.5774 -0.5773 0.5774
vn 0.2566 0.9318 0.2566
vn 0.2178 0.6901 0.6901
vn 0.2566 0.2566 0.9318
vn 0.6901 0.2178 0.6901
vn 0.9318 0.2566 0.2566
vn 0.6901 0.6901 0.2178
vn 0.5774 0.5773 0.5774
vn 0.2566 -0.9318 -0.2566
vn 0.2178 -0.6901 -0.6901
vn 0.2566 -0.2566 -0.9318
vn 0.6901 -0.2178 -0.6901
vn 0.9318 -0.2566 -0.2566
vn 0.6901 -0.6901 -0.2178
vn 0.5774 -0.5773 -0.5774
vn 0.2566 0.9318 -0.2566
vn 0.6901 0.6901 -0.2178
vn 0.9318 0.2566 -0.2566
vn 0.6901 0.2178 -0.6901
vn 0.2566 0.2566 -0.9318
vn 0.2178 0.6901 -0.6901
vn 0.5774 0.5773 -0.5774
vn -0.2585 -0.9660 -0.0000
vn -0.7071 -0.7071 -0.0000
vn -0.9660 -0.2585 -0.0000
vn -0.2585 -0.0000 0.9660
vn -0.7071 -0.0000 0.7071
vn -0.9660 -0.0000 0.2585
vn -0.2585 0.9660 -0.0000
vn -0.7071 0.7071 -0.0000
vn -0.9660 0.2585 -0.0000
vn -0.2585 -0.0000 -0.9660
vn -0.7071 -0.0000 -0.7071
vn -0.9660 -0.0000 -0.2585
vn -0.0000 -0.9660 -0.2585
vn -0.0000 -0.7071 -0.7071
vn -0.0000 -0.2585 -0.9660
vn -0.0000 0.9660 -0.2585
vn -0.0000 0.7071 -0.7071
vn -0.0000 0.2585 -0.9660
vn 0.9660 -0.0000 -0.2585
vn 0.7071 -0.0000 -0.7071
vn 0.2585 -0.0000 -0.9660
vn 0.2585 -0.9660 -0.0000
vn 0.7071 -0.7071 -0.0000
vn 0.9660 -0.2585 -0.0000
vn 0.2585 0.9660 -0.0000
vn 0.7071 0.7071 -0.0000
vn 0.9660 0.2585 -0.0000
vn 0.2585 -0.0000 0.9660
vn 0.7071 -0.0000 0.7071
vn 0.9660 -0.0000 0.2585
vn -0.0000 -0.9660 0.2585
vn -0.0000 -0.7071 0.7071
vn -0.0000 -0.2585 0.9660
vn -0.0000 0.9660 0.2585
vn -0.0000 0.7071 0.7071
vn -0.0000 0.2585 0.9660
vn -0.0000 -1.0000 -0.0000
vn -1.0000 -0.0000 -0.0000
vn -0.0000 -0.0000 1.0000
vn -0.0000 1.0000 -0.0000
vn -0.0000 -0.0000 -1.0000
vn 1.0000 -0.0000 -0.0000
vt 0.144397 0.739955
vt 0.144397 0.744971
vt 0.135121 0.744759
vt 0.134711 0.739955
vt 0.144397 0.750000
vt 0.135121 0.750000
vt 0.431250 0.980604
vt 0.431250 1.000000
vt 0.375000 0.989879
vt 0.375000 0.980603
vt 0.431250 0.000000
vt 0.431250 0.005029
vt 0.375000 0.005241
vt 0.375000 0.000000
vt 0.431250 0.010045
vt 0.375000 0.010045
vt 0.125000 0.739955
vt 0.125000 0.744759
vt 0.568750 0.980603
vt 0.596838 0.980603
vt 0.595649 1.000000
vt 0.568750 1.000000
vt 0.625000 0.980603
vt 0.625000 1.000000
vt 0.855603 0.739955
vt 0.875000 0.739955
vt 0.875000 0.744759
vt 0.855604 0.750000
vt 0.625000 0.010045
vt 0.596838 0.010045
vt 0.595649 0.005241
vt 0.625000 0.005241
vt 0.568750 0.010045
vt 0.568750 0.005029
vt 0.568750 0.000000
vt 0.595649 0.000000
vt 0.144397 0.510045
vt 0.134711 0.510045
vt 0.135121 0.505241
vt 0.144397 0.505029
vt 0.125000 0.510045
vt 0.125000 0.505241
vt 0.431250 0.239955
vt 0.431250 0.244971
vt 0.375000 0.244759
vt 0.375000 0.239955
vt 0.431250 0.259711
vt 0.375000 0.260121
vt 0.431250 0.269397
vt 0.375000 0.269397
vt 0.144397 0.500000
vt 0.135121 0.500000
vt 0.855603 0.510045
vt 0.855603 0.500000
vt 0.875000 0.505241
vt 0.875000 0.510045
vt 0.625000 0.269397
vt 0.596838 0.269397
vt 0.595649 0.259133
vt 0.625000 0.247071
vt 0.568750 0.269397
vt 0.568750 0.259711
vt 0.568750 0.244971
vt 0.595649 0.244759
vt 0.568750 0.239955
vt 0.596838 0.239955
vt 0.625000 0.239955
vt 0.355603 0.739955
vt 0.365289 0.739955
vt 0.364879 0.744759
vt 0.355603 0.744971
vt 0.403162 0.739955
vt 0.401685 0.744759
vt 0.431250 0.739955
vt 0.431250 0.744971
vt 0.431250 0.759711
vt 0.371283 0.756404
vt 0.431250 0.769397
vt 0.365315 0.759711
vt 0.644397 0.739955
vt 0.634711 0.759685
vt 0.631404 0.753717
vt 0.634711 0.739955
vt 0.596838 0.769396
vt 0.595649 0.760121
vt 0.568750 0.769397
vt 0.568750 0.759711
vt 0.568750 0.744971
vt 0.595649 0.745560
vt 0.568750 0.739955
vt 0.596838 0.739955
vt 0.355603 0.510045
vt 0.355603 0.505029
vt 0.364879 0.505241
vt 0.365289 0.510045
vt 0.365315 0.490289
vt 0.371283 0.493596
vt 0.431250 0.480603
vt 0.431250 0.490289
vt 0.431250 0.505029
vt 0.401685 0.505241
vt 0.431250 0.510045
vt 0.403162 0.510045
vt 0.644397 0.510045
vt 0.634711 0.510045
vt 0.631404 0.496283
vt 0.634711 0.490315
vt 0.596838 0.510045
vt 0.595649 0.504440
vt 0.568750 0.510045
vt 0.568750 0.505029
vt 0.568750 0.490289
vt 0.595649 0.489879
vt 0.568750 0.480603
vt 0.596838 0.480603
s 0
usemtl OiledOak
f 641/938/635 644/939/635 646/940/635 645/941/635
f 644/939/636 648/942/636 649/943/636 646/940/636
f 642/944/637 647/945/637 649/946/637 648/947/637
f 647/948/638 651/949/638 652/950/638 649/951/638
f 643/952/639 650/953/639 652/950/639 651/949/639
f 650/954/640 645/941/640 646/940/640 652/955/640
f 646/940/641 649/943/641 652/955/641
f 653/956/642 656/957/642 658/958/642 657/959/642
f 656/957/643 660/960/643 661/961/643 658/958/643
f 654/962/644 659/963/644 661/964/644 660/965/644
f 659/966/645 663/967/645 664/968/645 661/969/645
f 655/970/646 662/971/646 664/968/646 663/967/646
f 662/971/647 657/972/647 658/973/647 664/968/647
f 658/973/648 661/969/648 664/968/648
f 665/974/649 668/975/649 670/976/649 669/977/649
f 668/975/650 672/978/650 673/979/650 670/976/650
f 666/980/651 671/981/651 673/982/651 672/983/651
f 671/981/652 675/984/652 676/985/652 673/982/652
f 667/986/653 674/987/653 676/985/653 675/984/653
f 674/988/654 669/977/654 670/976/654 676/989/654
f 670/976/655 673/979/655 676/989/655
f 677/990/656 680/991/656 682/992/656 681/993/656
f 680/994/657 684/995/657 685/996/657 682/997/657
f 678/998/658 683/999/658 685/996/658 684/995/658
f 683/999/659 687/1000/659 688/1001/659 685/996/659
f 679/1002/660 686/1003/660 688/1001/660 687/1000/660
f 686/1003/661 681/1004/661 682/997/661 688/1001/661
f 682/997/662 685/996/662 688/1001/662
f 689/1005/663 692/1006/663 694/1007/663 693/1008/663
f 692/1006/664 696/1009/664 697/1010/664 694/1007/664
f 690/1011/665 695/1012/665 697/1010/665 696/1009/665
f 695/1012/666 699/1013/666 700/1014/666 697/1010/666
f 691/1015/667 698/1016/667 700/1014/667 699/1013/667
f 698/1016/668 693/1008/668 694/1007/668 700/1014/668
f 694/1007/669 697/1010/669 700/1014/669
f 701/1017/670 704/1018/670 706/1019/670 705/1020/670
f 704/1018/671 708/1021/671 709/1022/671 706/1019/671
f 702/1023/672 707/1024/672 709/1022/672 708/1021/672
f 707/1024/673 711/1025/673 712/1026/673 709/1022/673
f 703/1027/674 710/1028/674 712/1026/674 711/1025/674
f 710/1028/675 705/1020/675 706/1019/675 712/1026/675
f 706/1019/676 709/1022/676 712/1026/676
f 713/1029/677 716/1030/677 718/1031/677 717/1032/677
f 716/1030/678 720/1033/678 721/1034/678 718/1031/678
f 714/1035/679 719/1036/679 721/1034/679 720/1033/679
f 719/1036/680 723/1037/680 724/1038/680 721/1034/680
f 715/1039/681 722/1040/681 724/1038/681 723/1037/681
f 722/1040/682 717/1032/682 718/1031/682 724/1038/682
f 718/1031/683 721/1034/683 724/1038/683
f 725/1041/684 728/1042/684 730/1043/684 729/1044/684
f 728/1042/685 732/1045/685 733/1046/685 730/1043/685
f 726/1047/686 731/1048/686 733/1046/686 732/1045/686
f 731/1048/687 735/1049/687 736/1050/687 733/1046/687
f 727/1051/688 734/1052/688 736/1050/688 735/1049/688
f 734/1052/689 729/1044/689 730/1043/689 736/1050/689
f 730/1043/690 733/1046/690 736/1050/690
f 665/974/691 641/938/691 645/941/691 668/975/691
f 668/975/692 645/941/692 650/954/692 672/978/692
f 672/983/693 650/953/693 643/952/693 666/980/693
f 642/944/694 653/956/694 657/959/694 647/945/694
f 647/948/695 657/972/695 662/971/695 651/949/695
f 651/949/696 662/971/696 655/970/696 643/952/696
f 654/962/697 677/990/697 681/993/697 659/963/697
f 659/966/698 681/1004/698 686/1003/698 663/967/698
f 663/967/699 686/1003/699 679/1002/699 655/970/699
f 678/998/700 667/986/700 675/984/700 683/999/700
f 683/999/701 675/984/701 671/981/701 687/1000/701
f 687/1000/702 671/981/702 666/980/702 679/1002/702
f 713/1029/703 665/974/703 669/977/703 716/1030/703
f 716/1030/704 669/977/704 674/988/704 720/1033/704
f 720/1033/705 674/987/705 667/986/705 714/1035/705
f 677/990/706 725/1041/706 729/1044/706 680/991/706
f 680/994/707 729/1044/707 734/1052/707 684/995/707
f 684/995/708 734/1052/708 727/1051/708 678/998/708
f 726/1047/709 715/1039/709 723/1037/709 731/1048/709
f 731/1048/710 723/1037/710 719/1036/710 735/1049/710
f 735/1049/711 719/1036/711 714/1035/711 727/1051/711
f 689/1005/712 713/1029/712 717/1032/712 692/1006/712
f 692/1006/713 717/1032/713 722/1040/713 696/1009/713
f 696/1009/714 722/1040/714 715/1039/714 690/1011/714
f 725/1041/715 701/1017/715 705/1020/715 728/1042/715
f 728/1042/716 705/1020/716 710/1028/716 732/1045/716
f 732/1045/717 710/1028/717 703/1027/717 726/1047/717
f 702/1023/718 691/1015/718 699/1013/718 707/1024/718
f 707/1024/719 699/1013/719 695/1012/719 711/1025/719
f 711/1025/720 695/1012/720 690/1011/720 703/1027/720
f 641/938/721 689/1005/721 693/1008/721 644/939/721
f 644/939/722 693/1008/722 698/1016/722 648/942/722
f 648/947/723 698/1016/723 691/1015/723 642/944/723
f 701/1017/724 654/962/724 660/965/724 704/1018/724
f 704/1018/725 660/960/725 656/957/725 708/1021/725
f 708/1021/726 656/957/726 653/956/726 702/1023/726
f 665/974/727 713/1029/727 689/1005/727 641/938/727
f 643/952/728 655/970/728 679/1002/728 666/980/728
f 691/1015/729 702/1023/729 653/956/729 642/944/729
f 725/1041/730 677/990/730 654/962/730 701/1017/730
f 667/986/731 678/998/731 727/1051/731 714/1035/731
f 715/1039/732 726/1047/732 703/1027/732 690/1011/732
o black_ram_barrel
v 0.000000 1.165000 -0.230000
v 0.000000 1.165000 0.910000
v 0.063419 1.157300 -0.230000
v 0.063419 1.157300 0.910000
v 0.123152 1.134646 -0.230000
v 0.123152 1.134646 0.910000
v 0.175727 1.098355 -0.230000
v 0.175727 1.098355 0.910000
v 0.218091 1.050537 -0.230000
v 0.218091 1.050537 0.910000
v 0.247779 0.993970 -0.230000
v 0.247779 0.993970 0.910000
v 0.263068 0.931942 -0.230000
v 0.263068 0.931942 0.910000
v 0.263068 0.868058 -0.230000
v 0.263068 0.868058 0.910000
v 0.247779 0.806030 -0.230000
v 0.247779 0.806030 0.910000
v 0.218091 0.749463 -0.230000
v 0.218091 0.749463 0.910000
v 0.175727 0.701645 -0.230000
v 0.175727 0.701645 0.910000
v 0.123152 0.665354 -0.230000
v 0.123152 0.665354 0.910000
v 0.063419 0.642700 -0.230000
v 0.063419 0.642700 0.910000
v 0.000000 0.635000 -0.230000
v 0.000000 0.635000 0.910000
v -0.063419 0.642700 -0.230000
v -0.063419 0.642700 0.910000
v -0.123152 0.665354 -0.230000
v -0.123152 0.665354 0.910000
v -0.175727 0.701645 -0.230000
v -0.175727 0.701645 0.910000
v -0.218091 0.749463 -0.230000
v -0.218091 0.749463 0.910000
v -0.247779 0.806030 -0.230000
v -0.247779 0.806030 0.910000
v -0.263068 0.868058 -0.230000
v -0.263068 0.868058 0.910000
v -0.263068 0.931942 -0.230000
v -0.263068 0.931942 0.910000
v -0.247779 0.993970 -0.230000
v -0.247779 0.993970 0.910000
v -0.218091 1.050537 -0.230000
v -0.218091 1.050537 0.910000
v -0.175727 1.098355 -0.230000
v -0.175727 1.098355 0.910000
v -0.123152 1.134646 -0.230000
v -0.123152 1.134646 0.910000
v -0.063419 1.157300 -0.230000
v -0.063419 1.157300 0.910000
vn -0.0000 0.7323 -0.6810
vn -0.0000 0.7323 0.6810
vn 0.1753 0.7110 -0.6810
vn 0.1753 0.7110 0.6810
vn 0.3403 0.6484 -0.6810
vn 0.3403 0.6484 0.6810
vn 0.4856 0.5481 -0.6810
vn 0.4856 0.5481 0.6810
vn 0.6027 0.4160 -0.6810
vn 0.6027 0.4160 0.6810
vn 0.6847 0.2597 -0.6810
vn 0.6847 0.2597 0.6810
vn 0.7270 0.0883 -0.6810
vn 0.7270 0.0883 0.6810
vn 0.7270 -0.0883 -0.6810
vn 0.7270 -0.0883 0.6810
vn 0.6847 -0.2597 -0.6810
vn 0.6847 -0.2597 0.6810
vn 0.6027 -0.4160 -0.6810
vn 0.6027 -0.4160 0.6810
vn 0.4856 -0.5481 -0.6810
vn 0.4856 -0.5481 0.6810
vn 0.3403 -0.6484 -0.6810
vn 0.3403 -0.6484 0.6810
vn 0.1753 -0.7110 -0.6810
vn 0.1753 -0.7110 0.6810
vn -0.0000 -0.7323 -0.6810
vn -0.0000 -0.7323 0.6810
vn -0.1753 -0.7110 -0.6810
vn -0.1753 -0.7110 0.6810
vn -0.3403 -0.6484 -0.6810
vn -0.3403 -0.6484 0.6810
vn -0.4856 -0.5481 -0.6810
vn -0.4856 -0.5481 0.6810
vn -0.6027 -0.4160 -0.6810
vn -0.6027 -0.4160 0.6810
vn -0.6847 -0.2597 -0.6810
vn -0.6847 -0.2597 0.6810
vn -0.7270 -0.0883 -0.6810
vn -0.7270 -0.0883 0.6810
vn -0.7270 0.0883 -0.6810
vn -0.7270 0.0883 0.6810
vn -0.6847 0.2597 -0.6810
vn -0.6847 0.2597 0.6810
vn -0.6027 0.4160 -0.6810
vn -0.6027 0.4160 0.6810
vn -0.4856 0.5481 -0.6810
vn -0.4856 0.5481 0.6810
vn -0.3403 0.6484 -0.6810
vn -0.3403 0.6484 0.6810
vn -0.1753 0.7110 -0.6810
vn -0.1753 0.7110 0.6810
vt 1.000000 0.500000
vt 1.000000 1.000000
vt 0.961538 1.000000
vt 0.961538 0.500000
vt 0.923077 1.000000
vt 0.923077 0.500000
vt 0.884615 1.000000
vt 0.884615 0.500000
vt 0.846154 1.000000
vt 0.846154 0.500000
vt 0.807692 1.000000
vt 0.807692 0.500000
vt 0.769231 1.000000
vt 0.769231 0.500000
vt 0.730769 1.000000
vt 0.730769 0.500000
vt 0.692307 1.000000
vt 0.692307 0.500000
vt 0.653846 1.000000
vt 0.653846 0.500000
vt 0.615384 1.000000
vt 0.615384 0.500000
vt 0.576923 1.000000
vt 0.576923 0.500000
vt 0.538461 1.000000
vt 0.538461 0.500000
vt 0.500000 1.000000
vt 0.500000 0.500000
vt 0.461538 1.000000
vt 0.461538 0.500000
vt 0.423077 1.000000
vt 0.423077 0.500000
vt 0.384615 1.000000
vt 0.384615 0.500000
vt 0.346154 1.000000
vt 0.346154 0.500000
vt 0.307692 1.000000
vt 0.307692 0.500000
vt 0.269230 1.000000
vt 0.269230 0.500000
vt 0.230769 1.000000
vt 0.230769 0.500000
vt 0.192307 1.000000
vt 0.192307 0.500000
vt 0.153846 1.000000
vt 0.153846 0.500000
vt 0.115384 1.000000
vt 0.115384 0.500000
vt 0.076923 1.000000
vt 0.076923 0.500000
vt 0.307436 0.483026
vt 0.250000 0.490000
vt 0.192564 0.483026
vt 0.138466 0.462509
vt 0.090851 0.429643
vt 0.052484 0.386336
vt 0.025596 0.335105
vt 0.011750 0.278929
vt 0.011750 0.221071
vt 0.025596 0.164895
vt 0.052484 0.113664
vt 0.090851 0.070357
vt 0.138466 0.037491
vt 0.192564 0.016974
vt 0.250000 0.010000
vt 0.307436 0.016974
vt 0.361534 0.037491
vt 0.409149 0.070357
vt 0.447516 0.113664
vt 0.474404 0.164895
vt 0.488250 0.221071
vt 0.488250 0.278929
vt 0.474404 0.335105
vt 0.447516 0.386336
vt 0.409149 0.429643
vt 0.361534 0.462509
vt 0.038461 1.000000
vt 0.038461 0.500000
vt -0.000000 1.000000
vt -0.000000 0.500000
vt 0.750000 0.490000
vt 0.807436 0.483026
vt 0.861534 0.462509
vt 0.909149 0.429643
vt 0.947516 0.386336
vt 0.974404 0.335105
vt 0.988250 0.278929
vt 0.988250 0.221071
vt 0.974404 0.164895
vt 0.947516 0.113664
vt 0.909149 0.070357
vt 0.861534 0.037491
vt 0.807436 0.016974
vt 0.750000 0.010000
vt 0.692564 0.016974
vt 0.638466 0.037491
vt 0.590851 0.070357
vt 0.552484 0.113664
vt 0.525596 0.164895
vt 0.511750 0.221071
vt 0.511750 0.278929
vt 0.525596 0.335105
vt 0.552484 0.386336
vt 0.590851 0.429643
vt 0.638466 0.462509
vt 0.692564 0.483026
s 1
usemtl BlackIron
f 737/1053/733 738/1054/734 740/1055/736 739/1056/735
f 739/1056/735 740/1055/736 742/1057/738 741/1058/737
f 741/1058/737 742/1057/738 744/1059/740 743/1060/739
f 743/1060/739 744/1059/740 746/1061/742 745/1062/741
f 745/1062/741 746/1061/742 748/1063/744 747/1064/743
f 747/1064/743 748/1063/744 750/1065/746 749/1066/745
f 749/1066/745 750/1065/746 752/1067/748 751/1068/747
f 751/1068/747 752/1067/748 754/1069/750 753/1070/749
f 753/1070/749 754/1069/750 756/1071/752 755/1072/751
f 755/1072/751 756/1071/752 758/1073/754 757/1074/753
f 757/1074/753 758/1073/754 760/1075/756 759/1076/755
f 759/1076/755 760/1075/756 762/1077/758 761/1078/757
f 761/1078/757 762/1077/758 764/1079/760 763/1080/759
f 763/1080/759 764/1079/760 766/1081/762 765/1082/761
f 765/1082/761 766/1081/762 768/1083/764 767/1084/763
f 767/1084/763 768/1083/764 770/1085/766 769/1086/765
f 769/1086/765 770/1085/766 772/1087/768 771/1088/767
f 771/1088/767 772/1087/768 774/1089/770 773/1090/769
f 773/1090/769 774/1089/770 776/1091/772 775/1092/771
f 775/1092/771 776/1091/772 778/1093/774 777/1094/773
f 777/1094/773 778/1093/774 780/1095/776 779/1096/775
f 779/1096/775 780/1095/776 782/1097/778 781/1098/777
f 781/1098/777 782/1097/778 784/1099/780 783/1100/779
f 783/1100/779 784/1099/780 786/1101/782 785/1102/781
f 740/1103/736 738/1104/734 788/1105/784 786/1106/782 784/1107/780 782/1108/778 780/1109/776 778/1110/774 776/1111/772 774/1112/770 772/1113/768 770/1114/766 768/1115/764 766/1116/762 764/1117/760 762/1118/758 760/1119/756 758/1120/754 756/1121/752 754/1122/750 752/1123/748 750/1124/746 748/1125/744 746/1126/742 744/1127/740 742/1128/738
f 785/1102/781 786/1101/782 788/1129/784 787/1130/783
f 787/1130/783 788/1129/784 738/1131/734 737/1132/733
f 737/1133/733 739/1134/735 741/1135/737 743/1136/739 745/1137/741 747/1138/743 749/1139/745 751/1140/747 753/1141/749 755/1142/751 757/1143/753 759/1144/755 761/1145/757 763/1146/759 765/1147/761 767/1148/763 769/1149/765 771/1150/767 773/1151/769 775/1152/771 777/1153/773 779/1154/775 781/1155/777 783/1156/779 785/1157/781 787/1158/783
o stone_breaker_head
v 0.000000 1.230000 0.760000
v 0.000000 0.952800 1.180000
v 0.233345 1.133345 0.760000
v 0.037335 0.937335 1.180000
v 0.330000 0.900000 0.760000
v 0.052800 0.900000 1.180000
v 0.233345 0.666655 0.760000
v 0.037335 0.862665 1.180000
v 0.000000 0.570000 0.760000
v 0.000000 0.847200 1.180000
v -0.233345 0.666655 0.760000
v -0.037335 0.862665 1.180000
v -0.330000 0.900000 0.760000
v -0.052800 0.900000 1.180000
v -0.233345 1.133345 0.760000
v -0.037335 0.937335 1.180000
vn 0.3267 0.7888 0.5206
vn 0.7888 0.3267 0.5206
vn 0.7888 -0.3267 0.5206
vn 0.3267 -0.7888 0.5206
vn -0.3267 -0.7888 0.5206
vn -0.7888 -0.3267 0.5206
vn -0.0000 -0.0000 1.0000
vn -0.7888 0.3267 0.5206
vn -0.3267 0.7888 0.5206
vn -0.0000 -0.0000 -1.0000
vt 1.000000 0.500000
vt 1.000000 1.000000
vt 0.875000 1.000000
vt 0.875000 0.500000
vt 0.750000 1.000000
vt 0.750000 0.500000
vt 0.625000 1.000000
vt 0.625000 0.500000
vt 0.500000 1.000000
vt 0.500000 0.500000
vt 0.375000 1.000000
vt 0.375000 0.500000
vt 0.250000 1.000000
vt 0.250000 0.500000
vt 0.419706 0.419706
vt 0.250000 0.490000
vt 0.080294 0.419706
vt 0.010000 0.250000
vt 0.080294 0.080294
vt 0.250000 0.010000
vt 0.419706 0.080294
vt 0.490000 0.250000
vt 0.125000 1.000000
vt 0.125000 0.500000
vt 0.000000 1.000000
vt 0.000000 0.500000
vt 0.750000 0.490000
vt 0.919706 0.419706
vt 0.990000 0.250000
vt 0.919706 0.080294
vt 0.750000 0.010000
vt 0.580294 0.080294
vt 0.510000 0.250000
vt 0.580294 0.419706
s 0
usemtl PlateEdge
f 789/1159/785 790/1160/785 792/1161/785 791/1162/785
f 791/1162/786 792/1161/786 794/1163/786 793/1164/786
f 793/1164/787 794/1163/787 796/1165/787 795/1166/787
f 795/1166/788 796/1165/788 798/1167/788 797/1168/788
f 797/1168/789 798/1167/789 800/1169/789 799/1170/789
f 799/1170/790 800/1169/790 802/1171/790 801/1172/790
f 792/1173/791 790/1174/791 804/1175/791 802/1176/791 800/1177/791 798/1178/791 796/1179/791 794/1180/791
f 801/1172/792 802/1171/792 804/1181/792 803/1182/792
f 803/1182/793 804/1181/793 790/1183/793 789/1184/793
f 789/1185/794 791/1186/794 793/1187/794 795/1188/794 797/1189/794 799/1190/794 801/1191/794 803/1192/794
o bronze_ram_band
v 0.000000 1.196000 0.440000
v 0.000000 1.196000 0.580000
v 0.076610 1.185914 0.440000
v 0.076610 1.185914 0.580000
v 0.148000 1.156343 0.440000
v 0.148000 1.156343 0.580000
v 0.209304 1.109304 0.440000
v 0.209304 1.109304 0.580000
v 0.256344 1.048000 0.440000
v 0.256344 1.048000 0.580000
v 0.285914 0.976610 0.440000
v 0.285914 0.976610 0.580000
v 0.296000 0.900000 0.440000
v 0.296000 0.900000 0.580000
v 0.285914 0.823390 0.440000
v 0.285914 0.823390 0.580000
v 0.256344 0.752000 0.440000
v 0.256344 0.752000 0.580000
v 0.209304 0.690696 0.440000
v 0.209304 0.690696 0.580000
v 0.148000 0.643656 0.440000
v 0.148000 0.643656 0.580000
v 0.076610 0.614086 0.440000
v 0.076610 0.614086 0.580000
v 0.000000 0.604000 0.440000
v 0.000000 0.604000 0.580000
v -0.076610 0.614086 0.440000
v -0.076610 0.614086 0.580000
v -0.148000 0.643656 0.440000
v -0.148000 0.643656 0.580000
v -0.209304 0.690696 0.440000
v -0.209304 0.690696 0.580000
v -0.256344 0.752000 0.440000
v -0.256344 0.752000 0.580000
v -0.285914 0.823390 0.440000
v -0.285914 0.823390 0.580000
v -0.296000 0.900000 0.440000
v -0.296000 0.900000 0.580000
v -0.285914 0.976610 0.440000
v -0.285914 0.976610 0.580000
v -0.256344 1.048000 0.440000
v -0.256344 1.048000 0.580000
v -0.209304 1.109304 0.440000
v -0.209304 1.109304 0.580000
v -0.148000 1.156343 0.440000
v -0.148000 1.156343 0.580000
v -0.076610 1.185914 0.440000
v -0.076610 1.185914 0.580000
vn -0.0000 0.7342 -0.6789
vn -0.0000 0.7342 0.6789
vn 0.1900 0.7092 -0.6789
vn 0.1900 0.7092 0.6789
vn 0.3671 0.6359 -0.6789
vn 0.3671 0.6359 0.6789
vn 0.5192 0.5192 -0.6789
vn 0.5192 0.5192 0.6789
vn 0.6359 0.3671 -0.6789
vn 0.6359 0.3671 0.6789
vn 0.7092 0.1900 -0.6789
vn 0.7092 0.1900 0.6789
vn 0.7342 -0.0000 -0.6789
vn 0.7342 -0.0000 0.6789
vn 0.7092 -0.1900 -0.6789
vn 0.7092 -0.1900 0.6789
vn 0.6359 -0.3671 -0.6789
vn 0.6359 -0.3671 0.6789
vn 0.5192 -0.5192 -0.6789
vn 0.5192 -0.5192 0.6789
vn 0.3671 -0.6359 -0.6789
vn 0.3671 -0.6359 0.6789
vn 0.1900 -0.7092 -0.6789
vn 0.1900 -0.7092 0.6789
vn -0.0000 -0.7342 -0.6789
vn -0.0000 -0.7342 0.6789
vn -0.1900 -0.7092 -0.6789
vn -0.1900 -0.7092 0.6789
vn -0.3671 -0.6359 -0.6789
vn -0.3671 -0.6359 0.6789
vn -0.5192 -0.5192 -0.6789
vn -0.5192 -0.5192 0.6789
vn -0.6359 -0.3671 -0.6789
vn -0.6359 -0.3671 0.6789
vn -0.7092 -0.1900 -0.6789
vn -0.7092 -0.1900 0.6789
vn -0.7342 -0.0000 -0.6789
vn -0.7342 -0.0000 0.6789
vn -0.7092 0.1900 -0.6789
vn -0.7092 0.1900 0.6789
vn -0.6359 0.3671 -0.6789
vn -0.6359 0.3671 0.6789
vn -0.5192 0.5192 -0.6789
vn -0.5192 0.5192 0.6789
vn -0.3671 0.6359 -0.6789
vn -0.3671 0.6359 0.6789
vn -0.1900 0.7092 -0.6789
vn -0.1900 0.7092 0.6789
vt 1.000000 0.500000
vt 1.000000 1.000000
vt 0.958333 1.000000
vt 0.958333 0.500000
vt 0.916667 1.000000
vt 0.916667 0.500000
vt 0.875000 1.000000
vt 0.875000 0.500000
vt 0.833333 1.000000
vt 0.833333 0.500000
vt 0.791667 1.000000
vt 0.791667 0.500000
vt 0.750000 1.000000
vt 0.750000 0.500000
vt 0.708333 1.000000
vt 0.708333 0.500000
vt 0.666667 1.000000
vt 0.666667 0.500000
vt 0.625000 1.000000
vt 0.625000 0.500000
vt 0.583333 1.000000
vt 0.583333 0.500000
vt 0.541666 1.000000
vt 0.541666 0.500000
vt 0.500000 1.000000
vt 0.500000 0.500000
vt 0.458333 1.000000
vt 0.458333 0.500000
vt 0.416666 1.000000
vt 0.416666 0.500000
vt 0.375000 1.000000
vt 0.375000 0.500000
vt 0.333333 1.000000
vt 0.333333 0.500000
vt 0.291667 1.000000
vt 0.291667 0.500000
vt 0.250000 1.000000
vt 0.250000 0.500000
vt 0.208333 1.000000
vt 0.208333 0.500000
vt 0.166666 1.000000
vt 0.166666 0.500000
vt 0.125000 1.000000
vt 0.125000 0.500000
vt 0.083333 1.000000
vt 0.083333 0.500000
vt 0.312117 0.481822
vt 0.250000 0.490000
vt 0.187883 0.481822
vt 0.130000 0.457846
vt 0.080294 0.419706
vt 0.042154 0.370000
vt 0.018178 0.312117
vt 0.010000 0.250000
vt 0.018178 0.187883
vt 0.042154 0.130000
vt 0.080294 0.080294
vt 0.130000 0.042154
vt 0.187883 0.018178
vt 0.250000 0.010000
vt 0.312117 0.018178
vt 0.370000 0.042154
vt 0.419706 0.080294
vt 0.457846 0.130000
vt 0.481822 0.187883
vt 0.490000 0.250000
vt 0.481822 0.312117
vt 0.457846 0.370000
vt 0.419706 0.419706
vt 0.370000 0.457846
vt 0.041666 1.000000
vt 0.041666 0.500000
vt -0.000000 1.000000
vt -0.000000 0.500000
vt 0.750000 0.490000
vt 0.812117 0.481822
vt 0.870000 0.457846
vt 0.919706 0.419706
vt 0.957846 0.370000
vt 0.981822 0.312117
vt 0.990000 0.250000
vt 0.981822 0.187883
vt 0.957846 0.130000
vt 0.919706 0.080294
vt 0.870000 0.042154
vt 0.812117 0.018178
vt 0.750000 0.010000
vt 0.687883 0.018178
vt 0.630000 0.042154
vt 0.580294 0.080294
vt 0.542154 0.130000
vt 0.518178 0.187883
vt 0.510000 0.250000
vt 0.518178 0.312117
vt 0.542154 0.370000
vt 0.580294 0.419706
vt 0.630000 0.457846
vt 0.687883 0.481822
s 1
usemtl WornBronze
f 805/1193/795 806/1194/796 808/1195/798 807/1196/797
f 807/1196/797 808/1195/798 810/1197/800 809/1198/799
f 809/1198/799 810/1197/800 812/1199/802 811/1200/801
f 811/1200/801 812/1199/802 814/1201/804 813/1202/803
f 813/1202/803 814/1201/804 816/1203/806 815/1204/805
f 815/1204/805 816/1203/806 818/1205/808 817/1206/807
f 817/1206/807 818/1205/808 820/1207/810 819/1208/809
f 819/1208/809 820/1207/810 822/1209/812 821/1210/811
f 821/1210/811 822/1209/812 824/1211/814 823/1212/813
f 823/1212/813 824/1211/814 826/1213/816 825/1214/815
f 825/1214/815 826/1213/816 828/1215/818 827/1216/817
f 827/1216/817 828/1215/818 830/1217/820 829/1218/819
f 829/1218/819 830/1217/820 832/1219/822 831/1220/821
f 831/1220/821 832/1219/822 834/1221/824 833/1222/823
f 833/1222/823 834/1221/824 836/1223/826 835/1224/825
f 835/1224/825 836/1223/826 838/1225/828 837/1226/827
f 837/1226/827 838/1225/828 840/1227/830 839/1228/829
f 839/1228/829 840/1227/830 842/1229/832 841/1230/831
f 841/1230/831 842/1229/832 844/1231/834 843/1232/833
f 843/1232/833 844/1231/834 846/1233/836 845/1234/835
f 845/1234/835 846/1233/836 848/1235/838 847/1236/837
f 847/1236/837 848/1235/838 850/1237/840 849/1238/839
f 808/1239/798 806/1240/796 852/1241/842 850/1242/840 848/1243/838 846/1244/836 844/1245/834 842/1246/832 840/1247/830 838/1248/828 836/1249/826 834/1250/824 832/1251/822 830/1252/820 828/1253/818 826/1254/816 824/1255/814 822/1256/812 820/1257/810 818/1258/808 816/1259/806 814/1260/804 812/1261/802 810/1262/800
f 849/1238/839 850/1237/840 852/1263/842 851/1264/841
f 851/1264/841 852/1263/842 806/1265/796 805/1266/795
f 805/1267/795 807/1268/797 809/1269/799 811/1270/801 813/1271/803 815/1272/805 817/1273/807 819/1274/809 821/1275/811 823/1276/813 825/1277/815 827/1278/817 829/1279/819 831/1280/821 833/1281/823 835/1282/825 837/1283/827 839/1284/829 841/1285/831 843/1286/833 845/1287/835 847/1288/837 849/1289/839 851/1290/841
o iron_ram_mantle
v -0.475000 0.600000 -0.280000
v -0.475000 0.635000 -0.245000
v -0.510000 0.635000 -0.280000
v -0.475000 0.604676 -0.262523
v -0.492477 0.604676 -0.280000
v -0.491737 0.609218 -0.263263
v -0.492477 0.635000 -0.249676
v -0.475000 0.617523 -0.249676
v -0.491737 0.618263 -0.254218
v -0.505324 0.617523 -0.280000
v -0.505324 0.635000 -0.262523
v -0.500782 0.618263 -0.263263
v -0.475000 1.045000 -0.245000
v -0.475000 1.080000 -0.280000
v -0.510000 1.045000 -0.280000
v -0.475000 1.062477 -0.249676
v -0.492477 1.045000 -0.249676
v -0.491737 1.061737 -0.254218
v -0.492477 1.075324 -0.280000
v -0.475000 1.075324 -0.262523
v -0.491737 1.070782 -0.263263
v -0.505324 1.045000 -0.262523
v -0.505324 1.062477 -0.280000
v -0.500782 1.061737 -0.263263
v -0.475000 0.600000 -0.320000
v -0.510000 0.635000 -0.320000
v -0.475000 0.635000 -0.355000
v -0.492477 0.604676 -0.320000
v -0.475000 0.604676 -0.337477
v -0.491737 0.609218 -0.336737
v -0.505324 0.635000 -0.337477
v -0.505324 0.617523 -0.320000
v -0.500782 0.618263 -0.336737
v -0.475000 0.617523 -0.350324
v -0.492477 0.635000 -0.350324
v -0.491737 0.618263 -0.345782
v -0.475000 1.080000 -0.320000
v -0.475000 1.045000 -0.355000
v -0.510000 1.045000 -0.320000
v -0.475000 1.075324 -0.337477
v -0.492477 1.075324 -0.320000
v -0.491737 1.070782 -0.336737
v -0.492477 1.045000 -0.350324
v -0.475000 1.062477 -0.350324
v -0.491737 1.061737 -0.345782
v -0.505324 1.062477 -0.320000
v -0.505324 1.045000 -0.337477
v -0.500782 1.061737 -0.336737
v 0.475000 0.600000 -0.280000
v 0.510000 0.635000 -0.280000
v 0.475000 0.635000 -0.245000
v 0.492477 0.604676 -0.280000
v 0.475000 0.604676 -0.262523
v 0.491737 0.609218 -0.263263
v 0.505324 0.635000 -0.262523
v 0.505324 0.617523 -0.280000
v 0.500782 0.618263 -0.263263
v 0.475000 0.617523 -0.249676
v 0.492477 0.635000 -0.249676
v 0.491737 0.618263 -0.254218
v 0.475000 1.080000 -0.280000
v 0.475000 1.045000 -0.245000
v 0.510000 1.045000 -0.280000
v 0.475000 1.075324 -0.262523
v 0.492477 1.075324 -0.280000
v 0.491737 1.070782 -0.263263
v 0.492477 1.045000 -0.249676
v 0.475000 1.062477 -0.249676
v 0.491737 1.061737 -0.254218
v 0.505324 1.062477 -0.280000
v 0.505324 1.045000 -0.262523
v 0.500782 1.061737 -0.263263
v 0.475000 0.600000 -0.320000
v 0.475000 0.635000 -0.355000
v 0.510000 0.635000 -0.320000
v 0.475000 0.604676 -0.337477
v 0.492477 0.604676 -0.320000
v 0.491737 0.609218 -0.336737
v 0.492477 0.635000 -0.350324
v 0.475000 0.617523 -0.350324
v 0.491737 0.618263 -0.345782
v 0.505324 0.617523 -0.320000
v 0.505324 0.635000 -0.337477
v 0.500782 0.618263 -0.336737
v 0.475000 1.080000 -0.320000
v 0.510000 1.045000 -0.320000
v 0.475000 1.045000 -0.355000
v 0.492477 1.075324 -0.320000
v 0.475000 1.075324 -0.337477
v 0.491737 1.070782 -0.336737
v 0.505324 1.045000 -0.337477
v 0.505324 1.062477 -0.320000
v 0.500782 1.061737 -0.336737
v 0.475000 1.062477 -0.350324
v 0.492477 1.045000 -0.350324
v 0.491737 1.061737 -0.345782
vn -0.2566 -0.9318 0.2566
vn -0.2178 -0.6901 0.6901
vn -0.2566 -0.2566 0.9318
vn -0.6901 -0.2178 0.6901
vn -0.9318 -0.2566 0.2566
vn -0.6901 -0.6901 0.2178
vn -0.5774 -0.5774 0.5773
vn -0.2566 0.2566 0.9318
vn -0.2178 0.6901 0.6901
vn -0.2566 0.9318 0.2566
vn -0.6901 0.6901 0.2178
vn -0.9318 0.2566 0.2566
vn -0.6901 0.2178 0.6901
vn -0.5774 0.5774 0.5773
vn -0.2566 -0.9318 -0.2566
vn -0.6901 -0.6901 -0.2178
vn -0.9318 -0.2566 -0.2566
vn -0.6901 -0.2178 -0.6901
vn -0.2566 -0.2566 -0.9318
vn -0.2178 -0.6901 -0.6901
vn -0.5774 -0.5774 -0.5773
vn -0.2566 0.9318 -0.2566
vn -0.2178 0.6901 -0.6901
vn -0.2566 0.2566 -0.9318
vn -0.6901 0.2178 -0.6901
vn -0.9318 0.2566 -0.2566
vn -0.6901 0.6901 -0.2178
vn -0.5774 0.5774 -0.5773
vn 0.2566 -0.9318 0.2566
vn 0.6901 -0.6901 0.2178
vn 0.9318 -0.2566 0.2566
vn 0.6901 -0.2178 0.6901
vn 0.2566 -0.2566 0.9318
vn 0.2178 -0.6901 0.6901
vn 0.5774 -0.5774 0.5773
vn 0.2566 0.9318 0.2566
vn 0.2178 0.6901 0.6901
vn 0.2566 0.2566 0.9318
vn 0.6901 0.2178 0.6901
vn 0.9318 0.2566 0.2566
vn 0.6901 0.6901 0.2178
vn 0.5774 0.5774 0.5773
vn 0.2566 -0.9318 -0.2566
vn 0.2178 -0.6901 -0.6901
vn 0.2566 -0.2566 -0.9318
vn 0.6901 -0.2178 -0.6901
vn 0.9318 -0.2566 -0.2566
vn 0.6901 -0.6901 -0.2178
vn 0.5774 -0.5774 -0.5773
vn 0.2566 0.9318 -0.2566
vn 0.6901 0.6901 -0.2178
vn 0.9318 0.2566 -0.2566
vn 0.6901 0.2178 -0.6901
vn 0.2566 0.2566 -0.9318
vn 0.2178 0.6901 -0.6901
vn 0.5774 0.5774 -0.5773
vn -0.2585 -0.9660 -0.0000
vn -0.7071 -0.7071 -0.0000
vn -0.9660 -0.2585 -0.0000
vn -0.2585 -0.0000 0.9660
vn -0.7071 -0.0000 0.7071
vn -0.9660 -0.0000 0.2585
vn -0.2585 0.9660 -0.0000
vn -0.7071 0.7071 -0.0000
vn -0.9660 0.2585 -0.0000
vn -0.2585 -0.0000 -0.9660
vn -0.7071 -0.0000 -0.7071
vn -0.9660 -0.0000 -0.2585
vn -0.0000 -0.9660 -0.2585
vn -0.0000 -0.7071 -0.7071
vn -0.0000 -0.2585 -0.9660
vn -0.0000 0.9660 -0.2585
vn -0.0000 0.7071 -0.7071
vn -0.0000 0.2585 -0.9660
vn 0.9660 -0.0000 -0.2585
vn 0.7071 -0.0000 -0.7071
vn 0.2585 -0.0000 -0.9660
vn 0.2585 -0.9660 -0.0000
vn 0.7071 -0.7071 -0.0000
vn 0.9660 -0.2585 -0.0000
vn 0.2585 0.9660 -0.0000
vn 0.7071 0.7071 -0.0000
vn 0.9660 0.2585 -0.0000
vn 0.2585 -0.0000 0.9660
vn 0.7071 -0.0000 0.7071
vn 0.9660 -0.0000 0.2585
vn -0.0000 -0.9660 0.2585
vn -0.0000 -0.7071 0.7071
vn -0.0000 -0.2585 0.9660
vn -0.0000 0.9660 0.2585
vn -0.0000 0.7071 0.7071
vn -0.0000 0.2585 0.9660
vn -0.0000 -1.0000 -0.0000
vn -1.0000 -0.0000 -0.0000
vn -0.0000 -0.0000 1.0000
vn -0.0000 1.0000 -0.0000
vn -0.0000 -0.0000 -1.0000
vn 1.0000 -0.0000 -0.0000
vt 0.133578 0.670455
vt 0.133578 0.710175
vt 0.129476 0.708494
vt 0.129295 0.670455
vt 0.133578 0.750000
vt 0.129476 0.750000
vt 0.393229 0.991422
vt 0.393229 1.000000
vt 0.375000 0.995524
vt 0.375000 0.991422
vt 0.393229 0.000000
vt 0.393229 0.039825
vt 0.375000 0.041506
vt 0.375000 0.000000
vt 0.393229 0.079545
vt 0.375000 0.079545
vt 0.125000 0.670455
vt 0.125000 0.708494
vt 0.606771 0.991422
vt 0.615874 0.991422
vt 0.615488 1.000000
vt 0.606771 1.000000
vt 0.625000 0.991422
vt 0.625000 1.000000
vt 0.866422 0.670455
vt 0.875000 0.670454
vt 0.875000 0.708494
vt 0.866422 0.750000
vt 0.625000 0.079545
vt 0.615874 0.079545
vt 0.615488 0.041506
vt 0.625000 0.041506
vt 0.606771 0.079545
vt 0.606771 0.039825
vt 0.606771 0.000000
vt 0.615488 0.000000
vt 0.133578 0.579545
vt 0.129295 0.579545
vt 0.129476 0.541506
vt 0.133578 0.539825
vt 0.125000 0.579545
vt 0.125000 0.541506
vt 0.393229 0.170455
vt 0.393229 0.210175
vt 0.375000 0.208494
vt 0.375000 0.170455
vt 0.393229 0.254295
vt 0.375000 0.254476
vt 0.393229 0.258578
vt 0.375000 0.258578
vt 0.133578 0.500000
vt 0.129476 0.500000
vt 0.866422 0.579545
vt 0.866422 0.500000
vt 0.875000 0.541506
vt 0.875000 0.579545
vt 0.625000 0.258578
vt 0.615874 0.258578
vt 0.615488 0.252509
vt 0.625000 0.226804
vt 0.606771 0.258578
vt 0.606771 0.254295
vt 0.606771 0.210175
vt 0.615488 0.208494
vt 0.606771 0.170455
vt 0.615873 0.170455
vt 0.625000 0.170455
vt 0.366422 0.670455
vt 0.370705 0.670454
vt 0.370524 0.708494
vt 0.366422 0.710175
vt 0.384127 0.670455
vt 0.383601 0.708494
vt 0.393229 0.670455
vt 0.393229 0.710175
vt 0.393229 0.754295
vt 0.373356 0.752832
vt 0.393229 0.758578
vt 0.370708 0.754286
vt 0.633578 0.670455
vt 0.629286 0.754292
vt 0.627832 0.751644
vt 0.629295 0.670455
vt 0.615874 0.758579
vt 0.615488 0.754476
vt 0.606771 0.758578
vt 0.606771 0.754295
vt 0.606771 0.710175
vt 0.615488 0.711880
vt 0.606771 0.670455
vt 0.615874 0.670455
vt 0.366422 0.579545
vt 0.366422 0.539825
vt 0.370524 0.541506
vt 0.370705 0.579545
vt 0.370708 0.495714
vt 0.373356 0.497168
vt 0.393229 0.491422
vt 0.393229 0.495705
vt 0.393229 0.539825
vt 0.383601 0.541506
vt 0.393229 0.579545
vt 0.384127 0.579545
vt 0.633578 0.579545
vt 0.629295 0.579545
vt 0.627832 0.498356
vt 0.629286 0.495708
vt 0.615874 0.579545
vt 0.615488 0.538120
vt 0.606771 0.579545
vt 0.606771 0.539825
vt 0.606771 0.495705
vt 0.615488 0.495524
vt 0.606771 0.491422
vt 0.615874 0.491422
s 0
usemtl BlackIron
f 853/1291/843 856/1292/843 858/1293/843 857/1294/843
f 856/1292/844 860/1295/844 861/1296/844 858/1293/844
f 854/1297/845 859/1298/845 861/1299/845 860/1300/845
f 859/1301/846 863/1302/846 864/1303/846 861/1304/846
f 855/1305/847 862/1306/847 864/1303/847 863/1302/847
f 862/1307/848 857/1294/848 858/1293/848 864/1308/848
f 858/1293/849 861/1296/849 864/1308/849
f 865/1309/850 868/1310/850 870/1311/850 869/1312/850
f 868/1310/851 872/1313/851 873/1314/851 870/1311/851
f 866/1315/852 871/1316/852 873/1317/852 872/1318/852
f 871/1319/853 875/1320/853 876/1321/853 873/1322/853
f 867/1323/854 874/1324/854 876/1321/854 875/1320/854
f 874/1324/855 869/1325/855 870/1326/855 876/1321/855
f 870/1326/856 873/1322/856 876/1321/856
f 877/1327/857 880/1328/857 882/1329/857 881/1330/857
f 880/1328/858 884/1331/858 885/1332/858 882/1329/858
f 878/1333/859 883/1334/859 885/1335/859 884/1336/859
f 883/1334/860 887/1337/860 888/1338/860 885/1335/860
f 879/1339/861 886/1340/861 888/1338/861 887/1337/861
f 886/1341/862 881/1330/862 882/1329/862 888/1342/862
f 882/1329/863 885/1332/863 888/1342/863
f 889/1343/864 892/1344/864 894/1345/864 893/1346/864
f 892/1347/865 896/1348/865 897/1349/865 894/1350/865
f 890/1351/866 895/1352/866 897/1349/866 896/1348/866
f 895/1352/867 899/1353/867 900/1354/867 897/1349/867
f 891/1355/868 898/1356/868 900/1354/868 899/1353/868
f 898/1356/869 893/1357/869 894/1350/869 900/1354/869
f 894/1350/870 897/1349/870 900/1354/870
f 901/1358/871 904/1359/871 906/1360/871 905/1361/871
f 904/1359/872 908/1362/872 909/1363/872 906/1360/872
f 902/1364/873 907/1365/873 909/1363/873 908/1362/873
f 907/1365/874 911/1366/874 912/1367/874 909/1363/874
f 903/1368/875 910/1369/875 912/1367/875 911/1366/875
f 910/1369/876 905/1361/876 906/1360/876 912/1367/876
f 906/1360/877 909/1363/877 912/1367/877
f 913/1370/878 916/1371/878 918/1372/878 917/1373/878
f 916/1371/879 920/1374/879 921/1375/879 918/1372/879
f 914/1376/880 919/1377/880 921/1375/880 920/1374/880
f 919/1377/881 923/1378/881 924/1379/881 921/1375/881
f 915/1380/882 922/1381/882 924/1379/882 923/1378/882
f 922/1381/883 917/1373/883 918/1372/883 924/1379/883
f 918/1372/884 921/1375/884 924/1379/884
f 925/1382/885 928/1383/885 930/1384/885 929/1385/885
f 928/1383/886 932/1386/886 933/1387/886 930/1384/886
f 926/1388/887 931/1389/887 933/1387/887 932/1386/887
f 931/1389/888 935/1390/888 936/1391/888 933/1387/888
f 927/1392/889 934/1393/889 936/1391/889 935/1390/889
f 934/1393/890 929/1385/890 930/1384/890 936/1391/890
f 930/1384/891 933/1387/891 936/1391/891
f 937/1394/892 940/1395/892 942/1396/892 941/1397/892
f 940/1395/893 944/1398/893 945/1399/893 942/1396/893
f 938/1400/894 943/1401/894 945/1399/894 944/1398/894
f 943/1401/895 947/1402/895 948/1403/895 945/1399/895
f 939/1404/896 946/1405/896 948/1403/896 947/1402/896
f 946/1405/897 941/1397/897 942/1396/897 948/1403/897
f 942/1396/898 945/1399/898 948/1403/898
f 877/1327/899 853/1291/899 857/1294/899 880/1328/899
f 880/1328/900 857/1294/900 862/1307/900 884/1331/900
f 884/1336/901 862/1306/901 855/1305/901 878/1333/901
f 854/1297/902 865/1309/902 869/1312/902 859/1298/902
f 859/1301/903 869/1325/903 874/1324/903 863/1302/903
f 863/1302/904 874/1324/904 867/1323/904 855/1305/904
f 866/1315/905 889/1343/905 893/1346/905 871/1316/905
f 871/1319/906 893/1357/906 898/1356/906 875/1320/906
f 875/1320/907 898/1356/907 891/1355/907 867/1323/907
f 890/1351/908 879/1339/908 887/1337/908 895/1352/908
f 895/1352/909 887/1337/909 883/1334/909 899/1353/909
f 899/1353/910 883/1334/910 878/1333/910 891/1355/910
f 925/1382/911 877/1327/911 881/1330/911 928/1383/911
f 928/1383/912 881/1330/912 886/1341/912 932/1386/912
f 932/1386/913 886/1340/913 879/1339/913 926/1388/913
f 889/1343/914 937/1394/914 941/1397/914 892/1344/914
f 892/1347/915 941/1397/915 946/1405/915 896/1348/915
f 896/1348/916 946/1405/916 939/1404/916 890/1351/916
f 938/1400/917 927/1392/917 935/1390/917 943/1401/917
f 943/1401/918 935/1390/918 931/1389/918 947/1402/918
f 947/1402/919 931/1389/919 926/1388/919 939/1404/919
f 901/1358/920 925/1382/920 929/1385/920 904/1359/920
f 904/1359/921 929/1385/921 934/1393/921 908/1362/921
f 908/1362/922 934/1393/922 927/1392/922 902/1364/922
f 937/1394/923 913/1370/923 917/1373/923 940/1395/923
f 940/1395/924 917/1373/924 922/1381/924 944/1398/924
f 944/1398/925 922/1381/925 915/1380/925 938/1400/925
f 914/1376/926 903/1368/926 911/1366/926 919/1377/926
f 919/1377/927 911/1366/927 907/1365/927 923/1378/927
f 923/1378/928 907/1365/928 902/1364/928 915/1380/928
f 853/1291/929 901/1358/929 905/1361/929 856/1292/929
f 856/1292/930 905/1361/930 910/1369/930 860/1295/930
f 860/1300/931 910/1369/931 903/1368/931 854/1297/931
f 913/1370/932 866/1315/932 872/1318/932 916/1371/932
f 916/1371/933 872/1313/933 868/1310/933 920/1374/933
f 920/1374/934 868/1310/934 865/1309/934 914/1376/934
f 877/1327/935 925/1382/935 901/1358/935 853/1291/935
f 855/1305/936 867/1323/936 891/1355/936 878/1333/936
f 903/1368/937 914/1376/937 865/1309/937 854/1297/937
f 937/1394/938 889/1343/938 866/1315/938 913/1370/938
f 879/1339/939 890/1351/939 939/1404/939 926/1388/939
f 927/1392/940 938/1400/940 915/1380/940 902/1364/940
o stone_counterweight
v -0.240000 0.620000 -0.490000
v -0.240000 0.660000 -0.450000
v -0.280000 0.660000 -0.490000
v -0.240000 0.625344 -0.470026
v -0.259974 0.625344 -0.490000
v -0.259128 0.630535 -0.470872
v -0.259974 0.660000 -0.455344
v -0.240000 0.640026 -0.455344
v -0.259128 0.640872 -0.460535
v -0.274656 0.640026 -0.490000
v -0.274656 0.660000 -0.470026
v -0.269465 0.640872 -0.470872
v -0.240000 1.020000 -0.450000
v -0.240000 1.060000 -0.490000
v -0.280000 1.020000 -0.490000
v -0.240000 1.039974 -0.455344
v -0.259974 1.020000 -0.455344
v -0.259128 1.039128 -0.460535
v -0.259974 1.054656 -0.490000
v -0.240000 1.054656 -0.470026
v -0.259128 1.049465 -0.470872
v -0.274656 1.020000 -0.470026
v -0.274656 1.039974 -0.490000
v -0.269465 1.039128 -0.470872
v -0.240000 0.620000 -0.690000
v -0.280000 0.660000 -0.690000
v -0.240000 0.660000 -0.730000
v -0.259974 0.625344 -0.690000
v -0.240000 0.625344 -0.709974
v -0.259128 0.630535 -0.709128
v -0.274656 0.660000 -0.709974
v -0.274656 0.640026 -0.690000
v -0.269465 0.640872 -0.709128
v -0.240000 0.640026 -0.724656
v -0.259974 0.660000 -0.724656
v -0.259128 0.640872 -0.719465
v -0.240000 1.060000 -0.690000
v -0.240000 1.020000 -0.730000
v -0.280000 1.020000 -0.690000
v -0.240000 1.054656 -0.709974
v -0.259974 1.054656 -0.690000
v -0.259128 1.049465 -0.709128
v -0.259974 1.020000 -0.724656
v -0.240000 1.039974 -0.724656
v -0.259128 1.039128 -0.719465
v -0.274656 1.039974 -0.690000
v -0.274656 1.020000 -0.709974
v -0.269465 1.039128 -0.709128
v 0.240000 0.620000 -0.490000
v 0.280000 0.660000 -0.490000
v 0.240000 0.660000 -0.450000
v 0.259974 0.625344 -0.490000
v 0.240000 0.625344 -0.470026
v 0.259128 0.630535 -0.470872
v 0.274656 0.660000 -0.470026
v 0.274656 0.640026 -0.490000
v 0.269465 0.640872 -0.470872
v 0.240000 0.640026 -0.455344
v 0.259974 0.660000 -0.455344
v 0.259128 0.640872 -0.460535
v 0.240000 1.060000 -0.490000
v 0.240000 1.020000 -0.450000
v 0.280000 1.020000 -0.490000
v 0.240000 1.054656 -0.470026
v 0.259974 1.054656 -0.490000
v 0.259128 1.049465 -0.470872
v 0.259974 1.020000 -0.455344
v 0.240000 1.039974 -0.455344
v 0.259128 1.039128 -0.460535
v 0.274656 1.039974 -0.490000
v 0.274656 1.020000 -0.470026
v 0.269465 1.039128 -0.470872
v 0.240000 0.620000 -0.690000
v 0.240000 0.660000 -0.730000
v 0.280000 0.660000 -0.690000
v 0.240000 0.625344 -0.709974
v 0.259974 0.625344 -0.690000
v 0.259128 0.630535 -0.709128
v 0.259974 0.660000 -0.724656
v 0.240000 0.640026 -0.724656
v 0.259128 0.640872 -0.719465
v 0.274656 0.640026 -0.690000
v 0.274656 0.660000 -0.709974
v 0.269465 0.640872 -0.709128
v 0.240000 1.060000 -0.690000
v 0.280000 1.020000 -0.690000
v 0.240000 1.020000 -0.730000
v 0.259974 1.054656 -0.690000
v 0.240000 1.054656 -0.709974
v 0.259128 1.049465 -0.709128
v 0.274656 1.020000 -0.709974
v 0.274656 1.039974 -0.690000
v 0.269465 1.039128 -0.709128
v 0.240000 1.039974 -0.724656
v 0.259974 1.020000 -0.724656
v 0.259128 1.039128 -0.719465
vn -0.2566 -0.9318 0.2566
vn -0.2178 -0.6901 0.6901
vn -0.2566 -0.2566 0.9318
vn -0.6901 -0.2178 0.6901
vn -0.9318 -0.2566 0.2566
vn -0.6901 -0.6901 0.2178
vn -0.5773 -0.5773 0.5774
vn -0.2566 0.2566 0.9318
vn -0.2178 0.6901 0.6901
vn -0.2566 0.9318 0.2566
vn -0.6901 0.6901 0.2178
vn -0.9318 0.2566 0.2566
vn -0.6901 0.2178 0.6901
vn -0.5773 0.5774 0.5774
vn -0.2566 -0.9318 -0.2566
vn -0.6901 -0.6901 -0.2178
vn -0.9318 -0.2566 -0.2566
vn -0.6901 -0.2178 -0.6901
vn -0.2566 -0.2566 -0.9318
vn -0.2178 -0.6901 -0.6901
vn -0.5773 -0.5773 -0.5774
vn -0.2566 0.9318 -0.2566
vn -0.2178 0.6901 -0.6901
vn -0.2566 0.2566 -0.9318
vn -0.6901 0.2178 -0.6901
vn -0.9318 0.2566 -0.2566
vn -0.6901 0.6901 -0.2178
vn -0.5773 0.5773 -0.5774
vn 0.2566 -0.9318 0.2566
vn 0.6901 -0.6901 0.2178
vn 0.9318 -0.2566 0.2566
vn 0.6901 -0.2178 0.6901
vn 0.2566 -0.2566 0.9318
vn 0.2178 -0.6901 0.6901
vn 0.5773 -0.5773 0.5774
vn 0.2566 0.9318 0.2566
vn 0.2178 0.6901 0.6901
vn 0.2566 0.2566 0.9318
vn 0.6901 0.2178 0.6901
vn 0.9318 0.2566 0.2566
vn 0.6901 0.6901 0.2178
vn 0.5773 0.5773 0.5774
vn 0.2566 -0.9318 -0.2566
vn 0.2178 -0.6901 -0.6901
vn 0.2566 -0.2566 -0.9318
vn 0.6901 -0.2178 -0.6901
vn 0.9318 -0.2566 -0.2566
vn 0.6901 -0.6901 -0.2178
vn 0.5773 -0.5773 -0.5774
vn 0.2566 0.9318 -0.2566
vn 0.6901 0.6901 -0.2178
vn 0.9318 0.2566 -0.2566
vn 0.6901 0.2178 -0.6901
vn 0.2566 0.2566 -0.9318
vn 0.2178 0.6901 -0.6901
vn 0.5773 0.5773 -0.5774
vn -0.2585 -0.9660 -0.0000
vn -0.7071 -0.7071 -0.0000
vn -0.9660 -0.2585 -0.0000
vn -0.2585 -0.0000 0.9660
vn -0.7071 -0.0000 0.7071
vn -0.9660 -0.0000 0.2585
vn -0.2585 0.9660 -0.0000
vn -0.7071 0.7071 -0.0000
vn -0.9660 0.2585 -0.0000
vn -0.2585 -0.0000 -0.9660
vn -0.7071 -0.0000 -0.7071
vn -0.9660 -0.0000 -0.2585
vn -0.0000 -0.9660 -0.2585
vn -0.0000 -0.7071 -0.7071
vn -0.0000 -0.2585 -0.9660
vn -0.0000 0.9660 -0.2585
vn -0.0000 0.7071 -0.7071
vn -0.0000 0.2585 -0.9660
vn 0.9660 -0.0000 -0.2585
vn 0.7071 -0.0000 -0.7071
vn 0.2585 -0.0000 -0.9660
vn 0.2585 -0.9660 -0.0000
vn 0.7071 -0.7071 -0.0000
vn 0.9660 -0.2585 -0.0000
vn 0.2585 0.9660 -0.0000
vn 0.7071 0.7071 -0.0000
vn 0.9660 0.2585 -0.0000
vn 0.2585 -0.0000 0.9660
vn 0.7071 -0.0000 0.7071
vn 0.9660 -0.0000 0.2585
vn -0.0000 -0.9660 0.2585
vn -0.0000 -0.7071 0.7071
vn -0.0000 -0.2585 0.9660
vn -0.0000 0.9660 0.2585
vn -0.0000 0.7071 0.7071
vn -0.0000 0.2585 0.9660
vn -0.0000 -1.0000 -0.0000
vn -1.0000 -0.0000 -0.0000
vn -0.0000 -0.0000 1.0000
vn -0.0000 1.0000 -0.0000
vn -0.0000 -0.0000 -1.0000
vn 1.0000 -0.0000 -0.0000
vt 0.142857 0.714286
vt 0.142857 0.732119
vt 0.134318 0.731365
vt 0.133940 0.714286
vt 0.142857 0.750000
vt 0.134318 0.750000
vt 0.397727 0.982143
vt 0.397727 1.000000
vt 0.375000 0.990682
vt 0.375000 0.982143
vt 0.397727 0.000000
vt 0.397727 0.017881
vt 0.375000 0.018635
vt 0.375000 0.000000
vt 0.397727 0.035714
vt 0.375000 0.035714
vt 0.125000 0.714286
vt 0.125000 0.731365
vt 0.602273 0.982143
vt 0.613621 0.982143
vt 0.613141 1.000000
vt 0.602273 1.000000
vt 0.625000 0.982143
vt 0.625000 1.000000
vt 0.857143 0.714286
vt 0.875000 0.714286
vt 0.875000 0.731365
vt 0.857143 0.750000
vt 0.625000 0.035714
vt 0.613621 0.035714
vt 0.613141 0.018635
vt 0.625000 0.018635
vt 0.602273 0.035714
vt 0.602273 0.017881
vt 0.602273 0.000000
vt 0.613141 0.000000
vt 0.142857 0.535714
vt 0.133940 0.535714
vt 0.134318 0.518635
vt 0.142857 0.517881
vt 0.125000 0.535714
vt 0.125000 0.518635
vt 0.397727 0.214286
vt 0.397727 0.232119
vt 0.375000 0.231365
vt 0.375000 0.214286
vt 0.397727 0.258940
vt 0.375000 0.259318
vt 0.397727 0.267857
vt 0.375000 0.267857
vt 0.142857 0.500000
vt 0.134318 0.500000
vt 0.857143 0.535714
vt 0.857143 0.500000
vt 0.875000 0.518635
vt 0.875000 0.535714
vt 0.625000 0.267857
vt 0.613621 0.267857
vt 0.613141 0.257869
vt 0.625000 0.239585
vt 0.602273 0.267857
vt 0.602273 0.258940
vt 0.602273 0.232119
vt 0.613141 0.231365
vt 0.602273 0.214286
vt 0.613622 0.214286
vt 0.625000 0.214286
vt 0.357143 0.714286
vt 0.366060 0.714286
vt 0.365682 0.731365
vt 0.357143 0.732119
vt 0.386379 0.714286
vt 0.385577 0.731365
vt 0.397727 0.714286
vt 0.397727 0.732119
vt 0.397727 0.758940
vt 0.371578 0.755895
vt 0.397727 0.767857
vt 0.366081 0.758938
vt 0.642857 0.714286
vt 0.633938 0.758919
vt 0.630896 0.753422
vt 0.633940 0.714286
vt 0.613621 0.767857
vt 0.613141 0.759318
vt 0.602273 0.767857
vt 0.602273 0.758940
vt 0.602273 0.732119
vt 0.613141 0.733170
vt 0.602273 0.714286
vt 0.613622 0.714286
vt 0.357143 0.535714
vt 0.357143 0.517881
vt 0.365682 0.518635
vt 0.366060 0.535714
vt 0.366081 0.491062
vt 0.371578 0.494105
vt 0.397727 0.482143
vt 0.397727 0.491060
vt 0.397727 0.517880
vt 0.385577 0.518635
vt 0.397727 0.535714
vt 0.386379 0.535714
vt 0.642857 0.535714
vt 0.633940 0.535714
vt 0.630896 0.496578
vt 0.633938 0.491081
vt 0.613621 0.535714
vt 0.613141 0.516830
vt 0.602273 0.535714
vt 0.602273 0.517881
vt 0.602273 0.491060
vt 0.613141 0.490682
vt 0.602273 0.482143
vt 0.613621 0.482143
s 0
usemtl Limestone
f 949/1406/941 952/1407/941 954/1408/941 953/1409/941
f 952/1407/942 956/1410/942 957/1411/942 954/1408/942
f 950/1412/943 955/1413/943 957/1414/943 956/1415/943
f 955/1416/944 959/1417/944 960/1418/944 957/1419/944
f 951/1420/945 958/1421/945 960/1418/945 959/1417/945
f 958/1422/946 953/1409/946 954/1408/946 960/1423/946
f 954/1408/947 957/1411/947 960/1423/947
f 961/1424/948 964/1425/948 966/1426/948 965/1427/948
f 964/1425/949 968/1428/949 969/1429/949 966/1426/949
f 962/1430/950 967/1431/950 969/1432/950 968/1433/950
f 967/1434/951 971/1435/951 972/1436/951 969/1437/951
f 963/1438/952 970/1439/952 972/1436/952 971/1435/952
f 970/1439/953 965/1440/953 966/1441/953 972/1436/953
f 966/1441/954 969/1437/954 972/1436/954
f 973/1442/955 976/1443/955 978/1444/955 977/1445/955
f 976/1443/956 980/1446/956 981/1447/956 978/1444/956
f 974/1448/957 979/1449/957 981/1450/957 980/1451/957
f 979/1449/958 983/1452/958 984/1453/958 981/1450/958
f 975/1454/959 982/1455/959 984/1453/959 983/1452/959
f 982/1456/960 977/1445/960 978/1444/960 984/1457/960
f 978/1444/961 981/1447/961 984/1457/961
f 985/1458/962 988/1459/962 990/1460/962 989/1461/962
f 988/1462/963 992/1463/963 993/1464/963 990/1465/963
f 986/1466/964 991/1467/964 993/1464/964 992/1463/964
f 991/1467/965 995/1468/965 996/1469/965 993/1464/965
f 987/1470/966 994/1471/966 996/1469/966 995/1468/966
f 994/1471/967 989/1472/967 990/1465/967 996/1469/967
f 990/1465/968 993/1464/968 996/1469/968
f 997/1473/969 1000/1474/969 1002/1475/969 1001/1476/969
f 1000/1474/970 1004/1477/970 1005/1478/970 1002/1475/970
f 998/1479/971 1003/1480/971 1005/1478/971 1004/1477/971
f 1003/1480/972 1007/1481/972 1008/1482/972 1005/1478/972
f 999/1483/973 1006/1484/973 1008/1482/973 1007/1481/973
f 1006/1484/974 1001/1476/974 1002/1475/974 1008/1482/974
f 1002/1475/975 1005/1478/975 1008/1482/975
f 1009/1485/976 1012/1486/976 1014/1487/976 1013/1488/976
f 1012/1486/977 1016/1489/977 1017/1490/977 1014/1487/977
f 1010/1491/978 1015/1492/978 1017/1490/978 1016/1489/978
f 1015/1492/979 1019/1493/979 1020/1494/979 1017/1490/979
f 1011/1495/980 1018/1496/980 1020/1494/980 1019/1493/980
f 1018/1496/981 1013/1488/981 1014/1487/981 1020/1494/981
f 1014/1487/982 1017/1490/982 1020/1494/982
f 1021/1497/983 1024/1498/983 1026/1499/983 1025/1500/983
f 1024/1498/984 1028/1501/984 1029/1502/984 1026/1499/984
f 1022/1503/985 1027/1504/985 1029/1502/985 1028/1501/985
f 1027/1504/986 1031/1505/986 1032/1506/986 1029/1502/986
f 1023/1507/987 1030/1508/987 1032/1506/987 1031/1505/987
f 1030/1508/988 1025/1500/988 1026/1499/988 1032/1506/988
f 1026/1499/989 1029/1502/989 1032/1506/989
f 1033/1509/990 1036/1510/990 1038/1511/990 1037/1512/990
f 1036/1510/991 1040/1513/991 1041/1514/991 1038/1511/991
f 1034/1515/992 1039/1516/992 1041/1514/992 1040/1513/992
f 1039/1516/993 1043/1517/993 1044/1518/993 1041/1514/993
f 1035/1519/994 1042/1520/994 1044/1518/994 1043/1517/994
f 1042/1520/995 1037/1512/995 1038/1511/995 1044/1518/995
f 1038/1511/996 1041/1514/996 1044/1518/996
f 973/1442/997 949/1406/997 953/1409/997 976/1443/997
f 976/1443/998 953/1409/998 958/1422/998 980/1446/998
f 980/1451/999 958/1421/999 951/1420/999 974/1448/999
f 950/1412/1000 961/1424/1000 965/1427/1000 955/1413/1000
f 955/1416/1001 965/1440/1001 970/1439/1001 959/1417/1001
f 959/1417/1002 970/1439/1002 963/1438/1002 951/1420/1002
f 962/1430/1003 985/1458/1003 989/1461/1003 967/1431/1003
f 967/1434/1004 989/1472/1004 994/1471/1004 971/1435/1004
f 971/1435/1005 994/1471/1005 987/1470/1005 963/1438/1005
f 986/1466/1006 975/1454/1006 983/1452/1006 991/1467/1006
f 991/1467/1007 983/1452/1007 979/1449/1007 995/1468/1007
f 995/1468/1008 979/1449/1008 974/1448/1008 987/1470/1008
f 1021/1497/1009 973/1442/1009 977/1445/1009 1024/1498/1009
f 1024/1498/1010 977/1445/1010 982/1456/1010 1028/1501/1010
f 1028/1501/1011 982/1455/1011 975/1454/1011 1022/1503/1011
f 985/1458/1012 1033/1509/1012 1037/1512/1012 988/1459/1012
f 988/1462/1013 1037/1512/1013 1042/1520/1013 992/1463/1013
f 992/1463/1014 1042/1520/1014 1035/1519/1014 986/1466/1014
f 1034/1515/1015 1023/1507/1015 1031/1505/1015 1039/1516/1015
f 1039/1516/1016 1031/1505/1016 1027/1504/1016 1043/1517/1016
f 1043/1517/1017 1027/1504/1017 1022/1503/1017 1035/1519/1017
f 997/1473/1018 1021/1497/1018 1025/1500/1018 1000/1474/1018
f 1000/1474/1019 1025/1500/1019 1030/1508/1019 1004/1477/1019
f 1004/1477/1020 1030/1508/1020 1023/1507/1020 998/1479/1020
f 1033/1509/1021 1009/1485/1021 1013/1488/1021 1036/1510/1021
f 1036/1510/1022 1013/1488/1022 1018/1496/1022 1040/1513/1022
f 1040/1513/1023 1018/1496/1023 1011/1495/1023 1034/1515/1023
f 1010/1491/1024 999/1483/1024 1007/1481/1024 1015/1492/1024
f 1015/1492/1025 1007/1481/1025 1003/1480/1025 1019/1493/1025
f 1019/1493/1026 1003/1480/1026 998/1479/1026 1011/1495/1026
f 949/1406/1027 997/1473/1027 1001/1476/1027 952/1407/1027
f 952/1407/1028 1001/1476/1028 1006/1484/1028 956/1410/1028
f 956/1415/1029 1006/1484/1029 999/1483/1029 950/1412/1029
f 1009/1485/1030 962/1430/1030 968/1433/1030 1012/1486/1030
f 1012/1486/1031 968/1428/1031 964/1425/1031 1016/1489/1031
f 1016/1489/1032 964/1425/1032 961/1424/1032 1010/1491/1032
f 973/1442/1033 1021/1497/1033 997/1473/1033 949/1406/1033
f 951/1420/1034 963/1438/1034 987/1470/1034 974/1448/1034
f 999/1483/1035 1010/1491/1035 961/1424/1035 950/1412/1035
f 1033/1509/1036 985/1458/1036 962/1430/1036 1009/1485/1036
f 975/1454/1037 986/1466/1037 1035/1519/1037 1022/1503/1037
f 1023/1507/1038 1034/1515/1038 1011/1495/1038 998/1479/1038
