# Blender 4.5.10 LTS
# www.blender.org
mtllib TowerBounce0.mtl
o cut_stone_socket_lower_course
v 0.000000 0.000000 -0.749458
v -0.024579 0.022157 -0.752694
v 0.024579 0.022157 -0.752694
v -0.015428 0.006490 -0.758654
v -0.000000 0.009768 -0.761529
v 0.000000 0.024101 -0.755619
v 0.015428 0.006490 -0.758654
v 0.000000 0.260000 -0.576658
v 0.024579 0.237843 -0.609345
v -0.024579 0.237843 -0.609345
v 0.013272 0.253510 -0.595373
v -0.000000 0.251040 -0.601547
v 0.000000 0.239787 -0.612270
v -0.013272 0.253510 -0.595373
v 0.529947 0.000000 -0.529947
v 0.514855 0.022157 -0.549614
v 0.549614 0.022157 -0.514855
v 0.525540 0.006490 -0.547359
v 0.538482 0.009768 -0.538482
v 0.534303 0.024101 -0.534303
v 0.547359 0.006490 -0.525540
v 0.407759 0.260000 -0.407759
v 0.448252 0.237843 -0.413492
v 0.413492 0.237843 -0.448252
v 0.430377 0.253510 -0.411608
v 0.425358 0.251040 -0.425358
v 0.432940 0.239787 -0.432940
v 0.411608 0.253511 -0.430377
v 0.749458 0.000000 0.000000
v 0.752694 0.022157 -0.024579
v 0.752694 0.022157 0.024579
v 0.758654 0.006490 -0.015428
v 0.761529 0.009768 -0.000000
v 0.755619 0.024101 0.000000
v 0.758654 0.006490 0.015428
v 0.576658 0.260000 0.000000
v 0.609345 0.237843 0.024579
v 0.609345 0.237843 -0.024579
v 0.595373 0.253510 0.013272
v 0.601547 0.251040 -0.000000
v 0.612270 0.239787 0.000000
v 0.595373 0.253510 -0.013272
v 0.529947 0.000000 0.529947
v 0.549614 0.022157 0.514855
v 0.514855 0.022157 0.549614
v 0.547359 0.006490 0.525540
v 0.538482 0.009768 0.538482
v 0.534303 0.024101 0.534303
v 0.525540 0.006490 0.547359
v 0.407759 0.260000 0.407759
v 0.413492 0.237843 0.448252
v 0.448252 0.237843 0.413492
v 0.411608 0.253510 0.430377
v 0.425358 0.251040 0.425358
v 0.432940 0.239787 0.432940
v 0.430377 0.253511 0.411608
v -0.000000 0.000000 0.749458
v 0.024579 0.022157 0.752694
v -0.024579 0.022157 0.752694
v 0.015428 0.006490 0.758654
v 0.000000 0.009768 0.761529
v 0.000000 0.024101 0.755619
v -0.015428 0.006490 0.758654
v 0.000000 0.260000 0.576658
v -0.024579 0.237843 0.609345
v 0.024579 0.237843 0.609345
v -0.013272 0.253510 0.595373
v 0.000000 0.251040 0.601547
v 0.000000 0.239787 0.612270
v 0.013272 0.253510 0.595373
v -0.529947 0.000000 0.529947
v -0.514855 0.022157 0.549614
v -0.549614 0.022157 0.514855
v -0.525540 0.006490 0.547359
v -0.538482 0.009768 0.538482
v -0.534303 0.024101 0.534303
v -0.547359 0.006490 0.525540
v -0.407759 0.260000 0.407759
v -0.448252 0.237843 0.413492
v -0.413492 0.237843 0.448252
v -0.430377 0.253510 0.411608
v -0.425358 0.251040 0.425358
v -0.432940 0.239787 0.432940
v -0.411608 0.253511 0.430377
v -0.749458 0.000000 -0.000000
v -0.752694 0.022157 0.024579
v -0.752694 0.022157 -0.024579
v -0.758654 0.006490 0.015428
v -0.761529 0.009768 0.000000
v -0.755619 0.024101 0.000000
v -0.758654 0.006490 -0.015428
v -0.576658 0.260000 0.000000
v -0.609345 0.237843 -0.024579
v -0.609345 0.237843 0.024579
v -0.595373 0.253510 -0.013272
v -0.601547 0.251040 0.000000
v -0.612270 0.239787 0.000000
v -0.595373 0.253510 0.013272
v -0.529947 0.000000 -0.529947
v -0.549614 0.022157 -0.514855
v -0.514855 0.022157 -0.549614
v -0.547359 0.006490 -0.525540
v -0.538482 0.009768 -0.538482
v -0.534303 0.024101 -0.534303
v -0.525540 0.006490 -0.547359
v -0.407759 0.260000 -0.407759
v -0.413492 0.237843 -0.448252
v -0.448252 0.237843 -0.413492
v -0.411608 0.253510 -0.430377
v -0.425358 0.251040 -0.425358
v -0.432940 0.239787 -0.432940
v -0.430377 0.253511 -0.411608
vn -0.0000 -0.7774 -0.6291
vn -0.1763 0.3152 -0.9325
vn 0.1763 0.3152 -0.9325
vn -0.0000 0.9409 -0.3387
vn 0.1571 0.7026 -0.6940
vn -0.1571 0.7026 -0.6940
vn 0.4448 -0.7774 -0.4448
vn 0.5347 0.3152 -0.7841
vn 0.7841 0.3152 -0.5347
vn 0.2395 0.9409 -0.2395
vn 0.6018 0.7026 -0.3797
vn 0.3797 0.7026 -0.6018
vn 0.6291 -0.7774 -0.0000
vn 0.9325 0.3152 -0.1763
vn 0.9325 0.3152 0.1763
vn 0.3387 0.9409 -0.0000
vn 0.6940 0.7026 0.1571
vn 0.6940 0.7026 -0.1571
vn 0.4448 -0.7774 0.4448
vn 0.7841 0.3152 0.5347
vn 0.5347 0.3152 0.7841
vn 0.2395 0.9409 0.2395
vn 0.3797 0.7026 0.6018
vn 0.6018 0.7026 0.3797
vn -0.0000 -0.7774 0.6291
vn 0.1763 0.3152 0.9325
vn -0.1763 0.3152 0.9325
vn -0.0000 0.9409 0.3387
vn -0.1571 0.7026 0.6940
vn 0.1571 0.7026 0.6940
vn -0.4448 -0.7774 0.4448
vn -0.5347 0.3152 0.7841
vn -0.7841 0.3152 0.5347
vn -0.2395 0.9409 0.2395
vn -0.6018 0.7026 0.3797
vn -0.3797 0.7026 0.6018
vn -0.6291 -0.7774 -0.0000
vn -0.9325 0.3152 0.1763
vn -0.9325 0.3152 -0.1763
vn -0.3387 0.9409 -0.0000
vn -0.6940 0.7026 -0.1571
vn -0.6940 0.7026 0.1571
vn -0.4448 -0.7774 -0.4448
vn -0.7841 0.3152 -0.5347
vn -0.5347 0.3152 -0.7841
vn -0.2395 0.9409 -0.2395
vn -0.3797 0.7026 -0.6018
vn -0.6018 0.7026 -0.3797
vn 0.3796 0.1269 -0.9164
vn 0.1572 -0.9117 -0.3796
vn 0.2574 0.7400 -0.6214
vn 0.1066 0.9604 -0.2574
vn -0.1415 0.5480 -0.8245
vn 0.1415 0.5480 -0.8245
vn 0.6830 0.5480 -0.4830
vn 0.4830 0.5480 -0.6830
vn 0.9164 0.1269 -0.3796
vn 0.3796 -0.9117 -0.1572
vn 0.6214 0.7400 -0.2574
vn 0.2574 0.9604 -0.1066
vn 0.8245 0.5480 0.1415
vn 0.8245 0.5480 -0.1415
vn 0.9164 0.1269 0.3796
vn 0.3796 -0.9117 0.1572
vn 0.6214 0.7400 0.2574
vn 0.2574 0.9604 0.1066
vn 0.4830 0.5480 0.6830
vn 0.6830 0.5480 0.4830
vn 0.3796 0.1269 0.9164
vn 0.1572 -0.9117 0.3796
vn 0.2574 0.7400 0.6214
vn 0.1066 0.9604 0.2574
vn -0.1415 0.5480 0.8245
vn 0.1415 0.5480 0.8245
vn -0.3796 0.1269 0.9164
vn -0.1572 -0.9117 0.3796
vn -0.2574 0.7400 0.6214
vn -0.1066 0.9604 0.2574
vn -0.6830 0.5480 0.4830
vn -0.4830 0.5480 0.6830
vn -0.9164 0.1269 0.3796
vn -0.3796 -0.9117 0.1572
vn -0.6214 0.7400 0.2574
vn -0.2574 0.9604 0.1066
vn -0.8245 0.5480 -0.1415
vn -0.8245 0.5480 0.1415
vn -0.9164 0.1269 -0.3796
vn -0.3796 -0.9117 -0.1572
vn -0.6214 0.7400 -0.2574
vn -0.2574 0.9604 -0.1066
vn -0.4830 0.5480 -0.6830
vn -0.6830 0.5480 -0.4830
vn -0.3796 0.1269 -0.9164
vn -0.1572 -0.9117 -0.3796
vn -0.2574 0.7400 -0.6214
vn -0.1066 0.9604 -0.2574
vn -0.0000 -1.0000 -0.0000
vn 0.3261 0.5233 -0.7873
vn -0.3261 0.5233 -0.7873
vn -0.0000 1.0000 -0.0000
vn 0.7873 0.5233 -0.3261
vn 0.7873 0.5233 0.3261
vn 0.3261 0.5233 0.7873
vn -0.3261 0.5233 0.7873
vn -0.7873 0.5233 0.3261
vn -0.7873 0.5233 -0.3261
vt 0.750000 0.481314
vt 0.743868 0.487460
vt 0.748246 0.489274
vt 0.756132 0.487460
vt 0.005863 0.542609
vt 0.000000 0.551634
vt 0.000000 0.527277
vt 0.004517 0.500000
vt 0.994137 0.542609
vt 0.995484 0.500000
vt 0.998708 0.500000
vt 1.000000 0.551634
vt 0.250000 0.478833
vt 0.255818 0.487590
vt 0.250456 0.489811
vt 0.244182 0.487590
vt 0.993339 0.957392
vt 1.000000 0.966417
vt 1.000000 0.990932
vt 0.995715 1.000000
vt 0.006661 0.957391
vt 0.004285 1.000000
vt 0.000336 1.000000
vt 0.000000 0.966417
vt 0.913564 0.413564
vt 0.913574 0.422246
vt 0.917952 0.420432
vt 0.922246 0.413574
vt 0.880863 0.542609
vt 0.875000 0.551634
vt 0.874354 0.513638
vt 0.879517 0.500000
vt 0.869137 0.542609
vt 0.870483 0.500000
vt 0.411809 0.411809
vt 0.422116 0.413888
vt 0.419895 0.419249
vt 0.413888 0.422116
vt 0.868339 0.957391
vt 0.875000 0.966417
vt 0.875168 0.995466
vt 0.870715 1.000000
vt 0.881661 0.957391
vt 0.879285 1.000000
vt 0.981314 0.250000
vt 0.987460 0.256132
vt 0.989274 0.251754
vt 0.987460 0.243868
vt 0.755863 0.542609
vt 0.750000 0.551634
vt 0.749354 0.513638
vt 0.754517 0.500000
vt 0.744137 0.542609
vt 0.745483 0.500000
vt 0.478833 0.250000
vt 0.487590 0.244182
vt 0.489811 0.249544
vt 0.487590 0.255818
vt 0.743339 0.957391
vt 0.750000 0.966417
vt 0.750168 0.995466
vt 0.745715 1.000000
vt 0.756661 0.957391
vt 0.754285 1.000000
vt 0.913564 0.086436
vt 0.922246 0.086426
vt 0.920432 0.082048
vt 0.913574 0.077754
vt 0.630863 0.542609
vt 0.625000 0.551634
vt 0.624354 0.513638
vt 0.629517 0.500000
vt 0.619137 0.542609
vt 0.620483 0.500000
vt 0.411809 0.088191
vt 0.413888 0.077885
vt 0.419249 0.080105
vt 0.422116 0.086112
vt 0.618339 0.957391
vt 0.625000 0.966417
vt 0.625168 0.995466
vt 0.620715 1.000000
vt 0.631661 0.957391
vt 0.629285 1.000000
vt 0.750000 0.018686
vt 0.756132 0.012540
vt 0.751754 0.010726
vt 0.743868 0.012540
vt 0.505863 0.542609
vt 0.500000 0.551634
vt 0.499354 0.513638
vt 0.504517 0.500000
vt 0.494137 0.542609
vt 0.495483 0.500000
vt 0.250000 0.021168
vt 0.244182 0.012410
vt 0.249544 0.010189
vt 0.255818 0.012410
vt 0.493339 0.957392
vt 0.500000 0.966417
vt 0.500168 0.995466
vt 0.495715 1.000000
vt 0.506661 0.957391
vt 0.504285 1.000000
vt 0.586436 0.086436
vt 0.586426 0.077754
vt 0.582048 0.079568
vt 0.577754 0.086426
vt 0.380863 0.542609
vt 0.375000 0.551634
vt 0.374354 0.513638
vt 0.379517 0.500000
vt 0.369137 0.542609
vt 0.370483 0.500000
vt 0.088191 0.088191
vt 0.077885 0.086112
vt 0.080105 0.080751
vt 0.086112 0.077885
vt 0.368339 0.957391
vt 0.375000 0.966417
vt 0.375168 0.995466
vt 0.370715 1.000000
vt 0.381661 0.957391
vt 0.379285 1.000000
vt 0.518686 0.250000
vt 0.512540 0.243868
vt 0.510726 0.248246
vt 0.512540 0.256132
vt 0.255863 0.542609
vt 0.250000 0.551634
vt 0.249354 0.513638
vt 0.254517 0.500000
vt 0.244137 0.542609
vt 0.245483 0.500000
vt 0.021168 0.250000
vt 0.012410 0.255818
vt 0.010189 0.250456
vt 0.012410 0.244182
vt 0.243339 0.957391
vt 0.250000 0.966417
vt 0.250168 0.995466
vt 0.245715 1.000000
vt 0.256661 0.957391
vt 0.254285 1.000000
vt 0.586436 0.413564
vt 0.577754 0.413574
vt 0.579568 0.417952
vt 0.586426 0.422246
vt 0.130863 0.542609
vt 0.125000 0.551634
vt 0.124354 0.513638
vt 0.129517 0.500000
vt 0.119137 0.542609
vt 0.120483 0.500000
vt 0.088191 0.411809
vt 0.086112 0.422116
vt 0.080751 0.419895
vt 0.077885 0.413888
vt 0.118339 0.957391
vt 0.125000 0.966417
vt 0.125168 0.995466
vt 0.120715 1.000000
vt 0.131661 0.957391
vt 0.129285 1.000000
s 0
usemtl Limestone
f 1/1/1 4/2/1 5/3/1 7/4/1
f 2/5/2 6/6/2 5/7/2 4/8/2
f 3/9/3 7/10/3 5/11/3 6/12/3
f 8/13/4 11/14/4 12/15/4 14/16/4
f 9/17/5 13/18/5 12/19/5 11/20/5
f 10/21/6 14/22/6 12/23/6 13/24/6
f 15/25/7 18/26/7 19/27/7 21/28/7
f 16/29/8 20/30/8 19/31/8 18/32/8
f 17/33/9 21/34/9 19/31/9 20/30/9
f 22/35/10 25/36/10 26/37/10 28/38/10
f 23/39/11 27/40/11 26/41/11 25/42/11
f 24/43/12 28/44/12 26/41/12 27/40/12
f 29/45/13 32/46/13 33/47/13 35/48/13
f 30/49/14 34/50/14 33/51/14 32/52/14
f 31/53/15 35/54/15 33/51/15 34/50/15
f 36/55/16 39/56/16 40/57/16 42/58/16
f 37/59/17 41/60/17 40/61/17 39/62/17
f 38/63/18 42/64/18 40/61/18 41/60/18
f 43/65/19 46/66/19 47/67/19 49/68/19
f 44/69/20 48/70/20 47/71/20 46/72/20
f 45/73/21 49/74/21 47/71/21 48/70/21
f 50/75/22 53/76/22 54/77/22 56/78/22
f 51/79/23 55/80/23 54/81/23 53/82/23
f 52/83/24 56/84/24 54/81/24 55/80/24
f 57/85/25 60/86/25 61/87/25 63/88/25
f 58/89/26 62/90/26 61/91/26 60/92/26
f 59/93/27 63/94/27 61/91/27 62/90/27
f 64/95/28 67/96/28 68/97/28 70/98/28
f 65/99/29 69/100/29 68/101/29 67/102/29
f 66/103/30 70/104/30 68/101/30 69/100/30
f 71/105/31 74/106/31 75/107/31 77/108/31
f 72/109/32 76/110/32 75/111/32 74/112/32
f 73/113/33 77/114/33 75/111/33 76/110/33
f 78/115/34 81/116/34 82/117/34 84/118/34
f 79/119/35 83/120/35 82/121/35 81/122/35
f 80/123/36 84/124/36 82/121/36 83/120/36
f 85/125/37 88/126/37 89/127/37 91/128/37
f 86/129/38 90/130/38 89/131/38 88/132/38
f 87/133/39 91/134/39 89/131/39 90/130/39
f 92/135/40 95/136/40 96/137/40 98/138/40
f 93/139/41 97/140/41 96/141/41 95/142/41
f 94/143/42 98/144/42 96/141/42 97/140/42
f 99/145/43 102/146/43 103/147/43 105/148/43
f 100/149/44 104/150/44 103/151/44 102/152/44
f 101/153/45 105/154/45 103/151/45 104/150/45
f 106/155/46 109/156/46 110/157/46 112/158/46
f 107/159/47 111/160/47 110/161/47 109/162/47
f 108/163/48 112/164/48 110/161/48 111/160/48
f 3/9/49 16/29/49 18/32/49 7/10/49
f 7/4/50 18/26/50 15/25/50 1/1/50
f 24/43/51 9/17/51 11/20/51 28/44/51
f 28/38/52 11/14/52 8/13/52 22/35/52
f 2/5/53 10/21/53 13/24/53 6/6/53
f 6/12/54 13/18/54 9/17/54 3/9/54
f 23/39/55 17/33/55 20/30/55 27/40/55
f 27/40/56 20/30/56 16/29/56 24/43/56
f 17/33/57 30/49/57 32/52/57 21/34/57
f 21/28/58 32/46/58 29/45/58 15/25/58
f 38/63/59 23/39/59 25/42/59 42/64/59
f 42/58/60 25/36/60 22/35/60 36/55/60
f 37/59/61 31/53/61 34/50/61 41/60/61
f 41/60/62 34/50/62 30/49/62 38/63/62
f 31/53/63 44/69/63 46/72/63 35/54/63
f 35/48/64 46/66/64 43/65/64 29/45/64
f 52/83/65 37/59/65 39/62/65 56/84/65
f 56/78/66 39/56/66 36/55/66 50/75/66
f 51/79/67 45/73/67 48/70/67 55/80/67
f 55/80/68 48/70/68 44/69/68 52/83/68
f 45/73/69 58/89/69 60/92/69 49/74/69
f 49/68/70 60/86/70 57/85/70 43/65/70
f 66/103/71 51/79/71 53/82/71 70/104/71
f 70/98/72 53/76/72 50/75/72 64/95/72
f 65/99/73 59/93/73 62/90/73 69/100/73
f 69/100/74 62/90/74 58/89/74 66/103/74
f 59/93/75 72/109/75 74/112/75 63/94/75
f 63/88/76 74/106/76 71/105/76 57/85/76
f 80/123/77 65/99/77 67/102/77 84/124/77
f 84/118/78 67/96/78 64/95/78 78/115/78
f 79/119/79 73/113/79 76/110/79 83/120/79
f 83/120/80 76/110/80 72/109/80 80/123/80
f 73/113/81 86/129/81 88/132/81 77/114/81
f 77/108/82 88/126/82 85/125/82 71/105/82
f 94/143/83 79/119/83 81/122/83 98/144/83
f 98/138/84 81/116/84 78/115/84 92/135/84
f 93/139/85 87/133/85 90/130/85 97/140/85
f 97/140/86 90/130/86 86/129/86 94/143/86
f 87/133/87 100/149/87 102/152/87 91/134/87
f 91/128/88 102/146/88 99/145/88 85/125/88
f 108/163/89 93/139/89 95/142/89 112/164/89
f 112/158/90 95/136/90 92/135/90 106/155/90
f 107/159/91 101/153/91 104/150/91 111/160/91
f 111/160/92 104/150/92 100/149/92 108/163/92
f 101/153/93 2/5/93 4/8/93 105/154/93
f 105/148/94 4/2/94 1/1/94 99/145/94
f 10/21/95 107/159/95 109/162/95 14/22/95
f 14/16/96 109/156/96 106/155/96 8/13/96
f 1/1/97 15/25/97 29/45/97 43/65/97 57/85/97 71/105/97 85/125/97 99/145/97
f 3/9/98 9/17/98 24/43/98 16/29/98
f 101/153/99 107/159/99 10/21/99 2/5/99
f 22/35/100 8/13/100 106/155/100 92/135/100 78/115/100 64/95/100 50/75/100 36/55/100
f 17/33/101 23/39/101 38/63/101 30/49/101
f 31/53/102 37/59/102 52/83/102 44/69/102
f 45/73/103 51/79/103 66/103/103 58/89/103
f 59/93/104 65/99/104 80/123/104 72/109/104
f 73/113/105 79/119/105 94/143/105 86/129/105
f 87/133/106 93/139/106 108/163/106 100/149/106
o cut_stone_socket_upper_course
v -0.000000 0.231400 -0.549317
v -0.016630 0.249400 -0.561912
v 0.016630 0.249400 -0.561912
v -0.009742 0.236672 -0.559058
v -0.000000 0.239007 -0.562364
v -0.000000 0.249400 -0.564765
v 0.009742 0.236672 -0.559058
v 0.000000 0.309400 -0.549317
v 0.016630 0.291400 -0.561912
v -0.016630 0.291400 -0.561912
v 0.009742 0.304128 -0.559058
v 0.000000 0.301793 -0.562364
v 0.000000 0.291400 -0.564765
v -0.009742 0.304128 -0.559058
v 0.388426 0.231400 -0.388426
v 0.385572 0.249400 -0.409091
v 0.409091 0.249400 -0.385572
v 0.388426 0.236672 -0.402202
v 0.397652 0.239007 -0.397652
v 0.399349 0.249400 -0.399349
v 0.402202 0.236672 -0.388426
v 0.388426 0.309400 -0.388426
v 0.409091 0.291400 -0.385572
v 0.385572 0.291400 -0.409091
v 0.402202 0.304128 -0.388426
v 0.397652 0.301793 -0.397652
v 0.399349 0.291400 -0.399349
v 0.388426 0.304128 -0.402202
v 0.549317 0.231400 -0.000000
v 0.561912 0.249400 -0.016630
v 0.561912 0.249400 0.016630
v 0.559058 0.236672 -0.009742
v 0.562364 0.239007 -0.000000
v 0.564765 0.249400 -0.000000
v 0.559058 0.236672 0.009742
v 0.549317 0.309400 0.000000
v 0.561912 0.291400 0.016630
v 0.561912 0.291400 -0.016630
v 0.559058 0.304128 0.009742
v 0.562364 0.301793 0.000000
v 0.564765 0.291400 0.000000
v 0.559058 0.304128 -0.009742
v 0.388426 0.231400 0.388426
v 0.409091 0.249400 0.385572
v 0.385572 0.249400 0.409091
v 0.402202 0.236672 0.388426
v 0.397652 0.239007 0.397652
v 0.399349 0.249400 0.399349
v 0.388426 0.236672 0.402202
v 0.388426 0.309400 0.388426
v 0.385572 0.291400 0.409091
v 0.409091 0.291400 0.385572
v 0.388426 0.304128 0.402202
v 0.397652 0.301793 0.397652
v 0.399349 0.291400 0.399349
v 0.402202 0.304128 0.388426
v 0.000000 0.231400 0.549317
v 0.016630 0.249400 0.561912
v -0.016630 0.249400 0.561912
v 0.009742 0.236672 0.559058
v 0.000000 0.239007 0.562364
v 0.000000 0.249400 0.564765
v -0.009742 0.236672 0.559058
v -0.000000 0.309400 0.549317
v -0.016630 0.291400 0.561912
v 0.016630 0.291400 0.561912
v -0.009742 0.304128 0.559058
v -0.000000 0.301793 0.562364
v -0.000000 0.291400 0.564765
v 0.009742 0.304128 0.559058
v -0.388426 0.231400 0.388426
v -0.385572 0.249400 0.409091
v -0.409091 0.249400 0.385572
v -0.388426 0.236672 0.402202
v -0.397652 0.239007 0.397652
v -0.399349 0.249400 0.399349
v -0.402202 0.236672 0.388426
v -0.388426 0.309400 0.388426
v -0.409091 0.291400 0.385572
v -0.385572 0.291400 0.409091
v -0.402202 0.304128 0.388426
v -0.397652 0.301793 0.397652
v -0.399349 0.291400 0.399349
v -0.388426 0.304128 0.402202
v -0.549317 0.231400 0.000000
v -0.561912 0.249400 0.016630
v -0.561912 0.249400 -0.016630
v -0.559058 0.236672 0.009742
v -0.562364 0.239007 0.000000
v -0.564765 0.249400 0.000000
v -0.559058 0.236672 -0.009742
v -0.549317 0.309400 -0.000000
v -0.561912 0.291400 -0.016630
v -0.561912 0.291400 0.016630
v -0.559058 0.304128 -0.009742
v -0.562364 0.301793 -0.000000
v -0.564765 0.291400 -0.000000
v -0.559058 0.304128 0.009742
v -0.388426 0.231400 -0.388426
v -0.409091 0.249400 -0.385572
v -0.385572 0.249400 -0.409091
v -0.402202 0.236672 -0.388426
v -0.397652 0.239007 -0.397652
v -0.399349 0.249400 -0.399349
v -0.388426 0.236672 -0.402202
v -0.388426 0.309400 -0.388426
v -0.385572 0.291400 -0.409091
v -0.409091 0.291400 -0.385572
v -0.388426 0.304128 -0.402202
v -0.397652 0.301793 -0.397652
v -0.399349 0.291400 -0.399349
v -0.402202 0.304128 -0.388426
vn -0.0000 -0.8639 -0.5037
vn -0.1959 -0.2724 -0.9420
vn 0.1959 -0.2724 -0.9420
vn -0.0000 0.8639 -0.5037
vn 0.1959 0.2724 -0.9420
vn -0.1959 0.2724 -0.9420
vn 0.3562 -0.8639 -0.3562
vn 0.5276 -0.2724 -0.8046
vn 0.8046 -0.2724 -0.5276
vn 0.3562 0.8639 -0.3562
vn 0.8046 0.2724 -0.5276
vn 0.5276 0.2724 -0.8046
vn 0.5037 -0.8639 -0.0000
vn 0.9420 -0.2724 -0.1959
vn 0.9420 -0.2724 0.1959
vn 0.5037 0.8639 -0.0000
vn 0.9420 0.2724 0.1959
vn 0.9420 0.2724 -0.1959
vn 0.3562 -0.8639 0.3562
vn 0.8046 -0.2724 0.5276
vn 0.5276 -0.2724 0.8046
vn 0.3562 0.8639 0.3562
vn 0.5276 0.2724 0.8046
vn 0.8046 0.2724 0.5276
vn -0.0000 -0.8639 0.5037
vn 0.1959 -0.2724 0.9420
vn -0.1959 -0.2724 0.9420
vn -0.0000 0.8639 0.5037
vn -0.1959 0.2724 0.9420
vn 0.1959 0.2724 0.9420
vn -0.3562 -0.8639 0.3562
vn -0.5276 -0.2724 0.8046
vn -0.8046 -0.2724 0.5276
vn -0.3562 0.8639 0.3562
vn -0.8046 0.2724 0.5276
vn -0.5276 0.2724 0.8046
vn -0.5037 -0.8639 -0.0000
vn -0.9420 -0.2724 0.1959
vn -0.9420 -0.2724 -0.1959
vn -0.5037 0.8639 -0.0000
vn -0.9420 0.2724 -0.1959
vn -0.9420 0.2724 0.1959
vn -0.3562 -0.8639 -0.3562
vn -0.8046 -0.2724 -0.5276
vn -0.5276 -0.2724 -0.8046
vn -0.3562 0.8639 -0.3562
vn -0.5276 0.2724 -0.8046
vn -0.8046 0.2724 -0.5276
vn 0.3536 -0.3827 -0.8536
vn 0.1464 -0.9239 -0.3536
vn 0.3536 0.3827 -0.8536
vn 0.1464 0.9239 -0.3536
vn -0.1691 -0.0000 -0.9856
vn 0.1691 -0.0000 -0.9856
vn 0.8165 -0.0000 -0.5774
vn 0.5774 -0.0000 -0.8165
vn 0.8536 -0.3827 -0.3536
vn 0.3536 -0.9239 -0.1464
vn 0.8536 0.3827 -0.3536
vn 0.3536 0.9239 -0.1464
vn 0.9856 -0.0000 0.1691
vn 0.9856 -0.0000 -0.1691
vn 0.8536 -0.3827 0.3536
vn 0.3536 -0.9239 0.1464
vn 0.8536 0.3827 0.3536
vn 0.3536 0.9239 0.1464
vn 0.5774 -0.0000 0.8165
vn 0.8165 -0.0000 0.5774
vn 0.3536 -0.3827 0.8536
vn 0.1464 -0.9239 0.3536
vn 0.3536 0.3827 0.8536
vn 0.1464 0.9239 0.3536
vn -0.1691 -0.0000 0.9856
vn 0.1691 -0.0000 0.9856
vn -0.3536 -0.3827 0.8536
vn -0.1464 -0.9239 0.3536
vn -0.3536 0.3827 0.8536
vn -0.1464 0.9239 0.3536
vn -0.8165 -0.0000 0.5774
vn -0.5774 -0.0000 0.8165
vn -0.8536 -0.3827 0.3536
vn -0.3536 -0.9239 0.1464
vn -0.8536 0.3827 0.3536
vn -0.3536 0.9239 0.1464
vn -0.9856 -0.0000 -0.1691
vn -0.9856 -0.0000 0.1691
vn -0.8536 -0.3827 -0.3536
vn -0.3536 -0.9239 -0.1464
vn -0.8536 0.3827 -0.3536
vn -0.3536 0.9239 -0.1464
vn -0.5774 -0.0000 -0.8165
vn -0.8165 -0.0000 -0.5774
vn -0.3536 -0.3827 -0.8536
vn -0.1464 -0.9239 -0.3536
vn -0.3536 0.3827 -0.8536
vn -0.1464 0.9239 -0.3536
vn -0.0000 -1.0000 -0.0000
vn 0.3827 -0.0000 -0.9239
vn -0.3827 -0.0000 -0.9239
vn -0.0000 1.0000 -0.0000
vn 0.9239 -0.0000 -0.3827
vn 0.9239 -0.0000 0.3827
vn 0.3827 -0.0000 0.9239
vn -0.3827 -0.0000 0.9239
vn -0.9239 -0.0000 0.3827
vn -0.9239 -0.0000 -0.3827
vt 0.750000 0.481779
vt 0.745038 0.487945
vt 0.749040 0.489602
vt 0.754962 0.487945
vt 0.005168 0.615385
vt 0.000000 0.615385
vt 0.000000 0.548766
vt 0.003655 0.500000
vt 0.994832 0.615385
vt 0.996345 0.500000
vt 0.999293 0.500000
vt 1.000000 0.615385
vt 0.250000 0.481779
vt 0.254962 0.487945
vt 0.250960 0.489602
vt 0.245038 0.487945
vt 0.994832 0.884615
vt 1.000000 0.884615
vt 1.000000 0.951234
vt 0.996345 1.000000
vt 0.005168 0.884615
vt 0.003655 1.000000
vt 0.000707 1.000000
vt 0.000000 0.884615
vt 0.913893 0.413893
vt 0.914744 0.421761
vt 0.918746 0.420103
vt 0.921761 0.414744
vt 0.880168 0.615385
vt 0.875000 0.615385
vt 0.874646 0.524383
vt 0.878655 0.500000
vt 0.869832 0.615385
vt 0.871345 0.500000
vt 0.413893 0.413893
vt 0.421761 0.414744
vt 0.420103 0.418746
vt 0.414744 0.421761
vt 0.869832 0.884615
vt 0.875000 0.884615
vt 0.875354 0.975617
vt 0.871345 1.000000
vt 0.880168 0.884615
vt 0.878655 1.000000
vt 0.981779 0.250000
vt 0.987945 0.254962
vt 0.989602 0.250960
vt 0.987945 0.245038
vt 0.755168 0.615385
vt 0.750000 0.615385
vt 0.749646 0.524383
vt 0.753655 0.500000
vt 0.744832 0.615385
vt 0.746345 0.500000
vt 0.481779 0.250000
vt 0.487945 0.245038
vt 0.489602 0.249040
vt 0.487945 0.254962
vt 0.744832 0.884615
vt 0.750000 0.884615
vt 0.750354 0.975617
vt 0.746345 1.000000
vt 0.755168 0.884615
vt 0.753655 1.000000
vt 0.913893 0.086107
vt 0.921761 0.085256
vt 0.920103 0.081254
vt 0.914744 0.078239
vt 0.630168 0.615385
vt 0.625000 0.615385
vt 0.624646 0.524383
vt 0.628655 0.500000
vt 0.619832 0.615385
vt 0.621345 0.500000
vt 0.413893 0.086107
vt 0.414744 0.078239
vt 0.418746 0.079897
vt 0.421761 0.085256
vt 0.619832 0.884615
vt 0.625000 0.884615
vt 0.625354 0.975617
vt 0.621345 1.000000
vt 0.630168 0.884615
vt 0.628655 1.000000
vt 0.750000 0.018221
vt 0.754962 0.012055
vt 0.750960 0.010398
vt 0.745038 0.012055
vt 0.505168 0.615385
vt 0.500000 0.615385
vt 0.499646 0.524383
vt 0.503655 0.500000
vt 0.494832 0.615385
vt 0.496345 0.500000
vt 0.250000 0.018221
vt 0.245038 0.012055
vt 0.249040 0.010398
vt 0.254962 0.012055
vt 0.494832 0.884615
vt 0.500000 0.884615
vt 0.500354 0.975617
vt 0.496345 1.000000
vt 0.505168 0.884615
vt 0.503655 1.000000
vt 0.586107 0.086107
vt 0.585256 0.078239
vt 0.581254 0.079897
vt 0.578239 0.085256
vt 0.380168 0.615385
vt 0.375000 0.615385
vt 0.374646 0.524383
vt 0.378655 0.500000
vt 0.369832 0.615385
vt 0.371345 0.500000
vt 0.086107 0.086107
vt 0.078239 0.085256
vt 0.079897 0.081254
vt 0.085256 0.078239
vt 0.369832 0.884615
vt 0.375000 0.884615
vt 0.375354 0.975617
vt 0.371345 1.000000
vt 0.380168 0.884615
vt 0.378655 1.000000
vt 0.518221 0.250000
vt 0.512055 0.245038
vt 0.510398 0.249040
vt 0.512055 0.254962
vt 0.255168 0.615385
vt 0.250000 0.615385
vt 0.249646 0.524383
vt 0.253655 0.500000
vt 0.244832 0.615385
vt 0.246345 0.500000
vt 0.018221 0.250000
vt 0.012055 0.254962
vt 0.010398 0.250960
vt 0.012055 0.245038
vt 0.244832 0.884615
vt 0.250000 0.884615
vt 0.250354 0.975617
vt 0.246345 1.000000
vt 0.255168 0.884615
vt 0.253655 1.000000
vt 0.586107 0.413893
vt 0.578239 0.414744
vt 0.579897 0.418746
vt 0.585256 0.421761
vt 0.130168 0.615385
vt 0.125000 0.615385
vt 0.124646 0.524383
vt 0.128655 0.500000
vt 0.119832 0.615385
vt 0.121345 0.500000
vt 0.086107 0.413893
vt 0.085256 0.421761
vt 0.081254 0.420103
vt 0.078239 0.414744
vt 0.119832 0.884615
vt 0.125000 0.884615
vt 0.125354 0.975617
vt 0.121345 1.000000
vt 0.130168 0.884615
vt 0.128655 1.000000
s 0
usemtl Limestone
f 113/165/107 116/166/107 117/167/107 119/168/107
f 114/169/108 118/170/108 117/171/108 116/172/108
f 115/173/109 119/174/109 117/175/109 118/176/109
f 120/177/110 123/178/110 124/179/110 126/180/110
f 121/181/111 125/182/111 124/183/111 123/184/111
f 122/185/112 126/186/112 124/187/112 125/188/112
f 127/189/113 130/190/113 131/191/113 133/192/113
f 128/193/114 132/194/114 131/195/114 130/196/114
f 129/197/115 133/198/115 131/195/115 132/194/115
f 134/199/116 137/200/116 138/201/116 140/202/116
f 135/203/117 139/204/117 138/205/117 137/206/117
f 136/207/118 140/208/118 138/205/118 139/204/118
f 141/209/119 144/210/119 145/211/119 147/212/119
f 142/213/120 146/214/120 145/215/120 144/216/120
f 143/217/121 147/218/121 145/215/121 146/214/121
f 148/219/122 151/220/122 152/221/122 154/222/122
f 149/223/123 153/224/123 152/225/123 151/226/123
f 150/227/124 154/228/124 152/225/124 153/224/124
f 155/229/125 158/230/125 159/231/125 161/232/125
f 156/233/126 160/234/126 159/235/126 158/236/126
f 157/237/127 161/238/127 159/235/127 160/234/127
f 162/239/128 165/240/128 166/241/128 168/242/128
f 163/243/129 167/244/129 166/245/129 165/246/129
f 164/247/130 168/248/130 166/245/130 167/244/130
f 169/249/131 172/250/131 173/251/131 175/252/131
f 170/253/132 174/254/132 173/255/132 172/256/132
f 171/257/133 175/258/133 173/255/133 174/254/133
f 176/259/134 179/260/134 180/261/134 182/262/134
f 177/263/135 181/264/135 180/265/135 179/266/135
f 178/267/136 182/268/136 180/265/136 181/264/136
f 183/269/137 186/270/137 187/271/137 189/272/137
f 184/273/138 188/274/138 187/275/138 186/276/138
f 185/277/139 189/278/139 187/275/139 188/274/139
f 190/279/140 193/280/140 194/281/140 196/282/140
f 191/283/141 195/284/141 194/285/141 193/286/141
f 192/287/142 196/288/142 194/285/142 195/284/142
f 197/289/143 200/290/143 201/291/143 203/292/143
f 198/293/144 202/294/144 201/295/144 200/296/144
f 199/297/145 203/298/145 201/295/145 202/294/145
f 204/299/146 207/300/146 208/301/146 210/302/146
f 205/303/147 209/304/147 208/305/147 207/306/147
f 206/307/148 210/308/148 208/305/148 209/304/148
f 211/309/149 214/310/149 215/311/149 217/312/149
f 212/313/150 216/314/150 215/315/150 214/316/150
f 213/317/151 217/318/151 215/315/151 216/314/151
f 218/319/152 221/320/152 222/321/152 224/322/152
f 219/323/153 223/324/153 222/325/153 221/326/153
f 220/327/154 224/328/154 222/325/154 223/324/154
f 115/173/155 128/193/155 130/196/155 119/174/155
f 119/168/156 130/190/156 127/189/156 113/165/156
f 136/207/157 121/181/157 123/184/157 140/208/157
f 140/202/158 123/178/158 120/177/158 134/199/158
f 114/169/159 122/185/159 125/188/159 118/170/159
f 118/176/160 125/182/160 121/181/160 115/173/160
f 135/203/161 129/197/161 132/194/161 139/204/161
f 139/204/162 132/194/162 128/193/162 136/207/162
f 129/197/163 142/213/163 144/216/163 133/198/163
f 133/192/164 144/210/164 141/209/164 127/189/164
f 150/227/165 135/203/165 137/206/165 154/228/165
f 154/222/166 137/200/166 134/199/166 148/219/166
f 149/223/167 143/217/167 146/214/167 153/224/167
f 153/224/168 146/214/168 142/213/168 150/227/168
f 143/217/169 156/233/169 158/236/169 147/218/169
f 147/212/170 158/230/170 155/229/170 141/209/170
f 164/247/171 149/223/171 151/226/171 168/248/171
f 168/242/172 151/220/172 148/219/172 162/239/172
f 163/243/173 157/237/173 160/234/173 167/244/173
f 167/244/174 160/234/174 156/233/174 164/247/174
f 157/237/175 170/253/175 172/256/175 161/238/175
f 161/232/176 172/250/176 169/249/176 155/229/176
f 178/267/177 163/243/177 165/246/177 182/268/177
f 182/262/178 165/240/178 162/239/178 176/259/178
f 177/263/179 171/257/179 174/254/179 181/264/179
f 181/264/180 174/254/180 170/253/180 178/267/180
f 171/257/181 184/273/181 186/276/181 175/258/181
f 175/252/182 186/270/182 183/269/182 169/249/182
f 192/287/183 177/263/183 179/266/183 196/288/183
f 196/282/184 179/260/184 176/259/184 190/279/184
f 191/283/185 185/277/185 188/274/185 195/284/185
f 195/284/186 188/274/186 184/273/186 192/287/186
f 185/277/187 198/293/187 200/296/187 189/278/187
f 189/272/188 200/290/188 197/289/188 183/269/188
f 206/307/189 191/283/189 193/286/189 210/308/189
f 210/302/190 193/280/190 190/279/190 204/299/190
f 205/303/191 199/297/191 202/294/191 209/304/191
f 209/304/192 202/294/192 198/293/192 206/307/192
f 199/297/193 212/313/193 214/316/193 203/298/193
f 203/292/194 214/310/194 211/309/194 197/289/194
f 220/327/195 205/303/195 207/306/195 224/328/195
f 224/322/196 207/300/196 204/299/196 218/319/196
f 219/323/197 213/317/197 216/314/197 223/324/197
f 223/324/198 216/314/198 212/313/198 220/327/198
f 213/317/199 114/169/199 116/172/199 217/318/199
f 217/312/200 116/166/200 113/165/200 211/309/200
f 122/185/201 219/323/201 221/326/201 126/186/201
f 126/180/202 221/320/202 218/319/202 120/177/202
f 113/165/203 127/189/203 141/209/203 155/229/203 169/249/203 183/269/203 197/289/203 211/309/203
f 115/173/204 121/181/204 136/207/204 128/193/204
f 213/317/205 219/323/205 122/185/205 114/169/205
f 134/199/206 120/177/206 218/319/206 204/299/206 190/279/206 176/259/206 162/239/206 148/219/206
f 129/197/207 135/203/207 150/227/207 142/213/207
f 143/217/208 149/223/208 164/247/208 156/233/208
f 157/237/209 163/243/209 178/267/209 170/253/209
f 171/257/210 177/263/210 192/287/210 184/273/210
f 185/277/211 191/283/211 206/307/211 198/293/211
f 199/297/212 205/303/212 220/327/212 212/313/212
o heavy_oak_table
v -0.535000 0.260000 0.425000
v -0.535000 0.315000 0.480000
v -0.590000 0.315000 0.425000
v -0.535000 0.267348 0.452464
v -0.562464 0.267348 0.425000
v -0.561302 0.274485 0.451302
v -0.562464 0.315000 0.472652
v -0.535000 0.287536 0.472652
v -0.561302 0.288698 0.465515
v -0.582652 0.287536 0.425000
v -0.582652 0.315000 0.452464
v -0.575515 0.288698 0.451302
v -0.535000 0.445000 0.480000
v -0.535000 0.500000 0.425000
v -0.590000 0.445000 0.425000
v -0.535000 0.472464 0.472652
v -0.562464 0.445000 0.472652
v -0.561302 0.471302 0.465515
v -0.562464 0.492652 0.425000
v -0.535000 0.492652 0.452464
v -0.561302 0.485515 0.451302
v -0.582652 0.445000 0.452464
v -0.582652 0.472464 0.425000
v -0.575515 0.471302 0.451302
v -0.535000 0.260000 -0.425000
v -0.590000 0.315000 -0.425000
v -0.535000 0.315000 -0.480000
v -0.562464 0.267348 -0.425000
v -0.535000 0.267348 -0.452464
v -0.561302 0.274485 -0.451302
v -0.582652 0.315000 -0.452464
v -0.582652 0.287536 -0.425000
v -0.575515 0.288698 -0.451302
v -0.535000 0.287536 -0.472652
v -0.562464 0.315000 -0.472652
v -0.561302 0.288698 -0.465515
v -0.535000 0.500000 -0.425000
v -0.535000 0.445000 -0.480000
v -0.590000 0.445000 -0.425000
v -0.535000 0.492652 -0.452464
v -0.562464 0.492652 -0.425000
v -0.561302 0.485515 -0.451302
v -0.562464 0.445000 -0.472652
v -0.535000 0.472464 -0.472652
v -0.561302 0.471302 -0.465515
v -0.582652 0.472464 -0.425000
v -0.582652 0.445000 -0.452464
v -0.575515 0.471302 -0.451302
v 0.535000 0.260000 0.425000
v 0.590000 0.315000 0.425000
v 0.535000 0.315000 0.480000
v 0.562464 0.267348 0.425000
v 0.535000 0.267348 0.452464
v 0.561302 0.274485 0.451302
v 0.582652 0.315000 0.452464
v 0.582652 0.287536 0.425000
v 0.575515 0.288698 0.451302
v 0.535000 0.287536 0.472652
v 0.562464 0.315000 0.472652
v 0.561302 0.288698 0.465515
v 0.535000 0.500000 0.425000
v 0.535000 0.445000 0.480000
v 0.590000 0.445000 0.425000
v 0.535000 0.492652 0.452464
v 0.562464 0.492652 0.425000
v 0.561302 0.485515 0.451302
v 0.562464 0.445000 0.472652
v 0.535000 0.472464 0.472652
v 0.561302 0.471302 0.465515
v 0.582652 0.472464 0.425000
v 0.582652 0.445000 0.452464
v 0.575515 0.471302 0.451302
v 0.535000 0.260000 -0.425000
v 0.535000 0.315000 -0.480000
v 0.590000 0.315000 -0.425000
v 0.535000 0.267348 -0.452464
v 0.562464 0.267348 -0.425000
v 0.561302 0.274485 -0.451302
v 0.562464 0.315000 -0.472652
v 0.535000 0.287536 -0.472652
v 0.561302 0.288698 -0.465515
v 0.582652 0.287536 -0.425000
v 0.582652 0.315000 -0.452464
v 0.575515 0.288698 -0.451302
v 0.535000 0.500000 -0.425000
v 0.590000 0.445000 -0.425000
v 0.535000 0.445000 -0.480000
v 0.562464 0.492652 -0.425000
v 0.535000 0.492652 -0.452464
v 0.561302 0.485515 -0.451302
v 0.582652 0.445000 -0.452464
v 0.582652 0.472464 -0.425000
v 0.575515 0.471302 -0.451302
v 0.535000 0.472464 -0.472652
v 0.562464 0.445000 -0.472652
v 0.561302 0.471302 -0.465515
vn -0.2566 -0.9318 0.2566
vn -0.2178 -0.6901 0.6901
vn -0.2566 -0.2566 0.9318
vn -0.6901 -0.2178 0.6901
vn -0.9318 -0.2566 0.2566
vn -0.6901 -0.6901 0.2178
vn -0.5773 -0.5774 0.5773
vn -0.2566 0.2566 0.9318
vn -0.2178 0.6901 0.6901
vn -0.2566 0.9318 0.2566
vn -0.6901 0.6901 0.2178
vn -0.9318 0.2566 0.2566
vn -0.6901 0.2178 0.6901
vn -0.5773 0.5774 0.5773
vn -0.2566 -0.9318 -0.2566
vn -0.6901 -0.6901 -0.2178
vn -0.9318 -0.2566 -0.2566
vn -0.6901 -0.2178 -0.6901
vn -0.2566 -0.2566 -0.9318
vn -0.2178 -0.6901 -0.6901
vn -0.5773 -0.5774 -0.5773
vn -0.2566 0.9318 -0.2566
vn -0.2178 0.6901 -0.6901
vn -0.2566 0.2566 -0.9318
vn -0.6901 0.2178 -0.6901
vn -0.9318 0.2566 -0.2566
vn -0.6901 0.6901 -0.2178
vn -0.5773 0.5774 -0.5773
vn 0.2566 -0.9318 0.2566
vn 0.6901 -0.6901 0.2178
vn 0.9318 -0.2566 0.2566
vn 0.6901 -0.2178 0.6901
vn 0.2566 -0.2566 0.9318
vn 0.2178 -0.6901 0.6901
vn 0.5773 -0.5774 0.5773
vn 0.2566 0.9318 0.2566
vn 0.2178 0.6901 0.6901
vn 0.2566 0.2566 0.9318
vn 0.6901 0.2178 0.6901
vn 0.9318 0.2566 0.2566
vn 0.6901 0.6901 0.2178
vn 0.5773 0.5774 0.5773
vn 0.2566 -0.9318 -0.2566
vn 0.2178 -0.6901 -0.6901
vn 0.2566 -0.2566 -0.9318
vn 0.6901 -0.2178 -0.6901
vn 0.9318 -0.2566 -0.2566
vn 0.6901 -0.6901 -0.2178
vn 0.5773 -0.5774 -0.5773
vn 0.2566 0.9318 -0.2566
vn 0.6901 0.6901 -0.2178
vn 0.9318 0.2566 -0.2566
vn 0.6901 0.2178 -0.6901
vn 0.2566 0.2566 -0.9318
vn 0.2178 0.6901 -0.6901
vn 0.5773 0.5774 -0.5773
vn -0.2585 -0.9660 -0.0000
vn -0.7071 -0.7071 -0.0000
vn -0.9660 -0.2585 -0.0000
vn -0.2585 -0.0000 0.9660
vn -0.7071 -0.0000 0.7071
vn -0.9660 -0.0000 0.2585
vn -0.2585 0.9660 -0.0000
vn -0.7071 0.7071 -0.0000
vn -0.9660 0.2585 -0.0000
vn -0.2585 -0.0000 -0.9660
vn -0.7071 -0.0000 -0.7071
vn -0.9660 -0.0000 -0.2585
vn -0.0000 -0.9660 -0.2585
vn -0.0000 -0.7071 -0.7071
vn -0.0000 -0.2585 -0.9660
vn -0.0000 0.9660 -0.2585
vn -0.0000 0.7071 -0.7071
vn -0.0000 0.2585 -0.9660
vn 0.9660 -0.0000 -0.2585
vn 0.7071 -0.0000 -0.7071
vn 0.2585 -0.0000 -0.9660
vn 0.2585 -0.9660 -0.0000
vn 0.7071 -0.7071 -0.0000
vn 0.9660 -0.2585 -0.0000
vn 0.2585 0.9660 -0.0000
vn 0.7071 0.7071 -0.0000
vn 0.9660 0.2585 -0.0000
vn 0.2585 -0.0000 0.9660
vn 0.7071 -0.0000 0.7071
vn 0.9660 -0.0000 0.2585
vn -0.0000 -0.9660 0.2585
vn -0.0000 -0.7071 0.7071
vn -0.0000 -0.2585 0.9660
vn -0.0000 0.9660 0.2585
vn -0.0000 0.7071 0.7071
vn -0.0000 0.2585 0.9660
vn -0.0000 -1.0000 -0.0000
vn -1.0000 -0.0000 -0.0000
vn -0.0000 -0.0000 1.0000
vn -0.0000 1.0000 -0.0000
vn -0.0000 -0.0000 -1.0000
vn 1.0000 -0.0000 -0.0000
vt 0.136653 0.735677
vt 0.136653 0.742829
vt 0.131080 0.742527
vt 0.130834 0.735677
vt 0.136653 0.750000
vt 0.131080 0.750000
vt 0.432292 0.988347
vt 0.432292 1.000000
vt 0.375000 0.993920
vt 0.375000 0.988347
vt 0.432292 0.000000
vt 0.432292 0.007171
vt 0.375000 0.007474
vt 0.375000 0.000000
vt 0.432292 0.014323
vt 0.375000 0.014323
vt 0.125000 0.735677
vt 0.125000 0.742526
vt 0.567708 0.988347
vt 0.596317 0.988348
vt 0.595106 1.000000
vt 0.567708 1.000000
vt 0.625000 0.988347
vt 0.625000 1.000000
vt 0.863347 0.735677
vt 0.875000 0.735677
vt 0.875000 0.742526
vt 0.863347 0.750000
vt 0.625000 0.014323
vt 0.596317 0.014323
vt 0.595106 0.007474
vt 0.625000 0.007474
vt 0.567708 0.014323
vt 0.567708 0.007171
vt 0.567708 0.000000
vt 0.595106 0.000000
vt 0.136653 0.514323
vt 0.130834 0.514323
vt 0.131080 0.507474
vt 0.136653 0.507171
vt 0.125000 0.514323
vt 0.125000 0.507474
vt 0.432292 0.235677
vt 0.432292 0.242829
vt 0.375000 0.242526
vt 0.375000 0.235677
vt 0.432292 0.255834
vt 0.375000 0.256080
vt 0.432292 0.261653
vt 0.375000 0.261653
vt 0.136653 0.500000
vt 0.131080 0.500000
vt 0.863347 0.514323
vt 0.863347 0.500000
vt 0.875000 0.507474
vt 0.875000 0.514323
vt 0.625000 0.261652
vt 0.596317 0.261653
vt 0.595106 0.255318
vt 0.625000 0.245823
vt 0.567708 0.261653
vt 0.567708 0.255834
vt 0.567708 0.242829
vt 0.595106 0.242526
vt 0.567708 0.235677
vt 0.596316 0.235677
vt 0.625000 0.235677
vt 0.363347 0.735677
vt 0.369166 0.735677
vt 0.368920 0.742526
vt 0.363347 0.742829
vt 0.403683 0.735677
vt 0.402344 0.742527
vt 0.432292 0.735677
vt 0.432292 0.742829
vt 0.432292 0.755834
vt 0.372767 0.753847
vt 0.432292 0.761652
vt 0.369173 0.755825
vt 0.636652 0.735677
vt 0.630825 0.755827
vt 0.628847 0.752233
vt 0.630834 0.735677
vt 0.596317 0.761653
vt 0.595106 0.756080
vt 0.567708 0.761653
vt 0.567708 0.755834
vt 0.567708 0.742829
vt 0.595106 0.743342
vt 0.567708 0.735677
vt 0.596317 0.735677
vt 0.363347 0.514323
vt 0.363348 0.507171
vt 0.368920 0.507474
vt 0.369166 0.514323
vt 0.369173 0.494175
vt 0.372767 0.496153
vt 0.432292 0.488347
vt 0.432292 0.494166
vt 0.432292 0.507171
vt 0.402344 0.507474
vt 0.432292 0.514323
vt 0.403683 0.514323
vt 0.636653 0.514323
vt 0.630834 0.514323
vt 0.628847 0.497767
vt 0.630825 0.494173
vt 0.596317 0.514323
vt 0.595106 0.506658
vt 0.567708 0.514323
vt 0.567708 0.507171
vt 0.567708 0.494166
vt 0.595106 0.493920
vt 0.567708 0.488347
vt 0.596317 0.488348
s 0
usemtl OiledOak
f 225/329/213 228/330/213 230/331/213 229/332/213
f 228/330/214 232/333/214 233/334/214 230/331/214
f 226/335/215 231/336/215 233/337/215 232/338/215
f 231/339/216 235/340/216 236/341/216 233/342/216
f 227/343/217 234/344/217 236/341/217 235/340/217
f 234/345/218 229/332/218 230/331/218 236/346/218
f 230/331/219 233/334/219 236/346/219
f 237/347/220 240/348/220 242/349/220 241/350/220
f 240/348/221 244/351/221 245/352/221 242/349/221
f 238/353/222 243/354/222 245/355/222 244/356/222
f 243/357/223 247/358/223 248/359/223 245/360/223
f 239/361/224 246/362/224 248/359/224 247/358/224
f 246/362/225 241/363/225 242/364/225 248/359/225
f 242/364/226 245/360/226 248/359/226
f 249/365/227 252/366/227 254/367/227 253/368/227
f 252/366/228 256/369/228 257/370/228 254/367/228
f 250/371/229 255/372/229 257/373/229 256/374/229
f 255/372/230 259/375/230 260/376/230 257/373/230
f 251/377/231 258/378/231 260/376/231 259/375/231
f 258/379/232 253/368/232 254/367/232 260/380/232
f 254/367/233 257/370/233 260/380/233
f 261/381/234 264/382/234 266/383/234 265/384/234
f 264/385/235 268/386/235 269/387/235 266/388/235
f 262/389/236 267/390/236 269/387/236 268/386/236
f 267/390/237 271/391/237 272/392/237 269/387/237
f 263/393/238 270/394/238 272/392/238 271/391/238
f 270/394/239 265/395/239 266/388/239 272/392/239
f 266/388/240 269/387/240 272/392/240
f 273/396/241 276/397/241 278/398/241 277/399/241
f 276/397/242 280/400/242 281/401/242 278/398/242
f 274/402/243 279/403/243 281/401/243 280/400/243
f 279/403/244 283/404/244 284/405/244 281/401/244
f 275/406/245 282/407/245 284/405/245 283/404/245
f 282/407/246 277/399/246 278/398/246 284/405/246
f 278/398/247 281/401/247 284/405/247
f 285/408/248 288/409/248 290/410/248 289/411/248
f 288/409/249 292/412/249 293/413/249 290/410/249
f 286/414/250 291/415/250 293/413/250 292/412/250
f 291/415/251 295/416/251 296/417/251 293/413/251
f 287/418/252 294/419/252 296/417/252 295/416/252
f 294/419/253 289/411/253 290/410/253 296/417/253
f 290/410/254 293/413/254 296/417/254
f 297/420/255 300/421/255 302/422/255 301/423/255
f 300/421/256 304/424/256 305/425/256 302/422/256
f 298/426/257 303/427/257 305/425/257 304/424/257
f 303/427/258 307/428/258 308/429/258 305/425/258
f 299/430/259 306/431/259 308/429/259 307/428/259
f 306/431/260 301/423/260 302/422/260 308/429/260
f 302/422/261 305/425/261 308/429/261
f 309/432/262 312/433/262 314/434/262 313/435/262
f 312/433/263 316/436/263 317/437/263 314/434/263
f 310/438/264 315/439/264 317/437/264 316/436/264
f 315/439/265 319/440/265 320/441/265 317/437/265
f 311/442/266 318/443/266 320/441/266 319/440/266
f 318/443/267 313/435/267 314/434/267 320/441/267
f 314/434/268 317/437/268 320/441/268
f 249/365/269 225/329/269 229/332/269 252/366/269
f 252/366/270 229/332/270 234/345/270 256/369/270
f 256/374/271 234/344/271 227/343/271 250/371/271
f 226/335/272 237/347/272 241/350/272 231/336/272
f 231/339/273 241/363/273 246/362/273 235/340/273
f 235/340/274 246/362/274 239/361/274 227/343/274
f 238/353/275 261/381/275 265/384/275 243/354/275
f 243/357/276 265/395/276 270/394/276 247/358/276
f 247/358/277 270/394/277 263/393/277 239/361/277
f 262/389/278 251/377/278 259/375/278 267/390/278
f 267/390/279 259/375/279 255/372/279 271/391/279
f 271/391/280 255/372/280 250/371/280 263/393/280
f 297/420/281 249/365/281 253/368/281 300/421/281
f 300/421/282 253/368/282 258/379/282 304/424/282
f 304/424/283 258/378/283 251/377/283 298/426/283
f 261/381/284 309/432/284 313/435/284 264/382/284
f 264/385/285 313/435/285 318/443/285 268/386/285
f 268/386/286 318/443/286 311/442/286 262/389/286
f 310/438/287 299/430/287 307/428/287 315/439/287
f 315/439/288 307/428/288 303/427/288 319/440/288
f 319/440/289 303/427/289 298/426/289 311/442/289
f 273/396/290 297/420/290 301/423/290 276/397/290
f 276/397/291 301/423/291 306/431/291 280/400/291
f 280/400/292 306/431/292 299/430/292 274/402/292
f 309/432/293 285/408/293 289/411/293 312/433/293
f 312/433/294 289/411/294 294/419/294 316/436/294
f 316/436/295 294/419/295 287/418/295 310/438/295
f 286/414/296 275/406/296 283/404/296 291/415/296
f 291/415/297 283/404/297 279/403/297 295/416/297
f 295/416/298 279/403/298 274/402/298 287/418/298
f 225/329/299 273/396/299 277/399/299 228/330/299
f 228/330/300 277/399/300 282/407/300 232/333/300
f 232/338/301 282/407/301 275/406/301 226/335/301
f 285/408/302 238/353/302 244/356/302 288/409/302
f 288/409/303 244/351/303 240/348/303 292/412/303
f 292/412/304 240/348/304 237/347/304 286/414/304
f 249/365/305 297/420/305 273/396/305 225/329/305
f 227/343/306 239/361/306 263/393/306 250/371/306
f 275/406/307 286/414/307 237/347/307 226/335/307
f 309/432/308 261/381/308 238/353/308 285/408/308
f 251/377/309 262/389/309 311/442/309 298/426/309
f 299/430/310 310/438/310 287/418/310 274/402/310
o iron_swivel
v -0.305000 0.490000 0.295000
v -0.305000 0.525000 0.330000
v -0.340000 0.525000 0.295000
v -0.305000 0.494676 0.312477
v -0.322477 0.494676 0.295000
v -0.321737 0.499218 0.311737
v -0.322477 0.525000 0.325324
v -0.305000 0.507523 0.325324
v -0.321737 0.508263 0.320782
v -0.335324 0.507523 0.295000
v -0.335324 0.525000 0.312477
v -0.330782 0.508263 0.311737
v -0.305000 0.595000 0.330000
v -0.305000 0.630000 0.295000
v -0.340000 0.595000 0.295000
v -0.305000 0.612477 0.325324
v -0.322477 0.595000 0.325324
v -0.321737 0.611737 0.320782
v -0.322477 0.625324 0.295000
v -0.305000 0.625324 0.312477
v -0.321737 0.620782 0.311737
v -0.335324 0.595000 0.312477
v -0.335324 0.612477 0.295000
v -0.330782 0.611737 0.311737
v -0.305000 0.490000 -0.255000
v -0.340000 0.525000 -0.255000
v -0.305000 0.525000 -0.290000
v -0.322477 0.494676 -0.255000
v -0.305000 0.494676 -0.272477
v -0.321737 0.499218 -0.271737
v -0.335324 0.525000 -0.272477
v -0.335324 0.507523 -0.255000
v -0.330782 0.508263 -0.271737
v -0.305000 0.507523 -0.285324
v -0.322477 0.525000 -0.285324
v -0.321737 0.508263 -0.280782
v -0.305000 0.630000 -0.255000
v -0.305000 0.595000 -0.290000
v -0.340000 0.595000 -0.255000
v -0.305000 0.625324 -0.272477
v -0.322477 0.625324 -0.255000
v -0.321737 0.620782 -0.271737
v -0.322477 0.595000 -0.285324
v -0.305000 0.612477 -0.285324
v -0.321737 0.611737 -0.280782
v -0.335324 0.612477 -0.255000
v -0.335324 0.595000 -0.272477
v -0.330782 0.611737 -0.271737
v 0.305000 0.490000 0.295000
v 0.340000 0.525000 0.295000
v 0.305000 0.525000 0.330000
v 0.322477 0.494676 0.295000
v 0.305000 0.494676 0.312477
v 0.321737 0.499218 0.311737
v 0.335324 0.525000 0.312477
v 0.335324 0.507523 0.295000
v 0.330782 0.508263 0.311737
v 0.305000 0.507523 0.325324
v 0.322477 0.525000 0.325324
v 0.321737 0.508263 0.320782
v 0.305000 0.630000 0.295000
v 0.305000 0.595000 0.330000
v 0.340000 0.595000 0.295000
v 0.305000 0.625324 0.312477
v 0.322477 0.625324 0.295000
v 0.321737 0.620782 0.311737
v 0.322477 0.595000 0.325324
v 0.305000 0.612477 0.325324
v 0.321737 0.611737 0.320782
v 0.335324 0.612477 0.295000
v 0.335324 0.595000 0.312477
v 0.330782 0.611737 0.311737
v 0.305000 0.490000 -0.255000
v 0.305000 0.525000 -0.290000
v 0.340000 0.525000 -0.255000
v 0.305000 0.494676 -0.272477
v 0.322477 0.494676 -0.255000
v 0.321737 0.499218 -0.271737
v 0.322477 0.525000 -0.285324
v 0.305000 0.507523 -0.285324
v 0.321737 0.508263 -0.280782
v 0.335324 0.507523 -0.255000
v 0.335324 0.525000 -0.272477
v 0.330782 0.508263 -0.271737
v 0.305000 0.630000 -0.255000
v 0.340000 0.595000 -0.255000
v 0.305000 0.595000 -0.290000
v 0.322477 0.625324 -0.255000
v 0.305000 0.625324 -0.272477
v 0.321737 0.620782 -0.271737
v 0.335324 0.595000 -0.272477
v 0.335324 0.612477 -0.255000
v 0.330782 0.611737 -0.271737
v 0.305000 0.612477 -0.285324
v 0.322477 0.595000 -0.285324
v 0.321737 0.611737 -0.280782
vn -0.2566 -0.9318 0.2566
vn -0.2178 -0.6901 0.6901
vn -0.2566 -0.2566 0.9318
vn -0.6901 -0.2178 0.6901
vn -0.9318 -0.2566 0.2566
vn -0.6901 -0.6901 0.2178
vn -0.5774 -0.5773 0.5774
vn -0.2566 0.2566 0.9318
vn -0.2178 0.6901 0.6901
vn -0.2566 0.9318 0.2566
vn -0.6901 0.6901 0.2178
vn -0.9318 0.2566 0.2566
vn -0.6901 0.2178 0.6901
vn -0.5774 0.5773 0.5774
vn -0.2566 -0.9318 -0.2566
vn -0.6901 -0.6901 -0.2178
vn -0.9318 -0.2566 -0.2566
vn -0.6901 -0.2178 -0.6901
vn -0.2566 -0.2566 -0.9318
vn -0.2178 -0.6901 -0.6901
vn -0.5774 -0.5773 -0.5774
vn -0.2566 0.9318 -0.2566
vn -0.2178 0.6901 -0.6901
vn -0.2566 0.2566 -0.9318
vn -0.6901 0.2178 -0.6901
vn -0.9318 0.2566 -0.2566
vn -0.6901 0.6901 -0.2178
vn -0.5774 0.5773 -0.5774
vn 0.2566 -0.9318 0.2566
vn 0.6901 -0.6901 0.2178
vn 0.9318 -0.2566 0.2566
vn 0.6901 -0.2178 0.6901
vn 0.2566 -0.2566 0.9318
vn 0.2178 -0.6901 0.6901
vn 0.5774 -0.5773 0.5774
vn 0.2566 0.9318 0.2566
vn 0.2178 0.6901 0.6901
vn 0.2566 0.2566 0.9318
vn 0.6901 0.2178 0.6901
vn 0.9318 0.2566 0.2566
vn 0.6901 0.6901 0.2178
vn 0.5774 0.5773 0.5774
vn 0.2566 -0.9318 -0.2566
vn 0.2178 -0.6901 -0.6901
vn 0.2566 -0.2566 -0.9318
vn 0.6901 -0.2178 -0.6901
vn 0.9318 -0.2566 -0.2566
vn 0.6901 -0.6901 -0.2178
vn 0.5774 -0.5773 -0.5774
vn 0.2566 0.9318 -0.2566
vn 0.6901 0.6901 -0.2178
vn 0.9318 0.2566 -0.2566
vn 0.6901 0.2178 -0.6901
vn 0.2566 0.2566 -0.9318
vn 0.2178 0.6901 -0.6901
vn 0.5774 0.5773 -0.5774
vn -0.2585 -0.9660 -0.0000
vn -0.7071 -0.7071 -0.0000
vn -0.9660 -0.2585 -0.0000
vn -0.2585 -0.0000 0.9660
vn -0.7071 -0.0000 0.7071
vn -0.9660 -0.0000 0.2585
vn -0.2585 0.9660 -0.0000
vn -0.7071 0.7071 -0.0000
vn -0.9660 0.2585 -0.0000
vn -0.2585 -0.0000 -0.9660
vn -0.7071 -0.0000 -0.7071
vn -0.9660 -0.0000 -0.2585
vn -0.0000 -0.9660 -0.2585
vn -0.0000 -0.7071 -0.7071
vn -0.0000 -0.2585 -0.9660
vn -0.0000 0.9660 -0.2585
vn -0.0000 0.7071 -0.7071
vn -0.0000 0.2585 -0.9660
vn 0.9660 -0.0000 -0.2585
vn 0.7071 -0.0000 -0.7071
vn 0.2585 -0.0000 -0.9660
vn 0.2585 -0.9660 -0.0000
vn 0.7071 -0.7071 -0.0000
vn 0.9660 -0.2585 -0.0000
vn 0.2585 0.9660 -0.0000
vn 0.7071 0.7071 -0.0000
vn 0.9660 0.2585 -0.0000
vn 0.2585 -0.0000 0.9660
vn 0.7071 -0.0000 0.7071
vn 0.9660 -0.0000 0.2585
vn -0.0000 -0.9660 0.2585
vn -0.0000 -0.7071 0.7071
vn -0.0000 -0.2585 0.9660
vn -0.0000 0.9660 0.2585
vn -0.0000 0.7071 0.7071
vn -0.0000 0.2585 0.9660
vn -0.0000 -1.0000 -0.0000
vn -1.0000 -0.0000 -0.0000
vn -0.0000 -0.0000 1.0000
vn -0.0000 1.0000 -0.0000
vn -0.0000 -0.0000 -1.0000
vn 1.0000 -0.0000 -0.0000
vt 0.137868 0.735887
vt 0.137868 0.742934
vt 0.131714 0.742636
vt 0.131442 0.735887
vt 0.137868 0.750000
vt 0.131714 0.750000
vt 0.437500 0.987132
vt 0.437500 1.000000
vt 0.375000 0.993286
vt 0.375000 0.987132
vt 0.437500 0.000000
vt 0.437500 0.007066
vt 0.375000 0.007364
vt 0.375000 0.000000
vt 0.437500 0.014113
vt 0.375000 0.014113
vt 0.125000 0.735887
vt 0.125000 0.742636
vt 0.562500 0.987132
vt 0.593709 0.987132
vt 0.592388 1.000000
vt 0.562500 1.000000
vt 0.625000 0.987132
vt 0.625000 1.000000
vt 0.862132 0.735887
vt 0.875000 0.735887
vt 0.875000 0.742636
vt 0.862132 0.750000
vt 0.625000 0.014113
vt 0.593709 0.014113
vt 0.592388 0.007364
vt 0.625000 0.007364
vt 0.562500 0.014113
vt 0.562500 0.007066
vt 0.562500 0.000000
vt 0.592388 0.000000
vt 0.137868 0.514113
vt 0.131442 0.514113
vt 0.131714 0.507364
vt 0.137868 0.507066
vt 0.125000 0.514113
vt 0.125000 0.507364
vt 0.437500 0.235887
vt 0.437500 0.242934
vt 0.375000 0.242636
vt 0.375000 0.235887
vt 0.437500 0.256442
vt 0.375000 0.256714
vt 0.437500 0.262868
vt 0.375000 0.262868
vt 0.137868 0.500000
vt 0.131714 0.500000
vt 0.862132 0.514113
vt 0.862132 0.500000
vt 0.875000 0.507364
vt 0.875000 0.514113
vt 0.625000 0.262868
vt 0.593709 0.262868
vt 0.592388 0.255907
vt 0.625000 0.245885
vt 0.562500 0.262868
vt 0.562500 0.256442
vt 0.562500 0.242934
vt 0.592388 0.242636
vt 0.562500 0.235887
vt 0.593709 0.235887
vt 0.625000 0.235887
vt 0.362132 0.735887
vt 0.368558 0.735887
vt 0.368286 0.742636
vt 0.362132 0.742934
vt 0.406291 0.735887
vt 0.404826 0.742636
vt 0.437500 0.735887
vt 0.437500 0.742934
vt 0.437500 0.756442
vt 0.372534 0.754248
vt 0.437500 0.762868
vt 0.368567 0.756434
vt 0.637868 0.735887
vt 0.631434 0.756433
vt 0.629248 0.752466
vt 0.631442 0.735887
vt 0.593709 0.762868
vt 0.592388 0.756714
vt 0.562500 0.762868
vt 0.562500 0.756442
vt 0.562500 0.742934
vt 0.592388 0.743468
vt 0.562500 0.735887
vt 0.593709 0.735887
vt 0.362132 0.514113
vt 0.362132 0.507066
vt 0.368286 0.507364
vt 0.368558 0.514113
vt 0.368567 0.493566
vt 0.372534 0.495752
vt 0.437500 0.487132
vt 0.437500 0.493558
vt 0.437500 0.507066
vt 0.404826 0.507364
vt 0.437500 0.514113
vt 0.406291 0.514113
vt 0.637868 0.514113
vt 0.631442 0.514113
vt 0.629248 0.497534
vt 0.631434 0.493567
vt 0.593709 0.514113
vt 0.592388 0.506532
vt 0.562500 0.514113
vt 0.562500 0.507066
vt 0.562500 0.493558
vt 0.592388 0.493286
vt 0.562500 0.487132
vt 0.593709 0.487132
s 0
usemtl BlackIron
f 321/444/311 324/445/311 326/446/311 325/447/311
f 324/445/312 328/448/312 329/449/312 326/446/312
f 322/450/313 327/451/313 329/452/313 328/453/313
f 327/454/314 331/455/314 332/456/314 329/457/314
f 323/458/315 330/459/315 332/456/315 331/455/315
f 330/460/316 325/447/316 326/446/316 332/461/316
f 326/446/317 329/449/317 332/461/317
f 333/462/318 336/463/318 338/464/318 337/465/318
f 336/463/319 340/466/319 341/467/319 338/464/319
f 334/468/320 339/469/320 341/470/320 340/471/320
f 339/472/321 343/473/321 344/474/321 341/475/321
f 335/476/322 342/477/322 344/474/322 343/473/322
f 342/477/323 337/478/323 338/479/323 344/474/323
f 338/479/324 341/475/324 344/474/324
f 345/480/325 348/481/325 350/482/325 349/483/325
f 348/481/326 352/484/326 353/485/326 350/482/326
f 346/486/327 351/487/327 353/488/327 352/489/327
f 351/487/328 355/490/328 356/491/328 353/488/328
f 347/492/329 354/493/329 356/491/329 355/490/329
f 354/494/330 349/483/330 350/482/330 356/495/330
f 350/482/331 353/485/331 356/495/331
f 357/496/332 360/497/332 362/498/332 361/499/332
f 360/500/333 364/501/333 365/502/333 362/503/333
f 358/504/334 363/505/334 365/502/334 364/501/334
f 363/505/335 367/506/335 368/507/335 365/502/335
f 359/508/336 366/509/336 368/507/336 367/506/336
f 366/509/337 361/510/337 362/503/337 368/507/337
f 362/503/338 365/502/338 368/507/338
f 369/511/339 372/512/339 374/513/339 373/514/339
f 372/512/340 376/515/340 377/516/340 374/513/340
f 370/517/341 375/518/341 377/516/341 376/515/341
f 375/518/342 379/519/342 380/520/342 377/516/342
f 371/521/343 378/522/343 380/520/343 379/519/343
f 378/522/344 373/514/344 374/513/344 380/520/344
f 374/513/345 377/516/345 380/520/345
f 381/523/346 384/524/346 386/525/346 385/526/346
f 384/524/347 388/527/347 389/528/347 386/525/347
f 382/529/348 387/530/348 389/528/348 388/527/348
f 387/530/349 391/531/349 392/532/349 389/528/349
f 383/533/350 390/534/350 392/532/350 391/531/350
f 390/534/351 385/526/351 386/525/351 392/532/351
f 386/525/352 389/528/352 392/532/352
f 393/535/353 396/536/353 398/537/353 397/538/353
f 396/536/354 400/539/354 401/540/354 398/537/354
f 394/541/355 399/542/355 401/540/355 400/539/355
f 399/542/356 403/543/356 404/544/356 401/540/356
f 395/545/357 402/546/357 404/544/357 403/543/357
f 402/546/358 397/538/358 398/537/358 404/544/358
f 398/537/359 401/540/359 404/544/359
f 405/547/360 408/548/360 410/549/360 409/550/360
f 408/548/361 412/551/361 413/552/361 410/549/361
f 406/553/362 411/554/362 413/552/362 412/551/362
f 411/554/363 415/555/363 416/556/363 413/552/363
f 407/557/364 414/558/364 416/556/364 415/555/364
f 414/558/365 409/550/365 410/549/365 416/556/365
f 410/549/366 413/552/366 416/556/366
f 345/480/367 321/444/367 325/447/367 348/481/367
f 348/481/368 325/447/368 330/460/368 352/484/368
f 352/489/369 330/459/369 323/458/369 346/486/369
f 322/450/370 333/462/370 337/465/370 327/451/370
f 327/454/371 337/478/371 342/477/371 331/455/371
f 331/455/372 342/477/372 335/476/372 323/458/372
f 334/468/373 357/496/373 361/499/373 339/469/373
f 339/472/374 361/510/374 366/509/374 343/473/374
f 343/473/375 366/509/375 359/508/375 335/476/375
f 358/504/376 347/492/376 355/490/376 363/505/376
f 363/505/377 355/490/377 351/487/377 367/506/377
f 367/506/378 351/487/378 346/486/378 359/508/378
f 393/535/379 345/480/379 349/483/379 396/536/379
f 396/536/380 349/483/380 354/494/380 400/539/380
f 400/539/381 354/493/381 347/492/381 394/541/381
f 357/496/382 405/547/382 409/550/382 360/497/382
f 360/500/383 409/550/383 414/558/383 364/501/383
f 364/501/384 414/558/384 407/557/384 358/504/384
f 406/553/385 395/545/385 403/543/385 411/554/385
f 411/554/386 403/543/386 399/542/386 415/555/386
f 415/555/387 399/542/387 394/541/387 407/557/387
f 369/511/388 393/535/388 397/538/388 372/512/388
f 372/512/389 397/538/389 402/546/389 376/515/389
f 376/515/390 402/546/390 395/545/390 370/517/390
f 405/547/391 381/523/391 385/526/391 408/548/391
f 408/548/392 385/526/392 390/534/392 412/551/392
f 412/551/393 390/534/393 383/533/393 406/553/393
f 382/529/394 371/521/394 379/519/394 387/530/394
f 387/530/395 379/519/395 375/518/395 391/531/395
f 391/531/396 375/518/396 370/517/396 383/533/396
f 321/444/397 369/511/397 373/514/397 324/445/397
f 324/445/398 373/514/398 378/522/398 328/448/398
f 328/453/399 378/522/399 371/521/399 322/450/399
f 381/523/400 334/468/400 340/471/400 384/524/400
f 384/524/401 340/466/401 336/463/401 388/527/401
f 388/527/402 336/463/402 333/462/402 382/529/402
f 345/480/403 393/535/403 369/511/403 321/444/403
f 323/458/404 335/476/404 359/508/404 346/486/404
f 371/521/405 382/529/405 333/462/405 322/450/405
f 405/547/406 357/496/406 334/468/406 381/523/406
f 347/492/407 358/504/407 407/557/407 394/541/407
f 395/545/408 406/553/408 383/533/408 370/517/408
o oak_throwing_cheek
v -0.323829 0.428916 0.040000
v -0.331087 0.458025 0.070000
v -0.360196 0.450767 0.040000
v -0.324799 0.432805 0.054980
v -0.339334 0.429181 0.040000
v -0.339661 0.433112 0.054346
v -0.345622 0.454401 0.065992
v -0.327463 0.443489 0.065992
v -0.341536 0.440634 0.062099
v -0.352683 0.437201 0.040000
v -0.356307 0.451737 0.054980
v -0.349059 0.438758 0.054346
v -0.476240 1.040202 0.070000
v -0.483498 1.069311 0.040000
v -0.505349 1.032945 0.040000
v -0.479864 1.054738 0.065992
v -0.490775 1.036578 0.065992
v -0.493631 1.050652 0.062099
v -0.497063 1.061798 0.040000
v -0.482528 1.065422 0.054980
v -0.495506 1.058174 0.054346
v -0.501460 1.033914 0.054980
v -0.505084 1.048450 0.040000
v -0.501153 1.048776 0.054346
v -0.323829 0.428916 -0.120000
v -0.360196 0.450767 -0.120000
v -0.331087 0.458025 -0.150000
v -0.339334 0.429181 -0.120000
v -0.324799 0.432805 -0.134980
v -0.339661 0.433112 -0.134346
v -0.356307 0.451737 -0.134980
v -0.352683 0.437201 -0.120000
v -0.349059 0.438758 -0.134346
v -0.327463 0.443489 -0.145992
v -0.345622 0.454401 -0.145992
v -0.341536 0.440634 -0.142099
v -0.483498 1.069311 -0.120000
v -0.476240 1.040202 -0.150000
v -0.505349 1.032945 -0.120000
v -0.482528 1.065422 -0.134980
v -0.497063 1.061798 -0.120000
v -0.495506 1.058174 -0.134346
v -0.490775 1.036578 -0.145992
v -0.479864 1.054738 -0.145992
v -0.493631 1.050652 -0.142099
v -0.505084 1.048450 -0.120000
v -0.501460 1.033914 -0.134980
v -0.501153 1.048776 -0.134346
v -0.236502 0.450689 0.040000
v -0.214651 0.487055 0.040000
v -0.243760 0.479798 0.070000
v -0.222937 0.458202 0.040000
v -0.237472 0.454578 0.054980
v -0.224494 0.461826 0.054346
v -0.218540 0.486086 0.054980
v -0.214916 0.471550 0.040000
v -0.218847 0.471224 0.054346
v -0.240136 0.465262 0.065992
v -0.229225 0.483422 0.065992
v -0.226369 0.469348 0.062099
v -0.396171 1.091084 0.040000
v -0.388913 1.061975 0.070000
v -0.359804 1.069233 0.040000
v -0.395201 1.087195 0.054980
v -0.380666 1.090819 0.040000
v -0.380339 1.086888 0.054346
v -0.374378 1.065599 0.065992
v -0.392537 1.076511 0.065992
v -0.378464 1.079366 0.062099
v -0.367317 1.082799 0.040000
v -0.363693 1.068263 0.054980
v -0.370941 1.081242 0.054346
v -0.236502 0.450689 -0.120000
v -0.243760 0.479798 -0.150000
v -0.214651 0.487055 -0.120000
v -0.237472 0.454578 -0.134980
v -0.222937 0.458202 -0.120000
v -0.224494 0.461826 -0.134346
v -0.229225 0.483422 -0.145992
v -0.240136 0.465262 -0.145992
v -0.226369 0.469348 -0.142099
v -0.214916 0.471550 -0.120000
v -0.218540 0.486086 -0.134980
v -0.218847 0.471224 -0.134346
v -0.396171 1.091084 -0.120000
v -0.359804 1.069233 -0.120000
v -0.388913 1.061975 -0.150000
v -0.380666 1.090819 -0.120000
v -0.395201 1.087195 -0.134980
v -0.380339 1.086888 -0.134346
v -0.363693 1.068263 -0.134980
v -0.367317 1.082799 -0.120000
v -0.370941 1.081242 -0.134346
v -0.392537 1.076511 -0.145992
v -0.374378 1.065599 -0.145992
v -0.378464 1.079366 -0.142099
vn -0.0235 -0.9662 0.2566
vn -0.0444 -0.7223 0.6901
vn -0.1869 -0.3111 0.9318
vn -0.6169 -0.3783 0.6901
vn -0.8421 -0.4744 0.2566
vn -0.5027 -0.8366 0.2178
vn -0.4205 -0.6999 0.5773
vn -0.3111 0.1869 0.9318
vn -0.3783 0.6169 0.6901
vn -0.4744 0.8421 0.2566
vn -0.8366 0.5027 0.2178
vn -0.9662 0.0235 0.2566
vn -0.7223 0.0444 0.6901
vn -0.6999 0.4205 0.5773
vn -0.0235 -0.9662 -0.2566
vn -0.5027 -0.8366 -0.2178
vn -0.8421 -0.4744 -0.2566
vn -0.6169 -0.3783 -0.6901
vn -0.1869 -0.3111 -0.9318
vn -0.0444 -0.7223 -0.6901
vn -0.4205 -0.6999 -0.5773
vn -0.4744 0.8421 -0.2566
vn -0.3783 0.6169 -0.6901
vn -0.3111 0.1869 -0.9318
vn -0.7223 0.0444 -0.6901
vn -0.9662 0.0235 -0.2566
vn -0.8366 0.5027 -0.2178
vn -0.6999 0.4205 -0.5773
vn 0.4744 -0.8421 0.2566
vn 0.8366 -0.5027 0.2178
vn 0.9662 -0.0235 0.2566
vn 0.7223 -0.0444 0.6901
vn 0.3111 -0.1869 0.9318
vn 0.3783 -0.6169 0.6901
vn 0.6999 -0.4205 0.5773
vn 0.0235 0.9662 0.2566
vn 0.0444 0.7223 0.6901
vn 0.1869 0.3111 0.9318
vn 0.6169 0.3783 0.6901
vn 0.8421 0.4744 0.2566
vn 0.5027 0.8366 0.2178
vn 0.4205 0.6999 0.5773
vn 0.4744 -0.8421 -0.2566
vn 0.3783 -0.6169 -0.6901
vn 0.3111 -0.1869 -0.9318
vn 0.7223 -0.0444 -0.6901
vn 0.9662 -0.0235 -0.2566
vn 0.8366 -0.5027 -0.2178
vn 0.6999 -0.4205 -0.5773
vn 0.0235 0.9662 -0.2566
vn 0.5027 0.8366 -0.2178
vn 0.8421 0.4744 -0.2566
vn 0.6169 0.3783 -0.6901
vn 0.1869 0.3111 -0.9318
vn 0.0444 0.7223 -0.6901
vn 0.4205 0.6999 -0.5773
vn -0.0171 -0.9999 -0.0000
vn -0.5150 -0.8572 -0.0000
vn -0.8748 -0.4845 -0.0000
vn -0.2508 -0.0625 0.9660
vn -0.6861 -0.1711 0.7071
vn -0.9373 -0.2337 0.2585
vn -0.4845 0.8748 -0.0000
vn -0.8572 0.5150 -0.0000
vn -0.9999 0.0171 -0.0000
vn -0.2508 -0.0625 -0.9660
vn -0.6861 -0.1711 -0.7071
vn -0.9373 -0.2337 -0.2585
vn 0.2337 -0.9373 -0.2585
vn 0.1711 -0.6861 -0.7071
vn 0.0625 -0.2508 -0.9660
vn -0.2337 0.9373 -0.2585
vn -0.1711 0.6861 -0.7071
vn -0.0625 0.2508 -0.9660
vn 0.9373 0.2337 -0.2585
vn 0.6861 0.1711 -0.7071
vn 0.2508 0.0625 -0.9660
vn 0.4845 -0.8748 -0.0000
vn 0.8572 -0.5150 -0.0000
vn 0.9999 -0.0171 -0.0000
vn 0.0171 0.9999 -0.0000
vn 0.5150 0.8572 -0.0000
vn 0.8748 0.4845 -0.0000
vn 0.2508 0.0625 0.9660
vn 0.6861 0.1711 0.7071
vn 0.9373 0.2337 0.2585
vn 0.2337 -0.9373 0.2585
vn 0.1711 -0.6861 0.7071
vn 0.0625 -0.2508 0.9660
vn -0.2337 0.9373 0.2585
vn -0.1711 0.6861 0.7071
vn -0.0625 0.2508 0.9660
vn 0.2419 -0.9703 -0.0000
vn -0.9703 -0.2419 -0.0000
vn -0.0000 -0.0000 1.0000
vn -0.2419 0.9703 -0.0000
vn -0.0000 -0.0000 -1.0000
vn 0.9703 0.2419 -0.0000
vt 0.175000 0.715909
vt 0.175000 0.732932
vt 0.151089 0.732212
vt 0.150033 0.715909
vt 0.175000 0.750000
vt 0.151089 0.750000
vt 0.386364 0.950000
vt 0.386364 1.000000
vt 0.375000 0.973911
vt 0.375000 0.950000
vt 0.386364 0.000000
vt 0.386364 0.017068
vt 0.375000 0.017788
vt 0.375000 0.000000
vt 0.386364 0.034091
vt 0.375000 0.034091
vt 0.125000 0.715909
vt 0.125000 0.732212
vt 0.613636 0.950000
vt 0.619311 0.950000
vt 0.619071 1.000000
vt 0.613636 1.000000
vt 0.625000 0.950000
vt 0.625000 1.000000
vt 0.825000 0.715909
vt 0.875000 0.715909
vt 0.875000 0.732212
vt 0.825000 0.750000
vt 0.625000 0.034091
vt 0.619311 0.034091
vt 0.619071 0.017788
vt 0.625000 0.017788
vt 0.613636 0.034091
vt 0.613636 0.017068
vt 0.613636 0.000000
vt 0.619071 0.000000
vt 0.175000 0.534091
vt 0.150033 0.534091
vt 0.151089 0.517788
vt 0.175000 0.517068
vt 0.125000 0.534091
vt 0.125000 0.517788
vt 0.386364 0.215909
vt 0.386364 0.232932
vt 0.375000 0.232212
vt 0.375000 0.215909
vt 0.386364 0.275033
vt 0.375000 0.276089
vt 0.386364 0.300000
vt 0.375000 0.300000
vt 0.175000 0.500000
vt 0.151089 0.500000
vt 0.825000 0.534091
vt 0.825000 0.500000
vt 0.875000 0.517788
vt 0.875000 0.534091
vt 0.625000 0.300000
vt 0.619311 0.300000
vt 0.619071 0.273376
vt 0.625000 0.240059
vt 0.613636 0.300000
vt 0.613636 0.275033
vt 0.613636 0.232932
vt 0.619071 0.232212
vt 0.613636 0.215909
vt 0.619311 0.215909
vt 0.625000 0.215909
vt 0.325000 0.715909
vt 0.349967 0.715909
vt 0.348911 0.732212
vt 0.325000 0.732932
vt 0.380689 0.715909
vt 0.379452 0.732212
vt 0.386364 0.715909
vt 0.386364 0.732932
vt 0.386364 0.775033
vt 0.365418 0.766507
vt 0.386364 0.800000
vt 0.350230 0.775230
vt 0.675000 0.715909
vt 0.650230 0.774770
vt 0.641507 0.759582
vt 0.650033 0.715909
vt 0.619311 0.800000
vt 0.619071 0.776089
vt 0.613636 0.800000
vt 0.613636 0.775033
vt 0.613636 0.732932
vt 0.619071 0.734607
vt 0.613636 0.715909
vt 0.619311 0.715909
vt 0.325000 0.534091
vt 0.325000 0.517068
vt 0.348911 0.517788
vt 0.349967 0.534091
vt 0.350230 0.474770
vt 0.365418 0.483493
vt 0.386364 0.450000
vt 0.386364 0.474967
vt 0.386364 0.517068
vt 0.379452 0.517788
vt 0.386364 0.534091
vt 0.380689 0.534091
vt 0.675000 0.534091
vt 0.650033 0.534091
vt 0.641507 0.490418
vt 0.650230 0.475230
vt 0.619311 0.534091
vt 0.619071 0.515393
vt 0.613636 0.534091
vt 0.613636 0.517068
vt 0.613636 0.474967
vt 0.619071 0.473911
vt 0.613636 0.450000
vt 0.619311 0.450000
s 0
usemtl OiledOak
f 417/559/409 420/560/409 422/561/409 421/562/409
f 420/560/410 424/563/410 425/564/410 422/561/410
f 418/565/411 423/566/411 425/567/411 424/568/411
f 423/569/412 427/570/412 428/571/412 425/572/412
f 419/573/413 426/574/413 428/571/413 427/570/413
f 426/575/414 421/562/414 422/561/414 428/576/414
f 422/561/415 425/564/415 428/576/415
f 429/577/416 432/578/416 434/579/416 433/580/416
f 432/578/417 436/581/417 437/582/417 434/579/417
f 430/583/418 435/584/418 437/585/418 436/586/418
f 435/587/419 439/588/419 440/589/419 437/590/419
f 431/591/420 438/592/420 440/589/420 439/588/420
f 438/592/421 433/593/421 434/594/421 440/589/421
f 434/594/422 437/590/422 440/589/422
f 441/595/423 444/596/423 446/597/423 445/598/423
f 444/596/424 448/599/424 449/600/424 446/597/424
f 442/601/425 447/602/425 449/603/425 448/604/425
f 447/602/426 451/605/426 452/606/426 449/603/426
f 443/607/427 450/608/427 452/606/427 451/605/427
f 450/609/428 445/598/428 446/597/428 452/610/428
f 446/597/429 449/600/429 452/610/429
f 453/611/430 456/612/430 458/613/430 457/614/430
f 456/615/431 460/616/431 461/617/431 458/618/431
f 454/619/432 459/620/432 461/617/432 460/616/432
f 459/620/433 463/621/433 464/622/433 461/617/433
f 455/623/434 462/624/434 464/622/434 463/621/434
f 462/624/435 457/625/435 458/618/435 464/622/435
f 458/618/436 461/617/436 464/622/436
f 465/626/437 468/627/437 470/628/437 469/629/437
f 468/627/438 472/630/438 473/631/438 470/628/438
f 466/632/439 471/633/439 473/631/439 472/630/439
f 471/633/440 475/634/440 476/635/440 473/631/440
f 467/636/441 474/637/441 476/635/441 475/634/441
f 474/637/442 469/629/442 470/628/442 476/635/442
f 470/628/443 473/631/443 476/635/443
f 477/638/444 480/639/444 482/640/444 481/641/444
f 480/639/445 484/642/445 485/643/445 482/640/445
f 478/644/446 483/645/446 485/643/446 484/642/446
f 483/645/447 487/646/447 488/647/447 485/643/447
f 479/648/448 486/649/448 488/647/448 487/646/448
f 486/649/449 481/641/449 482/640/449 488/647/449
f 482/640/450 485/643/450 488/647/450
f 489/650/451 492/651/451 494/652/451 493/653/451
f 492/651/452 496/654/452 497/655/452 494/652/452
f 490/656/453 495/657/453 497/655/453 496/654/453
f 495/657/454 499/658/454 500/659/454 497/655/454
f 491/660/455 498/661/455 500/659/455 499/658/455
f 498/661/456 493/653/456 494/652/456 500/659/456
f 494/652/457 497/655/457 500/659/457
f 501/662/458 504/663/458 506/664/458 505/665/458
f 504/663/459 508/666/459 509/667/459 506/664/459
f 502/668/460 507/669/460 509/667/460 508/666/460
f 507/669/461 511/670/461 512/671/461 509/667/461
f 503/672/462 510/673/462 512/671/462 511/670/462
f 510/673/463 505/665/463 506/664/463 512/671/463
f 506/664/464 509/667/464 512/671/464
f 441/595/465 417/559/465 421/562/465 444/596/465
f 444/596/466 421/562/466 426/575/466 448/599/466
f 448/604/467 426/574/467 419/573/467 442/601/467
f 418/565/468 429/577/468 433/580/468 423/566/468
f 423/569/469 433/593/469 438/592/469 427/570/469
f 427/570/470 438/592/470 431/591/470 419/573/470
f 430/583/471 453/611/471 457/614/471 435/584/471
f 435/587/472 457/625/472 462/624/472 439/588/472
f 439/588/473 462/624/473 455/623/473 431/591/473
f 454/619/474 443/607/474 451/605/474 459/620/474
f 459/620/475 451/605/475 447/602/475 463/621/475
f 463/621/476 447/602/476 442/601/476 455/623/476
f 489/650/477 441/595/477 445/598/477 492/651/477
f 492/651/478 445/598/478 450/609/478 496/654/478
f 496/654/479 450/608/479 443/607/479 490/656/479
f 453/611/480 501/662/480 505/665/480 456/612/480
f 456/615/481 505/665/481 510/673/481 460/616/481
f 460/616/482 510/673/482 503/672/482 454/619/482
f 502/668/483 491/660/483 499/658/483 507/669/483
f 507/669/484 499/658/484 495/657/484 511/670/484
f 511/670/485 495/657/485 490/656/485 503/672/485
f 465/626/486 489/650/486 493/653/486 468/627/486
f 468/627/487 493/653/487 498/661/487 472/630/487
f 472/630/488 498/661/488 491/660/488 466/632/488
f 501/662/489 477/638/489 481/641/489 504/663/489
f 504/663/490 481/641/490 486/649/490 508/666/490
f 508/666/491 486/649/491 479/648/491 502/668/491
f 478/644/492 467/636/492 475/634/492 483/645/492
f 483/645/493 475/634/493 471/633/493 487/646/493
f 487/646/494 471/633/494 466/632/494 479/648/494
f 417/559/495 465/626/495 469/629/495 420/560/495
f 420/560/496 469/629/496 474/637/496 424/563/496
f 424/568/497 474/637/497 467/636/497 418/565/497
f 477/638/498 430/583/498 436/586/498 480/639/498
f 480/639/499 436/581/499 432/578/499 484/642/499
f 484/642/500 432/578/500 429/577/500 478/644/500
f 441/595/501 489/650/501 465/626/501 417/559/501
f 419/573/502 431/591/502 455/623/502 442/601/502
f 467/636/503 478/644/503 429/577/503 418/565/503
f 501/662/504 453/611/504 430/583/504 477/638/504
f 443/607/505 454/619/505 503/672/505 490/656/505
f 491/660/506 502/668/506 479/648/506 466/632/506
o bronze_pivot_pin
v -0.450000 0.820000 -0.005000
v -0.270000 0.820000 -0.005000
v -0.450000 0.777500 0.006388
v -0.270000 0.777500 0.006388
v -0.450000 0.746388 0.037500
v -0.270000 0.746388 0.037500
v -0.450000 0.735000 0.080000
v -0.270000 0.735000 0.080000
v -0.450000 0.746388 0.122500
v -0.270000 0.746388 0.122500
v -0.450000 0.777500 0.153612
v -0.270000 0.777500 0.153612
v -0.450000 0.820000 0.165000
v -0.270000 0.820000 0.165000
v -0.450000 0.862500 0.153612
v -0.270000 0.862500 0.153612
v -0.450000 0.893612 0.122500
v -0.270000 0.893612 0.122500
v -0.450000 0.905000 0.080000
v -0.270000 0.905000 0.080000
v -0.450000 0.893612 0.037500
v -0.270000 0.893612 0.037500
v -0.450000 0.862500 0.006388
v -0.270000 0.862500 0.006388
vn -0.6532 -0.0000 -0.7572
vn 0.6532 -0.0000 -0.7572
vn -0.6532 -0.3786 -0.6557
vn 0.6532 -0.3786 -0.6557
vn -0.6532 -0.6557 -0.3786
vn 0.6532 -0.6557 -0.3786
vn -0.6532 -0.7572 -0.0000
vn 0.6532 -0.7572 -0.0000
vn -0.6532 -0.6557 0.3786
vn 0.6532 -0.6557 0.3786
vn -0.6532 -0.3786 0.6557
vn 0.6532 -0.3786 0.6557
vn -0.6532 -0.0000 0.7572
vn 0.6532 -0.0000 0.7572
vn -0.6532 0.3786 0.6557
vn 0.6532 0.3786 0.6557
vn -0.6532 0.6557 0.3786
vn 0.6532 0.6557 0.3786
vn -0.6532 0.7572 -0.0000
vn 0.6532 0.7572 -0.0000
vn -0.6532 0.6557 -0.3786
vn 0.6532 0.6557 -0.3786
vn -0.6532 0.3786 -0.6557
vn 0.6532 0.3786 -0.6557
vt 1.000000 0.500000
vt 1.000000 1.000000
vt 0.916667 1.000000
vt 0.916667 0.500000
vt 0.833333 1.000000
vt 0.833333 0.500000
vt 0.750000 1.000000
vt 0.750000 0.500000
vt 0.666667 1.000000
vt 0.666667 0.500000
vt 0.583333 1.000000
vt 0.583333 0.500000
vt 0.500000 1.000000
vt 0.500000 0.500000
vt 0.416667 1.000000
vt 0.416667 0.500000
vt 0.333333 1.000000
vt 0.333333 0.500000
vt 0.250000 1.000000
vt 0.250000 0.500000
vt 0.166667 1.000000
vt 0.166667 0.500000
vt 0.370000 0.457846
vt 0.250000 0.490000
vt 0.130000 0.457846
vt 0.042154 0.370000
vt 0.010000 0.250000
vt 0.042154 0.130000
vt 0.130000 0.042154
vt 0.250000 0.010000
vt 0.370000 0.042154
vt 0.457846 0.130000
vt 0.490000 0.250000
vt 0.457846 0.370000
vt 0.083333 1.000000
vt 0.083333 0.500000
vt 0.000000 1.000000
vt 0.000000 0.500000
vt 0.750000 0.490000
vt 0.870000 0.457846
vt 0.957846 0.370000
vt 0.990000 0.250000
vt 0.957846 0.130000
vt 0.870000 0.042154
vt 0.750000 0.010000
vt 0.630000 0.042154
vt 0.542154 0.130000
vt 0.510000 0.250000
vt 0.542154 0.370000
vt 0.630000 0.457846
s 1
usemtl WornBronze
f 513/674/507 514/675/508 516/676/510 515/677/509
f 515/677/509 516/676/510 518/678/512 517/679/511
f 517/679/511 518/678/512 520/680/514 519/681/513
f 519/681/513 520/680/514 522/682/516 521/683/515
f 521/683/515 522/682/516 524/684/518 523/685/517
f 523/685/517 524/684/518 526/686/520 525/687/519
f 525/687/519 526/686/520 528/688/522 527/689/521
f 527/689/521 528/688/522 530/690/524 529/691/523
f 529/691/523 530/690/524 532/692/526 531/693/525
f 531/693/525 532/692/526 534/694/528 533/695/527
f 516/696/510 514/697/508 536/698/530 534/699/528 532/700/526 530/701/524 528/702/522 526/703/520 524/704/518 522/705/516 520/706/514 518/707/512
f 533/695/527 534/694/528 536/708/530 535/709/529
f 535/709/529 536/708/530 514/710/508 513/711/507
f 513/712/507 515/713/509 517/714/511 519/715/513 521/716/515 523/717/517 525/718/519 527/719/521 529/720/523 531/721/525 533/722/527 535/723/529
o oak_throwing_cheek.001
v 0.236502 0.450689 0.040000
v 0.243760 0.479798 0.070000
v 0.214651 0.487055 0.040000
v 0.237472 0.454578 0.054980
v 0.222937 0.458202 0.040000
v 0.224494 0.461826 0.054346
v 0.229225 0.483422 0.065992
v 0.240136 0.465262 0.065992
v 0.226369 0.469348 0.062099
v 0.214916 0.471550 0.040000
v 0.218540 0.486086 0.054980
v 0.218847 0.471224 0.054346
v 0.388913 1.061975 0.070000
v 0.396171 1.091084 0.040000
v 0.359804 1.069233 0.040000
v 0.392537 1.076511 0.065992
v 0.374378 1.065599 0.065992
v 0.378464 1.079366 0.062099
v 0.380666 1.090819 0.040000
v 0.395201 1.087195 0.054980
v 0.380339 1.086888 0.054346
v 0.363693 1.068263 0.054980
v 0.367317 1.082799 0.040000
v 0.370941 1.081242 0.054346
v 0.236502 0.450689 -0.120000
v 0.214651 0.487055 -0.120000
v 0.243760 0.479798 -0.150000
v 0.222937 0.458202 -0.120000
v 0.237472 0.454578 -0.134980
v 0.224494 0.461826 -0.134346
v 0.218540 0.486086 -0.134980
v 0.214916 0.471550 -0.120000
v 0.218847 0.471224 -0.134346
v 0.240136 0.465262 -0.145992
v 0.229225 0.483422 -0.145992
v 0.226369 0.469348 -0.142099
v 0.396171 1.091084 -0.120000
v 0.388913 1.061975 -0.150000
v 0.359804 1.069233 -0.120000
v 0.395201 1.087195 -0.134980
v 0.380666 1.090819 -0.120000
v 0.380339 1.086888 -0.134346
v 0.374378 1.065599 -0.145992
v 0.392537 1.076511 -0.145992
v 0.378464 1.079366 -0.142099
v 0.367317 1.082799 -0.120000
v 0.363693 1.068263 -0.134980
v 0.370941 1.081242 -0.134346
v 0.323829 0.428916 0.040000
v 0.360196 0.450767 0.040000
v 0.331087 0.458025 0.070000
v 0.339334 0.429181 0.040000
v 0.324799 0.432805 0.054980
v 0.339661 0.433112 0.054346
v 0.356307 0.451737 0.054980
v 0.352683 0.437201 0.040000
v 0.349059 0.438758 0.054346
v 0.327463 0.443489 0.065992
v 0.345622 0.454401 0.065992
v 0.341536 0.440634 0.062099
v 0.483498 1.069311 0.040000
v 0.476240 1.040202 0.070000
v 0.505349 1.032945 0.040000
v 0.482528 1.065422 0.054980
v 0.497063 1.061798 0.040000
v 0.495506 1.058174 0.054346
v 0.490775 1.036578 0.065992
v 0.479864 1.054738 0.065992
v 0.493631 1.050652 0.062099
v 0.505084 1.048450 0.040000
v 0.501460 1.033914 0.054980
v 0.501153 1.048776 0.054346
v 0.323829 0.428916 -0.120000
v 0.331087 0.458025 -0.150000
v 0.360196 0.450767 -0.120000
v 0.324799 0.432805 -0.134980
v 0.339334 0.429181 -0.120000
v 0.339661 0.433112 -0.134346
v 0.345622 0.454401 -0.145992
v 0.327463 0.443489 -0.145992
v 0.341536 0.440634 -0.142099
v 0.352683 0.437201 -0.120000
v 0.356307 0.451737 -0.134980
v 0.349059 0.438758 -0.134346
v 0.483498 1.069311 -0.120000
v 0.505349 1.032945 -0.120000
v 0.476240 1.040202 -0.150000
v 0.497063 1.061798 -0.120000
v 0.482528 1.065422 -0.134980
v 0.495506 1.058174 -0.134346
v 0.501460 1.033914 -0.134980
v 0.505084 1.048450 -0.120000
v 0.501153 1.048776 -0.134346
v 0.479864 1.054738 -0.145992
v 0.490775 1.036578 -0.145992
v 0.493631 1.050652 -0.142099
vn -0.4744 -0.8421 0.2566
vn -0.3783 -0.6169 0.6901
vn -0.3111 -0.1869 0.9318
vn -0.7223 -0.0444 0.6901
vn -0.9662 -0.0235 0.2566
vn -0.8366 -0.5027 0.2178
vn -0.6999 -0.4205 0.5773
vn -0.1869 0.3111 0.9318
vn -0.0444 0.7223 0.6901
vn -0.0235 0.9662 0.2566
vn -0.5027 0.8366 0.2178
vn -0.8421 0.4744 0.2566
vn -0.6169 0.3783 0.6901
vn -0.4205 0.6999 0.5773
vn -0.4744 -0.8421 -0.2566
vn -0.8366 -0.5027 -0.2178
vn -0.9662 -0.0235 -0.2566
vn -0.7223 -0.0444 -0.6901
vn -0.3111 -0.1869 -0.9318
vn -0.3783 -0.6169 -0.6901
vn -0.6999 -0.4205 -0.5773
vn -0.0235 0.9662 -0.2566
vn -0.0444 0.7223 -0.6901
vn -0.1869 0.3111 -0.9318
vn -0.6169 0.3783 -0.6901
vn -0.8421 0.4744 -0.2566
vn -0.5027 0.8366 -0.2178
vn -0.4205 0.6999 -0.5773
vn 0.0235 -0.9662 0.2566
vn 0.5027 -0.8366 0.2178
vn 0.8421 -0.4744 0.2566
vn 0.6169 -0.3783 0.6901
vn 0.1869 -0.3111 0.9318
vn 0.0444 -0.7223 0.6901
vn 0.4205 -0.6999 0.5773
vn 0.4744 0.8421 0.2566
vn 0.3783 0.6169 0.6901
vn 0.3111 0.1869 0.9318
vn 0.7223 0.0444 0.6901
vn 0.9662 0.0235 0.2566
vn 0.8366 0.5027 0.2178
vn 0.6999 0.4205 0.5773
vn 0.0235 -0.9662 -0.2566
vn 0.0444 -0.7223 -0.6901
vn 0.1869 -0.3111 -0.9318
vn 0.6169 -0.3783 -0.6901
vn 0.8421 -0.4744 -0.2566
vn 0.5027 -0.8366 -0.2178
vn 0.4205 -0.6999 -0.5773
vn 0.4744 0.8421 -0.2566
vn 0.8366 0.5027 -0.2178
vn 0.9662 0.0235 -0.2566
vn 0.7223 0.0444 -0.6901
vn 0.3111 0.1869 -0.9318
vn 0.3783 0.6169 -0.6901
vn 0.6999 0.4205 -0.5773
vn -0.4845 -0.8748 -0.0000
vn -0.8572 -0.5150 -0.0000
vn -0.9999 -0.0171 -0.0000
vn -0.2508 0.0625 0.9660
vn -0.6861 0.1711 0.7071
vn -0.9373 0.2337 0.2585
vn -0.0171 0.9999 -0.0000
vn -0.5150 0.8572 -0.0000
vn -0.8748 0.4845 -0.0000
vn -0.2508 0.0625 -0.9660
vn -0.6861 0.1711 -0.7071
vn -0.9373 0.2337 -0.2585
vn -0.2337 -0.9373 -0.2585
vn -0.1711 -0.6861 -0.7071
vn -0.0625 -0.2508 -0.9660
vn 0.2337 0.9373 -0.2585
vn 0.1711 0.6861 -0.7071
vn 0.0625 0.2508 -0.9660
vn 0.9373 -0.2337 -0.2585
vn 0.6861 -0.1711 -0.7071
vn 0.2508 -0.0625 -0.9660
vn 0.0171 -0.9999 -0.0000
vn 0.5150 -0.8572 -0.0000
vn 0.8748 -0.4845 -0.0000
vn 0.4845 0.8748 -0.0000
vn 0.8572 0.5150 -0.0000
vn 0.9999 0.0171 -0.0000
vn 0.2508 -0.0625 0.9660
vn 0.6861 -0.1711 0.7071
vn 0.9373 -0.2337 0.2585
vn -0.2337 -0.9373 0.2585
vn -0.1711 -0.6861 0.7071
vn -0.0625 -0.2508 0.9660
vn 0.2337 0.9373 0.2585
vn 0.1711 0.6861 0.7071
vn 0.0625 0.2508 0.9660
vn -0.2419 -0.9703 -0.0000
vn -0.9703 0.2419 -0.0000
vn -0.0000 -0.0000 1.0000
vn 0.2419 0.9703 -0.0000
vn -0.0000 -0.0000 -1.0000
vn 0.9703 -0.2419 -0.0000
vt 0.175000 0.715909
vt 0.175000 0.732932
vt 0.151089 0.732212
vt 0.150033 0.715909
vt 0.175000 0.750000
vt 0.151089 0.750000
vt 0.386364 0.950000
vt 0.386364 1.000000
vt 0.375000 0.973911
vt 0.375000 0.950000
vt 0.386364 0.000000
vt 0.386364 0.017068
vt 0.375000 0.017788
vt 0.375000 0.000000
vt 0.386364 0.034091
vt 0.375000 0.034091
vt 0.125000 0.715909
vt 0.125000 0.732212
vt 0.613636 0.950000
vt 0.619311 0.950000
vt 0.619071 1.000000
vt 0.613636 1.000000
vt 0.625000 0.950000
vt 0.625000 1.000000
vt 0.825000 0.715909
vt 0.875000 0.715909
vt 0.875000 0.732212
vt 0.825000 0.750000
vt 0.625000 0.034091
vt 0.619311 0.034091
vt 0.619071 0.017788
vt 0.625000 0.017788
vt 0.613636 0.034091
vt 0.613636 0.017068
vt 0.613636 0.000000
vt 0.619071 0.000000
vt 0.175000 0.534091
vt 0.150033 0.534091
vt 0.151089 0.517788
vt 0.175000 0.517068
vt 0.125000 0.534091
vt 0.125000 0.517788
vt 0.386364 0.215909
vt 0.386364 0.232932
vt 0.375000 0.232212
vt 0.375000 0.215909
vt 0.386364 0.275033
vt 0.375000 0.276089
vt 0.386364 0.300000
vt 0.375000 0.300000
vt 0.175000 0.500000
vt 0.151089 0.500000
vt 0.825000 0.534091
vt 0.825000 0.500000
vt 0.875000 0.517788
vt 0.875000 0.534091
vt 0.625000 0.300000
vt 0.619311 0.300000
vt 0.619071 0.273376
vt 0.625000 0.240059
vt 0.613636 0.300000
vt 0.613636 0.275033
vt 0.613636 0.232932
vt 0.619071 0.232212
vt 0.613636 0.215909
vt 0.619311 0.215909
vt 0.625000 0.215909
vt 0.325000 0.715909
vt 0.349967 0.715909
vt 0.348911 0.732212
vt 0.325000 0.732932
vt 0.380689 0.715909
vt 0.379452 0.732212
vt 0.386364 0.715909
vt 0.386364 0.732932
vt 0.386364 0.775033
vt 0.365418 0.766507
vt 0.386364 0.800000
vt 0.350230 0.775230
vt 0.675000 0.715909
vt 0.650230 0.774770
vt 0.641507 0.759582
vt 0.650033 0.715909
vt 0.619311 0.800000
vt 0.619071 0.776089
vt 0.613636 0.800000
vt 0.613636 0.775033
vt 0.613636 0.732932
vt 0.619071 0.734607
vt 0.613636 0.715909
vt 0.619311 0.715909
vt 0.325000 0.534091
vt 0.325000 0.517068
vt 0.348911 0.517788
vt 0.349967 0.534091
vt 0.350230 0.474770
vt 0.365418 0.483493
vt 0.386364 0.450000
vt 0.386364 0.474967
vt 0.386364 0.517068
vt 0.379452 0.517788
vt 0.386364 0.534091
vt 0.380689 0.534091
vt 0.675000 0.534091
vt 0.650033 0.534091
vt 0.641507 0.490418
vt 0.650230 0.475230
vt 0.619311 0.534091
vt 0.619071 0.515393
vt 0.613636 0.534091
vt 0.613636 0.517068
vt 0.613636 0.474967
vt 0.619071 0.473911
vt 0.613636 0.450000
vt 0.619311 0.450000
s 0
usemtl OiledOak
f 537/724/531 540/725/531 542/726/531 541/727/531
f 540/725/532 544/728/532 545/729/532 542/726/532
f 538/730/533 543/731/533 545/732/533 544/733/533
f 543/734/534 547/735/534 548/736/534 545/737/534
f 539/738/535 546/739/535 548/736/535 547/735/535
f 546/740/536 541/727/536 542/726/536 548/741/536
f 542/726/537 545/729/537 548/741/537
f 549/742/538 552/743/538 554/744/538 553/745/538
f 552/743/539 556/746/539 557/747/539 554/744/539
f 550/748/540 555/749/540 557/750/540 556/751/540
f 555/752/541 559/753/541 560/754/541 557/755/541
f 551/756/542 558/757/542 560/754/542 559/753/542
f 558/757/543 553/758/543 554/759/543 560/754/543
f 554/759/544 557/755/544 560/754/544
f 561/760/545 564/761/545 566/762/545 565/763/545
f 564/761/546 568/764/546 569/765/546 566/762/546
f 562/766/547 567/767/547 569/768/547 568/769/547
f 567/767/548 571/770/548 572/771/548 569/768/548
f 563/772/549 570/773/549 572/771/549 571/770/549
f 570/774/550 565/763/550 566/762/550 572/775/550
f 566/762/551 569/765/551 572/775/551
f 573/776/552 576/777/552 578/778/552 577/779/552
f 576/780/553 580/781/553 581/782/553 578/783/553
f 574/784/554 579/785/554 581/782/554 580/781/554
f 579/785/555 583/786/555 584/787/555 581/782/555
f 575/788/556 582/789/556 584/787/556 583/786/556
f 582/789/557 577/790/557 578/783/557 584/787/557
f 578/783/558 581/782/558 584/787/558
f 585/791/559 588/792/559 590/793/559 589/794/559
f 588/792/560 592/795/560 593/796/560 590/793/560
f 586/797/561 591/798/561 593/796/561 592/795/561
f 591/798/562 595/799/562 596/800/562 593/796/562
f 587/801/563 594/802/563 596/800/563 595/799/563
f 594/802/564 589/794/564 590/793/564 596/800/564
f 590/793/565 593/796/565 596/800/565
f 597/803/566 600/804/566 602/805/566 601/806/566
f 600/804/567 604/807/567 605/808/567 602/805/567
f 598/809/568 603/810/568 605/808/568 604/807/568
f 603/810/569 607/811/569 608/812/569 605/808/569
f 599/813/570 606/814/570 608/812/570 607/811/570
f 606/814/571 601/806/571 602/805/571 608/812/571
f 602/805/572 605/808/572 608/812/572
f 609/815/573 612/816/573 614/817/573 613/818/573
f 612/816/574 616/819/574 617/820/574 614/817/574
f 610/821/575 615/822/575 617/820/575 616/819/575
f 615/822/576 619/823/576 620/824/576 617/820/576
f 611/825/577 618/826/577 620/824/577 619/823/577
f 618/826/578 613/818/578 614/817/578 620/824/578
f 614/817/579 617/820/579 620/824/579
f 621/827/580 624/828/580 626/829/580 625/830/580
f 624/828/581 628/831/581 629/832/581 626/829/581
f 622/833/582 627/834/582 629/832/582 628/831/582
f 627/834/583 631/835/583 632/836/583 629/832/583
f 623/837/584 630/838/584 632/836/584 631/835/584
f 630/838/585 625/830/585 626/829/585 632/836/585
f 626/829/586 629/832/586 632/836/586
f 561/760/587 537/724/587 541/727/587 564/761/587
f 564/761/588 541/727/588 546/740/588 568/764/588
f 568/769/589 546/739/589 539/738/589 562/766/589
f 538/730/590 549/742/590 553/745/590 543/731/590
f 543/734/591 553/758/591 558/757/591 547/735/591
f 547/735/592 558/757/592 551/756/592 539/738/592
f 550/748/593 573/776/593 577/779/593 555/749/593
f 555/752/594 577/790/594 582/789/594 559/753/594
f 559/753/595 582/789/595 575/788/595 551/756/595
f 574/784/596 563/772/596 571/770/596 579/785/596
f 579/785/597 571/770/597 567/767/597 583/786/597
f 583/786/598 567/767/598 562/766/598 575/788/598
f 609/815/599 561/760/599 565/763/599 612/816/599
f 612/816/600 565/763/600 570/774/600 616/819/600
f 616/819/601 570/773/601 563/772/601 610/821/601
f 573/776/602 621/827/602 625/830/602 576/777/602
f 576/780/603 625/830/603 630/838/603 580/781/603
f 580/781/604 630/838/604 623/837/604 574/784/604
f 622/833/605 611/825/605 619/823/605 627/834/605
f 627/834/606 619/823/606 615/822/606 631/835/606
f 631/835/607 615/822/607 610/821/607 623/837/607
f 585/791/608 609/815/608 613/818/608 588/792/608
f 588/792/609 613/818/609 618/826/609 592/795/609
f 592/795/610 618/826/610 611/825/610 586/797/610
f 621/827/611 597/803/611 601/806/611 624/828/611
f 624/828/612 601/806/612 606/814/612 628/831/612
f 628/831/613 606/814/613 599/813/613 622/833/613
f 598/809/614 587/801/614 595/799/614 603/810/614
f 603/810/615 595/799/615 591/798/615 607/811/615
f 607/811/616 591/798/616 586/797/616 599/813/616
f 537/724/617 585/791/617 589/794/617 540/725/617
f 540/725/618 589/794/618 594/802/618 544/728/618
f 544/733/619 594/802/619 587/801/619 538/730/619
f 597/803/620 550/748/620 556/751/620 600/804/620
f 600/804/621 556/746/621 552/743/621 604/807/621
f 604/807/622 552/743/622 549/742/622 598/809/622
f 561/760/623 609/815/623 585/791/623 537/724/623
f 539/738/624 551/756/624 575/788/624 562/766/624
f 587/801/625 598/809/625 549/742/625 538/730/625
f 621/827/626 573/776/626 550/748/626 597/803/626
f 563/772/627 574/784/627 623/837/627 610/821/627
f 611/825/628 622/833/628 599/813/628 586/797/628
o bronze_pivot_pin.001
v 0.270000 0.820000 -0.005000
v 0.450000 0.820000 -0.005000
v 0.270000 0.777500 0.006388
v 0.450000 0.777500 0.006388
v 0.270000 0.746388 0.037500
v 0.450000 0.746388 0.037500
v 0.270000 0.735000 0.080000
v 0.450000 0.735000 0.080000
v 0.270000 0.746388 0.122500
v 0.450000 0.746388 0.122500
v 0.270000 0.777500 0.153612
v 0.450000 0.777500 0.153612
v 0.270000 0.820000 0.165000
v 0.450000 0.820000 0.165000
v 0.270000 0.862500 0.153612
v 0.450000 0.862500 0.153612
v 0.270000 0.893612 0.122500
v 0.450000 0.893612 0.122500
v 0.270000 0.905000 0.080000
v 0.450000 0.905000 0.080000
v 0.270000 0.893612 0.037500
v 0.450000 0.893612 0.037500
v 0.270000 0.862500 0.006388
v 0.450000 0.862500 0.006388
vn -0.6532 -0.0000 -0.7572
vn 0.6532 -0.0000 -0.7572
vn -0.6532 -0.3786 -0.6557
vn 0.6532 -0.3786 -0.6557
vn -0.6532 -0.6557 -0.3786
vn 0.6532 -0.6557 -0.3786
vn -0.6532 -0.7572 -0.0000
vn 0.6532 -0.7572 -0.0000
vn -0.6532 -0.6557 0.3786
vn 0.6532 -0.6557 0.3786
vn -0.6532 -0.3786 0.6557
vn 0.6532 -0.3786 0.6557
vn -0.6532 -0.0000 0.7572
vn 0.6532 -0.0000 0.7572
vn -0.6532 0.3786 0.6557
vn 0.6532 0.3786 0.6557
vn -0.6532 0.6557 0.3786
vn 0.6532 0.6557 0.3786
vn -0.6532 0.7572 -0.0000
vn 0.6532 0.7572 -0.0000
vn -0.6532 0.6557 -0.3786
vn 0.6532 0.6557 -0.3786
vn -0.6532 0.3786 -0.6557
vn 0.6532 0.3786 -0.6557
vt 1.000000 0.500000
vt 1.000000 1.000000
vt 0.916667 1.000000
vt 0.916667 0.500000
vt 0.833333 1.000000
vt 0.833333 0.500000
vt 0.750000 1.000000
vt 0.750000 0.500000
vt 0.666667 1.000000
vt 0.666667 0.500000
vt 0.583333 1.000000
vt 0.583333 0.500000
vt 0.500000 1.000000
vt 0.500000 0.500000
vt 0.416667 1.000000
vt 0.416667 0.500000
vt 0.333333 1.000000
vt 0.333333 0.500000
vt 0.250000 1.000000
vt 0.250000 0.500000
vt 0.166667 1.000000
vt 0.166667 0.500000
vt 0.370000 0.457846
vt 0.250000 0.490000
vt 0.130000 0.457846
vt 0.042154 0.370000
vt 0.010000 0.250000
vt 0.042154 0.130000
vt 0.130000 0.042154
vt 0.250000 0.010000
vt 0.370000 0.042154
vt 0.457846 0.130000
vt 0.490000 0.250000
vt 0.457846 0.370000
vt 0.083333 1.000000
vt 0.083333 0.500000
vt 0.000000 1.000000
vt 0.000000 0.500000
vt 0.750000 0.490000
vt 0.870000 0.457846
vt 0.957846 0.370000
vt 0.990000 0.250000
vt 0.957846 0.130000
vt 0.870000 0.042154
vt 0.750000 0.010000
vt 0.630000 0.042154
vt 0.542154 0.130000
vt 0.510000 0.250000
vt 0.542154 0.370000
vt 0.630000 0.457846
s 1
usemtl WornBronze
f 633/839/629 634/840/630 636/841/632 635/842/631
f 635/842/631 636/841/632 638/843/634 637/844/633
f 637/844/633 638/843/634 640/845/636 639/846/635
f 639/846/635 640/845/636 642/847/638 641/848/637
f 641/848/637 642/847/638 644/849/640 643/850/639
f 643/850/639 644/849/640 646/851/642 645/852/641
f 645/852/641 646/851/642 648/853/644 647/854/643
f 647/854/643 648/853/644 650/855/646 649/856/645
f 649/856/645 650/855/646 652/857/648 651/858/647
f 651/858/647 652/857/648 654/859/650 653/860/649
f 636/861/632 634/862/630 656/863/652 654/864/650 652/865/648 650/866/646 648/867/644 646/868/642 644/869/640 642/870/638 640/871/636 638/872/634
f 653/860/649 654/859/650 656/873/652 655/874/651
f 655/874/651 656/873/652 634/875/630 633/876/629
f 633/877/629 635/878/631 637/879/633 639/880/635 641/881/637 643/882/639 645/883/641 647/884/643 649/885/645 651/886/647 653/887/649 655/888/651
o iron_throw_arm
v -0.045000 0.885000 0.765000
v -0.045000 0.920000 0.800000
v -0.080000 0.920000 0.765000
v -0.045000 0.889676 0.782477
v -0.062477 0.889676 0.765000
v -0.061737 0.894218 0.781737
v -0.062477 0.920000 0.795324
v -0.045000 0.902523 0.795324
v -0.061737 0.903263 0.790782
v -0.075324 0.902523 0.765000
v -0.075324 0.920000 0.782477
v -0.070782 0.903263 0.781737
v -0.045000 0.980000 0.800000
v -0.045000 1.015000 0.765000
v -0.080000 0.980000 0.765000
v -0.045000 0.997477 0.795324
v -0.062477 0.980000 0.795324
v -0.061737 0.996737 0.790782
v -0.062477 1.010324 0.765000
v -0.045000 1.010324 0.782477
v -0.061737 1.005782 0.781737
v -0.075324 0.980000 0.782477
v -0.075324 0.997477 0.765000
v -0.070782 0.996737 0.781737
v -0.045000 0.885000 -0.125000
v -0.080000 0.920000 -0.125000
v -0.045000 0.920000 -0.160000
v -0.062477 0.889676 -0.125000
v -0.045000 0.889676 -0.142477
v -0.061737 0.894218 -0.141737
v -0.075324 0.920000 -0.142477
v -0.075324 0.902523 -0.125000
v -0.070782 0.903263 -0.141737
v -0.045000 0.902523 -0.155324
v -0.062477 0.920000 -0.155324
v -0.061737 0.903263 -0.150782
v -0.045000 1.015000 -0.125000
v -0.045000 0.980000 -0.160000
v -0.080000 0.980000 -0.125000
v -0.045000 1.010324 -0.142477
v -0.062477 1.010324 -0.125000
v -0.061737 1.005782 -0.141737
v -0.062477 0.980000 -0.155324
v -0.045000 0.997477 -0.155324
v -0.061737 0.996737 -0.150782
v -0.075324 0.997477 -0.125000
v -0.075324 0.980000 -0.142477
v -0.070782 0.996737 -0.141737
v 0.045000 0.885000 0.765000
v 0.080000 0.920000 0.765000
v 0.045000 0.920000 0.800000
v 0.062477 0.889676 0.765000
v 0.045000 0.889676 0.782477
v 0.061737 0.894218 0.781737
v 0.075324 0.920000 0.782477
v 0.075324 0.902523 0.765000
v 0.070782 0.903263 0.781737
v 0.045000 0.902523 0.795324
v 0.062477 0.920000 0.795324
v 0.061737 0.903263 0.790782
v 0.045000 1.015000 0.765000
v 0.045000 0.980000 0.800000
v 0.080000 0.980000 0.765000
v 0.045000 1.010324 0.782477
v 0.062477 1.010324 0.765000
v 0.061737 1.005782 0.781737
v 0.062477 0.980000 0.795324
v 0.045000 0.997477 0.795324
v 0.061737 0.996737 0.790782
v 0.075324 0.997477 0.765000
v 0.075324 0.980000 0.782477
v 0.070782 0.996737 0.781737
v 0.045000 0.885000 -0.125000
v 0.045000 0.920000 -0.160000
v 0.080000 0.920000 -0.125000
v 0.045000 0.889676 -0.142477
v 0.062477 0.889676 -0.125000
v 0.061737 0.894218 -0.141737
v 0.062477 0.920000 -0.155324
v 0.045000 0.902523 -0.155324
v 0.061737 0.903263 -0.150782
v 0.075324 0.902523 -0.125000
v 0.075324 0.920000 -0.142477
v 0.070782 0.903263 -0.141737
v 0.045000 1.015000 -0.125000
v 0.080000 0.980000 -0.125000
v 0.045000 0.980000 -0.160000
v 0.062477 1.010324 -0.125000
v 0.045000 1.010324 -0.142477
v 0.061737 1.005782 -0.141737
v 0.075324 0.980000 -0.142477
v 0.075324 0.997477 -0.125000
v 0.070782 0.996737 -0.141737
v 0.045000 0.997477 -0.155324
v 0.062477 0.980000 -0.155324
v 0.061737 0.996737 -0.150782
vn -0.2566 -0.9318 0.2566
vn -0.2178 -0.6901 0.6901
vn -0.2566 -0.2566 0.9318
vn -0.6901 -0.2178 0.6901
vn -0.9318 -0.2566 0.2566
vn -0.6901 -0.6901 0.2178
vn -0.5774 -0.5774 0.5773
vn -0.2566 0.2566 0.9318
vn -0.2178 0.6901 0.6901
vn -0.2566 0.9318 0.2566
vn -0.6901 0.6901 0.2178
vn -0.9318 0.2566 0.2566
vn -0.6901 0.2178 0.6901
vn -0.5774 0.5774 0.5773
vn -0.2566 -0.9318 -0.2566
vn -0.6901 -0.6901 -0.2178
vn -0.9318 -0.2566 -0.2566
vn -0.6901 -0.2178 -0.6901
vn -0.2566 -0.2566 -0.9318
vn -0.2178 -0.6901 -0.6901
vn -0.5773 -0.5774 -0.5773
vn -0.2566 0.9318 -0.2566
vn -0.2178 0.6901 -0.6901
vn -0.2566 0.2566 -0.9318
vn -0.6901 0.2178 -0.6901
vn -0.9318 0.2566 -0.2566
vn -0.6901 0.6901 -0.2178
vn -0.5774 0.5774 -0.5773
vn 0.2566 -0.9318 0.2566
vn 0.6901 -0.6901 0.2178
vn 0.9318 -0.2566 0.2566
vn 0.6901 -0.2178 0.6901
vn 0.2566 -0.2566 0.9318
vn 0.2178 -0.6901 0.6901
vn 0.5773 -0.5774 0.5773
vn 0.2566 0.9318 0.2566
vn 0.2178 0.6901 0.6901
vn 0.2566 0.2566 0.9318
vn 0.6901 0.2178 0.6901
vn 0.9318 0.2566 0.2566
vn 0.6901 0.6901 0.2178
vn 0.5773 0.5774 0.5773
vn 0.2566 -0.9318 -0.2566
vn 0.2178 -0.6901 -0.6901
vn 0.2566 -0.2566 -0.9318
vn 0.6901 -0.2178 -0.6901
vn 0.9318 -0.2566 -0.2566
vn 0.6901 -0.6901 -0.2178
vn 0.5773 -0.5774 -0.5773
vn 0.2566 0.9318 -0.2566
vn 0.6901 0.6901 -0.2178
vn 0.9318 0.2566 -0.2566
vn 0.6901 0.2178 -0.6901
vn 0.2566 0.2566 -0.9318
vn 0.2178 0.6901 -0.6901
vn 0.5773 0.5774 -0.5773
vn -0.2585 -0.9660 -0.0000
vn -0.7071 -0.7071 -0.0000
vn -0.9660 -0.2585 -0.0000
vn -0.2585 -0.0000 0.9660
vn -0.7071 -0.0000 0.7071
vn -0.9660 -0.0000 0.2585
vn -0.2585 0.9660 -0.0000
vn -0.7071 0.7071 -0.0000
vn -0.9660 0.2585 -0.0000
vn -0.2585 -0.0000 -0.9660
vn -0.7071 -0.0000 -0.7071
vn -0.9660 -0.0000 -0.2585
vn -0.0000 -0.9660 -0.2585
vn -0.0000 -0.7071 -0.7071
vn -0.0000 -0.2585 -0.9660
vn -0.0000 0.9660 -0.2585
vn -0.0000 0.7071 -0.7071
vn -0.0000 0.2585 -0.9660
vn 0.9660 -0.0000 -0.2585
vn 0.7071 -0.0000 -0.7071
vn 0.2585 -0.0000 -0.9660
vn 0.2585 -0.9660 -0.0000
vn 0.7071 -0.7071 -0.0000
vn 0.9660 -0.2585 -0.0000
vn 0.2585 0.9660 -0.0000
vn 0.7071 0.7071 -0.0000
vn 0.9660 0.2585 -0.0000
vn 0.2585 -0.0000 0.9660
vn 0.7071 -0.0000 0.7071
vn 0.9660 -0.0000 0.2585
vn -0.0000 -0.9660 0.2585
vn -0.0000 -0.7071 0.7071
vn -0.0000 -0.2585 0.9660
vn -0.0000 0.9660 0.2585
vn -0.0000 0.7071 0.7071
vn -0.0000 0.2585 0.9660
vn -0.0000 -1.0000 -0.0000
vn -1.0000 -0.0000 -0.0000
vn -0.0000 -0.0000 1.0000
vn -0.0000 1.0000 -0.0000
vn -0.0000 -0.0000 -1.0000
vn 1.0000 -0.0000 -0.0000
vt 0.179688 0.740886
vt 0.179688 0.745437
vt 0.153535 0.745244
vt 0.152380 0.740885
vt 0.179688 0.750000
vt 0.153535 0.750000
vt 0.442308 0.945312
vt 0.442308 1.000000
vt 0.375000 0.971465
vt 0.375000 0.945312
vt 0.442308 0.000000
vt 0.442308 0.004563
vt 0.375000 0.004756
vt 0.375000 0.000000
vt 0.442308 0.009115
vt 0.375000 0.009115
vt 0.125000 0.740885
vt 0.125000 0.745244
vt 0.557692 0.945313
vt 0.591302 0.945312
vt 0.589880 1.000000
vt 0.557692 1.000000
vt 0.625000 0.945313
vt 0.625000 1.000000
vt 0.820313 0.740885
vt 0.875000 0.740885
vt 0.875000 0.745244
vt 0.820312 0.750000
vt 0.625000 0.009115
vt 0.591302 0.009115
vt 0.589880 0.004756
vt 0.625000 0.004756
vt 0.557692 0.009115
vt 0.557692 0.004563
vt 0.557692 0.000000
vt 0.589880 0.000000
vt 0.179687 0.509115
vt 0.152380 0.509115
vt 0.153535 0.504756
vt 0.179688 0.504563
vt 0.125000 0.509115
vt 0.125000 0.504756
vt 0.442308 0.240885
vt 0.442308 0.245437
vt 0.375000 0.245244
vt 0.375000 0.240885
vt 0.442308 0.277380
vt 0.375000 0.278535
vt 0.442308 0.304688
vt 0.375000 0.304688
vt 0.179688 0.500000
vt 0.153535 0.500000
vt 0.820313 0.509115
vt 0.820312 0.500000
vt 0.875000 0.504756
vt 0.875000 0.509115
vt 0.625000 0.304688
vt 0.591302 0.304687
vt 0.589880 0.276142
vt 0.625000 0.247342
vt 0.557692 0.304688
vt 0.557692 0.277380
vt 0.557692 0.245437
vt 0.589880 0.245244
vt 0.557692 0.240885
vt 0.591302 0.240885
vt 0.625000 0.240885
vt 0.320312 0.740885
vt 0.347620 0.740885
vt 0.346465 0.745244
vt 0.320312 0.745437
vt 0.408698 0.740885
vt 0.406289 0.745244
vt 0.442308 0.740886
vt 0.442308 0.745437
vt 0.442308 0.777380
vt 0.364520 0.768055
vt 0.442308 0.804687
vt 0.347952 0.777639
vt 0.679688 0.740886
vt 0.652639 0.777048
vt 0.643055 0.760480
vt 0.652380 0.740885
vt 0.591302 0.804687
vt 0.589880 0.778535
vt 0.557692 0.804688
vt 0.557692 0.777380
vt 0.557692 0.745437
vt 0.589880 0.746726
vt 0.557692 0.740886
vt 0.591302 0.740885
vt 0.320312 0.509115
vt 0.320312 0.504563
vt 0.346465 0.504756
vt 0.347620 0.509115
vt 0.347952 0.472361
vt 0.364520 0.481945
vt 0.442308 0.445312
vt 0.442308 0.472620
vt 0.442308 0.504563
vt 0.406289 0.504756
vt 0.442308 0.509115
vt 0.408698 0.509115
vt 0.679688 0.509115
vt 0.652380 0.509115
vt 0.643055 0.489520
vt 0.652639 0.472952
vt 0.591302 0.509115
vt 0.589880 0.503274
vt 0.557692 0.509115
vt 0.557692 0.504563
vt 0.557692 0.472620
vt 0.589880 0.471465
vt 0.557692 0.445312
vt 0.591302 0.445312
s 0
usemtl BlackIron
f 657/889/653 660/890/653 662/891/653 661/892/653
f 660/890/654 664/893/654 665/894/654 662/891/654
f 658/895/655 663/896/655 665/897/655 664/898/655
f 663/899/656 667/900/656 668/901/656 665/902/656
f 659/903/657 666/904/657 668/901/657 667/900/657
f 666/905/658 661/892/658 662/891/658 668/906/658
f 662/891/659 665/894/659 668/906/659
f 669/907/660 672/908/660 674/909/660 673/910/660
f 672/908/661 676/911/661 677/912/661 674/909/661
f 670/913/662 675/914/662 677/915/662 676/916/662
f 675/917/663 679/918/663 680/919/663 677/920/663
f 671/921/664 678/922/664 680/919/664 679/918/664
f 678/922/665 673/923/665 674/924/665 680/919/665
f 674/924/666 677/920/666 680/919/666
f 681/925/667 684/926/667 686/927/667 685/928/667
f 684/926/668 688/929/668 689/930/668 686/927/668
f 682/931/669 687/932/669 689/933/669 688/934/669
f 687/932/670 691/935/670 692/936/670 689/933/670
f 683/937/671 690/938/671 692/936/671 691/935/671
f 690/939/672 685/928/672 686/927/672 692/940/672
f 686/927/673 689/930/673 692/940/673
f 693/941/674 696/942/674 698/943/674 697/944/674
f 696/945/675 700/946/675 701/947/675 698/948/675
f 694/949/676 699/950/676 701/947/676 700/946/676
f 699/950/677 703/951/677 704/952/677 701/947/677
f 695/953/678 702/954/678 704/952/678 703/951/678
f 702/954/679 697/955/679 698/948/679 704/952/679
f 698/948/680 701/947/680 704/952/680
f 705/956/681 708/957/681 710/958/681 709/959/681
f 708/957/682 712/960/682 713/961/682 710/958/682
f 706/962/683 711/963/683 713/961/683 712/960/683
f 711/963/684 715/964/684 716/965/684 713/961/684
f 707/966/685 714/967/685 716/965/685 715/964/685
f 714/967/686 709/959/686 710/958/686 716/965/686
f 710/958/687 713/961/687 716/965/687
f 717/968/688 720/969/688 722/970/688 721/971/688
f 720/969/689 724/972/689 725/973/689 722/970/689
f 718/974/690 723/975/690 725/973/690 724/972/690
f 723/975/691 727/976/691 728/977/691 725/973/691
f 719/978/692 726/979/692 728/977/692 727/976/692
f 726/979/693 721/971/693 722/970/693 728/977/693
f 722/970/694 725/973/694 728/977/694
f 729/980/695 732/981/695 734/982/695 733/983/695
f 732/981/696 736/984/696 737/985/696 734/982/696
f 730/986/697 735/987/697 737/985/697 736/984/697
f 735/987/698 739/988/698 740/989/698 737/985/698
f 731/990/699 738/991/699 740/989/699 739/988/699
f 738/991/700 733/983/700 734/982/700 740/989/700
f 734/982/701 737/985/701 740/989/701
f 741/992/702 744/993/702 746/994/702 745/995/702
f 744/993/703 748/996/703 749/997/703 746/994/703
f 742/998/704 747/999/704 749/997/704 748/996/704
f 747/999/705 751/1000/705 752/1001/705 749/997/705
f 743/1002/706 750/1003/706 752/1001/706 751/1000/706
f 750/1003/707 745/995/707 746/994/707 752/1001/707
f 746/994/708 749/997/708 752/1001/708
f 681/925/709 657/889/709 661/892/709 684/926/709
f 684/926/710 661/892/710 666/905/710 688/929/710
f 688/934/711 666/904/711 659/903/711 682/931/711
f 658/895/712 669/907/712 673/910/712 663/896/712
f 663/899/713 673/923/713 678/922/713 667/900/713
f 667/900/714 678/922/714 671/921/714 659/903/714
f 670/913/715 693/941/715 697/944/715 675/914/715
f 675/917/716 697/955/716 702/954/716 679/918/716
f 679/918/717 702/954/717 695/953/717 671/921/717
f 694/949/718 683/937/718 691/935/718 699/950/718
f 699/950/719 691/935/719 687/932/719 703/951/719
f 703/951/720 687/932/720 682/931/720 695/953/720
f 729/980/721 681/925/721 685/928/721 732/981/721
f 732/981/722 685/928/722 690/939/722 736/984/722
f 736/984/723 690/938/723 683/937/723 730/986/723
f 693/941/724 741/992/724 745/995/724 696/942/724
f 696/945/725 745/995/725 750/1003/725 700/946/725
f 700/946/726 750/1003/726 743/1002/726 694/949/726
f 742/998/727 731/990/727 739/988/727 747/999/727
f 747/999/728 739/988/728 735/987/728 751/1000/728
f 751/1000/729 735/987/729 730/986/729 743/1002/729
f 705/956/730 729/980/730 733/983/730 708/957/730
f 708/957/731 733/983/731 738/991/731 712/960/731
f 712/960/732 738/991/732 731/990/732 706/962/732
f 741/992/733 717/968/733 721/971/733 744/993/733
f 744/993/734 721/971/734 726/979/734 748/996/734
f 748/996/735 726/979/735 719/978/735 742/998/735
f 718/974/736 707/966/736 715/964/736 723/975/736
f 723/975/737 715/964/737 711/963/737 727/976/737
f 727/976/738 711/963/738 706/962/738 719/978/738
f 657/889/739 705/956/739 709/959/739 660/890/739
f 660/890/740 709/959/740 714/967/740 664/893/740
f 664/898/741 714/967/741 707/966/741 658/895/741
f 717/968/742 670/913/742 676/916/742 720/969/742
f 720/969/743 676/911/743 672/908/743 724/972/743
f 724/972/744 672/908/744 669/907/744 718/974/744
f 681/925/745 729/980/745 705/956/745 657/889/745
f 659/903/746 671/921/746 695/953/746 682/931/746
f 707/966/747 718/974/747 669/907/747 658/895/747
f 741/992/748 693/941/748 670/913/748 717/968/748
f 683/937/749 694/949/749 743/1002/749 730/986/749
f 731/990/750 742/998/750 719/978/750 706/962/750
o bronze_sling_drum
v 0.000000 1.160000 0.590000
v 0.000000 1.160000 0.730000
v 0.061564 1.149145 0.590000
v 0.061564 1.149145 0.730000
v 0.115702 1.117888 0.590000
v 0.115702 1.117888 0.730000
v 0.155885 1.070000 0.590000
v 0.155885 1.070000 0.730000
v 0.177265 1.011257 0.590000
v 0.177265 1.011257 0.730000
v 0.177265 0.948743 0.590000
v 0.177265 0.948743 0.730000
v 0.155885 0.890000 0.590000
v 0.155885 0.890000 0.730000
v 0.115702 0.842112 0.590000
v 0.115702 0.842112 0.730000
v 0.061564 0.810855 0.590000
v 0.061564 0.810855 0.730000
v 0.000000 0.800000 0.590000
v 0.000000 0.800000 0.730000
v -0.061564 0.810855 0.590000
v -0.061564 0.810855 0.730000
v -0.115702 0.842112 0.590000
v -0.115702 0.842112 0.730000
v -0.155885 0.890000 0.590000
v -0.155885 0.890000 0.730000
v -0.177265 0.948743 0.590000
v -0.177265 0.948743 0.730000
v -0.177265 1.011257 0.590000
v -0.177265 1.011257 0.730000
v -0.155885 1.070000 0.590000
v -0.155885 1.070000 0.730000
v -0.115702 1.117888 0.590000
v -0.115702 1.117888 0.730000
v -0.061564 1.149145 0.590000
v -0.061564 1.149145 0.730000
vn -0.0000 0.7423 -0.6700
vn -0.0000 0.7423 0.6700
vn 0.2539 0.6976 -0.6700
vn 0.2539 0.6976 0.6700
vn 0.4772 0.5687 -0.6700
vn 0.4772 0.5687 0.6700
vn 0.6429 0.3712 -0.6700
vn 0.6429 0.3712 0.6700
vn 0.7311 0.1289 -0.6700
vn 0.7311 0.1289 0.6700
vn 0.7311 -0.1289 -0.6700
vn 0.7311 -0.1289 0.6700
vn 0.6429 -0.3712 -0.6700
vn 0.6429 -0.3712 0.6700
vn 0.4772 -0.5687 -0.6700
vn 0.4772 -0.5687 0.6700
vn 0.2539 -0.6976 -0.6700
vn 0.2539 -0.6976 0.6700
vn -0.0000 -0.7423 -0.6700
vn -0.0000 -0.7423 0.6700
vn -0.2539 -0.6976 -0.6700
vn -0.2539 -0.6976 0.6700
vn -0.4772 -0.5687 -0.6700
vn -0.4772 -0.5687 0.6700
vn -0.6429 -0.3712 -0.6700
vn -0.6429 -0.3712 0.6700
vn -0.7311 -0.1289 -0.6700
vn -0.7311 -0.1289 0.6700
vn -0.7311 0.1289 -0.6700
vn -0.7311 0.1289 0.6700
vn -0.6429 0.3712 -0.6700
vn -0.6429 0.3712 0.6700
vn -0.4772 0.5687 -0.6700
vn -0.4772 0.5687 0.6700
vn -0.2539 0.6976 -0.6700
vn -0.2539 0.6976 0.6700
vt 1.000000 0.500000
vt 1.000000 1.000000
vt 0.944444 1.000000
vt 0.944444 0.500000
vt 0.888889 1.000000
vt 0.888889 0.500000
vt 0.833333 1.000000
vt 0.833333 0.500000
vt 0.777778 1.000000
vt 0.777778 0.500000
vt 0.722222 1.000000
vt 0.722222 0.500000
vt 0.666667 1.000000
vt 0.666667 0.500000
vt 0.611111 1.000000
vt 0.611111 0.500000
vt 0.555555 1.000000
vt 0.555555 0.500000
vt 0.500000 1.000000
vt 0.500000 0.500000
vt 0.444444 1.000000
vt 0.444444 0.500000
vt 0.388889 1.000000
vt 0.388889 0.500000
vt 0.333333 1.000000
vt 0.333333 0.500000
vt 0.277778 1.000000
vt 0.277778 0.500000
vt 0.222222 1.000000
vt 0.222222 0.500000
vt 0.166666 1.000000
vt 0.166666 0.500000
vt 0.111111 1.000000
vt 0.111111 0.500000
vt 0.332085 0.475526
vt 0.250000 0.490000
vt 0.167915 0.475526
vt 0.095731 0.433851
vt 0.042154 0.370000
vt 0.013646 0.291676
vt 0.013646 0.208324
vt 0.042154 0.130000
vt 0.095731 0.066149
vt 0.167915 0.024474
vt 0.250000 0.010000
vt 0.332085 0.024474
vt 0.404269 0.066149
vt 0.457846 0.130000
vt 0.486354 0.208324
vt 0.486354 0.291676
vt 0.457846 0.370000
vt 0.404269 0.433851
vt 0.055555 1.000000
vt 0.055555 0.500000
vt -0.000000 1.000000
vt -0.000000 0.500000
vt 0.750000 0.490000
vt 0.832085 0.475526
vt 0.904269 0.433851
vt 0.957846 0.370000
vt 0.986354 0.291676
vt 0.986354 0.208324
vt 0.957846 0.130000
vt 0.904269 0.066149
vt 0.832085 0.024474
vt 0.750000 0.010000
vt 0.667915 0.024474
vt 0.595731 0.066149
vt 0.542154 0.130000
vt 0.513646 0.208324
vt 0.513646 0.291676
vt 0.542154 0.370000
vt 0.595731 0.433851
vt 0.667915 0.475526
s 1
usemtl WornBronze
f 753/1004/751 754/1005/752 756/1006/754 755/1007/753
f 755/1007/753 756/1006/754 758/1008/756 757/1009/755
f 757/1009/755 758/1008/756 760/1010/758 759/1011/757
f 759/1011/757 760/1010/758 762/1012/760 761/1013/759
f 761/1013/759 762/1012/760 764/1014/762 763/1015/761
f 763/1015/761 764/1014/762 766/1016/764 765/1017/763
f 765/1017/763 766/1016/764 768/1018/766 767/1019/765
f 767/1019/765 768/1018/766 770/1020/768 769/1021/767
f 769/1021/767 770/1020/768 772/1022/770 771/1023/769
f 771/1023/769 772/1022/770 774/1024/772 773/1025/771
f 773/1025/771 774/1024/772 776/1026/774 775/1027/773
f 775/1027/773 776/1026/774 778/1028/776 777/1029/775
f 777/1029/775 778/1028/776 780/1030/778 779/1031/777
f 779/1031/777 780/1030/778 782/1032/780 781/1033/779
f 781/1033/779 782/1032/780 784/1034/782 783/1035/781
f 783/1035/781 784/1034/782 786/1036/784 785/1037/783
f 756/1038/754 754/1039/752 788/1040/786 786/1041/784 784/1042/782 782/1043/780 780/1044/778 778/1045/776 776/1046/774 774/1047/772 772/1048/770 770/1049/768 768/1050/766 766/1051/764 764/1052/762 762/1053/760 760/1054/758 758/1055/756
f 785/1037/783 786/1036/784 788/1056/786 787/1057/785
f 787/1057/785 788/1056/786 754/1058/752 753/1059/751
f 753/1060/751 755/1061/753 757/1062/755 759/1063/757 761/1064/759 763/1065/761 765/1066/763 767/1067/765 769/1068/767 771/1069/769 773/1070/771 775/1071/773 777/1072/775 779/1073/777 781/1074/779 783/1075/781 785/1076/783 787/1077/785
o throwing_disc
v 0.000000 1.245000 0.902500
v 0.000000 1.245000 0.977500
v 0.075709 1.233009 0.902500
v 0.075709 1.233009 0.977500
v 0.144007 1.198209 0.902500
v 0.144007 1.198209 0.977500
v 0.198209 1.144007 0.902500
v 0.198209 1.144007 0.977500
v 0.233009 1.075709 0.902500
v 0.233009 1.075709 0.977500
v 0.245000 1.000000 0.902500
v 0.245000 1.000000 0.977500
v 0.233009 0.924291 0.902500
v 0.233009 0.924291 0.977500
v 0.198209 0.855993 0.902500
v 0.198209 0.855993 0.977500
v 0.144007 0.801791 0.902500
v 0.144007 0.801791 0.977500
v 0.075709 0.766991 0.902500
v 0.075709 0.766991 0.977500
v 0.000000 0.755000 0.902500
v 0.000000 0.755000 0.977500
v -0.075709 0.766991 0.902500
v -0.075709 0.766991 0.977500
v -0.144007 0.801791 0.902500
v -0.144007 0.801791 0.977500
v -0.198209 0.855993 0.902500
v -0.198209 0.855993 0.977500
v -0.233009 0.924291 0.902500
v -0.233009 0.924291 0.977500
v -0.245000 1.000000 0.902500
v -0.245000 1.000000 0.977500
v -0.233009 1.075709 0.902500
v -0.233009 1.075709 0.977500
v -0.198209 1.144007 0.902500
v -0.198209 1.144007 0.977500
v -0.144007 1.198209 0.902500
v -0.144007 1.198209 0.977500
v -0.075709 1.233009 0.902500
v -0.075709 1.233009 0.977500
vn -0.0000 0.7392 -0.6735
vn -0.0000 0.7392 0.6735
vn 0.2284 0.7030 -0.6735
vn 0.2284 0.7030 0.6735
vn 0.4345 0.5980 -0.6735
vn 0.4345 0.5980 0.6735
vn 0.5980 0.4345 -0.6735
vn 0.5980 0.4345 0.6735
vn 0.7030 0.2284 -0.6735
vn 0.7030 0.2284 0.6735
vn 0.7392 -0.0000 -0.6735
vn 0.7392 -0.0000 0.6735
vn 0.7030 -0.2284 -0.6735
vn 0.7030 -0.2284 0.6735
vn 0.5980 -0.4345 -0.6735
vn 0.5980 -0.4345 0.6735
vn 0.4345 -0.5980 -0.6735
vn 0.4345 -0.5980 0.6735
vn 0.2284 -0.7030 -0.6735
vn 0.2284 -0.7030 0.6735
vn -0.0000 -0.7392 -0.6735
vn -0.0000 -0.7392 0.6735
vn -0.2284 -0.7030 -0.6735
vn -0.2284 -0.7030 0.6735
vn -0.4345 -0.5980 -0.6735
vn -0.4345 -0.5980 0.6735
vn -0.5980 -0.4345 -0.6735
vn -0.5980 -0.4345 0.6735
vn -0.7030 -0.2284 -0.6735
vn -0.7030 -0.2284 0.6735
vn -0.7392 -0.0000 -0.6735
vn -0.7392 -0.0000 0.6735
vn -0.7030 0.2284 -0.6735
vn -0.7030 0.2284 0.6735
vn -0.5980 0.4345 -0.6735
vn -0.5980 0.4345 0.6735
vn -0.4345 0.5980 -0.6735
vn -0.4345 0.5980 0.6735
vn -0.2284 0.7030 -0.6735
vn -0.2284 0.7030 0.6735
vt 1.000000 0.500000
vt 1.000000 1.000000
vt 0.950000 1.000000
vt 0.950000 0.500000
vt 0.900000 1.000000
vt 0.900000 0.500000
vt 0.850000 1.000000
vt 0.850000 0.500000
vt 0.800000 1.000000
vt 0.800000 0.500000
vt 0.750000 1.000000
vt 0.750000 0.500000
vt 0.700000 1.000000
vt 0.700000 0.500000
vt 0.650000 1.000000
vt 0.650000 0.500000
vt 0.600000 1.000000
vt 0.600000 0.500000
vt 0.550000 1.000000
vt 0.550000 0.500000
vt 0.500000 1.000000
vt 0.500000 0.500000
vt 0.450000 1.000000
vt 0.450000 0.500000
vt 0.400000 1.000000
vt 0.400000 0.500000
vt 0.350000 1.000000
vt 0.350000 0.500000
vt 0.300000 1.000000
vt 0.300000 0.500000
vt 0.250000 1.000000
vt 0.250000 0.500000
vt 0.200000 1.000000
vt 0.200000 0.500000
vt 0.150000 1.000000
vt 0.150000 0.500000
vt 0.100000 1.000000
vt 0.100000 0.500000
vt 0.324164 0.478254
vt 0.250000 0.490000
vt 0.175836 0.478254
vt 0.108932 0.444164
vt 0.055836 0.391068
vt 0.021746 0.324164
vt 0.010000 0.250000
vt 0.021746 0.175836
vt 0.055836 0.108932
vt 0.108932 0.055836
vt 0.175836 0.021746
vt 0.250000 0.010000
vt 0.324164 0.021746
vt 0.391068 0.055836
vt 0.444164 0.108932
vt 0.478254 0.175836
vt 0.490000 0.250000
vt 0.478254 0.324164
vt 0.444164 0.391068
vt 0.391068 0.444164
vt 0.050000 1.000000
vt 0.050000 0.500000
vt -0.000000 1.000000
vt -0.000000 0.500000
vt 0.750000 0.490000
vt 0.824164 0.478254
vt 0.891068 0.444164
vt 0.944164 0.391068
vt 0.978254 0.324164
vt 0.990000 0.250000
vt 0.978254 0.175836
vt 0.944164 0.108932
vt 0.891068 0.055836
vt 0.824164 0.021746
vt 0.750000 0.010000
vt 0.675836 0.021746
vt 0.608932 0.055836
vt 0.555836 0.108932
vt 0.521746 0.175836
vt 0.510000 0.250000
vt 0.521746 0.324164
vt 0.555836 0.391068
vt 0.608932 0.444164
vt 0.675836 0.478254
s 1
usemtl PlateEdge
f 789/1078/787 790/1079/788 792/1080/790 791/1081/789
f 791/1081/789 792/1080/790 794/1082/792 793/1083/791
f 793/1083/791 794/1082/792 796/1084/794 795/1085/793
f 795/1085/793 796/1084/794 798/1086/796 797/1087/795
f 797/1087/795 798/1086/796 800/1088/798 799/1089/797
f 799/1089/797 800/1088/798 802/1090/800 801/1091/799
f 801/1091/799 802/1090/800 804/1092/802 803/1093/801
f 803/1093/801 804/1092/802 806/1094/804 805/1095/803
f 805/1095/803 806/1094/804 808/1096/806 807/1097/805
f 807/1097/805 808/1096/806 810/1098/808 809/1099/807
f 809/1099/807 810/1098/808 812/1100/810 811/1101/809
f 811/1101/809 812/1100/810 814/1102/812 813/1103/811
f 813/1103/811 814/1102/812 816/1104/814 815/1105/813
f 815/1105/813 816/1104/814 818/1106/816 817/1107/815
f 817/1107/815 818/1106/816 820/1108/818 819/1109/817
f 819/1109/817 820/1108/818 822/1110/820 821/1111/819
f 821/1111/819 822/1110/820 824/1112/822 823/1113/821
f 823/1113/821 824/1112/822 826/1114/824 825/1115/823
f 792/1116/790 790/1117/788 828/1118/826 826/1119/824 824/1120/822 822/1121/820 820/1122/818 818/1123/816 816/1124/814 814/1125/812 812/1126/810 810/1127/808 808/1128/806 806/1129/804 804/1130/802 802/1131/800 800/1132/798 798/1133/796 796/1134/794 794/1135/792
f 825/1115/823 826/1114/824 828/1136/826 827/1137/825
f 827/1137/825 828/1136/826 790/1138/788 789/1139/787
f 789/1140/787 791/1141/789 793/1142/791 795/1143/793 797/1144/795 799/1145/797 801/1146/799 803/1147/801 805/1148/803 807/1149/805 809/1150/807 811/1151/809 813/1152/811 815/1153/813 817/1154/815 819/1155/817 821/1156/819 823/1157/821 825/1158/823 827/1159/825
o dark_disc_hub
v -0.047000 0.935000 1.009500
v -0.047000 0.953000 1.027500
v -0.065000 0.953000 1.009500
v -0.047000 0.937405 1.018488
v -0.055988 0.937405 1.009500
v -0.055608 0.939741 1.018108
v -0.055988 0.953000 1.025095
v -0.047000 0.944012 1.025095
v -0.055608 0.944392 1.022759
v -0.062595 0.944012 1.009500
v -0.062595 0.953000 1.018488
v -0.060259 0.944392 1.018108
v -0.047000 1.047000 1.027500
v -0.047000 1.065000 1.009500
v -0.065000 1.047000 1.009500
v -0.047000 1.055988 1.025095
v -0.055988 1.047000 1.025095
v -0.055608 1.055608 1.022759
v -0.055988 1.062595 1.009500
v -0.047000 1.062595 1.018488
v -0.055608 1.060259 1.018108
v -0.062595 1.047000 1.018488
v -0.062595 1.055988 1.009500
v -0.060259 1.055608 1.018108
v -0.047000 0.935000 0.990500
v -0.065000 0.953000 0.990500
v -0.047000 0.953000 0.972500
v -0.055988 0.937405 0.990500
v -0.047000 0.937405 0.981512
v -0.055608 0.939741 0.981892
v -0.062595 0.953000 0.981512
v -0.062595 0.944012 0.990500
v -0.060259 0.944392 0.981892
v -0.047000 0.944012 0.974905
v -0.055988 0.953000 0.974905
v -0.055608 0.944392 0.977241
v -0.047000 1.065000 0.990500
v -0.047000 1.047000 0.972500
v -0.065000 1.047000 0.990500
v -0.047000 1.062595 0.981512
v -0.055988 1.062595 0.990500
v -0.055608 1.060259 0.981892
v -0.055988 1.047000 0.974905
v -0.047000 1.055988 0.974905
v -0.055608 1.055608 0.977241
v -0.062595 1.055988 0.990500
v -0.062595 1.047000 0.981512
v -0.060259 1.055608 0.981892
v 0.047000 0.935000 1.009500
v 0.065000 0.953000 1.009500
v 0.047000 0.953000 1.027500
v 0.055988 0.937405 1.009500
v 0.047000 0.937405 1.018488
v 0.055608 0.939741 1.018108
v 0.062595 0.953000 1.018488
v 0.062595 0.944012 1.009500
v 0.060259 0.944392 1.018108
v 0.047000 0.944012 1.025095
v 0.055988 0.953000 1.025095
v 0.055608 0.944392 1.022759
v 0.047000 1.065000 1.009500
v 0.047000 1.047000 1.027500
v 0.065000 1.047000 1.009500
v 0.047000 1.062595 1.018488
v 0.055988 1.062595 1.009500
v 0.055608 1.060259 1.018108
v 0.055988 1.047000 1.025095
v 0.047000 1.055988 1.025095
v 0.055608 1.055608 1.022759
v 0.062595 1.055988 1.009500
v 0.062595 1.047000 1.018488
v 0.060259 1.055608 1.018108
v 0.047000 0.935000 0.990500
v 0.047000 0.953000 0.972500
v 0.065000 0.953000 0.990500
v 0.047000 0.937405 0.981512
v 0.055988 0.937405 0.990500
v 0.055608 0.939741 0.981892
v 0.055988 0.953000 0.974905
v 0.047000 0.944012 0.974905
v 0.055608 0.944392 0.977241
v 0.062595 0.944012 0.990500
v 0.062595 0.953000 0.981512
v 0.060259 0.944392 0.981892
v 0.047000 1.065000 0.990500
v 0.065000 1.047000 0.990500
v 0.047000 1.047000 0.972500
v 0.055988 1.062595 0.990500
v 0.047000 1.062595 0.981512
v 0.055608 1.060259 0.981892
v 0.062595 1.047000 0.981512
v 0.062595 1.055988 0.990500
v 0.060259 1.055608 0.981892
v 0.047000 1.055988 0.974905
v 0.055988 1.047000 0.974905
v 0.055608 1.055608 0.977241
vn -0.2566 -0.9318 0.2566
vn -0.2178 -0.6901 0.6901
vn -0.2566 -0.2566 0.9318
vn -0.6901 -0.2178 0.6901
vn -0.9318 -0.2566 0.2566
vn -0.6901 -0.6901 0.2178
vn -0.5773 -0.5774 0.5773
vn -0.2566 0.2566 0.9318
vn -0.2178 0.6901 0.6901
vn -0.2566 0.9318 0.2566
vn -0.6901 0.6901 0.2178
vn -0.9318 0.2566 0.2566
vn -0.6901 0.2178 0.6901
vn -0.5774 0.5773 0.5773
vn -0.2566 -0.9318 -0.2566
vn -0.6901 -0.6901 -0.2178
vn -0.9318 -0.2566 -0.2566
vn -0.6901 -0.2178 -0.6901
vn -0.2566 -0.2566 -0.9318
vn -0.2178 -0.6901 -0.6901
vn -0.5774 -0.5774 -0.5773
vn -0.2566 0.9318 -0.2566
vn -0.2178 0.6901 -0.6901
vn -0.2566 0.2566 -0.9318
vn -0.6901 0.2178 -0.6901
vn -0.9318 0.2566 -0.2566
vn -0.6901 0.6901 -0.2178
vn -0.5773 0.5774 -0.5773
vn 0.2566 -0.9318 0.2566
vn 0.6901 -0.6901 0.2178
vn 0.9318 -0.2566 0.2566
vn 0.6901 -0.2178 0.6901
vn 0.2566 -0.2566 0.9318
vn 0.2178 -0.6901 0.6901
vn 0.5774 -0.5774 0.5773
vn 0.2566 0.9318 0.2566
vn 0.2178 0.6901 0.6901
vn 0.2566 0.2566 0.9318
vn 0.6901 0.2178 0.6901
vn 0.9318 0.2566 0.2566
vn 0.6901 0.6901 0.2178
vn 0.5773 0.5774 0.5773
vn 0.2566 -0.9318 -0.2566
vn 0.2178 -0.6901 -0.6901
vn 0.2566 -0.2566 -0.9318
vn 0.6901 -0.2178 -0.6901
vn 0.9318 -0.2566 -0.2566
vn 0.6901 -0.6901 -0.2178
vn 0.5773 -0.5774 -0.5773
vn 0.2566 0.9318 -0.2566
vn 0.6901 0.6901 -0.2178
vn 0.9318 0.2566 -0.2566
vn 0.6901 0.2178 -0.6901
vn 0.2566 0.2566 -0.9318
vn 0.2178 0.6901 -0.6901
vn 0.5774 0.5774 -0.5773
vn -0.2585 -0.9660 -0.0000
vn -0.7071 -0.7071 -0.0000
vn -0.9660 -0.2585 -0.0000
vn -0.2585 -0.0000 0.9660
vn -0.7071 -0.0000 0.7071
vn -0.9660 -0.0000 0.2585
vn -0.2585 0.9660 -0.0000
vn -0.7071 0.7071 -0.0000
vn -0.9660 0.2585 -0.0000
vn -0.2585 -0.0000 -0.9660
vn -0.7071 -0.0000 -0.7071
vn -0.9660 -0.0000 -0.2585
vn -0.0000 -0.9660 -0.2585
vn -0.0000 -0.7071 -0.7071
vn -0.0000 -0.2585 -0.9660
vn -0.0000 0.9660 -0.2585
vn -0.0000 0.7071 -0.7071
vn -0.0000 0.2585 -0.9660
vn 0.9660 -0.0000 -0.2585
vn 0.7071 -0.0000 -0.7071
vn 0.2585 -0.0000 -0.9660
vn 0.2585 -0.9660 -0.0000
vn 0.7071 -0.7071 -0.0000
vn 0.9660 -0.2585 -0.0000
vn 0.2585 0.9660 -0.0000
vn 0.7071 0.7071 -0.0000
vn 0.9660 0.2585 -0.0000
vn 0.2585 -0.0000 0.9660
vn 0.7071 -0.0000 0.7071
vn 0.9660 -0.0000 0.2585
vn -0.0000 -0.9660 0.2585
vn -0.0000 -0.7071 0.7071
vn -0.0000 -0.2585 0.9660
vn -0.0000 0.9660 0.2585
vn -0.0000 0.7071 0.7071
vn -0.0000 0.2585 0.9660
vn -0.0000 -1.0000 -0.0000
vn -1.0000 -0.0000 -0.0000
vn -0.0000 -0.0000 1.0000
vn -0.0000 1.0000 -0.0000
vn -0.0000 -0.0000 -1.0000
vn 1.0000 -0.0000 -0.0000
vt 0.159615 0.668182
vt 0.159615 0.709037
vt 0.143062 0.707308
vt 0.142330 0.668182
vt 0.159615 0.750000
vt 0.143062 0.750000
vt 0.409615 0.965385
vt 0.409615 1.000000
vt 0.375000 0.981938
vt 0.375000 0.965385
vt 0.409615 0.000000
vt 0.409615 0.040963
vt 0.375000 0.042692
vt 0.375000 0.000000
vt 0.409615 0.081818
vt 0.375000 0.081818
vt 0.125000 0.668182
vt 0.125000 0.707308
vt 0.590385 0.965384
vt 0.607670 0.965385
vt 0.606938 1.000000
vt 0.590385 1.000000
vt 0.625000 0.965385
vt 0.625000 1.000000
vt 0.840385 0.668182
vt 0.875000 0.668182
vt 0.875000 0.707308
vt 0.840385 0.750000
vt 0.625000 0.081818
vt 0.607670 0.081818
vt 0.606938 0.042692
vt 0.625000 0.042692
vt 0.590385 0.081818
vt 0.590385 0.040963
vt 0.590385 0.000000
vt 0.606938 0.000000
vt 0.159615 0.581818
vt 0.142330 0.581818
vt 0.143062 0.542692
vt 0.159615 0.540963
vt 0.125000 0.581818
vt 0.125000 0.542692
vt 0.409615 0.168182
vt 0.409615 0.209037
vt 0.375000 0.207308
vt 0.375000 0.168182
vt 0.409615 0.267330
vt 0.375000 0.268062
vt 0.409615 0.284615
vt 0.375000 0.284615
vt 0.159615 0.500000
vt 0.143062 0.500000
vt 0.840385 0.581818
vt 0.840385 0.500000
vt 0.875000 0.542692
vt 0.875000 0.581818
vt 0.625000 0.284615
vt 0.607670 0.284615
vt 0.606938 0.264997
vt 0.625000 0.226141
vt 0.590385 0.284615
vt 0.590385 0.267330
vt 0.590385 0.209037
vt 0.606938 0.207308
vt 0.590385 0.168182
vt 0.607670 0.168182
vt 0.625000 0.168182
vt 0.340385 0.668182
vt 0.357670 0.668182
vt 0.356938 0.707308
vt 0.340385 0.709037
vt 0.392330 0.668182
vt 0.390959 0.707308
vt 0.409615 0.668182
vt 0.409615 0.709037
vt 0.409615 0.767330
vt 0.368366 0.761428
vt 0.409615 0.784615
vt 0.357775 0.767390
vt 0.659615 0.668182
vt 0.642390 0.767225
vt 0.636428 0.756634
vt 0.642330 0.668182
vt 0.607670 0.784615
vt 0.606938 0.768062
vt 0.590385 0.784615
vt 0.590385 0.767330
vt 0.590385 0.709037
vt 0.606938 0.711317
vt 0.590385 0.668182
vt 0.607670 0.668182
vt 0.340385 0.581818
vt 0.340385 0.540963
vt 0.356938 0.542692
vt 0.357670 0.581818
vt 0.357775 0.482610
vt 0.368366 0.488572
vt 0.409615 0.465385
vt 0.409615 0.482670
vt 0.409615 0.540963
vt 0.390959 0.542692
vt 0.409615 0.581818
vt 0.392330 0.581818
vt 0.659615 0.581818
vt 0.642330 0.581818
vt 0.636428 0.493366
vt 0.642390 0.482775
vt 0.607670 0.581818
vt 0.606938 0.538683
vt 0.590385 0.581818
vt 0.590385 0.540963
vt 0.590385 0.482670
vt 0.606938 0.481938
vt 0.590385 0.465385
vt 0.607670 0.465385
s 0
usemtl BlackIron
f 829/1160/827 832/1161/827 834/1162/827 833/1163/827
f 832/1161/828 836/1164/828 837/1165/828 834/1162/828
f 830/1166/829 835/1167/829 837/1168/829 836/1169/829
f 835/1170/830 839/1171/830 840/1172/830 837/1173/830
f 831/1174/831 838/1175/831 840/1172/831 839/1171/831
f 838/1176/832 833/1163/832 834/1162/832 840/1177/832
f 834/1162/833 837/1165/833 840/1177/833
f 841/1178/834 844/1179/834 846/1180/834 845/1181/834
f 844/1179/835 848/1182/835 849/1183/835 846/1180/835
f 842/1184/836 847/1185/836 849/1186/836 848/1187/836
f 847/1188/837 851/1189/837 852/1190/837 849/1191/837
f 843/1192/838 850/1193/838 852/1190/838 851/1189/838
f 850/1193/839 845/1194/839 846/1195/839 852/1190/839
f 846/1195/840 849/1191/840 852/1190/840
f 853/1196/841 856/1197/841 858/1198/841 857/1199/841
f 856/1197/842 860/1200/842 861/1201/842 858/1198/842
f 854/1202/843 859/1203/843 861/1204/843 860/1205/843
f 859/1203/844 863/1206/844 864/1207/844 861/1204/844
f 855/1208/845 862/1209/845 864/1207/845 863/1206/845
f 862/1210/846 857/1199/846 858/1198/846 864/1211/846
f 858/1198/847 861/1201/847 864/1211/847
f 865/1212/848 868/1213/848 870/1214/848 869/1215/848
f 868/1216/849 872/1217/849 873/1218/849 870/1219/849
f 866/1220/850 871/1221/850 873/1218/850 872/1217/850
f 871/1221/851 875/1222/851 876/1223/851 873/1218/851
f 867/1224/852 874/1225/852 876/1223/852 875/1222/852
f 874/1225/853 869/1226/853 870/1219/853 876/1223/853
f 870/1219/854 873/1218/854 876/1223/854
f 877/1227/855 880/1228/855 882/1229/855 881/1230/855
f 880/1228/856 884/1231/856 885/1232/856 882/1229/856
f 878/1233/857 883/1234/857 885/1232/857 884/1231/857
f 883/1234/858 887/1235/858 888/1236/858 885/1232/858
f 879/1237/859 886/1238/859 888/1236/859 887/1235/859
f 886/1238/860 881/1230/860 882/1229/860 888/1236/860
f 882/1229/861 885/1232/861 888/1236/861
f 889/1239/862 892/1240/862 894/1241/862 893/1242/862
f 892/1240/863 896/1243/863 897/1244/863 894/1241/863
f 890/1245/864 895/1246/864 897/1244/864 896/1243/864
f 895/1246/865 899/1247/865 900/1248/865 897/1244/865
f 891/1249/866 898/1250/866 900/1248/866 899/1247/866
f 898/1250/867 893/1242/867 894/1241/867 900/1248/867
f 894/1241/868 897/1244/868 900/1248/868
f 901/1251/869 904/1252/869 906/1253/869 905/1254/869
f 904/1252/870 908/1255/870 909/1256/870 906/1253/870
f 902/1257/871 907/1258/871 909/1256/871 908/1255/871
f 907/1258/872 911/1259/872 912/1260/872 909/1256/872
f 903/1261/873 910/1262/873 912/1260/873 911/1259/873
f 910/1262/874 905/1254/874 906/1253/874 912/1260/874
f 906/1253/875 909/1256/875 912/1260/875
f 913/1263/876 916/1264/876 918/1265/876 917/1266/876
f 916/1264/877 920/1267/877 921/1268/877 918/1265/877
f 914/1269/878 919/1270/878 921/1268/878 920/1267/878
f 919/1270/879 923/1271/879 924/1272/879 921/1268/879
f 915/1273/880 922/1274/880 924/1272/880 923/1271/880
f 922/1274/881 917/1266/881 918/1265/881 924/1272/881
f 918/1265/882 921/1268/882 924/1272/882
f 853/1196/883 829/1160/883 833/1163/883 856/1197/883
f 856/1197/884 833/1163/884 838/1176/884 860/1200/884
f 860/1205/885 838/1175/885 831/1174/885 854/1202/885
f 830/1166/886 841/1178/886 845/1181/886 835/1167/886
f 835/1170/887 845/1194/887 850/1193/887 839/1171/887
f 839/1171/888 850/1193/888 843/1192/888 831/1174/888
f 842/1184/889 865/1212/889 869/1215/889 847/1185/889
f 847/1188/890 869/1226/890 874/1225/890 851/1189/890
f 851/1189/891 874/1225/891 867/1224/891 843/1192/891
f 866/1220/892 855/1208/892 863/1206/892 871/1221/892
f 871/1221/893 863/1206/893 859/1203/893 875/1222/893
f 875/1222/894 859/1203/894 854/1202/894 867/1224/894
f 901/1251/895 853/1196/895 857/1199/895 904/1252/895
f 904/1252/896 857/1199/896 862/1210/896 908/1255/896
f 908/1255/897 862/1209/897 855/1208/897 902/1257/897
f 865/1212/898 913/1263/898 917/1266/898 868/1213/898
f 868/1216/899 917/1266/899 922/1274/899 872/1217/899
f 872/1217/900 922/1274/900 915/1273/900 866/1220/900
f 914/1269/901 903/1261/901 911/1259/901 919/1270/901
f 919/1270/902 911/1259/902 907/1258/902 923/1271/902
f 923/1271/903 907/1258/903 902/1257/903 915/1273/903
f 877/1227/904 901/1251/904 905/1254/904 880/1228/904
f 880/1228/905 905/1254/905 910/1262/905 884/1231/905
f 884/1231/906 910/1262/906 903/1261/906 878/1233/906
f 913/1263/907 889/1239/907 893/1242/907 916/1264/907
f 916/1264/908 893/1242/908 898/1250/908 920/1267/908
f 920/1267/909 898/1250/909 891/1249/909 914/1269/909
f 890/1245/910 879/1237/910 887/1235/910 895/1246/910
f 895/1246/911 887/1235/911 883/1234/911 899/1247/911
f 899/1247/912 883/1234/912 878/1233/912 891/1249/912
f 829/1160/913 877/1227/913 881/1230/913 832/1161/913
f 832/1161/914 881/1230/914 886/1238/914 836/1164/914
f 836/1169/915 886/1238/915 879/1237/915 830/1166/915
f 889/1239/916 842/1184/916 848/1187/916 892/1240/916
f 892/1240/917 848/1182/917 844/1179/917 896/1243/917
f 896/1243/918 844/1179/918 841/1178/918 890/1245/918
f 853/1196/919 901/1251/919 877/1227/919 829/1160/919
f 831/1174/920 843/1192/920 867/1224/920 854/1202/920
f 879/1237/921 890/1245/921 841/1178/921 830/1166/921
f 913/1263/922 865/1212/922 842/1184/922 889/1239/922
f 855/1208/923 866/1220/923 915/1273/923 902/1257/923
f 903/1261/924 914/1269/924 891/1249/924 878/1233/924
o counterweight_beam
v -0.065000 0.690000 -0.130000
v -0.065000 0.725000 -0.095000
v -0.100000 0.725000 -0.130000
v -0.065000 0.694676 -0.112523
v -0.082477 0.694676 -0.130000
v -0.081737 0.699218 -0.113263
v -0.082477 0.725000 -0.099676
v -0.065000 0.707523 -0.099676
v -0.081737 0.708263 -0.104218
v -0.095324 0.707523 -0.130000
v -0.095324 0.725000 -0.112523
v -0.090782 0.708263 -0.113263
v -0.065000 0.835000 -0.095000
v -0.065000 0.870000 -0.130000
v -0.100000 0.835000 -0.130000
v -0.065000 0.852477 -0.099676
v -0.082477 0.835000 -0.099676
v -0.081737 0.851737 -0.104218
v -0.082477 0.865324 -0.130000
v -0.065000 0.865324 -0.112523
v -0.081737 0.860782 -0.113263
v -0.095324 0.835000 -0.112523
v -0.095324 0.852477 -0.130000
v -0.090782 0.851737 -0.113263
v -0.065000 0.690000 -0.510000
v -0.100000 0.725000 -0.510000
v -0.065000 0.725000 -0.545000
v -0.082477 0.694676 -0.510000
v -0.065000 0.694676 -0.527477
v -0.081737 0.699218 -0.526737
v -0.095324 0.725000 -0.527477
v -0.095324 0.707523 -0.510000
v -0.090782 0.708263 -0.526737
v -0.065000 0.707523 -0.540324
v -0.082477 0.725000 -0.540324
v -0.081737 0.708263 -0.535782
v -0.065000 0.870000 -0.510000
v -0.065000 0.835000 -0.545000
v -0.100000 0.835000 -0.510000
v -0.065000 0.865324 -0.527477
v -0.082477 0.865324 -0.510000
v -0.081737 0.860782 -0.526737
v -0.082477 0.835000 -0.540324
v -0.065000 0.852477 -0.540324
v -0.081737 0.851737 -0.535782
v -0.095324 0.852477 -0.510000
v -0.095324 0.835000 -0.527477
v -0.090782 0.851737 -0.526737
v 0.065000 0.690000 -0.130000
v 0.100000 0.725000 -0.130000
v 0.065000 0.725000 -0.095000
v 0.082477 0.694676 -0.130000
v 0.065000 0.694676 -0.112523
v 0.081737 0.699218 -0.113263
v 0.095324 0.725000 -0.112523
v 0.095324 0.707523 -0.130000
v 0.090782 0.708263 -0.113263
v 0.065000 0.707523 -0.099676
v 0.082477 0.725000 -0.099676
v 0.081737 0.708263 -0.104218
v 0.065000 0.870000 -0.130000
v 0.065000 0.835000 -0.095000
v 0.100000 0.835000 -0.130000
v 0.065000 0.865324 -0.112523
v 0.082477 0.865324 -0.130000
v 0.081737 0.860782 -0.113263
v 0.082477 0.835000 -0.099676
v 0.065000 0.852477 -0.099676
v 0.081737 0.851737 -0.104218
v 0.095324 0.852477 -0.130000
v 0.095324 0.835000 -0.112523
v 0.090782 0.851737 -0.113263
v 0.065000 0.690000 -0.510000
v 0.065000 0.725000 -0.545000
v 0.100000 0.725000 -0.510000
v 0.065000 0.694676 -0.527477
v 0.082477 0.694676 -0.510000
v 0.081737 0.699218 -0.526737
v 0.082477 0.725000 -0.540324
v 0.065000 0.707523 -0.540324
v 0.081737 0.708263 -0.535782
v 0.095324 0.707523 -0.510000
v 0.095324 0.725000 -0.527477
v 0.090782 0.708263 -0.526737
v 0.065000 0.870000 -0.510000
v 0.100000 0.835000 -0.510000
v 0.065000 0.835000 -0.545000
v 0.082477 0.865324 -0.510000
v 0.065000 0.865324 -0.527477
v 0.081737 0.860782 -0.526737
v 0.095324 0.835000 -0.527477
v 0.095324 0.852477 -0.510000
v 0.090782 0.851737 -0.526737
v 0.065000 0.852477 -0.540324
v 0.082477 0.835000 -0.540324
v 0.081737 0.851737 -0.535782
vn -0.2566 -0.9318 0.2566
vn -0.2178 -0.6901 0.6901
vn -0.2566 -0.2566 0.9318
vn -0.6901 -0.2178 0.6901
vn -0.9318 -0.2566 0.2566
vn -0.6901 -0.6901 0.2178
vn -0.5774 -0.5774 0.5773
vn -0.2566 0.2566 0.9318
vn -0.2178 0.6901 0.6901
vn -0.2566 0.9318 0.2566
vn -0.6901 0.6901 0.2178
vn -0.9318 0.2566 0.2566
vn -0.6901 0.2178 0.6901
vn -0.5774 0.5773 0.5773
vn -0.2566 -0.9318 -0.2566
vn -0.6901 -0.6901 -0.2178
vn -0.9318 -0.2566 -0.2566
vn -0.6901 -0.2178 -0.6901
vn -0.2566 -0.2566 -0.9318
vn -0.2178 -0.6901 -0.6901
vn -0.5774 -0.5774 -0.5774
vn -0.2566 0.9318 -0.2566
vn -0.2178 0.6901 -0.6901
vn -0.2566 0.2566 -0.9318
vn -0.6901 0.2178 -0.6901
vn -0.9318 0.2566 -0.2566
vn -0.6901 0.6901 -0.2178
vn -0.5774 0.5773 -0.5774
vn 0.2566 -0.9318 0.2566
vn 0.6901 -0.6901 0.2178
vn 0.9318 -0.2566 0.2566
vn 0.6901 -0.2178 0.6901
vn 0.2566 -0.2566 0.9318
vn 0.2178 -0.6901 0.6901
vn 0.5774 -0.5774 0.5773
vn 0.2566 0.9318 0.2566
vn 0.2178 0.6901 0.6901
vn 0.2566 0.2566 0.9318
vn 0.6901 0.2178 0.6901
vn 0.9318 0.2566 0.2566
vn 0.6901 0.6901 0.2178
vn 0.5774 0.5773 0.5773
vn 0.2566 -0.9318 -0.2566
vn 0.2178 -0.6901 -0.6901
vn 0.2566 -0.2566 -0.9318
vn 0.6901 -0.2178 -0.6901
vn 0.9318 -0.2566 -0.2566
vn 0.6901 -0.6901 -0.2178
vn 0.5774 -0.5774 -0.5774
vn 0.2566 0.9318 -0.2566
vn 0.6901 0.6901 -0.2178
vn 0.9318 0.2566 -0.2566
vn 0.6901 0.2178 -0.6901
vn 0.2566 0.2566 -0.9318
vn 0.2178 0.6901 -0.6901
vn 0.5774 0.5773 -0.5774
vn -0.2585 -0.9660 -0.0000
vn -0.7071 -0.7071 -0.0000
vn -0.9660 -0.2585 -0.0000
vn -0.2585 -0.0000 0.9660
vn -0.7071 -0.0000 0.7071
vn -0.9660 -0.0000 0.2585
vn -0.2585 0.9660 -0.0000
vn -0.7071 0.7071 -0.0000
vn -0.9660 0.2585 -0.0000
vn -0.2585 -0.0000 -0.9660
vn -0.7071 -0.0000 -0.7071
vn -0.9660 -0.0000 -0.2585
vn -0.0000 -0.9660 -0.2585
vn -0.0000 -0.7071 -0.7071
vn -0.0000 -0.2585 -0.9660
vn -0.0000 0.9660 -0.2585
vn -0.0000 0.7071 -0.7071
vn -0.0000 0.2585 -0.9660
vn 0.9660 -0.0000 -0.2585
vn 0.7071 -0.0000 -0.7071
vn 0.2585 -0.0000 -0.9660
vn 0.2585 -0.9660 -0.0000
vn 0.7071 -0.7071 -0.0000
vn 0.9660 -0.2585 -0.0000
vn 0.2585 0.9660 -0.0000
vn 0.7071 0.7071 -0.0000
vn 0.9660 0.2585 -0.0000
vn 0.2585 -0.0000 0.9660
vn 0.7071 -0.0000 0.7071
vn 0.9660 -0.0000 0.2585
vn -0.0000 -0.9660 0.2585
vn -0.0000 -0.7071 0.7071
vn -0.0000 -0.2585 0.9660
vn -0.0000 0.9660 0.2585
vn -0.0000 0.7071 0.7071
vn -0.0000 0.2585 0.9660
vn -0.0000 -1.0000 -0.0000
vn -1.0000 -0.0000 -0.0000
vn -0.0000 -0.0000 1.0000
vn -0.0000 1.0000 -0.0000
vn -0.0000 -0.0000 -1.0000
vn 1.0000 -0.0000 -0.0000
vt 0.168750 0.730556
vt 0.168750 0.740265
vt 0.147828 0.739854
vt 0.146904 0.730556
vt 0.168750 0.750000
vt 0.147828 0.750000
vt 0.423611 0.956250
vt 0.423611 1.000000
vt 0.375000 0.977172
vt 0.375000 0.956250
vt 0.423611 0.000000
vt 0.423611 0.009735
vt 0.375000 0.010146
vt 0.375000 0.000000
vt 0.423611 0.019444
vt 0.375000 0.019444
vt 0.125000 0.730556
vt 0.125000 0.739854
vt 0.576389 0.956250
vt 0.600663 0.956250
vt 0.599635 1.000000
vt 0.576389 1.000000
vt 0.625000 0.956250
vt 0.625000 1.000000
vt 0.831250 0.730556
vt 0.875000 0.730556
vt 0.875000 0.739854
vt 0.831250 0.750000
vt 0.625000 0.019444
vt 0.600663 0.019444
vt 0.599635 0.010146
vt 0.625000 0.010146
vt 0.576389 0.019444
vt 0.576389 0.009735
vt 0.576389 0.000000
vt 0.599635 0.000000
vt 0.168750 0.519444
vt 0.146904 0.519444
vt 0.147828 0.510146
vt 0.168750 0.509735
vt 0.125000 0.519444
vt 0.125000 0.510146
vt 0.423611 0.230556
vt 0.423611 0.240265
vt 0.375000 0.239854
vt 0.375000 0.230556
vt 0.423611 0.271904
vt 0.375000 0.272828
vt 0.423611 0.293750
vt 0.375000 0.293750
vt 0.168750 0.500000
vt 0.147828 0.500000
vt 0.831250 0.519444
vt 0.831250 0.500000
vt 0.875000 0.510146
vt 0.875000 0.519444
vt 0.625000 0.293750
vt 0.600663 0.293750
vt 0.599635 0.270666
vt 0.625000 0.244330
vt 0.576389 0.293750
vt 0.576389 0.271904
vt 0.576389 0.240265
vt 0.599635 0.239854
vt 0.576389 0.230556
vt 0.600663 0.230556
vt 0.625000 0.230556
vt 0.331250 0.730556
vt 0.353096 0.730556
vt 0.352172 0.739854
vt 0.331250 0.740265
vt 0.399337 0.730556
vt 0.397511 0.739854
vt 0.423611 0.730556
vt 0.423611 0.740265
vt 0.423611 0.771904
vt 0.366616 0.764444
vt 0.423611 0.793750
vt 0.353284 0.772034
vt 0.668750 0.730556
vt 0.647034 0.771716
vt 0.639444 0.758384
vt 0.646904 0.730556
vt 0.600663 0.793750
vt 0.599635 0.772828
vt 0.576389 0.793750
vt 0.576389 0.771904
vt 0.576389 0.740265
vt 0.599635 0.741531
vt 0.576389 0.730555
vt 0.600663 0.730556
vt 0.331250 0.519444
vt 0.331250 0.509735
vt 0.352172 0.510146
vt 0.353096 0.519444
vt 0.353284 0.477966
vt 0.366616 0.485556
vt 0.423611 0.456250
vt 0.423611 0.478096
vt 0.423611 0.509735
vt 0.397511 0.510146
vt 0.423611 0.519444
vt 0.399337 0.519444
vt 0.668750 0.519445
vt 0.646904 0.519444
vt 0.639444 0.491616
vt 0.647034 0.478284
vt 0.600663 0.519444
vt 0.599635 0.508469
vt 0.576389 0.519444
vt 0.576389 0.509735
vt 0.576389 0.478096
vt 0.599635 0.477172
vt 0.576389 0.456250
vt 0.600663 0.456250
s 0
usemtl OiledOak
f 925/1275/925 928/1276/925 930/1277/925 929/1278/925
f 928/1276/926 932/1279/926 933/1280/926 930/1277/926
f 926/1281/927 931/1282/927 933/1283/927 932/1284/927
f 931/1285/928 935/1286/928 936/1287/928 933/1288/928
f 927/1289/929 934/1290/929 936/1287/929 935/1286/929
f 934/1291/930 929/1278/930 930/1277/930 936/1292/930
f 930/1277/931 933/1280/931 936/1292/931
f 937/1293/932 940/1294/932 942/1295/932 941/1296/932
f 940/1294/933 944/1297/933 945/1298/933 942/1295/933
f 938/1299/934 943/1300/934 945/1301/934 944/1302/934
f 943/1303/935 947/1304/935 948/1305/935 945/1306/935
f 939/1307/936 946/1308/936 948/1305/936 947/1304/936
f 946/1308/937 941/1309/937 942/1310/937 948/1305/937
f 942/1310/938 945/1306/938 948/1305/938
f 949/1311/939 952/1312/939 954/1313/939 953/1314/939
f 952/1312/940 956/1315/940 957/1316/940 954/1313/940
f 950/1317/941 955/1318/941 957/1319/941 956/1320/941
f 955/1318/942 959/1321/942 960/1322/942 957/1319/942
f 951/1323/943 958/1324/943 960/1322/943 959/1321/943
f 958/1325/944 953/1314/944 954/1313/944 960/1326/944
f 954/1313/945 957/1316/945 960/1326/945
f 961/1327/946 964/1328/946 966/1329/946 965/1330/946
f 964/1331/947 968/1332/947 969/1333/947 966/1334/947
f 962/1335/948 967/1336/948 969/1333/948 968/1332/948
f 967/1336/949 971/1337/949 972/1338/949 969/1333/949
f 963/1339/950 970/1340/950 972/1338/950 971/1337/950
f 970/1340/951 965/1341/951 966/1334/951 972/1338/951
f 966/1334/952 969/1333/952 972/1338/952
f 973/1342/953 976/1343/953 978/1344/953 977/1345/953
f 976/1343/954 980/1346/954 981/1347/954 978/1344/954
f 974/1348/955 979/1349/955 981/1347/955 980/1346/955
f 979/1349/956 983/1350/956 984/1351/956 981/1347/956
f 975/1352/957 982/1353/957 984/1351/957 983/1350/957
f 982/1353/958 977/1345/958 978/1344/958 984/1351/958
f 978/1344/959 981/1347/959 984/1351/959
f 985/1354/960 988/1355/960 990/1356/960 989/1357/960
f 988/1355/961 992/1358/961 993/1359/961 990/1356/961
f 986/1360/962 991/1361/962 993/1359/962 992/1358/962
f 991/1361/963 995/1362/963 996/1363/963 993/1359/963
f 987/1364/964 994/1365/964 996/1363/964 995/1362/964
f 994/1365/965 989/1357/965 990/1356/965 996/1363/965
f 990/1356/966 993/1359/966 996/1363/966
f 997/1366/967 1000/1367/967 1002/1368/967 1001/1369/967
f 1000/1367/968 1004/1370/968 1005/1371/968 1002/1368/968
f 998/1372/969 1003/1373/969 1005/1371/969 1004/1370/969
f 1003/1373/970 1007/1374/970 1008/1375/970 1005/1371/970
f 999/1376/971 1006/1377/971 1008/1375/971 1007/1374/971
f 1006/1377/972 1001/1369/972 1002/1368/972 1008/1375/972
f 1002/1368/973 1005/1371/973 1008/1375/973
f 1009/1378/974 1012/1379/974 1014/1380/974 1013/1381/974
f 1012/1379/975 1016/1382/975 1017/1383/975 1014/1380/975
f 1010/1384/976 1015/1385/976 1017/1383/976 1016/1382/976
f 1015/1385/977 1019/1386/977 1020/1387/977 1017/1383/977
f 1011/1388/978 1018/1389/978 1020/1387/978 1019/1386/978
f 1018/1389/979 1013/1381/979 1014/1380/979 1020/1387/979
f 1014/1380/980 1017/1383/980 1020/1387/980
f 949/1311/981 925/1275/981 929/1278/981 952/1312/981
f 952/1312/982 929/1278/982 934/1291/982 956/1315/982
f 956/1320/983 934/1290/983 927/1289/983 950/1317/983
f 926/1281/984 937/1293/984 941/1296/984 931/1282/984
f 931/1285/985 941/1309/985 946/1308/985 935/1286/985
f 935/1286/986 946/1308/986 939/1307/986 927/1289/986
f 938/1299/987 961/1327/987 965/1330/987 943/1300/987
f 943/1303/988 965/1341/988 970/1340/988 947/1304/988
f 947/1304/989 970/1340/989 963/1339/989 939/1307/989
f 962/1335/990 951/1323/990 959/1321/990 967/1336/990
f 967/1336/991 959/1321/991 955/1318/991 971/1337/991
f 971/1337/992 955/1318/992 950/1317/992 963/1339/992
f 997/1366/993 949/1311/993 953/1314/993 1000/1367/993
f 1000/1367/994 953/1314/994 958/1325/994 1004/1370/994
f 1004/1370/995 958/1324/995 951/1323/995 998/1372/995
f 961/1327/996 1009/1378/996 1013/1381/996 964/1328/996
f 964/1331/997 1013/1381/997 1018/1389/997 968/1332/997
f 968/1332/998 1018/1389/998 1011/1388/998 962/1335/998
f 1010/1384/999 999/1376/999 1007/1374/999 1015/1385/999
f 1015/1385/1000 1007/1374/1000 1003/1373/1000 1019/1386/1000
f 1019/1386/1001 1003/1373/1001 998/1372/1001 1011/1388/1001
f 973/1342/1002 997/1366/1002 1001/1369/1002 976/1343/1002
f 976/1343/1003 1001/1369/1003 1006/1377/1003 980/1346/1003
f 980/1346/1004 1006/1377/1004 999/1376/1004 974/1348/1004
f 1009/1378/1005 985/1354/1005 989/1357/1005 1012/1379/1005
f 1012/1379/1006 989/1357/1006 994/1365/1006 1016/1382/1006
f 1016/1382/1007 994/1365/1007 987/1364/1007 1010/1384/1007
f 986/1360/1008 975/1352/1008 983/1350/1008 991/1361/1008
f 991/1361/1009 983/1350/1009 979/1349/1009 995/1362/1009
f 995/1362/1010 979/1349/1010 974/1348/1010 987/1364/1010
f 925/1275/1011 973/1342/1011 977/1345/1011 928/1276/1011
f 928/1276/1012 977/1345/1012 982/1353/1012 932/1279/1012
f 932/1284/1013 982/1353/1013 975/1352/1013 926/1281/1013
f 985/1354/1014 938/1299/1014 944/1302/1014 988/1355/1014
f 988/1355/1015 944/1297/1015 940/1294/1015 992/1358/1015
f 992/1358/1016 940/1294/1016 937/1293/1016 986/1360/1016
f 949/1311/1017 997/1366/1017 973/1342/1017 925/1275/1017
f 927/1289/1018 939/1307/1018 963/1339/1018 950/1317/1018
f 975/1352/1019 986/1360/1019 937/1293/1019 926/1281/1019
f 1009/1378/1020 961/1327/1020 938/1299/1020 985/1354/1020
f 951/1323/1021 962/1335/1021 1011/1388/1021 998/1372/1021
f 999/1376/1022 1010/1384/1022 987/1364/1022 974/1348/1022
