# Blender 4.5.10 LTS
# www.blender.org
mtllib TowerDemon1_pose.mtl
o charred_stone_footing_lower_course
v -0.000000 0.000000 -0.862858
v -0.024630 0.021767 -0.865406
v 0.024630 0.021767 -0.865406
v -0.015502 0.006375 -0.871828
v 0.000000 0.009613 -0.874606
v 0.000000 0.023759 -0.868223
v 0.015502 0.006375 -0.871828
v 0.000000 0.280000 -0.664858
v 0.024630 0.258233 -0.698190
v -0.024630 0.258233 -0.698190
v 0.013248 0.273625 -0.683778
v 0.000000 0.271214 -0.690004
v 0.000000 0.260226 -0.701007
v -0.013248 0.273625 -0.683778
v 0.610133 0.000000 -0.610133
v 0.594519 0.021767 -0.629350
v 0.629350 0.021767 -0.594519
v 0.605513 0.006375 -0.627437
v 0.618439 0.009613 -0.618439
v 0.613926 0.023759 -0.613926
v 0.627437 0.006375 -0.605513
v 0.470125 0.280000 -0.470125
v 0.511111 0.258233 -0.476279
v 0.476279 0.258234 -0.511111
v 0.492872 0.273625 -0.474136
v 0.487907 0.271214 -0.487907
v 0.495687 0.260226 -0.495687
v 0.474136 0.273625 -0.492872
v 0.862858 0.000000 -0.000000
v 0.865406 0.021767 -0.024630
v 0.865406 0.021767 0.024630
v 0.871828 0.006375 -0.015502
v 0.874606 0.009613 0.000000
v 0.868223 0.023759 0.000000
v 0.871828 0.006375 0.015502
v 0.664858 0.280000 0.000000
v 0.698190 0.258233 0.024630
v 0.698190 0.258233 -0.024630
v 0.683778 0.273625 0.013248
v 0.690004 0.271214 0.000000
v 0.701007 0.260226 0.000000
v 0.683778 0.273625 -0.013248
v 0.610133 0.000000 0.610133
v 0.629350 0.021767 0.594519
v 0.594519 0.021767 0.629350
v 0.627437 0.006375 0.605513
v 0.618439 0.009613 0.618439
v 0.613926 0.023759 0.613926
v 0.605513 0.006375 0.627437
v 0.470125 0.280000 0.470125
v 0.476279 0.258233 0.511111
v 0.511111 0.258234 0.476279
v 0.474136 0.273625 0.492872
v 0.487907 0.271214 0.487907
v 0.495687 0.260226 0.495687
v 0.492872 0.273625 0.474136
v 0.000000 0.000000 0.862858
v 0.024630 0.021767 0.865406
v -0.024630 0.021767 0.865406
v 0.015502 0.006375 0.871828
v -0.000000 0.009613 0.874606
v 0.000000 0.023759 0.868223
v -0.015502 0.006375 0.871828
v -0.000000 0.280000 0.664858
v -0.024630 0.258233 0.698190
v 0.024630 0.258233 0.698190
v -0.013248 0.273625 0.683778
v -0.000000 0.271214 0.690004
v -0.000000 0.260226 0.701007
v 0.013248 0.273625 0.683778
v -0.610133 0.000000 0.610133
v -0.594519 0.021767 0.629350
v -0.629350 0.021767 0.594519
v -0.605513 0.006375 0.627437
v -0.618439 0.009613 0.618439
v -0.613926 0.023759 0.613926
v -0.627437 0.006375 0.605513
v -0.470125 0.280000 0.470125
v -0.511111 0.258233 0.476279
v -0.476279 0.258234 0.511111
v -0.492872 0.273625 0.474136
v -0.487907 0.271214 0.487907
v -0.495687 0.260226 0.495687
v -0.474136 0.273625 0.492872
v -0.862858 0.000000 0.000000
v -0.865406 0.021767 0.024630
v -0.865406 0.021767 -0.024630
v -0.871828 0.006375 0.015502
v -0.874606 0.009613 -0.000000
v -0.868223 0.023759 0.000000
v -0.871828 0.006375 -0.015502
v -0.664858 0.280000 -0.000000
v -0.698190 0.258233 -0.024630
v -0.698190 0.258233 0.024630
v -0.683778 0.273625 -0.013248
v -0.690004 0.271214 -0.000000
v -0.701007 0.260226 -0.000000
v -0.683778 0.273625 0.013248
v -0.610133 0.000000 -0.610133
v -0.629350 0.021767 -0.594519
v -0.594519 0.021767 -0.629350
v -0.627437 0.006375 -0.605513
v -0.618439 0.009613 -0.618439
v -0.613926 0.023759 -0.613926
v -0.605513 0.006375 -0.627437
v -0.470125 0.280000 -0.470125
v -0.476279 0.258233 -0.511111
v -0.511111 0.258234 -0.476279
v -0.474136 0.273625 -0.492872
v -0.487907 0.271214 -0.487907
v -0.495687 0.260226 -0.495687
v -0.492872 0.273625 -0.474136
vn -0.0000 -0.7739 -0.6333
vn -0.1736 0.3460 -0.9220
vn 0.1736 0.3460 -0.9220
vn -0.0000 0.9440 -0.3298
vn 0.1538 0.7192 -0.6776
vn -0.1538 0.7192 -0.6776
vn 0.4478 -0.7739 -0.4478
vn 0.5292 0.3460 -0.7747
vn 0.7747 0.3460 -0.5292
vn 0.2332 0.9440 -0.2332
vn 0.5879 0.7192 -0.3704
vn 0.3704 0.7192 -0.5879
vn 0.6333 -0.7739 -0.0000
vn 0.9220 0.3460 -0.1736
vn 0.9220 0.3460 0.1736
vn 0.3298 0.9440 -0.0000
vn 0.6776 0.7192 0.1538
vn 0.6776 0.7192 -0.1538
vn 0.4478 -0.7739 0.4478
vn 0.7747 0.3460 0.5292
vn 0.5292 0.3460 0.7747
vn 0.2332 0.9440 0.2332
vn 0.3704 0.7192 0.5879
vn 0.5879 0.7192 0.3704
vn -0.0000 -0.7739 0.6333
vn 0.1736 0.3460 0.9220
vn -0.1736 0.3460 0.9220
vn -0.0000 0.9440 0.3298
vn -0.1538 0.7192 0.6776
vn 0.1538 0.7192 0.6776
vn -0.4478 -0.7739 0.4478
vn -0.5292 0.3460 0.7747
vn -0.7747 0.3460 0.5292
vn -0.2332 0.9440 0.2332
vn -0.5879 0.7192 0.3704
vn -0.3704 0.7192 0.5879
vn -0.6333 -0.7739 -0.0000
vn -0.9220 0.3460 0.1736
vn -0.9220 0.3460 -0.1736
vn -0.3298 0.9440 -0.0000
vn -0.6776 0.7192 -0.1538
vn -0.6776 0.7192 0.1538
vn -0.4478 -0.7739 -0.4478
vn -0.7747 0.3460 -0.5292
vn -0.5292 0.3460 -0.7747
vn -0.2332 0.9440 -0.2332
vn -0.3704 0.7192 -0.5879
vn -0.5879 0.7192 -0.3704
vn 0.3780 0.1566 -0.9125
vn 0.1566 -0.9125 -0.3780
vn 0.2513 0.7541 -0.6068
vn 0.1041 0.9623 -0.2513
vn -0.1387 0.5718 -0.8086
vn 0.1387 0.5718 -0.8086
vn 0.6699 0.5718 -0.4737
vn 0.4737 0.5718 -0.6699
vn 0.9125 0.1566 -0.3780
vn 0.3780 -0.9125 -0.1566
vn 0.6068 0.7541 -0.2513
vn 0.2513 0.9623 -0.1041
vn 0.8086 0.5718 0.1387
vn 0.8086 0.5718 -0.1387
vn 0.9125 0.1566 0.3780
vn 0.3780 -0.9125 0.1566
vn 0.6068 0.7541 0.2513
vn 0.2513 0.9623 0.1041
vn 0.4737 0.5718 0.6699
vn 0.6699 0.5718 0.4737
vn 0.3780 0.1566 0.9125
vn 0.1566 -0.9125 0.3780
vn 0.2513 0.7541 0.6068
vn 0.1041 0.9623 0.2513
vn -0.1387 0.5718 0.8086
vn 0.1387 0.5718 0.8086
vn -0.3780 0.1566 0.9125
vn -0.1566 -0.9125 0.3780
vn -0.2513 0.7541 0.6068
vn -0.1041 0.9623 0.2513
vn -0.6699 0.5718 0.4737
vn -0.4737 0.5718 0.6699
vn -0.9125 0.1566 0.3780
vn -0.3780 -0.9125 0.1566
vn -0.6068 0.7541 0.2513
vn -0.2513 0.9623 0.1041
vn -0.8086 0.5718 -0.1387
vn -0.8086 0.5718 0.1387
vn -0.9125 0.1566 -0.3780
vn -0.3780 -0.9125 -0.1566
vn -0.6068 0.7541 -0.2513
vn -0.2513 0.9623 -0.1041
vn -0.4737 0.5718 -0.6699
vn -0.6699 0.5718 -0.4737
vn -0.3780 0.1566 -0.9125
vn -0.1566 -0.9125 -0.3780
vn -0.2513 0.7541 -0.6068
vn -0.1041 0.9623 -0.2513
vn -0.0000 -1.0000 -0.0000
vn 0.3204 0.5469 -0.7734
vn -0.3204 0.5469 -0.7734
vn -0.0000 1.0000 -0.0000
vn 0.7734 0.5469 -0.3204
vn 0.7734 0.5469 0.3204
vn 0.3204 0.5469 0.7734
vn -0.3204 0.5469 0.7734
vn -0.7734 0.5469 0.3204
vn -0.7734 0.5469 -0.3204
vt 0.750000 0.482420
vt 0.744610 0.487767
vt 0.748439 0.489353
vt 0.755390 0.487767
vt 0.005124 0.538869
vt 0.000000 0.547457
vt 0.000000 0.525245
vt 0.003970 0.500000
vt 0.994876 0.538869
vt 0.996030 0.500000
vt 0.998850 0.500000
vt 1.000000 0.547457
vt 0.250000 0.480254
vt 0.255045 0.487910
vt 0.250367 0.489848
vt 0.244955 0.487910
vt 0.994179 0.961131
vt 1.000000 0.969719
vt 1.000000 0.992063
vt 0.996284 1.000000
vt 0.005821 0.961131
vt 0.003716 1.000000
vt 0.000270 1.000000
vt 0.000000 0.969719
vt 0.914345 0.414345
vt 0.914316 0.421938
vt 0.918144 0.420352
vt 0.921938 0.414316
vt 0.880124 0.538869
vt 0.875000 0.547457
vt 0.874425 0.512622
vt 0.878970 0.500000
vt 0.869876 0.538869
vt 0.871030 0.500000
vt 0.412814 0.412814
vt 0.421796 0.414660
vt 0.419858 0.419339
vt 0.414660 0.421796
vt 0.869179 0.961131
vt 0.875000 0.969719
vt 0.875135 0.996032
vt 0.871284 1.000000
vt 0.880821 0.961131
vt 0.878716 1.000000
vt 0.982420 0.250000
vt 0.987767 0.255390
vt 0.989353 0.251561
vt 0.987767 0.244610
vt 0.755124 0.538869
vt 0.750000 0.547457
vt 0.749425 0.512622
vt 0.753970 0.500000
vt 0.744876 0.538869
vt 0.746030 0.500000
vt 0.480254 0.250000
vt 0.487910 0.244955
vt 0.489848 0.249633
vt 0.487910 0.255045
vt 0.744179 0.961131
vt 0.750000 0.969719
vt 0.750135 0.996032
vt 0.746284 1.000000
vt 0.755821 0.961131
vt 0.753716 1.000000
vt 0.914346 0.085655
vt 0.921938 0.085684
vt 0.920352 0.081856
vt 0.914316 0.078062
vt 0.630124 0.538869
vt 0.625000 0.547457
vt 0.624425 0.512622
vt 0.628970 0.500000
vt 0.619876 0.538869
vt 0.621030 0.500000
vt 0.412814 0.087186
vt 0.414660 0.078204
vt 0.419339 0.080142
vt 0.421796 0.085340
vt 0.619179 0.961131
vt 0.625000 0.969719
vt 0.625135 0.996032
vt 0.621284 1.000000
vt 0.630821 0.961131
vt 0.628716 1.000000
vt 0.750000 0.017580
vt 0.755390 0.012233
vt 0.751561 0.010647
vt 0.744610 0.012233
vt 0.505124 0.538869
vt 0.500000 0.547457
vt 0.499425 0.512622
vt 0.503970 0.500000
vt 0.494876 0.538869
vt 0.496030 0.500000
vt 0.250000 0.019746
vt 0.244955 0.012090
vt 0.249633 0.010152
vt 0.255045 0.012090
vt 0.494179 0.961131
vt 0.500000 0.969719
vt 0.500135 0.996032
vt 0.496284 1.000000
vt 0.505821 0.961131
vt 0.503716 1.000000
vt 0.585655 0.085655
vt 0.585684 0.078062
vt 0.581856 0.079648
vt 0.578062 0.085684
vt 0.380124 0.538869
vt 0.375000 0.547457
vt 0.374425 0.512622
vt 0.378970 0.500000
vt 0.369876 0.538869
vt 0.371030 0.500000
vt 0.087186 0.087186
vt 0.078204 0.085340
vt 0.080142 0.080661
vt 0.085340 0.078204
vt 0.369179 0.961131
vt 0.375000 0.969719
vt 0.375135 0.996032
vt 0.371284 1.000000
vt 0.380821 0.961131
vt 0.378716 1.000000
vt 0.517580 0.250000
vt 0.512233 0.244610
vt 0.510647 0.248439
vt 0.512233 0.255390
vt 0.255124 0.538869
vt 0.250000 0.547457
vt 0.249425 0.512622
vt 0.253970 0.500000
vt 0.244876 0.538869
vt 0.246030 0.500000
vt 0.019746 0.250000
vt 0.012090 0.255045
vt 0.010152 0.250367
vt 0.012090 0.244955
vt 0.244179 0.961131
vt 0.250000 0.969719
vt 0.250135 0.996032
vt 0.246284 1.000000
vt 0.255821 0.961131
vt 0.253716 1.000000
vt 0.585655 0.414346
vt 0.578062 0.414316
vt 0.579648 0.418144
vt 0.585684 0.421938
vt 0.130124 0.538869
vt 0.125000 0.547457
vt 0.124425 0.512622
vt 0.128970 0.500000
vt 0.119876 0.538869
vt 0.121030 0.500000
vt 0.087186 0.412814
vt 0.085340 0.421796
vt 0.080661 0.419858
vt 0.078204 0.414660
vt 0.119179 0.961131
vt 0.125000 0.969719
vt 0.125135 0.996032
vt 0.121284 1.000000
vt 0.130821 0.961131
vt 0.128716 1.000000
s 0
usemtl Limestone
f 1/1/1 4/2/1 5/3/1 7/4/1
f 2/5/2 6/6/2 5/7/2 4/8/2
f 3/9/3 7/10/3 5/11/3 6/12/3
f 8/13/4 11/14/4 12/15/4 14/16/4
f 9/17/5 13/18/5 12/19/5 11/20/5
f 10/21/6 14/22/6 12/23/6 13/24/6
f 15/25/7 18/26/7 19/27/7 21/28/7
f 16/29/8 20/30/8 19/31/8 18/32/8
f 17/33/9 21/34/9 19/31/9 20/30/9
f 22/35/10 25/36/10 26/37/10 28/38/10
f 23/39/11 27/40/11 26/41/11 25/42/11
f 24/43/12 28/44/12 26/41/12 27/40/12
f 29/45/13 32/46/13 33/47/13 35/48/13
f 30/49/14 34/50/14 33/51/14 32/52/14
f 31/53/15 35/54/15 33/51/15 34/50/15
f 36/55/16 39/56/16 40/57/16 42/58/16
f 37/59/17 41/60/17 40/61/17 39/62/17
f 38/63/18 42/64/18 40/61/18 41/60/18
f 43/65/19 46/66/19 47/67/19 49/68/19
f 44/69/20 48/70/20 47/71/20 46/72/20
f 45/73/21 49/74/21 47/71/21 48/70/21
f 50/75/22 53/76/22 54/77/22 56/78/22
f 51/79/23 55/80/23 54/81/23 53/82/23
f 52/83/24 56/84/24 54/81/24 55/80/24
f 57/85/25 60/86/25 61/87/25 63/88/25
f 58/89/26 62/90/26 61/91/26 60/92/26
f 59/93/27 63/94/27 61/91/27 62/90/27
f 64/95/28 67/96/28 68/97/28 70/98/28
f 65/99/29 69/100/29 68/101/29 67/102/29
f 66/103/30 70/104/30 68/101/30 69/100/30
f 71/105/31 74/106/31 75/107/31 77/108/31
f 72/109/32 76/110/32 75/111/32 74/112/32
f 73/113/33 77/114/33 75/111/33 76/110/33
f 78/115/34 81/116/34 82/117/34 84/118/34
f 79/119/35 83/120/35 82/121/35 81/122/35
f 80/123/36 84/124/36 82/121/36 83/120/36
f 85/125/37 88/126/37 89/127/37 91/128/37
f 86/129/38 90/130/38 89/131/38 88/132/38
f 87/133/39 91/134/39 89/131/39 90/130/39
f 92/135/40 95/136/40 96/137/40 98/138/40
f 93/139/41 97/140/41 96/141/41 95/142/41
f 94/143/42 98/144/42 96/141/42 97/140/42
f 99/145/43 102/146/43 103/147/43 105/148/43
f 100/149/44 104/150/44 103/151/44 102/152/44
f 101/153/45 105/154/45 103/151/45 104/150/45
f 106/155/46 109/156/46 110/157/46 112/158/46
f 107/159/47 111/160/47 110/161/47 109/162/47
f 108/163/48 112/164/48 110/161/48 111/160/48
f 3/9/49 16/29/49 18/32/49 7/10/49
f 7/4/50 18/26/50 15/25/50 1/1/50
f 24/43/51 9/17/51 11/20/51 28/44/51
f 28/38/52 11/14/52 8/13/52 22/35/52
f 2/5/53 10/21/53 13/24/53 6/6/53
f 6/12/54 13/18/54 9/17/54 3/9/54
f 23/39/55 17/33/55 20/30/55 27/40/55
f 27/40/56 20/30/56 16/29/56 24/43/56
f 17/33/57 30/49/57 32/52/57 21/34/57
f 21/28/58 32/46/58 29/45/58 15/25/58
f 38/63/59 23/39/59 25/42/59 42/64/59
f 42/58/60 25/36/60 22/35/60 36/55/60
f 37/59/61 31/53/61 34/50/61 41/60/61
f 41/60/62 34/50/62 30/49/62 38/63/62
f 31/53/63 44/69/63 46/72/63 35/54/63
f 35/48/64 46/66/64 43/65/64 29/45/64
f 52/83/65 37/59/65 39/62/65 56/84/65
f 56/78/66 39/56/66 36/55/66 50/75/66
f 51/79/67 45/73/67 48/70/67 55/80/67
f 55/80/68 48/70/68 44/69/68 52/83/68
f 45/73/69 58/89/69 60/92/69 49/74/69
f 49/68/70 60/86/70 57/85/70 43/65/70
f 66/103/71 51/79/71 53/82/71 70/104/71
f 70/98/72 53/76/72 50/75/72 64/95/72
f 65/99/73 59/93/73 62/90/73 69/100/73
f 69/100/74 62/90/74 58/89/74 66/103/74
f 59/93/75 72/109/75 74/112/75 63/94/75
f 63/88/76 74/106/76 71/105/76 57/85/76
f 80/123/77 65/99/77 67/102/77 84/124/77
f 84/118/78 67/96/78 64/95/78 78/115/78
f 79/119/79 73/113/79 76/110/79 83/120/79
f 83/120/80 76/110/80 72/109/80 80/123/80
f 73/113/81 86/129/81 88/132/81 77/114/81
f 77/108/82 88/126/82 85/125/82 71/105/82
f 94/143/83 79/119/83 81/122/83 98/144/83
f 98/138/84 81/116/84 78/115/84 92/135/84
f 93/139/85 87/133/85 90/130/85 97/140/85
f 97/140/86 90/130/86 86/129/86 94/143/86
f 87/133/87 100/149/87 102/152/87 91/134/87
f 91/128/88 102/146/88 99/145/88 85/125/88
f 108/163/89 93/139/89 95/142/89 112/164/89
f 112/158/90 95/136/90 92/135/90 106/155/90
f 107/159/91 101/153/91 104/150/91 111/160/91
f 111/160/92 104/150/92 100/149/92 108/163/92
f 101/153/93 2/5/93 4/8/93 105/154/93
f 105/148/94 4/2/94 1/1/94 99/145/94
f 10/21/95 107/159/95 109/162/95 14/22/95
f 14/16/96 109/156/96 106/155/96 8/13/96
f 1/1/97 15/25/97 29/45/97 43/65/97 57/85/97 71/105/97 85/125/97 99/145/97
f 3/9/98 9/17/98 24/43/98 16/29/98
f 101/153/99 107/159/99 10/21/99 2/5/99
f 22/35/100 8/13/100 106/155/100 92/135/100 78/115/100 64/95/100 50/75/100 36/55/100
f 17/33/101 23/39/101 38/63/101 30/49/101
f 31/53/102 37/59/102 52/83/102 44/69/102
f 45/73/103 51/79/103 66/103/103 58/89/103
f 59/93/104 65/99/104 80/123/104 72/109/104
f 73/113/105 79/119/105 94/143/105 86/129/105
f 87/133/106 93/139/106 108/163/106 100/149/106
o charred_stone_footing_upper_course
v -0.000000 0.249200 -0.632267
v -0.016630 0.267200 -0.644862
v 0.016630 0.267200 -0.644862
v -0.009742 0.254472 -0.642008
v -0.000000 0.256808 -0.645314
v -0.000000 0.267200 -0.647715
v 0.009742 0.254472 -0.642008
v 0.000000 0.333200 -0.632267
v 0.016630 0.315200 -0.644862
v -0.016630 0.315200 -0.644862
v 0.009742 0.327928 -0.642008
v 0.000000 0.325593 -0.645314
v 0.000000 0.315200 -0.647715
v -0.009742 0.327928 -0.642008
v 0.447080 0.249200 -0.447080
v 0.444227 0.267200 -0.467745
v 0.467745 0.267200 -0.444227
v 0.447080 0.254472 -0.460857
v 0.456306 0.256808 -0.456306
v 0.458004 0.267200 -0.458004
v 0.460857 0.254472 -0.447080
v 0.447080 0.333200 -0.447080
v 0.467745 0.315200 -0.444227
v 0.444227 0.315200 -0.467745
v 0.460857 0.327928 -0.447080
v 0.456306 0.325593 -0.456306
v 0.458004 0.315200 -0.458004
v 0.447080 0.327928 -0.460857
v 0.632267 0.249200 -0.000000
v 0.644862 0.267200 -0.016630
v 0.644862 0.267200 0.016630
v 0.642008 0.254472 -0.009742
v 0.645314 0.256808 -0.000000
v 0.647715 0.267200 -0.000000
v 0.642008 0.254472 0.009742
v 0.632267 0.333200 0.000000
v 0.644862 0.315200 0.016630
v 0.644862 0.315200 -0.016630
v 0.642008 0.327928 0.009742
v 0.645314 0.325593 0.000000
v 0.647715 0.315200 0.000000
v 0.642008 0.327928 -0.009742
v 0.447080 0.249200 0.447080
v 0.467745 0.267200 0.444227
v 0.444227 0.267200 0.467745
v 0.460857 0.254472 0.447080
v 0.456306 0.256808 0.456306
v 0.458004 0.267200 0.458004
v 0.447080 0.254472 0.460857
v 0.447080 0.333200 0.447080
v 0.444227 0.315200 0.467745
v 0.467745 0.315200 0.444227
v 0.447080 0.327928 0.460857
v 0.456306 0.325593 0.456306
v 0.458004 0.315200 0.458004
v 0.460857 0.327928 0.447080
v 0.000000 0.249200 0.632267
v 0.016630 0.267200 0.644862
v -0.016630 0.267200 0.644862
v 0.009742 0.254472 0.642008
v 0.000000 0.256808 0.645314
v 0.000000 0.267200 0.647715
v -0.009742 0.254472 0.642008
v -0.000000 0.333200 0.632267
v -0.016630 0.315200 0.644862
v 0.016630 0.315200 0.644862
v -0.009742 0.327928 0.642008
v -0.000000 0.325593 0.645314
v -0.000000 0.315200 0.647715
v 0.009742 0.327928 0.642008
v -0.447080 0.249200 0.447080
v -0.444227 0.267200 0.467745
v -0.467745 0.267200 0.444227
v -0.447080 0.254472 0.460857
v -0.456306 0.256808 0.456306
v -0.458004 0.267200 0.458004
v -0.460857 0.254472 0.447080
v -0.447080 0.333200 0.447080
v -0.467745 0.315200 0.444227
v -0.444227 0.315200 0.467745
v -0.460857 0.327928 0.447080
v -0.456306 0.325593 0.456306
v -0.458004 0.315200 0.458004
v -0.447080 0.327928 0.460857
v -0.632267 0.249200 0.000000
v -0.644862 0.267200 0.016630
v -0.644862 0.267200 -0.016630
v -0.642008 0.254472 0.009742
v -0.645314 0.256808 0.000000
v -0.647715 0.267200 0.000000
v -0.642008 0.254472 -0.009742
v -0.632267 0.333200 -0.000000
v -0.644862 0.315200 -0.016630
v -0.644862 0.315200 0.016630
v -0.642008 0.327928 -0.009742
v -0.645314 0.325593 -0.000000
v -0.647715 0.315200 -0.000000
v -0.642008 0.327928 0.009742
v -0.447080 0.249200 -0.447080
v -0.467745 0.267200 -0.444227
v -0.444227 0.267200 -0.467745
v -0.460857 0.254472 -0.447080
v -0.456306 0.256808 -0.456306
v -0.458004 0.267200 -0.458004
v -0.447080 0.254472 -0.460857
v -0.447080 0.333200 -0.447080
v -0.444227 0.315200 -0.467745
v -0.467745 0.315200 -0.444227
v -0.447080 0.327928 -0.460857
v -0.456306 0.325593 -0.456306
v -0.458004 0.315200 -0.458004
v -0.460857 0.327928 -0.447080
vn -0.0000 -0.8639 -0.5037
vn -0.1959 -0.2724 -0.9420
vn 0.1959 -0.2724 -0.9420
vn -0.0000 0.8639 -0.5037
vn 0.1959 0.2724 -0.9420
vn -0.1959 0.2724 -0.9420
vn 0.3562 -0.8639 -0.3562
vn 0.5276 -0.2724 -0.8046
vn 0.8046 -0.2724 -0.5276
vn 0.3562 0.8639 -0.3562
vn 0.8046 0.2724 -0.5276
vn 0.5276 0.2724 -0.8046
vn 0.5037 -0.8639 -0.0000
vn 0.9420 -0.2724 -0.1959
vn 0.9420 -0.2724 0.1959
vn 0.5037 0.8639 -0.0000
vn 0.9420 0.2724 0.1959
vn 0.9420 0.2724 -0.1959
vn 0.3562 -0.8639 0.3562
vn 0.8046 -0.2724 0.5276
vn 0.5276 -0.2724 0.8046
vn 0.3562 0.8639 0.3562
vn 0.5276 0.2724 0.8046
vn 0.8046 0.2724 0.5276
vn -0.0000 -0.8639 0.5037
vn 0.1959 -0.2724 0.9420
vn -0.1959 -0.2724 0.9420
vn -0.0000 0.8639 0.5037
vn -0.1959 0.2724 0.9420
vn 0.1959 0.2724 0.9420
vn -0.3562 -0.8639 0.3562
vn -0.5276 -0.2724 0.8046
vn -0.8046 -0.2724 0.5276
vn -0.3562 0.8639 0.3562
vn -0.8046 0.2724 0.5276
vn -0.5276 0.2724 0.8046
vn -0.5037 -0.8639 -0.0000
vn -0.9420 -0.2724 0.1959
vn -0.9420 -0.2724 -0.1959
vn -0.5037 0.8639 -0.0000
vn -0.9420 0.2724 -0.1959
vn -0.9420 0.2724 0.1959
vn -0.3562 -0.8639 -0.3562
vn -0.8046 -0.2724 -0.5276
vn -0.5276 -0.2724 -0.8046
vn -0.3562 0.8639 -0.3562
vn -0.5276 0.2724 -0.8046
vn -0.8046 0.2724 -0.5276
vn 0.3536 -0.3827 -0.8536
vn 0.1464 -0.9239 -0.3536
vn 0.3536 0.3827 -0.8536
vn 0.1464 0.9239 -0.3536
vn -0.1691 -0.0000 -0.9856
vn 0.1691 -0.0000 -0.9856
vn 0.8165 -0.0000 -0.5774
vn 0.5774 -0.0000 -0.8165
vn 0.8536 -0.3827 -0.3536
vn 0.3536 -0.9239 -0.1464
vn 0.8536 0.3827 -0.3536
vn 0.3536 0.9239 -0.1464
vn 0.9856 -0.0000 0.1691
vn 0.9856 -0.0000 -0.1691
vn 0.8536 -0.3827 0.3536
vn 0.3536 -0.9239 0.1464
vn 0.8536 0.3827 0.3536
vn 0.3536 0.9239 0.1464
vn 0.5774 -0.0000 0.8165
vn 0.8165 -0.0000 0.5774
vn 0.3536 -0.3827 0.8536
vn 0.1464 -0.9239 0.3536
vn 0.3536 0.3827 0.8536
vn 0.1464 0.9239 0.3536
vn -0.1691 -0.0000 0.9856
vn 0.1691 -0.0000 0.9856
vn -0.3536 -0.3827 0.8536
vn -0.1464 -0.9239 0.3536
vn -0.3536 0.3827 0.8536
vn -0.1464 0.9239 0.3536
vn -0.8165 -0.0000 0.5774
vn -0.5774 -0.0000 0.8165
vn -0.8536 -0.3827 0.3536
vn -0.3536 -0.9239 0.1464
vn -0.8536 0.3827 0.3536
vn -0.3536 0.9239 0.1464
vn -0.9856 -0.0000 -0.1691
vn -0.9856 -0.0000 0.1691
vn -0.8536 -0.3827 -0.3536
vn -0.3536 -0.9239 -0.1464
vn -0.8536 0.3827 -0.3536
vn -0.3536 0.9239 -0.1464
vn -0.5774 -0.0000 -0.8165
vn -0.8165 -0.0000 -0.5774
vn -0.3536 -0.3827 -0.8536
vn -0.1464 -0.9239 -0.3536
vn -0.3536 0.3827 -0.8536
vn -0.1464 0.9239 -0.3536
vn -0.0000 -1.0000 -0.0000
vn 0.3827 -0.0000 -0.9239
vn -0.3827 -0.0000 -0.9239
vn -0.0000 1.0000 -0.0000
vn 0.9239 -0.0000 -0.3827
vn 0.9239 -0.0000 0.3827
vn 0.3827 -0.0000 0.9239
vn -0.3827 -0.0000 0.9239
vn -0.9239 -0.0000 0.3827
vn -0.9239 -0.0000 -0.3827
vt 0.750000 0.482826
vt 0.745670 0.488206
vt 0.749162 0.489653
vt 0.754330 0.488206
vt 0.004511 0.607143
vt 0.000000 0.607143
vt 0.000000 0.545283
vt 0.003189 0.500000
vt 0.995490 0.607143
vt 0.996811 0.500000
vt 0.999383 0.500000
vt 1.000000 0.607143
vt 0.250000 0.482826
vt 0.254330 0.488206
vt 0.250838 0.489653
vt 0.245670 0.488206
vt 0.995489 0.892857
vt 1.000000 0.892857
vt 1.000000 0.954717
vt 0.996811 1.000000
vt 0.004511 0.892857
vt 0.003189 1.000000
vt 0.000617 1.000000
vt 0.000000 0.892857
vt 0.914633 0.414633
vt 0.915375 0.421499
vt 0.918868 0.420053
vt 0.921499 0.415375
vt 0.879511 0.607143
vt 0.875000 0.607143
vt 0.874691 0.522641
vt 0.878190 0.500000
vt 0.870489 0.607143
vt 0.871810 0.500000
vt 0.414633 0.414633
vt 0.421499 0.415376
vt 0.420053 0.418868
vt 0.415375 0.421499
vt 0.870489 0.892857
vt 0.875000 0.892857
vt 0.875309 0.977359
vt 0.871810 1.000000
vt 0.879511 0.892857
vt 0.878190 1.000000
vt 0.982826 0.250000
vt 0.988206 0.254330
vt 0.989653 0.250838
vt 0.988206 0.245670
vt 0.754511 0.607143
vt 0.750000 0.607143
vt 0.749691 0.522641
vt 0.753189 0.500000
vt 0.745490 0.607143
vt 0.746811 0.500000
vt 0.482826 0.250000
vt 0.488206 0.245670
vt 0.489653 0.249162
vt 0.488206 0.254330
vt 0.745489 0.892857
vt 0.750000 0.892857
vt 0.750309 0.977359
vt 0.746810 1.000000
vt 0.754510 0.892857
vt 0.753190 1.000000
vt 0.914632 0.085367
vt 0.921499 0.084625
vt 0.920053 0.081132
vt 0.915375 0.078501
vt 0.629511 0.607143
vt 0.625000 0.607143
vt 0.624691 0.522641
vt 0.628190 0.500000
vt 0.620489 0.607143
vt 0.621811 0.500000
vt 0.414633 0.085367
vt 0.415375 0.078501
vt 0.418868 0.079947
vt 0.421499 0.084625
vt 0.620489 0.892857
vt 0.625000 0.892857
vt 0.625309 0.977359
vt 0.621811 1.000000
vt 0.629511 0.892857
vt 0.628189 1.000000
vt 0.750000 0.017174
vt 0.754330 0.011794
vt 0.750838 0.010347
vt 0.745670 0.011794
vt 0.504511 0.607143
vt 0.500000 0.607143
vt 0.499691 0.522641
vt 0.503190 0.500000
vt 0.495489 0.607143
vt 0.496811 0.500000
vt 0.250000 0.017174
vt 0.245670 0.011794
vt 0.249162 0.010347
vt 0.254330 0.011794
vt 0.495489 0.892857
vt 0.500000 0.892857
vt 0.500309 0.977359
vt 0.496811 1.000000
vt 0.504511 0.892857
vt 0.503189 1.000000
vt 0.585367 0.085367
vt 0.584625 0.078501
vt 0.581132 0.079947
vt 0.578501 0.084625
vt 0.379511 0.607143
vt 0.375000 0.607143
vt 0.374691 0.522641
vt 0.378190 0.500000
vt 0.370489 0.607143
vt 0.371811 0.500000
vt 0.085367 0.085367
vt 0.078501 0.084625
vt 0.079947 0.081132
vt 0.084625 0.078501
vt 0.370489 0.892857
vt 0.375000 0.892857
vt 0.375309 0.977359
vt 0.371810 1.000000
vt 0.379511 0.892857
vt 0.378189 1.000000
vt 0.517174 0.250000
vt 0.511794 0.245670
vt 0.510347 0.249162
vt 0.511794 0.254330
vt 0.254511 0.607143
vt 0.250000 0.607143
vt 0.249691 0.522641
vt 0.253189 0.500000
vt 0.245489 0.607143
vt 0.246811 0.500000
vt 0.017174 0.250000
vt 0.011794 0.254330
vt 0.010347 0.250838
vt 0.011794 0.245670
vt 0.245489 0.892857
vt 0.250000 0.892857
vt 0.250309 0.977359
vt 0.246811 1.000000
vt 0.254511 0.892857
vt 0.253189 1.000000
vt 0.585368 0.414633
vt 0.578501 0.415376
vt 0.579947 0.418868
vt 0.584625 0.421499
vt 0.129511 0.607143
vt 0.125000 0.607143
vt 0.124691 0.522641
vt 0.128189 0.500000
vt 0.120489 0.607143
vt 0.121811 0.500000
vt 0.085367 0.414633
vt 0.084625 0.421499
vt 0.081132 0.420053
vt 0.078501 0.415375
vt 0.120489 0.892857
vt 0.125000 0.892857
vt 0.125309 0.977359
vt 0.121811 1.000000
vt 0.129511 0.892857
vt 0.128189 1.000000
s 0
usemtl Limestone
f 113/165/107 116/166/107 117/167/107 119/168/107
f 114/169/108 118/170/108 117/171/108 116/172/108
f 115/173/109 119/174/109 117/175/109 118/176/109
f 120/177/110 123/178/110 124/179/110 126/180/110
f 121/181/111 125/182/111 124/183/111 123/184/111
f 122/185/112 126/186/112 124/187/112 125/188/112
f 127/189/113 130/190/113 131/191/113 133/192/113
f 128/193/114 132/194/114 131/195/114 130/196/114
f 129/197/115 133/198/115 131/195/115 132/194/115
f 134/199/116 137/200/116 138/201/116 140/202/116
f 135/203/117 139/204/117 138/205/117 137/206/117
f 136/207/118 140/208/118 138/205/118 139/204/118
f 141/209/119 144/210/119 145/211/119 147/212/119
f 142/213/120 146/214/120 145/215/120 144/216/120
f 143/217/121 147/218/121 145/215/121 146/214/121
f 148/219/122 151/220/122 152/221/122 154/222/122
f 149/223/123 153/224/123 152/225/123 151/226/123
f 150/227/124 154/228/124 152/225/124 153/224/124
f 155/229/125 158/230/125 159/231/125 161/232/125
f 156/233/126 160/234/126 159/235/126 158/236/126
f 157/237/127 161/238/127 159/235/127 160/234/127
f 162/239/128 165/240/128 166/241/128 168/242/128
f 163/243/129 167/244/129 166/245/129 165/246/129
f 164/247/130 168/248/130 166/245/130 167/244/130
f 169/249/131 172/250/131 173/251/131 175/252/131
f 170/253/132 174/254/132 173/255/132 172/256/132
f 171/257/133 175/258/133 173/255/133 174/254/133
f 176/259/134 179/260/134 180/261/134 182/262/134
f 177/263/135 181/264/135 180/265/135 179/266/135
f 178/267/136 182/268/136 180/265/136 181/264/136
f 183/269/137 186/270/137 187/271/137 189/272/137
f 184/273/138 188/274/138 187/275/138 186/276/138
f 185/277/139 189/278/139 187/275/139 188/274/139
f 190/279/140 193/280/140 194/281/140 196/282/140
f 191/283/141 195/284/141 194/285/141 193/286/141
f 192/287/142 196/288/142 194/285/142 195/284/142
f 197/289/143 200/290/143 201/291/143 203/292/143
f 198/293/144 202/294/144 201/295/144 200/296/144
f 199/297/145 203/298/145 201/295/145 202/294/145
f 204/299/146 207/300/146 208/301/146 210/302/146
f 205/303/147 209/304/147 208/305/147 207/306/147
f 206/307/148 210/308/148 208/305/148 209/304/148
f 211/309/149 214/310/149 215/311/149 217/312/149
f 212/313/150 216/314/150 215/315/150 214/316/150
f 213/317/151 217/318/151 215/315/151 216/314/151
f 218/319/152 221/320/152 222/321/152 224/322/152
f 219/323/153 223/324/153 222/325/153 221/326/153
f 220/327/154 224/328/154 222/325/154 223/324/154
f 115/173/155 128/193/155 130/196/155 119/174/155
f 119/168/156 130/190/156 127/189/156 113/165/156
f 136/207/157 121/181/157 123/184/157 140/208/157
f 140/202/158 123/178/158 120/177/158 134/199/158
f 114/169/159 122/185/159 125/188/159 118/170/159
f 118/176/160 125/182/160 121/181/160 115/173/160
f 135/203/161 129/197/161 132/194/161 139/204/161
f 139/204/162 132/194/162 128/193/162 136/207/162
f 129/197/163 142/213/163 144/216/163 133/198/163
f 133/192/164 144/210/164 141/209/164 127/189/164
f 150/227/165 135/203/165 137/206/165 154/228/165
f 154/222/166 137/200/166 134/199/166 148/219/166
f 149/223/167 143/217/167 146/214/167 153/224/167
f 153/224/168 146/214/168 142/213/168 150/227/168
f 143/217/169 156/233/169 158/236/169 147/218/169
f 147/212/170 158/230/170 155/229/170 141/209/170
f 164/247/171 149/223/171 151/226/171 168/248/171
f 168/242/172 151/220/172 148/219/172 162/239/172
f 163/243/173 157/237/173 160/234/173 167/244/173
f 167/244/174 160/234/174 156/233/174 164/247/174
f 157/237/175 170/253/175 172/256/175 161/238/175
f 161/232/176 172/250/176 169/249/176 155/229/176
f 178/267/177 163/243/177 165/246/177 182/268/177
f 182/262/178 165/240/178 162/239/178 176/259/178
f 177/263/179 171/257/179 174/254/179 181/264/179
f 181/264/180 174/254/180 170/253/180 178/267/180
f 171/257/181 184/273/181 186/276/181 175/258/181
f 175/252/182 186/270/182 183/269/182 169/249/182
f 192/287/183 177/263/183 179/266/183 196/288/183
f 196/282/184 179/260/184 176/259/184 190/279/184
f 191/283/185 185/277/185 188/274/185 195/284/185
f 195/284/186 188/274/186 184/273/186 192/287/186
f 185/277/187 198/293/187 200/296/187 189/278/187
f 189/272/188 200/290/188 197/289/188 183/269/188
f 206/307/189 191/283/189 193/286/189 210/308/189
f 210/302/190 193/280/190 190/279/190 204/299/190
f 205/303/191 199/297/191 202/294/191 209/304/191
f 209/304/192 202/294/192 198/293/192 206/307/192
f 199/297/193 212/313/193 214/316/193 203/298/193
f 203/292/194 214/310/194 211/309/194 197/289/194
f 220/327/195 205/303/195 207/306/195 224/328/195
f 224/322/196 207/300/196 204/299/196 218/319/196
f 219/323/197 213/317/197 216/314/197 223/324/197
f 223/324/198 216/314/198 212/313/198 220/327/198
f 213/317/199 114/169/199 116/172/199 217/318/199
f 217/312/200 116/166/200 113/165/200 211/309/200
f 122/185/201 219/323/201 221/326/201 126/186/201
f 126/180/202 221/320/202 218/319/202 120/177/202
f 113/165/203 127/189/203 141/209/203 155/229/203 169/249/203 183/269/203 197/289/203 211/309/203
f 115/173/204 121/181/204 136/207/204 128/193/204
f 213/317/205 219/323/205 122/185/205 114/169/205
f 134/199/206 120/177/206 218/319/206 204/299/206 190/279/206 176/259/206 162/239/206 148/219/206
f 129/197/207 135/203/207 150/227/207 142/213/207
f 143/217/208 149/223/208 164/247/208 156/233/208
f 157/237/209 163/243/209 178/267/209 170/253/209
f 171/257/210 177/263/210 192/287/210 184/273/210
f 185/277/211 191/283/211 206/307/211 198/293/211
f 199/297/212 205/303/212 220/327/212 212/313/212
o dark_oak_altar_bed
v -0.555000 0.270000 0.415000
v -0.555000 0.325000 0.470000
v -0.610000 0.325000 0.415000
v -0.555000 0.277348 0.442464
v -0.582464 0.277348 0.415000
v -0.581302 0.284485 0.441302
v -0.582464 0.325000 0.462652
v -0.555000 0.297536 0.462652
v -0.581302 0.298698 0.455515
v -0.602652 0.297536 0.415000
v -0.602652 0.325000 0.442464
v -0.595515 0.298698 0.441302
v -0.555000 0.455000 0.470000
v -0.555000 0.510000 0.415000
v -0.610000 0.455000 0.415000
v -0.555000 0.482464 0.462652
v -0.582464 0.455000 0.462652
v -0.581302 0.481302 0.455515
v -0.582464 0.502652 0.415000
v -0.555000 0.502652 0.442464
v -0.581302 0.495515 0.441302
v -0.602652 0.455000 0.442464
v -0.602652 0.482464 0.415000
v -0.595515 0.481302 0.441302
v -0.555000 0.270000 -0.415000
v -0.610000 0.325000 -0.415000
v -0.555000 0.325000 -0.470000
v -0.582464 0.277348 -0.415000
v -0.555000 0.277348 -0.442464
v -0.581302 0.284485 -0.441302
v -0.602652 0.325000 -0.442464
v -0.602652 0.297536 -0.415000
v -0.595515 0.298698 -0.441302
v -0.555000 0.297536 -0.462652
v -0.582464 0.325000 -0.462652
v -0.581302 0.298698 -0.455515
v -0.555000 0.510000 -0.415000
v -0.555000 0.455000 -0.470000
v -0.610000 0.455000 -0.415000
v -0.555000 0.502652 -0.442464
v -0.582464 0.502652 -0.415000
v -0.581302 0.495515 -0.441302
v -0.582464 0.455000 -0.462652
v -0.555000 0.482464 -0.462652
v -0.581302 0.481302 -0.455515
v -0.602652 0.482464 -0.415000
v -0.602652 0.455000 -0.442464
v -0.595515 0.481302 -0.441302
v 0.555000 0.270000 0.415000
v 0.610000 0.325000 0.415000
v 0.555000 0.325000 0.470000
v 0.582464 0.277348 0.415000
v 0.555000 0.277348 0.442464
v 0.581302 0.284485 0.441302
v 0.602652 0.325000 0.442464
v 0.602652 0.297536 0.415000
v 0.595515 0.298698 0.441302
v 0.555000 0.297536 0.462652
v 0.582464 0.325000 0.462652
v 0.581302 0.298698 0.455515
v 0.555000 0.510000 0.415000
v 0.555000 0.455000 0.470000
v 0.610000 0.455000 0.415000
v 0.555000 0.502652 0.442464
v 0.582464 0.502652 0.415000
v 0.581302 0.495515 0.441302
v 0.582464 0.455000 0.462652
v 0.555000 0.482464 0.462652
v 0.581302 0.481302 0.455515
v 0.602652 0.482464 0.415000
v 0.602652 0.455000 0.442464
v 0.595515 0.481302 0.441302
v 0.555000 0.270000 -0.415000
v 0.555000 0.325000 -0.470000
v 0.610000 0.325000 -0.415000
v 0.555000 0.277348 -0.442464
v 0.582464 0.277348 -0.415000
v 0.581302 0.284485 -0.441302
v 0.582464 0.325000 -0.462652
v 0.555000 0.297536 -0.462652
v 0.581302 0.298698 -0.455515
v 0.602652 0.297536 -0.415000
v 0.602652 0.325000 -0.442464
v 0.595515 0.298698 -0.441302
v 0.555000 0.510000 -0.415000
v 0.610000 0.455000 -0.415000
v 0.555000 0.455000 -0.470000
v 0.582464 0.502652 -0.415000
v 0.555000 0.502652 -0.442464
v 0.581302 0.495515 -0.441302
v 0.602652 0.455000 -0.442464
v 0.602652 0.482464 -0.415000
v 0.595515 0.481302 -0.441302
v 0.555000 0.482464 -0.462652
v 0.582464 0.455000 -0.462652
v 0.581302 0.481302 -0.455515
vn -0.2566 -0.9318 0.2566
vn -0.2178 -0.6901 0.6901
vn -0.2566 -0.2566 0.9318
vn -0.6901 -0.2178 0.6901
vn -0.9318 -0.2566 0.2566
vn -0.6901 -0.6901 0.2178
vn -0.5773 -0.5773 0.5774
vn -0.2566 0.2566 0.9318
vn -0.2178 0.6901 0.6901
vn -0.2566 0.9318 0.2566
vn -0.6901 0.6901 0.2178
vn -0.9318 0.2566 0.2566
vn -0.6901 0.2178 0.6901
vn -0.5773 0.5773 0.5774
vn -0.2566 -0.9318 -0.2566
vn -0.6901 -0.6901 -0.2178
vn -0.9318 -0.2566 -0.2566
vn -0.6901 -0.2178 -0.6901
vn -0.2566 -0.2566 -0.9318
vn -0.2178 -0.6901 -0.6901
vn -0.5773 -0.5773 -0.5774
vn -0.2566 0.9318 -0.2566
vn -0.2178 0.6901 -0.6901
vn -0.2566 0.2566 -0.9318
vn -0.6901 0.2178 -0.6901
vn -0.9318 0.2566 -0.2566
vn -0.6901 0.6901 -0.2178
vn -0.5773 0.5773 -0.5774
vn 0.2566 -0.9318 0.2566
vn 0.6901 -0.6901 0.2178
vn 0.9318 -0.2566 0.2566
vn 0.6901 -0.2178 0.6901
vn 0.2566 -0.2566 0.9318
vn 0.2178 -0.6901 0.6901
vn 0.5773 -0.5773 0.5774
vn 0.2566 0.9318 0.2566
vn 0.2178 0.6901 0.6901
vn 0.2566 0.2566 0.9318
vn 0.6901 0.2178 0.6901
vn 0.9318 0.2566 0.2566
vn 0.6901 0.6901 0.2178
vn 0.5773 0.5773 0.5774
vn 0.2566 -0.9318 -0.2566
vn 0.2178 -0.6901 -0.6901
vn 0.2566 -0.2566 -0.9318
vn 0.6901 -0.2178 -0.6901
vn 0.9318 -0.2566 -0.2566
vn 0.6901 -0.6901 -0.2178
vn 0.5773 -0.5773 -0.5774
vn 0.2566 0.9318 -0.2566
vn 0.6901 0.6901 -0.2178
vn 0.9318 0.2566 -0.2566
vn 0.6901 0.2178 -0.6901
vn 0.2566 0.2566 -0.9318
vn 0.2178 0.6901 -0.6901
vn 0.5773 0.5773 -0.5774
vn -0.2585 -0.9660 -0.0000
vn -0.7071 -0.7071 -0.0000
vn -0.9660 -0.2585 -0.0000
vn -0.2585 -0.0000 0.9660
vn -0.7071 -0.0000 0.7071
vn -0.9660 -0.0000 0.2585
vn -0.2585 0.9660 -0.0000
vn -0.7071 0.7071 -0.0000
vn -0.9660 0.2585 -0.0000
vn -0.2585 -0.0000 -0.9660
vn -0.7071 -0.0000 -0.7071
vn -0.9660 -0.0000 -0.2585
vn -0.0000 -0.9660 -0.2585
vn -0.0000 -0.7071 -0.7071
vn -0.0000 -0.2585 -0.9660
vn -0.0000 0.9660 -0.2585
vn -0.0000 0.7071 -0.7071
vn -0.0000 0.2585 -0.9660
vn 0.9660 -0.0000 -0.2585
vn 0.7071 -0.0000 -0.7071
vn 0.2585 -0.0000 -0.9660
vn 0.2585 -0.9660 -0.0000
vn 0.7071 -0.7071 -0.0000
vn 0.9660 -0.2585 -0.0000
vn 0.2585 0.9660 -0.0000
vn 0.7071 0.7071 -0.0000
vn 0.9660 0.2585 -0.0000
vn 0.2585 -0.0000 0.9660
vn 0.7071 -0.0000 0.7071
vn 0.9660 -0.0000 0.2585
vn -0.0000 -0.9660 0.2585
vn -0.0000 -0.7071 0.7071
vn -0.0000 -0.2585 0.9660
vn -0.0000 0.9660 0.2585
vn -0.0000 0.7071 0.7071
vn -0.0000 0.2585 0.9660
vn -0.0000 -1.0000 -0.0000
vn -1.0000 -0.0000 -0.0000
vn -0.0000 -0.0000 1.0000
vn -0.0000 1.0000 -0.0000
vn -0.0000 -0.0000 -1.0000
vn 1.0000 -0.0000 -0.0000
vt 0.136270 0.735372
vt 0.136270 0.742677
vt 0.130881 0.742367
vt 0.130643 0.735372
vt 0.136271 0.750000
vt 0.130881 0.750000
vt 0.432292 0.988729
vt 0.432292 1.000000
vt 0.375000 0.994119
vt 0.375000 0.988730
vt 0.432292 0.000000
vt 0.432292 0.007323
vt 0.375000 0.007633
vt 0.375000 0.000000
vt 0.432292 0.014628
vt 0.375000 0.014628
vt 0.125000 0.735372
vt 0.125000 0.742368
vt 0.567708 0.988729
vt 0.596317 0.988730
vt 0.595106 1.000000
vt 0.567708 1.000000
vt 0.625000 0.988729
vt 0.625000 1.000000
vt 0.863729 0.735372
vt 0.875000 0.735372
vt 0.875000 0.742368
vt 0.863729 0.750000
vt 0.625000 0.014628
vt 0.596317 0.014628
vt 0.595106 0.007633
vt 0.625000 0.007633
vt 0.567708 0.014628
vt 0.567708 0.007323
vt 0.567708 0.000000
vt 0.595106 0.000000
vt 0.136271 0.514628
vt 0.130643 0.514628
vt 0.130881 0.507633
vt 0.136271 0.507323
vt 0.125000 0.514628
vt 0.125000 0.507633
vt 0.432292 0.235372
vt 0.432292 0.242677
vt 0.375000 0.242367
vt 0.375000 0.235372
vt 0.432292 0.255643
vt 0.375000 0.255881
vt 0.432292 0.261270
vt 0.375000 0.261271
vt 0.136271 0.500000
vt 0.130881 0.500000
vt 0.863730 0.514628
vt 0.863729 0.500000
vt 0.875000 0.507632
vt 0.875000 0.514628
vt 0.625000 0.261270
vt 0.596317 0.261271
vt 0.595106 0.255128
vt 0.625000 0.245734
vt 0.567708 0.261270
vt 0.567708 0.255643
vt 0.567708 0.242677
vt 0.595106 0.242367
vt 0.567708 0.235372
vt 0.596317 0.235372
vt 0.625000 0.235372
vt 0.363730 0.735372
vt 0.369357 0.735372
vt 0.369119 0.742367
vt 0.363730 0.742677
vt 0.403683 0.735372
vt 0.402352 0.742368
vt 0.432292 0.735372
vt 0.432292 0.742677
vt 0.432292 0.755643
vt 0.372840 0.753721
vt 0.432292 0.761271
vt 0.369363 0.755634
vt 0.636270 0.735372
vt 0.630634 0.755637
vt 0.628721 0.752160
vt 0.630643 0.735372
vt 0.596317 0.761271
vt 0.595106 0.755881
vt 0.567708 0.761271
vt 0.567708 0.755643
vt 0.567708 0.742677
vt 0.595106 0.743188
vt 0.567708 0.735372
vt 0.596317 0.735372
vt 0.363730 0.514628
vt 0.363730 0.507323
vt 0.369119 0.507632
vt 0.369357 0.514628
vt 0.369363 0.494366
vt 0.372840 0.496279
vt 0.432292 0.488729
vt 0.432292 0.494357
vt 0.432292 0.507324
vt 0.402352 0.507633
vt 0.432292 0.514628
vt 0.403683 0.514628
vt 0.636271 0.514628
vt 0.630643 0.514628
vt 0.628721 0.497840
vt 0.630634 0.494363
vt 0.596317 0.514628
vt 0.595106 0.506812
vt 0.567708 0.514628
vt 0.567708 0.507323
vt 0.567708 0.494357
vt 0.595106 0.494119
vt 0.567708 0.488729
vt 0.596317 0.488730
s 0
usemtl OiledOak
f 225/329/213 228/330/213 230/331/213 229/332/213
f 228/330/214 232/333/214 233/334/214 230/331/214
f 226/335/215 231/336/215 233/337/215 232/338/215
f 231/339/216 235/340/216 236/341/216 233/342/216
f 227/343/217 234/344/217 236/341/217 235/340/217
f 234/345/218 229/332/218 230/331/218 236/346/218
f 230/331/219 233/334/219 236/346/219
f 237/347/220 240/348/220 242/349/220 241/350/220
f 240/348/221 244/351/221 245/352/221 242/349/221
f 238/353/222 243/354/222 245/355/222 244/356/222
f 243/357/223 247/358/223 248/359/223 245/360/223
f 239/361/224 246/362/224 248/359/224 247/358/224
f 246/362/225 241/363/225 242/364/225 248/359/225
f 242/364/226 245/360/226 248/359/226
f 249/365/227 252/366/227 254/367/227 253/368/227
f 252/366/228 256/369/228 257/370/228 254/367/228
f 250/371/229 255/372/229 257/373/229 256/374/229
f 255/372/230 259/375/230 260/376/230 257/373/230
f 251/377/231 258/378/231 260/376/231 259/375/231
f 258/379/232 253/368/232 254/367/232 260/380/232
f 254/367/233 257/370/233 260/380/233
f 261/381/234 264/382/234 266/383/234 265/384/234
f 264/385/235 268/386/235 269/387/235 266/388/235
f 262/389/236 267/390/236 269/387/236 268/386/236
f 267/390/237 271/391/237 272/392/237 269/387/237
f 263/393/238 270/394/238 272/392/238 271/391/238
f 270/394/239 265/395/239 266/388/239 272/392/239
f 266/388/240 269/387/240 272/392/240
f 273/396/241 276/397/241 278/398/241 277/399/241
f 276/397/242 280/400/242 281/401/242 278/398/242
f 274/402/243 279/403/243 281/401/243 280/400/243
f 279/403/244 283/404/244 284/405/244 281/401/244
f 275/406/245 282/407/245 284/405/245 283/404/245
f 282/407/246 277/399/246 278/398/246 284/405/246
f 278/398/247 281/401/247 284/405/247
f 285/408/248 288/409/248 290/410/248 289/411/248
f 288/409/249 292/412/249 293/413/249 290/410/249
f 286/414/250 291/415/250 293/413/250 292/412/250
f 291/415/251 295/416/251 296/417/251 293/413/251
f 287/418/252 294/419/252 296/417/252 295/416/252
f 294/419/253 289/411/253 290/410/253 296/417/253
f 290/410/254 293/413/254 296/417/254
f 297/420/255 300/421/255 302/422/255 301/423/255
f 300/421/256 304/424/256 305/425/256 302/422/256
f 298/426/257 303/427/257 305/425/257 304/424/257
f 303/427/258 307/428/258 308/429/258 305/425/258
f 299/430/259 306/431/259 308/429/259 307/428/259
f 306/431/260 301/423/260 302/422/260 308/429/260
f 302/422/261 305/425/261 308/429/261
f 309/432/262 312/433/262 314/434/262 313/435/262
f 312/433/263 316/436/263 317/437/263 314/434/263
f 310/438/264 315/439/264 317/437/264 316/436/264
f 315/439/265 319/440/265 320/441/265 317/437/265
f 311/442/266 318/443/266 320/441/266 319/440/266
f 318/443/267 313/435/267 314/434/267 320/441/267
f 314/434/268 317/437/268 320/441/268
f 249/365/269 225/329/269 229/332/269 252/366/269
f 252/366/270 229/332/270 234/345/270 256/369/270
f 256/374/271 234/344/271 227/343/271 250/371/271
f 226/335/272 237/347/272 241/350/272 231/336/272
f 231/339/273 241/363/273 246/362/273 235/340/273
f 235/340/274 246/362/274 239/361/274 227/343/274
f 238/353/275 261/381/275 265/384/275 243/354/275
f 243/357/276 265/395/276 270/394/276 247/358/276
f 247/358/277 270/394/277 263/393/277 239/361/277
f 262/389/278 251/377/278 259/375/278 267/390/278
f 267/390/279 259/375/279 255/372/279 271/391/279
f 271/391/280 255/372/280 250/371/280 263/393/280
f 297/420/281 249/365/281 253/368/281 300/421/281
f 300/421/282 253/368/282 258/379/282 304/424/282
f 304/424/283 258/378/283 251/377/283 298/426/283
f 261/381/284 309/432/284 313/435/284 264/382/284
f 264/385/285 313/435/285 318/443/285 268/386/285
f 268/386/286 318/443/286 311/442/286 262/389/286
f 310/438/287 299/430/287 307/428/287 315/439/287
f 315/439/288 307/428/288 303/427/288 319/440/288
f 319/440/289 303/427/289 298/426/289 311/442/289
f 273/396/290 297/420/290 301/423/290 276/397/290
f 276/397/291 301/423/291 306/431/291 280/400/291
f 280/400/292 306/431/292 299/430/292 274/402/292
f 309/432/293 285/408/293 289/411/293 312/433/293
f 312/433/294 289/411/294 294/419/294 316/436/294
f 316/436/295 294/419/295 287/418/295 310/438/295
f 286/414/296 275/406/296 283/404/296 291/415/296
f 291/415/297 283/404/297 279/403/297 295/416/297
f 295/416/298 279/403/298 274/402/298 287/418/298
f 225/329/299 273/396/299 277/399/299 228/330/299
f 228/330/300 277/399/300 282/407/300 232/333/300
f 232/338/301 282/407/301 275/406/301 226/335/301
f 285/408/302 238/353/302 244/356/302 288/409/302
f 288/409/303 244/351/303 240/348/303 292/412/303
f 292/412/304 240/348/304 237/347/304 286/414/304
f 249/365/305 297/420/305 273/396/305 225/329/305
f 227/343/306 239/361/306 263/393/306 250/371/306
f 275/406/307 286/414/307 237/347/307 226/335/307
f 309/432/308 261/381/308 238/353/308 285/408/308
f 251/377/309 262/389/309 311/442/309 298/426/309
f 299/430/310 310/438/310 287/418/310 274/402/310
o black_iron_pivot
v -0.315000 0.500000 0.285000
v -0.315000 0.535000 0.320000
v -0.350000 0.535000 0.285000
v -0.315000 0.504676 0.302477
v -0.332477 0.504676 0.285000
v -0.331737 0.509218 0.301737
v -0.332477 0.535000 0.315324
v -0.315000 0.517523 0.315324
v -0.331737 0.518263 0.310782
v -0.345324 0.517523 0.285000
v -0.345324 0.535000 0.302477
v -0.340782 0.518263 0.301737
v -0.315000 0.605000 0.320000
v -0.315000 0.640000 0.285000
v -0.350000 0.605000 0.285000
v -0.315000 0.622477 0.315324
v -0.332477 0.605000 0.315324
v -0.331737 0.621737 0.310782
v -0.332477 0.635324 0.285000
v -0.315000 0.635324 0.302477
v -0.331737 0.630782 0.301737
v -0.345324 0.605000 0.302477
v -0.345324 0.622477 0.285000
v -0.340782 0.621737 0.301737
v -0.315000 0.500000 -0.245000
v -0.350000 0.535000 -0.245000
v -0.315000 0.535000 -0.280000
v -0.332477 0.504676 -0.245000
v -0.315000 0.504676 -0.262477
v -0.331737 0.509218 -0.261737
v -0.345324 0.535000 -0.262477
v -0.345324 0.517523 -0.245000
v -0.340782 0.518263 -0.261737
v -0.315000 0.517523 -0.275324
v -0.332477 0.535000 -0.275324
v -0.331737 0.518263 -0.270782
v -0.315000 0.640000 -0.245000
v -0.315000 0.605000 -0.280000
v -0.350000 0.605000 -0.245000
v -0.315000 0.635324 -0.262477
v -0.332477 0.635324 -0.245000
v -0.331737 0.630782 -0.261737
v -0.332477 0.605000 -0.275324
v -0.315000 0.622477 -0.275324
v -0.331737 0.621737 -0.270782
v -0.345324 0.622477 -0.245000
v -0.345324 0.605000 -0.262477
v -0.340782 0.621737 -0.261737
v 0.315000 0.500000 0.285000
v 0.350000 0.535000 0.285000
v 0.315000 0.535000 0.320000
v 0.332477 0.504676 0.285000
v 0.315000 0.504676 0.302477
v 0.331737 0.509218 0.301737
v 0.345324 0.535000 0.302477
v 0.345324 0.517523 0.285000
v 0.340782 0.518263 0.301737
v 0.315000 0.517523 0.315324
v 0.332477 0.535000 0.315324
v 0.331737 0.518263 0.310782
v 0.315000 0.640000 0.285000
v 0.315000 0.605000 0.320000
v 0.350000 0.605000 0.285000
v 0.315000 0.635324 0.302477
v 0.332477 0.635324 0.285000
v 0.331737 0.630782 0.301737
v 0.332477 0.605000 0.315324
v 0.315000 0.622477 0.315324
v 0.331737 0.621737 0.310782
v 0.345324 0.622477 0.285000
v 0.345324 0.605000 0.302477
v 0.340782 0.621737 0.301737
v 0.315000 0.500000 -0.245000
v 0.315000 0.535000 -0.280000
v 0.350000 0.535000 -0.245000
v 0.315000 0.504676 -0.262477
v 0.332477 0.504676 -0.245000
v 0.331737 0.509218 -0.261737
v 0.332477 0.535000 -0.275324
v 0.315000 0.517523 -0.275324
v 0.331737 0.518263 -0.270782
v 0.345324 0.517523 -0.245000
v 0.345324 0.535000 -0.262477
v 0.340782 0.518263 -0.261737
v 0.315000 0.640000 -0.245000
v 0.350000 0.605000 -0.245000
v 0.315000 0.605000 -0.280000
v 0.332477 0.635324 -0.245000
v 0.315000 0.635324 -0.262477
v 0.331737 0.630782 -0.261737
v 0.345324 0.605000 -0.262477
v 0.345324 0.622477 -0.245000
v 0.340782 0.621737 -0.261737
v 0.315000 0.622477 -0.275324
v 0.332477 0.605000 -0.275324
v 0.331737 0.621737 -0.270782
vn -0.2566 -0.9318 0.2566
vn -0.2178 -0.6901 0.6901
vn -0.2566 -0.2566 0.9318
vn -0.6901 -0.2178 0.6901
vn -0.9318 -0.2566 0.2566
vn -0.6901 -0.6901 0.2178
vn -0.5774 -0.5773 0.5774
vn -0.2566 0.2566 0.9318
vn -0.2178 0.6901 0.6901
vn -0.2566 0.9318 0.2566
vn -0.6901 0.6901 0.2178
vn -0.9318 0.2566 0.2566
vn -0.6901 0.2178 0.6901
vn -0.5774 0.5773 0.5774
vn -0.2566 -0.9318 -0.2566
vn -0.6901 -0.6901 -0.2178
vn -0.9318 -0.2566 -0.2566
vn -0.6901 -0.2178 -0.6901
vn -0.2566 -0.2566 -0.9318
vn -0.2178 -0.6901 -0.6901
vn -0.5774 -0.5773 -0.5774
vn -0.2566 0.9318 -0.2566
vn -0.2178 0.6901 -0.6901
vn -0.2566 0.2566 -0.9318
vn -0.6901 0.2178 -0.6901
vn -0.9318 0.2566 -0.2566
vn -0.6901 0.6901 -0.2178
vn -0.5774 0.5773 -0.5774
vn 0.2566 -0.9318 0.2566
vn 0.6901 -0.6901 0.2178
vn 0.9318 -0.2566 0.2566
vn 0.6901 -0.2178 0.6901
vn 0.2566 -0.2566 0.9318
vn 0.2178 -0.6901 0.6901
vn 0.5774 -0.5773 0.5774
vn 0.2566 0.9318 0.2566
vn 0.2178 0.6901 0.6901
vn 0.2566 0.2566 0.9318
vn 0.6901 0.2178 0.6901
vn 0.9318 0.2566 0.2566
vn 0.6901 0.6901 0.2178
vn 0.5774 0.5773 0.5774
vn 0.2566 -0.9318 -0.2566
vn 0.2178 -0.6901 -0.6901
vn 0.2566 -0.2566 -0.9318
vn 0.6901 -0.2178 -0.6901
vn 0.9318 -0.2566 -0.2566
vn 0.6901 -0.6901 -0.2178
vn 0.5774 -0.5773 -0.5774
vn 0.2566 0.9318 -0.2566
vn 0.6901 0.6901 -0.2178
vn 0.9318 0.2566 -0.2566
vn 0.6901 0.2178 -0.6901
vn 0.2566 0.2566 -0.9318
vn 0.2178 0.6901 -0.6901
vn 0.5774 0.5773 -0.5774
vn -0.2585 -0.9660 -0.0000
vn -0.7071 -0.7071 -0.0000
vn -0.9660 -0.2585 -0.0000
vn -0.2585 -0.0000 0.9660
vn -0.7071 -0.0000 0.7071
vn -0.9660 -0.0000 0.2585
vn -0.2585 0.9660 -0.0000
vn -0.7071 0.7071 -0.0000
vn -0.9660 0.2585 -0.0000
vn -0.2585 -0.0000 -0.9660
vn -0.7071 -0.0000 -0.7071
vn -0.9660 -0.0000 -0.2585
vn -0.0000 -0.9660 -0.2585
vn -0.0000 -0.7071 -0.7071
vn -0.0000 -0.2585 -0.9660
vn -0.0000 0.9660 -0.2585
vn -0.0000 0.7071 -0.7071
vn -0.0000 0.2585 -0.9660
vn 0.9660 -0.0000 -0.2585
vn 0.7071 -0.0000 -0.7071
vn 0.2585 -0.0000 -0.9660
vn 0.2585 -0.9660 -0.0000
vn 0.7071 -0.7071 -0.0000
vn 0.9660 -0.2585 -0.0000
vn 0.2585 0.9660 -0.0000
vn 0.7071 0.7071 -0.0000
vn 0.9660 0.2585 -0.0000
vn 0.2585 -0.0000 0.9660
vn 0.7071 -0.0000 0.7071
vn 0.9660 -0.0000 0.2585
vn -0.0000 -0.9660 0.2585
vn -0.0000 -0.7071 0.7071
vn -0.0000 -0.2585 0.9660
vn -0.0000 0.9660 0.2585
vn -0.0000 0.7071 0.7071
vn -0.0000 0.2585 0.9660
vn -0.0000 -1.0000 -0.0000
vn -1.0000 -0.0000 -0.0000
vn -0.0000 -0.0000 1.0000
vn -0.0000 1.0000 -0.0000
vn -0.0000 -0.0000 -1.0000
vn 1.0000 -0.0000 -0.0000
vt 0.137500 0.735417
vt 0.137500 0.742699
vt 0.131522 0.742391
vt 0.131258 0.735417
vt 0.137500 0.750000
vt 0.131522 0.750000
vt 0.437500 0.987500
vt 0.437500 1.000000
vt 0.375000 0.993478
vt 0.375000 0.987500
vt 0.437500 0.000000
vt 0.437500 0.007301
vt 0.375000 0.007609
vt 0.375000 0.000000
vt 0.437500 0.014583
vt 0.375000 0.014583
vt 0.125000 0.735417
vt 0.125000 0.742391
vt 0.562500 0.987500
vt 0.593709 0.987500
vt 0.592388 1.000000
vt 0.562500 1.000000
vt 0.625000 0.987500
vt 0.625000 1.000000
vt 0.862500 0.735417
vt 0.875000 0.735417
vt 0.875000 0.742391
vt 0.862500 0.750000
vt 0.625000 0.014583
vt 0.593709 0.014583
vt 0.592388 0.007609
vt 0.625000 0.007609
vt 0.562500 0.014583
vt 0.562500 0.007301
vt 0.562500 0.000000
vt 0.592388 0.000000
vt 0.137500 0.514583
vt 0.131258 0.514583
vt 0.131522 0.507609
vt 0.137500 0.507301
vt 0.125000 0.514583
vt 0.125000 0.507609
vt 0.437500 0.235417
vt 0.437500 0.242699
vt 0.375000 0.242391
vt 0.375000 0.235417
vt 0.437500 0.256258
vt 0.375000 0.256522
vt 0.437500 0.262500
vt 0.375000 0.262500
vt 0.137500 0.500000
vt 0.131522 0.500000
vt 0.862500 0.514583
vt 0.862500 0.500000
vt 0.875000 0.507609
vt 0.875000 0.514583
vt 0.625000 0.262500
vt 0.593709 0.262500
vt 0.592388 0.255721
vt 0.625000 0.245747
vt 0.562500 0.262500
vt 0.562500 0.256258
vt 0.562500 0.242699
vt 0.592388 0.242391
vt 0.562500 0.235417
vt 0.593709 0.235417
vt 0.625000 0.235417
vt 0.362500 0.735417
vt 0.368742 0.735417
vt 0.368478 0.742391
vt 0.362500 0.742699
vt 0.406291 0.735417
vt 0.404834 0.742391
vt 0.437500 0.735417
vt 0.437500 0.742699
vt 0.437500 0.756258
vt 0.372605 0.754127
vt 0.437500 0.762500
vt 0.368750 0.756250
vt 0.637500 0.735417
vt 0.631250 0.756250
vt 0.629127 0.752395
vt 0.631258 0.735417
vt 0.593709 0.762500
vt 0.592388 0.756522
vt 0.562500 0.762500
vt 0.562500 0.756258
vt 0.562500 0.742699
vt 0.592388 0.743234
vt 0.562500 0.735417
vt 0.593709 0.735417
vt 0.362500 0.514583
vt 0.362500 0.507301
vt 0.368478 0.507609
vt 0.368742 0.514583
vt 0.368750 0.493750
vt 0.372605 0.495873
vt 0.437500 0.487500
vt 0.437500 0.493742
vt 0.437500 0.507301
vt 0.404834 0.507609
vt 0.437500 0.514583
vt 0.406291 0.514583
vt 0.637500 0.514583
vt 0.631258 0.514583
vt 0.629127 0.497605
vt 0.631250 0.493750
vt 0.593709 0.514583
vt 0.592388 0.506766
vt 0.562500 0.514583
vt 0.562500 0.507301
vt 0.562500 0.493742
vt 0.592388 0.493478
vt 0.562500 0.487500
vt 0.593709 0.487500
s 0
usemtl BlackIron
f 321/444/311 324/445/311 326/446/311 325/447/311
f 324/445/312 328/448/312 329/449/312 326/446/312
f 322/450/313 327/451/313 329/452/313 328/453/313
f 327/454/314 331/455/314 332/456/314 329/457/314
f 323/458/315 330/459/315 332/456/315 331/455/315
f 330/460/316 325/447/316 326/446/316 332/461/316
f 326/446/317 329/449/317 332/461/317
f 333/462/318 336/463/318 338/464/318 337/465/318
f 336/463/319 340/466/319 341/467/319 338/464/319
f 334/468/320 339/469/320 341/470/320 340/471/320
f 339/472/321 343/473/321 344/474/321 341/475/321
f 335/476/322 342/477/322 344/474/322 343/473/322
f 342/477/323 337/478/323 338/479/323 344/474/323
f 338/479/324 341/475/324 344/474/324
f 345/480/325 348/481/325 350/482/325 349/483/325
f 348/481/326 352/484/326 353/485/326 350/482/326
f 346/486/327 351/487/327 353/488/327 352/489/327
f 351/487/328 355/490/328 356/491/328 353/488/328
f 347/492/329 354/493/329 356/491/329 355/490/329
f 354/494/330 349/483/330 350/482/330 356/495/330
f 350/482/331 353/485/331 356/495/331
f 357/496/332 360/497/332 362/498/332 361/499/332
f 360/500/333 364/501/333 365/502/333 362/503/333
f 358/504/334 363/505/334 365/502/334 364/501/334
f 363/505/335 367/506/335 368/507/335 365/502/335
f 359/508/336 366/509/336 368/507/336 367/506/336
f 366/509/337 361/510/337 362/503/337 368/507/337
f 362/503/338 365/502/338 368/507/338
f 369/511/339 372/512/339 374/513/339 373/514/339
f 372/512/340 376/515/340 377/516/340 374/513/340
f 370/517/341 375/518/341 377/516/341 376/515/341
f 375/518/342 379/519/342 380/520/342 377/516/342
f 371/521/343 378/522/343 380/520/343 379/519/343
f 378/522/344 373/514/344 374/513/344 380/520/344
f 374/513/345 377/516/345 380/520/345
f 381/523/346 384/524/346 386/525/346 385/526/346
f 384/524/347 388/527/347 389/528/347 386/525/347
f 382/529/348 387/530/348 389/528/348 388/527/348
f 387/530/349 391/531/349 392/532/349 389/528/349
f 383/533/350 390/534/350 392/532/350 391/531/350
f 390/534/351 385/526/351 386/525/351 392/532/351
f 386/525/352 389/528/352 392/532/352
f 393/535/353 396/536/353 398/537/353 397/538/353
f 396/536/354 400/539/354 401/540/354 398/537/354
f 394/541/355 399/542/355 401/540/355 400/539/355
f 399/542/356 403/543/356 404/544/356 401/540/356
f 395/545/357 402/546/357 404/544/357 403/543/357
f 402/546/358 397/538/358 398/537/358 404/544/358
f 398/537/359 401/540/359 404/544/359
f 405/547/360 408/548/360 410/549/360 409/550/360
f 408/548/361 412/551/361 413/552/361 410/549/361
f 406/553/362 411/554/362 413/552/362 412/551/362
f 411/554/363 415/555/363 416/556/363 413/552/363
f 407/557/364 414/558/364 416/556/364 415/555/364
f 414/558/365 409/550/365 410/549/365 416/556/365
f 410/549/366 413/552/366 416/556/366
f 345/480/367 321/444/367 325/447/367 348/481/367
f 348/481/368 325/447/368 330/460/368 352/484/368
f 352/489/369 330/459/369 323/458/369 346/486/369
f 322/450/370 333/462/370 337/465/370 327/451/370
f 327/454/371 337/478/371 342/477/371 331/455/371
f 331/455/372 342/477/372 335/476/372 323/458/372
f 334/468/373 357/496/373 361/499/373 339/469/373
f 339/472/374 361/510/374 366/509/374 343/473/374
f 343/473/375 366/509/375 359/508/375 335/476/375
f 358/504/376 347/492/376 355/490/376 363/505/376
f 363/505/377 355/490/377 351/487/377 367/506/377
f 367/506/378 351/487/378 346/486/378 359/508/378
f 393/535/379 345/480/379 349/483/379 396/536/379
f 396/536/380 349/483/380 354/494/380 400/539/380
f 400/539/381 354/493/381 347/492/381 394/541/381
f 357/496/382 405/547/382 409/550/382 360/497/382
f 360/500/383 409/550/383 414/558/383 364/501/383
f 364/501/384 414/558/384 407/557/384 358/504/384
f 406/553/385 395/545/385 403/543/385 411/554/385
f 411/554/386 403/543/386 399/542/386 415/555/386
f 415/555/387 399/542/387 394/541/387 407/557/387
f 369/511/388 393/535/388 397/538/388 372/512/388
f 372/512/389 397/538/389 402/546/389 376/515/389
f 376/515/390 402/546/390 395/545/390 370/517/390
f 405/547/391 381/523/391 385/526/391 408/548/391
f 408/548/392 385/526/392 390/534/392 412/551/392
f 412/551/393 390/534/393 383/533/393 406/553/393
f 382/529/394 371/521/394 379/519/394 387/530/394
f 387/530/395 379/519/395 375/518/395 391/531/395
f 391/531/396 375/518/396 370/517/396 383/533/396
f 321/444/397 369/511/397 373/514/397 324/445/397
f 324/445/398 373/514/398 378/522/398 328/448/398
f 328/453/399 378/522/399 371/521/399 322/450/399
f 381/523/400 334/468/400 340/471/400 384/524/400
f 384/524/401 340/466/401 336/463/401 388/527/401
f 388/527/402 336/463/402 333/462/402 382/529/402
f 345/480/403 393/535/403 369/511/403 321/444/403
f 323/458/404 335/476/404 359/508/404 346/486/404
f 371/521/405 382/529/405 333/462/405 322/450/405
f 405/547/406 357/496/406 334/468/406 381/523/406
f 347/492/407 358/504/407 407/557/407 394/541/407
f 395/545/408 406/553/408 383/533/408 370/517/408
o demon_stock
v -0.070000 0.710000 0.650000
v -0.070000 0.750000 0.690000
v -0.110000 0.750000 0.650000
v -0.070000 0.715344 0.669974
v -0.089974 0.715344 0.650000
v -0.089128 0.720535 0.669128
v -0.089974 0.750000 0.684656
v -0.070000 0.730026 0.684656
v -0.089128 0.730872 0.679465
v -0.104656 0.730026 0.650000
v -0.104656 0.750000 0.669974
v -0.099465 0.730872 0.669128
v -0.070000 0.850000 0.690000
v -0.070000 0.890000 0.650000
v -0.110000 0.850000 0.650000
v -0.070000 0.869974 0.684656
v -0.089974 0.850000 0.684656
v -0.089128 0.869128 0.679465
v -0.089974 0.884656 0.650000
v -0.070000 0.884656 0.669974
v -0.089128 0.879465 0.669128
v -0.104656 0.850000 0.669974
v -0.104656 0.869974 0.650000
v -0.099465 0.869128 0.669128
v -0.070000 0.710000 -0.450000
v -0.110000 0.750000 -0.450000
v -0.070000 0.750000 -0.490000
v -0.089974 0.715344 -0.450000
v -0.070000 0.715344 -0.469974
v -0.089128 0.720535 -0.469128
v -0.104656 0.750000 -0.469974
v -0.104656 0.730026 -0.450000
v -0.099465 0.730872 -0.469128
v -0.070000 0.730026 -0.484656
v -0.089974 0.750000 -0.484656
v -0.089128 0.730872 -0.479465
v -0.070000 0.890000 -0.450000
v -0.070000 0.850000 -0.490000
v -0.110000 0.850000 -0.450000
v -0.070000 0.884656 -0.469974
v -0.089974 0.884656 -0.450000
v -0.089128 0.879465 -0.469128
v -0.089974 0.850000 -0.484656
v -0.070000 0.869974 -0.484656
v -0.089128 0.869128 -0.479465
v -0.104656 0.869974 -0.450000
v -0.104656 0.850000 -0.469974
v -0.099465 0.869128 -0.469128
v 0.070000 0.710000 0.650000
v 0.110000 0.750000 0.650000
v 0.070000 0.750000 0.690000
v 0.089974 0.715344 0.650000
v 0.070000 0.715344 0.669974
v 0.089128 0.720535 0.669128
v 0.104656 0.750000 0.669974
v 0.104656 0.730026 0.650000
v 0.099465 0.730872 0.669128
v 0.070000 0.730026 0.684656
v 0.089974 0.750000 0.684656
v 0.089128 0.730872 0.679465
v 0.070000 0.890000 0.650000
v 0.070000 0.850000 0.690000
v 0.110000 0.850000 0.650000
v 0.070000 0.884656 0.669974
v 0.089974 0.884656 0.650000
v 0.089128 0.879465 0.669128
v 0.089974 0.850000 0.684656
v 0.070000 0.869974 0.684656
v 0.089128 0.869128 0.679465
v 0.104656 0.869974 0.650000
v 0.104656 0.850000 0.669974
v 0.099465 0.869128 0.669128
v 0.070000 0.710000 -0.450000
v 0.070000 0.750000 -0.490000
v 0.110000 0.750000 -0.450000
v 0.070000 0.715344 -0.469974
v 0.089974 0.715344 -0.450000
v 0.089128 0.720535 -0.469128
v 0.089974 0.750000 -0.484656
v 0.070000 0.730026 -0.484656
v 0.089128 0.730872 -0.479465
v 0.104656 0.730026 -0.450000
v 0.104656 0.750000 -0.469974
v 0.099465 0.730872 -0.469128
v 0.070000 0.890000 -0.450000
v 0.110000 0.850000 -0.450000
v 0.070000 0.850000 -0.490000
v 0.089974 0.884656 -0.450000
v 0.070000 0.884656 -0.469974
v 0.089128 0.879465 -0.469128
v 0.104656 0.850000 -0.469974
v 0.104656 0.869974 -0.450000
v 0.099465 0.869128 -0.469128
v 0.070000 0.869974 -0.484656
v 0.089974 0.850000 -0.484656
v 0.089128 0.869128 -0.479465
vn -0.2566 -0.9318 0.2566
vn -0.2178 -0.6901 0.6901
vn -0.2566 -0.2566 0.9318
vn -0.6901 -0.2178 0.6901
vn -0.9318 -0.2566 0.2566
vn -0.6901 -0.6901 0.2178
vn -0.5773 -0.5774 0.5774
vn -0.2566 0.2566 0.9318
vn -0.2178 0.6901 0.6901
vn -0.2566 0.9318 0.2566
vn -0.6901 0.6901 0.2178
vn -0.9318 0.2566 0.2566
vn -0.6901 0.2178 0.6901
vn -0.5774 0.5773 0.5774
vn -0.2566 -0.9318 -0.2566
vn -0.6901 -0.6901 -0.2178
vn -0.9318 -0.2566 -0.2566
vn -0.6901 -0.2178 -0.6901
vn -0.2566 -0.2566 -0.9318
vn -0.2178 -0.6901 -0.6901
vn -0.5774 -0.5774 -0.5773
vn -0.2566 0.9318 -0.2566
vn -0.2178 0.6901 -0.6901
vn -0.2566 0.2566 -0.9318
vn -0.6901 0.2178 -0.6901
vn -0.9318 0.2566 -0.2566
vn -0.6901 0.6901 -0.2178
vn -0.5773 0.5774 -0.5774
vn 0.2566 -0.9318 0.2566
vn 0.6901 -0.6901 0.2178
vn 0.9318 -0.2566 0.2566
vn 0.6901 -0.2178 0.6901
vn 0.2566 -0.2566 0.9318
vn 0.2178 -0.6901 0.6901
vn 0.5774 -0.5774 0.5773
vn 0.2566 0.9318 0.2566
vn 0.2178 0.6901 0.6901
vn 0.2566 0.2566 0.9318
vn 0.6901 0.2178 0.6901
vn 0.9318 0.2566 0.2566
vn 0.6901 0.6901 0.2178
vn 0.5773 0.5774 0.5774
vn 0.2566 -0.9318 -0.2566
vn 0.2178 -0.6901 -0.6901
vn 0.2566 -0.2566 -0.9318
vn 0.6901 -0.2178 -0.6901
vn 0.9318 -0.2566 -0.2566
vn 0.6901 -0.6901 -0.2178
vn 0.5773 -0.5774 -0.5774
vn 0.2566 0.9318 -0.2566
vn 0.6901 0.6901 -0.2178
vn 0.9318 0.2566 -0.2566
vn 0.6901 0.2178 -0.6901
vn 0.2566 0.2566 -0.9318
vn 0.2178 0.6901 -0.6901
vn 0.5774 0.5774 -0.5773
vn -0.2585 -0.9660 -0.0000
vn -0.7071 -0.7071 -0.0000
vn -0.9660 -0.2585 -0.0000
vn -0.2585 -0.0000 0.9660
vn -0.7071 -0.0000 0.7071
vn -0.9660 -0.0000 0.2585
vn -0.2585 0.9660 -0.0000
vn -0.7071 0.7071 -0.0000
vn -0.9660 0.2585 -0.0000
vn -0.2585 -0.0000 -0.9660
vn -0.7071 -0.0000 -0.7071
vn -0.9660 -0.0000 -0.2585
vn -0.0000 -0.9660 -0.2585
vn -0.0000 -0.7071 -0.7071
vn -0.0000 -0.2585 -0.9660
vn -0.0000 0.9660 -0.2585
vn -0.0000 0.7071 -0.7071
vn -0.0000 0.2585 -0.9660
vn 0.9660 -0.0000 -0.2585
vn 0.7071 -0.0000 -0.7071
vn 0.2585 -0.0000 -0.9660
vn 0.2585 -0.9660 -0.0000
vn 0.7071 -0.7071 -0.0000
vn 0.9660 -0.2585 -0.0000
vn 0.2585 0.9660 -0.0000
vn 0.7071 0.7071 -0.0000
vn 0.9660 0.2585 -0.0000
vn 0.2585 -0.0000 0.9660
vn 0.7071 -0.0000 0.7071
vn 0.9660 -0.0000 0.2585
vn -0.0000 -0.9660 0.2585
vn -0.0000 -0.7071 0.7071
vn -0.0000 -0.2585 0.9660
vn -0.0000 0.9660 0.2585
vn -0.0000 0.7071 0.7071
vn -0.0000 0.2585 0.9660
vn -0.0000 -1.0000 -0.0000
vn -1.0000 -0.0000 -0.0000
vn -0.0000 -0.0000 1.0000
vn -0.0000 1.0000 -0.0000
vn -0.0000 -0.0000 -1.0000
vn 1.0000 -0.0000 -0.0000
vt 0.170455 0.741525
vt 0.170455 0.745757
vt 0.148718 0.745578
vt 0.147757 0.741525
vt 0.170455 0.750000
vt 0.148718 0.750000
vt 0.430556 0.954545
vt 0.430556 1.000000
vt 0.375000 0.976282
vt 0.375000 0.954545
vt 0.430556 0.000000
vt 0.430555 0.004243
vt 0.375000 0.004422
vt 0.375000 0.000000
vt 0.430556 0.008475
vt 0.375000 0.008475
vt 0.125000 0.741525
vt 0.125000 0.745578
vt 0.569444 0.954545
vt 0.597186 0.954545
vt 0.596012 1.000000
vt 0.569444 1.000000
vt 0.625000 0.954545
vt 0.625000 1.000000
vt 0.829545 0.741525
vt 0.875000 0.741525
vt 0.875000 0.745578
vt 0.829545 0.750000
vt 0.625000 0.008475
vt 0.597186 0.008475
vt 0.596012 0.004422
vt 0.625000 0.004422
vt 0.569444 0.008475
vt 0.569444 0.004243
vt 0.569444 0.000000
vt 0.596012 0.000000
vt 0.170455 0.508475
vt 0.147757 0.508475
vt 0.148718 0.504422
vt 0.170455 0.504243
vt 0.125000 0.508475
vt 0.125000 0.504422
vt 0.430556 0.241525
vt 0.430556 0.245757
vt 0.375000 0.245578
vt 0.375000 0.241525
vt 0.430556 0.272757
vt 0.375000 0.273718
vt 0.430556 0.295455
vt 0.375000 0.295455
vt 0.170455 0.500000
vt 0.148718 0.500000
vt 0.829545 0.508475
vt 0.829545 0.500000
vt 0.875000 0.504422
vt 0.875000 0.508475
vt 0.625000 0.295455
vt 0.597186 0.295455
vt 0.596012 0.271710
vt 0.625000 0.247529
vt 0.569444 0.295455
vt 0.569444 0.272757
vt 0.569444 0.245757
vt 0.596012 0.245578
vt 0.569444 0.241525
vt 0.597186 0.241525
vt 0.625000 0.241525
vt 0.329545 0.741525
vt 0.352243 0.741525
vt 0.351282 0.745578
vt 0.329545 0.745757
vt 0.402814 0.741525
vt 0.400819 0.745578
vt 0.430556 0.741525
vt 0.430556 0.745757
vt 0.430556 0.772757
vt 0.366289 0.765007
vt 0.430556 0.795455
vt 0.352449 0.772904
vt 0.670455 0.741525
vt 0.647904 0.772550
vt 0.640007 0.758711
vt 0.647757 0.741525
vt 0.597186 0.795455
vt 0.596012 0.773718
vt 0.569444 0.795454
vt 0.569444 0.772757
vt 0.569444 0.745757
vt 0.596012 0.746846
vt 0.569444 0.741525
vt 0.597186 0.741526
vt 0.329545 0.508475
vt 0.329545 0.504243
vt 0.351282 0.504422
vt 0.352243 0.508475
vt 0.352449 0.477096
vt 0.366289 0.484993
vt 0.430556 0.454546
vt 0.430556 0.477243
vt 0.430556 0.504243
vt 0.400819 0.504422
vt 0.430556 0.508475
vt 0.402814 0.508475
vt 0.670455 0.508475
vt 0.647757 0.508475
vt 0.640007 0.491289
vt 0.647904 0.477449
vt 0.597186 0.508475
vt 0.596012 0.503154
vt 0.569444 0.508475
vt 0.569444 0.504243
vt 0.569444 0.477243
vt 0.596012 0.476282
vt 0.569445 0.454545
vt 0.597186 0.454545
s 0
usemtl OiledOak
f 417/559/409 420/560/409 422/561/409 421/562/409
f 420/560/410 424/563/410 425/564/410 422/561/410
f 418/565/411 423/566/411 425/567/411 424/568/411
f 423/569/412 427/570/412 428/571/412 425/572/412
f 419/573/413 426/574/413 428/571/413 427/570/413
f 426/575/414 421/562/414 422/561/414 428/576/414
f 422/561/415 425/564/415 428/576/415
f 429/577/416 432/578/416 434/579/416 433/580/416
f 432/578/417 436/581/417 437/582/417 434/579/417
f 430/583/418 435/584/418 437/585/418 436/586/418
f 435/587/419 439/588/419 440/589/419 437/590/419
f 431/591/420 438/592/420 440/589/420 439/588/420
f 438/592/421 433/593/421 434/594/421 440/589/421
f 434/594/422 437/590/422 440/589/422
f 441/595/423 444/596/423 446/597/423 445/598/423
f 444/596/424 448/599/424 449/600/424 446/597/424
f 442/601/425 447/602/425 449/603/425 448/604/425
f 447/602/426 451/605/426 452/606/426 449/603/426
f 443/607/427 450/608/427 452/606/427 451/605/427
f 450/609/428 445/598/428 446/597/428 452/610/428
f 446/597/429 449/600/429 452/610/429
f 453/611/430 456/612/430 458/613/430 457/614/430
f 456/615/431 460/616/431 461/617/431 458/618/431
f 454/619/432 459/620/432 461/617/432 460/616/432
f 459/620/433 463/621/433 464/622/433 461/617/433
f 455/623/434 462/624/434 464/622/434 463/621/434
f 462/624/435 457/625/435 458/618/435 464/622/435
f 458/618/436 461/617/436 464/622/436
f 465/626/437 468/627/437 470/628/437 469/629/437
f 468/627/438 472/630/438 473/631/438 470/628/438
f 466/632/439 471/633/439 473/631/439 472/630/439
f 471/633/440 475/634/440 476/635/440 473/631/440
f 467/636/441 474/637/441 476/635/441 475/634/441
f 474/637/442 469/629/442 470/628/442 476/635/442
f 470/628/443 473/631/443 476/635/443
f 477/638/444 480/639/444 482/640/444 481/641/444
f 480/639/445 484/642/445 485/643/445 482/640/445
f 478/644/446 483/645/446 485/643/446 484/642/446
f 483/645/447 487/646/447 488/647/447 485/643/447
f 479/648/448 486/649/448 488/647/448 487/646/448
f 486/649/449 481/641/449 482/640/449 488/647/449
f 482/640/450 485/643/450 488/647/450
f 489/650/451 492/651/451 494/652/451 493/653/451
f 492/651/452 496/654/452 497/655/452 494/652/452
f 490/656/453 495/657/453 497/655/453 496/654/453
f 495/657/454 499/658/454 500/659/454 497/655/454
f 491/660/455 498/661/455 500/659/455 499/658/455
f 498/661/456 493/653/456 494/652/456 500/659/456
f 494/652/457 497/655/457 500/659/457
f 501/662/458 504/663/458 506/664/458 505/665/458
f 504/663/459 508/666/459 509/667/459 506/664/459
f 502/668/460 507/669/460 509/667/460 508/666/460
f 507/669/461 511/670/461 512/671/461 509/667/461
f 503/672/462 510/673/462 512/671/462 511/670/462
f 510/673/463 505/665/463 506/664/463 512/671/463
f 506/664/464 509/667/464 512/671/464
f 441/595/465 417/559/465 421/562/465 444/596/465
f 444/596/466 421/562/466 426/575/466 448/599/466
f 448/604/467 426/574/467 419/573/467 442/601/467
f 418/565/468 429/577/468 433/580/468 423/566/468
f 423/569/469 433/593/469 438/592/469 427/570/469
f 427/570/470 438/592/470 431/591/470 419/573/470
f 430/583/471 453/611/471 457/614/471 435/584/471
f 435/587/472 457/625/472 462/624/472 439/588/472
f 439/588/473 462/624/473 455/623/473 431/591/473
f 454/619/474 443/607/474 451/605/474 459/620/474
f 459/620/475 451/605/475 447/602/475 463/621/475
f 463/621/476 447/602/476 442/601/476 455/623/476
f 489/650/477 441/595/477 445/598/477 492/651/477
f 492/651/478 445/598/478 450/609/478 496/654/478
f 496/654/479 450/608/479 443/607/479 490/656/479
f 453/611/480 501/662/480 505/665/480 456/612/480
f 456/615/481 505/665/481 510/673/481 460/616/481
f 460/616/482 510/673/482 503/672/482 454/619/482
f 502/668/483 491/660/483 499/658/483 507/669/483
f 507/669/484 499/658/484 495/657/484 511/670/484
f 511/670/485 495/657/485 490/656/485 503/672/485
f 465/626/486 489/650/486 493/653/486 468/627/486
f 468/627/487 493/653/487 498/661/487 472/630/487
f 472/630/488 498/661/488 491/660/488 466/632/488
f 501/662/489 477/638/489 481/641/489 504/663/489
f 504/663/490 481/641/490 486/649/490 508/666/490
f 508/666/491 486/649/491 479/648/491 502/668/491
f 478/644/492 467/636/492 475/634/492 483/645/492
f 483/645/493 475/634/493 471/633/493 487/646/493
f 487/646/494 471/633/494 466/632/494 479/648/494
f 417/559/495 465/626/495 469/629/495 420/560/495
f 420/560/496 469/629/496 474/637/496 424/563/496
f 424/568/497 474/637/497 467/636/497 418/565/497
f 477/638/498 430/583/498 436/586/498 480/639/498
f 480/639/499 436/581/499 432/578/499 484/642/499
f 484/642/500 432/578/500 429/577/500 478/644/500
f 441/595/501 489/650/501 465/626/501 417/559/501
f 419/573/502 431/591/502 455/623/502 442/601/502
f 467/636/503 478/644/503 429/577/503 418/565/503
f 501/662/504 453/611/504 430/583/504 477/638/504
f 443/607/505 454/619/505 503/672/505 490/656/505
f 491/660/506 502/668/506 479/648/506 466/632/506
o iron_demon_guide
v -0.030000 0.880000 0.760000
v -0.030000 0.900000 0.780000
v -0.050000 0.900000 0.760000
v -0.030000 0.882672 0.769987
v -0.039987 0.882672 0.760000
v -0.039564 0.885267 0.769564
v -0.039987 0.900000 0.777328
v -0.030000 0.890013 0.777328
v -0.039564 0.890436 0.774733
v -0.047328 0.890013 0.760000
v -0.047328 0.900000 0.769987
v -0.044733 0.890436 0.769564
v -0.030000 0.960000 0.780000
v -0.030000 0.980000 0.760000
v -0.050000 0.960000 0.760000
v -0.030000 0.969987 0.777328
v -0.039987 0.960000 0.777328
v -0.039564 0.969564 0.774733
v -0.039987 0.977328 0.760000
v -0.030000 0.977328 0.769987
v -0.039564 0.974733 0.769564
v -0.047328 0.960000 0.769987
v -0.047328 0.969987 0.760000
v -0.044733 0.969564 0.769564
v -0.030000 0.880000 0.080000
v -0.050000 0.900000 0.080000
v -0.030000 0.900000 0.060000
v -0.039987 0.882672 0.080000
v -0.030000 0.882672 0.070013
v -0.039564 0.885267 0.070436
v -0.047328 0.900000 0.070013
v -0.047328 0.890013 0.080000
v -0.044733 0.890436 0.070436
v -0.030000 0.890013 0.062672
v -0.039987 0.900000 0.062672
v -0.039564 0.890436 0.065267
v -0.030000 0.980000 0.080000
v -0.030000 0.960000 0.060000
v -0.050000 0.960000 0.080000
v -0.030000 0.977328 0.070013
v -0.039987 0.977328 0.080000
v -0.039564 0.974733 0.070436
v -0.039987 0.960000 0.062672
v -0.030000 0.969987 0.062672
v -0.039564 0.969564 0.065267
v -0.047328 0.969987 0.080000
v -0.047328 0.960000 0.070013
v -0.044733 0.969564 0.070436
v 0.030000 0.880000 0.760000
v 0.050000 0.900000 0.760000
v 0.030000 0.900000 0.780000
v 0.039987 0.882672 0.760000
v 0.030000 0.882672 0.769987
v 0.039564 0.885267 0.769564
v 0.047328 0.900000 0.769987
v 0.047328 0.890013 0.760000
v 0.044733 0.890436 0.769564
v 0.030000 0.890013 0.777328
v 0.039987 0.900000 0.777328
v 0.039564 0.890436 0.774733
v 0.030000 0.980000 0.760000
v 0.030000 0.960000 0.780000
v 0.050000 0.960000 0.760000
v 0.030000 0.977328 0.769987
v 0.039987 0.977328 0.760000
v 0.039564 0.974733 0.769564
v 0.039987 0.960000 0.777328
v 0.030000 0.969987 0.777328
v 0.039564 0.969564 0.774733
v 0.047328 0.969987 0.760000
v 0.047328 0.960000 0.769987
v 0.044733 0.969564 0.769564
v 0.030000 0.880000 0.080000
v 0.030000 0.900000 0.060000
v 0.050000 0.900000 0.080000
v 0.030000 0.882672 0.070013
v 0.039987 0.882672 0.080000
v 0.039564 0.885267 0.070436
v 0.039987 0.900000 0.062672
v 0.030000 0.890013 0.062672
v 0.039564 0.890436 0.065267
v 0.047328 0.890013 0.080000
v 0.047328 0.900000 0.070013
v 0.044733 0.890436 0.070436
v 0.030000 0.980000 0.080000
v 0.050000 0.960000 0.080000
v 0.030000 0.960000 0.060000
v 0.039987 0.977328 0.080000
v 0.030000 0.977328 0.070013
v 0.039564 0.974733 0.070436
v 0.047328 0.960000 0.070013
v 0.047328 0.969987 0.080000
v 0.044733 0.969564 0.070436
v 0.030000 0.969987 0.062672
v 0.039987 0.960000 0.062672
v 0.039564 0.969564 0.065267
vn -0.2566 -0.9318 0.2566
vn -0.2178 -0.6901 0.6901
vn -0.2566 -0.2566 0.9318
vn -0.6901 -0.2178 0.6901
vn -0.9318 -0.2566 0.2566
vn -0.6901 -0.6901 0.2178
vn -0.5773 -0.5774 0.5773
vn -0.2566 0.2566 0.9318
vn -0.2178 0.6901 0.6901
vn -0.2566 0.9318 0.2566
vn -0.6901 0.6901 0.2178
vn -0.9318 0.2566 0.2566
vn -0.6901 0.2178 0.6901
vn -0.5774 0.5773 0.5774
vn -0.2566 -0.9318 -0.2566
vn -0.6901 -0.6901 -0.2178
vn -0.9318 -0.2566 -0.2566
vn -0.6901 -0.2178 -0.6901
vn -0.2566 -0.2566 -0.9318
vn -0.2178 -0.6901 -0.6901
vn -0.5774 -0.5774 -0.5773
vn -0.2566 0.9318 -0.2566
vn -0.2178 0.6901 -0.6901
vn -0.2566 0.2566 -0.9318
vn -0.6901 0.2178 -0.6901
vn -0.9318 0.2566 -0.2566
vn -0.6901 0.6901 -0.2178
vn -0.5773 0.5774 -0.5773
vn 0.2566 -0.9318 0.2566
vn 0.6901 -0.6901 0.2178
vn 0.9318 -0.2566 0.2566
vn 0.6901 -0.2178 0.6901
vn 0.2566 -0.2566 0.9318
vn 0.2178 -0.6901 0.6901
vn 0.5774 -0.5774 0.5773
vn 0.2566 0.9318 0.2566
vn 0.2178 0.6901 0.6901
vn 0.2566 0.2566 0.9318
vn 0.6901 0.2178 0.6901
vn 0.9318 0.2566 0.2566
vn 0.6901 0.6901 0.2178
vn 0.5773 0.5774 0.5773
vn 0.2566 -0.9318 -0.2566
vn 0.2178 -0.6901 -0.6901
vn 0.2566 -0.2566 -0.9318
vn 0.6901 -0.2178 -0.6901
vn 0.9318 -0.2566 -0.2566
vn 0.6901 -0.6901 -0.2178
vn 0.5773 -0.5774 -0.5773
vn 0.2566 0.9318 -0.2566
vn 0.6901 0.6901 -0.2178
vn 0.9318 0.2566 -0.2566
vn 0.6901 0.2178 -0.6901
vn 0.2566 0.2566 -0.9318
vn 0.2178 0.6901 -0.6901
vn 0.5774 0.5774 -0.5773
vn -0.2585 -0.9660 -0.0000
vn -0.7071 -0.7071 -0.0000
vn -0.9660 -0.2585 -0.0000
vn -0.2585 -0.0000 0.9660
vn -0.7071 -0.0000 0.7071
vn -0.9660 -0.0000 0.2585
vn -0.2585 0.9660 -0.0000
vn -0.7071 0.7071 -0.0000
vn -0.9660 0.2585 -0.0000
vn -0.2585 -0.0000 -0.9660
vn -0.7071 -0.0000 -0.7071
vn -0.9660 -0.0000 -0.2585
vn -0.0000 -0.9660 -0.2585
vn -0.0000 -0.7071 -0.7071
vn -0.0000 -0.2585 -0.9660
vn -0.0000 0.9660 -0.2585
vn -0.0000 0.7071 -0.7071
vn -0.0000 0.2585 -0.9660
vn 0.9660 -0.0000 -0.2585
vn 0.7071 -0.0000 -0.7071
vn 0.2585 -0.0000 -0.9660
vn 0.2585 -0.9660 -0.0000
vn 0.7071 -0.7071 -0.0000
vn 0.9660 -0.2585 -0.0000
vn 0.2585 0.9660 -0.0000
vn 0.7071 0.7071 -0.0000
vn 0.9660 0.2585 -0.0000
vn 0.2585 -0.0000 0.9660
vn 0.7071 -0.0000 0.7071
vn 0.9660 -0.0000 0.2585
vn -0.0000 -0.9660 0.2585
vn -0.0000 -0.7071 0.7071
vn -0.0000 -0.2585 0.9660
vn -0.0000 0.9660 0.2585
vn -0.0000 0.7071 0.7071
vn -0.0000 0.2585 0.9660
vn -0.0000 -1.0000 -0.0000
vn -1.0000 -0.0000 -0.0000
vn -0.0000 -0.0000 1.0000
vn -0.0000 1.0000 -0.0000
vn -0.0000 -0.0000 -1.0000
vn 1.0000 -0.0000 -0.0000
vt 0.175000 0.743056
vt 0.175000 0.746523
vt 0.151089 0.746376
vt 0.150033 0.743055
vt 0.175000 0.750000
vt 0.151089 0.750000
vt 0.425000 0.950000
vt 0.425000 1.000000
vt 0.375000 0.973911
vt 0.375000 0.950000
vt 0.425000 0.000000
vt 0.425000 0.003477
vt 0.375000 0.003624
vt 0.375000 0.000000
vt 0.425000 0.006944
vt 0.375000 0.006944
vt 0.125000 0.743056
vt 0.125000 0.746376
vt 0.575000 0.950000
vt 0.599967 0.950000
vt 0.598911 1.000000
vt 0.575000 1.000000
vt 0.625000 0.950000
vt 0.625000 1.000000
vt 0.825000 0.743056
vt 0.875000 0.743056
vt 0.875000 0.746377
vt 0.825000 0.750000
vt 0.625000 0.006944
vt 0.599967 0.006944
vt 0.598911 0.003624
vt 0.625000 0.003624
vt 0.575000 0.006944
vt 0.575000 0.003477
vt 0.575000 0.000000
vt 0.598911 0.000000
vt 0.175000 0.506944
vt 0.150033 0.506945
vt 0.151089 0.503624
vt 0.175000 0.503477
vt 0.125000 0.506944
vt 0.125000 0.503624
vt 0.425000 0.243056
vt 0.425000 0.246523
vt 0.375000 0.246376
vt 0.375000 0.243056
vt 0.425000 0.275033
vt 0.375000 0.276089
vt 0.425000 0.300000
vt 0.375000 0.300000
vt 0.175000 0.500000
vt 0.151089 0.500000
vt 0.825000 0.506944
vt 0.825000 0.500000
vt 0.875000 0.503624
vt 0.875000 0.506944
vt 0.625000 0.300000
vt 0.599967 0.300000
vt 0.598911 0.273929
vt 0.625000 0.247975
vt 0.575000 0.300000
vt 0.575000 0.275033
vt 0.575000 0.246523
vt 0.598911 0.246376
vt 0.575000 0.243056
vt 0.599967 0.243056
vt 0.625000 0.243056
vt 0.325000 0.743056
vt 0.349967 0.743056
vt 0.348911 0.746377
vt 0.325000 0.746523
vt 0.400033 0.743056
vt 0.398052 0.746377
vt 0.425000 0.743056
vt 0.425000 0.746523
vt 0.425000 0.775033
vt 0.365418 0.766507
vt 0.425000 0.800000
vt 0.350230 0.775230
vt 0.675000 0.743056
vt 0.650230 0.774770
vt 0.641507 0.759582
vt 0.650033 0.743055
vt 0.599967 0.800000
vt 0.598911 0.776089
vt 0.575000 0.800000
vt 0.575000 0.775033
vt 0.575000 0.746523
vt 0.598911 0.747676
vt 0.575000 0.743056
vt 0.599967 0.743056
vt 0.325000 0.506944
vt 0.325000 0.503477
vt 0.348911 0.503624
vt 0.349967 0.506944
vt 0.350230 0.474770
vt 0.365418 0.483493
vt 0.425000 0.450000
vt 0.425000 0.474967
vt 0.425000 0.503477
vt 0.398052 0.503624
vt 0.425000 0.506944
vt 0.400033 0.506944
vt 0.675000 0.506944
vt 0.650033 0.506945
vt 0.641508 0.490418
vt 0.650230 0.475230
vt 0.599967 0.506944
vt 0.598911 0.502324
vt 0.575000 0.506944
vt 0.575000 0.503477
vt 0.575000 0.474967
vt 0.598911 0.473911
vt 0.575000 0.450000
vt 0.599967 0.450000
s 0
usemtl BlackIron
f 513/674/507 516/675/507 518/676/507 517/677/507
f 516/675/508 520/678/508 521/679/508 518/676/508
f 514/680/509 519/681/509 521/682/509 520/683/509
f 519/684/510 523/685/510 524/686/510 521/687/510
f 515/688/511 522/689/511 524/686/511 523/685/511
f 522/690/512 517/677/512 518/676/512 524/691/512
f 518/676/513 521/679/513 524/691/513
f 525/692/514 528/693/514 530/694/514 529/695/514
f 528/693/515 532/696/515 533/697/515 530/694/515
f 526/698/516 531/699/516 533/700/516 532/701/516
f 531/702/517 535/703/517 536/704/517 533/705/517
f 527/706/518 534/707/518 536/704/518 535/703/518
f 534/707/519 529/708/519 530/709/519 536/704/519
f 530/709/520 533/705/520 536/704/520
f 537/710/521 540/711/521 542/712/521 541/713/521
f 540/711/522 544/714/522 545/715/522 542/712/522
f 538/716/523 543/717/523 545/718/523 544/719/523
f 543/717/524 547/720/524 548/721/524 545/718/524
f 539/722/525 546/723/525 548/721/525 547/720/525
f 546/724/526 541/713/526 542/712/526 548/725/526
f 542/712/527 545/715/527 548/725/527
f 549/726/528 552/727/528 554/728/528 553/729/528
f 552/730/529 556/731/529 557/732/529 554/733/529
f 550/734/530 555/735/530 557/732/530 556/731/530
f 555/735/531 559/736/531 560/737/531 557/732/531
f 551/738/532 558/739/532 560/737/532 559/736/532
f 558/739/533 553/740/533 554/733/533 560/737/533
f 554/733/534 557/732/534 560/737/534
f 561/741/535 564/742/535 566/743/535 565/744/535
f 564/742/536 568/745/536 569/746/536 566/743/536
f 562/747/537 567/748/537 569/746/537 568/745/537
f 567/748/538 571/749/538 572/750/538 569/746/538
f 563/751/539 570/752/539 572/750/539 571/749/539
f 570/752/540 565/744/540 566/743/540 572/750/540
f 566/743/541 569/746/541 572/750/541
f 573/753/542 576/754/542 578/755/542 577/756/542
f 576/754/543 580/757/543 581/758/543 578/755/543
f 574/759/544 579/760/544 581/758/544 580/757/544
f 579/760/545 583/761/545 584/762/545 581/758/545
f 575/763/546 582/764/546 584/762/546 583/761/546
f 582/764/547 577/756/547 578/755/547 584/762/547
f 578/755/548 581/758/548 584/762/548
f 585/765/549 588/766/549 590/767/549 589/768/549
f 588/766/550 592/769/550 593/770/550 590/767/550
f 586/771/551 591/772/551 593/770/551 592/769/551
f 591/772/552 595/773/552 596/774/552 593/770/552
f 587/775/553 594/776/553 596/774/553 595/773/553
f 594/776/554 589/768/554 590/767/554 596/774/554
f 590/767/555 593/770/555 596/774/555
f 597/777/556 600/778/556 602/779/556 601/780/556
f 600/778/557 604/781/557 605/782/557 602/779/557
f 598/783/558 603/784/558 605/782/558 604/781/558
f 603/784/559 607/785/559 608/786/559 605/782/559
f 599/787/560 606/788/560 608/786/560 607/785/560
f 606/788/561 601/780/561 602/779/561 608/786/561
f 602/779/562 605/782/562 608/786/562
f 537/710/563 513/674/563 517/677/563 540/711/563
f 540/711/564 517/677/564 522/690/564 544/714/564
f 544/719/565 522/689/565 515/688/565 538/716/565
f 514/680/566 525/692/566 529/695/566 519/681/566
f 519/684/567 529/708/567 534/707/567 523/685/567
f 523/685/568 534/707/568 527/706/568 515/688/568
f 526/698/569 549/726/569 553/729/569 531/699/569
f 531/702/570 553/740/570 558/739/570 535/703/570
f 535/703/571 558/739/571 551/738/571 527/706/571
f 550/734/572 539/722/572 547/720/572 555/735/572
f 555/735/573 547/720/573 543/717/573 559/736/573
f 559/736/574 543/717/574 538/716/574 551/738/574
f 585/765/575 537/710/575 541/713/575 588/766/575
f 588/766/576 541/713/576 546/724/576 592/769/576
f 592/769/577 546/723/577 539/722/577 586/771/577
f 549/726/578 597/777/578 601/780/578 552/727/578
f 552/730/579 601/780/579 606/788/579 556/731/579
f 556/731/580 606/788/580 599/787/580 550/734/580
f 598/783/581 587/775/581 595/773/581 603/784/581
f 603/784/582 595/773/582 591/772/582 607/785/582
f 607/785/583 591/772/583 586/771/583 599/787/583
f 561/741/584 585/765/584 589/768/584 564/742/584
f 564/742/585 589/768/585 594/776/585 568/745/585
f 568/745/586 594/776/586 587/775/586 562/747/586
f 597/777/587 573/753/587 577/756/587 600/778/587
f 600/778/588 577/756/588 582/764/588 604/781/588
f 604/781/589 582/764/589 575/763/589 598/783/589
f 574/759/590 563/751/590 571/749/590 579/760/590
f 579/760/591 571/749/591 567/748/591 583/761/591
f 583/761/592 567/748/592 562/747/592 575/763/592
f 513/674/593 561/741/593 565/744/593 516/675/593
f 516/675/594 565/744/594 570/752/594 520/678/594
f 520/683/595 570/752/595 563/751/595 514/680/595
f 573/753/596 526/698/596 532/701/596 576/754/596
f 576/754/597 532/696/597 528/693/597 580/757/597
f 580/757/598 528/693/598 525/692/598 574/759/598
f 537/710/599 585/765/599 561/741/599 513/674/599
f 515/688/600 527/706/600 551/738/600 538/716/600
f 563/751/601 574/759/601 525/692/601 514/680/601
f 597/777/602 549/726/602 526/698/602 573/753/602
f 539/722/603 550/734/603 599/787/603 586/771/603
f 587/775/604 598/783/604 575/763/604 562/747/604
o bone_bow_limb
v -0.443853 0.673945 0.330000
v -0.716147 1.186055 0.430800
v -0.361015 0.717991 0.375181
v -0.702893 1.193102 0.438029
v -0.340556 0.728869 0.476703
v -0.699619 1.194843 0.454272
v -0.397882 0.698389 0.558116
v -0.708791 1.189966 0.467299
v -0.489825 0.649502 0.558116
v -0.723502 1.182144 0.467299
v -0.547150 0.619021 0.476703
v -0.732674 1.177267 0.454272
v -0.526691 0.629900 0.375181
v -0.729401 1.179008 0.438029
vn 0.3059 0.3378 -0.8901
vn 0.7778 0.5888 -0.2198
vn 0.6094 0.4992 0.6160
vn -0.0726 0.1366 0.9880
vn -0.7546 -0.2260 0.6160
vn -0.4695 0.8829 -0.0000
vn -0.9231 -0.3156 -0.2198
vn -0.4511 -0.0647 -0.8901
vn 0.4695 -0.8829 -0.0000
vt 1.000000 0.500000
vt 1.000000 1.000000
vt 0.857143 1.000000
vt 0.857143 0.500000
vt 0.714286 1.000000
vt 0.714286 0.500000
vt 0.571429 1.000000
vt 0.571429 0.500000
vt 0.428571 1.000000
vt 0.428571 0.500000
vt 0.285714 1.000000
vt 0.285714 0.500000
vt 0.437640 0.399638
vt 0.250000 0.490000
vt 0.062360 0.399638
vt 0.016017 0.196595
vt 0.145868 0.033767
vt 0.354132 0.033767
vt 0.483983 0.196595
vt 0.142857 1.000000
vt 0.142857 0.500000
vt 0.000000 1.000000
vt 0.000000 0.500000
vt 0.750000 0.490000
vt 0.937640 0.399638
vt 0.983983 0.196595
vt 0.854132 0.033767
vt 0.645868 0.033767
vt 0.516017 0.196595
vt 0.562360 0.399638
s 0
usemtl PlateEdge
f 609/789/605 610/790/605 612/791/605 611/792/605
f 611/792/606 612/791/606 614/793/606 613/794/606
f 613/794/607 614/793/607 616/795/607 615/796/607
f 615/796/608 616/795/608 618/797/608 617/798/608
f 617/798/609 618/797/609 620/799/609 619/800/609
f 612/801/610 610/802/610 622/803/610 620/804/610 618/805/610 616/806/610 614/807/610
f 619/800/611 620/799/611 622/808/611 621/809/611
f 621/809/612 622/808/612 610/810/612 609/811/612
f 609/812/613 611/813/613 613/814/613 615/815/613 617/816/613 619/817/613 621/818/613
o iron_limb_thorn
v -0.488647 0.978738 0.490000
v -0.578553 1.201262 0.540400
v -0.445153 0.996311 0.512591
v -0.571594 1.204074 0.544015
v -0.434411 1.000651 0.563351
v -0.569875 1.204768 0.552136
v -0.464510 0.988490 0.604058
v -0.574691 1.202822 0.558649
v -0.512785 0.968986 0.604058
v -0.582415 1.199702 0.558649
v -0.542883 0.956825 0.563351
v -0.587231 1.197756 0.552136
v -0.532141 0.961165 0.512591
v -0.585512 1.198450 0.544015
vn 0.3256 0.3321 -0.8853
vn 0.8185 0.5312 -0.2186
vn 0.6426 0.4601 0.6126
vn -0.0696 0.1724 0.9826
vn -0.7819 -0.1154 0.6126
vn -0.3746 0.9272 -0.0000
vn -0.9578 -0.1865 -0.2186
vn -0.4649 0.0127 -0.8853
vn 0.3746 -0.9272 -0.0000
vt 1.000000 0.500000
vt 1.000000 1.000000
vt 0.857143 1.000000
vt 0.857143 0.500000
vt 0.714286 1.000000
vt 0.714286 0.500000
vt 0.571429 1.000000
vt 0.571429 0.500000
vt 0.428571 1.000000
vt 0.428571 0.500000
vt 0.285714 1.000000
vt 0.285714 0.500000
vt 0.437640 0.399638
vt 0.250000 0.490000
vt 0.062360 0.399638
vt 0.016017 0.196595
vt 0.145868 0.033767
vt 0.354132 0.033767
vt 0.483983 0.196595
vt 0.142857 1.000000
vt 0.142857 0.500000
vt 0.000000 1.000000
vt 0.000000 0.500000
vt 0.750000 0.490000
vt 0.937640 0.399638
vt 0.983983 0.196595
vt 0.854132 0.033767
vt 0.645868 0.033767
vt 0.516017 0.196595
vt 0.562360 0.399638
s 0
usemtl BlackIron
f 623/819/614 624/820/614 626/821/614 625/822/614
f 625/822/615 626/821/615 628/823/615 627/824/615
f 627/824/616 628/823/616 630/825/616 629/826/616
f 629/826/617 630/825/617 632/827/617 631/828/617
f 631/828/618 632/827/618 634/829/618 633/830/618
f 626/831/619 624/832/619 636/833/619 634/834/619 632/835/619 630/836/619 628/837/619
f 633/830/620 634/829/620 636/838/620 635/839/620
f 635/839/621 636/838/621 624/840/621 623/841/621
f 623/842/622 625/843/622 627/844/622 629/845/622 631/846/622 633/847/622 635/848/622
o bone_bow_limb.001
v 0.443853 0.673945 0.330000
v 0.716147 1.186055 0.430800
v 0.526691 0.629900 0.375181
v 0.729401 1.179008 0.438029
v 0.547150 0.619021 0.476703
v 0.732674 1.177267 0.454272
v 0.489825 0.649502 0.558116
v 0.723502 1.182144 0.467299
v 0.397882 0.698389 0.558116
v 0.708791 1.189966 0.467299
v 0.340556 0.728869 0.476703
v 0.699619 1.194843 0.454272
v 0.361015 0.717991 0.375181
v 0.702893 1.193102 0.438029
vn 0.4511 -0.0647 -0.8901
vn 0.9231 -0.3156 -0.2198
vn 0.7546 -0.2260 0.6160
vn 0.0726 0.1366 0.9880
vn -0.6094 0.4992 0.6160
vn 0.4695 0.8829 -0.0000
vn -0.7778 0.5888 -0.2198
vn -0.3059 0.3378 -0.8901
vn -0.4695 -0.8829 -0.0000
vt 1.000000 0.500000
vt 1.000000 1.000000
vt 0.857143 1.000000
vt 0.857143 0.500000
vt 0.714286 1.000000
vt 0.714286 0.500000
vt 0.571429 1.000000
vt 0.571429 0.500000
vt 0.428571 1.000000
vt 0.428571 0.500000
vt 0.285714 1.000000
vt 0.285714 0.500000
vt 0.437640 0.399638
vt 0.250000 0.490000
vt 0.062360 0.399638
vt 0.016017 0.196595
vt 0.145868 0.033767
vt 0.354132 0.033767
vt 0.483983 0.196595
vt 0.142857 1.000000
vt 0.142857 0.500000
vt 0.000000 1.000000
vt 0.000000 0.500000
vt 0.750000 0.490000
vt 0.937640 0.399638
vt 0.983983 0.196595
vt 0.854132 0.033767
vt 0.645868 0.033767
vt 0.516017 0.196595
vt 0.562360 0.399638
s 0
usemtl PlateEdge
f 637/849/623 638/850/623 640/851/623 639/852/623
f 639/852/624 640/851/624 642/853/624 641/854/624
f 641/854/625 642/853/625 644/855/625 643/856/625
f 643/856/626 644/855/626 646/857/626 645/858/626
f 645/858/627 646/857/627 648/859/627 647/860/627
f 640/861/628 638/862/628 650/863/628 648/864/628 646/865/628 644/866/628 642/867/628
f 647/860/629 648/859/629 650/868/629 649/869/629
f 649/869/630 650/868/630 638/870/630 637/871/630
f 637/872/631 639/873/631 641/874/631 643/875/631 645/876/631 647/877/631 649/878/631
o iron_limb_thorn.001
v 0.488647 0.978738 0.490000
v 0.578553 1.201262 0.540400
v 0.532141 0.961165 0.512591
v 0.585512 1.198450 0.544015
v 0.542883 0.956825 0.563351
v 0.587231 1.197756 0.552136
v 0.512785 0.968986 0.604058
v 0.582415 1.199702 0.558649
v 0.464510 0.988490 0.604058
v 0.574691 1.202822 0.558649
v 0.434411 1.000651 0.563351
v 0.569875 1.204768 0.552136
v 0.445153 0.996311 0.512591
v 0.571594 1.204074 0.544015
vn 0.4649 0.0127 -0.8853
vn 0.9578 -0.1865 -0.2186
vn 0.7819 -0.1154 0.6126
vn 0.0696 0.1724 0.9826
vn -0.6426 0.4601 0.6126
vn 0.3746 0.9272 -0.0000
vn -0.8185 0.5312 -0.2186
vn -0.3256 0.3321 -0.8853
vn -0.3746 -0.9272 -0.0000
vt 1.000000 0.500000
vt 1.000000 1.000000
vt 0.857143 1.000000
vt 0.857143 0.500000
vt 0.714286 1.000000
vt 0.714286 0.500000
vt 0.571429 1.000000
vt 0.571429 0.500000
vt 0.428571 1.000000
vt 0.428571 0.500000
vt 0.285714 1.000000
vt 0.285714 0.500000
vt 0.437640 0.399638
vt 0.250000 0.490000
vt 0.062360 0.399638
vt 0.016017 0.196595
vt 0.145868 0.033767
vt 0.354132 0.033767
vt 0.483983 0.196595
vt 0.142857 1.000000
vt 0.142857 0.500000
vt 0.000000 1.000000
vt 0.000000 0.500000
vt 0.750000 0.490000
vt 0.937640 0.399638
vt 0.983983 0.196595
vt 0.854132 0.033767
vt 0.645868 0.033767
vt 0.516017 0.196595
vt 0.562360 0.399638
s 0
usemtl BlackIron
f 651/879/632 652/880/632 654/881/632 653/882/632
f 653/882/633 654/881/633 656/883/633 655/884/633
f 655/884/634 656/883/634 658/885/634 657/886/634
f 657/886/635 658/885/635 660/887/635 659/888/635
f 659/888/636 660/887/636 662/889/636 661/890/636
f 654/891/637 652/892/637 664/893/637 662/894/637 660/895/637 658/896/637 656/897/637
f 661/890/638 662/889/638 664/898/638 663/899/638
f 663/899/639 664/898/639 652/900/639 651/901/639
f 651/902/640 653/903/640 655/904/640 657/905/640 659/906/640 661/907/640 663/908/640
o bronze_blood_winch
v -0.410000 0.700000 -0.410000
v 0.410000 0.700000 -0.410000
v -0.410000 0.652273 -0.399107
v 0.410000 0.652273 -0.399107
v -0.410000 0.613999 -0.368584
v 0.410000 0.613999 -0.368584
v -0.410000 0.592758 -0.324477
v 0.410000 0.592758 -0.324477
v -0.410000 0.592758 -0.275523
v 0.410000 0.592758 -0.275523
v -0.410000 0.613999 -0.231416
v 0.410000 0.613999 -0.231416
v -0.410000 0.652273 -0.200893
v 0.410000 0.652273 -0.200893
v -0.410000 0.700000 -0.190000
v 0.410000 0.700000 -0.190000
v -0.410000 0.747727 -0.200893
v 0.410000 0.747727 -0.200893
v -0.410000 0.786001 -0.231416
v 0.410000 0.786001 -0.231416
v -0.410000 0.807242 -0.275523
v 0.410000 0.807242 -0.275523
v -0.410000 0.807242 -0.324477
v 0.410000 0.807242 -0.324477
v -0.410000 0.786001 -0.368584
v 0.410000 0.786001 -0.368584
v -0.410000 0.747727 -0.399107
v 0.410000 0.747727 -0.399107
vn -0.6603 -0.0000 -0.7510
vn 0.6603 -0.0000 -0.7510
vn -0.6603 -0.3259 -0.6766
vn 0.6603 -0.3259 -0.6766
vn -0.6603 -0.5872 -0.4682
vn 0.6603 -0.5872 -0.4682
vn -0.6603 -0.7322 -0.1671
vn 0.6603 -0.7322 -0.1671
vn -0.6603 -0.7322 0.1671
vn 0.6603 -0.7322 0.1671
vn -0.6603 -0.5872 0.4682
vn 0.6603 -0.5872 0.4682
vn -0.6603 -0.3259 0.6766
vn 0.6603 -0.3259 0.6766
vn -0.6603 -0.0000 0.7510
vn 0.6603 -0.0000 0.7510
vn -0.6603 0.3259 0.6766
vn 0.6603 0.3259 0.6766
vn -0.6603 0.5872 0.4682
vn 0.6603 0.5872 0.4682
vn -0.6603 0.7322 0.1671
vn 0.6603 0.7322 0.1671
vn -0.6603 0.7322 -0.1671
vn 0.6603 0.7322 -0.1671
vn -0.6603 0.5872 -0.4682
vn 0.6603 0.5872 -0.4682
vn -0.6603 0.3259 -0.6766
vn 0.6603 0.3259 -0.6766
vt 1.000000 0.500000
vt 1.000000 1.000000
vt 0.928571 1.000000
vt 0.928571 0.500000
vt 0.857143 1.000000
vt 0.857143 0.500000
vt 0.785714 1.000000
vt 0.785714 0.500000
vt 0.714286 1.000000
vt 0.714286 0.500000
vt 0.642857 1.000000
vt 0.642857 0.500000
vt 0.571428 1.000000
vt 0.571428 0.500000
vt 0.500000 1.000000
vt 0.500000 0.500000
vt 0.428571 1.000000
vt 0.428571 0.500000
vt 0.357143 1.000000
vt 0.357143 0.500000
vt 0.285714 1.000000
vt 0.285714 0.500000
vt 0.214286 1.000000
vt 0.214286 0.500000
vt 0.142857 1.000000
vt 0.142857 0.500000
vt 0.354132 0.466233
vt 0.250000 0.490000
vt 0.145868 0.466233
vt 0.062360 0.399638
vt 0.016017 0.303405
vt 0.016017 0.196595
vt 0.062360 0.100362
vt 0.145868 0.033767
vt 0.250000 0.010000
vt 0.354132 0.033767
vt 0.437640 0.100362
vt 0.483983 0.196595
vt 0.483983 0.303405
vt 0.437640 0.399638
vt 0.071428 1.000000
vt 0.071428 0.500000
vt -0.000000 1.000000
vt -0.000000 0.500000
vt 0.750000 0.490000
vt 0.854132 0.466233
vt 0.937640 0.399638
vt 0.983983 0.303405
vt 0.983983 0.196595
vt 0.937640 0.100362
vt 0.854132 0.033767
vt 0.750000 0.010000
vt 0.645868 0.033767
vt 0.562360 0.100362
vt 0.516017 0.196595
vt 0.516017 0.303405
vt 0.562360 0.399638
vt 0.645868 0.466233
s 1
usemtl WornBronze
f 665/909/641 666/910/642 668/911/644 667/912/643
f 667/912/643 668/911/644 670/913/646 669/914/645
f 669/914/645 670/913/646 672/915/648 671/916/647
f 671/916/647 672/915/648 674/917/650 673/918/649
f 673/918/649 674/917/650 676/919/652 675/920/651
f 675/920/651 676/919/652 678/921/654 677/922/653
f 677/922/653 678/921/654 680/923/656 679/924/655
f 679/924/655 680/923/656 682/925/658 681/926/657
f 681/926/657 682/925/658 684/927/660 683/928/659
f 683/928/659 684/927/660 686/929/662 685/930/661
f 685/930/661 686/929/662 688/931/664 687/932/663
f 687/932/663 688/931/664 690/933/666 689/934/665
f 668/935/644 666/936/642 692/937/668 690/938/666 688/939/664 686/940/662 684/941/660 682/942/658 680/943/656 678/944/654 676/945/652 674/946/650 672/947/648 670/948/646
f 689/934/665 690/933/666 692/949/668 691/950/667
f 691/950/667 692/949/668 666/951/642 665/952/641
f 665/953/641 667/954/643 669/955/645 671/956/647 673/957/649 675/958/651 677/959/653 679/960/655 681/961/657 683/962/659 685/963/661 687/964/663 689/965/665 691/966/667
o bone_demon_bolt
v 0.000000 1.035000 0.600000
v 0.000000 0.955200 1.360000
v 0.067175 1.007175 0.600000
v 0.010748 0.950748 1.360000
v 0.095000 0.940000 0.600000
v 0.015200 0.940000 1.360000
v 0.067175 0.872825 0.600000
v 0.010748 0.929252 1.360000
v 0.000000 0.845000 0.600000
v 0.000000 0.924800 1.360000
v -0.067175 0.872825 0.600000
v -0.010748 0.929252 1.360000
v -0.095000 0.940000 0.600000
v -0.015200 0.940000 1.360000
v -0.067175 1.007175 0.600000
v -0.010748 0.950748 1.360000
vn 0.3809 0.9196 0.0966
vn 0.9196 0.3809 0.0966
vn 0.9196 -0.3809 0.0966
vn 0.3809 -0.9196 0.0966
vn -0.3809 -0.9196 0.0966
vn -0.9196 -0.3809 0.0966
vn -0.0000 -0.0000 1.0000
vn -0.9196 0.3809 0.0966
vn -0.3809 0.9196 0.0966
vn -0.0000 -0.0000 -1.0000
vt 1.000000 0.500000
vt 1.000000 1.000000
vt 0.875000 1.000000
vt 0.875000 0.500000
vt 0.750000 1.000000
vt 0.750000 0.500000
vt 0.625000 1.000000
vt 0.625000 0.500000
vt 0.500000 1.000000
vt 0.500000 0.500000
vt 0.375000 1.000000
vt 0.375000 0.500000
vt 0.250000 1.000000
vt 0.250000 0.500000
vt 0.419706 0.419706
vt 0.250000 0.490000
vt 0.080294 0.419706
vt 0.010000 0.250000
vt 0.080294 0.080294
vt 0.250000 0.010000
vt 0.419706 0.080294
vt 0.490000 0.250000
vt 0.125000 1.000000
vt 0.125000 0.500000
vt 0.000000 1.000000
vt 0.000000 0.500000
vt 0.750000 0.490000
vt 0.919706 0.419706
vt 0.990000 0.250000
vt 0.919706 0.080294
vt 0.750000 0.010000
vt 0.580294 0.080294
vt 0.510000 0.250000
vt 0.580294 0.419706
s 0
usemtl PlateEdge
f 693/967/669 694/968/669 696/969/669 695/970/669
f 695/970/670 696/969/670 698/971/670 697/972/670
f 697/972/671 698/971/671 700/973/671 699/974/671
f 699/974/672 700/973/672 702/975/672 701/976/672
f 701/976/673 702/975/673 704/977/673 703/978/673
f 703/978/674 704/977/674 706/979/674 705/980/674
f 696/981/675 694/982/675 708/983/675 706/984/675 704/985/675 702/986/675 700/987/675 698/988/675
f 705/980/676 706/979/676 708/989/676 707/990/676
f 707/990/677 708/989/677 694/991/677 693/992/677
f 693/993/678 695/994/678 697/995/678 699/996/678 701/997/678 703/998/678 705/999/678 707/1000/678
o amber_cursed_sight
v 0.000000 1.182104 0.365765
v 0.000000 1.173612 0.352500
v 0.000000 1.122000 0.326874
v 0.000000 1.100000 0.325000
v 0.000000 1.078000 0.326874
v 0.000000 1.026388 0.352500
v 0.000000 1.017896 0.365765
v 0.006798 1.182104 0.366462
v 0.013133 1.173612 0.353846
v 0.018573 1.160104 0.343013
v 0.022747 1.142500 0.334700
v 0.025371 1.122000 0.329474
v 0.026266 1.100000 0.327692
v 0.025371 1.078000 0.329474
v 0.022747 1.057500 0.334700
v 0.018573 1.039896 0.343013
v 0.013133 1.026388 0.353846
v 0.006798 1.017896 0.366462
v 0.012931 1.182104 0.368484
v 0.024981 1.173612 0.357752
v 0.035328 1.160104 0.348537
v 0.043268 1.142500 0.341465
v 0.048259 1.122000 0.337020
v 0.049962 1.100000 0.335504
v 0.048259 1.078000 0.337020
v 0.043268 1.057500 0.341465
v 0.035328 1.039896 0.348537
v 0.024981 1.026388 0.357752
v 0.012931 1.017896 0.368484
v 0.000000 1.015000 0.380000
v 0.017798 1.182104 0.371633
v 0.034383 1.173612 0.363836
v 0.048625 1.160104 0.357141
v 0.059553 1.142500 0.352003
v 0.066423 1.122000 0.348773
v 0.068766 1.100000 0.347672
v 0.066423 1.078000 0.348773
v 0.059553 1.057500 0.352003
v 0.048625 1.039896 0.357141
v 0.034383 1.026388 0.363836
v 0.017798 1.017896 0.371633
v 0.020923 1.182104 0.375601
v 0.040420 1.173612 0.371502
v 0.057162 1.160104 0.367982
v 0.070009 1.142500 0.365281
v 0.078085 1.122000 0.363583
v 0.080840 1.100000 0.363004
v 0.078085 1.078000 0.363583
v 0.070009 1.057500 0.365281
v 0.057162 1.039896 0.367982
v 0.040420 1.026388 0.371502
v 0.020923 1.017896 0.375601
v 0.022000 1.182104 0.380000
v 0.042500 1.173612 0.380000
v 0.060104 1.160104 0.380000
v 0.073612 1.142500 0.380000
v 0.082104 1.122000 0.380000
v 0.085000 1.100000 0.380000
v 0.082104 1.078000 0.380000
v 0.073612 1.057500 0.380000
v 0.060104 1.039896 0.380000
v 0.042500 1.026388 0.380000
v 0.022000 1.017896 0.380000
v 0.020923 1.182104 0.384399
v 0.040420 1.173612 0.388498
v 0.057162 1.160104 0.392018
v 0.070009 1.142500 0.394719
v 0.078085 1.122000 0.396417
v 0.080840 1.100000 0.396996
v 0.078085 1.078000 0.396417
v 0.070009 1.057500 0.394719
v 0.057162 1.039896 0.392018
v 0.040420 1.026388 0.388498
v 0.020923 1.017896 0.384399
v 0.017798 1.182104 0.388367
v 0.034383 1.173612 0.396164
v 0.048625 1.160104 0.402859
v 0.059554 1.142500 0.407997
v 0.066423 1.122000 0.411227
v 0.068766 1.100000 0.412328
v 0.066423 1.078000 0.411227
v 0.059554 1.057500 0.407997
v 0.048625 1.039896 0.402859
v 0.034383 1.026388 0.396164
v 0.017798 1.017896 0.388367
v 0.012931 1.182104 0.391516
v 0.024981 1.173612 0.402248
v 0.035328 1.160104 0.411463
v 0.043268 1.142500 0.418535
v 0.048259 1.122000 0.422980
v 0.049962 1.100000 0.424496
v 0.048259 1.078000 0.422980
v 0.043268 1.057500 0.418535
v 0.035328 1.039896 0.411463
v 0.024981 1.026388 0.402248
v 0.012931 1.017896 0.391516
v 0.006798 1.182104 0.393538
v 0.013133 1.173612 0.406154
v 0.018573 1.160104 0.416987
v 0.022747 1.142500 0.425300
v 0.025371 1.122000 0.430526
v 0.026266 1.100000 0.432308
v 0.025371 1.078000 0.430526
v 0.022747 1.057500 0.425300
v 0.018573 1.039896 0.416987
v 0.013133 1.026388 0.406154
v 0.006798 1.017896 0.393538
v 0.000000 1.185000 0.380000
v -0.000000 1.182104 0.394235
v 0.000000 1.173612 0.407500
v 0.000000 1.160104 0.418891
v 0.000000 1.142500 0.427631
v 0.000000 1.122000 0.433126
v 0.000000 1.100000 0.435000
v 0.000000 1.078000 0.433126
v 0.000000 1.057500 0.427631
v 0.000000 1.039896 0.418891
v 0.000000 1.026388 0.407500
v -0.000000 1.017896 0.394235
v -0.006798 1.182104 0.393538
v -0.013133 1.173612 0.406154
v -0.018573 1.160104 0.416987
v -0.022747 1.142500 0.425300
v -0.025371 1.122000 0.430526
v -0.026266 1.100000 0.432308
v -0.025371 1.078000 0.430526
v -0.022747 1.057500 0.425300
v -0.018573 1.039896 0.416987
v -0.013133 1.026388 0.406154
v -0.006798 1.017896 0.393538
v -0.012931 1.182104 0.391516
v -0.024981 1.173612 0.402248
v -0.035328 1.160104 0.411463
v -0.043268 1.142500 0.418535
v -0.048259 1.122000 0.422980
v -0.049962 1.100000 0.424496
v -0.048259 1.078000 0.422980
v -0.043268 1.057500 0.418535
v -0.035328 1.039896 0.411463
v -0.024981 1.026388 0.402248
v -0.012931 1.017896 0.391516
v -0.017798 1.182104 0.388367
v -0.034383 1.173612 0.396164
v -0.048625 1.160104 0.402859
v -0.059554 1.142500 0.407997
v -0.066423 1.122000 0.411227
v -0.068766 1.100000 0.412328
v -0.066423 1.078000 0.411227
v -0.059554 1.057500 0.407997
v -0.048625 1.039896 0.402859
v -0.034383 1.026388 0.396164
v -0.017798 1.017896 0.388367
v -0.020923 1.182104 0.384399
v -0.040420 1.173612 0.388498
v -0.057162 1.160104 0.392018
v -0.070009 1.142500 0.394719
v -0.078085 1.122000 0.396417
v -0.080840 1.100000 0.396996
v -0.078085 1.078000 0.396417
v -0.070009 1.057500 0.394719
v -0.057162 1.039896 0.392018
v -0.040420 1.026388 0.388498
v -0.020923 1.017896 0.384399
v -0.022000 1.182104 0.380000
v -0.042500 1.173612 0.380000
v -0.060104 1.160104 0.380000
v -0.073612 1.142500 0.380000
v -0.082104 1.122000 0.380000
v -0.085000 1.100000 0.380000
v -0.082104 1.078000 0.380000
v -0.073612 1.057500 0.380000
v -0.060104 1.039896 0.380000
v -0.042500 1.026388 0.380000
v -0.022000 1.017896 0.380000
v -0.020923 1.182104 0.375601
v -0.040420 1.173612 0.371502
v -0.057162 1.160104 0.367982
v -0.070009 1.142500 0.365281
v -0.078085 1.122000 0.363583
v -0.080840 1.100000 0.363004
v -0.078085 1.078000 0.363583
v -0.070009 1.057500 0.365281
v -0.057162 1.039896 0.367982
v -0.040420 1.026388 0.371502
v -0.020923 1.017896 0.375601
v -0.017798 1.182104 0.371633
v -0.034383 1.173612 0.363836
v -0.048625 1.160104 0.357141
v -0.059554 1.142500 0.352003
v -0.066423 1.122000 0.348773
v -0.068766 1.100000 0.347672
v -0.066423 1.078000 0.348773
v -0.059554 1.057500 0.352003
v -0.048625 1.039896 0.357141
v -0.034383 1.026388 0.363836
v -0.017798 1.017896 0.371633
v -0.012931 1.182104 0.368484
v -0.024981 1.173612 0.357752
v -0.035328 1.160104 0.348537
v -0.043268 1.142500 0.341465
v -0.048259 1.122000 0.337020
v -0.049962 1.100000 0.335504
v -0.048259 1.078000 0.337020
v -0.043268 1.057500 0.341465
v -0.035328 1.039896 0.348537
v -0.024981 1.026388 0.357752
v -0.012931 1.017896 0.368484
v -0.006798 1.182104 0.366462
v -0.013133 1.173612 0.353846
v -0.018573 1.160104 0.343013
v -0.022747 1.142500 0.334700
v -0.025371 1.122000 0.329474
v -0.026266 1.100000 0.327692
v -0.025371 1.078000 0.329474
v -0.022747 1.057500 0.334700
v -0.018573 1.039896 0.343013
v -0.013133 1.026388 0.353846
v -0.006798 1.017896 0.366462
v -0.000000 1.160104 0.341109
v 0.000000 1.142500 0.332369
v 0.000000 1.057500 0.332369
v -0.000000 1.039896 0.341109
vn -0.0000 0.9226 -0.3858
vn -0.0000 0.7471 -0.6647
vn -0.0000 0.1716 -0.9852
vn -0.0000 -0.0000 -1.0000
vn -0.0000 -0.1716 -0.9852
vn -0.0000 -0.7471 -0.6647
vn -0.0000 -0.9226 -0.3858
vn 0.0757 0.9258 -0.3704
vn 0.1352 0.7559 -0.6406
vn 0.1736 0.5559 -0.8129
vn 0.1957 0.3604 -0.9120
vn 0.2069 0.1765 -0.9623
vn 0.2103 -0.0000 -0.9776
vn 0.2069 -0.1765 -0.9623
vn 0.1957 -0.3604 -0.9120
vn 0.1736 -0.5559 -0.8129
vn 0.1352 -0.7559 -0.6406
vn 0.0757 -0.9258 -0.3704
vn 0.1480 0.9345 -0.3237
vn 0.2666 0.7803 -0.5658
vn 0.3488 0.5871 -0.7305
vn 0.3994 0.3871 -0.8310
vn 0.4263 0.1914 -0.8841
vn 0.4346 -0.0000 -0.9006
vn 0.4263 -0.1914 -0.8841
vn 0.3994 -0.3871 -0.8310
vn 0.3488 -0.5871 -0.7305
vn 0.2666 -0.7803 -0.5658
vn 0.1480 -0.9345 -0.3237
vn -0.0000 -1.0000 -0.0000
vn 0.2118 0.9462 -0.2447
vn 0.3868 0.8138 -0.4338
vn 0.5197 0.6329 -0.5739
vn 0.6095 0.4286 -0.6669
vn 0.6605 0.2155 -0.7192
vn 0.6770 -0.0000 -0.7360
vn 0.6605 -0.2155 -0.7192
vn 0.6095 -0.4286 -0.6669
vn 0.5197 -0.6329 -0.5739
vn 0.3868 -0.8138 -0.4338
vn 0.2118 -0.9462 -0.2447
vn 0.2590 0.9566 -0.1339
vn 0.4785 0.8446 -0.2403
vn 0.6594 0.6778 -0.3253
vn 0.7925 0.4720 -0.3862
vn 0.8735 0.2418 -0.4225
vn 0.9007 -0.0000 -0.4345
vn 0.8735 -0.2418 -0.4225
vn 0.7925 -0.4720 -0.3862
vn 0.6594 -0.6778 -0.3253
vn 0.4785 -0.8446 -0.2403
vn 0.2590 -0.9566 -0.1339
vn 0.2772 0.9608 -0.0000
vn 0.5146 0.8574 -0.0000
vn 0.7168 0.6973 -0.0000
vn 0.8708 0.4916 -0.0000
vn 0.9672 0.2540 -0.0000
vn 1.0000 -0.0000 -0.0000
vn 0.9672 -0.2540 -0.0000
vn 0.8708 -0.4916 -0.0000
vn 0.7168 -0.6973 -0.0000
vn 0.5146 -0.8574 -0.0000
vn 0.2772 -0.9608 -0.0000
vn 0.2590 0.9566 0.1339
vn 0.4785 0.8446 0.2403
vn 0.6594 0.6778 0.3253
vn 0.7925 0.4720 0.3862
vn 0.8735 0.2418 0.4225
vn 0.9007 -0.0000 0.4345
vn 0.8735 -0.2418 0.4225
vn 0.7925 -0.4720 0.3862
vn 0.6594 -0.6778 0.3253
vn 0.4785 -0.8446 0.2403
vn 0.2590 -0.9566 0.1339
vn 0.2118 0.9462 0.2447
vn 0.3868 0.8138 0.4338
vn 0.5197 0.6329 0.5739
vn 0.6095 0.4286 0.6669
vn 0.6605 0.2155 0.7192
vn 0.6770 -0.0000 0.7360
vn 0.6605 -0.2155 0.7192
vn 0.6095 -0.4286 0.6669
vn 0.5197 -0.6329 0.5739
vn 0.3868 -0.8138 0.4338
vn 0.2118 -0.9462 0.2447
vn 0.1480 0.9345 0.3237
vn 0.2666 0.7803 0.5658
vn 0.3488 0.5871 0.7305
vn 0.3994 0.3871 0.8310
vn 0.4263 0.1914 0.8841
vn 0.4346 -0.0000 0.9006
vn 0.4263 -0.1914 0.8841
vn 0.3994 -0.3871 0.8310
vn 0.3488 -0.5871 0.7305
vn 0.2666 -0.7803 0.5658
vn 0.1480 -0.9345 0.3237
vn 0.0757 0.9258 0.3704
vn 0.1352 0.7559 0.6406
vn 0.1736 0.5559 0.8129
vn 0.1957 0.3604 0.9120
vn 0.2069 0.1765 0.9623
vn 0.2103 -0.0000 0.9776
vn 0.2069 -0.1765 0.9623
vn 0.1957 -0.3604 0.9120
vn 0.1736 -0.5559 0.8129
vn 0.1352 -0.7559 0.6406
vn 0.0757 -0.9258 0.3704
vn -0.0000 1.0000 -0.0000
vn -0.0000 0.9226 0.3858
vn -0.0000 0.7471 0.6647
vn -0.0000 0.5451 0.8384
vn -0.0000 0.3514 0.9362
vn -0.0000 0.1716 0.9852
vn -0.0000 -0.0000 1.0000
vn -0.0000 -0.1716 0.9852
vn -0.0000 -0.3514 0.9362
vn -0.0000 -0.5451 0.8384
vn -0.0000 -0.7471 0.6647
vn -0.0000 -0.9226 0.3858
vn -0.0757 0.9258 0.3704
vn -0.1352 0.7559 0.6406
vn -0.1736 0.5559 0.8129
vn -0.1957 0.3604 0.9120
vn -0.2069 0.1765 0.9623
vn -0.2103 -0.0000 0.9776
vn -0.2069 -0.1765 0.9623
vn -0.1957 -0.3604 0.9120
vn -0.1736 -0.5559 0.8129
vn -0.1352 -0.7559 0.6406
vn -0.0757 -0.9258 0.3704
vn -0.1480 0.9345 0.3237
vn -0.2666 0.7803 0.5658
vn -0.3488 0.5871 0.7305
vn -0.3994 0.3871 0.8310
vn -0.4263 0.1914 0.8841
vn -0.4346 -0.0000 0.9006
vn -0.4263 -0.1914 0.8841
vn -0.3994 -0.3871 0.8310
vn -0.3488 -0.5871 0.7305
vn -0.2666 -0.7803 0.5658
vn -0.1480 -0.9345 0.3237
vn -0.2118 0.9462 0.2447
vn -0.3868 0.8138 0.4338
vn -0.5197 0.6329 0.5739
vn -0.6095 0.4286 0.6669
vn -0.6605 0.2155 0.7192
vn -0.6770 -0.0000 0.7360
vn -0.6605 -0.2155 0.7192
vn -0.6095 -0.4286 0.6669
vn -0.5197 -0.6329 0.5739
vn -0.3868 -0.8138 0.4338
vn -0.2118 -0.9462 0.2447
vn -0.2590 0.9566 0.1339
vn -0.4785 0.8446 0.2403
vn -0.6594 0.6778 0.3253
vn -0.7925 0.4720 0.3862
vn -0.8735 0.2418 0.4225
vn -0.9007 -0.0000 0.4345
vn -0.8735 -0.2418 0.4225
vn -0.7925 -0.4720 0.3862
vn -0.6594 -0.6778 0.3253
vn -0.4785 -0.8446 0.2403
vn -0.2590 -0.9566 0.1339
vn -0.2772 0.9608 -0.0000
vn -0.5146 0.8574 -0.0000
vn -0.7168 0.6973 -0.0000
vn -0.8708 0.4916 -0.0000
vn -0.9672 0.2540 -0.0000
vn -1.0000 -0.0000 -0.0000
vn -0.9672 -0.2540 -0.0000
vn -0.8708 -0.4916 -0.0000
vn -0.7168 -0.6973 -0.0000
vn -0.5146 -0.8574 -0.0000
vn -0.2772 -0.9608 -0.0000
vn -0.2590 0.9566 -0.1339
vn -0.4785 0.8446 -0.2403
vn -0.6594 0.6778 -0.3253
vn -0.7925 0.4720 -0.3862
vn -0.8735 0.2418 -0.4225
vn -0.9007 -0.0000 -0.4345
vn -0.8735 -0.2418 -0.4225
vn -0.7925 -0.4720 -0.3862
vn -0.6594 -0.6778 -0.3253
vn -0.4785 -0.8446 -0.2403
vn -0.2590 -0.9566 -0.1339
vn -0.2118 0.9462 -0.2447
vn -0.3868 0.8138 -0.4338
vn -0.5197 0.6329 -0.5739
vn -0.6095 0.4286 -0.6669
vn -0.6605 0.2155 -0.7192
vn -0.6770 -0.0000 -0.7360
vn -0.6605 -0.2155 -0.7192
vn -0.6095 -0.4286 -0.6669
vn -0.5197 -0.6329 -0.5739
vn -0.3868 -0.8138 -0.4338
vn -0.2118 -0.9462 -0.2447
vn -0.1480 0.9345 -0.3237
vn -0.2666 0.7803 -0.5658
vn -0.3488 0.5871 -0.7305
vn -0.3994 0.3871 -0.8310
vn -0.4263 0.1914 -0.8841
vn -0.4346 -0.0000 -0.9006
vn -0.4263 -0.1914 -0.8841
vn -0.3994 -0.3871 -0.8310
vn -0.3488 -0.5871 -0.7305
vn -0.2666 -0.7803 -0.5658
vn -0.1480 -0.9345 -0.3237
vn -0.0757 0.9258 -0.3704
vn -0.1352 0.7559 -0.6406
vn -0.1736 0.5559 -0.8129
vn -0.1957 0.3604 -0.9120
vn -0.2069 0.1765 -0.9623
vn -0.2103 -0.0000 -0.9776
vn -0.2069 -0.1765 -0.9623
vn -0.1957 -0.3604 -0.9120
vn -0.1736 -0.5559 -0.8129
vn -0.1352 -0.7559 -0.6406
vn -0.0757 -0.9258 -0.3704
vn -0.0000 0.5451 -0.8384
vn -0.0000 0.3514 -0.9362
vn -0.0000 -0.3514 -0.9362
vn -0.0000 -0.5451 -0.8384
vt 0.750000 0.166667
vt 0.750000 0.250000
vt 0.700000 0.250000
vt 0.700000 0.166667
vt 0.750000 0.416667
vt 0.750000 0.500000
vt 0.700000 0.500000
vt 0.700000 0.416667
vt 0.750000 0.666667
vt 0.750000 0.750000
vt 0.700000 0.750000
vt 0.700000 0.666667
vt 0.750000 0.083333
vt 0.700000 0.083333
vt 0.750000 0.916667
vt 0.725000 1.000000
vt 0.700000 0.916667
vt 0.750000 0.333333
vt 0.700000 0.333333
vt 0.750000 0.583333
vt 0.700000 0.583333
vt 0.725000 0.000000
vt 0.750000 0.833333
vt 0.700000 0.833333
vt 0.650000 0.666667
vt 0.650000 0.583333
vt 0.675000 0.000000
vt 0.650000 0.083333
vt 0.650000 0.916667
vt 0.650000 0.833333
vt 0.650000 0.333333
vt 0.650000 0.250000
vt 0.650000 0.500000
vt 0.650000 0.750000
vt 0.650000 0.166667
vt 0.650000 0.416667
vt 0.675000 1.000000
vt 0.600000 0.500000
vt 0.600000 0.416667
vt 0.600000 0.750000
vt 0.600000 0.666667
vt 0.600000 0.166667
vt 0.600000 0.083333
vt 0.625000 1.000000
vt 0.600000 0.916667
vt 0.600000 0.333333
vt 0.600000 0.583333
vt 0.625000 0.000000
vt 0.600000 0.833333
vt 0.600000 0.250000
vt 0.550000 0.583333
vt 0.550000 0.500000
vt 0.550000 0.833333
vt 0.550000 0.750000
vt 0.550000 0.250000
vt 0.550000 0.166667
vt 0.550000 0.416667
vt 0.550000 0.666667
vt 0.550000 0.083333
vt 0.575000 1.000000
vt 0.550000 0.916667
vt 0.550000 0.333333
vt 0.575000 0.000000
vt 0.500000 0.416667
vt 0.500000 0.333333
vt 0.500000 0.666667
vt 0.500000 0.583333
vt 0.525000 0.000000
vt 0.500000 0.083333
vt 0.500000 0.916667
vt 0.500000 0.833333
vt 0.500000 0.250000
vt 0.500000 0.500000
vt 0.500000 0.750000
vt 0.500000 0.166667
vt 0.525000 1.000000
vt 0.450000 0.500000
vt 0.450000 0.416667
vt 0.450000 0.750000
vt 0.450000 0.666667
vt 0.450000 0.166667
vt 0.450000 0.083333
vt 0.475000 1.000000
vt 0.450000 0.916667
vt 0.450000 0.333333
vt 0.450000 0.583333
vt 0.475000 0.000000
vt 0.450000 0.833333
vt 0.450000 0.250000
vt 0.400000 0.333333
vt 0.400000 0.250000
vt 0.400000 0.583333
vt 0.400000 0.500000
vt 0.400000 0.833333
vt 0.400000 0.750000
vt 0.400000 0.166667
vt 0.400000 0.416667
vt 0.400000 0.666667
vt 0.400000 0.083333
vt 0.425000 1.000000
vt 0.400000 0.916667
vt 0.425000 0.000000
vt 0.375000 1.000000
vt 0.350000 0.916667
vt 0.350000 0.416667
vt 0.350000 0.333333
vt 0.350000 0.666667
vt 0.350000 0.583333
vt 0.375000 0.000000
vt 0.350000 0.083333
vt 0.350000 0.833333
vt 0.350000 0.250000
vt 0.350000 0.500000
vt 0.350000 0.750000
vt 0.350000 0.166667
vt 0.300000 0.250000
vt 0.300000 0.166667
vt 0.300000 0.500000
vt 0.300000 0.416667
vt 0.300000 0.750000
vt 0.300000 0.666667
vt 0.300000 0.083333
vt 0.325000 1.000000
vt 0.300000 0.916667
vt 0.300000 0.333333
vt 0.300000 0.583333
vt 0.325000 0.000000
vt 0.300000 0.833333
vt 0.250000 0.916667
vt 0.250000 0.833333
vt 0.250000 0.333333
vt 0.250000 0.250000
vt 0.250000 0.583333
vt 0.250000 0.500000
vt 0.250000 0.750000
vt 0.250000 0.166667
vt 0.250000 0.416667
vt 0.250000 0.666667
vt 0.250000 0.083333
vt 0.275000 1.000000
vt 0.275000 0.000000
vt 0.200000 0.166667
vt 0.200000 0.083333
vt 0.225000 1.000000
vt 0.200000 0.916667
vt 0.200000 0.416667
vt 0.200000 0.333333
vt 0.200000 0.666667
vt 0.200000 0.583333
vt 0.225000 0.000000
vt 0.200000 0.833333
vt 0.200000 0.250000
vt 0.200000 0.500000
vt 0.200000 0.750000
vt 0.150000 0.833333
vt 0.150000 0.750000
vt 0.150000 0.250000
vt 0.150000 0.166667
vt 0.150000 0.500000
vt 0.150000 0.416667
vt 0.150000 0.666667
vt 0.150000 0.083333
vt 0.175000 1.000000
vt 0.150000 0.916667
vt 0.150000 0.333333
vt 0.150000 0.583333
vt 0.175000 0.000000
vt 0.125000 0.000000
vt 0.100000 0.083333
vt 0.100000 0.916667
vt 0.100000 0.833333
vt 0.100000 0.333333
vt 0.100000 0.250000
vt 0.100000 0.583333
vt 0.100000 0.500000
vt 0.100000 0.750000
vt 0.100000 0.166667
vt 0.100000 0.416667
vt 0.100000 0.666667
vt 0.125000 1.000000
vt 0.050000 0.750000
vt 0.050000 0.666667
vt 0.050000 0.166667
vt 0.050000 0.083333
vt 0.075000 1.000000
vt 0.050000 0.916667
vt 0.050000 0.416667
vt 0.050000 0.333333
vt 0.050000 0.583333
vt 0.075000 0.000000
vt 0.050000 0.833333
vt 0.050000 0.250000
vt 0.050000 0.500000
vt 0.000000 0.833333
vt 0.000000 0.750000
vt 0.000000 0.250000
vt 0.000000 0.166667
vt 0.000000 0.500000
vt 0.000000 0.416667
vt 0.000000 0.666667
vt 0.000000 0.083333
vt 0.025000 1.000000
vt 0.000000 0.916667
vt 0.000000 0.333333
vt 0.000000 0.583333
vt 0.025000 0.000000
vt 1.000000 0.583333
vt 1.000000 0.666667
vt 0.950000 0.666667
vt 0.950000 0.583333
vt 0.975000 0.000000
vt 1.000000 0.083333
vt 0.950000 0.083333
vt 1.000000 0.833333
vt 1.000000 0.916667
vt 0.950000 0.916667
vt 0.950000 0.833333
vt 1.000000 0.250000
vt 1.000000 0.333333
vt 0.950000 0.333333
vt 0.950000 0.250000
vt 1.000000 0.500000
vt 0.950000 0.500000
vt 1.000000 0.750000
vt 0.950000 0.750000
vt 1.000000 0.166667
vt 0.950000 0.166667
vt 1.000000 0.416667
vt 0.950000 0.416667
vt 0.975000 1.000000
vt 0.900000 0.750000
vt 0.900000 0.666667
vt 0.900000 0.166667
vt 0.900000 0.083333
vt 0.925000 1.000000
vt 0.900000 0.916667
vt 0.900000 0.416667
vt 0.900000 0.333333
vt 0.900000 0.583333
vt 0.925000 0.000000
vt 0.900000 0.833333
vt 0.900000 0.250000
vt 0.900000 0.500000
vt 0.850000 0.583333
vt 0.850000 0.500000
vt 0.850000 0.833333
vt 0.850000 0.750000
vt 0.850000 0.250000
vt 0.850000 0.166667
vt 0.850000 0.416667
vt 0.850000 0.666667
vt 0.850000 0.083333
vt 0.875000 1.000000
vt 0.850000 0.916667
vt 0.850000 0.333333
vt 0.875000 0.000000
vt 0.800000 0.666667
vt 0.800000 0.583333
vt 0.825000 0.000000
vt 0.800000 0.083333
vt 0.800000 0.916667
vt 0.800000 0.833333
vt 0.800000 0.333333
vt 0.800000 0.250000
vt 0.800000 0.500000
vt 0.800000 0.750000
vt 0.800000 0.166667
vt 0.800000 0.416667
vt 0.825000 1.000000
vt 0.775000 1.000000
vt 0.775000 0.000000
s 1
usemtl RunicAmber
f 714/1001/684 930/1002/900 724/1003/694 725/1004/695
f 713/1005/683 712/1006/682 721/1007/691 722/1008/692
f 928/1009/898 927/1010/897 718/1011/688 719/1012/689
f 715/1013/685 714/1001/684 725/1004/695 726/1014/696
f 709/1015/679 816/1016/786 716/1017/686
f 929/1018/899 713/1005/683 722/1008/692 723/1019/693
f 711/1020/681 928/1009/898 719/1012/689 720/1021/690
f 738/1022/708 715/1013/685 726/1014/696
f 710/1023/680 709/1015/679 716/1017/686 717/1024/687
f 930/1002/900 929/1018/899 723/1019/693 724/1003/694
f 712/1006/682 711/1020/681 720/1021/690 721/1007/691
f 927/1010/897 710/1023/680 717/1024/687 718/1011/688
f 720/1021/690 719/1012/689 730/1025/700 731/1026/701
f 738/1027/708 726/1014/696 737/1028/707
f 717/1024/687 716/1017/686 727/1029/697 728/1030/698
f 724/1003/694 723/1019/693 734/1031/704 735/1032/705
f 721/1007/691 720/1021/690 731/1026/701 732/1033/702
f 718/1011/688 717/1024/687 728/1030/698 729/1034/699
f 725/1004/695 724/1003/694 735/1032/705 736/1035/706
f 722/1008/692 721/1007/691 732/1033/702 733/1036/703
f 719/1012/689 718/1011/688 729/1034/699 730/1025/700
f 726/1014/696 725/1004/695 736/1035/706 737/1028/707
f 716/1017/686 816/1037/786 727/1029/697
f 723/1019/693 722/1008/692 733/1036/703 734/1031/704
f 733/1036/703 732/1033/702 744/1038/714 745/1039/715
f 730/1025/700 729/1034/699 741/1040/711 742/1041/712
f 737/1028/707 736/1035/706 748/1042/718 749/1043/719
f 727/1029/697 816/1044/786 739/1045/709
f 734/1031/704 733/1036/703 745/1039/715 746/1046/716
f 731/1026/701 730/1025/700 742/1041/712 743/1047/713
f 738/1048/708 737/1028/707 749/1043/719
f 728/1030/698 727/1029/697 739/1045/709 740/1049/710
f 735/1032/705 734/1031/704 746/1046/716 747/1050/717
f 732/1033/702 731/1026/701 743/1047/713 744/1038/714
f 729/1034/699 728/1030/698 740/1049/710 741/1040/711
f 736/1035/706 735/1032/705 747/1050/717 748/1042/718
f 744/1038/714 743/1047/713 754/1051/724 755/1052/725
f 741/1040/711 740/1049/710 751/1053/721 752/1054/722
f 748/1042/718 747/1050/717 758/1055/728 759/1056/729
f 745/1039/715 744/1038/714 755/1052/725 756/1057/726
f 742/1041/712 741/1040/711 752/1054/722 753/1058/723
f 749/1043/719 748/1042/718 759/1056/729 760/1059/730
f 739/1045/709 816/1060/786 750/1061/720
f 746/1046/716 745/1039/715 756/1057/726 757/1062/727
f 743/1047/713 742/1041/712 753/1058/723 754/1051/724
f 738/1063/708 749/1043/719 760/1059/730
f 740/1049/710 739/1045/709 750/1061/720 751/1053/721
f 747/1050/717 746/1046/716 757/1062/727 758/1055/728
f 757/1062/727 756/1057/726 767/1064/737 768/1065/738
f 754/1051/724 753/1058/723 764/1066/734 765/1067/735
f 738/1068/708 760/1059/730 771/1069/741
f 751/1053/721 750/1061/720 761/1070/731 762/1071/732
f 758/1055/728 757/1062/727 768/1065/738 769/1072/739
f 755/1052/725 754/1051/724 765/1067/735 766/1073/736
f 752/1054/722 751/1053/721 762/1071/732 763/1074/733
f 759/1056/729 758/1055/728 769/1072/739 770/1075/740
f 756/1057/726 755/1052/725 766/1073/736 767/1064/737
f 753/1058/723 752/1054/722 763/1074/733 764/1066/734
f 760/1059/730 759/1056/729 770/1075/740 771/1069/741
f 750/1061/720 816/1076/786 761/1070/731
f 767/1064/737 766/1073/736 777/1077/747 778/1078/748
f 764/1066/734 763/1074/733 774/1079/744 775/1080/745
f 771/1069/741 770/1075/740 781/1081/751 782/1082/752
f 761/1070/731 816/1083/786 772/1084/742
f 768/1065/738 767/1064/737 778/1078/748 779/1085/749
f 765/1067/735 764/1066/734 775/1080/745 776/1086/746
f 738/1087/708 771/1069/741 782/1082/752
f 762/1071/732 761/1070/731 772/1084/742 773/1088/743
f 769/1072/739 768/1065/738 779/1085/749 780/1089/750
f 766/1073/736 765/1067/735 776/1086/746 777/1077/747
f 763/1074/733 762/1071/732 773/1088/743 774/1079/744
f 770/1075/740 769/1072/739 780/1089/750 781/1081/751
f 780/1089/750 779/1085/749 790/1090/760 791/1091/761
f 777/1077/747 776/1086/746 787/1092/757 788/1093/758
f 774/1079/744 773/1088/743 784/1094/754 785/1095/755
f 781/1081/751 780/1089/750 791/1091/761 792/1096/762
f 778/1078/748 777/1077/747 788/1093/758 789/1097/759
f 775/1080/745 774/1079/744 785/1095/755 786/1098/756
f 782/1082/752 781/1081/751 792/1096/762 793/1099/763
f 772/1084/742 816/1100/786 783/1101/753
f 779/1085/749 778/1078/748 789/1097/759 790/1090/760
f 776/1086/746 775/1080/745 786/1098/756 787/1092/757
f 738/1102/708 782/1082/752 793/1099/763
f 773/1088/743 772/1084/742 783/1101/753 784/1094/754
f 783/1101/753 816/1103/786 794/1104/764
f 790/1090/760 789/1097/759 800/1105/770 801/1106/771
f 787/1092/757 786/1098/756 797/1107/767 798/1108/768
f 738/1109/708 793/1099/763 804/1110/774
f 784/1094/754 783/1101/753 794/1104/764 795/1111/765
f 791/1091/761 790/1090/760 801/1106/771 802/1112/772
f 788/1093/758 787/1092/757 798/1108/768 799/1113/769
f 785/1095/755 784/1094/754 795/1111/765 796/1114/766
f 792/1096/762 791/1091/761 802/1112/772 803/1115/773
f 789/1097/759 788/1093/758 799/1113/769 800/1105/770
f 786/1098/756 785/1095/755 796/1114/766 797/1107/767
f 793/1099/763 792/1096/762 803/1115/773 804/1110/774
f 803/1115/773 802/1112/772 813/1116/783 814/1117/784
f 800/1105/770 799/1113/769 810/1118/780 811/1119/781
f 797/1107/767 796/1114/766 807/1120/777 808/1121/778
f 804/1110/774 803/1115/773 814/1117/784 815/1122/785
f 794/1104/764 816/1123/786 805/1124/775
f 801/1106/771 800/1105/770 811/1119/781 812/1125/782
f 798/1108/768 797/1107/767 808/1121/778 809/1126/779
f 738/1127/708 804/1110/774 815/1122/785
f 795/1111/765 794/1104/764 805/1124/775 806/1128/776
f 802/1112/772 801/1106/771 812/1125/782 813/1116/783
f 799/1113/769 798/1108/768 809/1126/779 810/1118/780
f 796/1114/766 795/1111/765 806/1128/776 807/1120/777
f 806/1128/776 805/1124/775 817/1129/787 818/1130/788
f 813/1116/783 812/1125/782 824/1131/794 825/1132/795
f 810/1118/780 809/1126/779 821/1133/791 822/1134/792
f 807/1120/777 806/1128/776 818/1130/788 819/1135/789
f 814/1117/784 813/1116/783 825/1132/795 826/1136/796
f 811/1119/781 810/1118/780 822/1134/792 823/1137/793
f 808/1121/778 807/1120/777 819/1135/789 820/1138/790
f 815/1122/785 814/1117/784 826/1136/796 827/1139/797
f 805/1124/775 816/1140/786 817/1129/787
f 812/1125/782 811/1119/781 823/1137/793 824/1131/794
f 809/1126/779 808/1121/778 820/1138/790 821/1133/791
f 738/1141/708 815/1122/785 827/1139/797
f 827/1139/797 826/1136/796 837/1142/807 838/1143/808
f 817/1129/787 816/1144/786 828/1145/798
f 824/1131/794 823/1137/793 834/1146/804 835/1147/805
f 821/1133/791 820/1138/790 831/1148/801 832/1149/802
f 738/1150/708 827/1139/797 838/1143/808
f 818/1130/788 817/1129/787 828/1145/798 829/1151/799
f 825/1132/795 824/1131/794 835/1147/805 836/1152/806
f 822/1134/792 821/1133/791 832/1149/802 833/1153/803
f 819/1135/789 818/1130/788 829/1151/799 830/1154/800
f 826/1136/796 825/1132/795 836/1152/806 837/1142/807
f 823/1137/793 822/1134/792 833/1153/803 834/1146/804
f 820/1138/790 819/1135/789 830/1154/800 831/1148/801
f 830/1154/800 829/1151/799 840/1155/810 841/1156/811
f 837/1142/807 836/1152/806 847/1157/817 848/1158/818
f 834/1146/804 833/1153/803 844/1159/814 845/1160/815
f 831/1148/801 830/1154/800 841/1156/811 842/1161/812
f 838/1143/808 837/1142/807 848/1158/818 849/1162/819
f 828/1145/798 816/1163/786 839/1164/809
f 835/1147/805 834/1146/804 845/1160/815 846/1165/816
f 832/1149/802 831/1148/801 842/1161/812 843/1166/813
f 738/1167/708 838/1143/808 849/1162/819
f 829/1151/799 828/1145/798 839/1164/809 840/1155/810
f 836/1152/806 835/1147/805 846/1165/816 847/1157/817
f 833/1153/803 832/1149/802 843/1166/813 844/1159/814
f 738/1168/708 849/1162/819 860/1169/830
f 840/1155/810 839/1164/809 850/1170/820 851/1171/821
f 847/1157/817 846/1165/816 857/1172/827 858/1173/828
f 844/1159/814 843/1166/813 854/1174/824 855/1175/825
f 841/1156/811 840/1155/810 851/1171/821 852/1176/822
f 848/1158/818 847/1157/817 858/1173/828 859/1177/829
f 845/1160/815 844/1159/814 855/1175/825 856/1178/826
f 842/1161/812 841/1156/811 852/1176/822 853/1179/823
f 849/1162/819 848/1158/818 859/1177/829 860/1169/830
f 839/1164/809 816/1180/786 850/1170/820
f 846/1165/816 845/1160/815 856/1178/826 857/1172/827
f 843/1166/813 842/1161/812 853/1179/823 854/1174/824
f 853/1179/823 852/1176/822 863/1181/833 864/1182/834
f 860/1169/830 859/1177/829 870/1183/840 871/1184/841
f 850/1170/820 816/1185/786 861/1186/831
f 857/1172/827 856/1178/826 867/1187/837 868/1188/838
f 854/1174/824 853/1179/823 864/1182/834 865/1189/835
f 738/1190/708 860/1169/830 871/1184/841
f 851/1171/821 850/1170/820 861/1186/831 862/1191/832
f 858/1173/828 857/1172/827 868/1188/838 869/1192/839
f 855/1175/825 854/1174/824 865/1189/835 866/1193/836
f 852/1176/822 851/1171/821 862/1191/832 863/1181/833
f 859/1177/829 858/1173/828 869/1192/839 870/1183/840
f 856/1178/826 855/1175/825 866/1193/836 867/1187/837
f 863/1181/833 862/1191/832 873/1194/843 874/1195/844
f 870/1183/840 869/1192/839 880/1196/850 881/1197/851
f 867/1187/837 866/1193/836 877/1198/847 878/1199/848
f 864/1182/834 863/1181/833 874/1195/844 875/1200/845
f 871/1184/841 870/1183/840 881/1197/851 882/1201/852
f 861/1186/831 816/1202/786 872/1203/842
f 868/1188/838 867/1187/837 878/1199/848 879/1204/849
f 865/1189/835 864/1182/834 875/1200/845 876/1205/846
f 738/1206/708 871/1184/841 882/1201/852
f 862/1191/832 861/1186/831 872/1203/842 873/1194/843
f 869/1192/839 868/1188/838 879/1204/849 880/1196/850
f 866/1193/836 865/1189/835 876/1205/846 877/1198/847
f 876/1207/846 875/1208/845 886/1209/856 887/1210/857
f 738/1211/708 882/1212/852 893/1213/863
f 873/1214/843 872/1215/842 883/1216/853 884/1217/854
f 880/1218/850 879/1219/849 890/1220/860 891/1221/861
f 877/1222/847 876/1207/846 887/1210/857 888/1223/858
f 874/1224/844 873/1214/843 884/1217/854 885/1225/855
f 881/1226/851 880/1218/850 891/1221/861 892/1227/862
f 878/1228/848 877/1222/847 888/1223/858 889/1229/859
f 875/1208/845 874/1224/844 885/1225/855 886/1209/856
f 882/1212/852 881/1226/851 892/1227/862 893/1213/863
f 872/1215/842 816/1230/786 883/1216/853
f 879/1219/849 878/1228/848 889/1229/859 890/1220/860
f 886/1209/856 885/1225/855 896/1231/866 897/1232/867
f 893/1213/863 892/1227/862 903/1233/873 904/1234/874
f 883/1216/853 816/1235/786 894/1236/864
f 890/1220/860 889/1229/859 900/1237/870 901/1238/871
f 887/1210/857 886/1209/856 897/1232/867 898/1239/868
f 738/1240/708 893/1213/863 904/1234/874
f 884/1217/854 883/1216/853 894/1236/864 895/1241/865
f 891/1221/861 890/1220/860 901/1238/871 902/1242/872
f 888/1223/858 887/1210/857 898/1239/868 899/1243/869
f 885/1225/855 884/1217/854 895/1241/865 896/1231/866
f 892/1227/862 891/1221/861 902/1242/872 903/1233/873
f 889/1229/859 888/1223/858 899/1243/869 900/1237/870
f 899/1243/869 898/1239/868 909/1244/879 910/1245/880
f 896/1231/866 895/1241/865 906/1246/876 907/1247/877
f 903/1233/873 902/1242/872 913/1248/883 914/1249/884
f 900/1237/870 899/1243/869 910/1245/880 911/1250/881
f 897/1232/867 896/1231/866 907/1247/877 908/1251/878
f 904/1234/874 903/1233/873 914/1249/884 915/1252/885
f 894/1236/864 816/1253/786 905/1254/875
f 901/1238/871 900/1237/870 911/1250/881 912/1255/882
f 898/1239/868 897/1232/867 908/1251/878 909/1244/879
f 738/1256/708 904/1234/874 915/1252/885
f 895/1241/865 894/1236/864 905/1254/875 906/1246/876
f 902/1242/872 901/1238/871 912/1255/882 913/1248/883
f 909/1244/879 908/1251/878 919/1257/889 920/1258/890
f 738/1259/708 915/1252/885 926/1260/896
f 906/1246/876 905/1254/875 916/1261/886 917/1262/887
f 913/1248/883 912/1255/882 923/1263/893 924/1264/894
f 910/1245/880 909/1244/879 920/1258/890 921/1265/891
f 907/1247/877 906/1246/876 917/1262/887 918/1266/888
f 914/1249/884 913/1248/883 924/1264/894 925/1267/895
f 911/1250/881 910/1245/880 921/1265/891 922/1268/892
f 908/1251/878 907/1247/877 918/1266/888 919/1257/889
f 915/1252/885 914/1249/884 925/1267/895 926/1260/896
f 905/1254/875 816/1269/786 916/1261/886
f 912/1255/882 911/1250/881 922/1268/892 923/1263/893
f 922/1268/892 921/1265/891 712/1006/682 713/1005/683
f 919/1257/889 918/1266/888 927/1010/897 928/1009/898
f 926/1260/896 925/1267/895 714/1001/684 715/1013/685
f 916/1261/886 816/1270/786 709/1015/679
f 923/1263/893 922/1268/892 713/1005/683 929/1018/899
f 920/1258/890 919/1257/889 928/1009/898 711/1020/681
f 738/1271/708 926/1260/896 715/1013/685
f 917/1262/887 916/1261/886 709/1015/679 710/1023/680
f 924/1264/894 923/1263/893 929/1018/899 930/1002/900
f 921/1265/891 920/1258/890 711/1020/681 712/1006/682
f 918/1266/888 917/1262/887 710/1023/680 927/1010/897
f 925/1267/895 924/1264/894 930/1002/900 714/1001/684
o iron_horn_mantle
v -0.420000 0.625000 -0.275000
v -0.420000 0.655000 -0.245000
v -0.450000 0.655000 -0.275000
v -0.420000 0.629008 -0.260020
v -0.434980 0.629008 -0.275000
v -0.434346 0.632901 -0.260654
v -0.434980 0.655000 -0.249008
v -0.420000 0.640020 -0.249008
v -0.434346 0.640654 -0.252901
v -0.445992 0.640020 -0.275000
v -0.445992 0.655000 -0.260020
v -0.442099 0.640654 -0.260654
v -0.420000 1.025000 -0.245000
v -0.420000 1.055000 -0.275000
v -0.450000 1.025000 -0.275000
v -0.420000 1.039980 -0.249008
v -0.434980 1.025000 -0.249008
v -0.434346 1.039346 -0.252901
v -0.434980 1.050992 -0.275000
v -0.420000 1.050992 -0.260020
v -0.434346 1.047099 -0.260654
v -0.445992 1.025000 -0.260020
v -0.445992 1.039980 -0.275000
v -0.442099 1.039346 -0.260654
v -0.420000 0.625000 -0.325000
v -0.450000 0.655000 -0.325000
v -0.420000 0.655000 -0.355000
v -0.434980 0.629008 -0.325000
v -0.420000 0.629008 -0.339980
v -0.434346 0.632901 -0.339346
v -0.445992 0.655000 -0.339980
v -0.445992 0.640020 -0.325000
v -0.442099 0.640654 -0.339346
v -0.420000 0.640020 -0.350992
v -0.434980 0.655000 -0.350992
v -0.434346 0.640654 -0.347099
v -0.420000 1.055000 -0.325000
v -0.420000 1.025000 -0.355000
v -0.450000 1.025000 -0.325000
v -0.420000 1.050992 -0.339980
v -0.434980 1.050992 -0.325000
v -0.434346 1.047099 -0.339346
v -0.434980 1.025000 -0.350992
v -0.420000 1.039980 -0.350992
v -0.434346 1.039346 -0.347099
v -0.445992 1.039980 -0.325000
v -0.445992 1.025000 -0.339980
v -0.442099 1.039346 -0.339346
v 0.420000 0.625000 -0.275000
v 0.450000 0.655000 -0.275000
v 0.420000 0.655000 -0.245000
v 0.434980 0.629008 -0.275000
v 0.420000 0.629008 -0.260020
v 0.434346 0.632901 -0.260654
v 0.445992 0.655000 -0.260020
v 0.445992 0.640020 -0.275000
v 0.442099 0.640654 -0.260654
v 0.420000 0.640020 -0.249008
v 0.434980 0.655000 -0.249008
v 0.434346 0.640654 -0.252901
v 0.420000 1.055000 -0.275000
v 0.420000 1.025000 -0.245000
v 0.450000 1.025000 -0.275000
v 0.420000 1.050992 -0.260020
v 0.434980 1.050992 -0.275000
v 0.434346 1.047099 -0.260654
v 0.434980 1.025000 -0.249008
v 0.420000 1.039980 -0.249008
v 0.434346 1.039346 -0.252901
v 0.445992 1.039980 -0.275000
v 0.445992 1.025000 -0.260020
v 0.442099 1.039346 -0.260654
v 0.420000 0.625000 -0.325000
v 0.420000 0.655000 -0.355000
v 0.450000 0.655000 -0.325000
v 0.420000 0.629008 -0.339980
v 0.434980 0.629008 -0.325000
v 0.434346 0.632901 -0.339346
v 0.434980 0.655000 -0.350992
v 0.420000 0.640020 -0.350992
v 0.434346 0.640654 -0.347099
v 0.445992 0.640020 -0.325000
v 0.445992 0.655000 -0.339980
v 0.442099 0.640654 -0.339346
v 0.420000 1.055000 -0.325000
v 0.450000 1.025000 -0.325000
v 0.420000 1.025000 -0.355000
v 0.434980 1.050992 -0.325000
v 0.420000 1.050992 -0.339980
v 0.434346 1.047099 -0.339346
v 0.445992 1.025000 -0.339980
v 0.445992 1.039980 -0.325000
v 0.442099 1.039346 -0.339346
v 0.420000 1.039980 -0.350992
v 0.434980 1.025000 -0.350992
v 0.434346 1.039346 -0.347099
vn -0.2566 -0.9318 0.2566
vn -0.2178 -0.6901 0.6901
vn -0.2566 -0.2566 0.9318
vn -0.6901 -0.2178 0.6901
vn -0.9318 -0.2566 0.2566
vn -0.6901 -0.6901 0.2178
vn -0.5774 -0.5774 0.5773
vn -0.2566 0.2566 0.9318
vn -0.2178 0.6901 0.6901
vn -0.2566 0.9318 0.2566
vn -0.6901 0.6901 0.2178
vn -0.9318 0.2566 0.2566
vn -0.6901 0.2178 0.6901
vn -0.5774 0.5774 0.5773
vn -0.2566 -0.9318 -0.2566
vn -0.6901 -0.6901 -0.2178
vn -0.9318 -0.2566 -0.2566
vn -0.6901 -0.2178 -0.6901
vn -0.2566 -0.2566 -0.9318
vn -0.2178 -0.6901 -0.6901
vn -0.5774 -0.5774 -0.5773
vn -0.2566 0.9318 -0.2566
vn -0.2178 0.6901 -0.6901
vn -0.2566 0.2566 -0.9318
vn -0.6901 0.2178 -0.6901
vn -0.9318 0.2566 -0.2566
vn -0.6901 0.6901 -0.2178
vn -0.5774 0.5774 -0.5773
vn 0.2566 -0.9318 0.2566
vn 0.6901 -0.6901 0.2178
vn 0.9318 -0.2566 0.2566
vn 0.6901 -0.2178 0.6901
vn 0.2566 -0.2566 0.9318
vn 0.2178 -0.6901 0.6901
vn 0.5774 -0.5774 0.5773
vn 0.2566 0.9318 0.2566
vn 0.2178 0.6901 0.6901
vn 0.2566 0.2566 0.9318
vn 0.6901 0.2178 0.6901
vn 0.9318 0.2566 0.2566
vn 0.6901 0.6901 0.2178
vn 0.5774 0.5774 0.5773
vn 0.2566 -0.9318 -0.2566
vn 0.2178 -0.6901 -0.6901
vn 0.2566 -0.2566 -0.9318
vn 0.6901 -0.2178 -0.6901
vn 0.9318 -0.2566 -0.2566
vn 0.6901 -0.6901 -0.2178
vn 0.5774 -0.5774 -0.5773
vn 0.2566 0.9318 -0.2566
vn 0.6901 0.6901 -0.2178
vn 0.9318 0.2566 -0.2566
vn 0.6901 0.2178 -0.6901
vn 0.2566 0.2566 -0.9318
vn 0.2178 0.6901 -0.6901
vn 0.5774 0.5774 -0.5773
vn -0.2585 -0.9660 -0.0000
vn -0.7071 -0.7071 -0.0000
vn -0.9660 -0.2585 -0.0000
vn -0.2585 -0.0000 0.9660
vn -0.7071 -0.0000 0.7071
vn -0.9660 -0.0000 0.2585
vn -0.2585 0.9660 -0.0000
vn -0.7071 0.7071 -0.0000
vn -0.9660 0.2585 -0.0000
vn -0.2585 -0.0000 -0.9660
vn -0.7071 -0.0000 -0.7071
vn -0.9660 -0.0000 -0.2585
vn -0.0000 -0.9660 -0.2585
vn -0.0000 -0.7071 -0.7071
vn -0.0000 -0.2585 -0.9660
vn -0.0000 0.9660 -0.2585
vn -0.0000 0.7071 -0.7071
vn -0.0000 0.2585 -0.9660
vn 0.9660 -0.0000 -0.2585
vn 0.7071 -0.0000 -0.7071
vn 0.2585 -0.0000 -0.9660
vn 0.2585 -0.9660 -0.0000
vn 0.7071 -0.7071 -0.0000
vn 0.9660 -0.2585 -0.0000
vn 0.2585 0.9660 -0.0000
vn 0.7071 0.7071 -0.0000
vn 0.9660 0.2585 -0.0000
vn 0.2585 -0.0000 0.9660
vn 0.7071 -0.0000 0.7071
vn 0.9660 -0.0000 0.2585
vn -0.0000 -0.9660 0.2585
vn -0.0000 -0.7071 0.7071
vn -0.0000 -0.2585 0.9660
vn -0.0000 0.9660 0.2585
vn -0.0000 0.7071 0.7071
vn -0.0000 0.2585 0.9660
vn -0.0000 -1.0000 -0.0000
vn -1.0000 -0.0000 -0.0000
vn -0.0000 -0.0000 1.0000
vn -0.0000 1.0000 -0.0000
vn -0.0000 -0.0000 -1.0000
vn 1.0000 -0.0000 -0.0000
vt 0.133333 0.681818
vt 0.133333 0.715864
vt 0.129348 0.714423
vt 0.129172 0.681818
vt 0.133333 0.750000
vt 0.129348 0.750000
vt 0.392442 0.991667
vt 0.392442 1.000000
vt 0.375000 0.995652
vt 0.375000 0.991667
vt 0.392442 0.000000
vt 0.392442 0.034136
vt 0.375000 0.035576
vt 0.375000 0.000000
vt 0.392442 0.068182
vt 0.375000 0.068182
vt 0.125000 0.681818
vt 0.125000 0.714424
vt 0.607558 0.991667
vt 0.616268 0.991667
vt 0.615899 1.000000
vt 0.607558 1.000000
vt 0.625000 0.991667
vt 0.625000 1.000000
vt 0.866667 0.681818
vt 0.875000 0.681818
vt 0.875000 0.714424
vt 0.866667 0.750000
vt 0.625000 0.068182
vt 0.616268 0.068182
vt 0.615899 0.035576
vt 0.625000 0.035576
vt 0.607558 0.068182
vt 0.607558 0.034136
vt 0.607558 0.000000
vt 0.615899 0.000000
vt 0.133333 0.568182
vt 0.129172 0.568182
vt 0.129348 0.535576
vt 0.133333 0.534136
vt 0.125000 0.568182
vt 0.125000 0.535576
vt 0.392442 0.181818
vt 0.392442 0.215864
vt 0.375000 0.214424
vt 0.375000 0.181818
vt 0.392442 0.254172
vt 0.375000 0.254348
vt 0.392442 0.258333
vt 0.375000 0.258333
vt 0.133333 0.500000
vt 0.129348 0.500000
vt 0.866667 0.568182
vt 0.866667 0.500000
vt 0.875000 0.535576
vt 0.875000 0.568182
vt 0.625000 0.258333
vt 0.616268 0.258333
vt 0.615899 0.252623
vt 0.625000 0.230118
vt 0.607558 0.258333
vt 0.607558 0.254172
vt 0.607558 0.215864
vt 0.615899 0.214424
vt 0.607558 0.181818
vt 0.616268 0.181818
vt 0.625000 0.181818
vt 0.366667 0.681818
vt 0.370828 0.681818
vt 0.370652 0.714424
vt 0.366667 0.715864
vt 0.383732 0.681818
vt 0.383227 0.714423
vt 0.392442 0.681818
vt 0.392442 0.715864
vt 0.392442 0.754172
vt 0.373403 0.752751
vt 0.392442 0.758333
vt 0.370830 0.754164
vt 0.633333 0.681818
vt 0.629164 0.754170
vt 0.627751 0.751597
vt 0.629172 0.681818
vt 0.616268 0.758333
vt 0.615899 0.754348
vt 0.607558 0.758333
vt 0.607558 0.754172
vt 0.607558 0.715864
vt 0.615899 0.717346
vt 0.607558 0.681818
vt 0.616268 0.681818
vt 0.366667 0.568182
vt 0.366667 0.534136
vt 0.370652 0.535577
vt 0.370828 0.568182
vt 0.370830 0.495836
vt 0.373403 0.497249
vt 0.392442 0.491667
vt 0.392442 0.495828
vt 0.392442 0.534136
vt 0.383227 0.535576
vt 0.392442 0.568182
vt 0.383732 0.568182
vt 0.633333 0.568182
vt 0.629172 0.568182
vt 0.627751 0.498403
vt 0.629164 0.495830
vt 0.616268 0.568182
vt 0.615899 0.532654
vt 0.607558 0.568182
vt 0.607558 0.534136
vt 0.607558 0.495828
vt 0.615899 0.495652
vt 0.607558 0.491667
vt 0.616268 0.491667
s 0
usemtl BlackIron
f 931/1272/901 934/1273/901 936/1274/901 935/1275/901
f 934/1273/902 938/1276/902 939/1277/902 936/1274/902
f 932/1278/903 937/1279/903 939/1280/903 938/1281/903
f 937/1282/904 941/1283/904 942/1284/904 939/1285/904
f 933/1286/905 940/1287/905 942/1284/905 941/1283/905
f 940/1288/906 935/1275/906 936/1274/906 942/1289/906
f 936/1274/907 939/1277/907 942/1289/907
f 943/1290/908 946/1291/908 948/1292/908 947/1293/908
f 946/1291/909 950/1294/909 951/1295/909 948/1292/909
f 944/1296/910 949/1297/910 951/1298/910 950/1299/910
f 949/1300/911 953/1301/911 954/1302/911 951/1303/911
f 945/1304/912 952/1305/912 954/1302/912 953/1301/912
f 952/1305/913 947/1306/913 948/1307/913 954/1302/913
f 948/1307/914 951/1303/914 954/1302/914
f 955/1308/915 958/1309/915 960/1310/915 959/1311/915
f 958/1309/916 962/1312/916 963/1313/916 960/1310/916
f 956/1314/917 961/1315/917 963/1316/917 962/1317/917
f 961/1315/918 965/1318/918 966/1319/918 963/1316/918
f 957/1320/919 964/1321/919 966/1319/919 965/1318/919
f 964/1322/920 959/1311/920 960/1310/920 966/1323/920
f 960/1310/921 963/1313/921 966/1323/921
f 967/1324/922 970/1325/922 972/1326/922 971/1327/922
f 970/1328/923 974/1329/923 975/1330/923 972/1331/923
f 968/1332/924 973/1333/924 975/1330/924 974/1329/924
f 973/1333/925 977/1334/925 978/1335/925 975/1330/925
f 969/1336/926 976/1337/926 978/1335/926 977/1334/926
f 976/1337/927 971/1338/927 972/1331/927 978/1335/927
f 972/1331/928 975/1330/928 978/1335/928
f 979/1339/929 982/1340/929 984/1341/929 983/1342/929
f 982/1340/930 986/1343/930 987/1344/930 984/1341/930
f 980/1345/931 985/1346/931 987/1344/931 986/1343/931
f 985/1346/932 989/1347/932 990/1348/932 987/1344/932
f 981/1349/933 988/1350/933 990/1348/933 989/1347/933
f 988/1350/934 983/1342/934 984/1341/934 990/1348/934
f 984/1341/935 987/1344/935 990/1348/935
f 991/1351/936 994/1352/936 996/1353/936 995/1354/936
f 994/1352/937 998/1355/937 999/1356/937 996/1353/937
f 992/1357/938 997/1358/938 999/1356/938 998/1355/938
f 997/1358/939 1001/1359/939 1002/1360/939 999/1356/939
f 993/1361/940 1000/1362/940 1002/1360/940 1001/1359/940
f 1000/1362/941 995/1354/941 996/1353/941 1002/1360/941
f 996/1353/942 999/1356/942 1002/1360/942
f 1003/1363/943 1006/1364/943 1008/1365/943 1007/1366/943
f 1006/1364/944 1010/1367/944 1011/1368/944 1008/1365/944
f 1004/1369/945 1009/1370/945 1011/1368/945 1010/1367/945
f 1009/1370/946 1013/1371/946 1014/1372/946 1011/1368/946
f 1005/1373/947 1012/1374/947 1014/1372/947 1013/1371/947
f 1012/1374/948 1007/1366/948 1008/1365/948 1014/1372/948
f 1008/1365/949 1011/1368/949 1014/1372/949
f 1015/1375/950 1018/1376/950 1020/1377/950 1019/1378/950
f 1018/1376/951 1022/1379/951 1023/1380/951 1020/1377/951
f 1016/1381/952 1021/1382/952 1023/1380/952 1022/1379/952
f 1021/1382/953 1025/1383/953 1026/1384/953 1023/1380/953
f 1017/1385/954 1024/1386/954 1026/1384/954 1025/1383/954
f 1024/1386/955 1019/1378/955 1020/1377/955 1026/1384/955
f 1020/1377/956 1023/1380/956 1026/1384/956
f 955/1308/957 931/1272/957 935/1275/957 958/1309/957
f 958/1309/958 935/1275/958 940/1288/958 962/1312/958
f 962/1317/959 940/1287/959 933/1286/959 956/1314/959
f 932/1278/960 943/1290/960 947/1293/960 937/1279/960
f 937/1282/961 947/1306/961 952/1305/961 941/1283/961
f 941/1283/962 952/1305/962 945/1304/962 933/1286/962
f 944/1296/963 967/1324/963 971/1327/963 949/1297/963
f 949/1300/964 971/1338/964 976/1337/964 953/1301/964
f 953/1301/965 976/1337/965 969/1336/965 945/1304/965
f 968/1332/966 957/1320/966 965/1318/966 973/1333/966
f 973/1333/967 965/1318/967 961/1315/967 977/1334/967
f 977/1334/968 961/1315/968 956/1314/968 969/1336/968
f 1003/1363/969 955/1308/969 959/1311/969 1006/1364/969
f 1006/1364/970 959/1311/970 964/1322/970 1010/1367/970
f 1010/1367/971 964/1321/971 957/1320/971 1004/1369/971
f 967/1324/972 1015/1375/972 1019/1378/972 970/1325/972
f 970/1328/973 1019/1378/973 1024/1386/973 974/1329/973
f 974/1329/974 1024/1386/974 1017/1385/974 968/1332/974
f 1016/1381/975 1005/1373/975 1013/1371/975 1021/1382/975
f 1021/1382/976 1013/1371/976 1009/1370/976 1025/1383/976
f 1025/1383/977 1009/1370/977 1004/1369/977 1017/1385/977
f 979/1339/978 1003/1363/978 1007/1366/978 982/1340/978
f 982/1340/979 1007/1366/979 1012/1374/979 986/1343/979
f 986/1343/980 1012/1374/980 1005/1373/980 980/1345/980
f 1015/1375/981 991/1351/981 995/1354/981 1018/1376/981
f 1018/1376/982 995/1354/982 1000/1362/982 1022/1379/982
f 1022/1379/983 1000/1362/983 993/1361/983 1016/1381/983
f 992/1357/984 981/1349/984 989/1347/984 997/1358/984
f 997/1358/985 989/1347/985 985/1346/985 1001/1359/985
f 1001/1359/986 985/1346/986 980/1345/986 993/1361/986
f 931/1272/987 979/1339/987 983/1342/987 934/1273/987
f 934/1273/988 983/1342/988 988/1350/988 938/1276/988
f 938/1281/989 988/1350/989 981/1349/989 932/1278/989
f 991/1351/990 944/1296/990 950/1299/990 994/1352/990
f 994/1352/991 950/1294/991 946/1291/991 998/1355/991
f 998/1355/992 946/1291/992 943/1290/992 992/1357/992
f 955/1308/993 1003/1363/993 979/1339/993 931/1272/993
f 933/1286/994 945/1304/994 969/1336/994 956/1314/994
f 981/1349/995 992/1357/995 943/1290/995 932/1278/995
f 1015/1375/996 967/1324/996 944/1296/996 991/1351/996
f 957/1320/997 968/1332/997 1017/1385/997 1004/1369/997
f 1005/1373/998 1016/1381/998 993/1361/998 980/1345/998
