# Blender 4.5.10 LTS
# www.blender.org
mtllib TowerAura1.mtl
o circular_stone_dais_lower_course
v -0.000000 0.000000 -0.841258
v -0.024609 0.021924 -0.844079
v 0.024609 0.021924 -0.844079
v -0.015473 0.006421 -0.850317
v 0.000000 0.009676 -0.853134
v 0.000000 0.023898 -0.846939
v 0.015473 0.006421 -0.850318
v 0.000000 0.280000 -0.648058
v 0.024609 0.258076 -0.681134
v -0.024609 0.258076 -0.681134
v 0.013257 0.273579 -0.666897
v -0.000000 0.271144 -0.673102
v -0.000000 0.260050 -0.683995
v -0.013258 0.273579 -0.666897
v 0.594859 0.000000 -0.594859
v 0.579453 0.021924 -0.614255
v 0.614255 0.021924 -0.579453
v 0.590324 0.006421 -0.612206
v 0.603257 0.009676 -0.603257
v 0.598877 0.023898 -0.598877
v 0.612206 0.006421 -0.590324
v 0.458246 0.280000 -0.458246
v 0.499036 0.258076 -0.464233
v 0.464233 0.258076 -0.499036
v 0.480942 0.273579 -0.462193
v 0.475955 0.271144 -0.475955
v 0.483657 0.260050 -0.483657
v 0.462193 0.273579 -0.480942
v 0.841258 0.000000 -0.000000
v 0.844079 0.021924 -0.024609
v 0.844079 0.021924 0.024609
v 0.850317 0.006421 -0.015473
v 0.853134 0.009676 0.000000
v 0.846939 0.023898 -0.000000
v 0.850318 0.006421 0.015473
v 0.648058 0.280000 0.000000
v 0.681134 0.258076 0.024609
v 0.681134 0.258076 -0.024609
v 0.666897 0.273579 0.013257
v 0.673102 0.271144 -0.000000
v 0.683995 0.260050 -0.000000
v 0.666897 0.273579 -0.013258
v 0.594859 0.000000 0.594859
v 0.614255 0.021924 0.579453
v 0.579453 0.021924 0.614255
v 0.612206 0.006421 0.590324
v 0.603257 0.009676 0.603257
v 0.598877 0.023898 0.598877
v 0.590324 0.006421 0.612206
v 0.458246 0.280000 0.458246
v 0.464233 0.258076 0.499036
v 0.499036 0.258076 0.464233
v 0.462193 0.273579 0.480942
v 0.475955 0.271144 0.475955
v 0.483657 0.260050 0.483657
v 0.480942 0.273579 0.462193
v 0.000000 0.000000 0.841258
v 0.024609 0.021924 0.844079
v -0.024609 0.021924 0.844079
v 0.015473 0.006421 0.850317
v -0.000000 0.009676 0.853134
v 0.000000 0.023898 0.846939
v -0.015473 0.006421 0.850318
v -0.000000 0.280000 0.648058
v -0.024609 0.258076 0.681134
v 0.024609 0.258076 0.681134
v -0.013257 0.273579 0.666897
v 0.000000 0.271144 0.673102
v 0.000000 0.260050 0.683995
v 0.013258 0.273579 0.666897
v -0.594859 0.000000 0.594859
v -0.579453 0.021924 0.614255
v -0.614255 0.021924 0.579453
v -0.590324 0.006421 0.612206
v -0.603257 0.009676 0.603257
v -0.598877 0.023898 0.598877
v -0.612206 0.006421 0.590324
v -0.458246 0.280000 0.458246
v -0.499036 0.258076 0.464233
v -0.464233 0.258076 0.499036
v -0.480942 0.273579 0.462193
v -0.475955 0.271144 0.475955
v -0.483657 0.260050 0.483657
v -0.462193 0.273579 0.480942
v -0.841258 0.000000 0.000000
v -0.844079 0.021924 0.024609
v -0.844079 0.021924 -0.024609
v -0.850317 0.006421 0.015473
v -0.853134 0.009676 -0.000000
v -0.846939 0.023898 0.000000
v -0.850318 0.006421 -0.015473
v -0.648058 0.280000 -0.000000
v -0.681134 0.258076 -0.024609
v -0.681134 0.258076 0.024609
v -0.666897 0.273579 -0.013257
v -0.673102 0.271144 0.000000
v -0.683995 0.260050 0.000000
v -0.666897 0.273579 0.013258
v -0.594859 0.000000 -0.594859
v -0.614255 0.021924 -0.579453
v -0.579453 0.021924 -0.614255
v -0.612206 0.006421 -0.590324
v -0.603257 0.009676 -0.603257
v -0.598877 0.023898 -0.598877
v -0.590324 0.006421 -0.612206
v -0.458246 0.280000 -0.458246
v -0.464233 0.258076 -0.499036
v -0.499036 0.258076 -0.464233
v -0.462193 0.273579 -0.480942
v -0.475955 0.271144 -0.475955
v -0.483657 0.260050 -0.483657
v -0.480942 0.273579 -0.462193
vn -0.0000 -0.7753 -0.6316
vn -0.1747 0.3338 -0.9263
vn 0.1747 0.3338 -0.9263
vn -0.0000 0.9428 -0.3334
vn 0.1551 0.7126 -0.6842
vn -0.1551 0.7126 -0.6842
vn 0.4466 -0.7753 -0.4466
vn 0.5315 0.3338 -0.7786
vn 0.7786 0.3338 -0.5315
vn 0.2357 0.9428 -0.2357
vn 0.5935 0.7126 -0.3741
vn 0.3741 0.7126 -0.5935
vn 0.6316 -0.7753 -0.0000
vn 0.9263 0.3338 -0.1747
vn 0.9263 0.3338 0.1747
vn 0.3334 0.9428 -0.0000
vn 0.6842 0.7126 0.1551
vn 0.6842 0.7126 -0.1551
vn 0.4466 -0.7753 0.4466
vn 0.7786 0.3338 0.5315
vn 0.5315 0.3338 0.7786
vn 0.2357 0.9428 0.2357
vn 0.3741 0.7126 0.5935
vn 0.5935 0.7126 0.3741
vn -0.0000 -0.7753 0.6316
vn 0.1747 0.3338 0.9263
vn -0.1747 0.3338 0.9263
vn -0.0000 0.9428 0.3334
vn -0.1551 0.7126 0.6842
vn 0.1551 0.7126 0.6842
vn -0.4466 -0.7753 0.4466
vn -0.5315 0.3338 0.7786
vn -0.7786 0.3338 0.5315
vn -0.2357 0.9428 0.2357
vn -0.5935 0.7126 0.3741
vn -0.3741 0.7126 0.5935
vn -0.6316 -0.7753 -0.0000
vn -0.9263 0.3338 0.1747
vn -0.9263 0.3338 -0.1747
vn -0.3334 0.9428 -0.0000
vn -0.6842 0.7126 -0.1551
vn -0.6842 0.7126 0.1551
vn -0.4466 -0.7753 -0.4466
vn -0.7786 0.3338 -0.5315
vn -0.5315 0.3338 -0.7786
vn -0.2357 0.9428 -0.2357
vn -0.3741 0.7126 -0.5935
vn -0.5935 0.7126 -0.3741
vn 0.3787 0.1447 -0.9142
vn 0.1568 -0.9122 -0.3787
vn 0.2538 0.7485 -0.6127
vn 0.1051 0.9615 -0.2538
vn -0.1398 0.5623 -0.8150
vn 0.1398 0.5623 -0.8150
vn 0.6752 0.5623 -0.4774
vn 0.4774 0.5623 -0.6752
vn 0.9142 0.1447 -0.3787
vn 0.3787 -0.9122 -0.1568
vn 0.6127 0.7485 -0.2538
vn 0.2538 0.9615 -0.1051
vn 0.8150 0.5623 0.1398
vn 0.8150 0.5623 -0.1398
vn 0.9142 0.1447 0.3787
vn 0.3787 -0.9122 0.1568
vn 0.6127 0.7485 0.2538
vn 0.2538 0.9615 0.1051
vn 0.4774 0.5623 0.6752
vn 0.6752 0.5623 0.4774
vn 0.3787 0.1447 0.9142
vn 0.1568 -0.9122 0.3787
vn 0.2538 0.7485 0.6127
vn 0.1051 0.9615 0.2538
vn -0.1398 0.5623 0.8150
vn 0.1398 0.5623 0.8150
vn -0.3787 0.1447 0.9142
vn -0.1568 -0.9122 0.3787
vn -0.2538 0.7485 0.6127
vn -0.1051 0.9615 0.2538
vn -0.6752 0.5623 0.4774
vn -0.4774 0.5623 0.6752
vn -0.9142 0.1447 0.3787
vn -0.3787 -0.9122 0.1568
vn -0.6127 0.7485 0.2538
vn -0.2538 0.9615 0.1051
vn -0.8150 0.5623 -0.1398
vn -0.8150 0.5623 0.1398
vn -0.9142 0.1447 -0.3787
vn -0.3787 -0.9122 -0.1568
vn -0.6127 0.7485 -0.2538
vn -0.2538 0.9615 -0.1051
vn -0.4774 0.5623 -0.6752
vn -0.6752 0.5623 -0.4774
vn -0.3787 0.1447 -0.9142
vn -0.1568 -0.9122 -0.3787
vn -0.2538 0.7485 -0.6127
vn -0.1051 0.9615 -0.2538
vn -0.0000 -1.0000 -0.0000
vn 0.3227 0.5375 -0.7790
vn -0.3227 0.5375 -0.7790
vn -0.0000 1.0000 -0.0000
vn 0.7790 0.5375 -0.3227
vn 0.7790 0.5375 0.3227
vn 0.3227 0.5375 0.7790
vn -0.3227 0.5375 0.7790
vn -0.7790 0.5375 0.3227
vn -0.7790 0.5375 -0.3227
vt 0.750000 0.482231
vt 0.744492 0.487718
vt 0.748412 0.489342
vt 0.755508 0.487718
vt 0.005247 0.539150
vt 0.000000 0.547659
vt 0.000000 0.525283
vt 0.004057 0.500000
vt 0.994753 0.539150
vt 0.995943 0.500000
vt 0.998831 0.500000
vt 1.000000 0.547659
vt 0.250000 0.480012
vt 0.255184 0.487853
vt 0.250389 0.489839
vt 0.244816 0.487853
vt 0.994036 0.960850
vt 1.000000 0.969358
vt 1.000000 0.991872
vt 0.996182 1.000000
vt 0.005964 0.960850
vt 0.003818 1.000000
vt 0.000286 1.000000
vt 0.000000 0.969358
vt 0.914212 0.414212
vt 0.914197 0.421987
vt 0.918118 0.420363
vt 0.921987 0.414197
vt 0.880247 0.539150
vt 0.875000 0.547659
vt 0.874415 0.512642
vt 0.879057 0.500000
vt 0.869753 0.539150
vt 0.870943 0.500000
vt 0.412643 0.412643
vt 0.421853 0.414522
vt 0.419867 0.419317
vt 0.414522 0.421853
vt 0.869036 0.960850
vt 0.875000 0.969358
vt 0.875143 0.995936
vt 0.871182 1.000000
vt 0.880964 0.960850
vt 0.878818 1.000000
vt 0.982231 0.250000
vt 0.987718 0.255508
vt 0.989342 0.251588
vt 0.987718 0.244492
vt 0.755247 0.539150
vt 0.750000 0.547659
vt 0.749415 0.512642
vt 0.754057 0.500000
vt 0.744753 0.539150
vt 0.745943 0.500000
vt 0.480012 0.250000
vt 0.487853 0.244816
vt 0.489839 0.249611
vt 0.487853 0.255184
vt 0.744036 0.960850
vt 0.750000 0.969358
vt 0.750143 0.995936
vt 0.746182 1.000000
vt 0.755964 0.960850
vt 0.753818 1.000000
vt 0.914212 0.085788
vt 0.921987 0.085803
vt 0.920363 0.081882
vt 0.914197 0.078013
vt 0.630247 0.539150
vt 0.625000 0.547659
vt 0.624415 0.512642
vt 0.629057 0.500000
vt 0.619753 0.539150
vt 0.620943 0.500000
vt 0.412643 0.087357
vt 0.414522 0.078147
vt 0.419317 0.080133
vt 0.421853 0.085478
vt 0.619036 0.960850
vt 0.625000 0.969358
vt 0.625143 0.995936
vt 0.621182 1.000000
vt 0.630964 0.960850
vt 0.628818 1.000000
vt 0.750000 0.017769
vt 0.755508 0.012282
vt 0.751588 0.010658
vt 0.744492 0.012282
vt 0.505247 0.539150
vt 0.500000 0.547659
vt 0.499415 0.512642
vt 0.504057 0.500000
vt 0.494753 0.539150
vt 0.495943 0.500000
vt 0.250000 0.019988
vt 0.244816 0.012147
vt 0.249611 0.010161
vt 0.255184 0.012147
vt 0.494036 0.960850
vt 0.500000 0.969359
vt 0.500143 0.995936
vt 0.496182 1.000000
vt 0.505964 0.960850
vt 0.503818 1.000000
vt 0.585788 0.085788
vt 0.585803 0.078013
vt 0.581882 0.079637
vt 0.578013 0.085803
vt 0.380247 0.539150
vt 0.375000 0.547659
vt 0.374415 0.512642
vt 0.379057 0.500000
vt 0.369753 0.539150
vt 0.370943 0.500000
vt 0.087357 0.087357
vt 0.078147 0.085478
vt 0.080133 0.080683
vt 0.085478 0.078147
vt 0.369036 0.960850
vt 0.375000 0.969358
vt 0.375143 0.995936
vt 0.371182 1.000000
vt 0.380964 0.960850
vt 0.378818 1.000000
vt 0.517769 0.250000
vt 0.512282 0.244492
vt 0.510658 0.248412
vt 0.512282 0.255508
vt 0.255247 0.539150
vt 0.250000 0.547659
vt 0.249415 0.512642
vt 0.254057 0.500000
vt 0.244753 0.539150
vt 0.245943 0.500000
vt 0.019988 0.250000
vt 0.012147 0.255184
vt 0.010161 0.250389
vt 0.012147 0.244816
vt 0.244036 0.960850
vt 0.250000 0.969358
vt 0.250143 0.995936
vt 0.246182 1.000000
vt 0.255964 0.960850
vt 0.253818 1.000000
vt 0.585788 0.414212
vt 0.578013 0.414197
vt 0.579637 0.418118
vt 0.585803 0.421987
vt 0.130247 0.539150
vt 0.125000 0.547659
vt 0.124415 0.512642
vt 0.129057 0.500000
vt 0.119753 0.539150
vt 0.120943 0.500000
vt 0.087357 0.412643
vt 0.085478 0.421853
vt 0.080683 0.419867
vt 0.078147 0.414522
vt 0.119036 0.960850
vt 0.125000 0.969358
vt 0.125143 0.995936
vt 0.121182 1.000000
vt 0.130964 0.960850
vt 0.128818 1.000000
s 0
usemtl Limestone
f 1/1/1 4/2/1 5/3/1 7/4/1
f 2/5/2 6/6/2 5/7/2 4/8/2
f 3/9/3 7/10/3 5/11/3 6/12/3
f 8/13/4 11/14/4 12/15/4 14/16/4
f 9/17/5 13/18/5 12/19/5 11/20/5
f 10/21/6 14/22/6 12/23/6 13/24/6
f 15/25/7 18/26/7 19/27/7 21/28/7
f 16/29/8 20/30/8 19/31/8 18/32/8
f 17/33/9 21/34/9 19/31/9 20/30/9
f 22/35/10 25/36/10 26/37/10 28/38/10
f 23/39/11 27/40/11 26/41/11 25/42/11
f 24/43/12 28/44/12 26/41/12 27/40/12
f 29/45/13 32/46/13 33/47/13 35/48/13
f 30/49/14 34/50/14 33/51/14 32/52/14
f 31/53/15 35/54/15 33/51/15 34/50/15
f 36/55/16 39/56/16 40/57/16 42/58/16
f 37/59/17 41/60/17 40/61/17 39/62/17
f 38/63/18 42/64/18 40/61/18 41/60/18
f 43/65/19 46/66/19 47/67/19 49/68/19
f 44/69/20 48/70/20 47/71/20 46/72/20
f 45/73/21 49/74/21 47/71/21 48/70/21
f 50/75/22 53/76/22 54/77/22 56/78/22
f 51/79/23 55/80/23 54/81/23 53/82/23
f 52/83/24 56/84/24 54/81/24 55/80/24
f 57/85/25 60/86/25 61/87/25 63/88/25
f 58/89/26 62/90/26 61/91/26 60/92/26
f 59/93/27 63/94/27 61/91/27 62/90/27
f 64/95/28 67/96/28 68/97/28 70/98/28
f 65/99/29 69/100/29 68/101/29 67/102/29
f 66/103/30 70/104/30 68/101/30 69/100/30
f 71/105/31 74/106/31 75/107/31 77/108/31
f 72/109/32 76/110/32 75/111/32 74/112/32
f 73/113/33 77/114/33 75/111/33 76/110/33
f 78/115/34 81/116/34 82/117/34 84/118/34
f 79/119/35 83/120/35 82/121/35 81/122/35
f 80/123/36 84/124/36 82/121/36 83/120/36
f 85/125/37 88/126/37 89/127/37 91/128/37
f 86/129/38 90/130/38 89/131/38 88/132/38
f 87/133/39 91/134/39 89/131/39 90/130/39
f 92/135/40 95/136/40 96/137/40 98/138/40
f 93/139/41 97/140/41 96/141/41 95/142/41
f 94/143/42 98/144/42 96/141/42 97/140/42
f 99/145/43 102/146/43 103/147/43 105/148/43
f 100/149/44 104/150/44 103/151/44 102/152/44
f 101/153/45 105/154/45 103/151/45 104/150/45
f 106/155/46 109/156/46 110/157/46 112/158/46
f 107/159/47 111/160/47 110/161/47 109/162/47
f 108/163/48 112/164/48 110/161/48 111/160/48
f 3/9/49 16/29/49 18/32/49 7/10/49
f 7/4/50 18/26/50 15/25/50 1/1/50
f 24/43/51 9/17/51 11/20/51 28/44/51
f 28/38/52 11/14/52 8/13/52 22/35/52
f 2/5/53 10/21/53 13/24/53 6/6/53
f 6/12/54 13/18/54 9/17/54 3/9/54
f 23/39/55 17/33/55 20/30/55 27/40/55
f 27/40/56 20/30/56 16/29/56 24/43/56
f 17/33/57 30/49/57 32/52/57 21/34/57
f 21/28/58 32/46/58 29/45/58 15/25/58
f 38/63/59 23/39/59 25/42/59 42/64/59
f 42/58/60 25/36/60 22/35/60 36/55/60
f 37/59/61 31/53/61 34/50/61 41/60/61
f 41/60/62 34/50/62 30/49/62 38/63/62
f 31/53/63 44/69/63 46/72/63 35/54/63
f 35/48/64 46/66/64 43/65/64 29/45/64
f 52/83/65 37/59/65 39/62/65 56/84/65
f 56/78/66 39/56/66 36/55/66 50/75/66
f 51/79/67 45/73/67 48/70/67 55/80/67
f 55/80/68 48/70/68 44/69/68 52/83/68
f 45/73/69 58/89/69 60/92/69 49/74/69
f 49/68/70 60/86/70 57/85/70 43/65/70
f 66/103/71 51/79/71 53/82/71 70/104/71
f 70/98/72 53/76/72 50/75/72 64/95/72
f 65/99/73 59/93/73 62/90/73 69/100/73
f 69/100/74 62/90/74 58/89/74 66/103/74
f 59/93/75 72/109/75 74/112/75 63/94/75
f 63/88/76 74/106/76 71/105/76 57/85/76
f 80/123/77 65/99/77 67/102/77 84/124/77
f 84/118/78 67/96/78 64/95/78 78/115/78
f 79/119/79 73/113/79 76/110/79 83/120/79
f 83/120/80 76/110/80 72/109/80 80/123/80
f 73/113/81 86/129/81 88/132/81 77/114/81
f 77/108/82 88/126/82 85/125/82 71/105/82
f 94/143/83 79/119/83 81/122/83 98/144/83
f 98/138/84 81/116/84 78/115/84 92/135/84
f 93/139/85 87/133/85 90/130/85 97/140/85
f 97/140/86 90/130/86 86/129/86 94/143/86
f 87/133/87 100/149/87 102/152/87 91/134/87
f 91/128/88 102/146/88 99/145/88 85/125/88
f 108/163/89 93/139/89 95/142/89 112/164/89
f 112/158/90 95/136/90 92/135/90 106/155/90
f 107/159/91 101/153/91 104/150/91 111/160/91
f 111/160/92 104/150/92 100/149/92 108/163/92
f 101/153/93 2/5/93 4/8/93 105/154/93
f 105/148/94 4/2/94 1/1/94 99/145/94
f 10/21/95 107/159/95 109/162/95 14/22/95
f 14/16/96 109/156/96 106/155/96 8/13/96
f 1/1/97 15/25/97 29/45/97 43/65/97 57/85/97 71/105/97 85/125/97 99/145/97
f 3/9/98 9/17/98 24/43/98 16/29/98
f 101/153/99 107/159/99 10/21/99 2/5/99
f 22/35/100 8/13/100 106/155/100 92/135/100 78/115/100 64/95/100 50/75/100 36/55/100
f 17/33/101 23/39/101 38/63/101 30/49/101
f 31/53/102 37/59/102 52/83/102 44/69/102
f 45/73/103 51/79/103 66/103/103 58/89/103
f 59/93/104 65/99/104 80/123/104 72/109/104
f 73/113/105 79/119/105 94/143/105 86/129/105
f 87/133/106 93/139/106 108/163/106 100/149/106
o circular_stone_dais_upper_course
v -0.000000 0.249200 -0.616467
v -0.016630 0.267200 -0.629062
v 0.016630 0.267200 -0.629062
v -0.009742 0.254472 -0.626208
v -0.000000 0.256808 -0.629514
v -0.000000 0.267200 -0.631915
v 0.009742 0.254472 -0.626208
v 0.000000 0.333200 -0.616467
v 0.016630 0.315200 -0.629062
v -0.016630 0.315200 -0.629062
v 0.011759 0.327928 -0.624191
v 0.000000 0.325592 -0.628921
v 0.000000 0.315200 -0.633097
v -0.011759 0.327928 -0.624191
v 0.435908 0.249200 -0.435908
v 0.433055 0.267200 -0.456573
v 0.456573 0.267200 -0.433055
v 0.435908 0.254472 -0.449685
v 0.445134 0.256808 -0.445134
v 0.446831 0.267200 -0.446831
v 0.449685 0.254472 -0.435908
v 0.435908 0.333200 -0.435908
v 0.456573 0.315200 -0.433055
v 0.433055 0.315200 -0.456573
v 0.449685 0.327928 -0.435908
v 0.445134 0.325593 -0.445134
v 0.446831 0.315200 -0.446831
v 0.435908 0.327928 -0.449685
v 0.616467 0.249200 -0.000000
v 0.629062 0.267200 -0.016630
v 0.629062 0.267200 0.016630
v 0.626208 0.254472 -0.009742
v 0.629514 0.256808 -0.000000
v 0.631915 0.267200 -0.000000
v 0.626208 0.254472 0.009742
v 0.616467 0.333200 0.000000
v 0.629062 0.315200 0.016630
v 0.629062 0.315200 -0.016630
v 0.626208 0.327928 0.009742
v 0.629514 0.325593 0.000000
v 0.631915 0.315200 0.000000
v 0.626208 0.327928 -0.009742
v 0.435908 0.249200 0.435908
v 0.456573 0.267200 0.433055
v 0.433055 0.267200 0.456573
v 0.449685 0.254472 0.435908
v 0.445134 0.256808 0.445134
v 0.446831 0.267200 0.446831
v 0.435908 0.254472 0.449685
v 0.435908 0.333200 0.435908
v 0.433055 0.315200 0.456573
v 0.456573 0.315200 0.433055
v 0.435908 0.327928 0.449685
v 0.445134 0.325593 0.445134
v 0.446831 0.315200 0.446831
v 0.449685 0.327928 0.435908
v 0.000000 0.249200 0.616467
v 0.016630 0.267200 0.629062
v -0.016630 0.267200 0.629062
v 0.009742 0.254472 0.626208
v 0.000000 0.256808 0.629514
v 0.000000 0.267200 0.631915
v -0.009742 0.254472 0.626208
v -0.000000 0.333200 0.616467
v -0.016630 0.315200 0.629062
v 0.016630 0.315200 0.629062
v -0.011759 0.327928 0.624191
v -0.000000 0.325592 0.628921
v -0.000000 0.315200 0.633097
v 0.011759 0.327928 0.624191
v -0.435908 0.249200 0.435908
v -0.433055 0.267200 0.456573
v -0.456573 0.267200 0.433055
v -0.435908 0.254472 0.449685
v -0.445134 0.256808 0.445134
v -0.446831 0.267200 0.446831
v -0.449685 0.254472 0.435908
v -0.435908 0.333200 0.435908
v -0.456573 0.315200 0.433055
v -0.433055 0.315200 0.456573
v -0.449685 0.327928 0.435908
v -0.445134 0.325593 0.445134
v -0.446831 0.315200 0.446831
v -0.435908 0.327928 0.449685
v -0.616467 0.249200 0.000000
v -0.629062 0.267200 0.016630
v -0.629062 0.267200 -0.016630
v -0.626208 0.254472 0.009742
v -0.629514 0.256808 0.000000
v -0.631915 0.267200 0.000000
v -0.626208 0.254472 -0.009742
v -0.616467 0.333200 -0.000000
v -0.629062 0.315200 -0.016630
v -0.629062 0.315200 0.016630
v -0.624191 0.327928 -0.011759
v -0.628921 0.325592 -0.000000
v -0.633097 0.315200 -0.000000
v -0.624191 0.327928 0.011759
v -0.435908 0.249200 -0.435908
v -0.456573 0.267200 -0.433055
v -0.433055 0.267200 -0.456573
v -0.449685 0.254472 -0.435908
v -0.445134 0.256808 -0.445134
v -0.446831 0.267200 -0.446831
v -0.435908 0.254472 -0.449685
v -0.435908 0.333200 -0.435908
v -0.433055 0.315200 -0.456573
v -0.456573 0.315200 -0.433055
v -0.435908 0.327928 -0.449685
v -0.445134 0.325593 -0.445134
v -0.446831 0.315200 -0.446831
v -0.449685 0.327928 -0.435908
vn -0.0000 -0.8639 -0.5037
vn -0.1959 -0.2724 -0.9420
vn 0.1959 -0.2724 -0.9420
vn -0.0000 0.8534 -0.5213
vn 0.2408 0.3972 -0.8856
vn -0.2408 0.3972 -0.8856
vn 0.3562 -0.8639 -0.3562
vn 0.5276 -0.2724 -0.8046
vn 0.8046 -0.2724 -0.5276
vn 0.3562 0.8639 -0.3562
vn 0.8046 0.2724 -0.5276
vn 0.5276 0.2724 -0.8046
vn 0.5037 -0.8639 -0.0000
vn 0.9420 -0.2724 -0.1959
vn 0.9420 -0.2724 0.1959
vn 0.5037 0.8639 -0.0000
vn 0.9420 0.2724 0.1959
vn 0.9420 0.2724 -0.1959
vn 0.3562 -0.8639 0.3562
vn 0.8046 -0.2724 0.5276
vn 0.5276 -0.2724 0.8046
vn 0.3562 0.8639 0.3562
vn 0.5276 0.2724 0.8046
vn 0.8046 0.2724 0.5276
vn -0.0000 -0.8639 0.5037
vn 0.1959 -0.2724 0.9420
vn -0.1959 -0.2724 0.9420
vn -0.0000 0.8534 0.5213
vn -0.2408 0.3972 0.8856
vn 0.2408 0.3972 0.8856
vn -0.3562 -0.8639 0.3562
vn -0.5276 -0.2724 0.8046
vn -0.8046 -0.2724 0.5276
vn -0.3562 0.8639 0.3562
vn -0.8046 0.2724 0.5276
vn -0.5276 0.2724 0.8046
vn -0.5037 -0.8639 -0.0000
vn -0.9420 -0.2724 0.1959
vn -0.9420 -0.2724 -0.1959
vn -0.5213 0.8534 -0.0000
vn -0.8856 0.3972 -0.2408
vn -0.8856 0.3972 0.2408
vn -0.3562 -0.8639 -0.3562
vn -0.8046 -0.2724 -0.5276
vn -0.5276 -0.2724 -0.8046
vn -0.3562 0.8639 -0.3562
vn -0.5276 0.2724 -0.8046
vn -0.8046 0.2724 -0.5276
vn 0.3536 -0.3827 -0.8536
vn 0.1464 -0.9239 -0.3536
vn 0.3470 0.4158 -0.8406
vn 0.1516 0.9177 -0.3672
vn -0.2028 -0.0121 -0.9791
vn 0.2028 -0.0121 -0.9791
vn 0.8165 -0.0000 -0.5774
vn 0.5774 -0.0000 -0.8165
vn 0.8536 -0.3827 -0.3536
vn 0.3536 -0.9239 -0.1464
vn 0.8536 0.3827 -0.3536
vn 0.3536 0.9239 -0.1464
vn 0.9856 -0.0000 0.1691
vn 0.9856 -0.0000 -0.1691
vn 0.8536 -0.3827 0.3536
vn 0.3536 -0.9239 0.1464
vn 0.8536 0.3827 0.3536
vn 0.3536 0.9239 0.1464
vn 0.5774 -0.0000 0.8165
vn 0.8165 -0.0000 0.5774
vn 0.3536 -0.3827 0.8536
vn 0.1464 -0.9239 0.3536
vn 0.3470 0.4158 0.8406
vn 0.1516 0.9177 0.3672
vn -0.2028 -0.0121 0.9791
vn 0.2028 -0.0121 0.9791
vn -0.3536 -0.3827 0.8536
vn -0.1464 -0.9239 0.3536
vn -0.3470 0.4158 0.8406
vn -0.1516 0.9177 0.3672
vn -0.8165 -0.0000 0.5774
vn -0.5774 -0.0000 0.8165
vn -0.8536 -0.3827 0.3536
vn -0.3536 -0.9239 0.1464
vn -0.8406 0.4158 0.3470
vn -0.3672 0.9177 0.1516
vn -0.9791 -0.0121 -0.2028
vn -0.9791 -0.0121 0.2028
vn -0.8536 -0.3827 -0.3536
vn -0.3536 -0.9239 -0.1464
vn -0.8406 0.4158 -0.3470
vn -0.3672 0.9177 -0.1516
vn -0.5774 -0.0000 -0.8165
vn -0.8165 -0.0000 -0.5774
vn -0.3536 -0.3827 -0.8536
vn -0.1464 -0.9239 -0.3536
vn -0.3470 0.4158 -0.8406
vn -0.1516 0.9177 -0.3672
vn -0.0000 -1.0000 -0.0000
vn 0.3827 -0.0000 -0.9239
vn -0.3827 -0.0000 -0.9239
vn -0.0000 1.0000 -0.0000
vn 0.9239 -0.0000 -0.3827
vn 0.9239 -0.0000 0.3827
vn 0.3827 -0.0000 0.9239
vn -0.3827 -0.0000 0.9239
vn -0.9239 -0.0000 0.3827
vn -0.9239 -0.0000 -0.3827
vt 0.750000 0.482647
vt 0.745562 0.488162
vt 0.749141 0.489644
vt 0.754438 0.488162
vt 0.004623 0.607143
vt 0.000000 0.607143
vt 0.000000 0.545283
vt 0.003269 0.500000
vt 0.995377 0.607143
vt 0.996731 0.500000
vt 0.999368 0.500000
vt 1.000000 0.607143
vt 0.250000 0.482647
vt 0.255357 0.487781
vt 0.250938 0.489612
vt 0.244643 0.487781
vt 0.995377 0.892857
vt 1.000000 0.892857
vt 1.000000 0.954716
vt 0.996054 1.000000
vt 0.004623 0.892857
vt 0.003946 1.000000
vt 0.000691 1.000000
vt 0.000000 0.892857
vt 0.914507 0.414507
vt 0.915268 0.421544
vt 0.918847 0.420061
vt 0.921544 0.415268
vt 0.879623 0.607143
vt 0.875000 0.607143
vt 0.874684 0.522641
vt 0.878269 0.500000
vt 0.870377 0.607143
vt 0.871731 0.500000
vt 0.414507 0.414507
vt 0.421544 0.415268
vt 0.420061 0.418847
vt 0.415268 0.421544
vt 0.870377 0.892857
vt 0.875000 0.892857
vt 0.875316 0.977359
vt 0.871731 1.000000
vt 0.879623 0.892857
vt 0.878269 1.000000
vt 0.982647 0.250000
vt 0.988162 0.254438
vt 0.989644 0.250859
vt 0.988162 0.245562
vt 0.754623 0.607143
vt 0.750000 0.607143
vt 0.749684 0.522641
vt 0.753269 0.500000
vt 0.745377 0.607143
vt 0.746731 0.500000
vt 0.482647 0.250000
vt 0.488162 0.245562
vt 0.489644 0.249141
vt 0.488162 0.254438
vt 0.745377 0.892857
vt 0.750000 0.892857
vt 0.750316 0.977359
vt 0.746731 1.000000
vt 0.754623 0.892857
vt 0.753269 1.000000
vt 0.914506 0.085494
vt 0.921544 0.084732
vt 0.920061 0.081153
vt 0.915268 0.078456
vt 0.629623 0.607143
vt 0.625000 0.607143
vt 0.624684 0.522641
vt 0.628269 0.500000
vt 0.620377 0.607143
vt 0.621731 0.500000
vt 0.414506 0.085494
vt 0.415268 0.078456
vt 0.418847 0.079939
vt 0.421544 0.084732
vt 0.620377 0.892857
vt 0.625000 0.892857
vt 0.625316 0.977359
vt 0.621731 1.000000
vt 0.629623 0.892857
vt 0.628269 1.000000
vt 0.750000 0.017353
vt 0.754438 0.011838
vt 0.750859 0.010356
vt 0.745562 0.011838
vt 0.504623 0.607143
vt 0.500000 0.607143
vt 0.499684 0.522641
vt 0.503269 0.500000
vt 0.495377 0.607143
vt 0.496731 0.500000
vt 0.250000 0.017353
vt 0.244643 0.012219
vt 0.249062 0.010388
vt 0.255357 0.012219
vt 0.495377 0.892857
vt 0.500000 0.892857
vt 0.500345 0.977358
vt 0.496054 1.000000
vt 0.504623 0.892857
vt 0.503946 1.000000
vt 0.585493 0.085494
vt 0.584732 0.078456
vt 0.581153 0.079939
vt 0.578456 0.084732
vt 0.379623 0.607143
vt 0.375000 0.607143
vt 0.374684 0.522641
vt 0.378269 0.500000
vt 0.370377 0.607143
vt 0.371731 0.500000
vt 0.085494 0.085494
vt 0.078456 0.084732
vt 0.079939 0.081153
vt 0.084732 0.078456
vt 0.370377 0.892857
vt 0.375000 0.892857
vt 0.375316 0.977359
vt 0.371731 1.000000
vt 0.379623 0.892857
vt 0.378269 1.000000
vt 0.517353 0.250000
vt 0.511838 0.245562
vt 0.510356 0.249141
vt 0.511838 0.254438
vt 0.254623 0.607143
vt 0.250000 0.607143
vt 0.249684 0.522641
vt 0.253269 0.500000
vt 0.245377 0.607143
vt 0.246731 0.500000
vt 0.017353 0.250000
vt 0.012219 0.255357
vt 0.010388 0.250938
vt 0.012219 0.244643
vt 0.245377 0.892857
vt 0.250000 0.892857
vt 0.250345 0.977358
vt 0.246054 1.000000
vt 0.254623 0.892857
vt 0.253946 1.000000
vt 0.585493 0.414506
vt 0.578456 0.415268
vt 0.579939 0.418847
vt 0.584732 0.421544
vt 0.129623 0.607143
vt 0.125000 0.607143
vt 0.124684 0.522641
vt 0.128269 0.500000
vt 0.120377 0.607143
vt 0.121731 0.500000
vt 0.085494 0.414506
vt 0.084732 0.421544
vt 0.081153 0.420061
vt 0.078456 0.415268
vt 0.120377 0.892857
vt 0.125000 0.892857
vt 0.125316 0.977359
vt 0.121731 1.000000
vt 0.129623 0.892857
vt 0.128269 1.000000
s 0
usemtl Limestone
f 113/165/107 116/166/107 117/167/107 119/168/107
f 114/169/108 118/170/108 117/171/108 116/172/108
f 115/173/109 119/174/109 117/175/109 118/176/109
f 120/177/110 123/178/110 124/179/110 126/180/110
f 121/181/111 125/182/111 124/183/111 123/184/111
f 122/185/112 126/186/112 124/187/112 125/188/112
f 127/189/113 130/190/113 131/191/113 133/192/113
f 128/193/114 132/194/114 131/195/114 130/196/114
f 129/197/115 133/198/115 131/195/115 132/194/115
f 134/199/116 137/200/116 138/201/116 140/202/116
f 135/203/117 139/204/117 138/205/117 137/206/117
f 136/207/118 140/208/118 138/205/118 139/204/118
f 141/209/119 144/210/119 145/211/119 147/212/119
f 142/213/120 146/214/120 145/215/120 144/216/120
f 143/217/121 147/218/121 145/215/121 146/214/121
f 148/219/122 151/220/122 152/221/122 154/222/122
f 149/223/123 153/224/123 152/225/123 151/226/123
f 150/227/124 154/228/124 152/225/124 153/224/124
f 155/229/125 158/230/125 159/231/125 161/232/125
f 156/233/126 160/234/126 159/235/126 158/236/126
f 157/237/127 161/238/127 159/235/127 160/234/127
f 162/239/128 165/240/128 166/241/128 168/242/128
f 163/243/129 167/244/129 166/245/129 165/246/129
f 164/247/130 168/248/130 166/245/130 167/244/130
f 169/249/131 172/250/131 173/251/131 175/252/131
f 170/253/132 174/254/132 173/255/132 172/256/132
f 171/257/133 175/258/133 173/255/133 174/254/133
f 176/259/134 179/260/134 180/261/134 182/262/134
f 177/263/135 181/264/135 180/265/135 179/266/135
f 178/267/136 182/268/136 180/265/136 181/264/136
f 183/269/137 186/270/137 187/271/137 189/272/137
f 184/273/138 188/274/138 187/275/138 186/276/138
f 185/277/139 189/278/139 187/275/139 188/274/139
f 190/279/140 193/280/140 194/281/140 196/282/140
f 191/283/141 195/284/141 194/285/141 193/286/141
f 192/287/142 196/288/142 194/285/142 195/284/142
f 197/289/143 200/290/143 201/291/143 203/292/143
f 198/293/144 202/294/144 201/295/144 200/296/144
f 199/297/145 203/298/145 201/295/145 202/294/145
f 204/299/146 207/300/146 208/301/146 210/302/146
f 205/303/147 209/304/147 208/305/147 207/306/147
f 206/307/148 210/308/148 208/305/148 209/304/148
f 211/309/149 214/310/149 215/311/149 217/312/149
f 212/313/150 216/314/150 215/315/150 214/316/150
f 213/317/151 217/318/151 215/315/151 216/314/151
f 218/319/152 221/320/152 222/321/152 224/322/152
f 219/323/153 223/324/153 222/325/153 221/326/153
f 220/327/154 224/328/154 222/325/154 223/324/154
f 115/173/155 128/193/155 130/196/155 119/174/155
f 119/168/156 130/190/156 127/189/156 113/165/156
f 136/207/157 121/181/157 123/184/157 140/208/157
f 140/202/158 123/178/158 120/177/158 134/199/158
f 114/169/159 122/185/159 125/188/159 118/170/159
f 118/176/160 125/182/160 121/181/160 115/173/160
f 135/203/161 129/197/161 132/194/161 139/204/161
f 139/204/162 132/194/162 128/193/162 136/207/162
f 129/197/163 142/213/163 144/216/163 133/198/163
f 133/192/164 144/210/164 141/209/164 127/189/164
f 150/227/165 135/203/165 137/206/165 154/228/165
f 154/222/166 137/200/166 134/199/166 148/219/166
f 149/223/167 143/217/167 146/214/167 153/224/167
f 153/224/168 146/214/168 142/213/168 150/227/168
f 143/217/169 156/233/169 158/236/169 147/218/169
f 147/212/170 158/230/170 155/229/170 141/209/170
f 164/247/171 149/223/171 151/226/171 168/248/171
f 168/242/172 151/220/172 148/219/172 162/239/172
f 163/243/173 157/237/173 160/234/173 167/244/173
f 167/244/174 160/234/174 156/233/174 164/247/174
f 157/237/175 170/253/175 172/256/175 161/238/175
f 161/232/176 172/250/176 169/249/176 155/229/176
f 178/267/177 163/243/177 165/246/177 182/268/177
f 182/262/178 165/240/178 162/239/178 176/259/178
f 177/263/179 171/257/179 174/254/179 181/264/179
f 181/264/180 174/254/180 170/253/180 178/267/180
f 171/257/181 184/273/181 186/276/181 175/258/181
f 175/252/182 186/270/182 183/269/182 169/249/182
f 192/287/183 177/263/183 179/266/183 196/288/183
f 196/282/184 179/260/184 176/259/184 190/279/184
f 191/283/185 185/277/185 188/274/185 195/284/185
f 195/284/186 188/274/186 184/273/186 192/287/186
f 185/277/187 198/293/187 200/296/187 189/278/187
f 189/272/188 200/290/188 197/289/188 183/269/188
f 206/307/189 191/283/189 193/286/189 210/308/189
f 210/302/190 193/280/190 190/279/190 204/299/190
f 205/303/191 199/297/191 202/294/191 209/304/191
f 209/304/192 202/294/192 198/293/192 206/307/192
f 199/297/193 212/313/193 214/316/193 203/298/193
f 203/292/194 214/310/194 211/309/194 197/289/194
f 220/327/195 205/303/195 207/306/195 224/328/195
f 224/322/196 207/300/196 204/299/196 218/319/196
f 219/323/197 213/317/197 216/314/197 223/324/197
f 223/324/198 216/314/198 212/313/198 220/327/198
f 213/317/199 114/169/199 116/172/199 217/318/199
f 217/312/200 116/166/200 113/165/200 211/309/200
f 122/185/201 219/323/201 221/326/201 126/186/201
f 126/180/202 221/320/202 218/319/202 120/177/202
f 113/165/203 127/189/203 141/209/203 155/229/203 169/249/203 183/269/203 197/289/203 211/309/203
f 115/173/204 121/181/204 136/207/204 128/193/204
f 213/317/205 219/323/205 122/185/205 114/169/205
f 134/199/206 120/177/206 218/319/206 204/299/206 190/279/206 176/259/206 162/239/206 148/219/206
f 129/197/207 135/203/207 150/227/207 142/213/207
f 143/217/208 149/223/208 164/247/208 156/233/208
f 157/237/209 163/243/209 178/267/209 170/253/209
f 171/257/210 177/263/210 192/287/210 184/273/210
f 185/277/211 191/283/211 206/307/211 198/293/211
f 199/297/212 205/303/212 220/327/212 212/313/212
o carved_stone_root
v -0.380000 0.290000 0.360000
v -0.380000 0.340000 0.410000
v -0.430000 0.340000 0.360000
v -0.380000 0.296680 0.384967
v -0.404967 0.296680 0.360000
v -0.403911 0.303168 0.383911
v -0.404967 0.340000 0.403320
v -0.380000 0.315033 0.403320
v -0.403911 0.316089 0.396832
v -0.423320 0.315033 0.360000
v -0.423320 0.340000 0.384967
v -0.416832 0.316089 0.383911
v -0.380000 0.440000 0.410000
v -0.380000 0.490000 0.360000
v -0.430000 0.440000 0.360000
v -0.380000 0.464967 0.403320
v -0.404967 0.440000 0.403320
v -0.403911 0.463911 0.396832
v -0.404967 0.483320 0.360000
v -0.380000 0.483320 0.384967
v -0.403911 0.476832 0.383911
v -0.423320 0.440000 0.384967
v -0.423320 0.464967 0.360000
v -0.416832 0.463911 0.383911
v -0.380000 0.290000 -0.360000
v -0.430000 0.340000 -0.360000
v -0.380000 0.340000 -0.410000
v -0.404967 0.296680 -0.360000
v -0.380000 0.296680 -0.384967
v -0.403911 0.303168 -0.383911
v -0.423320 0.340000 -0.384967
v -0.423320 0.315033 -0.360000
v -0.416832 0.316089 -0.383911
v -0.380000 0.315033 -0.403320
v -0.404967 0.340000 -0.403320
v -0.403911 0.316089 -0.396832
v -0.380000 0.490000 -0.360000
v -0.380000 0.440000 -0.410000
v -0.430000 0.440000 -0.360000
v -0.380000 0.483320 -0.384967
v -0.404967 0.483320 -0.360000
v -0.403911 0.476832 -0.383911
v -0.404967 0.440000 -0.403320
v -0.380000 0.464967 -0.403320
v -0.403911 0.463911 -0.396832
v -0.423320 0.464967 -0.360000
v -0.423320 0.440000 -0.384967
v -0.416832 0.463911 -0.383911
v 0.380000 0.290000 0.360000
v 0.430000 0.340000 0.360000
v 0.380000 0.340000 0.410000
v 0.404967 0.296680 0.360000
v 0.380000 0.296680 0.384967
v 0.403911 0.303168 0.383911
v 0.423320 0.340000 0.384967
v 0.423320 0.315033 0.360000
v 0.416832 0.316089 0.383911
v 0.380000 0.315033 0.403320
v 0.404967 0.340000 0.403320
v 0.403911 0.316089 0.396832
v 0.380000 0.490000 0.360000
v 0.380000 0.440000 0.410000
v 0.430000 0.440000 0.360000
v 0.380000 0.483320 0.384967
v 0.404967 0.483320 0.360000
v 0.403911 0.476832 0.383911
v 0.404967 0.440000 0.403320
v 0.380000 0.464967 0.403320
v 0.403911 0.463911 0.396832
v 0.423320 0.464967 0.360000
v 0.423320 0.440000 0.384967
v 0.416832 0.463911 0.383911
v 0.380000 0.290000 -0.360000
v 0.380000 0.340000 -0.410000
v 0.430000 0.340000 -0.360000
v 0.380000 0.296680 -0.384967
v 0.404967 0.296680 -0.360000
v 0.403911 0.303168 -0.383911
v 0.404967 0.340000 -0.403320
v 0.380000 0.315033 -0.403320
v 0.403911 0.316089 -0.396832
v 0.423320 0.315033 -0.360000
v 0.423320 0.340000 -0.384967
v 0.416832 0.316089 -0.383911
v 0.380000 0.490000 -0.360000
v 0.430000 0.440000 -0.360000
v 0.380000 0.440000 -0.410000
v 0.404967 0.483320 -0.360000
v 0.380000 0.483320 -0.384967
v 0.403911 0.476832 -0.383911
v 0.423320 0.440000 -0.384967
v 0.423320 0.464967 -0.360000
v 0.416832 0.463911 -0.383911
v 0.380000 0.464967 -0.403320
v 0.404967 0.440000 -0.403320
v 0.403911 0.463911 -0.396832
vn -0.2566 -0.9318 0.2566
vn -0.2178 -0.6901 0.6901
vn -0.2566 -0.2566 0.9318
vn -0.6901 -0.2178 0.6901
vn -0.9318 -0.2566 0.2566
vn -0.6901 -0.6901 0.2178
vn -0.5773 -0.5774 0.5773
vn -0.2566 0.2566 0.9318
vn -0.2178 0.6901 0.6901
vn -0.2566 0.9318 0.2566
vn -0.6901 0.6901 0.2178
vn -0.9318 0.2566 0.2566
vn -0.6901 0.2178 0.6901
vn -0.5773 0.5774 0.5773
vn -0.2566 -0.9318 -0.2566
vn -0.6901 -0.6901 -0.2178
vn -0.9318 -0.2566 -0.2566
vn -0.6901 -0.2178 -0.6901
vn -0.2566 -0.2566 -0.9318
vn -0.2178 -0.6901 -0.6901
vn -0.5773 -0.5774 -0.5773
vn -0.2566 0.9318 -0.2566
vn -0.2178 0.6901 -0.6901
vn -0.2566 0.2566 -0.9318
vn -0.6901 0.2178 -0.6901
vn -0.9318 0.2566 -0.2566
vn -0.6901 0.6901 -0.2178
vn -0.5773 0.5774 -0.5773
vn 0.2566 -0.9318 0.2566
vn 0.6901 -0.6901 0.2178
vn 0.9318 -0.2566 0.2566
vn 0.6901 -0.2178 0.6901
vn 0.2566 -0.2566 0.9318
vn 0.2178 -0.6901 0.6901
vn 0.5773 -0.5774 0.5773
vn 0.2566 0.9318 0.2566
vn 0.2178 0.6901 0.6901
vn 0.2566 0.2566 0.9318
vn 0.6901 0.2178 0.6901
vn 0.9318 0.2566 0.2566
vn 0.6901 0.6901 0.2178
vn 0.5773 0.5774 0.5773
vn 0.2566 -0.9318 -0.2566
vn 0.2178 -0.6901 -0.6901
vn 0.2566 -0.2566 -0.9318
vn 0.6901 -0.2178 -0.6901
vn 0.9318 -0.2566 -0.2566
vn 0.6901 -0.6901 -0.2178
vn 0.5773 -0.5774 -0.5773
vn 0.2566 0.9318 -0.2566
vn 0.6901 0.6901 -0.2178
vn 0.9318 0.2566 -0.2566
vn 0.6901 0.2178 -0.6901
vn 0.2566 0.2566 -0.9318
vn 0.2178 0.6901 -0.6901
vn 0.5773 0.5774 -0.5773
vn -0.2585 -0.9660 -0.0000
vn -0.7071 -0.7071 -0.0000
vn -0.9660 -0.2585 -0.0000
vn -0.2585 -0.0000 0.9660
vn -0.7071 -0.0000 0.7071
vn -0.9660 -0.0000 0.2585
vn -0.2585 0.9660 -0.0000
vn -0.7071 0.7071 -0.0000
vn -0.9660 0.2585 -0.0000
vn -0.2585 -0.0000 -0.9660
vn -0.7071 -0.0000 -0.7071
vn -0.9660 -0.0000 -0.2585
vn -0.0000 -0.9660 -0.2585
vn -0.0000 -0.7071 -0.7071
vn -0.0000 -0.2585 -0.9660
vn -0.0000 0.9660 -0.2585
vn -0.0000 0.7071 -0.7071
vn -0.0000 0.2585 -0.9660
vn 0.9660 -0.0000 -0.2585
vn 0.7071 -0.0000 -0.7071
vn 0.2585 -0.0000 -0.9660
vn 0.2585 -0.9660 -0.0000
vn 0.7071 -0.7071 -0.0000
vn 0.9660 -0.2585 -0.0000
vn 0.2585 0.9660 -0.0000
vn 0.7071 0.7071 -0.0000
vn 0.9660 0.2585 -0.0000
vn 0.2585 -0.0000 0.9660
vn 0.7071 -0.0000 0.7071
vn 0.9660 -0.0000 0.2585
vn -0.0000 -0.9660 0.2585
vn -0.0000 -0.7071 0.7071
vn -0.0000 -0.2585 0.9660
vn -0.0000 0.9660 0.2585
vn -0.0000 0.7071 0.7071
vn -0.0000 0.2585 0.9660
vn -0.0000 -1.0000 -0.0000
vn -1.0000 -0.0000 -0.0000
vn -0.0000 -0.0000 1.0000
vn -0.0000 1.0000 -0.0000
vn -0.0000 -0.0000 -1.0000
vn 1.0000 -0.0000 -0.0000
vt 0.139535 0.734756
vt 0.139535 0.742368
vt 0.132584 0.742046
vt 0.132277 0.734756
vt 0.139535 0.750000
vt 0.132584 0.750000
vt 0.437500 0.985465
vt 0.437500 1.000000
vt 0.375000 0.992416
vt 0.375000 0.985465
vt 0.437500 0.000000
vt 0.437500 0.007632
vt 0.375000 0.007954
vt 0.375000 0.000000
vt 0.437500 0.015244
vt 0.375000 0.015244
vt 0.125000 0.734756
vt 0.125000 0.742046
vt 0.562500 0.985465
vt 0.593709 0.985465
vt 0.592388 1.000000
vt 0.562500 1.000000
vt 0.625000 0.985465
vt 0.625000 1.000000
vt 0.860465 0.734756
vt 0.875000 0.734756
vt 0.875000 0.742046
vt 0.860465 0.750000
vt 0.625000 0.015244
vt 0.593709 0.015244
vt 0.592388 0.007954
vt 0.625000 0.007954
vt 0.562500 0.015244
vt 0.562500 0.007632
vt 0.562500 0.000000
vt 0.592388 0.000000
vt 0.139535 0.515244
vt 0.132277 0.515244
vt 0.132584 0.507954
vt 0.139535 0.507632
vt 0.125000 0.515244
vt 0.125000 0.507954
vt 0.437500 0.234756
vt 0.437500 0.242368
vt 0.375000 0.242046
vt 0.375000 0.234756
vt 0.437500 0.257277
vt 0.375000 0.257584
vt 0.437500 0.264535
vt 0.375000 0.264535
vt 0.139535 0.500000
vt 0.132584 0.500000
vt 0.860465 0.515244
vt 0.860465 0.500000
vt 0.875000 0.507954
vt 0.875000 0.515244
vt 0.625000 0.264535
vt 0.593709 0.264535
vt 0.592388 0.256687
vt 0.625000 0.245555
vt 0.562500 0.264535
vt 0.562500 0.257277
vt 0.562500 0.242368
vt 0.592388 0.242046
vt 0.562500 0.234756
vt 0.593709 0.234756
vt 0.625000 0.234756
vt 0.360465 0.734756
vt 0.367723 0.734756
vt 0.367416 0.742046
vt 0.360465 0.742368
vt 0.406291 0.734756
vt 0.404792 0.742046
vt 0.437500 0.734756
vt 0.437500 0.742368
vt 0.437500 0.757277
vt 0.372215 0.754799
vt 0.437500 0.764535
vt 0.367735 0.757270
vt 0.639535 0.734756
vt 0.632270 0.757265
vt 0.629799 0.752785
vt 0.632277 0.734756
vt 0.593709 0.764535
vt 0.592388 0.757584
vt 0.562500 0.764535
vt 0.562500 0.757277
vt 0.562500 0.742368
vt 0.592388 0.742958
vt 0.562500 0.734756
vt 0.593709 0.734756
vt 0.360465 0.515244
vt 0.360465 0.507632
vt 0.367416 0.507954
vt 0.367723 0.515244
vt 0.367735 0.492730
vt 0.372215 0.495201
vt 0.437500 0.485465
vt 0.437500 0.492723
vt 0.437500 0.507632
vt 0.404792 0.507954
vt 0.437500 0.515244
vt 0.406291 0.515244
vt 0.639535 0.515244
vt 0.632277 0.515244
vt 0.629799 0.497215
vt 0.632270 0.492735
vt 0.593709 0.515244
vt 0.592388 0.507043
vt 0.562500 0.515244
vt 0.562500 0.507632
vt 0.562500 0.492723
vt 0.592388 0.492416
vt 0.562500 0.485465
vt 0.593709 0.485465
s 0
usemtl Limestone
f 225/329/213 228/330/213 230/331/213 229/332/213
f 228/330/214 232/333/214 233/334/214 230/331/214
f 226/335/215 231/336/215 233/337/215 232/338/215
f 231/339/216 235/340/216 236/341/216 233/342/216
f 227/343/217 234/344/217 236/341/217 235/340/217
f 234/345/218 229/332/218 230/331/218 236/346/218
f 230/331/219 233/334/219 236/346/219
f 237/347/220 240/348/220 242/349/220 241/350/220
f 240/348/221 244/351/221 245/352/221 242/349/221
f 238/353/222 243/354/222 245/355/222 244/356/222
f 243/357/223 247/358/223 248/359/223 245/360/223
f 239/361/224 246/362/224 248/359/224 247/358/224
f 246/362/225 241/363/225 242/364/225 248/359/225
f 242/364/226 245/360/226 248/359/226
f 249/365/227 252/366/227 254/367/227 253/368/227
f 252/366/228 256/369/228 257/370/228 254/367/228
f 250/371/229 255/372/229 257/373/229 256/374/229
f 255/372/230 259/375/230 260/376/230 257/373/230
f 251/377/231 258/378/231 260/376/231 259/375/231
f 258/379/232 253/368/232 254/367/232 260/380/232
f 254/367/233 257/370/233 260/380/233
f 261/381/234 264/382/234 266/383/234 265/384/234
f 264/385/235 268/386/235 269/387/235 266/388/235
f 262/389/236 267/390/236 269/387/236 268/386/236
f 267/390/237 271/391/237 272/392/237 269/387/237
f 263/393/238 270/394/238 272/392/238 271/391/238
f 270/394/239 265/395/239 266/388/239 272/392/239
f 266/388/240 269/387/240 272/392/240
f 273/396/241 276/397/241 278/398/241 277/399/241
f 276/397/242 280/400/242 281/401/242 278/398/242
f 274/402/243 279/403/243 281/401/243 280/400/243
f 279/403/244 283/404/244 284/405/244 281/401/244
f 275/406/245 282/407/245 284/405/245 283/404/245
f 282/407/246 277/399/246 278/398/246 284/405/246
f 278/398/247 281/401/247 284/405/247
f 285/408/248 288/409/248 290/410/248 289/411/248
f 288/409/249 292/412/249 293/413/249 290/410/249
f 286/414/250 291/415/250 293/413/250 292/412/250
f 291/415/251 295/416/251 296/417/251 293/413/251
f 287/418/252 294/419/252 296/417/252 295/416/252
f 294/419/253 289/411/253 290/410/253 296/417/253
f 290/410/254 293/413/254 296/417/254
f 297/420/255 300/421/255 302/422/255 301/423/255
f 300/421/256 304/424/256 305/425/256 302/422/256
f 298/426/257 303/427/257 305/425/257 304/424/257
f 303/427/258 307/428/258 308/429/258 305/425/258
f 299/430/259 306/431/259 308/429/259 307/428/259
f 306/431/260 301/423/260 302/422/260 308/429/260
f 302/422/261 305/425/261 308/429/261
f 309/432/262 312/433/262 314/434/262 313/435/262
f 312/433/263 316/436/263 317/437/263 314/434/263
f 310/438/264 315/439/264 317/437/264 316/436/264
f 315/439/265 319/440/265 320/441/265 317/437/265
f 311/442/266 318/443/266 320/441/266 319/440/266
f 318/443/267 313/435/267 314/434/267 320/441/267
f 314/434/268 317/437/268 320/441/268
f 249/365/269 225/329/269 229/332/269 252/366/269
f 252/366/270 229/332/270 234/345/270 256/369/270
f 256/374/271 234/344/271 227/343/271 250/371/271
f 226/335/272 237/347/272 241/350/272 231/336/272
f 231/339/273 241/363/273 246/362/273 235/340/273
f 235/340/274 246/362/274 239/361/274 227/343/274
f 238/353/275 261/381/275 265/384/275 243/354/275
f 243/357/276 265/395/276 270/394/276 247/358/276
f 247/358/277 270/394/277 263/393/277 239/361/277
f 262/389/278 251/377/278 259/375/278 267/390/278
f 267/390/279 259/375/279 255/372/279 271/391/279
f 271/391/280 255/372/280 250/371/280 263/393/280
f 297/420/281 249/365/281 253/368/281 300/421/281
f 300/421/282 253/368/282 258/379/282 304/424/282
f 304/424/283 258/378/283 251/377/283 298/426/283
f 261/381/284 309/432/284 313/435/284 264/382/284
f 264/385/285 313/435/285 318/443/285 268/386/285
f 268/386/286 318/443/286 311/442/286 262/389/286
f 310/438/287 299/430/287 307/428/287 315/439/287
f 315/439/288 307/428/288 303/427/288 319/440/288
f 319/440/289 303/427/289 298/426/289 311/442/289
f 273/396/290 297/420/290 301/423/290 276/397/290
f 276/397/291 301/423/291 306/431/291 280/400/291
f 280/400/292 306/431/292 299/430/292 274/402/292
f 309/432/293 285/408/293 289/411/293 312/433/293
f 312/433/294 289/411/294 294/419/294 316/436/294
f 316/436/295 294/419/295 287/418/295 310/438/295
f 286/414/296 275/406/296 283/404/296 291/415/296
f 291/415/297 283/404/297 279/403/297 295/416/297
f 295/416/298 279/403/298 274/402/298 287/418/298
f 225/329/299 273/396/299 277/399/299 228/330/299
f 228/330/300 277/399/300 282/407/300 232/333/300
f 232/338/301 282/407/301 275/406/301 226/335/301
f 285/408/302 238/353/302 244/356/302 288/409/302
f 288/409/303 244/351/303 240/348/303 292/412/303
f 292/412/304 240/348/304 237/347/304 286/414/304
f 249/365/305 297/420/305 273/396/305 225/329/305
f 227/343/306 239/361/306 263/393/306 250/371/306
f 275/406/307 286/414/307 237/347/307 226/335/307
f 309/432/308 261/381/308 238/353/308 285/408/308
f 251/377/309 262/389/309 311/442/309 298/426/309
f 299/430/310 310/438/310 287/418/310 274/402/310
o oak_banner_mast
v 0.000000 0.390000 -0.120000
v 0.000000 1.490000 -0.120000
v 0.045922 0.390000 -0.110866
v 0.045922 1.490000 -0.110866
v 0.084853 0.390000 -0.084853
v 0.084853 1.490000 -0.084853
v 0.110866 0.390000 -0.045922
v 0.110866 1.490000 -0.045922
v 0.120000 0.390000 0.000000
v 0.120000 1.490000 0.000000
v 0.110866 0.390000 0.045922
v 0.110866 1.490000 0.045922
v 0.084853 0.390000 0.084853
v 0.084853 1.490000 0.084853
v 0.045922 0.390000 0.110866
v 0.045922 1.490000 0.110866
v 0.000000 0.390000 0.120000
v 0.000000 1.490000 0.120000
v -0.045922 0.390000 0.110866
v -0.045922 1.490000 0.110866
v -0.084853 0.390000 0.084853
v -0.084853 1.490000 0.084853
v -0.110866 0.390000 0.045922
v -0.110866 1.490000 0.045922
v -0.120000 0.390000 0.000000
v -0.120000 1.490000 0.000000
v -0.110866 0.390000 -0.045922
v -0.110866 1.490000 -0.045922
v -0.084853 0.390000 -0.084853
v -0.084853 1.490000 -0.084853
v -0.045922 0.390000 -0.110866
v -0.045922 1.490000 -0.110866
vn -0.0000 -0.6657 -0.7462
vn -0.0000 0.6657 -0.7462
vn 0.2856 -0.6657 -0.6894
vn 0.2856 0.6657 -0.6894
vn 0.5276 -0.6657 -0.5276
vn 0.5276 0.6657 -0.5276
vn 0.6894 -0.6657 -0.2856
vn 0.6894 0.6657 -0.2856
vn 0.7462 -0.6657 -0.0000
vn 0.7462 0.6657 -0.0000
vn 0.6894 -0.6657 0.2856
vn 0.6894 0.6657 0.2856
vn 0.5276 -0.6657 0.5276
vn 0.5276 0.6657 0.5276
vn 0.2856 -0.6657 0.6894
vn 0.2856 0.6657 0.6894
vn -0.0000 -0.6657 0.7462
vn -0.0000 0.6657 0.7462
vn -0.2856 -0.6657 0.6894
vn -0.2856 0.6657 0.6894
vn -0.5276 -0.6657 0.5276
vn -0.5276 0.6657 0.5276
vn -0.6894 -0.6657 0.2856
vn -0.6894 0.6657 0.2856
vn -0.7462 -0.6657 -0.0000
vn -0.7462 0.6657 -0.0000
vn -0.6894 -0.6657 -0.2856
vn -0.6894 0.6657 -0.2856
vn -0.5276 -0.6657 -0.5276
vn -0.5276 0.6657 -0.5276
vn -0.2856 -0.6657 -0.6894
vn -0.2856 0.6657 -0.6894
vt 1.000000 0.500000
vt 1.000000 1.000000
vt 0.937500 1.000000
vt 0.937500 0.500000
vt 0.875000 1.000000
vt 0.875000 0.500000
vt 0.812500 1.000000
vt 0.812500 0.500000
vt 0.750000 1.000000
vt 0.750000 0.500000
vt 0.687500 1.000000
vt 0.687500 0.500000
vt 0.625000 1.000000
vt 0.625000 0.500000
vt 0.562500 1.000000
vt 0.562500 0.500000
vt 0.500000 1.000000
vt 0.500000 0.500000
vt 0.437500 1.000000
vt 0.437500 0.500000
vt 0.375000 1.000000
vt 0.375000 0.500000
vt 0.312500 1.000000
vt 0.312500 0.500000
vt 0.250000 1.000000
vt 0.250000 0.500000
vt 0.187500 1.000000
vt 0.187500 0.500000
vt 0.125000 1.000000
vt 0.125000 0.500000
vt 0.341844 0.471731
vt 0.250000 0.490000
vt 0.158156 0.471731
vt 0.080294 0.419706
vt 0.028269 0.341844
vt 0.010000 0.250000
vt 0.028269 0.158156
vt 0.080294 0.080294
vt 0.158156 0.028269
vt 0.250000 0.010000
vt 0.341844 0.028269
vt 0.419706 0.080294
vt 0.471731 0.158156
vt 0.490000 0.250000
vt 0.471731 0.341844
vt 0.419706 0.419706
vt 0.062500 1.000000
vt 0.062500 0.500000
vt 0.000000 1.000000
vt 0.000000 0.500000
vt 0.750000 0.490000
vt 0.841844 0.471731
vt 0.919706 0.419706
vt 0.971731 0.341844
vt 0.990000 0.250000
vt 0.971731 0.158156
vt 0.919706 0.080294
vt 0.841844 0.028269
vt 0.750000 0.010000
vt 0.658156 0.028269
vt 0.580294 0.080294
vt 0.528269 0.158156
vt 0.510000 0.250000
vt 0.528269 0.341844
vt 0.580294 0.419706
vt 0.658156 0.471731
s 1
usemtl OiledOak
f 321/444/311 322/445/312 324/446/314 323/447/313
f 323/447/313 324/446/314 326/448/316 325/449/315
f 325/449/315 326/448/316 328/450/318 327/451/317
f 327/451/317 328/450/318 330/452/320 329/453/319
f 329/453/319 330/452/320 332/454/322 331/455/321
f 331/455/321 332/454/322 334/456/324 333/457/323
f 333/457/323 334/456/324 336/458/326 335/459/325
f 335/459/325 336/458/326 338/460/328 337/461/327
f 337/461/327 338/460/328 340/462/330 339/463/329
f 339/463/329 340/462/330 342/464/332 341/465/331
f 341/465/331 342/464/332 344/466/334 343/467/333
f 343/467/333 344/466/334 346/468/336 345/469/335
f 345/469/335 346/468/336 348/470/338 347/471/337
f 347/471/337 348/470/338 350/472/340 349/473/339
f 324/474/314 322/475/312 352/476/342 350/477/340 348/478/338 346/479/336 344/480/334 342/481/332 340/482/330 338/483/328 336/484/326 334/485/324 332/486/322 330/487/320 328/488/318 326/489/316
f 349/473/339 350/472/340 352/490/342 351/491/341
f 351/491/341 352/490/342 322/492/312 321/493/311
f 321/494/311 323/495/313 325/496/315 327/497/317 329/498/319 331/499/321 333/500/323 335/501/325 337/502/327 339/503/329 341/504/331 343/505/333 345/506/335 347/507/337 349/508/339 351/509/341
o bronze_mast_collar
v 0.000000 0.620000 -0.190000
v 0.000000 0.720000 -0.190000
v 0.064984 0.620000 -0.178542
v 0.064984 0.720000 -0.178542
v 0.122130 0.620000 -0.145548
v 0.122130 0.720000 -0.145548
v 0.164545 0.620000 -0.095000
v 0.164545 0.720000 -0.095000
v 0.187113 0.620000 -0.032993
v 0.187113 0.720000 -0.032993
v 0.187113 0.620000 0.032993
v 0.187113 0.720000 0.032993
v 0.164545 0.620000 0.095000
v 0.164545 0.720000 0.095000
v 0.122130 0.620000 0.145548
v 0.122130 0.720000 0.145548
v 0.064984 0.620000 0.178542
v 0.064984 0.720000 0.178542
v 0.000000 0.620000 0.190000
v 0.000000 0.720000 0.190000
v -0.064984 0.620000 0.178542
v -0.064984 0.720000 0.178542
v -0.122130 0.620000 0.145548
v -0.122130 0.720000 0.145548
v -0.164545 0.620000 0.095000
v -0.164545 0.720000 0.095000
v -0.187113 0.620000 0.032993
v -0.187113 0.720000 0.032993
v -0.187113 0.620000 -0.032993
v -0.187113 0.720000 -0.032993
v -0.164545 0.620000 -0.095000
v -0.164545 0.720000 -0.095000
v -0.122130 0.620000 -0.145548
v -0.122130 0.720000 -0.145548
v -0.064984 0.620000 -0.178542
v -0.064984 0.720000 -0.178542
vn -0.0000 -0.6700 -0.7423
vn -0.0000 0.6700 -0.7423
vn 0.2539 -0.6700 -0.6976
vn 0.2539 0.6700 -0.6976
vn 0.4772 -0.6700 -0.5687
vn 0.4772 0.6700 -0.5687
vn 0.6429 -0.6700 -0.3712
vn 0.6429 0.6700 -0.3712
vn 0.7311 -0.6700 -0.1289
vn 0.7311 0.6700 -0.1289
vn 0.7311 -0.6700 0.1289
vn 0.7311 0.6700 0.1289
vn 0.6429 -0.6700 0.3712
vn 0.6429 0.6700 0.3712
vn 0.4772 -0.6700 0.5687
vn 0.4772 0.6700 0.5687
vn 0.2539 -0.6700 0.6976
vn 0.2539 0.6700 0.6976
vn -0.0000 -0.6700 0.7423
vn -0.0000 0.6700 0.7423
vn -0.2539 -0.6700 0.6976
vn -0.2539 0.6700 0.6976
vn -0.4772 -0.6700 0.5687
vn -0.4772 0.6700 0.5687
vn -0.6429 -0.6700 0.3712
vn -0.6429 0.6700 0.3712
vn -0.7311 -0.6700 0.1289
vn -0.7311 0.6700 0.1289
vn -0.7311 -0.6700 -0.1289
vn -0.7311 0.6700 -0.1289
vn -0.6429 -0.6700 -0.3712
vn -0.6429 0.6700 -0.3712
vn -0.4772 -0.6700 -0.5687
vn -0.4772 0.6700 -0.5687
vn -0.2539 -0.6700 -0.6976
vn -0.2539 0.6700 -0.6976
vt 1.000000 0.500000
vt 1.000000 1.000000
vt 0.944444 1.000000
vt 0.944444 0.500000
vt 0.888889 1.000000
vt 0.888889 0.500000
vt 0.833333 1.000000
vt 0.833333 0.500000
vt 0.777778 1.000000
vt 0.777778 0.500000
vt 0.722222 1.000000
vt 0.722222 0.500000
vt 0.666667 1.000000
vt 0.666667 0.500000
vt 0.611111 1.000000
vt 0.611111 0.500000
vt 0.555555 1.000000
vt 0.555555 0.500000
vt 0.500000 1.000000
vt 0.500000 0.500000
vt 0.444444 1.000000
vt 0.444444 0.500000
vt 0.388889 1.000000
vt 0.388889 0.500000
vt 0.333333 1.000000
vt 0.333333 0.500000
vt 0.277778 1.000000
vt 0.277778 0.500000
vt 0.222222 1.000000
vt 0.222222 0.500000
vt 0.166666 1.000000
vt 0.166666 0.500000
vt 0.111111 1.000000
vt 0.111111 0.500000
vt 0.332085 0.475526
vt 0.250000 0.490000
vt 0.167915 0.475526
vt 0.095731 0.433851
vt 0.042154 0.370000
vt 0.013646 0.291676
vt 0.013646 0.208324
vt 0.042154 0.130000
vt 0.095731 0.066149
vt 0.167915 0.024474
vt 0.250000 0.010000
vt 0.332085 0.024474
vt 0.404269 0.066149
vt 0.457846 0.130000
vt 0.486354 0.208324
vt 0.486354 0.291676
vt 0.457846 0.370000
vt 0.404269 0.433851
vt 0.055555 1.000000
vt 0.055555 0.500000
vt -0.000000 1.000000
vt -0.000000 0.500000
vt 0.750000 0.490000
vt 0.832085 0.475526
vt 0.904269 0.433851
vt 0.957846 0.370000
vt 0.986354 0.291676
vt 0.986354 0.208324
vt 0.957846 0.130000
vt 0.904269 0.066149
vt 0.832085 0.024474
vt 0.750000 0.010000
vt 0.667915 0.024474
vt 0.595731 0.066149
vt 0.542154 0.130000
vt 0.513646 0.208324
vt 0.513646 0.291676
vt 0.542154 0.370000
vt 0.595731 0.433851
vt 0.667915 0.475526
s 1
usemtl WornBronze
f 353/510/343 354/511/344 356/512/346 355/513/345
f 355/513/345 356/512/346 358/514/348 357/515/347
f 357/515/347 358/514/348 360/516/350 359/517/349
f 359/517/349 360/516/350 362/518/352 361/519/351
f 361/519/351 362/518/352 364/520/354 363/521/353
f 363/521/353 364/520/354 366/522/356 365/523/355
f 365/523/355 366/522/356 368/524/358 367/525/357
f 367/525/357 368/524/358 370/526/360 369/527/359
f 369/527/359 370/526/360 372/528/362 371/529/361
f 371/529/361 372/528/362 374/530/364 373/531/363
f 373/531/363 374/530/364 376/532/366 375/533/365
f 375/533/365 376/532/366 378/534/368 377/535/367
f 377/535/367 378/534/368 380/536/370 379/537/369
f 379/537/369 380/536/370 382/538/372 381/539/371
f 381/539/371 382/538/372 384/540/374 383/541/373
f 383/541/373 384/540/374 386/542/376 385/543/375
f 356/544/346 354/545/344 388/546/378 386/547/376 384/548/374 382/549/372 380/550/370 378/551/368 376/552/366 374/553/364 372/554/362 370/555/360 368/556/358 366/557/356 364/558/354 362/559/352 360/560/350 358/561/348
f 385/543/375 386/542/376 388/562/378 387/563/377
f 387/563/377 388/562/378 354/564/344 353/565/343
f 353/566/343 355/567/345 357/568/347 359/569/349 361/570/351 363/571/353 365/572/355 367/573/357 369/574/359 371/575/361 373/576/363 375/577/365 377/578/367 379/579/369 381/580/371 383/581/373 385/582/375 387/583/377
o dark_command_banner
v 0.007000 0.940000 -0.002000
v 0.007000 0.962000 0.020000
v -0.015000 0.962000 -0.002000
v 0.007000 0.942939 0.008986
v -0.003986 0.942939 -0.002000
v -0.003521 0.945794 0.008521
v -0.003986 0.962000 0.017061
v 0.007000 0.951014 0.017061
v -0.003521 0.951479 0.014206
v -0.012061 0.951014 -0.002000
v -0.012061 0.962000 0.008986
v -0.009206 0.951479 0.008521
v 0.007000 1.338000 0.020000
v 0.007000 1.360000 -0.002000
v -0.015000 1.338000 -0.002000
v 0.007000 1.348986 0.017061
v -0.003986 1.338000 0.017061
v -0.003521 1.348521 0.014206
v -0.003986 1.357061 -0.002000
v 0.007000 1.357061 0.008986
v -0.003521 1.354206 0.008521
v -0.012061 1.338000 0.008986
v -0.012061 1.348986 -0.002000
v -0.009206 1.348521 0.008521
v 0.007000 0.940000 -0.038000
v -0.015000 0.962000 -0.038000
v 0.007000 0.962000 -0.060000
v -0.003986 0.942939 -0.038000
v 0.007000 0.942939 -0.048986
v -0.003521 0.945794 -0.048521
v -0.012061 0.962000 -0.048986
v -0.012061 0.951014 -0.038000
v -0.009206 0.951479 -0.048521
v 0.007000 0.951014 -0.057061
v -0.003986 0.962000 -0.057061
v -0.003521 0.951479 -0.054206
v 0.007000 1.360000 -0.038000
v 0.007000 1.338000 -0.060000
v -0.015000 1.338000 -0.038000
v 0.007000 1.357061 -0.048986
v -0.003986 1.357061 -0.038000
v -0.003521 1.354206 -0.048521
v -0.003986 1.338000 -0.057061
v 0.007000 1.348986 -0.057061
v -0.003521 1.348521 -0.054206
v -0.012061 1.348986 -0.038000
v -0.012061 1.338000 -0.048986
v -0.009206 1.348521 -0.048521
v 0.353000 0.940000 -0.002000
v 0.375000 0.962000 -0.002000
v 0.353000 0.962000 0.020000
v 0.363986 0.942939 -0.002000
v 0.353000 0.942939 0.008986
v 0.363521 0.945794 0.008521
v 0.372061 0.962000 0.008986
v 0.372061 0.951014 -0.002000
v 0.369206 0.951479 0.008521
v 0.353000 0.951014 0.017061
v 0.363986 0.962000 0.017061
v 0.363521 0.951479 0.014206
v 0.353000 1.360000 -0.002000
v 0.353000 1.338000 0.020000
v 0.375000 1.338000 -0.002000
v 0.353000 1.357061 0.008986
v 0.363986 1.357061 -0.002000
v 0.363521 1.354206 0.008521
v 0.363986 1.338000 0.017061
v 0.353000 1.348986 0.017061
v 0.363521 1.348521 0.014206
v 0.372061 1.348986 -0.002000
v 0.372061 1.338000 0.008986
v 0.369206 1.348521 0.008521
v 0.353000 0.940000 -0.038000
v 0.353000 0.962000 -0.060000
v 0.375000 0.962000 -0.038000
v 0.353000 0.942939 -0.048986
v 0.363986 0.942939 -0.038000
v 0.363521 0.945794 -0.048521
v 0.363986 0.962000 -0.057061
v 0.353000 0.951014 -0.057061
v 0.363521 0.951479 -0.054206
v 0.372061 0.951014 -0.038000
v 0.372061 0.962000 -0.048986
v 0.369206 0.951479 -0.048521
v 0.353000 1.360000 -0.038000
v 0.375000 1.338000 -0.038000
v 0.353000 1.338000 -0.060000
v 0.363986 1.357061 -0.038000
v 0.353000 1.357061 -0.048986
v 0.363521 1.354206 -0.048521
v 0.372061 1.338000 -0.048986
v 0.372061 1.348986 -0.038000
v 0.369206 1.348521 -0.048521
v 0.353000 1.348986 -0.057061
v 0.363986 1.338000 -0.057061
v 0.363521 1.348521 -0.054206
vn -0.2566 -0.9318 0.2566
vn -0.2178 -0.6901 0.6901
vn -0.2566 -0.2566 0.9318
vn -0.6901 -0.2178 0.6901
vn -0.9318 -0.2566 0.2566
vn -0.6901 -0.6901 0.2178
vn -0.5774 -0.5774 0.5774
vn -0.2566 0.2566 0.9318
vn -0.2178 0.6901 0.6901
vn -0.2566 0.9318 0.2566
vn -0.6901 0.6901 0.2178
vn -0.9318 0.2566 0.2566
vn -0.6901 0.2178 0.6901
vn -0.5774 0.5774 0.5774
vn -0.2566 -0.9318 -0.2566
vn -0.6901 -0.6901 -0.2178
vn -0.9318 -0.2566 -0.2566
vn -0.6901 -0.2178 -0.6901
vn -0.2566 -0.2566 -0.9318
vn -0.2178 -0.6901 -0.6901
vn -0.5774 -0.5773 -0.5774
vn -0.2566 0.9318 -0.2566
vn -0.2178 0.6901 -0.6901
vn -0.2566 0.2566 -0.9318
vn -0.6901 0.2178 -0.6901
vn -0.9318 0.2566 -0.2566
vn -0.6901 0.6901 -0.2178
vn -0.5774 0.5774 -0.5774
vn 0.2566 -0.9318 0.2566
vn 0.6901 -0.6901 0.2178
vn 0.9318 -0.2566 0.2566
vn 0.6901 -0.2178 0.6901
vn 0.2566 -0.2566 0.9318
vn 0.2178 -0.6901 0.6901
vn 0.5774 -0.5773 0.5774
vn 0.2566 0.9318 0.2566
vn 0.2178 0.6901 0.6901
vn 0.2566 0.2566 0.9318
vn 0.6901 0.2178 0.6901
vn 0.9318 0.2566 0.2566
vn 0.6901 0.6901 0.2178
vn 0.5774 0.5774 0.5774
vn 0.2566 -0.9318 -0.2566
vn 0.2178 -0.6901 -0.6901
vn 0.2566 -0.2566 -0.9318
vn 0.6901 -0.2178 -0.6901
vn 0.9318 -0.2566 -0.2566
vn 0.6901 -0.6901 -0.2178
vn 0.5774 -0.5774 -0.5774
vn 0.2566 0.9318 -0.2566
vn 0.6901 0.6901 -0.2178
vn 0.9318 0.2566 -0.2566
vn 0.6901 0.2178 -0.6901
vn 0.2566 0.2566 -0.9318
vn 0.2178 0.6901 -0.6901
vn 0.5774 0.5773 -0.5774
vn -0.2585 -0.9660 -0.0000
vn -0.7071 -0.7071 -0.0000
vn -0.9660 -0.2585 -0.0000
vn -0.2585 -0.0000 0.9660
vn -0.7071 -0.0000 0.7071
vn -0.9660 -0.0000 0.2585
vn -0.2585 0.9660 -0.0000
vn -0.7071 0.7071 -0.0000
vn -0.9660 0.2585 -0.0000
vn -0.2585 -0.0000 -0.9660
vn -0.7071 -0.0000 -0.7071
vn -0.9660 -0.0000 -0.2585
vn -0.0000 -0.9660 -0.2585
vn -0.0000 -0.7071 -0.7071
vn -0.0000 -0.2585 -0.9660
vn -0.0000 0.9660 -0.2585
vn -0.0000 0.7071 -0.7071
vn -0.0000 0.2585 -0.9660
vn 0.9660 -0.0000 -0.2585
vn 0.7071 -0.0000 -0.7071
vn 0.2585 -0.0000 -0.9660
vn 0.2585 -0.9660 -0.0000
vn 0.7071 -0.7071 -0.0000
vn 0.9660 -0.2585 -0.0000
vn 0.2585 0.9660 -0.0000
vn 0.7071 0.7071 -0.0000
vn 0.9660 0.2585 -0.0000
vn 0.2585 -0.0000 0.9660
vn 0.7071 -0.0000 0.7071
vn 0.9660 -0.0000 0.2585
vn -0.0000 -0.9660 0.2585
vn -0.0000 -0.7071 0.7071
vn -0.0000 -0.2585 0.9660
vn -0.0000 0.9660 0.2585
vn -0.0000 0.7071 0.7071
vn -0.0000 0.2585 0.9660
vn -0.0000 -1.0000 -0.0000
vn -1.0000 -0.0000 -0.0000
vn -0.0000 -0.0000 1.0000
vn -0.0000 1.0000 -0.0000
vn -0.0000 -0.0000 -1.0000
vn 1.0000 -0.0000 -0.0000
vt 0.139103 0.681250
vt 0.139103 0.715580
vt 0.132359 0.714127
vt 0.132061 0.681250
vt 0.139103 0.750000
vt 0.132359 0.750000
vt 0.388095 0.985898
vt 0.388095 1.000000
vt 0.375000 0.992641
vt 0.375000 0.985897
vt 0.388095 0.000000
vt 0.388095 0.034420
vt 0.375000 0.035873
vt 0.375000 0.000000
vt 0.388095 0.068750
vt 0.375000 0.068750
vt 0.125000 0.681250
vt 0.125000 0.714127
vt 0.611905 0.985897
vt 0.618444 0.985897
vt 0.618167 1.000000
vt 0.611905 1.000000
vt 0.625000 0.985898
vt 0.625000 1.000000
vt 0.860898 0.681250
vt 0.875000 0.681250
vt 0.875000 0.714127
vt 0.860897 0.750000
vt 0.625000 0.068750
vt 0.618444 0.068750
vt 0.618167 0.035873
vt 0.625000 0.035873
vt 0.611905 0.068750
vt 0.611905 0.034420
vt 0.611905 0.000000
vt 0.618167 0.000000
vt 0.139103 0.568750
vt 0.132061 0.568750
vt 0.132359 0.535873
vt 0.139103 0.534420
vt 0.125000 0.568750
vt 0.125000 0.535873
vt 0.388095 0.181250
vt 0.388095 0.215580
vt 0.375000 0.214127
vt 0.375000 0.181250
vt 0.388095 0.257061
vt 0.375000 0.257359
vt 0.388095 0.264103
vt 0.375000 0.264103
vt 0.139103 0.500000
vt 0.132359 0.500000
vt 0.860898 0.568750
vt 0.860897 0.500000
vt 0.875000 0.535873
vt 0.875000 0.568750
vt 0.625000 0.264103
vt 0.618444 0.264103
vt 0.618167 0.255388
vt 0.625000 0.229952
vt 0.611905 0.264103
vt 0.611905 0.257061
vt 0.611905 0.215580
vt 0.618167 0.214127
vt 0.611905 0.181250
vt 0.618444 0.181250
vt 0.625000 0.181250
vt 0.360897 0.681250
vt 0.367939 0.681250
vt 0.367641 0.714127
vt 0.360897 0.715580
vt 0.381556 0.681250
vt 0.381017 0.714127
vt 0.388095 0.681250
vt 0.388095 0.715580
vt 0.388095 0.757061
vt 0.372297 0.754656
vt 0.388095 0.764103
vt 0.367951 0.757053
vt 0.639103 0.681250
vt 0.632053 0.757049
vt 0.629656 0.752703
vt 0.632061 0.681250
vt 0.618444 0.764102
vt 0.618167 0.757359
vt 0.611905 0.764103
vt 0.611905 0.757061
vt 0.611905 0.715580
vt 0.618167 0.717190
vt 0.611905 0.681250
vt 0.618444 0.681250
vt 0.360897 0.568750
vt 0.360897 0.534420
vt 0.367641 0.535873
vt 0.367939 0.568750
vt 0.367951 0.492947
vt 0.372297 0.495344
vt 0.388095 0.485898
vt 0.388095 0.492940
vt 0.388095 0.534420
vt 0.381017 0.535873
vt 0.388095 0.568750
vt 0.381556 0.568750
vt 0.639103 0.568750
vt 0.632061 0.568750
vt 0.629656 0.497297
vt 0.632053 0.492951
vt 0.618444 0.568750
vt 0.618167 0.532810
vt 0.611905 0.568750
vt 0.611905 0.534420
vt 0.611905 0.492940
vt 0.618167 0.492642
vt 0.611905 0.485897
vt 0.618444 0.485897
s 0
usemtl WarBannerCloth
f 389/584/379 392/585/379 394/586/379 393/587/379
f 392/585/380 396/588/380 397/589/380 394/586/380
f 390/590/381 395/591/381 397/592/381 396/593/381
f 395/594/382 399/595/382 400/596/382 397/597/382
f 391/598/383 398/599/383 400/596/383 399/595/383
f 398/600/384 393/587/384 394/586/384 400/601/384
f 394/586/385 397/589/385 400/601/385
f 401/602/386 404/603/386 406/604/386 405/605/386
f 404/603/387 408/606/387 409/607/387 406/604/387
f 402/608/388 407/609/388 409/610/388 408/611/388
f 407/612/389 411/613/389 412/614/389 409/615/389
f 403/616/390 410/617/390 412/614/390 411/613/390
f 410/617/391 405/618/391 406/619/391 412/614/391
f 406/619/392 409/615/392 412/614/392
f 413/620/393 416/621/393 418/622/393 417/623/393
f 416/621/394 420/624/394 421/625/394 418/622/394
f 414/626/395 419/627/395 421/628/395 420/629/395
f 419/627/396 423/630/396 424/631/396 421/628/396
f 415/632/397 422/633/397 424/631/397 423/630/397
f 422/634/398 417/623/398 418/622/398 424/635/398
f 418/622/399 421/625/399 424/635/399
f 425/636/400 428/637/400 430/638/400 429/639/400
f 428/640/401 432/641/401 433/642/401 430/643/401
f 426/644/402 431/645/402 433/642/402 432/641/402
f 431/645/403 435/646/403 436/647/403 433/642/403
f 427/648/404 434/649/404 436/647/404 435/646/404
f 434/649/405 429/650/405 430/643/405 436/647/405
f 430/643/406 433/642/406 436/647/406
f 437/651/407 440/652/407 442/653/407 441/654/407
f 440/652/408 444/655/408 445/656/408 442/653/408
f 438/657/409 443/658/409 445/656/409 444/655/409
f 443/658/410 447/659/410 448/660/410 445/656/410
f 439/661/411 446/662/411 448/660/411 447/659/411
f 446/662/412 441/654/412 442/653/412 448/660/412
f 442/653/413 445/656/413 448/660/413
f 449/663/414 452/664/414 454/665/414 453/666/414
f 452/664/415 456/667/415 457/668/415 454/665/415
f 450/669/416 455/670/416 457/668/416 456/667/416
f 455/670/417 459/671/417 460/672/417 457/668/417
f 451/673/418 458/674/418 460/672/418 459/671/418
f 458/674/419 453/666/419 454/665/419 460/672/419
f 454/665/420 457/668/420 460/672/420
f 461/675/421 464/676/421 466/677/421 465/678/421
f 464/676/422 468/679/422 469/680/422 466/677/422
f 462/681/423 467/682/423 469/680/423 468/679/423
f 467/682/424 471/683/424 472/684/424 469/680/424
f 463/685/425 470/686/425 472/684/425 471/683/425
f 470/686/426 465/678/426 466/677/426 472/684/426
f 466/677/427 469/680/427 472/684/427
f 473/687/428 476/688/428 478/689/428 477/690/428
f 476/688/429 480/691/429 481/692/429 478/689/429
f 474/693/430 479/694/430 481/692/430 480/691/430
f 479/694/431 483/695/431 484/696/431 481/692/431
f 475/697/432 482/698/432 484/696/432 483/695/432
f 482/698/433 477/690/433 478/689/433 484/696/433
f 478/689/434 481/692/434 484/696/434
f 413/620/435 389/584/435 393/587/435 416/621/435
f 416/621/436 393/587/436 398/600/436 420/624/436
f 420/629/437 398/599/437 391/598/437 414/626/437
f 390/590/438 401/602/438 405/605/438 395/591/438
f 395/594/439 405/618/439 410/617/439 399/595/439
f 399/595/440 410/617/440 403/616/440 391/598/440
f 402/608/441 425/636/441 429/639/441 407/609/441
f 407/612/442 429/650/442 434/649/442 411/613/442
f 411/613/443 434/649/443 427/648/443 403/616/443
f 426/644/444 415/632/444 423/630/444 431/645/444
f 431/645/445 423/630/445 419/627/445 435/646/445
f 435/646/446 419/627/446 414/626/446 427/648/446
f 461/675/447 413/620/447 417/623/447 464/676/447
f 464/676/448 417/623/448 422/634/448 468/679/448
f 468/679/449 422/633/449 415/632/449 462/681/449
f 425/636/450 473/687/450 477/690/450 428/637/450
f 428/640/451 477/690/451 482/698/451 432/641/451
f 432/641/452 482/698/452 475/697/452 426/644/452
f 474/693/453 463/685/453 471/683/453 479/694/453
f 479/694/454 471/683/454 467/682/454 483/695/454
f 483/695/455 467/682/455 462/681/455 475/697/455
f 437/651/456 461/675/456 465/678/456 440/652/456
f 440/652/457 465/678/457 470/686/457 444/655/457
f 444/655/458 470/686/458 463/685/458 438/657/458
f 473/687/459 449/663/459 453/666/459 476/688/459
f 476/688/460 453/666/460 458/674/460 480/691/460
f 480/691/461 458/674/461 451/673/461 474/693/461
f 450/669/462 439/661/462 447/659/462 455/670/462
f 455/670/463 447/659/463 443/658/463 459/671/463
f 459/671/464 443/658/464 438/657/464 451/673/464
f 389/584/465 437/651/465 441/654/465 392/585/465
f 392/585/466 441/654/466 446/662/466 396/588/466
f 396/593/467 446/662/467 439/661/467 390/590/467
f 449/663/468 402/608/468 408/611/468 452/664/468
f 452/664/469 408/606/469 404/603/469 456/667/469
f 456/667/470 404/603/470 401/602/470 450/669/470
f 413/620/471 461/675/471 437/651/471 389/584/471
f 391/598/472 403/616/472 427/648/472 414/626/472
f 439/661/473 450/669/473 401/602/473 390/590/473
f 473/687/474 425/636/474 402/608/474 449/663/474
f 415/632/475 426/644/475 475/697/475 462/681/475
f 463/685/476 474/693/476 451/673/476 438/657/476
o bronze_banner_bar
v -0.066000 1.335000 0.006000
v -0.066000 1.349000 0.020000
v -0.080000 1.349000 0.006000
v -0.066000 1.336870 0.012991
v -0.072991 1.336870 0.006000
v -0.072695 1.338687 0.012695
v -0.072991 1.349000 0.018130
v -0.066000 1.342009 0.018130
v -0.072695 1.342305 0.016313
v -0.078130 1.342009 0.006000
v -0.078130 1.349000 0.012991
v -0.076313 1.342305 0.012695
v -0.066000 1.391000 0.020000
v -0.066000 1.405000 0.006000
v -0.080000 1.391000 0.006000
v -0.066000 1.397991 0.018130
v -0.072991 1.391000 0.018130
v -0.072695 1.397695 0.016313
v -0.072991 1.403130 0.006000
v -0.066000 1.403130 0.012991
v -0.072695 1.401313 0.012695
v -0.078130 1.391000 0.012991
v -0.078130 1.397991 0.006000
v -0.076313 1.397695 0.012695
v -0.066000 1.335000 -0.046000
v -0.080000 1.349000 -0.046000
v -0.066000 1.349000 -0.060000
v -0.072991 1.336870 -0.046000
v -0.066000 1.336870 -0.052991
v -0.072695 1.338687 -0.052695
v -0.078130 1.349000 -0.052991
v -0.078130 1.342009 -0.046000
v -0.076313 1.342305 -0.052695
v -0.066000 1.342009 -0.058130
v -0.072991 1.349000 -0.058130
v -0.072695 1.342305 -0.056313
v -0.066000 1.405000 -0.046000
v -0.066000 1.391000 -0.060000
v -0.080000 1.391000 -0.046000
v -0.066000 1.403130 -0.052991
v -0.072991 1.403130 -0.046000
v -0.072695 1.401313 -0.052695
v -0.072991 1.391000 -0.058130
v -0.066000 1.397991 -0.058130
v -0.072695 1.397695 -0.056313
v -0.078130 1.397991 -0.046000
v -0.078130 1.391000 -0.052991
v -0.076313 1.397695 -0.052695
v 0.426000 1.335000 0.006000
v 0.440000 1.349000 0.006000
v 0.426000 1.349000 0.020000
v 0.432991 1.336870 0.006000
v 0.426000 1.336870 0.012991
v 0.432695 1.338687 0.012695
v 0.438130 1.349000 0.012991
v 0.438130 1.342009 0.006000
v 0.436313 1.342305 0.012695
v 0.426000 1.342009 0.018130
v 0.432991 1.349000 0.018130
v 0.432695 1.342305 0.016313
v 0.426000 1.405000 0.006000
v 0.426000 1.391000 0.020000
v 0.440000 1.391000 0.006000
v 0.426000 1.403130 0.012991
v 0.432991 1.403130 0.006000
v 0.432695 1.401313 0.012695
v 0.432991 1.391000 0.018130
v 0.426000 1.397991 0.018130
v 0.432695 1.397695 0.016313
v 0.438130 1.397991 0.006000
v 0.438130 1.391000 0.012991
v 0.436313 1.397695 0.012695
v 0.426000 1.335000 -0.046000
v 0.426000 1.349000 -0.060000
v 0.440000 1.349000 -0.046000
v 0.426000 1.336870 -0.052991
v 0.432991 1.336870 -0.046000
v 0.432695 1.338687 -0.052695
v 0.432991 1.349000 -0.058130
v 0.426000 1.342009 -0.058130
v 0.432695 1.342305 -0.056313
v 0.438130 1.342009 -0.046000
v 0.438130 1.349000 -0.052991
v 0.436313 1.342305 -0.052695
v 0.426000 1.405000 -0.046000
v 0.440000 1.391000 -0.046000
v 0.426000 1.391000 -0.060000
v 0.432991 1.403130 -0.046000
v 0.426000 1.403130 -0.052991
v 0.432695 1.401313 -0.052695
v 0.438130 1.391000 -0.052991
v 0.438130 1.397991 -0.046000
v 0.436313 1.397695 -0.052695
v 0.426000 1.397991 -0.058130
v 0.432991 1.391000 -0.058130
v 0.432695 1.397695 -0.056313
vn -0.2566 -0.9318 0.2566
vn -0.2178 -0.6901 0.6901
vn -0.2566 -0.2566 0.9318
vn -0.6901 -0.2178 0.6901
vn -0.9318 -0.2566 0.2566
vn -0.6901 -0.6901 0.2178
vn -0.5774 -0.5773 0.5774
vn -0.2566 0.2566 0.9318
vn -0.2178 0.6901 0.6901
vn -0.2566 0.9318 0.2566
vn -0.6901 0.6901 0.2178
vn -0.9318 0.2566 0.2566
vn -0.6901 0.2178 0.6901
vn -0.5774 0.5773 0.5774
vn -0.2566 -0.9318 -0.2566
vn -0.6901 -0.6901 -0.2178
vn -0.9318 -0.2566 -0.2566
vn -0.6901 -0.2178 -0.6901
vn -0.2566 -0.2566 -0.9318
vn -0.2178 -0.6901 -0.6901
vn -0.5774 -0.5773 -0.5774
vn -0.2566 0.9318 -0.2566
vn -0.2178 0.6901 -0.6901
vn -0.2566 0.2566 -0.9318
vn -0.6901 0.2178 -0.6901
vn -0.9318 0.2566 -0.2566
vn -0.6901 0.6901 -0.2178
vn -0.5774 0.5773 -0.5774
vn 0.2566 -0.9318 0.2566
vn 0.6901 -0.6901 0.2178
vn 0.9318 -0.2566 0.2566
vn 0.6901 -0.2178 0.6901
vn 0.2566 -0.2566 0.9318
vn 0.2178 -0.6901 0.6901
vn 0.5774 -0.5773 0.5774
vn 0.2566 0.9318 0.2566
vn 0.2178 0.6901 0.6901
vn 0.2566 0.2566 0.9318
vn 0.6901 0.2178 0.6901
vn 0.9318 0.2566 0.2566
vn 0.6901 0.6901 0.2178
vn 0.5774 0.5773 0.5774
vn 0.2566 -0.9318 -0.2566
vn 0.2178 -0.6901 -0.6901
vn 0.2566 -0.2566 -0.9318
vn 0.6901 -0.2178 -0.6901
vn 0.9318 -0.2566 -0.2566
vn 0.6901 -0.6901 -0.2178
vn 0.5774 -0.5773 -0.5774
vn 0.2566 0.9318 -0.2566
vn 0.6901 0.6901 -0.2178
vn 0.9318 0.2566 -0.2566
vn 0.6901 0.2178 -0.6901
vn 0.2566 0.2566 -0.9318
vn 0.2178 0.6901 -0.6901
vn 0.5774 0.5773 -0.5774
vn -0.2585 -0.9660 -0.0000
vn -0.7071 -0.7071 -0.0000
vn -0.9660 -0.2585 -0.0000
vn -0.2585 -0.0000 0.9660
vn -0.7071 -0.0000 0.7071
vn -0.9660 -0.0000 0.2585
vn -0.2585 0.9660 -0.0000
vn -0.7071 0.7071 -0.0000
vn -0.9660 0.2585 -0.0000
vn -0.2585 -0.0000 -0.9660
vn -0.7071 -0.0000 -0.7071
vn -0.9660 -0.0000 -0.2585
vn -0.0000 -0.9660 -0.2585
vn -0.0000 -0.7071 -0.7071
vn -0.0000 -0.2585 -0.9660
vn -0.0000 0.9660 -0.2585
vn -0.0000 0.7071 -0.7071
vn -0.0000 0.2585 -0.9660
vn 0.9660 -0.0000 -0.2585
vn 0.7071 -0.0000 -0.7071
vn 0.2585 -0.0000 -0.9660
vn 0.2585 -0.9660 -0.0000
vn 0.7071 -0.7071 -0.0000
vn 0.9660 -0.2585 -0.0000
vn 0.2585 0.9660 -0.0000
vn 0.7071 0.7071 -0.0000
vn 0.9660 0.2585 -0.0000
vn 0.2585 -0.0000 0.9660
vn 0.7071 -0.0000 0.7071
vn 0.9660 -0.0000 0.2585
vn -0.0000 -0.9660 0.2585
vn -0.0000 -0.7071 0.7071
vn -0.0000 -0.2585 0.9660
vn -0.0000 0.9660 0.2585
vn -0.0000 0.7071 0.7071
vn -0.0000 0.2585 0.9660
vn -0.0000 -1.0000 -0.0000
vn -1.0000 -0.0000 -0.0000
vn -0.0000 -0.0000 1.0000
vn -0.0000 1.0000 -0.0000
vn -0.0000 -0.0000 -1.0000
vn 1.0000 -0.0000 -0.0000
vt 0.131731 0.706250
vt 0.131731 0.728096
vt 0.128512 0.727172
vt 0.128370 0.706250
vt 0.131731 0.750000
vt 0.128512 0.750000
vt 0.425000 0.993269
vt 0.425000 1.000000
vt 0.375000 0.996488
vt 0.375000 0.993269
vt 0.425000 0.000000
vt 0.425000 0.021904
vt 0.375000 0.022828
vt 0.375000 0.000000
vt 0.425000 0.043750
vt 0.375000 0.043750
vt 0.125000 0.706250
vt 0.125000 0.727172
vt 0.575000 0.993269
vt 0.599967 0.993269
vt 0.598911 0.996488
vt 0.575000 1.000000
vt 0.625000 0.993269
vt 0.625000 0.996488
vt 0.868269 0.706250
vt 0.875000 0.706250
vt 0.871488 0.750000
vt 0.868269 0.750000
vt 0.625000 0.043750
vt 0.599967 0.043750
vt 0.598911 0.022828
vt 0.625000 0.000000
vt 0.575000 0.043750
vt 0.575000 0.021904
vt 0.575000 0.000000
vt 0.598911 0.011522
vt 0.598911 0.998227
vt 0.131731 0.543750
vt 0.128370 0.543750
vt 0.128512 0.522828
vt 0.131731 0.521904
vt 0.125000 0.543750
vt 0.125000 0.522828
vt 0.425000 0.206250
vt 0.425000 0.228096
vt 0.375000 0.227172
vt 0.375000 0.206250
vt 0.425000 0.253370
vt 0.375000 0.253512
vt 0.425000 0.256731
vt 0.375000 0.256731
vt 0.131731 0.500000
vt 0.128512 0.500000
vt 0.868269 0.543750
vt 0.868269 0.500000
vt 0.871488 0.500000
vt 0.875000 0.543750
vt 0.625000 0.256731
vt 0.599967 0.256731
vt 0.598911 0.253512
vt 0.625000 0.251963
vt 0.575000 0.256731
vt 0.575000 0.253370
vt 0.575000 0.228096
vt 0.598911 0.229075
vt 0.575000 0.206250
vt 0.599967 0.206250
vt 0.625000 0.206250
vt 0.368269 0.706250
vt 0.371630 0.706250
vt 0.371488 0.727172
vt 0.368269 0.728096
vt 0.400033 0.706250
vt 0.398934 0.727172
vt 0.425000 0.706250
vt 0.425000 0.728096
vt 0.425000 0.753370
vt 0.373710 0.752222
vt 0.425000 0.756731
vt 0.371631 0.753362
vt 0.631731 0.706250
vt 0.628362 0.753369
vt 0.627222 0.751290
vt 0.628370 0.706250
vt 0.599967 0.756731
vt 0.598911 0.753512
vt 0.575000 0.756731
vt 0.575000 0.753370
vt 0.575000 0.728096
vt 0.598911 0.729075
vt 0.575000 0.706250
vt 0.599967 0.706250
vt 0.368269 0.543750
vt 0.368269 0.521904
vt 0.371488 0.522828
vt 0.371630 0.543750
vt 0.371631 0.496638
vt 0.373710 0.497778
vt 0.425000 0.493269
vt 0.425000 0.496630
vt 0.425000 0.521904
vt 0.398934 0.522828
vt 0.425000 0.543750
vt 0.400033 0.543750
vt 0.631731 0.543750
vt 0.628370 0.543750
vt 0.622386 0.515192
vt 0.628362 0.496631
vt 0.599967 0.543750
vt 0.598911 0.522828
vt 0.575000 0.543750
vt 0.575000 0.521904
vt 0.575000 0.496630
vt 0.598911 0.497651
vt 0.575000 0.493269
vt 0.599967 0.493269
s 0
usemtl WornBronze
f 485/699/477 488/700/477 490/701/477 489/702/477
f 488/700/478 492/703/478 493/704/478 490/701/478
f 486/705/479 491/706/479 493/707/479 492/708/479
f 491/709/480 495/710/480 496/711/480 493/712/480
f 487/713/481 494/714/481 496/711/481 495/710/481
f 494/715/482 489/702/482 490/701/482 496/716/482
f 490/701/483 493/704/483 496/716/483
f 497/717/484 500/718/484 502/719/484 501/720/484
f 500/718/485 504/721/485 505/722/485 502/719/485
f 498/723/486 503/724/486 505/725/486 504/726/486
f 503/727/487 507/728/487 508/729/487 505/730/487
f 499/731/488 506/732/488 508/729/488 507/728/488
f 506/732/489 501/733/489 502/734/489 508/729/489
f 502/719/490 505/722/490 508/735/490
f 509/736/491 512/737/491 514/738/491 513/739/491
f 512/737/492 516/740/492 517/741/492 514/738/492
f 510/742/493 515/743/493 517/744/493 516/745/493
f 515/743/494 519/746/494 520/747/494 517/744/494
f 511/748/495 518/749/495 520/747/495 519/746/495
f 518/750/496 513/739/496 514/738/496 520/751/496
f 514/738/497 517/741/497 520/751/497
f 521/752/498 524/753/498 526/754/498 525/755/498
f 524/756/499 528/757/499 529/758/499 526/759/499
f 522/760/500 527/761/500 529/758/500 528/757/500
f 527/761/501 531/762/501 532/763/501 529/758/501
f 523/764/502 530/765/502 532/763/502 531/762/502
f 530/765/503 525/766/503 526/759/503 532/763/503
f 526/759/504 529/758/504 532/763/504
f 533/767/505 536/768/505 538/769/505 537/770/505
f 536/768/506 540/771/506 541/772/506 538/769/506
f 534/773/507 539/774/507 541/772/507 540/771/507
f 539/774/508 543/775/508 544/776/508 541/772/508
f 535/777/509 542/778/509 544/776/509 543/775/509
f 542/778/510 537/770/510 538/769/510 544/776/510
f 538/769/511 541/772/511 544/776/511
f 545/779/512 548/780/512 550/781/512 549/782/512
f 548/780/513 552/783/513 553/784/513 550/781/513
f 546/785/514 551/786/514 553/784/514 552/783/514
f 551/786/515 555/787/515 556/788/515 553/784/515
f 547/789/516 554/790/516 556/788/516 555/787/516
f 554/790/517 549/782/517 550/781/517 556/788/517
f 550/781/518 553/784/518 556/788/518
f 557/791/519 560/792/519 562/793/519 561/794/519
f 560/792/520 564/795/520 565/796/520 562/793/520
f 558/797/521 563/798/521 565/796/521 564/795/521
f 563/798/522 567/799/522 568/800/522 565/796/522
f 559/801/523 566/802/523 568/800/523 567/799/523
f 566/802/524 561/794/524 562/793/524 568/800/524
f 562/793/525 565/796/525 568/800/525
f 569/803/526 572/804/526 574/805/526 573/806/526
f 572/804/527 576/807/527 577/808/527 574/805/527
f 570/809/528 575/810/528 577/808/528 576/807/528
f 575/810/529 579/811/529 580/812/529 577/808/529
f 571/813/530 578/814/530 580/812/530 579/811/530
f 578/814/531 573/806/531 574/805/531 580/812/531
f 574/805/532 577/808/532 580/812/532
f 509/736/533 485/699/533 489/702/533 512/737/533
f 512/737/534 489/702/534 494/715/534 516/740/534
f 516/745/535 494/714/535 487/713/535 510/742/535
f 486/705/536 497/717/536 501/720/536 491/706/536
f 491/709/537 501/733/537 506/732/537 495/710/537
f 495/710/538 506/732/538 499/731/538 487/713/538
f 498/723/539 521/752/539 525/755/539 503/724/539
f 503/727/540 525/766/540 530/765/540 507/728/540
f 507/728/541 530/765/541 523/764/541 499/731/541
f 522/760/542 511/748/542 519/746/542 527/761/542
f 527/761/543 519/746/543 515/743/543 531/762/543
f 531/762/544 515/743/544 510/742/544 523/764/544
f 557/791/545 509/736/545 513/739/545 560/792/545
f 560/792/546 513/739/546 518/750/546 564/795/546
f 564/795/547 518/749/547 511/748/547 558/797/547
f 521/752/548 569/803/548 573/806/548 524/753/548
f 524/756/549 573/806/549 578/814/549 528/757/549
f 528/757/550 578/814/550 571/813/550 522/760/550
f 570/809/551 559/801/551 567/799/551 575/810/551
f 575/810/552 567/799/552 563/798/552 579/811/552
f 579/811/553 563/798/553 558/797/553 571/813/553
f 533/767/554 557/791/554 561/794/554 536/768/554
f 536/768/555 561/794/555 566/802/555 540/771/555
f 540/771/556 566/802/556 559/801/556 534/773/556
f 569/803/557 545/779/557 549/782/557 572/804/557
f 572/804/558 549/782/558 554/790/558 576/807/558
f 576/807/559 554/790/559 547/789/559 570/809/559
f 546/785/560 535/777/560 543/775/560 551/786/560
f 551/786/561 543/775/561 539/774/561 555/787/561
f 555/787/562 539/774/562 534/773/562 547/789/562
f 485/699/563 533/767/563 537/770/563 488/700/563
f 488/700/564 537/770/564 542/778/564 492/703/564
f 492/708/565 542/778/565 535/777/565 486/705/565
f 545/779/566 498/723/566 504/726/566 548/780/566
f 548/780/567 504/721/567 500/718/567 552/783/567
f 552/783/568 500/718/568 497/717/568 546/785/568
f 509/736/569 557/791/569 533/767/569 485/699/569
f 487/713/570 499/731/570 523/764/570 510/742/570
f 535/777/571 546/785/571 497/717/571 486/705/571
f 569/803/572 521/752/572 498/723/572 545/779/572
f 511/748/573 522/760/573 571/813/573 558/797/573
f 559/801/574 570/809/574 547/789/574 534/773/574
o iron_ritual_pillar
v -0.390000 0.390000 -0.010000
v -0.390000 0.420000 0.020000
v -0.420000 0.420000 -0.010000
v -0.390000 0.394008 0.004980
v -0.404980 0.394008 -0.010000
v -0.404346 0.397901 0.004346
v -0.404980 0.420000 0.015992
v -0.390000 0.405020 0.015992
v -0.404346 0.405654 0.012099
v -0.415992 0.405020 -0.010000
v -0.415992 0.420000 0.004980
v -0.412099 0.405654 0.004346
v -0.390000 0.980000 0.020000
v -0.390000 1.010000 -0.010000
v -0.420000 0.980000 -0.010000
v -0.390000 0.994980 0.015992
v -0.404980 0.980000 0.015992
v -0.404346 0.994346 0.012099
v -0.404980 1.005992 -0.010000
v -0.390000 1.005992 0.004980
v -0.404346 1.002099 0.004346
v -0.415992 0.980000 0.004980
v -0.415992 0.994980 -0.010000
v -0.412099 0.994346 0.004346
v -0.390000 0.390000 -0.110000
v -0.420000 0.420000 -0.110000
v -0.390000 0.420000 -0.140000
v -0.404980 0.394008 -0.110000
v -0.390000 0.394008 -0.124980
v -0.404346 0.397901 -0.124346
v -0.415992 0.420000 -0.124980
v -0.415992 0.405020 -0.110000
v -0.412099 0.405654 -0.124346
v -0.390000 0.405020 -0.135992
v -0.404980 0.420000 -0.135992
v -0.404346 0.405654 -0.132099
v -0.390000 1.010000 -0.110000
v -0.390000 0.980000 -0.140000
v -0.420000 0.980000 -0.110000
v -0.390000 1.005992 -0.124980
v -0.404980 1.005992 -0.110000
v -0.404346 1.002099 -0.124346
v -0.404980 0.980000 -0.135992
v -0.390000 0.994980 -0.135992
v -0.404346 0.994346 -0.132099
v -0.415992 0.994980 -0.110000
v -0.415992 0.980000 -0.124980
v -0.412099 0.994346 -0.124346
v -0.330000 0.390000 -0.010000
v -0.300000 0.420000 -0.010000
v -0.330000 0.420000 0.020000
v -0.315020 0.394008 -0.010000
v -0.330000 0.394008 0.004980
v -0.315654 0.397901 0.004346
v -0.304008 0.420000 0.004980
v -0.304008 0.405020 -0.010000
v -0.307901 0.405654 0.004346
v -0.330000 0.405020 0.015992
v -0.315020 0.420000 0.015992
v -0.315654 0.405654 0.012099
v -0.330000 1.010000 -0.010000
v -0.330000 0.980000 0.020000
v -0.300000 0.980000 -0.010000
v -0.330000 1.005992 0.004980
v -0.315020 1.005992 -0.010000
v -0.315654 1.002099 0.004346
v -0.315020 0.980000 0.015992
v -0.330000 0.994980 0.015992
v -0.315654 0.994346 0.012099
v -0.304008 0.994980 -0.010000
v -0.304008 0.980000 0.004980
v -0.307901 0.994346 0.004346
v -0.330000 0.390000 -0.110000
v -0.330000 0.420000 -0.140000
v -0.300000 0.420000 -0.110000
v -0.330000 0.394008 -0.124980
v -0.315020 0.394008 -0.110000
v -0.315654 0.397901 -0.124346
v -0.315020 0.420000 -0.135992
v -0.330000 0.405020 -0.135992
v -0.315654 0.405654 -0.132099
v -0.304008 0.405020 -0.110000
v -0.304008 0.420000 -0.124980
v -0.307901 0.405654 -0.124346
v -0.330000 1.010000 -0.110000
v -0.300000 0.980000 -0.110000
v -0.330000 0.980000 -0.140000
v -0.315020 1.005992 -0.110000
v -0.330000 1.005992 -0.124980
v -0.315654 1.002099 -0.124346
v -0.304008 0.980000 -0.124980
v -0.304008 0.994980 -0.110000
v -0.307901 0.994346 -0.124346
v -0.330000 0.994980 -0.135992
v -0.315020 0.980000 -0.135992
v -0.315654 0.994346 -0.132099
vn -0.2566 -0.9318 0.2566
vn -0.2178 -0.6901 0.6901
vn -0.2566 -0.2566 0.9318
vn -0.6901 -0.2178 0.6901
vn -0.9318 -0.2566 0.2566
vn -0.6901 -0.6901 0.2178
vn -0.5773 -0.5774 0.5774
vn -0.2566 0.2566 0.9318
vn -0.2178 0.6901 0.6901
vn -0.2566 0.9318 0.2566
vn -0.6901 0.6901 0.2178
vn -0.9318 0.2566 0.2566
vn -0.6901 0.2178 0.6901
vn -0.5773 0.5774 0.5774
vn -0.2566 -0.9318 -0.2566
vn -0.6901 -0.6901 -0.2178
vn -0.9318 -0.2566 -0.2566
vn -0.6901 -0.2178 -0.6901
vn -0.2566 -0.2566 -0.9318
vn -0.2178 -0.6901 -0.6901
vn -0.5773 -0.5774 -0.5774
vn -0.2566 0.9318 -0.2566
vn -0.2178 0.6901 -0.6901
vn -0.2566 0.2566 -0.9318
vn -0.6901 0.2178 -0.6901
vn -0.9318 0.2566 -0.2566
vn -0.6901 0.6901 -0.2178
vn -0.5773 0.5774 -0.5774
vn 0.2566 -0.9318 0.2566
vn 0.6901 -0.6901 0.2178
vn 0.9318 -0.2566 0.2566
vn 0.6901 -0.2178 0.6901
vn 0.2566 -0.2566 0.9318
vn 0.2178 -0.6901 0.6901
vn 0.5773 -0.5774 0.5774
vn 0.2566 0.9318 0.2566
vn 0.2178 0.6901 0.6901
vn 0.2566 0.2566 0.9318
vn 0.6901 0.2178 0.6901
vn 0.9318 0.2566 0.2566
vn 0.6901 0.6901 0.2178
vn 0.5773 0.5774 0.5774
vn 0.2566 -0.9318 -0.2566
vn 0.2178 -0.6901 -0.6901
vn 0.2566 -0.2566 -0.9318
vn 0.6901 -0.2178 -0.6901
vn 0.9318 -0.2566 -0.2566
vn 0.6901 -0.6901 -0.2178
vn 0.5773 -0.5774 -0.5774
vn 0.2566 0.9318 -0.2566
vn 0.6901 0.6901 -0.2178
vn 0.9318 0.2566 -0.2566
vn 0.6901 0.2178 -0.6901
vn 0.2566 0.2566 -0.9318
vn 0.2178 0.6901 -0.6901
vn 0.5773 0.5774 -0.5774
vn -0.2585 -0.9660 -0.0000
vn -0.7071 -0.7071 -0.0000
vn -0.9660 -0.2585 -0.0000
vn -0.2585 -0.0000 0.9660
vn -0.7071 -0.0000 0.7071
vn -0.9660 -0.0000 0.2585
vn -0.2585 0.9660 -0.0000
vn -0.7071 0.7071 -0.0000
vn -0.9660 0.2585 -0.0000
vn -0.2585 -0.0000 -0.9660
vn -0.7071 -0.0000 -0.7071
vn -0.9660 -0.0000 -0.2585
vn -0.0000 -0.9660 -0.2585
vn -0.0000 -0.7071 -0.7071
vn -0.0000 -0.2585 -0.9660
vn -0.0000 0.9660 -0.2585
vn -0.0000 0.7071 -0.7071
vn -0.0000 0.2585 -0.9660
vn 0.9660 -0.0000 -0.2585
vn 0.7071 -0.0000 -0.7071
vn 0.2585 -0.0000 -0.9660
vn 0.2585 -0.9660 -0.0000
vn 0.7071 -0.7071 -0.0000
vn 0.9660 -0.2585 -0.0000
vn 0.2585 0.9660 -0.0000
vn 0.7071 0.7071 -0.0000
vn 0.9660 0.2585 -0.0000
vn 0.2585 -0.0000 0.9660
vn 0.7071 -0.0000 0.7071
vn 0.9660 -0.0000 0.2585
vn -0.0000 -0.9660 0.2585
vn -0.0000 -0.7071 0.7071
vn -0.0000 -0.2585 0.9660
vn -0.0000 0.9660 0.2585
vn -0.0000 0.7071 0.7071
vn -0.0000 0.2585 0.9660
vn -0.0000 -1.0000 -0.0000
vn -1.0000 -0.0000 -0.0000
vn -0.0000 -0.0000 1.0000
vn -0.0000 1.0000 -0.0000
vn -0.0000 -0.0000 -1.0000
vn 1.0000 -0.0000 -0.0000
vt 0.187500 0.703125
vt 0.187500 0.726532
vt 0.157612 0.725541
vt 0.156291 0.703125
vt 0.187500 0.750000
vt 0.157612 0.750000
vt 0.387097 0.937500
vt 0.387097 1.000000
vt 0.375000 0.967388
vt 0.375000 0.937500
vt 0.387097 0.000000
vt 0.387097 0.023468
vt 0.375000 0.024459
vt 0.375000 0.000000
vt 0.387097 0.046875
vt 0.375000 0.046875
vt 0.125000 0.703125
vt 0.125000 0.725541
vt 0.612903 0.937500
vt 0.618944 0.937500
vt 0.618688 1.000000
vt 0.612903 1.000000
vt 0.625000 0.937500
vt 0.625000 1.000000
vt 0.812500 0.703125
vt 0.875000 0.703125
vt 0.875000 0.725541
vt 0.812500 0.750000
vt 0.625000 0.046875
vt 0.618944 0.046875
vt 0.618688 0.024459
vt 0.625000 0.024459
vt 0.612903 0.046875
vt 0.612903 0.023468
vt 0.612903 0.000000
vt 0.618688 0.000000
vt 0.187500 0.546875
vt 0.156291 0.546875
vt 0.157612 0.524459
vt 0.187500 0.523468
vt 0.125000 0.546875
vt 0.125000 0.524459
vt 0.387097 0.203125
vt 0.387097 0.226532
vt 0.375000 0.225541
vt 0.375000 0.203125
vt 0.387097 0.281291
vt 0.375000 0.282612
vt 0.387097 0.312500
vt 0.375000 0.312500
vt 0.187500 0.500000
vt 0.157612 0.500000
vt 0.812500 0.546875
vt 0.812500 0.500000
vt 0.875000 0.524459
vt 0.875000 0.546875
vt 0.625000 0.312500
vt 0.618944 0.312500
vt 0.618688 0.279133
vt 0.625000 0.236331
vt 0.612903 0.312500
vt 0.612903 0.281291
vt 0.612903 0.226532
vt 0.618688 0.225541
vt 0.612903 0.203125
vt 0.618944 0.203125
vt 0.625000 0.203125
vt 0.312500 0.703125
vt 0.343709 0.703125
vt 0.342388 0.725541
vt 0.312500 0.726532
vt 0.381056 0.703125
vt 0.379550 0.725541
vt 0.387097 0.703125
vt 0.387097 0.726532
vt 0.387097 0.781291
vt 0.363023 0.770634
vt 0.387097 0.812500
vt 0.344182 0.781682
vt 0.687500 0.703125
vt 0.656682 0.780818
vt 0.645634 0.761977
vt 0.656291 0.703125
vt 0.618944 0.812500
vt 0.618688 0.782612
vt 0.612903 0.812500
vt 0.612903 0.781291
vt 0.612903 0.726532
vt 0.618688 0.728707
vt 0.612903 0.703125
vt 0.618944 0.703125
vt 0.312500 0.546875
vt 0.312500 0.523468
vt 0.342388 0.524459
vt 0.343709 0.546875
vt 0.344182 0.468318
vt 0.363023 0.479366
vt 0.387097 0.437500
vt 0.387097 0.468709
vt 0.387097 0.523468
vt 0.379550 0.524459
vt 0.387097 0.546875
vt 0.381056 0.546875
vt 0.687500 0.546875
vt 0.656291 0.546875
vt 0.645634 0.488023
vt 0.656682 0.469182
vt 0.618944 0.546875
vt 0.618688 0.521293
vt 0.612903 0.546875
vt 0.612903 0.523468
vt 0.612903 0.468709
vt 0.618688 0.467388
vt 0.612903 0.437500
vt 0.618944 0.437500
s 0
usemtl BlackIron
f 581/815/575 584/816/575 586/817/575 585/818/575
f 584/816/576 588/819/576 589/820/576 586/817/576
f 582/821/577 587/822/577 589/823/577 588/824/577
f 587/825/578 591/826/578 592/827/578 589/828/578
f 583/829/579 590/830/579 592/827/579 591/826/579
f 590/831/580 585/818/580 586/817/580 592/832/580
f 586/817/581 589/820/581 592/832/581
f 593/833/582 596/834/582 598/835/582 597/836/582
f 596/834/583 600/837/583 601/838/583 598/835/583
f 594/839/584 599/840/584 601/841/584 600/842/584
f 599/843/585 603/844/585 604/845/585 601/846/585
f 595/847/586 602/848/586 604/845/586 603/844/586
f 602/848/587 597/849/587 598/850/587 604/845/587
f 598/850/588 601/846/588 604/845/588
f 605/851/589 608/852/589 610/853/589 609/854/589
f 608/852/590 612/855/590 613/856/590 610/853/590
f 606/857/591 611/858/591 613/859/591 612/860/591
f 611/858/592 615/861/592 616/862/592 613/859/592
f 607/863/593 614/864/593 616/862/593 615/861/593
f 614/865/594 609/854/594 610/853/594 616/866/594
f 610/853/595 613/856/595 616/866/595
f 617/867/596 620/868/596 622/869/596 621/870/596
f 620/871/597 624/872/597 625/873/597 622/874/597
f 618/875/598 623/876/598 625/873/598 624/872/598
f 623/876/599 627/877/599 628/878/599 625/873/599
f 619/879/600 626/880/600 628/878/600 627/877/600
f 626/880/601 621/881/601 622/874/601 628/878/601
f 622/874/602 625/873/602 628/878/602
f 629/882/603 632/883/603 634/884/603 633/885/603
f 632/883/604 636/886/604 637/887/604 634/884/604
f 630/888/605 635/889/605 637/887/605 636/886/605
f 635/889/606 639/890/606 640/891/606 637/887/606
f 631/892/607 638/893/607 640/891/607 639/890/607
f 638/893/608 633/885/608 634/884/608 640/891/608
f 634/884/609 637/887/609 640/891/609
f 641/894/610 644/895/610 646/896/610 645/897/610
f 644/895/611 648/898/611 649/899/611 646/896/611
f 642/900/612 647/901/612 649/899/612 648/898/612
f 647/901/613 651/902/613 652/903/613 649/899/613
f 643/904/614 650/905/614 652/903/614 651/902/614
f 650/905/615 645/897/615 646/896/615 652/903/615
f 646/896/616 649/899/616 652/903/616
f 653/906/617 656/907/617 658/908/617 657/909/617
f 656/907/618 660/910/618 661/911/618 658/908/618
f 654/912/619 659/913/619 661/911/619 660/910/619
f 659/913/620 663/914/620 664/915/620 661/911/620
f 655/916/621 662/917/621 664/915/621 663/914/621
f 662/917/622 657/909/622 658/908/622 664/915/622
f 658/908/623 661/911/623 664/915/623
f 665/918/624 668/919/624 670/920/624 669/921/624
f 668/919/625 672/922/625 673/923/625 670/920/625
f 666/924/626 671/925/626 673/923/626 672/922/626
f 671/925/627 675/926/627 676/927/627 673/923/627
f 667/928/628 674/929/628 676/927/628 675/926/628
f 674/929/629 669/921/629 670/920/629 676/927/629
f 670/920/630 673/923/630 676/927/630
f 605/851/631 581/815/631 585/818/631 608/852/631
f 608/852/632 585/818/632 590/831/632 612/855/632
f 612/860/633 590/830/633 583/829/633 606/857/633
f 582/821/634 593/833/634 597/836/634 587/822/634
f 587/825/635 597/849/635 602/848/635 591/826/635
f 591/826/636 602/848/636 595/847/636 583/829/636
f 594/839/637 617/867/637 621/870/637 599/840/637
f 599/843/638 621/881/638 626/880/638 603/844/638
f 603/844/639 626/880/639 619/879/639 595/847/639
f 618/875/640 607/863/640 615/861/640 623/876/640
f 623/876/641 615/861/641 611/858/641 627/877/641
f 627/877/642 611/858/642 606/857/642 619/879/642
f 653/906/643 605/851/643 609/854/643 656/907/643
f 656/907/644 609/854/644 614/865/644 660/910/644
f 660/910/645 614/864/645 607/863/645 654/912/645
f 617/867/646 665/918/646 669/921/646 620/868/646
f 620/871/647 669/921/647 674/929/647 624/872/647
f 624/872/648 674/929/648 667/928/648 618/875/648
f 666/924/649 655/916/649 663/914/649 671/925/649
f 671/925/650 663/914/650 659/913/650 675/926/650
f 675/926/651 659/913/651 654/912/651 667/928/651
f 629/882/652 653/906/652 657/909/652 632/883/652
f 632/883/653 657/909/653 662/917/653 636/886/653
f 636/886/654 662/917/654 655/916/654 630/888/654
f 665/918/655 641/894/655 645/897/655 668/919/655
f 668/919/656 645/897/656 650/905/656 672/922/656
f 672/922/657 650/905/657 643/904/657 666/924/657
f 642/900/658 631/892/658 639/890/658 647/901/658
f 647/901/659 639/890/659 635/889/659 651/902/659
f 651/902/660 635/889/660 630/888/660 643/904/660
f 581/815/661 629/882/661 633/885/661 584/816/661
f 584/816/662 633/885/662 638/893/662 588/819/662
f 588/824/663 638/893/663 631/892/663 582/821/663
f 641/894/664 594/839/664 600/842/664 644/895/664
f 644/895/665 600/837/665 596/834/665 648/898/665
f 648/898/666 596/834/666 593/833/666 642/900/666
f 605/851/667 653/906/667 629/882/667 581/815/667
f 583/829/668 595/847/668 619/879/668 606/857/668
f 631/892/669 642/900/669 593/833/669 582/821/669
f 665/918/670 617/867/670 594/839/670 641/894/670
f 607/863/671 618/875/671 667/928/671 654/912/671
f 655/916/672 666/924/672 643/904/672 630/888/672
o amber_pillar_rune
v -0.360000 0.897274 0.039647
v -0.360000 0.889282 0.030000
v -0.360000 0.840706 0.011363
v -0.360000 0.820000 0.010000
v -0.360000 0.799294 0.011363
v -0.360000 0.750718 0.030000
v -0.360000 0.742726 0.039647
v -0.354401 0.897274 0.040154
v -0.349184 0.889282 0.030979
v -0.344704 0.876569 0.023100
v -0.341267 0.860000 0.017054
v -0.339106 0.840706 0.013254
v -0.338369 0.820000 0.011958
v -0.339106 0.799294 0.013254
v -0.341267 0.780000 0.017054
v -0.344704 0.763431 0.023100
v -0.349184 0.750718 0.030979
v -0.354401 0.742726 0.040154
v -0.349351 0.897274 0.041624
v -0.339428 0.889282 0.033820
v -0.330906 0.876569 0.027118
v -0.324367 0.860000 0.021975
v -0.320257 0.840706 0.018742
v -0.318855 0.820000 0.017639
v -0.320257 0.799294 0.018742
v -0.324367 0.780000 0.021975
v -0.330906 0.763431 0.027118
v -0.339428 0.750718 0.033820
v -0.349351 0.742726 0.041624
v -0.360000 0.740000 0.050000
v -0.345343 0.897274 0.043915
v -0.331684 0.889282 0.038244
v -0.319956 0.876569 0.033375
v -0.310956 0.860000 0.029639
v -0.305298 0.840706 0.027290
v -0.303369 0.820000 0.026489
v -0.305298 0.799294 0.027290
v -0.310956 0.780000 0.029639
v -0.319956 0.763431 0.033375
v -0.331684 0.750718 0.038244
v -0.345343 0.742726 0.043915
v -0.342769 0.897274 0.046801
v -0.326713 0.889282 0.043820
v -0.312925 0.876569 0.041260
v -0.302345 0.860000 0.039295
v -0.295695 0.840706 0.038061
v -0.293426 0.820000 0.037639
v -0.295695 0.799294 0.038061
v -0.302345 0.780000 0.039295
v -0.312925 0.763431 0.041260
v -0.326713 0.750718 0.043820
v -0.342769 0.742726 0.046801
v -0.341883 0.897274 0.050000
v -0.325000 0.889282 0.050000
v -0.310503 0.876569 0.050000
v -0.299378 0.860000 0.050000
v -0.292385 0.840706 0.050000
v -0.290000 0.820000 0.050000
v -0.292385 0.799294 0.050000
v -0.299378 0.780000 0.050000
v -0.310503 0.763431 0.050000
v -0.325000 0.750718 0.050000
v -0.341883 0.742726 0.050000
v -0.342769 0.897274 0.053199
v -0.326713 0.889282 0.056180
v -0.312925 0.876569 0.058740
v -0.302345 0.860000 0.060705
v -0.295695 0.840706 0.061940
v -0.293426 0.820000 0.062361
v -0.295695 0.799294 0.061940
v -0.302345 0.780000 0.060705
v -0.312925 0.763431 0.058740
v -0.326713 0.750718 0.056180
v -0.342769 0.742726 0.053199
v -0.345343 0.897274 0.056085
v -0.331684 0.889282 0.061756
v -0.319956 0.876569 0.066625
v -0.310956 0.860000 0.070361
v -0.305298 0.840706 0.072710
v -0.303369 0.820000 0.073511
v -0.305298 0.799294 0.072710
v -0.310956 0.780000 0.070361
v -0.319956 0.763431 0.066625
v -0.331684 0.750718 0.061756
v -0.345343 0.742726 0.056085
v -0.349351 0.897274 0.058376
v -0.339428 0.889282 0.066180
v -0.330906 0.876569 0.072882
v -0.324367 0.860000 0.078025
v -0.320257 0.840706 0.081258
v -0.318855 0.820000 0.082361
v -0.320257 0.799294 0.081258
v -0.324367 0.780000 0.078025
v -0.330906 0.763431 0.072882
v -0.339428 0.750718 0.066180
v -0.349351 0.742726 0.058376
v -0.354401 0.897274 0.059846
v -0.349184 0.889282 0.069021
v -0.344704 0.876569 0.076900
v -0.341267 0.860000 0.082946
v -0.339106 0.840706 0.086746
v -0.338369 0.820000 0.088042
v -0.339106 0.799294 0.086746
v -0.341267 0.780000 0.082946
v -0.344704 0.763431 0.076900
v -0.349184 0.750718 0.069021
v -0.354401 0.742726 0.059846
v -0.360000 0.900000 0.050000
v -0.360000 0.897274 0.060353
v -0.360000 0.889282 0.070000
v -0.360000 0.876569 0.078284
v -0.360000 0.860000 0.084641
v -0.360000 0.840706 0.088637
v -0.360000 0.820000 0.090000
v -0.360000 0.799294 0.088637
v -0.360000 0.780000 0.084641
v -0.360000 0.763431 0.078284
v -0.360000 0.750718 0.070000
v -0.360000 0.742726 0.060353
v -0.365599 0.897274 0.059846
v -0.370816 0.889282 0.069021
v -0.375296 0.876569 0.076900
v -0.378733 0.860000 0.082946
v -0.380894 0.840706 0.086746
v -0.381631 0.820000 0.088042
v -0.380894 0.799294 0.086746
v -0.378733 0.780000 0.082946
v -0.375296 0.763431 0.076900
v -0.370816 0.750718 0.069021
v -0.365599 0.742726 0.059846
v -0.370649 0.897274 0.058376
v -0.380572 0.889282 0.066180
v -0.389094 0.876569 0.072882
v -0.395633 0.860000 0.078025
v -0.399743 0.840706 0.081258
v -0.401145 0.820000 0.082361
v -0.399743 0.799294 0.081258
v -0.395633 0.780000 0.078025
v -0.389094 0.763431 0.072882
v -0.380572 0.750718 0.066180
v -0.370649 0.742726 0.058376
v -0.374657 0.897274 0.056085
v -0.388316 0.889282 0.061756
v -0.400044 0.876569 0.066625
v -0.409044 0.860000 0.070361
v -0.414702 0.840706 0.072710
v -0.416631 0.820000 0.073511
v -0.414702 0.799294 0.072710
v -0.409044 0.780000 0.070361
v -0.400044 0.763431 0.066625
v -0.388316 0.750718 0.061756
v -0.374657 0.742726 0.056085
v -0.377231 0.897274 0.053199
v -0.393287 0.889282 0.056180
v -0.407075 0.876569 0.058740
v -0.417655 0.860000 0.060705
v -0.424306 0.840706 0.061940
v -0.426574 0.820000 0.062361
v -0.424306 0.799294 0.061940
v -0.417655 0.780000 0.060705
v -0.407075 0.763431 0.058740
v -0.393287 0.750718 0.056180
v -0.377231 0.742726 0.053199
v -0.378117 0.897274 0.050000
v -0.395000 0.889282 0.050000
v -0.409497 0.876569 0.050000
v -0.420622 0.860000 0.050000
v -0.427615 0.840706 0.050000
v -0.430000 0.820000 0.050000
v -0.427615 0.799294 0.050000
v -0.420622 0.780000 0.050000
v -0.409497 0.763431 0.050000
v -0.395000 0.750718 0.050000
v -0.378117 0.742726 0.050000
v -0.377231 0.897274 0.046801
v -0.393287 0.889282 0.043820
v -0.407075 0.876569 0.041260
v -0.417655 0.860000 0.039295
v -0.424306 0.840706 0.038060
v -0.426574 0.820000 0.037639
v -0.424306 0.799294 0.038060
v -0.417655 0.780000 0.039295
v -0.407075 0.763431 0.041260
v -0.393287 0.750718 0.043820
v -0.377231 0.742726 0.046801
v -0.374657 0.897274 0.043915
v -0.388316 0.889282 0.038244
v -0.400044 0.876569 0.033375
v -0.409044 0.860000 0.029639
v -0.414702 0.840706 0.027290
v -0.416631 0.820000 0.026489
v -0.414702 0.799294 0.027290
v -0.409044 0.780000 0.029639
v -0.400044 0.763431 0.033375
v -0.388316 0.750718 0.038244
v -0.374657 0.742726 0.043915
v -0.370649 0.897274 0.041624
v -0.380572 0.889282 0.033820
v -0.389094 0.876569 0.027118
v -0.395633 0.860000 0.021975
v -0.399743 0.840706 0.018742
v -0.401145 0.820000 0.017639
v -0.399743 0.799294 0.018742
v -0.395633 0.780000 0.021975
v -0.389094 0.763431 0.027118
v -0.380572 0.750718 0.033820
v -0.370649 0.742726 0.041624
v -0.365599 0.897274 0.040154
v -0.370816 0.889282 0.030979
v -0.375296 0.876569 0.023100
v -0.378733 0.860000 0.017054
v -0.380894 0.840706 0.013254
v -0.381631 0.820000 0.011958
v -0.380894 0.799294 0.013254
v -0.378733 0.780000 0.017054
v -0.375296 0.763431 0.023100
v -0.370816 0.750718 0.030979
v -0.365599 0.742726 0.040154
v -0.360000 0.876569 0.021716
v -0.360000 0.860000 0.015359
v -0.360000 0.780000 0.015359
v -0.360000 0.763431 0.021716
vn -0.0000 0.8844 -0.4667
vn -0.0000 0.6613 -0.7501
vn -0.0000 0.1340 -0.9910
vn -0.0000 -0.0000 -1.0000
vn -0.0000 -0.1340 -0.9910
vn -0.0000 -0.6613 -0.7501
vn -0.0000 -0.8844 -0.4667
vn 0.0812 0.8896 -0.4496
vn 0.1365 0.6732 -0.7267
vn 0.1651 0.4644 -0.8701
vn 0.1789 0.2892 -0.9404
vn 0.1853 0.1387 -0.9729
vn 0.1871 -0.0000 -0.9823
vn 0.1853 -0.1387 -0.9729
vn 0.1789 -0.2892 -0.9404
vn 0.1651 -0.4644 -0.8701
vn 0.1365 -0.6732 -0.7267
vn 0.0812 -0.8896 -0.4496
vn 0.1601 0.9038 -0.3969
vn 0.2735 0.7071 -0.6521
vn 0.3384 0.5010 -0.7965
vn 0.3724 0.3170 -0.8723
vn 0.3886 0.1532 -0.9086
vn 0.3934 -0.0000 -0.9194
vn 0.3886 -0.1532 -0.9086
vn 0.3724 -0.3170 -0.8723
vn 0.3384 -0.5010 -0.7965
vn 0.2735 -0.7071 -0.6521
vn 0.1601 -0.9038 -0.3969
vn -0.0000 -1.0000 -0.0000
vn 0.2327 0.9234 -0.3051
vn 0.4068 0.7561 -0.5127
vn 0.5210 0.5588 -0.6452
vn 0.5881 0.3638 -0.7224
vn 0.6226 0.1786 -0.7619
vn 0.6332 -0.0000 -0.7740
vn 0.6226 -0.1786 -0.7619
vn 0.5881 -0.3638 -0.7224
vn 0.5210 -0.5588 -0.6452
vn 0.4068 -0.7561 -0.5127
vn 0.2327 -0.9234 -0.3051
vn 0.2902 0.9417 -0.1705
vn 0.5179 0.8040 -0.2922
vn 0.6865 0.6207 -0.3787
vn 0.7980 0.4179 -0.4343
vn 0.8603 0.2094 -0.4648
vn 0.8802 -0.0000 -0.4745
vn 0.8603 -0.2094 -0.4648
vn 0.7980 -0.4179 -0.4343
vn 0.6865 -0.6207 -0.3787
vn 0.5179 -0.8040 -0.2922
vn 0.2902 -0.9417 -0.1705
vn 0.3141 0.9494 -0.0000
vn 0.5651 0.8251 -0.0000
vn 0.7604 0.6494 -0.0000
vn 0.8959 0.4443 -0.0000
vn 0.9744 0.2249 -0.0000
vn 1.0000 -0.0000 -0.0000
vn 0.9744 -0.2249 -0.0000
vn 0.8959 -0.4443 -0.0000
vn 0.7604 -0.6494 -0.0000
vn 0.5651 -0.8251 -0.0000
vn 0.3141 -0.9494 -0.0000
vn 0.2902 0.9417 0.1705
vn 0.5179 0.8040 0.2922
vn 0.6865 0.6207 0.3787
vn 0.7980 0.4179 0.4343
vn 0.8603 0.2094 0.4648
vn 0.8802 -0.0000 0.4745
vn 0.8603 -0.2094 0.4648
vn 0.7980 -0.4179 0.4343
vn 0.6865 -0.6207 0.3787
vn 0.5179 -0.8040 0.2922
vn 0.2902 -0.9417 0.1705
vn 0.2327 0.9234 0.3051
vn 0.4068 0.7561 0.5127
vn 0.5210 0.5588 0.6452
vn 0.5881 0.3638 0.7224
vn 0.6226 0.1786 0.7619
vn 0.6332 -0.0000 0.7740
vn 0.6226 -0.1786 0.7619
vn 0.5881 -0.3638 0.7224
vn 0.5210 -0.5588 0.6452
vn 0.4068 -0.7561 0.5127
vn 0.2327 -0.9234 0.3051
vn 0.1601 0.9038 0.3969
vn 0.2735 0.7071 0.6521
vn 0.3384 0.5010 0.7965
vn 0.3724 0.3170 0.8723
vn 0.3886 0.1532 0.9086
vn 0.3934 -0.0000 0.9194
vn 0.3886 -0.1532 0.9086
vn 0.3724 -0.3170 0.8723
vn 0.3384 -0.5010 0.7965
vn 0.2735 -0.7071 0.6521
vn 0.1601 -0.9038 0.3969
vn 0.0812 0.8896 0.4496
vn 0.1365 0.6732 0.7267
vn 0.1651 0.4644 0.8701
vn 0.1789 0.2892 0.9404
vn 0.1853 0.1387 0.9729
vn 0.1871 -0.0000 0.9823
vn 0.1853 -0.1387 0.9729
vn 0.1789 -0.2892 0.9404
vn 0.1651 -0.4644 0.8701
vn 0.1365 -0.6732 0.7267
vn 0.0812 -0.8896 0.4496
vn -0.0000 1.0000 -0.0000
vn -0.0000 0.8844 0.4667
vn -0.0000 0.6613 0.7501
vn -0.0000 0.4522 0.8919
vn -0.0000 0.2802 0.9599
vn -0.0000 0.1340 0.9910
vn -0.0000 -0.0000 1.0000
vn -0.0000 -0.1340 0.9910
vn -0.0000 -0.2802 0.9599
vn -0.0000 -0.4522 0.8919
vn -0.0000 -0.6613 0.7501
vn -0.0000 -0.8844 0.4667
vn -0.0812 0.8896 0.4496
vn -0.1365 0.6732 0.7267
vn -0.1651 0.4644 0.8701
vn -0.1789 0.2892 0.9404
vn -0.1853 0.1387 0.9729
vn -0.1871 -0.0000 0.9823
vn -0.1853 -0.1387 0.9729
vn -0.1789 -0.2892 0.9404
vn -0.1651 -0.4644 0.8701
vn -0.1365 -0.6732 0.7267
vn -0.0812 -0.8896 0.4496
vn -0.1601 0.9038 0.3969
vn -0.2735 0.7071 0.6521
vn -0.3384 0.5010 0.7965
vn -0.3724 0.3170 0.8723
vn -0.3886 0.1532 0.9086
vn -0.3934 -0.0000 0.9194
vn -0.3886 -0.1532 0.9086
vn -0.3724 -0.3170 0.8723
vn -0.3384 -0.5010 0.7965
vn -0.2735 -0.7071 0.6521
vn -0.1601 -0.9038 0.3969
vn -0.2327 0.9234 0.3051
vn -0.4068 0.7561 0.5127
vn -0.5210 0.5588 0.6452
vn -0.5881 0.3638 0.7224
vn -0.6226 0.1786 0.7619
vn -0.6332 -0.0000 0.7740
vn -0.6226 -0.1786 0.7619
vn -0.5881 -0.3638 0.7224
vn -0.5210 -0.5588 0.6452
vn -0.4068 -0.7561 0.5127
vn -0.2327 -0.9234 0.3051
vn -0.2902 0.9417 0.1705
vn -0.5179 0.8040 0.2922
vn -0.6865 0.6207 0.3787
vn -0.7980 0.4179 0.4343
vn -0.8603 0.2094 0.4648
vn -0.8802 -0.0000 0.4745
vn -0.8603 -0.2094 0.4648
vn -0.7980 -0.4179 0.4343
vn -0.6865 -0.6207 0.3787
vn -0.5179 -0.8040 0.2922
vn -0.2902 -0.9417 0.1705
vn -0.3141 0.9494 -0.0000
vn -0.5651 0.8251 -0.0000
vn -0.7604 0.6494 -0.0000
vn -0.8959 0.4443 -0.0000
vn -0.9744 0.2249 -0.0000
vn -1.0000 -0.0000 -0.0000
vn -0.9744 -0.2249 -0.0000
vn -0.8959 -0.4443 -0.0000
vn -0.7604 -0.6494 -0.0000
vn -0.5651 -0.8251 -0.0000
vn -0.3141 -0.9494 -0.0000
vn -0.2902 0.9417 -0.1705
vn -0.5179 0.8040 -0.2922
vn -0.6865 0.6207 -0.3787
vn -0.7980 0.4179 -0.4343
vn -0.8603 0.2094 -0.4648
vn -0.8802 -0.0000 -0.4745
vn -0.8603 -0.2094 -0.4648
vn -0.7980 -0.4179 -0.4343
vn -0.6865 -0.6207 -0.3787
vn -0.5179 -0.8040 -0.2922
vn -0.2902 -0.9417 -0.1705
vn -0.2327 0.9234 -0.3051
vn -0.4068 0.7561 -0.5127
vn -0.5210 0.5588 -0.6452
vn -0.5881 0.3638 -0.7224
vn -0.6226 0.1786 -0.7619
vn -0.6332 -0.0000 -0.7740
vn -0.6226 -0.1786 -0.7619
vn -0.5881 -0.3638 -0.7224
vn -0.5210 -0.5588 -0.6452
vn -0.4068 -0.7561 -0.5127
vn -0.2327 -0.9234 -0.3051
vn -0.1601 0.9038 -0.3969
vn -0.2735 0.7071 -0.6521
vn -0.3384 0.5010 -0.7965
vn -0.3724 0.3170 -0.8723
vn -0.3886 0.1532 -0.9086
vn -0.3934 -0.0000 -0.9194
vn -0.3886 -0.1532 -0.9086
vn -0.3724 -0.3170 -0.8723
vn -0.3384 -0.5010 -0.7965
vn -0.2735 -0.7071 -0.6521
vn -0.1601 -0.9038 -0.3969
vn -0.0812 0.8896 -0.4496
vn -0.1365 0.6732 -0.7267
vn -0.1651 0.4644 -0.8701
vn -0.1789 0.2892 -0.9404
vn -0.1853 0.1387 -0.9729
vn -0.1871 -0.0000 -0.9823
vn -0.1853 -0.1387 -0.9729
vn -0.1789 -0.2892 -0.9404
vn -0.1651 -0.4644 -0.8701
vn -0.1365 -0.6732 -0.7267
vn -0.0812 -0.8896 -0.4496
vn -0.0000 0.4522 -0.8919
vn -0.0000 0.2802 -0.9599
vn -0.0000 -0.2802 -0.9599
vn -0.0000 -0.4522 -0.8919
vt 0.750000 0.250000
vt 0.750000 0.333333
vt 0.700000 0.333333
vt 0.700000 0.250000
vt 0.750000 0.500000
vt 0.750000 0.583333
vt 0.700000 0.583333
vt 0.700000 0.500000
vt 0.750000 0.750000
vt 0.750000 0.833333
vt 0.700000 0.833333
vt 0.700000 0.750000
vt 0.750000 0.166667
vt 0.700000 0.166667
vt 0.750000 0.416667
vt 0.700000 0.416667
vt 0.750000 0.666667
vt 0.700000 0.666667
vt 0.750000 0.083333
vt 0.700000 0.083333
vt 0.750000 0.916667
vt 0.725000 1.000000
vt 0.700000 0.916667
vt 0.725000 0.000000
vt 0.650000 0.750000
vt 0.650000 0.666667
vt 0.650000 0.166667
vt 0.650000 0.083333
vt 0.675000 1.000000
vt 0.650000 0.916667
vt 0.650000 0.416667
vt 0.650000 0.333333
vt 0.650000 0.583333
vt 0.675000 0.000000
vt 0.650000 0.833333
vt 0.650000 0.250000
vt 0.650000 0.500000
vt 0.600000 0.583333
vt 0.600000 0.500000
vt 0.600000 0.833333
vt 0.600000 0.750000
vt 0.600000 0.250000
vt 0.600000 0.166667
vt 0.600000 0.416667
vt 0.600000 0.666667
vt 0.600000 0.083333
vt 0.625000 1.000000
vt 0.600000 0.916667
vt 0.600000 0.333333
vt 0.625000 0.000000
vt 0.550000 0.666667
vt 0.550000 0.583333
vt 0.575000 0.000000
vt 0.550000 0.083333
vt 0.550000 0.916667
vt 0.550000 0.833333
vt 0.550000 0.333333
vt 0.550000 0.250000
vt 0.550000 0.500000
vt 0.550000 0.750000
vt 0.550000 0.166667
vt 0.550000 0.416667
vt 0.575000 1.000000
vt 0.500000 0.500000
vt 0.500000 0.416667
vt 0.500000 0.750000
vt 0.500000 0.666667
vt 0.500000 0.166667
vt 0.500000 0.083333
vt 0.525000 1.000000
vt 0.500000 0.916667
vt 0.500000 0.333333
vt 0.500000 0.583333
vt 0.525000 0.000000
vt 0.500000 0.833333
vt 0.500000 0.250000
vt 0.450000 0.583333
vt 0.450000 0.500000
vt 0.450000 0.833333
vt 0.450000 0.750000
vt 0.450000 0.250000
vt 0.450000 0.166667
vt 0.450000 0.416667
vt 0.450000 0.666667
vt 0.450000 0.083333
vt 0.475000 1.000000
vt 0.450000 0.916667
vt 0.450000 0.333333
vt 0.475000 0.000000
vt 0.400000 0.416667
vt 0.400000 0.333333
vt 0.400000 0.666667
vt 0.400000 0.583333
vt 0.425000 0.000000
vt 0.400000 0.083333
vt 0.400000 0.916667
vt 0.400000 0.833333
vt 0.400000 0.250000
vt 0.400000 0.500000
vt 0.400000 0.750000
vt 0.400000 0.166667
vt 0.425000 1.000000
vt 0.350000 0.500000
vt 0.350000 0.416667
vt 0.350000 0.750000
vt 0.350000 0.666667
vt 0.350000 0.166667
vt 0.350000 0.083333
vt 0.375000 1.000000
vt 0.350000 0.916667
vt 0.350000 0.333333
vt 0.350000 0.583333
vt 0.375000 0.000000
vt 0.350000 0.833333
vt 0.350000 0.250000
vt 0.300000 0.333333
vt 0.300000 0.250000
vt 0.300000 0.583333
vt 0.300000 0.500000
vt 0.300000 0.833333
vt 0.300000 0.750000
vt 0.300000 0.166667
vt 0.300000 0.416667
vt 0.300000 0.666667
vt 0.300000 0.083333
vt 0.325000 1.000000
vt 0.300000 0.916667
vt 0.325000 0.000000
vt 0.275000 1.000000
vt 0.250000 0.916667
vt 0.250000 0.416667
vt 0.250000 0.333333
vt 0.250000 0.666667
vt 0.250000 0.583333
vt 0.275000 0.000000
vt 0.250000 0.083333
vt 0.250000 0.833333
vt 0.250000 0.250000
vt 0.250000 0.500000
vt 0.250000 0.750000
vt 0.250000 0.166667
vt 0.200000 0.250000
vt 0.200000 0.166667
vt 0.200000 0.500000
vt 0.200000 0.416667
vt 0.200000 0.750000
vt 0.200000 0.666667
vt 0.200000 0.083333
vt 0.225000 1.000000
vt 0.200000 0.916667
vt 0.200000 0.333333
vt 0.200000 0.583333
vt 0.225000 0.000000
vt 0.200000 0.833333
vt 0.150000 0.916667
vt 0.150000 0.833333
vt 0.150000 0.333333
vt 0.150000 0.250000
vt 0.150000 0.583333
vt 0.150000 0.500000
vt 0.150000 0.750000
vt 0.150000 0.166667
vt 0.150000 0.416667
vt 0.150000 0.666667
vt 0.150000 0.083333
vt 0.175000 1.000000
vt 0.175000 0.000000
vt 0.100000 0.166667
vt 0.100000 0.083333
vt 0.125000 1.000000
vt 0.100000 0.916667
vt 0.100000 0.416667
vt 0.100000 0.333333
vt 0.100000 0.666667
vt 0.100000 0.583333
vt 0.125000 0.000000
vt 0.100000 0.833333
vt 0.100000 0.250000
vt 0.100000 0.500000
vt 0.100000 0.750000
vt 0.050000 0.833333
vt 0.050000 0.750000
vt 0.050000 0.250000
vt 0.050000 0.166667
vt 0.050000 0.500000
vt 0.050000 0.416667
vt 0.050000 0.666667
vt 0.050000 0.083333
vt 0.075000 1.000000
vt 0.050000 0.916667
vt 0.050000 0.333333
vt 0.050000 0.583333
vt 0.075000 0.000000
vt 0.025000 0.000000
vt 0.000000 0.083333
vt 0.000000 0.916667
vt 0.000000 0.833333
vt 0.000000 0.333333
vt 0.000000 0.250000
vt 0.000000 0.583333
vt 0.000000 0.500000
vt 0.000000 0.750000
vt 0.000000 0.166667
vt 0.000000 0.416667
vt 0.000000 0.666667
vt 0.025000 1.000000
vt 1.000000 0.666667
vt 1.000000 0.750000
vt 0.950000 0.750000
vt 0.950000 0.666667
vt 1.000000 0.083333
vt 1.000000 0.166667
vt 0.950000 0.166667
vt 0.950000 0.083333
vt 1.000000 0.916667
vt 0.975000 1.000000
vt 0.950000 0.916667
vt 1.000000 0.333333
vt 1.000000 0.416667
vt 0.950000 0.416667
vt 0.950000 0.333333
vt 1.000000 0.583333
vt 0.950000 0.583333
vt 0.975000 0.000000
vt 1.000000 0.833333
vt 0.950000 0.833333
vt 1.000000 0.250000
vt 0.950000 0.250000
vt 1.000000 0.500000
vt 0.950000 0.500000
vt 0.900000 0.833333
vt 0.900000 0.750000
vt 0.900000 0.250000
vt 0.900000 0.166667
vt 0.900000 0.500000
vt 0.900000 0.416667
vt 0.900000 0.666667
vt 0.900000 0.083333
vt 0.925000 1.000000
vt 0.900000 0.916667
vt 0.900000 0.333333
vt 0.900000 0.583333
vt 0.925000 0.000000
vt 0.850000 0.666667
vt 0.850000 0.583333
vt 0.875000 0.000000
vt 0.850000 0.083333
vt 0.850000 0.916667
vt 0.850000 0.833333
vt 0.850000 0.333333
vt 0.850000 0.250000
vt 0.850000 0.500000
vt 0.850000 0.750000
vt 0.850000 0.166667
vt 0.850000 0.416667
vt 0.875000 1.000000
vt 0.800000 0.750000
vt 0.800000 0.666667
vt 0.800000 0.166667
vt 0.800000 0.083333
vt 0.825000 1.000000
vt 0.800000 0.916667
vt 0.800000 0.416667
vt 0.800000 0.333333
vt 0.800000 0.583333
vt 0.825000 0.000000
vt 0.800000 0.833333
vt 0.800000 0.250000
vt 0.800000 0.500000
vt 0.775000 1.000000
vt 0.775000 0.000000
s 1
usemtl RunicAmber
f 898/930/894 897/931/893 691/932/687 692/933/688
f 680/934/676 679/935/675 688/936/684 689/937/685
f 895/938/891 678/939/674 685/940/681 686/941/682
f 682/942/678 898/930/894 692/933/688 693/943/689
f 681/944/677 680/934/676 689/937/685 690/945/686
f 896/946/892 895/938/891 686/941/682 687/947/683
f 683/948/679 682/942/678 693/943/689 694/949/690
f 677/950/673 784/951/780 684/952/680
f 897/931/893 681/944/677 690/945/686 691/932/687
f 679/935/675 896/946/892 687/947/683 688/936/684
f 706/953/702 683/948/679 694/949/690
f 678/939/674 677/950/673 684/952/680 685/940/681
f 687/947/683 686/941/682 697/954/693 698/955/694
f 694/949/690 693/943/689 704/956/700 705/957/701
f 684/952/680 784/958/780 695/959/691
f 691/932/687 690/945/686 701/960/697 702/961/698
f 688/936/684 687/947/683 698/955/694 699/962/695
f 706/963/702 694/949/690 705/957/701
f 685/940/681 684/952/680 695/959/691 696/964/692
f 692/933/688 691/932/687 702/961/698 703/965/699
f 689/937/685 688/936/684 699/962/695 700/966/696
f 686/941/682 685/940/681 696/964/692 697/954/693
f 693/943/689 692/933/688 703/965/699 704/956/700
f 690/945/686 689/937/685 700/966/696 701/960/697
f 700/966/696 699/962/695 711/967/707 712/968/708
f 697/954/693 696/964/692 708/969/704 709/970/705
f 704/956/700 703/965/699 715/971/711 716/972/712
f 701/960/697 700/966/696 712/968/708 713/973/709
f 698/955/694 697/954/693 709/970/705 710/974/706
f 705/957/701 704/956/700 716/972/712 717/975/713
f 695/959/691 784/976/780 707/977/703
f 702/961/698 701/960/697 713/973/709 714/978/710
f 699/962/695 698/955/694 710/974/706 711/967/707
f 706/979/702 705/957/701 717/975/713
f 696/964/692 695/959/691 707/977/703 708/969/704
f 703/965/699 702/961/698 714/978/710 715/971/711
f 711/967/707 710/974/706 721/980/717 722/981/718
f 706/982/702 717/975/713 728/983/724
f 708/969/704 707/977/703 718/984/714 719/985/715
f 715/971/711 714/978/710 725/986/721 726/987/722
f 712/968/708 711/967/707 722/981/718 723/988/719
f 709/970/705 708/969/704 719/985/715 720/989/716
f 716/972/712 715/971/711 726/987/722 727/990/723
f 713/973/709 712/968/708 723/988/719 724/991/720
f 710/974/706 709/970/705 720/989/716 721/980/717
f 717/975/713 716/972/712 727/990/723 728/983/724
f 707/977/703 784/992/780 718/984/714
f 714/978/710 713/973/709 724/991/720 725/986/721
f 724/991/720 723/988/719 734/993/730 735/994/731
f 721/980/717 720/989/716 731/995/727 732/996/728
f 728/983/724 727/990/723 738/997/734 739/998/735
f 718/984/714 784/999/780 729/1000/725
f 725/986/721 724/991/720 735/994/731 736/1001/732
f 722/981/718 721/980/717 732/996/728 733/1002/729
f 706/1003/702 728/983/724 739/998/735
f 719/985/715 718/984/714 729/1000/725 730/1004/726
f 726/987/722 725/986/721 736/1001/732 737/1005/733
f 723/988/719 722/981/718 733/1002/729 734/993/730
f 720/989/716 719/985/715 730/1004/726 731/995/727
f 727/990/723 726/987/722 737/1005/733 738/997/734
f 734/993/730 733/1002/729 744/1006/740 745/1007/741
f 731/995/727 730/1004/726 741/1008/737 742/1009/738
f 738/997/734 737/1005/733 748/1010/744 749/1011/745
f 735/994/731 734/993/730 745/1007/741 746/1012/742
f 732/996/728 731/995/727 742/1009/738 743/1013/739
f 739/998/735 738/997/734 749/1011/745 750/1014/746
f 729/1000/725 784/1015/780 740/1016/736
f 736/1001/732 735/994/731 746/1012/742 747/1017/743
f 733/1002/729 732/996/728 743/1013/739 744/1006/740
f 706/1018/702 739/998/735 750/1014/746
f 730/1004/726 729/1000/725 740/1016/736 741/1008/737
f 737/1005/733 736/1001/732 747/1017/743 748/1010/744
f 747/1017/743 746/1012/742 757/1019/753 758/1020/754
f 744/1006/740 743/1013/739 754/1021/750 755/1022/751
f 706/1023/702 750/1014/746 761/1024/757
f 741/1008/737 740/1016/736 751/1025/747 752/1026/748
f 748/1010/744 747/1017/743 758/1020/754 759/1027/755
f 745/1007/741 744/1006/740 755/1022/751 756/1028/752
f 742/1009/738 741/1008/737 752/1026/748 753/1029/749
f 749/1011/745 748/1010/744 759/1027/755 760/1030/756
f 746/1012/742 745/1007/741 756/1028/752 757/1019/753
f 743/1013/739 742/1009/738 753/1029/749 754/1021/750
f 750/1014/746 749/1011/745 760/1030/756 761/1024/757
f 740/1016/736 784/1031/780 751/1025/747
f 757/1019/753 756/1028/752 767/1032/763 768/1033/764
f 754/1021/750 753/1029/749 764/1034/760 765/1035/761
f 761/1024/757 760/1030/756 771/1036/767 772/1037/768
f 751/1025/747 784/1038/780 762/1039/758
f 758/1020/754 757/1019/753 768/1033/764 769/1040/765
f 755/1022/751 754/1021/750 765/1035/761 766/1041/762
f 706/1042/702 761/1024/757 772/1037/768
f 752/1026/748 751/1025/747 762/1039/758 763/1043/759
f 759/1027/755 758/1020/754 769/1040/765 770/1044/766
f 756/1028/752 755/1022/751 766/1041/762 767/1032/763
f 753/1029/749 752/1026/748 763/1043/759 764/1034/760
f 760/1030/756 759/1027/755 770/1044/766 771/1036/767
f 770/1044/766 769/1040/765 780/1045/776 781/1046/777
f 767/1032/763 766/1041/762 777/1047/773 778/1048/774
f 764/1034/760 763/1043/759 774/1049/770 775/1050/771
f 771/1036/767 770/1044/766 781/1046/777 782/1051/778
f 768/1033/764 767/1032/763 778/1048/774 779/1052/775
f 765/1035/761 764/1034/760 775/1050/771 776/1053/772
f 772/1037/768 771/1036/767 782/1051/778 783/1054/779
f 762/1039/758 784/1055/780 773/1056/769
f 769/1040/765 768/1033/764 779/1052/775 780/1045/776
f 766/1041/762 765/1035/761 776/1053/772 777/1047/773
f 706/1057/702 772/1037/768 783/1054/779
f 763/1043/759 762/1039/758 773/1056/769 774/1049/770
f 773/1056/769 784/1058/780 785/1059/781
f 780/1045/776 779/1052/775 791/1060/787 792/1061/788
f 777/1047/773 776/1053/772 788/1062/784 789/1063/785
f 706/1064/702 783/1054/779 795/1065/791
f 774/1049/770 773/1056/769 785/1059/781 786/1066/782
f 781/1046/777 780/1045/776 792/1061/788 793/1067/789
f 778/1048/774 777/1047/773 789/1063/785 790/1068/786
f 775/1050/771 774/1049/770 786/1066/782 787/1069/783
f 782/1051/778 781/1046/777 793/1067/789 794/1070/790
f 779/1052/775 778/1048/774 790/1068/786 791/1060/787
f 776/1053/772 775/1050/771 787/1069/783 788/1062/784
f 783/1054/779 782/1051/778 794/1070/790 795/1065/791
f 794/1070/790 793/1067/789 804/1071/800 805/1072/801
f 791/1060/787 790/1068/786 801/1073/797 802/1074/798
f 788/1062/784 787/1069/783 798/1075/794 799/1076/795
f 795/1065/791 794/1070/790 805/1072/801 806/1077/802
f 785/1059/781 784/1078/780 796/1079/792
f 792/1061/788 791/1060/787 802/1074/798 803/1080/799
f 789/1063/785 788/1062/784 799/1076/795 800/1081/796
f 706/1082/702 795/1065/791 806/1077/802
f 786/1066/782 785/1059/781 796/1079/792 797/1083/793
f 793/1067/789 792/1061/788 803/1080/799 804/1071/800
f 790/1068/786 789/1063/785 800/1081/796 801/1073/797
f 787/1069/783 786/1066/782 797/1083/793 798/1075/794
f 797/1083/793 796/1079/792 807/1084/803 808/1085/804
f 804/1071/800 803/1080/799 814/1086/810 815/1087/811
f 801/1073/797 800/1081/796 811/1088/807 812/1089/808
f 798/1075/794 797/1083/793 808/1085/804 809/1090/805
f 805/1072/801 804/1071/800 815/1087/811 816/1091/812
f 802/1074/798 801/1073/797 812/1089/808 813/1092/809
f 799/1076/795 798/1075/794 809/1090/805 810/1093/806
f 806/1077/802 805/1072/801 816/1091/812 817/1094/813
f 796/1079/792 784/1095/780 807/1084/803
f 803/1080/799 802/1074/798 813/1092/809 814/1086/810
f 800/1081/796 799/1076/795 810/1093/806 811/1088/807
f 706/1096/702 806/1077/802 817/1094/813
f 817/1094/813 816/1091/812 827/1097/823 828/1098/824
f 807/1084/803 784/1099/780 818/1100/814
f 814/1086/810 813/1092/809 824/1101/820 825/1102/821
f 811/1088/807 810/1093/806 821/1103/817 822/1104/818
f 706/1105/702 817/1094/813 828/1098/824
f 808/1085/804 807/1084/803 818/1100/814 819/1106/815
f 815/1087/811 814/1086/810 825/1102/821 826/1107/822
f 812/1089/808 811/1088/807 822/1104/818 823/1108/819
f 809/1090/805 808/1085/804 819/1106/815 820/1109/816
f 816/1091/812 815/1087/811 826/1107/822 827/1097/823
f 813/1092/809 812/1089/808 823/1108/819 824/1101/820
f 810/1093/806 809/1090/805 820/1109/816 821/1103/817
f 820/1109/816 819/1106/815 830/1110/826 831/1111/827
f 827/1097/823 826/1107/822 837/1112/833 838/1113/834
f 824/1101/820 823/1108/819 834/1114/830 835/1115/831
f 821/1103/817 820/1109/816 831/1111/827 832/1116/828
f 828/1098/824 827/1097/823 838/1113/834 839/1117/835
f 818/1100/814 784/1118/780 829/1119/825
f 825/1102/821 824/1101/820 835/1115/831 836/1120/832
f 822/1104/818 821/1103/817 832/1116/828 833/1121/829
f 706/1122/702 828/1098/824 839/1117/835
f 819/1106/815 818/1100/814 829/1119/825 830/1110/826
f 826/1107/822 825/1102/821 836/1120/832 837/1112/833
f 823/1108/819 822/1104/818 833/1121/829 834/1114/830
f 706/1123/702 839/1117/835 850/1124/846
f 830/1110/826 829/1119/825 840/1125/836 841/1126/837
f 837/1112/833 836/1120/832 847/1127/843 848/1128/844
f 834/1114/830 833/1121/829 844/1129/840 845/1130/841
f 831/1111/827 830/1110/826 841/1126/837 842/1131/838
f 838/1113/834 837/1112/833 848/1128/844 849/1132/845
f 835/1115/831 834/1114/830 845/1130/841 846/1133/842
f 832/1116/828 831/1111/827 842/1131/838 843/1134/839
f 839/1117/835 838/1113/834 849/1132/845 850/1124/846
f 829/1119/825 784/1135/780 840/1125/836
f 836/1120/832 835/1115/831 846/1133/842 847/1127/843
f 833/1121/829 832/1116/828 843/1134/839 844/1129/840
f 843/1136/839 842/1137/838 853/1138/849 854/1139/850
f 850/1140/846 849/1141/845 860/1142/856 861/1143/857
f 840/1144/836 784/1145/780 851/1146/847
f 847/1147/843 846/1148/842 857/1149/853 858/1150/854
f 844/1151/840 843/1136/839 854/1139/850 855/1152/851
f 706/1153/702 850/1140/846 861/1143/857
f 841/1154/837 840/1144/836 851/1146/847 852/1155/848
f 848/1156/844 847/1147/843 858/1150/854 859/1157/855
f 845/1158/841 844/1151/840 855/1152/851 856/1159/852
f 842/1137/838 841/1154/837 852/1155/848 853/1138/849
f 849/1141/845 848/1156/844 859/1157/855 860/1142/856
f 846/1148/842 845/1158/841 856/1159/852 857/1149/853
f 853/1138/849 852/1155/848 863/1160/859 864/1161/860
f 860/1142/856 859/1157/855 870/1162/866 871/1163/867
f 857/1149/853 856/1159/852 867/1164/863 868/1165/864
f 854/1139/850 853/1138/849 864/1161/860 865/1166/861
f 861/1143/857 860/1142/856 871/1163/867 872/1167/868
f 851/1146/847 784/1168/780 862/1169/858
f 858/1150/854 857/1149/853 868/1165/864 869/1170/865
f 855/1152/851 854/1139/850 865/1166/861 866/1171/862
f 706/1172/702 861/1143/857 872/1167/868
f 852/1155/848 851/1146/847 862/1169/858 863/1160/859
f 859/1157/855 858/1150/854 869/1170/865 870/1162/866
f 856/1159/852 855/1152/851 866/1171/862 867/1164/863
f 866/1171/862 865/1166/861 876/1173/872 877/1174/873
f 706/1175/702 872/1167/868 883/1176/879
f 863/1160/859 862/1169/858 873/1177/869 874/1178/870
f 870/1162/866 869/1170/865 880/1179/876 881/1180/877
f 867/1164/863 866/1171/862 877/1174/873 878/1181/874
f 864/1161/860 863/1160/859 874/1178/870 875/1182/871
f 871/1163/867 870/1162/866 881/1180/877 882/1183/878
f 868/1165/864 867/1164/863 878/1181/874 879/1184/875
f 865/1166/861 864/1161/860 875/1182/871 876/1173/872
f 872/1167/868 871/1163/867 882/1183/878 883/1176/879
f 862/1169/858 784/1185/780 873/1177/869
f 869/1170/865 868/1165/864 879/1184/875 880/1179/876
f 876/1173/872 875/1182/871 886/1186/882 887/1187/883
f 883/1176/879 882/1183/878 893/1188/889 894/1189/890
f 873/1177/869 784/1190/780 884/1191/880
f 880/1179/876 879/1184/875 890/1192/886 891/1193/887
f 877/1174/873 876/1173/872 887/1187/883 888/1194/884
f 706/1195/702 883/1176/879 894/1189/890
f 874/1178/870 873/1177/869 884/1191/880 885/1196/881
f 881/1180/877 880/1179/876 891/1193/887 892/1197/888
f 878/1181/874 877/1174/873 888/1194/884 889/1198/885
f 875/1182/871 874/1178/870 885/1196/881 886/1186/882
f 882/1183/878 881/1180/877 892/1197/888 893/1188/889
f 879/1184/875 878/1181/874 889/1198/885 890/1192/886
f 889/1198/885 888/1194/884 679/935/675 680/934/676
f 886/1186/882 885/1196/881 678/939/674 895/938/891
f 893/1188/889 892/1197/888 898/930/894 682/942/678
f 890/1192/886 889/1198/885 680/934/676 681/944/677
f 887/1187/883 886/1186/882 895/938/891 896/946/892
f 894/1189/890 893/1188/889 682/942/678 683/948/679
f 884/1191/880 784/1199/780 677/950/673
f 891/1193/887 890/1192/886 681/944/677 897/931/893
f 888/1194/884 887/1187/883 896/946/892 679/935/675
f 706/1200/702 894/1189/890 683/948/679
f 885/1196/881 884/1191/880 677/950/673 678/939/674
f 892/1197/888 891/1193/887 897/931/893 898/930/894
o iron_ritual_pillar.001
v 0.330000 0.390000 -0.010000
v 0.330000 0.420000 0.020000
v 0.300000 0.420000 -0.010000
v 0.330000 0.394008 0.004980
v 0.315020 0.394008 -0.010000
v 0.315654 0.397901 0.004346
v 0.315020 0.420000 0.015992
v 0.330000 0.405020 0.015992
v 0.315654 0.405654 0.012099
v 0.304008 0.405020 -0.010000
v 0.304008 0.420000 0.004980
v 0.307901 0.405654 0.004346
v 0.330000 0.980000 0.020000
v 0.330000 1.010000 -0.010000
v 0.300000 0.980000 -0.010000
v 0.330000 0.994980 0.015992
v 0.315020 0.980000 0.015992
v 0.315654 0.994346 0.012099
v 0.315020 1.005992 -0.010000
v 0.330000 1.005992 0.004980
v 0.315654 1.002099 0.004346
v 0.304008 0.980000 0.004980
v 0.304008 0.994980 -0.010000
v 0.307901 0.994346 0.004346
v 0.330000 0.390000 -0.110000
v 0.300000 0.420000 -0.110000
v 0.330000 0.420000 -0.140000
v 0.315020 0.394008 -0.110000
v 0.330000 0.394008 -0.124980
v 0.315654 0.397901 -0.124346
v 0.304008 0.420000 -0.124980
v 0.304008 0.405020 -0.110000
v 0.307901 0.405654 -0.124346
v 0.330000 0.405020 -0.135992
v 0.315020 0.420000 -0.135992
v 0.315654 0.405654 -0.132099
v 0.330000 1.010000 -0.110000
v 0.330000 0.980000 -0.140000
v 0.300000 0.980000 -0.110000
v 0.330000 1.005992 -0.124980
v 0.315020 1.005992 -0.110000
v 0.315654 1.002099 -0.124346
v 0.315020 0.980000 -0.135992
v 0.330000 0.994980 -0.135992
v 0.315654 0.994346 -0.132099
v 0.304008 0.994980 -0.110000
v 0.304008 0.980000 -0.124980
v 0.307901 0.994346 -0.124346
v 0.390000 0.390000 -0.010000
v 0.420000 0.420000 -0.010000
v 0.390000 0.420000 0.020000
v 0.404980 0.394008 -0.010000
v 0.390000 0.394008 0.004980
v 0.404346 0.397901 0.004346
v 0.415992 0.420000 0.004980
v 0.415992 0.405020 -0.010000
v 0.412099 0.405654 0.004346
v 0.390000 0.405020 0.015992
v 0.404980 0.420000 0.015992
v 0.404346 0.405654 0.012099
v 0.390000 1.010000 -0.010000
v 0.390000 0.980000 0.020000
v 0.420000 0.980000 -0.010000
v 0.390000 1.005992 0.004980
v 0.404980 1.005992 -0.010000
v 0.404346 1.002099 0.004346
v 0.404980 0.980000 0.015992
v 0.390000 0.994980 0.015992
v 0.404346 0.994346 0.012099
v 0.415992 0.994980 -0.010000
v 0.415992 0.980000 0.004980
v 0.412099 0.994346 0.004346
v 0.390000 0.390000 -0.110000
v 0.390000 0.420000 -0.140000
v 0.420000 0.420000 -0.110000
v 0.390000 0.394008 -0.124980
v 0.404980 0.394008 -0.110000
v 0.404346 0.397901 -0.124346
v 0.404980 0.420000 -0.135992
v 0.390000 0.405020 -0.135992
v 0.404346 0.405654 -0.132099
v 0.415992 0.405020 -0.110000
v 0.415992 0.420000 -0.124980
v 0.412099 0.405654 -0.124346
v 0.390000 1.010000 -0.110000
v 0.420000 0.980000 -0.110000
v 0.390000 0.980000 -0.140000
v 0.404980 1.005992 -0.110000
v 0.390000 1.005992 -0.124980
v 0.404346 1.002099 -0.124346
v 0.415992 0.980000 -0.124980
v 0.415992 0.994980 -0.110000
v 0.412099 0.994346 -0.124346
v 0.390000 0.994980 -0.135992
v 0.404980 0.980000 -0.135992
v 0.404346 0.994346 -0.132099
vn -0.2566 -0.9318 0.2566
vn -0.2178 -0.6901 0.6901
vn -0.2566 -0.2566 0.9318
vn -0.6901 -0.2178 0.6901
vn -0.9318 -0.2566 0.2566
vn -0.6901 -0.6901 0.2178
vn -0.5773 -0.5774 0.5774
vn -0.2566 0.2566 0.9318
vn -0.2178 0.6901 0.6901
vn -0.2566 0.9318 0.2566
vn -0.6901 0.6901 0.2178
vn -0.9318 0.2566 0.2566
vn -0.6901 0.2178 0.6901
vn -0.5773 0.5774 0.5774
vn -0.2566 -0.9318 -0.2566
vn -0.6901 -0.6901 -0.2178
vn -0.9318 -0.2566 -0.2566
vn -0.6901 -0.2178 -0.6901
vn -0.2566 -0.2566 -0.9318
vn -0.2178 -0.6901 -0.6901
vn -0.5773 -0.5774 -0.5774
vn -0.2566 0.9318 -0.2566
vn -0.2178 0.6901 -0.6901
vn -0.2566 0.2566 -0.9318
vn -0.6901 0.2178 -0.6901
vn -0.9318 0.2566 -0.2566
vn -0.6901 0.6901 -0.2178
vn -0.5773 0.5774 -0.5774
vn 0.2566 -0.9318 0.2566
vn 0.6901 -0.6901 0.2178
vn 0.9318 -0.2566 0.2566
vn 0.6901 -0.2178 0.6901
vn 0.2566 -0.2566 0.9318
vn 0.2178 -0.6901 0.6901
vn 0.5773 -0.5774 0.5774
vn 0.2566 0.9318 0.2566
vn 0.2178 0.6901 0.6901
vn 0.2566 0.2566 0.9318
vn 0.6901 0.2178 0.6901
vn 0.9318 0.2566 0.2566
vn 0.6901 0.6901 0.2178
vn 0.5773 0.5774 0.5774
vn 0.2566 -0.9318 -0.2566
vn 0.2178 -0.6901 -0.6901
vn 0.2566 -0.2566 -0.9318
vn 0.6901 -0.2178 -0.6901
vn 0.9318 -0.2566 -0.2566
vn 0.6901 -0.6901 -0.2178
vn 0.5773 -0.5774 -0.5774
vn 0.2566 0.9318 -0.2566
vn 0.6901 0.6901 -0.2178
vn 0.9318 0.2566 -0.2566
vn 0.6901 0.2178 -0.6901
vn 0.2566 0.2566 -0.9318
vn 0.2178 0.6901 -0.6901
vn 0.5773 0.5774 -0.5774
vn -0.2585 -0.9660 -0.0000
vn -0.7071 -0.7071 -0.0000
vn -0.9660 -0.2585 -0.0000
vn -0.2585 -0.0000 0.9660
vn -0.7071 -0.0000 0.7071
vn -0.9660 -0.0000 0.2585
vn -0.2585 0.9660 -0.0000
vn -0.7071 0.7071 -0.0000
vn -0.9660 0.2585 -0.0000
vn -0.2585 -0.0000 -0.9660
vn -0.7071 -0.0000 -0.7071
vn -0.9660 -0.0000 -0.2585
vn -0.0000 -0.9660 -0.2585
vn -0.0000 -0.7071 -0.7071
vn -0.0000 -0.2585 -0.9660
vn -0.0000 0.9660 -0.2585
vn -0.0000 0.7071 -0.7071
vn -0.0000 0.2585 -0.9660
vn 0.9660 -0.0000 -0.2585
vn 0.7071 -0.0000 -0.7071
vn 0.2585 -0.0000 -0.9660
vn 0.2585 -0.9660 -0.0000
vn 0.7071 -0.7071 -0.0000
vn 0.9660 -0.2585 -0.0000
vn 0.2585 0.9660 -0.0000
vn 0.7071 0.7071 -0.0000
vn 0.9660 0.2585 -0.0000
vn 0.2585 -0.0000 0.9660
vn 0.7071 -0.0000 0.7071
vn 0.9660 -0.0000 0.2585
vn -0.0000 -0.9660 0.2585
vn -0.0000 -0.7071 0.7071
vn -0.0000 -0.2585 0.9660
vn -0.0000 0.9660 0.2585
vn -0.0000 0.7071 0.7071
vn -0.0000 0.2585 0.9660
vn -0.0000 -1.0000 -0.0000
vn -1.0000 -0.0000 -0.0000
vn -0.0000 -0.0000 1.0000
vn -0.0000 1.0000 -0.0000
vn -0.0000 -0.0000 -1.0000
vn 1.0000 -0.0000 -0.0000
vt 0.187500 0.703125
vt 0.187500 0.726532
vt 0.157612 0.725541
vt 0.156291 0.703125
vt 0.187500 0.750000
vt 0.157612 0.750000
vt 0.387097 0.937500
vt 0.387097 1.000000
vt 0.375000 0.967388
vt 0.375000 0.937500
vt 0.387097 0.000000
vt 0.387097 0.023468
vt 0.375000 0.024459
vt 0.375000 0.000000
vt 0.387097 0.046875
vt 0.375000 0.046875
vt 0.125000 0.703125
vt 0.125000 0.725541
vt 0.612903 0.937500
vt 0.618944 0.937500
vt 0.618688 1.000000
vt 0.612903 1.000000
vt 0.625000 0.937500
vt 0.625000 1.000000
vt 0.812500 0.703125
vt 0.875000 0.703125
vt 0.875000 0.725541
vt 0.812500 0.750000
vt 0.625000 0.046875
vt 0.618944 0.046875
vt 0.618688 0.024459
vt 0.625000 0.024459
vt 0.612903 0.046875
vt 0.612903 0.023468
vt 0.612903 0.000000
vt 0.618688 0.000000
vt 0.187500 0.546875
vt 0.156291 0.546875
vt 0.157612 0.524459
vt 0.187500 0.523468
vt 0.125000 0.546875
vt 0.125000 0.524459
vt 0.387097 0.203125
vt 0.387097 0.226532
vt 0.375000 0.225541
vt 0.375000 0.203125
vt 0.387097 0.281291
vt 0.375000 0.282612
vt 0.387097 0.312500
vt 0.375000 0.312500
vt 0.187500 0.500000
vt 0.157612 0.500000
vt 0.812500 0.546875
vt 0.812500 0.500000
vt 0.875000 0.524459
vt 0.875000 0.546875
vt 0.625000 0.312500
vt 0.618944 0.312500
vt 0.618688 0.279133
vt 0.625000 0.236331
vt 0.612903 0.312500
vt 0.612903 0.281291
vt 0.612903 0.226532
vt 0.618688 0.225541
vt 0.612903 0.203125
vt 0.618944 0.203125
vt 0.625000 0.203125
vt 0.312500 0.703125
vt 0.343709 0.703125
vt 0.342388 0.725541
vt 0.312500 0.726532
vt 0.381056 0.703125
vt 0.379550 0.725541
vt 0.387097 0.703125
vt 0.387097 0.726532
vt 0.387097 0.781291
vt 0.363023 0.770634
vt 0.387097 0.812500
vt 0.344182 0.781682
vt 0.687500 0.703125
vt 0.656682 0.780818
vt 0.645634 0.761977
vt 0.656291 0.703125
vt 0.618944 0.812500
vt 0.618688 0.782612
vt 0.612903 0.812500
vt 0.612903 0.781291
vt 0.612903 0.726532
vt 0.618688 0.728707
vt 0.612903 0.703125
vt 0.618944 0.703125
vt 0.312500 0.546875
vt 0.312500 0.523468
vt 0.342388 0.524459
vt 0.343709 0.546875
vt 0.344182 0.468318
vt 0.363023 0.479366
vt 0.387097 0.437500
vt 0.387097 0.468709
vt 0.387097 0.523468
vt 0.379550 0.524459
vt 0.387097 0.546875
vt 0.381056 0.546875
vt 0.687500 0.546875
vt 0.656291 0.546875
vt 0.645634 0.488023
vt 0.656682 0.469182
vt 0.618944 0.546875
vt 0.618688 0.521293
vt 0.612903 0.546875
vt 0.612903 0.523468
vt 0.612903 0.468709
vt 0.618688 0.467388
vt 0.612903 0.437500
vt 0.618944 0.437500
s 0
usemtl BlackIron
f 899/1201/895 902/1202/895 904/1203/895 903/1204/895
f 902/1202/896 906/1205/896 907/1206/896 904/1203/896
f 900/1207/897 905/1208/897 907/1209/897 906/1210/897
f 905/1211/898 909/1212/898 910/1213/898 907/1214/898
f 901/1215/899 908/1216/899 910/1213/899 909/1212/899
f 908/1217/900 903/1204/900 904/1203/900 910/1218/900
f 904/1203/901 907/1206/901 910/1218/901
f 911/1219/902 914/1220/902 916/1221/902 915/1222/902
f 914/1220/903 918/1223/903 919/1224/903 916/1221/903
f 912/1225/904 917/1226/904 919/1227/904 918/1228/904
f 917/1229/905 921/1230/905 922/1231/905 919/1232/905
f 913/1233/906 920/1234/906 922/1231/906 921/1230/906
f 920/1234/907 915/1235/907 916/1236/907 922/1231/907
f 916/1236/908 919/1232/908 922/1231/908
f 923/1237/909 926/1238/909 928/1239/909 927/1240/909
f 926/1238/910 930/1241/910 931/1242/910 928/1239/910
f 924/1243/911 929/1244/911 931/1245/911 930/1246/911
f 929/1244/912 933/1247/912 934/1248/912 931/1245/912
f 925/1249/913 932/1250/913 934/1248/913 933/1247/913
f 932/1251/914 927/1240/914 928/1239/914 934/1252/914
f 928/1239/915 931/1242/915 934/1252/915
f 935/1253/916 938/1254/916 940/1255/916 939/1256/916
f 938/1257/917 942/1258/917 943/1259/917 940/1260/917
f 936/1261/918 941/1262/918 943/1259/918 942/1258/918
f 941/1262/919 945/1263/919 946/1264/919 943/1259/919
f 937/1265/920 944/1266/920 946/1264/920 945/1263/920
f 944/1266/921 939/1267/921 940/1260/921 946/1264/921
f 940/1260/922 943/1259/922 946/1264/922
f 947/1268/923 950/1269/923 952/1270/923 951/1271/923
f 950/1269/924 954/1272/924 955/1273/924 952/1270/924
f 948/1274/925 953/1275/925 955/1273/925 954/1272/925
f 953/1275/926 957/1276/926 958/1277/926 955/1273/926
f 949/1278/927 956/1279/927 958/1277/927 957/1276/927
f 956/1279/928 951/1271/928 952/1270/928 958/1277/928
f 952/1270/929 955/1273/929 958/1277/929
f 959/1280/930 962/1281/930 964/1282/930 963/1283/930
f 962/1281/931 966/1284/931 967/1285/931 964/1282/931
f 960/1286/932 965/1287/932 967/1285/932 966/1284/932
f 965/1287/933 969/1288/933 970/1289/933 967/1285/933
f 961/1290/934 968/1291/934 970/1289/934 969/1288/934
f 968/1291/935 963/1283/935 964/1282/935 970/1289/935
f 964/1282/936 967/1285/936 970/1289/936
f 971/1292/937 974/1293/937 976/1294/937 975/1295/937
f 974/1293/938 978/1296/938 979/1297/938 976/1294/938
f 972/1298/939 977/1299/939 979/1297/939 978/1296/939
f 977/1299/940 981/1300/940 982/1301/940 979/1297/940
f 973/1302/941 980/1303/941 982/1301/941 981/1300/941
f 980/1303/942 975/1295/942 976/1294/942 982/1301/942
f 976/1294/943 979/1297/943 982/1301/943
f 983/1304/944 986/1305/944 988/1306/944 987/1307/944
f 986/1305/945 990/1308/945 991/1309/945 988/1306/945
f 984/1310/946 989/1311/946 991/1309/946 990/1308/946
f 989/1311/947 993/1312/947 994/1313/947 991/1309/947
f 985/1314/948 992/1315/948 994/1313/948 993/1312/948
f 992/1315/949 987/1307/949 988/1306/949 994/1313/949
f 988/1306/950 991/1309/950 994/1313/950
f 923/1237/951 899/1201/951 903/1204/951 926/1238/951
f 926/1238/952 903/1204/952 908/1217/952 930/1241/952
f 930/1246/953 908/1216/953 901/1215/953 924/1243/953
f 900/1207/954 911/1219/954 915/1222/954 905/1208/954
f 905/1211/955 915/1235/955 920/1234/955 909/1212/955
f 909/1212/956 920/1234/956 913/1233/956 901/1215/956
f 912/1225/957 935/1253/957 939/1256/957 917/1226/957
f 917/1229/958 939/1267/958 944/1266/958 921/1230/958
f 921/1230/959 944/1266/959 937/1265/959 913/1233/959
f 936/1261/960 925/1249/960 933/1247/960 941/1262/960
f 941/1262/961 933/1247/961 929/1244/961 945/1263/961
f 945/1263/962 929/1244/962 924/1243/962 937/1265/962
f 971/1292/963 923/1237/963 927/1240/963 974/1293/963
f 974/1293/964 927/1240/964 932/1251/964 978/1296/964
f 978/1296/965 932/1250/965 925/1249/965 972/1298/965
f 935/1253/966 983/1304/966 987/1307/966 938/1254/966
f 938/1257/967 987/1307/967 992/1315/967 942/1258/967
f 942/1258/968 992/1315/968 985/1314/968 936/1261/968
f 984/1310/969 973/1302/969 981/1300/969 989/1311/969
f 989/1311/970 981/1300/970 977/1299/970 993/1312/970
f 993/1312/971 977/1299/971 972/1298/971 985/1314/971
f 947/1268/972 971/1292/972 975/1295/972 950/1269/972
f 950/1269/973 975/1295/973 980/1303/973 954/1272/973
f 954/1272/974 980/1303/974 973/1302/974 948/1274/974
f 983/1304/975 959/1280/975 963/1283/975 986/1305/975
f 986/1305/976 963/1283/976 968/1291/976 990/1308/976
f 990/1308/977 968/1291/977 961/1290/977 984/1310/977
f 960/1286/978 949/1278/978 957/1276/978 965/1287/978
f 965/1287/979 957/1276/979 953/1275/979 969/1288/979
f 969/1288/980 953/1275/980 948/1274/980 961/1290/980
f 899/1201/981 947/1268/981 951/1271/981 902/1202/981
f 902/1202/982 951/1271/982 956/1279/982 906/1205/982
f 906/1210/983 956/1279/983 949/1278/983 900/1207/983
f 959/1280/984 912/1225/984 918/1228/984 962/1281/984
f 962/1281/985 918/1223/985 914/1220/985 966/1284/985
f 966/1284/986 914/1220/986 911/1219/986 960/1286/986
f 923/1237/987 971/1292/987 947/1268/987 899/1201/987
f 901/1215/988 913/1233/988 937/1265/988 924/1243/988
f 949/1278/989 960/1286/989 911/1219/989 900/1207/989
f 983/1304/990 935/1253/990 912/1225/990 959/1280/990
f 925/1249/991 936/1261/991 985/1314/991 972/1298/991
f 973/1302/992 984/1310/992 961/1290/992 948/1274/992
o amber_pillar_rune.001
v 0.360000 0.897274 0.039647
v 0.360000 0.889282 0.030000
v 0.360000 0.840706 0.011363
v 0.360000 0.820000 0.010000
v 0.360000 0.799294 0.011363
v 0.360000 0.750718 0.030000
v 0.360000 0.742726 0.039647
v 0.365599 0.897274 0.040154
v 0.370816 0.889282 0.030979
v 0.375296 0.876569 0.023100
v 0.378733 0.860000 0.017054
v 0.380894 0.840706 0.013254
v 0.381631 0.820000 0.011958
v 0.380894 0.799294 0.013254
v 0.378733 0.780000 0.017054
v 0.375296 0.763431 0.023100
v 0.370816 0.750718 0.030979
v 0.365599 0.742726 0.040154
v 0.370649 0.897274 0.041624
v 0.380572 0.889282 0.033820
v 0.389094 0.876569 0.027118
v 0.395633 0.860000 0.021975
v 0.399743 0.840706 0.018742
v 0.401145 0.820000 0.017639
v 0.399743 0.799294 0.018742
v 0.395633 0.780000 0.021975
v 0.389094 0.763431 0.027118
v 0.380572 0.750718 0.033820
v 0.370649 0.742726 0.041624
v 0.360000 0.740000 0.050000
v 0.374657 0.897274 0.043915
v 0.388316 0.889282 0.038244
v 0.400044 0.876569 0.033375
v 0.409044 0.860000 0.029639
v 0.414702 0.840706 0.027290
v 0.416631 0.820000 0.026489
v 0.414702 0.799294 0.027290
v 0.409044 0.780000 0.029639
v 0.400044 0.763431 0.033375
v 0.388316 0.750718 0.038244
v 0.374657 0.742726 0.043915
v 0.377231 0.897274 0.046801
v 0.393287 0.889282 0.043820
v 0.407075 0.876569 0.041260
v 0.417655 0.860000 0.039295
v 0.424306 0.840706 0.038061
v 0.426574 0.820000 0.037639
v 0.424306 0.799294 0.038061
v 0.417655 0.780000 0.039295
v 0.407075 0.763431 0.041260
v 0.393287 0.750718 0.043820
v 0.377231 0.742726 0.046801
v 0.378117 0.897274 0.050000
v 0.395000 0.889282 0.050000
v 0.409497 0.876569 0.050000
v 0.420622 0.860000 0.050000
v 0.427615 0.840706 0.050000
v 0.430000 0.820000 0.050000
v 0.427615 0.799294 0.050000
v 0.420622 0.780000 0.050000
v 0.409497 0.763431 0.050000
v 0.395000 0.750718 0.050000
v 0.378117 0.742726 0.050000
v 0.377231 0.897274 0.053199
v 0.393287 0.889282 0.056180
v 0.407075 0.876569 0.058740
v 0.417655 0.860000 0.060705
v 0.424306 0.840706 0.061940
v 0.426574 0.820000 0.062361
v 0.424306 0.799294 0.061940
v 0.417655 0.780000 0.060705
v 0.407075 0.763431 0.058740
v 0.393287 0.750718 0.056180
v 0.377231 0.742726 0.053199
v 0.374657 0.897274 0.056085
v 0.388316 0.889282 0.061756
v 0.400044 0.876569 0.066625
v 0.409044 0.860000 0.070361
v 0.414702 0.840706 0.072710
v 0.416631 0.820000 0.073511
v 0.414702 0.799294 0.072710
v 0.409044 0.780000 0.070361
v 0.400044 0.763431 0.066625
v 0.388316 0.750718 0.061756
v 0.374657 0.742726 0.056085
v 0.370649 0.897274 0.058376
v 0.380572 0.889282 0.066180
v 0.389094 0.876569 0.072882
v 0.395633 0.860000 0.078025
v 0.399743 0.840706 0.081258
v 0.401145 0.820000 0.082361
v 0.399743 0.799294 0.081258
v 0.395633 0.780000 0.078025
v 0.389094 0.763431 0.072882
v 0.380572 0.750718 0.066180
v 0.370649 0.742726 0.058376
v 0.365599 0.897274 0.059846
v 0.370816 0.889282 0.069021
v 0.375296 0.876569 0.076900
v 0.378733 0.860000 0.082946
v 0.380894 0.840706 0.086746
v 0.381631 0.820000 0.088042
v 0.380894 0.799294 0.086746
v 0.378733 0.780000 0.082946
v 0.375296 0.763431 0.076900
v 0.370816 0.750718 0.069021
v 0.365599 0.742726 0.059846
v 0.360000 0.900000 0.050000
v 0.360000 0.897274 0.060353
v 0.360000 0.889282 0.070000
v 0.360000 0.876569 0.078284
v 0.360000 0.860000 0.084641
v 0.360000 0.840706 0.088637
v 0.360000 0.820000 0.090000
v 0.360000 0.799294 0.088637
v 0.360000 0.780000 0.084641
v 0.360000 0.763431 0.078284
v 0.360000 0.750718 0.070000
v 0.360000 0.742726 0.060353
v 0.354401 0.897274 0.059846
v 0.349184 0.889282 0.069021
v 0.344704 0.876569 0.076900
v 0.341267 0.860000 0.082946
v 0.339106 0.840706 0.086746
v 0.338369 0.820000 0.088042
v 0.339106 0.799294 0.086746
v 0.341267 0.780000 0.082946
v 0.344704 0.763431 0.076900
v 0.349184 0.750718 0.069021
v 0.354401 0.742726 0.059846
v 0.349351 0.897274 0.058376
v 0.339428 0.889282 0.066180
v 0.330906 0.876569 0.072882
v 0.324367 0.860000 0.078025
v 0.320257 0.840706 0.081258
v 0.318855 0.820000 0.082361
v 0.320257 0.799294 0.081258
v 0.324367 0.780000 0.078025
v 0.330906 0.763431 0.072882
v 0.339428 0.750718 0.066180
v 0.349351 0.742726 0.058376
v 0.345343 0.897274 0.056085
v 0.331684 0.889282 0.061756
v 0.319956 0.876569 0.066625
v 0.310956 0.860000 0.070361
v 0.305298 0.840706 0.072710
v 0.303369 0.820000 0.073511
v 0.305298 0.799294 0.072710
v 0.310956 0.780000 0.070361
v 0.319956 0.763431 0.066625
v 0.331684 0.750718 0.061756
v 0.345343 0.742726 0.056085
v 0.342769 0.897274 0.053199
v 0.326713 0.889282 0.056180
v 0.312925 0.876569 0.058740
v 0.302345 0.860000 0.060705
v 0.295694 0.840706 0.061940
v 0.293426 0.820000 0.062361
v 0.295694 0.799294 0.061940
v 0.302345 0.780000 0.060705
v 0.312925 0.763431 0.058740
v 0.326713 0.750718 0.056180
v 0.342769 0.742726 0.053199
v 0.341883 0.897274 0.050000
v 0.325000 0.889282 0.050000
v 0.310503 0.876569 0.050000
v 0.299378 0.860000 0.050000
v 0.292385 0.840706 0.050000
v 0.290000 0.820000 0.050000
v 0.292385 0.799294 0.050000
v 0.299378 0.780000 0.050000
v 0.310503 0.763431 0.050000
v 0.325000 0.750718 0.050000
v 0.341883 0.742726 0.050000
v 0.342769 0.897274 0.046801
v 0.326713 0.889282 0.043820
v 0.312925 0.876569 0.041260
v 0.302345 0.860000 0.039295
v 0.295694 0.840706 0.038060
v 0.293426 0.820000 0.037639
v 0.295694 0.799294 0.038060
v 0.302345 0.780000 0.039295
v 0.312925 0.763431 0.041260
v 0.326713 0.750718 0.043820
v 0.342769 0.742726 0.046801
v 0.345343 0.897274 0.043915
v 0.331684 0.889282 0.038244
v 0.319956 0.876569 0.033375
v 0.310956 0.860000 0.029639
v 0.305298 0.840706 0.027290
v 0.303369 0.820000 0.026489
v 0.305298 0.799294 0.027290
v 0.310956 0.780000 0.029639
v 0.319956 0.763431 0.033375
v 0.331684 0.750718 0.038244
v 0.345343 0.742726 0.043915
v 0.349351 0.897274 0.041624
v 0.339428 0.889282 0.033820
v 0.330906 0.876569 0.027118
v 0.324367 0.860000 0.021975
v 0.320257 0.840706 0.018742
v 0.318855 0.820000 0.017639
v 0.320257 0.799294 0.018742
v 0.324367 0.780000 0.021975
v 0.330906 0.763431 0.027118
v 0.339428 0.750718 0.033820
v 0.349351 0.742726 0.041624
v 0.354401 0.897274 0.040154
v 0.349184 0.889282 0.030979
v 0.344704 0.876569 0.023100
v 0.341267 0.860000 0.017054
v 0.339106 0.840706 0.013254
v 0.338369 0.820000 0.011958
v 0.339106 0.799294 0.013254
v 0.341267 0.780000 0.017054
v 0.344704 0.763431 0.023100
v 0.349184 0.750718 0.030979
v 0.354401 0.742726 0.040154
v 0.360000 0.876569 0.021716
v 0.360000 0.860000 0.015359
v 0.360000 0.780000 0.015359
v 0.360000 0.763431 0.021716
vn -0.0000 0.8844 -0.4667
vn -0.0000 0.6613 -0.7501
vn -0.0000 0.1340 -0.9910
vn -0.0000 -0.0000 -1.0000
vn -0.0000 -0.1340 -0.9910
vn -0.0000 -0.6613 -0.7501
vn -0.0000 -0.8844 -0.4667
vn 0.0812 0.8896 -0.4496
vn 0.1365 0.6732 -0.7267
vn 0.1651 0.4644 -0.8701
vn 0.1789 0.2892 -0.9404
vn 0.1853 0.1387 -0.9729
vn 0.1871 -0.0000 -0.9823
vn 0.1853 -0.1387 -0.9729
vn 0.1789 -0.2892 -0.9404
vn 0.1651 -0.4644 -0.8701
vn 0.1365 -0.6732 -0.7267
vn 0.0812 -0.8896 -0.4496
vn 0.1601 0.9038 -0.3969
vn 0.2735 0.7071 -0.6521
vn 0.3384 0.5010 -0.7965
vn 0.3724 0.3170 -0.8723
vn 0.3886 0.1532 -0.9086
vn 0.3934 -0.0000 -0.9194
vn 0.3886 -0.1532 -0.9086
vn 0.3724 -0.3170 -0.8723
vn 0.3384 -0.5010 -0.7965
vn 0.2735 -0.7071 -0.6521
vn 0.1601 -0.9038 -0.3969
vn -0.0000 -1.0000 -0.0000
vn 0.2327 0.9234 -0.3051
vn 0.4068 0.7561 -0.5127
vn 0.5210 0.5588 -0.6452
vn 0.5881 0.3638 -0.7224
vn 0.6226 0.1786 -0.7619
vn 0.6332 -0.0000 -0.7740
vn 0.6226 -0.1786 -0.7619
vn 0.5881 -0.3638 -0.7224
vn 0.5210 -0.5588 -0.6452
vn 0.4068 -0.7561 -0.5127
vn 0.2327 -0.9234 -0.3051
vn 0.2902 0.9417 -0.1705
vn 0.5179 0.8040 -0.2922
vn 0.6865 0.6207 -0.3787
vn 0.7980 0.4179 -0.4343
vn 0.8603 0.2094 -0.4648
vn 0.8802 -0.0000 -0.4745
vn 0.8603 -0.2094 -0.4648
vn 0.7980 -0.4179 -0.4343
vn 0.6865 -0.6207 -0.3787
vn 0.5179 -0.8040 -0.2922
vn 0.2902 -0.9417 -0.1705
vn 0.3141 0.9494 -0.0000
vn 0.5651 0.8251 -0.0000
vn 0.7604 0.6494 -0.0000
vn 0.8959 0.4443 -0.0000
vn 0.9744 0.2249 -0.0000
vn 1.0000 -0.0000 -0.0000
vn 0.9744 -0.2249 -0.0000
vn 0.8959 -0.4443 -0.0000
vn 0.7604 -0.6494 -0.0000
vn 0.5651 -0.8251 -0.0000
vn 0.3141 -0.9494 -0.0000
vn 0.2902 0.9417 0.1705
vn 0.5179 0.8040 0.2922
vn 0.6865 0.6207 0.3787
vn 0.7980 0.4179 0.4343
vn 0.8603 0.2094 0.4648
vn 0.8802 -0.0000 0.4745
vn 0.8603 -0.2094 0.4648
vn 0.7980 -0.4179 0.4343
vn 0.6865 -0.6207 0.3787
vn 0.5179 -0.8040 0.2922
vn 0.2902 -0.9417 0.1705
vn 0.2327 0.9234 0.3051
vn 0.4068 0.7561 0.5127
vn 0.5210 0.5588 0.6452
vn 0.5881 0.3638 0.7224
vn 0.6226 0.1786 0.7619
vn 0.6332 -0.0000 0.7740
vn 0.6226 -0.1786 0.7619
vn 0.5881 -0.3638 0.7224
vn 0.5210 -0.5588 0.6452
vn 0.4068 -0.7561 0.5127
vn 0.2327 -0.9234 0.3051
vn 0.1601 0.9038 0.3969
vn 0.2735 0.7071 0.6521
vn 0.3384 0.5010 0.7965
vn 0.3724 0.3170 0.8723
vn 0.3886 0.1532 0.9086
vn 0.3934 -0.0000 0.9194
vn 0.3886 -0.1532 0.9086
vn 0.3724 -0.3170 0.8723
vn 0.3384 -0.5010 0.7965
vn 0.2735 -0.7071 0.6521
vn 0.1601 -0.9038 0.3969
vn 0.0812 0.8896 0.4496
vn 0.1365 0.6732 0.7267
vn 0.1651 0.4644 0.8701
vn 0.1789 0.2892 0.9404
vn 0.1853 0.1387 0.9729
vn 0.1871 -0.0000 0.9823
vn 0.1853 -0.1387 0.9729
vn 0.1789 -0.2892 0.9404
vn 0.1651 -0.4644 0.8701
vn 0.1365 -0.6732 0.7267
vn 0.0812 -0.8896 0.4496
vn -0.0000 1.0000 -0.0000
vn -0.0000 0.8844 0.4667
vn -0.0000 0.6613 0.7501
vn -0.0000 0.4522 0.8919
vn -0.0000 0.2802 0.9599
vn -0.0000 0.1340 0.9910
vn -0.0000 -0.0000 1.0000
vn -0.0000 -0.1340 0.9910
vn -0.0000 -0.2802 0.9599
vn -0.0000 -0.4522 0.8919
vn -0.0000 -0.6613 0.7501
vn -0.0000 -0.8844 0.4667
vn -0.0812 0.8896 0.4496
vn -0.1365 0.6732 0.7267
vn -0.1651 0.4644 0.8701
vn -0.1789 0.2892 0.9404
vn -0.1853 0.1387 0.9729
vn -0.1871 -0.0000 0.9823
vn -0.1853 -0.1387 0.9729
vn -0.1789 -0.2892 0.9404
vn -0.1651 -0.4644 0.8701
vn -0.1365 -0.6732 0.7267
vn -0.0812 -0.8896 0.4496
vn -0.1601 0.9038 0.3969
vn -0.2735 0.7071 0.6521
vn -0.3384 0.5010 0.7965
vn -0.3724 0.3170 0.8723
vn -0.3886 0.1532 0.9086
vn -0.3934 -0.0000 0.9194
vn -0.3886 -0.1532 0.9086
vn -0.3724 -0.3170 0.8723
vn -0.3384 -0.5010 0.7965
vn -0.2735 -0.7071 0.6521
vn -0.1601 -0.9038 0.3969
vn -0.2327 0.9234 0.3051
vn -0.4068 0.7561 0.5127
vn -0.5210 0.5588 0.6452
vn -0.5881 0.3638 0.7224
vn -0.6226 0.1786 0.7619
vn -0.6332 -0.0000 0.7740
vn -0.6226 -0.1786 0.7619
vn -0.5881 -0.3638 0.7224
vn -0.5210 -0.5588 0.6452
vn -0.4068 -0.7561 0.5127
vn -0.2327 -0.9234 0.3051
vn -0.2902 0.9417 0.1705
vn -0.5179 0.8040 0.2922
vn -0.6865 0.6207 0.3787
vn -0.7980 0.4179 0.4343
vn -0.8603 0.2094 0.4648
vn -0.8802 -0.0000 0.4745
vn -0.8603 -0.2094 0.4648
vn -0.7980 -0.4179 0.4343
vn -0.6865 -0.6207 0.3787
vn -0.5179 -0.8040 0.2922
vn -0.2902 -0.9417 0.1705
vn -0.3141 0.9494 -0.0000
vn -0.5651 0.8251 -0.0000
vn -0.7604 0.6494 -0.0000
vn -0.8959 0.4443 -0.0000
vn -0.9744 0.2249 -0.0000
vn -1.0000 -0.0000 -0.0000
vn -0.9744 -0.2249 -0.0000
vn -0.8959 -0.4443 -0.0000
vn -0.7604 -0.6494 -0.0000
vn -0.5651 -0.8251 -0.0000
vn -0.3141 -0.9494 -0.0000
vn -0.2902 0.9417 -0.1705
vn -0.5179 0.8040 -0.2922
vn -0.6865 0.6207 -0.3787
vn -0.7980 0.4179 -0.4343
vn -0.8603 0.2094 -0.4648
vn -0.8802 -0.0000 -0.4745
vn -0.8603 -0.2094 -0.4648
vn -0.7980 -0.4179 -0.4343
vn -0.6865 -0.6207 -0.3787
vn -0.5179 -0.8040 -0.2922
vn -0.2902 -0.9417 -0.1705
vn -0.2327 0.9234 -0.3051
vn -0.4068 0.7561 -0.5127
vn -0.5210 0.5588 -0.6452
vn -0.5881 0.3638 -0.7224
vn -0.6226 0.1786 -0.7619
vn -0.6332 -0.0000 -0.7740
vn -0.6226 -0.1786 -0.7619
vn -0.5881 -0.3638 -0.7224
vn -0.5210 -0.5588 -0.6452
vn -0.4068 -0.7561 -0.5127
vn -0.2327 -0.9234 -0.3051
vn -0.1601 0.9038 -0.3969
vn -0.2735 0.7071 -0.6521
vn -0.3384 0.5010 -0.7965
vn -0.3724 0.3170 -0.8723
vn -0.3886 0.1532 -0.9086
vn -0.3934 -0.0000 -0.9194
vn -0.3886 -0.1532 -0.9086
vn -0.3724 -0.3170 -0.8723
vn -0.3384 -0.5010 -0.7965
vn -0.2735 -0.7071 -0.6521
vn -0.1601 -0.9038 -0.3969
vn -0.0812 0.8896 -0.4496
vn -0.1365 0.6732 -0.7267
vn -0.1651 0.4644 -0.8701
vn -0.1789 0.2892 -0.9404
vn -0.1853 0.1387 -0.9729
vn -0.1871 -0.0000 -0.9823
vn -0.1853 -0.1387 -0.9729
vn -0.1789 -0.2892 -0.9404
vn -0.1651 -0.4644 -0.8701
vn -0.1365 -0.6732 -0.7267
vn -0.0812 -0.8896 -0.4496
vn -0.0000 0.4522 -0.8919
vn -0.0000 0.2802 -0.9599
vn -0.0000 -0.2802 -0.9599
vn -0.0000 -0.4522 -0.8919
vt 0.750000 0.583333
vt 0.750000 0.666667
vt 0.700000 0.666667
vt 0.700000 0.583333
vt 0.725000 0.000000
vt 0.750000 0.083333
vt 0.700000 0.083333
vt 0.750000 0.833333
vt 0.750000 0.916667
vt 0.700000 0.916667
vt 0.700000 0.833333
vt 0.750000 0.250000
vt 0.750000 0.333333
vt 0.700000 0.333333
vt 0.700000 0.250000
vt 0.750000 0.500000
vt 0.700000 0.500000
vt 0.750000 0.750000
vt 0.700000 0.750000
vt 0.750000 0.166667
vt 0.700000 0.166667
vt 0.750000 0.416667
vt 0.700000 0.416667
vt 0.725000 1.000000
vt 0.650000 0.250000
vt 0.650000 0.166667
vt 0.650000 0.500000
vt 0.650000 0.416667
vt 0.650000 0.750000
vt 0.650000 0.666667
vt 0.650000 0.083333
vt 0.675000 1.000000
vt 0.650000 0.916667
vt 0.650000 0.333333
vt 0.650000 0.583333
vt 0.675000 0.000000
vt 0.650000 0.833333
vt 0.600000 0.916667
vt 0.600000 0.833333
vt 0.600000 0.333333
vt 0.600000 0.250000
vt 0.600000 0.583333
vt 0.600000 0.500000
vt 0.600000 0.750000
vt 0.600000 0.166667
vt 0.600000 0.416667
vt 0.600000 0.666667
vt 0.600000 0.083333
vt 0.625000 1.000000
vt 0.625000 0.000000
vt 0.550000 0.166667
vt 0.550000 0.083333
vt 0.575000 1.000000
vt 0.550000 0.916667
vt 0.550000 0.416667
vt 0.550000 0.333333
vt 0.550000 0.666667
vt 0.550000 0.583333
vt 0.575000 0.000000
vt 0.550000 0.833333
vt 0.550000 0.250000
vt 0.550000 0.500000
vt 0.550000 0.750000
vt 0.500000 0.833333
vt 0.500000 0.750000
vt 0.500000 0.250000
vt 0.500000 0.166667
vt 0.500000 0.500000
vt 0.500000 0.416667
vt 0.500000 0.666667
vt 0.500000 0.083333
vt 0.525000 1.000000
vt 0.500000 0.916667
vt 0.500000 0.333333
vt 0.500000 0.583333
vt 0.525000 0.000000
vt 0.475000 0.000000
vt 0.450000 0.083333
vt 0.450000 0.916667
vt 0.450000 0.833333
vt 0.450000 0.333333
vt 0.450000 0.250000
vt 0.450000 0.583333
vt 0.450000 0.500000
vt 0.450000 0.750000
vt 0.450000 0.166667
vt 0.450000 0.416667
vt 0.450000 0.666667
vt 0.475000 1.000000
vt 0.400000 0.750000
vt 0.400000 0.666667
vt 0.400000 0.166667
vt 0.400000 0.083333
vt 0.425000 1.000000
vt 0.400000 0.916667
vt 0.400000 0.416667
vt 0.400000 0.333333
vt 0.400000 0.583333
vt 0.425000 0.000000
vt 0.400000 0.833333
vt 0.400000 0.250000
vt 0.400000 0.500000
vt 0.350000 0.833333
vt 0.350000 0.750000
vt 0.350000 0.250000
vt 0.350000 0.166667
vt 0.350000 0.500000
vt 0.350000 0.416667
vt 0.350000 0.666667
vt 0.350000 0.083333
vt 0.375000 1.000000
vt 0.350000 0.916667
vt 0.350000 0.333333
vt 0.350000 0.583333
vt 0.375000 0.000000
vt 0.300000 0.666667
vt 0.300000 0.583333
vt 0.325000 0.000000
vt 0.300000 0.083333
vt 0.300000 0.916667
vt 0.300000 0.833333
vt 0.300000 0.333333
vt 0.300000 0.250000
vt 0.300000 0.500000
vt 0.300000 0.750000
vt 0.300000 0.166667
vt 0.300000 0.416667
vt 0.325000 1.000000
vt 0.250000 0.750000
vt 0.250000 0.666667
vt 0.250000 0.166667
vt 0.250000 0.083333
vt 0.275000 1.000000
vt 0.250000 0.916667
vt 0.250000 0.416667
vt 0.250000 0.333333
vt 0.250000 0.583333
vt 0.275000 0.000000
vt 0.250000 0.833333
vt 0.250000 0.250000
vt 0.250000 0.500000
vt 0.200000 0.583333
vt 0.200000 0.500000
vt 0.200000 0.833333
vt 0.200000 0.750000
vt 0.200000 0.250000
vt 0.200000 0.166667
vt 0.200000 0.416667
vt 0.200000 0.666667
vt 0.200000 0.083333
vt 0.225000 1.000000
vt 0.200000 0.916667
vt 0.200000 0.333333
vt 0.225000 0.000000
vt 0.150000 0.666667
vt 0.150000 0.583333
vt 0.175000 0.000000
vt 0.150000 0.083333
vt 0.150000 0.916667
vt 0.150000 0.833333
vt 0.150000 0.333333
vt 0.150000 0.250000
vt 0.150000 0.500000
vt 0.150000 0.750000
vt 0.150000 0.166667
vt 0.150000 0.416667
vt 0.175000 1.000000
vt 0.100000 0.500000
vt 0.100000 0.416667
vt 0.100000 0.750000
vt 0.100000 0.666667
vt 0.100000 0.166667
vt 0.100000 0.083333
vt 0.125000 1.000000
vt 0.100000 0.916667
vt 0.100000 0.333333
vt 0.100000 0.583333
vt 0.125000 0.000000
vt 0.100000 0.833333
vt 0.100000 0.250000
vt 0.050000 0.583333
vt 0.050000 0.500000
vt 0.050000 0.833333
vt 0.050000 0.750000
vt 0.050000 0.250000
vt 0.050000 0.166667
vt 0.050000 0.416667
vt 0.050000 0.666667
vt 0.050000 0.083333
vt 0.075000 1.000000
vt 0.050000 0.916667
vt 0.050000 0.333333
vt 0.075000 0.000000
vt 0.000000 0.416667
vt 0.000000 0.333333
vt 0.000000 0.666667
vt 0.000000 0.583333
vt 0.025000 0.000000
vt 0.000000 0.083333
vt 0.000000 0.916667
vt 0.000000 0.833333
vt 0.000000 0.250000
vt 0.000000 0.500000
vt 0.000000 0.750000
vt 0.000000 0.166667
vt 0.025000 1.000000
vt 1.000000 0.416667
vt 1.000000 0.500000
vt 0.950000 0.500000
vt 0.950000 0.416667
vt 1.000000 0.666667
vt 1.000000 0.750000
vt 0.950000 0.750000
vt 0.950000 0.666667
vt 1.000000 0.083333
vt 1.000000 0.166667
vt 0.950000 0.166667
vt 0.950000 0.083333
vt 1.000000 0.916667
vt 0.975000 1.000000
vt 0.950000 0.916667
vt 1.000000 0.333333
vt 0.950000 0.333333
vt 1.000000 0.583333
vt 0.950000 0.583333
vt 0.975000 0.000000
vt 1.000000 0.833333
vt 0.950000 0.833333
vt 1.000000 0.250000
vt 0.950000 0.250000
vt 0.900000 0.333333
vt 0.900000 0.250000
vt 0.900000 0.583333
vt 0.900000 0.500000
vt 0.900000 0.833333
vt 0.900000 0.750000
vt 0.900000 0.166667
vt 0.900000 0.416667
vt 0.900000 0.666667
vt 0.900000 0.083333
vt 0.925000 1.000000
vt 0.900000 0.916667
vt 0.925000 0.000000
vt 0.875000 1.000000
vt 0.850000 0.916667
vt 0.850000 0.416667
vt 0.850000 0.333333
vt 0.850000 0.666667
vt 0.850000 0.583333
vt 0.875000 0.000000
vt 0.850000 0.083333
vt 0.850000 0.833333
vt 0.850000 0.250000
vt 0.850000 0.500000
vt 0.850000 0.750000
vt 0.850000 0.166667
vt 0.800000 0.250000
vt 0.800000 0.166667
vt 0.800000 0.500000
vt 0.800000 0.416667
vt 0.800000 0.750000
vt 0.800000 0.666667
vt 0.800000 0.083333
vt 0.825000 1.000000
vt 0.800000 0.916667
vt 0.800000 0.333333
vt 0.800000 0.583333
vt 0.825000 0.000000
vt 0.800000 0.833333
vt 0.775000 1.000000
vt 0.775000 0.000000
s 1
usemtl RunicAmber
f 997/1316/995 1214/1317/1212 1005/1318/1003 1006/1319/1004
f 1024/1320/1022 1001/1321/999 1012/1322/1010
f 996/1323/994 995/1324/993 1002/1325/1000 1003/1326/1001
f 1216/1327/1214 1215/1328/1213 1009/1329/1007 1010/1330/1008
f 998/1331/996 997/1316/995 1006/1319/1004 1007/1332/1005
f 1213/1333/1211 996/1323/994 1003/1326/1001 1004/1334/1002
f 1000/1335/998 1216/1327/1214 1010/1330/1008 1011/1336/1009
f 999/1337/997 998/1331/996 1007/1332/1005 1008/1338/1006
f 1214/1317/1212 1213/1333/1211 1004/1334/1002 1005/1318/1003
f 1001/1321/999 1000/1335/998 1011/1336/1009 1012/1322/1010
f 995/1324/993 1102/1339/1100 1002/1325/1000
f 1215/1328/1213 999/1337/997 1008/1338/1006 1009/1329/1007
f 1011/1336/1009 1010/1330/1008 1021/1340/1019 1022/1341/1020
f 1008/1338/1006 1007/1332/1005 1018/1342/1016 1019/1343/1017
f 1005/1318/1003 1004/1334/1002 1015/1344/1013 1016/1345/1014
f 1012/1322/1010 1011/1336/1009 1022/1341/1020 1023/1346/1021
f 1002/1325/1000 1102/1347/1100 1013/1348/1011
f 1009/1329/1007 1008/1338/1006 1019/1343/1017 1020/1349/1018
f 1006/1319/1004 1005/1318/1003 1016/1345/1014 1017/1350/1015
f 1024/1351/1022 1012/1322/1010 1023/1346/1021
f 1003/1326/1001 1002/1325/1000 1013/1348/1011 1014/1352/1012
f 1010/1330/1008 1009/1329/1007 1020/1349/1018 1021/1340/1019
f 1007/1332/1005 1006/1319/1004 1017/1350/1015 1018/1342/1016
f 1004/1334/1002 1003/1326/1001 1014/1352/1012 1015/1344/1013
f 1014/1352/1012 1013/1348/1011 1025/1353/1023 1026/1354/1024
f 1021/1340/1019 1020/1349/1018 1032/1355/1030 1033/1356/1031
f 1018/1342/1016 1017/1350/1015 1029/1357/1027 1030/1358/1028
f 1015/1344/1013 1014/1352/1012 1026/1354/1024 1027/1359/1025
f 1022/1341/1020 1021/1340/1019 1033/1356/1031 1034/1360/1032
f 1019/1343/1017 1018/1342/1016 1030/1358/1028 1031/1361/1029
f 1016/1345/1014 1015/1344/1013 1027/1359/1025 1028/1362/1026
f 1023/1346/1021 1022/1341/1020 1034/1360/1032 1035/1363/1033
f 1013/1348/1011 1102/1364/1100 1025/1353/1023
f 1020/1349/1018 1019/1343/1017 1031/1361/1029 1032/1355/1030
f 1017/1350/1015 1016/1345/1014 1028/1362/1026 1029/1357/1027
f 1024/1365/1022 1023/1346/1021 1035/1363/1033
f 1035/1363/1033 1034/1360/1032 1045/1366/1043 1046/1367/1044
f 1025/1353/1023 1102/1368/1100 1036/1369/1034
f 1032/1355/1030 1031/1361/1029 1042/1370/1040 1043/1371/1041
f 1029/1357/1027 1028/1362/1026 1039/1372/1037 1040/1373/1038
f 1024/1374/1022 1035/1363/1033 1046/1367/1044
f 1026/1354/1024 1025/1353/1023 1036/1369/1034 1037/1375/1035
f 1033/1356/1031 1032/1355/1030 1043/1371/1041 1044/1376/1042
f 1030/1358/1028 1029/1357/1027 1040/1373/1038 1041/1377/1039
f 1027/1359/1025 1026/1354/1024 1037/1375/1035 1038/1378/1036
f 1034/1360/1032 1033/1356/1031 1044/1376/1042 1045/1366/1043
f 1031/1361/1029 1030/1358/1028 1041/1377/1039 1042/1370/1040
f 1028/1362/1026 1027/1359/1025 1038/1378/1036 1039/1372/1037
f 1038/1378/1036 1037/1375/1035 1048/1379/1046 1049/1380/1047
f 1045/1366/1043 1044/1376/1042 1055/1381/1053 1056/1382/1054
f 1042/1370/1040 1041/1377/1039 1052/1383/1050 1053/1384/1051
f 1039/1372/1037 1038/1378/1036 1049/1380/1047 1050/1385/1048
f 1046/1367/1044 1045/1366/1043 1056/1382/1054 1057/1386/1055
f 1036/1369/1034 1102/1387/1100 1047/1388/1045
f 1043/1371/1041 1042/1370/1040 1053/1384/1051 1054/1389/1052
f 1040/1373/1038 1039/1372/1037 1050/1385/1048 1051/1390/1049
f 1024/1391/1022 1046/1367/1044 1057/1386/1055
f 1037/1375/1035 1036/1369/1034 1047/1388/1045 1048/1379/1046
f 1044/1376/1042 1043/1371/1041 1054/1389/1052 1055/1381/1053
f 1041/1377/1039 1040/1373/1038 1051/1390/1049 1052/1383/1050
f 1024/1392/1022 1057/1386/1055 1068/1393/1066
f 1048/1379/1046 1047/1388/1045 1058/1394/1056 1059/1395/1057
f 1055/1381/1053 1054/1389/1052 1065/1396/1063 1066/1397/1064
f 1052/1383/1050 1051/1390/1049 1062/1398/1060 1063/1399/1061
f 1049/1380/1047 1048/1379/1046 1059/1395/1057 1060/1400/1058
f 1056/1382/1054 1055/1381/1053 1066/1397/1064 1067/1401/1065
f 1053/1384/1051 1052/1383/1050 1063/1399/1061 1064/1402/1062
f 1050/1385/1048 1049/1380/1047 1060/1400/1058 1061/1403/1059
f 1057/1386/1055 1056/1382/1054 1067/1401/1065 1068/1393/1066
f 1047/1388/1045 1102/1404/1100 1058/1394/1056
f 1054/1389/1052 1053/1384/1051 1064/1402/1062 1065/1396/1063
f 1051/1390/1049 1050/1385/1048 1061/1403/1059 1062/1398/1060
f 1061/1403/1059 1060/1400/1058 1071/1405/1069 1072/1406/1070
f 1068/1393/1066 1067/1401/1065 1078/1407/1076 1079/1408/1077
f 1058/1394/1056 1102/1409/1100 1069/1410/1067
f 1065/1396/1063 1064/1402/1062 1075/1411/1073 1076/1412/1074
f 1062/1398/1060 1061/1403/1059 1072/1406/1070 1073/1413/1071
f 1024/1414/1022 1068/1393/1066 1079/1408/1077
f 1059/1395/1057 1058/1394/1056 1069/1410/1067 1070/1415/1068
f 1066/1397/1064 1065/1396/1063 1076/1412/1074 1077/1416/1075
f 1063/1399/1061 1062/1398/1060 1073/1413/1071 1074/1417/1072
f 1060/1400/1058 1059/1395/1057 1070/1415/1068 1071/1405/1069
f 1067/1401/1065 1066/1397/1064 1077/1416/1075 1078/1407/1076
f 1064/1402/1062 1063/1399/1061 1074/1417/1072 1075/1411/1073
f 1071/1405/1069 1070/1415/1068 1081/1418/1079 1082/1419/1080
f 1078/1407/1076 1077/1416/1075 1088/1420/1086 1089/1421/1087
f 1075/1411/1073 1074/1417/1072 1085/1422/1083 1086/1423/1084
f 1072/1406/1070 1071/1405/1069 1082/1419/1080 1083/1424/1081
f 1079/1408/1077 1078/1407/1076 1089/1421/1087 1090/1425/1088
f 1069/1410/1067 1102/1426/1100 1080/1427/1078
f 1076/1412/1074 1075/1411/1073 1086/1423/1084 1087/1428/1085
f 1073/1413/1071 1072/1406/1070 1083/1424/1081 1084/1429/1082
f 1024/1430/1022 1079/1408/1077 1090/1425/1088
f 1070/1415/1068 1069/1410/1067 1080/1427/1078 1081/1418/1079
f 1077/1416/1075 1076/1412/1074 1087/1428/1085 1088/1420/1086
f 1074/1417/1072 1073/1413/1071 1084/1429/1082 1085/1422/1083
f 1084/1429/1082 1083/1424/1081 1094/1431/1092 1095/1432/1093
f 1024/1433/1022 1090/1425/1088 1101/1434/1099
f 1081/1418/1079 1080/1427/1078 1091/1435/1089 1092/1436/1090
f 1088/1420/1086 1087/1428/1085 1098/1437/1096 1099/1438/1097
f 1085/1422/1083 1084/1429/1082 1095/1432/1093 1096/1439/1094
f 1082/1419/1080 1081/1418/1079 1092/1436/1090 1093/1440/1091
f 1089/1421/1087 1088/1420/1086 1099/1438/1097 1100/1441/1098
f 1086/1423/1084 1085/1422/1083 1096/1439/1094 1097/1442/1095
f 1083/1424/1081 1082/1419/1080 1093/1440/1091 1094/1431/1092
f 1090/1425/1088 1089/1421/1087 1100/1441/1098 1101/1434/1099
f 1080/1427/1078 1102/1443/1100 1091/1435/1089
f 1087/1428/1085 1086/1423/1084 1097/1442/1095 1098/1437/1096
f 1094/1431/1092 1093/1440/1091 1105/1444/1103 1106/1445/1104
f 1101/1434/1099 1100/1441/1098 1112/1446/1110 1113/1447/1111
f 1091/1435/1089 1102/1448/1100 1103/1449/1101
f 1098/1437/1096 1097/1442/1095 1109/1450/1107 1110/1451/1108
f 1095/1432/1093 1094/1431/1092 1106/1445/1104 1107/1452/1105
f 1024/1453/1022 1101/1434/1099 1113/1447/1111
f 1092/1436/1090 1091/1435/1089 1103/1449/1101 1104/1454/1102
f 1099/1438/1097 1098/1437/1096 1110/1451/1108 1111/1455/1109
f 1096/1439/1094 1095/1432/1093 1107/1452/1105 1108/1456/1106
f 1093/1440/1091 1092/1436/1090 1104/1454/1102 1105/1444/1103
f 1100/1441/1098 1099/1438/1097 1111/1455/1109 1112/1446/1110
f 1097/1442/1095 1096/1439/1094 1108/1456/1106 1109/1450/1107
f 1108/1456/1106 1107/1452/1105 1118/1457/1116 1119/1458/1117
f 1105/1444/1103 1104/1454/1102 1115/1459/1113 1116/1460/1114
f 1112/1446/1110 1111/1455/1109 1122/1461/1120 1123/1462/1121
f 1109/1450/1107 1108/1456/1106 1119/1458/1117 1120/1463/1118
f 1106/1445/1104 1105/1444/1103 1116/1460/1114 1117/1464/1115
f 1113/1447/1111 1112/1446/1110 1123/1462/1121 1124/1465/1122
f 1103/1449/1101 1102/1466/1100 1114/1467/1112
f 1110/1451/1108 1109/1450/1107 1120/1463/1118 1121/1468/1119
f 1107/1452/1105 1106/1445/1104 1117/1464/1115 1118/1457/1116
f 1024/1469/1022 1113/1447/1111 1124/1465/1122
f 1104/1454/1102 1103/1449/1101 1114/1467/1112 1115/1459/1113
f 1111/1455/1109 1110/1451/1108 1121/1468/1119 1122/1461/1120
f 1118/1457/1116 1117/1464/1115 1128/1470/1126 1129/1471/1127
f 1024/1472/1022 1124/1465/1122 1135/1473/1133
f 1115/1459/1113 1114/1467/1112 1125/1474/1123 1126/1475/1124
f 1122/1461/1120 1121/1468/1119 1132/1476/1130 1133/1477/1131
f 1119/1458/1117 1118/1457/1116 1129/1471/1127 1130/1478/1128
f 1116/1460/1114 1115/1459/1113 1126/1475/1124 1127/1479/1125
f 1123/1462/1121 1122/1461/1120 1133/1477/1131 1134/1480/1132
f 1120/1463/1118 1119/1458/1117 1130/1478/1128 1131/1481/1129
f 1117/1464/1115 1116/1460/1114 1127/1479/1125 1128/1470/1126
f 1124/1465/1122 1123/1462/1121 1134/1480/1132 1135/1473/1133
f 1114/1467/1112 1102/1482/1100 1125/1474/1123
f 1121/1468/1119 1120/1463/1118 1131/1481/1129 1132/1476/1130
f 1131/1481/1129 1130/1478/1128 1141/1483/1139 1142/1484/1140
f 1128/1470/1126 1127/1479/1125 1138/1485/1136 1139/1486/1137
f 1135/1473/1133 1134/1480/1132 1145/1487/1143 1146/1488/1144
f 1125/1474/1123 1102/1489/1100 1136/1490/1134
f 1132/1476/1130 1131/1481/1129 1142/1484/1140 1143/1491/1141
f 1129/1471/1127 1128/1470/1126 1139/1486/1137 1140/1492/1138
f 1024/1493/1022 1135/1473/1133 1146/1488/1144
f 1126/1475/1124 1125/1474/1123 1136/1490/1134 1137/1494/1135
f 1133/1477/1131 1132/1476/1130 1143/1491/1141 1144/1495/1142
f 1130/1478/1128 1129/1471/1127 1140/1492/1138 1141/1483/1139
f 1127/1479/1125 1126/1475/1124 1137/1494/1135 1138/1485/1136
f 1134/1480/1132 1133/1477/1131 1144/1495/1142 1145/1487/1143
f 1141/1483/1139 1140/1492/1138 1151/1496/1149 1152/1497/1150
f 1138/1485/1136 1137/1494/1135 1148/1498/1146 1149/1499/1147
f 1145/1487/1143 1144/1495/1142 1155/1500/1153 1156/1501/1154
f 1142/1484/1140 1141/1483/1139 1152/1497/1150 1153/1502/1151
f 1139/1486/1137 1138/1485/1136 1149/1499/1147 1150/1503/1148
f 1146/1488/1144 1145/1487/1143 1156/1501/1154 1157/1504/1155
f 1136/1490/1134 1102/1505/1100 1147/1506/1145
f 1143/1491/1141 1142/1484/1140 1153/1502/1151 1154/1507/1152
f 1140/1492/1138 1139/1486/1137 1150/1503/1148 1151/1496/1149
f 1024/1508/1022 1146/1488/1144 1157/1504/1155
f 1137/1494/1135 1136/1490/1134 1147/1506/1145 1148/1498/1146
f 1144/1495/1142 1143/1491/1141 1154/1507/1152 1155/1500/1153
f 1154/1507/1152 1153/1502/1151 1164/1509/1162 1165/1510/1163
f 1151/1496/1149 1150/1503/1148 1161/1511/1159 1162/1512/1160
f 1024/1513/1022 1157/1504/1155 1168/1514/1166
f 1148/1498/1146 1147/1506/1145 1158/1515/1156 1159/1516/1157
f 1155/1500/1153 1154/1507/1152 1165/1510/1163 1166/1517/1164
f 1152/1497/1150 1151/1496/1149 1162/1512/1160 1163/1518/1161
f 1149/1499/1147 1148/1498/1146 1159/1516/1157 1160/1519/1158
f 1156/1501/1154 1155/1500/1153 1166/1517/1164 1167/1520/1165
f 1153/1502/1151 1152/1497/1150 1163/1518/1161 1164/1509/1162
f 1150/1503/1148 1149/1499/1147 1160/1519/1158 1161/1511/1159
f 1157/1504/1155 1156/1501/1154 1167/1520/1165 1168/1514/1166
f 1147/1506/1145 1102/1521/1100 1158/1515/1156
f 1164/1522/1162 1163/1523/1161 1174/1524/1172 1175/1525/1173
f 1161/1526/1159 1160/1527/1158 1171/1528/1169 1172/1529/1170
f 1168/1530/1166 1167/1531/1165 1178/1532/1176 1179/1533/1177
f 1158/1534/1156 1102/1535/1100 1169/1536/1167
f 1165/1537/1163 1164/1522/1162 1175/1525/1173 1176/1538/1174
f 1162/1539/1160 1161/1526/1159 1172/1529/1170 1173/1540/1171
f 1024/1541/1022 1168/1530/1166 1179/1533/1177
f 1159/1542/1157 1158/1534/1156 1169/1536/1167 1170/1543/1168
f 1166/1544/1164 1165/1537/1163 1176/1538/1174 1177/1545/1175
f 1163/1523/1161 1162/1539/1160 1173/1540/1171 1174/1524/1172
f 1160/1527/1158 1159/1542/1157 1170/1543/1168 1171/1528/1169
f 1167/1531/1165 1166/1544/1164 1177/1545/1175 1178/1532/1176
f 1177/1545/1175 1176/1538/1174 1187/1546/1185 1188/1547/1186
f 1174/1524/1172 1173/1540/1171 1184/1548/1182 1185/1549/1183
f 1171/1528/1169 1170/1543/1168 1181/1550/1179 1182/1551/1180
f 1178/1532/1176 1177/1545/1175 1188/1547/1186 1189/1552/1187
f 1175/1525/1173 1174/1524/1172 1185/1549/1183 1186/1553/1184
f 1172/1529/1170 1171/1528/1169 1182/1551/1180 1183/1554/1181
f 1179/1533/1177 1178/1532/1176 1189/1552/1187 1190/1555/1188
f 1169/1536/1167 1102/1556/1100 1180/1557/1178
f 1176/1538/1174 1175/1525/1173 1186/1553/1184 1187/1546/1185
f 1173/1540/1171 1172/1529/1170 1183/1554/1181 1184/1548/1182
f 1024/1558/1022 1179/1533/1177 1190/1555/1188
f 1170/1543/1168 1169/1536/1167 1180/1557/1178 1181/1550/1179
f 1180/1557/1178 1102/1559/1100 1191/1560/1189
f 1187/1546/1185 1186/1553/1184 1197/1561/1195 1198/1562/1196
f 1184/1548/1182 1183/1554/1181 1194/1563/1192 1195/1564/1193
f 1024/1565/1022 1190/1555/1188 1201/1566/1199
f 1181/1550/1179 1180/1557/1178 1191/1560/1189 1192/1567/1190
f 1188/1547/1186 1187/1546/1185 1198/1562/1196 1199/1568/1197
f 1185/1549/1183 1184/1548/1182 1195/1564/1193 1196/1569/1194
f 1182/1551/1180 1181/1550/1179 1192/1567/1190 1193/1570/1191
f 1189/1552/1187 1188/1547/1186 1199/1568/1197 1200/1571/1198
f 1186/1553/1184 1185/1549/1183 1196/1569/1194 1197/1561/1195
f 1183/1554/1181 1182/1551/1180 1193/1570/1191 1194/1563/1192
f 1190/1555/1188 1189/1552/1187 1200/1571/1198 1201/1566/1199
f 1200/1571/1198 1199/1568/1197 1210/1572/1208 1211/1573/1209
f 1197/1561/1195 1196/1569/1194 1207/1574/1205 1208/1575/1206
f 1194/1563/1192 1193/1570/1191 1204/1576/1202 1205/1577/1203
f 1201/1566/1199 1200/1571/1198 1211/1573/1209 1212/1578/1210
f 1191/1560/1189 1102/1579/1100 1202/1580/1200
f 1198/1562/1196 1197/1561/1195 1208/1575/1206 1209/1581/1207
f 1195/1564/1193 1194/1563/1192 1205/1577/1203 1206/1582/1204
f 1024/1583/1022 1201/1566/1199 1212/1578/1210
f 1192/1567/1190 1191/1560/1189 1202/1580/1200 1203/1584/1201
f 1199/1568/1197 1198/1562/1196 1209/1581/1207 1210/1572/1208
f 1196/1569/1194 1195/1564/1193 1206/1582/1204 1207/1574/1205
f 1193/1570/1191 1192/1567/1190 1203/1584/1201 1204/1576/1202
f 1203/1584/1201 1202/1580/1200 995/1324/993 996/1323/994
f 1210/1572/1208 1209/1581/1207 1215/1328/1213 1216/1327/1214
f 1207/1574/1205 1206/1582/1204 997/1316/995 998/1331/996
f 1204/1576/1202 1203/1584/1201 996/1323/994 1213/1333/1211
f 1211/1573/1209 1210/1572/1208 1216/1327/1214 1000/1335/998
f 1208/1575/1206 1207/1574/1205 998/1331/996 999/1337/997
f 1205/1577/1203 1204/1576/1202 1213/1333/1211 1214/1317/1212
f 1212/1578/1210 1211/1573/1209 1000/1335/998 1001/1321/999
f 1202/1580/1200 1102/1585/1100 995/1324/993
f 1209/1581/1207 1208/1575/1206 999/1337/997 1215/1328/1213
f 1206/1582/1204 1205/1577/1203 1214/1317/1212 997/1316/995
f 1024/1586/1022 1212/1578/1210 1001/1321/999
o bone_command_ward
v 0.470000 0.480000 -0.070000
v 0.470000 0.780000 -0.011200
v 0.524728 0.480000 -0.043644
v 0.478757 0.780000 -0.006983
v 0.538245 0.480000 0.015576
v 0.480919 0.780000 0.002492
v 0.500372 0.480000 0.063068
v 0.474860 0.780000 0.010091
v 0.439628 0.480000 0.063068
v 0.465140 0.780000 0.010091
v 0.401755 0.480000 0.015576
v 0.459081 0.780000 0.002492
v 0.415272 0.480000 -0.043644
v 0.461243 0.780000 -0.006983
vn 0.4273 0.1739 -0.8872
vn 0.9601 0.1739 -0.2191
vn 0.7699 0.1739 0.6140
vn -0.0000 0.1739 0.9848
vn -0.7699 0.1739 0.6140
vn -0.0000 1.0000 -0.0000
vn -0.9601 0.1739 -0.2191
vn -0.4273 0.1739 -0.8872
vn -0.0000 -1.0000 -0.0000
vt 1.000000 0.500000
vt 1.000000 1.000000
vt 0.857143 1.000000
vt 0.857143 0.500000
vt 0.714286 1.000000
vt 0.714286 0.500000
vt 0.571429 1.000000
vt 0.571429 0.500000
vt 0.428571 1.000000
vt 0.428571 0.500000
vt 0.285714 1.000000
vt 0.285714 0.500000
vt 0.437640 0.399638
vt 0.250000 0.490000
vt 0.062360 0.399638
vt 0.016017 0.196595
vt 0.145868 0.033767
vt 0.354132 0.033767
vt 0.483983 0.196595
vt 0.142857 1.000000
vt 0.142857 0.500000
vt 0.000000 1.000000
vt 0.000000 0.500000
vt 0.750000 0.490000
vt 0.937640 0.399638
vt 0.983983 0.196595
vt 0.854132 0.033768
vt 0.645868 0.033768
vt 0.516017 0.196595
vt 0.562360 0.399638
s 0
usemtl PlateEdge
f 1217/1587/1215 1218/1588/1215 1220/1589/1215 1219/1590/1215
f 1219/1590/1216 1220/1589/1216 1222/1591/1216 1221/1592/1216
f 1221/1592/1217 1222/1591/1217 1224/1593/1217 1223/1594/1217
f 1223/1594/1218 1224/1593/1218 1226/1595/1218 1225/1596/1218
f 1225/1596/1219 1226/1595/1219 1228/1597/1219 1227/1598/1219
f 1220/1599/1220 1218/1600/1220 1230/1601/1220 1228/1602/1220 1226/1603/1220 1224/1604/1220 1222/1605/1220
f 1227/1598/1221 1228/1597/1221 1230/1606/1221 1229/1607/1221
f 1229/1607/1222 1230/1606/1222 1218/1608/1222 1217/1609/1222
f 1217/1610/1223 1219/1611/1223 1221/1612/1223 1223/1613/1223 1225/1614/1223 1227/1615/1223 1229/1616/1223
o bone_command_ward.001
v -0.234839 0.480000 -0.477125
v -0.234839 0.780000 -0.418325
v -0.180111 0.480000 -0.450769
v -0.226083 0.780000 -0.414108
v -0.166594 0.480000 -0.391548
v -0.223920 0.780000 -0.404633
v -0.204467 0.480000 -0.344057
v -0.229980 0.780000 -0.397034
v -0.265211 0.480000 -0.344057
v -0.239699 0.780000 -0.397034
v -0.303084 0.480000 -0.391548
v -0.245758 0.780000 -0.404633
v -0.289567 0.480000 -0.450769
v -0.243596 0.780000 -0.414108
vn 0.4273 0.1739 -0.8872
vn 0.9601 0.1739 -0.2191
vn 0.7699 0.1739 0.6140
vn -0.0000 0.1739 0.9848
vn -0.7699 0.1739 0.6140
vn -0.0000 1.0000 -0.0000
vn -0.9601 0.1739 -0.2191
vn -0.4273 0.1739 -0.8872
vn -0.0000 -1.0000 -0.0000
vt 1.000000 0.500000
vt 1.000000 1.000000
vt 0.857143 1.000000
vt 0.857143 0.500000
vt 0.714286 1.000000
vt 0.714286 0.500000
vt 0.571429 1.000000
vt 0.571429 0.500000
vt 0.428571 1.000000
vt 0.428571 0.500000
vt 0.285714 1.000000
vt 0.285714 0.500000
vt 0.437640 0.399638
vt 0.250000 0.490000
vt 0.062360 0.399638
vt 0.016017 0.196595
vt 0.145868 0.033767
vt 0.354132 0.033767
vt 0.483983 0.196595
vt 0.142857 1.000000
vt 0.142857 0.500000
vt 0.000000 1.000000
vt 0.000000 0.500000
vt 0.750000 0.490000
vt 0.937640 0.399638
vt 0.983983 0.196595
vt 0.854132 0.033768
vt 0.645868 0.033768
vt 0.516017 0.196595
vt 0.562360 0.399638
s 0
usemtl PlateEdge
f 1231/1617/1224 1232/1618/1224 1234/1619/1224 1233/1620/1224
f 1233/1620/1225 1234/1619/1225 1236/1621/1225 1235/1622/1225
f 1235/1622/1226 1236/1621/1226 1238/1623/1226 1237/1624/1226
f 1237/1624/1227 1238/1623/1227 1240/1625/1227 1239/1626/1227
f 1239/1626/1228 1240/1625/1228 1242/1627/1228 1241/1628/1228
f 1234/1629/1229 1232/1630/1229 1244/1631/1229 1242/1632/1229 1240/1633/1229 1238/1634/1229 1236/1635/1229
f 1241/1628/1230 1242/1627/1230 1244/1636/1230 1243/1637/1230
f 1243/1637/1231 1244/1636/1231 1232/1638/1231 1231/1639/1231
f 1231/1640/1232 1233/1641/1232 1235/1642/1232 1237/1643/1232 1239/1644/1232 1241/1645/1232 1243/1646/1232
o bone_command_ward.002
v -0.235322 0.480000 0.336846
v -0.235322 0.780000 0.395646
v -0.180593 0.480000 0.363202
v -0.226565 0.780000 0.399863
v -0.167077 0.480000 0.422423
v -0.224402 0.780000 0.409338
v -0.204950 0.480000 0.469914
v -0.230462 0.780000 0.416937
v -0.265693 0.480000 0.469914
v -0.240181 0.780000 0.416937
v -0.303567 0.480000 0.422423
v -0.246241 0.780000 0.409338
v -0.290050 0.480000 0.363202
v -0.244078 0.780000 0.399863
vn 0.4273 0.1739 -0.8872
vn 0.9601 0.1739 -0.2191
vn 0.7699 0.1739 0.6140
vn -0.0000 0.1739 0.9848
vn -0.7699 0.1739 0.6140
vn -0.0000 1.0000 -0.0000
vn -0.9601 0.1739 -0.2191
vn -0.4273 0.1739 -0.8872
vn -0.0000 -1.0000 -0.0000
vt 1.000000 0.500000
vt 1.000000 1.000000
vt 0.857143 1.000000
vt 0.857143 0.500000
vt 0.714286 1.000000
vt 0.714286 0.500000
vt 0.571429 1.000000
vt 0.571429 0.500000
vt 0.428571 1.000000
vt 0.428571 0.500000
vt 0.285714 1.000000
vt 0.285714 0.500000
vt 0.437640 0.399638
vt 0.250000 0.490000
vt 0.062360 0.399638
vt 0.016017 0.196595
vt 0.145868 0.033767
vt 0.354132 0.033767
vt 0.483983 0.196595
vt 0.142857 1.000000
vt 0.142857 0.500000
vt 0.000000 1.000000
vt 0.000000 0.500000
vt 0.750000 0.490000
vt 0.937640 0.399638
vt 0.983983 0.196595
vt 0.854132 0.033768
vt 0.645868 0.033768
vt 0.516017 0.196595
vt 0.562360 0.399638
s 0
usemtl PlateEdge
f 1245/1647/1233 1246/1648/1233 1248/1649/1233 1247/1650/1233
f 1247/1650/1234 1248/1649/1234 1250/1651/1234 1249/1652/1234
f 1249/1652/1235 1250/1651/1235 1252/1653/1235 1251/1654/1235
f 1251/1654/1236 1252/1653/1236 1254/1655/1236 1253/1656/1236
f 1253/1656/1237 1254/1655/1237 1256/1657/1237 1255/1658/1237
f 1248/1659/1238 1246/1660/1238 1258/1661/1238 1256/1662/1238 1254/1663/1238 1252/1664/1238 1250/1665/1238
f 1255/1658/1239 1256/1657/1239 1258/1666/1239 1257/1667/1239
f 1257/1667/1240 1258/1666/1240 1246/1668/1240 1245/1669/1240
f 1245/1670/1241 1247/1671/1241 1249/1672/1241 1251/1673/1241 1253/1674/1241 1255/1675/1241 1257/1676/1241
