# Blender 4.5.10 LTS
# www.blender.org
mtllib TowerCorrupt1_pose.mtl
o weathered_stone_dais_lower_course
v -0.000000 0.000000 -0.841258
v -0.024672 0.021435 -0.843253
v 0.024672 0.021435 -0.843253
v -0.015563 0.006278 -0.850046
v -0.000000 0.009480 -0.852745
v -0.000000 0.023461 -0.845980
v 0.015563 0.006278 -0.850046
v 0.000000 0.260000 -0.648058
v 0.024672 0.238565 -0.681908
v -0.024672 0.238565 -0.681908
v 0.013230 0.253722 -0.667142
v -0.000000 0.251362 -0.673410
v -0.000000 0.240592 -0.684635
v -0.013230 0.253722 -0.667142
v 0.594859 0.000000 -0.594859
v 0.578824 0.021435 -0.613716
v 0.613716 0.021435 -0.578824
v 0.590068 0.006278 -0.612078
v 0.602982 0.009480 -0.602982
v 0.598198 0.023461 -0.598198
v 0.612078 0.006278 -0.590068
v 0.458246 0.260000 -0.458246
v 0.499628 0.238565 -0.464736
v 0.464736 0.238565 -0.499628
v 0.481096 0.253722 -0.462385
v 0.476172 0.251362 -0.476172
v 0.484110 0.240592 -0.484110
v 0.462385 0.253722 -0.481096
v 0.841258 0.000000 -0.000000
v 0.843253 0.021435 -0.024672
v 0.843253 0.021435 0.024672
v 0.850046 0.006278 -0.015563
v 0.852745 0.009480 -0.000000
v 0.845980 0.023461 -0.000000
v 0.850046 0.006278 0.015563
v 0.648058 0.260000 0.000000
v 0.681908 0.238565 0.024672
v 0.681908 0.238565 -0.024672
v 0.667142 0.253722 0.013230
v 0.673410 0.251362 -0.000000
v 0.684635 0.240592 -0.000000
v 0.667142 0.253722 -0.013230
v 0.594859 0.000000 0.594859
v 0.613716 0.021435 0.578824
v 0.578824 0.021435 0.613716
v 0.612078 0.006278 0.590068
v 0.602982 0.009480 0.602982
v 0.598198 0.023461 0.598198
v 0.590068 0.006278 0.612078
v 0.458246 0.260000 0.458246
v 0.464736 0.238565 0.499628
v 0.499628 0.238565 0.464736
v 0.462385 0.253722 0.481096
v 0.476172 0.251362 0.476172
v 0.484110 0.240592 0.484110
v 0.481096 0.253722 0.462385
v 0.000000 0.000000 0.841258
v 0.024672 0.021435 0.843253
v -0.024672 0.021435 0.843253
v 0.015563 0.006278 0.850046
v 0.000000 0.009480 0.852745
v 0.000000 0.023461 0.845980
v -0.015563 0.006278 0.850046
v -0.000000 0.260000 0.648058
v -0.024672 0.238565 0.681908
v 0.024672 0.238565 0.681908
v -0.013230 0.253722 0.667142
v 0.000000 0.251362 0.673410
v 0.000000 0.240592 0.684635
v 0.013230 0.253722 0.667142
v -0.594859 0.000000 0.594859
v -0.578824 0.021435 0.613716
v -0.613716 0.021435 0.578824
v -0.590068 0.006278 0.612078
v -0.602982 0.009480 0.602982
v -0.598198 0.023461 0.598198
v -0.612078 0.006278 0.590068
v -0.458246 0.260000 0.458246
v -0.499628 0.238565 0.464736
v -0.464736 0.238565 0.499628
v -0.481096 0.253722 0.462385
v -0.476172 0.251362 0.476172
v -0.484110 0.240592 0.484110
v -0.462385 0.253722 0.481096
v -0.841258 0.000000 0.000000
v -0.843253 0.021435 0.024672
v -0.843253 0.021435 -0.024672
v -0.850046 0.006278 0.015563
v -0.852745 0.009480 0.000000
v -0.845980 0.023461 0.000000
v -0.850046 0.006278 -0.015563
v -0.648058 0.260000 -0.000000
v -0.681908 0.238565 -0.024672
v -0.681908 0.238565 0.024672
v -0.667142 0.253722 -0.013230
v -0.673410 0.251362 0.000000
v -0.684635 0.240592 0.000000
v -0.667142 0.253722 0.013230
v -0.594859 0.000000 -0.594859
v -0.613716 0.021435 -0.578824
v -0.578824 0.021435 -0.613716
v -0.612078 0.006278 -0.590068
v -0.602982 0.009480 -0.602982
v -0.598198 0.023461 -0.598198
v -0.590068 0.006278 -0.612078
v -0.458246 0.260000 -0.458246
v -0.464736 0.238565 -0.499628
v -0.499628 0.238565 -0.464736
v -0.462385 0.253722 -0.481096
v -0.476172 0.251362 -0.476172
v -0.484110 0.240592 -0.484110
v -0.481096 0.253722 -0.462385
vn -0.0000 -0.7713 -0.6365
vn -0.1713 0.3711 -0.9127
vn 0.1713 0.3711 -0.9127
vn -0.0000 0.9466 -0.3225
vn 0.1511 0.7323 -0.6640
vn -0.1511 0.7323 -0.6640
vn 0.4501 -0.7713 -0.4501
vn 0.5242 0.3711 -0.7665
vn 0.7665 0.3711 -0.5242
vn 0.2281 0.9466 -0.2281
vn 0.5764 0.7323 -0.3626
vn 0.3626 0.7323 -0.5764
vn 0.6365 -0.7713 -0.0000
vn 0.9127 0.3711 -0.1713
vn 0.9127 0.3711 0.1713
vn 0.3225 0.9466 -0.0000
vn 0.6640 0.7323 0.1511
vn 0.6640 0.7323 -0.1511
vn 0.4501 -0.7713 0.4501
vn 0.7665 0.3711 0.5242
vn 0.5242 0.3711 0.7665
vn 0.2281 0.9466 0.2281
vn 0.3626 0.7323 0.5764
vn 0.5764 0.7323 0.3626
vn -0.0000 -0.7713 0.6365
vn 0.1713 0.3711 0.9127
vn -0.1713 0.3711 0.9127
vn -0.0000 0.9466 0.3225
vn -0.1511 0.7323 0.6640
vn 0.1511 0.7323 0.6640
vn -0.4501 -0.7713 0.4501
vn -0.5242 0.3711 0.7665
vn -0.7665 0.3711 0.5242
vn -0.2281 0.9466 0.2281
vn -0.5764 0.7323 0.3626
vn -0.3626 0.7323 0.5764
vn -0.6365 -0.7713 -0.0000
vn -0.9127 0.3711 0.1713
vn -0.9127 0.3711 -0.1713
vn -0.3225 0.9466 -0.0000
vn -0.6640 0.7323 -0.1511
vn -0.6640 0.7323 0.1511
vn -0.4501 -0.7713 -0.4501
vn -0.7665 0.3711 -0.5242
vn -0.5242 0.3711 -0.7665
vn -0.2281 0.9466 -0.2281
vn -0.3626 0.7323 -0.5764
vn -0.5764 0.7323 -0.3626
vn 0.3764 0.1810 -0.9086
vn 0.1559 -0.9133 -0.3764
vn 0.2463 0.7653 -0.5947
vn 0.1020 0.9638 -0.2463
vn -0.1364 0.5909 -0.7952
vn 0.1364 0.5909 -0.7952
vn 0.6587 0.5909 -0.4658
vn 0.4658 0.5909 -0.6587
vn 0.9086 0.1810 -0.3764
vn 0.3764 -0.9133 -0.1559
vn 0.5947 0.7653 -0.2463
vn 0.2463 0.9638 -0.1020
vn 0.7952 0.5909 0.1364
vn 0.7952 0.5909 -0.1364
vn 0.9086 0.1810 0.3764
vn 0.3764 -0.9133 0.1559
vn 0.5947 0.7653 0.2463
vn 0.2463 0.9638 0.1020
vn 0.4658 0.5909 0.6587
vn 0.6587 0.5909 0.4658
vn 0.3764 0.1810 0.9086
vn 0.1559 -0.9133 0.3764
vn 0.2463 0.7653 0.5947
vn 0.1020 0.9638 0.2463
vn -0.1364 0.5909 0.7952
vn 0.1364 0.5909 0.7952
vn -0.3764 0.1810 0.9086
vn -0.1559 -0.9133 0.3764
vn -0.2463 0.7653 0.5947
vn -0.1020 0.9638 0.2463
vn -0.6587 0.5909 0.4658
vn -0.4658 0.5909 0.6587
vn -0.9086 0.1810 0.3764
vn -0.3764 -0.9133 0.1559
vn -0.5947 0.7653 0.2463
vn -0.2463 0.9638 0.1020
vn -0.7952 0.5909 -0.1364
vn -0.7952 0.5909 0.1364
vn -0.9086 0.1810 -0.3764
vn -0.3764 -0.9133 -0.1559
vn -0.5947 0.7653 -0.2463
vn -0.2463 0.9638 -0.1020
vn -0.4658 0.5909 -0.6587
vn -0.6587 0.5909 -0.4658
vn -0.3764 0.1810 -0.9086
vn -0.1559 -0.9133 -0.3764
vn -0.2463 0.7653 -0.5947
vn -0.1020 0.9638 -0.2463
vn -0.0000 -1.0000 -0.0000
vn 0.3155 0.5660 -0.7617
vn -0.3155 0.5660 -0.7617
vn -0.0000 1.0000 -0.0000
vn 0.7617 0.5660 -0.3155
vn 0.7617 0.5660 0.3155
vn 0.3155 0.5660 0.7617
vn -0.3155 0.5660 0.7617
vn -0.7617 0.5660 0.3155
vn -0.7617 0.5660 -0.3155
vt 0.750000 0.482231
vt 0.744444 0.487699
vt 0.748374 0.489327
vt 0.755556 0.487699
vt 0.005262 0.541221
vt 0.000000 0.550630
vt 0.000000 0.527079
vt 0.004092 0.500000
vt 0.994738 0.541221
vt 0.995908 0.500000
vt 0.998803 0.500000
vt 1.000000 0.550630
vt 0.250000 0.480012
vt 0.255145 0.487869
vt 0.250350 0.489855
vt 0.244855 0.487869
vt 0.994034 0.958779
vt 1.000000 0.968188
vt 1.000000 0.991867
vt 0.996211 1.000000
vt 0.005966 0.958779
vt 0.003789 1.000000
vt 0.000258 1.000000
vt 0.000000 0.968188
vt 0.914212 0.414212
vt 0.914150 0.422007
vt 0.918080 0.420379
vt 0.922007 0.414150
vt 0.880262 0.541221
vt 0.875000 0.550630
vt 0.874401 0.513540
vt 0.879092 0.500000
vt 0.869738 0.541221
vt 0.870908 0.500000
vt 0.412643 0.412643
vt 0.421837 0.414561
vt 0.419851 0.419356
vt 0.414561 0.421837
vt 0.869034 0.958779
vt 0.875000 0.968187
vt 0.875129 0.995933
vt 0.871211 1.000000
vt 0.880966 0.958779
vt 0.878789 1.000000
vt 0.982231 0.250000
vt 0.987699 0.255556
vt 0.989327 0.251626
vt 0.987699 0.244444
vt 0.755262 0.541221
vt 0.750000 0.550630
vt 0.749401 0.513540
vt 0.754092 0.500000
vt 0.744738 0.541221
vt 0.745908 0.500000
vt 0.480012 0.250000
vt 0.487869 0.244855
vt 0.489855 0.249650
vt 0.487869 0.255145
vt 0.744034 0.958779
vt 0.750000 0.968188
vt 0.750129 0.995933
vt 0.746211 1.000000
vt 0.755966 0.958779
vt 0.753789 1.000000
vt 0.914212 0.085788
vt 0.922007 0.085850
vt 0.920379 0.081920
vt 0.914150 0.077993
vt 0.630262 0.541221
vt 0.625000 0.550630
vt 0.624401 0.513540
vt 0.629092 0.500000
vt 0.619738 0.541221
vt 0.620908 0.500000
vt 0.412643 0.087357
vt 0.414561 0.078163
vt 0.419356 0.080149
vt 0.421837 0.085439
vt 0.619034 0.958779
vt 0.625000 0.968187
vt 0.625129 0.995933
vt 0.621211 1.000000
vt 0.630966 0.958779
vt 0.628789 1.000000
vt 0.750000 0.017769
vt 0.755556 0.012301
vt 0.751626 0.010673
vt 0.744444 0.012301
vt 0.505262 0.541221
vt 0.500000 0.550630
vt 0.499401 0.513540
vt 0.504092 0.500000
vt 0.494738 0.541221
vt 0.495908 0.500000
vt 0.250000 0.019988
vt 0.244855 0.012131
vt 0.249650 0.010145
vt 0.255145 0.012131
vt 0.494034 0.958779
vt 0.500000 0.968188
vt 0.500129 0.995933
vt 0.496211 1.000000
vt 0.505966 0.958779
vt 0.503789 1.000000
vt 0.585788 0.085788
vt 0.585850 0.077993
vt 0.581920 0.079621
vt 0.577993 0.085850
vt 0.380262 0.541221
vt 0.375000 0.550630
vt 0.374401 0.513540
vt 0.379092 0.500000
vt 0.369738 0.541221
vt 0.370908 0.500000
vt 0.087357 0.087357
vt 0.078163 0.085439
vt 0.080149 0.080645
vt 0.085439 0.078163
vt 0.369034 0.958779
vt 0.375000 0.968187
vt 0.375129 0.995933
vt 0.371211 1.000000
vt 0.380966 0.958779
vt 0.378789 1.000000
vt 0.517769 0.250000
vt 0.512301 0.244444
vt 0.510673 0.248374
vt 0.512301 0.255556
vt 0.255262 0.541221
vt 0.250000 0.550630
vt 0.249401 0.513540
vt 0.254092 0.500000
vt 0.244738 0.541221
vt 0.245908 0.500000
vt 0.019988 0.250000
vt 0.012131 0.255145
vt 0.010145 0.250350
vt 0.012131 0.244855
vt 0.244034 0.958779
vt 0.250000 0.968188
vt 0.250129 0.995933
vt 0.246211 1.000000
vt 0.255966 0.958779
vt 0.253789 1.000000
vt 0.585788 0.414212
vt 0.577993 0.414150
vt 0.579621 0.418080
vt 0.585850 0.422007
vt 0.130262 0.541221
vt 0.125000 0.550630
vt 0.124401 0.513540
vt 0.129092 0.500000
vt 0.119738 0.541221
vt 0.120908 0.500000
vt 0.087357 0.412643
vt 0.085439 0.421837
vt 0.080645 0.419851
vt 0.078163 0.414561
vt 0.119034 0.958779
vt 0.125000 0.968187
vt 0.125129 0.995933
vt 0.121211 1.000000
vt 0.130966 0.958779
vt 0.128789 1.000000
s 0
usemtl Limestone
f 1/1/1 4/2/1 5/3/1 7/4/1
f 2/5/2 6/6/2 5/7/2 4/8/2
f 3/9/3 7/10/3 5/11/3 6/12/3
f 8/13/4 11/14/4 12/15/4 14/16/4
f 9/17/5 13/18/5 12/19/5 11/20/5
f 10/21/6 14/22/6 12/23/6 13/24/6
f 15/25/7 18/26/7 19/27/7 21/28/7
f 16/29/8 20/30/8 19/31/8 18/32/8
f 17/33/9 21/34/9 19/31/9 20/30/9
f 22/35/10 25/36/10 26/37/10 28/38/10
f 23/39/11 27/40/11 26/41/11 25/42/11
f 24/43/12 28/44/12 26/41/12 27/40/12
f 29/45/13 32/46/13 33/47/13 35/48/13
f 30/49/14 34/50/14 33/51/14 32/52/14
f 31/53/15 35/54/15 33/51/15 34/50/15
f 36/55/16 39/56/16 40/57/16 42/58/16
f 37/59/17 41/60/17 40/61/17 39/62/17
f 38/63/18 42/64/18 40/61/18 41/60/18
f 43/65/19 46/66/19 47/67/19 49/68/19
f 44/69/20 48/70/20 47/71/20 46/72/20
f 45/73/21 49/74/21 47/71/21 48/70/21
f 50/75/22 53/76/22 54/77/22 56/78/22
f 51/79/23 55/80/23 54/81/23 53/82/23
f 52/83/24 56/84/24 54/81/24 55/80/24
f 57/85/25 60/86/25 61/87/25 63/88/25
f 58/89/26 62/90/26 61/91/26 60/92/26
f 59/93/27 63/94/27 61/91/27 62/90/27
f 64/95/28 67/96/28 68/97/28 70/98/28
f 65/99/29 69/100/29 68/101/29 67/102/29
f 66/103/30 70/104/30 68/101/30 69/100/30
f 71/105/31 74/106/31 75/107/31 77/108/31
f 72/109/32 76/110/32 75/111/32 74/112/32
f 73/113/33 77/114/33 75/111/33 76/110/33
f 78/115/34 81/116/34 82/117/34 84/118/34
f 79/119/35 83/120/35 82/121/35 81/122/35
f 80/123/36 84/124/36 82/121/36 83/120/36
f 85/125/37 88/126/37 89/127/37 91/128/37
f 86/129/38 90/130/38 89/131/38 88/132/38
f 87/133/39 91/134/39 89/131/39 90/130/39
f 92/135/40 95/136/40 96/137/40 98/138/40
f 93/139/41 97/140/41 96/141/41 95/142/41
f 94/143/42 98/144/42 96/141/42 97/140/42
f 99/145/43 102/146/43 103/147/43 105/148/43
f 100/149/44 104/150/44 103/151/44 102/152/44
f 101/153/45 105/154/45 103/151/45 104/150/45
f 106/155/46 109/156/46 110/157/46 112/158/46
f 107/159/47 111/160/47 110/161/47 109/162/47
f 108/163/48 112/164/48 110/161/48 111/160/48
f 3/9/49 16/29/49 18/32/49 7/10/49
f 7/4/50 18/26/50 15/25/50 1/1/50
f 24/43/51 9/17/51 11/20/51 28/44/51
f 28/38/52 11/14/52 8/13/52 22/35/52
f 2/5/53 10/21/53 13/24/53 6/6/53
f 6/12/54 13/18/54 9/17/54 3/9/54
f 23/39/55 17/33/55 20/30/55 27/40/55
f 27/40/56 20/30/56 16/29/56 24/43/56
f 17/33/57 30/49/57 32/52/57 21/34/57
f 21/28/58 32/46/58 29/45/58 15/25/58
f 38/63/59 23/39/59 25/42/59 42/64/59
f 42/58/60 25/36/60 22/35/60 36/55/60
f 37/59/61 31/53/61 34/50/61 41/60/61
f 41/60/62 34/50/62 30/49/62 38/63/62
f 31/53/63 44/69/63 46/72/63 35/54/63
f 35/48/64 46/66/64 43/65/64 29/45/64
f 52/83/65 37/59/65 39/62/65 56/84/65
f 56/78/66 39/56/66 36/55/66 50/75/66
f 51/79/67 45/73/67 48/70/67 55/80/67
f 55/80/68 48/70/68 44/69/68 52/83/68
f 45/73/69 58/89/69 60/92/69 49/74/69
f 49/68/70 60/86/70 57/85/70 43/65/70
f 66/103/71 51/79/71 53/82/71 70/104/71
f 70/98/72 53/76/72 50/75/72 64/95/72
f 65/99/73 59/93/73 62/90/73 69/100/73
f 69/100/74 62/90/74 58/89/74 66/103/74
f 59/93/75 72/109/75 74/112/75 63/94/75
f 63/88/76 74/106/76 71/105/76 57/85/76
f 80/123/77 65/99/77 67/102/77 84/124/77
f 84/118/78 67/96/78 64/95/78 78/115/78
f 79/119/79 73/113/79 76/110/79 83/120/79
f 83/120/80 76/110/80 72/109/80 80/123/80
f 73/113/81 86/129/81 88/132/81 77/114/81
f 77/108/82 88/126/82 85/125/82 71/105/82
f 94/143/83 79/119/83 81/122/83 98/144/83
f 98/138/84 81/116/84 78/115/84 92/135/84
f 93/139/85 87/133/85 90/130/85 97/140/85
f 97/140/86 90/130/86 86/129/86 94/143/86
f 87/133/87 100/149/87 102/152/87 91/134/87
f 91/128/88 102/146/88 99/145/88 85/125/88
f 108/163/89 93/139/89 95/142/89 112/164/89
f 112/158/90 95/136/90 92/135/90 106/155/90
f 107/159/91 101/153/91 104/150/91 111/160/91
f 111/160/92 104/150/92 100/149/92 108/163/92
f 101/153/93 2/5/93 4/8/93 105/154/93
f 105/148/94 4/2/94 1/1/94 99/145/94
f 10/21/95 107/159/95 109/162/95 14/22/95
f 14/16/96 109/156/96 106/155/96 8/13/96
f 1/1/97 15/25/97 29/45/97 43/65/97 57/85/97 71/105/97 85/125/97 99/145/97
f 3/9/98 9/17/98 24/43/98 16/29/98
f 101/153/99 107/159/99 10/21/99 2/5/99
f 22/35/100 8/13/100 106/155/100 92/135/100 78/115/100 64/95/100 50/75/100 36/55/100
f 17/33/101 23/39/101 38/63/101 30/49/101
f 31/53/102 37/59/102 52/83/102 44/69/102
f 45/73/103 51/79/103 66/103/103 58/89/103
f 59/93/104 65/99/104 80/123/104 72/109/104
f 73/113/105 79/119/105 94/143/105 86/129/105
f 87/133/106 93/139/106 108/163/106 100/149/106
o weathered_stone_dais_upper_course
v -0.000000 0.231400 -0.616467
v -0.016630 0.249400 -0.629062
v 0.016630 0.249400 -0.629062
v -0.009742 0.236672 -0.626208
v -0.000000 0.239007 -0.629514
v -0.000000 0.249400 -0.631915
v 0.009742 0.236672 -0.626208
v 0.000000 0.309400 -0.616467
v 0.016630 0.291400 -0.629062
v -0.016630 0.291400 -0.629062
v 0.009742 0.304128 -0.626208
v 0.000000 0.301793 -0.629514
v 0.000000 0.291400 -0.631915
v -0.009742 0.304128 -0.626208
v 0.435908 0.231400 -0.435908
v 0.433055 0.249400 -0.456573
v 0.456573 0.249400 -0.433055
v 0.435908 0.236672 -0.449685
v 0.445134 0.239007 -0.445134
v 0.446831 0.249400 -0.446831
v 0.449685 0.236672 -0.435908
v 0.435908 0.309400 -0.435908
v 0.456573 0.291400 -0.433055
v 0.433055 0.291400 -0.456573
v 0.449685 0.304128 -0.435908
v 0.445134 0.301793 -0.445134
v 0.446831 0.291400 -0.446831
v 0.435908 0.304128 -0.449685
v 0.616467 0.231400 -0.000000
v 0.629062 0.249400 -0.016630
v 0.629062 0.249400 0.016630
v 0.626208 0.236672 -0.009742
v 0.629514 0.239007 -0.000000
v 0.631915 0.249400 -0.000000
v 0.626208 0.236672 0.009742
v 0.616467 0.309400 0.000000
v 0.629062 0.291400 0.016630
v 0.629062 0.291400 -0.016630
v 0.626208 0.304128 0.009742
v 0.629514 0.301793 0.000000
v 0.631915 0.291400 0.000000
v 0.626208 0.304128 -0.009742
v 0.435908 0.231400 0.435908
v 0.456573 0.249400 0.433055
v 0.433055 0.249400 0.456573
v 0.449685 0.236672 0.435908
v 0.445134 0.239007 0.445134
v 0.446831 0.249400 0.446831
v 0.435908 0.236672 0.449685
v 0.435908 0.309400 0.435908
v 0.433055 0.291400 0.456573
v 0.456573 0.291400 0.433055
v 0.435908 0.304128 0.449685
v 0.445134 0.301793 0.445134
v 0.446831 0.291400 0.446831
v 0.449685 0.304128 0.435908
v 0.000000 0.231400 0.616467
v 0.016630 0.249400 0.629062
v -0.016630 0.249400 0.629062
v 0.009742 0.236672 0.626208
v 0.000000 0.239007 0.629514
v 0.000000 0.249400 0.631915
v -0.009742 0.236672 0.626208
v -0.000000 0.309400 0.616467
v -0.016630 0.291400 0.629062
v 0.016630 0.291400 0.629062
v -0.009742 0.304128 0.626208
v -0.000000 0.301793 0.629514
v -0.000000 0.291400 0.631915
v 0.009742 0.304128 0.626208
v -0.435908 0.231400 0.435908
v -0.433055 0.249400 0.456573
v -0.456573 0.249400 0.433055
v -0.435908 0.236672 0.449685
v -0.445134 0.239007 0.445134
v -0.446831 0.249400 0.446831
v -0.449685 0.236672 0.435908
v -0.435908 0.309400 0.435908
v -0.456573 0.291400 0.433055
v -0.433055 0.291400 0.456573
v -0.449685 0.304128 0.435908
v -0.445134 0.301793 0.445134
v -0.446831 0.291400 0.446831
v -0.435908 0.304128 0.449685
v -0.616467 0.231400 0.000000
v -0.629062 0.249400 0.016630
v -0.629062 0.249400 -0.016630
v -0.626208 0.236672 0.009742
v -0.629514 0.239007 0.000000
v -0.631915 0.249400 0.000000
v -0.626208 0.236672 -0.009742
v -0.616467 0.309400 -0.000000
v -0.629062 0.291400 -0.016630
v -0.629062 0.291400 0.016630
v -0.626208 0.304128 -0.009742
v -0.629514 0.301793 -0.000000
v -0.631915 0.291400 -0.000000
v -0.626208 0.304128 0.009742
v -0.435908 0.231400 -0.435908
v -0.456573 0.249400 -0.433055
v -0.433055 0.249400 -0.456573
v -0.449685 0.236672 -0.435908
v -0.445134 0.239007 -0.445134
v -0.446831 0.249400 -0.446831
v -0.435908 0.236672 -0.449685
v -0.435908 0.309400 -0.435908
v -0.433055 0.291400 -0.456573
v -0.456573 0.291400 -0.433055
v -0.435908 0.304128 -0.449685
v -0.445134 0.301793 -0.445134
v -0.446831 0.291400 -0.446831
v -0.449685 0.304128 -0.435908
vn -0.0000 -0.8639 -0.5037
vn -0.1959 -0.2724 -0.9420
vn 0.1959 -0.2724 -0.9420
vn -0.0000 0.8639 -0.5037
vn 0.1959 0.2724 -0.9420
vn -0.1959 0.2724 -0.9420
vn 0.3562 -0.8639 -0.3562
vn 0.5276 -0.2724 -0.8046
vn 0.8046 -0.2724 -0.5276
vn 0.3562 0.8639 -0.3562
vn 0.8046 0.2724 -0.5276
vn 0.5276 0.2724 -0.8046
vn 0.5037 -0.8639 -0.0000
vn 0.9420 -0.2724 -0.1959
vn 0.9420 -0.2724 0.1959
vn 0.5037 0.8639 -0.0000
vn 0.9420 0.2724 0.1959
vn 0.9420 0.2724 -0.1959
vn 0.3562 -0.8639 0.3562
vn 0.8046 -0.2724 0.5276
vn 0.5276 -0.2724 0.8046
vn 0.3562 0.8639 0.3562
vn 0.5276 0.2724 0.8046
vn 0.8046 0.2724 0.5276
vn -0.0000 -0.8639 0.5037
vn 0.1959 -0.2724 0.9420
vn -0.1959 -0.2724 0.9420
vn -0.0000 0.8639 0.5037
vn -0.1959 0.2724 0.9420
vn 0.1959 0.2724 0.9420
vn -0.3562 -0.8639 0.3562
vn -0.5276 -0.2724 0.8046
vn -0.8046 -0.2724 0.5276
vn -0.3562 0.8639 0.3562
vn -0.8046 0.2724 0.5276
vn -0.5276 0.2724 0.8046
vn -0.5037 -0.8639 -0.0000
vn -0.9420 -0.2724 0.1959
vn -0.9420 -0.2724 -0.1959
vn -0.5037 0.8639 -0.0000
vn -0.9420 0.2724 -0.1959
vn -0.9420 0.2724 0.1959
vn -0.3562 -0.8639 -0.3562
vn -0.8046 -0.2724 -0.5276
vn -0.5276 -0.2724 -0.8046
vn -0.3562 0.8639 -0.3562
vn -0.5276 0.2724 -0.8046
vn -0.8046 0.2724 -0.5276
vn 0.3536 -0.3827 -0.8536
vn 0.1464 -0.9239 -0.3536
vn 0.3536 0.3827 -0.8536
vn 0.1464 0.9239 -0.3536
vn -0.1691 -0.0000 -0.9856
vn 0.1691 -0.0000 -0.9856
vn 0.8165 -0.0000 -0.5774
vn 0.5774 -0.0000 -0.8165
vn 0.8536 -0.3827 -0.3536
vn 0.3536 -0.9239 -0.1464
vn 0.8536 0.3827 -0.3536
vn 0.3536 0.9239 -0.1464
vn 0.9856 -0.0000 0.1691
vn 0.9856 -0.0000 -0.1691
vn 0.8536 -0.3827 0.3536
vn 0.3536 -0.9239 0.1464
vn 0.8536 0.3827 0.3536
vn 0.3536 0.9239 0.1464
vn 0.5774 -0.0000 0.8165
vn 0.8165 -0.0000 0.5774
vn 0.3536 -0.3827 0.8536
vn 0.1464 -0.9239 0.3536
vn 0.3536 0.3827 0.8536
vn 0.1464 0.9239 0.3536
vn -0.1691 -0.0000 0.9856
vn 0.1691 -0.0000 0.9856
vn -0.3536 -0.3827 0.8536
vn -0.1464 -0.9239 0.3536
vn -0.3536 0.3827 0.8536
vn -0.1464 0.9239 0.3536
vn -0.8165 -0.0000 0.5774
vn -0.5774 -0.0000 0.8165
vn -0.8536 -0.3827 0.3536
vn -0.3536 -0.9239 0.1464
vn -0.8536 0.3827 0.3536
vn -0.3536 0.9239 0.1464
vn -0.9856 -0.0000 -0.1691
vn -0.9856 -0.0000 0.1691
vn -0.8536 -0.3827 -0.3536
vn -0.3536 -0.9239 -0.1464
vn -0.8536 0.3827 -0.3536
vn -0.3536 0.9239 -0.1464
vn -0.5774 -0.0000 -0.8165
vn -0.8165 -0.0000 -0.5774
vn -0.3536 -0.3827 -0.8536
vn -0.1464 -0.9239 -0.3536
vn -0.3536 0.3827 -0.8536
vn -0.1464 0.9239 -0.3536
vn -0.0000 -1.0000 -0.0000
vn 0.3827 -0.0000 -0.9239
vn -0.3827 -0.0000 -0.9239
vn -0.0000 1.0000 -0.0000
vn 0.9239 -0.0000 -0.3827
vn 0.9239 -0.0000 0.3827
vn 0.3827 -0.0000 0.9239
vn -0.3827 -0.0000 0.9239
vn -0.9239 -0.0000 0.3827
vn -0.9239 -0.0000 -0.3827
vt 0.750000 0.482647
vt 0.745562 0.488162
vt 0.749141 0.489644
vt 0.754438 0.488162
vt 0.004623 0.615385
vt 0.000000 0.615385
vt 0.000000 0.548766
vt 0.003269 0.500000
vt 0.995377 0.615385
vt 0.996731 0.500000
vt 0.999368 0.500000
vt 1.000000 0.615385
vt 0.250000 0.482647
vt 0.254438 0.488162
vt 0.250859 0.489644
vt 0.245562 0.488162
vt 0.995377 0.884615
vt 1.000000 0.884615
vt 1.000000 0.951234
vt 0.996731 1.000000
vt 0.004623 0.884615
vt 0.003269 1.000000
vt 0.000632 1.000000
vt 0.000000 0.884615
vt 0.914506 0.414506
vt 0.915268 0.421544
vt 0.918847 0.420061
vt 0.921544 0.415268
vt 0.879623 0.615385
vt 0.875000 0.615385
vt 0.874684 0.524383
vt 0.878269 0.500000
vt 0.870377 0.615385
vt 0.871731 0.500000
vt 0.414507 0.414507
vt 0.421544 0.415268
vt 0.420061 0.418847
vt 0.415268 0.421544
vt 0.870377 0.884615
vt 0.875000 0.884615
vt 0.875316 0.975617
vt 0.871731 1.000000
vt 0.879623 0.884615
vt 0.878269 1.000000
vt 0.982647 0.250000
vt 0.988162 0.254438
vt 0.989644 0.250859
vt 0.988162 0.245562
vt 0.754623 0.615385
vt 0.750000 0.615385
vt 0.749684 0.524383
vt 0.753269 0.500000
vt 0.745377 0.615385
vt 0.746731 0.500000
vt 0.482647 0.250000
vt 0.488162 0.245562
vt 0.489644 0.249141
vt 0.488162 0.254438
vt 0.745377 0.884615
vt 0.750000 0.884615
vt 0.750316 0.975617
vt 0.746731 1.000000
vt 0.754623 0.884615
vt 0.753269 1.000000
vt 0.914507 0.085494
vt 0.921544 0.084732
vt 0.920061 0.081153
vt 0.915268 0.078456
vt 0.629623 0.615385
vt 0.625000 0.615385
vt 0.624684 0.524383
vt 0.628269 0.500000
vt 0.620377 0.615385
vt 0.621731 0.500000
vt 0.414507 0.085494
vt 0.415268 0.078456
vt 0.418847 0.079939
vt 0.421544 0.084732
vt 0.620377 0.884615
vt 0.625000 0.884615
vt 0.625316 0.975617
vt 0.621731 1.000000
vt 0.629623 0.884615
vt 0.628269 1.000000
vt 0.750000 0.017353
vt 0.754438 0.011838
vt 0.750859 0.010356
vt 0.745562 0.011838
vt 0.504623 0.615385
vt 0.500000 0.615385
vt 0.499684 0.524383
vt 0.503269 0.500000
vt 0.495377 0.615385
vt 0.496731 0.500000
vt 0.250000 0.017353
vt 0.245562 0.011838
vt 0.249141 0.010356
vt 0.254438 0.011838
vt 0.495377 0.884615
vt 0.500000 0.884615
vt 0.500316 0.975617
vt 0.496731 1.000000
vt 0.504623 0.884615
vt 0.503269 1.000000
vt 0.585493 0.085494
vt 0.584732 0.078456
vt 0.581153 0.079939
vt 0.578456 0.084732
vt 0.379623 0.615385
vt 0.375000 0.615385
vt 0.374684 0.524383
vt 0.378269 0.500000
vt 0.370377 0.615385
vt 0.371731 0.500000
vt 0.085494 0.085494
vt 0.078456 0.084732
vt 0.079939 0.081153
vt 0.084732 0.078456
vt 0.370377 0.884615
vt 0.375000 0.884615
vt 0.375316 0.975617
vt 0.371731 1.000000
vt 0.379623 0.884615
vt 0.378269 1.000000
vt 0.517353 0.250000
vt 0.511838 0.245562
vt 0.510356 0.249141
vt 0.511838 0.254438
vt 0.254623 0.615385
vt 0.250000 0.615385
vt 0.249684 0.524383
vt 0.253269 0.500000
vt 0.245377 0.615385
vt 0.246731 0.500000
vt 0.017353 0.250000
vt 0.011838 0.254438
vt 0.010356 0.250859
vt 0.011838 0.245562
vt 0.245377 0.884615
vt 0.250000 0.884615
vt 0.250316 0.975617
vt 0.246731 1.000000
vt 0.254623 0.884615
vt 0.253269 1.000000
vt 0.585493 0.414506
vt 0.578456 0.415268
vt 0.579939 0.418847
vt 0.584732 0.421544
vt 0.129623 0.615385
vt 0.125000 0.615385
vt 0.124684 0.524383
vt 0.128269 0.500000
vt 0.120377 0.615385
vt 0.121731 0.500000
vt 0.085494 0.414506
vt 0.084732 0.421544
vt 0.081153 0.420061
vt 0.078456 0.415268
vt 0.120377 0.884615
vt 0.125000 0.884615
vt 0.125316 0.975617
vt 0.121731 1.000000
vt 0.129623 0.884615
vt 0.128269 1.000000
s 0
usemtl Limestone
f 113/165/107 116/166/107 117/167/107 119/168/107
f 114/169/108 118/170/108 117/171/108 116/172/108
f 115/173/109 119/174/109 117/175/109 118/176/109
f 120/177/110 123/178/110 124/179/110 126/180/110
f 121/181/111 125/182/111 124/183/111 123/184/111
f 122/185/112 126/186/112 124/187/112 125/188/112
f 127/189/113 130/190/113 131/191/113 133/192/113
f 128/193/114 132/194/114 131/195/114 130/196/114
f 129/197/115 133/198/115 131/195/115 132/194/115
f 134/199/116 137/200/116 138/201/116 140/202/116
f 135/203/117 139/204/117 138/205/117 137/206/117
f 136/207/118 140/208/118 138/205/118 139/204/118
f 141/209/119 144/210/119 145/211/119 147/212/119
f 142/213/120 146/214/120 145/215/120 144/216/120
f 143/217/121 147/218/121 145/215/121 146/214/121
f 148/219/122 151/220/122 152/221/122 154/222/122
f 149/223/123 153/224/123 152/225/123 151/226/123
f 150/227/124 154/228/124 152/225/124 153/224/124
f 155/229/125 158/230/125 159/231/125 161/232/125
f 156/233/126 160/234/126 159/235/126 158/236/126
f 157/237/127 161/238/127 159/235/127 160/234/127
f 162/239/128 165/240/128 166/241/128 168/242/128
f 163/243/129 167/244/129 166/245/129 165/246/129
f 164/247/130 168/248/130 166/245/130 167/244/130
f 169/249/131 172/250/131 173/251/131 175/252/131
f 170/253/132 174/254/132 173/255/132 172/256/132
f 171/257/133 175/258/133 173/255/133 174/254/133
f 176/259/134 179/260/134 180/261/134 182/262/134
f 177/263/135 181/264/135 180/265/135 179/266/135
f 178/267/136 182/268/136 180/265/136 181/264/136
f 183/269/137 186/270/137 187/271/137 189/272/137
f 184/273/138 188/274/138 187/275/138 186/276/138
f 185/277/139 189/278/139 187/275/139 188/274/139
f 190/279/140 193/280/140 194/281/140 196/282/140
f 191/283/141 195/284/141 194/285/141 193/286/141
f 192/287/142 196/288/142 194/285/142 195/284/142
f 197/289/143 200/290/143 201/291/143 203/292/143
f 198/293/144 202/294/144 201/295/144 200/296/144
f 199/297/145 203/298/145 201/295/145 202/294/145
f 204/299/146 207/300/146 208/301/146 210/302/146
f 205/303/147 209/304/147 208/305/147 207/306/147
f 206/307/148 210/308/148 208/305/148 209/304/148
f 211/309/149 214/310/149 215/311/149 217/312/149
f 212/313/150 216/314/150 215/315/150 214/316/150
f 213/317/151 217/318/151 215/315/151 216/314/151
f 218/319/152 221/320/152 222/321/152 224/322/152
f 219/323/153 223/324/153 222/325/153 221/326/153
f 220/327/154 224/328/154 222/325/154 223/324/154
f 115/173/155 128/193/155 130/196/155 119/174/155
f 119/168/156 130/190/156 127/189/156 113/165/156
f 136/207/157 121/181/157 123/184/157 140/208/157
f 140/202/158 123/178/158 120/177/158 134/199/158
f 114/169/159 122/185/159 125/188/159 118/170/159
f 118/176/160 125/182/160 121/181/160 115/173/160
f 135/203/161 129/197/161 132/194/161 139/204/161
f 139/204/162 132/194/162 128/193/162 136/207/162
f 129/197/163 142/213/163 144/216/163 133/198/163
f 133/192/164 144/210/164 141/209/164 127/189/164
f 150/227/165 135/203/165 137/206/165 154/228/165
f 154/222/166 137/200/166 134/199/166 148/219/166
f 149/223/167 143/217/167 146/214/167 153/224/167
f 153/224/168 146/214/168 142/213/168 150/227/168
f 143/217/169 156/233/169 158/236/169 147/218/169
f 147/212/170 158/230/170 155/229/170 141/209/170
f 164/247/171 149/223/171 151/226/171 168/248/171
f 168/242/172 151/220/172 148/219/172 162/239/172
f 163/243/173 157/237/173 160/234/173 167/244/173
f 167/244/174 160/234/174 156/233/174 164/247/174
f 157/237/175 170/253/175 172/256/175 161/238/175
f 161/232/176 172/250/176 169/249/176 155/229/176
f 178/267/177 163/243/177 165/246/177 182/268/177
f 182/262/178 165/240/178 162/239/178 176/259/178
f 177/263/179 171/257/179 174/254/179 181/264/179
f 181/264/180 174/254/180 170/253/180 178/267/180
f 171/257/181 184/273/181 186/276/181 175/258/181
f 175/252/182 186/270/182 183/269/182 169/249/182
f 192/287/183 177/263/183 179/266/183 196/288/183
f 196/282/184 179/260/184 176/259/184 190/279/184
f 191/283/185 185/277/185 188/274/185 195/284/185
f 195/284/186 188/274/186 184/273/186 192/287/186
f 185/277/187 198/293/187 200/296/187 189/278/187
f 189/272/188 200/290/188 197/289/188 183/269/188
f 206/307/189 191/283/189 193/286/189 210/308/189
f 210/302/190 193/280/190 190/279/190 204/299/190
f 205/303/191 199/297/191 202/294/191 209/304/191
f 209/304/192 202/294/192 198/293/192 206/307/192
f 199/297/193 212/313/193 214/316/193 203/298/193
f 203/292/194 214/310/194 211/309/194 197/289/194
f 220/327/195 205/303/195 207/306/195 224/328/195
f 224/322/196 207/300/196 204/299/196 218/319/196
f 219/323/197 213/317/197 216/314/197 223/324/197
f 223/324/198 216/314/198 212/313/198 220/327/198
f 213/317/199 114/169/199 116/172/199 217/318/199
f 217/312/200 116/166/200 113/165/200 211/309/200
f 122/185/201 219/323/201 221/326/201 126/186/201
f 126/180/202 221/320/202 218/319/202 120/177/202
f 113/165/203 127/189/203 141/209/203 155/229/203 169/249/203 183/269/203 197/289/203 211/309/203
f 115/173/204 121/181/204 136/207/204 128/193/204
f 213/317/205 219/323/205 122/185/205 114/169/205
f 134/199/206 120/177/206 218/319/206 204/299/206 190/279/206 176/259/206 162/239/206 148/219/206
f 129/197/207 135/203/207 150/227/207 142/213/207
f 143/217/208 149/223/208 164/247/208 156/233/208
f 157/237/209 163/243/209 178/267/209 170/253/209
f 171/257/210 177/263/210 192/287/210 184/273/210
f 185/277/211 191/283/211 206/307/211 198/293/211
f 199/297/212 205/303/212 220/327/212 212/313/212
o blackstone_foot
v -0.380000 0.290000 0.340000
v -0.380000 0.340000 0.390000
v -0.430000 0.340000 0.340000
v -0.380000 0.296680 0.364967
v -0.404967 0.296680 0.340000
v -0.403911 0.303168 0.363911
v -0.404967 0.340000 0.383320
v -0.380000 0.315033 0.383320
v -0.403911 0.316089 0.376832
v -0.423320 0.315033 0.340000
v -0.423320 0.340000 0.364967
v -0.416832 0.316089 0.363911
v -0.380000 0.440000 0.390000
v -0.380000 0.490000 0.340000
v -0.430000 0.440000 0.340000
v -0.380000 0.464967 0.383320
v -0.404967 0.440000 0.383320
v -0.403911 0.463911 0.376832
v -0.404967 0.483320 0.340000
v -0.380000 0.483320 0.364967
v -0.403911 0.476832 0.363911
v -0.423320 0.440000 0.364967
v -0.423320 0.464967 0.340000
v -0.416832 0.463911 0.363911
v -0.380000 0.290000 -0.340000
v -0.430000 0.340000 -0.340000
v -0.380000 0.340000 -0.390000
v -0.404967 0.296680 -0.340000
v -0.380000 0.296680 -0.364967
v -0.403911 0.303168 -0.363911
v -0.423320 0.340000 -0.364967
v -0.423320 0.315033 -0.340000
v -0.416832 0.316089 -0.363911
v -0.380000 0.315033 -0.383320
v -0.404967 0.340000 -0.383320
v -0.403911 0.316089 -0.376832
v -0.380000 0.490000 -0.340000
v -0.380000 0.440000 -0.390000
v -0.430000 0.440000 -0.340000
v -0.380000 0.483320 -0.364967
v -0.404967 0.483320 -0.340000
v -0.403911 0.476832 -0.363911
v -0.404967 0.440000 -0.383320
v -0.380000 0.464967 -0.383320
v -0.403911 0.463911 -0.376832
v -0.423320 0.464967 -0.340000
v -0.423320 0.440000 -0.364967
v -0.416832 0.463911 -0.363911
v 0.380000 0.290000 0.340000
v 0.430000 0.340000 0.340000
v 0.380000 0.340000 0.390000
v 0.404967 0.296680 0.340000
v 0.380000 0.296680 0.364967
v 0.403911 0.303168 0.363911
v 0.423320 0.340000 0.364967
v 0.423320 0.315033 0.340000
v 0.416832 0.316089 0.363911
v 0.380000 0.315033 0.383320
v 0.404967 0.340000 0.383320
v 0.403911 0.316089 0.376832
v 0.380000 0.490000 0.340000
v 0.380000 0.440000 0.390000
v 0.430000 0.440000 0.340000
v 0.380000 0.483320 0.364967
v 0.404967 0.483320 0.340000
v 0.403911 0.476832 0.363911
v 0.404967 0.440000 0.383320
v 0.380000 0.464967 0.383320
v 0.403911 0.463911 0.376832
v 0.423320 0.464967 0.340000
v 0.423320 0.440000 0.364967
v 0.416832 0.463911 0.363911
v 0.380000 0.290000 -0.340000
v 0.380000 0.340000 -0.390000
v 0.430000 0.340000 -0.340000
v 0.380000 0.296680 -0.364967
v 0.404967 0.296680 -0.340000
v 0.403911 0.303168 -0.363911
v 0.404967 0.340000 -0.383320
v 0.380000 0.315033 -0.383320
v 0.403911 0.316089 -0.376832
v 0.423320 0.315033 -0.340000
v 0.423320 0.340000 -0.364967
v 0.416832 0.316089 -0.363911
v 0.380000 0.490000 -0.340000
v 0.430000 0.440000 -0.340000
v 0.380000 0.440000 -0.390000
v 0.404967 0.483320 -0.340000
v 0.380000 0.483320 -0.364967
v 0.403911 0.476832 -0.363911
v 0.423320 0.440000 -0.364967
v 0.423320 0.464967 -0.340000
v 0.416832 0.463911 -0.363911
v 0.380000 0.464967 -0.383320
v 0.404967 0.440000 -0.383320
v 0.403911 0.463911 -0.376832
vn -0.2566 -0.9318 0.2566
vn -0.2178 -0.6901 0.6901
vn -0.2566 -0.2566 0.9318
vn -0.6901 -0.2178 0.6901
vn -0.9318 -0.2566 0.2566
vn -0.6901 -0.6901 0.2178
vn -0.5774 -0.5774 0.5773
vn -0.2566 0.2566 0.9318
vn -0.2178 0.6901 0.6901
vn -0.2566 0.9318 0.2566
vn -0.6901 0.6901 0.2178
vn -0.9318 0.2566 0.2566
vn -0.6901 0.2178 0.6901
vn -0.5774 0.5773 0.5773
vn -0.2566 -0.9318 -0.2566
vn -0.6901 -0.6901 -0.2178
vn -0.9318 -0.2566 -0.2566
vn -0.6901 -0.2178 -0.6901
vn -0.2566 -0.2566 -0.9318
vn -0.2178 -0.6901 -0.6901
vn -0.5774 -0.5774 -0.5774
vn -0.2566 0.9318 -0.2566
vn -0.2178 0.6901 -0.6901
vn -0.2566 0.2566 -0.9318
vn -0.6901 0.2178 -0.6901
vn -0.9318 0.2566 -0.2566
vn -0.6901 0.6901 -0.2178
vn -0.5774 0.5773 -0.5774
vn 0.2566 -0.9318 0.2566
vn 0.6901 -0.6901 0.2178
vn 0.9318 -0.2566 0.2566
vn 0.6901 -0.2178 0.6901
vn 0.2566 -0.2566 0.9318
vn 0.2178 -0.6901 0.6901
vn 0.5774 -0.5774 0.5773
vn 0.2566 0.9318 0.2566
vn 0.2178 0.6901 0.6901
vn 0.2566 0.2566 0.9318
vn 0.6901 0.2178 0.6901
vn 0.9318 0.2566 0.2566
vn 0.6901 0.6901 0.2178
vn 0.5774 0.5773 0.5773
vn 0.2566 -0.9318 -0.2566
vn 0.2178 -0.6901 -0.6901
vn 0.2566 -0.2566 -0.9318
vn 0.6901 -0.2178 -0.6901
vn 0.9318 -0.2566 -0.2566
vn 0.6901 -0.6901 -0.2178
vn 0.5774 -0.5774 -0.5774
vn 0.2566 0.9318 -0.2566
vn 0.6901 0.6901 -0.2178
vn 0.9318 0.2566 -0.2566
vn 0.6901 0.2178 -0.6901
vn 0.2566 0.2566 -0.9318
vn 0.2178 0.6901 -0.6901
vn 0.5774 0.5773 -0.5774
vn -0.2585 -0.9660 -0.0000
vn -0.7071 -0.7071 -0.0000
vn -0.9660 -0.2585 -0.0000
vn -0.2585 -0.0000 0.9660
vn -0.7071 -0.0000 0.7071
vn -0.9660 -0.0000 0.2585
vn -0.2585 0.9660 -0.0000
vn -0.7071 0.7071 -0.0000
vn -0.9660 0.2585 -0.0000
vn -0.2585 -0.0000 -0.9660
vn -0.7071 -0.0000 -0.7071
vn -0.9660 -0.0000 -0.2585
vn -0.0000 -0.9660 -0.2585
vn -0.0000 -0.7071 -0.7071
vn -0.0000 -0.2585 -0.9660
vn -0.0000 0.9660 -0.2585
vn -0.0000 0.7071 -0.7071
vn -0.0000 0.2585 -0.9660
vn 0.9660 -0.0000 -0.2585
vn 0.7071 -0.0000 -0.7071
vn 0.2585 -0.0000 -0.9660
vn 0.2585 -0.9660 -0.0000
vn 0.7071 -0.7071 -0.0000
vn 0.9660 -0.2585 -0.0000
vn 0.2585 0.9660 -0.0000
vn 0.7071 0.7071 -0.0000
vn 0.9660 0.2585 -0.0000
vn 0.2585 -0.0000 0.9660
vn 0.7071 -0.0000 0.7071
vn 0.9660 -0.0000 0.2585
vn -0.0000 -0.9660 0.2585
vn -0.0000 -0.7071 0.7071
vn -0.0000 -0.2585 0.9660
vn -0.0000 0.9660 0.2585
vn -0.0000 0.7071 0.7071
vn -0.0000 0.2585 0.9660
vn -0.0000 -1.0000 -0.0000
vn -1.0000 -0.0000 -0.0000
vn -0.0000 -0.0000 1.0000
vn -0.0000 1.0000 -0.0000
vn -0.0000 -0.0000 -1.0000
vn 1.0000 -0.0000 -0.0000
vt 0.139535 0.733974
vt 0.139535 0.741977
vt 0.132584 0.741638
vt 0.132277 0.733974
vt 0.139535 0.750000
vt 0.132584 0.750000
vt 0.437500 0.985465
vt 0.437500 1.000000
vt 0.375000 0.992416
vt 0.375000 0.985465
vt 0.437500 0.000000
vt 0.437500 0.008023
vt 0.375000 0.008362
vt 0.375000 0.000000
vt 0.437500 0.016026
vt 0.375000 0.016026
vt 0.125000 0.733974
vt 0.125000 0.741638
vt 0.562500 0.985465
vt 0.593709 0.985465
vt 0.592388 1.000000
vt 0.562500 1.000000
vt 0.625000 0.985465
vt 0.625000 1.000000
vt 0.860465 0.733974
vt 0.875000 0.733974
vt 0.875000 0.741638
vt 0.860465 0.750000
vt 0.625000 0.016026
vt 0.593709 0.016026
vt 0.592388 0.008362
vt 0.625000 0.008362
vt 0.562500 0.016026
vt 0.562500 0.008023
vt 0.562500 0.000000
vt 0.592388 0.000000
vt 0.139535 0.516026
vt 0.132277 0.516026
vt 0.132584 0.508362
vt 0.139535 0.508023
vt 0.125000 0.516026
vt 0.125000 0.508362
vt 0.437500 0.233974
vt 0.437500 0.241977
vt 0.375000 0.241638
vt 0.375000 0.233974
vt 0.437500 0.257277
vt 0.375000 0.257584
vt 0.437500 0.264535
vt 0.375000 0.264535
vt 0.139535 0.500000
vt 0.132584 0.500000
vt 0.860465 0.516026
vt 0.860465 0.500000
vt 0.875000 0.508362
vt 0.875000 0.516026
vt 0.625000 0.264535
vt 0.593709 0.264535
vt 0.592388 0.256671
vt 0.625000 0.245327
vt 0.562500 0.264535
vt 0.562500 0.257277
vt 0.562500 0.241977
vt 0.592388 0.241638
vt 0.562500 0.233974
vt 0.593709 0.233974
vt 0.625000 0.233974
vt 0.360465 0.733974
vt 0.367723 0.733974
vt 0.367416 0.741638
vt 0.360465 0.741977
vt 0.406291 0.733974
vt 0.404792 0.741638
vt 0.437500 0.733974
vt 0.437500 0.741977
vt 0.437500 0.757277
vt 0.372215 0.754799
vt 0.437500 0.764535
vt 0.367735 0.757270
vt 0.639535 0.733974
vt 0.632270 0.757265
vt 0.629799 0.752785
vt 0.632277 0.733974
vt 0.593709 0.764535
vt 0.592388 0.757584
vt 0.562500 0.764535
vt 0.562500 0.757277
vt 0.562500 0.741977
vt 0.592388 0.742581
vt 0.562500 0.733974
vt 0.593709 0.733974
vt 0.360465 0.516026
vt 0.360465 0.508023
vt 0.367416 0.508362
vt 0.367723 0.516026
vt 0.367735 0.492730
vt 0.372215 0.495201
vt 0.437500 0.485465
vt 0.437500 0.492723
vt 0.437500 0.508023
vt 0.404792 0.508362
vt 0.437500 0.516026
vt 0.406291 0.516026
vt 0.639535 0.516026
vt 0.632277 0.516026
vt 0.629799 0.497215
vt 0.632270 0.492735
vt 0.593709 0.516026
vt 0.592388 0.507419
vt 0.562500 0.516026
vt 0.562500 0.508023
vt 0.562500 0.492723
vt 0.592388 0.492416
vt 0.562500 0.485465
vt 0.593709 0.485465
s 0
usemtl Limestone
f 225/329/213 228/330/213 230/331/213 229/332/213
f 228/330/214 232/333/214 233/334/214 230/331/214
f 226/335/215 231/336/215 233/337/215 232/338/215
f 231/339/216 235/340/216 236/341/216 233/342/216
f 227/343/217 234/344/217 236/341/217 235/340/217
f 234/345/218 229/332/218 230/331/218 236/346/218
f 230/331/219 233/334/219 236/346/219
f 237/347/220 240/348/220 242/349/220 241/350/220
f 240/348/221 244/351/221 245/352/221 242/349/221
f 238/353/222 243/354/222 245/355/222 244/356/222
f 243/357/223 247/358/223 248/359/223 245/360/223
f 239/361/224 246/362/224 248/359/224 247/358/224
f 246/362/225 241/363/225 242/364/225 248/359/225
f 242/364/226 245/360/226 248/359/226
f 249/365/227 252/366/227 254/367/227 253/368/227
f 252/366/228 256/369/228 257/370/228 254/367/228
f 250/371/229 255/372/229 257/373/229 256/374/229
f 255/372/230 259/375/230 260/376/230 257/373/230
f 251/377/231 258/378/231 260/376/231 259/375/231
f 258/379/232 253/368/232 254/367/232 260/380/232
f 254/367/233 257/370/233 260/380/233
f 261/381/234 264/382/234 266/383/234 265/384/234
f 264/385/235 268/386/235 269/387/235 266/388/235
f 262/389/236 267/390/236 269/387/236 268/386/236
f 267/390/237 271/391/237 272/392/237 269/387/237
f 263/393/238 270/394/238 272/392/238 271/391/238
f 270/394/239 265/395/239 266/388/239 272/392/239
f 266/388/240 269/387/240 272/392/240
f 273/396/241 276/397/241 278/398/241 277/399/241
f 276/397/242 280/400/242 281/401/242 278/398/242
f 274/402/243 279/403/243 281/401/243 280/400/243
f 279/403/244 283/404/244 284/405/244 281/401/244
f 275/406/245 282/407/245 284/405/245 283/404/245
f 282/407/246 277/399/246 278/398/246 284/405/246
f 278/398/247 281/401/247 284/405/247
f 285/408/248 288/409/248 290/410/248 289/411/248
f 288/409/249 292/412/249 293/413/249 290/410/249
f 286/414/250 291/415/250 293/413/250 292/412/250
f 291/415/251 295/416/251 296/417/251 293/413/251
f 287/418/252 294/419/252 296/417/252 295/416/252
f 294/419/253 289/411/253 290/410/253 296/417/253
f 290/410/254 293/413/254 296/417/254
f 297/420/255 300/421/255 302/422/255 301/423/255
f 300/421/256 304/424/256 305/425/256 302/422/256
f 298/426/257 303/427/257 305/425/257 304/424/257
f 303/427/258 307/428/258 308/429/258 305/425/258
f 299/430/259 306/431/259 308/429/259 307/428/259
f 306/431/260 301/423/260 302/422/260 308/429/260
f 302/422/261 305/425/261 308/429/261
f 309/432/262 312/433/262 314/434/262 313/435/262
f 312/433/263 316/436/263 317/437/263 314/434/263
f 310/438/264 315/439/264 317/437/264 316/436/264
f 315/439/265 319/440/265 320/441/265 317/437/265
f 311/442/266 318/443/266 320/441/266 319/440/266
f 318/443/267 313/435/267 314/434/267 320/441/267
f 314/434/268 317/437/268 320/441/268
f 249/365/269 225/329/269 229/332/269 252/366/269
f 252/366/270 229/332/270 234/345/270 256/369/270
f 256/374/271 234/344/271 227/343/271 250/371/271
f 226/335/272 237/347/272 241/350/272 231/336/272
f 231/339/273 241/363/273 246/362/273 235/340/273
f 235/340/274 246/362/274 239/361/274 227/343/274
f 238/353/275 261/381/275 265/384/275 243/354/275
f 243/357/276 265/395/276 270/394/276 247/358/276
f 247/358/277 270/394/277 263/393/277 239/361/277
f 262/389/278 251/377/278 259/375/278 267/390/278
f 267/390/279 259/375/279 255/372/279 271/391/279
f 271/391/280 255/372/280 250/371/280 263/393/280
f 297/420/281 249/365/281 253/368/281 300/421/281
f 300/421/282 253/368/282 258/379/282 304/424/282
f 304/424/283 258/378/283 251/377/283 298/426/283
f 261/381/284 309/432/284 313/435/284 264/382/284
f 264/385/285 313/435/285 318/443/285 268/386/285
f 268/386/286 318/443/286 311/442/286 262/389/286
f 310/438/287 299/430/287 307/428/287 315/439/287
f 315/439/288 307/428/288 303/427/288 319/440/288
f 319/440/289 303/427/289 298/426/289 311/442/289
f 273/396/290 297/420/290 301/423/290 276/397/290
f 276/397/291 301/423/291 306/431/291 280/400/291
f 280/400/292 306/431/292 299/430/292 274/402/292
f 309/432/293 285/408/293 289/411/293 312/433/293
f 312/433/294 289/411/294 294/419/294 316/436/294
f 316/436/295 294/419/295 287/418/295 310/438/295
f 286/414/296 275/406/296 283/404/296 291/415/296
f 291/415/297 283/404/297 279/403/297 295/416/297
f 295/416/298 279/403/298 274/402/298 287/418/298
f 225/329/299 273/396/299 277/399/299 228/330/299
f 228/330/300 277/399/300 282/407/300 232/333/300
f 232/338/301 282/407/301 275/406/301 226/335/301
f 285/408/302 238/353/302 244/356/302 288/409/302
f 288/409/303 244/351/303 240/348/303 292/412/303
f 292/412/304 240/348/304 237/347/304 286/414/304
f 249/365/305 297/420/305 273/396/305 225/329/305
f 227/343/306 239/361/306 263/393/306 250/371/306
f 275/406/307 286/414/307 237/347/307 226/335/307
f 309/432/308 261/381/308 238/353/308 285/408/308
f 251/377/309 262/389/309 311/442/309 298/426/309
f 299/430/310 310/438/310 287/418/310 274/402/310
o dark_obelisk_core
v 0.000000 0.320000 -0.340000
v 0.000000 1.530000 -0.054400
v 0.294449 0.320000 -0.170000
v 0.047112 1.530000 -0.027200
v 0.294449 0.320000 0.170000
v 0.047112 1.530000 0.027200
v 0.000000 0.320000 0.340000
v 0.000000 1.530000 0.054400
v -0.294449 0.320000 0.170000
v -0.047112 1.530000 0.027200
v -0.294449 0.320000 -0.170000
v -0.047112 1.530000 -0.027200
vn 0.4899 0.2003 -0.8485
vn 0.9797 0.2003 -0.0000
vn 0.4899 0.2003 0.8485
vn -0.4899 0.2003 0.8485
vn -0.0000 1.0000 -0.0000
vn -0.9797 0.2003 -0.0000
vn -0.4899 0.2003 -0.8485
vn -0.0000 -1.0000 -0.0000
vt 1.000000 0.500000
vt 1.000000 1.000000
vt 0.833333 1.000000
vt 0.833333 0.500000
vt 0.666667 1.000000
vt 0.666667 0.500000
vt 0.500000 1.000000
vt 0.500000 0.500000
vt 0.333333 1.000000
vt 0.333333 0.500000
vt 0.457846 0.370000
vt 0.250000 0.490000
vt 0.042154 0.370000
vt 0.042154 0.130000
vt 0.250000 0.010000
vt 0.457846 0.130000
vt 0.166667 1.000000
vt 0.166667 0.500000
vt -0.000000 1.000000
vt -0.000000 0.500000
vt 0.750000 0.490000
vt 0.957846 0.370000
vt 0.957846 0.130000
vt 0.750000 0.010000
vt 0.542154 0.130000
vt 0.542154 0.370000
s 0
usemtl BlackIron
f 321/444/311 322/445/311 324/446/311 323/447/311
f 323/447/312 324/446/312 326/448/312 325/449/312
f 325/449/313 326/448/313 328/450/313 327/451/313
f 327/451/314 328/450/314 330/452/314 329/453/314
f 324/454/315 322/455/315 332/456/315 330/457/315 328/458/315 326/459/315
f 329/453/316 330/452/316 332/460/316 331/461/316
f 331/461/317 332/460/317 322/462/317 321/463/317
f 321/464/318 323/465/318 325/466/318 327/467/318 329/468/318 331/469/318
o bronze_binding_ring
v 0.000000 0.595000 -0.360000
v 0.000000 0.695000 -0.360000
v 0.123127 0.595000 -0.338289
v 0.123127 0.695000 -0.338289
v 0.231404 0.595000 -0.275776
v 0.231404 0.695000 -0.275776
v 0.311769 0.595000 -0.180000
v 0.311769 0.695000 -0.180000
v 0.354531 0.595000 -0.062513
v 0.354531 0.695000 -0.062513
v 0.354531 0.595000 0.062513
v 0.354531 0.695000 0.062513
v 0.311769 0.595000 0.180000
v 0.311769 0.695000 0.180000
v 0.231404 0.595000 0.275776
v 0.231404 0.695000 0.275776
v 0.123127 0.595000 0.338289
v 0.123127 0.695000 0.338289
v 0.000000 0.595000 0.360000
v 0.000000 0.695000 0.360000
v -0.123127 0.595000 0.338289
v -0.123127 0.695000 0.338289
v -0.231404 0.595000 0.275776
v -0.231404 0.695000 0.275776
v -0.311769 0.595000 0.180000
v -0.311769 0.695000 0.180000
v -0.354531 0.595000 0.062513
v -0.354531 0.695000 0.062513
v -0.354531 0.595000 -0.062513
v -0.354531 0.695000 -0.062513
v -0.311769 0.595000 -0.180000
v -0.311769 0.695000 -0.180000
v -0.231404 0.595000 -0.275776
v -0.231404 0.695000 -0.275776
v -0.123127 0.595000 -0.338289
v -0.123127 0.695000 -0.338289
vn -0.0000 -0.6700 -0.7423
vn -0.0000 0.6700 -0.7423
vn 0.2539 -0.6700 -0.6976
vn 0.2539 0.6700 -0.6976
vn 0.4772 -0.6700 -0.5687
vn 0.4772 0.6700 -0.5687
vn 0.6429 -0.6700 -0.3712
vn 0.6429 0.6700 -0.3712
vn 0.7311 -0.6700 -0.1289
vn 0.7311 0.6700 -0.1289
vn 0.7311 -0.6700 0.1289
vn 0.7311 0.6700 0.1289
vn 0.6429 -0.6700 0.3712
vn 0.6429 0.6700 0.3712
vn 0.4772 -0.6700 0.5687
vn 0.4772 0.6700 0.5687
vn 0.2539 -0.6700 0.6976
vn 0.2539 0.6700 0.6976
vn -0.0000 -0.6700 0.7423
vn -0.0000 0.6700 0.7423
vn -0.2539 -0.6700 0.6976
vn -0.2539 0.6700 0.6976
vn -0.4772 -0.6700 0.5687
vn -0.4772 0.6700 0.5687
vn -0.6429 -0.6700 0.3712
vn -0.6429 0.6700 0.3712
vn -0.7311 -0.6700 0.1289
vn -0.7311 0.6700 0.1289
vn -0.7311 -0.6700 -0.1289
vn -0.7311 0.6700 -0.1289
vn -0.6429 -0.6700 -0.3712
vn -0.6429 0.6700 -0.3712
vn -0.4772 -0.6700 -0.5687
vn -0.4772 0.6700 -0.5687
vn -0.2539 -0.6700 -0.6976
vn -0.2539 0.6700 -0.6976
vt 1.000000 0.500000
vt 1.000000 1.000000
vt 0.944444 1.000000
vt 0.944444 0.500000
vt 0.888889 1.000000
vt 0.888889 0.500000
vt 0.833333 1.000000
vt 0.833333 0.500000
vt 0.777778 1.000000
vt 0.777778 0.500000
vt 0.722222 1.000000
vt 0.722222 0.500000
vt 0.666667 1.000000
vt 0.666667 0.500000
vt 0.611111 1.000000
vt 0.611111 0.500000
vt 0.555555 1.000000
vt 0.555555 0.500000
vt 0.500000 1.000000
vt 0.500000 0.500000
vt 0.444444 1.000000
vt 0.444444 0.500000
vt 0.388889 1.000000
vt 0.388889 0.500000
vt 0.333333 1.000000
vt 0.333333 0.500000
vt 0.277778 1.000000
vt 0.277778 0.500000
vt 0.222222 1.000000
vt 0.222222 0.500000
vt 0.166666 1.000000
vt 0.166666 0.500000
vt 0.111111 1.000000
vt 0.111111 0.500000
vt 0.332085 0.475526
vt 0.250000 0.490000
vt 0.167915 0.475526
vt 0.095731 0.433851
vt 0.042154 0.370000
vt 0.013646 0.291676
vt 0.013646 0.208324
vt 0.042154 0.130000
vt 0.095731 0.066149
vt 0.167915 0.024474
vt 0.250000 0.010000
vt 0.332085 0.024474
vt 0.404269 0.066149
vt 0.457846 0.130000
vt 0.486354 0.208324
vt 0.486354 0.291676
vt 0.457846 0.370000
vt 0.404269 0.433851
vt 0.055555 1.000000
vt 0.055555 0.500000
vt -0.000000 1.000000
vt -0.000000 0.500000
vt 0.750000 0.490000
vt 0.832085 0.475526
vt 0.904269 0.433851
vt 0.957846 0.370000
vt 0.986354 0.291676
vt 0.986354 0.208324
vt 0.957846 0.130000
vt 0.904269 0.066149
vt 0.832085 0.024474
vt 0.750000 0.010000
vt 0.667915 0.024474
vt 0.595731 0.066149
vt 0.542154 0.130000
vt 0.513646 0.208324
vt 0.513646 0.291676
vt 0.542154 0.370000
vt 0.595731 0.433851
vt 0.667915 0.475526
s 1
usemtl WornBronze
f 333/470/319 334/471/320 336/472/322 335/473/321
f 335/473/321 336/472/322 338/474/324 337/475/323
f 337/475/323 338/474/324 340/476/326 339/477/325
f 339/477/325 340/476/326 342/478/328 341/479/327
f 341/479/327 342/478/328 344/480/330 343/481/329
f 343/481/329 344/480/330 346/482/332 345/483/331
f 345/483/331 346/482/332 348/484/334 347/485/333
f 347/485/333 348/484/334 350/486/336 349/487/335
f 349/487/335 350/486/336 352/488/338 351/489/337
f 351/489/337 352/488/338 354/490/340 353/491/339
f 353/491/339 354/490/340 356/492/342 355/493/341
f 355/493/341 356/492/342 358/494/344 357/495/343
f 357/495/343 358/494/344 360/496/346 359/497/345
f 359/497/345 360/496/346 362/498/348 361/499/347
f 361/499/347 362/498/348 364/500/350 363/501/349
f 363/501/349 364/500/350 366/502/352 365/503/351
f 336/504/322 334/505/320 368/506/354 366/507/352 364/508/350 362/509/348 360/510/346 358/511/344 356/512/342 354/513/340 352/514/338 350/515/336 348/516/334 346/517/332 344/518/330 342/519/328 340/520/326 338/521/324
f 365/503/351 366/502/352 368/522/354 367/523/353
f 367/523/353 368/522/354 334/524/320 333/525/319
f 333/526/319 335/527/321 337/528/323 339/529/325 341/530/327 343/531/329 345/532/331 347/533/333 349/534/335 351/535/337 353/536/339 355/537/341 357/538/343 359/539/345 361/540/347 363/541/349 365/542/351 367/543/353
o bronze_upper_ring
v 0.000000 1.095000 -0.230000
v 0.000000 1.175000 -0.230000
v 0.078665 1.095000 -0.216129
v 0.078665 1.175000 -0.216129
v 0.147841 1.095000 -0.176190
v 0.147841 1.175000 -0.176190
v 0.199186 1.095000 -0.115000
v 0.199186 1.175000 -0.115000
v 0.226506 1.095000 -0.039939
v 0.226506 1.175000 -0.039939
v 0.226506 1.095000 0.039939
v 0.226506 1.175000 0.039939
v 0.199186 1.095000 0.115000
v 0.199186 1.175000 0.115000
v 0.147841 1.095000 0.176190
v 0.147841 1.175000 0.176190
v 0.078665 1.095000 0.216129
v 0.078665 1.175000 0.216129
v 0.000000 1.095000 0.230000
v 0.000000 1.175000 0.230000
v -0.078665 1.095000 0.216129
v -0.078665 1.175000 0.216129
v -0.147841 1.095000 0.176190
v -0.147841 1.175000 0.176190
v -0.199186 1.095000 0.115000
v -0.199186 1.175000 0.115000
v -0.226506 1.095000 0.039939
v -0.226506 1.175000 0.039939
v -0.226506 1.095000 -0.039939
v -0.226506 1.175000 -0.039939
v -0.199186 1.095000 -0.115000
v -0.199186 1.175000 -0.115000
v -0.147841 1.095000 -0.176190
v -0.147841 1.175000 -0.176190
v -0.078665 1.095000 -0.216129
v -0.078665 1.175000 -0.216129
vn -0.0000 -0.6700 -0.7423
vn -0.0000 0.6700 -0.7423
vn 0.2539 -0.6700 -0.6976
vn 0.2539 0.6700 -0.6976
vn 0.4772 -0.6700 -0.5687
vn 0.4772 0.6700 -0.5687
vn 0.6429 -0.6700 -0.3712
vn 0.6429 0.6700 -0.3712
vn 0.7311 -0.6700 -0.1289
vn 0.7311 0.6700 -0.1289
vn 0.7311 -0.6700 0.1289
vn 0.7311 0.6700 0.1289
vn 0.6429 -0.6700 0.3712
vn 0.6429 0.6700 0.3712
vn 0.4772 -0.6700 0.5687
vn 0.4772 0.6700 0.5687
vn 0.2539 -0.6700 0.6976
vn 0.2539 0.6700 0.6976
vn -0.0000 -0.6700 0.7423
vn -0.0000 0.6700 0.7423
vn -0.2539 -0.6700 0.6976
vn -0.2539 0.6700 0.6976
vn -0.4772 -0.6700 0.5687
vn -0.4772 0.6700 0.5687
vn -0.6429 -0.6700 0.3712
vn -0.6429 0.6700 0.3712
vn -0.7311 -0.6700 0.1289
vn -0.7311 0.6700 0.1289
vn -0.7311 -0.6700 -0.1289
vn -0.7311 0.6700 -0.1289
vn -0.6429 -0.6700 -0.3712
vn -0.6429 0.6700 -0.3712
vn -0.4772 -0.6700 -0.5687
vn -0.4772 0.6700 -0.5687
vn -0.2539 -0.6700 -0.6976
vn -0.2539 0.6700 -0.6976
vt 1.000000 0.500000
vt 1.000000 1.000000
vt 0.944444 1.000000
vt 0.944444 0.500000
vt 0.888889 1.000000
vt 0.888889 0.500000
vt 0.833333 1.000000
vt 0.833333 0.500000
vt 0.777778 1.000000
vt 0.777778 0.500000
vt 0.722222 1.000000
vt 0.722222 0.500000
vt 0.666667 1.000000
vt 0.666667 0.500000
vt 0.611111 1.000000
vt 0.611111 0.500000
vt 0.555555 1.000000
vt 0.555555 0.500000
vt 0.500000 1.000000
vt 0.500000 0.500000
vt 0.444444 1.000000
vt 0.444444 0.500000
vt 0.388889 1.000000
vt 0.388889 0.500000
vt 0.333333 1.000000
vt 0.333333 0.500000
vt 0.277778 1.000000
vt 0.277778 0.500000
vt 0.222222 1.000000
vt 0.222222 0.500000
vt 0.166666 1.000000
vt 0.166666 0.500000
vt 0.111111 1.000000
vt 0.111111 0.500000
vt 0.332085 0.475526
vt 0.250000 0.490000
vt 0.167915 0.475526
vt 0.095731 0.433851
vt 0.042154 0.370000
vt 0.013646 0.291676
vt 0.013646 0.208324
vt 0.042154 0.130000
vt 0.095731 0.066149
vt 0.167915 0.024474
vt 0.250000 0.010000
vt 0.332085 0.024474
vt 0.404269 0.066149
vt 0.457846 0.130000
vt 0.486354 0.208324
vt 0.486354 0.291676
vt 0.457846 0.370000
vt 0.404269 0.433851
vt 0.055555 1.000000
vt 0.055555 0.500000
vt -0.000000 1.000000
vt -0.000000 0.500000
vt 0.750000 0.490000
vt 0.832085 0.475526
vt 0.904269 0.433851
vt 0.957846 0.370000
vt 0.986354 0.291676
vt 0.986354 0.208324
vt 0.957846 0.130000
vt 0.904269 0.066149
vt 0.832085 0.024474
vt 0.750000 0.010000
vt 0.667915 0.024474
vt 0.595731 0.066149
vt 0.542154 0.130000
vt 0.513646 0.208324
vt 0.513646 0.291676
vt 0.542154 0.370000
vt 0.595731 0.433851
vt 0.667915 0.475526
s 1
usemtl WornBronze
f 369/544/355 370/545/356 372/546/358 371/547/357
f 371/547/357 372/546/358 374/548/360 373/549/359
f 373/549/359 374/548/360 376/550/362 375/551/361
f 375/551/361 376/550/362 378/552/364 377/553/363
f 377/553/363 378/552/364 380/554/366 379/555/365
f 379/555/365 380/554/366 382/556/368 381/557/367
f 381/557/367 382/556/368 384/558/370 383/559/369
f 383/559/369 384/558/370 386/560/372 385/561/371
f 385/561/371 386/560/372 388/562/374 387/563/373
f 387/563/373 388/562/374 390/564/376 389/565/375
f 389/565/375 390/564/376 392/566/378 391/567/377
f 391/567/377 392/566/378 394/568/380 393/569/379
f 393/569/379 394/568/380 396/570/382 395/571/381
f 395/571/381 396/570/382 398/572/384 397/573/383
f 397/573/383 398/572/384 400/574/386 399/575/385
f 399/575/385 400/574/386 402/576/388 401/577/387
f 372/578/358 370/579/356 404/580/390 402/581/388 400/582/386 398/583/384 396/584/382 394/585/380 392/586/378 390/587/376 388/588/374 386/589/372 384/590/370 382/591/368 380/592/366 378/593/364 376/594/362 374/595/360
f 401/577/387 402/576/388 404/596/390 403/597/389
f 403/597/389 404/596/390 370/598/356 369/599/355
f 369/600/355 371/601/357 373/602/359 375/603/361 377/604/363 379/605/365 381/606/367 383/607/369 385/608/371 387/609/373 389/610/375 391/611/377 393/612/379 395/613/381 397/614/383 399/615/385 401/616/387 403/617/389
o oak_ritual_brace
v 0.344557 0.278718 -0.107604
v 0.359389 0.300444 -0.083982
v 0.328757 0.309236 -0.099293
v 0.349446 0.280776 -0.095821
v 0.334150 0.285166 -0.103466
v 0.339325 0.287044 -0.092356
v 0.347001 0.303990 -0.083000
v 0.354891 0.288751 -0.087150
v 0.343158 0.292659 -0.086251
v 0.328351 0.296368 -0.100415
v 0.335758 0.307217 -0.088619
v 0.335242 0.294931 -0.090208
v 0.505282 0.809968 -0.083294
v 0.504213 0.836311 -0.106851
v 0.474651 0.818759 -0.098605
v 0.507657 0.822278 -0.086430
v 0.492895 0.813514 -0.082312
v 0.495633 0.825170 -0.085532
v 0.491968 0.836337 -0.102721
v 0.507264 0.831947 -0.095076
v 0.495357 0.831977 -0.091620
v 0.481651 0.816741 -0.087931
v 0.481117 0.829895 -0.099694
v 0.487717 0.827442 -0.089489
v 0.315933 0.287029 -0.192526
v 0.300134 0.317546 -0.184214
v 0.314864 0.313371 -0.216082
v 0.305527 0.293477 -0.188387
v 0.312882 0.291392 -0.204300
v 0.303097 0.297563 -0.199838
v 0.299194 0.317833 -0.197099
v 0.299728 0.304678 -0.185336
v 0.299014 0.305449 -0.197691
v 0.312490 0.301062 -0.212947
v 0.304601 0.316300 -0.208797
v 0.302821 0.304370 -0.205926
v 0.475590 0.844621 -0.191773
v 0.460757 0.822895 -0.215394
v 0.446027 0.827070 -0.183526
v 0.470700 0.842563 -0.203556
v 0.463345 0.844647 -0.187643
v 0.459129 0.842495 -0.199103
v 0.450494 0.825824 -0.208109
v 0.465256 0.834588 -0.212227
v 0.455296 0.836881 -0.205207
v 0.452494 0.838205 -0.184616
v 0.445087 0.827357 -0.196411
v 0.451489 0.837960 -0.196972
v 0.426208 0.255379 -0.137409
v 0.455771 0.272930 -0.145656
v 0.441041 0.277105 -0.113787
v 0.438453 0.255353 -0.141539
v 0.431098 0.257437 -0.125626
v 0.442669 0.257505 -0.130079
v 0.456711 0.272644 -0.132771
v 0.449304 0.261795 -0.144566
v 0.450308 0.262040 -0.132210
v 0.436542 0.265412 -0.116955
v 0.451304 0.274176 -0.121073
v 0.446502 0.263119 -0.123975
v 0.585865 0.812971 -0.136656
v 0.586934 0.786629 -0.113100
v 0.601664 0.782454 -0.144968
v 0.588915 0.808608 -0.124882
v 0.596271 0.806523 -0.140795
v 0.598701 0.802437 -0.129343
v 0.597197 0.783700 -0.120385
v 0.589308 0.798938 -0.116235
v 0.598977 0.795630 -0.123256
v 0.602070 0.795322 -0.143846
v 0.602604 0.782167 -0.132083
v 0.602783 0.794551 -0.131491
v 0.397585 0.263690 -0.222331
v 0.396515 0.290032 -0.245887
v 0.427147 0.281241 -0.230577
v 0.394534 0.268053 -0.234105
v 0.409830 0.263663 -0.226460
v 0.406441 0.268023 -0.237562
v 0.408903 0.286486 -0.246870
v 0.394141 0.277722 -0.242752
v 0.406165 0.274830 -0.243650
v 0.420681 0.270105 -0.229487
v 0.420147 0.283259 -0.241250
v 0.414081 0.272559 -0.239693
v 0.557241 0.821282 -0.221578
v 0.573040 0.790765 -0.229889
v 0.542409 0.799556 -0.245199
v 0.567647 0.814834 -0.225716
v 0.552352 0.819224 -0.233361
v 0.562473 0.812956 -0.236826
v 0.566040 0.792783 -0.240562
v 0.573447 0.803632 -0.228767
v 0.566556 0.805069 -0.238974
v 0.546907 0.811249 -0.242032
v 0.554796 0.796010 -0.246182
v 0.558640 0.807341 -0.242931
vn -0.4077 -0.8530 0.3259
vn -0.1681 -0.6707 0.7224
vn -0.0071 -0.2662 0.9639
vn -0.4666 -0.0941 0.8795
vn -0.8344 -0.0287 0.5504
vn -0.7468 -0.5046 0.4331
vn -0.4991 -0.4586 0.7352
vn 0.1342 0.2272 0.9646
vn 0.2119 0.6562 0.7242
vn 0.1053 0.9387 0.3283
vn -0.3669 0.8223 0.4349
vn -0.6932 0.4646 0.5510
vn -0.3467 0.3246 0.8800
vn -0.1812 0.6515 0.7367
vn -0.5709 -0.8056 -0.1584
vn -0.8854 -0.4644 0.0222
vn -0.9976 0.0187 0.0661
vn -0.9056 0.0333 -0.4229
vn -0.5998 -0.0941 -0.7946
vn -0.6070 -0.5433 -0.5800
vn -0.8663 -0.3520 -0.3543
vn -0.0579 0.9861 -0.1559
vn -0.2271 0.7837 -0.5782
vn -0.4585 0.3993 -0.7939
vn -0.7857 0.4521 -0.4224
vn -0.8564 0.5120 0.0668
vn -0.5054 0.8625 0.0240
vn -0.5485 0.7581 -0.3528
vn 0.0579 -0.9861 0.1559
vn 0.5054 -0.8626 -0.0240
vn 0.8564 -0.5120 -0.0668
vn 0.7857 -0.4521 0.4224
vn 0.4585 -0.3993 0.7939
vn 0.2271 -0.7837 0.5782
vn 0.5485 -0.7581 0.3528
vn 0.5709 0.8056 0.1584
vn 0.6070 0.5433 0.5800
vn 0.5998 0.0941 0.7946
vn 0.9056 -0.0333 0.4229
vn 0.9976 -0.0187 -0.0661
vn 0.8854 0.4644 -0.0222
vn 0.8663 0.3520 0.3543
vn -0.1053 -0.9387 -0.3283
vn -0.2119 -0.6562 -0.7242
vn -0.1342 -0.2272 -0.9646
vn 0.3467 -0.3246 -0.8800
vn 0.6932 -0.4646 -0.5510
vn 0.3669 -0.8223 -0.4349
vn 0.1812 -0.6515 -0.7367
vn 0.4077 0.8530 -0.3259
vn 0.7468 0.5046 -0.4331
vn 0.8344 0.0287 -0.5504
vn 0.4666 0.0941 -0.8795
vn 0.0071 0.2662 -0.9639
vn 0.1681 0.6707 -0.7224
vn 0.4991 0.4586 -0.7352
vn -0.5004 -0.8617 0.0843
vn -0.8362 -0.4964 0.2333
vn -0.9476 0.0020 0.3196
vn 0.0728 -0.0222 0.9971
vn -0.4166 0.1181 0.9014
vn -0.7942 0.2266 0.5638
vn 0.0314 0.9957 0.0868
vn -0.4469 0.8632 0.2351
vn -0.8053 0.4990 0.3203
vn -0.5417 0.1562 -0.8259
vn -0.8664 0.2487 -0.4330
vn -0.9586 0.2744 0.0760
vn -0.3481 -0.9048 -0.2451
vn -0.4195 -0.6145 -0.6681
vn -0.3784 -0.1593 -0.9118
vn 0.1837 0.9526 -0.2426
vn -0.0302 0.7451 -0.6663
vn -0.2361 0.3377 -0.9112
vn 0.7942 -0.2266 -0.5638
vn 0.4166 -0.1181 -0.9014
vn -0.0728 0.0222 -0.9971
vn -0.0314 -0.9957 -0.0868
vn 0.4469 -0.8632 -0.2351
vn 0.8053 -0.4990 -0.3203
vn 0.5004 0.8617 -0.0843
vn 0.8362 0.4964 -0.2333
vn 0.9476 -0.0020 -0.3196
vn 0.5417 -0.1562 0.8259
vn 0.8664 -0.2487 0.4330
vn 0.9586 -0.2744 -0.0760
vn -0.1837 -0.9526 0.2426
vn 0.0302 -0.7451 0.6663
vn 0.2361 -0.3377 0.9112
vn 0.3481 0.9048 0.2451
vn 0.4195 0.6145 0.6681
vn 0.3784 0.1593 0.9118
vn -0.2753 -0.9614 -0.0013
vn -0.9072 0.2593 0.3312
vn 0.3180 -0.0923 0.9436
vn 0.2753 0.9614 0.0013
vn -0.3180 0.0923 -0.9436
vn 0.9072 -0.2593 -0.3312
vt 0.169643 0.705357
vt 0.169643 0.727649
vt 0.148294 0.726706
vt 0.147351 0.705357
vt 0.169643 0.750000
vt 0.148294 0.750000
vt 0.385776 0.955357
vt 0.385776 1.000000
vt 0.375000 0.976706
vt 0.375000 0.955357
vt 0.385776 0.000000
vt 0.385776 0.022351
vt 0.375000 0.023294
vt 0.375000 0.000000
vt 0.385776 0.044643
vt 0.375000 0.044643
vt 0.125000 0.705357
vt 0.125000 0.726706
vt 0.614224 0.955357
vt 0.619605 0.955357
vt 0.619377 1.000000
vt 0.614224 1.000000
vt 0.625000 0.955357
vt 0.625000 1.000000
vt 0.830357 0.705357
vt 0.875000 0.705357
vt 0.875000 0.726706
vt 0.830357 0.750000
vt 0.625000 0.044643
vt 0.619605 0.044643
vt 0.619377 0.023294
vt 0.625000 0.023294
vt 0.614224 0.044643
vt 0.614224 0.022351
vt 0.614224 0.000000
vt 0.619377 0.000000
vt 0.169643 0.544643
vt 0.147351 0.544643
vt 0.148294 0.523294
vt 0.169643 0.522351
vt 0.125000 0.544643
vt 0.125000 0.523294
vt 0.385776 0.205357
vt 0.385776 0.227649
vt 0.375000 0.226706
vt 0.375000 0.205357
vt 0.385776 0.272351
vt 0.375000 0.273294
vt 0.385776 0.294643
vt 0.375000 0.294643
vt 0.169643 0.500000
vt 0.148294 0.500000
vt 0.830357 0.544643
vt 0.830357 0.500000
vt 0.875000 0.523294
vt 0.875000 0.544643
vt 0.625000 0.294643
vt 0.619605 0.294643
vt 0.619377 0.270582
vt 0.625000 0.236982
vt 0.614224 0.294643
vt 0.614224 0.272351
vt 0.614224 0.227649
vt 0.619377 0.226706
vt 0.614224 0.205357
vt 0.619605 0.205357
vt 0.625000 0.205357
vt 0.330357 0.705357
vt 0.352649 0.705357
vt 0.351706 0.726706
vt 0.330357 0.727649
vt 0.380395 0.705357
vt 0.379278 0.726706
vt 0.385776 0.705357
vt 0.385776 0.727649
vt 0.385776 0.772351
vt 0.366445 0.764739
vt 0.385776 0.794643
vt 0.352847 0.772490
vt 0.669643 0.705357
vt 0.647490 0.772153
vt 0.639739 0.758555
vt 0.647351 0.705357
vt 0.619605 0.794643
vt 0.619377 0.773294
vt 0.614224 0.794643
vt 0.614224 0.772351
vt 0.614224 0.727649
vt 0.619377 0.729418
vt 0.614224 0.705357
vt 0.619605 0.705357
vt 0.330357 0.544643
vt 0.330357 0.522351
vt 0.351706 0.523294
vt 0.352649 0.544643
vt 0.352847 0.477510
vt 0.366445 0.485261
vt 0.385776 0.455357
vt 0.385776 0.477649
vt 0.385776 0.522351
vt 0.379278 0.523294
vt 0.385776 0.544643
vt 0.380395 0.544643
vt 0.669643 0.544643
vt 0.647351 0.544643
vt 0.639739 0.491445
vt 0.647490 0.477847
vt 0.619605 0.544643
vt 0.619377 0.520582
vt 0.614224 0.544643
vt 0.614224 0.522351
vt 0.614224 0.477649
vt 0.619377 0.476706
vt 0.614224 0.455357
vt 0.619605 0.455357
s 0
usemtl OiledOak
f 405/618/391 408/619/391 410/620/391 409/621/391
f 408/619/392 412/622/392 413/623/392 410/620/392
f 406/624/393 411/625/393 413/626/393 412/627/393
f 411/628/394 415/629/394 416/630/394 413/631/394
f 407/632/395 414/633/395 416/630/395 415/629/395
f 414/634/396 409/621/396 410/620/396 416/635/396
f 410/620/397 413/623/397 416/635/397
f 417/636/398 420/637/398 422/638/398 421/639/398
f 420/637/399 424/640/399 425/641/399 422/638/399
f 418/642/400 423/643/400 425/644/400 424/645/400
f 423/646/401 427/647/401 428/648/401 425/649/401
f 419/650/402 426/651/402 428/648/402 427/647/402
f 426/651/403 421/652/403 422/653/403 428/648/403
f 422/653/404 425/649/404 428/648/404
f 429/654/405 432/655/405 434/656/405 433/657/405
f 432/655/406 436/658/406 437/659/406 434/656/406
f 430/660/407 435/661/407 437/662/407 436/663/407
f 435/661/408 439/664/408 440/665/408 437/662/408
f 431/666/409 438/667/409 440/665/409 439/664/409
f 438/668/410 433/657/410 434/656/410 440/669/410
f 434/656/411 437/659/411 440/669/411
f 441/670/412 444/671/412 446/672/412 445/673/412
f 444/674/413 448/675/413 449/676/413 446/677/413
f 442/678/414 447/679/414 449/676/414 448/675/414
f 447/679/415 451/680/415 452/681/415 449/676/415
f 443/682/416 450/683/416 452/681/416 451/680/416
f 450/683/417 445/684/417 446/677/417 452/681/417
f 446/677/418 449/676/418 452/681/418
f 453/685/419 456/686/419 458/687/419 457/688/419
f 456/686/420 460/689/420 461/690/420 458/687/420
f 454/691/421 459/692/421 461/690/421 460/689/421
f 459/692/422 463/693/422 464/694/422 461/690/422
f 455/695/423 462/696/423 464/694/423 463/693/423
f 462/696/424 457/688/424 458/687/424 464/694/424
f 458/687/425 461/690/425 464/694/425
f 465/697/426 468/698/426 470/699/426 469/700/426
f 468/698/427 472/701/427 473/702/427 470/699/427
f 466/703/428 471/704/428 473/702/428 472/701/428
f 471/704/429 475/705/429 476/706/429 473/702/429
f 467/707/430 474/708/430 476/706/430 475/705/430
f 474/708/431 469/700/431 470/699/431 476/706/431
f 470/699/432 473/702/432 476/706/432
f 477/709/433 480/710/433 482/711/433 481/712/433
f 480/710/434 484/713/434 485/714/434 482/711/434
f 478/715/435 483/716/435 485/714/435 484/713/435
f 483/716/436 487/717/436 488/718/436 485/714/436
f 479/719/437 486/720/437 488/718/437 487/717/437
f 486/720/438 481/712/438 482/711/438 488/718/438
f 482/711/439 485/714/439 488/718/439
f 489/721/440 492/722/440 494/723/440 493/724/440
f 492/722/441 496/725/441 497/726/441 494/723/441
f 490/727/442 495/728/442 497/726/442 496/725/442
f 495/728/443 499/729/443 500/730/443 497/726/443
f 491/731/444 498/732/444 500/730/444 499/729/444
f 498/732/445 493/724/445 494/723/445 500/730/445
f 494/723/446 497/726/446 500/730/446
f 429/654/447 405/618/447 409/621/447 432/655/447
f 432/655/448 409/621/448 414/634/448 436/658/448
f 436/663/449 414/633/449 407/632/449 430/660/449
f 406/624/450 417/636/450 421/639/450 411/625/450
f 411/628/451 421/652/451 426/651/451 415/629/451
f 415/629/452 426/651/452 419/650/452 407/632/452
f 418/642/453 441/670/453 445/673/453 423/643/453
f 423/646/454 445/684/454 450/683/454 427/647/454
f 427/647/455 450/683/455 443/682/455 419/650/455
f 442/678/456 431/666/456 439/664/456 447/679/456
f 447/679/457 439/664/457 435/661/457 451/680/457
f 451/680/458 435/661/458 430/660/458 443/682/458
f 477/709/459 429/654/459 433/657/459 480/710/459
f 480/710/460 433/657/460 438/668/460 484/713/460
f 484/713/461 438/667/461 431/666/461 478/715/461
f 441/670/462 489/721/462 493/724/462 444/671/462
f 444/674/463 493/724/463 498/732/463 448/675/463
f 448/675/464 498/732/464 491/731/464 442/678/464
f 490/727/465 479/719/465 487/717/465 495/728/465
f 495/728/466 487/717/466 483/716/466 499/729/466
f 499/729/467 483/716/467 478/715/467 491/731/467
f 453/685/468 477/709/468 481/712/468 456/686/468
f 456/686/469 481/712/469 486/720/469 460/689/469
f 460/689/470 486/720/470 479/719/470 454/691/470
f 489/721/471 465/697/471 469/700/471 492/722/471
f 492/722/472 469/700/472 474/708/472 496/725/472
f 496/725/473 474/708/473 467/707/473 490/727/473
f 466/703/474 455/695/474 463/693/474 471/704/474
f 471/704/475 463/693/475 459/692/475 475/705/475
f 475/705/476 459/692/476 454/691/476 467/707/476
f 405/618/477 453/685/477 457/688/477 408/619/477
f 408/619/478 457/688/478 462/696/478 412/622/478
f 412/627/479 462/696/479 455/695/479 406/624/479
f 465/697/480 418/642/480 424/645/480 468/698/480
f 468/698/481 424/640/481 420/637/481 472/701/481
f 472/701/482 420/637/482 417/636/482 466/703/482
f 429/654/483 477/709/483 453/685/483 405/618/483
f 407/632/484 419/650/484 443/682/484 430/660/484
f 455/695/485 466/703/485 417/636/485 406/624/485
f 489/721/486 441/670/486 418/642/486 465/697/486
f 431/666/487 442/678/487 491/731/487 478/715/487
f 479/719/488 490/727/488 467/707/488 454/691/488
o bone_ward_spike
v 0.449535 0.608987 -0.256713
v 0.540888 0.937135 -0.197196
v 0.512840 0.595538 -0.249838
v 0.551017 0.934983 -0.196096
v 0.547047 0.588242 -0.194953
v 0.556490 0.933816 -0.187314
v 0.526397 0.592593 -0.133387
v 0.553186 0.934512 -0.177463
v 0.466439 0.605315 -0.111501
v 0.543593 0.936548 -0.173962
v 0.412324 0.616828 -0.145775
v 0.534934 0.938390 -0.179445
v 0.404801 0.618462 -0.210401
v 0.533731 0.938651 -0.189786
vn 0.1362 0.1400 -0.9807
vn 0.8479 -0.0115 -0.5300
vn 0.9469 -0.0329 0.3199
vn 0.3586 0.0917 0.9290
vn -0.4740 0.2685 0.8386
vn 0.2078 0.9782 0.0005
vn -0.9239 0.3645 0.1168
vn -0.6523 0.3073 -0.6929
vn -0.2078 -0.9782 -0.0005
vt 1.000000 0.500000
vt 1.000000 1.000000
vt 0.857143 1.000000
vt 0.857143 0.500000
vt 0.714286 1.000000
vt 0.714286 0.500000
vt 0.571429 1.000000
vt 0.571429 0.500000
vt 0.428571 1.000000
vt 0.428571 0.500000
vt 0.285714 1.000000
vt 0.285714 0.500000
vt 0.437640 0.399638
vt 0.250000 0.490000
vt 0.062360 0.399638
vt 0.016017 0.196595
vt 0.145868 0.033767
vt 0.354132 0.033767
vt 0.483983 0.196595
vt 0.142857 1.000000
vt 0.142857 0.500000
vt 0.000000 1.000000
vt 0.000000 0.500000
vt 0.750000 0.490000
vt 0.937640 0.399638
vt 0.983983 0.196595
vt 0.854132 0.033767
vt 0.645868 0.033767
vt 0.516017 0.196595
vt 0.562360 0.399638
s 0
usemtl PlateEdge
f 501/733/489 502/734/489 504/735/489 503/736/489
f 503/736/490 504/735/490 506/737/490 505/738/490
f 505/738/491 506/737/491 508/739/491 507/740/491
f 507/740/492 508/739/492 510/741/492 509/742/492
f 509/742/493 510/741/493 512/743/493 511/744/493
f 504/745/494 502/746/494 514/747/494 512/748/494 510/749/494 508/750/494 506/751/494
f 511/744/495 512/743/495 514/752/495 513/753/495
f 513/753/496 514/752/496 502/754/496 501/755/496
f 501/756/497 503/757/497 505/758/497 507/759/497 509/760/497 511/761/497 513/762/497
o oak_ritual_brace.001
v -0.188616 0.255285 -0.424138
v -0.159266 0.272866 -0.433054
v -0.173202 0.276929 -0.400816
v -0.176478 0.255274 -0.428571
v -0.183436 0.257303 -0.412473
v -0.171979 0.257386 -0.417211
v -0.158007 0.272535 -0.420197
v -0.165704 0.261727 -0.431843
v -0.164394 0.261929 -0.419515
v -0.177778 0.265247 -0.403912
v -0.163122 0.274026 -0.408364
v -0.167995 0.262979 -0.411184
v -0.013376 0.782390 -0.434211
v -0.028963 0.812878 -0.425404
v -0.027311 0.786453 -0.401972
v -0.012942 0.795254 -0.433054
v -0.012117 0.782059 -0.421354
v -0.011922 0.794440 -0.420724
v -0.025621 0.808473 -0.413723
v -0.018663 0.806444 -0.429821
v -0.015950 0.802319 -0.418448
v -0.017232 0.783550 -0.409520
v -0.025015 0.798774 -0.405123
v -0.015523 0.795490 -0.412393
v -0.269502 0.278518 -0.392237
v -0.254088 0.300161 -0.368915
v -0.285089 0.309005 -0.383430
v -0.264322 0.280535 -0.380571
v -0.279803 0.284951 -0.387819
v -0.274354 0.286790 -0.376834
v -0.266447 0.303703 -0.367613
v -0.258664 0.288479 -0.372010
v -0.270370 0.292384 -0.370807
v -0.285524 0.296142 -0.384586
v -0.277827 0.306949 -0.372941
v -0.278382 0.294669 -0.374559
v -0.109849 0.836110 -0.393502
v -0.139199 0.818529 -0.384586
v -0.108197 0.809685 -0.370071
v -0.121988 0.836121 -0.389070
v -0.106507 0.831705 -0.381822
v -0.118325 0.831723 -0.378071
v -0.131936 0.816473 -0.374097
v -0.132761 0.829668 -0.385797
v -0.125910 0.827180 -0.375767
v -0.105901 0.822006 -0.373221
v -0.120557 0.813227 -0.368769
v -0.117899 0.824894 -0.372016
v -0.219336 0.263890 -0.508294
v -0.220988 0.290315 -0.531726
v -0.189986 0.281471 -0.517210
v -0.222678 0.268295 -0.519975
v -0.207197 0.263879 -0.512727
v -0.210860 0.268277 -0.523725
v -0.208628 0.286773 -0.533028
v -0.223284 0.277994 -0.528575
v -0.211287 0.275106 -0.529781
v -0.196424 0.270332 -0.515999
v -0.197249 0.283527 -0.527700
v -0.203275 0.272820 -0.526030
v -0.059683 0.821482 -0.509560
v -0.044096 0.790995 -0.518367
v -0.075098 0.799839 -0.532882
v -0.049383 0.815049 -0.513978
v -0.064863 0.819465 -0.521226
v -0.054831 0.813210 -0.524962
v -0.051359 0.793051 -0.528856
v -0.043661 0.803858 -0.517210
v -0.050803 0.805331 -0.527238
v -0.070521 0.811521 -0.529786
v -0.062738 0.796297 -0.534184
v -0.058815 0.807616 -0.530989
v -0.300222 0.287122 -0.476393
v -0.315809 0.317610 -0.467586
v -0.301874 0.313547 -0.499824
v -0.310522 0.293556 -0.471975
v -0.303564 0.291527 -0.488073
v -0.313235 0.297681 -0.483349
v -0.317068 0.317941 -0.480443
v -0.316244 0.304747 -0.468743
v -0.317263 0.305560 -0.481073
v -0.304170 0.301226 -0.496674
v -0.311953 0.316450 -0.492276
v -0.313662 0.304510 -0.489404
v -0.140569 0.844715 -0.477658
v -0.155984 0.823071 -0.500980
v -0.169919 0.827134 -0.468742
v -0.145749 0.842697 -0.489324
v -0.152708 0.844726 -0.473226
v -0.157207 0.842614 -0.484585
v -0.166063 0.825974 -0.493432
v -0.151407 0.834753 -0.497885
v -0.161190 0.837021 -0.490612
v -0.163481 0.838273 -0.469953
v -0.171178 0.827465 -0.481599
v -0.164791 0.838071 -0.482281
vn 0.0617 -0.9866 0.1510
vn 0.5046 -0.8624 -0.0395
vn 0.8544 -0.5118 -0.0898
vn 0.7959 -0.4535 0.4012
vn 0.4780 -0.4020 0.7809
vn 0.2413 -0.7857 0.5696
vn 0.5570 -0.7593 0.3365
vn 0.9957 -0.0184 -0.0909
vn 0.8846 0.4645 -0.0425
vn 0.5747 0.8051 0.1469
vn 0.6213 0.5413 0.5666
vn 0.6193 0.0914 0.7798
vn 0.9158 -0.0348 0.4002
vn 0.8749 0.3508 0.3340
vn -0.3995 -0.8541 0.3329
vn -0.1501 -0.6732 0.7240
vn 0.0168 -0.2695 0.9628
vn -0.4446 -0.0972 0.8904
vn -0.8205 -0.0307 0.5708
vn -0.7359 -0.5061 0.4498
vn -0.4807 -0.4612 0.7458
vn 0.1135 0.9375 0.3289
vn -0.3559 0.8208 0.4468
vn -0.6793 0.4627 0.5697
vn -0.3247 0.3215 0.8895
vn 0.1581 0.2238 0.9617
vn 0.2298 0.6537 0.7210
vn -0.1629 0.6489 0.7432
vn -0.1135 -0.9375 -0.3289
vn -0.2298 -0.6537 -0.7210
vn -0.1581 -0.2238 -0.9617
vn 0.3247 -0.3215 -0.8895
vn 0.6793 -0.4627 -0.5697
vn 0.3559 -0.8208 -0.4468
vn 0.1629 -0.6489 -0.7432
vn 0.3995 0.8541 -0.3329
vn 0.7359 0.5061 -0.4498
vn 0.8205 0.0307 -0.5708
vn 0.4446 0.0972 -0.8904
vn -0.0168 0.2695 -0.9628
vn 0.1501 0.6732 -0.7240
vn 0.4807 0.4612 -0.7458
vn -0.5747 -0.8051 -0.1469
vn -0.8846 -0.4645 0.0425
vn -0.9957 0.0184 0.0909
vn -0.9158 0.0348 -0.4002
vn -0.6193 -0.0914 -0.7798
vn -0.6213 -0.5413 -0.5666
vn -0.8749 -0.3508 -0.3340
vn -0.0617 0.9866 -0.1510
vn -0.2413 0.7857 -0.5696
vn -0.4780 0.4020 -0.7809
vn -0.7959 0.4535 -0.4012
vn -0.8544 0.5118 0.0898
vn -0.5046 0.8624 0.0395
vn -0.5570 0.7593 -0.3365
vn -0.1777 -0.9534 0.2438
vn 0.0467 -0.7474 0.6627
vn 0.2586 -0.3408 0.9039
vn 0.9564 -0.2741 -0.1007
vn 0.8769 -0.2501 0.4106
vn 0.5620 -0.1591 0.8117
vn 0.3541 0.9040 0.2396
vn 0.4360 0.6122 0.6597
vn 0.4009 0.1561 0.9027
vn -0.7800 0.2247 0.5841
vn -0.3941 0.1149 0.9118
vn 0.0975 -0.0256 0.9949
vn -0.4982 -0.8620 0.0937
vn -0.8301 -0.4973 0.2522
vn -0.9393 0.0009 0.3430
vn 0.0336 0.9954 0.0895
vn -0.4409 0.8623 0.2491
vn -0.7971 0.4978 0.3419
vn -0.5620 0.1591 -0.8117
vn -0.8769 0.2501 -0.4106
vn -0.9564 0.2741 0.1007
vn -0.3541 -0.9040 -0.2396
vn -0.4360 -0.6122 -0.6597
vn -0.4009 -0.1561 -0.9027
vn 0.1777 0.9534 -0.2438
vn -0.0467 0.7474 -0.6627
vn -0.2586 0.3408 -0.9039
vn 0.7800 -0.2247 -0.5841
vn 0.3941 -0.1149 -0.9118
vn -0.0975 0.0256 -0.9949
vn -0.0336 -0.9954 -0.0895
vn 0.4409 -0.8623 -0.2491
vn 0.7971 -0.4978 -0.3419
vn 0.4982 0.8620 -0.0937
vn 0.8301 0.4973 -0.2522
vn 0.9393 -0.0009 -0.3430
vn -0.2753 -0.9614 0.0022
vn 0.3413 -0.0956 0.9351
vn 0.8987 -0.2581 -0.3545
vn 0.2753 0.9614 -0.0022
vn -0.8987 0.2581 0.3545
vn -0.3413 0.0956 -0.9351
vt 0.169643 0.705357
vt 0.169643 0.727649
vt 0.148294 0.726706
vt 0.147351 0.705357
vt 0.169643 0.750000
vt 0.148294 0.750000
vt 0.385776 0.955357
vt 0.385776 1.000000
vt 0.375000 0.976706
vt 0.375000 0.955357
vt 0.385776 0.000000
vt 0.385776 0.022351
vt 0.375000 0.023294
vt 0.375000 0.000000
vt 0.385776 0.044643
vt 0.375000 0.044643
vt 0.125000 0.705357
vt 0.125000 0.726706
vt 0.614224 0.955357
vt 0.619605 0.955357
vt 0.619377 1.000000
vt 0.614224 1.000000
vt 0.625000 0.955357
vt 0.625000 1.000000
vt 0.830357 0.705357
vt 0.875000 0.705357
vt 0.875000 0.726706
vt 0.830357 0.750000
vt 0.625000 0.044643
vt 0.619605 0.044643
vt 0.619377 0.023294
vt 0.625000 0.023294
vt 0.614224 0.044643
vt 0.614224 0.022351
vt 0.614224 0.000000
vt 0.619377 0.000000
vt 0.169643 0.544643
vt 0.147351 0.544643
vt 0.148294 0.523294
vt 0.169643 0.522351
vt 0.125000 0.544643
vt 0.125000 0.523294
vt 0.385776 0.205357
vt 0.385776 0.227649
vt 0.375000 0.226706
vt 0.375000 0.205357
vt 0.385776 0.272351
vt 0.375000 0.273294
vt 0.385776 0.294643
vt 0.375000 0.294643
vt 0.169643 0.500000
vt 0.148294 0.500000
vt 0.830357 0.544643
vt 0.830357 0.500000
vt 0.875000 0.523294
vt 0.875000 0.544643
vt 0.625000 0.294643
vt 0.619605 0.294643
vt 0.619377 0.270582
vt 0.625000 0.236982
vt 0.614224 0.294643
vt 0.614224 0.272351
vt 0.614224 0.227649
vt 0.619377 0.226706
vt 0.614224 0.205357
vt 0.619605 0.205357
vt 0.625000 0.205357
vt 0.330357 0.705357
vt 0.352649 0.705357
vt 0.351706 0.726706
vt 0.330357 0.727649
vt 0.380395 0.705357
vt 0.379278 0.726706
vt 0.385776 0.705357
vt 0.385776 0.727649
vt 0.385776 0.772351
vt 0.366445 0.764739
vt 0.385776 0.794643
vt 0.352847 0.772490
vt 0.669643 0.705357
vt 0.647490 0.772153
vt 0.639739 0.758555
vt 0.647351 0.705357
vt 0.619605 0.794643
vt 0.619377 0.773294
vt 0.614224 0.794643
vt 0.614224 0.772351
vt 0.614224 0.727649
vt 0.619377 0.729418
vt 0.614224 0.705357
vt 0.619605 0.705357
vt 0.330357 0.544643
vt 0.330357 0.522351
vt 0.351706 0.523294
vt 0.352649 0.544643
vt 0.352847 0.477510
vt 0.366445 0.485261
vt 0.385776 0.455357
vt 0.385776 0.477649
vt 0.385776 0.522351
vt 0.379278 0.523294
vt 0.385776 0.544643
vt 0.380395 0.544643
vt 0.669643 0.544643
vt 0.647351 0.544643
vt 0.639739 0.491445
vt 0.647490 0.477847
vt 0.619605 0.544643
vt 0.619377 0.520582
vt 0.614224 0.544643
vt 0.614224 0.522351
vt 0.614224 0.477649
vt 0.619377 0.476706
vt 0.614224 0.455357
vt 0.619605 0.455357
s 0
usemtl OiledOak
f 515/763/498 518/764/498 520/765/498 519/766/498
f 518/764/499 522/767/499 523/768/499 520/765/499
f 516/769/500 521/770/500 523/771/500 522/772/500
f 521/773/501 525/774/501 526/775/501 523/776/501
f 517/777/502 524/778/502 526/775/502 525/774/502
f 524/779/503 519/766/503 520/765/503 526/780/503
f 520/765/504 523/768/504 526/780/504
f 527/781/505 530/782/505 532/783/505 531/784/505
f 530/782/506 534/785/506 535/786/506 532/783/506
f 528/787/507 533/788/507 535/789/507 534/790/507
f 533/791/508 537/792/508 538/793/508 535/794/508
f 529/795/509 536/796/509 538/793/509 537/792/509
f 536/796/510 531/797/510 532/798/510 538/793/510
f 532/798/511 535/794/511 538/793/511
f 539/799/512 542/800/512 544/801/512 543/802/512
f 542/800/513 546/803/513 547/804/513 544/801/513
f 540/805/514 545/806/514 547/807/514 546/808/514
f 545/806/515 549/809/515 550/810/515 547/807/515
f 541/811/516 548/812/516 550/810/516 549/809/516
f 548/813/517 543/802/517 544/801/517 550/814/517
f 544/801/518 547/804/518 550/814/518
f 551/815/519 554/816/519 556/817/519 555/818/519
f 554/819/520 558/820/520 559/821/520 556/822/520
f 552/823/521 557/824/521 559/821/521 558/820/521
f 557/824/522 561/825/522 562/826/522 559/821/522
f 553/827/523 560/828/523 562/826/523 561/825/523
f 560/828/524 555/829/524 556/822/524 562/826/524
f 556/822/525 559/821/525 562/826/525
f 563/830/526 566/831/526 568/832/526 567/833/526
f 566/831/527 570/834/527 571/835/527 568/832/527
f 564/836/528 569/837/528 571/835/528 570/834/528
f 569/837/529 573/838/529 574/839/529 571/835/529
f 565/840/530 572/841/530 574/839/530 573/838/530
f 572/841/531 567/833/531 568/832/531 574/839/531
f 568/832/532 571/835/532 574/839/532
f 575/842/533 578/843/533 580/844/533 579/845/533
f 578/843/534 582/846/534 583/847/534 580/844/534
f 576/848/535 581/849/535 583/847/535 582/846/535
f 581/849/536 585/850/536 586/851/536 583/847/536
f 577/852/537 584/853/537 586/851/537 585/850/537
f 584/853/538 579/845/538 580/844/538 586/851/538
f 580/844/539 583/847/539 586/851/539
f 587/854/540 590/855/540 592/856/540 591/857/540
f 590/855/541 594/858/541 595/859/541 592/856/541
f 588/860/542 593/861/542 595/859/542 594/858/542
f 593/861/543 597/862/543 598/863/543 595/859/543
f 589/864/544 596/865/544 598/863/544 597/862/544
f 596/865/545 591/857/545 592/856/545 598/863/545
f 592/856/546 595/859/546 598/863/546
f 599/866/547 602/867/547 604/868/547 603/869/547
f 602/867/548 606/870/548 607/871/548 604/868/548
f 600/872/549 605/873/549 607/871/549 606/870/549
f 605/873/550 609/874/550 610/875/550 607/871/550
f 601/876/551 608/877/551 610/875/551 609/874/551
f 608/877/552 603/869/552 604/868/552 610/875/552
f 604/868/553 607/871/553 610/875/553
f 539/799/554 515/763/554 519/766/554 542/800/554
f 542/800/555 519/766/555 524/779/555 546/803/555
f 546/808/556 524/778/556 517/777/556 540/805/556
f 516/769/557 527/781/557 531/784/557 521/770/557
f 521/773/558 531/797/558 536/796/558 525/774/558
f 525/774/559 536/796/559 529/795/559 517/777/559
f 528/787/560 551/815/560 555/818/560 533/788/560
f 533/791/561 555/829/561 560/828/561 537/792/561
f 537/792/562 560/828/562 553/827/562 529/795/562
f 552/823/563 541/811/563 549/809/563 557/824/563
f 557/824/564 549/809/564 545/806/564 561/825/564
f 561/825/565 545/806/565 540/805/565 553/827/565
f 587/854/566 539/799/566 543/802/566 590/855/566
f 590/855/567 543/802/567 548/813/567 594/858/567
f 594/858/568 548/812/568 541/811/568 588/860/568
f 551/815/569 599/866/569 603/869/569 554/816/569
f 554/819/570 603/869/570 608/877/570 558/820/570
f 558/820/571 608/877/571 601/876/571 552/823/571
f 600/872/572 589/864/572 597/862/572 605/873/572
f 605/873/573 597/862/573 593/861/573 609/874/573
f 609/874/574 593/861/574 588/860/574 601/876/574
f 563/830/575 587/854/575 591/857/575 566/831/575
f 566/831/576 591/857/576 596/865/576 570/834/576
f 570/834/577 596/865/577 589/864/577 564/836/577
f 599/866/578 575/842/578 579/845/578 602/867/578
f 602/867/579 579/845/579 584/853/579 606/870/579
f 606/870/580 584/853/580 577/852/580 600/872/580
f 576/848/581 565/840/581 573/838/581 581/849/581
f 581/849/582 573/838/582 569/837/582 585/850/582
f 585/850/583 569/837/583 564/836/583 577/852/583
f 515/763/584 563/830/584 567/833/584 518/764/584
f 518/764/585 567/833/585 572/841/585 522/767/585
f 522/772/586 572/841/586 565/840/586 516/769/586
f 575/842/587 528/787/587 534/790/587 578/843/587
f 578/843/588 534/785/588 530/782/588 582/846/588
f 582/846/589 530/782/589 527/781/589 576/848/589
f 539/799/590 587/854/590 563/830/590 515/763/590
f 517/777/591 529/795/591 553/827/591 540/805/591
f 565/840/592 576/848/592 527/781/592 516/769/592
f 599/866/593 551/815/593 528/787/593 575/842/593
f 541/811/594 552/823/594 601/876/594 588/860/594
f 589/864/595 600/872/595 577/852/595 564/836/595
o bone_ward_spike.001
v -0.290041 0.618332 -0.483148
v -0.161669 0.938630 -0.505479
v -0.284217 0.617034 -0.547957
v -0.160737 0.938423 -0.515848
v -0.231021 0.605702 -0.583700
v -0.152226 0.936610 -0.521567
v -0.170511 0.592870 -0.563462
v -0.142544 0.934556 -0.518329
v -0.148252 0.588200 -0.502483
v -0.138983 0.933809 -0.508572
v -0.181005 0.595209 -0.446681
v -0.144223 0.934931 -0.499644
v -0.244107 0.608619 -0.438076
v -0.154319 0.937076 -0.498267
vn -0.9266 0.3650 -0.0906
vn -0.4958 0.2729 -0.8244
vn 0.3341 0.0965 -0.9376
vn 0.9381 -0.0312 -0.3448
vn 0.8616 -0.0142 0.5075
vn 0.2078 0.9782 -0.0009
vn 0.1620 0.1349 0.9775
vn -0.6338 0.3036 0.7114
vn -0.2078 -0.9782 0.0009
vt 1.000000 0.500000
vt 1.000000 1.000000
vt 0.857143 1.000000
vt 0.857143 0.500000
vt 0.714286 1.000000
vt 0.714286 0.500000
vt 0.571429 1.000000
vt 0.571429 0.500000
vt 0.428571 1.000000
vt 0.428571 0.500000
vt 0.285714 1.000000
vt 0.285714 0.500000
vt 0.437640 0.399638
vt 0.250000 0.490000
vt 0.062360 0.399638
vt 0.016017 0.196595
vt 0.145868 0.033767
vt 0.354132 0.033767
vt 0.483983 0.196595
vt 0.142857 1.000000
vt 0.142857 0.500000
vt 0.000000 1.000000
vt 0.000000 0.500000
vt 0.750000 0.490000
vt 0.937640 0.399638
vt 0.983983 0.196595
vt 0.854132 0.033767
vt 0.645868 0.033767
vt 0.516017 0.196595
vt 0.562360 0.399638
s 0
usemtl PlateEdge
f 611/878/596 612/879/596 614/880/596 613/881/596
f 613/881/597 614/880/597 616/882/597 615/883/597
f 615/883/598 616/882/598 618/884/598 617/885/598
f 617/885/599 618/884/599 620/886/599 619/887/599
f 619/887/600 620/886/600 622/888/600 621/889/600
f 614/890/601 612/891/601 624/892/601 622/893/601 620/894/601 618/895/601 616/896/601
f 621/889/602 622/888/602 624/897/602 623/898/602
f 623/898/603 624/897/603 612/899/603 611/900/603
f 611/901/604 613/902/604 615/903/604 617/904/604 619/905/604 621/906/604 623/907/604
o oak_ritual_brace.002
v -0.504212 0.263690 0.106854
v -0.505282 0.290032 0.083298
v -0.474650 0.281241 0.098607
v -0.507263 0.268053 0.095080
v -0.491967 0.263663 0.102724
v -0.495356 0.268023 0.091623
v -0.492894 0.286487 0.082315
v -0.507656 0.277723 0.086433
v -0.495632 0.274831 0.085535
v -0.481116 0.270105 0.099697
v -0.481650 0.283260 0.087934
v -0.487716 0.272559 0.089492
v -0.359389 0.799556 0.083986
v -0.344556 0.821282 0.107607
v -0.328757 0.790765 0.099295
v -0.354890 0.811249 0.087153
v -0.347001 0.796011 0.083003
v -0.343157 0.807341 0.086254
v -0.334150 0.814834 0.103469
v -0.349445 0.819224 0.095824
v -0.339324 0.812956 0.092359
v -0.335757 0.792783 0.088622
v -0.328350 0.803632 0.100418
v -0.335241 0.805069 0.090211
v -0.475589 0.255379 0.191776
v -0.446026 0.272930 0.183529
v -0.460756 0.277105 0.215397
v -0.463344 0.255353 0.187646
v -0.470699 0.257437 0.203559
v -0.459128 0.257505 0.199105
v -0.445086 0.272643 0.196414
v -0.452492 0.261795 0.184619
v -0.451488 0.262040 0.196974
v -0.465254 0.265412 0.212230
v -0.450492 0.274176 0.208112
v -0.455294 0.263119 0.205210
v -0.315932 0.812971 0.192528
v -0.314863 0.786629 0.216085
v -0.300133 0.782454 0.184217
v -0.312881 0.808608 0.204303
v -0.305526 0.806523 0.188390
v -0.303096 0.802437 0.199841
v -0.304599 0.783700 0.208800
v -0.312488 0.798938 0.212950
v -0.302819 0.795630 0.205929
v -0.299726 0.795321 0.185339
v -0.299192 0.782167 0.197102
v -0.299013 0.794551 0.197693
v -0.585864 0.287029 0.136660
v -0.601663 0.317546 0.144972
v -0.586933 0.313371 0.113103
v -0.596270 0.293477 0.140799
v -0.588915 0.291392 0.124885
v -0.598700 0.297563 0.129347
v -0.602603 0.317833 0.132087
v -0.602069 0.304679 0.143850
v -0.602782 0.305449 0.131495
v -0.589307 0.301062 0.116239
v -0.597196 0.316300 0.120389
v -0.598976 0.304370 0.123260
v -0.426207 0.844621 0.137413
v -0.441040 0.822895 0.113791
v -0.455769 0.827070 0.145660
v -0.431097 0.842563 0.125629
v -0.438452 0.844647 0.141543
v -0.442668 0.842495 0.130083
v -0.451303 0.825824 0.121077
v -0.436541 0.834588 0.116959
v -0.446501 0.836881 0.123979
v -0.449303 0.838205 0.144570
v -0.456710 0.827357 0.132775
v -0.450307 0.837960 0.132214
v -0.557240 0.278718 0.221581
v -0.542407 0.300444 0.245203
v -0.573039 0.309235 0.229893
v -0.552350 0.280776 0.233365
v -0.567646 0.285166 0.225720
v -0.562471 0.287044 0.236830
v -0.554795 0.303989 0.246186
v -0.546905 0.288751 0.242035
v -0.558638 0.292659 0.242934
v -0.573445 0.296368 0.228771
v -0.566038 0.307217 0.240566
v -0.566554 0.294931 0.238978
v -0.397583 0.836310 0.222334
v -0.427146 0.818759 0.230581
v -0.396514 0.809968 0.245891
v -0.409828 0.836337 0.226464
v -0.394532 0.831947 0.234109
v -0.406439 0.831977 0.237565
v -0.420145 0.816741 0.241254
v -0.420679 0.829895 0.229491
v -0.414079 0.827441 0.239697
v -0.394140 0.822277 0.242756
v -0.408901 0.813513 0.246874
v -0.406163 0.825169 0.243653
vn -0.1053 -0.9387 -0.3283
vn -0.2119 -0.6562 -0.7242
vn -0.1342 -0.2272 -0.9646
vn 0.3467 -0.3246 -0.8800
vn 0.6932 -0.4646 -0.5510
vn 0.3669 -0.8223 -0.4349
vn 0.1812 -0.6515 -0.7367
vn 0.0071 0.2662 -0.9639
vn 0.1681 0.6707 -0.7224
vn 0.4077 0.8530 -0.3259
vn 0.7468 0.5046 -0.4331
vn 0.8344 0.0287 -0.5504
vn 0.4666 0.0941 -0.8795
vn 0.4991 0.4586 -0.7352
vn 0.0579 -0.9861 0.1559
vn 0.5054 -0.8625 -0.0240
vn 0.8564 -0.5120 -0.0668
vn 0.7857 -0.4521 0.4224
vn 0.4585 -0.3993 0.7939
vn 0.2271 -0.7837 0.5782
vn 0.5485 -0.7581 0.3528
vn 0.5709 0.8056 0.1583
vn 0.6070 0.5433 0.5800
vn 0.5998 0.0941 0.7946
vn 0.9056 -0.0333 0.4229
vn 0.9976 -0.0187 -0.0661
vn 0.8854 0.4644 -0.0222
vn 0.8663 0.3520 0.3543
vn -0.5709 -0.8056 -0.1583
vn -0.8854 -0.4644 0.0222
vn -0.9976 0.0187 0.0661
vn -0.9056 0.0333 -0.4229
vn -0.5998 -0.0941 -0.7946
vn -0.6070 -0.5433 -0.5800
vn -0.8663 -0.3520 -0.3543
vn -0.0579 0.9861 -0.1559
vn -0.2271 0.7837 -0.5782
vn -0.4585 0.3993 -0.7939
vn -0.7857 0.4521 -0.4224
vn -0.8564 0.5120 0.0668
vn -0.5054 0.8625 0.0240
vn -0.5485 0.7581 -0.3528
vn -0.4077 -0.8530 0.3259
vn -0.1681 -0.6707 0.7224
vn -0.0071 -0.2662 0.9639
vn -0.4666 -0.0941 0.8795
vn -0.8344 -0.0287 0.5504
vn -0.7468 -0.5046 0.4331
vn -0.4991 -0.4586 0.7352
vn 0.1053 0.9387 0.3283
vn -0.3669 0.8223 0.4349
vn -0.6932 0.4646 0.5510
vn -0.3467 0.3246 0.8800
vn 0.1342 0.2272 0.9646
vn 0.2119 0.6562 0.7242
vn -0.1812 0.6515 0.7367
vn -0.0314 -0.9957 -0.0868
vn 0.4469 -0.8632 -0.2351
vn 0.8053 -0.4990 -0.3203
vn -0.0728 0.0222 -0.9971
vn 0.4166 -0.1181 -0.9014
vn 0.7942 -0.2266 -0.5638
vn 0.5004 0.8617 -0.0843
vn 0.8362 0.4964 -0.2333
vn 0.9476 -0.0020 -0.3196
vn 0.5417 -0.1562 0.8259
vn 0.8664 -0.2487 0.4330
vn 0.9586 -0.2744 -0.0761
vn -0.1837 -0.9526 0.2426
vn 0.0302 -0.7451 0.6663
vn 0.2361 -0.3377 0.9112
vn 0.3481 0.9048 0.2451
vn 0.4195 0.6145 0.6681
vn 0.3784 0.1593 0.9118
vn -0.7942 0.2266 0.5638
vn -0.4166 0.1181 0.9014
vn 0.0728 -0.0222 0.9971
vn -0.5004 -0.8617 0.0843
vn -0.8362 -0.4964 0.2333
vn -0.9476 0.0020 0.3196
vn 0.0314 0.9957 0.0868
vn -0.4469 0.8632 0.2351
vn -0.8053 0.4990 0.3203
vn -0.5417 0.1562 -0.8259
vn -0.8664 0.2487 -0.4330
vn -0.9586 0.2744 0.0761
vn -0.3481 -0.9048 -0.2451
vn -0.4195 -0.6145 -0.6681
vn -0.3784 -0.1593 -0.9118
vn 0.1837 0.9526 -0.2426
vn -0.0302 0.7451 -0.6663
vn -0.2361 0.3377 -0.9112
vn -0.2753 -0.9614 -0.0013
vn 0.9072 -0.2593 -0.3312
vn -0.3180 0.0923 -0.9436
vn 0.2753 0.9614 0.0013
vn 0.3180 -0.0923 0.9436
vn -0.9072 0.2593 0.3312
vt 0.169643 0.705357
vt 0.169643 0.727649
vt 0.148294 0.726706
vt 0.147351 0.705357
vt 0.169643 0.750000
vt 0.148294 0.750000
vt 0.385776 0.955357
vt 0.385776 1.000000
vt 0.375000 0.976706
vt 0.375000 0.955357
vt 0.385776 0.000000
vt 0.385776 0.022351
vt 0.375000 0.023294
vt 0.375000 0.000000
vt 0.385776 0.044643
vt 0.375000 0.044643
vt 0.125000 0.705357
vt 0.125000 0.726706
vt 0.614224 0.955357
vt 0.619605 0.955357
vt 0.619377 1.000000
vt 0.614224 1.000000
vt 0.625000 0.955357
vt 0.625000 1.000000
vt 0.830357 0.705357
vt 0.875000 0.705357
vt 0.875000 0.726706
vt 0.830357 0.750000
vt 0.625000 0.044643
vt 0.619605 0.044643
vt 0.619377 0.023294
vt 0.625000 0.023294
vt 0.614224 0.044643
vt 0.614224 0.022351
vt 0.614224 0.000000
vt 0.619377 0.000000
vt 0.169643 0.544643
vt 0.147351 0.544643
vt 0.148294 0.523294
vt 0.169643 0.522351
vt 0.125000 0.544643
vt 0.125000 0.523294
vt 0.385776 0.205357
vt 0.385776 0.227649
vt 0.375000 0.226706
vt 0.375000 0.205357
vt 0.385776 0.272351
vt 0.375000 0.273294
vt 0.385776 0.294643
vt 0.375000 0.294643
vt 0.169643 0.500000
vt 0.148294 0.500000
vt 0.830357 0.544643
vt 0.830357 0.500000
vt 0.875000 0.523294
vt 0.875000 0.544643
vt 0.625000 0.294643
vt 0.619605 0.294643
vt 0.619377 0.270582
vt 0.625000 0.236982
vt 0.614224 0.294643
vt 0.614224 0.272351
vt 0.614224 0.227649
vt 0.619377 0.226706
vt 0.614224 0.205357
vt 0.619605 0.205357
vt 0.625000 0.205357
vt 0.330357 0.705357
vt 0.352649 0.705357
vt 0.351706 0.726706
vt 0.330357 0.727649
vt 0.380395 0.705357
vt 0.379278 0.726706
vt 0.385776 0.705357
vt 0.385776 0.727649
vt 0.385776 0.772351
vt 0.366445 0.764739
vt 0.385776 0.794643
vt 0.352847 0.772490
vt 0.669643 0.705357
vt 0.647490 0.772153
vt 0.639739 0.758555
vt 0.647351 0.705357
vt 0.619605 0.794643
vt 0.619377 0.773294
vt 0.614224 0.794643
vt 0.614224 0.772351
vt 0.614224 0.727649
vt 0.619377 0.729418
vt 0.614224 0.705357
vt 0.619605 0.705357
vt 0.330357 0.544643
vt 0.330357 0.522351
vt 0.351706 0.523294
vt 0.352649 0.544643
vt 0.352847 0.477510
vt 0.366445 0.485261
vt 0.385776 0.455357
vt 0.385776 0.477649
vt 0.385776 0.522351
vt 0.379278 0.523294
vt 0.385776 0.544643
vt 0.380395 0.544643
vt 0.669643 0.544643
vt 0.647351 0.544643
vt 0.639739 0.491445
vt 0.647490 0.477847
vt 0.619605 0.544643
vt 0.619377 0.520582
vt 0.614224 0.544643
vt 0.614224 0.522351
vt 0.614224 0.477649
vt 0.619377 0.476706
vt 0.614224 0.455357
vt 0.619605 0.455357
s 0
usemtl OiledOak
f 625/908/605 628/909/605 630/910/605 629/911/605
f 628/909/606 632/912/606 633/913/606 630/910/606
f 626/914/607 631/915/607 633/916/607 632/917/607
f 631/918/608 635/919/608 636/920/608 633/921/608
f 627/922/609 634/923/609 636/920/609 635/919/609
f 634/924/610 629/911/610 630/910/610 636/925/610
f 630/910/611 633/913/611 636/925/611
f 637/926/612 640/927/612 642/928/612 641/929/612
f 640/927/613 644/930/613 645/931/613 642/928/613
f 638/932/614 643/933/614 645/934/614 644/935/614
f 643/936/615 647/937/615 648/938/615 645/939/615
f 639/940/616 646/941/616 648/938/616 647/937/616
f 646/941/617 641/942/617 642/943/617 648/938/617
f 642/943/618 645/939/618 648/938/618
f 649/944/619 652/945/619 654/946/619 653/947/619
f 652/945/620 656/948/620 657/949/620 654/946/620
f 650/950/621 655/951/621 657/952/621 656/953/621
f 655/951/622 659/954/622 660/955/622 657/952/622
f 651/956/623 658/957/623 660/955/623 659/954/623
f 658/958/624 653/947/624 654/946/624 660/959/624
f 654/946/625 657/949/625 660/959/625
f 661/960/626 664/961/626 666/962/626 665/963/626
f 664/964/627 668/965/627 669/966/627 666/967/627
f 662/968/628 667/969/628 669/966/628 668/965/628
f 667/969/629 671/970/629 672/971/629 669/966/629
f 663/972/630 670/973/630 672/971/630 671/970/630
f 670/973/631 665/974/631 666/967/631 672/971/631
f 666/967/632 669/966/632 672/971/632
f 673/975/633 676/976/633 678/977/633 677/978/633
f 676/976/634 680/979/634 681/980/634 678/977/634
f 674/981/635 679/982/635 681/980/635 680/979/635
f 679/982/636 683/983/636 684/984/636 681/980/636
f 675/985/637 682/986/637 684/984/637 683/983/637
f 682/986/638 677/978/638 678/977/638 684/984/638
f 678/977/639 681/980/639 684/984/639
f 685/987/640 688/988/640 690/989/640 689/990/640
f 688/988/641 692/991/641 693/992/641 690/989/641
f 686/993/642 691/994/642 693/992/642 692/991/642
f 691/994/643 695/995/643 696/996/643 693/992/643
f 687/997/644 694/998/644 696/996/644 695/995/644
f 694/998/645 689/990/645 690/989/645 696/996/645
f 690/989/646 693/992/646 696/996/646
f 697/999/647 700/1000/647 702/1001/647 701/1002/647
f 700/1000/648 704/1003/648 705/1004/648 702/1001/648
f 698/1005/649 703/1006/649 705/1004/649 704/1003/649
f 703/1006/650 707/1007/650 708/1008/650 705/1004/650
f 699/1009/651 706/1010/651 708/1008/651 707/1007/651
f 706/1010/652 701/1002/652 702/1001/652 708/1008/652
f 702/1001/653 705/1004/653 708/1008/653
f 709/1011/654 712/1012/654 714/1013/654 713/1014/654
f 712/1012/655 716/1015/655 717/1016/655 714/1013/655
f 710/1017/656 715/1018/656 717/1016/656 716/1015/656
f 715/1018/657 719/1019/657 720/1020/657 717/1016/657
f 711/1021/658 718/1022/658 720/1020/658 719/1019/658
f 718/1022/659 713/1014/659 714/1013/659 720/1020/659
f 714/1013/660 717/1016/660 720/1020/660
f 649/944/661 625/908/661 629/911/661 652/945/661
f 652/945/662 629/911/662 634/924/662 656/948/662
f 656/953/663 634/923/663 627/922/663 650/950/663
f 626/914/664 637/926/664 641/929/664 631/915/664
f 631/918/665 641/942/665 646/941/665 635/919/665
f 635/919/666 646/941/666 639/940/666 627/922/666
f 638/932/667 661/960/667 665/963/667 643/933/667
f 643/936/668 665/974/668 670/973/668 647/937/668
f 647/937/669 670/973/669 663/972/669 639/940/669
f 662/968/670 651/956/670 659/954/670 667/969/670
f 667/969/671 659/954/671 655/951/671 671/970/671
f 671/970/672 655/951/672 650/950/672 663/972/672
f 697/999/673 649/944/673 653/947/673 700/1000/673
f 700/1000/674 653/947/674 658/958/674 704/1003/674
f 704/1003/675 658/957/675 651/956/675 698/1005/675
f 661/960/676 709/1011/676 713/1014/676 664/961/676
f 664/964/677 713/1014/677 718/1022/677 668/965/677
f 668/965/678 718/1022/678 711/1021/678 662/968/678
f 710/1017/679 699/1009/679 707/1007/679 715/1018/679
f 715/1018/680 707/1007/680 703/1006/680 719/1019/680
f 719/1019/681 703/1006/681 698/1005/681 711/1021/681
f 673/975/682 697/999/682 701/1002/682 676/976/682
f 676/976/683 701/1002/683 706/1010/683 680/979/683
f 680/979/684 706/1010/684 699/1009/684 674/981/684
f 709/1011/685 685/987/685 689/990/685 712/1012/685
f 712/1012/686 689/990/686 694/998/686 716/1015/686
f 716/1015/687 694/998/687 687/997/687 710/1017/687
f 686/993/688 675/985/688 683/983/688 691/994/688
f 691/994/689 683/983/689 679/982/689 695/995/689
f 695/995/690 679/982/690 674/981/690 687/997/690
f 625/908/691 673/975/691 677/978/691 628/909/691
f 628/909/692 677/978/692 682/986/692 632/912/692
f 632/917/693 682/986/693 675/985/693 626/914/693
f 685/987/694 638/932/694 644/935/694 688/988/694
f 688/988/695 644/930/695 640/927/695 692/991/695
f 692/991/696 640/927/696 637/926/696 686/993/696
f 649/944/697 697/999/697 673/975/697 625/908/697
f 627/922/698 639/940/698 663/972/698 650/950/698
f 675/985/699 686/993/699 637/926/699 626/914/699
f 709/1011/700 661/960/700 638/932/700 685/987/700
f 651/956/701 662/968/701 711/1021/701 698/1005/701
f 699/1009/702 710/1017/702 687/997/702 674/981/702
o bone_ward_spike.002
v -0.520169 0.598431 0.256530
v -0.470250 0.935446 0.197386
v -0.583475 0.611881 0.249656
v -0.480379 0.937598 0.196286
v -0.617682 0.619177 0.194770
v -0.485852 0.938766 0.187504
v -0.597032 0.614825 0.133204
v -0.482548 0.938069 0.177654
v -0.537075 0.602103 0.111318
v -0.472955 0.936034 0.174152
v -0.482960 0.590591 0.145592
v -0.464296 0.934192 0.179636
v -0.475436 0.588956 0.210217
v -0.463093 0.933930 0.189976
vn -0.0678 0.1822 0.9809
vn -0.7795 0.3336 0.5302
vn -0.8785 0.3551 -0.3197
vn -0.2901 0.2305 -0.9288
vn 0.5424 0.0536 -0.8384
vn 0.2078 0.9782 0.0005
vn 0.9923 -0.0423 -0.1166
vn 0.7207 0.0149 0.6931
vn -0.2078 -0.9782 -0.0005
vt 1.000000 0.500000
vt 1.000000 1.000000
vt 0.857143 1.000000
vt 0.857143 0.500000
vt 0.714286 1.000000
vt 0.714286 0.500000
vt 0.571429 1.000000
vt 0.571429 0.500000
vt 0.428571 1.000000
vt 0.428571 0.500000
vt 0.285714 1.000000
vt 0.285714 0.500000
vt 0.437640 0.399638
vt 0.250000 0.490000
vt 0.062360 0.399638
vt 0.016017 0.196595
vt 0.145868 0.033767
vt 0.354132 0.033767
vt 0.483983 0.196595
vt 0.142857 1.000000
vt 0.142857 0.500000
vt 0.000000 1.000000
vt 0.000000 0.500000
vt 0.750000 0.490000
vt 0.937640 0.399638
vt 0.983983 0.196595
vt 0.854132 0.033767
vt 0.645868 0.033767
vt 0.516017 0.196595
vt 0.562360 0.399638
s 0
usemtl PlateEdge
f 721/1023/703 722/1024/703 724/1025/703 723/1026/703
f 723/1026/704 724/1025/704 726/1027/704 725/1028/704
f 725/1028/705 726/1027/705 728/1029/705 727/1030/705
f 727/1030/706 728/1029/706 730/1031/706 729/1032/706
f 729/1032/707 730/1031/707 732/1033/707 731/1034/707
f 724/1035/708 722/1036/708 734/1037/708 732/1038/708 730/1039/708 728/1040/708 726/1041/708
f 731/1034/709 732/1033/709 734/1042/709 733/1043/709
f 733/1043/710 734/1042/710 722/1044/710 721/1045/710
f 721/1046/711 723/1047/711 725/1048/711 727/1049/711 729/1050/711 731/1051/711 733/1052/711
o oak_ritual_brace.003
v 0.028966 0.287122 0.425403
v 0.013379 0.317610 0.434210
v 0.027314 0.313547 0.401972
v 0.018666 0.293556 0.429821
v 0.025624 0.291527 0.413723
v 0.015953 0.297681 0.418447
v 0.012120 0.317941 0.421353
v 0.012945 0.304747 0.433053
v 0.011925 0.305560 0.420723
v 0.025018 0.301226 0.405122
v 0.017235 0.316450 0.409520
v 0.015526 0.304510 0.412392
v 0.159270 0.827134 0.433054
v 0.188620 0.844715 0.424138
v 0.173204 0.823071 0.400815
v 0.165708 0.838273 0.431843
v 0.158010 0.827465 0.420197
v 0.164397 0.838071 0.419515
v 0.183439 0.842698 0.412472
v 0.176481 0.844726 0.428570
v 0.171982 0.842614 0.417211
v 0.163125 0.825974 0.408363
v 0.177781 0.834753 0.403911
v 0.167998 0.837021 0.411184
v 0.109852 0.263890 0.393501
v 0.108200 0.290315 0.370070
v 0.139202 0.281471 0.384585
v 0.106510 0.268295 0.381821
v 0.121991 0.263879 0.389068
v 0.118328 0.268277 0.378070
v 0.120560 0.286773 0.368768
v 0.105904 0.277994 0.373220
v 0.117901 0.275106 0.372015
v 0.132764 0.270332 0.385796
v 0.131939 0.283527 0.374095
v 0.125913 0.272820 0.375766
v 0.269505 0.821483 0.392235
v 0.285092 0.790995 0.383428
v 0.254090 0.799839 0.368913
v 0.279805 0.815049 0.387818
v 0.264325 0.819465 0.380570
v 0.274357 0.813210 0.376833
v 0.277829 0.793051 0.372939
v 0.285527 0.803859 0.384585
v 0.278385 0.805331 0.374557
v 0.258667 0.811521 0.372009
v 0.266450 0.796297 0.367611
v 0.270373 0.807617 0.370806
v 0.059686 0.278517 0.509559
v 0.075101 0.300161 0.532881
v 0.044100 0.309005 0.518366
v 0.064867 0.280535 0.521225
v 0.049386 0.284951 0.513977
v 0.054835 0.286790 0.524961
v 0.062742 0.303703 0.534183
v 0.070525 0.288479 0.529785
v 0.058819 0.292383 0.530988
v 0.043665 0.296142 0.517209
v 0.051363 0.306949 0.528855
v 0.050807 0.294669 0.527237
v 0.219340 0.836110 0.508293
v 0.189990 0.818529 0.517210
v 0.220992 0.809685 0.531725
v 0.207201 0.836121 0.512726
v 0.222682 0.831705 0.519974
v 0.210864 0.831723 0.523724
v 0.197253 0.816473 0.527699
v 0.196428 0.829668 0.515999
v 0.203279 0.827180 0.526029
v 0.223288 0.822006 0.528574
v 0.208632 0.813227 0.533027
v 0.211291 0.824894 0.529780
v 0.140572 0.255285 0.477657
v 0.169922 0.272866 0.468740
v 0.155987 0.276929 0.500979
v 0.152711 0.255274 0.473224
v 0.145753 0.257303 0.489322
v 0.157210 0.257386 0.484584
v 0.171182 0.272535 0.481597
v 0.163484 0.261727 0.469952
v 0.164795 0.261929 0.482279
v 0.151411 0.265247 0.497883
v 0.166067 0.274026 0.493431
v 0.161194 0.262979 0.490610
v 0.300226 0.812878 0.476391
v 0.301878 0.786453 0.499822
v 0.315812 0.782390 0.467584
v 0.303567 0.808473 0.488072
v 0.310526 0.806444 0.471973
v 0.313239 0.802319 0.483347
v 0.311957 0.783550 0.492274
v 0.304174 0.798774 0.496672
v 0.313666 0.795490 0.489402
v 0.316247 0.795253 0.468741
v 0.317072 0.782059 0.480441
v 0.317267 0.794440 0.481071
vn -0.5747 -0.8051 -0.1469
vn -0.8846 -0.4645 0.0425
vn -0.9957 0.0184 0.0909
vn -0.9158 0.0348 -0.4002
vn -0.6193 -0.0914 -0.7798
vn -0.6213 -0.5413 -0.5666
vn -0.8749 -0.3508 -0.3339
vn -0.8544 0.5118 0.0898
vn -0.5046 0.8624 0.0395
vn -0.0617 0.9866 -0.1510
vn -0.2413 0.7857 -0.5696
vn -0.4780 0.4020 -0.7809
vn -0.7959 0.4535 -0.4012
vn -0.5570 0.7593 -0.3365
vn -0.1135 -0.9375 -0.3289
vn -0.2298 -0.6537 -0.7210
vn -0.1581 -0.2238 -0.9617
vn 0.3247 -0.3215 -0.8895
vn 0.6793 -0.4627 -0.5697
vn 0.3559 -0.8208 -0.4468
vn 0.1629 -0.6489 -0.7433
vn 0.3995 0.8541 -0.3329
vn 0.7359 0.5061 -0.4498
vn 0.8205 0.0307 -0.5708
vn 0.4446 0.0972 -0.8904
vn -0.0168 0.2695 -0.9628
vn 0.1501 0.6732 -0.7240
vn 0.4807 0.4612 -0.7458
vn -0.3995 -0.8541 0.3329
vn -0.1501 -0.6732 0.7240
vn 0.0168 -0.2695 0.9628
vn -0.4446 -0.0972 0.8904
vn -0.8205 -0.0307 0.5708
vn -0.7359 -0.5061 0.4498
vn -0.4807 -0.4612 0.7458
vn 0.1135 0.9375 0.3289
vn -0.3559 0.8208 0.4468
vn -0.6793 0.4627 0.5697
vn -0.3247 0.3215 0.8895
vn 0.1581 0.2238 0.9617
vn 0.2298 0.6537 0.7210
vn -0.1629 0.6489 0.7433
vn 0.0617 -0.9866 0.1510
vn 0.5046 -0.8624 -0.0395
vn 0.8544 -0.5118 -0.0898
vn 0.7959 -0.4535 0.4012
vn 0.4780 -0.4020 0.7809
vn 0.2413 -0.7857 0.5696
vn 0.5570 -0.7593 0.3365
vn 0.5747 0.8051 0.1469
vn 0.6213 0.5413 0.5666
vn 0.6193 0.0914 0.7798
vn 0.9158 -0.0348 0.4002
vn 0.9957 -0.0184 -0.0909
vn 0.8846 0.4645 -0.0425
vn 0.8749 0.3508 0.3339
vn -0.3541 -0.9040 -0.2396
vn -0.4360 -0.6122 -0.6596
vn -0.4009 -0.1561 -0.9027
vn -0.9564 0.2741 0.1008
vn -0.8769 0.2501 -0.4105
vn -0.5620 0.1591 -0.8117
vn 0.1777 0.9534 -0.2438
vn -0.0467 0.7474 -0.6627
vn -0.2586 0.3408 -0.9039
vn 0.7800 -0.2247 -0.5841
vn 0.3941 -0.1149 -0.9118
vn -0.0975 0.0256 -0.9949
vn -0.0336 -0.9954 -0.0895
vn 0.4409 -0.8623 -0.2491
vn 0.7971 -0.4978 -0.3419
vn 0.4982 0.8620 -0.0937
vn 0.8301 0.4973 -0.2522
vn 0.9393 -0.0009 -0.3430
vn 0.5620 -0.1591 0.8117
vn 0.8769 -0.2501 0.4105
vn 0.9564 -0.2741 -0.1008
vn -0.1777 -0.9534 0.2438
vn 0.0467 -0.7474 0.6627
vn 0.2586 -0.3408 0.9039
vn 0.3541 0.9040 0.2396
vn 0.4360 0.6122 0.6596
vn 0.4009 0.1561 0.9027
vn -0.7800 0.2247 0.5841
vn -0.3941 0.1149 0.9118
vn 0.0975 -0.0256 0.9949
vn -0.4982 -0.8620 0.0937
vn -0.8301 -0.4973 0.2522
vn -0.9393 0.0009 0.3430
vn 0.0336 0.9954 0.0895
vn -0.4409 0.8623 0.2491
vn -0.7971 0.4978 0.3419
vn -0.2753 -0.9614 0.0022
vn -0.3413 0.0956 -0.9351
vn -0.8987 0.2581 0.3545
vn 0.2753 0.9614 -0.0022
vn 0.8987 -0.2581 -0.3545
vn 0.3413 -0.0956 0.9351
vt 0.169643 0.705357
vt 0.169643 0.727649
vt 0.148294 0.726706
vt 0.147351 0.705357
vt 0.169643 0.750000
vt 0.148294 0.750000
vt 0.385776 0.955357
vt 0.385776 1.000000
vt 0.375000 0.976706
vt 0.375000 0.955357
vt 0.385776 0.000000
vt 0.385776 0.022351
vt 0.375000 0.023294
vt 0.375000 0.000000
vt 0.385776 0.044643
vt 0.375000 0.044643
vt 0.125000 0.705357
vt 0.125000 0.726706
vt 0.614224 0.955357
vt 0.619605 0.955357
vt 0.619377 1.000000
vt 0.614224 1.000000
vt 0.625000 0.955357
vt 0.625000 1.000000
vt 0.830357 0.705357
vt 0.875000 0.705357
vt 0.875000 0.726706
vt 0.830357 0.750000
vt 0.625000 0.044643
vt 0.619605 0.044643
vt 0.619377 0.023294
vt 0.625000 0.023294
vt 0.614224 0.044643
vt 0.614224 0.022351
vt 0.614224 0.000000
vt 0.619377 0.000000
vt 0.169643 0.544643
vt 0.147351 0.544643
vt 0.148294 0.523294
vt 0.169643 0.522351
vt 0.125000 0.544643
vt 0.125000 0.523294
vt 0.385776 0.205357
vt 0.385776 0.227649
vt 0.375000 0.226706
vt 0.375000 0.205357
vt 0.385776 0.272351
vt 0.375000 0.273294
vt 0.385776 0.294643
vt 0.375000 0.294643
vt 0.169643 0.500000
vt 0.148294 0.500000
vt 0.830357 0.544643
vt 0.830357 0.500000
vt 0.875000 0.523294
vt 0.875000 0.544643
vt 0.625000 0.294643
vt 0.619605 0.294643
vt 0.619377 0.270582
vt 0.625000 0.236982
vt 0.614224 0.294643
vt 0.614224 0.272351
vt 0.614224 0.227649
vt 0.619377 0.226706
vt 0.614224 0.205357
vt 0.619605 0.205357
vt 0.625000 0.205357
vt 0.330357 0.705357
vt 0.352649 0.705357
vt 0.351706 0.726706
vt 0.330357 0.727649
vt 0.380395 0.705357
vt 0.379278 0.726706
vt 0.385776 0.705357
vt 0.385776 0.727649
vt 0.385776 0.772351
vt 0.366445 0.764739
vt 0.385776 0.794643
vt 0.352847 0.772490
vt 0.669643 0.705357
vt 0.647490 0.772153
vt 0.639739 0.758555
vt 0.647351 0.705357
vt 0.619605 0.794643
vt 0.619377 0.773294
vt 0.614224 0.794643
vt 0.614224 0.772351
vt 0.614224 0.727649
vt 0.619377 0.729418
vt 0.614224 0.705357
vt 0.619605 0.705357
vt 0.330357 0.544643
vt 0.330357 0.522351
vt 0.351706 0.523294
vt 0.352649 0.544643
vt 0.352847 0.477510
vt 0.366445 0.485261
vt 0.385776 0.455357
vt 0.385776 0.477649
vt 0.385776 0.522351
vt 0.379278 0.523294
vt 0.385776 0.544643
vt 0.380395 0.544643
vt 0.669643 0.544643
vt 0.647351 0.544643
vt 0.639739 0.491445
vt 0.647490 0.477847
vt 0.619605 0.544643
vt 0.619377 0.520582
vt 0.614224 0.544643
vt 0.614224 0.522351
vt 0.614224 0.477649
vt 0.619377 0.476706
vt 0.614224 0.455357
vt 0.619605 0.455357
s 0
usemtl OiledOak
f 735/1053/712 738/1054/712 740/1055/712 739/1056/712
f 738/1054/713 742/1057/713 743/1058/713 740/1055/713
f 736/1059/714 741/1060/714 743/1061/714 742/1062/714
f 741/1063/715 745/1064/715 746/1065/715 743/1066/715
f 737/1067/716 744/1068/716 746/1065/716 745/1064/716
f 744/1069/717 739/1056/717 740/1055/717 746/1070/717
f 740/1055/718 743/1058/718 746/1070/718
f 747/1071/719 750/1072/719 752/1073/719 751/1074/719
f 750/1072/720 754/1075/720 755/1076/720 752/1073/720
f 748/1077/721 753/1078/721 755/1079/721 754/1080/721
f 753/1081/722 757/1082/722 758/1083/722 755/1084/722
f 749/1085/723 756/1086/723 758/1083/723 757/1082/723
f 756/1086/724 751/1087/724 752/1088/724 758/1083/724
f 752/1088/725 755/1084/725 758/1083/725
f 759/1089/726 762/1090/726 764/1091/726 763/1092/726
f 762/1090/727 766/1093/727 767/1094/727 764/1091/727
f 760/1095/728 765/1096/728 767/1097/728 766/1098/728
f 765/1096/729 769/1099/729 770/1100/729 767/1097/729
f 761/1101/730 768/1102/730 770/1100/730 769/1099/730
f 768/1103/731 763/1092/731 764/1091/731 770/1104/731
f 764/1091/732 767/1094/732 770/1104/732
f 771/1105/733 774/1106/733 776/1107/733 775/1108/733
f 774/1109/734 778/1110/734 779/1111/734 776/1112/734
f 772/1113/735 777/1114/735 779/1111/735 778/1110/735
f 777/1114/736 781/1115/736 782/1116/736 779/1111/736
f 773/1117/737 780/1118/737 782/1116/737 781/1115/737
f 780/1118/738 775/1119/738 776/1112/738 782/1116/738
f 776/1112/739 779/1111/739 782/1116/739
f 783/1120/740 786/1121/740 788/1122/740 787/1123/740
f 786/1121/741 790/1124/741 791/1125/741 788/1122/741
f 784/1126/742 789/1127/742 791/1125/742 790/1124/742
f 789/1127/743 793/1128/743 794/1129/743 791/1125/743
f 785/1130/744 792/1131/744 794/1129/744 793/1128/744
f 792/1131/745 787/1123/745 788/1122/745 794/1129/745
f 788/1122/746 791/1125/746 794/1129/746
f 795/1132/747 798/1133/747 800/1134/747 799/1135/747
f 798/1133/748 802/1136/748 803/1137/748 800/1134/748
f 796/1138/749 801/1139/749 803/1137/749 802/1136/749
f 801/1139/750 805/1140/750 806/1141/750 803/1137/750
f 797/1142/751 804/1143/751 806/1141/751 805/1140/751
f 804/1143/752 799/1135/752 800/1134/752 806/1141/752
f 800/1134/753 803/1137/753 806/1141/753
f 807/1144/754 810/1145/754 812/1146/754 811/1147/754
f 810/1145/755 814/1148/755 815/1149/755 812/1146/755
f 808/1150/756 813/1151/756 815/1149/756 814/1148/756
f 813/1151/757 817/1152/757 818/1153/757 815/1149/757
f 809/1154/758 816/1155/758 818/1153/758 817/1152/758
f 816/1155/759 811/1147/759 812/1146/759 818/1153/759
f 812/1146/760 815/1149/760 818/1153/760
f 819/1156/761 822/1157/761 824/1158/761 823/1159/761
f 822/1157/762 826/1160/762 827/1161/762 824/1158/762
f 820/1162/763 825/1163/763 827/1161/763 826/1160/763
f 825/1163/764 829/1164/764 830/1165/764 827/1161/764
f 821/1166/765 828/1167/765 830/1165/765 829/1164/765
f 828/1167/766 823/1159/766 824/1158/766 830/1165/766
f 824/1158/767 827/1161/767 830/1165/767
f 759/1089/768 735/1053/768 739/1056/768 762/1090/768
f 762/1090/769 739/1056/769 744/1069/769 766/1093/769
f 766/1098/770 744/1068/770 737/1067/770 760/1095/770
f 736/1059/771 747/1071/771 751/1074/771 741/1060/771
f 741/1063/772 751/1087/772 756/1086/772 745/1064/772
f 745/1064/773 756/1086/773 749/1085/773 737/1067/773
f 748/1077/774 771/1105/774 775/1108/774 753/1078/774
f 753/1081/775 775/1119/775 780/1118/775 757/1082/775
f 757/1082/776 780/1118/776 773/1117/776 749/1085/776
f 772/1113/777 761/1101/777 769/1099/777 777/1114/777
f 777/1114/778 769/1099/778 765/1096/778 781/1115/778
f 781/1115/779 765/1096/779 760/1095/779 773/1117/779
f 807/1144/780 759/1089/780 763/1092/780 810/1145/780
f 810/1145/781 763/1092/781 768/1103/781 814/1148/781
f 814/1148/782 768/1102/782 761/1101/782 808/1150/782
f 771/1105/783 819/1156/783 823/1159/783 774/1106/783
f 774/1109/784 823/1159/784 828/1167/784 778/1110/784
f 778/1110/785 828/1167/785 821/1166/785 772/1113/785
f 820/1162/786 809/1154/786 817/1152/786 825/1163/786
f 825/1163/787 817/1152/787 813/1151/787 829/1164/787
f 829/1164/788 813/1151/788 808/1150/788 821/1166/788
f 783/1120/789 807/1144/789 811/1147/789 786/1121/789
f 786/1121/790 811/1147/790 816/1155/790 790/1124/790
f 790/1124/791 816/1155/791 809/1154/791 784/1126/791
f 819/1156/792 795/1132/792 799/1135/792 822/1157/792
f 822/1157/793 799/1135/793 804/1143/793 826/1160/793
f 826/1160/794 804/1143/794 797/1142/794 820/1162/794
f 796/1138/795 785/1130/795 793/1128/795 801/1139/795
f 801/1139/796 793/1128/796 789/1127/796 805/1140/796
f 805/1140/797 789/1127/797 784/1126/797 797/1142/797
f 735/1053/798 783/1120/798 787/1123/798 738/1054/798
f 738/1054/799 787/1123/799 792/1131/799 742/1057/799
f 742/1062/800 792/1131/800 785/1130/800 736/1059/800
f 795/1132/801 748/1077/801 754/1080/801 798/1133/801
f 798/1133/802 754/1075/802 750/1072/802 802/1136/802
f 802/1136/803 750/1072/803 747/1071/803 796/1138/803
f 759/1089/804 807/1144/804 783/1120/804 735/1053/804
f 737/1067/805 749/1085/805 773/1117/805 760/1095/805
f 785/1130/806 796/1138/806 747/1071/806 736/1059/806
f 819/1156/807 771/1105/807 748/1077/807 795/1132/807
f 761/1101/808 772/1113/808 821/1166/808 808/1150/808
f 809/1154/809 820/1162/809 797/1142/809 784/1126/809
o bone_ward_spike.003
v 0.219408 0.589086 0.483461
v 0.232309 0.933951 0.505163
v 0.213585 0.590384 0.548269
v 0.231377 0.934159 0.515532
v 0.160389 0.601716 0.584012
v 0.222866 0.935972 0.521251
v 0.099879 0.614549 0.563775
v 0.213184 0.938025 0.518013
v 0.077619 0.619219 0.502796
v 0.209623 0.938772 0.508257
v 0.110372 0.612210 0.446994
v 0.214863 0.937651 0.499328
v 0.173474 0.598800 0.438389
v 0.224959 0.935505 0.497952
vn 0.9950 -0.0429 0.0903
vn 0.5642 0.0493 0.8241
vn -0.2656 0.2256 0.9373
vn -0.8697 0.3534 0.3445
vn -0.7931 0.3363 -0.5078
vn 0.2078 0.9782 -0.0009
vn -0.0935 0.1873 -0.9778
vn 0.7022 0.0185 -0.7117
vn -0.2078 -0.9782 0.0009
vt 1.000000 0.500000
vt 1.000000 1.000000
vt 0.857143 1.000000
vt 0.857143 0.500000
vt 0.714286 1.000000
vt 0.714286 0.500000
vt 0.571429 1.000000
vt 0.571429 0.500000
vt 0.428571 1.000000
vt 0.428571 0.500000
vt 0.285714 1.000000
vt 0.285714 0.500000
vt 0.437640 0.399638
vt 0.250000 0.490000
vt 0.062360 0.399638
vt 0.016017 0.196595
vt 0.145868 0.033767
vt 0.354132 0.033767
vt 0.483983 0.196595
vt 0.142857 1.000000
vt 0.142857 0.500000
vt 0.000000 1.000000
vt 0.000000 0.500000
vt 0.750000 0.490000
vt 0.937640 0.399638
vt 0.983983 0.196595
vt 0.854132 0.033767
vt 0.645868 0.033767
vt 0.516017 0.196595
vt 0.562360 0.399638
s 0
usemtl PlateEdge
f 831/1168/810 832/1169/810 834/1170/810 833/1171/810
f 833/1171/811 834/1170/811 836/1172/811 835/1173/811
f 835/1173/812 836/1172/812 838/1174/812 837/1175/812
f 837/1175/813 838/1174/813 840/1176/813 839/1177/813
f 839/1177/814 840/1176/814 842/1178/814 841/1179/814
f 834/1180/815 832/1181/815 844/1182/815 842/1183/815 840/1184/815 838/1185/815 836/1186/815
f 841/1179/816 842/1178/816 844/1187/816 843/1188/816
f 843/1188/817 844/1187/817 832/1189/817 831/1190/817
f 831/1191/818 833/1192/818 835/1193/818 837/1194/818 839/1195/818 841/1196/818 843/1197/818
o amber_runic_heart
v 0.000000 1.070570 0.284471
v 0.000000 1.057583 0.270000
v 0.000000 0.978646 0.242044
v 0.000000 0.945000 0.240000
v 0.000000 0.911354 0.242044
v 0.000000 0.832417 0.270000
v 0.000000 0.819430 0.284471
v 0.007598 1.070570 0.285231
v 0.014678 1.057583 0.271468
v 0.020758 1.036924 0.259650
v 0.025424 1.010000 0.250582
v 0.028356 0.978646 0.244881
v 0.029357 0.945000 0.242937
v 0.028356 0.911354 0.244881
v 0.025424 0.880000 0.250582
v 0.020758 0.853076 0.259650
v 0.014678 0.832417 0.271468
v 0.007598 0.819430 0.285231
v 0.014452 1.070570 0.287437
v 0.027920 1.057583 0.275730
v 0.039485 1.036924 0.265676
v 0.048359 1.010000 0.257962
v 0.053937 0.978646 0.253113
v 0.055840 0.945000 0.251459
v 0.053937 0.911354 0.253113
v 0.048359 0.880000 0.257962
v 0.039485 0.853076 0.265676
v 0.027920 0.832417 0.275730
v 0.014452 0.819430 0.287437
v 0.000000 0.815000 0.300000
v 0.019892 1.070570 0.290872
v 0.038428 1.057583 0.282366
v 0.054346 1.036924 0.275062
v 0.066560 1.010000 0.269458
v 0.074238 0.978646 0.265935
v 0.076857 0.945000 0.264733
v 0.074238 0.911354 0.265935
v 0.066560 0.880000 0.269458
v 0.054346 0.853076 0.275062
v 0.038428 0.832417 0.282366
v 0.019892 0.819430 0.290872
v 0.023384 1.070570 0.295201
v 0.045175 1.057583 0.290729
v 0.063887 1.036924 0.286890
v 0.078246 1.010000 0.283943
v 0.087272 0.978646 0.282091
v 0.090350 0.945000 0.281459
v 0.087272 0.911354 0.282091
v 0.078246 0.880000 0.283943
v 0.063887 0.853076 0.286890
v 0.045175 0.832417 0.290729
v 0.023384 0.819430 0.295201
v 0.024588 1.070570 0.300000
v 0.047500 1.057583 0.300000
v 0.067175 1.036924 0.300000
v 0.082272 1.010000 0.300000
v 0.091763 0.978646 0.300000
v 0.095000 0.945000 0.300000
v 0.091763 0.911354 0.300000
v 0.082272 0.880000 0.300000
v 0.067175 0.853076 0.300000
v 0.047500 0.832417 0.300000
v 0.024588 0.819430 0.300000
v 0.023384 1.070570 0.304799
v 0.045175 1.057583 0.309271
v 0.063887 1.036924 0.313111
v 0.078246 1.010000 0.316057
v 0.087272 0.978646 0.317909
v 0.090350 0.945000 0.318541
v 0.087272 0.911354 0.317909
v 0.078246 0.880000 0.316057
v 0.063887 0.853076 0.313111
v 0.045175 0.832417 0.309271
v 0.023384 0.819430 0.304799
v 0.019892 1.070570 0.309128
v 0.038428 1.057583 0.317634
v 0.054346 1.036924 0.324938
v 0.066560 1.010000 0.330542
v 0.074238 0.978646 0.334065
v 0.076857 0.945000 0.335267
v 0.074238 0.911354 0.334065
v 0.066560 0.880000 0.330542
v 0.054346 0.853076 0.324938
v 0.038428 0.832417 0.317634
v 0.019892 0.819430 0.309128
v 0.014452 1.070570 0.312563
v 0.027920 1.057583 0.324271
v 0.039485 1.036924 0.334324
v 0.048359 1.010000 0.342038
v 0.053937 0.978646 0.346887
v 0.055840 0.945000 0.348541
v 0.053937 0.911354 0.346887
v 0.048359 0.880000 0.342038
v 0.039485 0.853076 0.334324
v 0.027920 0.832417 0.324271
v 0.014452 0.819430 0.312563
v 0.007598 1.070570 0.314769
v 0.014678 1.057583 0.328532
v 0.020758 1.036924 0.340350
v 0.025424 1.010000 0.349418
v 0.028356 0.978646 0.355119
v 0.029357 0.945000 0.357063
v 0.028356 0.911354 0.355119
v 0.025424 0.880000 0.349418
v 0.020758 0.853076 0.340350
v 0.014678 0.832417 0.328532
v 0.007598 0.819430 0.314769
v 0.000000 1.075000 0.300000
v -0.000000 1.070570 0.315529
v 0.000000 1.057583 0.330000
v 0.000000 1.036924 0.342426
v 0.000000 1.010000 0.351962
v 0.000000 0.978646 0.357956
v 0.000000 0.945000 0.360000
v 0.000000 0.911354 0.357956
v 0.000000 0.880000 0.351962
v 0.000000 0.853076 0.342426
v 0.000000 0.832417 0.330000
v -0.000000 0.819430 0.315529
v -0.007598 1.070570 0.314769
v -0.014678 1.057583 0.328532
v -0.020758 1.036924 0.340350
v -0.025424 1.010000 0.349418
v -0.028356 0.978646 0.355119
v -0.029357 0.945000 0.357063
v -0.028356 0.911354 0.355119
v -0.025424 0.880000 0.349418
v -0.020758 0.853076 0.340350
v -0.014678 0.832417 0.328532
v -0.007598 0.819430 0.314769
v -0.014452 1.070570 0.312563
v -0.027920 1.057583 0.324271
v -0.039485 1.036924 0.334324
v -0.048359 1.010000 0.342038
v -0.053937 0.978646 0.346887
v -0.055840 0.945000 0.348541
v -0.053937 0.911354 0.346887
v -0.048359 0.880000 0.342038
v -0.039485 0.853076 0.334324
v -0.027920 0.832417 0.324271
v -0.014452 0.819430 0.312563
v -0.019892 1.070570 0.309128
v -0.038428 1.057583 0.317634
v -0.054346 1.036924 0.324938
v -0.066560 1.010000 0.330542
v -0.074238 0.978646 0.334065
v -0.076857 0.945000 0.335267
v -0.074238 0.911354 0.334065
v -0.066560 0.880000 0.330542
v -0.054346 0.853076 0.324938
v -0.038428 0.832417 0.317634
v -0.019892 0.819430 0.309128
v -0.023384 1.070570 0.304799
v -0.045175 1.057583 0.309271
v -0.063887 1.036924 0.313111
v -0.078246 1.010000 0.316057
v -0.087272 0.978646 0.317909
v -0.090350 0.945000 0.318541
v -0.087272 0.911354 0.317909
v -0.078246 0.880000 0.316057
v -0.063887 0.853076 0.313111
v -0.045175 0.832417 0.309271
v -0.023384 0.819430 0.304799
v -0.024588 1.070570 0.300000
v -0.047500 1.057583 0.300000
v -0.067175 1.036924 0.300000
v -0.082272 1.010000 0.300000
v -0.091763 0.978646 0.300000
v -0.095000 0.945000 0.300000
v -0.091763 0.911354 0.300000
v -0.082272 0.880000 0.300000
v -0.067175 0.853076 0.300000
v -0.047500 0.832417 0.300000
v -0.024588 0.819430 0.300000
v -0.023384 1.070570 0.295201
v -0.045175 1.057583 0.290729
v -0.063887 1.036924 0.286890
v -0.078246 1.010000 0.283943
v -0.087272 0.978646 0.282091
v -0.090350 0.945000 0.281459
v -0.087272 0.911354 0.282091
v -0.078246 0.880000 0.283943
v -0.063887 0.853076 0.286890
v -0.045175 0.832417 0.290729
v -0.023384 0.819430 0.295201
v -0.019892 1.070570 0.290872
v -0.038428 1.057583 0.282366
v -0.054346 1.036924 0.275062
v -0.066560 1.010000 0.269458
v -0.074238 0.978646 0.265935
v -0.076857 0.945000 0.264733
v -0.074238 0.911354 0.265935
v -0.066560 0.880000 0.269458
v -0.054346 0.853076 0.275062
v -0.038428 0.832417 0.282366
v -0.019892 0.819430 0.290872
v -0.014452 1.070570 0.287437
v -0.027920 1.057583 0.275729
v -0.039485 1.036924 0.265676
v -0.048359 1.010000 0.257962
v -0.053937 0.978646 0.253113
v -0.055840 0.945000 0.251459
v -0.053937 0.911354 0.253113
v -0.048359 0.880000 0.257962
v -0.039485 0.853076 0.265676
v -0.027920 0.832417 0.275729
v -0.014452 0.819430 0.287437
v -0.007598 1.070570 0.285231
v -0.014678 1.057583 0.271468
v -0.020758 1.036924 0.259650
v -0.025424 1.010000 0.250582
v -0.028356 0.978646 0.244881
v -0.029357 0.945000 0.242937
v -0.028356 0.911354 0.244881
v -0.025424 0.880000 0.250582
v -0.020758 0.853076 0.259650
v -0.014678 0.832417 0.271468
v -0.007598 0.819430 0.285231
v -0.000000 1.036924 0.257574
v 0.000000 1.010000 0.248038
v 0.000000 0.880000 0.248038
v -0.000000 0.853076 0.257574
vn -0.0000 0.8693 -0.4943
vn -0.0000 0.6323 -0.7747
vn -0.0000 0.1240 -0.9923
vn -0.0000 -0.0000 -1.0000
vn -0.0000 -0.1240 -0.9923
vn -0.0000 -0.6323 -0.7747
vn -0.0000 -0.8693 -0.4943
vn 0.0958 0.8744 -0.4757
vn 0.1558 0.6431 -0.7498
vn 0.1844 0.4348 -0.8814
vn 0.1976 0.2678 -0.9430
vn 0.2035 0.1277 -0.9707
vn 0.2052 -0.0000 -0.9787
vn 0.2035 -0.1277 -0.9707
vn 0.1976 -0.2678 -0.9430
vn 0.1844 -0.4348 -0.8814
vn 0.1558 -0.6431 -0.7498
vn 0.0958 -0.8744 -0.4757
vn 0.1884 0.8883 -0.4189
vn 0.3112 0.6737 -0.6703
vn 0.3754 0.4657 -0.8013
vn 0.4069 0.2904 -0.8661
vn 0.4215 0.1393 -0.8961
vn 0.4257 -0.0000 -0.9049
vn 0.4215 -0.1393 -0.8961
vn 0.4069 -0.2904 -0.8661
vn 0.3754 -0.4657 -0.8013
vn 0.3112 -0.6737 -0.6703
vn 0.1884 -0.8883 -0.4189
vn -0.0000 -1.0000 -0.0000
vn 0.2725 0.9073 -0.3203
vn 0.4600 0.7174 -0.5232
vn 0.5706 0.5134 -0.6410
vn 0.6301 0.3269 -0.7043
vn 0.6591 0.1586 -0.7352
vn 0.6677 -0.0000 -0.7444
vn 0.6591 -0.1586 -0.7352
vn 0.6301 -0.3269 -0.7043
vn 0.5706 -0.5134 -0.6410
vn 0.4600 -0.7174 -0.5232
vn 0.2725 -0.9073 -0.3203
vn 0.3370 0.9246 -0.1775
vn 0.5800 0.7593 -0.2951
vn 0.7392 0.5627 -0.3701
vn 0.8331 0.3670 -0.4138
vn 0.8816 0.1804 -0.4362
vn 0.8965 -0.0000 -0.4431
vn 0.8816 -0.1804 -0.4362
vn 0.8331 -0.3670 -0.4138
vn 0.7392 -0.5627 -0.3701
vn 0.5800 -0.7593 -0.2951
vn 0.3370 -0.9246 -0.1775
vn 0.3628 0.9319 -0.0000
vn 0.6291 0.7773 -0.0000
vn 0.8111 0.5849 -0.0000
vn 0.9226 0.3858 -0.0000
vn 0.9816 0.1908 -0.0000
vn 1.0000 -0.0000 -0.0000
vn 0.9816 -0.1908 -0.0000
vn 0.9226 -0.3858 -0.0000
vn 0.8111 -0.5849 -0.0000
vn 0.6291 -0.7773 -0.0000
vn 0.3628 -0.9319 -0.0000
vn 0.3370 0.9246 0.1775
vn 0.5800 0.7593 0.2951
vn 0.7392 0.5627 0.3701
vn 0.8331 0.3670 0.4138
vn 0.8816 0.1804 0.4362
vn 0.8965 -0.0000 0.4431
vn 0.8816 -0.1804 0.4362
vn 0.8331 -0.3670 0.4138
vn 0.7392 -0.5627 0.3701
vn 0.5800 -0.7593 0.2951
vn 0.3370 -0.9246 0.1775
vn 0.2725 0.9073 0.3203
vn 0.4600 0.7174 0.5232
vn 0.5706 0.5134 0.6410
vn 0.6301 0.3269 0.7043
vn 0.6591 0.1586 0.7352
vn 0.6677 -0.0000 0.7444
vn 0.6591 -0.1586 0.7352
vn 0.6301 -0.3269 0.7043
vn 0.5706 -0.5134 0.6410
vn 0.4600 -0.7174 0.5232
vn 0.2725 -0.9073 0.3203
vn 0.1884 0.8883 0.4189
vn 0.3112 0.6737 0.6703
vn 0.3754 0.4657 0.8013
vn 0.4069 0.2904 0.8661
vn 0.4215 0.1393 0.8961
vn 0.4257 -0.0000 0.9049
vn 0.4215 -0.1393 0.8961
vn 0.4069 -0.2904 0.8661
vn 0.3754 -0.4657 0.8013
vn 0.3112 -0.6737 0.6703
vn 0.1884 -0.8883 0.4189
vn 0.0958 0.8744 0.4757
vn 0.1558 0.6431 0.7498
vn 0.1844 0.4348 0.8814
vn 0.1976 0.2678 0.9430
vn 0.2035 0.1277 0.9707
vn 0.2052 -0.0000 0.9787
vn 0.2035 -0.1277 0.9707
vn 0.1976 -0.2678 0.9430
vn 0.1844 -0.4348 0.8814
vn 0.1558 -0.6431 0.7498
vn 0.0958 -0.8744 0.4757
vn -0.0000 1.0000 -0.0000
vn -0.0000 0.8693 0.4943
vn -0.0000 0.6323 0.7747
vn -0.0000 0.4244 0.9055
vn -0.0000 0.2604 0.9655
vn -0.0000 0.1240 0.9923
vn -0.0000 -0.0000 1.0000
vn -0.0000 -0.1240 0.9923
vn -0.0000 -0.2604 0.9655
vn -0.0000 -0.4244 0.9055
vn -0.0000 -0.6323 0.7747
vn -0.0000 -0.8693 0.4943
vn -0.0958 0.8744 0.4757
vn -0.1558 0.6431 0.7498
vn -0.1844 0.4348 0.8814
vn -0.1976 0.2678 0.9430
vn -0.2035 0.1277 0.9707
vn -0.2052 -0.0000 0.9787
vn -0.2035 -0.1277 0.9707
vn -0.1976 -0.2678 0.9430
vn -0.1844 -0.4348 0.8814
vn -0.1558 -0.6431 0.7498
vn -0.0958 -0.8744 0.4757
vn -0.1884 0.8883 0.4189
vn -0.3112 0.6737 0.6703
vn -0.3754 0.4657 0.8013
vn -0.4069 0.2904 0.8661
vn -0.4215 0.1393 0.8961
vn -0.4257 -0.0000 0.9049
vn -0.4215 -0.1393 0.8961
vn -0.4069 -0.2904 0.8661
vn -0.3754 -0.4657 0.8013
vn -0.3112 -0.6737 0.6703
vn -0.1884 -0.8883 0.4189
vn -0.2725 0.9073 0.3203
vn -0.4600 0.7174 0.5232
vn -0.5706 0.5134 0.6410
vn -0.6301 0.3269 0.7043
vn -0.6591 0.1586 0.7352
vn -0.6677 -0.0000 0.7444
vn -0.6591 -0.1586 0.7352
vn -0.6301 -0.3269 0.7043
vn -0.5706 -0.5134 0.6410
vn -0.4600 -0.7174 0.5232
vn -0.2725 -0.9073 0.3203
vn -0.3370 0.9246 0.1775
vn -0.5800 0.7593 0.2951
vn -0.7392 0.5627 0.3701
vn -0.8331 0.3670 0.4138
vn -0.8816 0.1804 0.4362
vn -0.8965 -0.0000 0.4431
vn -0.8816 -0.1804 0.4362
vn -0.8331 -0.3670 0.4138
vn -0.7392 -0.5627 0.3701
vn -0.5800 -0.7593 0.2951
vn -0.3370 -0.9246 0.1775
vn -0.3628 0.9319 -0.0000
vn -0.6291 0.7773 -0.0000
vn -0.8111 0.5849 -0.0000
vn -0.9226 0.3858 -0.0000
vn -0.9816 0.1908 -0.0000
vn -1.0000 -0.0000 -0.0000
vn -0.9816 -0.1908 -0.0000
vn -0.9226 -0.3858 -0.0000
vn -0.8111 -0.5849 -0.0000
vn -0.6291 -0.7773 -0.0000
vn -0.3628 -0.9319 -0.0000
vn -0.3370 0.9246 -0.1775
vn -0.5800 0.7593 -0.2951
vn -0.7392 0.5627 -0.3701
vn -0.8331 0.3670 -0.4138
vn -0.8816 0.1804 -0.4362
vn -0.8965 -0.0000 -0.4431
vn -0.8816 -0.1804 -0.4362
vn -0.8331 -0.3670 -0.4138
vn -0.7392 -0.5627 -0.3701
vn -0.5800 -0.7593 -0.2951
vn -0.3370 -0.9246 -0.1775
vn -0.2725 0.9073 -0.3203
vn -0.4600 0.7174 -0.5232
vn -0.5706 0.5134 -0.6410
vn -0.6301 0.3269 -0.7043
vn -0.6591 0.1586 -0.7352
vn -0.6677 -0.0000 -0.7444
vn -0.6591 -0.1586 -0.7352
vn -0.6301 -0.3269 -0.7043
vn -0.5706 -0.5134 -0.6410
vn -0.4600 -0.7174 -0.5232
vn -0.2725 -0.9073 -0.3203
vn -0.1884 0.8883 -0.4189
vn -0.3112 0.6737 -0.6703
vn -0.3754 0.4657 -0.8013
vn -0.4069 0.2904 -0.8661
vn -0.4215 0.1393 -0.8961
vn -0.4257 -0.0000 -0.9049
vn -0.4215 -0.1393 -0.8961
vn -0.4069 -0.2904 -0.8661
vn -0.3754 -0.4657 -0.8013
vn -0.3112 -0.6737 -0.6703
vn -0.1884 -0.8883 -0.4189
vn -0.0958 0.8744 -0.4757
vn -0.1558 0.6431 -0.7498
vn -0.1844 0.4348 -0.8814
vn -0.1976 0.2678 -0.9430
vn -0.2035 0.1277 -0.9707
vn -0.2052 -0.0000 -0.9787
vn -0.2035 -0.1277 -0.9707
vn -0.1976 -0.2678 -0.9430
vn -0.1844 -0.4348 -0.8814
vn -0.1558 -0.6431 -0.7498
vn -0.0958 -0.8744 -0.4757
vn -0.0000 0.4244 -0.9055
vn -0.0000 0.2604 -0.9655
vn -0.0000 -0.2604 -0.9655
vn -0.0000 -0.4244 -0.9055
vt 0.750000 0.333333
vt 0.750000 0.416667
vt 0.700000 0.416667
vt 0.700000 0.333333
vt 0.750000 0.583333
vt 0.750000 0.666667
vt 0.700000 0.666667
vt 0.700000 0.583333
vt 0.725000 0.000000
vt 0.750000 0.083333
vt 0.700000 0.083333
vt 0.750000 0.833333
vt 0.750000 0.916667
vt 0.700000 0.916667
vt 0.700000 0.833333
vt 0.750000 0.250000
vt 0.700000 0.250000
vt 0.750000 0.500000
vt 0.700000 0.500000
vt 0.750000 0.750000
vt 0.700000 0.750000
vt 0.750000 0.166667
vt 0.700000 0.166667
vt 0.725000 1.000000
vt 0.650000 0.833333
vt 0.650000 0.750000
vt 0.650000 0.250000
vt 0.650000 0.166667
vt 0.650000 0.500000
vt 0.650000 0.416667
vt 0.650000 0.666667
vt 0.650000 0.083333
vt 0.675000 1.000000
vt 0.650000 0.916667
vt 0.650000 0.333333
vt 0.650000 0.583333
vt 0.675000 0.000000
vt 0.600000 0.666667
vt 0.600000 0.583333
vt 0.625000 0.000000
vt 0.600000 0.083333
vt 0.600000 0.916667
vt 0.600000 0.833333
vt 0.600000 0.333333
vt 0.600000 0.250000
vt 0.600000 0.500000
vt 0.600000 0.750000
vt 0.600000 0.166667
vt 0.600000 0.416667
vt 0.625000 1.000000
vt 0.550000 0.750000
vt 0.550000 0.666667
vt 0.550000 0.166667
vt 0.550000 0.083333
vt 0.575000 1.000000
vt 0.550000 0.916667
vt 0.550000 0.416667
vt 0.550000 0.333333
vt 0.550000 0.583333
vt 0.575000 0.000000
vt 0.550000 0.833333
vt 0.550000 0.250000
vt 0.550000 0.500000
vt 0.500000 0.583333
vt 0.500000 0.500000
vt 0.500000 0.833333
vt 0.500000 0.750000
vt 0.500000 0.250000
vt 0.500000 0.166667
vt 0.500000 0.416667
vt 0.500000 0.666667
vt 0.500000 0.083333
vt 0.525000 1.000000
vt 0.500000 0.916667
vt 0.500000 0.333333
vt 0.525000 0.000000
vt 0.450000 0.666667
vt 0.450000 0.583333
vt 0.475000 0.000000
vt 0.450000 0.083333
vt 0.450000 0.916667
vt 0.450000 0.833333
vt 0.450000 0.333333
vt 0.450000 0.250000
vt 0.450000 0.500000
vt 0.450000 0.750000
vt 0.450000 0.166667
vt 0.450000 0.416667
vt 0.475000 1.000000
vt 0.400000 0.500000
vt 0.400000 0.416667
vt 0.400000 0.750000
vt 0.400000 0.666667
vt 0.400000 0.166667
vt 0.400000 0.083333
vt 0.425000 1.000000
vt 0.400000 0.916667
vt 0.400000 0.333333
vt 0.400000 0.583333
vt 0.425000 0.000000
vt 0.400000 0.833333
vt 0.400000 0.250000
vt 0.350000 0.583333
vt 0.350000 0.500000
vt 0.350000 0.833333
vt 0.350000 0.750000
vt 0.350000 0.250000
vt 0.350000 0.166667
vt 0.350000 0.416667
vt 0.350000 0.666667
vt 0.350000 0.083333
vt 0.375000 1.000000
vt 0.350000 0.916667
vt 0.350000 0.333333
vt 0.375000 0.000000
vt 0.300000 0.416667
vt 0.300000 0.333333
vt 0.300000 0.666667
vt 0.300000 0.583333
vt 0.325000 0.000000
vt 0.300000 0.083333
vt 0.300000 0.916667
vt 0.300000 0.833333
vt 0.300000 0.250000
vt 0.300000 0.500000
vt 0.300000 0.750000
vt 0.300000 0.166667
vt 0.325000 1.000000
vt 0.250000 0.500000
vt 0.250000 0.416667
vt 0.250000 0.750000
vt 0.250000 0.666667
vt 0.250000 0.166667
vt 0.250000 0.083333
vt 0.275000 1.000000
vt 0.250000 0.916667
vt 0.250000 0.333333
vt 0.250000 0.583333
vt 0.275000 0.000000
vt 0.250000 0.833333
vt 0.250000 0.250000
vt 0.200000 0.333333
vt 0.200000 0.250000
vt 0.200000 0.583333
vt 0.200000 0.500000
vt 0.200000 0.833333
vt 0.200000 0.750000
vt 0.200000 0.166667
vt 0.200000 0.416667
vt 0.200000 0.666667
vt 0.200000 0.083333
vt 0.225000 1.000000
vt 0.200000 0.916667
vt 0.225000 0.000000
vt 0.175000 1.000000
vt 0.150000 0.916667
vt 0.150000 0.416667
vt 0.150000 0.333333
vt 0.150000 0.666667
vt 0.150000 0.583333
vt 0.175000 0.000000
vt 0.150000 0.083333
vt 0.150000 0.833333
vt 0.150000 0.250000
vt 0.150000 0.500000
vt 0.150000 0.750000
vt 0.150000 0.166667
vt 0.100000 0.250000
vt 0.100000 0.166667
vt 0.100000 0.500000
vt 0.100000 0.416667
vt 0.100000 0.750000
vt 0.100000 0.666667
vt 0.100000 0.083333
vt 0.125000 1.000000
vt 0.100000 0.916667
vt 0.100000 0.333333
vt 0.100000 0.583333
vt 0.125000 0.000000
vt 0.100000 0.833333
vt 0.050000 0.916667
vt 0.050000 0.833333
vt 0.050000 0.333333
vt 0.050000 0.250000
vt 0.050000 0.583333
vt 0.050000 0.500000
vt 0.050000 0.750000
vt 0.050000 0.166667
vt 0.050000 0.416667
vt 0.050000 0.666667
vt 0.050000 0.083333
vt 0.075000 1.000000
vt 0.075000 0.000000
vt 0.000000 0.166667
vt 0.000000 0.083333
vt 0.025000 1.000000
vt 0.000000 0.916667
vt 0.000000 0.416667
vt 0.000000 0.333333
vt 0.000000 0.666667
vt 0.000000 0.583333
vt 0.025000 0.000000
vt 0.000000 0.833333
vt 0.000000 0.250000
vt 0.000000 0.500000
vt 0.000000 0.750000
vt 1.000000 0.750000
vt 1.000000 0.833333
vt 0.950000 0.833333
vt 0.950000 0.750000
vt 1.000000 0.166667
vt 1.000000 0.250000
vt 0.950000 0.250000
vt 0.950000 0.166667
vt 1.000000 0.416667
vt 1.000000 0.500000
vt 0.950000 0.500000
vt 0.950000 0.416667
vt 1.000000 0.666667
vt 0.950000 0.666667
vt 1.000000 0.083333
vt 0.950000 0.083333
vt 1.000000 0.916667
vt 0.975000 1.000000
vt 0.950000 0.916667
vt 1.000000 0.333333
vt 0.950000 0.333333
vt 1.000000 0.583333
vt 0.950000 0.583333
vt 0.975000 0.000000
vt 0.925000 0.000000
vt 0.900000 0.083333
vt 0.900000 0.916667
vt 0.900000 0.833333
vt 0.900000 0.333333
vt 0.900000 0.250000
vt 0.900000 0.583333
vt 0.900000 0.500000
vt 0.900000 0.750000
vt 0.900000 0.166667
vt 0.900000 0.416667
vt 0.900000 0.666667
vt 0.925000 1.000000
vt 0.850000 0.750000
vt 0.850000 0.666667
vt 0.850000 0.166667
vt 0.850000 0.083333
vt 0.875000 1.000000
vt 0.850000 0.916667
vt 0.850000 0.416667
vt 0.850000 0.333333
vt 0.850000 0.583333
vt 0.875000 0.000000
vt 0.850000 0.833333
vt 0.850000 0.250000
vt 0.850000 0.500000
vt 0.800000 0.833333
vt 0.800000 0.750000
vt 0.800000 0.250000
vt 0.800000 0.166667
vt 0.800000 0.500000
vt 0.800000 0.416667
vt 0.800000 0.666667
vt 0.800000 0.083333
vt 0.825000 1.000000
vt 0.800000 0.916667
vt 0.800000 0.333333
vt 0.800000 0.583333
vt 0.825000 0.000000
vt 0.775000 0.000000
vt 0.775000 1.000000
s 1
usemtl RunicAmber
f 1065/1198/1039 849/1199/823 858/1200/832 859/1201/833
f 847/1202/821 1064/1203/1038 855/1204/829 856/1205/830
f 874/1206/848 851/1207/825 862/1208/836
f 846/1209/820 845/1210/819 852/1211/826 853/1212/827
f 1066/1213/1040 1065/1198/1039 859/1201/833 860/1214/834
f 848/1215/822 847/1202/821 856/1205/830 857/1216/831
f 1063/1217/1037 846/1209/820 853/1212/827 854/1218/828
f 850/1219/824 1066/1213/1040 860/1214/834 861/1220/835
f 849/1199/823 848/1215/822 857/1216/831 858/1200/832
f 1064/1203/1038 1063/1217/1037 854/1218/828 855/1204/829
f 851/1207/825 850/1219/824 861/1220/835 862/1208/836
f 845/1210/819 952/1221/926 852/1211/826
f 854/1218/828 853/1212/827 864/1222/838 865/1223/839
f 861/1220/835 860/1214/834 871/1224/845 872/1225/846
f 858/1200/832 857/1216/831 868/1226/842 869/1227/843
f 855/1204/829 854/1218/828 865/1223/839 866/1228/840
f 862/1208/836 861/1220/835 872/1225/846 873/1229/847
f 852/1211/826 952/1230/926 863/1231/837
f 859/1201/833 858/1200/832 869/1227/843 870/1232/844
f 856/1205/830 855/1204/829 866/1228/840 867/1233/841
f 874/1234/848 862/1208/836 873/1229/847
f 853/1212/827 852/1211/826 863/1231/837 864/1222/838
f 860/1214/834 859/1201/833 870/1232/844 871/1224/845
f 857/1216/831 856/1205/830 867/1233/841 868/1226/842
f 867/1233/841 866/1228/840 878/1235/852 879/1236/853
f 874/1237/848 873/1229/847 885/1238/859
f 864/1222/838 863/1231/837 875/1239/849 876/1240/850
f 871/1224/845 870/1232/844 882/1241/856 883/1242/857
f 868/1226/842 867/1233/841 879/1236/853 880/1243/854
f 865/1223/839 864/1222/838 876/1240/850 877/1244/851
f 872/1225/846 871/1224/845 883/1242/857 884/1245/858
f 869/1227/843 868/1226/842 880/1243/854 881/1246/855
f 866/1228/840 865/1223/839 877/1244/851 878/1235/852
f 873/1229/847 872/1225/846 884/1245/858 885/1238/859
f 863/1231/837 952/1247/926 875/1239/849
f 870/1232/844 869/1227/843 881/1246/855 882/1241/856
f 878/1235/852 877/1244/851 888/1248/862 889/1249/863
f 885/1238/859 884/1245/858 895/1250/869 896/1251/870
f 875/1239/849 952/1252/926 886/1253/860
f 882/1241/856 881/1246/855 892/1254/866 893/1255/867
f 879/1236/853 878/1235/852 889/1249/863 890/1256/864
f 874/1257/848 885/1238/859 896/1251/870
f 876/1240/850 875/1239/849 886/1253/860 887/1258/861
f 883/1242/857 882/1241/856 893/1255/867 894/1259/868
f 880/1243/854 879/1236/853 890/1256/864 891/1260/865
f 877/1244/851 876/1240/850 887/1258/861 888/1248/862
f 884/1245/858 883/1242/857 894/1259/868 895/1250/869
f 881/1246/855 880/1243/854 891/1260/865 892/1254/866
f 891/1260/865 890/1256/864 901/1261/875 902/1262/876
f 888/1248/862 887/1258/861 898/1263/872 899/1264/873
f 895/1250/869 894/1259/868 905/1265/879 906/1266/880
f 892/1254/866 891/1260/865 902/1262/876 903/1267/877
f 889/1249/863 888/1248/862 899/1264/873 900/1268/874
f 896/1251/870 895/1250/869 906/1266/880 907/1269/881
f 886/1253/860 952/1270/926 897/1271/871
f 893/1255/867 892/1254/866 903/1267/877 904/1272/878
f 890/1256/864 889/1249/863 900/1268/874 901/1261/875
f 874/1273/848 896/1251/870 907/1269/881
f 887/1258/861 886/1253/860 897/1271/871 898/1263/872
f 894/1259/868 893/1255/867 904/1272/878 905/1265/879
f 901/1261/875 900/1268/874 911/1274/885 912/1275/886
f 874/1276/848 907/1269/881 918/1277/892
f 898/1263/872 897/1271/871 908/1278/882 909/1279/883
f 905/1265/879 904/1272/878 915/1280/889 916/1281/890
f 902/1262/876 901/1261/875 912/1275/886 913/1282/887
f 899/1264/873 898/1263/872 909/1279/883 910/1283/884
f 906/1266/880 905/1265/879 916/1281/890 917/1284/891
f 903/1267/877 902/1262/876 913/1282/887 914/1285/888
f 900/1268/874 899/1264/873 910/1283/884 911/1274/885
f 907/1269/881 906/1266/880 917/1284/891 918/1277/892
f 897/1271/871 952/1286/926 908/1278/882
f 904/1272/878 903/1267/877 914/1285/888 915/1280/889
f 914/1285/888 913/1282/887 924/1287/898 925/1288/899
f 911/1274/885 910/1283/884 921/1289/895 922/1290/896
f 918/1277/892 917/1284/891 928/1291/902 929/1292/903
f 908/1278/882 952/1293/926 919/1294/893
f 915/1280/889 914/1285/888 925/1288/899 926/1295/900
f 912/1275/886 911/1274/885 922/1290/896 923/1296/897
f 874/1297/848 918/1277/892 929/1292/903
f 909/1279/883 908/1278/882 919/1294/893 920/1298/894
f 916/1281/890 915/1280/889 926/1295/900 927/1299/901
f 913/1282/887 912/1275/886 923/1296/897 924/1287/898
f 910/1283/884 909/1279/883 920/1298/894 921/1289/895
f 917/1284/891 916/1281/890 927/1299/901 928/1291/902
f 924/1287/898 923/1296/897 934/1300/908 935/1301/909
f 921/1289/895 920/1298/894 931/1302/905 932/1303/906
f 928/1291/902 927/1299/901 938/1304/912 939/1305/913
f 925/1288/899 924/1287/898 935/1301/909 936/1306/910
f 922/1290/896 921/1289/895 932/1303/906 933/1307/907
f 929/1292/903 928/1291/902 939/1305/913 940/1308/914
f 919/1294/893 952/1309/926 930/1310/904
f 926/1295/900 925/1288/899 936/1306/910 937/1311/911
f 923/1296/897 922/1290/896 933/1307/907 934/1300/908
f 874/1312/848 929/1292/903 940/1308/914
f 920/1298/894 919/1294/893 930/1310/904 931/1302/905
f 927/1299/901 926/1295/900 937/1311/911 938/1304/912
f 937/1311/911 936/1306/910 947/1313/921 948/1314/922
f 934/1300/908 933/1307/907 944/1315/918 945/1316/919
f 874/1317/848 940/1308/914 951/1318/925
f 931/1302/905 930/1310/904 941/1319/915 942/1320/916
f 938/1304/912 937/1311/911 948/1314/922 949/1321/923
f 935/1301/909 934/1300/908 945/1316/919 946/1322/920
f 932/1303/906 931/1302/905 942/1320/916 943/1323/917
f 939/1305/913 938/1304/912 949/1321/923 950/1324/924
f 936/1306/910 935/1301/909 946/1322/920 947/1313/921
f 933/1307/907 932/1303/906 943/1323/917 944/1315/918
f 940/1308/914 939/1305/913 950/1324/924 951/1318/925
f 930/1310/904 952/1325/926 941/1319/915
f 947/1313/921 946/1322/920 958/1326/932 959/1327/933
f 944/1315/918 943/1323/917 955/1328/929 956/1329/930
f 951/1318/925 950/1324/924 962/1330/936 963/1331/937
f 941/1319/915 952/1332/926 953/1333/927
f 948/1314/922 947/1313/921 959/1327/933 960/1334/934
f 945/1316/919 944/1315/918 956/1329/930 957/1335/931
f 874/1336/848 951/1318/925 963/1331/937
f 942/1320/916 941/1319/915 953/1333/927 954/1337/928
f 949/1321/923 948/1314/922 960/1334/934 961/1338/935
f 946/1322/920 945/1316/919 957/1335/931 958/1326/932
f 943/1323/917 942/1320/916 954/1337/928 955/1328/929
f 950/1324/924 949/1321/923 961/1338/935 962/1330/936
f 961/1338/935 960/1334/934 971/1339/945 972/1340/946
f 958/1326/932 957/1335/931 968/1341/942 969/1342/943
f 955/1328/929 954/1337/928 965/1343/939 966/1344/940
f 962/1330/936 961/1338/935 972/1340/946 973/1345/947
f 959/1327/933 958/1326/932 969/1342/943 970/1346/944
f 956/1329/930 955/1328/929 966/1344/940 967/1347/941
f 963/1331/937 962/1330/936 973/1345/947 974/1348/948
f 953/1333/927 952/1349/926 964/1350/938
f 960/1334/934 959/1327/933 970/1346/944 971/1339/945
f 957/1335/931 956/1329/930 967/1347/941 968/1341/942
f 874/1351/848 963/1331/937 974/1348/948
f 954/1337/928 953/1333/927 964/1350/938 965/1343/939
f 964/1350/938 952/1352/926 975/1353/949
f 971/1339/945 970/1346/944 981/1354/955 982/1355/956
f 968/1341/942 967/1347/941 978/1356/952 979/1357/953
f 874/1358/848 974/1348/948 985/1359/959
f 965/1343/939 964/1350/938 975/1353/949 976/1360/950
f 972/1340/946 971/1339/945 982/1355/956 983/1361/957
f 969/1342/943 968/1341/942 979/1357/953 980/1362/954
f 966/1344/940 965/1343/939 976/1360/950 977/1363/951
f 973/1345/947 972/1340/946 983/1361/957 984/1364/958
f 970/1346/944 969/1342/943 980/1362/954 981/1354/955
f 967/1347/941 966/1344/940 977/1363/951 978/1356/952
f 974/1348/948 973/1345/947 984/1364/958 985/1359/959
f 984/1364/958 983/1361/957 994/1365/968 995/1366/969
f 981/1354/955 980/1362/954 991/1367/965 992/1368/966
f 978/1356/952 977/1363/951 988/1369/962 989/1370/963
f 985/1359/959 984/1364/958 995/1366/969 996/1371/970
f 975/1353/949 952/1372/926 986/1373/960
f 982/1355/956 981/1354/955 992/1368/966 993/1374/967
f 979/1357/953 978/1356/952 989/1370/963 990/1375/964
f 874/1376/848 985/1359/959 996/1371/970
f 976/1360/950 975/1353/949 986/1373/960 987/1377/961
f 983/1361/957 982/1355/956 993/1374/967 994/1365/968
f 980/1362/954 979/1357/953 990/1375/964 991/1367/965
f 977/1363/951 976/1360/950 987/1377/961 988/1369/962
f 987/1377/961 986/1373/960 997/1378/971 998/1379/972
f 994/1365/968 993/1374/967 1004/1380/978 1005/1381/979
f 991/1367/965 990/1375/964 1001/1382/975 1002/1383/976
f 988/1369/962 987/1377/961 998/1379/972 999/1384/973
f 995/1366/969 994/1365/968 1005/1381/979 1006/1385/980
f 992/1368/966 991/1367/965 1002/1383/976 1003/1386/977
f 989/1370/963 988/1369/962 999/1384/973 1000/1387/974
f 996/1371/970 995/1366/969 1006/1385/980 1007/1388/981
f 986/1373/960 952/1389/926 997/1378/971
f 993/1374/967 992/1368/966 1003/1386/977 1004/1380/978
f 990/1375/964 989/1370/963 1000/1387/974 1001/1382/975
f 874/1390/848 996/1371/970 1007/1388/981
f 1007/1388/981 1006/1385/980 1017/1391/991 1018/1392/992
f 997/1378/971 952/1393/926 1008/1394/982
f 1004/1380/978 1003/1386/977 1014/1395/988 1015/1396/989
f 1001/1382/975 1000/1387/974 1011/1397/985 1012/1398/986
f 874/1399/848 1007/1388/981 1018/1392/992
f 998/1379/972 997/1378/971 1008/1394/982 1009/1400/983
f 1005/1381/979 1004/1380/978 1015/1396/989 1016/1401/990
f 1002/1383/976 1001/1382/975 1012/1398/986 1013/1402/987
f 999/1384/973 998/1379/972 1009/1400/983 1010/1403/984
f 1006/1385/980 1005/1381/979 1016/1401/990 1017/1391/991
f 1003/1386/977 1002/1383/976 1013/1402/987 1014/1395/988
f 1000/1387/974 999/1384/973 1010/1403/984 1011/1397/985
f 1010/1404/984 1009/1405/983 1020/1406/994 1021/1407/995
f 1017/1408/991 1016/1409/990 1027/1410/1001 1028/1411/1002
f 1014/1412/988 1013/1413/987 1024/1414/998 1025/1415/999
f 1011/1416/985 1010/1404/984 1021/1407/995 1022/1417/996
f 1018/1418/992 1017/1408/991 1028/1411/1002 1029/1419/1003
f 1008/1420/982 952/1421/926 1019/1422/993
f 1015/1423/989 1014/1412/988 1025/1415/999 1026/1424/1000
f 1012/1425/986 1011/1416/985 1022/1417/996 1023/1426/997
f 874/1427/848 1018/1418/992 1029/1419/1003
f 1009/1405/983 1008/1420/982 1019/1422/993 1020/1406/994
f 1016/1409/990 1015/1423/989 1026/1424/1000 1027/1410/1001
f 1013/1413/987 1012/1425/986 1023/1426/997 1024/1414/998
f 874/1428/848 1029/1419/1003 1040/1429/1014
f 1020/1406/994 1019/1422/993 1030/1430/1004 1031/1431/1005
f 1027/1410/1001 1026/1424/1000 1037/1432/1011 1038/1433/1012
f 1024/1414/998 1023/1426/997 1034/1434/1008 1035/1435/1009
f 1021/1407/995 1020/1406/994 1031/1431/1005 1032/1436/1006
f 1028/1411/1002 1027/1410/1001 1038/1433/1012 1039/1437/1013
f 1025/1415/999 1024/1414/998 1035/1435/1009 1036/1438/1010
f 1022/1417/996 1021/1407/995 1032/1436/1006 1033/1439/1007
f 1029/1419/1003 1028/1411/1002 1039/1437/1013 1040/1429/1014
f 1019/1422/993 952/1440/926 1030/1430/1004
f 1026/1424/1000 1025/1415/999 1036/1438/1010 1037/1432/1011
f 1023/1426/997 1022/1417/996 1033/1439/1007 1034/1434/1008
f 1033/1439/1007 1032/1436/1006 1043/1441/1017 1044/1442/1018
f 1040/1429/1014 1039/1437/1013 1050/1443/1024 1051/1444/1025
f 1030/1430/1004 952/1445/926 1041/1446/1015
f 1037/1432/1011 1036/1438/1010 1047/1447/1021 1048/1448/1022
f 1034/1434/1008 1033/1439/1007 1044/1442/1018 1045/1449/1019
f 874/1450/848 1040/1429/1014 1051/1444/1025
f 1031/1431/1005 1030/1430/1004 1041/1446/1015 1042/1451/1016
f 1038/1433/1012 1037/1432/1011 1048/1448/1022 1049/1452/1023
f 1035/1435/1009 1034/1434/1008 1045/1449/1019 1046/1453/1020
f 1032/1436/1006 1031/1431/1005 1042/1451/1016 1043/1441/1017
f 1039/1437/1013 1038/1433/1012 1049/1452/1023 1050/1443/1024
f 1036/1438/1010 1035/1435/1009 1046/1453/1020 1047/1447/1021
f 1043/1441/1017 1042/1451/1016 1053/1454/1027 1054/1455/1028
f 1050/1443/1024 1049/1452/1023 1060/1456/1034 1061/1457/1035
f 1047/1447/1021 1046/1453/1020 1057/1458/1031 1058/1459/1032
f 1044/1442/1018 1043/1441/1017 1054/1455/1028 1055/1460/1029
f 1051/1444/1025 1050/1443/1024 1061/1457/1035 1062/1461/1036
f 1041/1446/1015 952/1462/926 1052/1463/1026
f 1048/1448/1022 1047/1447/1021 1058/1459/1032 1059/1464/1033
f 1045/1449/1019 1044/1442/1018 1055/1460/1029 1056/1465/1030
f 874/1466/848 1051/1444/1025 1062/1461/1036
f 1042/1451/1016 1041/1446/1015 1052/1463/1026 1053/1454/1027
f 1049/1452/1023 1048/1448/1022 1059/1464/1033 1060/1456/1034
f 1046/1453/1020 1045/1449/1019 1056/1465/1030 1057/1458/1031
f 1056/1465/1030 1055/1460/1029 1064/1203/1038 847/1202/821
f 874/1467/848 1062/1461/1036 851/1207/825
f 1053/1454/1027 1052/1463/1026 845/1210/819 846/1209/820
f 1060/1456/1034 1059/1464/1033 1065/1198/1039 1066/1213/1040
f 1057/1458/1031 1056/1465/1030 847/1202/821 848/1215/822
f 1054/1455/1028 1053/1454/1027 846/1209/820 1063/1217/1037
f 1061/1457/1035 1060/1456/1034 1066/1213/1040 850/1219/824
f 1058/1459/1032 1057/1458/1031 848/1215/822 849/1199/823
f 1055/1460/1029 1054/1455/1028 1063/1217/1037 1064/1203/1038
f 1062/1461/1036 1061/1457/1035 850/1219/824 851/1207/825
f 1052/1463/1026 952/1468/926 845/1210/819
f 1059/1464/1033 1058/1459/1032 849/1199/823 1065/1198/1039
o iron_tether
v 0.323422 0.310000 -0.110561
v 0.323422 0.690000 -0.110561
v 0.345922 0.310000 -0.104532
v 0.345922 0.690000 -0.104532
v 0.362393 0.310000 -0.088061
v 0.362393 0.690000 -0.088061
v 0.368422 0.310000 -0.065561
v 0.368422 0.690000 -0.065561
v 0.362393 0.310000 -0.043061
v 0.362393 0.690000 -0.043061
v 0.345922 0.310000 -0.026590
v 0.345922 0.690000 -0.026590
v 0.323422 0.310000 -0.020561
v 0.323422 0.690000 -0.020561
v 0.300922 0.310000 -0.026590
v 0.300922 0.690000 -0.026590
v 0.284451 0.310000 -0.043061
v 0.284451 0.690000 -0.043061
v 0.278422 0.310000 -0.065561
v 0.278422 0.690000 -0.065561
v 0.284451 0.310000 -0.088061
v 0.284451 0.690000 -0.088061
v 0.300922 0.310000 -0.104532
v 0.300922 0.690000 -0.104532
vn -0.0000 -0.6532 -0.7572
vn -0.0000 0.6532 -0.7572
vn 0.3786 -0.6532 -0.6557
vn 0.3786 0.6532 -0.6557
vn 0.6557 -0.6532 -0.3786
vn 0.6557 0.6532 -0.3786
vn 0.7572 -0.6532 -0.0000
vn 0.7572 0.6532 -0.0000
vn 0.6557 -0.6532 0.3786
vn 0.6557 0.6532 0.3786
vn 0.3786 -0.6532 0.6557
vn 0.3786 0.6532 0.6557
vn -0.0000 -0.6532 0.7572
vn -0.0000 0.6532 0.7572
vn -0.3786 -0.6532 0.6557
vn -0.3786 0.6532 0.6557
vn -0.6557 -0.6532 0.3786
vn -0.6557 0.6532 0.3786
vn -0.7572 -0.6532 -0.0000
vn -0.7572 0.6532 -0.0000
vn -0.6557 -0.6532 -0.3786
vn -0.6557 0.6532 -0.3786
vn -0.3786 -0.6532 -0.6557
vn -0.3786 0.6532 -0.6557
vt 1.000000 0.500000
vt 1.000000 1.000000
vt 0.916667 1.000000
vt 0.916667 0.500000
vt 0.833333 1.000000
vt 0.833333 0.500000
vt 0.750000 1.000000
vt 0.750000 0.500000
vt 0.666667 1.000000
vt 0.666667 0.500000
vt 0.583333 1.000000
vt 0.583333 0.500000
vt 0.500000 1.000000
vt 0.500000 0.500000
vt 0.416667 1.000000
vt 0.416667 0.500000
vt 0.333333 1.000000
vt 0.333333 0.500000
vt 0.250000 1.000000
vt 0.250000 0.500000
vt 0.166667 1.000000
vt 0.166667 0.500000
vt 0.370000 0.457846
vt 0.250000 0.490000
vt 0.130000 0.457846
vt 0.042154 0.370000
vt 0.010000 0.250000
vt 0.042154 0.130000
vt 0.130000 0.042154
vt 0.250000 0.010000
vt 0.370000 0.042154
vt 0.457846 0.130000
vt 0.490000 0.250000
vt 0.457846 0.370000
vt 0.083333 1.000000
vt 0.083333 0.500000
vt 0.000000 1.000000
vt 0.000000 0.500000
vt 0.750000 0.490000
vt 0.870000 0.457846
vt 0.957846 0.370000
vt 0.990000 0.250000
vt 0.957846 0.130000
vt 0.870000 0.042154
vt 0.750000 0.010000
vt 0.630000 0.042154
vt 0.542154 0.130000
vt 0.510000 0.250000
vt 0.542154 0.370000
vt 0.630000 0.457846
s 1
usemtl BlackIron
f 1067/1469/1041 1068/1470/1042 1070/1471/1044 1069/1472/1043
f 1069/1472/1043 1070/1471/1044 1072/1473/1046 1071/1474/1045
f 1071/1474/1045 1072/1473/1046 1074/1475/1048 1073/1476/1047
f 1073/1476/1047 1074/1475/1048 1076/1477/1050 1075/1478/1049
f 1075/1478/1049 1076/1477/1050 1078/1479/1052 1077/1480/1051
f 1077/1480/1051 1078/1479/1052 1080/1481/1054 1079/1482/1053
f 1079/1482/1053 1080/1481/1054 1082/1483/1056 1081/1484/1055
f 1081/1484/1055 1082/1483/1056 1084/1485/1058 1083/1486/1057
f 1083/1486/1057 1084/1485/1058 1086/1487/1060 1085/1488/1059
f 1085/1488/1059 1086/1487/1060 1088/1489/1062 1087/1490/1061
f 1070/1491/1044 1068/1492/1042 1090/1493/1064 1088/1494/1062 1086/1495/1060 1084/1496/1058 1082/1497/1056 1080/1498/1054 1078/1499/1052 1076/1500/1050 1074/1501/1048 1072/1502/1046
f 1087/1490/1061 1088/1489/1062 1090/1503/1064 1089/1504/1063
f 1089/1504/1063 1090/1503/1064 1068/1505/1042 1067/1506/1041
f 1067/1507/1041 1069/1508/1043 1071/1509/1045 1073/1510/1047 1075/1511/1049 1077/1512/1051 1079/1513/1053 1081/1514/1055 1083/1515/1057 1085/1516/1059 1087/1517/1061 1089/1518/1063
o iron_tether.001
v -0.218391 0.310000 -0.292397
v -0.218391 0.690000 -0.292397
v -0.195891 0.310000 -0.286369
v -0.195891 0.690000 -0.286369
v -0.179420 0.310000 -0.269898
v -0.179420 0.690000 -0.269898
v -0.173391 0.310000 -0.247398
v -0.173391 0.690000 -0.247398
v -0.179420 0.310000 -0.224898
v -0.179420 0.690000 -0.224898
v -0.195891 0.310000 -0.208426
v -0.195891 0.690000 -0.208426
v -0.218391 0.310000 -0.202398
v -0.218391 0.690000 -0.202398
v -0.240891 0.310000 -0.208426
v -0.240891 0.690000 -0.208426
v -0.257362 0.310000 -0.224898
v -0.257362 0.690000 -0.224898
v -0.263391 0.310000 -0.247398
v -0.263391 0.690000 -0.247398
v -0.257362 0.310000 -0.269898
v -0.257362 0.690000 -0.269898
v -0.240891 0.310000 -0.286369
v -0.240891 0.690000 -0.286369
vn -0.0000 -0.6532 -0.7572
vn -0.0000 0.6532 -0.7572
vn 0.3786 -0.6532 -0.6557
vn 0.3786 0.6532 -0.6557
vn 0.6557 -0.6532 -0.3786
vn 0.6557 0.6532 -0.3786
vn 0.7572 -0.6532 -0.0000
vn 0.7572 0.6532 -0.0000
vn 0.6557 -0.6532 0.3786
vn 0.6557 0.6532 0.3786
vn 0.3786 -0.6532 0.6557
vn 0.3786 0.6532 0.6557
vn -0.0000 -0.6532 0.7572
vn -0.0000 0.6532 0.7572
vn -0.3786 -0.6532 0.6557
vn -0.3786 0.6532 0.6557
vn -0.6557 -0.6532 0.3786
vn -0.6557 0.6532 0.3786
vn -0.7572 -0.6532 -0.0000
vn -0.7572 0.6532 -0.0000
vn -0.6557 -0.6532 -0.3786
vn -0.6557 0.6532 -0.3786
vn -0.3786 -0.6532 -0.6557
vn -0.3786 0.6532 -0.6557
vt 1.000000 0.500000
vt 1.000000 1.000000
vt 0.916667 1.000000
vt 0.916667 0.500000
vt 0.833333 1.000000
vt 0.833333 0.500000
vt 0.750000 1.000000
vt 0.750000 0.500000
vt 0.666667 1.000000
vt 0.666667 0.500000
vt 0.583333 1.000000
vt 0.583333 0.500000
vt 0.500000 1.000000
vt 0.500000 0.500000
vt 0.416667 1.000000
vt 0.416667 0.500000
vt 0.333333 1.000000
vt 0.333333 0.500000
vt 0.250000 1.000000
vt 0.250000 0.500000
vt 0.166667 1.000000
vt 0.166667 0.500000
vt 0.370000 0.457846
vt 0.250000 0.490000
vt 0.130000 0.457846
vt 0.042154 0.370000
vt 0.010000 0.250000
vt 0.042154 0.130000
vt 0.130000 0.042154
vt 0.250000 0.010000
vt 0.370000 0.042154
vt 0.457846 0.130000
vt 0.490000 0.250000
vt 0.457846 0.370000
vt 0.083333 1.000000
vt 0.083333 0.500000
vt 0.000000 1.000000
vt 0.000000 0.500000
vt 0.750000 0.490000
vt 0.870000 0.457846
vt 0.957846 0.370000
vt 0.990000 0.250000
vt 0.957846 0.130000
vt 0.870000 0.042154
vt 0.750000 0.010000
vt 0.630000 0.042154
vt 0.542154 0.130000
vt 0.510000 0.250000
vt 0.542154 0.370000
vt 0.630000 0.457846
s 1
usemtl BlackIron
f 1091/1519/1065 1092/1520/1066 1094/1521/1068 1093/1522/1067
f 1093/1522/1067 1094/1521/1068 1096/1523/1070 1095/1524/1069
f 1095/1524/1069 1096/1523/1070 1098/1525/1072 1097/1526/1071
f 1097/1526/1071 1098/1525/1072 1100/1527/1074 1099/1528/1073
f 1099/1528/1073 1100/1527/1074 1102/1529/1076 1101/1530/1075
f 1101/1530/1075 1102/1529/1076 1104/1531/1078 1103/1532/1077
f 1103/1532/1077 1104/1531/1078 1106/1533/1080 1105/1534/1079
f 1105/1534/1079 1106/1533/1080 1108/1535/1082 1107/1536/1081
f 1107/1536/1081 1108/1535/1082 1110/1537/1084 1109/1538/1083
f 1109/1538/1083 1110/1537/1084 1112/1539/1086 1111/1540/1085
f 1094/1541/1068 1092/1542/1066 1114/1543/1088 1112/1544/1086 1110/1545/1084 1108/1546/1082 1106/1547/1080 1104/1548/1078 1102/1549/1076 1100/1550/1074 1098/1551/1072 1096/1552/1070
f 1111/1540/1085 1112/1539/1086 1114/1553/1088 1113/1554/1087
f 1113/1554/1087 1114/1553/1088 1092/1555/1066 1091/1556/1065
f 1091/1557/1065 1093/1558/1067 1095/1559/1069 1097/1560/1071 1099/1561/1073 1101/1562/1075 1103/1563/1077 1105/1564/1079 1107/1565/1081 1109/1566/1083 1111/1567/1085 1113/1568/1087
o iron_tether.002
v -0.105181 0.310000 0.267789
v -0.105181 0.690000 0.267789
v -0.082681 0.310000 0.273818
v -0.082681 0.690000 0.273818
v -0.066210 0.310000 0.290289
v -0.066210 0.690000 0.290289
v -0.060181 0.310000 0.312789
v -0.060181 0.690000 0.312789
v -0.066210 0.310000 0.335289
v -0.066210 0.690000 0.335289
v -0.082681 0.310000 0.351760
v -0.082681 0.690000 0.351760
v -0.105181 0.310000 0.357789
v -0.105181 0.690000 0.357789
v -0.127681 0.310000 0.351760
v -0.127681 0.690000 0.351760
v -0.144152 0.310000 0.335289
v -0.144152 0.690000 0.335289
v -0.150181 0.310000 0.312789
v -0.150181 0.690000 0.312789
v -0.144152 0.310000 0.290289
v -0.144152 0.690000 0.290289
v -0.127681 0.310000 0.273818
v -0.127681 0.690000 0.273818
vn -0.0000 -0.6532 -0.7572
vn -0.0000 0.6532 -0.7572
vn 0.3786 -0.6532 -0.6557
vn 0.3786 0.6532 -0.6557
vn 0.6557 -0.6532 -0.3786
vn 0.6557 0.6532 -0.3786
vn 0.7572 -0.6532 -0.0000
vn 0.7572 0.6532 -0.0000
vn 0.6557 -0.6532 0.3786
vn 0.6557 0.6532 0.3786
vn 0.3786 -0.6532 0.6557
vn 0.3786 0.6532 0.6557
vn -0.0000 -0.6532 0.7572
vn -0.0000 0.6532 0.7572
vn -0.3786 -0.6532 0.6557
vn -0.3786 0.6532 0.6557
vn -0.6557 -0.6532 0.3786
vn -0.6557 0.6532 0.3786
vn -0.7572 -0.6532 -0.0000
vn -0.7572 0.6532 -0.0000
vn -0.6557 -0.6532 -0.3786
vn -0.6557 0.6532 -0.3786
vn -0.3786 -0.6532 -0.6557
vn -0.3786 0.6532 -0.6557
vt 1.000000 0.500000
vt 1.000000 1.000000
vt 0.916667 1.000000
vt 0.916667 0.500000
vt 0.833333 1.000000
vt 0.833333 0.500000
vt 0.750000 1.000000
vt 0.750000 0.500000
vt 0.666667 1.000000
vt 0.666667 0.500000
vt 0.583333 1.000000
vt 0.583333 0.500000
vt 0.500000 1.000000
vt 0.500000 0.500000
vt 0.416667 1.000000
vt 0.416667 0.500000
vt 0.333333 1.000000
vt 0.333333 0.500000
vt 0.250000 1.000000
vt 0.250000 0.500000
vt 0.166667 1.000000
vt 0.166667 0.500000
vt 0.370000 0.457846
vt 0.250000 0.490000
vt 0.130000 0.457846
vt 0.042154 0.370000
vt 0.010000 0.250000
vt 0.042154 0.130000
vt 0.130000 0.042154
vt 0.250000 0.010000
vt 0.370000 0.042154
vt 0.457846 0.130000
vt 0.490000 0.250000
vt 0.457846 0.370000
vt 0.083333 1.000000
vt 0.083333 0.500000
vt 0.000000 1.000000
vt 0.000000 0.500000
vt 0.750000 0.490000
vt 0.870000 0.457846
vt 0.957846 0.370000
vt 0.990000 0.250000
vt 0.957846 0.130000
vt 0.870000 0.042154
vt 0.750000 0.010000
vt 0.630000 0.042154
vt 0.542154 0.130000
vt 0.510000 0.250000
vt 0.542154 0.370000
vt 0.630000 0.457846
s 1
usemtl BlackIron
f 1115/1569/1089 1116/1570/1090 1118/1571/1092 1117/1572/1091
f 1117/1572/1091 1118/1571/1092 1120/1573/1094 1119/1574/1093
f 1119/1574/1093 1120/1573/1094 1122/1575/1096 1121/1576/1095
f 1121/1576/1095 1122/1575/1096 1124/1577/1098 1123/1578/1097
f 1123/1578/1097 1124/1577/1098 1126/1579/1100 1125/1580/1099
f 1125/1580/1099 1126/1579/1100 1128/1581/1102 1127/1582/1101
f 1127/1582/1101 1128/1581/1102 1130/1583/1104 1129/1584/1103
f 1129/1584/1103 1130/1583/1104 1132/1585/1106 1131/1586/1105
f 1131/1586/1105 1132/1585/1106 1134/1587/1108 1133/1588/1107
f 1133/1588/1107 1134/1587/1108 1136/1589/1110 1135/1590/1109
f 1118/1591/1092 1116/1592/1090 1138/1593/1112 1136/1594/1110 1134/1595/1108 1132/1596/1106 1130/1597/1104 1128/1598/1102 1126/1599/1100 1124/1600/1098 1122/1601/1096 1120/1602/1094
f 1135/1590/1109 1136/1589/1110 1138/1603/1112 1137/1604/1111
f 1137/1604/1111 1138/1603/1112 1116/1605/1090 1115/1606/1089
f 1115/1607/1089 1117/1608/1091 1119/1609/1093 1121/1610/1095 1123/1611/1097 1125/1612/1099 1127/1613/1101 1129/1614/1103 1131/1615/1105 1133/1616/1107 1135/1617/1109 1137/1618/1111
