# Blender 4.5.10 LTS
# www.blender.org
mtllib TowerMulti0.mtl
o rough_stone_plinth_lower_course
v -0.000000 0.000000 -0.771058
v -0.024601 0.021988 -0.773991
v 0.024601 0.021988 -0.773991
v -0.015461 0.006440 -0.780154
v -0.000000 0.009701 -0.782987
v 0.000000 0.023954 -0.776869
v 0.015461 0.006440 -0.780154
v -0.000000 0.260000 -0.593458
v 0.024601 0.238012 -0.626429
v -0.024601 0.238012 -0.626429
v 0.013261 0.253560 -0.612263
v 0.000000 0.251116 -0.618460
v 0.000000 0.239978 -0.629307
v -0.013261 0.253560 -0.612263
v 0.545220 0.000000 -0.545220
v 0.529899 0.021988 -0.564689
v 0.564689 0.021988 -0.529899
v 0.540720 0.006440 -0.562585
v 0.553655 0.009701 -0.553655
v 0.549329 0.023954 -0.549329
v 0.562585 0.006440 -0.540720
v 0.419638 0.260000 -0.419638
v 0.460348 0.238012 -0.425557
v 0.425557 0.238012 -0.460348
v 0.442313 0.253560 -0.423558
v 0.437318 0.251116 -0.437318
v 0.444987 0.239978 -0.444987
v 0.423558 0.253560 -0.442313
v 0.771058 0.000000 -0.000000
v 0.773991 0.021988 -0.024601
v 0.773991 0.021988 0.024601
v 0.780154 0.006440 -0.015461
v 0.782987 0.009701 -0.000000
v 0.776869 0.023954 0.000000
v 0.780154 0.006440 0.015461
v 0.593458 0.260000 -0.000000
v 0.626429 0.238012 0.024601
v 0.626429 0.238012 -0.024601
v 0.612263 0.253560 0.013261
v 0.618460 0.251116 0.000000
v 0.629307 0.239978 0.000000
v 0.612263 0.253560 -0.013261
v 0.545220 0.000000 0.545220
v 0.564689 0.021988 0.529899
v 0.529899 0.021988 0.564689
v 0.562585 0.006440 0.540720
v 0.553655 0.009701 0.553655
v 0.549329 0.023954 0.549329
v 0.540720 0.006440 0.562585
v 0.419638 0.260000 0.419638
v 0.425557 0.238012 0.460348
v 0.460348 0.238012 0.425557
v 0.423558 0.253560 0.442313
v 0.437318 0.251116 0.437318
v 0.444987 0.239978 0.444987
v 0.442313 0.253560 0.423558
v 0.000000 0.000000 0.771058
v 0.024601 0.021988 0.773991
v -0.024601 0.021988 0.773991
v 0.015461 0.006440 0.780154
v 0.000000 0.009701 0.782987
v -0.000000 0.023954 0.776869
v -0.015461 0.006440 0.780154
v 0.000000 0.260000 0.593458
v -0.024601 0.238012 0.626429
v 0.024601 0.238012 0.626429
v -0.013261 0.253560 0.612263
v -0.000000 0.251116 0.618460
v 0.000000 0.239978 0.629307
v 0.013261 0.253560 0.612263
v -0.545220 0.000000 0.545220
v -0.529899 0.021988 0.564689
v -0.564689 0.021988 0.529899
v -0.540720 0.006440 0.562585
v -0.553655 0.009701 0.553655
v -0.549329 0.023954 0.549329
v -0.562585 0.006440 0.540720
v -0.419638 0.260000 0.419638
v -0.460348 0.238012 0.425557
v -0.425557 0.238012 0.460348
v -0.442313 0.253560 0.423558
v -0.437318 0.251116 0.437318
v -0.444987 0.239978 0.444987
v -0.423558 0.253560 0.442313
v -0.771058 0.000000 0.000000
v -0.773991 0.021988 0.024601
v -0.773991 0.021988 -0.024601
v -0.780154 0.006440 0.015461
v -0.782987 0.009701 0.000000
v -0.776869 0.023954 -0.000000
v -0.780154 0.006440 -0.015461
v -0.593458 0.260000 0.000000
v -0.626429 0.238012 -0.024601
v -0.626429 0.238012 0.024601
v -0.612263 0.253560 -0.013261
v -0.618460 0.251116 -0.000000
v -0.629307 0.239978 0.000000
v -0.612263 0.253560 0.013261
v -0.545220 0.000000 -0.545220
v -0.564689 0.021988 -0.529899
v -0.529899 0.021988 -0.564689
v -0.562585 0.006440 -0.540720
v -0.553655 0.009701 -0.553655
v -0.549329 0.023954 -0.549329
v -0.540720 0.006440 -0.562585
v -0.419638 0.260000 -0.419638
v -0.425557 0.238012 -0.460348
v -0.460348 0.238012 -0.425557
v -0.423558 0.253560 -0.442313
v -0.437318 0.251116 -0.437318
v -0.444987 0.239978 -0.444987
v -0.442313 0.253560 -0.423558
vn -0.0000 -0.7758 -0.6309
vn -0.1752 0.3287 -0.9280
vn 0.1752 0.3287 -0.9280
vn -0.0000 0.9423 -0.3348
vn 0.1557 0.7099 -0.6868
vn -0.1557 0.7099 -0.6868
vn 0.4461 -0.7758 -0.4461
vn 0.5324 0.3287 -0.7801
vn 0.7801 0.3287 -0.5324
vn 0.2368 0.9423 -0.2368
vn 0.5957 0.7099 -0.3756
vn 0.3756 0.7099 -0.5957
vn 0.6309 -0.7758 -0.0000
vn 0.9280 0.3287 -0.1752
vn 0.9280 0.3287 0.1752
vn 0.3348 0.9423 -0.0000
vn 0.6868 0.7099 0.1557
vn 0.6868 0.7099 -0.1557
vn 0.4461 -0.7758 0.4462
vn 0.7801 0.3287 0.5324
vn 0.5324 0.3287 0.7801
vn 0.2368 0.9423 0.2368
vn 0.3756 0.7099 0.5957
vn 0.5957 0.7099 0.3756
vn -0.0000 -0.7758 0.6309
vn 0.1752 0.3287 0.9280
vn -0.1752 0.3287 0.9280
vn -0.0000 0.9423 0.3348
vn -0.1557 0.7099 0.6868
vn 0.1557 0.7099 0.6868
vn -0.4461 -0.7758 0.4461
vn -0.5324 0.3287 0.7801
vn -0.7801 0.3287 0.5324
vn -0.2368 0.9423 0.2368
vn -0.5957 0.7099 0.3756
vn -0.3756 0.7099 0.5957
vn -0.6309 -0.7758 -0.0000
vn -0.9280 0.3287 0.1752
vn -0.9280 0.3287 -0.1752
vn -0.3348 0.9423 -0.0000
vn -0.6868 0.7099 -0.1557
vn -0.6868 0.7099 0.1557
vn -0.4461 -0.7758 -0.4462
vn -0.7801 0.3287 -0.5324
vn -0.5324 0.3287 -0.7801
vn -0.2368 0.9423 -0.2368
vn -0.3756 0.7099 -0.5957
vn -0.5957 0.7099 -0.3756
vn 0.3789 0.1399 -0.9148
vn 0.1570 -0.9120 -0.3789
vn 0.2548 0.7462 -0.6150
vn 0.1055 0.9612 -0.2548
vn -0.1403 0.5585 -0.8176
vn 0.1403 0.5585 -0.8176
vn 0.6773 0.5585 -0.4789
vn 0.4789 0.5585 -0.6773
vn 0.9148 0.1399 -0.3789
vn 0.3789 -0.9120 -0.1570
vn 0.6150 0.7462 -0.2548
vn 0.2548 0.9612 -0.1055
vn 0.8176 0.5585 0.1403
vn 0.8176 0.5585 -0.1403
vn 0.9148 0.1399 0.3789
vn 0.3789 -0.9120 0.1570
vn 0.6150 0.7462 0.2548
vn 0.2548 0.9612 0.1055
vn 0.4789 0.5585 0.6773
vn 0.6773 0.5585 0.4789
vn 0.3789 0.1399 0.9148
vn 0.1570 -0.9120 0.3789
vn 0.2548 0.7462 0.6150
vn 0.1055 0.9612 0.2548
vn -0.1403 0.5585 0.8176
vn 0.1403 0.5585 0.8176
vn -0.3789 0.1399 0.9148
vn -0.1570 -0.9120 0.3789
vn -0.2548 0.7462 0.6150
vn -0.1055 0.9612 0.2548
vn -0.6773 0.5585 0.4789
vn -0.4789 0.5585 0.6773
vn -0.9148 0.1399 0.3789
vn -0.3789 -0.9120 0.1570
vn -0.6150 0.7462 0.2548
vn -0.2548 0.9612 0.1055
vn -0.8176 0.5585 -0.1403
vn -0.8176 0.5585 0.1403
vn -0.9148 0.1399 -0.3789
vn -0.3789 -0.9120 -0.1570
vn -0.6150 0.7462 -0.2548
vn -0.2548 0.9612 -0.1055
vn -0.4789 0.5585 -0.6773
vn -0.6773 0.5585 -0.4789
vn -0.3789 0.1399 -0.9148
vn -0.1570 -0.9120 -0.3789
vn -0.2548 0.7462 -0.6150
vn -0.1055 0.9612 -0.2548
vn -0.0000 -1.0000 -0.0000
vn 0.3236 0.5337 -0.7813
vn -0.3236 0.5337 -0.7813
vn -0.0000 1.0000 -0.0000
vn 0.7813 0.5337 -0.3236
vn 0.7813 0.5337 0.3236
vn 0.3236 0.5337 0.7813
vn -0.3236 0.5337 0.7813
vn -0.7813 0.5337 0.3236
vn -0.7813 0.5337 -0.3236
vt 0.750000 0.481549
vt 0.744015 0.487521
vt 0.748279 0.489287
vt 0.755985 0.487521
vt 0.005709 0.542284
vt 0.000000 0.551411
vt 0.000000 0.527243
vt 0.004408 0.500000
vt 0.994290 0.542284
vt 0.995592 0.500000
vt 0.998732 0.500000
vt 1.000000 0.551411
vt 0.250000 0.479134
vt 0.255645 0.487662
vt 0.250429 0.489822
vt 0.244355 0.487662
vt 0.993517 0.957716
vt 1.000000 0.966843
vt 1.000000 0.991162
vt 0.995842 1.000000
vt 0.006483 0.957716
vt 0.004158 1.000000
vt 0.000316 1.000000
vt 0.000000 0.966843
vt 0.913730 0.413730
vt 0.913720 0.422185
vt 0.917984 0.420419
vt 0.922185 0.413721
vt 0.880709 0.542284
vt 0.875000 0.551411
vt 0.874366 0.513622
vt 0.879408 0.500000
vt 0.869291 0.542284
vt 0.870592 0.500000
vt 0.412022 0.412022
vt 0.422044 0.414061
vt 0.419883 0.419277
vt 0.414061 0.422044
vt 0.868517 0.957716
vt 0.875000 0.966843
vt 0.875158 0.995581
vt 0.870842 1.000000
vt 0.881483 0.957716
vt 0.879158 1.000000
vt 0.981549 0.250000
vt 0.987521 0.255985
vt 0.989287 0.251721
vt 0.987521 0.244015
vt 0.755709 0.542284
vt 0.750000 0.551411
vt 0.749366 0.513621
vt 0.754408 0.500000
vt 0.744290 0.542284
vt 0.745592 0.500000
vt 0.479134 0.250000
vt 0.487662 0.244355
vt 0.489822 0.249571
vt 0.487662 0.255645
vt 0.743517 0.957716
vt 0.750000 0.966843
vt 0.750158 0.995581
vt 0.745842 1.000000
vt 0.756483 0.957716
vt 0.754158 1.000000
vt 0.913730 0.086270
vt 0.922185 0.086279
vt 0.920419 0.082016
vt 0.913721 0.077815
vt 0.630710 0.542284
vt 0.625000 0.551411
vt 0.624366 0.513622
vt 0.629408 0.500000
vt 0.619291 0.542284
vt 0.620592 0.500000
vt 0.412022 0.087978
vt 0.414061 0.077956
vt 0.419277 0.080117
vt 0.422044 0.085939
vt 0.618517 0.957716
vt 0.625000 0.966843
vt 0.625158 0.995581
vt 0.620842 1.000000
vt 0.631483 0.957716
vt 0.629158 1.000000
vt 0.750000 0.018451
vt 0.755985 0.012479
vt 0.751721 0.010713
vt 0.744015 0.012479
vt 0.505709 0.542284
vt 0.500000 0.551411
vt 0.499366 0.513621
vt 0.504408 0.500000
vt 0.494291 0.542284
vt 0.495592 0.500000
vt 0.250000 0.020866
vt 0.244355 0.012338
vt 0.249571 0.010178
vt 0.255645 0.012338
vt 0.493517 0.957716
vt 0.500000 0.966843
vt 0.500158 0.995581
vt 0.495842 1.000000
vt 0.506483 0.957716
vt 0.504158 1.000000
vt 0.586270 0.086270
vt 0.586279 0.077815
vt 0.582016 0.079581
vt 0.577815 0.086279
vt 0.380710 0.542284
vt 0.375000 0.551411
vt 0.374366 0.513622
vt 0.379408 0.500000
vt 0.369291 0.542284
vt 0.370592 0.500000
vt 0.087978 0.087978
vt 0.077956 0.085939
vt 0.080117 0.080723
vt 0.085939 0.077956
vt 0.368517 0.957716
vt 0.375000 0.966843
vt 0.375158 0.995581
vt 0.370842 1.000000
vt 0.381483 0.957716
vt 0.379158 1.000000
vt 0.518451 0.250000
vt 0.512479 0.244015
vt 0.510713 0.248279
vt 0.512479 0.255985
vt 0.255709 0.542284
vt 0.250000 0.551411
vt 0.249366 0.513621
vt 0.254408 0.500000
vt 0.244291 0.542284
vt 0.245592 0.500000
vt 0.020866 0.250000
vt 0.012338 0.255645
vt 0.010178 0.250429
vt 0.012338 0.244355
vt 0.243517 0.957716
vt 0.250000 0.966843
vt 0.250158 0.995581
vt 0.245842 1.000000
vt 0.256483 0.957716
vt 0.254158 1.000000
vt 0.586270 0.413730
vt 0.577815 0.413721
vt 0.579581 0.417984
vt 0.586280 0.422185
vt 0.130710 0.542284
vt 0.125000 0.551411
vt 0.124366 0.513622
vt 0.129408 0.500000
vt 0.119291 0.542284
vt 0.120592 0.500000
vt 0.087978 0.412022
vt 0.085939 0.422044
vt 0.080723 0.419883
vt 0.077956 0.414061
vt 0.118517 0.957716
vt 0.125000 0.966843
vt 0.125158 0.995581
vt 0.120842 1.000000
vt 0.131483 0.957716
vt 0.129158 1.000000
s 0
usemtl Limestone
f 1/1/1 4/2/1 5/3/1 7/4/1
f 2/5/2 6/6/2 5/7/2 4/8/2
f 3/9/3 7/10/3 5/11/3 6/12/3
f 8/13/4 11/14/4 12/15/4 14/16/4
f 9/17/5 13/18/5 12/19/5 11/20/5
f 10/21/6 14/22/6 12/23/6 13/24/6
f 15/25/7 18/26/7 19/27/7 21/28/7
f 16/29/8 20/30/8 19/31/8 18/32/8
f 17/33/9 21/34/9 19/31/9 20/30/9
f 22/35/10 25/36/10 26/37/10 28/38/10
f 23/39/11 27/40/11 26/41/11 25/42/11
f 24/43/12 28/44/12 26/41/12 27/40/12
f 29/45/13 32/46/13 33/47/13 35/48/13
f 30/49/14 34/50/14 33/51/14 32/52/14
f 31/53/15 35/54/15 33/51/15 34/50/15
f 36/55/16 39/56/16 40/57/16 42/58/16
f 37/59/17 41/60/17 40/61/17 39/62/17
f 38/63/18 42/64/18 40/61/18 41/60/18
f 43/65/19 46/66/19 47/67/19 49/68/19
f 44/69/20 48/70/20 47/71/20 46/72/20
f 45/73/21 49/74/21 47/71/21 48/70/21
f 50/75/22 53/76/22 54/77/22 56/78/22
f 51/79/23 55/80/23 54/81/23 53/82/23
f 52/83/24 56/84/24 54/81/24 55/80/24
f 57/85/25 60/86/25 61/87/25 63/88/25
f 58/89/26 62/90/26 61/91/26 60/92/26
f 59/93/27 63/94/27 61/91/27 62/90/27
f 64/95/28 67/96/28 68/97/28 70/98/28
f 65/99/29 69/100/29 68/101/29 67/102/29
f 66/103/30 70/104/30 68/101/30 69/100/30
f 71/105/31 74/106/31 75/107/31 77/108/31
f 72/109/32 76/110/32 75/111/32 74/112/32
f 73/113/33 77/114/33 75/111/33 76/110/33
f 78/115/34 81/116/34 82/117/34 84/118/34
f 79/119/35 83/120/35 82/121/35 81/122/35
f 80/123/36 84/124/36 82/121/36 83/120/36
f 85/125/37 88/126/37 89/127/37 91/128/37
f 86/129/38 90/130/38 89/131/38 88/132/38
f 87/133/39 91/134/39 89/131/39 90/130/39
f 92/135/40 95/136/40 96/137/40 98/138/40
f 93/139/41 97/140/41 96/141/41 95/142/41
f 94/143/42 98/144/42 96/141/42 97/140/42
f 99/145/43 102/146/43 103/147/43 105/148/43
f 100/149/44 104/150/44 103/151/44 102/152/44
f 101/153/45 105/154/45 103/151/45 104/150/45
f 106/155/46 109/156/46 110/157/46 112/158/46
f 107/159/47 111/160/47 110/161/47 109/162/47
f 108/163/48 112/164/48 110/161/48 111/160/48
f 3/9/49 16/29/49 18/32/49 7/10/49
f 7/4/50 18/26/50 15/25/50 1/1/50
f 24/43/51 9/17/51 11/20/51 28/44/51
f 28/38/52 11/14/52 8/13/52 22/35/52
f 2/5/53 10/21/53 13/24/53 6/6/53
f 6/12/54 13/18/54 9/17/54 3/9/54
f 23/39/55 17/33/55 20/30/55 27/40/55
f 27/40/56 20/30/56 16/29/56 24/43/56
f 17/33/57 30/49/57 32/52/57 21/34/57
f 21/28/58 32/46/58 29/45/58 15/25/58
f 38/63/59 23/39/59 25/42/59 42/64/59
f 42/58/60 25/36/60 22/35/60 36/55/60
f 37/59/61 31/53/61 34/50/61 41/60/61
f 41/60/62 34/50/62 30/49/62 38/63/62
f 31/53/63 44/69/63 46/72/63 35/54/63
f 35/48/64 46/66/64 43/65/64 29/45/64
f 52/83/65 37/59/65 39/62/65 56/84/65
f 56/78/66 39/56/66 36/55/66 50/75/66
f 51/79/67 45/73/67 48/70/67 55/80/67
f 55/80/68 48/70/68 44/69/68 52/83/68
f 45/73/69 58/89/69 60/92/69 49/74/69
f 49/68/70 60/86/70 57/85/70 43/65/70
f 66/103/71 51/79/71 53/82/71 70/104/71
f 70/98/72 53/76/72 50/75/72 64/95/72
f 65/99/73 59/93/73 62/90/73 69/100/73
f 69/100/74 62/90/74 58/89/74 66/103/74
f 59/93/75 72/109/75 74/112/75 63/94/75
f 63/88/76 74/106/76 71/105/76 57/85/76
f 80/123/77 65/99/77 67/102/77 84/124/77
f 84/118/78 67/96/78 64/95/78 78/115/78
f 79/119/79 73/113/79 76/110/79 83/120/79
f 83/120/80 76/110/80 72/109/80 80/123/80
f 73/113/81 86/129/81 88/132/81 77/114/81
f 77/108/82 88/126/82 85/125/82 71/105/82
f 94/143/83 79/119/83 81/122/83 98/144/83
f 98/138/84 81/116/84 78/115/84 92/135/84
f 93/139/85 87/133/85 90/130/85 97/140/85
f 97/140/86 90/130/86 86/129/86 94/143/86
f 87/133/87 100/149/87 102/152/87 91/134/87
f 91/128/88 102/146/88 99/145/88 85/125/88
f 108/163/89 93/139/89 95/142/89 112/164/89
f 112/158/90 95/136/90 92/135/90 106/155/90
f 107/159/91 101/153/91 104/150/91 111/160/91
f 111/160/92 104/150/92 100/149/92 108/163/92
f 101/153/93 2/5/93 4/8/93 105/154/93
f 105/148/94 4/2/94 1/1/94 99/145/94
f 10/21/95 107/159/95 109/162/95 14/22/95
f 14/16/96 109/156/96 106/155/96 8/13/96
f 1/1/97 15/25/97 29/45/97 43/65/97 57/85/97 71/105/97 85/125/97 99/145/97
f 3/9/98 9/17/98 24/43/98 16/29/98
f 101/153/99 107/159/99 10/21/99 2/5/99
f 22/35/100 8/13/100 106/155/100 92/135/100 78/115/100 64/95/100 50/75/100 36/55/100
f 17/33/101 23/39/101 38/63/101 30/49/101
f 31/53/102 37/59/102 52/83/102 44/69/102
f 45/73/103 51/79/103 66/103/103 58/89/103
f 59/93/104 65/99/104 80/123/104 72/109/104
f 73/113/105 79/119/105 94/143/105 86/129/105
f 87/133/106 93/139/106 108/163/106 100/149/106
o rough_stone_plinth_upper_course
v 0.000000 0.231400 -0.565117
v -0.016630 0.249400 -0.577712
v 0.016630 0.249400 -0.577712
v -0.011759 0.236672 -0.572841
v -0.000000 0.239008 -0.577571
v -0.000000 0.249400 -0.581747
v 0.011759 0.236672 -0.572841
v 0.000000 0.309400 -0.565117
v 0.016630 0.291400 -0.577712
v -0.016630 0.291400 -0.577712
v 0.009742 0.304128 -0.574858
v 0.000000 0.301793 -0.578164
v 0.000000 0.291400 -0.580565
v -0.009742 0.304128 -0.574858
v 0.399598 0.231400 -0.399598
v 0.396745 0.249400 -0.420263
v 0.420263 0.249400 -0.396745
v 0.399598 0.236672 -0.413375
v 0.408824 0.239007 -0.408824
v 0.410521 0.249400 -0.410521
v 0.413375 0.236672 -0.399598
v 0.399598 0.309400 -0.399598
v 0.420263 0.291400 -0.396745
v 0.396745 0.291400 -0.420263
v 0.413375 0.304128 -0.399598
v 0.408824 0.301793 -0.408824
v 0.410521 0.291400 -0.410521
v 0.399598 0.304128 -0.413375
v 0.565117 0.231400 0.000000
v 0.577712 0.249400 -0.016630
v 0.577712 0.249400 0.016630
v 0.574858 0.236672 -0.009742
v 0.578164 0.239007 -0.000000
v 0.580565 0.249400 -0.000000
v 0.574858 0.236672 0.009742
v 0.565117 0.309400 0.000000
v 0.577712 0.291400 0.016630
v 0.577712 0.291400 -0.016630
v 0.574858 0.304128 0.009742
v 0.578164 0.301793 0.000000
v 0.580565 0.291400 0.000000
v 0.574858 0.304128 -0.009742
v 0.399598 0.231400 0.399598
v 0.420263 0.249400 0.396745
v 0.396745 0.249400 0.420263
v 0.413375 0.236672 0.399598
v 0.408824 0.239007 0.408824
v 0.410521 0.249400 0.410521
v 0.399598 0.236672 0.413375
v 0.399598 0.309400 0.399598
v 0.396745 0.291400 0.420263
v 0.420263 0.291400 0.396745
v 0.399598 0.304128 0.413375
v 0.408824 0.301793 0.408824
v 0.410521 0.291400 0.410521
v 0.413375 0.304128 0.399598
v 0.000000 0.231400 0.565117
v 0.016630 0.249400 0.577712
v -0.016630 0.249400 0.577712
v 0.011759 0.236672 0.572841
v 0.000000 0.239008 0.577571
v 0.000000 0.249400 0.581747
v -0.011759 0.236672 0.572841
v 0.000000 0.309400 0.565117
v -0.016630 0.291400 0.577712
v 0.016630 0.291400 0.577712
v -0.009742 0.304128 0.574858
v -0.000000 0.301793 0.578164
v -0.000000 0.291400 0.580565
v 0.009742 0.304128 0.574858
v -0.399598 0.231400 0.399598
v -0.396745 0.249400 0.420263
v -0.420263 0.249400 0.396745
v -0.399598 0.236672 0.413375
v -0.408824 0.239007 0.408824
v -0.410521 0.249400 0.410521
v -0.413375 0.236672 0.399598
v -0.399598 0.309400 0.399598
v -0.420263 0.291400 0.396745
v -0.396745 0.291400 0.420263
v -0.413375 0.304128 0.399598
v -0.408824 0.301793 0.408824
v -0.410521 0.291400 0.410521
v -0.399598 0.304128 0.413375
v -0.565117 0.231400 0.000000
v -0.577712 0.249400 0.016630
v -0.577712 0.249400 -0.016630
v -0.572841 0.236672 0.011759
v -0.577571 0.239008 0.000000
v -0.581747 0.249400 0.000000
v -0.572841 0.236672 -0.011759
v -0.565117 0.309400 0.000000
v -0.577712 0.291400 -0.016630
v -0.577712 0.291400 0.016630
v -0.574858 0.304128 -0.009742
v -0.578164 0.301793 -0.000000
v -0.580565 0.291400 -0.000000
v -0.574858 0.304128 0.009742
v -0.399598 0.231400 -0.399598
v -0.420263 0.249400 -0.396745
v -0.396745 0.249400 -0.420263
v -0.413375 0.236672 -0.399598
v -0.408824 0.239007 -0.408824
v -0.410521 0.249400 -0.410521
v -0.399598 0.236672 -0.413375
v -0.399598 0.309400 -0.399598
v -0.396745 0.291400 -0.420263
v -0.420263 0.291400 -0.396745
v -0.399598 0.304128 -0.413375
v -0.408824 0.301793 -0.408824
v -0.410521 0.291400 -0.410521
v -0.413375 0.304128 -0.399598
vn -0.0000 -0.8534 -0.5213
vn -0.2408 -0.3972 -0.8856
vn 0.2408 -0.3972 -0.8856
vn -0.0000 0.8639 -0.5037
vn 0.1959 0.2724 -0.9420
vn -0.1959 0.2724 -0.9420
vn 0.3562 -0.8639 -0.3562
vn 0.5276 -0.2724 -0.8046
vn 0.8046 -0.2724 -0.5276
vn 0.3562 0.8639 -0.3562
vn 0.8046 0.2724 -0.5276
vn 0.5276 0.2724 -0.8046
vn 0.5037 -0.8639 -0.0000
vn 0.9420 -0.2724 -0.1959
vn 0.9420 -0.2724 0.1959
vn 0.5037 0.8639 -0.0000
vn 0.9420 0.2724 0.1959
vn 0.9420 0.2724 -0.1959
vn 0.3562 -0.8639 0.3562
vn 0.8046 -0.2724 0.5276
vn 0.5276 -0.2724 0.8046
vn 0.3562 0.8639 0.3562
vn 0.5276 0.2724 0.8046
vn 0.8046 0.2724 0.5276
vn -0.0000 -0.8534 0.5213
vn 0.2408 -0.3972 0.8856
vn -0.2408 -0.3972 0.8856
vn -0.0000 0.8639 0.5037
vn -0.1959 0.2724 0.9420
vn 0.1959 0.2724 0.9420
vn -0.3562 -0.8639 0.3562
vn -0.5276 -0.2724 0.8046
vn -0.8046 -0.2724 0.5276
vn -0.3562 0.8639 0.3562
vn -0.8046 0.2724 0.5276
vn -0.5276 0.2724 0.8046
vn -0.5213 -0.8534 -0.0000
vn -0.8856 -0.3972 0.2408
vn -0.8856 -0.3972 -0.2408
vn -0.5037 0.8639 -0.0000
vn -0.9420 0.2724 -0.1959
vn -0.9420 0.2724 0.1959
vn -0.3562 -0.8639 -0.3562
vn -0.8046 -0.2724 -0.5276
vn -0.5276 -0.2724 -0.8046
vn -0.3562 0.8639 -0.3562
vn -0.5276 0.2724 -0.8046
vn -0.8046 0.2724 -0.5276
vn 0.3469 -0.4158 -0.8407
vn 0.1515 -0.9177 -0.3672
vn 0.3536 0.3827 -0.8536
vn 0.1464 0.9239 -0.3536
vn -0.2028 0.0138 -0.9791
vn 0.2028 0.0138 -0.9791
vn 0.8165 -0.0000 -0.5774
vn 0.5774 -0.0000 -0.8165
vn 0.8536 -0.3827 -0.3536
vn 0.3536 -0.9239 -0.1464
vn 0.8536 0.3827 -0.3536
vn 0.3536 0.9239 -0.1464
vn 0.9856 -0.0000 0.1691
vn 0.9856 -0.0000 -0.1691
vn 0.8536 -0.3827 0.3536
vn 0.3536 -0.9239 0.1464
vn 0.8536 0.3827 0.3536
vn 0.3536 0.9239 0.1464
vn 0.5774 -0.0000 0.8165
vn 0.8165 -0.0000 0.5774
vn 0.3469 -0.4158 0.8407
vn 0.1515 -0.9177 0.3672
vn 0.3536 0.3827 0.8536
vn 0.1464 0.9239 0.3536
vn -0.2028 0.0138 0.9791
vn 0.2028 0.0138 0.9791
vn -0.3469 -0.4158 0.8407
vn -0.1515 -0.9177 0.3672
vn -0.3536 0.3827 0.8536
vn -0.1464 0.9239 0.3536
vn -0.8165 -0.0000 0.5774
vn -0.5774 -0.0000 0.8165
vn -0.8407 -0.4158 0.3469
vn -0.3672 -0.9177 0.1515
vn -0.8536 0.3827 0.3536
vn -0.3536 0.9239 0.1464
vn -0.9791 0.0138 -0.2028
vn -0.9791 0.0138 0.2028
vn -0.8407 -0.4158 -0.3469
vn -0.3672 -0.9177 -0.1515
vn -0.8536 0.3827 -0.3536
vn -0.3536 0.9239 -0.1464
vn -0.5774 -0.0000 -0.8165
vn -0.8165 -0.0000 -0.5774
vn -0.3469 -0.4158 -0.8407
vn -0.1515 -0.9177 -0.3672
vn -0.3536 0.3827 -0.8536
vn -0.1464 0.9239 -0.3536
vn -0.0000 -1.0000 -0.0000
vn 0.3827 -0.0000 -0.9239
vn -0.3827 -0.0000 -0.9239
vn -0.0000 1.0000 -0.0000
vn 0.9239 -0.0000 -0.3827
vn 0.9239 -0.0000 0.3827
vn 0.3827 -0.0000 0.9239
vn -0.3827 -0.0000 0.9239
vn -0.9239 -0.0000 0.3827
vn -0.9239 -0.0000 -0.3827
vt 0.750000 0.482001
vt 0.744173 0.487586
vt 0.748980 0.489577
vt 0.755827 0.487586
vt 0.005029 0.615385
vt 0.000000 0.615385
vt 0.000000 0.548767
vt 0.004292 0.500000
vt 0.994971 0.615385
vt 0.995708 0.500000
vt 0.999249 0.500000
vt 1.000000 0.615385
vt 0.250000 0.482002
vt 0.254828 0.488000
vt 0.250934 0.489613
vt 0.245172 0.488000
vt 0.994971 0.884615
vt 1.000000 0.884615
vt 1.000000 0.951234
vt 0.996444 1.000000
vt 0.005029 0.884615
vt 0.003556 1.000000
vt 0.000688 1.000000
vt 0.000000 0.884615
vt 0.914050 0.414050
vt 0.914878 0.421705
vt 0.918772 0.420093
vt 0.921705 0.414878
vt 0.880029 0.615385
vt 0.875000 0.615385
vt 0.874656 0.524383
vt 0.878556 0.500000
vt 0.869971 0.615385
vt 0.871444 0.500000
vt 0.414050 0.414050
vt 0.421705 0.414878
vt 0.420093 0.418772
vt 0.414878 0.421705
vt 0.869971 0.884615
vt 0.875000 0.884615
vt 0.875344 0.975617
vt 0.871444 1.000000
vt 0.880029 0.884615
vt 0.878556 1.000000
vt 0.982002 0.250000
vt 0.988000 0.254827
vt 0.989613 0.250934
vt 0.988000 0.245172
vt 0.755029 0.615385
vt 0.750000 0.615385
vt 0.749656 0.524383
vt 0.753556 0.500000
vt 0.744971 0.615385
vt 0.746444 0.500000
vt 0.482002 0.250000
vt 0.488000 0.245172
vt 0.489613 0.249066
vt 0.488000 0.254828
vt 0.744971 0.884615
vt 0.750000 0.884615
vt 0.750344 0.975617
vt 0.746444 1.000000
vt 0.755029 0.884615
vt 0.753556 1.000000
vt 0.914050 0.085950
vt 0.921705 0.085122
vt 0.920093 0.081229
vt 0.914878 0.078295
vt 0.630029 0.615385
vt 0.625000 0.615385
vt 0.624656 0.524383
vt 0.628556 0.500000
vt 0.619971 0.615385
vt 0.621444 0.500000
vt 0.414050 0.085950
vt 0.414878 0.078295
vt 0.418772 0.079907
vt 0.421705 0.085122
vt 0.619971 0.884615
vt 0.625000 0.884615
vt 0.625344 0.975617
vt 0.621444 1.000000
vt 0.630029 0.884615
vt 0.628556 1.000000
vt 0.750000 0.017999
vt 0.755827 0.012414
vt 0.751020 0.010423
vt 0.744173 0.012414
vt 0.505029 0.615385
vt 0.500000 0.615385
vt 0.499624 0.524384
vt 0.504292 0.500000
vt 0.494971 0.615385
vt 0.495708 0.500000
vt 0.250000 0.017999
vt 0.245172 0.012000
vt 0.249066 0.010387
vt 0.254828 0.012000
vt 0.494971 0.884615
vt 0.500000 0.884615
vt 0.500344 0.975617
vt 0.496444 1.000000
vt 0.505029 0.884615
vt 0.503556 1.000000
vt 0.585950 0.085950
vt 0.585122 0.078295
vt 0.581228 0.079907
vt 0.578295 0.085122
vt 0.380029 0.615385
vt 0.375000 0.615385
vt 0.374656 0.524383
vt 0.378556 0.500000
vt 0.369971 0.615385
vt 0.371444 0.500000
vt 0.085950 0.085950
vt 0.078295 0.085122
vt 0.079907 0.081229
vt 0.085122 0.078295
vt 0.369971 0.884615
vt 0.375000 0.884615
vt 0.375344 0.975617
vt 0.371444 1.000000
vt 0.380029 0.884615
vt 0.378556 1.000000
vt 0.517998 0.250000
vt 0.512414 0.244173
vt 0.510423 0.248980
vt 0.512414 0.255827
vt 0.255029 0.615385
vt 0.250000 0.615385
vt 0.249624 0.524384
vt 0.254292 0.500000
vt 0.244971 0.615385
vt 0.245708 0.500000
vt 0.017999 0.250000
vt 0.012000 0.254827
vt 0.010387 0.250934
vt 0.012000 0.245172
vt 0.244971 0.884615
vt 0.250000 0.884615
vt 0.250344 0.975617
vt 0.246444 1.000000
vt 0.255029 0.884615
vt 0.253556 1.000000
vt 0.585950 0.414050
vt 0.578295 0.414878
vt 0.579907 0.418772
vt 0.585122 0.421705
vt 0.130029 0.615385
vt 0.125000 0.615385
vt 0.124656 0.524383
vt 0.128556 0.500000
vt 0.119971 0.615385
vt 0.121444 0.500000
vt 0.085950 0.414050
vt 0.085122 0.421705
vt 0.081229 0.420093
vt 0.078295 0.414878
vt 0.119971 0.884615
vt 0.125000 0.884615
vt 0.125344 0.975617
vt 0.121444 1.000000
vt 0.130029 0.884615
vt 0.128556 1.000000
s 0
usemtl Limestone
f 113/165/107 116/166/107 117/167/107 119/168/107
f 114/169/108 118/170/108 117/171/108 116/172/108
f 115/173/109 119/174/109 117/175/109 118/176/109
f 120/177/110 123/178/110 124/179/110 126/180/110
f 121/181/111 125/182/111 124/183/111 123/184/111
f 122/185/112 126/186/112 124/187/112 125/188/112
f 127/189/113 130/190/113 131/191/113 133/192/113
f 128/193/114 132/194/114 131/195/114 130/196/114
f 129/197/115 133/198/115 131/195/115 132/194/115
f 134/199/116 137/200/116 138/201/116 140/202/116
f 135/203/117 139/204/117 138/205/117 137/206/117
f 136/207/118 140/208/118 138/205/118 139/204/118
f 141/209/119 144/210/119 145/211/119 147/212/119
f 142/213/120 146/214/120 145/215/120 144/216/120
f 143/217/121 147/218/121 145/215/121 146/214/121
f 148/219/122 151/220/122 152/221/122 154/222/122
f 149/223/123 153/224/123 152/225/123 151/226/123
f 150/227/124 154/228/124 152/225/124 153/224/124
f 155/229/125 158/230/125 159/231/125 161/232/125
f 156/233/126 160/234/126 159/235/126 158/236/126
f 157/237/127 161/238/127 159/235/127 160/234/127
f 162/239/128 165/240/128 166/241/128 168/242/128
f 163/243/129 167/244/129 166/245/129 165/246/129
f 164/247/130 168/248/130 166/245/130 167/244/130
f 169/249/131 172/250/131 173/251/131 175/252/131
f 170/253/132 174/254/132 173/255/132 172/256/132
f 171/257/133 175/258/133 173/255/133 174/254/133
f 176/259/134 179/260/134 180/261/134 182/262/134
f 177/263/135 181/264/135 180/265/135 179/266/135
f 178/267/136 182/268/136 180/265/136 181/264/136
f 183/269/137 186/270/137 187/271/137 189/272/137
f 184/273/138 188/274/138 187/275/138 186/276/138
f 185/277/139 189/278/139 187/275/139 188/274/139
f 190/279/140 193/280/140 194/281/140 196/282/140
f 191/283/141 195/284/141 194/285/141 193/286/141
f 192/287/142 196/288/142 194/285/142 195/284/142
f 197/289/143 200/290/143 201/291/143 203/292/143
f 198/293/144 202/294/144 201/295/144 200/296/144
f 199/297/145 203/298/145 201/295/145 202/294/145
f 204/299/146 207/300/146 208/301/146 210/302/146
f 205/303/147 209/304/147 208/305/147 207/306/147
f 206/307/148 210/308/148 208/305/148 209/304/148
f 211/309/149 214/310/149 215/311/149 217/312/149
f 212/313/150 216/314/150 215/315/150 214/316/150
f 213/317/151 217/318/151 215/315/151 216/314/151
f 218/319/152 221/320/152 222/321/152 224/322/152
f 219/323/153 223/324/153 222/325/153 221/326/153
f 220/327/154 224/328/154 222/325/154 223/324/154
f 115/173/155 128/193/155 130/196/155 119/174/155
f 119/168/156 130/190/156 127/189/156 113/165/156
f 136/207/157 121/181/157 123/184/157 140/208/157
f 140/202/158 123/178/158 120/177/158 134/199/158
f 114/169/159 122/185/159 125/188/159 118/170/159
f 118/176/160 125/182/160 121/181/160 115/173/160
f 135/203/161 129/197/161 132/194/161 139/204/161
f 139/204/162 132/194/162 128/193/162 136/207/162
f 129/197/163 142/213/163 144/216/163 133/198/163
f 133/192/164 144/210/164 141/209/164 127/189/164
f 150/227/165 135/203/165 137/206/165 154/228/165
f 154/222/166 137/200/166 134/199/166 148/219/166
f 149/223/167 143/217/167 146/214/167 153/224/167
f 153/224/168 146/214/168 142/213/168 150/227/168
f 143/217/169 156/233/169 158/236/169 147/218/169
f 147/212/170 158/230/170 155/229/170 141/209/170
f 164/247/171 149/223/171 151/226/171 168/248/171
f 168/242/172 151/220/172 148/219/172 162/239/172
f 163/243/173 157/237/173 160/234/173 167/244/173
f 167/244/174 160/234/174 156/233/174 164/247/174
f 157/237/175 170/253/175 172/256/175 161/238/175
f 161/232/176 172/250/176 169/249/176 155/229/176
f 178/267/177 163/243/177 165/246/177 182/268/177
f 182/262/178 165/240/178 162/239/178 176/259/178
f 177/263/179 171/257/179 174/254/179 181/264/179
f 181/264/180 174/254/180 170/253/180 178/267/180
f 171/257/181 184/273/181 186/276/181 175/258/181
f 175/252/182 186/270/182 183/269/182 169/249/182
f 192/287/183 177/263/183 179/266/183 196/288/183
f 196/282/184 179/260/184 176/259/184 190/279/184
f 191/283/185 185/277/185 188/274/185 195/284/185
f 195/284/186 188/274/186 184/273/186 192/287/186
f 185/277/187 198/293/187 200/296/187 189/278/187
f 189/272/188 200/290/188 197/289/188 183/269/188
f 206/307/189 191/283/189 193/286/189 210/308/189
f 210/302/190 193/280/190 190/279/190 204/299/190
f 205/303/191 199/297/191 202/294/191 209/304/191
f 209/304/192 202/294/192 198/293/192 206/307/192
f 199/297/193 212/313/193 214/316/193 203/298/193
f 203/292/194 214/310/194 211/309/194 197/289/194
f 220/327/195 205/303/195 207/306/195 224/328/195
f 224/322/196 207/300/196 204/299/196 218/319/196
f 219/323/197 213/317/197 216/314/197 223/324/197
f 223/324/198 216/314/198 212/313/198 220/327/198
f 213/317/199 114/169/199 116/172/199 217/318/199
f 217/312/200 116/166/200 113/165/200 211/309/200
f 122/185/201 219/323/201 221/326/201 126/186/201
f 126/180/202 221/320/202 218/319/202 120/177/202
f 113/165/203 127/189/203 141/209/203 155/229/203 169/249/203 183/269/203 197/289/203 211/309/203
f 115/173/204 121/181/204 136/207/204 128/193/204
f 213/317/205 219/323/205 122/185/205 114/169/205
f 134/199/206 120/177/206 218/319/206 204/299/206 190/279/206 176/259/206 162/239/206 148/219/206
f 129/197/207 135/203/207 150/227/207 142/213/207
f 143/217/208 149/223/208 164/247/208 156/233/208
f 157/237/209 163/243/209 178/267/209 170/253/209
f 171/257/210 177/263/210 192/287/210 184/273/210
f 185/277/211 191/283/211 206/307/211 198/293/211
f 199/297/212 205/303/212 220/327/212 212/313/212
o oak_firing_deck
v -0.615000 0.275000 0.405000
v -0.615000 0.330000 0.460000
v -0.670000 0.330000 0.405000
v -0.615000 0.282348 0.432464
v -0.642464 0.282348 0.405000
v -0.641302 0.289485 0.431302
v -0.642464 0.330000 0.452652
v -0.615000 0.302536 0.452652
v -0.641302 0.303698 0.445515
v -0.662652 0.302536 0.405000
v -0.662652 0.330000 0.432464
v -0.655515 0.303698 0.431302
v -0.615000 0.450000 0.460000
v -0.615000 0.505000 0.405000
v -0.670000 0.450000 0.405000
v -0.615000 0.477464 0.452652
v -0.642464 0.450000 0.452652
v -0.641302 0.476302 0.445515
v -0.642464 0.497652 0.405000
v -0.615000 0.497652 0.432464
v -0.641302 0.490515 0.431302
v -0.662652 0.450000 0.432464
v -0.662652 0.477464 0.405000
v -0.655515 0.476302 0.431302
v -0.615000 0.275000 -0.405000
v -0.670000 0.330000 -0.405000
v -0.615000 0.330000 -0.460000
v -0.642464 0.282348 -0.405000
v -0.615000 0.282348 -0.432464
v -0.641302 0.289485 -0.431302
v -0.662652 0.330000 -0.432464
v -0.662652 0.302536 -0.405000
v -0.655515 0.303698 -0.431302
v -0.615000 0.302536 -0.452652
v -0.642464 0.330000 -0.452652
v -0.641302 0.303698 -0.445515
v -0.615000 0.505000 -0.405000
v -0.615000 0.450000 -0.460000
v -0.670000 0.450000 -0.405000
v -0.615000 0.497652 -0.432464
v -0.642464 0.497652 -0.405000
v -0.641302 0.490515 -0.431302
v -0.642464 0.450000 -0.452652
v -0.615000 0.477464 -0.452652
v -0.641302 0.476302 -0.445515
v -0.662652 0.477464 -0.405000
v -0.662652 0.450000 -0.432464
v -0.655515 0.476302 -0.431302
v 0.615000 0.275000 0.405000
v 0.670000 0.330000 0.405000
v 0.615000 0.330000 0.460000
v 0.642464 0.282348 0.405000
v 0.615000 0.282348 0.432464
v 0.641302 0.289485 0.431302
v 0.662652 0.330000 0.432464
v 0.662652 0.302536 0.405000
v 0.655515 0.303698 0.431302
v 0.615000 0.302536 0.452652
v 0.642464 0.330000 0.452652
v 0.641302 0.303698 0.445515
v 0.615000 0.505000 0.405000
v 0.615000 0.450000 0.460000
v 0.670000 0.450000 0.405000
v 0.615000 0.497652 0.432464
v 0.642464 0.497652 0.405000
v 0.641302 0.490515 0.431302
v 0.642464 0.450000 0.452652
v 0.615000 0.477464 0.452652
v 0.641302 0.476302 0.445515
v 0.662652 0.477464 0.405000
v 0.662652 0.450000 0.432464
v 0.655515 0.476302 0.431302
v 0.615000 0.275000 -0.405000
v 0.615000 0.330000 -0.460000
v 0.670000 0.330000 -0.405000
v 0.615000 0.282348 -0.432464
v 0.642464 0.282348 -0.405000
v 0.641302 0.289485 -0.431302
v 0.642464 0.330000 -0.452652
v 0.615000 0.302536 -0.452652
v 0.641302 0.303698 -0.445515
v 0.662652 0.302536 -0.405000
v 0.662652 0.330000 -0.432464
v 0.655515 0.303698 -0.431302
v 0.615000 0.505000 -0.405000
v 0.670000 0.450000 -0.405000
v 0.615000 0.450000 -0.460000
v 0.642464 0.497652 -0.405000
v 0.615000 0.497652 -0.432464
v 0.641302 0.490515 -0.431302
v 0.662652 0.450000 -0.432464
v 0.662652 0.477464 -0.405000
v 0.655515 0.476302 -0.431302
v 0.615000 0.477464 -0.452652
v 0.642464 0.450000 -0.452652
v 0.641302 0.476302 -0.445515
vn -0.2566 -0.9318 0.2566
vn -0.2178 -0.6901 0.6901
vn -0.2566 -0.2566 0.9318
vn -0.6901 -0.2178 0.6901
vn -0.9318 -0.2566 0.2566
vn -0.6901 -0.6901 0.2178
vn -0.5774 -0.5774 0.5773
vn -0.2566 0.2566 0.9318
vn -0.2178 0.6901 0.6901
vn -0.2566 0.9318 0.2566
vn -0.6901 0.6901 0.2178
vn -0.9318 0.2566 0.2566
vn -0.6901 0.2178 0.6901
vn -0.5774 0.5774 0.5773
vn -0.2566 -0.9318 -0.2566
vn -0.6901 -0.6901 -0.2178
vn -0.9318 -0.2566 -0.2566
vn -0.6901 -0.2178 -0.6901
vn -0.2566 -0.2566 -0.9318
vn -0.2178 -0.6901 -0.6901
vn -0.5774 -0.5774 -0.5773
vn -0.2566 0.9318 -0.2566
vn -0.2178 0.6901 -0.6901
vn -0.2566 0.2566 -0.9318
vn -0.6901 0.2178 -0.6901
vn -0.9318 0.2566 -0.2566
vn -0.6901 0.6901 -0.2178
vn -0.5774 0.5774 -0.5773
vn 0.2566 -0.9318 0.2566
vn 0.6901 -0.6901 0.2178
vn 0.9318 -0.2566 0.2566
vn 0.6901 -0.2178 0.6901
vn 0.2566 -0.2566 0.9318
vn 0.2178 -0.6901 0.6901
vn 0.5774 -0.5774 0.5773
vn 0.2566 0.9318 0.2566
vn 0.2178 0.6901 0.6901
vn 0.2566 0.2566 0.9318
vn 0.6901 0.2178 0.6901
vn 0.9318 0.2566 0.2566
vn 0.6901 0.6901 0.2178
vn 0.5774 0.5774 0.5773
vn 0.2566 -0.9318 -0.2566
vn 0.2178 -0.6901 -0.6901
vn 0.2566 -0.2566 -0.9318
vn 0.6901 -0.2178 -0.6901
vn 0.9318 -0.2566 -0.2566
vn 0.6901 -0.6901 -0.2178
vn 0.5774 -0.5774 -0.5773
vn 0.2566 0.9318 -0.2566
vn 0.6901 0.6901 -0.2178
vn 0.9318 0.2566 -0.2566
vn 0.6901 0.2178 -0.6901
vn 0.2566 0.2566 -0.9318
vn 0.2178 0.6901 -0.6901
vn 0.5774 0.5774 -0.5773
vn -0.2585 -0.9660 -0.0000
vn -0.7071 -0.7071 -0.0000
vn -0.9660 -0.2585 -0.0000
vn -0.2585 -0.0000 0.9660
vn -0.7071 -0.0000 0.7071
vn -0.9660 -0.0000 0.2585
vn -0.2585 0.9660 -0.0000
vn -0.7071 0.7071 -0.0000
vn -0.9660 0.2585 -0.0000
vn -0.2585 -0.0000 -0.9660
vn -0.7071 -0.0000 -0.7071
vn -0.9660 -0.0000 -0.2585
vn -0.0000 -0.9660 -0.2585
vn -0.0000 -0.7071 -0.7071
vn -0.0000 -0.2585 -0.9660
vn -0.0000 0.9660 -0.2585
vn -0.0000 0.7071 -0.7071
vn -0.0000 0.2585 -0.9660
vn 0.9660 -0.0000 -0.2585
vn 0.7071 -0.0000 -0.7071
vn 0.2585 -0.0000 -0.9660
vn 0.2585 -0.9660 -0.0000
vn 0.7071 -0.7071 -0.0000
vn 0.9660 -0.2585 -0.0000
vn 0.2585 0.9660 -0.0000
vn 0.7071 0.7071 -0.0000
vn 0.9660 0.2585 -0.0000
vn 0.2585 -0.0000 0.9660
vn 0.7071 -0.0000 0.7071
vn 0.9660 -0.0000 0.2585
vn -0.0000 -0.9660 0.2585
vn -0.0000 -0.7071 0.7071
vn -0.0000 -0.2585 0.9660
vn -0.0000 0.9660 0.2585
vn -0.0000 0.7071 0.7071
vn -0.0000 0.2585 0.9660
vn -0.0000 -1.0000 -0.0000
vn -1.0000 -0.0000 -0.0000
vn -0.0000 -0.0000 1.0000
vn -0.0000 1.0000 -0.0000
vn -0.0000 -0.0000 -1.0000
vn 1.0000 -0.0000 -0.0000
vt 0.135261 0.735054
vt 0.135261 0.742517
vt 0.130354 0.742201
vt 0.130137 0.735054
vt 0.135261 0.750000
vt 0.130354 0.750000
vt 0.434783 0.989739
vt 0.434783 1.000000
vt 0.375000 0.994646
vt 0.375000 0.989739
vt 0.434783 0.000000
vt 0.434783 0.007483
vt 0.375000 0.007798
vt 0.375000 0.000000
vt 0.434783 0.014946
vt 0.375000 0.014946
vt 0.125000 0.735054
vt 0.125000 0.742202
vt 0.565217 0.989739
vt 0.595069 0.989739
vt 0.593806 1.000000
vt 0.565217 1.000000
vt 0.625000 0.989739
vt 0.625000 1.000000
vt 0.864739 0.735054
vt 0.875000 0.735054
vt 0.875000 0.742202
vt 0.864739 0.750000
vt 0.625000 0.014946
vt 0.595069 0.014946
vt 0.593806 0.007798
vt 0.625000 0.007798
vt 0.565217 0.014946
vt 0.565217 0.007483
vt 0.565217 0.000000
vt 0.593806 0.000000
vt 0.135261 0.514946
vt 0.130137 0.514946
vt 0.130354 0.507798
vt 0.135261 0.507483
vt 0.125000 0.514946
vt 0.125000 0.507798
vt 0.434783 0.235054
vt 0.434783 0.242517
vt 0.375000 0.242202
vt 0.375000 0.235054
vt 0.434783 0.255137
vt 0.375000 0.255354
vt 0.434783 0.260261
vt 0.375000 0.260261
vt 0.135261 0.500000
vt 0.130354 0.500000
vt 0.864739 0.514946
vt 0.864739 0.500000
vt 0.875000 0.507798
vt 0.875000 0.514946
vt 0.625000 0.260261
vt 0.595069 0.260261
vt 0.593806 0.254635
vt 0.625000 0.245642
vt 0.565217 0.260261
vt 0.565217 0.255137
vt 0.565217 0.242517
vt 0.593806 0.242202
vt 0.565217 0.235054
vt 0.595069 0.235054
vt 0.625000 0.235054
vt 0.364739 0.735054
vt 0.369863 0.735054
vt 0.369646 0.742202
vt 0.364739 0.742517
vt 0.404930 0.735054
vt 0.403571 0.742202
vt 0.434783 0.735054
vt 0.434783 0.742517
vt 0.434783 0.755137
vt 0.373034 0.753388
vt 0.434783 0.760261
vt 0.369867 0.755129
vt 0.635261 0.735054
vt 0.630128 0.755133
vt 0.628388 0.751966
vt 0.630137 0.735054
vt 0.595070 0.760261
vt 0.593806 0.755354
vt 0.565217 0.760261
vt 0.565217 0.755137
vt 0.565217 0.742517
vt 0.593806 0.743014
vt 0.565217 0.735054
vt 0.595069 0.735054
vt 0.364739 0.514946
vt 0.364739 0.507483
vt 0.369646 0.507798
vt 0.369863 0.514946
vt 0.369867 0.494871
vt 0.373034 0.496612
vt 0.434783 0.489739
vt 0.434783 0.494863
vt 0.434783 0.507483
vt 0.403571 0.507798
vt 0.434783 0.514946
vt 0.404930 0.514946
vt 0.635261 0.514946
vt 0.630137 0.514946
vt 0.628388 0.498034
vt 0.630129 0.494867
vt 0.595069 0.514946
vt 0.593806 0.506986
vt 0.565217 0.514946
vt 0.565217 0.507483
vt 0.565217 0.494863
vt 0.593806 0.494646
vt 0.565217 0.489739
vt 0.595069 0.489739
s 0
usemtl OiledOak
f 225/329/213 228/330/213 230/331/213 229/332/213
f 228/330/214 232/333/214 233/334/214 230/331/214
f 226/335/215 231/336/215 233/337/215 232/338/215
f 231/339/216 235/340/216 236/341/216 233/342/216
f 227/343/217 234/344/217 236/341/217 235/340/217
f 234/345/218 229/332/218 230/331/218 236/346/218
f 230/331/219 233/334/219 236/346/219
f 237/347/220 240/348/220 242/349/220 241/350/220
f 240/348/221 244/351/221 245/352/221 242/349/221
f 238/353/222 243/354/222 245/355/222 244/356/222
f 243/357/223 247/358/223 248/359/223 245/360/223
f 239/361/224 246/362/224 248/359/224 247/358/224
f 246/362/225 241/363/225 242/364/225 248/359/225
f 242/364/226 245/360/226 248/359/226
f 249/365/227 252/366/227 254/367/227 253/368/227
f 252/366/228 256/369/228 257/370/228 254/367/228
f 250/371/229 255/372/229 257/373/229 256/374/229
f 255/372/230 259/375/230 260/376/230 257/373/230
f 251/377/231 258/378/231 260/376/231 259/375/231
f 258/379/232 253/368/232 254/367/232 260/380/232
f 254/367/233 257/370/233 260/380/233
f 261/381/234 264/382/234 266/383/234 265/384/234
f 264/385/235 268/386/235 269/387/235 266/388/235
f 262/389/236 267/390/236 269/387/236 268/386/236
f 267/390/237 271/391/237 272/392/237 269/387/237
f 263/393/238 270/394/238 272/392/238 271/391/238
f 270/394/239 265/395/239 266/388/239 272/392/239
f 266/388/240 269/387/240 272/392/240
f 273/396/241 276/397/241 278/398/241 277/399/241
f 276/397/242 280/400/242 281/401/242 278/398/242
f 274/402/243 279/403/243 281/401/243 280/400/243
f 279/403/244 283/404/244 284/405/244 281/401/244
f 275/406/245 282/407/245 284/405/245 283/404/245
f 282/407/246 277/399/246 278/398/246 284/405/246
f 278/398/247 281/401/247 284/405/247
f 285/408/248 288/409/248 290/410/248 289/411/248
f 288/409/249 292/412/249 293/413/249 290/410/249
f 286/414/250 291/415/250 293/413/250 292/412/250
f 291/415/251 295/416/251 296/417/251 293/413/251
f 287/418/252 294/419/252 296/417/252 295/416/252
f 294/419/253 289/411/253 290/410/253 296/417/253
f 290/410/254 293/413/254 296/417/254
f 297/420/255 300/421/255 302/422/255 301/423/255
f 300/421/256 304/424/256 305/425/256 302/422/256
f 298/426/257 303/427/257 305/425/257 304/424/257
f 303/427/258 307/428/258 308/429/258 305/425/258
f 299/430/259 306/431/259 308/429/259 307/428/259
f 306/431/260 301/423/260 302/422/260 308/429/260
f 302/422/261 305/425/261 308/429/261
f 309/432/262 312/433/262 314/434/262 313/435/262
f 312/433/263 316/436/263 317/437/263 314/434/263
f 310/438/264 315/439/264 317/437/264 316/436/264
f 315/439/265 319/440/265 320/441/265 317/437/265
f 311/442/266 318/443/266 320/441/266 319/440/266
f 318/443/267 313/435/267 314/434/267 320/441/267
f 314/434/268 317/437/268 320/441/268
f 249/365/269 225/329/269 229/332/269 252/366/269
f 252/366/270 229/332/270 234/345/270 256/369/270
f 256/374/271 234/344/271 227/343/271 250/371/271
f 226/335/272 237/347/272 241/350/272 231/336/272
f 231/339/273 241/363/273 246/362/273 235/340/273
f 235/340/274 246/362/274 239/361/274 227/343/274
f 238/353/275 261/381/275 265/384/275 243/354/275
f 243/357/276 265/395/276 270/394/276 247/358/276
f 247/358/277 270/394/277 263/393/277 239/361/277
f 262/389/278 251/377/278 259/375/278 267/390/278
f 267/390/279 259/375/279 255/372/279 271/391/279
f 271/391/280 255/372/280 250/371/280 263/393/280
f 297/420/281 249/365/281 253/368/281 300/421/281
f 300/421/282 253/368/282 258/379/282 304/424/282
f 304/424/283 258/378/283 251/377/283 298/426/283
f 261/381/284 309/432/284 313/435/284 264/382/284
f 264/385/285 313/435/285 318/443/285 268/386/285
f 268/386/286 318/443/286 311/442/286 262/389/286
f 310/438/287 299/430/287 307/428/287 315/439/287
f 315/439/288 307/428/288 303/427/288 319/440/288
f 319/440/289 303/427/289 298/426/289 311/442/289
f 273/396/290 297/420/290 301/423/290 276/397/290
f 276/397/291 301/423/291 306/431/291 280/400/291
f 280/400/292 306/431/292 299/430/292 274/402/292
f 309/432/293 285/408/293 289/411/293 312/433/293
f 312/433/294 289/411/294 294/419/294 316/436/294
f 316/436/295 294/419/295 287/418/295 310/438/295
f 286/414/296 275/406/296 283/404/296 291/415/296
f 291/415/297 283/404/297 279/403/297 295/416/297
f 295/416/298 279/403/298 274/402/298 287/418/298
f 225/329/299 273/396/299 277/399/299 228/330/299
f 228/330/300 277/399/300 282/407/300 232/333/300
f 232/338/301 282/407/301 275/406/301 226/335/301
f 285/408/302 238/353/302 244/356/302 288/409/302
f 288/409/303 244/351/303 240/348/303 292/412/303
f 292/412/304 240/348/304 237/347/304 286/414/304
f 249/365/305 297/420/305 273/396/305 225/329/305
f 227/343/306 239/361/306 263/393/306 250/371/306
f 275/406/307 286/414/307 237/347/307 226/335/307
f 309/432/308 261/381/308 238/353/308 285/408/308
f 251/377/309 262/389/309 311/442/309 298/426/309
f 299/430/310 310/438/310 287/418/310 274/402/310
o iron_turntable
v -0.405000 0.485000 0.275000
v -0.405000 0.520000 0.310000
v -0.440000 0.520000 0.275000
v -0.405000 0.489676 0.292477
v -0.422477 0.489676 0.275000
v -0.421737 0.494218 0.291737
v -0.422477 0.520000 0.305324
v -0.405000 0.502523 0.305324
v -0.421737 0.503263 0.300782
v -0.435324 0.502523 0.275000
v -0.435324 0.520000 0.292477
v -0.430782 0.503263 0.291737
v -0.405000 0.580000 0.310000
v -0.405000 0.615000 0.275000
v -0.440000 0.580000 0.275000
v -0.405000 0.597477 0.305324
v -0.422477 0.580000 0.305324
v -0.421737 0.596737 0.300782
v -0.422477 0.610324 0.275000
v -0.405000 0.610324 0.292477
v -0.421737 0.605782 0.291737
v -0.435324 0.580000 0.292477
v -0.435324 0.597477 0.275000
v -0.430782 0.596737 0.291737
v -0.405000 0.485000 -0.295000
v -0.440000 0.520000 -0.295000
v -0.405000 0.520000 -0.330000
v -0.422477 0.489676 -0.295000
v -0.405000 0.489676 -0.312477
v -0.421737 0.494218 -0.311737
v -0.435324 0.520000 -0.312477
v -0.435324 0.502523 -0.295000
v -0.430782 0.503263 -0.311737
v -0.405000 0.502523 -0.325324
v -0.422477 0.520000 -0.325324
v -0.421737 0.503263 -0.320782
v -0.405000 0.615000 -0.295000
v -0.405000 0.580000 -0.330000
v -0.440000 0.580000 -0.295000
v -0.405000 0.610324 -0.312477
v -0.422477 0.610324 -0.295000
v -0.421737 0.605782 -0.311737
v -0.422477 0.580000 -0.325324
v -0.405000 0.597477 -0.325324
v -0.421737 0.596737 -0.320782
v -0.435324 0.597477 -0.295000
v -0.435324 0.580000 -0.312477
v -0.430782 0.596737 -0.311737
v 0.405000 0.485000 0.275000
v 0.440000 0.520000 0.275000
v 0.405000 0.520000 0.310000
v 0.422477 0.489676 0.275000
v 0.405000 0.489676 0.292477
v 0.421737 0.494218 0.291737
v 0.435324 0.520000 0.292477
v 0.435324 0.502523 0.275000
v 0.430782 0.503263 0.291737
v 0.405000 0.502523 0.305324
v 0.422477 0.520000 0.305324
v 0.421737 0.503263 0.300782
v 0.405000 0.615000 0.275000
v 0.405000 0.580000 0.310000
v 0.440000 0.580000 0.275000
v 0.405000 0.610324 0.292477
v 0.422477 0.610324 0.275000
v 0.421737 0.605782 0.291737
v 0.422477 0.580000 0.305324
v 0.405000 0.597477 0.305324
v 0.421737 0.596737 0.300782
v 0.435324 0.597477 0.275000
v 0.435324 0.580000 0.292477
v 0.430782 0.596737 0.291737
v 0.405000 0.485000 -0.295000
v 0.405000 0.520000 -0.330000
v 0.440000 0.520000 -0.295000
v 0.405000 0.489676 -0.312477
v 0.422477 0.489676 -0.295000
v 0.421737 0.494218 -0.311737
v 0.422477 0.520000 -0.325324
v 0.405000 0.502523 -0.325324
v 0.421737 0.503263 -0.320782
v 0.435324 0.502523 -0.295000
v 0.435324 0.520000 -0.312477
v 0.430782 0.503263 -0.311737
v 0.405000 0.615000 -0.295000
v 0.440000 0.580000 -0.295000
v 0.405000 0.580000 -0.330000
v 0.422477 0.610324 -0.295000
v 0.405000 0.610324 -0.312477
v 0.421737 0.605782 -0.311737
v 0.435324 0.580000 -0.312477
v 0.435324 0.597477 -0.295000
v 0.430782 0.596737 -0.311737
v 0.405000 0.597477 -0.325324
v 0.422477 0.580000 -0.325324
v 0.421737 0.596737 -0.320782
vn -0.2566 -0.9318 0.2566
vn -0.2178 -0.6901 0.6901
vn -0.2566 -0.2566 0.9318
vn -0.6901 -0.2178 0.6901
vn -0.9318 -0.2566 0.2566
vn -0.6901 -0.6901 0.2178
vn -0.5774 -0.5773 0.5773
vn -0.2566 0.2566 0.9318
vn -0.2178 0.6901 0.6901
vn -0.2566 0.9318 0.2566
vn -0.6901 0.6901 0.2178
vn -0.9318 0.2566 0.2566
vn -0.6901 0.2178 0.6901
vn -0.5774 0.5773 0.5773
vn -0.2566 -0.9318 -0.2566
vn -0.6901 -0.6901 -0.2178
vn -0.9318 -0.2566 -0.2566
vn -0.6901 -0.2178 -0.6901
vn -0.2566 -0.2566 -0.9318
vn -0.2178 -0.6901 -0.6901
vn -0.5774 -0.5773 -0.5773
vn -0.2566 0.9318 -0.2566
vn -0.2178 0.6901 -0.6901
vn -0.2566 0.2566 -0.9318
vn -0.6901 0.2178 -0.6901
vn -0.9318 0.2566 -0.2566
vn -0.6901 0.6901 -0.2178
vn -0.5774 0.5773 -0.5773
vn 0.2566 -0.9318 0.2566
vn 0.6901 -0.6901 0.2178
vn 0.9318 -0.2566 0.2566
vn 0.6901 -0.2178 0.6901
vn 0.2566 -0.2566 0.9318
vn 0.2178 -0.6901 0.6901
vn 0.5774 -0.5773 0.5773
vn 0.2566 0.9318 0.2566
vn 0.2178 0.6901 0.6901
vn 0.2566 0.2566 0.9318
vn 0.6901 0.2178 0.6901
vn 0.9318 0.2566 0.2566
vn 0.6901 0.6901 0.2178
vn 0.5774 0.5773 0.5773
vn 0.2566 -0.9318 -0.2566
vn 0.2178 -0.6901 -0.6901
vn 0.2566 -0.2566 -0.9318
vn 0.6901 -0.2178 -0.6901
vn 0.9318 -0.2566 -0.2566
vn 0.6901 -0.6901 -0.2178
vn 0.5774 -0.5773 -0.5773
vn 0.2566 0.9318 -0.2566
vn 0.6901 0.6901 -0.2178
vn 0.9318 0.2566 -0.2566
vn 0.6901 0.2178 -0.6901
vn 0.2566 0.2566 -0.9318
vn 0.2178 0.6901 -0.6901
vn 0.5774 0.5773 -0.5773
vn -0.2585 -0.9660 -0.0000
vn -0.7071 -0.7071 -0.0000
vn -0.9660 -0.2585 -0.0000
vn -0.2585 -0.0000 0.9660
vn -0.7071 -0.0000 0.7071
vn -0.9660 -0.0000 0.2585
vn -0.2585 0.9660 -0.0000
vn -0.7071 0.7071 -0.0000
vn -0.9660 0.2585 -0.0000
vn -0.2585 -0.0000 -0.9660
vn -0.7071 -0.0000 -0.7071
vn -0.9660 -0.0000 -0.2585
vn -0.0000 -0.9660 -0.2585
vn -0.0000 -0.7071 -0.7071
vn -0.0000 -0.2585 -0.9660
vn -0.0000 0.9660 -0.2585
vn -0.0000 0.7071 -0.7071
vn -0.0000 0.2585 -0.9660
vn 0.9660 -0.0000 -0.2585
vn 0.7071 -0.0000 -0.7071
vn 0.2585 -0.0000 -0.9660
vn 0.2585 -0.9660 -0.0000
vn 0.7071 -0.7071 -0.0000
vn 0.9660 -0.2585 -0.0000
vn 0.2585 0.9660 -0.0000
vn 0.7071 0.7071 -0.0000
vn 0.9660 0.2585 -0.0000
vn 0.2585 -0.0000 0.9660
vn 0.7071 -0.0000 0.7071
vn 0.9660 -0.0000 0.2585
vn -0.0000 -0.9660 0.2585
vn -0.0000 -0.7071 0.7071
vn -0.0000 -0.2585 0.9660
vn -0.0000 0.9660 0.2585
vn -0.0000 0.7071 0.7071
vn -0.0000 0.2585 0.9660
vn -0.0000 -1.0000 -0.0000
vn -1.0000 -0.0000 -0.0000
vn -0.0000 -0.0000 1.0000
vn -0.0000 1.0000 -0.0000
vn -0.0000 -0.0000 -1.0000
vn 1.0000 -0.0000 -0.0000
vt 0.134943 0.736328
vt 0.134943 0.743155
vt 0.130188 0.742866
vt 0.129978 0.736328
vt 0.134943 0.750000
vt 0.130188 0.750000
vt 0.442308 0.990057
vt 0.442308 1.000000
vt 0.375000 0.994812
vt 0.375000 0.990057
vt 0.442308 0.000000
vt 0.442308 0.006845
vt 0.375000 0.007134
vt 0.375000 0.000000
vt 0.442308 0.013672
vt 0.375000 0.013672
vt 0.125000 0.736328
vt 0.125000 0.742866
vt 0.557692 0.990057
vt 0.591302 0.990057
vt 0.589880 1.000000
vt 0.557692 1.000000
vt 0.625000 0.990057
vt 0.625000 1.000000
vt 0.865057 0.736328
vt 0.875000 0.736328
vt 0.875000 0.742866
vt 0.865057 0.750000
vt 0.625000 0.013672
vt 0.591302 0.013672
vt 0.589880 0.007134
vt 0.625000 0.007134
vt 0.557692 0.013672
vt 0.557692 0.006845
vt 0.557692 0.000000
vt 0.589880 0.000000
vt 0.134943 0.513672
vt 0.129978 0.513672
vt 0.130188 0.507134
vt 0.134943 0.506845
vt 0.125000 0.513672
vt 0.125000 0.507134
vt 0.442308 0.236328
vt 0.442308 0.243155
vt 0.375000 0.242866
vt 0.375000 0.236328
vt 0.442308 0.254978
vt 0.375000 0.255188
vt 0.442308 0.259943
vt 0.375000 0.259943
vt 0.134943 0.500000
vt 0.130188 0.500000
vt 0.865057 0.513672
vt 0.865057 0.500000
vt 0.875000 0.507134
vt 0.875000 0.513672
vt 0.625000 0.259943
vt 0.591302 0.259943
vt 0.589880 0.254508
vt 0.625000 0.246013
vt 0.557692 0.259943
vt 0.557692 0.254978
vt 0.557692 0.243155
vt 0.589880 0.242866
vt 0.557692 0.236328
vt 0.591302 0.236328
vt 0.625000 0.236328
vt 0.365057 0.736328
vt 0.370022 0.736328
vt 0.369812 0.742866
vt 0.365057 0.743155
vt 0.408698 0.736328
vt 0.407200 0.742866
vt 0.442308 0.736328
vt 0.442308 0.743155
vt 0.442308 0.754978
vt 0.373094 0.753283
vt 0.442308 0.759943
vt 0.370026 0.754969
vt 0.634943 0.736328
vt 0.629969 0.754974
vt 0.628283 0.751905
vt 0.629978 0.736328
vt 0.591302 0.759943
vt 0.589880 0.755188
vt 0.557692 0.759943
vt 0.557692 0.754978
vt 0.557692 0.743155
vt 0.589880 0.743621
vt 0.557692 0.736328
vt 0.591302 0.736328
vt 0.365057 0.513672
vt 0.365057 0.506845
vt 0.369812 0.507134
vt 0.370022 0.513672
vt 0.370026 0.495031
vt 0.373094 0.496717
vt 0.442308 0.490057
vt 0.442308 0.495022
vt 0.442308 0.506845
vt 0.407200 0.507134
vt 0.442308 0.513672
vt 0.408698 0.513672
vt 0.634943 0.513672
vt 0.629978 0.513672
vt 0.628283 0.498095
vt 0.629969 0.495026
vt 0.591302 0.513672
vt 0.589880 0.506379
vt 0.557692 0.513672
vt 0.557692 0.506845
vt 0.557692 0.495022
vt 0.589880 0.494812
vt 0.557692 0.490057
vt 0.591302 0.490057
s 0
usemtl BlackIron
f 321/444/311 324/445/311 326/446/311 325/447/311
f 324/445/312 328/448/312 329/449/312 326/446/312
f 322/450/313 327/451/313 329/452/313 328/453/313
f 327/454/314 331/455/314 332/456/314 329/457/314
f 323/458/315 330/459/315 332/456/315 331/455/315
f 330/460/316 325/447/316 326/446/316 332/461/316
f 326/446/317 329/449/317 332/461/317
f 333/462/318 336/463/318 338/464/318 337/465/318
f 336/463/319 340/466/319 341/467/319 338/464/319
f 334/468/320 339/469/320 341/470/320 340/471/320
f 339/472/321 343/473/321 344/474/321 341/475/321
f 335/476/322 342/477/322 344/474/322 343/473/322
f 342/477/323 337/478/323 338/479/323 344/474/323
f 338/479/324 341/475/324 344/474/324
f 345/480/325 348/481/325 350/482/325 349/483/325
f 348/481/326 352/484/326 353/485/326 350/482/326
f 346/486/327 351/487/327 353/488/327 352/489/327
f 351/487/328 355/490/328 356/491/328 353/488/328
f 347/492/329 354/493/329 356/491/329 355/490/329
f 354/494/330 349/483/330 350/482/330 356/495/330
f 350/482/331 353/485/331 356/495/331
f 357/496/332 360/497/332 362/498/332 361/499/332
f 360/500/333 364/501/333 365/502/333 362/503/333
f 358/504/334 363/505/334 365/502/334 364/501/334
f 363/505/335 367/506/335 368/507/335 365/502/335
f 359/508/336 366/509/336 368/507/336 367/506/336
f 366/509/337 361/510/337 362/503/337 368/507/337
f 362/503/338 365/502/338 368/507/338
f 369/511/339 372/512/339 374/513/339 373/514/339
f 372/512/340 376/515/340 377/516/340 374/513/340
f 370/517/341 375/518/341 377/516/341 376/515/341
f 375/518/342 379/519/342 380/520/342 377/516/342
f 371/521/343 378/522/343 380/520/343 379/519/343
f 378/522/344 373/514/344 374/513/344 380/520/344
f 374/513/345 377/516/345 380/520/345
f 381/523/346 384/524/346 386/525/346 385/526/346
f 384/524/347 388/527/347 389/528/347 386/525/347
f 382/529/348 387/530/348 389/528/348 388/527/348
f 387/530/349 391/531/349 392/532/349 389/528/349
f 383/533/350 390/534/350 392/532/350 391/531/350
f 390/534/351 385/526/351 386/525/351 392/532/351
f 386/525/352 389/528/352 392/532/352
f 393/535/353 396/536/353 398/537/353 397/538/353
f 396/536/354 400/539/354 401/540/354 398/537/354
f 394/541/355 399/542/355 401/540/355 400/539/355
f 399/542/356 403/543/356 404/544/356 401/540/356
f 395/545/357 402/546/357 404/544/357 403/543/357
f 402/546/358 397/538/358 398/537/358 404/544/358
f 398/537/359 401/540/359 404/544/359
f 405/547/360 408/548/360 410/549/360 409/550/360
f 408/548/361 412/551/361 413/552/361 410/549/361
f 406/553/362 411/554/362 413/552/362 412/551/362
f 411/554/363 415/555/363 416/556/363 413/552/363
f 407/557/364 414/558/364 416/556/364 415/555/364
f 414/558/365 409/550/365 410/549/365 416/556/365
f 410/549/366 413/552/366 416/556/366
f 345/480/367 321/444/367 325/447/367 348/481/367
f 348/481/368 325/447/368 330/460/368 352/484/368
f 352/489/369 330/459/369 323/458/369 346/486/369
f 322/450/370 333/462/370 337/465/370 327/451/370
f 327/454/371 337/478/371 342/477/371 331/455/371
f 331/455/372 342/477/372 335/476/372 323/458/372
f 334/468/373 357/496/373 361/499/373 339/469/373
f 339/472/374 361/510/374 366/509/374 343/473/374
f 343/473/375 366/509/375 359/508/375 335/476/375
f 358/504/376 347/492/376 355/490/376 363/505/376
f 363/505/377 355/490/377 351/487/377 367/506/377
f 367/506/378 351/487/378 346/486/378 359/508/378
f 393/535/379 345/480/379 349/483/379 396/536/379
f 396/536/380 349/483/380 354/494/380 400/539/380
f 400/539/381 354/493/381 347/492/381 394/541/381
f 357/496/382 405/547/382 409/550/382 360/497/382
f 360/500/383 409/550/383 414/558/383 364/501/383
f 364/501/384 414/558/384 407/557/384 358/504/384
f 406/553/385 395/545/385 403/543/385 411/554/385
f 411/554/386 403/543/386 399/542/386 415/555/386
f 415/555/387 399/542/387 394/541/387 407/557/387
f 369/511/388 393/535/388 397/538/388 372/512/388
f 372/512/389 397/538/389 402/546/389 376/515/389
f 376/515/390 402/546/390 395/545/390 370/517/390
f 405/547/391 381/523/391 385/526/391 408/548/391
f 408/548/392 385/526/392 390/534/392 412/551/392
f 412/551/393 390/534/393 383/533/393 406/553/393
f 382/529/394 371/521/394 379/519/394 387/530/394
f 387/530/395 379/519/395 375/518/395 391/531/395
f 391/531/396 375/518/396 370/517/396 383/533/396
f 321/444/397 369/511/397 373/514/397 324/445/397
f 324/445/398 373/514/398 378/522/398 328/448/398
f 328/453/399 378/522/399 371/521/399 322/450/399
f 381/523/400 334/468/400 340/471/400 384/524/400
f 384/524/401 340/466/401 336/463/401 388/527/401
f 388/527/402 336/463/402 333/462/402 382/529/402
f 345/480/403 393/535/403 369/511/403 321/444/403
f 323/458/404 335/476/404 359/508/404 346/486/404
f 371/521/405 382/529/405 333/462/405 322/450/405
f 405/547/406 357/496/406 334/468/406 381/523/406
f 347/492/407 358/504/407 407/557/407 394/541/407
f 395/545/408 406/553/408 383/533/408 370/517/408
o volley_bow_stock
v -0.388000 0.710000 0.698000
v -0.388000 0.742000 0.730000
v -0.420000 0.742000 0.698000
v -0.388000 0.714275 0.713979
v -0.403979 0.714275 0.698000
v -0.403303 0.718428 0.713303
v -0.403979 0.742000 0.725725
v -0.388000 0.726021 0.725725
v -0.403303 0.726697 0.721572
v -0.415725 0.726021 0.698000
v -0.415725 0.742000 0.713979
v -0.411572 0.726697 0.713303
v -0.388000 0.818000 0.730000
v -0.388000 0.850000 0.698000
v -0.420000 0.818000 0.698000
v -0.388000 0.833979 0.725725
v -0.403979 0.818000 0.725725
v -0.403303 0.833303 0.721572
v -0.403979 0.845725 0.698000
v -0.388000 0.845725 0.713979
v -0.403303 0.841572 0.713303
v -0.415725 0.818000 0.713979
v -0.415725 0.833979 0.698000
v -0.411572 0.833303 0.713303
v -0.388000 0.710000 -0.298000
v -0.420000 0.742000 -0.298000
v -0.388000 0.742000 -0.330000
v -0.403979 0.714275 -0.298000
v -0.388000 0.714275 -0.313979
v -0.403303 0.718428 -0.313303
v -0.415725 0.742000 -0.313979
v -0.415725 0.726021 -0.298000
v -0.411572 0.726697 -0.313303
v -0.388000 0.726021 -0.325725
v -0.403979 0.742000 -0.325725
v -0.403303 0.726697 -0.321572
v -0.388000 0.850000 -0.298000
v -0.388000 0.818000 -0.330000
v -0.420000 0.818000 -0.298000
v -0.388000 0.845725 -0.313979
v -0.403979 0.845725 -0.298000
v -0.403303 0.841572 -0.313303
v -0.403979 0.818000 -0.325725
v -0.388000 0.833979 -0.325725
v -0.403303 0.833303 -0.321572
v -0.415725 0.833979 -0.298000
v -0.415725 0.818000 -0.313979
v -0.411572 0.833303 -0.313303
v -0.292000 0.710000 0.698000
v -0.260000 0.742000 0.698000
v -0.292000 0.742000 0.730000
v -0.276021 0.714275 0.698000
v -0.292000 0.714275 0.713979
v -0.276697 0.718428 0.713303
v -0.264275 0.742000 0.713979
v -0.264275 0.726021 0.698000
v -0.268428 0.726697 0.713303
v -0.292000 0.726021 0.725725
v -0.276021 0.742000 0.725725
v -0.276697 0.726697 0.721572
v -0.292000 0.850000 0.698000
v -0.292000 0.818000 0.730000
v -0.260000 0.818000 0.698000
v -0.292000 0.845725 0.713979
v -0.276021 0.845725 0.698000
v -0.276697 0.841572 0.713303
v -0.276021 0.818000 0.725725
v -0.292000 0.833979 0.725725
v -0.276697 0.833303 0.721572
v -0.264275 0.833979 0.698000
v -0.264275 0.818000 0.713979
v -0.268428 0.833303 0.713303
v -0.292000 0.710000 -0.298000
v -0.292000 0.742000 -0.330000
v -0.260000 0.742000 -0.298000
v -0.292000 0.714275 -0.313979
v -0.276021 0.714275 -0.298000
v -0.276697 0.718428 -0.313303
v -0.276021 0.742000 -0.325725
v -0.292000 0.726021 -0.325725
v -0.276697 0.726697 -0.321572
v -0.264275 0.726021 -0.298000
v -0.264275 0.742000 -0.313979
v -0.268428 0.726697 -0.313303
v -0.292000 0.850000 -0.298000
v -0.260000 0.818000 -0.298000
v -0.292000 0.818000 -0.330000
v -0.276021 0.845725 -0.298000
v -0.292000 0.845725 -0.313979
v -0.276697 0.841572 -0.313303
v -0.264275 0.818000 -0.313979
v -0.264275 0.833979 -0.298000
v -0.268428 0.833303 -0.313303
v -0.292000 0.833979 -0.325725
v -0.276021 0.818000 -0.325725
v -0.276697 0.833303 -0.321572
vn -0.2566 -0.9318 0.2566
vn -0.2178 -0.6901 0.6901
vn -0.2566 -0.2566 0.9318
vn -0.6901 -0.2178 0.6901
vn -0.9318 -0.2566 0.2566
vn -0.6901 -0.6901 0.2178
vn -0.5774 -0.5773 0.5773
vn -0.2566 0.2566 0.9318
vn -0.2178 0.6901 0.6901
vn -0.2566 0.9318 0.2566
vn -0.6901 0.6901 0.2178
vn -0.9318 0.2566 0.2566
vn -0.6901 0.2178 0.6901
vn -0.5774 0.5774 0.5773
vn -0.2566 -0.9318 -0.2566
vn -0.6901 -0.6901 -0.2178
vn -0.9318 -0.2566 -0.2566
vn -0.6901 -0.2178 -0.6901
vn -0.2566 -0.2566 -0.9318
vn -0.2178 -0.6901 -0.6901
vn -0.5774 -0.5773 -0.5774
vn -0.2566 0.9318 -0.2566
vn -0.2178 0.6901 -0.6901
vn -0.2566 0.2566 -0.9318
vn -0.6901 0.2178 -0.6901
vn -0.9318 0.2566 -0.2566
vn -0.6901 0.6901 -0.2178
vn -0.5774 0.5773 -0.5773
vn 0.2566 -0.9318 0.2566
vn 0.6901 -0.6901 0.2178
vn 0.9318 -0.2566 0.2566
vn 0.6901 -0.2178 0.6901
vn 0.2566 -0.2566 0.9318
vn 0.2178 -0.6901 0.6901
vn 0.5774 -0.5773 0.5774
vn 0.2566 0.9318 0.2566
vn 0.2178 0.6901 0.6901
vn 0.2566 0.2566 0.9318
vn 0.6901 0.2178 0.6901
vn 0.9318 0.2566 0.2566
vn 0.6901 0.6901 0.2178
vn 0.5774 0.5773 0.5773
vn 0.2566 -0.9318 -0.2566
vn 0.2178 -0.6901 -0.6901
vn 0.2566 -0.2566 -0.9318
vn 0.6901 -0.2178 -0.6901
vn 0.9318 -0.2566 -0.2566
vn 0.6901 -0.6901 -0.2178
vn 0.5774 -0.5773 -0.5773
vn 0.2566 0.9318 -0.2566
vn 0.6901 0.6901 -0.2178
vn 0.9318 0.2566 -0.2566
vn 0.6901 0.2178 -0.6901
vn 0.2566 0.2566 -0.9318
vn 0.2178 0.6901 -0.6901
vn 0.5774 0.5773 -0.5774
vn -0.2585 -0.9660 -0.0000
vn -0.7071 -0.7071 -0.0000
vn -0.9660 -0.2585 -0.0000
vn -0.2585 -0.0000 0.9660
vn -0.7071 -0.0000 0.7071
vn -0.9660 -0.0000 0.2585
vn -0.2585 0.9660 -0.0000
vn -0.7071 0.7071 -0.0000
vn -0.9660 0.2585 -0.0000
vn -0.2585 -0.0000 -0.9660
vn -0.7071 -0.0000 -0.7071
vn -0.9660 -0.0000 -0.2585
vn -0.0000 -0.9660 -0.2585
vn -0.0000 -0.7071 -0.7071
vn -0.0000 -0.2585 -0.9660
vn -0.0000 0.9660 -0.2585
vn -0.0000 0.7071 -0.7071
vn -0.0000 0.2585 -0.9660
vn 0.9660 -0.0000 -0.2585
vn 0.7071 -0.0000 -0.7071
vn 0.2585 -0.0000 -0.9660
vn 0.2585 -0.9660 -0.0000
vn 0.7071 -0.7071 -0.0000
vn 0.9660 -0.2585 -0.0000
vn 0.2585 0.9660 -0.0000
vn 0.7071 0.7071 -0.0000
vn 0.9660 0.2585 -0.0000
vn 0.2585 -0.0000 0.9660
vn 0.7071 -0.0000 0.7071
vn 0.9660 -0.0000 0.2585
vn -0.0000 -0.9660 0.2585
vn -0.0000 -0.7071 0.7071
vn -0.0000 -0.2585 0.9660
vn -0.0000 0.9660 0.2585
vn -0.0000 0.7071 0.7071
vn -0.0000 0.2585 0.9660
vn -0.0000 -1.0000 -0.0000
vn -1.0000 -0.0000 -0.0000
vn -0.0000 -0.0000 1.0000
vn -0.0000 1.0000 -0.0000
vn -0.0000 -0.0000 -1.0000
vn 1.0000 -0.0000 -0.0000
vt 0.175000 0.742453
vt 0.175000 0.746221
vt 0.151089 0.746062
vt 0.150033 0.742453
vt 0.175000 0.750000
vt 0.151089 0.750000
vt 0.432143 0.950000
vt 0.432143 1.000000
vt 0.375000 0.973911
vt 0.375000 0.950000
vt 0.432143 0.000000
vt 0.432143 0.003779
vt 0.375000 0.003938
vt 0.375000 0.000000
vt 0.432143 0.007547
vt 0.375000 0.007547
vt 0.125000 0.742453
vt 0.125000 0.746062
vt 0.567857 0.950000
vt 0.596391 0.950000
vt 0.595183 1.000000
vt 0.567857 1.000000
vt 0.625000 0.950000
vt 0.625000 1.000000
vt 0.825000 0.742453
vt 0.875000 0.742453
vt 0.875000 0.746062
vt 0.825000 0.750000
vt 0.625000 0.007547
vt 0.596391 0.007547
vt 0.595184 0.003938
vt 0.625000 0.003938
vt 0.567857 0.007547
vt 0.567857 0.003779
vt 0.567857 0.000000
vt 0.595183 0.000000
vt 0.175000 0.507547
vt 0.150033 0.507547
vt 0.151089 0.503938
vt 0.175000 0.503779
vt 0.125000 0.507547
vt 0.125000 0.503938
vt 0.432143 0.242453
vt 0.432143 0.246221
vt 0.375000 0.246062
vt 0.375000 0.242453
vt 0.432143 0.275033
vt 0.375000 0.276089
vt 0.432143 0.300000
vt 0.375000 0.300000
vt 0.175000 0.500000
vt 0.151089 0.500000
vt 0.825000 0.507547
vt 0.825000 0.500000
vt 0.875000 0.503938
vt 0.875000 0.507547
vt 0.625000 0.300000
vt 0.596391 0.300000
vt 0.595183 0.273917
vt 0.625000 0.247799
vt 0.567857 0.300000
vt 0.567857 0.275033
vt 0.567857 0.246221
vt 0.595183 0.246062
vt 0.567857 0.242453
vt 0.596391 0.242453
vt 0.625000 0.242453
vt 0.325000 0.742453
vt 0.349967 0.742453
vt 0.348911 0.746062
vt 0.325000 0.746221
vt 0.403609 0.742453
vt 0.401491 0.746062
vt 0.432143 0.742453
vt 0.432143 0.746222
vt 0.432143 0.775033
vt 0.365418 0.766507
vt 0.432143 0.800000
vt 0.350230 0.775230
vt 0.675000 0.742453
vt 0.650230 0.774770
vt 0.641507 0.759582
vt 0.650033 0.742453
vt 0.596391 0.800000
vt 0.595183 0.776089
vt 0.567857 0.800000
vt 0.567857 0.775033
vt 0.567857 0.746221
vt 0.595183 0.747386
vt 0.567857 0.742453
vt 0.596391 0.742453
vt 0.325000 0.507547
vt 0.325000 0.503779
vt 0.348911 0.503938
vt 0.349967 0.507547
vt 0.350230 0.474770
vt 0.365418 0.483493
vt 0.432143 0.450000
vt 0.432143 0.474967
vt 0.432143 0.503779
vt 0.401491 0.503938
vt 0.432143 0.507547
vt 0.403609 0.507547
vt 0.675000 0.507547
vt 0.650033 0.507547
vt 0.641507 0.490418
vt 0.650230 0.475230
vt 0.596391 0.507547
vt 0.595183 0.502614
vt 0.567857 0.507547
vt 0.567857 0.503779
vt 0.567857 0.474967
vt 0.595183 0.473911
vt 0.567857 0.450000
vt 0.596391 0.450000
s 0
usemtl OiledOak
f 417/559/409 420/560/409 422/561/409 421/562/409
f 420/560/410 424/563/410 425/564/410 422/561/410
f 418/565/411 423/566/411 425/567/411 424/568/411
f 423/569/412 427/570/412 428/571/412 425/572/412
f 419/573/413 426/574/413 428/571/413 427/570/413
f 426/575/414 421/562/414 422/561/414 428/576/414
f 422/561/415 425/564/415 428/576/415
f 429/577/416 432/578/416 434/579/416 433/580/416
f 432/578/417 436/581/417 437/582/417 434/579/417
f 430/583/418 435/584/418 437/585/418 436/586/418
f 435/587/419 439/588/419 440/589/419 437/590/419
f 431/591/420 438/592/420 440/589/420 439/588/420
f 438/592/421 433/593/421 434/594/421 440/589/421
f 434/594/422 437/590/422 440/589/422
f 441/595/423 444/596/423 446/597/423 445/598/423
f 444/596/424 448/599/424 449/600/424 446/597/424
f 442/601/425 447/602/425 449/603/425 448/604/425
f 447/602/426 451/605/426 452/606/426 449/603/426
f 443/607/427 450/608/427 452/606/427 451/605/427
f 450/609/428 445/598/428 446/597/428 452/610/428
f 446/597/429 449/600/429 452/610/429
f 453/611/430 456/612/430 458/613/430 457/614/430
f 456/615/431 460/616/431 461/617/431 458/618/431
f 454/619/432 459/620/432 461/617/432 460/616/432
f 459/620/433 463/621/433 464/622/433 461/617/433
f 455/623/434 462/624/434 464/622/434 463/621/434
f 462/624/435 457/625/435 458/618/435 464/622/435
f 458/618/436 461/617/436 464/622/436
f 465/626/437 468/627/437 470/628/437 469/629/437
f 468/627/438 472/630/438 473/631/438 470/628/438
f 466/632/439 471/633/439 473/631/439 472/630/439
f 471/633/440 475/634/440 476/635/440 473/631/440
f 467/636/441 474/637/441 476/635/441 475/634/441
f 474/637/442 469/629/442 470/628/442 476/635/442
f 470/628/443 473/631/443 476/635/443
f 477/638/444 480/639/444 482/640/444 481/641/444
f 480/639/445 484/642/445 485/643/445 482/640/445
f 478/644/446 483/645/446 485/643/446 484/642/446
f 483/645/447 487/646/447 488/647/447 485/643/447
f 479/648/448 486/649/448 488/647/448 487/646/448
f 486/649/449 481/641/449 482/640/449 488/647/449
f 482/640/450 485/643/450 488/647/450
f 489/650/451 492/651/451 494/652/451 493/653/451
f 492/651/452 496/654/452 497/655/452 494/652/452
f 490/656/453 495/657/453 497/655/453 496/654/453
f 495/657/454 499/658/454 500/659/454 497/655/454
f 491/660/455 498/661/455 500/659/455 499/658/455
f 498/661/456 493/653/456 494/652/456 500/659/456
f 494/652/457 497/655/457 500/659/457
f 501/662/458 504/663/458 506/664/458 505/665/458
f 504/663/459 508/666/459 509/667/459 506/664/459
f 502/668/460 507/669/460 509/667/460 508/666/460
f 507/669/461 511/670/461 512/671/461 509/667/461
f 503/672/462 510/673/462 512/671/462 511/670/462
f 510/673/463 505/665/463 506/664/463 512/671/463
f 506/664/464 509/667/464 512/671/464
f 441/595/465 417/559/465 421/562/465 444/596/465
f 444/596/466 421/562/466 426/575/466 448/599/466
f 448/604/467 426/574/467 419/573/467 442/601/467
f 418/565/468 429/577/468 433/580/468 423/566/468
f 423/569/469 433/593/469 438/592/469 427/570/469
f 427/570/470 438/592/470 431/591/470 419/573/470
f 430/583/471 453/611/471 457/614/471 435/584/471
f 435/587/472 457/625/472 462/624/472 439/588/472
f 439/588/473 462/624/473 455/623/473 431/591/473
f 454/619/474 443/607/474 451/605/474 459/620/474
f 459/620/475 451/605/475 447/602/475 463/621/475
f 463/621/476 447/602/476 442/601/476 455/623/476
f 489/650/477 441/595/477 445/598/477 492/651/477
f 492/651/478 445/598/478 450/609/478 496/654/478
f 496/654/479 450/608/479 443/607/479 490/656/479
f 453/611/480 501/662/480 505/665/480 456/612/480
f 456/615/481 505/665/481 510/673/481 460/616/481
f 460/616/482 510/673/482 503/672/482 454/619/482
f 502/668/483 491/660/483 499/658/483 507/669/483
f 507/669/484 499/658/484 495/657/484 511/670/484
f 511/670/485 495/657/485 490/656/485 503/672/485
f 465/626/486 489/650/486 493/653/486 468/627/486
f 468/627/487 493/653/487 498/661/487 472/630/487
f 472/630/488 498/661/488 491/660/488 466/632/488
f 501/662/489 477/638/489 481/641/489 504/663/489
f 504/663/490 481/641/490 486/649/490 508/666/490
f 508/666/491 486/649/491 479/648/491 502/668/491
f 478/644/492 467/636/492 475/634/492 483/645/492
f 483/645/493 475/634/493 471/633/493 487/646/493
f 487/646/494 471/633/494 466/632/494 479/648/494
f 417/559/495 465/626/495 469/629/495 420/560/495
f 420/560/496 469/629/496 474/637/496 424/563/496
f 424/568/497 474/637/497 467/636/497 418/565/497
f 477/638/498 430/583/498 436/586/498 480/639/498
f 480/639/499 436/581/499 432/578/499 484/642/499
f 484/642/500 432/578/500 429/577/500 478/644/500
f 441/595/501 489/650/501 465/626/501 417/559/501
f 419/573/502 431/591/502 455/623/502 442/601/502
f 467/636/503 478/644/503 429/577/503 418/565/503
f 501/662/504 453/611/504 430/583/504 477/638/504
f 443/607/505 454/619/505 503/672/505 490/656/505
f 491/660/506 502/668/506 479/648/506 466/632/506
o volley_iron_guide
v -0.359500 0.875000 0.792000
v -0.359500 0.893000 0.810000
v -0.377500 0.893000 0.792000
v -0.359500 0.877405 0.800988
v -0.368488 0.877405 0.792000
v -0.368108 0.879741 0.800608
v -0.368488 0.893000 0.807595
v -0.359500 0.884012 0.807595
v -0.368108 0.884392 0.805259
v -0.375095 0.884012 0.792000
v -0.375095 0.893000 0.800988
v -0.372759 0.884392 0.800608
v -0.359500 0.927000 0.810000
v -0.359500 0.945000 0.792000
v -0.377500 0.927000 0.792000
v -0.359500 0.935988 0.807595
v -0.368488 0.927000 0.807595
v -0.368108 0.935608 0.805259
v -0.368488 0.942595 0.792000
v -0.359500 0.942595 0.800988
v -0.368108 0.940259 0.800608
v -0.375095 0.927000 0.800988
v -0.375095 0.935988 0.792000
v -0.372759 0.935608 0.800608
v -0.359500 0.875000 0.228000
v -0.377500 0.893000 0.228000
v -0.359500 0.893000 0.210000
v -0.368488 0.877405 0.228000
v -0.359500 0.877405 0.219012
v -0.368108 0.879741 0.219392
v -0.375095 0.893000 0.219012
v -0.375095 0.884012 0.228000
v -0.372759 0.884392 0.219392
v -0.359500 0.884012 0.212405
v -0.368488 0.893000 0.212405
v -0.368108 0.884392 0.214741
v -0.359500 0.945000 0.228000
v -0.359500 0.927000 0.210000
v -0.377500 0.927000 0.228000
v -0.359500 0.942595 0.219012
v -0.368488 0.942595 0.228000
v -0.368108 0.940259 0.219392
v -0.368488 0.927000 0.212405
v -0.359500 0.935988 0.212405
v -0.368108 0.935608 0.214741
v -0.375095 0.935988 0.228000
v -0.375095 0.927000 0.219012
v -0.372759 0.935608 0.219392
v -0.320500 0.875000 0.792000
v -0.302500 0.893000 0.792000
v -0.320500 0.893000 0.810000
v -0.311512 0.877405 0.792000
v -0.320500 0.877405 0.800988
v -0.311892 0.879741 0.800608
v -0.304905 0.893000 0.800988
v -0.304905 0.884012 0.792000
v -0.307241 0.884392 0.800608
v -0.320500 0.884012 0.807595
v -0.311512 0.893000 0.807595
v -0.311892 0.884392 0.805259
v -0.320500 0.945000 0.792000
v -0.320500 0.927000 0.810000
v -0.302500 0.927000 0.792000
v -0.320500 0.942595 0.800988
v -0.311512 0.942595 0.792000
v -0.311892 0.940259 0.800608
v -0.311512 0.927000 0.807595
v -0.320500 0.935988 0.807595
v -0.311892 0.935608 0.805259
v -0.304905 0.935988 0.792000
v -0.304905 0.927000 0.800988
v -0.307241 0.935608 0.800608
v -0.320500 0.875000 0.228000
v -0.320500 0.893000 0.210000
v -0.302500 0.893000 0.228000
v -0.320500 0.877405 0.219012
v -0.311512 0.877405 0.228000
v -0.311892 0.879741 0.219392
v -0.311512 0.893000 0.212405
v -0.320500 0.884012 0.212405
v -0.311892 0.884392 0.214741
v -0.304905 0.884012 0.228000
v -0.304905 0.893000 0.219012
v -0.307241 0.884392 0.219392
v -0.320500 0.945000 0.228000
v -0.302500 0.927000 0.228000
v -0.320500 0.927000 0.210000
v -0.311512 0.942595 0.228000
v -0.320500 0.942595 0.219012
v -0.311892 0.940259 0.219392
v -0.304905 0.927000 0.219012
v -0.304905 0.935988 0.228000
v -0.307241 0.935608 0.219392
v -0.320500 0.935988 0.212405
v -0.311512 0.927000 0.212405
v -0.311892 0.935608 0.214741
vn -0.2566 -0.9318 0.2566
vn -0.2178 -0.6901 0.6901
vn -0.2566 -0.2566 0.9318
vn -0.6901 -0.2178 0.6901
vn -0.9318 -0.2566 0.2566
vn -0.6901 -0.6901 0.2178
vn -0.5774 -0.5773 0.5774
vn -0.2566 0.2566 0.9318
vn -0.2178 0.6901 0.6901
vn -0.2566 0.9318 0.2566
vn -0.6901 0.6901 0.2178
vn -0.9318 0.2566 0.2566
vn -0.6901 0.2178 0.6901
vn -0.5774 0.5773 0.5774
vn -0.2566 -0.9318 -0.2566
vn -0.6901 -0.6901 -0.2178
vn -0.9318 -0.2566 -0.2566
vn -0.6901 -0.2178 -0.6901
vn -0.2566 -0.2566 -0.9318
vn -0.2178 -0.6901 -0.6901
vn -0.5774 -0.5773 -0.5774
vn -0.2566 0.9318 -0.2566
vn -0.2178 0.6901 -0.6901
vn -0.2566 0.2566 -0.9318
vn -0.6901 0.2178 -0.6901
vn -0.9318 0.2566 -0.2566
vn -0.6901 0.6901 -0.2178
vn -0.5774 0.5773 -0.5774
vn 0.2566 -0.9318 0.2566
vn 0.6901 -0.6901 0.2178
vn 0.9318 -0.2566 0.2566
vn 0.6901 -0.2178 0.6901
vn 0.2566 -0.2566 0.9318
vn 0.2178 -0.6901 0.6901
vn 0.5774 -0.5773 0.5774
vn 0.2566 0.9318 0.2566
vn 0.2178 0.6901 0.6901
vn 0.2566 0.2566 0.9318
vn 0.6901 0.2178 0.6901
vn 0.9318 0.2566 0.2566
vn 0.6901 0.6901 0.2178
vn 0.5774 0.5773 0.5774
vn 0.2566 -0.9318 -0.2566
vn 0.2178 -0.6901 -0.6901
vn 0.2566 -0.2566 -0.9318
vn 0.6901 -0.2178 -0.6901
vn 0.9318 -0.2566 -0.2566
vn 0.6901 -0.6901 -0.2178
vn 0.5774 -0.5773 -0.5774
vn 0.2566 0.9318 -0.2566
vn 0.6901 0.6901 -0.2178
vn 0.9318 0.2566 -0.2566
vn 0.6901 0.2178 -0.6901
vn 0.2566 0.2566 -0.9318
vn 0.2178 0.6901 -0.6901
vn 0.5774 0.5773 -0.5774
vn -0.2585 -0.9660 -0.0000
vn -0.7071 -0.7071 -0.0000
vn -0.9660 -0.2585 -0.0000
vn -0.2585 -0.0000 0.9660
vn -0.7071 -0.0000 0.7071
vn -0.9660 -0.0000 0.2585
vn -0.2585 0.9660 -0.0000
vn -0.7071 0.7071 -0.0000
vn -0.9660 0.2585 -0.0000
vn -0.2585 -0.0000 -0.9660
vn -0.7071 -0.0000 -0.7071
vn -0.9660 -0.0000 -0.2585
vn -0.0000 -0.9660 -0.2585
vn -0.0000 -0.7071 -0.7071
vn -0.0000 -0.2584 -0.9660
vn -0.0000 0.9660 -0.2585
vn -0.0000 0.7071 -0.7071
vn -0.0000 0.2584 -0.9660
vn 0.9660 -0.0000 -0.2585
vn 0.7071 -0.0000 -0.7071
vn 0.2585 -0.0000 -0.9660
vn 0.2585 -0.9660 -0.0000
vn 0.7071 -0.7071 -0.0000
vn 0.9660 -0.2585 -0.0000
vn 0.2585 0.9660 -0.0000
vn 0.7071 0.7071 -0.0000
vn 0.9660 0.2585 -0.0000
vn 0.2585 -0.0000 0.9660
vn 0.7071 -0.0000 0.7071
vn 0.9660 -0.0000 0.2585
vn -0.0000 -0.9660 0.2585
vn -0.0000 -0.7071 0.7071
vn -0.0000 -0.2584 0.9660
vn -0.0000 0.9660 0.2585
vn -0.0000 0.7071 0.7071
vn -0.0000 0.2584 0.9660
vn -0.0000 -1.0000 -0.0000
vn -1.0000 -0.0000 -0.0000
vn -0.0000 -0.0000 1.0000
vn -0.0000 1.0000 -0.0000
vn -0.0000 -0.0000 -1.0000
vn 1.0000 -0.0000 -0.0000
vt 0.185000 0.742500
vt 0.185000 0.746245
vt 0.156307 0.746087
vt 0.155039 0.742500
vt 0.185000 0.750000
vt 0.156307 0.750000
vt 0.439286 0.940000
vt 0.439286 1.000000
vt 0.375000 0.968693
vt 0.375000 0.940000
vt 0.439286 0.000000
vt 0.439286 0.003755
vt 0.375000 0.003913
vt 0.375000 0.000000
vt 0.439286 0.007500
vt 0.375000 0.007500
vt 0.125000 0.742500
vt 0.125000 0.746087
vt 0.560714 0.940000
vt 0.592815 0.940000
vt 0.591456 1.000000
vt 0.560714 1.000000
vt 0.625000 0.940000
vt 0.625000 1.000000
vt 0.815000 0.742500
vt 0.875000 0.742500
vt 0.875000 0.746087
vt 0.815000 0.750000
vt 0.625000 0.007500
vt 0.592815 0.007500
vt 0.591456 0.003913
vt 0.625000 0.003913
vt 0.560714 0.007500
vt 0.560714 0.003755
vt 0.560714 0.000000
vt 0.591456 0.000000
vt 0.185000 0.507500
vt 0.155039 0.507500
vt 0.156307 0.503913
vt 0.185000 0.503755
vt 0.125000 0.507500
vt 0.125000 0.503913
vt 0.439286 0.242500
vt 0.439286 0.246245
vt 0.375000 0.246087
vt 0.375000 0.242500
vt 0.439286 0.280039
vt 0.375000 0.281307
vt 0.439286 0.310000
vt 0.375000 0.310000
vt 0.185000 0.500000
vt 0.156307 0.500000
vt 0.815000 0.507500
vt 0.815000 0.500000
vt 0.875000 0.503913
vt 0.875000 0.507500
vt 0.625000 0.310000
vt 0.592815 0.310000
vt 0.591456 0.278732
vt 0.625000 0.247813
vt 0.560714 0.310000
vt 0.560714 0.280039
vt 0.560714 0.246245
vt 0.591456 0.246087
vt 0.560714 0.242500
vt 0.592815 0.242500
vt 0.625000 0.242500
vt 0.315000 0.742500
vt 0.344961 0.742500
vt 0.343693 0.746087
vt 0.315000 0.746245
vt 0.407185 0.742500
vt 0.404726 0.746087
vt 0.439286 0.742500
vt 0.439286 0.746245
vt 0.439286 0.780039
vt 0.363502 0.769809
vt 0.439286 0.810000
vt 0.345384 0.780384
vt 0.685000 0.742500
vt 0.655384 0.779616
vt 0.644809 0.761498
vt 0.655039 0.742500
vt 0.592815 0.810000
vt 0.591456 0.781307
vt 0.560714 0.810000
vt 0.560714 0.780039
vt 0.560714 0.746245
vt 0.591457 0.747612
vt 0.560714 0.742500
vt 0.592815 0.742500
vt 0.315000 0.507500
vt 0.315000 0.503755
vt 0.343693 0.503913
vt 0.344961 0.507500
vt 0.345384 0.469616
vt 0.363502 0.480191
vt 0.439286 0.440000
vt 0.439286 0.469961
vt 0.439286 0.503755
vt 0.404726 0.503913
vt 0.439286 0.507500
vt 0.407185 0.507500
vt 0.685000 0.507500
vt 0.655039 0.507500
vt 0.644809 0.488502
vt 0.655384 0.470384
vt 0.592815 0.507500
vt 0.591456 0.502388
vt 0.560714 0.507500
vt 0.560714 0.503755
vt 0.560714 0.469961
vt 0.591456 0.468693
vt 0.560714 0.440000
vt 0.592815 0.440000
s 0
usemtl BlackIron
f 513/674/507 516/675/507 518/676/507 517/677/507
f 516/675/508 520/678/508 521/679/508 518/676/508
f 514/680/509 519/681/509 521/682/509 520/683/509
f 519/684/510 523/685/510 524/686/510 521/687/510
f 515/688/511 522/689/511 524/686/511 523/685/511
f 522/690/512 517/677/512 518/676/512 524/691/512
f 518/676/513 521/679/513 524/691/513
f 525/692/514 528/693/514 530/694/514 529/695/514
f 528/693/515 532/696/515 533/697/515 530/694/515
f 526/698/516 531/699/516 533/700/516 532/701/516
f 531/702/517 535/703/517 536/704/517 533/705/517
f 527/706/518 534/707/518 536/704/518 535/703/518
f 534/707/519 529/708/519 530/709/519 536/704/519
f 530/709/520 533/705/520 536/704/520
f 537/710/521 540/711/521 542/712/521 541/713/521
f 540/711/522 544/714/522 545/715/522 542/712/522
f 538/716/523 543/717/523 545/718/523 544/719/523
f 543/717/524 547/720/524 548/721/524 545/718/524
f 539/722/525 546/723/525 548/721/525 547/720/525
f 546/724/526 541/713/526 542/712/526 548/725/526
f 542/712/527 545/715/527 548/725/527
f 549/726/528 552/727/528 554/728/528 553/729/528
f 552/730/529 556/731/529 557/732/529 554/733/529
f 550/734/530 555/735/530 557/732/530 556/731/530
f 555/735/531 559/736/531 560/737/531 557/732/531
f 551/738/532 558/739/532 560/737/532 559/736/532
f 558/739/533 553/740/533 554/733/533 560/737/533
f 554/733/534 557/732/534 560/737/534
f 561/741/535 564/742/535 566/743/535 565/744/535
f 564/742/536 568/745/536 569/746/536 566/743/536
f 562/747/537 567/748/537 569/746/537 568/745/537
f 567/748/538 571/749/538 572/750/538 569/746/538
f 563/751/539 570/752/539 572/750/539 571/749/539
f 570/752/540 565/744/540 566/743/540 572/750/540
f 566/743/541 569/746/541 572/750/541
f 573/753/542 576/754/542 578/755/542 577/756/542
f 576/754/543 580/757/543 581/758/543 578/755/543
f 574/759/544 579/760/544 581/758/544 580/757/544
f 579/760/545 583/761/545 584/762/545 581/758/545
f 575/763/546 582/764/546 584/762/546 583/761/546
f 582/764/547 577/756/547 578/755/547 584/762/547
f 578/755/548 581/758/548 584/762/548
f 585/765/549 588/766/549 590/767/549 589/768/549
f 588/766/550 592/769/550 593/770/550 590/767/550
f 586/771/551 591/772/551 593/770/551 592/769/551
f 591/772/552 595/773/552 596/774/552 593/770/552
f 587/775/553 594/776/553 596/774/553 595/773/553
f 594/776/554 589/768/554 590/767/554 596/774/554
f 590/767/555 593/770/555 596/774/555
f 597/777/556 600/778/556 602/779/556 601/780/556
f 600/778/557 604/781/557 605/782/557 602/779/557
f 598/783/558 603/784/558 605/782/558 604/781/558
f 603/784/559 607/785/559 608/786/559 605/782/559
f 599/787/560 606/788/560 608/786/560 607/785/560
f 606/788/561 601/780/561 602/779/561 608/786/561
f 602/779/562 605/782/562 608/786/562
f 537/710/563 513/674/563 517/677/563 540/711/563
f 540/711/564 517/677/564 522/690/564 544/714/564
f 544/719/565 522/689/565 515/688/565 538/716/565
f 514/680/566 525/692/566 529/695/566 519/681/566
f 519/684/567 529/708/567 534/707/567 523/685/567
f 523/685/568 534/707/568 527/706/568 515/688/568
f 526/698/569 549/726/569 553/729/569 531/699/569
f 531/702/570 553/740/570 558/739/570 535/703/570
f 535/703/571 558/739/571 551/738/571 527/706/571
f 550/734/572 539/722/572 547/720/572 555/735/572
f 555/735/573 547/720/573 543/717/573 559/736/573
f 559/736/574 543/717/574 538/716/574 551/738/574
f 585/765/575 537/710/575 541/713/575 588/766/575
f 588/766/576 541/713/576 546/724/576 592/769/576
f 592/769/577 546/723/577 539/722/577 586/771/577
f 549/726/578 597/777/578 601/780/578 552/727/578
f 552/730/579 601/780/579 606/788/579 556/731/579
f 556/731/580 606/788/580 599/787/580 550/734/580
f 598/783/581 587/775/581 595/773/581 603/784/581
f 603/784/582 595/773/582 591/772/582 607/785/582
f 607/785/583 591/772/583 586/771/583 599/787/583
f 561/741/584 585/765/584 589/768/584 564/742/584
f 564/742/585 589/768/585 594/776/585 568/745/585
f 568/745/586 594/776/586 587/775/586 562/747/586
f 597/777/587 573/753/587 577/756/587 600/778/587
f 600/778/588 577/756/588 582/764/588 604/781/588
f 604/781/589 582/764/589 575/763/589 598/783/589
f 574/759/590 563/751/590 571/749/590 579/760/590
f 579/760/591 571/749/591 567/748/591 583/761/591
f 583/761/592 567/748/592 562/747/592 575/763/592
f 513/674/593 561/741/593 565/744/593 516/675/593
f 516/675/594 565/744/594 570/752/594 520/678/594
f 520/683/595 570/752/595 563/751/595 514/680/595
f 573/753/596 526/698/596 532/701/596 576/754/596
f 576/754/597 532/696/597 528/693/597 580/757/597
f 580/757/598 528/693/598 525/692/598 574/759/598
f 537/710/599 585/765/599 561/741/599 513/674/599
f 515/688/600 527/706/600 551/738/600 538/716/600
f 563/751/601 574/759/601 525/692/601 514/680/601
f 597/777/602 549/726/602 526/698/602 573/753/602
f 539/722/603 550/734/603 599/787/603 586/771/603
f 587/775/604 598/783/604 575/763/604 562/747/604
o volley_bow_limb
v -0.520000 0.820000 0.640000
v -0.520000 0.850000 0.670000
v -0.550000 0.850000 0.640000
v -0.520000 0.824008 0.654980
v -0.534980 0.824008 0.640000
v -0.534346 0.827901 0.654346
v -0.534980 0.850000 0.665992
v -0.520000 0.835020 0.665992
v -0.534346 0.835654 0.662099
v -0.545992 0.835020 0.640000
v -0.545992 0.850000 0.654980
v -0.542099 0.835654 0.654346
v -0.520000 0.910000 0.670000
v -0.520000 0.940000 0.640000
v -0.550000 0.910000 0.640000
v -0.520000 0.924980 0.665992
v -0.534980 0.910000 0.665992
v -0.534346 0.924346 0.662099
v -0.534980 0.935992 0.640000
v -0.520000 0.935992 0.654980
v -0.534346 0.932099 0.654346
v -0.545992 0.910000 0.654980
v -0.545992 0.924980 0.640000
v -0.542099 0.924346 0.654346
v -0.520000 0.820000 0.580000
v -0.550000 0.850000 0.580000
v -0.520000 0.850000 0.550000
v -0.534980 0.824008 0.580000
v -0.520000 0.824008 0.565020
v -0.534346 0.827901 0.565654
v -0.545992 0.850000 0.565020
v -0.545992 0.835020 0.580000
v -0.542099 0.835654 0.565654
v -0.520000 0.835020 0.554008
v -0.534980 0.850000 0.554008
v -0.534346 0.835654 0.557901
v -0.520000 0.940000 0.580000
v -0.520000 0.910000 0.550000
v -0.550000 0.910000 0.580000
v -0.520000 0.935992 0.565020
v -0.534980 0.935992 0.580000
v -0.534346 0.932099 0.565654
v -0.534980 0.910000 0.554008
v -0.520000 0.924980 0.554008
v -0.534346 0.924346 0.557901
v -0.545992 0.924980 0.580000
v -0.545992 0.910000 0.565020
v -0.542099 0.924346 0.565654
v -0.160000 0.820000 0.640000
v -0.130000 0.850000 0.640000
v -0.160000 0.850000 0.670000
v -0.145020 0.824008 0.640000
v -0.160000 0.824008 0.654980
v -0.145654 0.827901 0.654346
v -0.134008 0.850000 0.654980
v -0.134008 0.835020 0.640000
v -0.137901 0.835654 0.654346
v -0.160000 0.835020 0.665992
v -0.145020 0.850000 0.665992
v -0.145654 0.835654 0.662099
v -0.160000 0.940000 0.640000
v -0.160000 0.910000 0.670000
v -0.130000 0.910000 0.640000
v -0.160000 0.935992 0.654980
v -0.145020 0.935992 0.640000
v -0.145654 0.932099 0.654346
v -0.145020 0.910000 0.665992
v -0.160000 0.924980 0.665992
v -0.145654 0.924346 0.662099
v -0.134008 0.924980 0.640000
v -0.134008 0.910000 0.654980
v -0.137901 0.924346 0.654346
v -0.160000 0.820000 0.580000
v -0.160000 0.850000 0.550000
v -0.130000 0.850000 0.580000
v -0.160000 0.824008 0.565020
v -0.145020 0.824008 0.580000
v -0.145654 0.827901 0.565654
v -0.145020 0.850000 0.554008
v -0.160000 0.835020 0.554008
v -0.145654 0.835654 0.557901
v -0.134008 0.835020 0.580000
v -0.134008 0.850000 0.565020
v -0.137901 0.835654 0.565654
v -0.160000 0.940000 0.580000
v -0.130000 0.910000 0.580000
v -0.160000 0.910000 0.550000
v -0.145020 0.935992 0.580000
v -0.160000 0.935992 0.565020
v -0.145654 0.932099 0.565654
v -0.134008 0.910000 0.565020
v -0.134008 0.924980 0.580000
v -0.137901 0.924346 0.565654
v -0.160000 0.924980 0.554008
v -0.145020 0.910000 0.554008
v -0.145654 0.924346 0.557901
vn -0.2566 -0.9318 0.2566
vn -0.2178 -0.6901 0.6901
vn -0.2566 -0.2566 0.9318
vn -0.6901 -0.2178 0.6901
vn -0.9318 -0.2566 0.2566
vn -0.6901 -0.6901 0.2178
vn -0.5774 -0.5773 0.5774
vn -0.2566 0.2566 0.9318
vn -0.2178 0.6901 0.6901
vn -0.2566 0.9318 0.2566
vn -0.6901 0.6901 0.2178
vn -0.9318 0.2566 0.2566
vn -0.6901 0.2178 0.6901
vn -0.5774 0.5774 0.5773
vn -0.2566 -0.9318 -0.2566
vn -0.6901 -0.6901 -0.2178
vn -0.9318 -0.2566 -0.2566
vn -0.6901 -0.2178 -0.6901
vn -0.2566 -0.2566 -0.9318
vn -0.2178 -0.6901 -0.6901
vn -0.5774 -0.5773 -0.5774
vn -0.2566 0.9318 -0.2566
vn -0.2178 0.6901 -0.6901
vn -0.2566 0.2566 -0.9318
vn -0.6901 0.2178 -0.6901
vn -0.9318 0.2566 -0.2566
vn -0.6901 0.6901 -0.2178
vn -0.5774 0.5773 -0.5774
vn 0.2566 -0.9318 0.2566
vn 0.6901 -0.6901 0.2178
vn 0.9318 -0.2566 0.2566
vn 0.6901 -0.2178 0.6901
vn 0.2566 -0.2566 0.9318
vn 0.2178 -0.6901 0.6901
vn 0.5774 -0.5773 0.5774
vn 0.2566 0.9318 0.2566
vn 0.2178 0.6901 0.6901
vn 0.2566 0.2566 0.9318
vn 0.6901 0.2178 0.6901
vn 0.9318 0.2566 0.2566
vn 0.6901 0.6901 0.2178
vn 0.5774 0.5773 0.5774
vn 0.2566 -0.9318 -0.2566
vn 0.2178 -0.6901 -0.6901
vn 0.2566 -0.2566 -0.9318
vn 0.6901 -0.2178 -0.6901
vn 0.9318 -0.2566 -0.2566
vn 0.6901 -0.6901 -0.2178
vn 0.5774 -0.5773 -0.5774
vn 0.2566 0.9318 -0.2566
vn 0.6901 0.6901 -0.2178
vn 0.9318 0.2566 -0.2566
vn 0.6901 0.2178 -0.6901
vn 0.2566 0.2566 -0.9318
vn 0.2178 0.6901 -0.6901
vn 0.5774 0.5773 -0.5774
vn -0.2585 -0.9660 -0.0000
vn -0.7071 -0.7071 -0.0000
vn -0.9660 -0.2585 -0.0000
vn -0.2585 -0.0000 0.9660
vn -0.7071 -0.0000 0.7071
vn -0.9660 -0.0000 0.2585
vn -0.2585 0.9660 -0.0000
vn -0.7071 0.7071 -0.0000
vn -0.9660 0.2585 -0.0000
vn -0.2585 -0.0000 -0.9660
vn -0.7071 -0.0000 -0.7071
vn -0.9660 -0.0000 -0.2585
vn -0.0000 -0.9660 -0.2585
vn -0.0000 -0.7071 -0.7071
vn -0.0000 -0.2585 -0.9660
vn -0.0000 0.9660 -0.2585
vn -0.0000 0.7071 -0.7071
vn -0.0000 0.2585 -0.9660
vn 0.9660 -0.0000 -0.2585
vn 0.7071 -0.0000 -0.7071
vn 0.2585 -0.0000 -0.9660
vn 0.2585 -0.9660 -0.0000
vn 0.7071 -0.7071 -0.0000
vn 0.9660 -0.2585 -0.0000
vn 0.2585 0.9660 -0.0000
vn 0.7071 0.7071 -0.0000
vn 0.9660 0.2585 -0.0000
vn 0.2585 -0.0000 0.9660
vn 0.7071 -0.0000 0.7071
vn 0.9660 -0.0000 0.2585
vn -0.0000 -0.9660 0.2585
vn -0.0000 -0.7071 0.7071
vn -0.0000 -0.2585 0.9660
vn -0.0000 0.9660 0.2585
vn -0.0000 0.7071 0.7071
vn -0.0000 0.2585 0.9660
vn -0.0000 -1.0000 -0.0000
vn -1.0000 -0.0000 -0.0000
vn -0.0000 -0.0000 1.0000
vn -0.0000 1.0000 -0.0000
vn -0.0000 -0.0000 -1.0000
vn 1.0000 -0.0000 -0.0000
vt 0.142857 0.687500
vt 0.142857 0.718709
vt 0.134318 0.717388
vt 0.133940 0.687500
vt 0.142857 0.750000
vt 0.134318 0.750000
vt 0.437500 0.982143
vt 0.437500 1.000000
vt 0.375000 0.990682
vt 0.375000 0.982143
vt 0.437500 0.000000
vt 0.437500 0.031291
vt 0.375000 0.032612
vt 0.375000 0.000000
vt 0.437500 0.062500
vt 0.375000 0.062500
vt 0.125000 0.687500
vt 0.125000 0.717388
vt 0.562500 0.982143
vt 0.593709 0.982143
vt 0.592388 1.000000
vt 0.562500 1.000000
vt 0.625000 0.982143
vt 0.625000 1.000000
vt 0.857143 0.687500
vt 0.875000 0.687500
vt 0.875000 0.717388
vt 0.857143 0.750000
vt 0.625000 0.062500
vt 0.593709 0.062500
vt 0.592388 0.032612
vt 0.625000 0.032612
vt 0.562500 0.062500
vt 0.562500 0.031291
vt 0.562500 0.000000
vt 0.592388 0.000000
vt 0.142857 0.562500
vt 0.133940 0.562500
vt 0.134318 0.532612
vt 0.142857 0.531291
vt 0.125000 0.562500
vt 0.125000 0.532612
vt 0.437500 0.187500
vt 0.437500 0.218709
vt 0.375000 0.217388
vt 0.375000 0.187500
vt 0.437500 0.258940
vt 0.375000 0.259318
vt 0.437500 0.267857
vt 0.375000 0.267857
vt 0.142857 0.500000
vt 0.134318 0.500000
vt 0.857143 0.562500
vt 0.857143 0.500000
vt 0.875000 0.532612
vt 0.875000 0.562500
vt 0.625000 0.267857
vt 0.593709 0.267857
vt 0.592388 0.257323
vt 0.625000 0.231774
vt 0.562500 0.267857
vt 0.562500 0.258940
vt 0.562500 0.218709
vt 0.592388 0.217388
vt 0.562500 0.187500
vt 0.593709 0.187500
vt 0.625000 0.187500
vt 0.357143 0.687500
vt 0.366060 0.687500
vt 0.365682 0.717388
vt 0.357143 0.718709
vt 0.406291 0.687500
vt 0.404725 0.717388
vt 0.437500 0.687500
vt 0.437500 0.718709
vt 0.437500 0.758940
vt 0.371578 0.755895
vt 0.437500 0.767857
vt 0.366081 0.758938
vt 0.642857 0.687500
vt 0.633938 0.758919
vt 0.630895 0.753422
vt 0.633940 0.687500
vt 0.593709 0.767857
vt 0.592388 0.759318
vt 0.562500 0.767857
vt 0.562500 0.758940
vt 0.562500 0.718709
vt 0.592388 0.720275
vt 0.562500 0.687500
vt 0.593709 0.687500
vt 0.357143 0.562500
vt 0.357143 0.531291
vt 0.365682 0.532612
vt 0.366060 0.562500
vt 0.366081 0.491062
vt 0.371578 0.494104
vt 0.437500 0.482143
vt 0.437500 0.491060
vt 0.437500 0.531291
vt 0.404725 0.532612
vt 0.437500 0.562500
vt 0.406291 0.562500
vt 0.642857 0.562500
vt 0.633940 0.562500
vt 0.630895 0.496578
vt 0.633938 0.491081
vt 0.593709 0.562500
vt 0.592388 0.529725
vt 0.562500 0.562500
vt 0.562500 0.531291
vt 0.562500 0.491060
vt 0.592388 0.490682
vt 0.562500 0.482143
vt 0.593709 0.482143
s 0
usemtl OiledOak
f 609/789/605 612/790/605 614/791/605 613/792/605
f 612/790/606 616/793/606 617/794/606 614/791/606
f 610/795/607 615/796/607 617/797/607 616/798/607
f 615/799/608 619/800/608 620/801/608 617/802/608
f 611/803/609 618/804/609 620/801/609 619/800/609
f 618/805/610 613/792/610 614/791/610 620/806/610
f 614/791/611 617/794/611 620/806/611
f 621/807/612 624/808/612 626/809/612 625/810/612
f 624/808/613 628/811/613 629/812/613 626/809/613
f 622/813/614 627/814/614 629/815/614 628/816/614
f 627/817/615 631/818/615 632/819/615 629/820/615
f 623/821/616 630/822/616 632/819/616 631/818/616
f 630/822/617 625/823/617 626/824/617 632/819/617
f 626/824/618 629/820/618 632/819/618
f 633/825/619 636/826/619 638/827/619 637/828/619
f 636/826/620 640/829/620 641/830/620 638/827/620
f 634/831/621 639/832/621 641/833/621 640/834/621
f 639/832/622 643/835/622 644/836/622 641/833/622
f 635/837/623 642/838/623 644/836/623 643/835/623
f 642/839/624 637/828/624 638/827/624 644/840/624
f 638/827/625 641/830/625 644/840/625
f 645/841/626 648/842/626 650/843/626 649/844/626
f 648/845/627 652/846/627 653/847/627 650/848/627
f 646/849/628 651/850/628 653/847/628 652/846/628
f 651/850/629 655/851/629 656/852/629 653/847/629
f 647/853/630 654/854/630 656/852/630 655/851/630
f 654/854/631 649/855/631 650/848/631 656/852/631
f 650/848/632 653/847/632 656/852/632
f 657/856/633 660/857/633 662/858/633 661/859/633
f 660/857/634 664/860/634 665/861/634 662/858/634
f 658/862/635 663/863/635 665/861/635 664/860/635
f 663/863/636 667/864/636 668/865/636 665/861/636
f 659/866/637 666/867/637 668/865/637 667/864/637
f 666/867/638 661/859/638 662/858/638 668/865/638
f 662/858/639 665/861/639 668/865/639
f 669/868/640 672/869/640 674/870/640 673/871/640
f 672/869/641 676/872/641 677/873/641 674/870/641
f 670/874/642 675/875/642 677/873/642 676/872/642
f 675/875/643 679/876/643 680/877/643 677/873/643
f 671/878/644 678/879/644 680/877/644 679/876/644
f 678/879/645 673/871/645 674/870/645 680/877/645
f 674/870/646 677/873/646 680/877/646
f 681/880/647 684/881/647 686/882/647 685/883/647
f 684/881/648 688/884/648 689/885/648 686/882/648
f 682/886/649 687/887/649 689/885/649 688/884/649
f 687/887/650 691/888/650 692/889/650 689/885/650
f 683/890/651 690/891/651 692/889/651 691/888/651
f 690/891/652 685/883/652 686/882/652 692/889/652
f 686/882/653 689/885/653 692/889/653
f 693/892/654 696/893/654 698/894/654 697/895/654
f 696/893/655 700/896/655 701/897/655 698/894/655
f 694/898/656 699/899/656 701/897/656 700/896/656
f 699/899/657 703/900/657 704/901/657 701/897/657
f 695/902/658 702/903/658 704/901/658 703/900/658
f 702/903/659 697/895/659 698/894/659 704/901/659
f 698/894/660 701/897/660 704/901/660
f 633/825/661 609/789/661 613/792/661 636/826/661
f 636/826/662 613/792/662 618/805/662 640/829/662
f 640/834/663 618/804/663 611/803/663 634/831/663
f 610/795/664 621/807/664 625/810/664 615/796/664
f 615/799/665 625/823/665 630/822/665 619/800/665
f 619/800/666 630/822/666 623/821/666 611/803/666
f 622/813/667 645/841/667 649/844/667 627/814/667
f 627/817/668 649/855/668 654/854/668 631/818/668
f 631/818/669 654/854/669 647/853/669 623/821/669
f 646/849/670 635/837/670 643/835/670 651/850/670
f 651/850/671 643/835/671 639/832/671 655/851/671
f 655/851/672 639/832/672 634/831/672 647/853/672
f 681/880/673 633/825/673 637/828/673 684/881/673
f 684/881/674 637/828/674 642/839/674 688/884/674
f 688/884/675 642/838/675 635/837/675 682/886/675
f 645/841/676 693/892/676 697/895/676 648/842/676
f 648/845/677 697/895/677 702/903/677 652/846/677
f 652/846/678 702/903/678 695/902/678 646/849/678
f 694/898/679 683/890/679 691/888/679 699/899/679
f 699/899/680 691/888/680 687/887/680 703/900/680
f 703/900/681 687/887/681 682/886/681 695/902/681
f 657/856/682 681/880/682 685/883/682 660/857/682
f 660/857/683 685/883/683 690/891/683 664/860/683
f 664/860/684 690/891/684 683/890/684 658/862/684
f 693/892/685 669/868/685 673/871/685 696/893/685
f 696/893/686 673/871/686 678/879/686 700/896/686
f 700/896/687 678/879/687 671/878/687 694/898/687
f 670/874/688 659/866/688 667/864/688 675/875/688
f 675/875/689 667/864/689 663/863/689 679/876/689
f 679/876/690 663/863/690 658/862/690 671/878/690
f 609/789/691 657/856/691 661/859/691 612/790/691
f 612/790/692 661/859/692 666/867/692 616/793/692
f 616/798/693 666/867/693 659/866/693 610/795/693
f 669/868/694 622/813/694 628/816/694 672/869/694
f 672/869/695 628/811/695 624/808/695 676/872/695
f 676/872/696 624/808/696 621/807/696 670/874/696
f 633/825/697 681/880/697 657/856/697 609/789/697
f 611/803/698 623/821/698 647/853/698 634/831/698
f 659/866/699 670/874/699 621/807/699 610/795/699
f 693/892/700 645/841/700 622/813/700 669/868/700
f 635/837/701 646/849/701 695/902/701 682/886/701
f 683/890/702 694/898/702 671/878/702 658/862/702
o bronze_bow_pin
v -0.405000 0.830000 0.325000
v -0.275000 0.830000 0.325000
v -0.405000 0.802500 0.332369
v -0.275000 0.802500 0.332369
v -0.405000 0.782369 0.352500
v -0.275000 0.782369 0.352500
v -0.405000 0.775000 0.380000
v -0.275000 0.775000 0.380000
v -0.405000 0.782369 0.407500
v -0.275000 0.782369 0.407500
v -0.405000 0.802500 0.427631
v -0.275000 0.802500 0.427631
v -0.405000 0.830000 0.435000
v -0.275000 0.830000 0.435000
v -0.405000 0.857500 0.427631
v -0.275000 0.857500 0.427631
v -0.405000 0.877631 0.407500
v -0.275000 0.877631 0.407500
v -0.405000 0.885000 0.380000
v -0.275000 0.885000 0.380000
v -0.405000 0.877631 0.352500
v -0.275000 0.877631 0.352500
v -0.405000 0.857500 0.332369
v -0.275000 0.857500 0.332369
vn -0.6532 -0.0000 -0.7572
vn 0.6532 -0.0000 -0.7572
vn -0.6532 -0.3786 -0.6557
vn 0.6532 -0.3786 -0.6557
vn -0.6532 -0.6557 -0.3786
vn 0.6532 -0.6557 -0.3786
vn -0.6532 -0.7572 -0.0000
vn 0.6532 -0.7572 -0.0000
vn -0.6532 -0.6557 0.3786
vn 0.6532 -0.6557 0.3786
vn -0.6532 -0.3786 0.6557
vn 0.6532 -0.3786 0.6557
vn -0.6532 -0.0000 0.7572
vn 0.6532 -0.0000 0.7572
vn -0.6532 0.3786 0.6557
vn 0.6532 0.3786 0.6557
vn -0.6532 0.6557 0.3786
vn 0.6532 0.6557 0.3786
vn -0.6532 0.7572 -0.0000
vn 0.6532 0.7572 -0.0000
vn -0.6532 0.6557 -0.3786
vn 0.6532 0.6557 -0.3786
vn -0.6532 0.3786 -0.6557
vn 0.6532 0.3786 -0.6557
vt 1.000000 0.500000
vt 1.000000 1.000000
vt 0.916667 1.000000
vt 0.916667 0.500000
vt 0.833333 1.000000
vt 0.833333 0.500000
vt 0.750000 1.000000
vt 0.750000 0.500000
vt 0.666667 1.000000
vt 0.666667 0.500000
vt 0.583333 1.000000
vt 0.583333 0.500000
vt 0.500000 1.000000
vt 0.500000 0.500000
vt 0.416667 1.000000
vt 0.416667 0.500000
vt 0.333333 1.000000
vt 0.333333 0.500000
vt 0.250000 1.000000
vt 0.250000 0.500000
vt 0.166667 1.000000
vt 0.166667 0.500000
vt 0.370000 0.457846
vt 0.250000 0.490000
vt 0.130000 0.457846
vt 0.042154 0.370000
vt 0.010000 0.250000
vt 0.042154 0.130000
vt 0.130000 0.042154
vt 0.250000 0.010000
vt 0.370000 0.042154
vt 0.457846 0.130000
vt 0.490000 0.250000
vt 0.457846 0.370000
vt 0.083333 1.000000
vt 0.083333 0.500000
vt 0.000000 1.000000
vt 0.000000 0.500000
vt 0.750000 0.490000
vt 0.870000 0.457846
vt 0.957846 0.370000
vt 0.990000 0.250000
vt 0.957846 0.130000
vt 0.870000 0.042154
vt 0.750000 0.010000
vt 0.630000 0.042154
vt 0.542154 0.130000
vt 0.510000 0.250000
vt 0.542154 0.370000
vt 0.630000 0.457846
s 1
usemtl WornBronze
f 705/904/703 706/905/704 708/906/706 707/907/705
f 707/907/705 708/906/706 710/908/708 709/909/707
f 709/909/707 710/908/708 712/910/710 711/911/709
f 711/911/709 712/910/710 714/912/712 713/913/711
f 713/913/711 714/912/712 716/914/714 715/915/713
f 715/915/713 716/914/714 718/916/716 717/917/715
f 717/917/715 718/916/716 720/918/718 719/919/717
f 719/919/717 720/918/718 722/920/720 721/921/719
f 721/921/719 722/920/720 724/922/722 723/923/721
f 723/923/721 724/922/722 726/924/724 725/925/723
f 708/926/706 706/927/704 728/928/726 726/929/724 724/930/722 722/931/720 720/932/718 718/933/716 716/934/714 714/935/712 712/936/710 710/937/708
f 725/925/723 726/924/724 728/938/726 727/939/725
f 727/939/725 728/938/726 706/940/704 705/941/703
f 705/942/703 707/943/705 709/944/707 711/945/709 713/946/711 715/947/713 717/948/715 719/949/717 721/950/719 723/951/721 725/952/723 727/953/725
o iron_bolt
v -0.340000 0.942000 0.550000
v -0.340000 0.942000 1.270000
v -0.324000 0.937713 0.550000
v -0.324000 0.937713 1.270000
v -0.312287 0.926000 0.550000
v -0.312287 0.926000 1.270000
v -0.308000 0.910000 0.550000
v -0.308000 0.910000 1.270000
v -0.312287 0.894000 0.550000
v -0.312287 0.894000 1.270000
v -0.324000 0.882287 0.550000
v -0.324000 0.882287 1.270000
v -0.340000 0.878000 0.550000
v -0.340000 0.878000 1.270000
v -0.356000 0.882287 0.550000
v -0.356000 0.882287 1.270000
v -0.367713 0.894000 0.550000
v -0.367713 0.894000 1.270000
v -0.372000 0.910000 0.550000
v -0.372000 0.910000 1.270000
v -0.367713 0.926000 0.550000
v -0.367713 0.926000 1.270000
v -0.356000 0.937713 0.550000
v -0.356000 0.937713 1.270000
vn -0.0000 0.7572 -0.6532
vn -0.0000 0.7572 0.6532
vn 0.3786 0.6557 -0.6532
vn 0.3786 0.6557 0.6532
vn 0.6557 0.3786 -0.6532
vn 0.6557 0.3786 0.6532
vn 0.7572 -0.0000 -0.6532
vn 0.7572 -0.0000 0.6532
vn 0.6557 -0.3786 -0.6532
vn 0.6557 -0.3786 0.6532
vn 0.3786 -0.6557 -0.6532
vn 0.3786 -0.6557 0.6532
vn -0.0000 -0.7572 -0.6532
vn -0.0000 -0.7572 0.6532
vn -0.3786 -0.6557 -0.6532
vn -0.3786 -0.6557 0.6532
vn -0.6557 -0.3786 -0.6532
vn -0.6557 -0.3786 0.6532
vn -0.7572 -0.0000 -0.6532
vn -0.7572 -0.0000 0.6532
vn -0.6557 0.3786 -0.6532
vn -0.6557 0.3786 0.6532
vn -0.3786 0.6557 -0.6532
vn -0.3786 0.6557 0.6532
vt 1.000000 0.500000
vt 1.000000 1.000000
vt 0.916667 1.000000
vt 0.916667 0.500000
vt 0.833333 1.000000
vt 0.833333 0.500000
vt 0.750000 1.000000
vt 0.750000 0.500000
vt 0.666667 1.000000
vt 0.666667 0.500000
vt 0.583333 1.000000
vt 0.583333 0.500000
vt 0.500000 1.000000
vt 0.500000 0.500000
vt 0.416667 1.000000
vt 0.416667 0.500000
vt 0.333333 1.000000
vt 0.333333 0.500000
vt 0.250000 1.000000
vt 0.250000 0.500000
vt 0.166667 1.000000
vt 0.166667 0.500000
vt 0.370000 0.457846
vt 0.250000 0.490000
vt 0.130000 0.457846
vt 0.042154 0.370000
vt 0.010000 0.250000
vt 0.042154 0.130000
vt 0.130000 0.042154
vt 0.250000 0.010000
vt 0.370000 0.042154
vt 0.457846 0.130000
vt 0.490000 0.250000
vt 0.457846 0.370000
vt 0.083333 1.000000
vt 0.083333 0.500000
vt 0.000000 1.000000
vt 0.000000 0.500000
vt 0.750000 0.490000
vt 0.870000 0.457846
vt 0.957846 0.370000
vt 0.990000 0.250000
vt 0.957846 0.130000
vt 0.870000 0.042154
vt 0.750000 0.010000
vt 0.630000 0.042154
vt 0.542154 0.130000
vt 0.510000 0.250000
vt 0.542154 0.370000
vt 0.630000 0.457846
s 1
usemtl BlackIron
f 729/954/727 730/955/728 732/956/730 731/957/729
f 731/957/729 732/956/730 734/958/732 733/959/731
f 733/959/731 734/958/732 736/960/734 735/961/733
f 735/961/733 736/960/734 738/962/736 737/963/735
f 737/963/735 738/962/736 740/964/738 739/965/737
f 739/965/737 740/964/738 742/966/740 741/967/739
f 741/967/739 742/966/740 744/968/742 743/969/741
f 743/969/741 744/968/742 746/970/744 745/971/743
f 745/971/743 746/970/744 748/972/746 747/973/745
f 747/973/745 748/972/746 750/974/748 749/975/747
f 732/976/730 730/977/728 752/978/750 750/979/748 748/980/746 746/981/744 744/982/742 742/983/740 740/984/738 738/985/736 736/986/734 734/987/732
f 749/975/747 750/974/748 752/988/750 751/989/749
f 751/989/749 752/988/750 730/990/728 729/991/727
f 729/992/727 731/993/729 733/994/731 735/995/733 737/996/735 739/997/737 741/998/739 743/999/741 745/1000/743 747/1001/745 749/1002/747 751/1003/749
o bolt_head
v -0.340000 0.985000 1.200000
v -0.340000 0.922000 1.380000
v -0.281363 0.956762 1.200000
v -0.330618 0.917482 1.380000
v -0.266880 0.893311 1.200000
v -0.328301 0.907330 1.380000
v -0.307459 0.842427 1.200000
v -0.334793 0.899188 1.380000
v -0.372541 0.842427 1.200000
v -0.345207 0.899188 1.380000
v -0.413120 0.893311 1.200000
v -0.351699 0.907330 1.380000
v -0.398637 0.956762 1.200000
v -0.349382 0.917482 1.380000
vn 0.4138 0.8593 0.3007
vn 0.9298 0.2122 0.3007
vn 0.7456 -0.5946 0.3007
vn -0.0000 -0.9537 0.3007
vn -0.7456 -0.5946 0.3007
vn -0.0000 -0.0000 1.0000
vn -0.9298 0.2122 0.3007
vn -0.4138 0.8593 0.3007
vn -0.0000 -0.0000 -1.0000
vt 1.000000 0.500000
vt 1.000000 1.000000
vt 0.857143 1.000000
vt 0.857143 0.500000
vt 0.714286 1.000000
vt 0.714286 0.500000
vt 0.571429 1.000000
vt 0.571429 0.500000
vt 0.428571 1.000000
vt 0.428571 0.500000
vt 0.285714 1.000000
vt 0.285714 0.500000
vt 0.437640 0.399638
vt 0.250000 0.490000
vt 0.062360 0.399638
vt 0.016017 0.196595
vt 0.145868 0.033767
vt 0.354132 0.033767
vt 0.483983 0.196595
vt 0.142857 1.000000
vt 0.142857 0.500000
vt 0.000000 1.000000
vt 0.000000 0.500000
vt 0.750000 0.490000
vt 0.937640 0.399638
vt 0.983983 0.196595
vt 0.854132 0.033767
vt 0.645868 0.033767
vt 0.516017 0.196595
vt 0.562360 0.399638
s 0
usemtl PlateEdge
f 753/1004/751 754/1005/751 756/1006/751 755/1007/751
f 755/1007/752 756/1006/752 758/1008/752 757/1009/752
f 757/1009/753 758/1008/753 760/1010/753 759/1011/753
f 759/1011/754 760/1010/754 762/1012/754 761/1013/754
f 761/1013/755 762/1012/755 764/1014/755 763/1015/755
f 756/1016/756 754/1017/756 766/1018/756 764/1019/756 762/1020/756 760/1021/756 758/1022/756
f 763/1015/757 764/1014/757 766/1023/757 765/1024/757
f 765/1024/758 766/1023/758 754/1025/758 753/1026/758
f 753/1027/759 755/1028/759 757/1029/759 759/1030/759 761/1031/759 763/1032/759 765/1033/759
o volley_bow_stock.001
v -0.048000 0.710000 0.698000
v -0.048000 0.742000 0.730000
v -0.080000 0.742000 0.698000
v -0.048000 0.714275 0.713979
v -0.063979 0.714275 0.698000
v -0.063303 0.718428 0.713303
v -0.063979 0.742000 0.725725
v -0.048000 0.726021 0.725725
v -0.063303 0.726697 0.721572
v -0.075725 0.726021 0.698000
v -0.075725 0.742000 0.713979
v -0.071572 0.726697 0.713303
v -0.048000 0.818000 0.730000
v -0.048000 0.850000 0.698000
v -0.080000 0.818000 0.698000
v -0.048000 0.833979 0.725725
v -0.063979 0.818000 0.725725
v -0.063303 0.833303 0.721572
v -0.063979 0.845725 0.698000
v -0.048000 0.845725 0.713979
v -0.063303 0.841572 0.713303
v -0.075725 0.818000 0.713979
v -0.075725 0.833979 0.698000
v -0.071572 0.833303 0.713303
v -0.048000 0.710000 -0.298000
v -0.080000 0.742000 -0.298000
v -0.048000 0.742000 -0.330000
v -0.063979 0.714275 -0.298000
v -0.048000 0.714275 -0.313979
v -0.063303 0.718428 -0.313303
v -0.075725 0.742000 -0.313979
v -0.075725 0.726021 -0.298000
v -0.071572 0.726697 -0.313303
v -0.048000 0.726021 -0.325725
v -0.063979 0.742000 -0.325725
v -0.063303 0.726697 -0.321572
v -0.048000 0.850000 -0.298000
v -0.048000 0.818000 -0.330000
v -0.080000 0.818000 -0.298000
v -0.048000 0.845725 -0.313979
v -0.063979 0.845725 -0.298000
v -0.063303 0.841572 -0.313303
v -0.063979 0.818000 -0.325725
v -0.048000 0.833979 -0.325725
v -0.063303 0.833303 -0.321572
v -0.075725 0.833979 -0.298000
v -0.075725 0.818000 -0.313979
v -0.071572 0.833303 -0.313303
v 0.048000 0.710000 0.698000
v 0.080000 0.742000 0.698000
v 0.048000 0.742000 0.730000
v 0.063979 0.714275 0.698000
v 0.048000 0.714275 0.713979
v 0.063303 0.718428 0.713303
v 0.075725 0.742000 0.713979
v 0.075725 0.726021 0.698000
v 0.071572 0.726697 0.713303
v 0.048000 0.726021 0.725725
v 0.063979 0.742000 0.725725
v 0.063303 0.726697 0.721572
v 0.048000 0.850000 0.698000
v 0.048000 0.818000 0.730000
v 0.080000 0.818000 0.698000
v 0.048000 0.845725 0.713979
v 0.063979 0.845725 0.698000
v 0.063303 0.841572 0.713303
v 0.063979 0.818000 0.725725
v 0.048000 0.833979 0.725725
v 0.063303 0.833303 0.721572
v 0.075725 0.833979 0.698000
v 0.075725 0.818000 0.713979
v 0.071572 0.833303 0.713303
v 0.048000 0.710000 -0.298000
v 0.048000 0.742000 -0.330000
v 0.080000 0.742000 -0.298000
v 0.048000 0.714275 -0.313979
v 0.063979 0.714275 -0.298000
v 0.063303 0.718428 -0.313303
v 0.063979 0.742000 -0.325725
v 0.048000 0.726021 -0.325725
v 0.063303 0.726697 -0.321572
v 0.075725 0.726021 -0.298000
v 0.075725 0.742000 -0.313979
v 0.071572 0.726697 -0.313303
v 0.048000 0.850000 -0.298000
v 0.080000 0.818000 -0.298000
v 0.048000 0.818000 -0.330000
v 0.063979 0.845725 -0.298000
v 0.048000 0.845725 -0.313979
v 0.063303 0.841572 -0.313303
v 0.075725 0.818000 -0.313979
v 0.075725 0.833979 -0.298000
v 0.071572 0.833303 -0.313303
v 0.048000 0.833979 -0.325725
v 0.063979 0.818000 -0.325725
v 0.063303 0.833303 -0.321572
vn -0.2566 -0.9318 0.2566
vn -0.2178 -0.6901 0.6901
vn -0.2566 -0.2566 0.9318
vn -0.6901 -0.2178 0.6901
vn -0.9318 -0.2566 0.2566
vn -0.6901 -0.6901 0.2178
vn -0.5774 -0.5773 0.5773
vn -0.2566 0.2566 0.9318
vn -0.2178 0.6901 0.6901
vn -0.2566 0.9318 0.2566
vn -0.6901 0.6901 0.2178
vn -0.9318 0.2566 0.2566
vn -0.6901 0.2178 0.6901
vn -0.5774 0.5774 0.5773
vn -0.2566 -0.9318 -0.2566
vn -0.6901 -0.6901 -0.2178
vn -0.9318 -0.2566 -0.2566
vn -0.6901 -0.2178 -0.6901
vn -0.2566 -0.2566 -0.9318
vn -0.2178 -0.6901 -0.6901
vn -0.5774 -0.5773 -0.5774
vn -0.2566 0.9318 -0.2566
vn -0.2178 0.6901 -0.6901
vn -0.2566 0.2566 -0.9318
vn -0.6901 0.2178 -0.6901
vn -0.9318 0.2566 -0.2566
vn -0.6901 0.6901 -0.2178
vn -0.5774 0.5773 -0.5773
vn 0.2566 -0.9318 0.2566
vn 0.6901 -0.6901 0.2178
vn 0.9318 -0.2566 0.2566
vn 0.6901 -0.2178 0.6901
vn 0.2566 -0.2566 0.9318
vn 0.2178 -0.6901 0.6901
vn 0.5774 -0.5773 0.5774
vn 0.2566 0.9318 0.2566
vn 0.2178 0.6901 0.6901
vn 0.2566 0.2566 0.9318
vn 0.6901 0.2178 0.6901
vn 0.9318 0.2566 0.2566
vn 0.6901 0.6901 0.2178
vn 0.5774 0.5773 0.5773
vn 0.2566 -0.9318 -0.2566
vn 0.2178 -0.6901 -0.6901
vn 0.2566 -0.2566 -0.9318
vn 0.6901 -0.2178 -0.6901
vn 0.9318 -0.2566 -0.2566
vn 0.6901 -0.6901 -0.2178
vn 0.5774 -0.5773 -0.5773
vn 0.2566 0.9318 -0.2566
vn 0.6901 0.6901 -0.2178
vn 0.9318 0.2566 -0.2566
vn 0.6901 0.2178 -0.6901
vn 0.2566 0.2566 -0.9318
vn 0.2178 0.6901 -0.6901
vn 0.5774 0.5773 -0.5774
vn -0.2585 -0.9660 -0.0000
vn -0.7071 -0.7071 -0.0000
vn -0.9660 -0.2585 -0.0000
vn -0.2585 -0.0000 0.9660
vn -0.7071 -0.0000 0.7071
vn -0.9660 -0.0000 0.2585
vn -0.2585 0.9660 -0.0000
vn -0.7071 0.7071 -0.0000
vn -0.9660 0.2585 -0.0000
vn -0.2585 -0.0000 -0.9660
vn -0.7071 -0.0000 -0.7071
vn -0.9660 -0.0000 -0.2585
vn -0.0000 -0.9660 -0.2585
vn -0.0000 -0.7071 -0.7071
vn -0.0000 -0.2585 -0.9660
vn -0.0000 0.9660 -0.2585
vn -0.0000 0.7071 -0.7071
vn -0.0000 0.2585 -0.9660
vn 0.9660 -0.0000 -0.2585
vn 0.7071 -0.0000 -0.7071
vn 0.2585 -0.0000 -0.9660
vn 0.2585 -0.9660 -0.0000
vn 0.7071 -0.7071 -0.0000
vn 0.9660 -0.2585 -0.0000
vn 0.2585 0.9660 -0.0000
vn 0.7071 0.7071 -0.0000
vn 0.9660 0.2585 -0.0000
vn 0.2585 -0.0000 0.9660
vn 0.7071 -0.0000 0.7071
vn 0.9660 -0.0000 0.2585
vn -0.0000 -0.9660 0.2585
vn -0.0000 -0.7071 0.7071
vn -0.0000 -0.2585 0.9660
vn -0.0000 0.9660 0.2585
vn -0.0000 0.7071 0.7071
vn -0.0000 0.2585 0.9660
vn -0.0000 -1.0000 -0.0000
vn -1.0000 -0.0000 -0.0000
vn -0.0000 -0.0000 1.0000
vn -0.0000 1.0000 -0.0000
vn -0.0000 -0.0000 -1.0000
vn 1.0000 -0.0000 -0.0000
vt 0.175000 0.742453
vt 0.175000 0.746221
vt 0.151089 0.746062
vt 0.150033 0.742453
vt 0.175000 0.750000
vt 0.151089 0.750000
vt 0.432143 0.950000
vt 0.432143 1.000000
vt 0.375000 0.973911
vt 0.375000 0.950000
vt 0.432143 0.000000
vt 0.432143 0.003779
vt 0.375000 0.003938
vt 0.375000 0.000000
vt 0.432143 0.007547
vt 0.375000 0.007547
vt 0.125000 0.742453
vt 0.125000 0.746062
vt 0.567857 0.950000
vt 0.596391 0.950000
vt 0.595183 1.000000
vt 0.567857 1.000000
vt 0.625000 0.950000
vt 0.625000 1.000000
vt 0.825000 0.742453
vt 0.875000 0.742453
vt 0.875000 0.746062
vt 0.825000 0.750000
vt 0.625000 0.007547
vt 0.596391 0.007547
vt 0.595184 0.003938
vt 0.625000 0.003938
vt 0.567857 0.007547
vt 0.567857 0.003779
vt 0.567857 0.000000
vt 0.595183 0.000000
vt 0.175000 0.507547
vt 0.150033 0.507547
vt 0.151089 0.503938
vt 0.175000 0.503779
vt 0.125000 0.507547
vt 0.125000 0.503938
vt 0.432143 0.242453
vt 0.432143 0.246221
vt 0.375000 0.246062
vt 0.375000 0.242453
vt 0.432143 0.275033
vt 0.375000 0.276089
vt 0.432143 0.300000
vt 0.375000 0.300000
vt 0.175000 0.500000
vt 0.151089 0.500000
vt 0.825000 0.507547
vt 0.825000 0.500000
vt 0.875000 0.503938
vt 0.875000 0.507547
vt 0.625000 0.300000
vt 0.596391 0.300000
vt 0.595183 0.273917
vt 0.625000 0.247799
vt 0.567857 0.300000
vt 0.567857 0.275033
vt 0.567857 0.246221
vt 0.595183 0.246062
vt 0.567857 0.242453
vt 0.596391 0.242453
vt 0.625000 0.242453
vt 0.325000 0.742453
vt 0.349967 0.742453
vt 0.348911 0.746062
vt 0.325000 0.746221
vt 0.403609 0.742453
vt 0.401491 0.746062
vt 0.432143 0.742453
vt 0.432143 0.746222
vt 0.432143 0.775033
vt 0.365418 0.766507
vt 0.432143 0.800000
vt 0.350230 0.775230
vt 0.675000 0.742453
vt 0.650230 0.774770
vt 0.641507 0.759582
vt 0.650033 0.742453
vt 0.596391 0.800000
vt 0.595183 0.776089
vt 0.567857 0.800000
vt 0.567857 0.775033
vt 0.567857 0.746221
vt 0.595183 0.747386
vt 0.567857 0.742453
vt 0.596391 0.742453
vt 0.325000 0.507547
vt 0.325000 0.503779
vt 0.348911 0.503938
vt 0.349967 0.507547
vt 0.350230 0.474770
vt 0.365418 0.483493
vt 0.432143 0.450000
vt 0.432143 0.474967
vt 0.432143 0.503779
vt 0.401491 0.503938
vt 0.432143 0.507547
vt 0.403609 0.507547
vt 0.675000 0.507547
vt 0.650033 0.507547
vt 0.641507 0.490418
vt 0.650230 0.475230
vt 0.596391 0.507547
vt 0.595183 0.502614
vt 0.567857 0.507547
vt 0.567857 0.503779
vt 0.567857 0.474967
vt 0.595183 0.473911
vt 0.567857 0.450000
vt 0.596391 0.450000
s 0
usemtl OiledOak
f 767/1034/760 770/1035/760 772/1036/760 771/1037/760
f 770/1035/761 774/1038/761 775/1039/761 772/1036/761
f 768/1040/762 773/1041/762 775/1042/762 774/1043/762
f 773/1044/763 777/1045/763 778/1046/763 775/1047/763
f 769/1048/764 776/1049/764 778/1046/764 777/1045/764
f 776/1050/765 771/1037/765 772/1036/765 778/1051/765
f 772/1036/766 775/1039/766 778/1051/766
f 779/1052/767 782/1053/767 784/1054/767 783/1055/767
f 782/1053/768 786/1056/768 787/1057/768 784/1054/768
f 780/1058/769 785/1059/769 787/1060/769 786/1061/769
f 785/1062/770 789/1063/770 790/1064/770 787/1065/770
f 781/1066/771 788/1067/771 790/1064/771 789/1063/771
f 788/1067/772 783/1068/772 784/1069/772 790/1064/772
f 784/1069/773 787/1065/773 790/1064/773
f 791/1070/774 794/1071/774 796/1072/774 795/1073/774
f 794/1071/775 798/1074/775 799/1075/775 796/1072/775
f 792/1076/776 797/1077/776 799/1078/776 798/1079/776
f 797/1077/777 801/1080/777 802/1081/777 799/1078/777
f 793/1082/778 800/1083/778 802/1081/778 801/1080/778
f 800/1084/779 795/1073/779 796/1072/779 802/1085/779
f 796/1072/780 799/1075/780 802/1085/780
f 803/1086/781 806/1087/781 808/1088/781 807/1089/781
f 806/1090/782 810/1091/782 811/1092/782 808/1093/782
f 804/1094/783 809/1095/783 811/1092/783 810/1091/783
f 809/1095/784 813/1096/784 814/1097/784 811/1092/784
f 805/1098/785 812/1099/785 814/1097/785 813/1096/785
f 812/1099/786 807/1100/786 808/1093/786 814/1097/786
f 808/1093/787 811/1092/787 814/1097/787
f 815/1101/788 818/1102/788 820/1103/788 819/1104/788
f 818/1102/789 822/1105/789 823/1106/789 820/1103/789
f 816/1107/790 821/1108/790 823/1106/790 822/1105/790
f 821/1108/791 825/1109/791 826/1110/791 823/1106/791
f 817/1111/792 824/1112/792 826/1110/792 825/1109/792
f 824/1112/793 819/1104/793 820/1103/793 826/1110/793
f 820/1103/794 823/1106/794 826/1110/794
f 827/1113/795 830/1114/795 832/1115/795 831/1116/795
f 830/1114/796 834/1117/796 835/1118/796 832/1115/796
f 828/1119/797 833/1120/797 835/1118/797 834/1117/797
f 833/1120/798 837/1121/798 838/1122/798 835/1118/798
f 829/1123/799 836/1124/799 838/1122/799 837/1121/799
f 836/1124/800 831/1116/800 832/1115/800 838/1122/800
f 832/1115/801 835/1118/801 838/1122/801
f 839/1125/802 842/1126/802 844/1127/802 843/1128/802
f 842/1126/803 846/1129/803 847/1130/803 844/1127/803
f 840/1131/804 845/1132/804 847/1130/804 846/1129/804
f 845/1132/805 849/1133/805 850/1134/805 847/1130/805
f 841/1135/806 848/1136/806 850/1134/806 849/1133/806
f 848/1136/807 843/1128/807 844/1127/807 850/1134/807
f 844/1127/808 847/1130/808 850/1134/808
f 851/1137/809 854/1138/809 856/1139/809 855/1140/809
f 854/1138/810 858/1141/810 859/1142/810 856/1139/810
f 852/1143/811 857/1144/811 859/1142/811 858/1141/811
f 857/1144/812 861/1145/812 862/1146/812 859/1142/812
f 853/1147/813 860/1148/813 862/1146/813 861/1145/813
f 860/1148/814 855/1140/814 856/1139/814 862/1146/814
f 856/1139/815 859/1142/815 862/1146/815
f 791/1070/816 767/1034/816 771/1037/816 794/1071/816
f 794/1071/817 771/1037/817 776/1050/817 798/1074/817
f 798/1079/818 776/1049/818 769/1048/818 792/1076/818
f 768/1040/819 779/1052/819 783/1055/819 773/1041/819
f 773/1044/820 783/1068/820 788/1067/820 777/1045/820
f 777/1045/821 788/1067/821 781/1066/821 769/1048/821
f 780/1058/822 803/1086/822 807/1089/822 785/1059/822
f 785/1062/823 807/1100/823 812/1099/823 789/1063/823
f 789/1063/824 812/1099/824 805/1098/824 781/1066/824
f 804/1094/825 793/1082/825 801/1080/825 809/1095/825
f 809/1095/826 801/1080/826 797/1077/826 813/1096/826
f 813/1096/827 797/1077/827 792/1076/827 805/1098/827
f 839/1125/828 791/1070/828 795/1073/828 842/1126/828
f 842/1126/829 795/1073/829 800/1084/829 846/1129/829
f 846/1129/830 800/1083/830 793/1082/830 840/1131/830
f 803/1086/831 851/1137/831 855/1140/831 806/1087/831
f 806/1090/832 855/1140/832 860/1148/832 810/1091/832
f 810/1091/833 860/1148/833 853/1147/833 804/1094/833
f 852/1143/834 841/1135/834 849/1133/834 857/1144/834
f 857/1144/835 849/1133/835 845/1132/835 861/1145/835
f 861/1145/836 845/1132/836 840/1131/836 853/1147/836
f 815/1101/837 839/1125/837 843/1128/837 818/1102/837
f 818/1102/838 843/1128/838 848/1136/838 822/1105/838
f 822/1105/839 848/1136/839 841/1135/839 816/1107/839
f 851/1137/840 827/1113/840 831/1116/840 854/1138/840
f 854/1138/841 831/1116/841 836/1124/841 858/1141/841
f 858/1141/842 836/1124/842 829/1123/842 852/1143/842
f 828/1119/843 817/1111/843 825/1109/843 833/1120/843
f 833/1120/844 825/1109/844 821/1108/844 837/1121/844
f 837/1121/845 821/1108/845 816/1107/845 829/1123/845
f 767/1034/846 815/1101/846 819/1104/846 770/1035/846
f 770/1035/847 819/1104/847 824/1112/847 774/1038/847
f 774/1043/848 824/1112/848 817/1111/848 768/1040/848
f 827/1113/849 780/1058/849 786/1061/849 830/1114/849
f 830/1114/850 786/1056/850 782/1053/850 834/1117/850
f 834/1117/851 782/1053/851 779/1052/851 828/1119/851
f 791/1070/852 839/1125/852 815/1101/852 767/1034/852
f 769/1048/853 781/1066/853 805/1098/853 792/1076/853
f 817/1111/854 828/1119/854 779/1052/854 768/1040/854
f 851/1137/855 803/1086/855 780/1058/855 827/1113/855
f 793/1082/856 804/1094/856 853/1147/856 840/1131/856
f 841/1135/857 852/1143/857 829/1123/857 816/1107/857
o volley_iron_guide.001
v -0.019500 0.875000 0.792000
v -0.019500 0.893000 0.810000
v -0.037500 0.893000 0.792000
v -0.019500 0.877405 0.800988
v -0.028488 0.877405 0.792000
v -0.028108 0.879741 0.800608
v -0.028488 0.893000 0.807595
v -0.019500 0.884012 0.807595
v -0.028108 0.884392 0.805259
v -0.035095 0.884012 0.792000
v -0.035095 0.893000 0.800988
v -0.032759 0.884392 0.800608
v -0.019500 0.927000 0.810000
v -0.019500 0.945000 0.792000
v -0.037500 0.927000 0.792000
v -0.019500 0.935988 0.807595
v -0.028488 0.927000 0.807595
v -0.028108 0.935608 0.805259
v -0.028488 0.942595 0.792000
v -0.019500 0.942595 0.800988
v -0.028108 0.940259 0.800608
v -0.035095 0.927000 0.800988
v -0.035095 0.935988 0.792000
v -0.032759 0.935608 0.800608
v -0.019500 0.875000 0.228000
v -0.037500 0.893000 0.228000
v -0.019500 0.893000 0.210000
v -0.028488 0.877405 0.228000
v -0.019500 0.877405 0.219012
v -0.028108 0.879741 0.219392
v -0.035095 0.893000 0.219012
v -0.035095 0.884012 0.228000
v -0.032759 0.884392 0.219392
v -0.019500 0.884012 0.212405
v -0.028488 0.893000 0.212405
v -0.028108 0.884392 0.214741
v -0.019500 0.945000 0.228000
v -0.019500 0.927000 0.210000
v -0.037500 0.927000 0.228000
v -0.019500 0.942595 0.219012
v -0.028488 0.942595 0.228000
v -0.028108 0.940259 0.219392
v -0.028488 0.927000 0.212405
v -0.019500 0.935988 0.212405
v -0.028108 0.935608 0.214741
v -0.035095 0.935988 0.228000
v -0.035095 0.927000 0.219012
v -0.032759 0.935608 0.219392
v 0.019500 0.875000 0.792000
v 0.037500 0.893000 0.792000
v 0.019500 0.893000 0.810000
v 0.028488 0.877405 0.792000
v 0.019500 0.877405 0.800988
v 0.028108 0.879741 0.800608
v 0.035095 0.893000 0.800988
v 0.035095 0.884012 0.792000
v 0.032759 0.884392 0.800608
v 0.019500 0.884012 0.807595
v 0.028488 0.893000 0.807595
v 0.028108 0.884392 0.805259
v 0.019500 0.945000 0.792000
v 0.019500 0.927000 0.810000
v 0.037500 0.927000 0.792000
v 0.019500 0.942595 0.800988
v 0.028488 0.942595 0.792000
v 0.028108 0.940259 0.800608
v 0.028488 0.927000 0.807595
v 0.019500 0.935988 0.807595
v 0.028108 0.935608 0.805259
v 0.035095 0.935988 0.792000
v 0.035095 0.927000 0.800988
v 0.032759 0.935608 0.800608
v 0.019500 0.875000 0.228000
v 0.019500 0.893000 0.210000
v 0.037500 0.893000 0.228000
v 0.019500 0.877405 0.219012
v 0.028488 0.877405 0.228000
v 0.028108 0.879741 0.219392
v 0.028488 0.893000 0.212405
v 0.019500 0.884012 0.212405
v 0.028108 0.884392 0.214741
v 0.035095 0.884012 0.228000
v 0.035095 0.893000 0.219012
v 0.032759 0.884392 0.219392
v 0.019500 0.945000 0.228000
v 0.037500 0.927000 0.228000
v 0.019500 0.927000 0.210000
v 0.028488 0.942595 0.228000
v 0.019500 0.942595 0.219012
v 0.028108 0.940259 0.219392
v 0.035095 0.927000 0.219012
v 0.035095 0.935988 0.228000
v 0.032759 0.935608 0.219392
v 0.019500 0.935988 0.212405
v 0.028488 0.927000 0.212405
v 0.028108 0.935608 0.214741
vn -0.2566 -0.9318 0.2566
vn -0.2178 -0.6901 0.6901
vn -0.2566 -0.2566 0.9318
vn -0.6901 -0.2178 0.6901
vn -0.9318 -0.2566 0.2566
vn -0.6901 -0.6901 0.2178
vn -0.5774 -0.5773 0.5774
vn -0.2566 0.2566 0.9318
vn -0.2178 0.6901 0.6901
vn -0.2566 0.9318 0.2566
vn -0.6901 0.6901 0.2178
vn -0.9318 0.2566 0.2566
vn -0.6901 0.2178 0.6901
vn -0.5774 0.5773 0.5774
vn -0.2566 -0.9318 -0.2566
vn -0.6901 -0.6901 -0.2178
vn -0.9318 -0.2566 -0.2566
vn -0.6901 -0.2178 -0.6901
vn -0.2566 -0.2566 -0.9318
vn -0.2178 -0.6901 -0.6901
vn -0.5774 -0.5773 -0.5774
vn -0.2566 0.9318 -0.2566
vn -0.2178 0.6901 -0.6901
vn -0.2566 0.2566 -0.9318
vn -0.6901 0.2178 -0.6901
vn -0.9318 0.2566 -0.2566
vn -0.6901 0.6901 -0.2178
vn -0.5774 0.5773 -0.5774
vn 0.2566 -0.9318 0.2566
vn 0.6901 -0.6901 0.2178
vn 0.9318 -0.2566 0.2566
vn 0.6901 -0.2178 0.6901
vn 0.2566 -0.2566 0.9318
vn 0.2178 -0.6901 0.6901
vn 0.5774 -0.5773 0.5774
vn 0.2566 0.9318 0.2566
vn 0.2178 0.6901 0.6901
vn 0.2566 0.2566 0.9318
vn 0.6901 0.2178 0.6901
vn 0.9318 0.2566 0.2566
vn 0.6901 0.6901 0.2178
vn 0.5774 0.5773 0.5774
vn 0.2566 -0.9318 -0.2566
vn 0.2178 -0.6901 -0.6901
vn 0.2566 -0.2566 -0.9318
vn 0.6901 -0.2178 -0.6901
vn 0.9318 -0.2566 -0.2566
vn 0.6901 -0.6901 -0.2178
vn 0.5774 -0.5773 -0.5774
vn 0.2566 0.9318 -0.2566
vn 0.6901 0.6901 -0.2178
vn 0.9318 0.2566 -0.2566
vn 0.6901 0.2178 -0.6901
vn 0.2566 0.2566 -0.9318
vn 0.2178 0.6901 -0.6901
vn 0.5774 0.5773 -0.5774
vn -0.2585 -0.9660 -0.0000
vn -0.7071 -0.7071 -0.0000
vn -0.9660 -0.2585 -0.0000
vn -0.2585 -0.0000 0.9660
vn -0.7071 -0.0000 0.7071
vn -0.9660 -0.0000 0.2585
vn -0.2585 0.9660 -0.0000
vn -0.7071 0.7071 -0.0000
vn -0.9660 0.2585 -0.0000
vn -0.2585 -0.0000 -0.9660
vn -0.7071 -0.0000 -0.7071
vn -0.9660 -0.0000 -0.2585
vn -0.0000 -0.9660 -0.2585
vn -0.0000 -0.7071 -0.7071
vn -0.0000 -0.2584 -0.9660
vn -0.0000 0.9660 -0.2585
vn -0.0000 0.7071 -0.7071
vn -0.0000 0.2584 -0.9660
vn 0.9660 -0.0000 -0.2585
vn 0.7071 -0.0000 -0.7071
vn 0.2585 -0.0000 -0.9660
vn 0.2585 -0.9660 -0.0000
vn 0.7071 -0.7071 -0.0000
vn 0.9660 -0.2585 -0.0000
vn 0.2585 0.9660 -0.0000
vn 0.7071 0.7071 -0.0000
vn 0.9660 0.2585 -0.0000
vn 0.2585 -0.0000 0.9660
vn 0.7071 -0.0000 0.7071
vn 0.9660 -0.0000 0.2585
vn -0.0000 -0.9660 0.2585
vn -0.0000 -0.7071 0.7071
vn -0.0000 -0.2584 0.9660
vn -0.0000 0.9660 0.2585
vn -0.0000 0.7071 0.7071
vn -0.0000 0.2584 0.9660
vn -0.0000 -1.0000 -0.0000
vn -1.0000 -0.0000 -0.0000
vn -0.0000 -0.0000 1.0000
vn -0.0000 1.0000 -0.0000
vn -0.0000 -0.0000 -1.0000
vn 1.0000 -0.0000 -0.0000
vt 0.185000 0.742500
vt 0.185000 0.746245
vt 0.156307 0.746087
vt 0.155039 0.742500
vt 0.185000 0.750000
vt 0.156307 0.750000
vt 0.439286 0.940000
vt 0.439286 1.000000
vt 0.375000 0.968693
vt 0.375000 0.940000
vt 0.439286 0.000000
vt 0.439286 0.003755
vt 0.375000 0.003913
vt 0.375000 0.000000
vt 0.439286 0.007500
vt 0.375000 0.007500
vt 0.125000 0.742500
vt 0.125000 0.746087
vt 0.560714 0.940000
vt 0.592815 0.940000
vt 0.591456 1.000000
vt 0.560714 1.000000
vt 0.625000 0.940000
vt 0.625000 1.000000
vt 0.815000 0.742500
vt 0.875000 0.742500
vt 0.875000 0.746087
vt 0.815000 0.750000
vt 0.625000 0.007500
vt 0.592815 0.007500
vt 0.591456 0.003913
vt 0.625000 0.003913
vt 0.560714 0.007500
vt 0.560714 0.003755
vt 0.560714 0.000000
vt 0.591456 0.000000
vt 0.185000 0.507500
vt 0.155039 0.507500
vt 0.156307 0.503913
vt 0.185000 0.503755
vt 0.125000 0.507500
vt 0.125000 0.503913
vt 0.439286 0.242500
vt 0.439286 0.246245
vt 0.375000 0.246087
vt 0.375000 0.242500
vt 0.439286 0.280039
vt 0.375000 0.281307
vt 0.439286 0.310000
vt 0.375000 0.310000
vt 0.185000 0.500000
vt 0.156307 0.500000
vt 0.815000 0.507500
vt 0.815000 0.500000
vt 0.875000 0.503913
vt 0.875000 0.507500
vt 0.625000 0.310000
vt 0.592815 0.310000
vt 0.591456 0.278732
vt 0.625000 0.247813
vt 0.560714 0.310000
vt 0.560714 0.280039
vt 0.560714 0.246245
vt 0.591456 0.246087
vt 0.560714 0.242500
vt 0.592815 0.242500
vt 0.625000 0.242500
vt 0.315000 0.742500
vt 0.344961 0.742500
vt 0.343693 0.746087
vt 0.315000 0.746245
vt 0.407185 0.742500
vt 0.404726 0.746087
vt 0.439286 0.742500
vt 0.439286 0.746245
vt 0.439286 0.780039
vt 0.363502 0.769809
vt 0.439286 0.810000
vt 0.345384 0.780384
vt 0.685000 0.742500
vt 0.655384 0.779616
vt 0.644809 0.761498
vt 0.655039 0.742500
vt 0.592815 0.810000
vt 0.591456 0.781307
vt 0.560714 0.810000
vt 0.560714 0.780039
vt 0.560714 0.746245
vt 0.591457 0.747612
vt 0.560714 0.742500
vt 0.592815 0.742500
vt 0.315000 0.507500
vt 0.315000 0.503755
vt 0.343693 0.503913
vt 0.344961 0.507500
vt 0.345384 0.469616
vt 0.363502 0.480191
vt 0.439286 0.440000
vt 0.439286 0.469961
vt 0.439286 0.503755
vt 0.404726 0.503913
vt 0.439286 0.507500
vt 0.407185 0.507500
vt 0.685000 0.507500
vt 0.655039 0.507500
vt 0.644809 0.488502
vt 0.655384 0.470384
vt 0.592815 0.507500
vt 0.591456 0.502388
vt 0.560714 0.507500
vt 0.560714 0.503755
vt 0.560714 0.469961
vt 0.591456 0.468693
vt 0.560714 0.440000
vt 0.592815 0.440000
s 0
usemtl BlackIron
f 863/1149/858 866/1150/858 868/1151/858 867/1152/858
f 866/1150/859 870/1153/859 871/1154/859 868/1151/859
f 864/1155/860 869/1156/860 871/1157/860 870/1158/860
f 869/1159/861 873/1160/861 874/1161/861 871/1162/861
f 865/1163/862 872/1164/862 874/1161/862 873/1160/862
f 872/1165/863 867/1152/863 868/1151/863 874/1166/863
f 868/1151/864 871/1154/864 874/1166/864
f 875/1167/865 878/1168/865 880/1169/865 879/1170/865
f 878/1168/866 882/1171/866 883/1172/866 880/1169/866
f 876/1173/867 881/1174/867 883/1175/867 882/1176/867
f 881/1177/868 885/1178/868 886/1179/868 883/1180/868
f 877/1181/869 884/1182/869 886/1179/869 885/1178/869
f 884/1182/870 879/1183/870 880/1184/870 886/1179/870
f 880/1184/871 883/1180/871 886/1179/871
f 887/1185/872 890/1186/872 892/1187/872 891/1188/872
f 890/1186/873 894/1189/873 895/1190/873 892/1187/873
f 888/1191/874 893/1192/874 895/1193/874 894/1194/874
f 893/1192/875 897/1195/875 898/1196/875 895/1193/875
f 889/1197/876 896/1198/876 898/1196/876 897/1195/876
f 896/1199/877 891/1188/877 892/1187/877 898/1200/877
f 892/1187/878 895/1190/878 898/1200/878
f 899/1201/879 902/1202/879 904/1203/879 903/1204/879
f 902/1205/880 906/1206/880 907/1207/880 904/1208/880
f 900/1209/881 905/1210/881 907/1207/881 906/1206/881
f 905/1210/882 909/1211/882 910/1212/882 907/1207/882
f 901/1213/883 908/1214/883 910/1212/883 909/1211/883
f 908/1214/884 903/1215/884 904/1208/884 910/1212/884
f 904/1208/885 907/1207/885 910/1212/885
f 911/1216/886 914/1217/886 916/1218/886 915/1219/886
f 914/1217/887 918/1220/887 919/1221/887 916/1218/887
f 912/1222/888 917/1223/888 919/1221/888 918/1220/888
f 917/1223/889 921/1224/889 922/1225/889 919/1221/889
f 913/1226/890 920/1227/890 922/1225/890 921/1224/890
f 920/1227/891 915/1219/891 916/1218/891 922/1225/891
f 916/1218/892 919/1221/892 922/1225/892
f 923/1228/893 926/1229/893 928/1230/893 927/1231/893
f 926/1229/894 930/1232/894 931/1233/894 928/1230/894
f 924/1234/895 929/1235/895 931/1233/895 930/1232/895
f 929/1235/896 933/1236/896 934/1237/896 931/1233/896
f 925/1238/897 932/1239/897 934/1237/897 933/1236/897
f 932/1239/898 927/1231/898 928/1230/898 934/1237/898
f 928/1230/899 931/1233/899 934/1237/899
f 935/1240/900 938/1241/900 940/1242/900 939/1243/900
f 938/1241/901 942/1244/901 943/1245/901 940/1242/901
f 936/1246/902 941/1247/902 943/1245/902 942/1244/902
f 941/1247/903 945/1248/903 946/1249/903 943/1245/903
f 937/1250/904 944/1251/904 946/1249/904 945/1248/904
f 944/1251/905 939/1243/905 940/1242/905 946/1249/905
f 940/1242/906 943/1245/906 946/1249/906
f 947/1252/907 950/1253/907 952/1254/907 951/1255/907
f 950/1253/908 954/1256/908 955/1257/908 952/1254/908
f 948/1258/909 953/1259/909 955/1257/909 954/1256/909
f 953/1259/910 957/1260/910 958/1261/910 955/1257/910
f 949/1262/911 956/1263/911 958/1261/911 957/1260/911
f 956/1263/912 951/1255/912 952/1254/912 958/1261/912
f 952/1254/913 955/1257/913 958/1261/913
f 887/1185/914 863/1149/914 867/1152/914 890/1186/914
f 890/1186/915 867/1152/915 872/1165/915 894/1189/915
f 894/1194/916 872/1164/916 865/1163/916 888/1191/916
f 864/1155/917 875/1167/917 879/1170/917 869/1156/917
f 869/1159/918 879/1183/918 884/1182/918 873/1160/918
f 873/1160/919 884/1182/919 877/1181/919 865/1163/919
f 876/1173/920 899/1201/920 903/1204/920 881/1174/920
f 881/1177/921 903/1215/921 908/1214/921 885/1178/921
f 885/1178/922 908/1214/922 901/1213/922 877/1181/922
f 900/1209/923 889/1197/923 897/1195/923 905/1210/923
f 905/1210/924 897/1195/924 893/1192/924 909/1211/924
f 909/1211/925 893/1192/925 888/1191/925 901/1213/925
f 935/1240/926 887/1185/926 891/1188/926 938/1241/926
f 938/1241/927 891/1188/927 896/1199/927 942/1244/927
f 942/1244/928 896/1198/928 889/1197/928 936/1246/928
f 899/1201/929 947/1252/929 951/1255/929 902/1202/929
f 902/1205/930 951/1255/930 956/1263/930 906/1206/930
f 906/1206/931 956/1263/931 949/1262/931 900/1209/931
f 948/1258/932 937/1250/932 945/1248/932 953/1259/932
f 953/1259/933 945/1248/933 941/1247/933 957/1260/933
f 957/1260/934 941/1247/934 936/1246/934 949/1262/934
f 911/1216/935 935/1240/935 939/1243/935 914/1217/935
f 914/1217/936 939/1243/936 944/1251/936 918/1220/936
f 918/1220/937 944/1251/937 937/1250/937 912/1222/937
f 947/1252/938 923/1228/938 927/1231/938 950/1253/938
f 950/1253/939 927/1231/939 932/1239/939 954/1256/939
f 954/1256/940 932/1239/940 925/1238/940 948/1258/940
f 924/1234/941 913/1226/941 921/1224/941 929/1235/941
f 929/1235/942 921/1224/942 917/1223/942 933/1236/942
f 933/1236/943 917/1223/943 912/1222/943 925/1238/943
f 863/1149/944 911/1216/944 915/1219/944 866/1150/944
f 866/1150/945 915/1219/945 920/1227/945 870/1153/945
f 870/1158/946 920/1227/946 913/1226/946 864/1155/946
f 923/1228/947 876/1173/947 882/1176/947 926/1229/947
f 926/1229/948 882/1171/948 878/1168/948 930/1232/948
f 930/1232/949 878/1168/949 875/1167/949 924/1234/949
f 887/1185/950 935/1240/950 911/1216/950 863/1149/950
f 865/1163/951 877/1181/951 901/1213/951 888/1191/951
f 913/1226/952 924/1234/952 875/1167/952 864/1155/952
f 947/1252/953 899/1201/953 876/1173/953 923/1228/953
f 889/1197/954 900/1209/954 949/1262/954 936/1246/954
f 937/1250/955 948/1258/955 925/1238/955 912/1222/955
o volley_bow_limb.001
v -0.180000 0.820000 0.640000
v -0.180000 0.850000 0.670000
v -0.210000 0.850000 0.640000
v -0.180000 0.824008 0.654980
v -0.194980 0.824008 0.640000
v -0.194346 0.827901 0.654346
v -0.194980 0.850000 0.665992
v -0.180000 0.835020 0.665992
v -0.194346 0.835654 0.662099
v -0.205992 0.835020 0.640000
v -0.205992 0.850000 0.654980
v -0.202099 0.835654 0.654346
v -0.180000 0.910000 0.670000
v -0.180000 0.940000 0.640000
v -0.210000 0.910000 0.640000
v -0.180000 0.924980 0.665992
v -0.194980 0.910000 0.665992
v -0.194346 0.924346 0.662099
v -0.194980 0.935992 0.640000
v -0.180000 0.935992 0.654980
v -0.194346 0.932099 0.654346
v -0.205992 0.910000 0.654980
v -0.205992 0.924980 0.640000
v -0.202099 0.924346 0.654346
v -0.180000 0.820000 0.580000
v -0.210000 0.850000 0.580000
v -0.180000 0.850000 0.550000
v -0.194980 0.824008 0.580000
v -0.180000 0.824008 0.565020
v -0.194346 0.827901 0.565654
v -0.205992 0.850000 0.565020
v -0.205992 0.835020 0.580000
v -0.202099 0.835654 0.565654
v -0.180000 0.835020 0.554008
v -0.194980 0.850000 0.554008
v -0.194346 0.835654 0.557901
v -0.180000 0.940000 0.580000
v -0.180000 0.910000 0.550000
v -0.210000 0.910000 0.580000
v -0.180000 0.935992 0.565020
v -0.194980 0.935992 0.580000
v -0.194346 0.932099 0.565654
v -0.194980 0.910000 0.554008
v -0.180000 0.924980 0.554008
v -0.194346 0.924346 0.557901
v -0.205992 0.924980 0.580000
v -0.205992 0.910000 0.565020
v -0.202099 0.924346 0.565654
v 0.180000 0.820000 0.640000
v 0.210000 0.850000 0.640000
v 0.180000 0.850000 0.670000
v 0.194980 0.824008 0.640000
v 0.180000 0.824008 0.654980
v 0.194346 0.827901 0.654346
v 0.205992 0.850000 0.654980
v 0.205992 0.835020 0.640000
v 0.202099 0.835654 0.654346
v 0.180000 0.835020 0.665992
v 0.194980 0.850000 0.665992
v 0.194346 0.835654 0.662099
v 0.180000 0.940000 0.640000
v 0.180000 0.910000 0.670000
v 0.210000 0.910000 0.640000
v 0.180000 0.935992 0.654980
v 0.194980 0.935992 0.640000
v 0.194346 0.932099 0.654346
v 0.194980 0.910000 0.665992
v 0.180000 0.924980 0.665992
v 0.194346 0.924346 0.662099
v 0.205992 0.924980 0.640000
v 0.205992 0.910000 0.654980
v 0.202099 0.924346 0.654346
v 0.180000 0.820000 0.580000
v 0.180000 0.850000 0.550000
v 0.210000 0.850000 0.580000
v 0.180000 0.824008 0.565020
v 0.194980 0.824008 0.580000
v 0.194346 0.827901 0.565654
v 0.194980 0.850000 0.554008
v 0.180000 0.835020 0.554008
v 0.194346 0.835654 0.557901
v 0.205992 0.835020 0.580000
v 0.205992 0.850000 0.565020
v 0.202099 0.835654 0.565654
v 0.180000 0.940000 0.580000
v 0.210000 0.910000 0.580000
v 0.180000 0.910000 0.550000
v 0.194980 0.935992 0.580000
v 0.180000 0.935992 0.565020
v 0.194346 0.932099 0.565654
v 0.205992 0.910000 0.565020
v 0.205992 0.924980 0.580000
v 0.202099 0.924346 0.565654
v 0.180000 0.924980 0.554008
v 0.194980 0.910000 0.554008
v 0.194346 0.924346 0.557901
vn -0.2566 -0.9318 0.2566
vn -0.2178 -0.6901 0.6901
vn -0.2566 -0.2566 0.9318
vn -0.6901 -0.2178 0.6901
vn -0.9318 -0.2566 0.2566
vn -0.6901 -0.6901 0.2178
vn -0.5774 -0.5773 0.5774
vn -0.2566 0.2566 0.9318
vn -0.2178 0.6901 0.6901
vn -0.2566 0.9318 0.2566
vn -0.6901 0.6901 0.2178
vn -0.9318 0.2566 0.2566
vn -0.6901 0.2178 0.6901
vn -0.5774 0.5774 0.5773
vn -0.2566 -0.9318 -0.2566
vn -0.6901 -0.6901 -0.2178
vn -0.9318 -0.2566 -0.2566
vn -0.6901 -0.2178 -0.6901
vn -0.2566 -0.2566 -0.9318
vn -0.2178 -0.6901 -0.6901
vn -0.5774 -0.5773 -0.5774
vn -0.2566 0.9318 -0.2566
vn -0.2178 0.6901 -0.6901
vn -0.2566 0.2566 -0.9318
vn -0.6901 0.2178 -0.6901
vn -0.9318 0.2566 -0.2566
vn -0.6901 0.6901 -0.2178
vn -0.5774 0.5773 -0.5774
vn 0.2566 -0.9318 0.2566
vn 0.6901 -0.6901 0.2178
vn 0.9318 -0.2566 0.2566
vn 0.6901 -0.2178 0.6901
vn 0.2566 -0.2566 0.9318
vn 0.2178 -0.6901 0.6901
vn 0.5774 -0.5773 0.5774
vn 0.2566 0.9318 0.2566
vn 0.2178 0.6901 0.6901
vn 0.2566 0.2566 0.9318
vn 0.6901 0.2178 0.6901
vn 0.9318 0.2566 0.2566
vn 0.6901 0.6901 0.2178
vn 0.5774 0.5773 0.5774
vn 0.2566 -0.9318 -0.2566
vn 0.2178 -0.6901 -0.6901
vn 0.2566 -0.2566 -0.9318
vn 0.6901 -0.2178 -0.6901
vn 0.9318 -0.2566 -0.2566
vn 0.6901 -0.6901 -0.2178
vn 0.5774 -0.5773 -0.5774
vn 0.2566 0.9318 -0.2566
vn 0.6901 0.6901 -0.2178
vn 0.9318 0.2566 -0.2566
vn 0.6901 0.2178 -0.6901
vn 0.2566 0.2566 -0.9318
vn 0.2178 0.6901 -0.6901
vn 0.5774 0.5773 -0.5774
vn -0.2585 -0.9660 -0.0000
vn -0.7071 -0.7071 -0.0000
vn -0.9660 -0.2585 -0.0000
vn -0.2585 -0.0000 0.9660
vn -0.7071 -0.0000 0.7071
vn -0.9660 -0.0000 0.2585
vn -0.2585 0.9660 -0.0000
vn -0.7071 0.7071 -0.0000
vn -0.9660 0.2585 -0.0000
vn -0.2585 -0.0000 -0.9660
vn -0.7071 -0.0000 -0.7071
vn -0.9660 -0.0000 -0.2585
vn -0.0000 -0.9660 -0.2585
vn -0.0000 -0.7071 -0.7071
vn -0.0000 -0.2585 -0.9660
vn -0.0000 0.9660 -0.2585
vn -0.0000 0.7071 -0.7071
vn -0.0000 0.2585 -0.9660
vn 0.9660 -0.0000 -0.2585
vn 0.7071 -0.0000 -0.7071
vn 0.2585 -0.0000 -0.9660
vn 0.2585 -0.9660 -0.0000
vn 0.7071 -0.7071 -0.0000
vn 0.9660 -0.2585 -0.0000
vn 0.2585 0.9660 -0.0000
vn 0.7071 0.7071 -0.0000
vn 0.9660 0.2585 -0.0000
vn 0.2585 -0.0000 0.9660
vn 0.7071 -0.0000 0.7071
vn 0.9660 -0.0000 0.2585
vn -0.0000 -0.9660 0.2585
vn -0.0000 -0.7071 0.7071
vn -0.0000 -0.2585 0.9660
vn -0.0000 0.9660 0.2585
vn -0.0000 0.7071 0.7071
vn -0.0000 0.2585 0.9660
vn -0.0000 -1.0000 -0.0000
vn -1.0000 -0.0000 -0.0000
vn -0.0000 -0.0000 1.0000
vn -0.0000 1.0000 -0.0000
vn -0.0000 -0.0000 -1.0000
vn 1.0000 -0.0000 -0.0000
vt 0.142857 0.687500
vt 0.142857 0.718709
vt 0.134318 0.717388
vt 0.133940 0.687500
vt 0.142857 0.750000
vt 0.134318 0.750000
vt 0.437500 0.982143
vt 0.437500 1.000000
vt 0.375000 0.990682
vt 0.375000 0.982143
vt 0.437500 0.000000
vt 0.437500 0.031291
vt 0.375000 0.032612
vt 0.375000 0.000000
vt 0.437500 0.062500
vt 0.375000 0.062500
vt 0.125000 0.687500
vt 0.125000 0.717388
vt 0.562500 0.982143
vt 0.593709 0.982143
vt 0.592388 1.000000
vt 0.562500 1.000000
vt 0.625000 0.982143
vt 0.625000 1.000000
vt 0.857143 0.687500
vt 0.875000 0.687500
vt 0.875000 0.717388
vt 0.857143 0.750000
vt 0.625000 0.062500
vt 0.593709 0.062500
vt 0.592388 0.032612
vt 0.625000 0.032612
vt 0.562500 0.062500
vt 0.562500 0.031291
vt 0.562500 0.000000
vt 0.592388 0.000000
vt 0.142857 0.562500
vt 0.133940 0.562500
vt 0.134318 0.532612
vt 0.142857 0.531291
vt 0.125000 0.562500
vt 0.125000 0.532612
vt 0.437500 0.187500
vt 0.437500 0.218709
vt 0.375000 0.217388
vt 0.375000 0.187500
vt 0.437500 0.258940
vt 0.375000 0.259318
vt 0.437500 0.267857
vt 0.375000 0.267857
vt 0.142857 0.500000
vt 0.134318 0.500000
vt 0.857143 0.562500
vt 0.857143 0.500000
vt 0.875000 0.532612
vt 0.875000 0.562500
vt 0.625000 0.267857
vt 0.593709 0.267857
vt 0.592388 0.257323
vt 0.625000 0.231774
vt 0.562500 0.267857
vt 0.562500 0.258940
vt 0.562500 0.218709
vt 0.592388 0.217388
vt 0.562500 0.187500
vt 0.593709 0.187500
vt 0.625000 0.187500
vt 0.357143 0.687500
vt 0.366060 0.687500
vt 0.365682 0.717388
vt 0.357143 0.718709
vt 0.406291 0.687500
vt 0.404725 0.717388
vt 0.437500 0.687500
vt 0.437500 0.718709
vt 0.437500 0.758940
vt 0.371578 0.755895
vt 0.437500 0.767857
vt 0.366081 0.758938
vt 0.642857 0.687500
vt 0.633938 0.758919
vt 0.630895 0.753422
vt 0.633940 0.687500
vt 0.593709 0.767857
vt 0.592388 0.759318
vt 0.562500 0.767857
vt 0.562500 0.758940
vt 0.562500 0.718709
vt 0.592388 0.720275
vt 0.562500 0.687500
vt 0.593709 0.687500
vt 0.357143 0.562500
vt 0.357143 0.531291
vt 0.365682 0.532612
vt 0.366060 0.562500
vt 0.366081 0.491062
vt 0.371578 0.494104
vt 0.437500 0.482143
vt 0.437500 0.491060
vt 0.437500 0.531291
vt 0.404725 0.532612
vt 0.437500 0.562500
vt 0.406291 0.562500
vt 0.642857 0.562500
vt 0.633940 0.562500
vt 0.630895 0.496578
vt 0.633938 0.491081
vt 0.593709 0.562500
vt 0.592388 0.529725
vt 0.562500 0.562500
vt 0.562500 0.531291
vt 0.562500 0.491060
vt 0.592388 0.490682
vt 0.562500 0.482143
vt 0.593709 0.482143
s 0
usemtl OiledOak
f 959/1264/956 962/1265/956 964/1266/956 963/1267/956
f 962/1265/957 966/1268/957 967/1269/957 964/1266/957
f 960/1270/958 965/1271/958 967/1272/958 966/1273/958
f 965/1274/959 969/1275/959 970/1276/959 967/1277/959
f 961/1278/960 968/1279/960 970/1276/960 969/1275/960
f 968/1280/961 963/1267/961 964/1266/961 970/1281/961
f 964/1266/962 967/1269/962 970/1281/962
f 971/1282/963 974/1283/963 976/1284/963 975/1285/963
f 974/1283/964 978/1286/964 979/1287/964 976/1284/964
f 972/1288/965 977/1289/965 979/1290/965 978/1291/965
f 977/1292/966 981/1293/966 982/1294/966 979/1295/966
f 973/1296/967 980/1297/967 982/1294/967 981/1293/967
f 980/1297/968 975/1298/968 976/1299/968 982/1294/968
f 976/1299/969 979/1295/969 982/1294/969
f 983/1300/970 986/1301/970 988/1302/970 987/1303/970
f 986/1301/971 990/1304/971 991/1305/971 988/1302/971
f 984/1306/972 989/1307/972 991/1308/972 990/1309/972
f 989/1307/973 993/1310/973 994/1311/973 991/1308/973
f 985/1312/974 992/1313/974 994/1311/974 993/1310/974
f 992/1314/975 987/1303/975 988/1302/975 994/1315/975
f 988/1302/976 991/1305/976 994/1315/976
f 995/1316/977 998/1317/977 1000/1318/977 999/1319/977
f 998/1320/978 1002/1321/978 1003/1322/978 1000/1323/978
f 996/1324/979 1001/1325/979 1003/1322/979 1002/1321/979
f 1001/1325/980 1005/1326/980 1006/1327/980 1003/1322/980
f 997/1328/981 1004/1329/981 1006/1327/981 1005/1326/981
f 1004/1329/982 999/1330/982 1000/1323/982 1006/1327/982
f 1000/1323/983 1003/1322/983 1006/1327/983
f 1007/1331/984 1010/1332/984 1012/1333/984 1011/1334/984
f 1010/1332/985 1014/1335/985 1015/1336/985 1012/1333/985
f 1008/1337/986 1013/1338/986 1015/1336/986 1014/1335/986
f 1013/1338/987 1017/1339/987 1018/1340/987 1015/1336/987
f 1009/1341/988 1016/1342/988 1018/1340/988 1017/1339/988
f 1016/1342/989 1011/1334/989 1012/1333/989 1018/1340/989
f 1012/1333/990 1015/1336/990 1018/1340/990
f 1019/1343/991 1022/1344/991 1024/1345/991 1023/1346/991
f 1022/1344/992 1026/1347/992 1027/1348/992 1024/1345/992
f 1020/1349/993 1025/1350/993 1027/1348/993 1026/1347/993
f 1025/1350/994 1029/1351/994 1030/1352/994 1027/1348/994
f 1021/1353/995 1028/1354/995 1030/1352/995 1029/1351/995
f 1028/1354/996 1023/1346/996 1024/1345/996 1030/1352/996
f 1024/1345/997 1027/1348/997 1030/1352/997
f 1031/1355/998 1034/1356/998 1036/1357/998 1035/1358/998
f 1034/1356/999 1038/1359/999 1039/1360/999 1036/1357/999
f 1032/1361/1000 1037/1362/1000 1039/1360/1000 1038/1359/1000
f 1037/1362/1001 1041/1363/1001 1042/1364/1001 1039/1360/1001
f 1033/1365/1002 1040/1366/1002 1042/1364/1002 1041/1363/1002
f 1040/1366/1003 1035/1358/1003 1036/1357/1003 1042/1364/1003
f 1036/1357/1004 1039/1360/1004 1042/1364/1004
f 1043/1367/1005 1046/1368/1005 1048/1369/1005 1047/1370/1005
f 1046/1368/1006 1050/1371/1006 1051/1372/1006 1048/1369/1006
f 1044/1373/1007 1049/1374/1007 1051/1372/1007 1050/1371/1007
f 1049/1374/1008 1053/1375/1008 1054/1376/1008 1051/1372/1008
f 1045/1377/1009 1052/1378/1009 1054/1376/1009 1053/1375/1009
f 1052/1378/1010 1047/1370/1010 1048/1369/1010 1054/1376/1010
f 1048/1369/1011 1051/1372/1011 1054/1376/1011
f 983/1300/1012 959/1264/1012 963/1267/1012 986/1301/1012
f 986/1301/1013 963/1267/1013 968/1280/1013 990/1304/1013
f 990/1309/1014 968/1279/1014 961/1278/1014 984/1306/1014
f 960/1270/1015 971/1282/1015 975/1285/1015 965/1271/1015
f 965/1274/1016 975/1298/1016 980/1297/1016 969/1275/1016
f 969/1275/1017 980/1297/1017 973/1296/1017 961/1278/1017
f 972/1288/1018 995/1316/1018 999/1319/1018 977/1289/1018
f 977/1292/1019 999/1330/1019 1004/1329/1019 981/1293/1019
f 981/1293/1020 1004/1329/1020 997/1328/1020 973/1296/1020
f 996/1324/1021 985/1312/1021 993/1310/1021 1001/1325/1021
f 1001/1325/1022 993/1310/1022 989/1307/1022 1005/1326/1022
f 1005/1326/1023 989/1307/1023 984/1306/1023 997/1328/1023
f 1031/1355/1024 983/1300/1024 987/1303/1024 1034/1356/1024
f 1034/1356/1025 987/1303/1025 992/1314/1025 1038/1359/1025
f 1038/1359/1026 992/1313/1026 985/1312/1026 1032/1361/1026
f 995/1316/1027 1043/1367/1027 1047/1370/1027 998/1317/1027
f 998/1320/1028 1047/1370/1028 1052/1378/1028 1002/1321/1028
f 1002/1321/1029 1052/1378/1029 1045/1377/1029 996/1324/1029
f 1044/1373/1030 1033/1365/1030 1041/1363/1030 1049/1374/1030
f 1049/1374/1031 1041/1363/1031 1037/1362/1031 1053/1375/1031
f 1053/1375/1032 1037/1362/1032 1032/1361/1032 1045/1377/1032
f 1007/1331/1033 1031/1355/1033 1035/1358/1033 1010/1332/1033
f 1010/1332/1034 1035/1358/1034 1040/1366/1034 1014/1335/1034
f 1014/1335/1035 1040/1366/1035 1033/1365/1035 1008/1337/1035
f 1043/1367/1036 1019/1343/1036 1023/1346/1036 1046/1368/1036
f 1046/1368/1037 1023/1346/1037 1028/1354/1037 1050/1371/1037
f 1050/1371/1038 1028/1354/1038 1021/1353/1038 1044/1373/1038
f 1020/1349/1039 1009/1341/1039 1017/1339/1039 1025/1350/1039
f 1025/1350/1040 1017/1339/1040 1013/1338/1040 1029/1351/1040
f 1029/1351/1041 1013/1338/1041 1008/1337/1041 1021/1353/1041
f 959/1264/1042 1007/1331/1042 1011/1334/1042 962/1265/1042
f 962/1265/1043 1011/1334/1043 1016/1342/1043 966/1268/1043
f 966/1273/1044 1016/1342/1044 1009/1341/1044 960/1270/1044
f 1019/1343/1045 972/1288/1045 978/1291/1045 1022/1344/1045
f 1022/1344/1046 978/1286/1046 974/1283/1046 1026/1347/1046
f 1026/1347/1047 974/1283/1047 971/1282/1047 1020/1349/1047
f 983/1300/1048 1031/1355/1048 1007/1331/1048 959/1264/1048
f 961/1278/1049 973/1296/1049 997/1328/1049 984/1306/1049
f 1009/1341/1050 1020/1349/1050 971/1282/1050 960/1270/1050
f 1043/1367/1051 995/1316/1051 972/1288/1051 1019/1343/1051
f 985/1312/1052 996/1324/1052 1045/1377/1052 1032/1361/1052
f 1033/1365/1053 1044/1373/1053 1021/1353/1053 1008/1337/1053
o bronze_bow_pin.001
v -0.065000 0.830000 0.325000
v 0.065000 0.830000 0.325000
v -0.065000 0.802500 0.332369
v 0.065000 0.802500 0.332369
v -0.065000 0.782369 0.352500
v 0.065000 0.782369 0.352500
v -0.065000 0.775000 0.380000
v 0.065000 0.775000 0.380000
v -0.065000 0.782369 0.407500
v 0.065000 0.782369 0.407500
v -0.065000 0.802500 0.427631
v 0.065000 0.802500 0.427631
v -0.065000 0.830000 0.435000
v 0.065000 0.830000 0.435000
v -0.065000 0.857500 0.427631
v 0.065000 0.857500 0.427631
v -0.065000 0.877631 0.407500
v 0.065000 0.877631 0.407500
v -0.065000 0.885000 0.380000
v 0.065000 0.885000 0.380000
v -0.065000 0.877631 0.352500
v 0.065000 0.877631 0.352500
v -0.065000 0.857500 0.332369
v 0.065000 0.857500 0.332369
vn -0.6532 -0.0000 -0.7572
vn 0.6532 -0.0000 -0.7572
vn -0.6532 -0.3786 -0.6557
vn 0.6532 -0.3786 -0.6557
vn -0.6532 -0.6557 -0.3786
vn 0.6532 -0.6557 -0.3786
vn -0.6532 -0.7572 -0.0000
vn 0.6532 -0.7572 -0.0000
vn -0.6532 -0.6557 0.3786
vn 0.6532 -0.6557 0.3786
vn -0.6532 -0.3786 0.6557
vn 0.6532 -0.3786 0.6557
vn -0.6532 -0.0000 0.7572
vn 0.6532 -0.0000 0.7572
vn -0.6532 0.3786 0.6557
vn 0.6532 0.3786 0.6557
vn -0.6532 0.6557 0.3786
vn 0.6532 0.6557 0.3786
vn -0.6532 0.7572 -0.0000
vn 0.6532 0.7572 -0.0000
vn -0.6532 0.6557 -0.3786
vn 0.6532 0.6557 -0.3786
vn -0.6532 0.3786 -0.6557
vn 0.6532 0.3786 -0.6557
vt 1.000000 0.500000
vt 1.000000 1.000000
vt 0.916667 1.000000
vt 0.916667 0.500000
vt 0.833333 1.000000
vt 0.833333 0.500000
vt 0.750000 1.000000
vt 0.750000 0.500000
vt 0.666667 1.000000
vt 0.666667 0.500000
vt 0.583333 1.000000
vt 0.583333 0.500000
vt 0.500000 1.000000
vt 0.500000 0.500000
vt 0.416667 1.000000
vt 0.416667 0.500000
vt 0.333333 1.000000
vt 0.333333 0.500000
vt 0.250000 1.000000
vt 0.250000 0.500000
vt 0.166667 1.000000
vt 0.166667 0.500000
vt 0.370000 0.457846
vt 0.250000 0.490000
vt 0.130000 0.457846
vt 0.042154 0.370000
vt 0.010000 0.250000
vt 0.042154 0.130000
vt 0.130000 0.042154
vt 0.250000 0.010000
vt 0.370000 0.042154
vt 0.457846 0.130000
vt 0.490000 0.250000
vt 0.457846 0.370000
vt 0.083333 1.000000
vt 0.083333 0.500000
vt 0.000000 1.000000
vt 0.000000 0.500000
vt 0.750000 0.490000
vt 0.870000 0.457846
vt 0.957846 0.370000
vt 0.990000 0.250000
vt 0.957846 0.130000
vt 0.870000 0.042154
vt 0.750000 0.010000
vt 0.630000 0.042154
vt 0.542154 0.130000
vt 0.510000 0.250000
vt 0.542154 0.370000
vt 0.630000 0.457846
s 1
usemtl WornBronze
f 1055/1379/1054 1056/1380/1055 1058/1381/1057 1057/1382/1056
f 1057/1382/1056 1058/1381/1057 1060/1383/1059 1059/1384/1058
f 1059/1384/1058 1060/1383/1059 1062/1385/1061 1061/1386/1060
f 1061/1386/1060 1062/1385/1061 1064/1387/1063 1063/1388/1062
f 1063/1388/1062 1064/1387/1063 1066/1389/1065 1065/1390/1064
f 1065/1390/1064 1066/1389/1065 1068/1391/1067 1067/1392/1066
f 1067/1392/1066 1068/1391/1067 1070/1393/1069 1069/1394/1068
f 1069/1394/1068 1070/1393/1069 1072/1395/1071 1071/1396/1070
f 1071/1396/1070 1072/1395/1071 1074/1397/1073 1073/1398/1072
f 1073/1398/1072 1074/1397/1073 1076/1399/1075 1075/1400/1074
f 1058/1401/1057 1056/1402/1055 1078/1403/1077 1076/1404/1075 1074/1405/1073 1072/1406/1071 1070/1407/1069 1068/1408/1067 1066/1409/1065 1064/1410/1063 1062/1411/1061 1060/1412/1059
f 1075/1400/1074 1076/1399/1075 1078/1413/1077 1077/1414/1076
f 1077/1414/1076 1078/1413/1077 1056/1415/1055 1055/1416/1054
f 1055/1417/1054 1057/1418/1056 1059/1419/1058 1061/1420/1060 1063/1421/1062 1065/1422/1064 1067/1423/1066 1069/1424/1068 1071/1425/1070 1073/1426/1072 1075/1427/1074 1077/1428/1076
o iron_bolt.001
v 0.000000 0.942000 0.550000
v 0.000000 0.942000 1.270000
v 0.016000 0.937713 0.550000
v 0.016000 0.937713 1.270000
v 0.027713 0.926000 0.550000
v 0.027713 0.926000 1.270000
v 0.032000 0.910000 0.550000
v 0.032000 0.910000 1.270000
v 0.027713 0.894000 0.550000
v 0.027713 0.894000 1.270000
v 0.016000 0.882287 0.550000
v 0.016000 0.882287 1.270000
v 0.000000 0.878000 0.550000
v 0.000000 0.878000 1.270000
v -0.016000 0.882287 0.550000
v -0.016000 0.882287 1.270000
v -0.027713 0.894000 0.550000
v -0.027713 0.894000 1.270000
v -0.032000 0.910000 0.550000
v -0.032000 0.910000 1.270000
v -0.027713 0.926000 0.550000
v -0.027713 0.926000 1.270000
v -0.016000 0.937713 0.550000
v -0.016000 0.937713 1.270000
vn -0.0000 0.7572 -0.6532
vn -0.0000 0.7572 0.6532
vn 0.3786 0.6557 -0.6532
vn 0.3786 0.6557 0.6532
vn 0.6557 0.3786 -0.6532
vn 0.6557 0.3786 0.6532
vn 0.7572 -0.0000 -0.6532
vn 0.7572 -0.0000 0.6532
vn 0.6557 -0.3786 -0.6532
vn 0.6557 -0.3786 0.6532
vn 0.3786 -0.6557 -0.6532
vn 0.3786 -0.6557 0.6532
vn -0.0000 -0.7572 -0.6532
vn -0.0000 -0.7572 0.6532
vn -0.3786 -0.6557 -0.6532
vn -0.3786 -0.6557 0.6532
vn -0.6557 -0.3786 -0.6532
vn -0.6557 -0.3786 0.6532
vn -0.7572 -0.0000 -0.6532
vn -0.7572 -0.0000 0.6532
vn -0.6557 0.3786 -0.6532
vn -0.6557 0.3786 0.6532
vn -0.3786 0.6557 -0.6532
vn -0.3786 0.6557 0.6532
vt 1.000000 0.500000
vt 1.000000 1.000000
vt 0.916667 1.000000
vt 0.916667 0.500000
vt 0.833333 1.000000
vt 0.833333 0.500000
vt 0.750000 1.000000
vt 0.750000 0.500000
vt 0.666667 1.000000
vt 0.666667 0.500000
vt 0.583333 1.000000
vt 0.583333 0.500000
vt 0.500000 1.000000
vt 0.500000 0.500000
vt 0.416667 1.000000
vt 0.416667 0.500000
vt 0.333333 1.000000
vt 0.333333 0.500000
vt 0.250000 1.000000
vt 0.250000 0.500000
vt 0.166667 1.000000
vt 0.166667 0.500000
vt 0.370000 0.457846
vt 0.250000 0.490000
vt 0.130000 0.457846
vt 0.042154 0.370000
vt 0.010000 0.250000
vt 0.042154 0.130000
vt 0.130000 0.042154
vt 0.250000 0.010000
vt 0.370000 0.042154
vt 0.457846 0.130000
vt 0.490000 0.250000
vt 0.457846 0.370000
vt 0.083333 1.000000
vt 0.083333 0.500000
vt 0.000000 1.000000
vt 0.000000 0.500000
vt 0.750000 0.490000
vt 0.870000 0.457846
vt 0.957846 0.370000
vt 0.990000 0.250000
vt 0.957846 0.130000
vt 0.870000 0.042154
vt 0.750000 0.010000
vt 0.630000 0.042154
vt 0.542154 0.130000
vt 0.510000 0.250000
vt 0.542154 0.370000
vt 0.630000 0.457846
s 1
usemtl BlackIron
f 1079/1429/1078 1080/1430/1079 1082/1431/1081 1081/1432/1080
f 1081/1432/1080 1082/1431/1081 1084/1433/1083 1083/1434/1082
f 1083/1434/1082 1084/1433/1083 1086/1435/1085 1085/1436/1084
f 1085/1436/1084 1086/1435/1085 1088/1437/1087 1087/1438/1086
f 1087/1438/1086 1088/1437/1087 1090/1439/1089 1089/1440/1088
f 1089/1440/1088 1090/1439/1089 1092/1441/1091 1091/1442/1090
f 1091/1442/1090 1092/1441/1091 1094/1443/1093 1093/1444/1092
f 1093/1444/1092 1094/1443/1093 1096/1445/1095 1095/1446/1094
f 1095/1446/1094 1096/1445/1095 1098/1447/1097 1097/1448/1096
f 1097/1448/1096 1098/1447/1097 1100/1449/1099 1099/1450/1098
f 1082/1451/1081 1080/1452/1079 1102/1453/1101 1100/1454/1099 1098/1455/1097 1096/1456/1095 1094/1457/1093 1092/1458/1091 1090/1459/1089 1088/1460/1087 1086/1461/1085 1084/1462/1083
f 1099/1450/1098 1100/1449/1099 1102/1463/1101 1101/1464/1100
f 1101/1464/1100 1102/1463/1101 1080/1465/1079 1079/1466/1078
f 1079/1467/1078 1081/1468/1080 1083/1469/1082 1085/1470/1084 1087/1471/1086 1089/1472/1088 1091/1473/1090 1093/1474/1092 1095/1475/1094 1097/1476/1096 1099/1477/1098 1101/1478/1100
o bolt_head.001
v 0.000000 0.985000 1.200000
v 0.000000 0.922000 1.380000
v 0.058637 0.956762 1.200000
v 0.009382 0.917482 1.380000
v 0.073120 0.893311 1.200000
v 0.011699 0.907330 1.380000
v 0.032541 0.842427 1.200000
v 0.005207 0.899188 1.380000
v -0.032541 0.842427 1.200000
v -0.005207 0.899188 1.380000
v -0.073120 0.893311 1.200000
v -0.011699 0.907330 1.380000
v -0.058637 0.956762 1.200000
v -0.009382 0.917482 1.380000
vn 0.4138 0.8593 0.3007
vn 0.9298 0.2122 0.3007
vn 0.7456 -0.5946 0.3007
vn -0.0000 -0.9537 0.3007
vn -0.7456 -0.5946 0.3007
vn -0.0000 -0.0000 1.0000
vn -0.9298 0.2122 0.3007
vn -0.4138 0.8593 0.3007
vn -0.0000 -0.0000 -1.0000
vt 1.000000 0.500000
vt 1.000000 1.000000
vt 0.857143 1.000000
vt 0.857143 0.500000
vt 0.714286 1.000000
vt 0.714286 0.500000
vt 0.571429 1.000000
vt 0.571429 0.500000
vt 0.428571 1.000000
vt 0.428571 0.500000
vt 0.285714 1.000000
vt 0.285714 0.500000
vt 0.437640 0.399638
vt 0.250000 0.490000
vt 0.062360 0.399638
vt 0.016017 0.196595
vt 0.145868 0.033767
vt 0.354132 0.033767
vt 0.483983 0.196595
vt 0.142857 1.000000
vt 0.142857 0.500000
vt 0.000000 1.000000
vt 0.000000 0.500000
vt 0.750000 0.490000
vt 0.937640 0.399638
vt 0.983983 0.196595
vt 0.854132 0.033767
vt 0.645868 0.033767
vt 0.516017 0.196595
vt 0.562360 0.399638
s 0
usemtl PlateEdge
f 1103/1479/1102 1104/1480/1102 1106/1481/1102 1105/1482/1102
f 1105/1482/1103 1106/1481/1103 1108/1483/1103 1107/1484/1103
f 1107/1484/1104 1108/1483/1104 1110/1485/1104 1109/1486/1104
f 1109/1486/1105 1110/1485/1105 1112/1487/1105 1111/1488/1105
f 1111/1488/1106 1112/1487/1106 1114/1489/1106 1113/1490/1106
f 1106/1491/1107 1104/1492/1107 1116/1493/1107 1114/1494/1107 1112/1495/1107 1110/1496/1107 1108/1497/1107
f 1113/1490/1108 1114/1489/1108 1116/1498/1108 1115/1499/1108
f 1115/1499/1109 1116/1498/1109 1104/1500/1109 1103/1501/1109
f 1103/1502/1110 1105/1503/1110 1107/1504/1110 1109/1505/1110 1111/1506/1110 1113/1507/1110 1115/1508/1110
o volley_bow_stock.002
v 0.292000 0.710000 0.698000
v 0.292000 0.742000 0.730000
v 0.260000 0.742000 0.698000
v 0.292000 0.714275 0.713979
v 0.276021 0.714275 0.698000
v 0.276697 0.718428 0.713303
v 0.276021 0.742000 0.725725
v 0.292000 0.726021 0.725725
v 0.276697 0.726697 0.721572
v 0.264275 0.726021 0.698000
v 0.264275 0.742000 0.713979
v 0.268428 0.726697 0.713303
v 0.292000 0.818000 0.730000
v 0.292000 0.850000 0.698000
v 0.260000 0.818000 0.698000
v 0.292000 0.833979 0.725725
v 0.276021 0.818000 0.725725
v 0.276697 0.833303 0.721572
v 0.276021 0.845725 0.698000
v 0.292000 0.845725 0.713979
v 0.276697 0.841572 0.713303
v 0.264275 0.818000 0.713979
v 0.264275 0.833979 0.698000
v 0.268428 0.833303 0.713303
v 0.292000 0.710000 -0.298000
v 0.260000 0.742000 -0.298000
v 0.292000 0.742000 -0.330000
v 0.276021 0.714275 -0.298000
v 0.292000 0.714275 -0.313979
v 0.276697 0.718428 -0.313303
v 0.264275 0.742000 -0.313979
v 0.264275 0.726021 -0.298000
v 0.268428 0.726697 -0.313303
v 0.292000 0.726021 -0.325725
v 0.276021 0.742000 -0.325725
v 0.276697 0.726697 -0.321572
v 0.292000 0.850000 -0.298000
v 0.292000 0.818000 -0.330000
v 0.260000 0.818000 -0.298000
v 0.292000 0.845725 -0.313979
v 0.276021 0.845725 -0.298000
v 0.276697 0.841572 -0.313303
v 0.276021 0.818000 -0.325725
v 0.292000 0.833979 -0.325725
v 0.276697 0.833303 -0.321572
v 0.264275 0.833979 -0.298000
v 0.264275 0.818000 -0.313979
v 0.268428 0.833303 -0.313303
v 0.388000 0.710000 0.698000
v 0.420000 0.742000 0.698000
v 0.388000 0.742000 0.730000
v 0.403979 0.714275 0.698000
v 0.388000 0.714275 0.713979
v 0.403303 0.718428 0.713303
v 0.415725 0.742000 0.713979
v 0.415725 0.726021 0.698000
v 0.411572 0.726697 0.713303
v 0.388000 0.726021 0.725725
v 0.403979 0.742000 0.725725
v 0.403303 0.726697 0.721572
v 0.388000 0.850000 0.698000
v 0.388000 0.818000 0.730000
v 0.420000 0.818000 0.698000
v 0.388000 0.845725 0.713979
v 0.403979 0.845725 0.698000
v 0.403303 0.841572 0.713303
v 0.403979 0.818000 0.725725
v 0.388000 0.833979 0.725725
v 0.403303 0.833303 0.721572
v 0.415725 0.833979 0.698000
v 0.415725 0.818000 0.713979
v 0.411572 0.833303 0.713303
v 0.388000 0.710000 -0.298000
v 0.388000 0.742000 -0.330000
v 0.420000 0.742000 -0.298000
v 0.388000 0.714275 -0.313979
v 0.403979 0.714275 -0.298000
v 0.403303 0.718428 -0.313303
v 0.403979 0.742000 -0.325725
v 0.388000 0.726021 -0.325725
v 0.403303 0.726697 -0.321572
v 0.415725 0.726021 -0.298000
v 0.415725 0.742000 -0.313979
v 0.411572 0.726697 -0.313303
v 0.388000 0.850000 -0.298000
v 0.420000 0.818000 -0.298000
v 0.388000 0.818000 -0.330000
v 0.403979 0.845725 -0.298000
v 0.388000 0.845725 -0.313979
v 0.403303 0.841572 -0.313303
v 0.415725 0.818000 -0.313979
v 0.415725 0.833979 -0.298000
v 0.411572 0.833303 -0.313303
v 0.388000 0.833979 -0.325725
v 0.403979 0.818000 -0.325725
v 0.403303 0.833303 -0.321572
vn -0.2566 -0.9318 0.2566
vn -0.2178 -0.6901 0.6901
vn -0.2566 -0.2566 0.9318
vn -0.6901 -0.2178 0.6901
vn -0.9318 -0.2566 0.2566
vn -0.6901 -0.6901 0.2178
vn -0.5774 -0.5773 0.5773
vn -0.2566 0.2566 0.9318
vn -0.2178 0.6901 0.6901
vn -0.2566 0.9318 0.2566
vn -0.6901 0.6901 0.2178
vn -0.9318 0.2566 0.2566
vn -0.6901 0.2178 0.6901
vn -0.5774 0.5774 0.5773
vn -0.2566 -0.9318 -0.2566
vn -0.6901 -0.6901 -0.2178
vn -0.9318 -0.2566 -0.2566
vn -0.6901 -0.2178 -0.6901
vn -0.2566 -0.2566 -0.9318
vn -0.2178 -0.6901 -0.6901
vn -0.5774 -0.5773 -0.5774
vn -0.2566 0.9318 -0.2566
vn -0.2178 0.6901 -0.6901
vn -0.2566 0.2566 -0.9318
vn -0.6901 0.2178 -0.6901
vn -0.9318 0.2566 -0.2566
vn -0.6901 0.6901 -0.2178
vn -0.5774 0.5773 -0.5773
vn 0.2566 -0.9318 0.2566
vn 0.6901 -0.6901 0.2178
vn 0.9318 -0.2566 0.2566
vn 0.6901 -0.2178 0.6901
vn 0.2566 -0.2566 0.9318
vn 0.2178 -0.6901 0.6901
vn 0.5774 -0.5773 0.5774
vn 0.2566 0.9318 0.2566
vn 0.2178 0.6901 0.6901
vn 0.2566 0.2566 0.9318
vn 0.6901 0.2178 0.6901
vn 0.9318 0.2566 0.2566
vn 0.6901 0.6901 0.2178
vn 0.5774 0.5773 0.5773
vn 0.2566 -0.9318 -0.2566
vn 0.2178 -0.6901 -0.6901
vn 0.2566 -0.2566 -0.9318
vn 0.6901 -0.2178 -0.6901
vn 0.9318 -0.2566 -0.2566
vn 0.6901 -0.6901 -0.2178
vn 0.5774 -0.5773 -0.5773
vn 0.2566 0.9318 -0.2566
vn 0.6901 0.6901 -0.2178
vn 0.9318 0.2566 -0.2566
vn 0.6901 0.2178 -0.6901
vn 0.2566 0.2566 -0.9318
vn 0.2178 0.6901 -0.6901
vn 0.5774 0.5773 -0.5774
vn -0.2585 -0.9660 -0.0000
vn -0.7071 -0.7071 -0.0000
vn -0.9660 -0.2585 -0.0000
vn -0.2585 -0.0000 0.9660
vn -0.7071 -0.0000 0.7071
vn -0.9660 -0.0000 0.2585
vn -0.2585 0.9660 -0.0000
vn -0.7071 0.7071 -0.0000
vn -0.9660 0.2585 -0.0000
vn -0.2585 -0.0000 -0.9660
vn -0.7071 -0.0000 -0.7071
vn -0.9660 -0.0000 -0.2585
vn -0.0000 -0.9660 -0.2585
vn -0.0000 -0.7071 -0.7071
vn -0.0000 -0.2585 -0.9660
vn -0.0000 0.9660 -0.2585
vn -0.0000 0.7071 -0.7071
vn -0.0000 0.2585 -0.9660
vn 0.9660 -0.0000 -0.2585
vn 0.7071 -0.0000 -0.7071
vn 0.2585 -0.0000 -0.9660
vn 0.2585 -0.9660 -0.0000
vn 0.7071 -0.7071 -0.0000
vn 0.9660 -0.2585 -0.0000
vn 0.2585 0.9660 -0.0000
vn 0.7071 0.7071 -0.0000
vn 0.9660 0.2585 -0.0000
vn 0.2585 -0.0000 0.9660
vn 0.7071 -0.0000 0.7071
vn 0.9660 -0.0000 0.2585
vn -0.0000 -0.9660 0.2585
vn -0.0000 -0.7071 0.7071
vn -0.0000 -0.2585 0.9660
vn -0.0000 0.9660 0.2585
vn -0.0000 0.7071 0.7071
vn -0.0000 0.2585 0.9660
vn -0.0000 -1.0000 -0.0000
vn -1.0000 -0.0000 -0.0000
vn -0.0000 -0.0000 1.0000
vn -0.0000 1.0000 -0.0000
vn -0.0000 -0.0000 -1.0000
vn 1.0000 -0.0000 -0.0000
vt 0.175000 0.742453
vt 0.175000 0.746221
vt 0.151089 0.746062
vt 0.150033 0.742453
vt 0.175000 0.750000
vt 0.151089 0.750000
vt 0.432143 0.950000
vt 0.432143 1.000000
vt 0.375000 0.973911
vt 0.375000 0.950000
vt 0.432143 0.000000
vt 0.432143 0.003779
vt 0.375000 0.003938
vt 0.375000 0.000000
vt 0.432143 0.007547
vt 0.375000 0.007547
vt 0.125000 0.742453
vt 0.125000 0.746062
vt 0.567857 0.950000
vt 0.596391 0.950000
vt 0.595183 1.000000
vt 0.567857 1.000000
vt 0.625000 0.950000
vt 0.625000 1.000000
vt 0.825000 0.742453
vt 0.875000 0.742453
vt 0.875000 0.746062
vt 0.825000 0.750000
vt 0.625000 0.007547
vt 0.596391 0.007547
vt 0.595184 0.003938
vt 0.625000 0.003938
vt 0.567857 0.007547
vt 0.567857 0.003779
vt 0.567857 0.000000
vt 0.595183 0.000000
vt 0.175000 0.507547
vt 0.150033 0.507547
vt 0.151089 0.503938
vt 0.175000 0.503779
vt 0.125000 0.507547
vt 0.125000 0.503938
vt 0.432143 0.242453
vt 0.432143 0.246221
vt 0.375000 0.246062
vt 0.375000 0.242453
vt 0.432143 0.275033
vt 0.375000 0.276089
vt 0.432143 0.300000
vt 0.375000 0.300000
vt 0.175000 0.500000
vt 0.151089 0.500000
vt 0.825000 0.507547
vt 0.825000 0.500000
vt 0.875000 0.503938
vt 0.875000 0.507547
vt 0.625000 0.300000
vt 0.596391 0.300000
vt 0.595183 0.273917
vt 0.625000 0.247799
vt 0.567857 0.300000
vt 0.567857 0.275033
vt 0.567857 0.246221
vt 0.595183 0.246062
vt 0.567857 0.242453
vt 0.596391 0.242453
vt 0.625000 0.242453
vt 0.325000 0.742453
vt 0.349967 0.742453
vt 0.348911 0.746062
vt 0.325000 0.746221
vt 0.403609 0.742453
vt 0.401491 0.746062
vt 0.432143 0.742453
vt 0.432143 0.746222
vt 0.432143 0.775033
vt 0.365418 0.766507
vt 0.432143 0.800000
vt 0.350230 0.775230
vt 0.675000 0.742453
vt 0.650230 0.774770
vt 0.641507 0.759582
vt 0.650033 0.742453
vt 0.596391 0.800000
vt 0.595183 0.776089
vt 0.567857 0.800000
vt 0.567857 0.775033
vt 0.567857 0.746222
vt 0.595183 0.747386
vt 0.567857 0.742453
vt 0.596391 0.742453
vt 0.325000 0.507547
vt 0.325000 0.503779
vt 0.348911 0.503938
vt 0.349967 0.507547
vt 0.350230 0.474770
vt 0.365418 0.483493
vt 0.432143 0.450000
vt 0.432143 0.474967
vt 0.432143 0.503779
vt 0.401491 0.503938
vt 0.432143 0.507547
vt 0.403609 0.507547
vt 0.675000 0.507547
vt 0.650033 0.507547
vt 0.641507 0.490418
vt 0.650230 0.475230
vt 0.596391 0.507547
vt 0.595183 0.502614
vt 0.567857 0.507547
vt 0.567857 0.503779
vt 0.567857 0.474967
vt 0.595184 0.473911
vt 0.567857 0.450000
vt 0.596391 0.450000
s 0
usemtl OiledOak
f 1117/1509/1111 1120/1510/1111 1122/1511/1111 1121/1512/1111
f 1120/1510/1112 1124/1513/1112 1125/1514/1112 1122/1511/1112
f 1118/1515/1113 1123/1516/1113 1125/1517/1113 1124/1518/1113
f 1123/1519/1114 1127/1520/1114 1128/1521/1114 1125/1522/1114
f 1119/1523/1115 1126/1524/1115 1128/1521/1115 1127/1520/1115
f 1126/1525/1116 1121/1512/1116 1122/1511/1116 1128/1526/1116
f 1122/1511/1117 1125/1514/1117 1128/1526/1117
f 1129/1527/1118 1132/1528/1118 1134/1529/1118 1133/1530/1118
f 1132/1528/1119 1136/1531/1119 1137/1532/1119 1134/1529/1119
f 1130/1533/1120 1135/1534/1120 1137/1535/1120 1136/1536/1120
f 1135/1537/1121 1139/1538/1121 1140/1539/1121 1137/1540/1121
f 1131/1541/1122 1138/1542/1122 1140/1539/1122 1139/1538/1122
f 1138/1542/1123 1133/1543/1123 1134/1544/1123 1140/1539/1123
f 1134/1544/1124 1137/1540/1124 1140/1539/1124
f 1141/1545/1125 1144/1546/1125 1146/1547/1125 1145/1548/1125
f 1144/1546/1126 1148/1549/1126 1149/1550/1126 1146/1547/1126
f 1142/1551/1127 1147/1552/1127 1149/1553/1127 1148/1554/1127
f 1147/1552/1128 1151/1555/1128 1152/1556/1128 1149/1553/1128
f 1143/1557/1129 1150/1558/1129 1152/1556/1129 1151/1555/1129
f 1150/1559/1130 1145/1548/1130 1146/1547/1130 1152/1560/1130
f 1146/1547/1131 1149/1550/1131 1152/1560/1131
f 1153/1561/1132 1156/1562/1132 1158/1563/1132 1157/1564/1132
f 1156/1565/1133 1160/1566/1133 1161/1567/1133 1158/1568/1133
f 1154/1569/1134 1159/1570/1134 1161/1567/1134 1160/1566/1134
f 1159/1570/1135 1163/1571/1135 1164/1572/1135 1161/1567/1135
f 1155/1573/1136 1162/1574/1136 1164/1572/1136 1163/1571/1136
f 1162/1574/1137 1157/1575/1137 1158/1568/1137 1164/1572/1137
f 1158/1568/1138 1161/1567/1138 1164/1572/1138
f 1165/1576/1139 1168/1577/1139 1170/1578/1139 1169/1579/1139
f 1168/1577/1140 1172/1580/1140 1173/1581/1140 1170/1578/1140
f 1166/1582/1141 1171/1583/1141 1173/1581/1141 1172/1580/1141
f 1171/1583/1142 1175/1584/1142 1176/1585/1142 1173/1581/1142
f 1167/1586/1143 1174/1587/1143 1176/1585/1143 1175/1584/1143
f 1174/1587/1144 1169/1579/1144 1170/1578/1144 1176/1585/1144
f 1170/1578/1145 1173/1581/1145 1176/1585/1145
f 1177/1588/1146 1180/1589/1146 1182/1590/1146 1181/1591/1146
f 1180/1589/1147 1184/1592/1147 1185/1593/1147 1182/1590/1147
f 1178/1594/1148 1183/1595/1148 1185/1593/1148 1184/1592/1148
f 1183/1595/1149 1187/1596/1149 1188/1597/1149 1185/1593/1149
f 1179/1598/1150 1186/1599/1150 1188/1597/1150 1187/1596/1150
f 1186/1599/1151 1181/1591/1151 1182/1590/1151 1188/1597/1151
f 1182/1590/1152 1185/1593/1152 1188/1597/1152
f 1189/1600/1153 1192/1601/1153 1194/1602/1153 1193/1603/1153
f 1192/1601/1154 1196/1604/1154 1197/1605/1154 1194/1602/1154
f 1190/1606/1155 1195/1607/1155 1197/1605/1155 1196/1604/1155
f 1195/1607/1156 1199/1608/1156 1200/1609/1156 1197/1605/1156
f 1191/1610/1157 1198/1611/1157 1200/1609/1157 1199/1608/1157
f 1198/1611/1158 1193/1603/1158 1194/1602/1158 1200/1609/1158
f 1194/1602/1159 1197/1605/1159 1200/1609/1159
f 1201/1612/1160 1204/1613/1160 1206/1614/1160 1205/1615/1160
f 1204/1613/1161 1208/1616/1161 1209/1617/1161 1206/1614/1161
f 1202/1618/1162 1207/1619/1162 1209/1617/1162 1208/1616/1162
f 1207/1619/1163 1211/1620/1163 1212/1621/1163 1209/1617/1163
f 1203/1622/1164 1210/1623/1164 1212/1621/1164 1211/1620/1164
f 1210/1623/1165 1205/1615/1165 1206/1614/1165 1212/1621/1165
f 1206/1614/1166 1209/1617/1166 1212/1621/1166
f 1141/1545/1167 1117/1509/1167 1121/1512/1167 1144/1546/1167
f 1144/1546/1168 1121/1512/1168 1126/1525/1168 1148/1549/1168
f 1148/1554/1169 1126/1524/1169 1119/1523/1169 1142/1551/1169
f 1118/1515/1170 1129/1527/1170 1133/1530/1170 1123/1516/1170
f 1123/1519/1171 1133/1543/1171 1138/1542/1171 1127/1520/1171
f 1127/1520/1172 1138/1542/1172 1131/1541/1172 1119/1523/1172
f 1130/1533/1173 1153/1561/1173 1157/1564/1173 1135/1534/1173
f 1135/1537/1174 1157/1575/1174 1162/1574/1174 1139/1538/1174
f 1139/1538/1175 1162/1574/1175 1155/1573/1175 1131/1541/1175
f 1154/1569/1176 1143/1557/1176 1151/1555/1176 1159/1570/1176
f 1159/1570/1177 1151/1555/1177 1147/1552/1177 1163/1571/1177
f 1163/1571/1178 1147/1552/1178 1142/1551/1178 1155/1573/1178
f 1189/1600/1179 1141/1545/1179 1145/1548/1179 1192/1601/1179
f 1192/1601/1180 1145/1548/1180 1150/1559/1180 1196/1604/1180
f 1196/1604/1181 1150/1558/1181 1143/1557/1181 1190/1606/1181
f 1153/1561/1182 1201/1612/1182 1205/1615/1182 1156/1562/1182
f 1156/1565/1183 1205/1615/1183 1210/1623/1183 1160/1566/1183
f 1160/1566/1184 1210/1623/1184 1203/1622/1184 1154/1569/1184
f 1202/1618/1185 1191/1610/1185 1199/1608/1185 1207/1619/1185
f 1207/1619/1186 1199/1608/1186 1195/1607/1186 1211/1620/1186
f 1211/1620/1187 1195/1607/1187 1190/1606/1187 1203/1622/1187
f 1165/1576/1188 1189/1600/1188 1193/1603/1188 1168/1577/1188
f 1168/1577/1189 1193/1603/1189 1198/1611/1189 1172/1580/1189
f 1172/1580/1190 1198/1611/1190 1191/1610/1190 1166/1582/1190
f 1201/1612/1191 1177/1588/1191 1181/1591/1191 1204/1613/1191
f 1204/1613/1192 1181/1591/1192 1186/1599/1192 1208/1616/1192
f 1208/1616/1193 1186/1599/1193 1179/1598/1193 1202/1618/1193
f 1178/1594/1194 1167/1586/1194 1175/1584/1194 1183/1595/1194
f 1183/1595/1195 1175/1584/1195 1171/1583/1195 1187/1596/1195
f 1187/1596/1196 1171/1583/1196 1166/1582/1196 1179/1598/1196
f 1117/1509/1197 1165/1576/1197 1169/1579/1197 1120/1510/1197
f 1120/1510/1198 1169/1579/1198 1174/1587/1198 1124/1513/1198
f 1124/1518/1199 1174/1587/1199 1167/1586/1199 1118/1515/1199
f 1177/1588/1200 1130/1533/1200 1136/1536/1200 1180/1589/1200
f 1180/1589/1201 1136/1531/1201 1132/1528/1201 1184/1592/1201
f 1184/1592/1202 1132/1528/1202 1129/1527/1202 1178/1594/1202
f 1141/1545/1203 1189/1600/1203 1165/1576/1203 1117/1509/1203
f 1119/1523/1204 1131/1541/1204 1155/1573/1204 1142/1551/1204
f 1167/1586/1205 1178/1594/1205 1129/1527/1205 1118/1515/1205
f 1201/1612/1206 1153/1561/1206 1130/1533/1206 1177/1588/1206
f 1143/1557/1207 1154/1569/1207 1203/1622/1207 1190/1606/1207
f 1191/1610/1208 1202/1618/1208 1179/1598/1208 1166/1582/1208
o volley_iron_guide.002
v 0.320500 0.875000 0.792000
v 0.320500 0.893000 0.810000
v 0.302500 0.893000 0.792000
v 0.320500 0.877405 0.800988
v 0.311512 0.877405 0.792000
v 0.311892 0.879741 0.800608
v 0.311512 0.893000 0.807595
v 0.320500 0.884012 0.807595
v 0.311892 0.884392 0.805259
v 0.304905 0.884012 0.792000
v 0.304905 0.893000 0.800988
v 0.307241 0.884392 0.800608
v 0.320500 0.927000 0.810000
v 0.320500 0.945000 0.792000
v 0.302500 0.927000 0.792000
v 0.320500 0.935988 0.807595
v 0.311512 0.927000 0.807595
v 0.311892 0.935608 0.805259
v 0.311512 0.942595 0.792000
v 0.320500 0.942595 0.800988
v 0.311892 0.940259 0.800608
v 0.304905 0.927000 0.800988
v 0.304905 0.935988 0.792000
v 0.307241 0.935608 0.800608
v 0.320500 0.875000 0.228000
v 0.302500 0.893000 0.228000
v 0.320500 0.893000 0.210000
v 0.311512 0.877405 0.228000
v 0.320500 0.877405 0.219012
v 0.311892 0.879741 0.219392
v 0.304905 0.893000 0.219012
v 0.304905 0.884012 0.228000
v 0.307241 0.884392 0.219392
v 0.320500 0.884012 0.212405
v 0.311512 0.893000 0.212405
v 0.311892 0.884392 0.214741
v 0.320500 0.945000 0.228000
v 0.320500 0.927000 0.210000
v 0.302500 0.927000 0.228000
v 0.320500 0.942595 0.219012
v 0.311512 0.942595 0.228000
v 0.311892 0.940259 0.219392
v 0.311512 0.927000 0.212405
v 0.320500 0.935988 0.212405
v 0.311892 0.935608 0.214741
v 0.304905 0.935988 0.228000
v 0.304905 0.927000 0.219012
v 0.307241 0.935608 0.219392
v 0.359500 0.875000 0.792000
v 0.377500 0.893000 0.792000
v 0.359500 0.893000 0.810000
v 0.368488 0.877405 0.792000
v 0.359500 0.877405 0.800988
v 0.368108 0.879741 0.800608
v 0.375095 0.893000 0.800988
v 0.375095 0.884012 0.792000
v 0.372759 0.884392 0.800608
v 0.359500 0.884012 0.807595
v 0.368488 0.893000 0.807595
v 0.368108 0.884392 0.805259
v 0.359500 0.945000 0.792000
v 0.359500 0.927000 0.810000
v 0.377500 0.927000 0.792000
v 0.359500 0.942595 0.800988
v 0.368488 0.942595 0.792000
v 0.368108 0.940259 0.800608
v 0.368488 0.927000 0.807595
v 0.359500 0.935988 0.807595
v 0.368108 0.935608 0.805259
v 0.375095 0.935988 0.792000
v 0.375095 0.927000 0.800988
v 0.372759 0.935608 0.800608
v 0.359500 0.875000 0.228000
v 0.359500 0.893000 0.210000
v 0.377500 0.893000 0.228000
v 0.359500 0.877405 0.219012
v 0.368488 0.877405 0.228000
v 0.368108 0.879741 0.219392
v 0.368488 0.893000 0.212405
v 0.359500 0.884012 0.212405
v 0.368108 0.884392 0.214741
v 0.375095 0.884012 0.228000
v 0.375095 0.893000 0.219012
v 0.372759 0.884392 0.219392
v 0.359500 0.945000 0.228000
v 0.377500 0.927000 0.228000
v 0.359500 0.927000 0.210000
v 0.368488 0.942595 0.228000
v 0.359500 0.942595 0.219012
v 0.368108 0.940259 0.219392
v 0.375095 0.927000 0.219012
v 0.375095 0.935988 0.228000
v 0.372759 0.935608 0.219392
v 0.359500 0.935988 0.212405
v 0.368488 0.927000 0.212405
v 0.368108 0.935608 0.214741
vn -0.2566 -0.9318 0.2566
vn -0.2178 -0.6901 0.6901
vn -0.2566 -0.2566 0.9318
vn -0.6901 -0.2178 0.6901
vn -0.9318 -0.2566 0.2566
vn -0.6901 -0.6901 0.2178
vn -0.5774 -0.5773 0.5774
vn -0.2566 0.2566 0.9318
vn -0.2178 0.6901 0.6901
vn -0.2566 0.9318 0.2566
vn -0.6901 0.6901 0.2178
vn -0.9318 0.2566 0.2566
vn -0.6901 0.2178 0.6901
vn -0.5774 0.5773 0.5774
vn -0.2566 -0.9318 -0.2566
vn -0.6901 -0.6901 -0.2178
vn -0.9318 -0.2566 -0.2566
vn -0.6901 -0.2178 -0.6901
vn -0.2566 -0.2566 -0.9318
vn -0.2178 -0.6901 -0.6901
vn -0.5774 -0.5773 -0.5774
vn -0.2566 0.9318 -0.2566
vn -0.2178 0.6901 -0.6901
vn -0.2566 0.2566 -0.9318
vn -0.6901 0.2178 -0.6901
vn -0.9318 0.2566 -0.2566
vn -0.6901 0.6901 -0.2178
vn -0.5774 0.5773 -0.5774
vn 0.2566 -0.9318 0.2566
vn 0.6901 -0.6901 0.2178
vn 0.9318 -0.2566 0.2566
vn 0.6901 -0.2178 0.6901
vn 0.2566 -0.2566 0.9318
vn 0.2178 -0.6901 0.6901
vn 0.5774 -0.5773 0.5774
vn 0.2566 0.9318 0.2566
vn 0.2178 0.6901 0.6901
vn 0.2566 0.2566 0.9318
vn 0.6901 0.2178 0.6901
vn 0.9318 0.2566 0.2566
vn 0.6901 0.6901 0.2178
vn 0.5774 0.5773 0.5774
vn 0.2566 -0.9318 -0.2566
vn 0.2178 -0.6901 -0.6901
vn 0.2566 -0.2566 -0.9318
vn 0.6901 -0.2178 -0.6901
vn 0.9318 -0.2566 -0.2566
vn 0.6901 -0.6901 -0.2178
vn 0.5774 -0.5773 -0.5774
vn 0.2566 0.9318 -0.2566
vn 0.6901 0.6901 -0.2178
vn 0.9318 0.2566 -0.2566
vn 0.6901 0.2178 -0.6901
vn 0.2566 0.2566 -0.9318
vn 0.2178 0.6901 -0.6901
vn 0.5774 0.5773 -0.5774
vn -0.2585 -0.9660 -0.0000
vn -0.7071 -0.7071 -0.0000
vn -0.9660 -0.2585 -0.0000
vn -0.2585 -0.0000 0.9660
vn -0.7071 -0.0000 0.7071
vn -0.9660 -0.0000 0.2585
vn -0.2585 0.9660 -0.0000
vn -0.7071 0.7071 -0.0000
vn -0.9660 0.2585 -0.0000
vn -0.2585 -0.0000 -0.9660
vn -0.7071 -0.0000 -0.7071
vn -0.9660 -0.0000 -0.2585
vn -0.0000 -0.9660 -0.2585
vn -0.0000 -0.7071 -0.7071
vn -0.0000 -0.2584 -0.9660
vn -0.0000 0.9660 -0.2585
vn -0.0000 0.7071 -0.7071
vn -0.0000 0.2584 -0.9660
vn 0.9660 -0.0000 -0.2585
vn 0.7071 -0.0000 -0.7071
vn 0.2585 -0.0000 -0.9660
vn 0.2585 -0.9660 -0.0000
vn 0.7071 -0.7071 -0.0000
vn 0.9660 -0.2585 -0.0000
vn 0.2585 0.9660 -0.0000
vn 0.7071 0.7071 -0.0000
vn 0.9660 0.2585 -0.0000
vn 0.2585 -0.0000 0.9660
vn 0.7071 -0.0000 0.7071
vn 0.9660 -0.0000 0.2585
vn -0.0000 -0.9660 0.2585
vn -0.0000 -0.7071 0.7071
vn -0.0000 -0.2584 0.9660
vn -0.0000 0.9660 0.2585
vn -0.0000 0.7071 0.7071
vn -0.0000 0.2584 0.9660
vn -0.0000 -1.0000 -0.0000
vn -1.0000 -0.0000 -0.0000
vn -0.0000 -0.0000 1.0000
vn -0.0000 1.0000 -0.0000
vn -0.0000 -0.0000 -1.0000
vn 1.0000 -0.0000 -0.0000
vt 0.185000 0.742500
vt 0.185000 0.746245
vt 0.156307 0.746087
vt 0.155039 0.742500
vt 0.185000 0.750000
vt 0.156307 0.750000
vt 0.439286 0.940000
vt 0.439286 1.000000
vt 0.375000 0.968693
vt 0.375000 0.940000
vt 0.439286 0.000000
vt 0.439286 0.003755
vt 0.375000 0.003913
vt 0.375000 0.000000
vt 0.439286 0.007500
vt 0.375000 0.007500
vt 0.125000 0.742500
vt 0.125000 0.746087
vt 0.560714 0.940000
vt 0.592815 0.940000
vt 0.591456 1.000000
vt 0.560714 1.000000
vt 0.625000 0.940000
vt 0.625000 1.000000
vt 0.815000 0.742500
vt 0.875000 0.742500
vt 0.875000 0.746087
vt 0.815000 0.750000
vt 0.625000 0.007500
vt 0.592815 0.007500
vt 0.591456 0.003913
vt 0.625000 0.003913
vt 0.560714 0.007500
vt 0.560714 0.003755
vt 0.560714 0.000000
vt 0.591456 0.000000
vt 0.185000 0.507500
vt 0.155039 0.507500
vt 0.156307 0.503913
vt 0.185000 0.503755
vt 0.125000 0.507500
vt 0.125000 0.503913
vt 0.439286 0.242500
vt 0.439286 0.246245
vt 0.375000 0.246087
vt 0.375000 0.242500
vt 0.439286 0.280039
vt 0.375000 0.281307
vt 0.439286 0.310000
vt 0.375000 0.310000
vt 0.185000 0.500000
vt 0.156307 0.500000
vt 0.815000 0.507500
vt 0.815000 0.500000
vt 0.875000 0.503913
vt 0.875000 0.507500
vt 0.625000 0.310000
vt 0.592815 0.310000
vt 0.591456 0.278732
vt 0.625000 0.247813
vt 0.560714 0.310000
vt 0.560714 0.280039
vt 0.560714 0.246245
vt 0.591457 0.246087
vt 0.560714 0.242500
vt 0.592815 0.242500
vt 0.625000 0.242500
vt 0.315000 0.742500
vt 0.344961 0.742500
vt 0.343693 0.746087
vt 0.315000 0.746245
vt 0.407185 0.742500
vt 0.404726 0.746087
vt 0.439286 0.742500
vt 0.439286 0.746245
vt 0.439286 0.780039
vt 0.363502 0.769809
vt 0.439286 0.810000
vt 0.345384 0.780384
vt 0.685000 0.742500
vt 0.655384 0.779616
vt 0.644809 0.761498
vt 0.655039 0.742500
vt 0.592815 0.810000
vt 0.591456 0.781307
vt 0.560714 0.810000
vt 0.560714 0.780039
vt 0.560714 0.746245
vt 0.591457 0.747612
vt 0.560714 0.742500
vt 0.592815 0.742500
vt 0.315000 0.507500
vt 0.315000 0.503755
vt 0.343693 0.503913
vt 0.344961 0.507500
vt 0.345384 0.469616
vt 0.363502 0.480191
vt 0.439286 0.440000
vt 0.439286 0.469961
vt 0.439286 0.503755
vt 0.404726 0.503913
vt 0.439286 0.507500
vt 0.407185 0.507500
vt 0.685000 0.507500
vt 0.655039 0.507500
vt 0.644809 0.488502
vt 0.655384 0.470384
vt 0.592815 0.507500
vt 0.591456 0.502388
vt 0.560714 0.507500
vt 0.560714 0.503755
vt 0.560714 0.469961
vt 0.591456 0.468693
vt 0.560714 0.440000
vt 0.592815 0.440000
s 0
usemtl BlackIron
f 1213/1624/1209 1216/1625/1209 1218/1626/1209 1217/1627/1209
f 1216/1625/1210 1220/1628/1210 1221/1629/1210 1218/1626/1210
f 1214/1630/1211 1219/1631/1211 1221/1632/1211 1220/1633/1211
f 1219/1634/1212 1223/1635/1212 1224/1636/1212 1221/1637/1212
f 1215/1638/1213 1222/1639/1213 1224/1636/1213 1223/1635/1213
f 1222/1640/1214 1217/1627/1214 1218/1626/1214 1224/1641/1214
f 1218/1626/1215 1221/1629/1215 1224/1641/1215
f 1225/1642/1216 1228/1643/1216 1230/1644/1216 1229/1645/1216
f 1228/1643/1217 1232/1646/1217 1233/1647/1217 1230/1644/1217
f 1226/1648/1218 1231/1649/1218 1233/1650/1218 1232/1651/1218
f 1231/1652/1219 1235/1653/1219 1236/1654/1219 1233/1655/1219
f 1227/1656/1220 1234/1657/1220 1236/1654/1220 1235/1653/1220
f 1234/1657/1221 1229/1658/1221 1230/1659/1221 1236/1654/1221
f 1230/1659/1222 1233/1655/1222 1236/1654/1222
f 1237/1660/1223 1240/1661/1223 1242/1662/1223 1241/1663/1223
f 1240/1661/1224 1244/1664/1224 1245/1665/1224 1242/1662/1224
f 1238/1666/1225 1243/1667/1225 1245/1668/1225 1244/1669/1225
f 1243/1667/1226 1247/1670/1226 1248/1671/1226 1245/1668/1226
f 1239/1672/1227 1246/1673/1227 1248/1671/1227 1247/1670/1227
f 1246/1674/1228 1241/1663/1228 1242/1662/1228 1248/1675/1228
f 1242/1662/1229 1245/1665/1229 1248/1675/1229
f 1249/1676/1230 1252/1677/1230 1254/1678/1230 1253/1679/1230
f 1252/1680/1231 1256/1681/1231 1257/1682/1231 1254/1683/1231
f 1250/1684/1232 1255/1685/1232 1257/1682/1232 1256/1681/1232
f 1255/1685/1233 1259/1686/1233 1260/1687/1233 1257/1682/1233
f 1251/1688/1234 1258/1689/1234 1260/1687/1234 1259/1686/1234
f 1258/1689/1235 1253/1690/1235 1254/1683/1235 1260/1687/1235
f 1254/1683/1236 1257/1682/1236 1260/1687/1236
f 1261/1691/1237 1264/1692/1237 1266/1693/1237 1265/1694/1237
f 1264/1692/1238 1268/1695/1238 1269/1696/1238 1266/1693/1238
f 1262/1697/1239 1267/1698/1239 1269/1696/1239 1268/1695/1239
f 1267/1698/1240 1271/1699/1240 1272/1700/1240 1269/1696/1240
f 1263/1701/1241 1270/1702/1241 1272/1700/1241 1271/1699/1241
f 1270/1702/1242 1265/1694/1242 1266/1693/1242 1272/1700/1242
f 1266/1693/1243 1269/1696/1243 1272/1700/1243
f 1273/1703/1244 1276/1704/1244 1278/1705/1244 1277/1706/1244
f 1276/1704/1245 1280/1707/1245 1281/1708/1245 1278/1705/1245
f 1274/1709/1246 1279/1710/1246 1281/1708/1246 1280/1707/1246
f 1279/1710/1247 1283/1711/1247 1284/1712/1247 1281/1708/1247
f 1275/1713/1248 1282/1714/1248 1284/1712/1248 1283/1711/1248
f 1282/1714/1249 1277/1706/1249 1278/1705/1249 1284/1712/1249
f 1278/1705/1250 1281/1708/1250 1284/1712/1250
f 1285/1715/1251 1288/1716/1251 1290/1717/1251 1289/1718/1251
f 1288/1716/1252 1292/1719/1252 1293/1720/1252 1290/1717/1252
f 1286/1721/1253 1291/1722/1253 1293/1720/1253 1292/1719/1253
f 1291/1722/1254 1295/1723/1254 1296/1724/1254 1293/1720/1254
f 1287/1725/1255 1294/1726/1255 1296/1724/1255 1295/1723/1255
f 1294/1726/1256 1289/1718/1256 1290/1717/1256 1296/1724/1256
f 1290/1717/1257 1293/1720/1257 1296/1724/1257
f 1297/1727/1258 1300/1728/1258 1302/1729/1258 1301/1730/1258
f 1300/1728/1259 1304/1731/1259 1305/1732/1259 1302/1729/1259
f 1298/1733/1260 1303/1734/1260 1305/1732/1260 1304/1731/1260
f 1303/1734/1261 1307/1735/1261 1308/1736/1261 1305/1732/1261
f 1299/1737/1262 1306/1738/1262 1308/1736/1262 1307/1735/1262
f 1306/1738/1263 1301/1730/1263 1302/1729/1263 1308/1736/1263
f 1302/1729/1264 1305/1732/1264 1308/1736/1264
f 1237/1660/1265 1213/1624/1265 1217/1627/1265 1240/1661/1265
f 1240/1661/1266 1217/1627/1266 1222/1640/1266 1244/1664/1266
f 1244/1669/1267 1222/1639/1267 1215/1638/1267 1238/1666/1267
f 1214/1630/1268 1225/1642/1268 1229/1645/1268 1219/1631/1268
f 1219/1634/1269 1229/1658/1269 1234/1657/1269 1223/1635/1269
f 1223/1635/1270 1234/1657/1270 1227/1656/1270 1215/1638/1270
f 1226/1648/1271 1249/1676/1271 1253/1679/1271 1231/1649/1271
f 1231/1652/1272 1253/1690/1272 1258/1689/1272 1235/1653/1272
f 1235/1653/1273 1258/1689/1273 1251/1688/1273 1227/1656/1273
f 1250/1684/1274 1239/1672/1274 1247/1670/1274 1255/1685/1274
f 1255/1685/1275 1247/1670/1275 1243/1667/1275 1259/1686/1275
f 1259/1686/1276 1243/1667/1276 1238/1666/1276 1251/1688/1276
f 1285/1715/1277 1237/1660/1277 1241/1663/1277 1288/1716/1277
f 1288/1716/1278 1241/1663/1278 1246/1674/1278 1292/1719/1278
f 1292/1719/1279 1246/1673/1279 1239/1672/1279 1286/1721/1279
f 1249/1676/1280 1297/1727/1280 1301/1730/1280 1252/1677/1280
f 1252/1680/1281 1301/1730/1281 1306/1738/1281 1256/1681/1281
f 1256/1681/1282 1306/1738/1282 1299/1737/1282 1250/1684/1282
f 1298/1733/1283 1287/1725/1283 1295/1723/1283 1303/1734/1283
f 1303/1734/1284 1295/1723/1284 1291/1722/1284 1307/1735/1284
f 1307/1735/1285 1291/1722/1285 1286/1721/1285 1299/1737/1285
f 1261/1691/1286 1285/1715/1286 1289/1718/1286 1264/1692/1286
f 1264/1692/1287 1289/1718/1287 1294/1726/1287 1268/1695/1287
f 1268/1695/1288 1294/1726/1288 1287/1725/1288 1262/1697/1288
f 1297/1727/1289 1273/1703/1289 1277/1706/1289 1300/1728/1289
f 1300/1728/1290 1277/1706/1290 1282/1714/1290 1304/1731/1290
f 1304/1731/1291 1282/1714/1291 1275/1713/1291 1298/1733/1291
f 1274/1709/1292 1263/1701/1292 1271/1699/1292 1279/1710/1292
f 1279/1710/1293 1271/1699/1293 1267/1698/1293 1283/1711/1293
f 1283/1711/1294 1267/1698/1294 1262/1697/1294 1275/1713/1294
f 1213/1624/1295 1261/1691/1295 1265/1694/1295 1216/1625/1295
f 1216/1625/1296 1265/1694/1296 1270/1702/1296 1220/1628/1296
f 1220/1633/1297 1270/1702/1297 1263/1701/1297 1214/1630/1297
f 1273/1703/1298 1226/1648/1298 1232/1651/1298 1276/1704/1298
f 1276/1704/1299 1232/1646/1299 1228/1643/1299 1280/1707/1299
f 1280/1707/1300 1228/1643/1300 1225/1642/1300 1274/1709/1300
f 1237/1660/1301 1285/1715/1301 1261/1691/1301 1213/1624/1301
f 1215/1638/1302 1227/1656/1302 1251/1688/1302 1238/1666/1302
f 1263/1701/1303 1274/1709/1303 1225/1642/1303 1214/1630/1303
f 1297/1727/1304 1249/1676/1304 1226/1648/1304 1273/1703/1304
f 1239/1672/1305 1250/1684/1305 1299/1737/1305 1286/1721/1305
f 1287/1725/1306 1298/1733/1306 1275/1713/1306 1262/1697/1306
o volley_bow_limb.002
v 0.160000 0.820000 0.640000
v 0.160000 0.850000 0.670000
v 0.130000 0.850000 0.640000
v 0.160000 0.824008 0.654980
v 0.145020 0.824008 0.640000
v 0.145654 0.827901 0.654346
v 0.145020 0.850000 0.665992
v 0.160000 0.835020 0.665992
v 0.145654 0.835654 0.662099
v 0.134008 0.835020 0.640000
v 0.134008 0.850000 0.654980
v 0.137901 0.835654 0.654346
v 0.160000 0.910000 0.670000
v 0.160000 0.940000 0.640000
v 0.130000 0.910000 0.640000
v 0.160000 0.924980 0.665992
v 0.145020 0.910000 0.665992
v 0.145654 0.924346 0.662099
v 0.145020 0.935992 0.640000
v 0.160000 0.935992 0.654980
v 0.145654 0.932099 0.654346
v 0.134008 0.910000 0.654980
v 0.134008 0.924980 0.640000
v 0.137901 0.924346 0.654346
v 0.160000 0.820000 0.580000
v 0.130000 0.850000 0.580000
v 0.160000 0.850000 0.550000
v 0.145020 0.824008 0.580000
v 0.160000 0.824008 0.565020
v 0.145654 0.827901 0.565654
v 0.134008 0.850000 0.565020
v 0.134008 0.835020 0.580000
v 0.137901 0.835654 0.565654
v 0.160000 0.835020 0.554008
v 0.145020 0.850000 0.554008
v 0.145654 0.835654 0.557901
v 0.160000 0.940000 0.580000
v 0.160000 0.910000 0.550000
v 0.130000 0.910000 0.580000
v 0.160000 0.935992 0.565020
v 0.145020 0.935992 0.580000
v 0.145654 0.932099 0.565654
v 0.145020 0.910000 0.554008
v 0.160000 0.924980 0.554008
v 0.145654 0.924346 0.557901
v 0.134008 0.924980 0.580000
v 0.134008 0.910000 0.565020
v 0.137901 0.924346 0.565654
v 0.520000 0.820000 0.640000
v 0.550000 0.850000 0.640000
v 0.520000 0.850000 0.670000
v 0.534980 0.824008 0.640000
v 0.520000 0.824008 0.654980
v 0.534346 0.827901 0.654346
v 0.545992 0.850000 0.654980
v 0.545992 0.835020 0.640000
v 0.542099 0.835654 0.654346
v 0.520000 0.835020 0.665992
v 0.534980 0.850000 0.665992
v 0.534346 0.835654 0.662099
v 0.520000 0.940000 0.640000
v 0.520000 0.910000 0.670000
v 0.550000 0.910000 0.640000
v 0.520000 0.935992 0.654980
v 0.534980 0.935992 0.640000
v 0.534346 0.932099 0.654346
v 0.534980 0.910000 0.665992
v 0.520000 0.924980 0.665992
v 0.534346 0.924346 0.662099
v 0.545992 0.924980 0.640000
v 0.545992 0.910000 0.654980
v 0.542099 0.924346 0.654346
v 0.520000 0.820000 0.580000
v 0.520000 0.850000 0.550000
v 0.550000 0.850000 0.580000
v 0.520000 0.824008 0.565020
v 0.534980 0.824008 0.580000
v 0.534346 0.827901 0.565654
v 0.534980 0.850000 0.554008
v 0.520000 0.835020 0.554008
v 0.534346 0.835654 0.557901
v 0.545992 0.835020 0.580000
v 0.545992 0.850000 0.565020
v 0.542099 0.835654 0.565654
v 0.520000 0.940000 0.580000
v 0.550000 0.910000 0.580000
v 0.520000 0.910000 0.550000
v 0.534980 0.935992 0.580000
v 0.520000 0.935992 0.565020
v 0.534346 0.932099 0.565654
v 0.545992 0.910000 0.565020
v 0.545992 0.924980 0.580000
v 0.542099 0.924346 0.565654
v 0.520000 0.924980 0.554008
v 0.534980 0.910000 0.554008
v 0.534346 0.924346 0.557901
vn -0.2566 -0.9318 0.2566
vn -0.2178 -0.6901 0.6901
vn -0.2566 -0.2566 0.9318
vn -0.6901 -0.2178 0.6901
vn -0.9318 -0.2566 0.2566
vn -0.6901 -0.6901 0.2178
vn -0.5774 -0.5773 0.5774
vn -0.2566 0.2566 0.9318
vn -0.2178 0.6901 0.6901
vn -0.2566 0.9318 0.2566
vn -0.6901 0.6901 0.2178
vn -0.9318 0.2566 0.2566
vn -0.6901 0.2178 0.6901
vn -0.5774 0.5774 0.5773
vn -0.2566 -0.9318 -0.2566
vn -0.6901 -0.6901 -0.2178
vn -0.9318 -0.2566 -0.2566
vn -0.6901 -0.2178 -0.6901
vn -0.2566 -0.2566 -0.9318
vn -0.2178 -0.6901 -0.6901
vn -0.5774 -0.5773 -0.5774
vn -0.2566 0.9318 -0.2566
vn -0.2178 0.6901 -0.6901
vn -0.2566 0.2566 -0.9318
vn -0.6901 0.2178 -0.6901
vn -0.9318 0.2566 -0.2566
vn -0.6901 0.6901 -0.2178
vn -0.5774 0.5773 -0.5774
vn 0.2566 -0.9318 0.2566
vn 0.6901 -0.6901 0.2178
vn 0.9318 -0.2566 0.2566
vn 0.6901 -0.2178 0.6901
vn 0.2566 -0.2566 0.9318
vn 0.2178 -0.6901 0.6901
vn 0.5774 -0.5773 0.5774
vn 0.2566 0.9318 0.2566
vn 0.2178 0.6901 0.6901
vn 0.2566 0.2566 0.9318
vn 0.6901 0.2178 0.6901
vn 0.9318 0.2566 0.2566
vn 0.6901 0.6901 0.2178
vn 0.5774 0.5773 0.5774
vn 0.2566 -0.9318 -0.2566
vn 0.2178 -0.6901 -0.6901
vn 0.2566 -0.2566 -0.9318
vn 0.6901 -0.2178 -0.6901
vn 0.9318 -0.2566 -0.2566
vn 0.6901 -0.6901 -0.2178
vn 0.5774 -0.5773 -0.5774
vn 0.2566 0.9318 -0.2566
vn 0.6901 0.6901 -0.2178
vn 0.9318 0.2566 -0.2566
vn 0.6901 0.2178 -0.6901
vn 0.2566 0.2566 -0.9318
vn 0.2178 0.6901 -0.6901
vn 0.5774 0.5773 -0.5774
vn -0.2585 -0.9660 -0.0000
vn -0.7071 -0.7071 -0.0000
vn -0.9660 -0.2585 -0.0000
vn -0.2585 -0.0000 0.9660
vn -0.7071 -0.0000 0.7071
vn -0.9660 -0.0000 0.2585
vn -0.2585 0.9660 -0.0000
vn -0.7071 0.7071 -0.0000
vn -0.9660 0.2585 -0.0000
vn -0.2585 -0.0000 -0.9660
vn -0.7071 -0.0000 -0.7071
vn -0.9660 -0.0000 -0.2585
vn -0.0000 -0.9660 -0.2585
vn -0.0000 -0.7071 -0.7071
vn -0.0000 -0.2585 -0.9660
vn -0.0000 0.9660 -0.2585
vn -0.0000 0.7071 -0.7071
vn -0.0000 0.2585 -0.9660
vn 0.9660 -0.0000 -0.2585
vn 0.7071 -0.0000 -0.7071
vn 0.2585 -0.0000 -0.9660
vn 0.2585 -0.9660 -0.0000
vn 0.7071 -0.7071 -0.0000
vn 0.9660 -0.2585 -0.0000
vn 0.2585 0.9660 -0.0000
vn 0.7071 0.7071 -0.0000
vn 0.9660 0.2585 -0.0000
vn 0.2585 -0.0000 0.9660
vn 0.7071 -0.0000 0.7071
vn 0.9660 -0.0000 0.2585
vn -0.0000 -0.9660 0.2585
vn -0.0000 -0.7071 0.7071
vn -0.0000 -0.2585 0.9660
vn -0.0000 0.9660 0.2585
vn -0.0000 0.7071 0.7071
vn -0.0000 0.2585 0.9660
vn -0.0000 -1.0000 -0.0000
vn -1.0000 -0.0000 -0.0000
vn -0.0000 -0.0000 1.0000
vn -0.0000 1.0000 -0.0000
vn -0.0000 -0.0000 -1.0000
vn 1.0000 -0.0000 -0.0000
vt 0.142857 0.687500
vt 0.142857 0.718709
vt 0.134318 0.717388
vt 0.133940 0.687500
vt 0.142857 0.750000
vt 0.134318 0.750000
vt 0.437500 0.982143
vt 0.437500 1.000000
vt 0.375000 0.990682
vt 0.375000 0.982143
vt 0.437500 0.000000
vt 0.437500 0.031291
vt 0.375000 0.032612
vt 0.375000 0.000000
vt 0.437500 0.062500
vt 0.375000 0.062500
vt 0.125000 0.687500
vt 0.125000 0.717388
vt 0.562500 0.982143
vt 0.593709 0.982143
vt 0.592388 1.000000
vt 0.562500 1.000000
vt 0.625000 0.982143
vt 0.625000 1.000000
vt 0.857143 0.687500
vt 0.875000 0.687500
vt 0.875000 0.717388
vt 0.857143 0.750000
vt 0.625000 0.062500
vt 0.593709 0.062500
vt 0.592388 0.032612
vt 0.625000 0.032612
vt 0.562500 0.062500
vt 0.562500 0.031291
vt 0.562500 0.000000
vt 0.592388 0.000000
vt 0.142857 0.562500
vt 0.133940 0.562500
vt 0.134318 0.532612
vt 0.142857 0.531291
vt 0.125000 0.562500
vt 0.125000 0.532612
vt 0.437500 0.187500
vt 0.437500 0.218709
vt 0.375000 0.217388
vt 0.375000 0.187500
vt 0.437500 0.258940
vt 0.375000 0.259318
vt 0.437500 0.267857
vt 0.375000 0.267857
vt 0.142857 0.500000
vt 0.134318 0.500000
vt 0.857143 0.562500
vt 0.857143 0.500000
vt 0.875000 0.532612
vt 0.875000 0.562500
vt 0.625000 0.267857
vt 0.593709 0.267857
vt 0.592388 0.257323
vt 0.625000 0.231774
vt 0.562500 0.267857
vt 0.562500 0.258940
vt 0.562500 0.218709
vt 0.592388 0.217388
vt 0.562500 0.187500
vt 0.593709 0.187500
vt 0.625000 0.187500
vt 0.357143 0.687500
vt 0.366060 0.687500
vt 0.365682 0.717388
vt 0.357143 0.718709
vt 0.406291 0.687500
vt 0.404725 0.717388
vt 0.437500 0.687500
vt 0.437500 0.718709
vt 0.437500 0.758940
vt 0.371578 0.755895
vt 0.437500 0.767857
vt 0.366081 0.758938
vt 0.642857 0.687500
vt 0.633938 0.758919
vt 0.630895 0.753422
vt 0.633940 0.687500
vt 0.593709 0.767857
vt 0.592388 0.759318
vt 0.562500 0.767857
vt 0.562500 0.758940
vt 0.562500 0.718709
vt 0.592388 0.720275
vt 0.562500 0.687500
vt 0.593709 0.687500
vt 0.357143 0.562500
vt 0.357143 0.531291
vt 0.365682 0.532612
vt 0.366060 0.562500
vt 0.366081 0.491062
vt 0.371578 0.494105
vt 0.437500 0.482143
vt 0.437500 0.491060
vt 0.437500 0.531291
vt 0.404725 0.532612
vt 0.437500 0.562500
vt 0.406291 0.562500
vt 0.642857 0.562500
vt 0.633940 0.562500
vt 0.630895 0.496578
vt 0.633938 0.491081
vt 0.593709 0.562500
vt 0.592388 0.529725
vt 0.562500 0.562500
vt 0.562500 0.531291
vt 0.562500 0.491060
vt 0.592388 0.490682
vt 0.562500 0.482143
vt 0.593709 0.482143
s 0
usemtl OiledOak
f 1309/1739/1307 1312/1740/1307 1314/1741/1307 1313/1742/1307
f 1312/1740/1308 1316/1743/1308 1317/1744/1308 1314/1741/1308
f 1310/1745/1309 1315/1746/1309 1317/1747/1309 1316/1748/1309
f 1315/1749/1310 1319/1750/1310 1320/1751/1310 1317/1752/1310
f 1311/1753/1311 1318/1754/1311 1320/1751/1311 1319/1750/1311
f 1318/1755/1312 1313/1742/1312 1314/1741/1312 1320/1756/1312
f 1314/1741/1313 1317/1744/1313 1320/1756/1313
f 1321/1757/1314 1324/1758/1314 1326/1759/1314 1325/1760/1314
f 1324/1758/1315 1328/1761/1315 1329/1762/1315 1326/1759/1315
f 1322/1763/1316 1327/1764/1316 1329/1765/1316 1328/1766/1316
f 1327/1767/1317 1331/1768/1317 1332/1769/1317 1329/1770/1317
f 1323/1771/1318 1330/1772/1318 1332/1769/1318 1331/1768/1318
f 1330/1772/1319 1325/1773/1319 1326/1774/1319 1332/1769/1319
f 1326/1774/1320 1329/1770/1320 1332/1769/1320
f 1333/1775/1321 1336/1776/1321 1338/1777/1321 1337/1778/1321
f 1336/1776/1322 1340/1779/1322 1341/1780/1322 1338/1777/1322
f 1334/1781/1323 1339/1782/1323 1341/1783/1323 1340/1784/1323
f 1339/1782/1324 1343/1785/1324 1344/1786/1324 1341/1783/1324
f 1335/1787/1325 1342/1788/1325 1344/1786/1325 1343/1785/1325
f 1342/1789/1326 1337/1778/1326 1338/1777/1326 1344/1790/1326
f 1338/1777/1327 1341/1780/1327 1344/1790/1327
f 1345/1791/1328 1348/1792/1328 1350/1793/1328 1349/1794/1328
f 1348/1795/1329 1352/1796/1329 1353/1797/1329 1350/1798/1329
f 1346/1799/1330 1351/1800/1330 1353/1797/1330 1352/1796/1330
f 1351/1800/1331 1355/1801/1331 1356/1802/1331 1353/1797/1331
f 1347/1803/1332 1354/1804/1332 1356/1802/1332 1355/1801/1332
f 1354/1804/1333 1349/1805/1333 1350/1798/1333 1356/1802/1333
f 1350/1798/1334 1353/1797/1334 1356/1802/1334
f 1357/1806/1335 1360/1807/1335 1362/1808/1335 1361/1809/1335
f 1360/1807/1336 1364/1810/1336 1365/1811/1336 1362/1808/1336
f 1358/1812/1337 1363/1813/1337 1365/1811/1337 1364/1810/1337
f 1363/1813/1338 1367/1814/1338 1368/1815/1338 1365/1811/1338
f 1359/1816/1339 1366/1817/1339 1368/1815/1339 1367/1814/1339
f 1366/1817/1340 1361/1809/1340 1362/1808/1340 1368/1815/1340
f 1362/1808/1341 1365/1811/1341 1368/1815/1341
f 1369/1818/1342 1372/1819/1342 1374/1820/1342 1373/1821/1342
f 1372/1819/1343 1376/1822/1343 1377/1823/1343 1374/1820/1343
f 1370/1824/1344 1375/1825/1344 1377/1823/1344 1376/1822/1344
f 1375/1825/1345 1379/1826/1345 1380/1827/1345 1377/1823/1345
f 1371/1828/1346 1378/1829/1346 1380/1827/1346 1379/1826/1346
f 1378/1829/1347 1373/1821/1347 1374/1820/1347 1380/1827/1347
f 1374/1820/1348 1377/1823/1348 1380/1827/1348
f 1381/1830/1349 1384/1831/1349 1386/1832/1349 1385/1833/1349
f 1384/1831/1350 1388/1834/1350 1389/1835/1350 1386/1832/1350
f 1382/1836/1351 1387/1837/1351 1389/1835/1351 1388/1834/1351
f 1387/1837/1352 1391/1838/1352 1392/1839/1352 1389/1835/1352
f 1383/1840/1353 1390/1841/1353 1392/1839/1353 1391/1838/1353
f 1390/1841/1354 1385/1833/1354 1386/1832/1354 1392/1839/1354
f 1386/1832/1355 1389/1835/1355 1392/1839/1355
f 1393/1842/1356 1396/1843/1356 1398/1844/1356 1397/1845/1356
f 1396/1843/1357 1400/1846/1357 1401/1847/1357 1398/1844/1357
f 1394/1848/1358 1399/1849/1358 1401/1847/1358 1400/1846/1358
f 1399/1849/1359 1403/1850/1359 1404/1851/1359 1401/1847/1359
f 1395/1852/1360 1402/1853/1360 1404/1851/1360 1403/1850/1360
f 1402/1853/1361 1397/1845/1361 1398/1844/1361 1404/1851/1361
f 1398/1844/1362 1401/1847/1362 1404/1851/1362
f 1333/1775/1363 1309/1739/1363 1313/1742/1363 1336/1776/1363
f 1336/1776/1364 1313/1742/1364 1318/1755/1364 1340/1779/1364
f 1340/1784/1365 1318/1754/1365 1311/1753/1365 1334/1781/1365
f 1310/1745/1366 1321/1757/1366 1325/1760/1366 1315/1746/1366
f 1315/1749/1367 1325/1773/1367 1330/1772/1367 1319/1750/1367
f 1319/1750/1368 1330/1772/1368 1323/1771/1368 1311/1753/1368
f 1322/1763/1369 1345/1791/1369 1349/1794/1369 1327/1764/1369
f 1327/1767/1370 1349/1805/1370 1354/1804/1370 1331/1768/1370
f 1331/1768/1371 1354/1804/1371 1347/1803/1371 1323/1771/1371
f 1346/1799/1372 1335/1787/1372 1343/1785/1372 1351/1800/1372
f 1351/1800/1373 1343/1785/1373 1339/1782/1373 1355/1801/1373
f 1355/1801/1374 1339/1782/1374 1334/1781/1374 1347/1803/1374
f 1381/1830/1375 1333/1775/1375 1337/1778/1375 1384/1831/1375
f 1384/1831/1376 1337/1778/1376 1342/1789/1376 1388/1834/1376
f 1388/1834/1377 1342/1788/1377 1335/1787/1377 1382/1836/1377
f 1345/1791/1378 1393/1842/1378 1397/1845/1378 1348/1792/1378
f 1348/1795/1379 1397/1845/1379 1402/1853/1379 1352/1796/1379
f 1352/1796/1380 1402/1853/1380 1395/1852/1380 1346/1799/1380
f 1394/1848/1381 1383/1840/1381 1391/1838/1381 1399/1849/1381
f 1399/1849/1382 1391/1838/1382 1387/1837/1382 1403/1850/1382
f 1403/1850/1383 1387/1837/1383 1382/1836/1383 1395/1852/1383
f 1357/1806/1384 1381/1830/1384 1385/1833/1384 1360/1807/1384
f 1360/1807/1385 1385/1833/1385 1390/1841/1385 1364/1810/1385
f 1364/1810/1386 1390/1841/1386 1383/1840/1386 1358/1812/1386
f 1393/1842/1387 1369/1818/1387 1373/1821/1387 1396/1843/1387
f 1396/1843/1388 1373/1821/1388 1378/1829/1388 1400/1846/1388
f 1400/1846/1389 1378/1829/1389 1371/1828/1389 1394/1848/1389
f 1370/1824/1390 1359/1816/1390 1367/1814/1390 1375/1825/1390
f 1375/1825/1391 1367/1814/1391 1363/1813/1391 1379/1826/1391
f 1379/1826/1392 1363/1813/1392 1358/1812/1392 1371/1828/1392
f 1309/1739/1393 1357/1806/1393 1361/1809/1393 1312/1740/1393
f 1312/1740/1394 1361/1809/1394 1366/1817/1394 1316/1743/1394
f 1316/1748/1395 1366/1817/1395 1359/1816/1395 1310/1745/1395
f 1369/1818/1396 1322/1763/1396 1328/1766/1396 1372/1819/1396
f 1372/1819/1397 1328/1761/1397 1324/1758/1397 1376/1822/1397
f 1376/1822/1398 1324/1758/1398 1321/1757/1398 1370/1824/1398
f 1333/1775/1399 1381/1830/1399 1357/1806/1399 1309/1739/1399
f 1311/1753/1400 1323/1771/1400 1347/1803/1400 1334/1781/1400
f 1359/1816/1401 1370/1824/1401 1321/1757/1401 1310/1745/1401
f 1393/1842/1402 1345/1791/1402 1322/1763/1402 1369/1818/1402
f 1335/1787/1403 1346/1799/1403 1395/1852/1403 1382/1836/1403
f 1383/1840/1404 1394/1848/1404 1371/1828/1404 1358/1812/1404
o bronze_bow_pin.002
v 0.275000 0.830000 0.325000
v 0.405000 0.830000 0.325000
v 0.275000 0.802500 0.332369
v 0.405000 0.802500 0.332369
v 0.275000 0.782369 0.352500
v 0.405000 0.782369 0.352500
v 0.275000 0.775000 0.380000
v 0.405000 0.775000 0.380000
v 0.275000 0.782369 0.407500
v 0.405000 0.782369 0.407500
v 0.275000 0.802500 0.427631
v 0.405000 0.802500 0.427631
v 0.275000 0.830000 0.435000
v 0.405000 0.830000 0.435000
v 0.275000 0.857500 0.427631
v 0.405000 0.857500 0.427631
v 0.275000 0.877631 0.407500
v 0.405000 0.877631 0.407500
v 0.275000 0.885000 0.380000
v 0.405000 0.885000 0.380000
v 0.275000 0.877631 0.352500
v 0.405000 0.877631 0.352500
v 0.275000 0.857500 0.332369
v 0.405000 0.857500 0.332369
vn -0.6532 -0.0000 -0.7572
vn 0.6532 -0.0000 -0.7572
vn -0.6532 -0.3786 -0.6557
vn 0.6532 -0.3786 -0.6557
vn -0.6532 -0.6557 -0.3786
vn 0.6532 -0.6557 -0.3786
vn -0.6532 -0.7572 -0.0000
vn 0.6532 -0.7572 -0.0000
vn -0.6532 -0.6557 0.3786
vn 0.6532 -0.6557 0.3786
vn -0.6532 -0.3786 0.6557
vn 0.6532 -0.3786 0.6557
vn -0.6532 -0.0000 0.7572
vn 0.6532 -0.0000 0.7572
vn -0.6532 0.3786 0.6557
vn 0.6532 0.3786 0.6557
vn -0.6532 0.6557 0.3786
vn 0.6532 0.6557 0.3786
vn -0.6532 0.7572 -0.0000
vn 0.6532 0.7572 -0.0000
vn -0.6532 0.6557 -0.3786
vn 0.6532 0.6557 -0.3786
vn -0.6532 0.3786 -0.6557
vn 0.6532 0.3786 -0.6557
vt 1.000000 0.500000
vt 1.000000 1.000000
vt 0.916667 1.000000
vt 0.916667 0.500000
vt 0.833333 1.000000
vt 0.833333 0.500000
vt 0.750000 1.000000
vt 0.750000 0.500000
vt 0.666667 1.000000
vt 0.666667 0.500000
vt 0.583333 1.000000
vt 0.583333 0.500000
vt 0.500000 1.000000
vt 0.500000 0.500000
vt 0.416667 1.000000
vt 0.416667 0.500000
vt 0.333333 1.000000
vt 0.333333 0.500000
vt 0.250000 1.000000
vt 0.250000 0.500000
vt 0.166667 1.000000
vt 0.166667 0.500000
vt 0.370000 0.457846
vt 0.250000 0.490000
vt 0.130000 0.457846
vt 0.042154 0.370000
vt 0.010000 0.250000
vt 0.042154 0.130000
vt 0.130000 0.042154
vt 0.250000 0.010000
vt 0.370000 0.042154
vt 0.457846 0.130000
vt 0.490000 0.250000
vt 0.457846 0.370000
vt 0.083333 1.000000
vt 0.083333 0.500000
vt 0.000000 1.000000
vt 0.000000 0.500000
vt 0.750000 0.490000
vt 0.870000 0.457846
vt 0.957846 0.370000
vt 0.990000 0.250000
vt 0.957846 0.130000
vt 0.870000 0.042154
vt 0.750000 0.010000
vt 0.630000 0.042154
vt 0.542154 0.130000
vt 0.510000 0.250000
vt 0.542154 0.370000
vt 0.630000 0.457846
s 1
usemtl WornBronze
f 1405/1854/1405 1406/1855/1406 1408/1856/1408 1407/1857/1407
f 1407/1857/1407 1408/1856/1408 1410/1858/1410 1409/1859/1409
f 1409/1859/1409 1410/1858/1410 1412/1860/1412 1411/1861/1411
f 1411/1861/1411 1412/1860/1412 1414/1862/1414 1413/1863/1413
f 1413/1863/1413 1414/1862/1414 1416/1864/1416 1415/1865/1415
f 1415/1865/1415 1416/1864/1416 1418/1866/1418 1417/1867/1417
f 1417/1867/1417 1418/1866/1418 1420/1868/1420 1419/1869/1419
f 1419/1869/1419 1420/1868/1420 1422/1870/1422 1421/1871/1421
f 1421/1871/1421 1422/1870/1422 1424/1872/1424 1423/1873/1423
f 1423/1873/1423 1424/1872/1424 1426/1874/1426 1425/1875/1425
f 1408/1876/1408 1406/1877/1406 1428/1878/1428 1426/1879/1426 1424/1880/1424 1422/1881/1422 1420/1882/1420 1418/1883/1418 1416/1884/1416 1414/1885/1414 1412/1886/1412 1410/1887/1410
f 1425/1875/1425 1426/1874/1426 1428/1888/1428 1427/1889/1427
f 1427/1889/1427 1428/1888/1428 1406/1890/1406 1405/1891/1405
f 1405/1892/1405 1407/1893/1407 1409/1894/1409 1411/1895/1411 1413/1896/1413 1415/1897/1415 1417/1898/1417 1419/1899/1419 1421/1900/1421 1423/1901/1423 1425/1902/1425 1427/1903/1427
o iron_bolt.002
v 0.340000 0.942000 0.550000
v 0.340000 0.942000 1.270000
v 0.356000 0.937713 0.550000
v 0.356000 0.937713 1.270000
v 0.367713 0.926000 0.550000
v 0.367713 0.926000 1.270000
v 0.372000 0.910000 0.550000
v 0.372000 0.910000 1.270000
v 0.367713 0.894000 0.550000
v 0.367713 0.894000 1.270000
v 0.356000 0.882287 0.550000
v 0.356000 0.882287 1.270000
v 0.340000 0.878000 0.550000
v 0.340000 0.878000 1.270000
v 0.324000 0.882287 0.550000
v 0.324000 0.882287 1.270000
v 0.312287 0.894000 0.550000
v 0.312287 0.894000 1.270000
v 0.308000 0.910000 0.550000
v 0.308000 0.910000 1.270000
v 0.312287 0.926000 0.550000
v 0.312287 0.926000 1.270000
v 0.324000 0.937713 0.550000
v 0.324000 0.937713 1.270000
vn -0.0000 0.7572 -0.6532
vn -0.0000 0.7572 0.6532
vn 0.3786 0.6557 -0.6532
vn 0.3786 0.6557 0.6532
vn 0.6557 0.3786 -0.6532
vn 0.6557 0.3786 0.6532
vn 0.7572 -0.0000 -0.6532
vn 0.7572 -0.0000 0.6532
vn 0.6557 -0.3786 -0.6532
vn 0.6557 -0.3786 0.6532
vn 0.3786 -0.6557 -0.6532
vn 0.3786 -0.6557 0.6532
vn -0.0000 -0.7572 -0.6532
vn -0.0000 -0.7572 0.6532
vn -0.3786 -0.6557 -0.6532
vn -0.3786 -0.6557 0.6532
vn -0.6557 -0.3786 -0.6532
vn -0.6557 -0.3786 0.6532
vn -0.7572 -0.0000 -0.6532
vn -0.7572 -0.0000 0.6532
vn -0.6557 0.3786 -0.6532
vn -0.6557 0.3786 0.6532
vn -0.3786 0.6557 -0.6532
vn -0.3786 0.6557 0.6532
vt 1.000000 0.500000
vt 1.000000 1.000000
vt 0.916667 1.000000
vt 0.916667 0.500000
vt 0.833333 1.000000
vt 0.833333 0.500000
vt 0.750000 1.000000
vt 0.750000 0.500000
vt 0.666667 1.000000
vt 0.666667 0.500000
vt 0.583333 1.000000
vt 0.583333 0.500000
vt 0.500000 1.000000
vt 0.500000 0.500000
vt 0.416667 1.000000
vt 0.416667 0.500000
vt 0.333333 1.000000
vt 0.333333 0.500000
vt 0.250000 1.000000
vt 0.250000 0.500000
vt 0.166667 1.000000
vt 0.166667 0.500000
vt 0.370000 0.457846
vt 0.250000 0.490000
vt 0.130000 0.457846
vt 0.042154 0.370000
vt 0.010000 0.250000
vt 0.042154 0.130000
vt 0.130000 0.042154
vt 0.250000 0.010000
vt 0.370000 0.042154
vt 0.457846 0.130000
vt 0.490000 0.250000
vt 0.457846 0.370000
vt 0.083333 1.000000
vt 0.083333 0.500000
vt 0.000000 1.000000
vt 0.000000 0.500000
vt 0.750000 0.490000
vt 0.870000 0.457846
vt 0.957846 0.370000
vt 0.990000 0.250000
vt 0.957846 0.130000
vt 0.870000 0.042154
vt 0.750000 0.010000
vt 0.630000 0.042154
vt 0.542154 0.130000
vt 0.510000 0.250000
vt 0.542154 0.370000
vt 0.630000 0.457846
s 1
usemtl BlackIron
f 1429/1904/1429 1430/1905/1430 1432/1906/1432 1431/1907/1431
f 1431/1907/1431 1432/1906/1432 1434/1908/1434 1433/1909/1433
f 1433/1909/1433 1434/1908/1434 1436/1910/1436 1435/1911/1435
f 1435/1911/1435 1436/1910/1436 1438/1912/1438 1437/1913/1437
f 1437/1913/1437 1438/1912/1438 1440/1914/1440 1439/1915/1439
f 1439/1915/1439 1440/1914/1440 1442/1916/1442 1441/1917/1441
f 1441/1917/1441 1442/1916/1442 1444/1918/1444 1443/1919/1443
f 1443/1919/1443 1444/1918/1444 1446/1920/1446 1445/1921/1445
f 1445/1921/1445 1446/1920/1446 1448/1922/1448 1447/1923/1447
f 1447/1923/1447 1448/1922/1448 1450/1924/1450 1449/1925/1449
f 1432/1926/1432 1430/1927/1430 1452/1928/1452 1450/1929/1450 1448/1930/1448 1446/1931/1446 1444/1932/1444 1442/1933/1442 1440/1934/1440 1438/1935/1438 1436/1936/1436 1434/1937/1434
f 1449/1925/1449 1450/1924/1450 1452/1938/1452 1451/1939/1451
f 1451/1939/1451 1452/1938/1452 1430/1940/1430 1429/1941/1429
f 1429/1942/1429 1431/1943/1431 1433/1944/1433 1435/1945/1435 1437/1946/1437 1439/1947/1439 1441/1948/1441 1443/1949/1443 1445/1950/1445 1447/1951/1447 1449/1952/1449 1451/1953/1451
o bolt_head.002
v 0.340000 0.985000 1.200000
v 0.340000 0.922000 1.380000
v 0.398637 0.956762 1.200000
v 0.349382 0.917482 1.380000
v 0.413120 0.893311 1.200000
v 0.351699 0.907330 1.380000
v 0.372541 0.842427 1.200000
v 0.345207 0.899188 1.380000
v 0.307459 0.842427 1.200000
v 0.334793 0.899188 1.380000
v 0.266880 0.893311 1.200000
v 0.328301 0.907330 1.380000
v 0.281363 0.956762 1.200000
v 0.330618 0.917482 1.380000
vn 0.4138 0.8593 0.3007
vn 0.9298 0.2122 0.3007
vn 0.7456 -0.5946 0.3007
vn -0.0000 -0.9537 0.3007
vn -0.7456 -0.5946 0.3007
vn -0.0000 -0.0000 1.0000
vn -0.9298 0.2122 0.3007
vn -0.4138 0.8593 0.3007
vn -0.0000 -0.0000 -1.0000
vt 1.000000 0.500000
vt 1.000000 1.000000
vt 0.857143 1.000000
vt 0.857143 0.500000
vt 0.714286 1.000000
vt 0.714286 0.500000
vt 0.571429 1.000000
vt 0.571429 0.500000
vt 0.428571 1.000000
vt 0.428571 0.500000
vt 0.285714 1.000000
vt 0.285714 0.500000
vt 0.437640 0.399638
vt 0.250000 0.490000
vt 0.062360 0.399638
vt 0.016017 0.196595
vt 0.145868 0.033767
vt 0.354132 0.033767
vt 0.483983 0.196595
vt 0.142857 1.000000
vt 0.142857 0.500000
vt 0.000000 1.000000
vt 0.000000 0.500000
vt 0.750000 0.490000
vt 0.937640 0.399638
vt 0.983983 0.196595
vt 0.854132 0.033767
vt 0.645868 0.033767
vt 0.516017 0.196595
vt 0.562360 0.399638
s 0
usemtl PlateEdge
f 1453/1954/1453 1454/1955/1453 1456/1956/1453 1455/1957/1453
f 1455/1957/1454 1456/1956/1454 1458/1958/1454 1457/1959/1454
f 1457/1959/1455 1458/1958/1455 1460/1960/1455 1459/1961/1455
f 1459/1961/1456 1460/1960/1456 1462/1962/1456 1461/1963/1456
f 1461/1963/1457 1462/1962/1457 1464/1964/1457 1463/1965/1457
f 1456/1966/1458 1454/1967/1458 1466/1968/1458 1464/1969/1458 1462/1970/1458 1460/1971/1458 1458/1972/1458
f 1463/1965/1459 1464/1964/1459 1466/1973/1459 1465/1974/1459
f 1465/1974/1460 1466/1973/1460 1454/1975/1460 1453/1976/1460
f 1453/1977/1461 1455/1978/1461 1457/1979/1461 1459/1980/1461 1461/1981/1461 1463/1982/1461 1465/1983/1461
o oak_windlass_rail
v -0.425000 0.600000 -0.215000
v -0.425000 0.635000 -0.180000
v -0.460000 0.635000 -0.215000
v -0.425000 0.604676 -0.197523
v -0.442477 0.604676 -0.215000
v -0.441737 0.609218 -0.198263
v -0.442477 0.635000 -0.184676
v -0.425000 0.617523 -0.184676
v -0.441737 0.618263 -0.189218
v -0.455324 0.617523 -0.215000
v -0.455324 0.635000 -0.197523
v -0.450782 0.618263 -0.198263
v -0.425000 0.725000 -0.180000
v -0.425000 0.760000 -0.215000
v -0.460000 0.725000 -0.215000
v -0.425000 0.742477 -0.184676
v -0.442477 0.725000 -0.184676
v -0.441737 0.741737 -0.189218
v -0.442477 0.755324 -0.215000
v -0.425000 0.755324 -0.197523
v -0.441737 0.750782 -0.198263
v -0.455324 0.725000 -0.197523
v -0.455324 0.742477 -0.215000
v -0.450782 0.741737 -0.198263
v -0.425000 0.600000 -0.285000
v -0.460000 0.635000 -0.285000
v -0.425000 0.635000 -0.320000
v -0.442477 0.604676 -0.285000
v -0.425000 0.604676 -0.302477
v -0.441737 0.609218 -0.301737
v -0.455324 0.635000 -0.302477
v -0.455324 0.617523 -0.285000
v -0.450782 0.618263 -0.301737
v -0.425000 0.617523 -0.315324
v -0.442477 0.635000 -0.315324
v -0.441737 0.618263 -0.310782
v -0.425000 0.760000 -0.285000
v -0.425000 0.725000 -0.320000
v -0.460000 0.725000 -0.285000
v -0.425000 0.755324 -0.302477
v -0.442477 0.755324 -0.285000
v -0.441737 0.750782 -0.301737
v -0.442477 0.725000 -0.315324
v -0.425000 0.742477 -0.315324
v -0.441737 0.741737 -0.310782
v -0.455324 0.742477 -0.285000
v -0.455324 0.725000 -0.302477
v -0.450782 0.741737 -0.301737
v 0.425000 0.600000 -0.215000
v 0.460000 0.635000 -0.215000
v 0.425000 0.635000 -0.180000
v 0.442477 0.604676 -0.215000
v 0.425000 0.604676 -0.197523
v 0.441737 0.609218 -0.198263
v 0.455324 0.635000 -0.197523
v 0.455324 0.617523 -0.215000
v 0.450782 0.618263 -0.198263
v 0.425000 0.617523 -0.184676
v 0.442477 0.635000 -0.184676
v 0.441737 0.618263 -0.189218
v 0.425000 0.760000 -0.215000
v 0.425000 0.725000 -0.180000
v 0.460000 0.725000 -0.215000
v 0.425000 0.755324 -0.197523
v 0.442477 0.755324 -0.215000
v 0.441737 0.750782 -0.198263
v 0.442477 0.725000 -0.184676
v 0.425000 0.742477 -0.184676
v 0.441737 0.741737 -0.189218
v 0.455324 0.742477 -0.215000
v 0.455324 0.725000 -0.197523
v 0.450782 0.741737 -0.198263
v 0.425000 0.600000 -0.285000
v 0.425000 0.635000 -0.320000
v 0.460000 0.635000 -0.285000
v 0.425000 0.604676 -0.302477
v 0.442477 0.604676 -0.285000
v 0.441737 0.609218 -0.301737
v 0.442477 0.635000 -0.315324
v 0.425000 0.617523 -0.315324
v 0.441737 0.618263 -0.310782
v 0.455324 0.617523 -0.285000
v 0.455324 0.635000 -0.302477
v 0.450782 0.618263 -0.301737
v 0.425000 0.760000 -0.285000
v 0.460000 0.725000 -0.285000
v 0.425000 0.725000 -0.320000
v 0.442477 0.755324 -0.285000
v 0.425000 0.755324 -0.302477
v 0.441737 0.750782 -0.301737
v 0.455324 0.725000 -0.302477
v 0.455324 0.742477 -0.285000
v 0.450782 0.741737 -0.301737
v 0.425000 0.742477 -0.315324
v 0.442477 0.725000 -0.315324
v 0.441737 0.741737 -0.310782
vn -0.2566 -0.9318 0.2566
vn -0.2178 -0.6901 0.6901
vn -0.2566 -0.2566 0.9318
vn -0.6901 -0.2178 0.6901
vn -0.9318 -0.2566 0.2566
vn -0.6901 -0.6901 0.2178
vn -0.5773 -0.5774 0.5774
vn -0.2566 0.2566 0.9318
vn -0.2178 0.6901 0.6901
vn -0.2566 0.9318 0.2566
vn -0.6901 0.6901 0.2178
vn -0.9318 0.2566 0.2566
vn -0.6901 0.2178 0.6901
vn -0.5773 0.5774 0.5774
vn -0.2566 -0.9318 -0.2566
vn -0.6901 -0.6901 -0.2178
vn -0.9318 -0.2566 -0.2566
vn -0.6901 -0.2178 -0.6901
vn -0.2566 -0.2566 -0.9318
vn -0.2178 -0.6901 -0.6901
vn -0.5773 -0.5774 -0.5774
vn -0.2566 0.9318 -0.2566
vn -0.2178 0.6901 -0.6901
vn -0.2566 0.2566 -0.9318
vn -0.6901 0.2178 -0.6901
vn -0.9318 0.2566 -0.2566
vn -0.6901 0.6901 -0.2178
vn -0.5773 0.5774 -0.5774
vn 0.2566 -0.9318 0.2566
vn 0.6901 -0.6901 0.2178
vn 0.9318 -0.2566 0.2566
vn 0.6901 -0.2178 0.6901
vn 0.2566 -0.2566 0.9318
vn 0.2178 -0.6901 0.6901
vn 0.5773 -0.5774 0.5774
vn 0.2566 0.9318 0.2566
vn 0.2178 0.6901 0.6901
vn 0.2566 0.2566 0.9318
vn 0.6901 0.2178 0.6901
vn 0.9318 0.2566 0.2566
vn 0.6901 0.6901 0.2178
vn 0.5773 0.5774 0.5774
vn 0.2566 -0.9318 -0.2566
vn 0.2178 -0.6901 -0.6901
vn 0.2566 -0.2566 -0.9318
vn 0.6901 -0.2178 -0.6901
vn 0.9318 -0.2566 -0.2566
vn 0.6901 -0.6901 -0.2178
vn 0.5773 -0.5774 -0.5774
vn 0.2566 0.9318 -0.2566
vn 0.6901 0.6901 -0.2178
vn 0.9318 0.2566 -0.2566
vn 0.6901 0.2178 -0.6901
vn 0.2566 0.2566 -0.9318
vn 0.2178 0.6901 -0.6901
vn 0.5773 0.5774 -0.5774
vn -0.2585 -0.9660 -0.0000
vn -0.7071 -0.7071 -0.0000
vn -0.9660 -0.2585 -0.0000
vn -0.2585 -0.0000 0.9660
vn -0.7071 -0.0000 0.7071
vn -0.9660 -0.0000 0.2585
vn -0.2585 0.9660 -0.0000
vn -0.7071 0.7071 -0.0000
vn -0.9660 0.2585 -0.0000
vn -0.2585 -0.0000 -0.9660
vn -0.7071 -0.0000 -0.7071
vn -0.9660 -0.0000 -0.2585
vn -0.0000 -0.9660 -0.2585
vn -0.0000 -0.7071 -0.7071
vn -0.0000 -0.2585 -0.9660
vn -0.0000 0.9660 -0.2585
vn -0.0000 0.7071 -0.7071
vn -0.0000 0.2585 -0.9660
vn 0.9660 -0.0000 -0.2585
vn 0.7071 -0.0000 -0.7071
vn 0.2585 -0.0000 -0.9660
vn 0.2585 -0.9660 -0.0000
vn 0.7071 -0.7071 -0.0000
vn 0.9660 -0.2585 -0.0000
vn 0.2585 0.9660 -0.0000
vn 0.7071 0.7071 -0.0000
vn 0.9660 0.2585 -0.0000
vn 0.2585 -0.0000 0.9660
vn 0.7071 -0.0000 0.7071
vn 0.9660 -0.0000 0.2585
vn -0.0000 -0.9660 0.2585
vn -0.0000 -0.7071 0.7071
vn -0.0000 -0.2585 0.9660
vn -0.0000 0.9660 0.2585
vn -0.0000 0.7071 0.7071
vn -0.0000 0.2585 0.9660
vn -0.0000 -1.0000 -0.0000
vn -1.0000 -0.0000 -0.0000
vn -0.0000 -0.0000 1.0000
vn -0.0000 1.0000 -0.0000
vn -0.0000 -0.0000 -1.0000
vn 1.0000 -0.0000 -0.0000
vt 0.134511 0.687500
vt 0.134511 0.718709
vt 0.129963 0.717388
vt 0.129762 0.687500
vt 0.134511 0.750000
vt 0.129963 0.750000
vt 0.429688 0.990489
vt 0.429688 1.000000
vt 0.375000 0.995037
vt 0.375000 0.990489
vt 0.429687 0.000000
vt 0.429687 0.031291
vt 0.375000 0.032612
vt 0.375000 0.000000
vt 0.429688 0.062500
vt 0.375000 0.062500
vt 0.125000 0.687500
vt 0.125000 0.717388
vt 0.570313 0.990489
vt 0.597620 0.990489
vt 0.596465 1.000000
vt 0.570312 1.000000
vt 0.625000 0.990489
vt 0.625000 1.000000
vt 0.865489 0.687500
vt 0.875000 0.687500
vt 0.875000 0.717388
vt 0.865489 0.750000
vt 0.625000 0.062500
vt 0.597620 0.062500
vt 0.596465 0.032612
vt 0.625000 0.032612
vt 0.570312 0.062500
vt 0.570312 0.031291
vt 0.570312 0.000000
vt 0.596465 0.000000
vt 0.134511 0.562500
vt 0.129762 0.562500
vt 0.129963 0.532612
vt 0.134511 0.531291
vt 0.125000 0.562500
vt 0.125000 0.532612
vt 0.429688 0.187500
vt 0.429687 0.218709
vt 0.375000 0.217388
vt 0.375000 0.187500
vt 0.429688 0.254762
vt 0.375000 0.254963
vt 0.429688 0.259511
vt 0.375000 0.259511
vt 0.134511 0.500000
vt 0.129963 0.500000
vt 0.865489 0.562500
vt 0.865489 0.500000
vt 0.875000 0.532612
vt 0.875000 0.562500
vt 0.625000 0.259511
vt 0.597620 0.259511
vt 0.596465 0.253305
vt 0.625000 0.231774
vt 0.570312 0.259511
vt 0.570313 0.254762
vt 0.570313 0.218709
vt 0.596465 0.217388
vt 0.570312 0.187500
vt 0.597620 0.187500
vt 0.625000 0.187500
vt 0.365489 0.687500
vt 0.370238 0.687500
vt 0.370037 0.717388
vt 0.365489 0.718709
vt 0.402380 0.687500
vt 0.401134 0.717388
vt 0.429688 0.687500
vt 0.429687 0.718709
vt 0.429688 0.754762
vt 0.373177 0.753140
vt 0.429688 0.759511
vt 0.370242 0.754753
vt 0.634511 0.687500
vt 0.629753 0.754758
vt 0.628140 0.751823
vt 0.629762 0.687500
vt 0.597620 0.759511
vt 0.596465 0.754963
vt 0.570312 0.759511
vt 0.570313 0.754762
vt 0.570313 0.718709
vt 0.596465 0.720105
vt 0.570312 0.687500
vt 0.597620 0.687500
vt 0.365489 0.562500
vt 0.365489 0.531291
vt 0.370037 0.532612
vt 0.370238 0.562500
vt 0.370242 0.495247
vt 0.373177 0.496860
vt 0.429688 0.490489
vt 0.429687 0.495238
vt 0.429688 0.531291
vt 0.401134 0.532612
vt 0.429688 0.562500
vt 0.402380 0.562500
vt 0.634511 0.562500
vt 0.629762 0.562500
vt 0.628140 0.498177
vt 0.629753 0.495242
vt 0.597620 0.562500
vt 0.596465 0.529895
vt 0.570312 0.562500
vt 0.570312 0.531291
vt 0.570313 0.495238
vt 0.596465 0.495037
vt 0.570312 0.490489
vt 0.597620 0.490489
s 0
usemtl OiledOak
f 1467/1984/1462 1470/1985/1462 1472/1986/1462 1471/1987/1462
f 1470/1985/1463 1474/1988/1463 1475/1989/1463 1472/1986/1463
f 1468/1990/1464 1473/1991/1464 1475/1992/1464 1474/1993/1464
f 1473/1994/1465 1477/1995/1465 1478/1996/1465 1475/1997/1465
f 1469/1998/1466 1476/1999/1466 1478/1996/1466 1477/1995/1466
f 1476/2000/1467 1471/1987/1467 1472/1986/1467 1478/2001/1467
f 1472/1986/1468 1475/1989/1468 1478/2001/1468
f 1479/2002/1469 1482/2003/1469 1484/2004/1469 1483/2005/1469
f 1482/2003/1470 1486/2006/1470 1487/2007/1470 1484/2004/1470
f 1480/2008/1471 1485/2009/1471 1487/2010/1471 1486/2011/1471
f 1485/2012/1472 1489/2013/1472 1490/2014/1472 1487/2015/1472
f 1481/2016/1473 1488/2017/1473 1490/2014/1473 1489/2013/1473
f 1488/2017/1474 1483/2018/1474 1484/2019/1474 1490/2014/1474
f 1484/2019/1475 1487/2015/1475 1490/2014/1475
f 1491/2020/1476 1494/2021/1476 1496/2022/1476 1495/2023/1476
f 1494/2021/1477 1498/2024/1477 1499/2025/1477 1496/2022/1477
f 1492/2026/1478 1497/2027/1478 1499/2028/1478 1498/2029/1478
f 1497/2027/1479 1501/2030/1479 1502/2031/1479 1499/2028/1479
f 1493/2032/1480 1500/2033/1480 1502/2031/1480 1501/2030/1480
f 1500/2034/1481 1495/2023/1481 1496/2022/1481 1502/2035/1481
f 1496/2022/1482 1499/2025/1482 1502/2035/1482
f 1503/2036/1483 1506/2037/1483 1508/2038/1483 1507/2039/1483
f 1506/2040/1484 1510/2041/1484 1511/2042/1484 1508/2043/1484
f 1504/2044/1485 1509/2045/1485 1511/2042/1485 1510/2041/1485
f 1509/2045/1486 1513/2046/1486 1514/2047/1486 1511/2042/1486
f 1505/2048/1487 1512/2049/1487 1514/2047/1487 1513/2046/1487
f 1512/2049/1488 1507/2050/1488 1508/2043/1488 1514/2047/1488
f 1508/2043/1489 1511/2042/1489 1514/2047/1489
f 1515/2051/1490 1518/2052/1490 1520/2053/1490 1519/2054/1490
f 1518/2052/1491 1522/2055/1491 1523/2056/1491 1520/2053/1491
f 1516/2057/1492 1521/2058/1492 1523/2056/1492 1522/2055/1492
f 1521/2058/1493 1525/2059/1493 1526/2060/1493 1523/2056/1493
f 1517/2061/1494 1524/2062/1494 1526/2060/1494 1525/2059/1494
f 1524/2062/1495 1519/2054/1495 1520/2053/1495 1526/2060/1495
f 1520/2053/1496 1523/2056/1496 1526/2060/1496
f 1527/2063/1497 1530/2064/1497 1532/2065/1497 1531/2066/1497
f 1530/2064/1498 1534/2067/1498 1535/2068/1498 1532/2065/1498
f 1528/2069/1499 1533/2070/1499 1535/2068/1499 1534/2067/1499
f 1533/2070/1500 1537/2071/1500 1538/2072/1500 1535/2068/1500
f 1529/2073/1501 1536/2074/1501 1538/2072/1501 1537/2071/1501
f 1536/2074/1502 1531/2066/1502 1532/2065/1502 1538/2072/1502
f 1532/2065/1503 1535/2068/1503 1538/2072/1503
f 1539/2075/1504 1542/2076/1504 1544/2077/1504 1543/2078/1504
f 1542/2076/1505 1546/2079/1505 1547/2080/1505 1544/2077/1505
f 1540/2081/1506 1545/2082/1506 1547/2080/1506 1546/2079/1506
f 1545/2082/1507 1549/2083/1507 1550/2084/1507 1547/2080/1507
f 1541/2085/1508 1548/2086/1508 1550/2084/1508 1549/2083/1508
f 1548/2086/1509 1543/2078/1509 1544/2077/1509 1550/2084/1509
f 1544/2077/1510 1547/2080/1510 1550/2084/1510
f 1551/2087/1511 1554/2088/1511 1556/2089/1511 1555/2090/1511
f 1554/2088/1512 1558/2091/1512 1559/2092/1512 1556/2089/1512
f 1552/2093/1513 1557/2094/1513 1559/2092/1513 1558/2091/1513
f 1557/2094/1514 1561/2095/1514 1562/2096/1514 1559/2092/1514
f 1553/2097/1515 1560/2098/1515 1562/2096/1515 1561/2095/1515
f 1560/2098/1516 1555/2090/1516 1556/2089/1516 1562/2096/1516
f 1556/2089/1517 1559/2092/1517 1562/2096/1517
f 1491/2020/1518 1467/1984/1518 1471/1987/1518 1494/2021/1518
f 1494/2021/1519 1471/1987/1519 1476/2000/1519 1498/2024/1519
f 1498/2029/1520 1476/1999/1520 1469/1998/1520 1492/2026/1520
f 1468/1990/1521 1479/2002/1521 1483/2005/1521 1473/1991/1521
f 1473/1994/1522 1483/2018/1522 1488/2017/1522 1477/1995/1522
f 1477/1995/1523 1488/2017/1523 1481/2016/1523 1469/1998/1523
f 1480/2008/1524 1503/2036/1524 1507/2039/1524 1485/2009/1524
f 1485/2012/1525 1507/2050/1525 1512/2049/1525 1489/2013/1525
f 1489/2013/1526 1512/2049/1526 1505/2048/1526 1481/2016/1526
f 1504/2044/1527 1493/2032/1527 1501/2030/1527 1509/2045/1527
f 1509/2045/1528 1501/2030/1528 1497/2027/1528 1513/2046/1528
f 1513/2046/1529 1497/2027/1529 1492/2026/1529 1505/2048/1529
f 1539/2075/1530 1491/2020/1530 1495/2023/1530 1542/2076/1530
f 1542/2076/1531 1495/2023/1531 1500/2034/1531 1546/2079/1531
f 1546/2079/1532 1500/2033/1532 1493/2032/1532 1540/2081/1532
f 1503/2036/1533 1551/2087/1533 1555/2090/1533 1506/2037/1533
f 1506/2040/1534 1555/2090/1534 1560/2098/1534 1510/2041/1534
f 1510/2041/1535 1560/2098/1535 1553/2097/1535 1504/2044/1535
f 1552/2093/1536 1541/2085/1536 1549/2083/1536 1557/2094/1536
f 1557/2094/1537 1549/2083/1537 1545/2082/1537 1561/2095/1537
f 1561/2095/1538 1545/2082/1538 1540/2081/1538 1553/2097/1538
f 1515/2051/1539 1539/2075/1539 1543/2078/1539 1518/2052/1539
f 1518/2052/1540 1543/2078/1540 1548/2086/1540 1522/2055/1540
f 1522/2055/1541 1548/2086/1541 1541/2085/1541 1516/2057/1541
f 1551/2087/1542 1527/2063/1542 1531/2066/1542 1554/2088/1542
f 1554/2088/1543 1531/2066/1543 1536/2074/1543 1558/2091/1543
f 1558/2091/1544 1536/2074/1544 1529/2073/1544 1552/2093/1544
f 1528/2069/1545 1517/2061/1545 1525/2059/1545 1533/2070/1545
f 1533/2070/1546 1525/2059/1546 1521/2058/1546 1537/2071/1546
f 1537/2071/1547 1521/2058/1547 1516/2057/1547 1529/2073/1547
f 1467/1984/1548 1515/2051/1548 1519/2054/1548 1470/1985/1548
f 1470/1985/1549 1519/2054/1549 1524/2062/1549 1474/1988/1549
f 1474/1993/1550 1524/2062/1550 1517/2061/1550 1468/1990/1550
f 1527/2063/1551 1480/2008/1551 1486/2011/1551 1530/2064/1551
f 1530/2064/1552 1486/2006/1552 1482/2003/1552 1534/2067/1552
f 1534/2067/1553 1482/2003/1553 1479/2002/1553 1528/2069/1553
f 1491/2020/1554 1539/2075/1554 1515/2051/1554 1467/1984/1554
f 1469/1998/1555 1481/2016/1555 1505/2048/1555 1492/2026/1555
f 1517/2061/1556 1528/2069/1556 1479/2002/1556 1468/1990/1556
f 1551/2087/1557 1503/2036/1557 1480/2008/1557 1527/2063/1557
f 1493/2032/1558 1504/2044/1558 1553/2097/1558 1540/2081/1558
f 1541/2085/1559 1552/2093/1559 1529/2073/1559 1516/2057/1559
