# Blender 4.5.10 LTS
# www.blender.org
mtllib TowerChaos2.mtl
o black_stone_furnace_base_lower_course
v 0.000000 0.000000 -0.911458
v -0.024675 0.021411 -0.913413
v 0.024675 0.021411 -0.913413
v -0.015567 0.006271 -0.920233
v -0.000000 0.009470 -0.922926
v 0.000000 0.023439 -0.916134
v 0.015567 0.006271 -0.920233
v -0.000000 0.280000 -0.702658
v 0.024675 0.258589 -0.736545
v -0.024675 0.258589 -0.736545
v 0.013229 0.273729 -0.721754
v 0.000000 0.271372 -0.728024
v 0.000000 0.260618 -0.739266
v -0.013229 0.273729 -0.721754
v 0.644498 0.000000 -0.644498
v 0.628433 0.021411 -0.663329
v 0.663329 0.021411 -0.628433
v 0.639695 0.006271 -0.661711
v 0.652607 0.009470 -0.652607
v 0.647804 0.023439 -0.647804
v 0.661711 0.006271 -0.639695
v 0.496854 0.280000 -0.496854
v 0.538264 0.258589 -0.503368
v 0.503368 0.258589 -0.538264
v 0.519712 0.273729 -0.501003
v 0.514791 0.271372 -0.514791
v 0.522740 0.260618 -0.522740
v 0.501003 0.273729 -0.519712
v 0.911458 0.000000 0.000000
v 0.913413 0.021411 -0.024675
v 0.913413 0.021411 0.024675
v 0.920233 0.006271 -0.015567
v 0.922926 0.009470 -0.000000
v 0.916134 0.023439 0.000000
v 0.920233 0.006271 0.015567
v 0.702658 0.280000 -0.000000
v 0.736545 0.258589 0.024675
v 0.736545 0.258589 -0.024675
v 0.721754 0.273729 0.013229
v 0.728024 0.271372 0.000000
v 0.739266 0.260618 0.000000
v 0.721754 0.273729 -0.013229
v 0.644498 0.000000 0.644498
v 0.663329 0.021411 0.628433
v 0.628433 0.021411 0.663329
v 0.661711 0.006271 0.639695
v 0.652607 0.009470 0.652607
v 0.647804 0.023439 0.647804
v 0.639695 0.006271 0.661711
v 0.496854 0.280000 0.496854
v 0.503368 0.258589 0.538264
v 0.538264 0.258589 0.503368
v 0.501003 0.273729 0.519712
v 0.514791 0.271372 0.514791
v 0.522740 0.260618 0.522740
v 0.519712 0.273729 0.501003
v 0.000000 0.000000 0.911458
v 0.024675 0.021411 0.913413
v -0.024675 0.021411 0.913413
v 0.015567 0.006271 0.920233
v 0.000000 0.009470 0.922926
v -0.000000 0.023439 0.916134
v -0.015567 0.006271 0.920233
v 0.000000 0.280000 0.702658
v -0.024675 0.258589 0.736545
v 0.024675 0.258589 0.736545
v -0.013229 0.273729 0.721754
v -0.000000 0.271372 0.728024
v 0.000000 0.260618 0.739266
v 0.013229 0.273729 0.721754
v -0.644498 0.000000 0.644498
v -0.628433 0.021411 0.663329
v -0.663329 0.021411 0.628433
v -0.639695 0.006271 0.661711
v -0.652607 0.009470 0.652607
v -0.647804 0.023439 0.647804
v -0.661711 0.006271 0.639695
v -0.496854 0.280000 0.496854
v -0.538264 0.258589 0.503368
v -0.503368 0.258589 0.538264
v -0.519712 0.273729 0.501003
v -0.514791 0.271372 0.514791
v -0.522740 0.260618 0.522740
v -0.501003 0.273729 0.519712
v -0.911458 0.000000 0.000000
v -0.913413 0.021411 0.024675
v -0.913413 0.021411 -0.024675
v -0.920233 0.006271 0.015567
v -0.922926 0.009470 0.000000
v -0.916134 0.023439 -0.000000
v -0.920233 0.006271 -0.015567
v -0.702658 0.280000 0.000000
v -0.736545 0.258589 -0.024675
v -0.736545 0.258589 0.024675
v -0.721754 0.273729 -0.013229
v -0.728024 0.271372 -0.000000
v -0.739266 0.260618 0.000000
v -0.721754 0.273729 0.013229
v -0.644498 0.000000 -0.644498
v -0.663329 0.021411 -0.628433
v -0.628433 0.021411 -0.663329
v -0.661711 0.006271 -0.639695
v -0.652607 0.009470 -0.652607
v -0.647804 0.023439 -0.647804
v -0.639695 0.006271 -0.661711
v -0.496854 0.280000 -0.496854
v -0.503368 0.258589 -0.538264
v -0.538264 0.258589 -0.503368
v -0.501003 0.273729 -0.519712
v -0.514791 0.271372 -0.514791
v -0.522740 0.260618 -0.522740
v -0.519712 0.273729 -0.501003
vn -0.0000 -0.7711 -0.6368
vn -0.1711 0.3729 -0.9119
vn 0.1711 0.3729 -0.9119
vn -0.0000 0.9467 -0.3220
vn 0.1509 0.7333 -0.6630
vn -0.1509 0.7333 -0.6630
vn 0.4502 -0.7711 -0.4502
vn 0.5238 0.3729 -0.7659
vn 0.7659 0.3729 -0.5238
vn 0.2277 0.9467 -0.2277
vn 0.5755 0.7333 -0.3621
vn 0.3621 0.7333 -0.5755
vn 0.6367 -0.7711 -0.0000
vn 0.9119 0.3729 -0.1711
vn 0.9119 0.3729 0.1711
vn 0.3220 0.9467 -0.0000
vn 0.6630 0.7333 0.1509
vn 0.6630 0.7333 -0.1509
vn 0.4502 -0.7711 0.4502
vn 0.7659 0.3729 0.5238
vn 0.5238 0.3729 0.7659
vn 0.2277 0.9467 0.2277
vn 0.3621 0.7333 0.5755
vn 0.5755 0.7333 0.3621
vn -0.0000 -0.7711 0.6368
vn 0.1711 0.3729 0.9119
vn -0.1711 0.3729 0.9119
vn -0.0000 0.9467 0.3220
vn -0.1509 0.7333 0.6630
vn 0.1509 0.7333 0.6630
vn -0.4502 -0.7711 0.4502
vn -0.5238 0.3729 0.7659
vn -0.7659 0.3729 0.5238
vn -0.2277 0.9467 0.2277
vn -0.5755 0.7333 0.3621
vn -0.3621 0.7333 0.5755
vn -0.6367 -0.7711 -0.0000
vn -0.9119 0.3729 0.1711
vn -0.9119 0.3729 -0.1711
vn -0.3220 0.9467 -0.0000
vn -0.6630 0.7333 -0.1509
vn -0.6630 0.7333 0.1509
vn -0.4502 -0.7711 -0.4502
vn -0.7659 0.3729 -0.5238
vn -0.5238 0.3729 -0.7659
vn -0.2277 0.9467 -0.2277
vn -0.3621 0.7333 -0.5755
vn -0.5755 0.7333 -0.3621
vn 0.3762 0.1828 -0.9083
vn 0.1558 -0.9133 -0.3762
vn 0.2460 0.7661 -0.5938
vn 0.1019 0.9639 -0.2460
vn -0.1363 0.5922 -0.7942
vn 0.1363 0.5922 -0.7942
vn 0.6579 0.5922 -0.4652
vn 0.4652 0.5922 -0.6579
vn 0.9083 0.1828 -0.3762
vn 0.3762 -0.9133 -0.1558
vn 0.5938 0.7661 -0.2460
vn 0.2460 0.9639 -0.1019
vn 0.7942 0.5922 0.1363
vn 0.7942 0.5922 -0.1363
vn 0.9083 0.1828 0.3762
vn 0.3762 -0.9133 0.1558
vn 0.5938 0.7661 0.2460
vn 0.2460 0.9639 0.1019
vn 0.4652 0.5922 0.6579
vn 0.6579 0.5922 0.4652
vn 0.3762 0.1828 0.9083
vn 0.1558 -0.9133 0.3762
vn 0.2460 0.7661 0.5938
vn 0.1019 0.9639 0.2460
vn -0.1363 0.5922 0.7942
vn 0.1363 0.5922 0.7942
vn -0.3762 0.1828 0.9083
vn -0.1558 -0.9133 0.3762
vn -0.2460 0.7661 0.5938
vn -0.1019 0.9639 0.2460
vn -0.6579 0.5922 0.4652
vn -0.4652 0.5922 0.6579
vn -0.9083 0.1828 0.3762
vn -0.3762 -0.9133 0.1558
vn -0.5938 0.7661 0.2460
vn -0.2460 0.9639 0.1019
vn -0.7942 0.5922 -0.1363
vn -0.7942 0.5922 0.1363
vn -0.9083 0.1828 -0.3762
vn -0.3762 -0.9133 -0.1558
vn -0.5938 0.7661 -0.2460
vn -0.2460 0.9639 -0.1019
vn -0.4652 0.5922 -0.6579
vn -0.6579 0.5922 -0.4652
vn -0.3762 0.1828 -0.9083
vn -0.1558 -0.9133 -0.3762
vn -0.2460 0.7661 -0.5938
vn -0.1019 0.9639 -0.2460
vn -0.0000 -1.0000 -0.0000
vn 0.3151 0.5673 -0.7608
vn -0.3151 0.5673 -0.7608
vn -0.0000 1.0000 -0.0000
vn 0.7608 0.5673 -0.3151
vn 0.7608 0.5673 0.3151
vn 0.3151 0.5673 0.7608
vn -0.3151 0.5673 0.7608
vn -0.7608 0.5673 0.3151
vn -0.7608 0.5673 -0.3151
vt 0.750000 0.482812
vt 0.744857 0.487870
vt 0.748494 0.489376
vt 0.755143 0.487870
vt 0.004867 0.538233
vt 0.000000 0.546980
vt 0.000000 0.525137
vt 0.003788 0.500000
vt 0.995133 0.538233
vt 0.996212 0.500000
vt 0.998891 0.500000
vt 1.000000 0.546980
vt 0.250000 0.480758
vt 0.254759 0.488029
vt 0.250322 0.489866
vt 0.245241 0.488029
vt 0.994476 0.961767
vt 1.000000 0.970513
vt 1.000000 0.992475
vt 0.996495 1.000000
vt 0.005524 0.961767
vt 0.003505 1.000000
vt 0.000237 1.000000
vt 0.000000 0.970513
vt 0.914623 0.414623
vt 0.914563 0.421836
vt 0.918200 0.420329
vt 0.921836 0.414563
vt 0.879867 0.538233
vt 0.875000 0.546980
vt 0.874446 0.512568
vt 0.878788 0.500000
vt 0.870133 0.538233
vt 0.871212 0.500000
vt 0.413170 0.413170
vt 0.421677 0.414947
vt 0.419839 0.419383
vt 0.414947 0.421677
vt 0.869476 0.961767
vt 0.875000 0.970513
vt 0.875119 0.996237
vt 0.871495 1.000000
vt 0.880524 0.961767
vt 0.878505 1.000000
vt 0.982812 0.250000
vt 0.987870 0.255143
vt 0.989376 0.251506
vt 0.987870 0.244857
vt 0.754867 0.538233
vt 0.750000 0.546980
vt 0.749445 0.512568
vt 0.753788 0.500000
vt 0.745133 0.538233
vt 0.746212 0.500000
vt 0.480758 0.250000
vt 0.488029 0.245241
vt 0.489866 0.249678
vt 0.488029 0.254759
vt 0.744476 0.961767
vt 0.750000 0.970513
vt 0.750119 0.996237
vt 0.746495 1.000000
vt 0.755524 0.961767
vt 0.753505 1.000000
vt 0.914623 0.085377
vt 0.921836 0.085437
vt 0.920329 0.081800
vt 0.914563 0.078164
vt 0.629867 0.538233
vt 0.625000 0.546980
vt 0.624445 0.512568
vt 0.628788 0.500000
vt 0.620133 0.538233
vt 0.621212 0.500000
vt 0.413170 0.086830
vt 0.414947 0.078323
vt 0.419383 0.080161
vt 0.421677 0.085053
vt 0.619476 0.961767
vt 0.625000 0.970513
vt 0.625119 0.996237
vt 0.621495 1.000000
vt 0.630524 0.961767
vt 0.628505 1.000000
vt 0.750000 0.017188
vt 0.755143 0.012130
vt 0.751506 0.010624
vt 0.744857 0.012130
vt 0.504867 0.538233
vt 0.500000 0.546980
vt 0.499445 0.512568
vt 0.503788 0.500000
vt 0.495133 0.538233
vt 0.496212 0.500000
vt 0.250000 0.019242
vt 0.245241 0.011971
vt 0.249678 0.010134
vt 0.254759 0.011971
vt 0.494476 0.961767
vt 0.500000 0.970513
vt 0.500119 0.996237
vt 0.496495 1.000000
vt 0.505524 0.961767
vt 0.503505 1.000000
vt 0.585377 0.085377
vt 0.585437 0.078164
vt 0.581800 0.079671
vt 0.578164 0.085437
vt 0.379867 0.538233
vt 0.375000 0.546980
vt 0.374445 0.512568
vt 0.378788 0.500000
vt 0.370133 0.538233
vt 0.371212 0.500000
vt 0.086830 0.086830
vt 0.078323 0.085053
vt 0.080161 0.080617
vt 0.085053 0.078323
vt 0.369476 0.961767
vt 0.375000 0.970513
vt 0.375119 0.996237
vt 0.371495 1.000000
vt 0.380524 0.961767
vt 0.378505 1.000000
vt 0.517188 0.250000
vt 0.512130 0.244857
vt 0.510624 0.248494
vt 0.512130 0.255143
vt 0.254867 0.538233
vt 0.250000 0.546980
vt 0.249445 0.512568
vt 0.253788 0.500000
vt 0.245133 0.538233
vt 0.246212 0.500000
vt 0.019242 0.250000
vt 0.011971 0.254759
vt 0.010134 0.250322
vt 0.011971 0.245241
vt 0.244476 0.961767
vt 0.250000 0.970513
vt 0.250119 0.996237
vt 0.246495 1.000000
vt 0.255524 0.961767
vt 0.253505 1.000000
vt 0.585377 0.414623
vt 0.578164 0.414563
vt 0.579671 0.418200
vt 0.585437 0.421836
vt 0.129867 0.538233
vt 0.125000 0.546980
vt 0.124445 0.512568
vt 0.128788 0.500000
vt 0.120133 0.538233
vt 0.121212 0.500000
vt 0.086830 0.413170
vt 0.085053 0.421677
vt 0.080617 0.419839
vt 0.078323 0.414947
vt 0.119476 0.961767
vt 0.125000 0.970513
vt 0.125119 0.996237
vt 0.121495 1.000000
vt 0.130524 0.961767
vt 0.128505 1.000000
s 0
usemtl Limestone
f 1/1/1 4/2/1 5/3/1 7/4/1
f 2/5/2 6/6/2 5/7/2 4/8/2
f 3/9/3 7/10/3 5/11/3 6/12/3
f 8/13/4 11/14/4 12/15/4 14/16/4
f 9/17/5 13/18/5 12/19/5 11/20/5
f 10/21/6 14/22/6 12/23/6 13/24/6
f 15/25/7 18/26/7 19/27/7 21/28/7
f 16/29/8 20/30/8 19/31/8 18/32/8
f 17/33/9 21/34/9 19/31/9 20/30/9
f 22/35/10 25/36/10 26/37/10 28/38/10
f 23/39/11 27/40/11 26/41/11 25/42/11
f 24/43/12 28/44/12 26/41/12 27/40/12
f 29/45/13 32/46/13 33/47/13 35/48/13
f 30/49/14 34/50/14 33/51/14 32/52/14
f 31/53/15 35/54/15 33/51/15 34/50/15
f 36/55/16 39/56/16 40/57/16 42/58/16
f 37/59/17 41/60/17 40/61/17 39/62/17
f 38/63/18 42/64/18 40/61/18 41/60/18
f 43/65/19 46/66/19 47/67/19 49/68/19
f 44/69/20 48/70/20 47/71/20 46/72/20
f 45/73/21 49/74/21 47/71/21 48/70/21
f 50/75/22 53/76/22 54/77/22 56/78/22
f 51/79/23 55/80/23 54/81/23 53/82/23
f 52/83/24 56/84/24 54/81/24 55/80/24
f 57/85/25 60/86/25 61/87/25 63/88/25
f 58/89/26 62/90/26 61/91/26 60/92/26
f 59/93/27 63/94/27 61/91/27 62/90/27
f 64/95/28 67/96/28 68/97/28 70/98/28
f 65/99/29 69/100/29 68/101/29 67/102/29
f 66/103/30 70/104/30 68/101/30 69/100/30
f 71/105/31 74/106/31 75/107/31 77/108/31
f 72/109/32 76/110/32 75/111/32 74/112/32
f 73/113/33 77/114/33 75/111/33 76/110/33
f 78/115/34 81/116/34 82/117/34 84/118/34
f 79/119/35 83/120/35 82/121/35 81/122/35
f 80/123/36 84/124/36 82/121/36 83/120/36
f 85/125/37 88/126/37 89/127/37 91/128/37
f 86/129/38 90/130/38 89/131/38 88/132/38
f 87/133/39 91/134/39 89/131/39 90/130/39
f 92/135/40 95/136/40 96/137/40 98/138/40
f 93/139/41 97/140/41 96/141/41 95/142/41
f 94/143/42 98/144/42 96/141/42 97/140/42
f 99/145/43 102/146/43 103/147/43 105/148/43
f 100/149/44 104/150/44 103/151/44 102/152/44
f 101/153/45 105/154/45 103/151/45 104/150/45
f 106/155/46 109/156/46 110/157/46 112/158/46
f 107/159/47 111/160/47 110/161/47 109/162/47
f 108/163/48 112/164/48 110/161/48 111/160/48
f 3/9/49 16/29/49 18/32/49 7/10/49
f 7/4/50 18/26/50 15/25/50 1/1/50
f 24/43/51 9/17/51 11/20/51 28/44/51
f 28/38/52 11/14/52 8/13/52 22/35/52
f 2/5/53 10/21/53 13/24/53 6/6/53
f 6/12/54 13/18/54 9/17/54 3/9/54
f 23/39/55 17/33/55 20/30/55 27/40/55
f 27/40/56 20/30/56 16/29/56 24/43/56
f 17/33/57 30/49/57 32/52/57 21/34/57
f 21/28/58 32/46/58 29/45/58 15/25/58
f 38/63/59 23/39/59 25/42/59 42/64/59
f 42/58/60 25/36/60 22/35/60 36/55/60
f 37/59/61 31/53/61 34/50/61 41/60/61
f 41/60/62 34/50/62 30/49/62 38/63/62
f 31/53/63 44/69/63 46/72/63 35/54/63
f 35/48/64 46/66/64 43/65/64 29/45/64
f 52/83/65 37/59/65 39/62/65 56/84/65
f 56/78/66 39/56/66 36/55/66 50/75/66
f 51/79/67 45/73/67 48/70/67 55/80/67
f 55/80/68 48/70/68 44/69/68 52/83/68
f 45/73/69 58/89/69 60/92/69 49/74/69
f 49/68/70 60/86/70 57/85/70 43/65/70
f 66/103/71 51/79/71 53/82/71 70/104/71
f 70/98/72 53/76/72 50/75/72 64/95/72
f 65/99/73 59/93/73 62/90/73 69/100/73
f 69/100/74 62/90/74 58/89/74 66/103/74
f 59/93/75 72/109/75 74/112/75 63/94/75
f 63/88/76 74/106/76 71/105/76 57/85/76
f 80/123/77 65/99/77 67/102/77 84/124/77
f 84/118/78 67/96/78 64/95/78 78/115/78
f 79/119/79 73/113/79 76/110/79 83/120/79
f 83/120/80 76/110/80 72/109/80 80/123/80
f 73/113/81 86/129/81 88/132/81 77/114/81
f 77/108/82 88/126/82 85/125/82 71/105/82
f 94/143/83 79/119/83 81/122/83 98/144/83
f 98/138/84 81/116/84 78/115/84 92/135/84
f 93/139/85 87/133/85 90/130/85 97/140/85
f 97/140/86 90/130/86 86/129/86 94/143/86
f 87/133/87 100/149/87 102/152/87 91/134/87
f 91/128/88 102/146/88 99/145/88 85/125/88
f 108/163/89 93/139/89 95/142/89 112/164/89
f 112/158/90 95/136/90 92/135/90 106/155/90
f 107/159/91 101/153/91 104/150/91 111/160/91
f 111/160/92 104/150/92 100/149/92 108/163/92
f 101/153/93 2/5/93 4/8/93 105/154/93
f 105/148/94 4/2/94 1/1/94 99/145/94
f 10/21/95 107/159/95 109/162/95 14/22/95
f 14/16/96 109/156/96 106/155/96 8/13/96
f 1/1/97 15/25/97 29/45/97 43/65/97 57/85/97 71/105/97 85/125/97 99/145/97
f 3/9/98 9/17/98 24/43/98 16/29/98
f 101/153/99 107/159/99 10/21/99 2/5/99
f 22/35/100 8/13/100 106/155/100 92/135/100 78/115/100 64/95/100 50/75/100 36/55/100
f 17/33/101 23/39/101 38/63/101 30/49/101
f 31/53/102 37/59/102 52/83/102 44/69/102
f 45/73/103 51/79/103 66/103/103 58/89/103
f 59/93/104 65/99/104 80/123/104 72/109/104
f 73/113/105 79/119/105 94/143/105 86/129/105
f 87/133/106 93/139/106 108/163/106 100/149/106
o black_stone_furnace_base_upper_course
v 0.000000 0.249200 -0.667817
v -0.016630 0.267200 -0.680412
v 0.016630 0.267200 -0.680412
v -0.009742 0.254472 -0.677558
v -0.000000 0.256808 -0.680864
v -0.000000 0.267200 -0.683265
v 0.009742 0.254472 -0.677558
v -0.000000 0.333200 -0.667817
v 0.016630 0.315200 -0.680412
v -0.016630 0.315200 -0.680412
v 0.011759 0.327928 -0.675541
v 0.000000 0.325592 -0.680271
v 0.000000 0.315200 -0.684447
v -0.011759 0.327928 -0.675541
v 0.472218 0.249200 -0.472218
v 0.469365 0.267200 -0.492883
v 0.492883 0.267200 -0.469365
v 0.472218 0.254472 -0.485994
v 0.481444 0.256808 -0.481444
v 0.483141 0.267200 -0.483141
v 0.485994 0.254472 -0.472218
v 0.472218 0.333200 -0.472218
v 0.492883 0.315200 -0.469365
v 0.469365 0.315200 -0.492883
v 0.485994 0.327928 -0.472218
v 0.481444 0.325593 -0.481444
v 0.483141 0.315200 -0.483141
v 0.472218 0.327928 -0.485994
v 0.667817 0.249200 0.000000
v 0.680412 0.267200 -0.016630
v 0.680412 0.267200 0.016630
v 0.677558 0.254472 -0.009742
v 0.680864 0.256808 -0.000000
v 0.683265 0.267200 -0.000000
v 0.677558 0.254472 0.009742
v 0.667817 0.333200 -0.000000
v 0.680412 0.315200 0.016630
v 0.680412 0.315200 -0.016630
v 0.677558 0.327928 0.009742
v 0.680864 0.325593 0.000000
v 0.683265 0.315200 0.000000
v 0.677558 0.327928 -0.009742
v 0.472218 0.249200 0.472218
v 0.492883 0.267200 0.469365
v 0.469365 0.267200 0.492883
v 0.485994 0.254472 0.472218
v 0.481444 0.256808 0.481444
v 0.483141 0.267200 0.483141
v 0.472218 0.254472 0.485994
v 0.472218 0.333200 0.472218
v 0.469365 0.315200 0.492883
v 0.492883 0.315200 0.469365
v 0.472218 0.327928 0.485994
v 0.481444 0.325593 0.481444
v 0.483141 0.315200 0.483141
v 0.485994 0.327928 0.472218
v -0.000000 0.249200 0.667817
v 0.016630 0.267200 0.680412
v -0.016630 0.267200 0.680412
v 0.009742 0.254472 0.677558
v 0.000000 0.256808 0.680864
v 0.000000 0.267200 0.683265
v -0.009742 0.254472 0.677558
v 0.000000 0.333200 0.667817
v -0.016630 0.315200 0.680412
v 0.016630 0.315200 0.680412
v -0.011759 0.327928 0.675541
v -0.000000 0.325592 0.680271
v -0.000000 0.315200 0.684447
v 0.011759 0.327928 0.675541
v -0.472218 0.249200 0.472218
v -0.469365 0.267200 0.492883
v -0.492883 0.267200 0.469365
v -0.472218 0.254472 0.485994
v -0.481444 0.256808 0.481444
v -0.483141 0.267200 0.483141
v -0.485994 0.254472 0.472218
v -0.472218 0.333200 0.472218
v -0.492883 0.315200 0.469365
v -0.469365 0.315200 0.492883
v -0.485994 0.327928 0.472218
v -0.481444 0.325593 0.481444
v -0.483141 0.315200 0.483141
v -0.472218 0.327928 0.485994
v -0.667817 0.249200 -0.000000
v -0.680412 0.267200 0.016630
v -0.680412 0.267200 -0.016630
v -0.677558 0.254472 0.009742
v -0.680864 0.256808 0.000000
v -0.683265 0.267200 0.000000
v -0.677558 0.254472 -0.009742
v -0.667817 0.333200 0.000000
v -0.680412 0.315200 -0.016630
v -0.680412 0.315200 0.016630
v -0.675541 0.327928 -0.011759
v -0.680271 0.325592 -0.000000
v -0.684447 0.315200 -0.000000
v -0.675541 0.327928 0.011759
v -0.472218 0.249200 -0.472218
v -0.492883 0.267200 -0.469365
v -0.469365 0.267200 -0.492883
v -0.485994 0.254472 -0.472218
v -0.481444 0.256808 -0.481444
v -0.483141 0.267200 -0.483141
v -0.472218 0.254472 -0.485994
v -0.472218 0.333200 -0.472218
v -0.469365 0.315200 -0.492883
v -0.492883 0.315200 -0.469365
v -0.472218 0.327928 -0.485994
v -0.481444 0.325593 -0.481444
v -0.483141 0.315200 -0.483141
v -0.485994 0.327928 -0.472218
vn -0.0000 -0.8639 -0.5037
vn -0.1959 -0.2724 -0.9420
vn 0.1959 -0.2724 -0.9420
vn -0.0000 0.8534 -0.5213
vn 0.2408 0.3972 -0.8856
vn -0.2408 0.3972 -0.8856
vn 0.3562 -0.8639 -0.3562
vn 0.5276 -0.2724 -0.8046
vn 0.8046 -0.2724 -0.5276
vn 0.3562 0.8639 -0.3562
vn 0.8046 0.2724 -0.5276
vn 0.5276 0.2724 -0.8046
vn 0.5037 -0.8639 -0.0000
vn 0.9420 -0.2724 -0.1959
vn 0.9420 -0.2724 0.1959
vn 0.5037 0.8639 -0.0000
vn 0.9420 0.2724 0.1959
vn 0.9420 0.2724 -0.1959
vn 0.3562 -0.8639 0.3562
vn 0.8046 -0.2724 0.5276
vn 0.5276 -0.2724 0.8046
vn 0.3562 0.8639 0.3562
vn 0.5276 0.2724 0.8046
vn 0.8046 0.2724 0.5276
vn -0.0000 -0.8639 0.5037
vn 0.1959 -0.2724 0.9420
vn -0.1959 -0.2724 0.9420
vn -0.0000 0.8534 0.5213
vn -0.2408 0.3972 0.8856
vn 0.2408 0.3972 0.8856
vn -0.3562 -0.8639 0.3562
vn -0.5276 -0.2724 0.8046
vn -0.8046 -0.2724 0.5276
vn -0.3562 0.8639 0.3562
vn -0.8046 0.2724 0.5276
vn -0.5276 0.2724 0.8046
vn -0.5037 -0.8639 -0.0000
vn -0.9420 -0.2724 0.1959
vn -0.9420 -0.2724 -0.1959
vn -0.5213 0.8534 -0.0000
vn -0.8856 0.3972 -0.2408
vn -0.8856 0.3972 0.2408
vn -0.3562 -0.8639 -0.3562
vn -0.8046 -0.2724 -0.5276
vn -0.5276 -0.2724 -0.8046
vn -0.3562 0.8639 -0.3562
vn -0.5276 0.2724 -0.8046
vn -0.8046 0.2724 -0.5276
vn 0.3536 -0.3827 -0.8536
vn 0.1464 -0.9239 -0.3536
vn 0.3471 0.4158 -0.8406
vn 0.1516 0.9177 -0.3671
vn -0.2028 -0.0121 -0.9791
vn 0.2028 -0.0121 -0.9791
vn 0.8165 -0.0000 -0.5774
vn 0.5774 -0.0000 -0.8165
vn 0.8536 -0.3827 -0.3536
vn 0.3536 -0.9239 -0.1464
vn 0.8536 0.3827 -0.3536
vn 0.3536 0.9239 -0.1464
vn 0.9856 -0.0000 0.1691
vn 0.9856 -0.0000 -0.1691
vn 0.8536 -0.3827 0.3536
vn 0.3536 -0.9239 0.1464
vn 0.8536 0.3827 0.3536
vn 0.3536 0.9239 0.1464
vn 0.5774 -0.0000 0.8165
vn 0.8165 -0.0000 0.5774
vn 0.3536 -0.3827 0.8536
vn 0.1464 -0.9239 0.3536
vn 0.3471 0.4158 0.8406
vn 0.1516 0.9177 0.3671
vn -0.2028 -0.0121 0.9791
vn 0.2028 -0.0121 0.9791
vn -0.3536 -0.3827 0.8536
vn -0.1464 -0.9239 0.3536
vn -0.3471 0.4158 0.8406
vn -0.1516 0.9177 0.3671
vn -0.8165 -0.0000 0.5774
vn -0.5774 -0.0000 0.8165
vn -0.8536 -0.3827 0.3536
vn -0.3536 -0.9239 0.1464
vn -0.8406 0.4158 0.3471
vn -0.3671 0.9177 0.1516
vn -0.9791 -0.0121 -0.2028
vn -0.9791 -0.0121 0.2028
vn -0.8536 -0.3827 -0.3536
vn -0.3536 -0.9239 -0.1464
vn -0.8406 0.4158 -0.3471
vn -0.3671 0.9177 -0.1516
vn -0.5774 -0.0000 -0.8165
vn -0.8165 -0.0000 -0.5774
vn -0.3536 -0.3827 -0.8536
vn -0.1464 -0.9239 -0.3536
vn -0.3471 0.4158 -0.8406
vn -0.1516 0.9177 -0.3671
vn -0.0000 -1.0000 -0.0000
vn 0.3827 -0.0000 -0.9239
vn -0.3827 -0.0000 -0.9239
vn -0.0000 1.0000 -0.0000
vn 0.9239 -0.0000 -0.3827
vn 0.9239 -0.0000 0.3827
vn 0.3827 -0.0000 0.9239
vn -0.3827 -0.0000 0.9239
vn -0.9239 -0.0000 0.3827
vn -0.9239 -0.0000 -0.3827
vt 0.750000 0.483197
vt 0.745894 0.488299
vt 0.749205 0.489671
vt 0.754106 0.488299
vt 0.004277 0.607143
vt 0.000000 0.607143
vt 0.000000 0.545283
vt 0.003024 0.500000
vt 0.995723 0.607143
vt 0.996976 0.500000
vt 0.999415 0.500000
vt 1.000000 0.607143
vt 0.250000 0.483197
vt 0.254957 0.487947
vt 0.250868 0.489641
vt 0.245043 0.487947
vt 0.995723 0.892857
vt 1.000000 0.892857
vt 1.000000 0.954716
vt 0.996349 1.000000
vt 0.004277 0.892857
vt 0.003651 1.000000
vt 0.000639 1.000000
vt 0.000000 0.892857
vt 0.914895 0.414895
vt 0.915599 0.421406
vt 0.918911 0.420035
vt 0.921407 0.415599
vt 0.879277 0.607143
vt 0.875000 0.607143
vt 0.874707 0.522641
vt 0.878025 0.500000
vt 0.870723 0.607143
vt 0.871975 0.500000
vt 0.414895 0.414895
vt 0.421406 0.415599
vt 0.420035 0.418911
vt 0.415599 0.421406
vt 0.870723 0.892857
vt 0.875000 0.892857
vt 0.875293 0.977359
vt 0.871976 1.000000
vt 0.879277 0.892857
vt 0.878024 1.000000
vt 0.983196 0.250000
vt 0.988299 0.254106
vt 0.989671 0.250795
vt 0.988299 0.245894
vt 0.754277 0.607143
vt 0.750000 0.607143
vt 0.749707 0.522641
vt 0.753025 0.500000
vt 0.745723 0.607143
vt 0.746975 0.500000
vt 0.483197 0.250000
vt 0.488299 0.245894
vt 0.489671 0.249205
vt 0.488299 0.254106
vt 0.745723 0.892857
vt 0.750000 0.892857
vt 0.750293 0.977359
vt 0.746976 1.000000
vt 0.754277 0.892857
vt 0.753025 1.000000
vt 0.914895 0.085105
vt 0.921407 0.084401
vt 0.920035 0.081089
vt 0.915599 0.078594
vt 0.629277 0.607143
vt 0.625000 0.607143
vt 0.624707 0.522641
vt 0.628025 0.500000
vt 0.620723 0.607143
vt 0.621976 0.500000
vt 0.414895 0.085105
vt 0.415599 0.078594
vt 0.418911 0.079965
vt 0.421406 0.084401
vt 0.620723 0.892857
vt 0.625000 0.892857
vt 0.625293 0.977359
vt 0.621976 1.000000
vt 0.629277 0.892857
vt 0.628024 1.000000
vt 0.750000 0.016803
vt 0.754106 0.011701
vt 0.750795 0.010329
vt 0.745894 0.011701
vt 0.504277 0.607143
vt 0.500000 0.607143
vt 0.499707 0.522641
vt 0.503025 0.500000
vt 0.495723 0.607143
vt 0.496976 0.500000
vt 0.250000 0.016803
vt 0.245043 0.012053
vt 0.249132 0.010359
vt 0.254957 0.012053
vt 0.495723 0.892857
vt 0.500000 0.892857
vt 0.500320 0.977358
vt 0.496349 1.000000
vt 0.504277 0.892857
vt 0.503651 1.000000
vt 0.585105 0.085105
vt 0.584401 0.078594
vt 0.581089 0.079965
vt 0.578594 0.084401
vt 0.379277 0.607143
vt 0.375000 0.607143
vt 0.374707 0.522641
vt 0.378024 0.500000
vt 0.370723 0.607143
vt 0.371975 0.500000
vt 0.085105 0.085105
vt 0.078594 0.084401
vt 0.079965 0.081089
vt 0.084401 0.078594
vt 0.370723 0.892857
vt 0.375000 0.892857
vt 0.375293 0.977359
vt 0.371976 1.000000
vt 0.379277 0.892857
vt 0.378024 1.000000
vt 0.516803 0.250000
vt 0.511701 0.245894
vt 0.510329 0.249205
vt 0.511701 0.254106
vt 0.254277 0.607143
vt 0.250000 0.607143
vt 0.249707 0.522641
vt 0.253024 0.500000
vt 0.245723 0.607143
vt 0.246976 0.500000
vt 0.016803 0.250000
vt 0.012053 0.254957
vt 0.010359 0.250868
vt 0.012053 0.245043
vt 0.245723 0.892857
vt 0.250000 0.892857
vt 0.250320 0.977358
vt 0.246349 1.000000
vt 0.254277 0.892857
vt 0.253651 1.000000
vt 0.585105 0.414895
vt 0.578593 0.415599
vt 0.579965 0.418911
vt 0.584401 0.421406
vt 0.129277 0.607143
vt 0.125000 0.607143
vt 0.124707 0.522641
vt 0.128025 0.500000
vt 0.120723 0.607143
vt 0.121976 0.500000
vt 0.085105 0.414895
vt 0.084401 0.421406
vt 0.081089 0.420035
vt 0.078594 0.415599
vt 0.120723 0.892857
vt 0.125000 0.892857
vt 0.125293 0.977359
vt 0.121975 1.000000
vt 0.129277 0.892857
vt 0.128024 1.000000
s 0
usemtl Limestone
f 113/165/107 116/166/107 117/167/107 119/168/107
f 114/169/108 118/170/108 117/171/108 116/172/108
f 115/173/109 119/174/109 117/175/109 118/176/109
f 120/177/110 123/178/110 124/179/110 126/180/110
f 121/181/111 125/182/111 124/183/111 123/184/111
f 122/185/112 126/186/112 124/187/112 125/188/112
f 127/189/113 130/190/113 131/191/113 133/192/113
f 128/193/114 132/194/114 131/195/114 130/196/114
f 129/197/115 133/198/115 131/195/115 132/194/115
f 134/199/116 137/200/116 138/201/116 140/202/116
f 135/203/117 139/204/117 138/205/117 137/206/117
f 136/207/118 140/208/118 138/205/118 139/204/118
f 141/209/119 144/210/119 145/211/119 147/212/119
f 142/213/120 146/214/120 145/215/120 144/216/120
f 143/217/121 147/218/121 145/215/121 146/214/121
f 148/219/122 151/220/122 152/221/122 154/222/122
f 149/223/123 153/224/123 152/225/123 151/226/123
f 150/227/124 154/228/124 152/225/124 153/224/124
f 155/229/125 158/230/125 159/231/125 161/232/125
f 156/233/126 160/234/126 159/235/126 158/236/126
f 157/237/127 161/238/127 159/235/127 160/234/127
f 162/239/128 165/240/128 166/241/128 168/242/128
f 163/243/129 167/244/129 166/245/129 165/246/129
f 164/247/130 168/248/130 166/245/130 167/244/130
f 169/249/131 172/250/131 173/251/131 175/252/131
f 170/253/132 174/254/132 173/255/132 172/256/132
f 171/257/133 175/258/133 173/255/133 174/254/133
f 176/259/134 179/260/134 180/261/134 182/262/134
f 177/263/135 181/264/135 180/265/135 179/266/135
f 178/267/136 182/268/136 180/265/136 181/264/136
f 183/269/137 186/270/137 187/271/137 189/272/137
f 184/273/138 188/274/138 187/275/138 186/276/138
f 185/277/139 189/278/139 187/275/139 188/274/139
f 190/279/140 193/280/140 194/281/140 196/282/140
f 191/283/141 195/284/141 194/285/141 193/286/141
f 192/287/142 196/288/142 194/285/142 195/284/142
f 197/289/143 200/290/143 201/291/143 203/292/143
f 198/293/144 202/294/144 201/295/144 200/296/144
f 199/297/145 203/298/145 201/295/145 202/294/145
f 204/299/146 207/300/146 208/301/146 210/302/146
f 205/303/147 209/304/147 208/305/147 207/306/147
f 206/307/148 210/308/148 208/305/148 209/304/148
f 211/309/149 214/310/149 215/311/149 217/312/149
f 212/313/150 216/314/150 215/315/150 214/316/150
f 213/317/151 217/318/151 215/315/151 216/314/151
f 218/319/152 221/320/152 222/321/152 224/322/152
f 219/323/153 223/324/153 222/325/153 221/326/153
f 220/327/154 224/328/154 222/325/154 223/324/154
f 115/173/155 128/193/155 130/196/155 119/174/155
f 119/168/156 130/190/156 127/189/156 113/165/156
f 136/207/157 121/181/157 123/184/157 140/208/157
f 140/202/158 123/178/158 120/177/158 134/199/158
f 114/169/159 122/185/159 125/188/159 118/170/159
f 118/176/160 125/182/160 121/181/160 115/173/160
f 135/203/161 129/197/161 132/194/161 139/204/161
f 139/204/162 132/194/162 128/193/162 136/207/162
f 129/197/163 142/213/163 144/216/163 133/198/163
f 133/192/164 144/210/164 141/209/164 127/189/164
f 150/227/165 135/203/165 137/206/165 154/228/165
f 154/222/166 137/200/166 134/199/166 148/219/166
f 149/223/167 143/217/167 146/214/167 153/224/167
f 153/224/168 146/214/168 142/213/168 150/227/168
f 143/217/169 156/233/169 158/236/169 147/218/169
f 147/212/170 158/230/170 155/229/170 141/209/170
f 164/247/171 149/223/171 151/226/171 168/248/171
f 168/242/172 151/220/172 148/219/172 162/239/172
f 163/243/173 157/237/173 160/234/173 167/244/173
f 167/244/174 160/234/174 156/233/174 164/247/174
f 157/237/175 170/253/175 172/256/175 161/238/175
f 161/232/176 172/250/176 169/249/176 155/229/176
f 178/267/177 163/243/177 165/246/177 182/268/177
f 182/262/178 165/240/178 162/239/178 176/259/178
f 177/263/179 171/257/179 174/254/179 181/264/179
f 181/264/180 174/254/180 170/253/180 178/267/180
f 171/257/181 184/273/181 186/276/181 175/258/181
f 175/252/182 186/270/182 183/269/182 169/249/182
f 192/287/183 177/263/183 179/266/183 196/288/183
f 196/282/184 179/260/184 176/259/184 190/279/184
f 191/283/185 185/277/185 188/274/185 195/284/185
f 195/284/186 188/274/186 184/273/186 192/287/186
f 185/277/187 198/293/187 200/296/187 189/278/187
f 189/272/188 200/290/188 197/289/188 183/269/188
f 206/307/189 191/283/189 193/286/189 210/308/189
f 210/302/190 193/280/190 190/279/190 204/299/190
f 205/303/191 199/297/191 202/294/191 209/304/191
f 209/304/192 202/294/192 198/293/192 206/307/192
f 199/297/193 212/313/193 214/316/193 203/298/193
f 203/292/194 214/310/194 211/309/194 197/289/194
f 220/327/195 205/303/195 207/306/195 224/328/195
f 224/322/196 207/300/196 204/299/196 218/319/196
f 219/323/197 213/317/197 216/314/197 223/324/197
f 223/324/198 216/314/198 212/313/198 220/327/198
f 213/317/199 114/169/199 116/172/199 217/318/199
f 217/312/200 116/166/200 113/165/200 211/309/200
f 122/185/201 219/323/201 221/326/201 126/186/201
f 126/180/202 221/320/202 218/319/202 120/177/202
f 113/165/203 127/189/203 141/209/203 155/229/203 169/249/203 183/269/203 197/289/203 211/309/203
f 115/173/204 121/181/204 136/207/204 128/193/204
f 213/317/205 219/323/205 122/185/205 114/169/205
f 134/199/206 120/177/206 218/319/206 204/299/206 190/279/206 176/259/206 162/239/206 148/219/206
f 129/197/207 135/203/207 150/227/207 142/213/207
f 143/217/208 149/223/208 164/247/208 156/233/208
f 157/237/209 163/243/209 178/267/209 170/253/209
f 171/257/210 177/263/210 192/287/210 184/273/210
f 185/277/211 191/283/211 206/307/211 198/293/211
f 199/297/212 205/303/212 220/327/212 212/313/212
o oak_fire_cradle
v -0.525000 0.260000 0.395000
v -0.525000 0.315000 0.450000
v -0.580000 0.315000 0.395000
v -0.525000 0.267348 0.422464
v -0.552464 0.267348 0.395000
v -0.551302 0.274485 0.421302
v -0.552464 0.315000 0.442652
v -0.525000 0.287536 0.442652
v -0.551302 0.288698 0.435515
v -0.572652 0.287536 0.395000
v -0.572652 0.315000 0.422464
v -0.565515 0.288698 0.421302
v -0.525000 0.445000 0.450000
v -0.525000 0.500000 0.395000
v -0.580000 0.445000 0.395000
v -0.525000 0.472464 0.442652
v -0.552464 0.445000 0.442652
v -0.551302 0.471302 0.435515
v -0.552464 0.492652 0.395000
v -0.525000 0.492652 0.422464
v -0.551302 0.485515 0.421302
v -0.572652 0.445000 0.422464
v -0.572652 0.472464 0.395000
v -0.565515 0.471302 0.421302
v -0.525000 0.260000 -0.435000
v -0.580000 0.315000 -0.435000
v -0.525000 0.315000 -0.490000
v -0.552464 0.267348 -0.435000
v -0.525000 0.267348 -0.462464
v -0.551302 0.274485 -0.461302
v -0.572652 0.315000 -0.462464
v -0.572652 0.287536 -0.435000
v -0.565515 0.288698 -0.461302
v -0.525000 0.287536 -0.482652
v -0.552464 0.315000 -0.482652
v -0.551302 0.288698 -0.475515
v -0.525000 0.500000 -0.435000
v -0.525000 0.445000 -0.490000
v -0.580000 0.445000 -0.435000
v -0.525000 0.492652 -0.462464
v -0.552464 0.492652 -0.435000
v -0.551302 0.485515 -0.461302
v -0.552464 0.445000 -0.482652
v -0.525000 0.472464 -0.482652
v -0.551302 0.471302 -0.475515
v -0.572652 0.472464 -0.435000
v -0.572652 0.445000 -0.462464
v -0.565515 0.471302 -0.461302
v 0.525000 0.260000 0.395000
v 0.580000 0.315000 0.395000
v 0.525000 0.315000 0.450000
v 0.552464 0.267348 0.395000
v 0.525000 0.267348 0.422464
v 0.551302 0.274485 0.421302
v 0.572652 0.315000 0.422464
v 0.572652 0.287536 0.395000
v 0.565515 0.288698 0.421302
v 0.525000 0.287536 0.442652
v 0.552464 0.315000 0.442652
v 0.551302 0.288698 0.435515
v 0.525000 0.500000 0.395000
v 0.525000 0.445000 0.450000
v 0.580000 0.445000 0.395000
v 0.525000 0.492652 0.422464
v 0.552464 0.492652 0.395000
v 0.551302 0.485515 0.421302
v 0.552464 0.445000 0.442652
v 0.525000 0.472464 0.442652
v 0.551302 0.471302 0.435515
v 0.572652 0.472464 0.395000
v 0.572652 0.445000 0.422464
v 0.565515 0.471302 0.421302
v 0.525000 0.260000 -0.435000
v 0.525000 0.315000 -0.490000
v 0.580000 0.315000 -0.435000
v 0.525000 0.267348 -0.462464
v 0.552464 0.267348 -0.435000
v 0.551302 0.274485 -0.461302
v 0.552464 0.315000 -0.482652
v 0.525000 0.287536 -0.482652
v 0.551302 0.288698 -0.475515
v 0.572652 0.287536 -0.435000
v 0.572652 0.315000 -0.462464
v 0.565515 0.288698 -0.461302
v 0.525000 0.500000 -0.435000
v 0.580000 0.445000 -0.435000
v 0.525000 0.445000 -0.490000
v 0.552464 0.492652 -0.435000
v 0.525000 0.492652 -0.462464
v 0.551302 0.485515 -0.461302
v 0.572652 0.445000 -0.462464
v 0.572652 0.472464 -0.435000
v 0.565515 0.471302 -0.461302
v 0.525000 0.472464 -0.482652
v 0.552464 0.445000 -0.482652
v 0.551302 0.471302 -0.475515
vn -0.2566 -0.9318 0.2566
vn -0.2178 -0.6901 0.6901
vn -0.2566 -0.2566 0.9318
vn -0.6901 -0.2178 0.6901
vn -0.9318 -0.2566 0.2566
vn -0.6901 -0.6901 0.2178
vn -0.5774 -0.5774 0.5774
vn -0.2566 0.2566 0.9318
vn -0.2178 0.6901 0.6901
vn -0.2566 0.9318 0.2566
vn -0.6901 0.6901 0.2178
vn -0.9318 0.2566 0.2566
vn -0.6901 0.2178 0.6901
vn -0.5774 0.5774 0.5774
vn -0.2566 -0.9318 -0.2566
vn -0.6901 -0.6901 -0.2178
vn -0.9318 -0.2566 -0.2566
vn -0.6901 -0.2178 -0.6901
vn -0.2566 -0.2566 -0.9318
vn -0.2178 -0.6901 -0.6901
vn -0.5774 -0.5774 -0.5774
vn -0.2566 0.9318 -0.2566
vn -0.2178 0.6901 -0.6901
vn -0.2566 0.2566 -0.9318
vn -0.6901 0.2178 -0.6901
vn -0.9318 0.2566 -0.2566
vn -0.6901 0.6901 -0.2178
vn -0.5774 0.5774 -0.5774
vn 0.2566 -0.9318 0.2566
vn 0.6901 -0.6901 0.2178
vn 0.9318 -0.2566 0.2566
vn 0.6901 -0.2178 0.6901
vn 0.2566 -0.2566 0.9318
vn 0.2178 -0.6901 0.6901
vn 0.5774 -0.5774 0.5774
vn 0.2566 0.9318 0.2566
vn 0.2178 0.6901 0.6901
vn 0.2566 0.2566 0.9318
vn 0.6901 0.2178 0.6901
vn 0.9318 0.2566 0.2566
vn 0.6901 0.6901 0.2178
vn 0.5774 0.5774 0.5774
vn 0.2566 -0.9318 -0.2566
vn 0.2178 -0.6901 -0.6901
vn 0.2566 -0.2566 -0.9318
vn 0.6901 -0.2178 -0.6901
vn 0.9318 -0.2566 -0.2566
vn 0.6901 -0.6901 -0.2178
vn 0.5774 -0.5774 -0.5774
vn 0.2566 0.9318 -0.2566
vn 0.6901 0.6901 -0.2178
vn 0.9318 0.2566 -0.2566
vn 0.6901 0.2178 -0.6901
vn 0.2566 0.2566 -0.9318
vn 0.2178 0.6901 -0.6901
vn 0.5774 0.5774 -0.5774
vn -0.2585 -0.9660 -0.0000
vn -0.7071 -0.7071 -0.0000
vn -0.9660 -0.2585 -0.0000
vn -0.2585 -0.0000 0.9660
vn -0.7071 -0.0000 0.7071
vn -0.9660 -0.0000 0.2585
vn -0.2585 0.9660 -0.0000
vn -0.7071 0.7071 -0.0000
vn -0.9660 0.2585 -0.0000
vn -0.2585 -0.0000 -0.9660
vn -0.7071 -0.0000 -0.7071
vn -0.9660 -0.0000 -0.2585
vn -0.0000 -0.9660 -0.2585
vn -0.0000 -0.7071 -0.7071
vn -0.0000 -0.2585 -0.9660
vn -0.0000 0.9660 -0.2585
vn -0.0000 0.7071 -0.7071
vn -0.0000 0.2585 -0.9660
vn 0.9660 -0.0000 -0.2585
vn 0.7071 -0.0000 -0.7071
vn 0.2585 -0.0000 -0.9660
vn 0.2585 -0.9660 -0.0000
vn 0.7071 -0.7071 -0.0000
vn 0.9660 -0.2585 -0.0000
vn 0.2585 0.9660 -0.0000
vn 0.7071 0.7071 -0.0000
vn 0.9660 0.2585 -0.0000
vn 0.2585 -0.0000 0.9660
vn 0.7071 -0.0000 0.7071
vn 0.9660 -0.0000 0.2585
vn -0.0000 -0.9660 0.2585
vn -0.0000 -0.7071 0.7071
vn -0.0000 -0.2585 0.9660
vn -0.0000 0.9660 0.2585
vn -0.0000 0.7071 0.7071
vn -0.0000 0.2585 0.9660
vn -0.0000 -1.0000 -0.0000
vn -1.0000 -0.0000 -0.0000
vn -0.0000 -0.0000 1.0000
vn -0.0000 1.0000 -0.0000
vn -0.0000 -0.0000 -1.0000
vn 1.0000 -0.0000 -0.0000
vt 0.136853 0.735372
vt 0.136853 0.742677
vt 0.131185 0.742367
vt 0.130934 0.735372
vt 0.136853 0.750000
vt 0.131185 0.750000
vt 0.432292 0.988147
vt 0.432292 1.000000
vt 0.375000 0.993815
vt 0.375000 0.988147
vt 0.432292 0.000000
vt 0.432292 0.007323
vt 0.375000 0.007633
vt 0.375000 0.000000
vt 0.432292 0.014628
vt 0.375000 0.014628
vt 0.125000 0.735372
vt 0.125000 0.742367
vt 0.567708 0.988147
vt 0.596316 0.988146
vt 0.595106 1.000000
vt 0.567708 1.000000
vt 0.625000 0.988147
vt 0.625000 1.000000
vt 0.863147 0.735372
vt 0.875000 0.735372
vt 0.875000 0.742368
vt 0.863147 0.750000
vt 0.625000 0.014628
vt 0.596317 0.014628
vt 0.595106 0.007633
vt 0.625000 0.007633
vt 0.567708 0.014628
vt 0.567708 0.007323
vt 0.567708 0.000000
vt 0.595106 0.000000
vt 0.136853 0.514628
vt 0.130935 0.514628
vt 0.131185 0.507633
vt 0.136853 0.507323
vt 0.125000 0.514628
vt 0.125000 0.507633
vt 0.432292 0.235372
vt 0.432292 0.242677
vt 0.375000 0.242367
vt 0.375000 0.235372
vt 0.432292 0.255935
vt 0.375000 0.256185
vt 0.432292 0.261853
vt 0.375000 0.261853
vt 0.136853 0.500000
vt 0.131185 0.500000
vt 0.863146 0.514628
vt 0.863147 0.500000
vt 0.875000 0.507632
vt 0.875000 0.514628
vt 0.625000 0.261853
vt 0.596317 0.261853
vt 0.595106 0.255408
vt 0.625000 0.245734
vt 0.567708 0.261853
vt 0.567708 0.255934
vt 0.567708 0.242677
vt 0.595106 0.242367
vt 0.567708 0.235372
vt 0.596317 0.235372
vt 0.625000 0.235372
vt 0.363147 0.735372
vt 0.369065 0.735372
vt 0.368815 0.742368
vt 0.363147 0.742677
vt 0.403683 0.735372
vt 0.402340 0.742367
vt 0.432292 0.735372
vt 0.432292 0.742677
vt 0.432292 0.755935
vt 0.372728 0.753914
vt 0.432292 0.761853
vt 0.369073 0.755926
vt 0.636853 0.735372
vt 0.630926 0.755927
vt 0.628913 0.752272
vt 0.630934 0.735372
vt 0.596317 0.761853
vt 0.595106 0.756185
vt 0.567708 0.761854
vt 0.567708 0.755935
vt 0.567708 0.742677
vt 0.595106 0.743200
vt 0.567708 0.735372
vt 0.596317 0.735372
vt 0.363147 0.514628
vt 0.363146 0.507323
vt 0.368815 0.507633
vt 0.369066 0.514628
vt 0.369073 0.494074
vt 0.372728 0.496087
vt 0.432292 0.488147
vt 0.432292 0.494065
vt 0.432292 0.507323
vt 0.402340 0.507633
vt 0.432292 0.514628
vt 0.403683 0.514628
vt 0.636854 0.514628
vt 0.630935 0.514628
vt 0.628913 0.497728
vt 0.630926 0.494073
vt 0.596317 0.514628
vt 0.595106 0.506800
vt 0.567708 0.514628
vt 0.567708 0.507323
vt 0.567708 0.494066
vt 0.595106 0.493815
vt 0.567708 0.488147
vt 0.596317 0.488147
s 0
usemtl OiledOak
f 225/329/213 228/330/213 230/331/213 229/332/213
f 228/330/214 232/333/214 233/334/214 230/331/214
f 226/335/215 231/336/215 233/337/215 232/338/215
f 231/339/216 235/340/216 236/341/216 233/342/216
f 227/343/217 234/344/217 236/341/217 235/340/217
f 234/345/218 229/332/218 230/331/218 236/346/218
f 230/331/219 233/334/219 236/346/219
f 237/347/220 240/348/220 242/349/220 241/350/220
f 240/348/221 244/351/221 245/352/221 242/349/221
f 238/353/222 243/354/222 245/355/222 244/356/222
f 243/357/223 247/358/223 248/359/223 245/360/223
f 239/361/224 246/362/224 248/359/224 247/358/224
f 246/362/225 241/363/225 242/364/225 248/359/225
f 242/364/226 245/360/226 248/359/226
f 249/365/227 252/366/227 254/367/227 253/368/227
f 252/366/228 256/369/228 257/370/228 254/367/228
f 250/371/229 255/372/229 257/373/229 256/374/229
f 255/372/230 259/375/230 260/376/230 257/373/230
f 251/377/231 258/378/231 260/376/231 259/375/231
f 258/379/232 253/368/232 254/367/232 260/380/232
f 254/367/233 257/370/233 260/380/233
f 261/381/234 264/382/234 266/383/234 265/384/234
f 264/385/235 268/386/235 269/387/235 266/388/235
f 262/389/236 267/390/236 269/387/236 268/386/236
f 267/390/237 271/391/237 272/392/237 269/387/237
f 263/393/238 270/394/238 272/392/238 271/391/238
f 270/394/239 265/395/239 266/388/239 272/392/239
f 266/388/240 269/387/240 272/392/240
f 273/396/241 276/397/241 278/398/241 277/399/241
f 276/397/242 280/400/242 281/401/242 278/398/242
f 274/402/243 279/403/243 281/401/243 280/400/243
f 279/403/244 283/404/244 284/405/244 281/401/244
f 275/406/245 282/407/245 284/405/245 283/404/245
f 282/407/246 277/399/246 278/398/246 284/405/246
f 278/398/247 281/401/247 284/405/247
f 285/408/248 288/409/248 290/410/248 289/411/248
f 288/409/249 292/412/249 293/413/249 290/410/249
f 286/414/250 291/415/250 293/413/250 292/412/250
f 291/415/251 295/416/251 296/417/251 293/413/251
f 287/418/252 294/419/252 296/417/252 295/416/252
f 294/419/253 289/411/253 290/410/253 296/417/253
f 290/410/254 293/413/254 296/417/254
f 297/420/255 300/421/255 302/422/255 301/423/255
f 300/421/256 304/424/256 305/425/256 302/422/256
f 298/426/257 303/427/257 305/425/257 304/424/257
f 303/427/258 307/428/258 308/429/258 305/425/258
f 299/430/259 306/431/259 308/429/259 307/428/259
f 306/431/260 301/423/260 302/422/260 308/429/260
f 302/422/261 305/425/261 308/429/261
f 309/432/262 312/433/262 314/434/262 313/435/262
f 312/433/263 316/436/263 317/437/263 314/434/263
f 310/438/264 315/439/264 317/437/264 316/436/264
f 315/439/265 319/440/265 320/441/265 317/437/265
f 311/442/266 318/443/266 320/441/266 319/440/266
f 318/443/267 313/435/267 314/434/267 320/441/267
f 314/434/268 317/437/268 320/441/268
f 249/365/269 225/329/269 229/332/269 252/366/269
f 252/366/270 229/332/270 234/345/270 256/369/270
f 256/374/271 234/344/271 227/343/271 250/371/271
f 226/335/272 237/347/272 241/350/272 231/336/272
f 231/339/273 241/363/273 246/362/273 235/340/273
f 235/340/274 246/362/274 239/361/274 227/343/274
f 238/353/275 261/381/275 265/384/275 243/354/275
f 243/357/276 265/395/276 270/394/276 247/358/276
f 247/358/277 270/394/277 263/393/277 239/361/277
f 262/389/278 251/377/278 259/375/278 267/390/278
f 267/390/279 259/375/279 255/372/279 271/391/279
f 271/391/280 255/372/280 250/371/280 263/393/280
f 297/420/281 249/365/281 253/368/281 300/421/281
f 300/421/282 253/368/282 258/379/282 304/424/282
f 304/424/283 258/378/283 251/377/283 298/426/283
f 261/381/284 309/432/284 313/435/284 264/382/284
f 264/385/285 313/435/285 318/443/285 268/386/285
f 268/386/286 318/443/286 311/442/286 262/389/286
f 310/438/287 299/430/287 307/428/287 315/439/287
f 315/439/288 307/428/288 303/427/288 319/440/288
f 319/440/289 303/427/289 298/426/289 311/442/289
f 273/396/290 297/420/290 301/423/290 276/397/290
f 276/397/291 301/423/291 306/431/291 280/400/291
f 280/400/292 306/431/292 299/430/292 274/402/292
f 309/432/293 285/408/293 289/411/293 312/433/293
f 312/433/294 289/411/294 294/419/294 316/436/294
f 316/436/295 294/419/295 287/418/295 310/438/295
f 286/414/296 275/406/296 283/404/296 291/415/296
f 291/415/297 283/404/297 279/403/297 295/416/297
f 295/416/298 279/403/298 274/402/298 287/418/298
f 225/329/299 273/396/299 277/399/299 228/330/299
f 228/330/300 277/399/300 282/407/300 232/333/300
f 232/338/301 282/407/301 275/406/301 226/335/301
f 285/408/302 238/353/302 244/356/302 288/409/302
f 288/409/303 244/351/303 240/348/303 292/412/303
f 292/412/304 240/348/304 237/347/304 286/414/304
f 249/365/305 297/420/305 273/396/305 225/329/305
f 227/343/306 239/361/306 263/393/306 250/371/306
f 275/406/307 286/414/307 237/347/307 226/335/307
f 309/432/308 261/381/308 238/353/308 285/408/308
f 251/377/309 262/389/309 311/442/309 298/426/309
f 299/430/310 310/438/310 287/418/310 274/402/310
o iron_furnace_jacket
v -0.275000 0.410000 0.305000
v -0.275000 0.465000 0.360000
v -0.330000 0.465000 0.305000
v -0.275000 0.417348 0.332464
v -0.302464 0.417348 0.305000
v -0.301302 0.424485 0.331302
v -0.302464 0.465000 0.352652
v -0.275000 0.437536 0.352652
v -0.301302 0.438698 0.345515
v -0.322652 0.437536 0.305000
v -0.322652 0.465000 0.332464
v -0.315515 0.438698 0.331302
v -0.275000 0.935000 0.360000
v -0.275000 0.990000 0.305000
v -0.330000 0.935000 0.305000
v -0.275000 0.962464 0.352652
v -0.302464 0.935000 0.352652
v -0.301302 0.961302 0.345515
v -0.302464 0.982652 0.305000
v -0.275000 0.982652 0.332464
v -0.301302 0.975515 0.331302
v -0.322652 0.935000 0.332464
v -0.322652 0.962464 0.305000
v -0.315515 0.961302 0.331302
v -0.275000 0.410000 -0.225000
v -0.330000 0.465000 -0.225000
v -0.275000 0.465000 -0.280000
v -0.302464 0.417348 -0.225000
v -0.275000 0.417348 -0.252464
v -0.301302 0.424485 -0.251302
v -0.322652 0.465000 -0.252464
v -0.322652 0.437536 -0.225000
v -0.315515 0.438698 -0.251302
v -0.275000 0.437536 -0.272652
v -0.302464 0.465000 -0.272652
v -0.301302 0.438698 -0.265515
v -0.275000 0.990000 -0.225000
v -0.275000 0.935000 -0.280000
v -0.330000 0.935000 -0.225000
v -0.275000 0.982652 -0.252464
v -0.302464 0.982652 -0.225000
v -0.301302 0.975515 -0.251302
v -0.302464 0.935000 -0.272652
v -0.275000 0.962464 -0.272652
v -0.301302 0.961302 -0.265515
v -0.322652 0.962464 -0.225000
v -0.322652 0.935000 -0.252464
v -0.315515 0.961302 -0.251302
v 0.275000 0.410000 0.305000
v 0.330000 0.465000 0.305000
v 0.275000 0.465000 0.360000
v 0.302464 0.417348 0.305000
v 0.275000 0.417348 0.332464
v 0.301302 0.424485 0.331302
v 0.322652 0.465000 0.332464
v 0.322652 0.437536 0.305000
v 0.315515 0.438698 0.331302
v 0.275000 0.437536 0.352652
v 0.302464 0.465000 0.352652
v 0.301302 0.438698 0.345515
v 0.275000 0.990000 0.305000
v 0.275000 0.935000 0.360000
v 0.330000 0.935000 0.305000
v 0.275000 0.982652 0.332464
v 0.302464 0.982652 0.305000
v 0.301302 0.975515 0.331302
v 0.302464 0.935000 0.352652
v 0.275000 0.962464 0.352652
v 0.301302 0.961302 0.345515
v 0.322652 0.962464 0.305000
v 0.322652 0.935000 0.332464
v 0.315515 0.961302 0.331302
v 0.275000 0.410000 -0.225000
v 0.275000 0.465000 -0.280000
v 0.330000 0.465000 -0.225000
v 0.275000 0.417348 -0.252464
v 0.302464 0.417348 -0.225000
v 0.301302 0.424485 -0.251302
v 0.302464 0.465000 -0.272652
v 0.275000 0.437536 -0.272652
v 0.301302 0.438698 -0.265515
v 0.322652 0.437536 -0.225000
v 0.322652 0.465000 -0.252464
v 0.315515 0.438698 -0.251302
v 0.275000 0.990000 -0.225000
v 0.330000 0.935000 -0.225000
v 0.275000 0.935000 -0.280000
v 0.302464 0.982652 -0.225000
v 0.275000 0.982652 -0.252464
v 0.301302 0.975515 -0.251302
v 0.322652 0.935000 -0.252464
v 0.322652 0.962464 -0.225000
v 0.315515 0.961302 -0.251302
v 0.275000 0.962464 -0.272652
v 0.302464 0.935000 -0.272652
v 0.301302 0.961302 -0.265515
vn -0.2566 -0.9318 0.2566
vn -0.2178 -0.6901 0.6901
vn -0.2566 -0.2566 0.9318
vn -0.6901 -0.2178 0.6901
vn -0.9318 -0.2566 0.2566
vn -0.6901 -0.6901 0.2178
vn -0.5774 -0.5773 0.5773
vn -0.2566 0.2566 0.9318
vn -0.2178 0.6901 0.6901
vn -0.2566 0.9318 0.2566
vn -0.6901 0.6901 0.2178
vn -0.9318 0.2566 0.2566
vn -0.6901 0.2178 0.6901
vn -0.5774 0.5773 0.5773
vn -0.2566 -0.9318 -0.2566
vn -0.6901 -0.6901 -0.2178
vn -0.9318 -0.2566 -0.2566
vn -0.6901 -0.2178 -0.6901
vn -0.2566 -0.2566 -0.9318
vn -0.2178 -0.6901 -0.6901
vn -0.5774 -0.5773 -0.5773
vn -0.2566 0.9318 -0.2566
vn -0.2178 0.6901 -0.6901
vn -0.2566 0.2566 -0.9318
vn -0.6901 0.2178 -0.6901
vn -0.9318 0.2566 -0.2566
vn -0.6901 0.6901 -0.2178
vn -0.5774 0.5773 -0.5773
vn 0.2566 -0.9318 0.2566
vn 0.6901 -0.6901 0.2178
vn 0.9318 -0.2566 0.2566
vn 0.6901 -0.2178 0.6901
vn 0.2566 -0.2566 0.9318
vn 0.2178 -0.6901 0.6901
vn 0.5774 -0.5773 0.5773
vn 0.2566 0.9318 0.2566
vn 0.2178 0.6901 0.6901
vn 0.2566 0.2566 0.9318
vn 0.6901 0.2178 0.6901
vn 0.9318 0.2566 0.2566
vn 0.6901 0.6901 0.2178
vn 0.5774 0.5773 0.5773
vn 0.2566 -0.9318 -0.2566
vn 0.2178 -0.6901 -0.6901
vn 0.2566 -0.2566 -0.9318
vn 0.6901 -0.2178 -0.6901
vn 0.9318 -0.2566 -0.2566
vn 0.6901 -0.6901 -0.2178
vn 0.5774 -0.5773 -0.5773
vn 0.2566 0.9318 -0.2566
vn 0.6901 0.6901 -0.2178
vn 0.9318 0.2566 -0.2566
vn 0.6901 0.2178 -0.6901
vn 0.2566 0.2566 -0.9318
vn 0.2178 0.6901 -0.6901
vn 0.5774 0.5773 -0.5773
vn -0.2585 -0.9660 -0.0000
vn -0.7071 -0.7071 -0.0000
vn -0.9660 -0.2585 -0.0000
vn -0.2585 -0.0000 0.9660
vn -0.7071 -0.0000 0.7071
vn -0.9660 -0.0000 0.2585
vn -0.2585 0.9660 -0.0000
vn -0.7071 0.7071 -0.0000
vn -0.9660 0.2585 -0.0000
vn -0.2585 -0.0000 -0.9660
vn -0.7071 -0.0000 -0.7071
vn -0.9660 -0.0000 -0.2585
vn -0.0000 -0.9660 -0.2585
vn -0.0000 -0.7071 -0.7071
vn -0.0000 -0.2585 -0.9660
vn -0.0000 0.9660 -0.2585
vn -0.0000 0.7071 -0.7071
vn -0.0000 0.2585 -0.9660
vn 0.9660 -0.0000 -0.2585
vn 0.7071 -0.0000 -0.7071
vn 0.2585 -0.0000 -0.9660
vn 0.2585 -0.9660 -0.0000
vn 0.7071 -0.7071 -0.0000
vn 0.9660 -0.2585 -0.0000
vn 0.2585 0.9660 -0.0000
vn 0.7071 0.7071 -0.0000
vn 0.9660 0.2585 -0.0000
vn 0.2585 -0.0000 0.9660
vn 0.7071 -0.0000 0.7071
vn 0.9660 -0.0000 0.2585
vn -0.0000 -0.9660 0.2585
vn -0.0000 -0.7071 0.7071
vn -0.0000 -0.2585 0.9660
vn -0.0000 0.9660 0.2585
vn -0.0000 0.7071 0.7071
vn -0.0000 0.2585 0.9660
vn -0.0000 -1.0000 -0.0000
vn -1.0000 -0.0000 -0.0000
vn -0.0000 -0.0000 1.0000
vn -0.0000 1.0000 -0.0000
vn -0.0000 -0.0000 -1.0000
vn 1.0000 -0.0000 -0.0000
vt 0.145833 0.728516
vt 0.145833 0.739244
vt 0.135871 0.738790
vt 0.135430 0.728516
vt 0.145833 0.750000
vt 0.135871 0.750000
vt 0.398707 0.979167
vt 0.398707 1.000000
vt 0.375000 0.989129
vt 0.375000 0.979167
vt 0.398707 0.000000
vt 0.398707 0.010756
vt 0.375000 0.011210
vt 0.375000 0.000000
vt 0.398707 0.021484
vt 0.375000 0.021484
vt 0.125000 0.728516
vt 0.125000 0.738790
vt 0.601293 0.979167
vt 0.613131 0.979167
vt 0.612630 1.000000
vt 0.601293 1.000000
vt 0.625000 0.979167
vt 0.625000 1.000000
vt 0.854167 0.728516
vt 0.875000 0.728516
vt 0.875000 0.738790
vt 0.854167 0.750000
vt 0.625000 0.021484
vt 0.613131 0.021484
vt 0.612630 0.011210
vt 0.625000 0.011210
vt 0.601293 0.021484
vt 0.601293 0.010756
vt 0.601293 0.000000
vt 0.612630 0.000000
vt 0.145833 0.521484
vt 0.135430 0.521484
vt 0.135871 0.511210
vt 0.145833 0.510756
vt 0.125000 0.521484
vt 0.125000 0.511210
vt 0.398707 0.228516
vt 0.398707 0.239244
vt 0.375000 0.238790
vt 0.375000 0.228516
vt 0.398707 0.260430
vt 0.375000 0.260871
vt 0.398707 0.270833
vt 0.375000 0.270833
vt 0.145833 0.500000
vt 0.135871 0.500000
vt 0.854167 0.521484
vt 0.854167 0.500000
vt 0.875000 0.511210
vt 0.875000 0.521484
vt 0.625000 0.270833
vt 0.613131 0.270833
vt 0.612630 0.259592
vt 0.625000 0.243735
vt 0.601293 0.270833
vt 0.601293 0.260430
vt 0.601293 0.239244
vt 0.612630 0.238790
vt 0.601293 0.228516
vt 0.613131 0.228516
vt 0.625000 0.228516
vt 0.354167 0.728516
vt 0.364570 0.728516
vt 0.364129 0.738790
vt 0.354167 0.739244
vt 0.386869 0.728516
vt 0.385988 0.738790
vt 0.398707 0.728516
vt 0.398707 0.739244
vt 0.398707 0.760430
vt 0.371008 0.756878
vt 0.398707 0.770833
vt 0.364600 0.760434
vt 0.645833 0.728516
vt 0.635434 0.760400
vt 0.631878 0.753992
vt 0.635430 0.728516
vt 0.613131 0.770833
vt 0.612630 0.760871
vt 0.601293 0.770833
vt 0.601293 0.760430
vt 0.601293 0.739244
vt 0.612630 0.740081
vt 0.601293 0.728516
vt 0.613131 0.728516
vt 0.354167 0.521484
vt 0.354167 0.510756
vt 0.364129 0.511210
vt 0.364570 0.521484
vt 0.364600 0.489566
vt 0.371008 0.493122
vt 0.398707 0.479167
vt 0.398707 0.489570
vt 0.398707 0.510756
vt 0.385988 0.511210
vt 0.398707 0.521484
vt 0.386869 0.521484
vt 0.645833 0.521484
vt 0.635430 0.521484
vt 0.631878 0.496008
vt 0.635434 0.489600
vt 0.613131 0.521484
vt 0.612630 0.509918
vt 0.601293 0.521484
vt 0.601293 0.510756
vt 0.601293 0.489570
vt 0.612630 0.489129
vt 0.601293 0.479167
vt 0.613131 0.479167
s 0
usemtl BlackIron
f 321/444/311 324/445/311 326/446/311 325/447/311
f 324/445/312 328/448/312 329/449/312 326/446/312
f 322/450/313 327/451/313 329/452/313 328/453/313
f 327/454/314 331/455/314 332/456/314 329/457/314
f 323/458/315 330/459/315 332/456/315 331/455/315
f 330/460/316 325/447/316 326/446/316 332/461/316
f 326/446/317 329/449/317 332/461/317
f 333/462/318 336/463/318 338/464/318 337/465/318
f 336/463/319 340/466/319 341/467/319 338/464/319
f 334/468/320 339/469/320 341/470/320 340/471/320
f 339/472/321 343/473/321 344/474/321 341/475/321
f 335/476/322 342/477/322 344/474/322 343/473/322
f 342/477/323 337/478/323 338/479/323 344/474/323
f 338/479/324 341/475/324 344/474/324
f 345/480/325 348/481/325 350/482/325 349/483/325
f 348/481/326 352/484/326 353/485/326 350/482/326
f 346/486/327 351/487/327 353/488/327 352/489/327
f 351/487/328 355/490/328 356/491/328 353/488/328
f 347/492/329 354/493/329 356/491/329 355/490/329
f 354/494/330 349/483/330 350/482/330 356/495/330
f 350/482/331 353/485/331 356/495/331
f 357/496/332 360/497/332 362/498/332 361/499/332
f 360/500/333 364/501/333 365/502/333 362/503/333
f 358/504/334 363/505/334 365/502/334 364/501/334
f 363/505/335 367/506/335 368/507/335 365/502/335
f 359/508/336 366/509/336 368/507/336 367/506/336
f 366/509/337 361/510/337 362/503/337 368/507/337
f 362/503/338 365/502/338 368/507/338
f 369/511/339 372/512/339 374/513/339 373/514/339
f 372/512/340 376/515/340 377/516/340 374/513/340
f 370/517/341 375/518/341 377/516/341 376/515/341
f 375/518/342 379/519/342 380/520/342 377/516/342
f 371/521/343 378/522/343 380/520/343 379/519/343
f 378/522/344 373/514/344 374/513/344 380/520/344
f 374/513/345 377/516/345 380/520/345
f 381/523/346 384/524/346 386/525/346 385/526/346
f 384/524/347 388/527/347 389/528/347 386/525/347
f 382/529/348 387/530/348 389/528/348 388/527/348
f 387/530/349 391/531/349 392/532/349 389/528/349
f 383/533/350 390/534/350 392/532/350 391/531/350
f 390/534/351 385/526/351 386/525/351 392/532/351
f 386/525/352 389/528/352 392/532/352
f 393/535/353 396/536/353 398/537/353 397/538/353
f 396/536/354 400/539/354 401/540/354 398/537/354
f 394/541/355 399/542/355 401/540/355 400/539/355
f 399/542/356 403/543/356 404/544/356 401/540/356
f 395/545/357 402/546/357 404/544/357 403/543/357
f 402/546/358 397/538/358 398/537/358 404/544/358
f 398/537/359 401/540/359 404/544/359
f 405/547/360 408/548/360 410/549/360 409/550/360
f 408/548/361 412/551/361 413/552/361 410/549/361
f 406/553/362 411/554/362 413/552/362 412/551/362
f 411/554/363 415/555/363 416/556/363 413/552/363
f 407/557/364 414/558/364 416/556/364 415/555/364
f 414/558/365 409/550/365 410/549/365 416/556/365
f 410/549/366 413/552/366 416/556/366
f 345/480/367 321/444/367 325/447/367 348/481/367
f 348/481/368 325/447/368 330/460/368 352/484/368
f 352/489/369 330/459/369 323/458/369 346/486/369
f 322/450/370 333/462/370 337/465/370 327/451/370
f 327/454/371 337/478/371 342/477/371 331/455/371
f 331/455/372 342/477/372 335/476/372 323/458/372
f 334/468/373 357/496/373 361/499/373 339/469/373
f 339/472/374 361/510/374 366/509/374 343/473/374
f 343/473/375 366/509/375 359/508/375 335/476/375
f 358/504/376 347/492/376 355/490/376 363/505/376
f 363/505/377 355/490/377 351/487/377 367/506/377
f 367/506/378 351/487/378 346/486/378 359/508/378
f 393/535/379 345/480/379 349/483/379 396/536/379
f 396/536/380 349/483/380 354/494/380 400/539/380
f 400/539/381 354/493/381 347/492/381 394/541/381
f 357/496/382 405/547/382 409/550/382 360/497/382
f 360/500/383 409/550/383 414/558/383 364/501/383
f 364/501/384 414/558/384 407/557/384 358/504/384
f 406/553/385 395/545/385 403/543/385 411/554/385
f 411/554/386 403/543/386 399/542/386 415/555/386
f 415/555/387 399/542/387 394/541/387 407/557/387
f 369/511/388 393/535/388 397/538/388 372/512/388
f 372/512/389 397/538/389 402/546/389 376/515/389
f 376/515/390 402/546/390 395/545/390 370/517/390
f 405/547/391 381/523/391 385/526/391 408/548/391
f 408/548/392 385/526/392 390/534/392 412/551/392
f 412/551/393 390/534/393 383/533/393 406/553/393
f 382/529/394 371/521/394 379/519/394 387/530/394
f 387/530/395 379/519/395 375/518/395 391/531/395
f 391/531/396 375/518/396 370/517/396 383/533/396
f 321/444/397 369/511/397 373/514/397 324/445/397
f 324/445/398 373/514/398 378/522/398 328/448/398
f 328/453/399 378/522/399 371/521/399 322/450/399
f 381/523/400 334/468/400 340/471/400 384/524/400
f 384/524/401 340/466/401 336/463/401 388/527/401
f 388/527/402 336/463/402 333/462/402 382/529/402
f 345/480/403 393/535/403 369/511/403 321/444/403
f 323/458/404 335/476/404 359/508/404 346/486/404
f 371/521/405 382/529/405 333/462/405 322/450/405
f 405/547/406 357/496/406 334/468/406 381/523/406
f 347/492/407 358/504/407 407/557/407 394/541/407
f 395/545/408 406/553/408 383/533/408 370/517/408
o bronze_blast_collar
v 0.000000 1.070000 0.340000
v 0.000000 1.070000 0.520000
v 0.081702 1.058253 0.340000
v 0.081702 1.058253 0.520000
v 0.156786 1.023963 0.340000
v 0.156786 1.023963 0.520000
v 0.219167 0.969910 0.340000
v 0.219167 0.969910 0.520000
v 0.263793 0.900470 0.340000
v 0.263793 0.900470 0.520000
v 0.287048 0.821271 0.340000
v 0.287048 0.821271 0.520000
v 0.287048 0.738729 0.340000
v 0.287048 0.738729 0.520000
v 0.263793 0.659530 0.340000
v 0.263793 0.659530 0.520000
v 0.219167 0.590090 0.340000
v 0.219167 0.590090 0.520000
v 0.156786 0.536036 0.340000
v 0.156786 0.536036 0.520000
v 0.081702 0.501747 0.340000
v 0.081702 0.501747 0.520000
v 0.000000 0.490000 0.340000
v 0.000000 0.490000 0.520000
v -0.081702 0.501747 0.340000
v -0.081702 0.501747 0.520000
v -0.156786 0.536036 0.340000
v -0.156786 0.536036 0.520000
v -0.219167 0.590090 0.340000
v -0.219167 0.590090 0.520000
v -0.263793 0.659530 0.340000
v -0.263793 0.659530 0.520000
v -0.287048 0.738729 0.340000
v -0.287048 0.738729 0.520000
v -0.287048 0.821271 0.340000
v -0.287048 0.821271 0.520000
v -0.263793 0.900470 0.340000
v -0.263793 0.900470 0.520000
v -0.219167 0.969910 0.340000
v -0.219167 0.969910 0.520000
v -0.156786 1.023963 0.340000
v -0.156786 1.023963 0.520000
v -0.081702 1.058253 0.340000
v -0.081702 1.058253 0.520000
vn -0.0000 0.7365 -0.6764
vn -0.0000 0.7365 0.6764
vn 0.2075 0.7067 -0.6764
vn 0.2075 0.7067 0.6764
vn 0.3982 0.6196 -0.6764
vn 0.3982 0.6196 0.6764
vn 0.5566 0.4823 -0.6764
vn 0.5566 0.4823 0.6764
vn 0.6699 0.3060 -0.6764
vn 0.6699 0.3060 0.6764
vn 0.7290 0.1048 -0.6764
vn 0.7290 0.1048 0.6764
vn 0.7290 -0.1048 -0.6764
vn 0.7290 -0.1048 0.6764
vn 0.6699 -0.3060 -0.6764
vn 0.6699 -0.3060 0.6764
vn 0.5566 -0.4823 -0.6764
vn 0.5566 -0.4823 0.6764
vn 0.3982 -0.6196 -0.6764
vn 0.3982 -0.6196 0.6764
vn 0.2075 -0.7067 -0.6764
vn 0.2075 -0.7067 0.6764
vn -0.0000 -0.7365 -0.6764
vn -0.0000 -0.7365 0.6764
vn -0.2075 -0.7067 -0.6764
vn -0.2075 -0.7067 0.6764
vn -0.3982 -0.6196 -0.6764
vn -0.3982 -0.6196 0.6764
vn -0.5566 -0.4823 -0.6764
vn -0.5566 -0.4823 0.6764
vn -0.6699 -0.3060 -0.6764
vn -0.6699 -0.3060 0.6764
vn -0.7290 -0.1048 -0.6764
vn -0.7290 -0.1048 0.6764
vn -0.7290 0.1048 -0.6764
vn -0.7290 0.1048 0.6764
vn -0.6699 0.3060 -0.6764
vn -0.6699 0.3060 0.6764
vn -0.5566 0.4823 -0.6764
vn -0.5566 0.4823 0.6764
vn -0.3982 0.6196 -0.6764
vn -0.3982 0.6196 0.6764
vn -0.2075 0.7067 -0.6764
vn -0.2075 0.7067 0.6764
vt 1.000000 0.500000
vt 1.000000 1.000000
vt 0.954545 1.000000
vt 0.954545 0.500000
vt 0.909091 1.000000
vt 0.909091 0.500000
vt 0.863636 1.000000
vt 0.863636 0.500000
vt 0.818182 1.000000
vt 0.818182 0.500000
vt 0.772727 1.000000
vt 0.772727 0.500000
vt 0.727273 1.000000
vt 0.727273 0.500000
vt 0.681818 1.000000
vt 0.681818 0.500000
vt 0.636364 1.000000
vt 0.636364 0.500000
vt 0.590909 1.000000
vt 0.590909 0.500000
vt 0.545454 1.000000
vt 0.545454 0.500000
vt 0.500000 1.000000
vt 0.500000 0.500000
vt 0.454545 1.000000
vt 0.454545 0.500000
vt 0.409091 1.000000
vt 0.409091 0.500000
vt 0.363636 1.000000
vt 0.363636 0.500000
vt 0.318182 1.000000
vt 0.318182 0.500000
vt 0.272727 1.000000
vt 0.272727 0.500000
vt 0.227272 1.000000
vt 0.227272 0.500000
vt 0.181818 1.000000
vt 0.181818 0.500000
vt 0.136363 1.000000
vt 0.136363 0.500000
vt 0.090909 1.000000
vt 0.090909 0.500000
vt 0.317616 0.480278
vt 0.250000 0.490000
vt 0.182384 0.480278
vt 0.120246 0.451901
vt 0.068620 0.407167
vt 0.031688 0.349700
vt 0.012443 0.284156
vt 0.012443 0.215844
vt 0.031688 0.150300
vt 0.068620 0.092833
vt 0.120246 0.048099
vt 0.182384 0.019722
vt 0.250000 0.010000
vt 0.317616 0.019722
vt 0.379754 0.048099
vt 0.431380 0.092833
vt 0.468312 0.150300
vt 0.487557 0.215844
vt 0.487557 0.284156
vt 0.468312 0.349700
vt 0.431380 0.407167
vt 0.379754 0.451901
vt 0.045454 1.000000
vt 0.045454 0.500000
vt -0.000000 1.000000
vt -0.000000 0.500000
vt 0.750000 0.490000
vt 0.817616 0.480278
vt 0.879754 0.451901
vt 0.931380 0.407167
vt 0.968312 0.349700
vt 0.987557 0.284156
vt 0.987557 0.215844
vt 0.968312 0.150300
vt 0.931380 0.092833
vt 0.879754 0.048099
vt 0.817616 0.019722
vt 0.750000 0.010000
vt 0.682384 0.019722
vt 0.620246 0.048099
vt 0.568620 0.092833
vt 0.531688 0.150300
vt 0.512443 0.215844
vt 0.512443 0.284156
vt 0.531688 0.349700
vt 0.568620 0.407167
vt 0.620246 0.451901
vt 0.682384 0.480278
s 1
usemtl WornBronze
f 417/559/409 418/560/410 420/561/412 419/562/411
f 419/562/411 420/561/412 422/563/414 421/564/413
f 421/564/413 422/563/414 424/565/416 423/566/415
f 423/566/415 424/565/416 426/567/418 425/568/417
f 425/568/417 426/567/418 428/569/420 427/570/419
f 427/570/419 428/569/420 430/571/422 429/572/421
f 429/572/421 430/571/422 432/573/424 431/574/423
f 431/574/423 432/573/424 434/575/426 433/576/425
f 433/576/425 434/575/426 436/577/428 435/578/427
f 435/578/427 436/577/428 438/579/430 437/580/429
f 437/580/429 438/579/430 440/581/432 439/582/431
f 439/582/431 440/581/432 442/583/434 441/584/433
f 441/584/433 442/583/434 444/585/436 443/586/435
f 443/586/435 444/585/436 446/587/438 445/588/437
f 445/588/437 446/587/438 448/589/440 447/590/439
f 447/590/439 448/589/440 450/591/442 449/592/441
f 449/592/441 450/591/442 452/593/444 451/594/443
f 451/594/443 452/593/444 454/595/446 453/596/445
f 453/596/445 454/595/446 456/597/448 455/598/447
f 455/598/447 456/597/448 458/599/450 457/600/449
f 420/601/412 418/602/410 460/603/452 458/604/450 456/605/448 454/606/446 452/607/444 450/608/442 448/609/440 446/610/438 444/611/436 442/612/434 440/613/432 438/614/430 436/615/428 434/616/426 432/617/424 430/618/422 428/619/420 426/620/418 424/621/416 422/622/414
f 457/600/449 458/599/450 460/623/452 459/624/451
f 459/624/451 460/623/452 418/625/410 417/626/409
f 417/627/409 419/628/411 421/629/413 423/630/415 425/631/417 427/632/419 429/633/421 431/634/423 433/635/425 435/636/427 437/637/429 439/638/431 441/639/433 443/640/435 445/641/437 447/642/439 449/643/441 451/644/443 453/645/445 455/646/447 457/647/449 459/648/451
o iron_blast_barrel
v 0.000000 1.010000 0.360000
v 0.000000 1.010000 0.960000
v 0.061981 1.001089 0.360000
v 0.061981 1.001089 0.960000
v 0.118941 0.975076 0.360000
v 0.118941 0.975076 0.960000
v 0.166265 0.934069 0.360000
v 0.166265 0.934069 0.960000
v 0.200119 0.881391 0.360000
v 0.200119 0.881391 0.960000
v 0.217761 0.821309 0.360000
v 0.217761 0.821309 0.960000
v 0.217761 0.758691 0.360000
v 0.217761 0.758691 0.960000
v 0.200119 0.698609 0.360000
v 0.200119 0.698609 0.960000
v 0.166265 0.645931 0.360000
v 0.166265 0.645931 0.960000
v 0.118941 0.604924 0.360000
v 0.118941 0.604924 0.960000
v 0.061981 0.578912 0.360000
v 0.061981 0.578912 0.960000
v 0.000000 0.570000 0.360000
v 0.000000 0.570000 0.960000
v -0.061981 0.578912 0.360000
v -0.061981 0.578912 0.960000
v -0.118941 0.604924 0.360000
v -0.118941 0.604924 0.960000
v -0.166265 0.645931 0.360000
v -0.166265 0.645931 0.960000
v -0.200119 0.698609 0.360000
v -0.200119 0.698609 0.960000
v -0.217761 0.758691 0.360000
v -0.217761 0.758691 0.960000
v -0.217761 0.821309 0.360000
v -0.217761 0.821309 0.960000
v -0.200119 0.881391 0.360000
v -0.200119 0.881391 0.960000
v -0.166265 0.934069 0.360000
v -0.166265 0.934069 0.960000
v -0.118941 0.975076 0.360000
v -0.118941 0.975076 0.960000
v -0.061981 1.001089 0.360000
v -0.061981 1.001089 0.960000
vn -0.0000 0.7365 -0.6764
vn -0.0000 0.7365 0.6764
vn 0.2075 0.7067 -0.6764
vn 0.2075 0.7067 0.6764
vn 0.3982 0.6196 -0.6764
vn 0.3982 0.6196 0.6764
vn 0.5566 0.4823 -0.6764
vn 0.5566 0.4823 0.6764
vn 0.6699 0.3060 -0.6764
vn 0.6699 0.3060 0.6764
vn 0.7290 0.1048 -0.6764
vn 0.7290 0.1048 0.6764
vn 0.7290 -0.1048 -0.6764
vn 0.7290 -0.1048 0.6764
vn 0.6699 -0.3060 -0.6764
vn 0.6699 -0.3060 0.6764
vn 0.5566 -0.4823 -0.6764
vn 0.5566 -0.4823 0.6764
vn 0.3982 -0.6196 -0.6764
vn 0.3982 -0.6196 0.6764
vn 0.2075 -0.7067 -0.6764
vn 0.2075 -0.7067 0.6764
vn -0.0000 -0.7365 -0.6764
vn -0.0000 -0.7365 0.6764
vn -0.2075 -0.7067 -0.6764
vn -0.2075 -0.7067 0.6764
vn -0.3982 -0.6196 -0.6764
vn -0.3982 -0.6196 0.6764
vn -0.5566 -0.4823 -0.6764
vn -0.5566 -0.4823 0.6764
vn -0.6699 -0.3060 -0.6764
vn -0.6699 -0.3060 0.6764
vn -0.7290 -0.1048 -0.6764
vn -0.7290 -0.1048 0.6764
vn -0.7290 0.1048 -0.6764
vn -0.7290 0.1048 0.6764
vn -0.6699 0.3060 -0.6764
vn -0.6699 0.3060 0.6764
vn -0.5566 0.4823 -0.6764
vn -0.5566 0.4823 0.6764
vn -0.3982 0.6196 -0.6764
vn -0.3982 0.6196 0.6764
vn -0.2075 0.7067 -0.6764
vn -0.2075 0.7067 0.6764
vt 1.000000 0.500000
vt 1.000000 1.000000
vt 0.954545 1.000000
vt 0.954545 0.500000
vt 0.909091 1.000000
vt 0.909091 0.500000
vt 0.863636 1.000000
vt 0.863636 0.500000
vt 0.818182 1.000000
vt 0.818182 0.500000
vt 0.772727 1.000000
vt 0.772727 0.500000
vt 0.727273 1.000000
vt 0.727273 0.500000
vt 0.681818 1.000000
vt 0.681818 0.500000
vt 0.636364 1.000000
vt 0.636364 0.500000
vt 0.590909 1.000000
vt 0.590909 0.500000
vt 0.545454 1.000000
vt 0.545454 0.500000
vt 0.500000 1.000000
vt 0.500000 0.500000
vt 0.454545 1.000000
vt 0.454545 0.500000
vt 0.409091 1.000000
vt 0.409091 0.500000
vt 0.363636 1.000000
vt 0.363636 0.500000
vt 0.318182 1.000000
vt 0.318182 0.500000
vt 0.272727 1.000000
vt 0.272727 0.500000
vt 0.227272 1.000000
vt 0.227272 0.500000
vt 0.181818 1.000000
vt 0.181818 0.500000
vt 0.136363 1.000000
vt 0.136363 0.500000
vt 0.090909 1.000000
vt 0.090909 0.500000
vt 0.317616 0.480278
vt 0.250000 0.490000
vt 0.182384 0.480278
vt 0.120246 0.451901
vt 0.068620 0.407167
vt 0.031688 0.349700
vt 0.012443 0.284156
vt 0.012443 0.215844
vt 0.031688 0.150300
vt 0.068620 0.092833
vt 0.120246 0.048099
vt 0.182384 0.019722
vt 0.250000 0.010000
vt 0.317616 0.019722
vt 0.379754 0.048099
vt 0.431380 0.092833
vt 0.468312 0.150300
vt 0.487557 0.215844
vt 0.487557 0.284156
vt 0.468312 0.349700
vt 0.431380 0.407167
vt 0.379754 0.451901
vt 0.045454 1.000000
vt 0.045454 0.500000
vt -0.000000 1.000000
vt -0.000000 0.500000
vt 0.750000 0.490000
vt 0.817616 0.480278
vt 0.879754 0.451901
vt 0.931380 0.407167
vt 0.968312 0.349700
vt 0.987557 0.284156
vt 0.987557 0.215844
vt 0.968312 0.150300
vt 0.931380 0.092833
vt 0.879754 0.048099
vt 0.817616 0.019722
vt 0.750000 0.010000
vt 0.682384 0.019722
vt 0.620246 0.048099
vt 0.568620 0.092833
vt 0.531688 0.150300
vt 0.512443 0.215844
vt 0.512443 0.284156
vt 0.531688 0.349700
vt 0.568620 0.407167
vt 0.620246 0.451901
vt 0.682384 0.480278
s 1
usemtl BlackIron
f 461/649/453 462/650/454 464/651/456 463/652/455
f 463/652/455 464/651/456 466/653/458 465/654/457
f 465/654/457 466/653/458 468/655/460 467/656/459
f 467/656/459 468/655/460 470/657/462 469/658/461
f 469/658/461 470/657/462 472/659/464 471/660/463
f 471/660/463 472/659/464 474/661/466 473/662/465
f 473/662/465 474/661/466 476/663/468 475/664/467
f 475/664/467 476/663/468 478/665/470 477/666/469
f 477/666/469 478/665/470 480/667/472 479/668/471
f 479/668/471 480/667/472 482/669/474 481/670/473
f 481/670/473 482/669/474 484/671/476 483/672/475
f 483/672/475 484/671/476 486/673/478 485/674/477
f 485/674/477 486/673/478 488/675/480 487/676/479
f 487/676/479 488/675/480 490/677/482 489/678/481
f 489/678/481 490/677/482 492/679/484 491/680/483
f 491/680/483 492/679/484 494/681/486 493/682/485
f 493/682/485 494/681/486 496/683/488 495/684/487
f 495/684/487 496/683/488 498/685/490 497/686/489
f 497/686/489 498/685/490 500/687/492 499/688/491
f 499/688/491 500/687/492 502/689/494 501/690/493
f 464/691/456 462/692/454 504/693/496 502/694/494 500/695/492 498/696/490 496/697/488 494/698/486 492/699/484 490/700/482 488/701/480 486/702/478 484/703/476 482/704/474 480/705/472 478/706/470 476/707/468 474/708/466 472/709/464 470/710/462 468/711/460 466/712/458
f 501/690/493 502/689/494 504/713/496 503/714/495
f 503/714/495 504/713/496 462/715/454 461/716/453
f 461/717/453 463/718/455 465/719/457 467/720/459 469/721/461 471/722/463 473/723/465 475/724/467 477/725/469 479/726/471 481/727/473 483/728/475 485/729/477 487/730/479 489/731/481 491/732/483 493/733/485 495/734/487 497/735/489 499/736/491 501/737/493 503/738/495
o black_fire_mouth
v 0.000000 0.970000 0.981000
v 0.000000 0.970000 0.999000
v 0.061564 0.959145 0.981000
v 0.061564 0.959145 0.999000
v 0.115702 0.927888 0.981000
v 0.115702 0.927888 0.999000
v 0.155885 0.880000 0.981000
v 0.155885 0.880000 0.999000
v 0.177265 0.821257 0.981000
v 0.177265 0.821257 0.999000
v 0.177265 0.758743 0.981000
v 0.177265 0.758743 0.999000
v 0.155885 0.700000 0.981000
v 0.155885 0.700000 0.999000
v 0.115702 0.652112 0.981000
v 0.115702 0.652112 0.999000
v 0.061564 0.620855 0.981000
v 0.061564 0.620855 0.999000
v 0.000000 0.610000 0.981000
v 0.000000 0.610000 0.999000
v -0.061564 0.620855 0.981000
v -0.061564 0.620855 0.999000
v -0.115702 0.652112 0.981000
v -0.115702 0.652112 0.999000
v -0.155885 0.700000 0.981000
v -0.155885 0.700000 0.999000
v -0.177265 0.758743 0.981000
v -0.177265 0.758743 0.999000
v -0.177265 0.821257 0.981000
v -0.177265 0.821257 0.999000
v -0.155885 0.880000 0.981000
v -0.155885 0.880000 0.999000
v -0.115702 0.927888 0.981000
v -0.115702 0.927888 0.999000
v -0.061564 0.959145 0.981000
v -0.061564 0.959145 0.999000
vn -0.0000 0.7423 -0.6700
vn -0.0000 0.7423 0.6700
vn 0.2539 0.6976 -0.6700
vn 0.2539 0.6976 0.6700
vn 0.4772 0.5687 -0.6700
vn 0.4772 0.5687 0.6700
vn 0.6429 0.3712 -0.6700
vn 0.6429 0.3712 0.6700
vn 0.7311 0.1289 -0.6700
vn 0.7311 0.1289 0.6700
vn 0.7311 -0.1289 -0.6700
vn 0.7311 -0.1289 0.6700
vn 0.6429 -0.3712 -0.6700
vn 0.6429 -0.3712 0.6700
vn 0.4772 -0.5687 -0.6700
vn 0.4772 -0.5687 0.6700
vn 0.2539 -0.6976 -0.6700
vn 0.2539 -0.6976 0.6700
vn -0.0000 -0.7423 -0.6700
vn -0.0000 -0.7423 0.6700
vn -0.2539 -0.6976 -0.6700
vn -0.2539 -0.6976 0.6700
vn -0.4772 -0.5687 -0.6700
vn -0.4772 -0.5687 0.6700
vn -0.6429 -0.3712 -0.6700
vn -0.6429 -0.3712 0.6700
vn -0.7311 -0.1289 -0.6700
vn -0.7311 -0.1289 0.6700
vn -0.7311 0.1289 -0.6700
vn -0.7311 0.1289 0.6700
vn -0.6429 0.3712 -0.6700
vn -0.6429 0.3712 0.6700
vn -0.4772 0.5687 -0.6700
vn -0.4772 0.5687 0.6700
vn -0.2539 0.6976 -0.6700
vn -0.2539 0.6976 0.6700
vt 1.000000 0.500000
vt 1.000000 1.000000
vt 0.944444 1.000000
vt 0.944444 0.500000
vt 0.888889 1.000000
vt 0.888889 0.500000
vt 0.833333 1.000000
vt 0.833333 0.500000
vt 0.777778 1.000000
vt 0.777778 0.500000
vt 0.722222 1.000000
vt 0.722222 0.500000
vt 0.666667 1.000000
vt 0.666667 0.500000
vt 0.611111 1.000000
vt 0.611111 0.500000
vt 0.555555 1.000000
vt 0.555555 0.500000
vt 0.500000 1.000000
vt 0.500000 0.500000
vt 0.444444 1.000000
vt 0.444444 0.500000
vt 0.388889 1.000000
vt 0.388889 0.500000
vt 0.333333 1.000000
vt 0.333333 0.500000
vt 0.277778 1.000000
vt 0.277778 0.500000
vt 0.222222 1.000000
vt 0.222222 0.500000
vt 0.166666 1.000000
vt 0.166666 0.500000
vt 0.111111 1.000000
vt 0.111111 0.500000
vt 0.332085 0.475526
vt 0.250000 0.490000
vt 0.167915 0.475526
vt 0.095731 0.433851
vt 0.042154 0.370000
vt 0.013646 0.291676
vt 0.013646 0.208324
vt 0.042154 0.130000
vt 0.095731 0.066149
vt 0.167915 0.024474
vt 0.250000 0.010000
vt 0.332085 0.024474
vt 0.404269 0.066149
vt 0.457846 0.130000
vt 0.486354 0.208324
vt 0.486354 0.291676
vt 0.457846 0.370000
vt 0.404269 0.433851
vt 0.055555 1.000000
vt 0.055555 0.500000
vt -0.000000 1.000000
vt -0.000000 0.500000
vt 0.750000 0.490000
vt 0.832085 0.475526
vt 0.904269 0.433851
vt 0.957846 0.370000
vt 0.986354 0.291676
vt 0.986354 0.208324
vt 0.957846 0.130000
vt 0.904269 0.066149
vt 0.832085 0.024474
vt 0.750000 0.010000
vt 0.667915 0.024474
vt 0.595731 0.066149
vt 0.542154 0.130000
vt 0.513646 0.208324
vt 0.513646 0.291676
vt 0.542154 0.370000
vt 0.595731 0.433851
vt 0.667915 0.475526
s 1
usemtl Hide
f 505/739/497 506/740/498 508/741/500 507/742/499
f 507/742/499 508/741/500 510/743/502 509/744/501
f 509/744/501 510/743/502 512/745/504 511/746/503
f 511/746/503 512/745/504 514/747/506 513/748/505
f 513/748/505 514/747/506 516/749/508 515/750/507
f 515/750/507 516/749/508 518/751/510 517/752/509
f 517/752/509 518/751/510 520/753/512 519/754/511
f 519/754/511 520/753/512 522/755/514 521/756/513
f 521/756/513 522/755/514 524/757/516 523/758/515
f 523/758/515 524/757/516 526/759/518 525/760/517
f 525/760/517 526/759/518 528/761/520 527/762/519
f 527/762/519 528/761/520 530/763/522 529/764/521
f 529/764/521 530/763/522 532/765/524 531/766/523
f 531/766/523 532/765/524 534/767/526 533/768/525
f 533/768/525 534/767/526 536/769/528 535/770/527
f 535/770/527 536/769/528 538/771/530 537/772/529
f 508/773/500 506/774/498 540/775/532 538/776/530 536/777/528 534/778/526 532/779/524 530/780/522 528/781/520 526/782/518 524/783/516 522/784/514 520/785/512 518/786/510 516/787/508 514/788/506 512/789/504 510/790/502
f 537/772/529 538/771/530 540/791/532 539/792/531
f 539/792/531 540/791/532 506/793/498 505/794/497
f 505/795/497 507/796/499 509/797/501 511/798/503 513/799/505 515/800/507 517/801/509 519/802/511 521/803/513 523/804/515 525/805/517 527/806/519 529/807/521 531/808/523 533/809/525 535/810/527 537/811/529 539/812/531
o oak_bellows_arm
v -0.344632 0.477415 0.070000
v -0.352396 0.506393 0.100000
v -0.381374 0.498629 0.070000
v -0.345669 0.481287 0.084980
v -0.360139 0.477410 0.070000
v -0.360534 0.481334 0.084346
v -0.366866 0.502516 0.095992
v -0.348519 0.491923 0.095992
v -0.362541 0.488823 0.092099
v -0.373626 0.485196 0.070000
v -0.377503 0.499666 0.084980
v -0.370029 0.486816 0.084346
v -0.435218 0.815489 0.100000
v -0.442983 0.844467 0.070000
v -0.464196 0.807725 0.070000
v -0.439096 0.829959 0.095992
v -0.449688 0.811612 0.095992
v -0.452789 0.825634 0.092099
v -0.456416 0.836719 0.070000
v -0.441946 0.840596 0.084980
v -0.454796 0.833122 0.084346
v -0.460325 0.808762 0.084980
v -0.464202 0.823232 0.070000
v -0.460278 0.823627 0.084346
v -0.344632 0.477415 -0.390000
v -0.381374 0.498629 -0.390000
v -0.352396 0.506393 -0.420000
v -0.360139 0.477410 -0.390000
v -0.345669 0.481287 -0.404980
v -0.360534 0.481334 -0.404346
v -0.377503 0.499666 -0.404980
v -0.373626 0.485196 -0.390000
v -0.370029 0.486816 -0.404346
v -0.348519 0.491923 -0.415992
v -0.366866 0.502516 -0.415992
v -0.362541 0.488823 -0.412099
v -0.442983 0.844467 -0.390000
v -0.435218 0.815489 -0.420000
v -0.464196 0.807725 -0.390000
v -0.441946 0.840596 -0.404980
v -0.456416 0.836719 -0.390000
v -0.454796 0.833122 -0.404346
v -0.449688 0.811612 -0.415992
v -0.439096 0.829959 -0.415992
v -0.452789 0.825634 -0.412099
v -0.464202 0.823232 -0.390000
v -0.460325 0.808762 -0.404980
v -0.460278 0.823627 -0.404346
v -0.277017 0.495533 0.070000
v -0.255804 0.532275 0.070000
v -0.284782 0.524511 0.100000
v -0.263584 0.503281 0.070000
v -0.278054 0.499404 0.084980
v -0.265204 0.506878 0.084346
v -0.259675 0.531238 0.084980
v -0.255798 0.516768 0.070000
v -0.259722 0.516373 0.084346
v -0.280904 0.510041 0.095992
v -0.270312 0.528388 0.095992
v -0.267211 0.514366 0.092099
v -0.375368 0.862585 0.070000
v -0.367604 0.833607 0.100000
v -0.338626 0.841371 0.070000
v -0.374331 0.858713 0.084980
v -0.359861 0.862590 0.070000
v -0.359466 0.858666 0.084346
v -0.353134 0.837484 0.095992
v -0.371481 0.848077 0.095992
v -0.357459 0.851177 0.092099
v -0.346374 0.854804 0.070000
v -0.342497 0.840334 0.084980
v -0.349971 0.853184 0.084346
v -0.277017 0.495533 -0.390000
v -0.284782 0.524511 -0.420000
v -0.255804 0.532275 -0.390000
v -0.278054 0.499404 -0.404980
v -0.263584 0.503281 -0.390000
v -0.265204 0.506878 -0.404346
v -0.270312 0.528388 -0.415992
v -0.280904 0.510041 -0.415992
v -0.267211 0.514366 -0.412099
v -0.255798 0.516768 -0.390000
v -0.259675 0.531238 -0.404980
v -0.259722 0.516373 -0.404346
v -0.375368 0.862585 -0.390000
v -0.338626 0.841371 -0.390000
v -0.367604 0.833607 -0.420000
v -0.359861 0.862590 -0.390000
v -0.374331 0.858713 -0.404980
v -0.359466 0.858666 -0.404346
v -0.342497 0.840334 -0.404980
v -0.346374 0.854804 -0.390000
v -0.349971 0.853184 -0.404346
v -0.371481 0.848077 -0.415992
v -0.353134 0.837484 -0.415992
v -0.357459 0.851177 -0.412099
vn -0.0067 -0.9665 0.2566
vn -0.0317 -0.7230 0.6901
vn -0.1814 -0.3143 0.9318
vn -0.6103 -0.3890 0.6901
vn -0.8337 -0.4890 0.2566
vn -0.4880 -0.8452 0.2178
vn -0.4082 -0.7071 0.5774
vn -0.3143 0.1814 0.9318
vn -0.3890 0.6103 0.6901
vn -0.4890 0.8337 0.2566
vn -0.8452 0.4880 0.2178
vn -0.9665 0.0067 0.2566
vn -0.7230 0.0317 0.6901
vn -0.7071 0.4082 0.5774
vn -0.0067 -0.9665 -0.2566
vn -0.4880 -0.8452 -0.2178
vn -0.8337 -0.4890 -0.2566
vn -0.6103 -0.3890 -0.6901
vn -0.1814 -0.3143 -0.9318
vn -0.0317 -0.7230 -0.6901
vn -0.4082 -0.7071 -0.5774
vn -0.4890 0.8337 -0.2566
vn -0.3890 0.6103 -0.6901
vn -0.3143 0.1814 -0.9318
vn -0.7230 0.0317 -0.6901
vn -0.9665 0.0067 -0.2566
vn -0.8452 0.4880 -0.2178
vn -0.7071 0.4082 -0.5774
vn 0.4890 -0.8337 0.2566
vn 0.8452 -0.4880 0.2178
vn 0.9665 -0.0067 0.2566
vn 0.7230 -0.0317 0.6901
vn 0.3143 -0.1814 0.9318
vn 0.3890 -0.6103 0.6901
vn 0.7071 -0.4082 0.5774
vn 0.0067 0.9665 0.2566
vn 0.0317 0.7230 0.6901
vn 0.1814 0.3143 0.9318
vn 0.6103 0.3890 0.6901
vn 0.8337 0.4890 0.2566
vn 0.4880 0.8452 0.2178
vn 0.4082 0.7071 0.5774
vn 0.4890 -0.8337 -0.2566
vn 0.3890 -0.6103 -0.6901
vn 0.3143 -0.1814 -0.9318
vn 0.7230 -0.0317 -0.6901
vn 0.9665 -0.0067 -0.2566
vn 0.8452 -0.4880 -0.2178
vn 0.7071 -0.4082 -0.5774
vn 0.0067 0.9665 -0.2566
vn 0.4880 0.8452 -0.2178
vn 0.8337 0.4890 -0.2566
vn 0.6103 0.3890 -0.6901
vn 0.1814 0.3143 -0.9318
vn 0.0317 0.7230 -0.6901
vn 0.4082 0.7071 -0.5774
vn 0.0004 -1.0000 -0.0000
vn -0.5000 -0.8660 -0.0000
vn -0.8662 -0.4997 -0.0000
vn -0.2496 -0.0669 0.9660
vn -0.6830 -0.1830 0.7071
vn -0.9331 -0.2500 0.2585
vn -0.4997 0.8662 -0.0000
vn -0.8660 0.5000 -0.0000
vn -1.0000 -0.0004 -0.0000
vn -0.2496 -0.0669 -0.9660
vn -0.6830 -0.1830 -0.7071
vn -0.9331 -0.2500 -0.2585
vn 0.2500 -0.9331 -0.2585
vn 0.1830 -0.6830 -0.7071
vn 0.0669 -0.2496 -0.9660
vn -0.2500 0.9331 -0.2585
vn -0.1830 0.6830 -0.7071
vn -0.0669 0.2496 -0.9660
vn 0.9331 0.2500 -0.2585
vn 0.6830 0.1830 -0.7071
vn 0.2496 0.0669 -0.9660
vn 0.4997 -0.8662 -0.0000
vn 0.8660 -0.5000 -0.0000
vn 1.0000 0.0004 -0.0000
vn -0.0004 1.0000 -0.0000
vn 0.5000 0.8660 -0.0000
vn 0.8662 0.4997 -0.0000
vn 0.2496 0.0669 0.9660
vn 0.6830 0.1830 0.7071
vn 0.9331 0.2500 0.2585
vn 0.2500 -0.9331 0.2585
vn 0.1830 -0.6830 0.7071
vn 0.0669 -0.2496 0.9660
vn -0.2500 0.9331 0.2585
vn -0.1830 0.6830 0.7071
vn -0.0669 0.2496 0.9660
vn 0.2588 -0.9659 -0.0000
vn -0.9659 -0.2588 -0.0000
vn -0.0000 -0.0000 1.0000
vn -0.2588 0.9659 -0.0000
vn -0.0000 -0.0000 -1.0000
vn 0.9659 0.2588 -0.0000
vt 0.182692 0.735577
vt 0.182692 0.742779
vt 0.155103 0.742474
vt 0.153884 0.735577
vt 0.182692 0.750000
vt 0.155103 0.750000
vt 0.394737 0.942308
vt 0.394737 1.000000
vt 0.375000 0.969897
vt 0.375000 0.942308
vt 0.394737 0.000000
vt 0.394737 0.007221
vt 0.375000 0.007526
vt 0.375000 0.000000
vt 0.394737 0.014423
vt 0.375000 0.014423
vt 0.125000 0.735577
vt 0.125000 0.742474
vt 0.605263 0.942308
vt 0.615119 0.942308
vt 0.614702 1.000000
vt 0.605263 1.000000
vt 0.625000 0.942308
vt 0.625000 1.000000
vt 0.817308 0.735577
vt 0.875000 0.735577
vt 0.875000 0.742474
vt 0.817308 0.750000
vt 0.625000 0.014423
vt 0.615119 0.014423
vt 0.614702 0.007526
vt 0.625000 0.007526
vt 0.605263 0.014423
vt 0.605263 0.007221
vt 0.605263 0.000000
vt 0.614702 0.000000
vt 0.182692 0.514423
vt 0.153884 0.514423
vt 0.155103 0.507526
vt 0.182692 0.507221
vt 0.125000 0.514423
vt 0.125000 0.507526
vt 0.394737 0.235577
vt 0.394737 0.242779
vt 0.375000 0.242474
vt 0.375000 0.235577
vt 0.394737 0.278884
vt 0.375000 0.280103
vt 0.394737 0.307692
vt 0.375000 0.307692
vt 0.182692 0.500000
vt 0.155103 0.500000
vt 0.817308 0.514423
vt 0.817308 0.500000
vt 0.875000 0.507526
vt 0.875000 0.514423
vt 0.625000 0.307692
vt 0.615119 0.307692
vt 0.614701 0.277480
vt 0.625000 0.245794
vt 0.605263 0.307692
vt 0.605263 0.278884
vt 0.605263 0.242779
vt 0.614702 0.242474
vt 0.605263 0.235577
vt 0.615119 0.235577
vt 0.625000 0.235577
vt 0.317308 0.735577
vt 0.346116 0.735577
vt 0.344897 0.742474
vt 0.317308 0.742779
vt 0.384881 0.735577
vt 0.383326 0.742474
vt 0.394737 0.735577
vt 0.394737 0.742779
vt 0.394737 0.778884
vt 0.363944 0.769047
vt 0.394737 0.807692
vt 0.346497 0.779190
vt 0.682692 0.735577
vt 0.654190 0.778502
vt 0.644047 0.761056
vt 0.653884 0.735577
vt 0.615119 0.807692
vt 0.614702 0.780103
vt 0.605263 0.807692
vt 0.605263 0.778884
vt 0.605263 0.742779
vt 0.614702 0.744232
vt 0.605263 0.735577
vt 0.615119 0.735577
vt 0.317308 0.514423
vt 0.317308 0.507221
vt 0.344897 0.507526
vt 0.346116 0.514423
vt 0.346497 0.470810
vt 0.363944 0.480953
vt 0.394737 0.442308
vt 0.394737 0.471116
vt 0.394737 0.507221
vt 0.383326 0.507526
vt 0.394737 0.514423
vt 0.384881 0.514423
vt 0.682692 0.514423
vt 0.653884 0.514423
vt 0.644047 0.488944
vt 0.654190 0.471498
vt 0.615119 0.514423
vt 0.614702 0.505768
vt 0.605263 0.514423
vt 0.605263 0.507221
vt 0.605263 0.471116
vt 0.614702 0.469897
vt 0.605263 0.442308
vt 0.615119 0.442308
s 0
usemtl OiledOak
f 541/813/533 544/814/533 546/815/533 545/816/533
f 544/814/534 548/817/534 549/818/534 546/815/534
f 542/819/535 547/820/535 549/821/535 548/822/535
f 547/823/536 551/824/536 552/825/536 549/826/536
f 543/827/537 550/828/537 552/825/537 551/824/537
f 550/829/538 545/816/538 546/815/538 552/830/538
f 546/815/539 549/818/539 552/830/539
f 553/831/540 556/832/540 558/833/540 557/834/540
f 556/832/541 560/835/541 561/836/541 558/833/541
f 554/837/542 559/838/542 561/839/542 560/840/542
f 559/841/543 563/842/543 564/843/543 561/844/543
f 555/845/544 562/846/544 564/843/544 563/842/544
f 562/846/545 557/847/545 558/848/545 564/843/545
f 558/848/546 561/844/546 564/843/546
f 565/849/547 568/850/547 570/851/547 569/852/547
f 568/850/548 572/853/548 573/854/548 570/851/548
f 566/855/549 571/856/549 573/857/549 572/858/549
f 571/856/550 575/859/550 576/860/550 573/857/550
f 567/861/551 574/862/551 576/860/551 575/859/551
f 574/863/552 569/852/552 570/851/552 576/864/552
f 570/851/553 573/854/553 576/864/553
f 577/865/554 580/866/554 582/867/554 581/868/554
f 580/869/555 584/870/555 585/871/555 582/872/555
f 578/873/556 583/874/556 585/871/556 584/870/556
f 583/874/557 587/875/557 588/876/557 585/871/557
f 579/877/558 586/878/558 588/876/558 587/875/558
f 586/878/559 581/879/559 582/872/559 588/876/559
f 582/872/560 585/871/560 588/876/560
f 589/880/561 592/881/561 594/882/561 593/883/561
f 592/881/562 596/884/562 597/885/562 594/882/562
f 590/886/563 595/887/563 597/885/563 596/884/563
f 595/887/564 599/888/564 600/889/564 597/885/564
f 591/890/565 598/891/565 600/889/565 599/888/565
f 598/891/566 593/883/566 594/882/566 600/889/566
f 594/882/567 597/885/567 600/889/567
f 601/892/568 604/893/568 606/894/568 605/895/568
f 604/893/569 608/896/569 609/897/569 606/894/569
f 602/898/570 607/899/570 609/897/570 608/896/570
f 607/899/571 611/900/571 612/901/571 609/897/571
f 603/902/572 610/903/572 612/901/572 611/900/572
f 610/903/573 605/895/573 606/894/573 612/901/573
f 606/894/574 609/897/574 612/901/574
f 613/904/575 616/905/575 618/906/575 617/907/575
f 616/905/576 620/908/576 621/909/576 618/906/576
f 614/910/577 619/911/577 621/909/577 620/908/577
f 619/911/578 623/912/578 624/913/578 621/909/578
f 615/914/579 622/915/579 624/913/579 623/912/579
f 622/915/580 617/907/580 618/906/580 624/913/580
f 618/906/581 621/909/581 624/913/581
f 625/916/582 628/917/582 630/918/582 629/919/582
f 628/917/583 632/920/583 633/921/583 630/918/583
f 626/922/584 631/923/584 633/921/584 632/920/584
f 631/923/585 635/924/585 636/925/585 633/921/585
f 627/926/586 634/927/586 636/925/586 635/924/586
f 634/927/587 629/919/587 630/918/587 636/925/587
f 630/918/588 633/921/588 636/925/588
f 565/849/589 541/813/589 545/816/589 568/850/589
f 568/850/590 545/816/590 550/829/590 572/853/590
f 572/858/591 550/828/591 543/827/591 566/855/591
f 542/819/592 553/831/592 557/834/592 547/820/592
f 547/823/593 557/847/593 562/846/593 551/824/593
f 551/824/594 562/846/594 555/845/594 543/827/594
f 554/837/595 577/865/595 581/868/595 559/838/595
f 559/841/596 581/879/596 586/878/596 563/842/596
f 563/842/597 586/878/597 579/877/597 555/845/597
f 578/873/598 567/861/598 575/859/598 583/874/598
f 583/874/599 575/859/599 571/856/599 587/875/599
f 587/875/600 571/856/600 566/855/600 579/877/600
f 613/904/601 565/849/601 569/852/601 616/905/601
f 616/905/602 569/852/602 574/863/602 620/908/602
f 620/908/603 574/862/603 567/861/603 614/910/603
f 577/865/604 625/916/604 629/919/604 580/866/604
f 580/869/605 629/919/605 634/927/605 584/870/605
f 584/870/606 634/927/606 627/926/606 578/873/606
f 626/922/607 615/914/607 623/912/607 631/923/607
f 631/923/608 623/912/608 619/911/608 635/924/608
f 635/924/609 619/911/609 614/910/609 627/926/609
f 589/880/610 613/904/610 617/907/610 592/881/610
f 592/881/611 617/907/611 622/915/611 596/884/611
f 596/884/612 622/915/612 615/914/612 590/886/612
f 625/916/613 601/892/613 605/895/613 628/917/613
f 628/917/614 605/895/614 610/903/614 632/920/614
f 632/920/615 610/903/615 603/902/615 626/922/615
f 602/898/616 591/890/616 599/888/616 607/899/616
f 607/899/617 599/888/617 595/887/617 611/900/617
f 611/900/618 595/887/618 590/886/618 603/902/618
f 541/813/619 589/880/619 593/883/619 544/814/619
f 544/814/620 593/883/620 598/891/620 548/817/620
f 548/822/621 598/891/621 591/890/621 542/819/621
f 601/892/622 554/837/622 560/840/622 604/893/622
f 604/893/623 560/835/623 556/832/623 608/896/623
f 608/896/624 556/832/624 553/831/624 602/898/624
f 565/849/625 613/904/625 589/880/625 541/813/625
f 543/827/626 555/845/626 579/877/626 566/855/626
f 591/890/627 602/898/627 553/831/627 542/819/627
f 625/916/628 577/865/628 554/837/628 601/892/628
f 567/861/629 578/873/629 627/926/629 614/910/629
f 615/914/630 626/922/630 603/902/630 590/886/630
o iron_heat_fin
v -0.296607 0.914054 0.155000
v -0.423393 1.185946 0.218000
v -0.243464 0.938835 0.183238
v -0.414890 1.189911 0.222518
v -0.230338 0.944955 0.246689
v -0.412790 1.190890 0.232670
v -0.267115 0.927806 0.297573
v -0.418674 1.188147 0.240812
v -0.326100 0.900301 0.297573
v -0.428112 1.183746 0.240812
v -0.362876 0.883152 0.246689
v -0.433996 1.181002 0.232670
v -0.349751 0.889273 0.183238
v -0.431896 1.181981 0.222518
vn 0.3078 0.3487 -0.8853
vn 0.7896 0.5733 -0.2186
vn 0.6177 0.4931 0.6126
vn -0.0786 0.1685 0.9826
vn -0.7748 -0.1562 0.6126
vn -0.4226 0.9063 -0.0000
vn -0.9467 -0.2364 -0.2186
vn -0.4649 -0.0117 -0.8853
vn 0.4226 -0.9063 -0.0000
vt 1.000000 0.500000
vt 1.000000 1.000000
vt 0.857143 1.000000
vt 0.857143 0.500000
vt 0.714286 1.000000
vt 0.714286 0.500000
vt 0.571429 1.000000
vt 0.571429 0.500000
vt 0.428571 1.000000
vt 0.428571 0.500000
vt 0.285714 1.000000
vt 0.285714 0.500000
vt 0.437640 0.399638
vt 0.250000 0.490000
vt 0.062360 0.399638
vt 0.016017 0.196595
vt 0.145868 0.033767
vt 0.354132 0.033767
vt 0.483983 0.196595
vt 0.142857 1.000000
vt 0.142857 0.500000
vt 0.000000 1.000000
vt 0.000000 0.500000
vt 0.750000 0.490000
vt 0.937640 0.399638
vt 0.983983 0.196595
vt 0.854132 0.033767
vt 0.645868 0.033767
vt 0.516017 0.196595
vt 0.562360 0.399638
s 0
usemtl BlackIron
f 637/928/631 638/929/631 640/930/631 639/931/631
f 639/931/632 640/930/632 642/932/632 641/933/632
f 641/933/633 642/932/633 644/934/633 643/935/633
f 643/935/634 644/934/634 646/936/634 645/937/634
f 645/937/635 646/936/635 648/938/635 647/939/635
f 640/940/636 638/941/636 650/942/636 648/943/636 646/944/636 644/945/636 642/946/636
f 647/939/637 648/938/637 650/947/637 649/948/637
f 649/948/638 650/947/638 638/949/638 637/950/638
f 637/951/639 639/952/639 641/953/639 643/954/639 645/955/639 647/956/639 649/957/639
o oak_bellows_arm.001
v 0.277017 0.495533 0.070000
v 0.284782 0.524511 0.100000
v 0.255804 0.532275 0.070000
v 0.278054 0.499404 0.084980
v 0.263584 0.503281 0.070000
v 0.265204 0.506878 0.084346
v 0.270312 0.528388 0.095992
v 0.280904 0.510041 0.095992
v 0.267211 0.514366 0.092099
v 0.255798 0.516768 0.070000
v 0.259675 0.531238 0.084980
v 0.259722 0.516373 0.084346
v 0.367604 0.833607 0.100000
v 0.375368 0.862585 0.070000
v 0.338626 0.841371 0.070000
v 0.371481 0.848077 0.095992
v 0.353134 0.837484 0.095992
v 0.357459 0.851177 0.092099
v 0.359861 0.862590 0.070000
v 0.374331 0.858713 0.084980
v 0.359466 0.858666 0.084346
v 0.342497 0.840334 0.084980
v 0.346374 0.854804 0.070000
v 0.349971 0.853184 0.084346
v 0.277017 0.495533 -0.390000
v 0.255804 0.532275 -0.390000
v 0.284782 0.524511 -0.420000
v 0.263584 0.503281 -0.390000
v 0.278054 0.499404 -0.404980
v 0.265204 0.506878 -0.404346
v 0.259675 0.531238 -0.404980
v 0.255798 0.516768 -0.390000
v 0.259722 0.516373 -0.404346
v 0.280904 0.510041 -0.415992
v 0.270312 0.528388 -0.415992
v 0.267211 0.514366 -0.412099
v 0.375368 0.862585 -0.390000
v 0.367604 0.833607 -0.420000
v 0.338626 0.841371 -0.390000
v 0.374331 0.858713 -0.404980
v 0.359861 0.862590 -0.390000
v 0.359466 0.858666 -0.404346
v 0.353134 0.837484 -0.415992
v 0.371481 0.848077 -0.415992
v 0.357459 0.851177 -0.412099
v 0.346374 0.854804 -0.390000
v 0.342497 0.840334 -0.404980
v 0.349971 0.853184 -0.404346
v 0.344632 0.477415 0.070000
v 0.381374 0.498629 0.070000
v 0.352396 0.506393 0.100000
v 0.360139 0.477410 0.070000
v 0.345669 0.481287 0.084980
v 0.360534 0.481334 0.084346
v 0.377503 0.499666 0.084980
v 0.373626 0.485196 0.070000
v 0.370029 0.486816 0.084346
v 0.348519 0.491923 0.095992
v 0.366866 0.502516 0.095992
v 0.362541 0.488823 0.092099
v 0.442983 0.844467 0.070000
v 0.435218 0.815489 0.100000
v 0.464196 0.807725 0.070000
v 0.441946 0.840596 0.084980
v 0.456416 0.836719 0.070000
v 0.454796 0.833122 0.084346
v 0.449688 0.811612 0.095992
v 0.439096 0.829959 0.095992
v 0.452789 0.825634 0.092099
v 0.464202 0.823232 0.070000
v 0.460325 0.808762 0.084980
v 0.460278 0.823627 0.084346
v 0.344632 0.477415 -0.390000
v 0.352396 0.506393 -0.420000
v 0.381374 0.498629 -0.390000
v 0.345669 0.481287 -0.404980
v 0.360139 0.477410 -0.390000
v 0.360534 0.481334 -0.404346
v 0.366866 0.502516 -0.415992
v 0.348519 0.491923 -0.415992
v 0.362541 0.488823 -0.412099
v 0.373626 0.485196 -0.390000
v 0.377503 0.499666 -0.404980
v 0.370029 0.486816 -0.404346
v 0.442983 0.844467 -0.390000
v 0.464196 0.807725 -0.390000
v 0.435218 0.815489 -0.420000
v 0.456416 0.836719 -0.390000
v 0.441946 0.840596 -0.404980
v 0.454796 0.833122 -0.404346
v 0.460325 0.808762 -0.404980
v 0.464202 0.823232 -0.390000
v 0.460278 0.823627 -0.404346
v 0.439096 0.829959 -0.415992
v 0.449688 0.811612 -0.415992
v 0.452789 0.825634 -0.412099
vn -0.4890 -0.8337 0.2566
vn -0.3890 -0.6103 0.6901
vn -0.3143 -0.1814 0.9318
vn -0.7230 -0.0317 0.6901
vn -0.9665 -0.0067 0.2566
vn -0.8452 -0.4880 0.2178
vn -0.7071 -0.4082 0.5774
vn -0.1814 0.3143 0.9318
vn -0.0317 0.7230 0.6901
vn -0.0067 0.9665 0.2566
vn -0.4880 0.8452 0.2178
vn -0.8337 0.4890 0.2566
vn -0.6103 0.3890 0.6901
vn -0.4082 0.7071 0.5774
vn -0.4890 -0.8337 -0.2566
vn -0.8452 -0.4880 -0.2178
vn -0.9665 -0.0067 -0.2566
vn -0.7230 -0.0317 -0.6901
vn -0.3143 -0.1814 -0.9318
vn -0.3890 -0.6103 -0.6901
vn -0.7071 -0.4082 -0.5774
vn -0.0067 0.9665 -0.2566
vn -0.0317 0.7230 -0.6901
vn -0.1814 0.3143 -0.9318
vn -0.6103 0.3890 -0.6901
vn -0.8337 0.4890 -0.2566
vn -0.4880 0.8452 -0.2178
vn -0.4082 0.7071 -0.5774
vn 0.0067 -0.9665 0.2566
vn 0.4880 -0.8452 0.2178
vn 0.8337 -0.4890 0.2566
vn 0.6103 -0.3890 0.6901
vn 0.1814 -0.3143 0.9318
vn 0.0317 -0.7230 0.6901
vn 0.4082 -0.7071 0.5774
vn 0.4890 0.8337 0.2566
vn 0.3890 0.6103 0.6901
vn 0.3143 0.1814 0.9318
vn 0.7230 0.0317 0.6901
vn 0.9665 0.0067 0.2566
vn 0.8452 0.4880 0.2178
vn 0.7071 0.4082 0.5774
vn 0.0067 -0.9665 -0.2566
vn 0.0317 -0.7230 -0.6901
vn 0.1814 -0.3143 -0.9318
vn 0.6103 -0.3890 -0.6901
vn 0.8337 -0.4890 -0.2566
vn 0.4880 -0.8452 -0.2178
vn 0.4082 -0.7071 -0.5774
vn 0.4890 0.8337 -0.2566
vn 0.8452 0.4880 -0.2178
vn 0.9665 0.0067 -0.2566
vn 0.7230 0.0317 -0.6901
vn 0.3143 0.1814 -0.9318
vn 0.3890 0.6103 -0.6901
vn 0.7071 0.4082 -0.5774
vn -0.4997 -0.8662 -0.0000
vn -0.8660 -0.5000 -0.0000
vn -1.0000 0.0004 -0.0000
vn -0.2496 0.0669 0.9660
vn -0.6830 0.1830 0.7071
vn -0.9331 0.2500 0.2585
vn 0.0004 1.0000 -0.0000
vn -0.5000 0.8660 -0.0000
vn -0.8662 0.4997 -0.0000
vn -0.2496 0.0669 -0.9660
vn -0.6830 0.1830 -0.7071
vn -0.9331 0.2500 -0.2585
vn -0.2500 -0.9331 -0.2585
vn -0.1830 -0.6830 -0.7071
vn -0.0669 -0.2496 -0.9660
vn 0.2500 0.9331 -0.2585
vn 0.1830 0.6830 -0.7071
vn 0.0669 0.2496 -0.9660
vn 0.9331 -0.2500 -0.2585
vn 0.6830 -0.1830 -0.7071
vn 0.2496 -0.0669 -0.9660
vn -0.0004 -1.0000 -0.0000
vn 0.5000 -0.8660 -0.0000
vn 0.8662 -0.4997 -0.0000
vn 0.4997 0.8662 -0.0000
vn 0.8660 0.5000 -0.0000
vn 1.0000 -0.0004 -0.0000
vn 0.2496 -0.0669 0.9660
vn 0.6830 -0.1830 0.7071
vn 0.9331 -0.2500 0.2585
vn -0.2500 -0.9331 0.2585
vn -0.1830 -0.6830 0.7071
vn -0.0669 -0.2496 0.9660
vn 0.2500 0.9331 0.2585
vn 0.1830 0.6830 0.7071
vn 0.0669 0.2496 0.9660
vn -0.2588 -0.9659 -0.0000
vn -0.9659 0.2588 -0.0000
vn -0.0000 -0.0000 1.0000
vn 0.2588 0.9659 -0.0000
vn -0.0000 -0.0000 -1.0000
vn 0.9659 -0.2588 -0.0000
vt 0.182692 0.735577
vt 0.182692 0.742779
vt 0.155103 0.742474
vt 0.153884 0.735577
vt 0.182692 0.750000
vt 0.155103 0.750000
vt 0.394737 0.942308
vt 0.394737 1.000000
vt 0.375000 0.969897
vt 0.375000 0.942308
vt 0.394737 0.000000
vt 0.394737 0.007221
vt 0.375000 0.007526
vt 0.375000 0.000000
vt 0.394737 0.014423
vt 0.375000 0.014423
vt 0.125000 0.735577
vt 0.125000 0.742474
vt 0.605263 0.942308
vt 0.615119 0.942308
vt 0.614702 1.000000
vt 0.605263 1.000000
vt 0.625000 0.942308
vt 0.625000 1.000000
vt 0.817308 0.735577
vt 0.875000 0.735577
vt 0.875000 0.742474
vt 0.817308 0.750000
vt 0.625000 0.014423
vt 0.615119 0.014423
vt 0.614702 0.007526
vt 0.625000 0.007526
vt 0.605263 0.014423
vt 0.605263 0.007221
vt 0.605263 0.000000
vt 0.614702 0.000000
vt 0.182692 0.514423
vt 0.153884 0.514423
vt 0.155103 0.507526
vt 0.182692 0.507221
vt 0.125000 0.514423
vt 0.125000 0.507526
vt 0.394737 0.235577
vt 0.394737 0.242779
vt 0.375000 0.242474
vt 0.375000 0.235577
vt 0.394737 0.278884
vt 0.375000 0.280103
vt 0.394737 0.307692
vt 0.375000 0.307692
vt 0.182692 0.500000
vt 0.155103 0.500000
vt 0.817308 0.514423
vt 0.817308 0.500000
vt 0.875000 0.507526
vt 0.875000 0.514423
vt 0.625000 0.307692
vt 0.615119 0.307692
vt 0.614702 0.277480
vt 0.625000 0.245794
vt 0.605263 0.307692
vt 0.605263 0.278884
vt 0.605263 0.242779
vt 0.614702 0.242474
vt 0.605263 0.235577
vt 0.615119 0.235577
vt 0.625000 0.235577
vt 0.317308 0.735577
vt 0.346116 0.735577
vt 0.344897 0.742474
vt 0.317308 0.742779
vt 0.384881 0.735577
vt 0.383326 0.742474
vt 0.394737 0.735577
vt 0.394737 0.742779
vt 0.394737 0.778884
vt 0.363944 0.769047
vt 0.394737 0.807692
vt 0.346497 0.779190
vt 0.682692 0.735577
vt 0.654190 0.778502
vt 0.644047 0.761056
vt 0.653884 0.735577
vt 0.615119 0.807692
vt 0.614702 0.780103
vt 0.605263 0.807692
vt 0.605263 0.778884
vt 0.605263 0.742779
vt 0.614702 0.744232
vt 0.605263 0.735577
vt 0.615119 0.735577
vt 0.317308 0.514423
vt 0.317308 0.507221
vt 0.344897 0.507526
vt 0.346116 0.514423
vt 0.346497 0.470810
vt 0.363944 0.480953
vt 0.394737 0.442308
vt 0.394737 0.471116
vt 0.394737 0.507221
vt 0.383326 0.507526
vt 0.394737 0.514423
vt 0.384881 0.514423
vt 0.682692 0.514423
vt 0.653884 0.514423
vt 0.644047 0.488944
vt 0.654190 0.471497
vt 0.615119 0.514423
vt 0.614702 0.505768
vt 0.605263 0.514423
vt 0.605263 0.507221
vt 0.605263 0.471116
vt 0.614702 0.469897
vt 0.605263 0.442308
vt 0.615119 0.442308
s 0
usemtl OiledOak
f 651/958/640 654/959/640 656/960/640 655/961/640
f 654/959/641 658/962/641 659/963/641 656/960/641
f 652/964/642 657/965/642 659/966/642 658/967/642
f 657/968/643 661/969/643 662/970/643 659/971/643
f 653/972/644 660/973/644 662/970/644 661/969/644
f 660/974/645 655/961/645 656/960/645 662/975/645
f 656/960/646 659/963/646 662/975/646
f 663/976/647 666/977/647 668/978/647 667/979/647
f 666/977/648 670/980/648 671/981/648 668/978/648
f 664/982/649 669/983/649 671/984/649 670/985/649
f 669/986/650 673/987/650 674/988/650 671/989/650
f 665/990/651 672/991/651 674/988/651 673/987/651
f 672/991/652 667/992/652 668/993/652 674/988/652
f 668/993/653 671/989/653 674/988/653
f 675/994/654 678/995/654 680/996/654 679/997/654
f 678/995/655 682/998/655 683/999/655 680/996/655
f 676/1000/656 681/1001/656 683/1002/656 682/1003/656
f 681/1001/657 685/1004/657 686/1005/657 683/1002/657
f 677/1006/658 684/1007/658 686/1005/658 685/1004/658
f 684/1008/659 679/997/659 680/996/659 686/1009/659
f 680/996/660 683/999/660 686/1009/660
f 687/1010/661 690/1011/661 692/1012/661 691/1013/661
f 690/1014/662 694/1015/662 695/1016/662 692/1017/662
f 688/1018/663 693/1019/663 695/1016/663 694/1015/663
f 693/1019/664 697/1020/664 698/1021/664 695/1016/664
f 689/1022/665 696/1023/665 698/1021/665 697/1020/665
f 696/1023/666 691/1024/666 692/1017/666 698/1021/666
f 692/1017/667 695/1016/667 698/1021/667
f 699/1025/668 702/1026/668 704/1027/668 703/1028/668
f 702/1026/669 706/1029/669 707/1030/669 704/1027/669
f 700/1031/670 705/1032/670 707/1030/670 706/1029/670
f 705/1032/671 709/1033/671 710/1034/671 707/1030/671
f 701/1035/672 708/1036/672 710/1034/672 709/1033/672
f 708/1036/673 703/1028/673 704/1027/673 710/1034/673
f 704/1027/674 707/1030/674 710/1034/674
f 711/1037/675 714/1038/675 716/1039/675 715/1040/675
f 714/1038/676 718/1041/676 719/1042/676 716/1039/676
f 712/1043/677 717/1044/677 719/1042/677 718/1041/677
f 717/1044/678 721/1045/678 722/1046/678 719/1042/678
f 713/1047/679 720/1048/679 722/1046/679 721/1045/679
f 720/1048/680 715/1040/680 716/1039/680 722/1046/680
f 716/1039/681 719/1042/681 722/1046/681
f 723/1049/682 726/1050/682 728/1051/682 727/1052/682
f 726/1050/683 730/1053/683 731/1054/683 728/1051/683
f 724/1055/684 729/1056/684 731/1054/684 730/1053/684
f 729/1056/685 733/1057/685 734/1058/685 731/1054/685
f 725/1059/686 732/1060/686 734/1058/686 733/1057/686
f 732/1060/687 727/1052/687 728/1051/687 734/1058/687
f 728/1051/688 731/1054/688 734/1058/688
f 735/1061/689 738/1062/689 740/1063/689 739/1064/689
f 738/1062/690 742/1065/690 743/1066/690 740/1063/690
f 736/1067/691 741/1068/691 743/1066/691 742/1065/691
f 741/1068/692 745/1069/692 746/1070/692 743/1066/692
f 737/1071/693 744/1072/693 746/1070/693 745/1069/693
f 744/1072/694 739/1064/694 740/1063/694 746/1070/694
f 740/1063/695 743/1066/695 746/1070/695
f 675/994/696 651/958/696 655/961/696 678/995/696
f 678/995/697 655/961/697 660/974/697 682/998/697
f 682/1003/698 660/973/698 653/972/698 676/1000/698
f 652/964/699 663/976/699 667/979/699 657/965/699
f 657/968/700 667/992/700 672/991/700 661/969/700
f 661/969/701 672/991/701 665/990/701 653/972/701
f 664/982/702 687/1010/702 691/1013/702 669/983/702
f 669/986/703 691/1024/703 696/1023/703 673/987/703
f 673/987/704 696/1023/704 689/1022/704 665/990/704
f 688/1018/705 677/1006/705 685/1004/705 693/1019/705
f 693/1019/706 685/1004/706 681/1001/706 697/1020/706
f 697/1020/707 681/1001/707 676/1000/707 689/1022/707
f 723/1049/708 675/994/708 679/997/708 726/1050/708
f 726/1050/709 679/997/709 684/1008/709 730/1053/709
f 730/1053/710 684/1007/710 677/1006/710 724/1055/710
f 687/1010/711 735/1061/711 739/1064/711 690/1011/711
f 690/1014/712 739/1064/712 744/1072/712 694/1015/712
f 694/1015/713 744/1072/713 737/1071/713 688/1018/713
f 736/1067/714 725/1059/714 733/1057/714 741/1068/714
f 741/1068/715 733/1057/715 729/1056/715 745/1069/715
f 745/1069/716 729/1056/716 724/1055/716 737/1071/716
f 699/1025/717 723/1049/717 727/1052/717 702/1026/717
f 702/1026/718 727/1052/718 732/1060/718 706/1029/718
f 706/1029/719 732/1060/719 725/1059/719 700/1031/719
f 735/1061/720 711/1037/720 715/1040/720 738/1062/720
f 738/1062/721 715/1040/721 720/1048/721 742/1065/721
f 742/1065/722 720/1048/722 713/1047/722 736/1067/722
f 712/1043/723 701/1035/723 709/1033/723 717/1044/723
f 717/1044/724 709/1033/724 705/1032/724 721/1045/724
f 721/1045/725 705/1032/725 700/1031/725 713/1047/725
f 651/958/726 699/1025/726 703/1028/726 654/959/726
f 654/959/727 703/1028/727 708/1036/727 658/962/727
f 658/967/728 708/1036/728 701/1035/728 652/964/728
f 711/1037/729 664/982/729 670/985/729 714/1038/729
f 714/1038/730 670/980/730 666/977/730 718/1041/730
f 718/1041/731 666/977/731 663/976/731 712/1043/731
f 675/994/732 723/1049/732 699/1025/732 651/958/732
f 653/972/733 665/990/733 689/1022/733 676/1000/733
f 701/1035/734 712/1043/734 663/976/734 652/964/734
f 735/1061/735 687/1010/735 664/982/735 711/1037/735
f 677/1006/736 688/1018/736 737/1071/736 724/1055/736
f 725/1059/737 736/1067/737 713/1047/737 700/1031/737
o iron_heat_fin.001
v 0.296607 0.914054 0.155000
v 0.423393 1.185946 0.218000
v 0.349751 0.889273 0.183238
v 0.431896 1.181981 0.222518
v 0.362876 0.883152 0.246689
v 0.433996 1.181002 0.232670
v 0.326100 0.900301 0.297573
v 0.428112 1.183746 0.240812
v 0.267115 0.927806 0.297573
v 0.418674 1.188147 0.240812
v 0.230338 0.944955 0.246689
v 0.412790 1.190890 0.232670
v 0.243464 0.938835 0.183238
v 0.414890 1.189911 0.222518
vn 0.4649 -0.0117 -0.8853
vn 0.9467 -0.2364 -0.2186
vn 0.7748 -0.1562 0.6126
vn 0.0786 0.1685 0.9826
vn -0.6177 0.4931 0.6126
vn 0.4226 0.9063 -0.0000
vn -0.7896 0.5733 -0.2186
vn -0.3078 0.3487 -0.8853
vn -0.4226 -0.9063 -0.0000
vt 1.000000 0.500000
vt 1.000000 1.000000
vt 0.857143 1.000000
vt 0.857143 0.500000
vt 0.714286 1.000000
vt 0.714286 0.500000
vt 0.571429 1.000000
vt 0.571429 0.500000
vt 0.428571 1.000000
vt 0.428571 0.500000
vt 0.285714 1.000000
vt 0.285714 0.500000
vt 0.437640 0.399638
vt 0.250000 0.490000
vt 0.062360 0.399638
vt 0.016017 0.196595
vt 0.145868 0.033767
vt 0.354132 0.033767
vt 0.483983 0.196595
vt 0.142857 1.000000
vt 0.142857 0.500000
vt 0.000000 1.000000
vt 0.000000 0.500000
vt 0.750000 0.490000
vt 0.937640 0.399638
vt 0.983983 0.196595
vt 0.854132 0.033767
vt 0.645868 0.033767
vt 0.516017 0.196595
vt 0.562360 0.399638
s 0
usemtl BlackIron
f 747/1073/738 748/1074/738 750/1075/738 749/1076/738
f 749/1076/739 750/1075/739 752/1077/739 751/1078/739
f 751/1078/740 752/1077/740 754/1079/740 753/1080/740
f 753/1080/741 754/1079/741 756/1081/741 755/1082/741
f 755/1082/742 756/1081/742 758/1083/742 757/1084/742
f 750/1085/743 748/1086/743 760/1087/743 758/1088/743 756/1089/743 754/1090/743 752/1091/743
f 757/1084/744 758/1083/744 760/1092/744 759/1093/744
f 759/1093/745 760/1092/745 748/1094/745 747/1095/745
f 747/1096/746 749/1097/746 751/1098/746 753/1099/746 755/1100/746 757/1101/746 759/1102/746
o amber_fire_heart
v 0.000000 0.996252 0.181883
v 0.000000 0.985263 0.165000
v 0.000000 0.918470 0.132385
v 0.000000 0.890000 0.130000
v 0.000000 0.861530 0.132385
v 0.000000 0.794737 0.165000
v 0.000000 0.783748 0.181883
v 0.008798 0.996252 0.182769
v 0.016996 0.985263 0.166713
v 0.024036 0.967782 0.152925
v 0.029438 0.945000 0.142345
v 0.032834 0.918470 0.135695
v 0.033992 0.890000 0.133426
v 0.032834 0.861530 0.135695
v 0.029438 0.835000 0.142345
v 0.024036 0.812218 0.152925
v 0.016996 0.794737 0.166713
v 0.008798 0.783748 0.182769
v 0.016734 0.996252 0.185343
v 0.032328 0.985263 0.171684
v 0.045719 0.967782 0.159956
v 0.055994 0.945000 0.150956
v 0.062453 0.918470 0.145298
v 0.064656 0.890000 0.143369
v 0.062453 0.861530 0.145298
v 0.055994 0.835000 0.150956
v 0.045719 0.812218 0.159956
v 0.032328 0.794737 0.171684
v 0.016734 0.783748 0.185343
v 0.000000 0.780000 0.200000
v 0.023033 0.996252 0.189351
v 0.044496 0.985263 0.179428
v 0.062927 0.967782 0.170906
v 0.077069 0.945000 0.164367
v 0.085960 0.918470 0.160257
v 0.088992 0.890000 0.158855
v 0.085960 0.861530 0.160257
v 0.077069 0.835000 0.164367
v 0.062927 0.812218 0.170906
v 0.044496 0.794737 0.179428
v 0.023033 0.783748 0.189351
v 0.027077 0.996252 0.194401
v 0.052308 0.985263 0.189184
v 0.073975 0.967782 0.184704
v 0.090600 0.945000 0.181267
v 0.101052 0.918470 0.179106
v 0.104616 0.890000 0.178369
v 0.101052 0.861530 0.179106
v 0.090600 0.835000 0.181267
v 0.073975 0.812218 0.184704
v 0.052308 0.794737 0.189184
v 0.027077 0.783748 0.194401
v 0.028470 0.996252 0.200000
v 0.055000 0.985263 0.200000
v 0.077782 0.967782 0.200000
v 0.095263 0.945000 0.200000
v 0.106252 0.918470 0.200000
v 0.110000 0.890000 0.200000
v 0.106252 0.861530 0.200000
v 0.095263 0.835000 0.200000
v 0.077782 0.812218 0.200000
v 0.055000 0.794737 0.200000
v 0.028470 0.783748 0.200000
v 0.027077 0.996252 0.205599
v 0.052308 0.985263 0.210816
v 0.073975 0.967782 0.215296
v 0.090600 0.945000 0.218733
v 0.101052 0.918470 0.220894
v 0.104616 0.890000 0.221631
v 0.101052 0.861530 0.220894
v 0.090600 0.835000 0.218733
v 0.073975 0.812218 0.215296
v 0.052308 0.794737 0.210816
v 0.027077 0.783748 0.205599
v 0.023033 0.996252 0.210649
v 0.044496 0.985263 0.220572
v 0.062927 0.967782 0.229094
v 0.077069 0.945000 0.235633
v 0.085960 0.918470 0.239743
v 0.088992 0.890000 0.241145
v 0.085960 0.861530 0.239743
v 0.077069 0.835000 0.235633
v 0.062927 0.812218 0.229094
v 0.044496 0.794737 0.220572
v 0.023033 0.783748 0.210649
v 0.016734 0.996252 0.214657
v 0.032328 0.985263 0.228316
v 0.045719 0.967782 0.240044
v 0.055994 0.945000 0.249044
v 0.062453 0.918470 0.254702
v 0.064656 0.890000 0.256631
v 0.062453 0.861530 0.254702
v 0.055994 0.835000 0.249044
v 0.045719 0.812218 0.240044
v 0.032328 0.794737 0.228316
v 0.016734 0.783748 0.214657
v 0.008798 0.996252 0.217231
v 0.016996 0.985263 0.233287
v 0.024036 0.967782 0.247075
v 0.029438 0.945000 0.257655
v 0.032834 0.918470 0.264306
v 0.033992 0.890000 0.266574
v 0.032834 0.861530 0.264306
v 0.029438 0.835000 0.257655
v 0.024036 0.812218 0.247075
v 0.016996 0.794737 0.233287
v 0.008798 0.783748 0.217231
v 0.000000 1.000000 0.200000
v -0.000000 0.996252 0.218117
v 0.000000 0.985263 0.235000
v 0.000000 0.967782 0.249497
v 0.000000 0.945000 0.260622
v 0.000000 0.918470 0.267615
v 0.000000 0.890000 0.270000
v 0.000000 0.861530 0.267615
v 0.000000 0.835000 0.260622
v 0.000000 0.812218 0.249497
v 0.000000 0.794737 0.235000
v -0.000000 0.783748 0.218117
v -0.008798 0.996252 0.217231
v -0.016996 0.985263 0.233287
v -0.024036 0.967782 0.247075
v -0.029438 0.945000 0.257655
v -0.032834 0.918470 0.264306
v -0.033992 0.890000 0.266574
v -0.032834 0.861530 0.264306
v -0.029438 0.835000 0.257655
v -0.024036 0.812218 0.247075
v -0.016996 0.794737 0.233287
v -0.008798 0.783748 0.217231
v -0.016734 0.996252 0.214657
v -0.032328 0.985263 0.228316
v -0.045719 0.967782 0.240044
v -0.055994 0.945000 0.249044
v -0.062453 0.918470 0.254702
v -0.064656 0.890000 0.256631
v -0.062453 0.861530 0.254702
v -0.055994 0.835000 0.249044
v -0.045719 0.812218 0.240044
v -0.032328 0.794737 0.228316
v -0.016734 0.783748 0.214657
v -0.023033 0.996252 0.210649
v -0.044496 0.985263 0.220573
v -0.062927 0.967782 0.229094
v -0.077069 0.945000 0.235633
v -0.085960 0.918470 0.239743
v -0.088992 0.890000 0.241145
v -0.085960 0.861530 0.239743
v -0.077069 0.835000 0.235633
v -0.062927 0.812218 0.229094
v -0.044496 0.794737 0.220573
v -0.023033 0.783748 0.210649
v -0.027077 0.996252 0.205599
v -0.052308 0.985263 0.210816
v -0.073975 0.967782 0.215296
v -0.090600 0.945000 0.218733
v -0.101052 0.918470 0.220894
v -0.104616 0.890000 0.221631
v -0.101052 0.861530 0.220894
v -0.090600 0.835000 0.218733
v -0.073975 0.812218 0.215296
v -0.052308 0.794737 0.210816
v -0.027077 0.783748 0.205599
v -0.028470 0.996252 0.200000
v -0.055000 0.985263 0.200000
v -0.077782 0.967782 0.200000
v -0.095263 0.945000 0.200000
v -0.106252 0.918470 0.200000
v -0.110000 0.890000 0.200000
v -0.106252 0.861530 0.200000
v -0.095263 0.835000 0.200000
v -0.077782 0.812218 0.200000
v -0.055000 0.794737 0.200000
v -0.028470 0.783748 0.200000
v -0.027077 0.996252 0.194401
v -0.052308 0.985263 0.189184
v -0.073975 0.967782 0.184704
v -0.090600 0.945000 0.181267
v -0.101052 0.918470 0.179106
v -0.104616 0.890000 0.178369
v -0.101052 0.861530 0.179106
v -0.090600 0.835000 0.181267
v -0.073975 0.812218 0.184704
v -0.052308 0.794737 0.189184
v -0.027077 0.783748 0.194401
v -0.023033 0.996252 0.189351
v -0.044496 0.985263 0.179428
v -0.062927 0.967782 0.170906
v -0.077069 0.945000 0.164367
v -0.085960 0.918470 0.160257
v -0.088992 0.890000 0.158855
v -0.085960 0.861530 0.160257
v -0.077069 0.835000 0.164367
v -0.062927 0.812218 0.170906
v -0.044496 0.794737 0.179428
v -0.023033 0.783748 0.189351
v -0.016734 0.996252 0.185343
v -0.032328 0.985263 0.171684
v -0.045719 0.967782 0.159956
v -0.055994 0.945000 0.150956
v -0.062453 0.918470 0.145298
v -0.064656 0.890000 0.143369
v -0.062453 0.861530 0.145298
v -0.055994 0.835000 0.150956
v -0.045719 0.812218 0.159956
v -0.032328 0.794737 0.171684
v -0.016734 0.783748 0.185343
v -0.008798 0.996252 0.182769
v -0.016996 0.985263 0.166713
v -0.024036 0.967782 0.152925
v -0.029438 0.945000 0.142345
v -0.032834 0.918470 0.135694
v -0.033992 0.890000 0.133426
v -0.032834 0.861530 0.135694
v -0.029438 0.835000 0.142345
v -0.024036 0.812218 0.152925
v -0.016996 0.794737 0.166713
v -0.008798 0.783748 0.182769
v -0.000000 0.967782 0.150503
v 0.000000 0.945000 0.139378
v 0.000000 0.835000 0.139378
v -0.000000 0.812218 0.150503
vn -0.0000 0.9205 -0.3907
vn -0.0000 0.7420 -0.6704
vn -0.0000 0.1689 -0.9856
vn -0.0000 -0.0000 -1.0000
vn -0.0000 -0.1689 -0.9856
vn -0.0000 -0.7420 -0.6704
vn -0.0000 -0.9205 -0.3907
vn 0.0754 0.9238 -0.3753
vn 0.1342 0.7511 -0.6464
vn 0.1717 0.5501 -0.8173
vn 0.1931 0.3556 -0.9145
vn 0.2038 0.1739 -0.9634
vn 0.2071 -0.0000 -0.9783
vn 0.2038 -0.1739 -0.9634
vn 0.1931 -0.3556 -0.9145
vn 0.1717 -0.5501 -0.8173
vn 0.1342 -0.7511 -0.6464
vn 0.0754 -0.9238 -0.3753
vn 0.1475 0.9330 -0.3283
vn 0.2651 0.7764 -0.5718
vn 0.3458 0.5822 -0.7358
vn 0.3951 0.3829 -0.8351
vn 0.4210 0.1891 -0.8872
vn 0.4290 -0.0000 -0.9033
vn 0.4210 -0.1891 -0.8872
vn 0.3951 -0.3829 -0.8351
vn 0.3458 -0.5822 -0.7358
vn 0.2651 -0.7764 -0.5718
vn 0.1475 -0.9330 -0.3283
vn -0.0000 -1.0000 -0.0000
vn 0.2114 0.9453 -0.2486
vn 0.3854 0.8114 -0.4394
vn 0.5169 0.6297 -0.5799
vn 0.6052 0.4257 -0.6727
vn 0.6552 0.2138 -0.7246
vn 0.6713 -0.0000 -0.7412
vn 0.6552 -0.2138 -0.7246
vn 0.6052 -0.4257 -0.6727
vn 0.5169 -0.6297 -0.5799
vn 0.3854 -0.8114 -0.4394
vn 0.2114 -0.9453 -0.2486
vn 0.2590 0.9562 -0.1363
vn 0.4781 0.8437 -0.2440
vn 0.6583 0.6766 -0.3299
vn 0.7907 0.4709 -0.3912
vn 0.8712 0.2411 -0.4276
vn 0.8981 -0.0000 -0.4397
vn 0.8712 -0.2411 -0.4276
vn 0.7907 -0.4709 -0.3912
vn 0.6583 -0.6766 -0.3299
vn 0.4781 -0.8437 -0.2440
vn 0.2590 -0.9562 -0.1363
vn 0.2775 0.9607 -0.0000
vn 0.5149 0.8573 -0.0000
vn 0.7169 0.6972 -0.0000
vn 0.8709 0.4915 -0.0000
vn 0.9672 0.2539 -0.0000
vn 1.0000 -0.0000 -0.0000
vn 0.9672 -0.2539 -0.0000
vn 0.8709 -0.4915 -0.0000
vn 0.7169 -0.6972 -0.0000
vn 0.5149 -0.8573 -0.0000
vn 0.2775 -0.9607 -0.0000
vn 0.2590 0.9562 0.1363
vn 0.4781 0.8437 0.2440
vn 0.6583 0.6766 0.3299
vn 0.7907 0.4709 0.3912
vn 0.8712 0.2411 0.4276
vn 0.8981 -0.0000 0.4397
vn 0.8712 -0.2411 0.4276
vn 0.7907 -0.4709 0.3912
vn 0.6583 -0.6766 0.3299
vn 0.4781 -0.8437 0.2440
vn 0.2590 -0.9562 0.1363
vn 0.2114 0.9453 0.2486
vn 0.3854 0.8114 0.4394
vn 0.5169 0.6297 0.5799
vn 0.6052 0.4257 0.6727
vn 0.6552 0.2138 0.7246
vn 0.6713 -0.0000 0.7412
vn 0.6552 -0.2138 0.7246
vn 0.6052 -0.4257 0.6727
vn 0.5169 -0.6297 0.5799
vn 0.3854 -0.8114 0.4394
vn 0.2114 -0.9453 0.2486
vn 0.1475 0.9330 0.3283
vn 0.2651 0.7764 0.5718
vn 0.3458 0.5822 0.7358
vn 0.3951 0.3829 0.8351
vn 0.4210 0.1891 0.8872
vn 0.4290 -0.0000 0.9033
vn 0.4210 -0.1891 0.8872
vn 0.3951 -0.3829 0.8351
vn 0.3458 -0.5822 0.7358
vn 0.2651 -0.7764 0.5718
vn 0.1475 -0.9330 0.3283
vn 0.0754 0.9238 0.3753
vn 0.1342 0.7511 0.6464
vn 0.1717 0.5501 0.8173
vn 0.1931 0.3556 0.9145
vn 0.2038 0.1739 0.9634
vn 0.2071 -0.0000 0.9783
vn 0.2038 -0.1739 0.9634
vn 0.1931 -0.3556 0.9145
vn 0.1717 -0.5501 0.8173
vn 0.1342 -0.7511 0.6464
vn 0.0754 -0.9238 0.3753
vn -0.0000 1.0000 -0.0000
vn -0.0000 0.9205 0.3907
vn -0.0000 0.7420 0.6704
vn -0.0000 0.5390 0.8423
vn -0.0000 0.3465 0.9381
vn -0.0000 0.1689 0.9856
vn -0.0000 -0.0000 1.0000
vn -0.0000 -0.1689 0.9856
vn -0.0000 -0.3465 0.9381
vn -0.0000 -0.5390 0.8423
vn -0.0000 -0.7420 0.6704
vn -0.0000 -0.9205 0.3907
vn -0.0754 0.9238 0.3753
vn -0.1342 0.7511 0.6464
vn -0.1717 0.5501 0.8173
vn -0.1931 0.3556 0.9145
vn -0.2038 0.1739 0.9634
vn -0.2071 -0.0000 0.9783
vn -0.2038 -0.1739 0.9634
vn -0.1931 -0.3556 0.9145
vn -0.1717 -0.5501 0.8173
vn -0.1342 -0.7511 0.6464
vn -0.0754 -0.9238 0.3753
vn -0.1475 0.9330 0.3283
vn -0.2651 0.7764 0.5718
vn -0.3458 0.5822 0.7358
vn -0.3951 0.3829 0.8351
vn -0.4210 0.1891 0.8872
vn -0.4290 -0.0000 0.9033
vn -0.4210 -0.1891 0.8872
vn -0.3951 -0.3829 0.8351
vn -0.3458 -0.5822 0.7358
vn -0.2651 -0.7764 0.5718
vn -0.1475 -0.9330 0.3283
vn -0.2114 0.9453 0.2486
vn -0.3854 0.8114 0.4394
vn -0.5169 0.6297 0.5799
vn -0.6052 0.4257 0.6727
vn -0.6552 0.2138 0.7246
vn -0.6713 -0.0000 0.7412
vn -0.6552 -0.2138 0.7246
vn -0.6052 -0.4257 0.6727
vn -0.5169 -0.6297 0.5799
vn -0.3854 -0.8114 0.4394
vn -0.2114 -0.9453 0.2486
vn -0.2590 0.9562 0.1363
vn -0.4781 0.8437 0.2440
vn -0.6583 0.6766 0.3299
vn -0.7907 0.4709 0.3912
vn -0.8712 0.2411 0.4276
vn -0.8981 -0.0000 0.4397
vn -0.8712 -0.2411 0.4276
vn -0.7907 -0.4709 0.3912
vn -0.6583 -0.6766 0.3299
vn -0.4781 -0.8437 0.2440
vn -0.2590 -0.9562 0.1363
vn -0.2775 0.9607 -0.0000
vn -0.5149 0.8573 -0.0000
vn -0.7169 0.6972 -0.0000
vn -0.8709 0.4915 -0.0000
vn -0.9672 0.2539 -0.0000
vn -1.0000 -0.0000 -0.0000
vn -0.9672 -0.2539 -0.0000
vn -0.8709 -0.4915 -0.0000
vn -0.7169 -0.6972 -0.0000
vn -0.5149 -0.8573 -0.0000
vn -0.2775 -0.9607 -0.0000
vn -0.2590 0.9562 -0.1363
vn -0.4781 0.8437 -0.2440
vn -0.6583 0.6766 -0.3299
vn -0.7907 0.4709 -0.3912
vn -0.8712 0.2411 -0.4276
vn -0.8981 -0.0000 -0.4397
vn -0.8712 -0.2411 -0.4276
vn -0.7907 -0.4709 -0.3912
vn -0.6583 -0.6766 -0.3299
vn -0.4781 -0.8437 -0.2440
vn -0.2590 -0.9562 -0.1363
vn -0.2114 0.9453 -0.2486
vn -0.3854 0.8114 -0.4394
vn -0.5169 0.6297 -0.5799
vn -0.6052 0.4257 -0.6727
vn -0.6552 0.2138 -0.7246
vn -0.6713 -0.0000 -0.7412
vn -0.6552 -0.2138 -0.7246
vn -0.6052 -0.4257 -0.6727
vn -0.5169 -0.6297 -0.5799
vn -0.3854 -0.8114 -0.4394
vn -0.2114 -0.9453 -0.2486
vn -0.1475 0.9330 -0.3283
vn -0.2651 0.7764 -0.5718
vn -0.3458 0.5822 -0.7358
vn -0.3951 0.3829 -0.8351
vn -0.4210 0.1891 -0.8872
vn -0.4290 -0.0000 -0.9033
vn -0.4210 -0.1891 -0.8872
vn -0.3951 -0.3829 -0.8351
vn -0.3458 -0.5822 -0.7358
vn -0.2651 -0.7764 -0.5718
vn -0.1475 -0.9330 -0.3283
vn -0.0754 0.9238 -0.3753
vn -0.1342 0.7511 -0.6464
vn -0.1717 0.5501 -0.8173
vn -0.1931 0.3556 -0.9145
vn -0.2038 0.1739 -0.9634
vn -0.2071 -0.0000 -0.9783
vn -0.2038 -0.1739 -0.9634
vn -0.1931 -0.3556 -0.9145
vn -0.1717 -0.5501 -0.8173
vn -0.1342 -0.7511 -0.6464
vn -0.0754 -0.9238 -0.3753
vn -0.0000 0.5390 -0.8423
vn -0.0000 0.3465 -0.9381
vn -0.0000 -0.3465 -0.9381
vn -0.0000 -0.5390 -0.8423
vt 0.750000 0.583333
vt 0.750000 0.666667
vt 0.700000 0.666667
vt 0.700000 0.583333
vt 0.725000 0.000000
vt 0.750000 0.083333
vt 0.700000 0.083333
vt 0.750000 0.833333
vt 0.750000 0.916667
vt 0.700000 0.916667
vt 0.700000 0.833333
vt 0.750000 0.250000
vt 0.750000 0.333333
vt 0.700000 0.333333
vt 0.700000 0.250000
vt 0.750000 0.500000
vt 0.700000 0.500000
vt 0.750000 0.750000
vt 0.700000 0.750000
vt 0.750000 0.166667
vt 0.700000 0.166667
vt 0.750000 0.416667
vt 0.700000 0.416667
vt 0.725000 1.000000
vt 0.650000 0.250000
vt 0.650000 0.166667
vt 0.650000 0.500000
vt 0.650000 0.416667
vt 0.650000 0.750000
vt 0.650000 0.666667
vt 0.650000 0.083333
vt 0.675000 1.000000
vt 0.650000 0.916667
vt 0.650000 0.333333
vt 0.650000 0.583333
vt 0.675000 0.000000
vt 0.650000 0.833333
vt 0.600000 0.916667
vt 0.600000 0.833333
vt 0.600000 0.333333
vt 0.600000 0.250000
vt 0.600000 0.583333
vt 0.600000 0.500000
vt 0.600000 0.750000
vt 0.600000 0.166667
vt 0.600000 0.416667
vt 0.600000 0.666667
vt 0.600000 0.083333
vt 0.625000 1.000000
vt 0.625000 0.000000
vt 0.550000 0.166667
vt 0.550000 0.083333
vt 0.575000 1.000000
vt 0.550000 0.916667
vt 0.550000 0.416667
vt 0.550000 0.333333
vt 0.550000 0.666667
vt 0.550000 0.583333
vt 0.575000 0.000000
vt 0.550000 0.833333
vt 0.550000 0.250000
vt 0.550000 0.500000
vt 0.550000 0.750000
vt 0.500000 0.833333
vt 0.500000 0.750000
vt 0.500000 0.250000
vt 0.500000 0.166667
vt 0.500000 0.500000
vt 0.500000 0.416667
vt 0.500000 0.666667
vt 0.500000 0.083333
vt 0.525000 1.000000
vt 0.500000 0.916667
vt 0.500000 0.333333
vt 0.500000 0.583333
vt 0.525000 0.000000
vt 0.475000 0.000000
vt 0.450000 0.083333
vt 0.450000 0.916667
vt 0.450000 0.833333
vt 0.450000 0.333333
vt 0.450000 0.250000
vt 0.450000 0.583333
vt 0.450000 0.500000
vt 0.450000 0.750000
vt 0.450000 0.166667
vt 0.450000 0.416667
vt 0.450000 0.666667
vt 0.475000 1.000000
vt 0.400000 0.750000
vt 0.400000 0.666667
vt 0.400000 0.166667
vt 0.400000 0.083333
vt 0.425000 1.000000
vt 0.400000 0.916667
vt 0.400000 0.416667
vt 0.400000 0.333333
vt 0.400000 0.583333
vt 0.425000 0.000000
vt 0.400000 0.833333
vt 0.400000 0.250000
vt 0.400000 0.500000
vt 0.350000 0.833333
vt 0.350000 0.750000
vt 0.350000 0.250000
vt 0.350000 0.166667
vt 0.350000 0.500000
vt 0.350000 0.416667
vt 0.350000 0.666667
vt 0.350000 0.083333
vt 0.375000 1.000000
vt 0.350000 0.916667
vt 0.350000 0.333333
vt 0.350000 0.583333
vt 0.375000 0.000000
vt 0.300000 0.666667
vt 0.300000 0.583333
vt 0.325000 0.000000
vt 0.300000 0.083333
vt 0.300000 0.916667
vt 0.300000 0.833333
vt 0.300000 0.333333
vt 0.300000 0.250000
vt 0.300000 0.500000
vt 0.300000 0.750000
vt 0.300000 0.166667
vt 0.300000 0.416667
vt 0.325000 1.000000
vt 0.250000 0.750000
vt 0.250000 0.666667
vt 0.250000 0.166667
vt 0.250000 0.083333
vt 0.275000 1.000000
vt 0.250000 0.916667
vt 0.250000 0.416667
vt 0.250000 0.333333
vt 0.250000 0.583333
vt 0.275000 0.000000
vt 0.250000 0.833333
vt 0.250000 0.250000
vt 0.250000 0.500000
vt 0.200000 0.583333
vt 0.200000 0.500000
vt 0.200000 0.833333
vt 0.200000 0.750000
vt 0.200000 0.250000
vt 0.200000 0.166667
vt 0.200000 0.416667
vt 0.200000 0.666667
vt 0.200000 0.083333
vt 0.225000 1.000000
vt 0.200000 0.916667
vt 0.200000 0.333333
vt 0.225000 0.000000
vt 0.150000 0.666667
vt 0.150000 0.583333
vt 0.175000 0.000000
vt 0.150000 0.083333
vt 0.150000 0.916667
vt 0.150000 0.833333
vt 0.150000 0.333333
vt 0.150000 0.250000
vt 0.150000 0.500000
vt 0.150000 0.750000
vt 0.150000 0.166667
vt 0.150000 0.416667
vt 0.175000 1.000000
vt 0.100000 0.500000
vt 0.100000 0.416667
vt 0.100000 0.750000
vt 0.100000 0.666667
vt 0.100000 0.166667
vt 0.100000 0.083333
vt 0.125000 1.000000
vt 0.100000 0.916667
vt 0.100000 0.333333
vt 0.100000 0.583333
vt 0.125000 0.000000
vt 0.100000 0.833333
vt 0.100000 0.250000
vt 0.050000 0.583333
vt 0.050000 0.500000
vt 0.050000 0.833333
vt 0.050000 0.750000
vt 0.050000 0.250000
vt 0.050000 0.166667
vt 0.050000 0.416667
vt 0.050000 0.666667
vt 0.050000 0.083333
vt 0.075000 1.000000
vt 0.050000 0.916667
vt 0.050000 0.333333
vt 0.075000 0.000000
vt 0.000000 0.416667
vt 0.000000 0.333333
vt 0.000000 0.666667
vt 0.000000 0.583333
vt 0.025000 0.000000
vt 0.000000 0.083333
vt 0.000000 0.916667
vt 0.000000 0.833333
vt 0.000000 0.250000
vt 0.000000 0.500000
vt 0.000000 0.750000
vt 0.000000 0.166667
vt 0.025000 1.000000
vt 1.000000 0.416667
vt 1.000000 0.500000
vt 0.950000 0.500000
vt 0.950000 0.416667
vt 1.000000 0.666667
vt 1.000000 0.750000
vt 0.950000 0.750000
vt 0.950000 0.666667
vt 1.000000 0.083333
vt 1.000000 0.166667
vt 0.950000 0.166667
vt 0.950000 0.083333
vt 1.000000 0.916667
vt 0.975000 1.000000
vt 0.950000 0.916667
vt 1.000000 0.333333
vt 0.950000 0.333333
vt 1.000000 0.583333
vt 0.950000 0.583333
vt 0.975000 0.000000
vt 1.000000 0.833333
vt 0.950000 0.833333
vt 1.000000 0.250000
vt 0.950000 0.250000
vt 0.900000 0.333333
vt 0.900000 0.250000
vt 0.900000 0.583333
vt 0.900000 0.500000
vt 0.900000 0.833333
vt 0.900000 0.750000
vt 0.900000 0.166667
vt 0.900000 0.416667
vt 0.900000 0.666667
vt 0.900000 0.083333
vt 0.925000 1.000000
vt 0.900000 0.916667
vt 0.925000 0.000000
vt 0.875000 1.000000
vt 0.850000 0.916667
vt 0.850000 0.416667
vt 0.850000 0.333333
vt 0.850000 0.666667
vt 0.850000 0.583333
vt 0.875000 0.000000
vt 0.850000 0.083333
vt 0.850000 0.833333
vt 0.850000 0.250000
vt 0.850000 0.500000
vt 0.850000 0.750000
vt 0.850000 0.166667
vt 0.800000 0.250000
vt 0.800000 0.166667
vt 0.800000 0.500000
vt 0.800000 0.416667
vt 0.800000 0.750000
vt 0.800000 0.666667
vt 0.800000 0.083333
vt 0.825000 1.000000
vt 0.800000 0.916667
vt 0.800000 0.333333
vt 0.800000 0.583333
vt 0.825000 0.000000
vt 0.800000 0.833333
vt 0.775000 1.000000
vt 0.775000 0.000000
s 1
usemtl RunicAmber
f 763/1103/749 980/1104/966 771/1105/757 772/1106/758
f 790/1107/776 767/1108/753 778/1109/764
f 762/1110/748 761/1111/747 768/1112/754 769/1113/755
f 982/1114/968 981/1115/967 775/1116/761 776/1117/762
f 764/1118/750 763/1103/749 772/1106/758 773/1119/759
f 979/1120/965 762/1110/748 769/1113/755 770/1121/756
f 766/1122/752 982/1114/968 776/1117/762 777/1123/763
f 765/1124/751 764/1118/750 773/1119/759 774/1125/760
f 980/1104/966 979/1120/965 770/1121/756 771/1105/757
f 767/1108/753 766/1122/752 777/1123/763 778/1109/764
f 761/1111/747 868/1126/854 768/1112/754
f 981/1115/967 765/1124/751 774/1125/760 775/1116/761
f 777/1123/763 776/1117/762 787/1127/773 788/1128/774
f 774/1125/760 773/1119/759 784/1129/770 785/1130/771
f 771/1105/757 770/1121/756 781/1131/767 782/1132/768
f 778/1109/764 777/1123/763 788/1128/774 789/1133/775
f 768/1112/754 868/1134/854 779/1135/765
f 775/1116/761 774/1125/760 785/1130/771 786/1136/772
f 772/1106/758 771/1105/757 782/1132/768 783/1137/769
f 790/1138/776 778/1109/764 789/1133/775
f 769/1113/755 768/1112/754 779/1135/765 780/1139/766
f 776/1117/762 775/1116/761 786/1136/772 787/1127/773
f 773/1119/759 772/1106/758 783/1137/769 784/1129/770
f 770/1121/756 769/1113/755 780/1139/766 781/1131/767
f 780/1139/766 779/1135/765 791/1140/777 792/1141/778
f 787/1127/773 786/1136/772 798/1142/784 799/1143/785
f 784/1129/770 783/1137/769 795/1144/781 796/1145/782
f 781/1131/767 780/1139/766 792/1141/778 793/1146/779
f 788/1128/774 787/1127/773 799/1143/785 800/1147/786
f 785/1130/771 784/1129/770 796/1145/782 797/1148/783
f 782/1132/768 781/1131/767 793/1146/779 794/1149/780
f 789/1133/775 788/1128/774 800/1147/786 801/1150/787
f 779/1135/765 868/1151/854 791/1140/777
f 786/1136/772 785/1130/771 797/1148/783 798/1142/784
f 783/1137/769 782/1132/768 794/1149/780 795/1144/781
f 790/1152/776 789/1133/775 801/1150/787
f 801/1150/787 800/1147/786 811/1153/797 812/1154/798
f 791/1140/777 868/1155/854 802/1156/788
f 798/1142/784 797/1148/783 808/1157/794 809/1158/795
f 795/1144/781 794/1149/780 805/1159/791 806/1160/792
f 790/1161/776 801/1150/787 812/1154/798
f 792/1141/778 791/1140/777 802/1156/788 803/1162/789
f 799/1143/785 798/1142/784 809/1158/795 810/1163/796
f 796/1145/782 795/1144/781 806/1160/792 807/1164/793
f 793/1146/779 792/1141/778 803/1162/789 804/1165/790
f 800/1147/786 799/1143/785 810/1163/796 811/1153/797
f 797/1148/783 796/1145/782 807/1164/793 808/1157/794
f 794/1149/780 793/1146/779 804/1165/790 805/1159/791
f 804/1165/790 803/1162/789 814/1166/800 815/1167/801
f 811/1153/797 810/1163/796 821/1168/807 822/1169/808
f 808/1157/794 807/1164/793 818/1170/804 819/1171/805
f 805/1159/791 804/1165/790 815/1167/801 816/1172/802
f 812/1154/798 811/1153/797 822/1169/808 823/1173/809
f 802/1156/788 868/1174/854 813/1175/799
f 809/1158/795 808/1157/794 819/1171/805 820/1176/806
f 806/1160/792 805/1159/791 816/1172/802 817/1177/803
f 790/1178/776 812/1154/798 823/1173/809
f 803/1162/789 802/1156/788 813/1175/799 814/1166/800
f 810/1163/796 809/1158/795 820/1176/806 821/1168/807
f 807/1164/793 806/1160/792 817/1177/803 818/1170/804
f 790/1179/776 823/1173/809 834/1180/820
f 814/1166/800 813/1175/799 824/1181/810 825/1182/811
f 821/1168/807 820/1176/806 831/1183/817 832/1184/818
f 818/1170/804 817/1177/803 828/1185/814 829/1186/815
f 815/1167/801 814/1166/800 825/1182/811 826/1187/812
f 822/1169/808 821/1168/807 832/1184/818 833/1188/819
f 819/1171/805 818/1170/804 829/1186/815 830/1189/816
f 816/1172/802 815/1167/801 826/1187/812 827/1190/813
f 823/1173/809 822/1169/808 833/1188/819 834/1180/820
f 813/1175/799 868/1191/854 824/1181/810
f 820/1176/806 819/1171/805 830/1189/816 831/1183/817
f 817/1177/803 816/1172/802 827/1190/813 828/1185/814
f 827/1190/813 826/1187/812 837/1192/823 838/1193/824
f 834/1180/820 833/1188/819 844/1194/830 845/1195/831
f 824/1181/810 868/1196/854 835/1197/821
f 831/1183/817 830/1189/816 841/1198/827 842/1199/828
f 828/1185/814 827/1190/813 838/1193/824 839/1200/825
f 790/1201/776 834/1180/820 845/1195/831
f 825/1182/811 824/1181/810 835/1197/821 836/1202/822
f 832/1184/818 831/1183/817 842/1199/828 843/1203/829
f 829/1186/815 828/1185/814 839/1200/825 840/1204/826
f 826/1187/812 825/1182/811 836/1202/822 837/1192/823
f 833/1188/819 832/1184/818 843/1203/829 844/1194/830
f 830/1189/816 829/1186/815 840/1204/826 841/1198/827
f 837/1192/823 836/1202/822 847/1205/833 848/1206/834
f 844/1194/830 843/1203/829 854/1207/840 855/1208/841
f 841/1198/827 840/1204/826 851/1209/837 852/1210/838
f 838/1193/824 837/1192/823 848/1206/834 849/1211/835
f 845/1195/831 844/1194/830 855/1208/841 856/1212/842
f 835/1197/821 868/1213/854 846/1214/832
f 842/1199/828 841/1198/827 852/1210/838 853/1215/839
f 839/1200/825 838/1193/824 849/1211/835 850/1216/836
f 790/1217/776 845/1195/831 856/1212/842
f 836/1202/822 835/1197/821 846/1214/832 847/1205/833
f 843/1203/829 842/1199/828 853/1215/839 854/1207/840
f 840/1204/826 839/1200/825 850/1216/836 851/1209/837
f 850/1216/836 849/1211/835 860/1218/846 861/1219/847
f 790/1220/776 856/1212/842 867/1221/853
f 847/1205/833 846/1214/832 857/1222/843 858/1223/844
f 854/1207/840 853/1215/839 864/1224/850 865/1225/851
f 851/1209/837 850/1216/836 861/1219/847 862/1226/848
f 848/1206/834 847/1205/833 858/1223/844 859/1227/845
f 855/1208/841 854/1207/840 865/1225/851 866/1228/852
f 852/1210/838 851/1209/837 862/1226/848 863/1229/849
f 849/1211/835 848/1206/834 859/1227/845 860/1218/846
f 856/1212/842 855/1208/841 866/1228/852 867/1221/853
f 846/1214/832 868/1230/854 857/1222/843
f 853/1215/839 852/1210/838 863/1229/849 864/1224/850
f 860/1218/846 859/1227/845 871/1231/857 872/1232/858
f 867/1221/853 866/1228/852 878/1233/864 879/1234/865
f 857/1222/843 868/1235/854 869/1236/855
f 864/1224/850 863/1229/849 875/1237/861 876/1238/862
f 861/1219/847 860/1218/846 872/1232/858 873/1239/859
f 790/1240/776 867/1221/853 879/1234/865
f 858/1223/844 857/1222/843 869/1236/855 870/1241/856
f 865/1225/851 864/1224/850 876/1238/862 877/1242/863
f 862/1226/848 861/1219/847 873/1239/859 874/1243/860
f 859/1227/845 858/1223/844 870/1241/856 871/1231/857
f 866/1228/852 865/1225/851 877/1242/863 878/1233/864
f 863/1229/849 862/1226/848 874/1243/860 875/1237/861
f 874/1243/860 873/1239/859 884/1244/870 885/1245/871
f 871/1231/857 870/1241/856 881/1246/867 882/1247/868
f 878/1233/864 877/1242/863 888/1248/874 889/1249/875
f 875/1237/861 874/1243/860 885/1245/871 886/1250/872
f 872/1232/858 871/1231/857 882/1247/868 883/1251/869
f 879/1234/865 878/1233/864 889/1249/875 890/1252/876
f 869/1236/855 868/1253/854 880/1254/866
f 876/1238/862 875/1237/861 886/1250/872 887/1255/873
f 873/1239/859 872/1232/858 883/1251/869 884/1244/870
f 790/1256/776 879/1234/865 890/1252/876
f 870/1241/856 869/1236/855 880/1254/866 881/1246/867
f 877/1242/863 876/1238/862 887/1255/873 888/1248/874
f 884/1244/870 883/1251/869 894/1257/880 895/1258/881
f 790/1259/776 890/1252/876 901/1260/887
f 881/1246/867 880/1254/866 891/1261/877 892/1262/878
f 888/1248/874 887/1255/873 898/1263/884 899/1264/885
f 885/1245/871 884/1244/870 895/1258/881 896/1265/882
f 882/1247/868 881/1246/867 892/1262/878 893/1266/879
f 889/1249/875 888/1248/874 899/1264/885 900/1267/886
f 886/1250/872 885/1245/871 896/1265/882 897/1268/883
f 883/1251/869 882/1247/868 893/1266/879 894/1257/880
f 890/1252/876 889/1249/875 900/1267/886 901/1260/887
f 880/1254/866 868/1269/854 891/1261/877
f 887/1255/873 886/1250/872 897/1268/883 898/1263/884
f 897/1268/883 896/1265/882 907/1270/893 908/1271/894
f 894/1257/880 893/1266/879 904/1272/890 905/1273/891
f 901/1260/887 900/1267/886 911/1274/897 912/1275/898
f 891/1261/877 868/1276/854 902/1277/888
f 898/1263/884 897/1268/883 908/1271/894 909/1278/895
f 895/1258/881 894/1257/880 905/1273/891 906/1279/892
f 790/1280/776 901/1260/887 912/1275/898
f 892/1262/878 891/1261/877 902/1277/888 903/1281/889
f 899/1264/885 898/1263/884 909/1278/895 910/1282/896
f 896/1265/882 895/1258/881 906/1279/892 907/1270/893
f 893/1266/879 892/1262/878 903/1281/889 904/1272/890
f 900/1267/886 899/1264/885 910/1282/896 911/1274/897
f 907/1270/893 906/1279/892 917/1283/903 918/1284/904
f 904/1272/890 903/1281/889 914/1285/900 915/1286/901
f 911/1274/897 910/1282/896 921/1287/907 922/1288/908
f 908/1271/894 907/1270/893 918/1284/904 919/1289/905
f 905/1273/891 904/1272/890 915/1286/901 916/1290/902
f 912/1275/898 911/1274/897 922/1288/908 923/1291/909
f 902/1277/888 868/1292/854 913/1293/899
f 909/1278/895 908/1271/894 919/1289/905 920/1294/906
f 906/1279/892 905/1273/891 916/1290/902 917/1283/903
f 790/1295/776 912/1275/898 923/1291/909
f 903/1281/889 902/1277/888 913/1293/899 914/1285/900
f 910/1282/896 909/1278/895 920/1294/906 921/1287/907
f 920/1294/906 919/1289/905 930/1296/916 931/1297/917
f 917/1283/903 916/1290/902 927/1298/913 928/1299/914
f 790/1300/776 923/1291/909 934/1301/920
f 914/1285/900 913/1293/899 924/1302/910 925/1303/911
f 921/1287/907 920/1294/906 931/1297/917 932/1304/918
f 918/1284/904 917/1283/903 928/1299/914 929/1305/915
f 915/1286/901 914/1285/900 925/1303/911 926/1306/912
f 922/1288/908 921/1287/907 932/1304/918 933/1307/919
f 919/1289/905 918/1284/904 929/1305/915 930/1296/916
f 916/1290/902 915/1286/901 926/1306/912 927/1298/913
f 923/1291/909 922/1288/908 933/1307/919 934/1301/920
f 913/1293/899 868/1308/854 924/1302/910
f 930/1309/916 929/1310/915 940/1311/926 941/1312/927
f 927/1313/913 926/1314/912 937/1315/923 938/1316/924
f 934/1317/920 933/1318/919 944/1319/930 945/1320/931
f 924/1321/910 868/1322/854 935/1323/921
f 931/1324/917 930/1309/916 941/1312/927 942/1325/928
f 928/1326/914 927/1313/913 938/1316/924 939/1327/925
f 790/1328/776 934/1317/920 945/1320/931
f 925/1329/911 924/1321/910 935/1323/921 936/1330/922
f 932/1331/918 931/1324/917 942/1325/928 943/1332/929
f 929/1310/915 928/1326/914 939/1327/925 940/1311/926
f 926/1314/912 925/1329/911 936/1330/922 937/1315/923
f 933/1318/919 932/1331/918 943/1332/929 944/1319/930
f 943/1332/929 942/1325/928 953/1333/939 954/1334/940
f 940/1311/926 939/1327/925 950/1335/936 951/1336/937
f 937/1315/923 936/1330/922 947/1337/933 948/1338/934
f 944/1319/930 943/1332/929 954/1334/940 955/1339/941
f 941/1312/927 940/1311/926 951/1336/937 952/1340/938
f 938/1316/924 937/1315/923 948/1338/934 949/1341/935
f 945/1320/931 944/1319/930 955/1339/941 956/1342/942
f 935/1323/921 868/1343/854 946/1344/932
f 942/1325/928 941/1312/927 952/1340/938 953/1333/939
f 939/1327/925 938/1316/924 949/1341/935 950/1335/936
f 790/1345/776 945/1320/931 956/1342/942
f 936/1330/922 935/1323/921 946/1344/932 947/1337/933
f 946/1344/932 868/1346/854 957/1347/943
f 953/1333/939 952/1340/938 963/1348/949 964/1349/950
f 950/1335/936 949/1341/935 960/1350/946 961/1351/947
f 790/1352/776 956/1342/942 967/1353/953
f 947/1337/933 946/1344/932 957/1347/943 958/1354/944
f 954/1334/940 953/1333/939 964/1349/950 965/1355/951
f 951/1336/937 950/1335/936 961/1351/947 962/1356/948
f 948/1338/934 947/1337/933 958/1354/944 959/1357/945
f 955/1339/941 954/1334/940 965/1355/951 966/1358/952
f 952/1340/938 951/1336/937 962/1356/948 963/1348/949
f 949/1341/935 948/1338/934 959/1357/945 960/1350/946
f 956/1342/942 955/1339/941 966/1358/952 967/1353/953
f 966/1358/952 965/1355/951 976/1359/962 977/1360/963
f 963/1348/949 962/1356/948 973/1361/959 974/1362/960
f 960/1350/946 959/1357/945 970/1363/956 971/1364/957
f 967/1353/953 966/1358/952 977/1360/963 978/1365/964
f 957/1347/943 868/1366/854 968/1367/954
f 964/1349/950 963/1348/949 974/1362/960 975/1368/961
f 961/1351/947 960/1350/946 971/1364/957 972/1369/958
f 790/1370/776 967/1353/953 978/1365/964
f 958/1354/944 957/1347/943 968/1367/954 969/1371/955
f 965/1355/951 964/1349/950 975/1368/961 976/1359/962
f 962/1356/948 961/1351/947 972/1369/958 973/1361/959
f 959/1357/945 958/1354/944 969/1371/955 970/1363/956
f 969/1371/955 968/1367/954 761/1111/747 762/1110/748
f 976/1359/962 975/1368/961 981/1115/967 982/1114/968
f 973/1361/959 972/1369/958 763/1103/749 764/1118/750
f 970/1363/956 969/1371/955 762/1110/748 979/1120/965
f 977/1360/963 976/1359/962 982/1114/968 766/1122/752
f 974/1362/960 973/1361/959 764/1118/750 765/1124/751
f 971/1364/957 970/1363/956 979/1120/965 980/1104/966
f 978/1365/964 977/1360/963 766/1122/752 767/1108/753
f 968/1367/954 868/1372/854 761/1111/747
f 975/1368/961 974/1362/960 765/1124/751 981/1115/967
f 972/1369/958 971/1364/957 980/1104/966 763/1103/749
f 790/1373/776 978/1365/964 767/1108/753
o iron_furnace_shield
v -0.420000 0.625000 -0.310000
v -0.420000 0.655000 -0.280000
v -0.450000 0.655000 -0.310000
v -0.420000 0.629008 -0.295020
v -0.434980 0.629008 -0.310000
v -0.434346 0.632901 -0.295654
v -0.434980 0.655000 -0.284008
v -0.420000 0.640020 -0.284008
v -0.434346 0.640654 -0.287901
v -0.445992 0.640020 -0.310000
v -0.445992 0.655000 -0.295020
v -0.442099 0.640654 -0.295654
v -0.420000 1.025000 -0.280000
v -0.420000 1.055000 -0.310000
v -0.450000 1.025000 -0.310000
v -0.420000 1.039980 -0.284008
v -0.434980 1.025000 -0.284008
v -0.434346 1.039346 -0.287901
v -0.434980 1.050992 -0.310000
v -0.420000 1.050992 -0.295020
v -0.434346 1.047099 -0.295654
v -0.445992 1.025000 -0.295020
v -0.445992 1.039980 -0.310000
v -0.442099 1.039346 -0.295654
v -0.420000 0.625000 -0.350000
v -0.450000 0.655000 -0.350000
v -0.420000 0.655000 -0.380000
v -0.434980 0.629008 -0.350000
v -0.420000 0.629008 -0.364980
v -0.434346 0.632901 -0.364346
v -0.445992 0.655000 -0.364980
v -0.445992 0.640020 -0.350000
v -0.442099 0.640654 -0.364346
v -0.420000 0.640020 -0.375992
v -0.434980 0.655000 -0.375992
v -0.434346 0.640654 -0.372099
v -0.420000 1.055000 -0.350000
v -0.420000 1.025000 -0.380000
v -0.450000 1.025000 -0.350000
v -0.420000 1.050992 -0.364980
v -0.434980 1.050992 -0.350000
v -0.434346 1.047099 -0.364346
v -0.434980 1.025000 -0.375992
v -0.420000 1.039980 -0.375992
v -0.434346 1.039346 -0.372099
v -0.445992 1.039980 -0.350000
v -0.445992 1.025000 -0.364980
v -0.442099 1.039346 -0.364346
v 0.420000 0.625000 -0.310000
v 0.450000 0.655000 -0.310000
v 0.420000 0.655000 -0.280000
v 0.434980 0.629008 -0.310000
v 0.420000 0.629008 -0.295020
v 0.434346 0.632901 -0.295654
v 0.445992 0.655000 -0.295020
v 0.445992 0.640020 -0.310000
v 0.442099 0.640654 -0.295654
v 0.420000 0.640020 -0.284008
v 0.434980 0.655000 -0.284008
v 0.434346 0.640654 -0.287901
v 0.420000 1.055000 -0.310000
v 0.420000 1.025000 -0.280000
v 0.450000 1.025000 -0.310000
v 0.420000 1.050992 -0.295020
v 0.434980 1.050992 -0.310000
v 0.434346 1.047099 -0.295654
v 0.434980 1.025000 -0.284008
v 0.420000 1.039980 -0.284008
v 0.434346 1.039346 -0.287901
v 0.445992 1.039980 -0.310000
v 0.445992 1.025000 -0.295020
v 0.442099 1.039346 -0.295654
v 0.420000 0.625000 -0.350000
v 0.420000 0.655000 -0.380000
v 0.450000 0.655000 -0.350000
v 0.420000 0.629008 -0.364980
v 0.434980 0.629008 -0.350000
v 0.434346 0.632901 -0.364346
v 0.434980 0.655000 -0.375992
v 0.420000 0.640020 -0.375992
v 0.434346 0.640654 -0.372099
v 0.445992 0.640020 -0.350000
v 0.445992 0.655000 -0.364980
v 0.442099 0.640654 -0.364346
v 0.420000 1.055000 -0.350000
v 0.450000 1.025000 -0.350000
v 0.420000 1.025000 -0.380000
v 0.434980 1.050992 -0.350000
v 0.420000 1.050992 -0.364980
v 0.434346 1.047099 -0.364346
v 0.445992 1.025000 -0.364980
v 0.445992 1.039980 -0.350000
v 0.442099 1.039346 -0.364346
v 0.420000 1.039980 -0.375992
v 0.434980 1.025000 -0.375992
v 0.434346 1.039346 -0.372099
vn -0.2566 -0.9318 0.2566
vn -0.2178 -0.6901 0.6901
vn -0.2566 -0.2566 0.9318
vn -0.6901 -0.2178 0.6901
vn -0.9318 -0.2566 0.2566
vn -0.6901 -0.6901 0.2178
vn -0.5774 -0.5774 0.5773
vn -0.2566 0.2566 0.9318
vn -0.2178 0.6901 0.6901
vn -0.2566 0.9318 0.2566
vn -0.6901 0.6901 0.2178
vn -0.9318 0.2566 0.2566
vn -0.6901 0.2178 0.6901
vn -0.5774 0.5774 0.5773
vn -0.2566 -0.9318 -0.2566
vn -0.6901 -0.6901 -0.2178
vn -0.9318 -0.2566 -0.2566
vn -0.6901 -0.2178 -0.6901
vn -0.2566 -0.2566 -0.9318
vn -0.2178 -0.6901 -0.6901
vn -0.5774 -0.5774 -0.5773
vn -0.2566 0.9318 -0.2566
vn -0.2178 0.6901 -0.6901
vn -0.2566 0.2566 -0.9318
vn -0.6901 0.2178 -0.6901
vn -0.9318 0.2566 -0.2566
vn -0.6901 0.6901 -0.2178
vn -0.5774 0.5774 -0.5773
vn 0.2566 -0.9318 0.2566
vn 0.6901 -0.6901 0.2178
vn 0.9318 -0.2566 0.2566
vn 0.6901 -0.2178 0.6901
vn 0.2566 -0.2566 0.9318
vn 0.2178 -0.6901 0.6901
vn 0.5774 -0.5774 0.5773
vn 0.2566 0.9318 0.2566
vn 0.2178 0.6901 0.6901
vn 0.2566 0.2566 0.9318
vn 0.6901 0.2178 0.6901
vn 0.9318 0.2566 0.2566
vn 0.6901 0.6901 0.2178
vn 0.5774 0.5774 0.5773
vn 0.2566 -0.9318 -0.2566
vn 0.2178 -0.6901 -0.6901
vn 0.2566 -0.2566 -0.9318
vn 0.6901 -0.2178 -0.6901
vn 0.9318 -0.2566 -0.2566
vn 0.6901 -0.6901 -0.2178
vn 0.5774 -0.5774 -0.5773
vn 0.2566 0.9318 -0.2566
vn 0.6901 0.6901 -0.2178
vn 0.9318 0.2566 -0.2566
vn 0.6901 0.2178 -0.6901
vn 0.2566 0.2566 -0.9318
vn 0.2178 0.6901 -0.6901
vn 0.5774 0.5774 -0.5773
vn -0.2585 -0.9660 -0.0000
vn -0.7071 -0.7071 -0.0000
vn -0.9660 -0.2585 -0.0000
vn -0.2585 -0.0000 0.9660
vn -0.7071 -0.0000 0.7071
vn -0.9660 -0.0000 0.2585
vn -0.2585 0.9660 -0.0000
vn -0.7071 0.7071 -0.0000
vn -0.9660 0.2585 -0.0000
vn -0.2585 -0.0000 -0.9660
vn -0.7071 -0.0000 -0.7071
vn -0.9660 -0.0000 -0.2585
vn -0.0000 -0.9660 -0.2585
vn -0.0000 -0.7071 -0.7071
vn -0.0000 -0.2585 -0.9660
vn -0.0000 0.9660 -0.2585
vn -0.0000 0.7071 -0.7071
vn -0.0000 0.2585 -0.9660
vn 0.9660 -0.0000 -0.2585
vn 0.7071 -0.0000 -0.7071
vn 0.2585 -0.0000 -0.9660
vn 0.2585 -0.9660 -0.0000
vn 0.7071 -0.7071 -0.0000
vn 0.9660 -0.2585 -0.0000
vn 0.2585 0.9660 -0.0000
vn 0.7071 0.7071 -0.0000
vn 0.9660 0.2585 -0.0000
vn 0.2585 -0.0000 0.9660
vn 0.7071 -0.0000 0.7071
vn 0.9660 -0.0000 0.2585
vn -0.0000 -0.9660 0.2585
vn -0.0000 -0.7071 0.7071
vn -0.0000 -0.2585 0.9660
vn -0.0000 0.9660 0.2585
vn -0.0000 0.7071 0.7071
vn -0.0000 0.2585 0.9660
vn -0.0000 -1.0000 -0.0000
vn -1.0000 -0.0000 -0.0000
vn -0.0000 -0.0000 1.0000
vn -0.0000 1.0000 -0.0000
vn -0.0000 -0.0000 -1.0000
vn 1.0000 -0.0000 -0.0000
vt 0.133333 0.675000
vt 0.133333 0.712451
vt 0.129348 0.710866
vt 0.129172 0.675000
vt 0.133333 0.750000
vt 0.129348 0.750000
vt 0.392442 0.991667
vt 0.392442 1.000000
vt 0.375000 0.995652
vt 0.375000 0.991667
vt 0.392442 0.000000
vt 0.392442 0.037549
vt 0.375000 0.039134
vt 0.375000 0.000000
vt 0.392442 0.075000
vt 0.375000 0.075000
vt 0.125000 0.675000
vt 0.125000 0.710866
vt 0.607558 0.991667
vt 0.616268 0.991666
vt 0.615899 1.000000
vt 0.607558 1.000000
vt 0.625000 0.991667
vt 0.625000 1.000000
vt 0.866667 0.675000
vt 0.875000 0.675000
vt 0.875000 0.710866
vt 0.866667 0.750000
vt 0.625000 0.075000
vt 0.616268 0.075000
vt 0.615899 0.039134
vt 0.625000 0.039134
vt 0.607558 0.075000
vt 0.607558 0.037549
vt 0.607558 0.000000
vt 0.615899 0.000000
vt 0.133333 0.575000
vt 0.129172 0.575000
vt 0.129348 0.539134
vt 0.133333 0.537549
vt 0.125000 0.575000
vt 0.125000 0.539134
vt 0.392442 0.175000
vt 0.392442 0.212451
vt 0.375000 0.210866
vt 0.375000 0.175000
vt 0.392442 0.254172
vt 0.375000 0.254348
vt 0.392442 0.258333
vt 0.375000 0.258333
vt 0.133333 0.500000
vt 0.129348 0.500000
vt 0.866667 0.575000
vt 0.866667 0.500000
vt 0.875000 0.539134
vt 0.875000 0.575000
vt 0.625000 0.258333
vt 0.616268 0.258333
vt 0.615899 0.252484
vt 0.625000 0.228129
vt 0.607558 0.258333
vt 0.607558 0.254172
vt 0.607558 0.212451
vt 0.615899 0.210866
vt 0.607558 0.175000
vt 0.616268 0.175000
vt 0.625000 0.175000
vt 0.366667 0.675000
vt 0.370828 0.675000
vt 0.370652 0.710866
vt 0.366667 0.712451
vt 0.383732 0.675000
vt 0.383227 0.710866
vt 0.392442 0.675000
vt 0.392442 0.712451
vt 0.392442 0.754172
vt 0.373403 0.752751
vt 0.392442 0.758333
vt 0.370830 0.754164
vt 0.633333 0.675000
vt 0.629164 0.754170
vt 0.627751 0.751597
vt 0.629172 0.675000
vt 0.616268 0.758333
vt 0.615899 0.754348
vt 0.607558 0.758333
vt 0.607558 0.754172
vt 0.607558 0.712451
vt 0.615899 0.714063
vt 0.607558 0.675000
vt 0.616268 0.675000
vt 0.366667 0.575000
vt 0.366667 0.537549
vt 0.370652 0.539134
vt 0.370828 0.575000
vt 0.370830 0.495836
vt 0.373403 0.497249
vt 0.392442 0.491667
vt 0.392442 0.495828
vt 0.392442 0.537549
vt 0.383227 0.539134
vt 0.392442 0.575000
vt 0.383732 0.575000
vt 0.633333 0.575000
vt 0.629172 0.575000
vt 0.627751 0.498403
vt 0.629164 0.495830
vt 0.616268 0.575000
vt 0.615899 0.535937
vt 0.607558 0.575000
vt 0.607558 0.537549
vt 0.607558 0.495828
vt 0.615899 0.495652
vt 0.607558 0.491667
vt 0.616268 0.491667
s 0
usemtl BlackIron
f 983/1374/969 986/1375/969 988/1376/969 987/1377/969
f 986/1375/970 990/1378/970 991/1379/970 988/1376/970
f 984/1380/971 989/1381/971 991/1382/971 990/1383/971
f 989/1384/972 993/1385/972 994/1386/972 991/1387/972
f 985/1388/973 992/1389/973 994/1386/973 993/1385/973
f 992/1390/974 987/1377/974 988/1376/974 994/1391/974
f 988/1376/975 991/1379/975 994/1391/975
f 995/1392/976 998/1393/976 1000/1394/976 999/1395/976
f 998/1393/977 1002/1396/977 1003/1397/977 1000/1394/977
f 996/1398/978 1001/1399/978 1003/1400/978 1002/1401/978
f 1001/1402/979 1005/1403/979 1006/1404/979 1003/1405/979
f 997/1406/980 1004/1407/980 1006/1404/980 1005/1403/980
f 1004/1407/981 999/1408/981 1000/1409/981 1006/1404/981
f 1000/1409/982 1003/1405/982 1006/1404/982
f 1007/1410/983 1010/1411/983 1012/1412/983 1011/1413/983
f 1010/1411/984 1014/1414/984 1015/1415/984 1012/1412/984
f 1008/1416/985 1013/1417/985 1015/1418/985 1014/1419/985
f 1013/1417/986 1017/1420/986 1018/1421/986 1015/1418/986
f 1009/1422/987 1016/1423/987 1018/1421/987 1017/1420/987
f 1016/1424/988 1011/1413/988 1012/1412/988 1018/1425/988
f 1012/1412/989 1015/1415/989 1018/1425/989
f 1019/1426/990 1022/1427/990 1024/1428/990 1023/1429/990
f 1022/1430/991 1026/1431/991 1027/1432/991 1024/1433/991
f 1020/1434/992 1025/1435/992 1027/1432/992 1026/1431/992
f 1025/1435/993 1029/1436/993 1030/1437/993 1027/1432/993
f 1021/1438/994 1028/1439/994 1030/1437/994 1029/1436/994
f 1028/1439/995 1023/1440/995 1024/1433/995 1030/1437/995
f 1024/1433/996 1027/1432/996 1030/1437/996
f 1031/1441/997 1034/1442/997 1036/1443/997 1035/1444/997
f 1034/1442/998 1038/1445/998 1039/1446/998 1036/1443/998
f 1032/1447/999 1037/1448/999 1039/1446/999 1038/1445/999
f 1037/1448/1000 1041/1449/1000 1042/1450/1000 1039/1446/1000
f 1033/1451/1001 1040/1452/1001 1042/1450/1001 1041/1449/1001
f 1040/1452/1002 1035/1444/1002 1036/1443/1002 1042/1450/1002
f 1036/1443/1003 1039/1446/1003 1042/1450/1003
f 1043/1453/1004 1046/1454/1004 1048/1455/1004 1047/1456/1004
f 1046/1454/1005 1050/1457/1005 1051/1458/1005 1048/1455/1005
f 1044/1459/1006 1049/1460/1006 1051/1458/1006 1050/1457/1006
f 1049/1460/1007 1053/1461/1007 1054/1462/1007 1051/1458/1007
f 1045/1463/1008 1052/1464/1008 1054/1462/1008 1053/1461/1008
f 1052/1464/1009 1047/1456/1009 1048/1455/1009 1054/1462/1009
f 1048/1455/1010 1051/1458/1010 1054/1462/1010
f 1055/1465/1011 1058/1466/1011 1060/1467/1011 1059/1468/1011
f 1058/1466/1012 1062/1469/1012 1063/1470/1012 1060/1467/1012
f 1056/1471/1013 1061/1472/1013 1063/1470/1013 1062/1469/1013
f 1061/1472/1014 1065/1473/1014 1066/1474/1014 1063/1470/1014
f 1057/1475/1015 1064/1476/1015 1066/1474/1015 1065/1473/1015
f 1064/1476/1016 1059/1468/1016 1060/1467/1016 1066/1474/1016
f 1060/1467/1017 1063/1470/1017 1066/1474/1017
f 1067/1477/1018 1070/1478/1018 1072/1479/1018 1071/1480/1018
f 1070/1478/1019 1074/1481/1019 1075/1482/1019 1072/1479/1019
f 1068/1483/1020 1073/1484/1020 1075/1482/1020 1074/1481/1020
f 1073/1484/1021 1077/1485/1021 1078/1486/1021 1075/1482/1021
f 1069/1487/1022 1076/1488/1022 1078/1486/1022 1077/1485/1022
f 1076/1488/1023 1071/1480/1023 1072/1479/1023 1078/1486/1023
f 1072/1479/1024 1075/1482/1024 1078/1486/1024
f 1007/1410/1025 983/1374/1025 987/1377/1025 1010/1411/1025
f 1010/1411/1026 987/1377/1026 992/1390/1026 1014/1414/1026
f 1014/1419/1027 992/1389/1027 985/1388/1027 1008/1416/1027
f 984/1380/1028 995/1392/1028 999/1395/1028 989/1381/1028
f 989/1384/1029 999/1408/1029 1004/1407/1029 993/1385/1029
f 993/1385/1030 1004/1407/1030 997/1406/1030 985/1388/1030
f 996/1398/1031 1019/1426/1031 1023/1429/1031 1001/1399/1031
f 1001/1402/1032 1023/1440/1032 1028/1439/1032 1005/1403/1032
f 1005/1403/1033 1028/1439/1033 1021/1438/1033 997/1406/1033
f 1020/1434/1034 1009/1422/1034 1017/1420/1034 1025/1435/1034
f 1025/1435/1035 1017/1420/1035 1013/1417/1035 1029/1436/1035
f 1029/1436/1036 1013/1417/1036 1008/1416/1036 1021/1438/1036
f 1055/1465/1037 1007/1410/1037 1011/1413/1037 1058/1466/1037
f 1058/1466/1038 1011/1413/1038 1016/1424/1038 1062/1469/1038
f 1062/1469/1039 1016/1423/1039 1009/1422/1039 1056/1471/1039
f 1019/1426/1040 1067/1477/1040 1071/1480/1040 1022/1427/1040
f 1022/1430/1041 1071/1480/1041 1076/1488/1041 1026/1431/1041
f 1026/1431/1042 1076/1488/1042 1069/1487/1042 1020/1434/1042
f 1068/1483/1043 1057/1475/1043 1065/1473/1043 1073/1484/1043
f 1073/1484/1044 1065/1473/1044 1061/1472/1044 1077/1485/1044
f 1077/1485/1045 1061/1472/1045 1056/1471/1045 1069/1487/1045
f 1031/1441/1046 1055/1465/1046 1059/1468/1046 1034/1442/1046
f 1034/1442/1047 1059/1468/1047 1064/1476/1047 1038/1445/1047
f 1038/1445/1048 1064/1476/1048 1057/1475/1048 1032/1447/1048
f 1067/1477/1049 1043/1453/1049 1047/1456/1049 1070/1478/1049
f 1070/1478/1050 1047/1456/1050 1052/1464/1050 1074/1481/1050
f 1074/1481/1051 1052/1464/1051 1045/1463/1051 1068/1483/1051
f 1044/1459/1052 1033/1451/1052 1041/1449/1052 1049/1460/1052
f 1049/1460/1053 1041/1449/1053 1037/1448/1053 1053/1461/1053
f 1053/1461/1054 1037/1448/1054 1032/1447/1054 1045/1463/1054
f 983/1374/1055 1031/1441/1055 1035/1444/1055 986/1375/1055
f 986/1375/1056 1035/1444/1056 1040/1452/1056 990/1378/1056
f 990/1383/1057 1040/1452/1057 1033/1451/1057 984/1380/1057
f 1043/1453/1058 996/1398/1058 1002/1401/1058 1046/1454/1058
f 1046/1454/1059 1002/1396/1059 998/1393/1059 1050/1457/1059
f 1050/1457/1060 998/1393/1060 995/1392/1060 1044/1459/1060
f 1007/1410/1061 1055/1465/1061 1031/1441/1061 983/1374/1061
f 985/1388/1062 997/1406/1062 1021/1438/1062 1008/1416/1062
f 1033/1451/1063 1044/1459/1063 995/1392/1063 984/1380/1063
f 1067/1477/1064 1019/1426/1064 996/1398/1064 1043/1453/1064
f 1009/1422/1065 1020/1434/1065 1069/1487/1065 1056/1471/1065
f 1057/1475/1066 1068/1483/1066 1045/1463/1066 1032/1447/1066
o bronze_pressure_pipe
v -0.480000 0.525000 -0.115000
v -0.480000 1.075000 -0.115000
v -0.451798 0.525000 -0.108563
v -0.451798 1.075000 -0.108563
v -0.429181 0.525000 -0.090527
v -0.429181 1.075000 -0.090527
v -0.416630 0.525000 -0.064464
v -0.416630 1.075000 -0.064464
v -0.416630 0.525000 -0.035536
v -0.416630 1.075000 -0.035536
v -0.429181 0.525000 -0.009473
v -0.429181 1.075000 -0.009473
v -0.451798 0.525000 0.008563
v -0.451798 1.075000 0.008563
v -0.480000 0.525000 0.015000
v -0.480000 1.075000 0.015000
v -0.508202 0.525000 0.008563
v -0.508202 1.075000 0.008563
v -0.530819 0.525000 -0.009473
v -0.530819 1.075000 -0.009473
v -0.543370 0.525000 -0.035536
v -0.543370 1.075000 -0.035536
v -0.543370 0.525000 -0.064464
v -0.543370 1.075000 -0.064464
v -0.530819 0.525000 -0.090527
v -0.530819 1.075000 -0.090527
v -0.508202 0.525000 -0.108563
v -0.508202 1.075000 -0.108563
vn -0.0000 -0.6603 -0.7510
vn -0.0000 0.6603 -0.7510
vn 0.3259 -0.6603 -0.6766
vn 0.3259 0.6603 -0.6766
vn 0.5872 -0.6603 -0.4682
vn 0.5872 0.6603 -0.4682
vn 0.7322 -0.6603 -0.1671
vn 0.7322 0.6603 -0.1671
vn 0.7322 -0.6603 0.1671
vn 0.7322 0.6603 0.1671
vn 0.5872 -0.6603 0.4682
vn 0.5872 0.6603 0.4682
vn 0.3259 -0.6603 0.6766
vn 0.3259 0.6603 0.6766
vn -0.0000 -0.6603 0.7510
vn -0.0000 0.6603 0.7510
vn -0.3259 -0.6603 0.6766
vn -0.3259 0.6603 0.6766
vn -0.5872 -0.6603 0.4682
vn -0.5872 0.6603 0.4682
vn -0.7322 -0.6603 0.1671
vn -0.7322 0.6603 0.1671
vn -0.7322 -0.6603 -0.1671
vn -0.7322 0.6603 -0.1671
vn -0.5872 -0.6603 -0.4682
vn -0.5872 0.6603 -0.4682
vn -0.3259 -0.6603 -0.6766
vn -0.3259 0.6603 -0.6766
vt 1.000000 0.500000
vt 1.000000 1.000000
vt 0.928571 1.000000
vt 0.928571 0.500000
vt 0.857143 1.000000
vt 0.857143 0.500000
vt 0.785714 1.000000
vt 0.785714 0.500000
vt 0.714286 1.000000
vt 0.714286 0.500000
vt 0.642857 1.000000
vt 0.642857 0.500000
vt 0.571428 1.000000
vt 0.571428 0.500000
vt 0.500000 1.000000
vt 0.500000 0.500000
vt 0.428571 1.000000
vt 0.428571 0.500000
vt 0.357143 1.000000
vt 0.357143 0.500000
vt 0.285714 1.000000
vt 0.285714 0.500000
vt 0.214286 1.000000
vt 0.214286 0.500000
vt 0.142857 1.000000
vt 0.142857 0.500000
vt 0.354132 0.466233
vt 0.250000 0.490000
vt 0.145868 0.466233
vt 0.062360 0.399638
vt 0.016017 0.303405
vt 0.016017 0.196595
vt 0.062360 0.100362
vt 0.145868 0.033767
vt 0.250000 0.010000
vt 0.354132 0.033767
vt 0.437640 0.100362
vt 0.483983 0.196595
vt 0.483983 0.303405
vt 0.437640 0.399638
vt 0.071428 1.000000
vt 0.071428 0.500000
vt -0.000000 1.000000
vt -0.000000 0.500000
vt 0.750000 0.490000
vt 0.854132 0.466233
vt 0.937640 0.399638
vt 0.983983 0.303405
vt 0.983983 0.196595
vt 0.937640 0.100362
vt 0.854132 0.033767
vt 0.750000 0.010000
vt 0.645868 0.033767
vt 0.562360 0.100362
vt 0.516017 0.196595
vt 0.516017 0.303405
vt 0.562360 0.399638
vt 0.645868 0.466233
s 1
usemtl WornBronze
f 1079/1489/1067 1080/1490/1068 1082/1491/1070 1081/1492/1069
f 1081/1492/1069 1082/1491/1070 1084/1493/1072 1083/1494/1071
f 1083/1494/1071 1084/1493/1072 1086/1495/1074 1085/1496/1073
f 1085/1496/1073 1086/1495/1074 1088/1497/1076 1087/1498/1075
f 1087/1498/1075 1088/1497/1076 1090/1499/1078 1089/1500/1077
f 1089/1500/1077 1090/1499/1078 1092/1501/1080 1091/1502/1079
f 1091/1502/1079 1092/1501/1080 1094/1503/1082 1093/1504/1081
f 1093/1504/1081 1094/1503/1082 1096/1505/1084 1095/1506/1083
f 1095/1506/1083 1096/1505/1084 1098/1507/1086 1097/1508/1085
f 1097/1508/1085 1098/1507/1086 1100/1509/1088 1099/1510/1087
f 1099/1510/1087 1100/1509/1088 1102/1511/1090 1101/1512/1089
f 1101/1512/1089 1102/1511/1090 1104/1513/1092 1103/1514/1091
f 1082/1515/1070 1080/1516/1068 1106/1517/1094 1104/1518/1092 1102/1519/1090 1100/1520/1088 1098/1521/1086 1096/1522/1084 1094/1523/1082 1092/1524/1080 1090/1525/1078 1088/1526/1076 1086/1527/1074 1084/1528/1072
f 1103/1514/1091 1104/1513/1092 1106/1529/1094 1105/1530/1093
f 1105/1530/1093 1106/1529/1094 1080/1531/1068 1079/1532/1067
f 1079/1533/1067 1081/1534/1069 1083/1535/1071 1085/1536/1073 1087/1537/1075 1089/1538/1077 1091/1539/1079 1093/1540/1081 1095/1541/1083 1097/1542/1085 1099/1543/1087 1101/1544/1089 1103/1545/1091 1105/1546/1093
o bronze_pressure_pipe.001
v 0.480000 0.525000 -0.115000
v 0.480000 1.075000 -0.115000
v 0.508202 0.525000 -0.108563
v 0.508202 1.075000 -0.108563
v 0.530819 0.525000 -0.090527
v 0.530819 1.075000 -0.090527
v 0.543370 0.525000 -0.064464
v 0.543370 1.075000 -0.064464
v 0.543370 0.525000 -0.035536
v 0.543370 1.075000 -0.035536
v 0.530819 0.525000 -0.009473
v 0.530819 1.075000 -0.009473
v 0.508202 0.525000 0.008563
v 0.508202 1.075000 0.008563
v 0.480000 0.525000 0.015000
v 0.480000 1.075000 0.015000
v 0.451798 0.525000 0.008563
v 0.451798 1.075000 0.008563
v 0.429181 0.525000 -0.009473
v 0.429181 1.075000 -0.009473
v 0.416630 0.525000 -0.035536
v 0.416630 1.075000 -0.035536
v 0.416630 0.525000 -0.064464
v 0.416630 1.075000 -0.064464
v 0.429181 0.525000 -0.090527
v 0.429181 1.075000 -0.090527
v 0.451798 0.525000 -0.108563
v 0.451798 1.075000 -0.108563
vn -0.0000 -0.6603 -0.7510
vn -0.0000 0.6603 -0.7510
vn 0.3259 -0.6603 -0.6766
vn 0.3259 0.6603 -0.6766
vn 0.5872 -0.6603 -0.4682
vn 0.5872 0.6603 -0.4682
vn 0.7322 -0.6603 -0.1671
vn 0.7322 0.6603 -0.1671
vn 0.7322 -0.6603 0.1671
vn 0.7322 0.6603 0.1671
vn 0.5872 -0.6603 0.4682
vn 0.5872 0.6603 0.4682
vn 0.3259 -0.6603 0.6766
vn 0.3259 0.6603 0.6766
vn -0.0000 -0.6603 0.7510
vn -0.0000 0.6603 0.7510
vn -0.3259 -0.6603 0.6766
vn -0.3259 0.6603 0.6766
vn -0.5872 -0.6603 0.4682
vn -0.5872 0.6603 0.4682
vn -0.7322 -0.6603 0.1671
vn -0.7322 0.6603 0.1671
vn -0.7322 -0.6603 -0.1671
vn -0.7322 0.6603 -0.1671
vn -0.5872 -0.6603 -0.4682
vn -0.5872 0.6603 -0.4682
vn -0.3259 -0.6603 -0.6766
vn -0.3259 0.6603 -0.6766
vt 1.000000 0.500000
vt 1.000000 1.000000
vt 0.928571 1.000000
vt 0.928571 0.500000
vt 0.857143 1.000000
vt 0.857143 0.500000
vt 0.785714 1.000000
vt 0.785714 0.500000
vt 0.714286 1.000000
vt 0.714286 0.500000
vt 0.642857 1.000000
vt 0.642857 0.500000
vt 0.571428 1.000000
vt 0.571428 0.500000
vt 0.500000 1.000000
vt 0.500000 0.500000
vt 0.428571 1.000000
vt 0.428571 0.500000
vt 0.357143 1.000000
vt 0.357143 0.500000
vt 0.285714 1.000000
vt 0.285714 0.500000
vt 0.214286 1.000000
vt 0.214286 0.500000
vt 0.142857 1.000000
vt 0.142857 0.500000
vt 0.354132 0.466233
vt 0.250000 0.490000
vt 0.145868 0.466233
vt 0.062360 0.399638
vt 0.016017 0.303405
vt 0.016017 0.196595
vt 0.062360 0.100362
vt 0.145868 0.033767
vt 0.250000 0.010000
vt 0.354132 0.033767
vt 0.437640 0.100362
vt 0.483983 0.196595
vt 0.483983 0.303405
vt 0.437640 0.399638
vt 0.071428 1.000000
vt 0.071428 0.500000
vt -0.000000 1.000000
vt -0.000000 0.500000
vt 0.750000 0.490000
vt 0.854132 0.466233
vt 0.937640 0.399638
vt 0.983983 0.303405
vt 0.983983 0.196595
vt 0.937640 0.100362
vt 0.854132 0.033767
vt 0.750000 0.010000
vt 0.645868 0.033767
vt 0.562360 0.100362
vt 0.516017 0.196595
vt 0.516017 0.303405
vt 0.562360 0.399638
vt 0.645868 0.466233
s 1
usemtl WornBronze
f 1107/1547/1095 1108/1548/1096 1110/1549/1098 1109/1550/1097
f 1109/1550/1097 1110/1549/1098 1112/1551/1100 1111/1552/1099
f 1111/1552/1099 1112/1551/1100 1114/1553/1102 1113/1554/1101
f 1113/1554/1101 1114/1553/1102 1116/1555/1104 1115/1556/1103
f 1115/1556/1103 1116/1555/1104 1118/1557/1106 1117/1558/1105
f 1117/1558/1105 1118/1557/1106 1120/1559/1108 1119/1560/1107
f 1119/1560/1107 1120/1559/1108 1122/1561/1110 1121/1562/1109
f 1121/1562/1109 1122/1561/1110 1124/1563/1112 1123/1564/1111
f 1123/1564/1111 1124/1563/1112 1126/1565/1114 1125/1566/1113
f 1125/1566/1113 1126/1565/1114 1128/1567/1116 1127/1568/1115
f 1127/1568/1115 1128/1567/1116 1130/1569/1118 1129/1570/1117
f 1129/1570/1117 1130/1569/1118 1132/1571/1120 1131/1572/1119
f 1110/1573/1098 1108/1574/1096 1134/1575/1122 1132/1576/1120 1130/1577/1118 1128/1578/1116 1126/1579/1114 1124/1580/1112 1122/1581/1110 1120/1582/1108 1118/1583/1106 1116/1584/1104 1114/1585/1102 1112/1586/1100
f 1131/1572/1119 1132/1571/1120 1134/1587/1122 1133/1588/1121
f 1133/1588/1121 1134/1587/1122 1108/1589/1096 1107/1590/1095
f 1107/1591/1095 1109/1592/1097 1111/1593/1099 1113/1594/1101 1115/1595/1103 1117/1596/1105 1119/1597/1107 1121/1598/1109 1123/1599/1111 1125/1600/1113 1127/1601/1115 1129/1602/1117 1131/1603/1119 1133/1604/1121
