# Blender 4.5.10 LTS
# www.blender.org
mtllib TowerSeed3.mtl
o limestone_socket_lower_course
v -0.000000 0.000000 -0.873658
v -0.024778 0.020586 -0.874347
v 0.024778 0.020586 -0.874347
v -0.015708 0.006030 -0.882016
v -0.000000 0.009135 -0.884527
v 0.000000 0.022678 -0.876852
v 0.015708 0.006030 -0.882016
v 0.000000 0.240000 -0.673258
v 0.024778 0.219414 -0.708326
v -0.024778 0.219414 -0.708326
v 0.013191 0.233970 -0.692728
v -0.000000 0.231734 -0.699090
v -0.000000 0.221505 -0.710831
v -0.013191 0.233970 -0.692728
v 0.617769 0.000000 -0.617769
v 0.600736 0.020586 -0.635777
v 0.635777 0.020586 -0.600736
v 0.612572 0.006030 -0.634787
v 0.625455 0.009135 -0.625455
v 0.620028 0.022678 -0.620028
v 0.634787 0.006030 -0.612572
v 0.476065 0.240000 -0.476065
v 0.518383 0.219414 -0.483342
v 0.483342 0.219414 -0.518383
v 0.499160 0.233970 -0.480505
v 0.494331 0.231734 -0.494331
v 0.502633 0.221505 -0.502633
v 0.480505 0.233970 -0.499160
v 0.873658 0.000000 -0.000000
v 0.874347 0.020586 -0.024778
v 0.874347 0.020586 0.024778
v 0.882016 0.006030 -0.015708
v 0.884527 0.009135 -0.000000
v 0.876852 0.022678 0.000000
v 0.882016 0.006030 0.015708
v 0.673258 0.240000 0.000000
v 0.708326 0.219414 0.024778
v 0.708326 0.219414 -0.024778
v 0.692728 0.233970 0.013191
v 0.699090 0.231734 -0.000000
v 0.710831 0.221505 -0.000000
v 0.692728 0.233970 -0.013191
v 0.617769 0.000000 0.617769
v 0.635777 0.020586 0.600736
v 0.600736 0.020586 0.635777
v 0.634787 0.006030 0.612572
v 0.625455 0.009135 0.625455
v 0.620028 0.022678 0.620028
v 0.612572 0.006030 0.634787
v 0.476065 0.240000 0.476065
v 0.483342 0.219414 0.518383
v 0.518383 0.219414 0.483342
v 0.480505 0.233970 0.499160
v 0.494331 0.231734 0.494331
v 0.502633 0.221505 0.502633
v 0.499160 0.233970 0.480505
v 0.000000 0.000000 0.873658
v 0.024778 0.020586 0.874347
v -0.024778 0.020586 0.874347
v 0.015708 0.006030 0.882016
v 0.000000 0.009135 0.884527
v 0.000000 0.022678 0.876852
v -0.015708 0.006030 0.882016
v 0.000000 0.240000 0.673258
v -0.024778 0.219414 0.708326
v 0.024778 0.219414 0.708326
v -0.013191 0.233970 0.692728
v 0.000000 0.231734 0.699090
v 0.000000 0.221505 0.710831
v 0.013191 0.233970 0.692728
v -0.617769 0.000000 0.617769
v -0.600736 0.020586 0.635777
v -0.635777 0.020586 0.600736
v -0.612572 0.006030 0.634787
v -0.625455 0.009135 0.625455
v -0.620028 0.022678 0.620028
v -0.634787 0.006030 0.612572
v -0.476065 0.240000 0.476065
v -0.518383 0.219414 0.483342
v -0.483342 0.219414 0.518383
v -0.499160 0.233970 0.480505
v -0.494331 0.231734 0.494331
v -0.502633 0.221505 0.502633
v -0.480505 0.233970 0.499160
v -0.873658 0.000000 0.000000
v -0.874347 0.020586 0.024778
v -0.874347 0.020586 -0.024778
v -0.882016 0.006030 0.015708
v -0.884527 0.009135 0.000000
v -0.876852 0.022678 0.000000
v -0.882016 0.006030 -0.015708
v -0.673258 0.240000 0.000000
v -0.708326 0.219414 -0.024778
v -0.708326 0.219414 0.024778
v -0.692728 0.233970 -0.013191
v -0.699090 0.231734 0.000000
v -0.710831 0.221505 0.000000
v -0.692728 0.233970 0.013191
v -0.617769 0.000000 -0.617769
v -0.635777 0.020586 -0.600736
v -0.600736 0.020586 -0.635777
v -0.634787 0.006030 -0.612572
v -0.625455 0.009135 -0.625455
v -0.620028 0.022678 -0.620028
v -0.612572 0.006030 -0.634787
v -0.476065 0.240000 -0.476065
v -0.483342 0.219414 -0.518383
v -0.518383 0.219414 -0.483342
v -0.480505 0.233970 -0.499160
v -0.494331 0.231734 -0.494331
v -0.502633 0.221505 -0.502633
v -0.499160 0.233970 -0.480505
vn -0.0000 -0.7655 -0.6434
vn -0.1652 0.4311 -0.8871
vn 0.1652 0.4311 -0.8871
vn -0.0000 0.9524 -0.3048
vn 0.1443 0.7628 -0.6304
vn -0.1443 0.7628 -0.6304
vn 0.4549 -0.7655 -0.4549
vn 0.5104 0.4311 -0.7441
vn 0.7441 0.4311 -0.5104
vn 0.2155 0.9524 -0.2155
vn 0.5478 0.7628 -0.3437
vn 0.3437 0.7628 -0.5478
vn 0.6434 -0.7655 -0.0000
vn 0.8871 0.4311 -0.1652
vn 0.8871 0.4311 0.1652
vn 0.3048 0.9524 -0.0000
vn 0.6304 0.7628 0.1443
vn 0.6304 0.7628 -0.1443
vn 0.4549 -0.7655 0.4549
vn 0.7441 0.4311 0.5104
vn 0.5104 0.4311 0.7441
vn 0.2155 0.9524 0.2155
vn 0.3437 0.7628 0.5478
vn 0.5478 0.7628 0.3437
vn -0.0000 -0.7655 0.6434
vn 0.1652 0.4311 0.8871
vn -0.1652 0.4311 0.8871
vn -0.0000 0.9524 0.3048
vn -0.1443 0.7628 0.6304
vn 0.1443 0.7628 0.6304
vn -0.4549 -0.7655 0.4549
vn -0.5104 0.4311 0.7441
vn -0.7441 0.4311 0.5104
vn -0.2155 0.9524 0.2155
vn -0.5478 0.7628 0.3437
vn -0.3437 0.7628 0.5478
vn -0.6434 -0.7655 -0.0000
vn -0.8871 0.4311 0.1652
vn -0.8871 0.4311 -0.1652
vn -0.3048 0.9524 -0.0000
vn -0.6304 0.7628 -0.1443
vn -0.6304 0.7628 0.1443
vn -0.4549 -0.7655 -0.4549
vn -0.7441 0.4311 -0.5104
vn -0.5104 0.4311 -0.7441
vn -0.2155 0.9524 -0.2155
vn -0.3437 0.7628 -0.5478
vn -0.5478 0.7628 -0.3437
vn 0.3714 0.2410 -0.8967
vn 0.1538 -0.9156 -0.3714
vn 0.2339 0.7914 -0.5648
vn 0.0969 0.9674 -0.2339
vn -0.1306 0.6355 -0.7610
vn 0.1306 0.6355 -0.7610
vn 0.6305 0.6355 -0.4458
vn 0.4458 0.6355 -0.6305
vn 0.8967 0.2410 -0.3714
vn 0.3714 -0.9156 -0.1538
vn 0.5648 0.7914 -0.2339
vn 0.2339 0.9674 -0.0969
vn 0.7610 0.6355 0.1306
vn 0.7610 0.6355 -0.1306
vn 0.8967 0.2410 0.3714
vn 0.3714 -0.9156 0.1538
vn 0.5648 0.7914 0.2339
vn 0.2339 0.9674 0.0969
vn 0.4458 0.6355 0.6305
vn 0.6305 0.6355 0.4458
vn 0.3714 0.2410 0.8967
vn 0.1538 -0.9156 0.3714
vn 0.2339 0.7914 0.5648
vn 0.0969 0.9674 0.2339
vn -0.1306 0.6355 0.7610
vn 0.1306 0.6355 0.7610
vn -0.3714 0.2410 0.8967
vn -0.1538 -0.9156 0.3714
vn -0.2339 0.7914 0.5648
vn -0.0969 0.9674 0.2339
vn -0.6305 0.6355 0.4458
vn -0.4458 0.6355 0.6305
vn -0.8967 0.2410 0.3714
vn -0.3714 -0.9156 0.1538
vn -0.5648 0.7914 0.2339
vn -0.2339 0.9674 0.0969
vn -0.7610 0.6355 -0.1306
vn -0.7610 0.6355 0.1306
vn -0.8967 0.2410 -0.3714
vn -0.3714 -0.9156 -0.1538
vn -0.5648 0.7914 -0.2339
vn -0.2339 0.9674 -0.0969
vn -0.4458 0.6355 -0.6305
vn -0.6305 0.6355 -0.4458
vn -0.3714 0.2410 -0.8967
vn -0.1538 -0.9156 -0.3714
vn -0.2339 0.7914 -0.5648
vn -0.0969 0.9674 -0.2339
vn -0.0000 -1.0000 -0.0000
vn 0.3030 0.6108 -0.7315
vn -0.3030 0.6108 -0.7315
vn -0.0000 1.0000 -0.0000
vn 0.7315 0.6108 -0.3030
vn 0.7315 0.6108 0.3030
vn 0.3030 0.6108 0.7315
vn -0.3030 0.6108 0.7315
vn -0.7315 0.6108 0.3030
vn -0.7315 0.6108 -0.3030
vt 0.750000 0.482510
vt 0.744570 0.487751
vt 0.748375 0.489327
vt 0.755430 0.487751
vt 0.005095 0.542888
vt 0.000000 0.553407
vt 0.000000 0.528917
vt 0.003999 0.500000
vt 0.994905 0.542888
vt 0.996001 0.500000
vt 0.998803 0.500000
vt 1.000000 0.553407
vt 0.250000 0.480370
vt 0.254902 0.487970
vt 0.250279 0.489884
vt 0.245098 0.487970
vt 0.994241 0.957112
vt 1.000000 0.967631
vt 1.000000 0.992221
vt 0.996390 1.000000
vt 0.005759 0.957112
vt 0.003610 1.000000
vt 0.000206 1.000000
vt 0.000000 0.967631
vt 0.914410 0.414410
vt 0.914276 0.421955
vt 0.918080 0.420379
vt 0.921955 0.414276
vt 0.880095 0.542888
vt 0.875000 0.553408
vt 0.874401 0.514459
vt 0.879000 0.500000
vt 0.869905 0.542888
vt 0.871001 0.500000
vt 0.412897 0.412897
vt 0.421736 0.414804
vt 0.419821 0.419426
vt 0.414804 0.421736
vt 0.869241 0.957112
vt 0.875000 0.967632
vt 0.875103 0.996110
vt 0.871390 1.000000
vt 0.880759 0.957112
vt 0.878610 1.000000
vt 0.982511 0.250000
vt 0.987751 0.255430
vt 0.989327 0.251625
vt 0.987751 0.244570
vt 0.755095 0.542888
vt 0.750000 0.553407
vt 0.749401 0.514459
vt 0.753999 0.500000
vt 0.744905 0.542888
vt 0.746000 0.500000
vt 0.480371 0.250000
vt 0.487970 0.245098
vt 0.489884 0.249721
vt 0.487970 0.254902
vt 0.744241 0.957112
vt 0.750000 0.967632
vt 0.750103 0.996110
vt 0.746390 1.000000
vt 0.755759 0.957112
vt 0.753610 1.000000
vt 0.914410 0.085590
vt 0.921955 0.085724
vt 0.920379 0.081920
vt 0.914276 0.078045
vt 0.630095 0.542888
vt 0.625000 0.553408
vt 0.624401 0.514459
vt 0.628999 0.500000
vt 0.619905 0.542888
vt 0.621001 0.500000
vt 0.412897 0.087103
vt 0.414804 0.078264
vt 0.419426 0.080179
vt 0.421736 0.085196
vt 0.619241 0.957112
vt 0.625000 0.967632
vt 0.625103 0.996110
vt 0.621390 1.000000
vt 0.630759 0.957112
vt 0.628610 1.000000
vt 0.750000 0.017490
vt 0.755430 0.012249
vt 0.751625 0.010673
vt 0.744570 0.012249
vt 0.505095 0.542888
vt 0.500000 0.553407
vt 0.499401 0.514459
vt 0.503999 0.500000
vt 0.494905 0.542888
vt 0.496001 0.500000
vt 0.250000 0.019629
vt 0.245098 0.012030
vt 0.249721 0.010116
vt 0.254902 0.012030
vt 0.494241 0.957112
vt 0.500000 0.967632
vt 0.500103 0.996110
vt 0.496390 1.000000
vt 0.505759 0.957112
vt 0.503610 1.000000
vt 0.585590 0.085590
vt 0.585724 0.078045
vt 0.581920 0.079621
vt 0.578045 0.085724
vt 0.380095 0.542888
vt 0.375000 0.553408
vt 0.374401 0.514459
vt 0.378999 0.500000
vt 0.369905 0.542888
vt 0.371001 0.500000
vt 0.087103 0.087103
vt 0.078264 0.085196
vt 0.080179 0.080574
vt 0.085196 0.078264
vt 0.369241 0.957112
vt 0.375000 0.967632
vt 0.375103 0.996110
vt 0.371390 1.000000
vt 0.380759 0.957112
vt 0.378610 1.000000
vt 0.517490 0.250000
vt 0.512249 0.244570
vt 0.510673 0.248375
vt 0.512249 0.255430
vt 0.255095 0.542888
vt 0.250000 0.553407
vt 0.249401 0.514459
vt 0.253999 0.500000
vt 0.244905 0.542888
vt 0.246001 0.500000
vt 0.019629 0.250000
vt 0.012030 0.254902
vt 0.010116 0.250279
vt 0.012030 0.245098
vt 0.244241 0.957112
vt 0.250000 0.967632
vt 0.250103 0.996110
vt 0.246390 1.000000
vt 0.255759 0.957112
vt 0.253610 1.000000
vt 0.585590 0.414410
vt 0.578045 0.414276
vt 0.579621 0.418080
vt 0.585724 0.421955
vt 0.130095 0.542888
vt 0.125000 0.553408
vt 0.124401 0.514459
vt 0.128999 0.500000
vt 0.119905 0.542888
vt 0.121001 0.500000
vt 0.087103 0.412897
vt 0.085196 0.421736
vt 0.080574 0.419821
vt 0.078264 0.414804
vt 0.119241 0.957112
vt 0.125000 0.967632
vt 0.125103 0.996110
vt 0.121390 1.000000
vt 0.130759 0.957112
vt 0.128610 1.000000
s 0
usemtl Limestone
f 1/1/1 4/2/1 5/3/1 7/4/1
f 2/5/2 6/6/2 5/7/2 4/8/2
f 3/9/3 7/10/3 5/11/3 6/12/3
f 8/13/4 11/14/4 12/15/4 14/16/4
f 9/17/5 13/18/5 12/19/5 11/20/5
f 10/21/6 14/22/6 12/23/6 13/24/6
f 15/25/7 18/26/7 19/27/7 21/28/7
f 16/29/8 20/30/8 19/31/8 18/32/8
f 17/33/9 21/34/9 19/31/9 20/30/9
f 22/35/10 25/36/10 26/37/10 28/38/10
f 23/39/11 27/40/11 26/41/11 25/42/11
f 24/43/12 28/44/12 26/41/12 27/40/12
f 29/45/13 32/46/13 33/47/13 35/48/13
f 30/49/14 34/50/14 33/51/14 32/52/14
f 31/53/15 35/54/15 33/51/15 34/50/15
f 36/55/16 39/56/16 40/57/16 42/58/16
f 37/59/17 41/60/17 40/61/17 39/62/17
f 38/63/18 42/64/18 40/61/18 41/60/18
f 43/65/19 46/66/19 47/67/19 49/68/19
f 44/69/20 48/70/20 47/71/20 46/72/20
f 45/73/21 49/74/21 47/71/21 48/70/21
f 50/75/22 53/76/22 54/77/22 56/78/22
f 51/79/23 55/80/23 54/81/23 53/82/23
f 52/83/24 56/84/24 54/81/24 55/80/24
f 57/85/25 60/86/25 61/87/25 63/88/25
f 58/89/26 62/90/26 61/91/26 60/92/26
f 59/93/27 63/94/27 61/91/27 62/90/27
f 64/95/28 67/96/28 68/97/28 70/98/28
f 65/99/29 69/100/29 68/101/29 67/102/29
f 66/103/30 70/104/30 68/101/30 69/100/30
f 71/105/31 74/106/31 75/107/31 77/108/31
f 72/109/32 76/110/32 75/111/32 74/112/32
f 73/113/33 77/114/33 75/111/33 76/110/33
f 78/115/34 81/116/34 82/117/34 84/118/34
f 79/119/35 83/120/35 82/121/35 81/122/35
f 80/123/36 84/124/36 82/121/36 83/120/36
f 85/125/37 88/126/37 89/127/37 91/128/37
f 86/129/38 90/130/38 89/131/38 88/132/38
f 87/133/39 91/134/39 89/131/39 90/130/39
f 92/135/40 95/136/40 96/137/40 98/138/40
f 93/139/41 97/140/41 96/141/41 95/142/41
f 94/143/42 98/144/42 96/141/42 97/140/42
f 99/145/43 102/146/43 103/147/43 105/148/43
f 100/149/44 104/150/44 103/151/44 102/152/44
f 101/153/45 105/154/45 103/151/45 104/150/45
f 106/155/46 109/156/46 110/157/46 112/158/46
f 107/159/47 111/160/47 110/161/47 109/162/47
f 108/163/48 112/164/48 110/161/48 111/160/48
f 3/9/49 16/29/49 18/32/49 7/10/49
f 7/4/50 18/26/50 15/25/50 1/1/50
f 24/43/51 9/17/51 11/20/51 28/44/51
f 28/38/52 11/14/52 8/13/52 22/35/52
f 2/5/53 10/21/53 13/24/53 6/6/53
f 6/12/54 13/18/54 9/17/54 3/9/54
f 23/39/55 17/33/55 20/30/55 27/40/55
f 27/40/56 20/30/56 16/29/56 24/43/56
f 17/33/57 30/49/57 32/52/57 21/34/57
f 21/28/58 32/46/58 29/45/58 15/25/58
f 38/63/59 23/39/59 25/42/59 42/64/59
f 42/58/60 25/36/60 22/35/60 36/55/60
f 37/59/61 31/53/61 34/50/61 41/60/61
f 41/60/62 34/50/62 30/49/62 38/63/62
f 31/53/63 44/69/63 46/72/63 35/54/63
f 35/48/64 46/66/64 43/65/64 29/45/64
f 52/83/65 37/59/65 39/62/65 56/84/65
f 56/78/66 39/56/66 36/55/66 50/75/66
f 51/79/67 45/73/67 48/70/67 55/80/67
f 55/80/68 48/70/68 44/69/68 52/83/68
f 45/73/69 58/89/69 60/92/69 49/74/69
f 49/68/70 60/86/70 57/85/70 43/65/70
f 66/103/71 51/79/71 53/82/71 70/104/71
f 70/98/72 53/76/72 50/75/72 64/95/72
f 65/99/73 59/93/73 62/90/73 69/100/73
f 69/100/74 62/90/74 58/89/74 66/103/74
f 59/93/75 72/109/75 74/112/75 63/94/75
f 63/88/76 74/106/76 71/105/76 57/85/76
f 80/123/77 65/99/77 67/102/77 84/124/77
f 84/118/78 67/96/78 64/95/78 78/115/78
f 79/119/79 73/113/79 76/110/79 83/120/79
f 83/120/80 76/110/80 72/109/80 80/123/80
f 73/113/81 86/129/81 88/132/81 77/114/81
f 77/108/82 88/126/82 85/125/82 71/105/82
f 94/143/83 79/119/83 81/122/83 98/144/83
f 98/138/84 81/116/84 78/115/84 92/135/84
f 93/139/85 87/133/85 90/130/85 97/140/85
f 97/140/86 90/130/86 86/129/86 94/143/86
f 87/133/87 100/149/87 102/152/87 91/134/87
f 91/128/88 102/146/88 99/145/88 85/125/88
f 108/163/89 93/139/89 95/142/89 112/164/89
f 112/158/90 95/136/90 92/135/90 106/155/90
f 107/159/91 101/153/91 104/150/91 111/160/91
f 111/160/92 104/150/92 100/149/92 108/163/92
f 101/153/93 2/5/93 4/8/93 105/154/93
f 105/148/94 4/2/94 1/1/94 99/145/94
f 10/21/95 107/159/95 109/162/95 14/22/95
f 14/16/96 109/156/96 106/155/96 8/13/96
f 1/1/97 15/25/97 29/45/97 43/65/97 57/85/97 71/105/97 85/125/97 99/145/97
f 3/9/98 9/17/98 24/43/98 16/29/98
f 101/153/99 107/159/99 10/21/99 2/5/99
f 22/35/100 8/13/100 106/155/100 92/135/100 78/115/100 64/95/100 50/75/100 36/55/100
f 17/33/101 23/39/101 38/63/101 30/49/101
f 31/53/102 37/59/102 52/83/102 44/69/102
f 45/73/103 51/79/103 66/103/103 58/89/103
f 59/93/104 65/99/104 80/123/104 72/109/104
f 73/113/105 79/119/105 94/143/105 86/129/105
f 87/133/106 93/139/106 108/163/106 100/149/106
o limestone_socket_upper_course
v 0.000000 0.213600 -0.640167
v -0.016630 0.231600 -0.652762
v 0.016630 0.231600 -0.652762
v -0.009742 0.218872 -0.649909
v -0.000000 0.221207 -0.653214
v -0.000000 0.231600 -0.655615
v 0.009742 0.218872 -0.649908
v -0.000000 0.285600 -0.640167
v 0.016630 0.267600 -0.652762
v -0.016630 0.267600 -0.652762
v 0.009742 0.280328 -0.649909
v 0.000000 0.277993 -0.653214
v 0.000000 0.267600 -0.655615
v -0.009742 0.280328 -0.649908
v 0.452666 0.213600 -0.452666
v 0.449813 0.231600 -0.473331
v 0.473331 0.231600 -0.449813
v 0.452666 0.218872 -0.466443
v 0.461892 0.221207 -0.461892
v 0.463590 0.231600 -0.463590
v 0.466443 0.218872 -0.452666
v 0.452666 0.285600 -0.452666
v 0.473331 0.267600 -0.449813
v 0.449813 0.267600 -0.473331
v 0.466443 0.280328 -0.452666
v 0.461892 0.277993 -0.461892
v 0.463590 0.267600 -0.463590
v 0.452666 0.280328 -0.466443
v 0.640167 0.213600 0.000000
v 0.652762 0.231600 -0.016630
v 0.652762 0.231600 0.016630
v 0.649909 0.218872 -0.009742
v 0.653214 0.221207 -0.000000
v 0.655615 0.231600 -0.000000
v 0.649908 0.218872 0.009742
v 0.640167 0.285600 -0.000000
v 0.652762 0.267600 0.016630
v 0.652762 0.267600 -0.016630
v 0.649909 0.280328 0.009742
v 0.653214 0.277993 0.000000
v 0.655615 0.267600 0.000000
v 0.649908 0.280328 -0.009742
v 0.452666 0.213600 0.452666
v 0.473331 0.231600 0.449813
v 0.449813 0.231600 0.473331
v 0.466443 0.218872 0.452666
v 0.461892 0.221207 0.461892
v 0.463590 0.231600 0.463590
v 0.452666 0.218872 0.466443
v 0.452666 0.285600 0.452666
v 0.449813 0.267600 0.473331
v 0.473331 0.267600 0.449813
v 0.452666 0.280328 0.466443
v 0.461892 0.277993 0.461892
v 0.463590 0.267600 0.463590
v 0.466443 0.280328 0.452666
v -0.000000 0.213600 0.640167
v 0.016630 0.231600 0.652762
v -0.016630 0.231600 0.652762
v 0.009742 0.218872 0.649909
v 0.000000 0.221207 0.653214
v 0.000000 0.231600 0.655615
v -0.009742 0.218872 0.649908
v 0.000000 0.285600 0.640167
v -0.016630 0.267600 0.652762
v 0.016630 0.267600 0.652762
v -0.009742 0.280328 0.649909
v -0.000000 0.277993 0.653214
v -0.000000 0.267600 0.655615
v 0.009742 0.280328 0.649908
v -0.452666 0.213600 0.452666
v -0.449813 0.231600 0.473331
v -0.473331 0.231600 0.449813
v -0.452666 0.218872 0.466443
v -0.461892 0.221207 0.461892
v -0.463590 0.231600 0.463590
v -0.466443 0.218872 0.452666
v -0.452666 0.285600 0.452666
v -0.473331 0.267600 0.449813
v -0.449813 0.267600 0.473331
v -0.466443 0.280328 0.452666
v -0.461892 0.277993 0.461892
v -0.463590 0.267600 0.463590
v -0.452666 0.280328 0.466443
v -0.640167 0.213600 -0.000000
v -0.652762 0.231600 0.016630
v -0.652762 0.231600 -0.016630
v -0.649909 0.218872 0.009742
v -0.653214 0.221207 0.000000
v -0.655615 0.231600 0.000000
v -0.649908 0.218872 -0.009742
v -0.640167 0.285600 0.000000
v -0.652762 0.267600 -0.016630
v -0.652762 0.267600 0.016630
v -0.649909 0.280328 -0.009742
v -0.653214 0.277993 -0.000000
v -0.655615 0.267600 -0.000000
v -0.649908 0.280328 0.009742
v -0.452666 0.213600 -0.452666
v -0.473331 0.231600 -0.449813
v -0.449813 0.231600 -0.473331
v -0.466443 0.218872 -0.452666
v -0.461892 0.221207 -0.461892
v -0.463590 0.231600 -0.463590
v -0.452666 0.218872 -0.466443
v -0.452666 0.285600 -0.452666
v -0.449813 0.267600 -0.473331
v -0.473331 0.267600 -0.449813
v -0.452666 0.280328 -0.466443
v -0.461892 0.277993 -0.461892
v -0.463590 0.267600 -0.463590
v -0.466443 0.280328 -0.452666
vn -0.0000 -0.8639 -0.5037
vn -0.1959 -0.2724 -0.9420
vn 0.1959 -0.2724 -0.9420
vn -0.0000 0.8639 -0.5037
vn 0.1959 0.2724 -0.9420
vn -0.1959 0.2724 -0.9420
vn 0.3562 -0.8639 -0.3562
vn 0.5276 -0.2724 -0.8046
vn 0.8046 -0.2724 -0.5276
vn 0.3562 0.8639 -0.3562
vn 0.8046 0.2724 -0.5276
vn 0.5276 0.2724 -0.8046
vn 0.5037 -0.8639 -0.0000
vn 0.9420 -0.2724 -0.1959
vn 0.9420 -0.2724 0.1959
vn 0.5037 0.8639 -0.0000
vn 0.9420 0.2724 0.1959
vn 0.9420 0.2724 -0.1959
vn 0.3562 -0.8639 0.3562
vn 0.8046 -0.2724 0.5276
vn 0.5276 -0.2724 0.8046
vn 0.3562 0.8639 0.3562
vn 0.5276 0.2724 0.8046
vn 0.8046 0.2724 0.5276
vn -0.0000 -0.8639 0.5037
vn 0.1959 -0.2724 0.9420
vn -0.1959 -0.2724 0.9420
vn -0.0000 0.8639 0.5037
vn -0.1959 0.2724 0.9420
vn 0.1959 0.2724 0.9420
vn -0.3562 -0.8639 0.3562
vn -0.5276 -0.2724 0.8046
vn -0.8046 -0.2724 0.5276
vn -0.3562 0.8639 0.3562
vn -0.8046 0.2724 0.5276
vn -0.5276 0.2724 0.8046
vn -0.5037 -0.8639 -0.0000
vn -0.9420 -0.2724 0.1959
vn -0.9420 -0.2724 -0.1959
vn -0.5037 0.8639 -0.0000
vn -0.9420 0.2724 -0.1959
vn -0.9420 0.2724 0.1959
vn -0.3562 -0.8639 -0.3562
vn -0.8046 -0.2724 -0.5276
vn -0.5276 -0.2724 -0.8046
vn -0.3562 0.8639 -0.3562
vn -0.5276 0.2724 -0.8046
vn -0.8046 0.2724 -0.5276
vn 0.3536 -0.3827 -0.8536
vn 0.1464 -0.9239 -0.3536
vn 0.3536 0.3827 -0.8536
vn 0.1464 0.9239 -0.3536
vn -0.1691 -0.0000 -0.9856
vn 0.1691 -0.0000 -0.9856
vn 0.8165 -0.0000 -0.5774
vn 0.5774 -0.0000 -0.8165
vn 0.8536 -0.3827 -0.3536
vn 0.3536 -0.9239 -0.1464
vn 0.8536 0.3827 -0.3536
vn 0.3536 0.9239 -0.1464
vn 0.9856 -0.0000 0.1691
vn 0.9856 -0.0000 -0.1691
vn 0.8536 -0.3827 0.3536
vn 0.3536 -0.9239 0.1464
vn 0.8536 0.3827 0.3536
vn 0.3536 0.9239 0.1464
vn 0.5774 -0.0000 0.8165
vn 0.8165 -0.0000 0.5774
vn 0.3536 -0.3827 0.8536
vn 0.1464 -0.9239 0.3536
vn 0.3536 0.3827 0.8536
vn 0.1464 0.9239 0.3536
vn -0.1691 -0.0000 0.9856
vn 0.1691 -0.0000 0.9856
vn -0.3536 -0.3827 0.8536
vn -0.1464 -0.9239 0.3536
vn -0.3536 0.3827 0.8536
vn -0.1464 0.9239 0.3536
vn -0.8165 -0.0000 0.5774
vn -0.5774 -0.0000 0.8165
vn -0.8536 -0.3827 0.3536
vn -0.3536 -0.9239 0.1464
vn -0.8536 0.3827 0.3536
vn -0.3536 0.9239 0.1464
vn -0.9856 -0.0000 -0.1691
vn -0.9856 -0.0000 0.1691
vn -0.8536 -0.3827 -0.3536
vn -0.3536 -0.9239 -0.1464
vn -0.8536 0.3827 -0.3536
vn -0.3536 0.9239 -0.1464
vn -0.5774 -0.0000 -0.8165
vn -0.8165 -0.0000 -0.5774
vn -0.3536 -0.3827 -0.8536
vn -0.1464 -0.9239 -0.3536
vn -0.3536 0.3827 -0.8536
vn -0.1464 0.9239 -0.3536
vn -0.0000 -1.0000 -0.0000
vn 0.3827 -0.0000 -0.9239
vn -0.3827 -0.0000 -0.9239
vn -0.0000 1.0000 -0.0000
vn 0.9239 -0.0000 -0.3827
vn 0.9239 -0.0000 0.3827
vn 0.3827 -0.0000 0.9239
vn -0.3827 -0.0000 0.9239
vn -0.9239 -0.0000 0.3827
vn -0.9239 -0.0000 -0.3827
vt 0.750000 0.482911
vt 0.745722 0.488228
vt 0.749172 0.489657
vt 0.754278 0.488228
vt 0.004457 0.625000
vt 0.000000 0.625000
vt 0.000000 0.552830
vt 0.003151 0.500000
vt 0.995544 0.625000
vt 0.996849 0.500000
vt 0.999390 0.500000
vt 1.000000 0.625000
vt 0.250000 0.482912
vt 0.254278 0.488228
vt 0.250828 0.489657
vt 0.245722 0.488228
vt 0.995543 0.875000
vt 1.000000 0.875000
vt 1.000000 0.947170
vt 0.996849 1.000000
vt 0.004457 0.875000
vt 0.003151 1.000000
vt 0.000610 1.000000
vt 0.000000 0.875000
vt 0.914693 0.414693
vt 0.915427 0.421478
vt 0.918878 0.420049
vt 0.921478 0.415427
vt 0.879457 0.625000
vt 0.875000 0.625000
vt 0.874695 0.526415
vt 0.878151 0.500000
vt 0.870543 0.625000
vt 0.871849 0.500000
vt 0.414693 0.414693
vt 0.421478 0.415427
vt 0.420049 0.418878
vt 0.415427 0.421478
vt 0.870543 0.875000
vt 0.875000 0.875000
vt 0.875305 0.973585
vt 0.871849 1.000000
vt 0.879456 0.875000
vt 0.878151 1.000000
vt 0.982912 0.250000
vt 0.988228 0.254278
vt 0.989657 0.250828
vt 0.988228 0.245722
vt 0.754457 0.625000
vt 0.750000 0.625000
vt 0.749695 0.526415
vt 0.753151 0.500000
vt 0.745544 0.625000
vt 0.746849 0.500000
vt 0.482911 0.250000
vt 0.488228 0.245722
vt 0.489657 0.249172
vt 0.488228 0.254278
vt 0.745543 0.875000
vt 0.750000 0.875000
vt 0.750305 0.973585
vt 0.746849 1.000000
vt 0.754457 0.875000
vt 0.753151 1.000000
vt 0.914693 0.085307
vt 0.921478 0.084573
vt 0.920049 0.081122
vt 0.915427 0.078522
vt 0.629457 0.625000
vt 0.625000 0.625000
vt 0.624695 0.526415
vt 0.628151 0.500000
vt 0.620543 0.625000
vt 0.621849 0.500000
vt 0.414693 0.085307
vt 0.415427 0.078522
vt 0.418878 0.079951
vt 0.421478 0.084573
vt 0.620543 0.875000
vt 0.625000 0.875000
vt 0.625305 0.973585
vt 0.621849 1.000000
vt 0.629457 0.875000
vt 0.628151 1.000000
vt 0.750000 0.017089
vt 0.754278 0.011772
vt 0.750828 0.010343
vt 0.745722 0.011772
vt 0.504457 0.625000
vt 0.500000 0.625000
vt 0.499695 0.526415
vt 0.503151 0.500000
vt 0.495543 0.625000
vt 0.496849 0.500000
vt 0.250000 0.017089
vt 0.245722 0.011772
vt 0.249172 0.010343
vt 0.254278 0.011772
vt 0.495543 0.875000
vt 0.500000 0.875000
vt 0.500305 0.973585
vt 0.496849 1.000000
vt 0.504457 0.875000
vt 0.503151 1.000000
vt 0.585307 0.085307
vt 0.584573 0.078522
vt 0.581122 0.079951
vt 0.578522 0.084573
vt 0.379457 0.625000
vt 0.375000 0.625000
vt 0.374695 0.526415
vt 0.378151 0.500000
vt 0.370543 0.625000
vt 0.371849 0.500000
vt 0.085307 0.085307
vt 0.078522 0.084573
vt 0.079951 0.081122
vt 0.084573 0.078522
vt 0.370543 0.875000
vt 0.375000 0.875000
vt 0.375305 0.973585
vt 0.371849 1.000000
vt 0.379457 0.875000
vt 0.378151 1.000000
vt 0.517088 0.250000
vt 0.511772 0.245722
vt 0.510343 0.249172
vt 0.511772 0.254278
vt 0.254457 0.625000
vt 0.250000 0.625000
vt 0.249695 0.526415
vt 0.253151 0.500000
vt 0.245543 0.625000
vt 0.246849 0.500000
vt 0.017089 0.250000
vt 0.011772 0.254278
vt 0.010343 0.250828
vt 0.011772 0.245722
vt 0.245543 0.875000
vt 0.250000 0.875000
vt 0.250305 0.973585
vt 0.246849 1.000000
vt 0.254457 0.875000
vt 0.253151 1.000000
vt 0.585307 0.414693
vt 0.578522 0.415427
vt 0.579951 0.418878
vt 0.584573 0.421478
vt 0.129457 0.625000
vt 0.125000 0.625000
vt 0.124695 0.526415
vt 0.128151 0.500000
vt 0.120543 0.625000
vt 0.121849 0.500000
vt 0.085307 0.414693
vt 0.084573 0.421478
vt 0.081122 0.420049
vt 0.078522 0.415427
vt 0.120543 0.875000
vt 0.125000 0.875000
vt 0.125305 0.973585
vt 0.121849 1.000000
vt 0.129457 0.875000
vt 0.128151 1.000000
s 0
usemtl Limestone
f 113/165/107 116/166/107 117/167/107 119/168/107
f 114/169/108 118/170/108 117/171/108 116/172/108
f 115/173/109 119/174/109 117/175/109 118/176/109
f 120/177/110 123/178/110 124/179/110 126/180/110
f 121/181/111 125/182/111 124/183/111 123/184/111
f 122/185/112 126/186/112 124/187/112 125/188/112
f 127/189/113 130/190/113 131/191/113 133/192/113
f 128/193/114 132/194/114 131/195/114 130/196/114
f 129/197/115 133/198/115 131/195/115 132/194/115
f 134/199/116 137/200/116 138/201/116 140/202/116
f 135/203/117 139/204/117 138/205/117 137/206/117
f 136/207/118 140/208/118 138/205/118 139/204/118
f 141/209/119 144/210/119 145/211/119 147/212/119
f 142/213/120 146/214/120 145/215/120 144/216/120
f 143/217/121 147/218/121 145/215/121 146/214/121
f 148/219/122 151/220/122 152/221/122 154/222/122
f 149/223/123 153/224/123 152/225/123 151/226/123
f 150/227/124 154/228/124 152/225/124 153/224/124
f 155/229/125 158/230/125 159/231/125 161/232/125
f 156/233/126 160/234/126 159/235/126 158/236/126
f 157/237/127 161/238/127 159/235/127 160/234/127
f 162/239/128 165/240/128 166/241/128 168/242/128
f 163/243/129 167/244/129 166/245/129 165/246/129
f 164/247/130 168/248/130 166/245/130 167/244/130
f 169/249/131 172/250/131 173/251/131 175/252/131
f 170/253/132 174/254/132 173/255/132 172/256/132
f 171/257/133 175/258/133 173/255/133 174/254/133
f 176/259/134 179/260/134 180/261/134 182/262/134
f 177/263/135 181/264/135 180/265/135 179/266/135
f 178/267/136 182/268/136 180/265/136 181/264/136
f 183/269/137 186/270/137 187/271/137 189/272/137
f 184/273/138 188/274/138 187/275/138 186/276/138
f 185/277/139 189/278/139 187/275/139 188/274/139
f 190/279/140 193/280/140 194/281/140 196/282/140
f 191/283/141 195/284/141 194/285/141 193/286/141
f 192/287/142 196/288/142 194/285/142 195/284/142
f 197/289/143 200/290/143 201/291/143 203/292/143
f 198/293/144 202/294/144 201/295/144 200/296/144
f 199/297/145 203/298/145 201/295/145 202/294/145
f 204/299/146 207/300/146 208/301/146 210/302/146
f 205/303/147 209/304/147 208/305/147 207/306/147
f 206/307/148 210/308/148 208/305/148 209/304/148
f 211/309/149 214/310/149 215/311/149 217/312/149
f 212/313/150 216/314/150 215/315/150 214/316/150
f 213/317/151 217/318/151 215/315/151 216/314/151
f 218/319/152 221/320/152 222/321/152 224/322/152
f 219/323/153 223/324/153 222/325/153 221/326/153
f 220/327/154 224/328/154 222/325/154 223/324/154
f 115/173/155 128/193/155 130/196/155 119/174/155
f 119/168/156 130/190/156 127/189/156 113/165/156
f 136/207/157 121/181/157 123/184/157 140/208/157
f 140/202/158 123/178/158 120/177/158 134/199/158
f 114/169/159 122/185/159 125/188/159 118/170/159
f 118/176/160 125/182/160 121/181/160 115/173/160
f 135/203/161 129/197/161 132/194/161 139/204/161
f 139/204/162 132/194/162 128/193/162 136/207/162
f 129/197/163 142/213/163 144/216/163 133/198/163
f 133/192/164 144/210/164 141/209/164 127/189/164
f 150/227/165 135/203/165 137/206/165 154/228/165
f 154/222/166 137/200/166 134/199/166 148/219/166
f 149/223/167 143/217/167 146/214/167 153/224/167
f 153/224/168 146/214/168 142/213/168 150/227/168
f 143/217/169 156/233/169 158/236/169 147/218/169
f 147/212/170 158/230/170 155/229/170 141/209/170
f 164/247/171 149/223/171 151/226/171 168/248/171
f 168/242/172 151/220/172 148/219/172 162/239/172
f 163/243/173 157/237/173 160/234/173 167/244/173
f 167/244/174 160/234/174 156/233/174 164/247/174
f 157/237/175 170/253/175 172/256/175 161/238/175
f 161/232/176 172/250/176 169/249/176 155/229/176
f 178/267/177 163/243/177 165/246/177 182/268/177
f 182/262/178 165/240/178 162/239/178 176/259/178
f 177/263/179 171/257/179 174/254/179 181/264/179
f 181/264/180 174/254/180 170/253/180 178/267/180
f 171/257/181 184/273/181 186/276/181 175/258/181
f 175/252/182 186/270/182 183/269/182 169/249/182
f 192/287/183 177/263/183 179/266/183 196/288/183
f 196/282/184 179/260/184 176/259/184 190/279/184
f 191/283/185 185/277/185 188/274/185 195/284/185
f 195/284/186 188/274/186 184/273/186 192/287/186
f 185/277/187 198/293/187 200/296/187 189/278/187
f 189/272/188 200/290/188 197/289/188 183/269/188
f 206/307/189 191/283/189 193/286/189 210/308/189
f 210/302/190 193/280/190 190/279/190 204/299/190
f 205/303/191 199/297/191 202/294/191 209/304/191
f 209/304/192 202/294/192 198/293/192 206/307/192
f 199/297/193 212/313/193 214/316/193 203/298/193
f 203/292/194 214/310/194 211/309/194 197/289/194
f 220/327/195 205/303/195 207/306/195 224/328/195
f 224/322/196 207/300/196 204/299/196 218/319/196
f 219/323/197 213/317/197 216/314/197 223/324/197
f 223/324/198 216/314/198 212/313/198 220/327/198
f 213/317/199 114/169/199 116/172/199 217/318/199
f 217/312/200 116/166/200 113/165/200 211/309/200
f 122/185/201 219/323/201 221/326/201 126/186/201
f 126/180/202 221/320/202 218/319/202 120/177/202
f 113/165/203 127/189/203 141/209/203 155/229/203 169/249/203 183/269/203 197/289/203 211/309/203
f 115/173/204 121/181/204 136/207/204 128/193/204
f 213/317/205 219/323/205 122/185/205 114/169/205
f 134/199/206 120/177/206 218/319/206 204/299/206 190/279/206 176/259/206 162/239/206 148/219/206
f 129/197/207 135/203/207 150/227/207 142/213/207
f 143/217/208 149/223/208 164/247/208 156/233/208
f 157/237/209 163/243/209 178/267/209 170/253/209
f 171/257/210 177/263/210 192/287/210 184/273/210
f 185/277/211 191/283/211 206/307/211 198/293/211
f 199/297/212 205/303/212 220/327/212 212/313/212
o cut_stone_course
v 0.000000 0.215000 -0.645000
v 0.000000 0.325000 -0.645000
v 0.199316 0.215000 -0.613431
v 0.199316 0.325000 -0.613431
v 0.379121 0.215000 -0.521816
v 0.379121 0.325000 -0.521816
v 0.521816 0.215000 -0.379121
v 0.521816 0.325000 -0.379121
v 0.613431 0.215000 -0.199316
v 0.613431 0.325000 -0.199316
v 0.645000 0.215000 0.000000
v 0.645000 0.325000 0.000000
v 0.613431 0.215000 0.199316
v 0.613431 0.325000 0.199316
v 0.521816 0.215000 0.379121
v 0.521816 0.325000 0.379121
v 0.379121 0.215000 0.521816
v 0.379121 0.325000 0.521816
v 0.199316 0.215000 0.613431
v 0.199316 0.325000 0.613431
v 0.000000 0.215000 0.645000
v 0.000000 0.325000 0.645000
v -0.199316 0.215000 0.613431
v -0.199316 0.325000 0.613431
v -0.379121 0.215000 0.521816
v -0.379121 0.325000 0.521816
v -0.521816 0.215000 0.379121
v -0.521816 0.325000 0.379121
v -0.613431 0.215000 0.199316
v -0.613431 0.325000 0.199316
v -0.645000 0.215000 0.000000
v -0.645000 0.325000 0.000000
v -0.613431 0.215000 -0.199316
v -0.613431 0.325000 -0.199316
v -0.521816 0.215000 -0.379121
v -0.521816 0.325000 -0.379121
v -0.379121 0.215000 -0.521816
v -0.379121 0.325000 -0.521816
v -0.199316 0.215000 -0.613431
v -0.199316 0.325000 -0.613431
vn -0.0000 -0.6735 -0.7392
vn -0.0000 0.6735 -0.7392
vn 0.2284 -0.6735 -0.7030
vn 0.2284 0.6735 -0.7030
vn 0.4345 -0.6735 -0.5980
vn 0.4345 0.6735 -0.5980
vn 0.5980 -0.6735 -0.4345
vn 0.5980 0.6735 -0.4345
vn 0.7030 -0.6735 -0.2284
vn 0.7030 0.6735 -0.2284
vn 0.7392 -0.6735 -0.0000
vn 0.7392 0.6735 -0.0000
vn 0.7030 -0.6735 0.2284
vn 0.7030 0.6735 0.2284
vn 0.5980 -0.6735 0.4345
vn 0.5980 0.6735 0.4345
vn 0.4345 -0.6735 0.5980
vn 0.4345 0.6735 0.5980
vn 0.2284 -0.6735 0.7030
vn 0.2284 0.6735 0.7030
vn -0.0000 -0.6735 0.7392
vn -0.0000 0.6735 0.7392
vn -0.2284 -0.6735 0.7030
vn -0.2284 0.6735 0.7030
vn -0.4345 -0.6735 0.5980
vn -0.4345 0.6735 0.5980
vn -0.5980 -0.6735 0.4345
vn -0.5980 0.6735 0.4345
vn -0.7030 -0.6735 0.2284
vn -0.7030 0.6735 0.2284
vn -0.7392 -0.6735 -0.0000
vn -0.7392 0.6735 -0.0000
vn -0.7030 -0.6735 -0.2284
vn -0.7030 0.6735 -0.2284
vn -0.5980 -0.6735 -0.4345
vn -0.5980 0.6735 -0.4345
vn -0.4345 -0.6735 -0.5980
vn -0.4345 0.6735 -0.5980
vn -0.2284 -0.6735 -0.7030
vn -0.2284 0.6735 -0.7030
vt 1.000000 0.500000
vt 1.000000 1.000000
vt 0.950000 1.000000
vt 0.950000 0.500000
vt 0.900000 1.000000
vt 0.900000 0.500000
vt 0.850000 1.000000
vt 0.850000 0.500000
vt 0.800000 1.000000
vt 0.800000 0.500000
vt 0.750000 1.000000
vt 0.750000 0.500000
vt 0.700000 1.000000
vt 0.700000 0.500000
vt 0.650000 1.000000
vt 0.650000 0.500000
vt 0.600000 1.000000
vt 0.600000 0.500000
vt 0.550000 1.000000
vt 0.550000 0.500000
vt 0.500000 1.000000
vt 0.500000 0.500000
vt 0.450000 1.000000
vt 0.450000 0.500000
vt 0.400000 1.000000
vt 0.400000 0.500000
vt 0.350000 1.000000
vt 0.350000 0.500000
vt 0.300000 1.000000
vt 0.300000 0.500000
vt 0.250000 1.000000
vt 0.250000 0.500000
vt 0.200000 1.000000
vt 0.200000 0.500000
vt 0.150000 1.000000
vt 0.150000 0.500000
vt 0.100000 1.000000
vt 0.100000 0.500000
vt 0.324164 0.478254
vt 0.250000 0.490000
vt 0.175836 0.478254
vt 0.108932 0.444164
vt 0.055836 0.391068
vt 0.021746 0.324164
vt 0.010000 0.250000
vt 0.021746 0.175836
vt 0.055836 0.108932
vt 0.108932 0.055836
vt 0.175836 0.021746
vt 0.250000 0.010000
vt 0.324164 0.021746
vt 0.391068 0.055836
vt 0.444164 0.108932
vt 0.478254 0.175836
vt 0.490000 0.250000
vt 0.478254 0.324164
vt 0.444164 0.391068
vt 0.391068 0.444164
vt 0.050000 1.000000
vt 0.050000 0.500000
vt -0.000000 1.000000
vt -0.000000 0.500000
vt 0.750000 0.490000
vt 0.824164 0.478254
vt 0.891068 0.444164
vt 0.944164 0.391068
vt 0.978254 0.324164
vt 0.990000 0.250000
vt 0.978254 0.175836
vt 0.944164 0.108932
vt 0.891068 0.055836
vt 0.824164 0.021746
vt 0.750000 0.010000
vt 0.675836 0.021746
vt 0.608932 0.055836
vt 0.555836 0.108932
vt 0.521746 0.175836
vt 0.510000 0.250000
vt 0.521746 0.324164
vt 0.555836 0.391068
vt 0.608932 0.444164
vt 0.675836 0.478254
s 1
usemtl Limestone
f 225/329/213 226/330/214 228/331/216 227/332/215
f 227/332/215 228/331/216 230/333/218 229/334/217
f 229/334/217 230/333/218 232/335/220 231/336/219
f 231/336/219 232/335/220 234/337/222 233/338/221
f 233/338/221 234/337/222 236/339/224 235/340/223
f 235/340/223 236/339/224 238/341/226 237/342/225
f 237/342/225 238/341/226 240/343/228 239/344/227
f 239/344/227 240/343/228 242/345/230 241/346/229
f 241/346/229 242/345/230 244/347/232 243/348/231
f 243/348/231 244/347/232 246/349/234 245/350/233
f 245/350/233 246/349/234 248/351/236 247/352/235
f 247/352/235 248/351/236 250/353/238 249/354/237
f 249/354/237 250/353/238 252/355/240 251/356/239
f 251/356/239 252/355/240 254/357/242 253/358/241
f 253/358/241 254/357/242 256/359/244 255/360/243
f 255/360/243 256/359/244 258/361/246 257/362/245
f 257/362/245 258/361/246 260/363/248 259/364/247
f 259/364/247 260/363/248 262/365/250 261/366/249
f 228/367/216 226/368/214 264/369/252 262/370/250 260/371/248 258/372/246 256/373/244 254/374/242 252/375/240 250/376/238 248/377/236 246/378/234 244/379/232 242/380/230 240/381/228 238/382/226 236/383/224 234/384/222 232/385/220 230/386/218
f 261/366/249 262/365/250 264/387/252 263/388/251
f 263/388/251 264/387/252 226/389/214 225/390/213
f 225/391/213 227/392/215 229/393/217 231/394/219 233/395/221 235/396/223 237/397/225 239/398/227 241/399/229 243/400/231 245/401/233 247/402/235 249/403/237 251/404/239 253/405/241 255/406/243 257/407/245 259/408/247 261/409/249 263/410/251
o oak_bed
v -0.495000 0.330000 0.375000
v -0.495000 0.385000 0.430000
v -0.550000 0.385000 0.375000
v -0.495000 0.337348 0.402464
v -0.522464 0.337348 0.375000
v -0.521302 0.344485 0.401302
v -0.522464 0.385000 0.422652
v -0.495000 0.357536 0.422652
v -0.521302 0.358698 0.415515
v -0.542652 0.357536 0.375000
v -0.542652 0.385000 0.402464
v -0.535515 0.358698 0.401302
v -0.495000 0.455000 0.430000
v -0.495000 0.510000 0.375000
v -0.550000 0.455000 0.375000
v -0.495000 0.482464 0.422652
v -0.522464 0.455000 0.422652
v -0.521302 0.481302 0.415515
v -0.522464 0.502652 0.375000
v -0.495000 0.502652 0.402464
v -0.521302 0.495515 0.401302
v -0.542652 0.455000 0.402464
v -0.542652 0.482464 0.375000
v -0.535515 0.481302 0.401302
v -0.495000 0.330000 -0.375000
v -0.550000 0.385000 -0.375000
v -0.495000 0.385000 -0.430000
v -0.522464 0.337348 -0.375000
v -0.495000 0.337348 -0.402464
v -0.521302 0.344485 -0.401302
v -0.542652 0.385000 -0.402464
v -0.542652 0.357536 -0.375000
v -0.535515 0.358698 -0.401302
v -0.495000 0.357536 -0.422652
v -0.522464 0.385000 -0.422652
v -0.521302 0.358698 -0.415515
v -0.495000 0.510000 -0.375000
v -0.495000 0.455000 -0.430000
v -0.550000 0.455000 -0.375000
v -0.495000 0.502652 -0.402464
v -0.522464 0.502652 -0.375000
v -0.521302 0.495515 -0.401302
v -0.522464 0.455000 -0.422652
v -0.495000 0.482464 -0.422652
v -0.521302 0.481302 -0.415515
v -0.542652 0.482464 -0.375000
v -0.542652 0.455000 -0.402464
v -0.535515 0.481302 -0.401302
v 0.495000 0.330000 0.375000
v 0.550000 0.385000 0.375000
v 0.495000 0.385000 0.430000
v 0.522464 0.337348 0.375000
v 0.495000 0.337348 0.402464
v 0.521302 0.344485 0.401302
v 0.542652 0.385000 0.402464
v 0.542652 0.357536 0.375000
v 0.535515 0.358698 0.401302
v 0.495000 0.357536 0.422652
v 0.522464 0.385000 0.422652
v 0.521302 0.358698 0.415515
v 0.495000 0.510000 0.375000
v 0.495000 0.455000 0.430000
v 0.550000 0.455000 0.375000
v 0.495000 0.502652 0.402464
v 0.522464 0.502652 0.375000
v 0.521302 0.495515 0.401302
v 0.522464 0.455000 0.422652
v 0.495000 0.482464 0.422652
v 0.521302 0.481302 0.415515
v 0.542652 0.482464 0.375000
v 0.542652 0.455000 0.402464
v 0.535515 0.481302 0.401302
v 0.495000 0.330000 -0.375000
v 0.495000 0.385000 -0.430000
v 0.550000 0.385000 -0.375000
v 0.495000 0.337348 -0.402464
v 0.522464 0.337348 -0.375000
v 0.521302 0.344485 -0.401302
v 0.522464 0.385000 -0.422652
v 0.495000 0.357536 -0.422652
v 0.521302 0.358698 -0.415515
v 0.542652 0.357536 -0.375000
v 0.542652 0.385000 -0.402464
v 0.535515 0.358698 -0.401302
v 0.495000 0.510000 -0.375000
v 0.550000 0.455000 -0.375000
v 0.495000 0.455000 -0.430000
v 0.522464 0.502652 -0.375000
v 0.495000 0.502652 -0.402464
v 0.521302 0.495515 -0.401302
v 0.542652 0.455000 -0.402464
v 0.542652 0.482464 -0.375000
v 0.535515 0.481302 -0.401302
v 0.495000 0.482464 -0.422652
v 0.522464 0.455000 -0.422652
v 0.521302 0.481302 -0.415515
vn -0.2566 -0.9318 0.2566
vn -0.2178 -0.6901 0.6901
vn -0.2566 -0.2566 0.9318
vn -0.6901 -0.2178 0.6901
vn -0.9318 -0.2566 0.2566
vn -0.6901 -0.6901 0.2178
vn -0.5774 -0.5773 0.5773
vn -0.2566 0.2566 0.9318
vn -0.2178 0.6901 0.6901
vn -0.2566 0.9318 0.2566
vn -0.6901 0.6901 0.2178
vn -0.9318 0.2566 0.2566
vn -0.6901 0.2178 0.6901
vn -0.5774 0.5774 0.5774
vn -0.2566 -0.9318 -0.2566
vn -0.6901 -0.6901 -0.2178
vn -0.9318 -0.2566 -0.2566
vn -0.6901 -0.2178 -0.6901
vn -0.2566 -0.2566 -0.9318
vn -0.2178 -0.6901 -0.6901
vn -0.5774 -0.5773 -0.5774
vn -0.2566 0.9318 -0.2566
vn -0.2178 0.6901 -0.6901
vn -0.2566 0.2566 -0.9318
vn -0.6901 0.2178 -0.6901
vn -0.9318 0.2566 -0.2566
vn -0.6901 0.6901 -0.2178
vn -0.5774 0.5773 -0.5773
vn 0.2566 -0.9318 0.2566
vn 0.6901 -0.6901 0.2178
vn 0.9318 -0.2566 0.2566
vn 0.6901 -0.2178 0.6901
vn 0.2566 -0.2566 0.9318
vn 0.2178 -0.6901 0.6901
vn 0.5774 -0.5773 0.5774
vn 0.2566 0.9318 0.2566
vn 0.2178 0.6901 0.6901
vn 0.2566 0.2566 0.9318
vn 0.6901 0.2178 0.6901
vn 0.9318 0.2566 0.2566
vn 0.6901 0.6901 0.2178
vn 0.5774 0.5773 0.5773
vn 0.2566 -0.9318 -0.2566
vn 0.2178 -0.6901 -0.6901
vn 0.2566 -0.2566 -0.9318
vn 0.6901 -0.2178 -0.6901
vn 0.9318 -0.2566 -0.2566
vn 0.6901 -0.6901 -0.2178
vn 0.5774 -0.5773 -0.5773
vn 0.2566 0.9318 -0.2566
vn 0.6901 0.6901 -0.2178
vn 0.9318 0.2566 -0.2566
vn 0.6901 0.2178 -0.6901
vn 0.2566 0.2566 -0.9318
vn 0.2178 0.6901 -0.6901
vn 0.5774 0.5773 -0.5774
vn -0.2585 -0.9660 -0.0000
vn -0.7071 -0.7071 -0.0000
vn -0.9660 -0.2585 -0.0000
vn -0.2585 -0.0000 0.9660
vn -0.7071 -0.0000 0.7071
vn -0.9660 -0.0000 0.2585
vn -0.2585 0.9660 -0.0000
vn -0.7071 0.7071 -0.0000
vn -0.9660 0.2585 -0.0000
vn -0.2585 -0.0000 -0.9660
vn -0.7071 -0.0000 -0.7071
vn -0.9660 -0.0000 -0.2585
vn -0.0000 -0.9660 -0.2585
vn -0.0000 -0.7071 -0.7071
vn -0.0000 -0.2585 -0.9660
vn -0.0000 0.9660 -0.2585
vn -0.0000 0.7071 -0.7071
vn -0.0000 0.2585 -0.9660
vn 0.9660 -0.0000 -0.2585
vn 0.7071 -0.0000 -0.7071
vn 0.2585 -0.0000 -0.9660
vn 0.2585 -0.9660 -0.0000
vn 0.7071 -0.7071 -0.0000
vn 0.9660 -0.2585 -0.0000
vn 0.2585 0.9660 -0.0000
vn 0.7071 0.7071 -0.0000
vn 0.9660 0.2585 -0.0000
vn 0.2585 -0.0000 0.9660
vn 0.7071 -0.0000 0.7071
vn 0.9660 -0.0000 0.2585
vn -0.0000 -0.9660 0.2585
vn -0.0000 -0.7071 0.7071
vn -0.0000 -0.2585 0.9660
vn -0.0000 0.9660 0.2585
vn -0.0000 0.7071 0.7071
vn -0.0000 0.2585 0.9660
vn -0.0000 -1.0000 -0.0000
vn -1.0000 -0.0000 -0.0000
vn -0.0000 -0.0000 1.0000
vn -0.0000 1.0000 -0.0000
vn -0.0000 -0.0000 -1.0000
vn 1.0000 -0.0000 -0.0000
vt 0.137500 0.734012
vt 0.137500 0.741995
vt 0.131522 0.741658
vt 0.131258 0.734012
vt 0.137500 0.750000
vt 0.131522 0.750000
vt 0.451389 0.987500
vt 0.451389 1.000000
vt 0.375000 0.993478
vt 0.375000 0.987500
vt 0.451389 0.000000
vt 0.451389 0.008005
vt 0.375000 0.008343
vt 0.375000 0.000000
vt 0.451389 0.015988
vt 0.375000 0.015988
vt 0.125000 0.734012
vt 0.125000 0.741657
vt 0.548611 0.987500
vt 0.586755 0.987500
vt 0.585141 1.000000
vt 0.548611 1.000000
vt 0.625000 0.987500
vt 0.625000 1.000000
vt 0.862500 0.734012
vt 0.875000 0.734012
vt 0.875000 0.741657
vt 0.862500 0.750000
vt 0.625000 0.015988
vt 0.586755 0.015988
vt 0.585141 0.008343
vt 0.625000 0.008343
vt 0.548611 0.015988
vt 0.548611 0.008005
vt 0.548611 0.000000
vt 0.585141 0.000000
vt 0.137500 0.515988
vt 0.131258 0.515988
vt 0.131522 0.508343
vt 0.137500 0.508005
vt 0.125000 0.515988
vt 0.125000 0.508343
vt 0.451389 0.234012
vt 0.451389 0.241995
vt 0.375000 0.241657
vt 0.375000 0.234012
vt 0.451389 0.256258
vt 0.375000 0.256522
vt 0.451389 0.262500
vt 0.375000 0.262500
vt 0.137500 0.500000
vt 0.131522 0.500000
vt 0.862500 0.515988
vt 0.862500 0.500000
vt 0.875000 0.508343
vt 0.875000 0.515988
vt 0.625000 0.262500
vt 0.586755 0.262500
vt 0.585141 0.255692
vt 0.625000 0.245338
vt 0.548611 0.262500
vt 0.548611 0.256258
vt 0.548611 0.241995
vt 0.585141 0.241657
vt 0.548611 0.234012
vt 0.586755 0.234012
vt 0.625000 0.234012
vt 0.362500 0.734012
vt 0.368742 0.734012
vt 0.368478 0.741657
vt 0.362500 0.741995
vt 0.413245 0.734012
vt 0.411520 0.741658
vt 0.451389 0.734012
vt 0.451389 0.741995
vt 0.451389 0.756258
vt 0.372605 0.754127
vt 0.451389 0.762500
vt 0.368750 0.756250
vt 0.637500 0.734012
vt 0.631250 0.756250
vt 0.629127 0.752396
vt 0.631258 0.734012
vt 0.586755 0.762500
vt 0.585141 0.756522
vt 0.548611 0.762500
vt 0.548611 0.756258
vt 0.548611 0.741995
vt 0.585141 0.742558
vt 0.548611 0.734012
vt 0.586756 0.734012
vt 0.362500 0.515988
vt 0.362500 0.508005
vt 0.368478 0.508343
vt 0.368742 0.515988
vt 0.368750 0.493750
vt 0.372605 0.495873
vt 0.451389 0.487500
vt 0.451389 0.493742
vt 0.451389 0.508005
vt 0.411520 0.508343
vt 0.451389 0.515988
vt 0.413245 0.515988
vt 0.637500 0.515988
vt 0.631258 0.515988
vt 0.629127 0.497605
vt 0.631250 0.493750
vt 0.586755 0.515988
vt 0.585141 0.507442
vt 0.548611 0.515988
vt 0.548611 0.508005
vt 0.548611 0.493742
vt 0.585141 0.493478
vt 0.548611 0.487500
vt 0.586755 0.487500
s 0
usemtl OiledOak
f 265/411/253 268/412/253 270/413/253 269/414/253
f 268/412/254 272/415/254 273/416/254 270/413/254
f 266/417/255 271/418/255 273/419/255 272/420/255
f 271/421/256 275/422/256 276/423/256 273/424/256
f 267/425/257 274/426/257 276/423/257 275/422/257
f 274/427/258 269/414/258 270/413/258 276/428/258
f 270/413/259 273/416/259 276/428/259
f 277/429/260 280/430/260 282/431/260 281/432/260
f 280/430/261 284/433/261 285/434/261 282/431/261
f 278/435/262 283/436/262 285/437/262 284/438/262
f 283/439/263 287/440/263 288/441/263 285/442/263
f 279/443/264 286/444/264 288/441/264 287/440/264
f 286/444/265 281/445/265 282/446/265 288/441/265
f 282/446/266 285/442/266 288/441/266
f 289/447/267 292/448/267 294/449/267 293/450/267
f 292/448/268 296/451/268 297/452/268 294/449/268
f 290/453/269 295/454/269 297/455/269 296/456/269
f 295/454/270 299/457/270 300/458/270 297/455/270
f 291/459/271 298/460/271 300/458/271 299/457/271
f 298/461/272 293/450/272 294/449/272 300/462/272
f 294/449/273 297/452/273 300/462/273
f 301/463/274 304/464/274 306/465/274 305/466/274
f 304/467/275 308/468/275 309/469/275 306/470/275
f 302/471/276 307/472/276 309/469/276 308/468/276
f 307/472/277 311/473/277 312/474/277 309/469/277
f 303/475/278 310/476/278 312/474/278 311/473/278
f 310/476/279 305/477/279 306/470/279 312/474/279
f 306/470/280 309/469/280 312/474/280
f 313/478/281 316/479/281 318/480/281 317/481/281
f 316/479/282 320/482/282 321/483/282 318/480/282
f 314/484/283 319/485/283 321/483/283 320/482/283
f 319/485/284 323/486/284 324/487/284 321/483/284
f 315/488/285 322/489/285 324/487/285 323/486/285
f 322/489/286 317/481/286 318/480/286 324/487/286
f 318/480/287 321/483/287 324/487/287
f 325/490/288 328/491/288 330/492/288 329/493/288
f 328/491/289 332/494/289 333/495/289 330/492/289
f 326/496/290 331/497/290 333/495/290 332/494/290
f 331/497/291 335/498/291 336/499/291 333/495/291
f 327/500/292 334/501/292 336/499/292 335/498/292
f 334/501/293 329/493/293 330/492/293 336/499/293
f 330/492/294 333/495/294 336/499/294
f 337/502/295 340/503/295 342/504/295 341/505/295
f 340/503/296 344/506/296 345/507/296 342/504/296
f 338/508/297 343/509/297 345/507/297 344/506/297
f 343/509/298 347/510/298 348/511/298 345/507/298
f 339/512/299 346/513/299 348/511/299 347/510/299
f 346/513/300 341/505/300 342/504/300 348/511/300
f 342/504/301 345/507/301 348/511/301
f 349/514/302 352/515/302 354/516/302 353/517/302
f 352/515/303 356/518/303 357/519/303 354/516/303
f 350/520/304 355/521/304 357/519/304 356/518/304
f 355/521/305 359/522/305 360/523/305 357/519/305
f 351/524/306 358/525/306 360/523/306 359/522/306
f 358/525/307 353/517/307 354/516/307 360/523/307
f 354/516/308 357/519/308 360/523/308
f 289/447/309 265/411/309 269/414/309 292/448/309
f 292/448/310 269/414/310 274/427/310 296/451/310
f 296/456/311 274/426/311 267/425/311 290/453/311
f 266/417/312 277/429/312 281/432/312 271/418/312
f 271/421/313 281/445/313 286/444/313 275/422/313
f 275/422/314 286/444/314 279/443/314 267/425/314
f 278/435/315 301/463/315 305/466/315 283/436/315
f 283/439/316 305/477/316 310/476/316 287/440/316
f 287/440/317 310/476/317 303/475/317 279/443/317
f 302/471/318 291/459/318 299/457/318 307/472/318
f 307/472/319 299/457/319 295/454/319 311/473/319
f 311/473/320 295/454/320 290/453/320 303/475/320
f 337/502/321 289/447/321 293/450/321 340/503/321
f 340/503/322 293/450/322 298/461/322 344/506/322
f 344/506/323 298/460/323 291/459/323 338/508/323
f 301/463/324 349/514/324 353/517/324 304/464/324
f 304/467/325 353/517/325 358/525/325 308/468/325
f 308/468/326 358/525/326 351/524/326 302/471/326
f 350/520/327 339/512/327 347/510/327 355/521/327
f 355/521/328 347/510/328 343/509/328 359/522/328
f 359/522/329 343/509/329 338/508/329 351/524/329
f 313/478/330 337/502/330 341/505/330 316/479/330
f 316/479/331 341/505/331 346/513/331 320/482/331
f 320/482/332 346/513/332 339/512/332 314/484/332
f 349/514/333 325/490/333 329/493/333 352/515/333
f 352/515/334 329/493/334 334/501/334 356/518/334
f 356/518/335 334/501/335 327/500/335 350/520/335
f 326/496/336 315/488/336 323/486/336 331/497/336
f 331/497/337 323/486/337 319/485/337 335/498/337
f 335/498/338 319/485/338 314/484/338 327/500/338
f 265/411/339 313/478/339 317/481/339 268/412/339
f 268/412/340 317/481/340 322/489/340 272/415/340
f 272/420/341 322/489/341 315/488/341 266/417/341
f 325/490/342 278/435/342 284/438/342 328/491/342
f 328/491/343 284/433/343 280/430/343 332/494/343
f 332/494/344 280/430/344 277/429/344 326/496/344
f 289/447/345 337/502/345 313/478/345 265/411/345
f 267/425/346 279/443/346 303/475/346 290/453/346
f 315/488/347 326/496/347 277/429/347 266/417/347
f 349/514/348 301/463/348 278/435/348 325/490/348
f 291/459/349 302/471/349 351/524/349 338/508/349
f 339/512/350 350/520/350 327/500/350 314/484/350
o iron_turntable
v -0.325000 0.475000 0.235000
v -0.325000 0.510000 0.270000
v -0.360000 0.510000 0.235000
v -0.325000 0.479676 0.252477
v -0.342477 0.479676 0.235000
v -0.341737 0.484218 0.251737
v -0.342477 0.510000 0.265324
v -0.325000 0.492523 0.265324
v -0.341737 0.493263 0.260782
v -0.355324 0.492523 0.235000
v -0.355324 0.510000 0.252477
v -0.350782 0.493263 0.251737
v -0.325000 0.570000 0.270000
v -0.325000 0.605000 0.235000
v -0.360000 0.570000 0.235000
v -0.325000 0.587477 0.265324
v -0.342477 0.570000 0.265324
v -0.341737 0.586737 0.260782
v -0.342477 0.600324 0.235000
v -0.325000 0.600324 0.252477
v -0.341737 0.595782 0.251737
v -0.355324 0.570000 0.252477
v -0.355324 0.587477 0.235000
v -0.350782 0.586737 0.251737
v -0.325000 0.475000 -0.275000
v -0.360000 0.510000 -0.275000
v -0.325000 0.510000 -0.310000
v -0.342477 0.479676 -0.275000
v -0.325000 0.479676 -0.292477
v -0.341737 0.484218 -0.291737
v -0.355324 0.510000 -0.292477
v -0.355324 0.492523 -0.275000
v -0.350782 0.493263 -0.291737
v -0.325000 0.492523 -0.305324
v -0.342477 0.510000 -0.305324
v -0.341737 0.493263 -0.300782
v -0.325000 0.605000 -0.275000
v -0.325000 0.570000 -0.310000
v -0.360000 0.570000 -0.275000
v -0.325000 0.600324 -0.292477
v -0.342477 0.600324 -0.275000
v -0.341737 0.595782 -0.291737
v -0.342477 0.570000 -0.305324
v -0.325000 0.587477 -0.305324
v -0.341737 0.586737 -0.300782
v -0.355324 0.587477 -0.275000
v -0.355324 0.570000 -0.292477
v -0.350782 0.586737 -0.291737
v 0.325000 0.475000 0.235000
v 0.360000 0.510000 0.235000
v 0.325000 0.510000 0.270000
v 0.342477 0.479676 0.235000
v 0.325000 0.479676 0.252477
v 0.341737 0.484218 0.251737
v 0.355324 0.510000 0.252477
v 0.355324 0.492523 0.235000
v 0.350782 0.493263 0.251737
v 0.325000 0.492523 0.265324
v 0.342477 0.510000 0.265324
v 0.341737 0.493263 0.260782
v 0.325000 0.605000 0.235000
v 0.325000 0.570000 0.270000
v 0.360000 0.570000 0.235000
v 0.325000 0.600324 0.252477
v 0.342477 0.600324 0.235000
v 0.341737 0.595782 0.251737
v 0.342477 0.570000 0.265324
v 0.325000 0.587477 0.265324
v 0.341737 0.586737 0.260782
v 0.355324 0.587477 0.235000
v 0.355324 0.570000 0.252477
v 0.350782 0.586737 0.251737
v 0.325000 0.475000 -0.275000
v 0.325000 0.510000 -0.310000
v 0.360000 0.510000 -0.275000
v 0.325000 0.479676 -0.292477
v 0.342477 0.479676 -0.275000
v 0.341737 0.484218 -0.291737
v 0.342477 0.510000 -0.305324
v 0.325000 0.492523 -0.305324
v 0.341737 0.493263 -0.300782
v 0.355324 0.492523 -0.275000
v 0.355324 0.510000 -0.292477
v 0.350782 0.493263 -0.291737
v 0.325000 0.605000 -0.275000
v 0.360000 0.570000 -0.275000
v 0.325000 0.570000 -0.310000
v 0.342477 0.600324 -0.275000
v 0.325000 0.600324 -0.292477
v 0.341737 0.595782 -0.291737
v 0.355324 0.570000 -0.292477
v 0.355324 0.587477 -0.275000
v 0.350782 0.586737 -0.291737
v 0.325000 0.587477 -0.305324
v 0.342477 0.570000 -0.305324
v 0.341737 0.586737 -0.300782
vn -0.2566 -0.9318 0.2566
vn -0.2178 -0.6901 0.6901
vn -0.2566 -0.2566 0.9318
vn -0.6901 -0.2178 0.6901
vn -0.9318 -0.2566 0.2566
vn -0.6901 -0.6901 0.2178
vn -0.5773 -0.5774 0.5773
vn -0.2566 0.2566 0.9318
vn -0.2178 0.6901 0.6901
vn -0.2566 0.9318 0.2566
vn -0.6901 0.6901 0.2178
vn -0.9318 0.2566 0.2566
vn -0.6901 0.2178 0.6901
vn -0.5773 0.5774 0.5773
vn -0.2566 -0.9318 -0.2566
vn -0.6901 -0.6901 -0.2178
vn -0.9318 -0.2566 -0.2566
vn -0.6901 -0.2178 -0.6901
vn -0.2566 -0.2566 -0.9318
vn -0.2178 -0.6901 -0.6901
vn -0.5773 -0.5774 -0.5774
vn -0.2566 0.9318 -0.2566
vn -0.2178 0.6901 -0.6901
vn -0.2566 0.2566 -0.9318
vn -0.6901 0.2178 -0.6901
vn -0.9318 0.2566 -0.2566
vn -0.6901 0.6901 -0.2178
vn -0.5773 0.5774 -0.5773
vn 0.2566 -0.9318 0.2566
vn 0.6901 -0.6901 0.2178
vn 0.9318 -0.2566 0.2566
vn 0.6901 -0.2178 0.6901
vn 0.2566 -0.2566 0.9318
vn 0.2178 -0.6901 0.6901
vn 0.5773 -0.5774 0.5774
vn 0.2566 0.9318 0.2566
vn 0.2178 0.6901 0.6901
vn 0.2566 0.2566 0.9318
vn 0.6901 0.2178 0.6901
vn 0.9318 0.2566 0.2566
vn 0.6901 0.6901 0.2178
vn 0.5773 0.5774 0.5773
vn 0.2566 -0.9318 -0.2566
vn 0.2178 -0.6901 -0.6901
vn 0.2566 -0.2566 -0.9318
vn 0.6901 -0.2178 -0.6901
vn 0.9318 -0.2566 -0.2566
vn 0.6901 -0.6901 -0.2178
vn 0.5773 -0.5774 -0.5773
vn 0.2566 0.9318 -0.2566
vn 0.6901 0.6901 -0.2178
vn 0.9318 0.2566 -0.2566
vn 0.6901 0.2178 -0.6901
vn 0.2566 0.2566 -0.9318
vn 0.2178 0.6901 -0.6901
vn 0.5773 0.5774 -0.5774
vn -0.2585 -0.9660 -0.0000
vn -0.7071 -0.7071 -0.0000
vn -0.9660 -0.2585 -0.0000
vn -0.2585 -0.0000 0.9660
vn -0.7071 -0.0000 0.7071
vn -0.9660 -0.0000 0.2585
vn -0.2585 0.9660 -0.0000
vn -0.7071 0.7071 -0.0000
vn -0.9660 0.2585 -0.0000
vn -0.2585 -0.0000 -0.9660
vn -0.7071 -0.0000 -0.7071
vn -0.9660 -0.0000 -0.2585
vn -0.0000 -0.9660 -0.2585
vn -0.0000 -0.7071 -0.7071
vn -0.0000 -0.2585 -0.9660
vn -0.0000 0.9660 -0.2585
vn -0.0000 0.7071 -0.7071
vn -0.0000 0.2585 -0.9660
vn 0.9660 -0.0000 -0.2585
vn 0.7071 -0.0000 -0.7071
vn 0.2585 -0.0000 -0.9660
vn 0.2585 -0.9660 -0.0000
vn 0.7071 -0.7071 -0.0000
vn 0.9660 -0.2585 -0.0000
vn 0.2585 0.9660 -0.0000
vn 0.7071 0.7071 -0.0000
vn 0.9660 0.2585 -0.0000
vn 0.2585 -0.0000 0.9660
vn 0.7071 -0.0000 0.7071
vn 0.9660 -0.0000 0.2585
vn -0.0000 -0.9660 0.2585
vn -0.0000 -0.7071 0.7071
vn -0.0000 -0.2585 0.9660
vn -0.0000 0.9660 0.2585
vn -0.0000 0.7071 0.7071
vn -0.0000 0.2585 0.9660
vn -0.0000 -1.0000 -0.0000
vn -1.0000 -0.0000 -0.0000
vn -0.0000 -0.0000 1.0000
vn -0.0000 1.0000 -0.0000
vn -0.0000 -0.0000 -1.0000
vn 1.0000 -0.0000 -0.0000
vt 0.137153 0.734914
vt 0.137153 0.742447
vt 0.131341 0.742128
vt 0.131084 0.734914
vt 0.137153 0.750000
vt 0.131341 0.750000
vt 0.442308 0.987847
vt 0.442308 1.000000
vt 0.375000 0.993659
vt 0.375000 0.987847
vt 0.442308 0.000000
vt 0.442308 0.007553
vt 0.375000 0.007872
vt 0.375000 0.000000
vt 0.442308 0.015086
vt 0.375000 0.015086
vt 0.125000 0.734914
vt 0.125000 0.742128
vt 0.557692 0.987847
vt 0.591302 0.987847
vt 0.589880 1.000000
vt 0.557692 1.000000
vt 0.625000 0.987847
vt 0.625000 1.000000
vt 0.862847 0.734914
vt 0.875000 0.734914
vt 0.875000 0.742128
vt 0.862847 0.750000
vt 0.625000 0.015086
vt 0.591302 0.015086
vt 0.589880 0.007872
vt 0.625000 0.007872
vt 0.557692 0.015086
vt 0.557692 0.007553
vt 0.557692 0.000000
vt 0.589880 0.000000
vt 0.137153 0.515086
vt 0.131084 0.515086
vt 0.131341 0.507872
vt 0.137153 0.507553
vt 0.125000 0.515086
vt 0.125000 0.507872
vt 0.442308 0.234914
vt 0.442308 0.242447
vt 0.375000 0.242128
vt 0.375000 0.234914
vt 0.442308 0.256084
vt 0.375000 0.256341
vt 0.442308 0.262153
vt 0.375000 0.262153
vt 0.137153 0.500000
vt 0.131341 0.500000
vt 0.862847 0.515086
vt 0.862847 0.500000
vt 0.875000 0.507872
vt 0.875000 0.515086
vt 0.625000 0.262153
vt 0.591302 0.262153
vt 0.589880 0.255543
vt 0.625000 0.245601
vt 0.557692 0.262153
vt 0.557692 0.256084
vt 0.557692 0.242447
vt 0.589880 0.242128
vt 0.557692 0.234914
vt 0.591302 0.234914
vt 0.625000 0.234914
vt 0.362847 0.734914
vt 0.368916 0.734914
vt 0.368659 0.742128
vt 0.362847 0.742447
vt 0.408698 0.734914
vt 0.407155 0.742128
vt 0.442308 0.734914
vt 0.442308 0.742447
vt 0.442308 0.756084
vt 0.372671 0.754012
vt 0.442308 0.762153
vt 0.368923 0.756076
vt 0.637153 0.734914
vt 0.631076 0.756077
vt 0.629012 0.752329
vt 0.631084 0.734914
vt 0.591302 0.762153
vt 0.589880 0.756341
vt 0.557692 0.762153
vt 0.557692 0.756084
vt 0.557692 0.742447
vt 0.589880 0.742985
vt 0.557692 0.734914
vt 0.591302 0.734914
vt 0.362847 0.515086
vt 0.362847 0.507553
vt 0.368659 0.507872
vt 0.368916 0.515086
vt 0.368923 0.493924
vt 0.372671 0.495988
vt 0.442308 0.487847
vt 0.442308 0.493916
vt 0.442308 0.507553
vt 0.407156 0.507872
vt 0.442308 0.515086
vt 0.408698 0.515086
vt 0.637153 0.515086
vt 0.631084 0.515086
vt 0.629012 0.497671
vt 0.631076 0.493923
vt 0.591302 0.515086
vt 0.589880 0.507015
vt 0.557692 0.515086
vt 0.557692 0.507553
vt 0.557692 0.493916
vt 0.589880 0.493659
vt 0.557692 0.487847
vt 0.591302 0.487847
s 0
usemtl BlackIron
f 361/526/351 364/527/351 366/528/351 365/529/351
f 364/527/352 368/530/352 369/531/352 366/528/352
f 362/532/353 367/533/353 369/534/353 368/535/353
f 367/536/354 371/537/354 372/538/354 369/539/354
f 363/540/355 370/541/355 372/538/355 371/537/355
f 370/542/356 365/529/356 366/528/356 372/543/356
f 366/528/357 369/531/357 372/543/357
f 373/544/358 376/545/358 378/546/358 377/547/358
f 376/545/359 380/548/359 381/549/359 378/546/359
f 374/550/360 379/551/360 381/552/360 380/553/360
f 379/554/361 383/555/361 384/556/361 381/557/361
f 375/558/362 382/559/362 384/556/362 383/555/362
f 382/559/363 377/560/363 378/561/363 384/556/363
f 378/561/364 381/557/364 384/556/364
f 385/562/365 388/563/365 390/564/365 389/565/365
f 388/563/366 392/566/366 393/567/366 390/564/366
f 386/568/367 391/569/367 393/570/367 392/571/367
f 391/569/368 395/572/368 396/573/368 393/570/368
f 387/574/369 394/575/369 396/573/369 395/572/369
f 394/576/370 389/565/370 390/564/370 396/577/370
f 390/564/371 393/567/371 396/577/371
f 397/578/372 400/579/372 402/580/372 401/581/372
f 400/582/373 404/583/373 405/584/373 402/585/373
f 398/586/374 403/587/374 405/584/374 404/583/374
f 403/587/375 407/588/375 408/589/375 405/584/375
f 399/590/376 406/591/376 408/589/376 407/588/376
f 406/591/377 401/592/377 402/585/377 408/589/377
f 402/585/378 405/584/378 408/589/378
f 409/593/379 412/594/379 414/595/379 413/596/379
f 412/594/380 416/597/380 417/598/380 414/595/380
f 410/599/381 415/600/381 417/598/381 416/597/381
f 415/600/382 419/601/382 420/602/382 417/598/382
f 411/603/383 418/604/383 420/602/383 419/601/383
f 418/604/384 413/596/384 414/595/384 420/602/384
f 414/595/385 417/598/385 420/602/385
f 421/605/386 424/606/386 426/607/386 425/608/386
f 424/606/387 428/609/387 429/610/387 426/607/387
f 422/611/388 427/612/388 429/610/388 428/609/388
f 427/612/389 431/613/389 432/614/389 429/610/389
f 423/615/390 430/616/390 432/614/390 431/613/390
f 430/616/391 425/608/391 426/607/391 432/614/391
f 426/607/392 429/610/392 432/614/392
f 433/617/393 436/618/393 438/619/393 437/620/393
f 436/618/394 440/621/394 441/622/394 438/619/394
f 434/623/395 439/624/395 441/622/395 440/621/395
f 439/624/396 443/625/396 444/626/396 441/622/396
f 435/627/397 442/628/397 444/626/397 443/625/397
f 442/628/398 437/620/398 438/619/398 444/626/398
f 438/619/399 441/622/399 444/626/399
f 445/629/400 448/630/400 450/631/400 449/632/400
f 448/630/401 452/633/401 453/634/401 450/631/401
f 446/635/402 451/636/402 453/634/402 452/633/402
f 451/636/403 455/637/403 456/638/403 453/634/403
f 447/639/404 454/640/404 456/638/404 455/637/404
f 454/640/405 449/632/405 450/631/405 456/638/405
f 450/631/406 453/634/406 456/638/406
f 385/562/407 361/526/407 365/529/407 388/563/407
f 388/563/408 365/529/408 370/542/408 392/566/408
f 392/571/409 370/541/409 363/540/409 386/568/409
f 362/532/410 373/544/410 377/547/410 367/533/410
f 367/536/411 377/560/411 382/559/411 371/537/411
f 371/537/412 382/559/412 375/558/412 363/540/412
f 374/550/413 397/578/413 401/581/413 379/551/413
f 379/554/414 401/592/414 406/591/414 383/555/414
f 383/555/415 406/591/415 399/590/415 375/558/415
f 398/586/416 387/574/416 395/572/416 403/587/416
f 403/587/417 395/572/417 391/569/417 407/588/417
f 407/588/418 391/569/418 386/568/418 399/590/418
f 433/617/419 385/562/419 389/565/419 436/618/419
f 436/618/420 389/565/420 394/576/420 440/621/420
f 440/621/421 394/575/421 387/574/421 434/623/421
f 397/578/422 445/629/422 449/632/422 400/579/422
f 400/582/423 449/632/423 454/640/423 404/583/423
f 404/583/424 454/640/424 447/639/424 398/586/424
f 446/635/425 435/627/425 443/625/425 451/636/425
f 451/636/426 443/625/426 439/624/426 455/637/426
f 455/637/427 439/624/427 434/623/427 447/639/427
f 409/593/428 433/617/428 437/620/428 412/594/428
f 412/594/429 437/620/429 442/628/429 416/597/429
f 416/597/430 442/628/430 435/627/430 410/599/430
f 445/629/431 421/605/431 425/608/431 448/630/431
f 448/630/432 425/608/432 430/616/432 452/633/432
f 452/633/433 430/616/433 423/615/433 446/635/433
f 422/611/434 411/603/434 419/601/434 427/612/434
f 427/612/435 419/601/435 415/600/435 431/613/435
f 431/613/436 415/600/436 410/599/436 423/615/436
f 361/526/437 409/593/437 413/596/437 364/527/437
f 364/527/438 413/596/438 418/604/438 368/530/438
f 368/535/439 418/604/439 411/603/439 362/532/439
f 421/605/440 374/550/440 380/553/440 424/606/440
f 424/606/441 380/548/441 376/545/441 428/609/441
f 428/609/442 376/545/442 373/544/442 422/611/442
f 385/562/443 433/617/443 409/593/443 361/526/443
f 363/540/444 375/558/444 399/590/444 386/568/444
f 411/603/445 422/611/445 373/544/445 362/532/445
f 445/629/446 397/578/446 374/550/446 421/605/446
f 387/574/447 398/586/447 447/639/447 434/623/447
f 435/627/448 446/635/448 423/615/448 410/599/448
o oak_A_frame
v -0.296510 0.390236 -0.058000
v -0.305162 0.416866 -0.030000
v -0.331792 0.408213 -0.058000
v -0.297666 0.393794 -0.044018
v -0.310963 0.389473 -0.058000
v -0.311523 0.393112 -0.044610
v -0.318460 0.412545 -0.033741
v -0.300842 0.403568 -0.033741
v -0.313759 0.399993 -0.037374
v -0.323914 0.396072 -0.058000
v -0.328234 0.409369 -0.044018
v -0.320641 0.397757 -0.044610
v -0.454726 0.877177 -0.030000
v -0.463379 0.903807 -0.058000
v -0.481356 0.868525 -0.058000
v -0.459047 0.890474 -0.033741
v -0.468024 0.872856 -0.033741
v -0.471599 0.885774 -0.037374
v -0.475520 0.895928 -0.058000
v -0.462223 0.900249 -0.044018
v -0.473835 0.892655 -0.044610
v -0.477798 0.869680 -0.044018
v -0.482119 0.882978 -0.058000
v -0.478480 0.883538 -0.044610
v -0.296510 0.390236 -0.182000
v -0.331792 0.408213 -0.182000
v -0.305162 0.416866 -0.210000
v -0.310963 0.389473 -0.182000
v -0.297666 0.393794 -0.195982
v -0.311523 0.393112 -0.195390
v -0.328234 0.409369 -0.195982
v -0.323914 0.396072 -0.182000
v -0.320641 0.397757 -0.195390
v -0.300842 0.403568 -0.206259
v -0.318460 0.412545 -0.206259
v -0.313759 0.399993 -0.202626
v -0.463379 0.903807 -0.182000
v -0.454726 0.877177 -0.210000
v -0.481356 0.868525 -0.182000
v -0.462223 0.900249 -0.195982
v -0.475520 0.895928 -0.182000
v -0.473835 0.892655 -0.195390
v -0.468024 0.872856 -0.206259
v -0.459047 0.890474 -0.206259
v -0.471599 0.885774 -0.202626
v -0.482119 0.882978 -0.182000
v -0.477798 0.869680 -0.195982
v -0.478480 0.883538 -0.195390
v -0.216621 0.416193 -0.058000
v -0.198644 0.451476 -0.058000
v -0.225274 0.442823 -0.030000
v -0.204480 0.424072 -0.058000
v -0.217777 0.419751 -0.044018
v -0.206165 0.427345 -0.044610
v -0.202202 0.450320 -0.044018
v -0.197881 0.437022 -0.058000
v -0.201520 0.436462 -0.044610
v -0.220953 0.429526 -0.033741
v -0.211976 0.447144 -0.033741
v -0.208401 0.434226 -0.037374
v -0.383490 0.929764 -0.058000
v -0.374838 0.903134 -0.030000
v -0.348208 0.911787 -0.058000
v -0.382334 0.926206 -0.044018
v -0.369037 0.930527 -0.058000
v -0.368477 0.926888 -0.044610
v -0.361540 0.907455 -0.033741
v -0.379158 0.916432 -0.033741
v -0.366241 0.920007 -0.037374
v -0.356086 0.923928 -0.058000
v -0.351766 0.910631 -0.044018
v -0.359359 0.922243 -0.044610
v -0.216621 0.416193 -0.182000
v -0.225274 0.442823 -0.210000
v -0.198644 0.451476 -0.182000
v -0.217777 0.419751 -0.195982
v -0.204480 0.424072 -0.182000
v -0.206165 0.427345 -0.195390
v -0.211976 0.447144 -0.206259
v -0.220953 0.429526 -0.206259
v -0.208401 0.434226 -0.202626
v -0.197881 0.437022 -0.182000
v -0.202202 0.450320 -0.195982
v -0.201520 0.436462 -0.195390
v -0.383490 0.929764 -0.182000
v -0.348208 0.911787 -0.182000
v -0.374838 0.903134 -0.210000
v -0.369037 0.930527 -0.182000
v -0.382334 0.926206 -0.195982
v -0.368477 0.926888 -0.195390
v -0.351766 0.910631 -0.195982
v -0.356086 0.923928 -0.182000
v -0.359359 0.922243 -0.195390
v -0.379158 0.916432 -0.206259
v -0.361540 0.907455 -0.206259
v -0.366241 0.920007 -0.202626
vn 0.0439 -0.9655 0.2566
vn 0.0061 -0.7237 0.6901
vn -0.1647 -0.3233 0.9318
vn -0.5891 -0.4204 0.6901
vn -0.8069 -0.5320 0.2566
vn -0.4431 -0.8696 0.2178
vn -0.3707 -0.7275 0.5774
vn -0.3233 0.1647 0.9318
vn -0.4204 0.5891 0.6901
vn -0.5320 0.8069 0.2566
vn -0.8696 0.4431 0.2178
vn -0.9655 -0.0439 0.2566
vn -0.7237 -0.0061 0.6901
vn -0.7275 0.3707 0.5774
vn 0.0439 -0.9655 -0.2566
vn -0.4431 -0.8696 -0.2178
vn -0.8069 -0.5320 -0.2566
vn -0.5891 -0.4204 -0.6901
vn -0.1647 -0.3233 -0.9318
vn 0.0061 -0.7237 -0.6901
vn -0.3707 -0.7275 -0.5773
vn -0.5320 0.8069 -0.2566
vn -0.4204 0.5891 -0.6901
vn -0.3233 0.1647 -0.9318
vn -0.7237 -0.0061 -0.6901
vn -0.9655 -0.0439 -0.2566
vn -0.8696 0.4431 -0.2178
vn -0.7275 0.3707 -0.5774
vn 0.5320 -0.8069 0.2566
vn 0.8696 -0.4431 0.2178
vn 0.9655 0.0439 0.2566
vn 0.7237 0.0061 0.6901
vn 0.3233 -0.1647 0.9318
vn 0.4204 -0.5891 0.6901
vn 0.7275 -0.3707 0.5773
vn -0.0439 0.9655 0.2566
vn -0.0061 0.7237 0.6901
vn 0.1647 0.3233 0.9318
vn 0.5891 0.4204 0.6901
vn 0.8069 0.5320 0.2566
vn 0.4431 0.8696 0.2178
vn 0.3707 0.7275 0.5774
vn 0.5320 -0.8069 -0.2566
vn 0.4204 -0.5891 -0.6901
vn 0.3233 -0.1647 -0.9318
vn 0.7237 0.0061 -0.6901
vn 0.9655 0.0439 -0.2566
vn 0.8696 -0.4431 -0.2178
vn 0.7275 -0.3707 -0.5774
vn -0.0439 0.9655 -0.2566
vn 0.4431 0.8696 -0.2178
vn 0.8069 0.5320 -0.2566
vn 0.5891 0.4204 -0.6901
vn 0.1647 0.3233 -0.9318
vn -0.0061 0.7237 -0.6901
vn 0.3707 0.7275 -0.5773
vn 0.0527 -0.9986 -0.0000
vn -0.4540 -0.8910 -0.0000
vn -0.8389 -0.5443 -0.0000
vn -0.2458 -0.0799 0.9660
vn -0.6725 -0.2185 0.7071
vn -0.9187 -0.2985 0.2585
vn -0.5443 0.8389 -0.0000
vn -0.8910 0.4540 -0.0000
vn -0.9986 -0.0527 -0.0000
vn -0.2458 -0.0799 -0.9660
vn -0.6725 -0.2185 -0.7071
vn -0.9187 -0.2985 -0.2585
vn 0.2985 -0.9187 -0.2585
vn 0.2185 -0.6725 -0.7071
vn 0.0799 -0.2458 -0.9660
vn -0.2985 0.9187 -0.2585
vn -0.2185 0.6725 -0.7071
vn -0.0799 0.2458 -0.9660
vn 0.9187 0.2985 -0.2585
vn 0.6725 0.2185 -0.7071
vn 0.2458 0.0799 -0.9660
vn 0.5443 -0.8389 -0.0000
vn 0.8910 -0.4540 -0.0000
vn 0.9986 0.0527 -0.0000
vn -0.0527 0.9986 -0.0000
vn 0.4540 0.8910 -0.0000
vn 0.8389 0.5443 -0.0000
vn 0.2458 0.0799 0.9660
vn 0.6725 0.2185 0.7071
vn 0.9187 0.2985 0.2585
vn 0.2985 -0.9187 0.2585
vn 0.2185 -0.6725 0.7071
vn 0.0799 -0.2458 0.9660
vn -0.2985 0.9187 0.2585
vn -0.2185 0.6725 0.7071
vn -0.0799 0.2458 0.9660
vn 0.3090 -0.9511 -0.0000
vn -0.9511 -0.3090 -0.0000
vn -0.0000 -0.0000 1.0000
vn -0.3090 0.9511 -0.0000
vn -0.0000 -0.0000 -1.0000
vn 0.9511 0.3090 -0.0000
vt 0.175000 0.711111
vt 0.175000 0.730530
vt 0.151089 0.729708
vt 0.150033 0.711111
vt 0.175000 0.750000
vt 0.151089 0.750000
vt 0.387963 0.950000
vt 0.387963 1.000000
vt 0.375000 0.973911
vt 0.375000 0.950000
vt 0.387963 0.000000
vt 0.387963 0.019470
vt 0.375000 0.020292
vt 0.375000 0.000000
vt 0.387963 0.038889
vt 0.375000 0.038889
vt 0.125000 0.711111
vt 0.125000 0.729708
vt 0.612037 0.950000
vt 0.618510 0.950000
vt 0.618236 1.000000
vt 0.612037 1.000000
vt 0.625000 0.950000
vt 0.625000 1.000000
vt 0.825000 0.711111
vt 0.875000 0.711111
vt 0.875000 0.729708
vt 0.825000 0.750000
vt 0.625000 0.038889
vt 0.618510 0.038889
vt 0.618236 0.020292
vt 0.625000 0.020292
vt 0.612037 0.038889
vt 0.612037 0.019470
vt 0.612037 0.000000
vt 0.618236 0.000000
vt 0.175000 0.538889
vt 0.150033 0.538889
vt 0.151089 0.520292
vt 0.175000 0.519470
vt 0.125000 0.538889
vt 0.125000 0.520292
vt 0.387963 0.211111
vt 0.387963 0.230530
vt 0.375000 0.229708
vt 0.375000 0.211111
vt 0.387963 0.275033
vt 0.375000 0.276089
vt 0.387963 0.300000
vt 0.375000 0.300000
vt 0.175000 0.500000
vt 0.151089 0.500000
vt 0.825000 0.538889
vt 0.825000 0.500000
vt 0.875000 0.520292
vt 0.875000 0.538889
vt 0.625000 0.300000
vt 0.618510 0.300000
vt 0.618236 0.273278
vt 0.625000 0.238660
vt 0.612037 0.300000
vt 0.612037 0.275033
vt 0.612037 0.230530
vt 0.618236 0.229708
vt 0.612037 0.211111
vt 0.618510 0.211111
vt 0.625000 0.211111
vt 0.325000 0.711111
vt 0.349967 0.711111
vt 0.348911 0.729708
vt 0.325000 0.730530
vt 0.381490 0.711111
vt 0.380222 0.729708
vt 0.387963 0.711111
vt 0.387963 0.730530
vt 0.387963 0.775033
vt 0.365418 0.766508
vt 0.387963 0.800000
vt 0.350230 0.775230
vt 0.675000 0.711111
vt 0.650230 0.774770
vt 0.641508 0.759582
vt 0.650033 0.711111
vt 0.618510 0.800000
vt 0.618236 0.776089
vt 0.612037 0.800000
vt 0.612037 0.775033
vt 0.612037 0.730530
vt 0.618236 0.732297
vt 0.612037 0.711111
vt 0.618510 0.711111
vt 0.325000 0.538889
vt 0.325000 0.519470
vt 0.348911 0.520292
vt 0.349967 0.538889
vt 0.350230 0.474770
vt 0.365418 0.483493
vt 0.387963 0.450000
vt 0.387963 0.474967
vt 0.387963 0.519470
vt 0.380222 0.520292
vt 0.387963 0.538889
vt 0.381490 0.538889
vt 0.675000 0.538889
vt 0.650033 0.538889
vt 0.641507 0.490418
vt 0.650230 0.475230
vt 0.618510 0.538889
vt 0.618236 0.517703
vt 0.612037 0.538889
vt 0.612037 0.519470
vt 0.612037 0.474967
vt 0.618236 0.473911
vt 0.612037 0.450000
vt 0.618510 0.450000
s 0
usemtl OiledOak
f 457/641/449 460/642/449 462/643/449 461/644/449
f 460/642/450 464/645/450 465/646/450 462/643/450
f 458/647/451 463/648/451 465/649/451 464/650/451
f 463/651/452 467/652/452 468/653/452 465/654/452
f 459/655/453 466/656/453 468/653/453 467/652/453
f 466/657/454 461/644/454 462/643/454 468/658/454
f 462/643/455 465/646/455 468/658/455
f 469/659/456 472/660/456 474/661/456 473/662/456
f 472/660/457 476/663/457 477/664/457 474/661/457
f 470/665/458 475/666/458 477/667/458 476/668/458
f 475/669/459 479/670/459 480/671/459 477/672/459
f 471/673/460 478/674/460 480/671/460 479/670/460
f 478/674/461 473/675/461 474/676/461 480/671/461
f 474/676/462 477/672/462 480/671/462
f 481/677/463 484/678/463 486/679/463 485/680/463
f 484/678/464 488/681/464 489/682/464 486/679/464
f 482/683/465 487/684/465 489/685/465 488/686/465
f 487/684/466 491/687/466 492/688/466 489/685/466
f 483/689/467 490/690/467 492/688/467 491/687/467
f 490/691/468 485/680/468 486/679/468 492/692/468
f 486/679/469 489/682/469 492/692/469
f 493/693/470 496/694/470 498/695/470 497/696/470
f 496/697/471 500/698/471 501/699/471 498/700/471
f 494/701/472 499/702/472 501/699/472 500/698/472
f 499/702/473 503/703/473 504/704/473 501/699/473
f 495/705/474 502/706/474 504/704/474 503/703/474
f 502/706/475 497/707/475 498/700/475 504/704/475
f 498/700/476 501/699/476 504/704/476
f 505/708/477 508/709/477 510/710/477 509/711/477
f 508/709/478 512/712/478 513/713/478 510/710/478
f 506/714/479 511/715/479 513/713/479 512/712/479
f 511/715/480 515/716/480 516/717/480 513/713/480
f 507/718/481 514/719/481 516/717/481 515/716/481
f 514/719/482 509/711/482 510/710/482 516/717/482
f 510/710/483 513/713/483 516/717/483
f 517/720/484 520/721/484 522/722/484 521/723/484
f 520/721/485 524/724/485 525/725/485 522/722/485
f 518/726/486 523/727/486 525/725/486 524/724/486
f 523/727/487 527/728/487 528/729/487 525/725/487
f 519/730/488 526/731/488 528/729/488 527/728/488
f 526/731/489 521/723/489 522/722/489 528/729/489
f 522/722/490 525/725/490 528/729/490
f 529/732/491 532/733/491 534/734/491 533/735/491
f 532/733/492 536/736/492 537/737/492 534/734/492
f 530/738/493 535/739/493 537/737/493 536/736/493
f 535/739/494 539/740/494 540/741/494 537/737/494
f 531/742/495 538/743/495 540/741/495 539/740/495
f 538/743/496 533/735/496 534/734/496 540/741/496
f 534/734/497 537/737/497 540/741/497
f 541/744/498 544/745/498 546/746/498 545/747/498
f 544/745/499 548/748/499 549/749/499 546/746/499
f 542/750/500 547/751/500 549/749/500 548/748/500
f 547/751/501 551/752/501 552/753/501 549/749/501
f 543/754/502 550/755/502 552/753/502 551/752/502
f 550/755/503 545/747/503 546/746/503 552/753/503
f 546/746/504 549/749/504 552/753/504
f 481/677/505 457/641/505 461/644/505 484/678/505
f 484/678/506 461/644/506 466/657/506 488/681/506
f 488/686/507 466/656/507 459/655/507 482/683/507
f 458/647/508 469/659/508 473/662/508 463/648/508
f 463/651/509 473/675/509 478/674/509 467/652/509
f 467/652/510 478/674/510 471/673/510 459/655/510
f 470/665/511 493/693/511 497/696/511 475/666/511
f 475/669/512 497/707/512 502/706/512 479/670/512
f 479/670/513 502/706/513 495/705/513 471/673/513
f 494/701/514 483/689/514 491/687/514 499/702/514
f 499/702/515 491/687/515 487/684/515 503/703/515
f 503/703/516 487/684/516 482/683/516 495/705/516
f 529/732/517 481/677/517 485/680/517 532/733/517
f 532/733/518 485/680/518 490/691/518 536/736/518
f 536/736/519 490/690/519 483/689/519 530/738/519
f 493/693/520 541/744/520 545/747/520 496/694/520
f 496/697/521 545/747/521 550/755/521 500/698/521
f 500/698/522 550/755/522 543/754/522 494/701/522
f 542/750/523 531/742/523 539/740/523 547/751/523
f 547/751/524 539/740/524 535/739/524 551/752/524
f 551/752/525 535/739/525 530/738/525 543/754/525
f 505/708/526 529/732/526 533/735/526 508/709/526
f 508/709/527 533/735/527 538/743/527 512/712/527
f 512/712/528 538/743/528 531/742/528 506/714/528
f 541/744/529 517/720/529 521/723/529 544/745/529
f 544/745/530 521/723/530 526/731/530 548/748/530
f 548/748/531 526/731/531 519/730/531 542/750/531
f 518/726/532 507/718/532 515/716/532 523/727/532
f 523/727/533 515/716/533 511/715/533 527/728/533
f 527/728/534 511/715/534 506/714/534 519/730/534
f 457/641/535 505/708/535 509/711/535 460/642/535
f 460/642/536 509/711/536 514/719/536 464/645/536
f 464/650/537 514/719/537 507/718/537 458/647/537
f 517/720/538 470/665/538 476/668/538 520/721/538
f 520/721/539 476/663/539 472/660/539 524/724/539
f 524/724/540 472/660/540 469/659/540 518/726/540
f 481/677/541 529/732/541 505/708/541 457/641/541
f 459/655/542 471/673/542 495/705/542 482/683/542
f 507/718/543 518/726/543 469/659/543 458/647/543
f 541/744/544 493/693/544 470/665/544 517/720/544
f 483/689/545 494/701/545 543/754/545 530/738/545
f 531/742/546 542/750/546 519/730/546 506/714/546
o bronze_foot_pin
v -0.340000 0.410000 -0.255000
v -0.340000 0.530000 -0.255000
v -0.302500 0.410000 -0.244952
v -0.302500 0.530000 -0.244952
v -0.275048 0.410000 -0.217500
v -0.275048 0.530000 -0.217500
v -0.265000 0.410000 -0.180000
v -0.265000 0.530000 -0.180000
v -0.275048 0.410000 -0.142500
v -0.275048 0.530000 -0.142500
v -0.302500 0.410000 -0.115048
v -0.302500 0.530000 -0.115048
v -0.340000 0.410000 -0.105000
v -0.340000 0.530000 -0.105000
v -0.377500 0.410000 -0.115048
v -0.377500 0.530000 -0.115048
v -0.404952 0.410000 -0.142500
v -0.404952 0.530000 -0.142500
v -0.415000 0.410000 -0.180000
v -0.415000 0.530000 -0.180000
v -0.404952 0.410000 -0.217500
v -0.404952 0.530000 -0.217500
v -0.377500 0.410000 -0.244952
v -0.377500 0.530000 -0.244952
vn -0.0000 -0.6532 -0.7572
vn -0.0000 0.6532 -0.7572
vn 0.3786 -0.6532 -0.6557
vn 0.3786 0.6532 -0.6557
vn 0.6557 -0.6532 -0.3786
vn 0.6557 0.6532 -0.3786
vn 0.7572 -0.6532 -0.0000
vn 0.7572 0.6532 -0.0000
vn 0.6557 -0.6532 0.3786
vn 0.6557 0.6532 0.3786
vn 0.3786 -0.6532 0.6557
vn 0.3786 0.6532 0.6557
vn -0.0000 -0.6532 0.7572
vn -0.0000 0.6532 0.7572
vn -0.3786 -0.6532 0.6557
vn -0.3786 0.6532 0.6557
vn -0.6557 -0.6532 0.3786
vn -0.6557 0.6532 0.3786
vn -0.7572 -0.6532 -0.0000
vn -0.7572 0.6532 -0.0000
vn -0.6557 -0.6532 -0.3786
vn -0.6557 0.6532 -0.3786
vn -0.3786 -0.6532 -0.6557
vn -0.3786 0.6532 -0.6557
vt 1.000000 0.500000
vt 1.000000 1.000000
vt 0.916667 1.000000
vt 0.916667 0.500000
vt 0.833333 1.000000
vt 0.833333 0.500000
vt 0.750000 1.000000
vt 0.750000 0.500000
vt 0.666667 1.000000
vt 0.666667 0.500000
vt 0.583333 1.000000
vt 0.583333 0.500000
vt 0.500000 1.000000
vt 0.500000 0.500000
vt 0.416667 1.000000
vt 0.416667 0.500000
vt 0.333333 1.000000
vt 0.333333 0.500000
vt 0.250000 1.000000
vt 0.250000 0.500000
vt 0.166667 1.000000
vt 0.166667 0.500000
vt 0.370000 0.457846
vt 0.250000 0.490000
vt 0.130000 0.457846
vt 0.042154 0.370000
vt 0.010000 0.250000
vt 0.042154 0.130000
vt 0.130000 0.042154
vt 0.250000 0.010000
vt 0.370000 0.042154
vt 0.457846 0.130000
vt 0.490000 0.250000
vt 0.457846 0.370000
vt 0.083333 1.000000
vt 0.083333 0.500000
vt 0.000000 1.000000
vt 0.000000 0.500000
vt 0.750000 0.490000
vt 0.870000 0.457846
vt 0.957846 0.370000
vt 0.990000 0.250000
vt 0.957846 0.130000
vt 0.870000 0.042154
vt 0.750000 0.010000
vt 0.630000 0.042154
vt 0.542154 0.130000
vt 0.510000 0.250000
vt 0.542154 0.370000
vt 0.630000 0.457846
s 1
usemtl WornBronze
f 553/756/547 554/757/548 556/758/550 555/759/549
f 555/759/549 556/758/550 558/760/552 557/761/551
f 557/761/551 558/760/552 560/762/554 559/763/553
f 559/763/553 560/762/554 562/764/556 561/765/555
f 561/765/555 562/764/556 564/766/558 563/767/557
f 563/767/557 564/766/558 566/768/560 565/769/559
f 565/769/559 566/768/560 568/770/562 567/771/561
f 567/771/561 568/770/562 570/772/564 569/773/563
f 569/773/563 570/772/564 572/774/566 571/775/565
f 571/775/565 572/774/566 574/776/568 573/777/567
f 556/778/550 554/779/548 576/780/570 574/781/568 572/782/566 570/783/564 568/784/562 566/785/560 564/786/558 562/787/556 560/788/554 558/789/552
f 573/777/567 574/776/568 576/790/570 575/791/569
f 575/791/569 576/790/570 554/792/548 553/793/547
f 553/794/547 555/795/549 557/796/551 559/797/553 561/798/555 563/799/557 565/800/559 567/801/561 569/802/563 571/803/565 573/804/567 575/805/569
o oak_A_frame.001
v 0.216621 0.416193 -0.058000
v 0.225274 0.442823 -0.030000
v 0.198644 0.451476 -0.058000
v 0.217777 0.419751 -0.044018
v 0.204480 0.424072 -0.058000
v 0.206165 0.427345 -0.044610
v 0.211976 0.447144 -0.033741
v 0.220953 0.429526 -0.033741
v 0.208401 0.434226 -0.037374
v 0.197881 0.437022 -0.058000
v 0.202202 0.450320 -0.044018
v 0.201520 0.436462 -0.044610
v 0.374838 0.903134 -0.030000
v 0.383490 0.929764 -0.058000
v 0.348208 0.911787 -0.058000
v 0.379158 0.916432 -0.033741
v 0.361540 0.907455 -0.033741
v 0.366241 0.920007 -0.037374
v 0.369037 0.930527 -0.058000
v 0.382334 0.926206 -0.044018
v 0.368477 0.926888 -0.044610
v 0.351766 0.910631 -0.044018
v 0.356086 0.923928 -0.058000
v 0.359359 0.922243 -0.044610
v 0.216621 0.416193 -0.182000
v 0.198644 0.451476 -0.182000
v 0.225274 0.442823 -0.210000
v 0.204480 0.424072 -0.182000
v 0.217777 0.419751 -0.195982
v 0.206165 0.427345 -0.195390
v 0.202202 0.450320 -0.195982
v 0.197881 0.437022 -0.182000
v 0.201520 0.436462 -0.195390
v 0.220953 0.429526 -0.206259
v 0.211976 0.447144 -0.206259
v 0.208401 0.434226 -0.202626
v 0.383490 0.929764 -0.182000
v 0.374838 0.903134 -0.210000
v 0.348208 0.911787 -0.182000
v 0.382334 0.926206 -0.195982
v 0.369037 0.930527 -0.182000
v 0.368477 0.926888 -0.195390
v 0.361540 0.907455 -0.206259
v 0.379158 0.916432 -0.206259
v 0.366241 0.920007 -0.202626
v 0.356086 0.923928 -0.182000
v 0.351766 0.910631 -0.195982
v 0.359359 0.922243 -0.195390
v 0.296510 0.390236 -0.058000
v 0.331792 0.408213 -0.058000
v 0.305162 0.416866 -0.030000
v 0.310963 0.389473 -0.058000
v 0.297666 0.393794 -0.044018
v 0.311523 0.393112 -0.044610
v 0.328234 0.409369 -0.044018
v 0.323914 0.396072 -0.058000
v 0.320641 0.397757 -0.044610
v 0.300842 0.403568 -0.033741
v 0.318460 0.412545 -0.033741
v 0.313759 0.399993 -0.037374
v 0.463379 0.903807 -0.058000
v 0.454726 0.877177 -0.030000
v 0.481356 0.868525 -0.058000
v 0.462223 0.900249 -0.044018
v 0.475520 0.895928 -0.058000
v 0.473835 0.892655 -0.044610
v 0.468024 0.872856 -0.033741
v 0.459047 0.890474 -0.033741
v 0.471599 0.885774 -0.037374
v 0.482119 0.882978 -0.058000
v 0.477798 0.869680 -0.044018
v 0.478480 0.883538 -0.044610
v 0.296510 0.390236 -0.182000
v 0.305162 0.416866 -0.210000
v 0.331792 0.408213 -0.182000
v 0.297666 0.393794 -0.195982
v 0.310963 0.389473 -0.182000
v 0.311523 0.393112 -0.195390
v 0.318460 0.412545 -0.206259
v 0.300842 0.403568 -0.206259
v 0.313759 0.399993 -0.202626
v 0.323914 0.396072 -0.182000
v 0.328234 0.409369 -0.195982
v 0.320641 0.397757 -0.195390
v 0.463379 0.903807 -0.182000
v 0.481356 0.868525 -0.182000
v 0.454726 0.877177 -0.210000
v 0.475520 0.895928 -0.182000
v 0.462223 0.900249 -0.195982
v 0.473835 0.892655 -0.195390
v 0.477798 0.869680 -0.195982
v 0.482119 0.882978 -0.182000
v 0.478480 0.883538 -0.195390
v 0.459047 0.890474 -0.206259
v 0.468024 0.872856 -0.206259
v 0.471599 0.885774 -0.202626
vn -0.5320 -0.8069 0.2566
vn -0.4204 -0.5891 0.6901
vn -0.3233 -0.1647 0.9318
vn -0.7237 0.0061 0.6901
vn -0.9655 0.0439 0.2566
vn -0.8696 -0.4431 0.2178
vn -0.7275 -0.3707 0.5774
vn -0.1647 0.3233 0.9318
vn 0.0061 0.7237 0.6901
vn 0.0439 0.9655 0.2566
vn -0.4431 0.8696 0.2178
vn -0.8069 0.5320 0.2566
vn -0.5891 0.4204 0.6901
vn -0.3707 0.7275 0.5774
vn -0.5320 -0.8069 -0.2566
vn -0.8696 -0.4431 -0.2178
vn -0.9655 0.0439 -0.2566
vn -0.7237 0.0061 -0.6901
vn -0.3233 -0.1647 -0.9318
vn -0.4204 -0.5891 -0.6901
vn -0.7275 -0.3707 -0.5773
vn 0.0439 0.9655 -0.2566
vn 0.0061 0.7237 -0.6901
vn -0.1647 0.3233 -0.9318
vn -0.5891 0.4204 -0.6901
vn -0.8069 0.5320 -0.2566
vn -0.4431 0.8696 -0.2178
vn -0.3707 0.7275 -0.5774
vn -0.0439 -0.9655 0.2566
vn 0.4431 -0.8696 0.2178
vn 0.8069 -0.5320 0.2566
vn 0.5891 -0.4204 0.6901
vn 0.1647 -0.3233 0.9318
vn -0.0061 -0.7237 0.6901
vn 0.3707 -0.7275 0.5773
vn 0.5320 0.8069 0.2566
vn 0.4204 0.5891 0.6901
vn 0.3233 0.1647 0.9318
vn 0.7237 -0.0061 0.6901
vn 0.9655 -0.0439 0.2566
vn 0.8696 0.4431 0.2178
vn 0.7275 0.3707 0.5774
vn -0.0439 -0.9655 -0.2566
vn -0.0061 -0.7237 -0.6901
vn 0.1647 -0.3233 -0.9318
vn 0.5891 -0.4204 -0.6901
vn 0.8069 -0.5320 -0.2566
vn 0.4431 -0.8696 -0.2178
vn 0.3707 -0.7275 -0.5774
vn 0.5320 0.8069 -0.2566
vn 0.8696 0.4431 -0.2178
vn 0.9655 -0.0439 -0.2566
vn 0.7237 -0.0061 -0.6901
vn 0.3233 0.1647 -0.9318
vn 0.4204 0.5891 -0.6901
vn 0.7275 0.3707 -0.5773
vn -0.5443 -0.8389 -0.0000
vn -0.8910 -0.4540 -0.0000
vn -0.9986 0.0527 -0.0000
vn -0.2458 0.0799 0.9660
vn -0.6725 0.2185 0.7071
vn -0.9187 0.2985 0.2585
vn 0.0527 0.9986 -0.0000
vn -0.4540 0.8910 -0.0000
vn -0.8389 0.5443 -0.0000
vn -0.2458 0.0799 -0.9660
vn -0.6725 0.2185 -0.7071
vn -0.9187 0.2985 -0.2585
vn -0.2985 -0.9187 -0.2585
vn -0.2185 -0.6725 -0.7071
vn -0.0799 -0.2458 -0.9660
vn 0.2985 0.9187 -0.2585
vn 0.2185 0.6725 -0.7071
vn 0.0799 0.2458 -0.9660
vn 0.9187 -0.2985 -0.2585
vn 0.6725 -0.2185 -0.7071
vn 0.2458 -0.0799 -0.9660
vn -0.0527 -0.9986 -0.0000
vn 0.4540 -0.8910 -0.0000
vn 0.8389 -0.5443 -0.0000
vn 0.5443 0.8389 -0.0000
vn 0.8910 0.4540 -0.0000
vn 0.9986 -0.0527 -0.0000
vn 0.2458 -0.0799 0.9660
vn 0.6725 -0.2185 0.7071
vn 0.9187 -0.2985 0.2585
vn -0.2985 -0.9187 0.2585
vn -0.2185 -0.6725 0.7071
vn -0.0799 -0.2458 0.9660
vn 0.2985 0.9187 0.2585
vn 0.2185 0.6725 0.7071
vn 0.0799 0.2458 0.9660
vn -0.3090 -0.9511 -0.0000
vn -0.9511 0.3090 -0.0000
vn -0.0000 -0.0000 1.0000
vn 0.3090 0.9511 -0.0000
vn -0.0000 -0.0000 -1.0000
vn 0.9511 -0.3090 -0.0000
vt 0.175000 0.711111
vt 0.175000 0.730530
vt 0.151089 0.729708
vt 0.150033 0.711111
vt 0.175000 0.750000
vt 0.151089 0.750000
vt 0.387963 0.950000
vt 0.387963 1.000000
vt 0.375000 0.973911
vt 0.375000 0.950000
vt 0.387963 0.000000
vt 0.387963 0.019470
vt 0.375000 0.020292
vt 0.375000 0.000000
vt 0.387963 0.038889
vt 0.375000 0.038889
vt 0.125000 0.711111
vt 0.125000 0.729708
vt 0.612037 0.950000
vt 0.618510 0.950000
vt 0.618236 1.000000
vt 0.612037 1.000000
vt 0.625000 0.950000
vt 0.625000 1.000000
vt 0.825000 0.711111
vt 0.875000 0.711111
vt 0.875000 0.729708
vt 0.825000 0.750000
vt 0.625000 0.038889
vt 0.618510 0.038889
vt 0.618236 0.020292
vt 0.625000 0.020292
vt 0.612037 0.038889
vt 0.612037 0.019470
vt 0.612037 0.000000
vt 0.618236 0.000000
vt 0.175000 0.538889
vt 0.150033 0.538889
vt 0.151089 0.520292
vt 0.175000 0.519470
vt 0.125000 0.538889
vt 0.125000 0.520292
vt 0.387963 0.211111
vt 0.387963 0.230530
vt 0.375000 0.229708
vt 0.375000 0.211111
vt 0.387963 0.275033
vt 0.375000 0.276089
vt 0.387963 0.300000
vt 0.375000 0.300000
vt 0.175000 0.500000
vt 0.151089 0.500000
vt 0.825000 0.538889
vt 0.825000 0.500000
vt 0.875000 0.520292
vt 0.875000 0.538889
vt 0.625000 0.300000
vt 0.618510 0.300000
vt 0.618236 0.273278
vt 0.625000 0.238660
vt 0.612037 0.300000
vt 0.612037 0.275033
vt 0.612037 0.230530
vt 0.618236 0.229708
vt 0.612037 0.211111
vt 0.618510 0.211111
vt 0.625000 0.211111
vt 0.325000 0.711111
vt 0.349967 0.711111
vt 0.348911 0.729708
vt 0.325000 0.730530
vt 0.381490 0.711111
vt 0.380222 0.729708
vt 0.387963 0.711111
vt 0.387963 0.730530
vt 0.387963 0.775033
vt 0.365418 0.766508
vt 0.387963 0.800000
vt 0.350230 0.775230
vt 0.675000 0.711111
vt 0.650230 0.774770
vt 0.641507 0.759582
vt 0.650033 0.711111
vt 0.618510 0.800000
vt 0.618236 0.776089
vt 0.612037 0.800000
vt 0.612037 0.775033
vt 0.612037 0.730530
vt 0.618236 0.732297
vt 0.612037 0.711111
vt 0.618510 0.711111
vt 0.325000 0.538889
vt 0.325000 0.519470
vt 0.348911 0.520292
vt 0.349967 0.538889
vt 0.350230 0.474770
vt 0.365418 0.483493
vt 0.387963 0.450000
vt 0.387963 0.474967
vt 0.387963 0.519470
vt 0.380222 0.520292
vt 0.387963 0.538889
vt 0.381490 0.538889
vt 0.675000 0.538889
vt 0.650033 0.538889
vt 0.641507 0.490418
vt 0.650230 0.475230
vt 0.618510 0.538889
vt 0.618236 0.517703
vt 0.612037 0.538889
vt 0.612037 0.519470
vt 0.612037 0.474967
vt 0.618236 0.473911
vt 0.612037 0.450000
vt 0.618510 0.450000
s 0
usemtl OiledOak
f 577/806/571 580/807/571 582/808/571 581/809/571
f 580/807/572 584/810/572 585/811/572 582/808/572
f 578/812/573 583/813/573 585/814/573 584/815/573
f 583/816/574 587/817/574 588/818/574 585/819/574
f 579/820/575 586/821/575 588/818/575 587/817/575
f 586/822/576 581/809/576 582/808/576 588/823/576
f 582/808/577 585/811/577 588/823/577
f 589/824/578 592/825/578 594/826/578 593/827/578
f 592/825/579 596/828/579 597/829/579 594/826/579
f 590/830/580 595/831/580 597/832/580 596/833/580
f 595/834/581 599/835/581 600/836/581 597/837/581
f 591/838/582 598/839/582 600/836/582 599/835/582
f 598/839/583 593/840/583 594/841/583 600/836/583
f 594/841/584 597/837/584 600/836/584
f 601/842/585 604/843/585 606/844/585 605/845/585
f 604/843/586 608/846/586 609/847/586 606/844/586
f 602/848/587 607/849/587 609/850/587 608/851/587
f 607/849/588 611/852/588 612/853/588 609/850/588
f 603/854/589 610/855/589 612/853/589 611/852/589
f 610/856/590 605/845/590 606/844/590 612/857/590
f 606/844/591 609/847/591 612/857/591
f 613/858/592 616/859/592 618/860/592 617/861/592
f 616/862/593 620/863/593 621/864/593 618/865/593
f 614/866/594 619/867/594 621/864/594 620/863/594
f 619/867/595 623/868/595 624/869/595 621/864/595
f 615/870/596 622/871/596 624/869/596 623/868/596
f 622/871/597 617/872/597 618/865/597 624/869/597
f 618/865/598 621/864/598 624/869/598
f 625/873/599 628/874/599 630/875/599 629/876/599
f 628/874/600 632/877/600 633/878/600 630/875/600
f 626/879/601 631/880/601 633/878/601 632/877/601
f 631/880/602 635/881/602 636/882/602 633/878/602
f 627/883/603 634/884/603 636/882/603 635/881/603
f 634/884/604 629/876/604 630/875/604 636/882/604
f 630/875/605 633/878/605 636/882/605
f 637/885/606 640/886/606 642/887/606 641/888/606
f 640/886/607 644/889/607 645/890/607 642/887/607
f 638/891/608 643/892/608 645/890/608 644/889/608
f 643/892/609 647/893/609 648/894/609 645/890/609
f 639/895/610 646/896/610 648/894/610 647/893/610
f 646/896/611 641/888/611 642/887/611 648/894/611
f 642/887/612 645/890/612 648/894/612
f 649/897/613 652/898/613 654/899/613 653/900/613
f 652/898/614 656/901/614 657/902/614 654/899/614
f 650/903/615 655/904/615 657/902/615 656/901/615
f 655/904/616 659/905/616 660/906/616 657/902/616
f 651/907/617 658/908/617 660/906/617 659/905/617
f 658/908/618 653/900/618 654/899/618 660/906/618
f 654/899/619 657/902/619 660/906/619
f 661/909/620 664/910/620 666/911/620 665/912/620
f 664/910/621 668/913/621 669/914/621 666/911/621
f 662/915/622 667/916/622 669/914/622 668/913/622
f 667/916/623 671/917/623 672/918/623 669/914/623
f 663/919/624 670/920/624 672/918/624 671/917/624
f 670/920/625 665/912/625 666/911/625 672/918/625
f 666/911/626 669/914/626 672/918/626
f 601/842/627 577/806/627 581/809/627 604/843/627
f 604/843/628 581/809/628 586/822/628 608/846/628
f 608/851/629 586/821/629 579/820/629 602/848/629
f 578/812/630 589/824/630 593/827/630 583/813/630
f 583/816/631 593/840/631 598/839/631 587/817/631
f 587/817/632 598/839/632 591/838/632 579/820/632
f 590/830/633 613/858/633 617/861/633 595/831/633
f 595/834/634 617/872/634 622/871/634 599/835/634
f 599/835/635 622/871/635 615/870/635 591/838/635
f 614/866/636 603/854/636 611/852/636 619/867/636
f 619/867/637 611/852/637 607/849/637 623/868/637
f 623/868/638 607/849/638 602/848/638 615/870/638
f 649/897/639 601/842/639 605/845/639 652/898/639
f 652/898/640 605/845/640 610/856/640 656/901/640
f 656/901/641 610/855/641 603/854/641 650/903/641
f 613/858/642 661/909/642 665/912/642 616/859/642
f 616/862/643 665/912/643 670/920/643 620/863/643
f 620/863/644 670/920/644 663/919/644 614/866/644
f 662/915/645 651/907/645 659/905/645 667/916/645
f 667/916/646 659/905/646 655/904/646 671/917/646
f 671/917/647 655/904/647 650/903/647 663/919/647
f 625/873/648 649/897/648 653/900/648 628/874/648
f 628/874/649 653/900/649 658/908/649 632/877/649
f 632/877/650 658/908/650 651/907/650 626/879/650
f 661/909/651 637/885/651 641/888/651 664/910/651
f 664/910/652 641/888/652 646/896/652 668/913/652
f 668/913/653 646/896/653 639/895/653 662/915/653
f 638/891/654 627/883/654 635/881/654 643/892/654
f 643/892/655 635/881/655 631/880/655 647/893/655
f 647/893/656 631/880/656 626/879/656 639/895/656
f 577/806/657 625/873/657 629/876/657 580/807/657
f 580/807/658 629/876/658 634/884/658 584/810/658
f 584/815/659 634/884/659 627/883/659 578/812/659
f 637/885/660 590/830/660 596/833/660 640/886/660
f 640/886/661 596/828/661 592/825/661 644/889/661
f 644/889/662 592/825/662 589/824/662 638/891/662
f 601/842/663 649/897/663 625/873/663 577/806/663
f 579/820/664 591/838/664 615/870/664 602/848/664
f 627/883/665 638/891/665 589/824/665 578/812/665
f 661/909/666 613/858/666 590/830/666 637/885/666
f 603/854/667 614/866/667 663/919/667 650/903/667
f 651/907/668 662/915/668 639/895/668 626/879/668
o bronze_foot_pin.001
v 0.340000 0.410000 -0.255000
v 0.340000 0.530000 -0.255000
v 0.377500 0.410000 -0.244952
v 0.377500 0.530000 -0.244952
v 0.404952 0.410000 -0.217500
v 0.404952 0.530000 -0.217500
v 0.415000 0.410000 -0.180000
v 0.415000 0.530000 -0.180000
v 0.404952 0.410000 -0.142500
v 0.404952 0.530000 -0.142500
v 0.377500 0.410000 -0.115048
v 0.377500 0.530000 -0.115048
v 0.340000 0.410000 -0.105000
v 0.340000 0.530000 -0.105000
v 0.302500 0.410000 -0.115048
v 0.302500 0.530000 -0.115048
v 0.275048 0.410000 -0.142500
v 0.275048 0.530000 -0.142500
v 0.265000 0.410000 -0.180000
v 0.265000 0.530000 -0.180000
v 0.275048 0.410000 -0.217500
v 0.275048 0.530000 -0.217500
v 0.302500 0.410000 -0.244952
v 0.302500 0.530000 -0.244952
vn -0.0000 -0.6532 -0.7572
vn -0.0000 0.6532 -0.7572
vn 0.3786 -0.6532 -0.6557
vn 0.3786 0.6532 -0.6557
vn 0.6557 -0.6532 -0.3786
vn 0.6557 0.6532 -0.3786
vn 0.7572 -0.6532 -0.0000
vn 0.7572 0.6532 -0.0000
vn 0.6557 -0.6532 0.3786
vn 0.6557 0.6532 0.3786
vn 0.3786 -0.6532 0.6557
vn 0.3786 0.6532 0.6557
vn -0.0000 -0.6532 0.7572
vn -0.0000 0.6532 0.7572
vn -0.3786 -0.6532 0.6557
vn -0.3786 0.6532 0.6557
vn -0.6557 -0.6532 0.3786
vn -0.6557 0.6532 0.3786
vn -0.7572 -0.6532 -0.0000
vn -0.7572 0.6532 -0.0000
vn -0.6557 -0.6532 -0.3786
vn -0.6557 0.6532 -0.3786
vn -0.3786 -0.6532 -0.6557
vn -0.3786 0.6532 -0.6557
vt 1.000000 0.500000
vt 1.000000 1.000000
vt 0.916667 1.000000
vt 0.916667 0.500000
vt 0.833333 1.000000
vt 0.833333 0.500000
vt 0.750000 1.000000
vt 0.750000 0.500000
vt 0.666667 1.000000
vt 0.666667 0.500000
vt 0.583333 1.000000
vt 0.583333 0.500000
vt 0.500000 1.000000
vt 0.500000 0.500000
vt 0.416667 1.000000
vt 0.416667 0.500000
vt 0.333333 1.000000
vt 0.333333 0.500000
vt 0.250000 1.000000
vt 0.250000 0.500000
vt 0.166667 1.000000
vt 0.166667 0.500000
vt 0.370000 0.457846
vt 0.250000 0.490000
vt 0.130000 0.457846
vt 0.042154 0.370000
vt 0.010000 0.250000
vt 0.042154 0.130000
vt 0.130000 0.042154
vt 0.250000 0.010000
vt 0.370000 0.042154
vt 0.457846 0.130000
vt 0.490000 0.250000
vt 0.457846 0.370000
vt 0.083333 1.000000
vt 0.083333 0.500000
vt 0.000000 1.000000
vt 0.000000 0.500000
vt 0.750000 0.490000
vt 0.870000 0.457846
vt 0.957846 0.370000
vt 0.990000 0.250000
vt 0.957846 0.130000
vt 0.870000 0.042154
vt 0.750000 0.010000
vt 0.630000 0.042154
vt 0.542154 0.130000
vt 0.510000 0.250000
vt 0.542154 0.370000
vt 0.630000 0.457846
s 1
usemtl WornBronze
f 673/921/669 674/922/670 676/923/672 675/924/671
f 675/924/671 676/923/672 678/925/674 677/926/673
f 677/926/673 678/925/674 680/927/676 679/928/675
f 679/928/675 680/927/676 682/929/678 681/930/677
f 681/930/677 682/929/678 684/931/680 683/932/679
f 683/932/679 684/931/680 686/933/682 685/934/681
f 685/934/681 686/933/682 688/935/684 687/936/683
f 687/936/683 688/935/684 690/937/686 689/938/685
f 689/938/685 690/937/686 692/939/688 691/940/687
f 691/940/687 692/939/688 694/941/690 693/942/689
f 676/943/672 674/944/670 696/945/692 694/946/690 692/947/688 690/948/686 688/949/684 686/950/682 684/951/680 682/952/678 680/953/676 678/954/674
f 693/942/689 694/941/690 696/955/692 695/956/691
f 695/956/691 696/955/692 674/957/670 673/958/669
f 673/959/669 675/960/671 677/961/673 679/962/675 681/963/677 683/964/679 685/965/681 687/966/683 689/967/685 691/968/687 693/969/689 695/970/691
o ballista_stock
v -0.070000 0.680000 0.730000
v -0.070000 0.720000 0.770000
v -0.110000 0.720000 0.730000
v -0.070000 0.685344 0.749974
v -0.089974 0.685344 0.730000
v -0.089128 0.690535 0.749128
v -0.089974 0.720000 0.764656
v -0.070000 0.700026 0.764656
v -0.089128 0.700872 0.759465
v -0.104656 0.700026 0.730000
v -0.104656 0.720000 0.749974
v -0.099465 0.700872 0.749128
v -0.070000 0.820000 0.770000
v -0.070000 0.860000 0.730000
v -0.110000 0.820000 0.730000
v -0.070000 0.839974 0.764656
v -0.089974 0.820000 0.764656
v -0.089128 0.839128 0.759465
v -0.089974 0.854656 0.730000
v -0.070000 0.854656 0.749974
v -0.089128 0.849465 0.749128
v -0.104656 0.820000 0.749974
v -0.104656 0.839974 0.730000
v -0.099465 0.839128 0.749128
v -0.070000 0.680000 -0.370000
v -0.110000 0.720000 -0.370000
v -0.070000 0.720000 -0.410000
v -0.089974 0.685344 -0.370000
v -0.070000 0.685344 -0.389974
v -0.089128 0.690535 -0.389128
v -0.104656 0.720000 -0.389974
v -0.104656 0.700026 -0.370000
v -0.099465 0.700872 -0.389128
v -0.070000 0.700026 -0.404656
v -0.089974 0.720000 -0.404656
v -0.089128 0.700872 -0.399465
v -0.070000 0.860000 -0.370000
v -0.070000 0.820000 -0.410000
v -0.110000 0.820000 -0.370000
v -0.070000 0.854656 -0.389974
v -0.089974 0.854656 -0.370000
v -0.089128 0.849465 -0.389128
v -0.089974 0.820000 -0.404656
v -0.070000 0.839974 -0.404656
v -0.089128 0.839128 -0.399465
v -0.104656 0.839974 -0.370000
v -0.104656 0.820000 -0.389974
v -0.099465 0.839128 -0.389128
v 0.070000 0.680000 0.730000
v 0.110000 0.720000 0.730000
v 0.070000 0.720000 0.770000
v 0.089974 0.685344 0.730000
v 0.070000 0.685344 0.749974
v 0.089128 0.690535 0.749128
v 0.104656 0.720000 0.749974
v 0.104656 0.700026 0.730000
v 0.099465 0.700872 0.749128
v 0.070000 0.700026 0.764656
v 0.089974 0.720000 0.764656
v 0.089128 0.700872 0.759465
v 0.070000 0.860000 0.730000
v 0.070000 0.820000 0.770000
v 0.110000 0.820000 0.730000
v 0.070000 0.854656 0.749974
v 0.089974 0.854656 0.730000
v 0.089128 0.849465 0.749128
v 0.089974 0.820000 0.764656
v 0.070000 0.839974 0.764656
v 0.089128 0.839128 0.759465
v 0.104656 0.839974 0.730000
v 0.104656 0.820000 0.749974
v 0.099465 0.839128 0.749128
v 0.070000 0.680000 -0.370000
v 0.070000 0.720000 -0.410000
v 0.110000 0.720000 -0.370000
v 0.070000 0.685344 -0.389974
v 0.089974 0.685344 -0.370000
v 0.089128 0.690535 -0.389128
v 0.089974 0.720000 -0.404656
v 0.070000 0.700026 -0.404656
v 0.089128 0.700872 -0.399465
v 0.104656 0.700026 -0.370000
v 0.104656 0.720000 -0.389974
v 0.099465 0.700872 -0.389128
v 0.070000 0.860000 -0.370000
v 0.110000 0.820000 -0.370000
v 0.070000 0.820000 -0.410000
v 0.089974 0.854656 -0.370000
v 0.070000 0.854656 -0.389974
v 0.089128 0.849465 -0.389128
v 0.104656 0.820000 -0.389974
v 0.104656 0.839974 -0.370000
v 0.099465 0.839128 -0.389128
v 0.070000 0.839974 -0.404656
v 0.089974 0.820000 -0.404656
v 0.089128 0.839128 -0.399465
vn -0.2566 -0.9318 0.2566
vn -0.2178 -0.6901 0.6901
vn -0.2566 -0.2566 0.9318
vn -0.6901 -0.2178 0.6901
vn -0.9318 -0.2566 0.2566
vn -0.6901 -0.6901 0.2178
vn -0.5773 -0.5774 0.5774
vn -0.2566 0.2566 0.9318
vn -0.2178 0.6901 0.6901
vn -0.2566 0.9318 0.2566
vn -0.6901 0.6901 0.2178
vn -0.9318 0.2566 0.2566
vn -0.6901 0.2178 0.6901
vn -0.5774 0.5773 0.5774
vn -0.2566 -0.9318 -0.2566
vn -0.6901 -0.6901 -0.2178
vn -0.9318 -0.2566 -0.2566
vn -0.6901 -0.2178 -0.6901
vn -0.2566 -0.2566 -0.9318
vn -0.2178 -0.6901 -0.6901
vn -0.5774 -0.5774 -0.5773
vn -0.2566 0.9318 -0.2566
vn -0.2178 0.6901 -0.6901
vn -0.2566 0.2566 -0.9318
vn -0.6901 0.2178 -0.6901
vn -0.9318 0.2566 -0.2566
vn -0.6901 0.6901 -0.2178
vn -0.5773 0.5774 -0.5774
vn 0.2566 -0.9318 0.2566
vn 0.6901 -0.6901 0.2178
vn 0.9318 -0.2566 0.2566
vn 0.6901 -0.2178 0.6901
vn 0.2566 -0.2566 0.9318
vn 0.2178 -0.6901 0.6901
vn 0.5774 -0.5774 0.5773
vn 0.2566 0.9318 0.2566
vn 0.2178 0.6901 0.6901
vn 0.2566 0.2566 0.9318
vn 0.6901 0.2178 0.6901
vn 0.9318 0.2566 0.2566
vn 0.6901 0.6901 0.2178
vn 0.5773 0.5774 0.5774
vn 0.2566 -0.9318 -0.2566
vn 0.2178 -0.6901 -0.6901
vn 0.2566 -0.2566 -0.9318
vn 0.6901 -0.2178 -0.6901
vn 0.9318 -0.2566 -0.2566
vn 0.6901 -0.6901 -0.2178
vn 0.5773 -0.5774 -0.5774
vn 0.2566 0.9318 -0.2566
vn 0.6901 0.6901 -0.2178
vn 0.9318 0.2566 -0.2566
vn 0.6901 0.2178 -0.6901
vn 0.2566 0.2566 -0.9318
vn 0.2178 0.6901 -0.6901
vn 0.5774 0.5774 -0.5773
vn -0.2585 -0.9660 -0.0000
vn -0.7071 -0.7071 -0.0000
vn -0.9660 -0.2585 -0.0000
vn -0.2585 -0.0000 0.9660
vn -0.7071 -0.0000 0.7071
vn -0.9660 -0.0000 0.2585
vn -0.2585 0.9660 -0.0000
vn -0.7071 0.7071 -0.0000
vn -0.9660 0.2585 -0.0000
vn -0.2585 -0.0000 -0.9660
vn -0.7071 -0.0000 -0.7071
vn -0.9660 -0.0000 -0.2585
vn -0.0000 -0.9660 -0.2585
vn -0.0000 -0.7071 -0.7071
vn -0.0000 -0.2585 -0.9660
vn -0.0000 0.9660 -0.2585
vn -0.0000 0.7071 -0.7071
vn -0.0000 0.2585 -0.9660
vn 0.9660 -0.0000 -0.2585
vn 0.7071 -0.0000 -0.7071
vn 0.2585 -0.0000 -0.9660
vn 0.2585 -0.9660 -0.0000
vn 0.7071 -0.7071 -0.0000
vn 0.9660 -0.2585 -0.0000
vn 0.2585 0.9660 -0.0000
vn 0.7071 0.7071 -0.0000
vn 0.9660 0.2585 -0.0000
vn 0.2585 -0.0000 0.9660
vn 0.7071 -0.0000 0.7071
vn 0.9660 -0.0000 0.2585
vn -0.0000 -0.9660 0.2585
vn -0.0000 -0.7071 0.7071
vn -0.0000 -0.2585 0.9660
vn -0.0000 0.9660 0.2585
vn -0.0000 0.7071 0.7071
vn -0.0000 0.2585 0.9660
vn -0.0000 -1.0000 -0.0000
vn -1.0000 -0.0000 -0.0000
vn -0.0000 -0.0000 1.0000
vn -0.0000 1.0000 -0.0000
vn -0.0000 -0.0000 -1.0000
vn 1.0000 -0.0000 -0.0000
vt 0.170455 0.741525
vt 0.170455 0.745757
vt 0.148718 0.745578
vt 0.147757 0.741525
vt 0.170455 0.750000
vt 0.148718 0.750000
vt 0.430556 0.954545
vt 0.430556 1.000000
vt 0.375000 0.976282
vt 0.375000 0.954545
vt 0.430556 0.000000
vt 0.430556 0.004243
vt 0.375000 0.004422
vt 0.375000 0.000000
vt 0.430556 0.008475
vt 0.375000 0.008475
vt 0.125000 0.741525
vt 0.125000 0.745578
vt 0.569444 0.954545
vt 0.597186 0.954545
vt 0.596012 1.000000
vt 0.569444 1.000000
vt 0.625000 0.954545
vt 0.625000 1.000000
vt 0.829545 0.741525
vt 0.875000 0.741525
vt 0.875000 0.745578
vt 0.829545 0.750000
vt 0.625000 0.008475
vt 0.597186 0.008475
vt 0.596012 0.004422
vt 0.625000 0.004422
vt 0.569444 0.008475
vt 0.569444 0.004243
vt 0.569444 0.000000
vt 0.596012 0.000000
vt 0.170455 0.508475
vt 0.147757 0.508475
vt 0.148718 0.504422
vt 0.170455 0.504243
vt 0.125000 0.508475
vt 0.125000 0.504422
vt 0.430556 0.241525
vt 0.430555 0.245757
vt 0.375000 0.245578
vt 0.375000 0.241525
vt 0.430556 0.272757
vt 0.375000 0.273718
vt 0.430556 0.295455
vt 0.375000 0.295455
vt 0.170455 0.500000
vt 0.148718 0.500000
vt 0.829545 0.508475
vt 0.829545 0.500000
vt 0.875000 0.504422
vt 0.875000 0.508475
vt 0.625000 0.295455
vt 0.597186 0.295455
vt 0.596012 0.271710
vt 0.625000 0.247529
vt 0.569444 0.295455
vt 0.569444 0.272757
vt 0.569444 0.245757
vt 0.596012 0.245578
vt 0.569444 0.241525
vt 0.597186 0.241525
vt 0.625000 0.241525
vt 0.329545 0.741525
vt 0.352243 0.741525
vt 0.351282 0.745578
vt 0.329545 0.745757
vt 0.402814 0.741525
vt 0.400819 0.745578
vt 0.430555 0.741525
vt 0.430556 0.745757
vt 0.430556 0.772757
vt 0.366289 0.765007
vt 0.430556 0.795455
vt 0.352449 0.772904
vt 0.670455 0.741525
vt 0.647904 0.772550
vt 0.640007 0.758711
vt 0.647757 0.741525
vt 0.597186 0.795455
vt 0.596012 0.773718
vt 0.569444 0.795455
vt 0.569444 0.772757
vt 0.569444 0.745757
vt 0.596012 0.746846
vt 0.569444 0.741525
vt 0.597186 0.741525
vt 0.329545 0.508475
vt 0.329545 0.504243
vt 0.351282 0.504422
vt 0.352243 0.508475
vt 0.352450 0.477096
vt 0.366289 0.484993
vt 0.430556 0.454545
vt 0.430556 0.477243
vt 0.430555 0.504243
vt 0.400819 0.504422
vt 0.430556 0.508475
vt 0.402814 0.508475
vt 0.670455 0.508475
vt 0.647757 0.508475
vt 0.640007 0.491289
vt 0.647904 0.477449
vt 0.597186 0.508475
vt 0.596012 0.503154
vt 0.569444 0.508475
vt 0.569444 0.504243
vt 0.569444 0.477243
vt 0.596012 0.476282
vt 0.569444 0.454545
vt 0.597186 0.454545
s 0
usemtl OiledOak
f 697/971/693 700/972/693 702/973/693 701/974/693
f 700/972/694 704/975/694 705/976/694 702/973/694
f 698/977/695 703/978/695 705/979/695 704/980/695
f 703/981/696 707/982/696 708/983/696 705/984/696
f 699/985/697 706/986/697 708/983/697 707/982/697
f 706/987/698 701/974/698 702/973/698 708/988/698
f 702/973/699 705/976/699 708/988/699
f 709/989/700 712/990/700 714/991/700 713/992/700
f 712/990/701 716/993/701 717/994/701 714/991/701
f 710/995/702 715/996/702 717/997/702 716/998/702
f 715/999/703 719/1000/703 720/1001/703 717/1002/703
f 711/1003/704 718/1004/704 720/1001/704 719/1000/704
f 718/1004/705 713/1005/705 714/1006/705 720/1001/705
f 714/1006/706 717/1002/706 720/1001/706
f 721/1007/707 724/1008/707 726/1009/707 725/1010/707
f 724/1008/708 728/1011/708 729/1012/708 726/1009/708
f 722/1013/709 727/1014/709 729/1015/709 728/1016/709
f 727/1014/710 731/1017/710 732/1018/710 729/1015/710
f 723/1019/711 730/1020/711 732/1018/711 731/1017/711
f 730/1021/712 725/1010/712 726/1009/712 732/1022/712
f 726/1009/713 729/1012/713 732/1022/713
f 733/1023/714 736/1024/714 738/1025/714 737/1026/714
f 736/1027/715 740/1028/715 741/1029/715 738/1030/715
f 734/1031/716 739/1032/716 741/1029/716 740/1028/716
f 739/1032/717 743/1033/717 744/1034/717 741/1029/717
f 735/1035/718 742/1036/718 744/1034/718 743/1033/718
f 742/1036/719 737/1037/719 738/1030/719 744/1034/719
f 738/1030/720 741/1029/720 744/1034/720
f 745/1038/721 748/1039/721 750/1040/721 749/1041/721
f 748/1039/722 752/1042/722 753/1043/722 750/1040/722
f 746/1044/723 751/1045/723 753/1043/723 752/1042/723
f 751/1045/724 755/1046/724 756/1047/724 753/1043/724
f 747/1048/725 754/1049/725 756/1047/725 755/1046/725
f 754/1049/726 749/1041/726 750/1040/726 756/1047/726
f 750/1040/727 753/1043/727 756/1047/727
f 757/1050/728 760/1051/728 762/1052/728 761/1053/728
f 760/1051/729 764/1054/729 765/1055/729 762/1052/729
f 758/1056/730 763/1057/730 765/1055/730 764/1054/730
f 763/1057/731 767/1058/731 768/1059/731 765/1055/731
f 759/1060/732 766/1061/732 768/1059/732 767/1058/732
f 766/1061/733 761/1053/733 762/1052/733 768/1059/733
f 762/1052/734 765/1055/734 768/1059/734
f 769/1062/735 772/1063/735 774/1064/735 773/1065/735
f 772/1063/736 776/1066/736 777/1067/736 774/1064/736
f 770/1068/737 775/1069/737 777/1067/737 776/1066/737
f 775/1069/738 779/1070/738 780/1071/738 777/1067/738
f 771/1072/739 778/1073/739 780/1071/739 779/1070/739
f 778/1073/740 773/1065/740 774/1064/740 780/1071/740
f 774/1064/741 777/1067/741 780/1071/741
f 781/1074/742 784/1075/742 786/1076/742 785/1077/742
f 784/1075/743 788/1078/743 789/1079/743 786/1076/743
f 782/1080/744 787/1081/744 789/1079/744 788/1078/744
f 787/1081/745 791/1082/745 792/1083/745 789/1079/745
f 783/1084/746 790/1085/746 792/1083/746 791/1082/746
f 790/1085/747 785/1077/747 786/1076/747 792/1083/747
f 786/1076/748 789/1079/748 792/1083/748
f 721/1007/749 697/971/749 701/974/749 724/1008/749
f 724/1008/750 701/974/750 706/987/750 728/1011/750
f 728/1016/751 706/986/751 699/985/751 722/1013/751
f 698/977/752 709/989/752 713/992/752 703/978/752
f 703/981/753 713/1005/753 718/1004/753 707/982/753
f 707/982/754 718/1004/754 711/1003/754 699/985/754
f 710/995/755 733/1023/755 737/1026/755 715/996/755
f 715/999/756 737/1037/756 742/1036/756 719/1000/756
f 719/1000/757 742/1036/757 735/1035/757 711/1003/757
f 734/1031/758 723/1019/758 731/1017/758 739/1032/758
f 739/1032/759 731/1017/759 727/1014/759 743/1033/759
f 743/1033/760 727/1014/760 722/1013/760 735/1035/760
f 769/1062/761 721/1007/761 725/1010/761 772/1063/761
f 772/1063/762 725/1010/762 730/1021/762 776/1066/762
f 776/1066/763 730/1020/763 723/1019/763 770/1068/763
f 733/1023/764 781/1074/764 785/1077/764 736/1024/764
f 736/1027/765 785/1077/765 790/1085/765 740/1028/765
f 740/1028/766 790/1085/766 783/1084/766 734/1031/766
f 782/1080/767 771/1072/767 779/1070/767 787/1081/767
f 787/1081/768 779/1070/768 775/1069/768 791/1082/768
f 791/1082/769 775/1069/769 770/1068/769 783/1084/769
f 745/1038/770 769/1062/770 773/1065/770 748/1039/770
f 748/1039/771 773/1065/771 778/1073/771 752/1042/771
f 752/1042/772 778/1073/772 771/1072/772 746/1044/772
f 781/1074/773 757/1050/773 761/1053/773 784/1075/773
f 784/1075/774 761/1053/774 766/1061/774 788/1078/774
f 788/1078/775 766/1061/775 759/1060/775 782/1080/775
f 758/1056/776 747/1048/776 755/1046/776 763/1057/776
f 763/1057/777 755/1046/777 751/1045/777 767/1058/777
f 767/1058/778 751/1045/778 746/1044/778 759/1060/778
f 697/971/779 745/1038/779 749/1041/779 700/972/779
f 700/972/780 749/1041/780 754/1049/780 704/975/780
f 704/980/781 754/1049/781 747/1048/781 698/977/781
f 757/1050/782 710/995/782 716/998/782 760/1051/782
f 760/1051/783 716/993/783 712/990/783 764/1054/783
f 764/1054/784 712/990/784 709/989/784 758/1056/784
f 721/1007/785 769/1062/785 745/1038/785 697/971/785
f 699/985/786 711/1003/786 735/1035/786 722/1013/786
f 747/1048/787 758/1056/787 709/989/787 698/977/787
f 781/1074/788 733/1023/788 710/995/788 757/1050/788
f 723/1019/789 734/1031/789 783/1084/789 770/1068/789
f 771/1072/790 782/1080/790 759/1060/790 746/1044/790
o iron_guide
v -0.030000 0.845000 0.770000
v -0.030000 0.865000 0.790000
v -0.050000 0.865000 0.770000
v -0.030000 0.847672 0.779987
v -0.039987 0.847672 0.770000
v -0.039564 0.850267 0.779564
v -0.039987 0.865000 0.787328
v -0.030000 0.855013 0.787328
v -0.039564 0.855436 0.784733
v -0.047328 0.855013 0.770000
v -0.047328 0.865000 0.779987
v -0.044733 0.855436 0.779564
v -0.030000 0.915000 0.790000
v -0.030000 0.935000 0.770000
v -0.050000 0.915000 0.770000
v -0.030000 0.924987 0.787328
v -0.039987 0.915000 0.787328
v -0.039564 0.924564 0.784733
v -0.039987 0.932328 0.770000
v -0.030000 0.932328 0.779987
v -0.039564 0.929733 0.779564
v -0.047328 0.915000 0.779987
v -0.047328 0.924987 0.770000
v -0.044733 0.924564 0.779564
v -0.030000 0.845000 0.090000
v -0.050000 0.865000 0.090000
v -0.030000 0.865000 0.070000
v -0.039987 0.847672 0.090000
v -0.030000 0.847672 0.080013
v -0.039564 0.850267 0.080436
v -0.047328 0.865000 0.080013
v -0.047328 0.855013 0.090000
v -0.044733 0.855436 0.080436
v -0.030000 0.855013 0.072672
v -0.039987 0.865000 0.072672
v -0.039564 0.855436 0.075267
v -0.030000 0.935000 0.090000
v -0.030000 0.915000 0.070000
v -0.050000 0.915000 0.090000
v -0.030000 0.932328 0.080013
v -0.039987 0.932328 0.090000
v -0.039564 0.929733 0.080436
v -0.039987 0.915000 0.072672
v -0.030000 0.924987 0.072672
v -0.039564 0.924564 0.075267
v -0.047328 0.924987 0.090000
v -0.047328 0.915000 0.080013
v -0.044733 0.924564 0.080436
v 0.030000 0.845000 0.770000
v 0.050000 0.865000 0.770000
v 0.030000 0.865000 0.790000
v 0.039987 0.847672 0.770000
v 0.030000 0.847672 0.779987
v 0.039564 0.850267 0.779564
v 0.047328 0.865000 0.779987
v 0.047328 0.855013 0.770000
v 0.044733 0.855436 0.779564
v 0.030000 0.855013 0.787328
v 0.039987 0.865000 0.787328
v 0.039564 0.855436 0.784733
v 0.030000 0.935000 0.770000
v 0.030000 0.915000 0.790000
v 0.050000 0.915000 0.770000
v 0.030000 0.932328 0.779987
v 0.039987 0.932328 0.770000
v 0.039564 0.929733 0.779564
v 0.039987 0.915000 0.787328
v 0.030000 0.924987 0.787328
v 0.039564 0.924564 0.784733
v 0.047328 0.924987 0.770000
v 0.047328 0.915000 0.779987
v 0.044733 0.924564 0.779564
v 0.030000 0.845000 0.090000
v 0.030000 0.865000 0.070000
v 0.050000 0.865000 0.090000
v 0.030000 0.847672 0.080013
v 0.039987 0.847672 0.090000
v 0.039564 0.850267 0.080436
v 0.039987 0.865000 0.072672
v 0.030000 0.855013 0.072672
v 0.039564 0.855436 0.075267
v 0.047328 0.855013 0.090000
v 0.047328 0.865000 0.080013
v 0.044733 0.855436 0.080436
v 0.030000 0.935000 0.090000
v 0.050000 0.915000 0.090000
v 0.030000 0.915000 0.070000
v 0.039987 0.932328 0.090000
v 0.030000 0.932328 0.080013
v 0.039564 0.929733 0.080436
v 0.047328 0.915000 0.080013
v 0.047328 0.924987 0.090000
v 0.044733 0.924564 0.080436
v 0.030000 0.924987 0.072672
v 0.039987 0.915000 0.072672
v 0.039564 0.924564 0.075267
vn -0.2566 -0.9318 0.2566
vn -0.2178 -0.6901 0.6901
vn -0.2566 -0.2566 0.9318
vn -0.6901 -0.2178 0.6901
vn -0.9318 -0.2566 0.2566
vn -0.6901 -0.6901 0.2178
vn -0.5773 -0.5774 0.5774
vn -0.2566 0.2566 0.9318
vn -0.2178 0.6901 0.6901
vn -0.2566 0.9318 0.2566
vn -0.6901 0.6901 0.2178
vn -0.9318 0.2566 0.2566
vn -0.6901 0.2178 0.6901
vn -0.5774 0.5773 0.5774
vn -0.2566 -0.9318 -0.2566
vn -0.6901 -0.6901 -0.2178
vn -0.9318 -0.2566 -0.2566
vn -0.6901 -0.2178 -0.6901
vn -0.2566 -0.2566 -0.9318
vn -0.2178 -0.6901 -0.6901
vn -0.5774 -0.5774 -0.5773
vn -0.2566 0.9318 -0.2566
vn -0.2178 0.6901 -0.6901
vn -0.2566 0.2566 -0.9318
vn -0.6901 0.2178 -0.6901
vn -0.9318 0.2566 -0.2566
vn -0.6901 0.6901 -0.2178
vn -0.5773 0.5774 -0.5774
vn 0.2566 -0.9318 0.2566
vn 0.6901 -0.6901 0.2178
vn 0.9318 -0.2566 0.2566
vn 0.6901 -0.2178 0.6901
vn 0.2566 -0.2566 0.9318
vn 0.2178 -0.6901 0.6901
vn 0.5774 -0.5774 0.5773
vn 0.2566 0.9318 0.2566
vn 0.2178 0.6901 0.6901
vn 0.2566 0.2566 0.9318
vn 0.6901 0.2178 0.6901
vn 0.9318 0.2566 0.2566
vn 0.6901 0.6901 0.2178
vn 0.5773 0.5774 0.5774
vn 0.2566 -0.9318 -0.2566
vn 0.2178 -0.6901 -0.6901
vn 0.2566 -0.2566 -0.9318
vn 0.6901 -0.2178 -0.6901
vn 0.9318 -0.2566 -0.2566
vn 0.6901 -0.6901 -0.2178
vn 0.5773 -0.5774 -0.5774
vn 0.2566 0.9318 -0.2566
vn 0.6901 0.6901 -0.2178
vn 0.9318 0.2566 -0.2566
vn 0.6901 0.2178 -0.6901
vn 0.2566 0.2566 -0.9318
vn 0.2178 0.6901 -0.6901
vn 0.5774 0.5774 -0.5773
vn -0.2585 -0.9660 -0.0000
vn -0.7071 -0.7071 -0.0000
vn -0.9660 -0.2585 -0.0000
vn -0.2585 -0.0000 0.9660
vn -0.7071 -0.0000 0.7071
vn -0.9660 -0.0000 0.2585
vn -0.2585 0.9660 -0.0000
vn -0.7071 0.7071 -0.0000
vn -0.9660 0.2585 -0.0000
vn -0.2585 -0.0000 -0.9660
vn -0.7071 -0.0000 -0.7071
vn -0.9660 -0.0000 -0.2585
vn -0.0000 -0.9660 -0.2585
vn -0.0000 -0.7071 -0.7071
vn -0.0000 -0.2585 -0.9660
vn -0.0000 0.9660 -0.2585
vn -0.0000 0.7071 -0.7071
vn -0.0000 0.2585 -0.9660
vn 0.9660 -0.0000 -0.2585
vn 0.7071 -0.0000 -0.7071
vn 0.2585 -0.0000 -0.9660
vn 0.2585 -0.9660 -0.0000
vn 0.7071 -0.7071 -0.0000
vn 0.9660 -0.2585 -0.0000
vn 0.2585 0.9660 -0.0000
vn 0.7071 0.7071 -0.0000
vn 0.9660 0.2585 -0.0000
vn 0.2585 -0.0000 0.9660
vn 0.7071 -0.0000 0.7071
vn 0.9660 -0.0000 0.2585
vn -0.0000 -0.9660 0.2585
vn -0.0000 -0.7071 0.7071
vn -0.0000 -0.2585 0.9660
vn -0.0000 0.9660 0.2585
vn -0.0000 0.7071 0.7071
vn -0.0000 0.2585 0.9660
vn -0.0000 -1.0000 -0.0000
vn -1.0000 -0.0000 -0.0000
vn -0.0000 -0.0000 1.0000
vn -0.0000 1.0000 -0.0000
vn -0.0000 -0.0000 -1.0000
vn 1.0000 -0.0000 -0.0000
vt 0.175000 0.743056
vt 0.175000 0.746523
vt 0.151089 0.746377
vt 0.150033 0.743055
vt 0.175000 0.750000
vt 0.151089 0.750000
vt 0.430556 0.950000
vt 0.430556 1.000000
vt 0.375000 0.973911
vt 0.375000 0.950000
vt 0.430556 0.000000
vt 0.430556 0.003477
vt 0.375000 0.003624
vt 0.375000 0.000000
vt 0.430556 0.006944
vt 0.375000 0.006944
vt 0.125000 0.743056
vt 0.125000 0.746377
vt 0.569444 0.950000
vt 0.597186 0.950000
vt 0.596012 1.000000
vt 0.569444 1.000000
vt 0.625000 0.950000
vt 0.625000 1.000000
vt 0.825000 0.743056
vt 0.875000 0.743056
vt 0.875000 0.746377
vt 0.825000 0.750000
vt 0.625000 0.006944
vt 0.597186 0.006944
vt 0.596012 0.003624
vt 0.625000 0.003624
vt 0.569444 0.006944
vt 0.569444 0.003477
vt 0.569444 0.000000
vt 0.596012 0.000000
vt 0.175000 0.506944
vt 0.150033 0.506945
vt 0.151089 0.503624
vt 0.175000 0.503477
vt 0.125000 0.506944
vt 0.125000 0.503624
vt 0.430556 0.243056
vt 0.430556 0.246523
vt 0.375000 0.246376
vt 0.375000 0.243056
vt 0.430556 0.275033
vt 0.375000 0.276089
vt 0.430556 0.300000
vt 0.375000 0.300000
vt 0.175000 0.500000
vt 0.151089 0.500000
vt 0.825000 0.506944
vt 0.825000 0.500000
vt 0.875000 0.503624
vt 0.875000 0.506944
vt 0.625000 0.300000
vt 0.597186 0.300000
vt 0.596012 0.273929
vt 0.625000 0.247975
vt 0.569444 0.300000
vt 0.569444 0.275033
vt 0.569444 0.246523
vt 0.596012 0.246376
vt 0.569444 0.243056
vt 0.597186 0.243056
vt 0.625000 0.243056
vt 0.325000 0.743056
vt 0.349967 0.743056
vt 0.348911 0.746376
vt 0.325000 0.746523
vt 0.402814 0.743056
vt 0.400727 0.746377
vt 0.430555 0.743056
vt 0.430556 0.746523
vt 0.430556 0.775033
vt 0.365418 0.766507
vt 0.430556 0.800000
vt 0.350230 0.775230
vt 0.675000 0.743056
vt 0.650230 0.774770
vt 0.641507 0.759582
vt 0.650033 0.743055
vt 0.597186 0.800000
vt 0.596012 0.776089
vt 0.569444 0.800000
vt 0.569444 0.775033
vt 0.569444 0.746523
vt 0.596012 0.747676
vt 0.569444 0.743056
vt 0.597186 0.743056
vt 0.325000 0.506944
vt 0.325000 0.503477
vt 0.348911 0.503624
vt 0.349967 0.506944
vt 0.350230 0.474770
vt 0.365418 0.483493
vt 0.430556 0.450000
vt 0.430556 0.474967
vt 0.430556 0.503477
vt 0.400727 0.503623
vt 0.430556 0.506944
vt 0.402814 0.506944
vt 0.675000 0.506944
vt 0.650033 0.506945
vt 0.641507 0.490418
vt 0.650230 0.475230
vt 0.597186 0.506944
vt 0.596012 0.502324
vt 0.569444 0.506944
vt 0.569444 0.503477
vt 0.569444 0.474967
vt 0.596012 0.473911
vt 0.569444 0.450000
vt 0.597186 0.450000
s 0
usemtl BlackIron
f 793/1086/791 796/1087/791 798/1088/791 797/1089/791
f 796/1087/792 800/1090/792 801/1091/792 798/1088/792
f 794/1092/793 799/1093/793 801/1094/793 800/1095/793
f 799/1096/794 803/1097/794 804/1098/794 801/1099/794
f 795/1100/795 802/1101/795 804/1098/795 803/1097/795
f 802/1102/796 797/1089/796 798/1088/796 804/1103/796
f 798/1088/797 801/1091/797 804/1103/797
f 805/1104/798 808/1105/798 810/1106/798 809/1107/798
f 808/1105/799 812/1108/799 813/1109/799 810/1106/799
f 806/1110/800 811/1111/800 813/1112/800 812/1113/800
f 811/1114/801 815/1115/801 816/1116/801 813/1117/801
f 807/1118/802 814/1119/802 816/1116/802 815/1115/802
f 814/1119/803 809/1120/803 810/1121/803 816/1116/803
f 810/1121/804 813/1117/804 816/1116/804
f 817/1122/805 820/1123/805 822/1124/805 821/1125/805
f 820/1123/806 824/1126/806 825/1127/806 822/1124/806
f 818/1128/807 823/1129/807 825/1130/807 824/1131/807
f 823/1129/808 827/1132/808 828/1133/808 825/1130/808
f 819/1134/809 826/1135/809 828/1133/809 827/1132/809
f 826/1136/810 821/1125/810 822/1124/810 828/1137/810
f 822/1124/811 825/1127/811 828/1137/811
f 829/1138/812 832/1139/812 834/1140/812 833/1141/812
f 832/1142/813 836/1143/813 837/1144/813 834/1145/813
f 830/1146/814 835/1147/814 837/1144/814 836/1143/814
f 835/1147/815 839/1148/815 840/1149/815 837/1144/815
f 831/1150/816 838/1151/816 840/1149/816 839/1148/816
f 838/1151/817 833/1152/817 834/1145/817 840/1149/817
f 834/1145/818 837/1144/818 840/1149/818
f 841/1153/819 844/1154/819 846/1155/819 845/1156/819
f 844/1154/820 848/1157/820 849/1158/820 846/1155/820
f 842/1159/821 847/1160/821 849/1158/821 848/1157/821
f 847/1160/822 851/1161/822 852/1162/822 849/1158/822
f 843/1163/823 850/1164/823 852/1162/823 851/1161/823
f 850/1164/824 845/1156/824 846/1155/824 852/1162/824
f 846/1155/825 849/1158/825 852/1162/825
f 853/1165/826 856/1166/826 858/1167/826 857/1168/826
f 856/1166/827 860/1169/827 861/1170/827 858/1167/827
f 854/1171/828 859/1172/828 861/1170/828 860/1169/828
f 859/1172/829 863/1173/829 864/1174/829 861/1170/829
f 855/1175/830 862/1176/830 864/1174/830 863/1173/830
f 862/1176/831 857/1168/831 858/1167/831 864/1174/831
f 858/1167/832 861/1170/832 864/1174/832
f 865/1177/833 868/1178/833 870/1179/833 869/1180/833
f 868/1178/834 872/1181/834 873/1182/834 870/1179/834
f 866/1183/835 871/1184/835 873/1182/835 872/1181/835
f 871/1184/836 875/1185/836 876/1186/836 873/1182/836
f 867/1187/837 874/1188/837 876/1186/837 875/1185/837
f 874/1188/838 869/1180/838 870/1179/838 876/1186/838
f 870/1179/839 873/1182/839 876/1186/839
f 877/1189/840 880/1190/840 882/1191/840 881/1192/840
f 880/1190/841 884/1193/841 885/1194/841 882/1191/841
f 878/1195/842 883/1196/842 885/1194/842 884/1193/842
f 883/1196/843 887/1197/843 888/1198/843 885/1194/843
f 879/1199/844 886/1200/844 888/1198/844 887/1197/844
f 886/1200/845 881/1192/845 882/1191/845 888/1198/845
f 882/1191/846 885/1194/846 888/1198/846
f 817/1122/847 793/1086/847 797/1089/847 820/1123/847
f 820/1123/848 797/1089/848 802/1102/848 824/1126/848
f 824/1131/849 802/1101/849 795/1100/849 818/1128/849
f 794/1092/850 805/1104/850 809/1107/850 799/1093/850
f 799/1096/851 809/1120/851 814/1119/851 803/1097/851
f 803/1097/852 814/1119/852 807/1118/852 795/1100/852
f 806/1110/853 829/1138/853 833/1141/853 811/1111/853
f 811/1114/854 833/1152/854 838/1151/854 815/1115/854
f 815/1115/855 838/1151/855 831/1150/855 807/1118/855
f 830/1146/856 819/1134/856 827/1132/856 835/1147/856
f 835/1147/857 827/1132/857 823/1129/857 839/1148/857
f 839/1148/858 823/1129/858 818/1128/858 831/1150/858
f 865/1177/859 817/1122/859 821/1125/859 868/1178/859
f 868/1178/860 821/1125/860 826/1136/860 872/1181/860
f 872/1181/861 826/1135/861 819/1134/861 866/1183/861
f 829/1138/862 877/1189/862 881/1192/862 832/1139/862
f 832/1142/863 881/1192/863 886/1200/863 836/1143/863
f 836/1143/864 886/1200/864 879/1199/864 830/1146/864
f 878/1195/865 867/1187/865 875/1185/865 883/1196/865
f 883/1196/866 875/1185/866 871/1184/866 887/1197/866
f 887/1197/867 871/1184/867 866/1183/867 879/1199/867
f 841/1153/868 865/1177/868 869/1180/868 844/1154/868
f 844/1154/869 869/1180/869 874/1188/869 848/1157/869
f 848/1157/870 874/1188/870 867/1187/870 842/1159/870
f 877/1189/871 853/1165/871 857/1168/871 880/1190/871
f 880/1190/872 857/1168/872 862/1176/872 884/1193/872
f 884/1193/873 862/1176/873 855/1175/873 878/1195/873
f 854/1171/874 843/1163/874 851/1161/874 859/1172/874
f 859/1172/875 851/1161/875 847/1160/875 863/1173/875
f 863/1173/876 847/1160/876 842/1159/876 855/1175/876
f 793/1086/877 841/1153/877 845/1156/877 796/1087/877
f 796/1087/878 845/1156/878 850/1164/878 800/1090/878
f 800/1095/879 850/1164/879 843/1163/879 794/1092/879
f 853/1165/880 806/1110/880 812/1113/880 856/1166/880
f 856/1166/881 812/1108/881 808/1105/881 860/1169/881
f 860/1169/882 808/1105/882 805/1104/882 854/1171/882
f 817/1122/883 865/1177/883 841/1153/883 793/1086/883
f 795/1100/884 807/1118/884 831/1150/884 818/1128/884
f 843/1163/885 854/1171/885 805/1104/885 794/1092/885
f 877/1189/886 829/1138/886 806/1110/886 853/1165/886
f 819/1134/887 830/1146/887 879/1199/887 866/1183/887
f 867/1187/888 878/1195/888 855/1175/888 842/1159/888
o oak_bow_crossbar
v -0.635000 0.785000 0.615000
v -0.635000 0.820000 0.650000
v -0.670000 0.820000 0.615000
v -0.635000 0.789676 0.632477
v -0.652477 0.789676 0.615000
v -0.651737 0.794218 0.631737
v -0.652477 0.820000 0.645324
v -0.635000 0.802523 0.645324
v -0.651737 0.803263 0.640782
v -0.665324 0.802523 0.615000
v -0.665324 0.820000 0.632477
v -0.660782 0.803263 0.631737
v -0.635000 0.900000 0.650000
v -0.635000 0.935000 0.615000
v -0.670000 0.900000 0.615000
v -0.635000 0.917477 0.645324
v -0.652477 0.900000 0.645324
v -0.651737 0.916737 0.640782
v -0.652477 0.930324 0.615000
v -0.635000 0.930324 0.632477
v -0.651737 0.925782 0.631737
v -0.665324 0.900000 0.632477
v -0.665324 0.917477 0.615000
v -0.660782 0.916737 0.631737
v -0.635000 0.785000 0.525000
v -0.670000 0.820000 0.525000
v -0.635000 0.820000 0.490000
v -0.652477 0.789676 0.525000
v -0.635000 0.789676 0.507523
v -0.651737 0.794218 0.508263
v -0.665324 0.820000 0.507523
v -0.665324 0.802523 0.525000
v -0.660782 0.803263 0.508263
v -0.635000 0.802523 0.494676
v -0.652477 0.820000 0.494676
v -0.651737 0.803263 0.499218
v -0.635000 0.935000 0.525000
v -0.635000 0.900000 0.490000
v -0.670000 0.900000 0.525000
v -0.635000 0.930324 0.507523
v -0.652477 0.930324 0.525000
v -0.651737 0.925782 0.508263
v -0.652477 0.900000 0.494676
v -0.635000 0.917477 0.494676
v -0.651737 0.916737 0.499218
v -0.665324 0.917477 0.525000
v -0.665324 0.900000 0.507523
v -0.660782 0.916737 0.508263
v 0.635000 0.785000 0.615000
v 0.670000 0.820000 0.615000
v 0.635000 0.820000 0.650000
v 0.652477 0.789676 0.615000
v 0.635000 0.789676 0.632477
v 0.651737 0.794218 0.631737
v 0.665324 0.820000 0.632477
v 0.665324 0.802523 0.615000
v 0.660782 0.803263 0.631737
v 0.635000 0.802523 0.645324
v 0.652477 0.820000 0.645324
v 0.651737 0.803263 0.640782
v 0.635000 0.935000 0.615000
v 0.635000 0.900000 0.650000
v 0.670000 0.900000 0.615000
v 0.635000 0.930324 0.632477
v 0.652477 0.930324 0.615000
v 0.651737 0.925782 0.631737
v 0.652477 0.900000 0.645324
v 0.635000 0.917477 0.645324
v 0.651737 0.916737 0.640782
v 0.665324 0.917477 0.615000
v 0.665324 0.900000 0.632477
v 0.660782 0.916737 0.631737
v 0.635000 0.785000 0.525000
v 0.635000 0.820000 0.490000
v 0.670000 0.820000 0.525000
v 0.635000 0.789676 0.507523
v 0.652477 0.789676 0.525000
v 0.651737 0.794218 0.508263
v 0.652477 0.820000 0.494676
v 0.635000 0.802523 0.494676
v 0.651737 0.803263 0.499218
v 0.665324 0.802523 0.525000
v 0.665324 0.820000 0.507523
v 0.660782 0.803263 0.508263
v 0.635000 0.935000 0.525000
v 0.670000 0.900000 0.525000
v 0.635000 0.900000 0.490000
v 0.652477 0.930324 0.525000
v 0.635000 0.930324 0.507523
v 0.651737 0.925782 0.508263
v 0.665324 0.900000 0.507523
v 0.665324 0.917477 0.525000
v 0.660782 0.916737 0.508263
v 0.635000 0.917477 0.494676
v 0.652477 0.900000 0.494676
v 0.651737 0.916737 0.499218
vn -0.2566 -0.9318 0.2566
vn -0.2178 -0.6901 0.6901
vn -0.2566 -0.2566 0.9318
vn -0.6901 -0.2178 0.6901
vn -0.9318 -0.2566 0.2566
vn -0.6901 -0.6901 0.2178
vn -0.5773 -0.5774 0.5774
vn -0.2566 0.2566 0.9318
vn -0.2178 0.6901 0.6901
vn -0.2566 0.9318 0.2566
vn -0.6901 0.6901 0.2178
vn -0.9318 0.2566 0.2566
vn -0.6901 0.2178 0.6901
vn -0.5773 0.5773 0.5774
vn -0.2566 -0.9318 -0.2566
vn -0.6901 -0.6901 -0.2178
vn -0.9318 -0.2566 -0.2566
vn -0.6901 -0.2178 -0.6901
vn -0.2566 -0.2566 -0.9318
vn -0.2178 -0.6901 -0.6901
vn -0.5773 -0.5773 -0.5774
vn -0.2566 0.9318 -0.2566
vn -0.2178 0.6901 -0.6901
vn -0.2566 0.2566 -0.9318
vn -0.6901 0.2178 -0.6901
vn -0.9318 0.2566 -0.2566
vn -0.6901 0.6901 -0.2178
vn -0.5773 0.5774 -0.5774
vn 0.2566 -0.9318 0.2566
vn 0.6901 -0.6901 0.2178
vn 0.9318 -0.2566 0.2566
vn 0.6901 -0.2178 0.6901
vn 0.2566 -0.2566 0.9318
vn 0.2178 -0.6901 0.6901
vn 0.5773 -0.5773 0.5774
vn 0.2566 0.9318 0.2566
vn 0.2178 0.6901 0.6901
vn 0.2566 0.2566 0.9318
vn 0.6901 0.2178 0.6901
vn 0.9318 0.2566 0.2566
vn 0.6901 0.6901 0.2178
vn 0.5773 0.5774 0.5774
vn 0.2566 -0.9318 -0.2566
vn 0.2178 -0.6901 -0.6901
vn 0.2566 -0.2566 -0.9318
vn 0.6901 -0.2178 -0.6901
vn 0.9318 -0.2566 -0.2566
vn 0.6901 -0.6901 -0.2178
vn 0.5773 -0.5774 -0.5774
vn 0.2566 0.9318 -0.2566
vn 0.6901 0.6901 -0.2178
vn 0.9318 0.2566 -0.2566
vn 0.6901 0.2178 -0.6901
vn 0.2566 0.2566 -0.9318
vn 0.2178 0.6901 -0.6901
vn 0.5773 0.5773 -0.5774
vn -0.2585 -0.9660 -0.0000
vn -0.7071 -0.7071 -0.0000
vn -0.9660 -0.2585 -0.0000
vn -0.2585 -0.0000 0.9660
vn -0.7071 -0.0000 0.7071
vn -0.9660 -0.0000 0.2585
vn -0.2585 0.9660 -0.0000
vn -0.7071 0.7071 -0.0000
vn -0.9660 0.2585 -0.0000
vn -0.2585 -0.0000 -0.9660
vn -0.7071 -0.0000 -0.7071
vn -0.9660 -0.0000 -0.2585
vn -0.0000 -0.9660 -0.2585
vn -0.0000 -0.7071 -0.7071
vn -0.0000 -0.2585 -0.9660
vn -0.0000 0.9660 -0.2585
vn -0.0000 0.7071 -0.7071
vn -0.0000 0.2585 -0.9660
vn 0.9660 -0.0000 -0.2585
vn 0.7071 -0.0000 -0.7071
vn 0.2585 -0.0000 -0.9660
vn 0.2585 -0.9660 -0.0000
vn 0.7071 -0.7071 -0.0000
vn 0.9660 -0.2585 -0.0000
vn 0.2585 0.9660 -0.0000
vn 0.7071 0.7071 -0.0000
vn 0.9660 0.2585 -0.0000
vn 0.2585 -0.0000 0.9660
vn 0.7071 -0.0000 0.7071
vn 0.9660 -0.0000 0.2585
vn -0.0000 -0.9660 0.2585
vn -0.0000 -0.7071 0.7071
vn -0.0000 -0.2585 0.9660
vn -0.0000 0.9660 0.2585
vn -0.0000 0.7071 0.7071
vn -0.0000 0.2585 0.9660
vn -0.0000 -1.0000 -0.0000
vn -1.0000 -0.0000 -0.0000
vn -0.0000 -0.0000 1.0000
vn -0.0000 1.0000 -0.0000
vn -0.0000 -0.0000 -1.0000
vn 1.0000 -0.0000 -0.0000
vt 0.131530 0.695312
vt 0.131530 0.722620
vt 0.128407 0.721465
vt 0.128269 0.695312
vt 0.131530 0.750000
vt 0.128407 0.750000
vt 0.433333 0.993470
vt 0.433333 1.000000
vt 0.375000 0.996593
vt 0.375000 0.993470
vt 0.433333 0.000000
vt 0.433333 0.027380
vt 0.375000 0.028535
vt 0.375000 0.000000
vt 0.433333 0.054688
vt 0.375000 0.054688
vt 0.125000 0.695313
vt 0.125000 0.721465
vt 0.566667 0.993470
vt 0.595795 0.993470
vt 0.594562 1.000000
vt 0.566667 1.000000
vt 0.625000 0.993470
vt 0.625000 1.000000
vt 0.868470 0.695312
vt 0.875000 0.695312
vt 0.875000 0.721465
vt 0.868470 0.750000
vt 0.625000 0.054687
vt 0.595795 0.054687
vt 0.594562 0.028535
vt 0.625000 0.028535
vt 0.566667 0.054688
vt 0.566667 0.027380
vt 0.566667 0.000000
vt 0.594562 0.000000
vt 0.131530 0.554688
vt 0.128269 0.554688
vt 0.128407 0.528535
vt 0.131530 0.527380
vt 0.125000 0.554688
vt 0.125000 0.528535
vt 0.433333 0.195312
vt 0.433333 0.222620
vt 0.375000 0.221465
vt 0.375000 0.195312
vt 0.433333 0.253269
vt 0.375000 0.253407
vt 0.433333 0.256530
vt 0.375000 0.256530
vt 0.131530 0.500000
vt 0.128407 0.500000
vt 0.868470 0.554688
vt 0.868470 0.500000
vt 0.875000 0.528535
vt 0.875000 0.554688
vt 0.625000 0.256530
vt 0.595795 0.256530
vt 0.594562 0.252029
vt 0.625000 0.234053
vt 0.566667 0.256530
vt 0.566667 0.253269
vt 0.566667 0.222620
vt 0.594562 0.221465
vt 0.566667 0.195313
vt 0.595795 0.195313
vt 0.625000 0.195313
vt 0.368470 0.695312
vt 0.371731 0.695312
vt 0.371593 0.721465
vt 0.368470 0.722620
vt 0.404205 0.695313
vt 0.402950 0.721465
vt 0.433333 0.695312
vt 0.433333 0.722620
vt 0.433333 0.753269
vt 0.373749 0.752156
vt 0.433333 0.756530
vt 0.371732 0.753262
vt 0.631530 0.695312
vt 0.628262 0.753268
vt 0.627156 0.751251
vt 0.628269 0.695312
vt 0.595795 0.756530
vt 0.594562 0.753407
vt 0.566667 0.756530
vt 0.566667 0.753269
vt 0.566667 0.722620
vt 0.594562 0.723805
vt 0.566667 0.695312
vt 0.595795 0.695312
vt 0.368470 0.554688
vt 0.368470 0.527380
vt 0.371593 0.528535
vt 0.371731 0.554688
vt 0.371732 0.496739
vt 0.373749 0.497844
vt 0.433333 0.493470
vt 0.433333 0.496731
vt 0.433333 0.527380
vt 0.402950 0.528535
vt 0.433333 0.554688
vt 0.404205 0.554688
vt 0.631530 0.554688
vt 0.628269 0.554688
vt 0.627156 0.498749
vt 0.628262 0.496732
vt 0.595795 0.554687
vt 0.594562 0.526194
vt 0.566667 0.554688
vt 0.566667 0.527380
vt 0.566667 0.496731
vt 0.594562 0.496593
vt 0.566667 0.493470
vt 0.595795 0.493470
s 0
usemtl OiledOak
f 889/1201/889 892/1202/889 894/1203/889 893/1204/889
f 892/1202/890 896/1205/890 897/1206/890 894/1203/890
f 890/1207/891 895/1208/891 897/1209/891 896/1210/891
f 895/1211/892 899/1212/892 900/1213/892 897/1214/892
f 891/1215/893 898/1216/893 900/1213/893 899/1212/893
f 898/1217/894 893/1204/894 894/1203/894 900/1218/894
f 894/1203/895 897/1206/895 900/1218/895
f 901/1219/896 904/1220/896 906/1221/896 905/1222/896
f 904/1220/897 908/1223/897 909/1224/897 906/1221/897
f 902/1225/898 907/1226/898 909/1227/898 908/1228/898
f 907/1229/899 911/1230/899 912/1231/899 909/1232/899
f 903/1233/900 910/1234/900 912/1231/900 911/1230/900
f 910/1234/901 905/1235/901 906/1236/901 912/1231/901
f 906/1236/902 909/1232/902 912/1231/902
f 913/1237/903 916/1238/903 918/1239/903 917/1240/903
f 916/1238/904 920/1241/904 921/1242/904 918/1239/904
f 914/1243/905 919/1244/905 921/1245/905 920/1246/905
f 919/1244/906 923/1247/906 924/1248/906 921/1245/906
f 915/1249/907 922/1250/907 924/1248/907 923/1247/907
f 922/1251/908 917/1240/908 918/1239/908 924/1252/908
f 918/1239/909 921/1242/909 924/1252/909
f 925/1253/910 928/1254/910 930/1255/910 929/1256/910
f 928/1257/911 932/1258/911 933/1259/911 930/1260/911
f 926/1261/912 931/1262/912 933/1259/912 932/1258/912
f 931/1262/913 935/1263/913 936/1264/913 933/1259/913
f 927/1265/914 934/1266/914 936/1264/914 935/1263/914
f 934/1266/915 929/1267/915 930/1260/915 936/1264/915
f 930/1260/916 933/1259/916 936/1264/916
f 937/1268/917 940/1269/917 942/1270/917 941/1271/917
f 940/1269/918 944/1272/918 945/1273/918 942/1270/918
f 938/1274/919 943/1275/919 945/1273/919 944/1272/919
f 943/1275/920 947/1276/920 948/1277/920 945/1273/920
f 939/1278/921 946/1279/921 948/1277/921 947/1276/921
f 946/1279/922 941/1271/922 942/1270/922 948/1277/922
f 942/1270/923 945/1273/923 948/1277/923
f 949/1280/924 952/1281/924 954/1282/924 953/1283/924
f 952/1281/925 956/1284/925 957/1285/925 954/1282/925
f 950/1286/926 955/1287/926 957/1285/926 956/1284/926
f 955/1287/927 959/1288/927 960/1289/927 957/1285/927
f 951/1290/928 958/1291/928 960/1289/928 959/1288/928
f 958/1291/929 953/1283/929 954/1282/929 960/1289/929
f 954/1282/930 957/1285/930 960/1289/930
f 961/1292/931 964/1293/931 966/1294/931 965/1295/931
f 964/1293/932 968/1296/932 969/1297/932 966/1294/932
f 962/1298/933 967/1299/933 969/1297/933 968/1296/933
f 967/1299/934 971/1300/934 972/1301/934 969/1297/934
f 963/1302/935 970/1303/935 972/1301/935 971/1300/935
f 970/1303/936 965/1295/936 966/1294/936 972/1301/936
f 966/1294/937 969/1297/937 972/1301/937
f 973/1304/938 976/1305/938 978/1306/938 977/1307/938
f 976/1305/939 980/1308/939 981/1309/939 978/1306/939
f 974/1310/940 979/1311/940 981/1309/940 980/1308/940
f 979/1311/941 983/1312/941 984/1313/941 981/1309/941
f 975/1314/942 982/1315/942 984/1313/942 983/1312/942
f 982/1315/943 977/1307/943 978/1306/943 984/1313/943
f 978/1306/944 981/1309/944 984/1313/944
f 913/1237/945 889/1201/945 893/1204/945 916/1238/945
f 916/1238/946 893/1204/946 898/1217/946 920/1241/946
f 920/1246/947 898/1216/947 891/1215/947 914/1243/947
f 890/1207/948 901/1219/948 905/1222/948 895/1208/948
f 895/1211/949 905/1235/949 910/1234/949 899/1212/949
f 899/1212/950 910/1234/950 903/1233/950 891/1215/950
f 902/1225/951 925/1253/951 929/1256/951 907/1226/951
f 907/1229/952 929/1267/952 934/1266/952 911/1230/952
f 911/1230/953 934/1266/953 927/1265/953 903/1233/953
f 926/1261/954 915/1249/954 923/1247/954 931/1262/954
f 931/1262/955 923/1247/955 919/1244/955 935/1263/955
f 935/1263/956 919/1244/956 914/1243/956 927/1265/956
f 961/1292/957 913/1237/957 917/1240/957 964/1293/957
f 964/1293/958 917/1240/958 922/1251/958 968/1296/958
f 968/1296/959 922/1250/959 915/1249/959 962/1298/959
f 925/1253/960 973/1304/960 977/1307/960 928/1254/960
f 928/1257/961 977/1307/961 982/1315/961 932/1258/961
f 932/1258/962 982/1315/962 975/1314/962 926/1261/962
f 974/1310/963 963/1302/963 971/1300/963 979/1311/963
f 979/1311/964 971/1300/964 967/1299/964 983/1312/964
f 983/1312/965 967/1299/965 962/1298/965 975/1314/965
f 937/1268/966 961/1292/966 965/1295/966 940/1269/966
f 940/1269/967 965/1295/967 970/1303/967 944/1272/967
f 944/1272/968 970/1303/968 963/1302/968 938/1274/968
f 973/1304/969 949/1280/969 953/1283/969 976/1305/969
f 976/1305/970 953/1283/970 958/1291/970 980/1308/970
f 980/1308/971 958/1291/971 951/1290/971 974/1310/971
f 950/1286/972 939/1278/972 947/1276/972 955/1287/972
f 955/1287/973 947/1276/973 943/1275/973 959/1288/973
f 959/1288/974 943/1275/974 938/1274/974 951/1290/974
f 889/1201/975 937/1268/975 941/1271/975 892/1202/975
f 892/1202/976 941/1271/976 946/1279/976 896/1205/976
f 896/1210/977 946/1279/977 939/1278/977 890/1207/977
f 949/1280/978 902/1225/978 908/1228/978 952/1281/978
f 952/1281/979 908/1223/979 904/1220/979 956/1284/979
f 956/1284/980 904/1220/980 901/1219/980 950/1286/980
f 913/1237/981 961/1292/981 937/1268/981 889/1201/981
f 891/1215/982 903/1233/982 927/1265/982 914/1243/982
f 939/1278/983 950/1286/983 901/1219/983 890/1207/983
f 973/1304/984 925/1253/984 902/1225/984 949/1280/984
f 915/1249/985 926/1261/985 975/1314/985 962/1298/985
f 963/1302/986 974/1310/986 951/1290/986 938/1274/986
o bow_tip
v -0.599322 0.758666 0.644000
v -0.609897 0.782418 0.670000
v -0.633649 0.771843 0.644000
v -0.600734 0.761839 0.656983
v -0.612595 0.756559 0.644000
v -0.613465 0.759865 0.656434
v -0.621757 0.777138 0.666526
v -0.604616 0.770558 0.666526
v -0.616198 0.766003 0.663152
v -0.625195 0.761395 0.644000
v -0.630476 0.773256 0.656983
v -0.622336 0.763270 0.656434
v -0.727037 1.045519 0.670000
v -0.737612 1.069272 0.644000
v -0.750789 1.034944 0.644000
v -0.732318 1.057380 0.666526
v -0.738898 1.040239 0.666526
v -0.743453 1.051821 0.663152
v -0.748060 1.060818 0.644000
v -0.736199 1.066098 0.656983
v -0.746186 1.057959 0.656434
v -0.747616 1.036357 0.656983
v -0.752897 1.048218 0.644000
v -0.749591 1.049088 0.656434
v -0.599322 0.758666 0.556000
v -0.633649 0.771843 0.556000
v -0.609897 0.782418 0.530000
v -0.612595 0.756559 0.556000
v -0.600734 0.761839 0.543017
v -0.613465 0.759865 0.543567
v -0.630476 0.773256 0.543017
v -0.625195 0.761395 0.556000
v -0.622336 0.763270 0.543567
v -0.604616 0.770558 0.533474
v -0.621757 0.777138 0.533474
v -0.616198 0.766003 0.536848
v -0.737612 1.069272 0.556000
v -0.727037 1.045519 0.530000
v -0.750789 1.034944 0.556000
v -0.736199 1.066098 0.543017
v -0.748060 1.060818 0.556000
v -0.746186 1.057959 0.543567
v -0.738898 1.040239 0.533474
v -0.732318 1.057380 0.533474
v -0.743453 1.051821 0.536848
v -0.752897 1.048218 0.556000
v -0.747616 1.036357 0.543017
v -0.749591 1.049088 0.543567
v -0.482388 0.810728 0.644000
v -0.469211 0.845056 0.644000
v -0.492963 0.834481 0.670000
v -0.471940 0.819182 0.644000
v -0.483801 0.813902 0.656983
v -0.473814 0.822041 0.656434
v -0.472384 0.843643 0.656983
v -0.467103 0.831782 0.644000
v -0.470409 0.830912 0.656434
v -0.487682 0.822620 0.666526
v -0.481103 0.839761 0.666526
v -0.476547 0.828179 0.663152
v -0.620678 1.121334 0.644000
v -0.610103 1.097582 0.670000
v -0.586351 1.108157 0.644000
v -0.619266 1.118161 0.656983
v -0.607405 1.123441 0.644000
v -0.606535 1.120135 0.656434
v -0.598243 1.102862 0.666526
v -0.615384 1.109442 0.666526
v -0.603802 1.113997 0.663152
v -0.594805 1.118605 0.644000
v -0.589524 1.106744 0.656983
v -0.597664 1.116730 0.656434
v -0.482388 0.810728 0.556000
v -0.492963 0.834481 0.530000
v -0.469211 0.845056 0.556000
v -0.483801 0.813902 0.543017
v -0.471940 0.819182 0.556000
v -0.473814 0.822041 0.543567
v -0.481103 0.839761 0.533474
v -0.487682 0.822620 0.533474
v -0.476547 0.828179 0.536848
v -0.467103 0.831782 0.556000
v -0.472384 0.843643 0.543017
v -0.470409 0.830912 0.543567
v -0.620678 1.121334 0.556000
v -0.586351 1.108157 0.556000
v -0.610103 1.097582 0.530000
v -0.607405 1.123441 0.556000
v -0.619266 1.118161 0.543017
v -0.606535 1.120135 0.543567
v -0.589524 1.106744 0.543017
v -0.594805 1.118605 0.556000
v -0.597664 1.116730 0.543567
v -0.615384 1.109442 0.533474
v -0.598243 1.102862 0.533474
v -0.603802 1.113997 0.536848
vn 0.1446 -0.9556 0.2566
vn 0.0818 -0.7190 0.6901
vn -0.1300 -0.3388 0.9318
vn -0.5419 -0.4797 0.6901
vn -0.7469 -0.6134 0.2566
vn -0.3498 -0.9112 0.2178
vn -0.2926 -0.7623 0.5774
vn -0.3388 0.1300 0.9318
vn -0.4797 0.5419 0.6901
vn -0.6134 0.7469 0.2566
vn -0.9112 0.3498 0.2178
vn -0.9556 -0.1446 0.2566
vn -0.7190 -0.0818 0.6901
vn -0.7623 0.2926 0.5774
vn 0.1446 -0.9556 -0.2566
vn -0.3498 -0.9112 -0.2178
vn -0.7469 -0.6134 -0.2566
vn -0.5419 -0.4797 -0.6901
vn -0.1300 -0.3388 -0.9318
vn 0.0818 -0.7190 -0.6901
vn -0.2926 -0.7623 -0.5774
vn -0.6134 0.7469 -0.2566
vn -0.4797 0.5419 -0.6901
vn -0.3388 0.1300 -0.9318
vn -0.7190 -0.0818 -0.6901
vn -0.9556 -0.1446 -0.2566
vn -0.9112 0.3498 -0.2178
vn -0.7623 0.2926 -0.5774
vn 0.6134 -0.7469 0.2566
vn 0.9112 -0.3498 0.2178
vn 0.9556 0.1446 0.2566
vn 0.7190 0.0818 0.6901
vn 0.3388 -0.1300 0.9318
vn 0.4797 -0.5419 0.6901
vn 0.7623 -0.2926 0.5774
vn -0.1446 0.9556 0.2566
vn -0.0818 0.7190 0.6901
vn 0.1300 0.3388 0.9318
vn 0.5419 0.4797 0.6901
vn 0.7469 0.6134 0.2566
vn 0.3498 0.9112 0.2178
vn 0.2926 0.7623 0.5774
vn 0.6134 -0.7469 -0.2566
vn 0.4797 -0.5419 -0.6901
vn 0.3388 -0.1300 -0.9318
vn 0.7190 0.0818 -0.6901
vn 0.9556 0.1446 -0.2566
vn 0.9112 -0.3498 -0.2178
vn 0.7623 -0.2926 -0.5774
vn -0.1446 0.9556 -0.2566
vn 0.3498 0.9112 -0.2178
vn 0.7469 0.6134 -0.2566
vn 0.5419 0.4797 -0.6901
vn 0.1300 0.3388 -0.9318
vn -0.0818 0.7190 -0.6901
vn 0.2926 0.7623 -0.5774
vn 0.1568 -0.9876 -0.0000
vn -0.3584 -0.9336 -0.0000
vn -0.7774 -0.6290 -0.0000
vn -0.2361 -0.1051 0.9660
vn -0.6460 -0.2876 0.7071
vn -0.8825 -0.3929 0.2585
vn -0.6290 0.7774 -0.0000
vn -0.9336 0.3584 -0.0000
vn -0.9876 -0.1568 -0.0000
vn -0.2361 -0.1051 -0.9660
vn -0.6460 -0.2876 -0.7071
vn -0.8825 -0.3929 -0.2585
vn 0.3929 -0.8825 -0.2585
vn 0.2876 -0.6460 -0.7071
vn 0.1051 -0.2361 -0.9660
vn -0.3929 0.8825 -0.2585
vn -0.2876 0.6460 -0.7071
vn -0.1051 0.2361 -0.9660
vn 0.8825 0.3929 -0.2585
vn 0.6460 0.2876 -0.7071
vn 0.2361 0.1051 -0.9660
vn 0.6290 -0.7774 -0.0000
vn 0.9336 -0.3584 -0.0000
vn 0.9876 0.1568 -0.0000
vn -0.1568 0.9876 -0.0000
vn 0.3584 0.9336 -0.0000
vn 0.7774 0.6290 -0.0000
vn 0.2361 0.1051 0.9660
vn 0.6460 0.2876 0.7071
vn 0.8825 0.3929 0.2585
vn 0.3929 -0.8825 0.2585
vn 0.2876 -0.6460 0.7071
vn 0.1051 -0.2361 0.9660
vn -0.3929 0.8825 0.2585
vn -0.2876 0.6460 0.7071
vn -0.1051 0.2361 0.9660
vn 0.4067 -0.9135 -0.0000
vn -0.9135 -0.4067 -0.0000
vn -0.0000 -0.0000 1.0000
vn -0.4067 0.9135 -0.0000
vn -0.0000 -0.0000 -1.0000
vn 0.9135 0.4067 -0.0000
vt 0.161111 0.703572
vt 0.161111 0.726755
vt 0.143842 0.725774
vt 0.143079 0.703571
vt 0.161111 0.750000
vt 0.143842 0.750000
vt 0.394118 0.963889
vt 0.394118 1.000000
vt 0.375000 0.981158
vt 0.375000 0.963889
vt 0.394118 0.000000
vt 0.394118 0.023245
vt 0.375000 0.024226
vt 0.375000 0.000000
vt 0.394118 0.046429
vt 0.375000 0.046429
vt 0.125000 0.703571
vt 0.125000 0.725774
vt 0.605882 0.963889
vt 0.615429 0.963889
vt 0.615025 1.000000
vt 0.605882 1.000000
vt 0.625000 0.963889
vt 0.625000 1.000000
vt 0.838889 0.703571
vt 0.875000 0.703571
vt 0.875000 0.725774
vt 0.838889 0.750000
vt 0.625000 0.046429
vt 0.615429 0.046429
vt 0.615025 0.024226
vt 0.625000 0.024226
vt 0.605882 0.046429
vt 0.605882 0.023245
vt 0.605882 0.000000
vt 0.615025 0.000000
vt 0.161111 0.546429
vt 0.143079 0.546429
vt 0.143842 0.524226
vt 0.161111 0.523245
vt 0.125000 0.546429
vt 0.125000 0.524226
vt 0.394118 0.203571
vt 0.394118 0.226755
vt 0.375000 0.225774
vt 0.375000 0.203571
vt 0.394118 0.268079
vt 0.375000 0.268842
vt 0.394118 0.286111
vt 0.375000 0.286111
vt 0.161111 0.500000
vt 0.143842 0.500000
vt 0.838889 0.546429
vt 0.838889 0.500000
vt 0.875000 0.524226
vt 0.875000 0.546429
vt 0.625000 0.286111
vt 0.615429 0.286111
vt 0.615025 0.266438
vt 0.625000 0.236461
vt 0.605882 0.286111
vt 0.605882 0.268079
vt 0.605882 0.226755
vt 0.615025 0.225774
vt 0.605882 0.203571
vt 0.615429 0.203571
vt 0.625000 0.203571
vt 0.338889 0.703571
vt 0.356921 0.703571
vt 0.356158 0.725774
vt 0.338889 0.726755
vt 0.384571 0.703571
vt 0.383468 0.725774
vt 0.394118 0.703571
vt 0.394118 0.726755
vt 0.394118 0.768079
vt 0.368080 0.761922
vt 0.394118 0.786111
vt 0.357038 0.768149
vt 0.661111 0.703572
vt 0.643149 0.767962
vt 0.636922 0.756920
vt 0.643079 0.703571
vt 0.615429 0.786111
vt 0.615025 0.768842
vt 0.605882 0.786111
vt 0.605882 0.768079
vt 0.605882 0.726755
vt 0.615025 0.728384
vt 0.605882 0.703571
vt 0.615429 0.703571
vt 0.338889 0.546429
vt 0.338889 0.523245
vt 0.356158 0.524226
vt 0.356921 0.546429
vt 0.357038 0.481851
vt 0.368080 0.488078
vt 0.394118 0.463889
vt 0.394118 0.481921
vt 0.394118 0.523245
vt 0.383468 0.524226
vt 0.394118 0.546429
vt 0.384571 0.546429
vt 0.661111 0.546429
vt 0.643079 0.546429
vt 0.636922 0.493080
vt 0.643149 0.482038
vt 0.615429 0.546429
vt 0.615025 0.521616
vt 0.605882 0.546429
vt 0.605882 0.523245
vt 0.605882 0.481921
vt 0.615025 0.481158
vt 0.605882 0.463889
vt 0.615429 0.463889
s 0
usemtl OiledOak
f 985/1316/987 988/1317/987 990/1318/987 989/1319/987
f 988/1317/988 992/1320/988 993/1321/988 990/1318/988
f 986/1322/989 991/1323/989 993/1324/989 992/1325/989
f 991/1326/990 995/1327/990 996/1328/990 993/1329/990
f 987/1330/991 994/1331/991 996/1328/991 995/1327/991
f 994/1332/992 989/1319/992 990/1318/992 996/1333/992
f 990/1318/993 993/1321/993 996/1333/993
f 997/1334/994 1000/1335/994 1002/1336/994 1001/1337/994
f 1000/1335/995 1004/1338/995 1005/1339/995 1002/1336/995
f 998/1340/996 1003/1341/996 1005/1342/996 1004/1343/996
f 1003/1344/997 1007/1345/997 1008/1346/997 1005/1347/997
f 999/1348/998 1006/1349/998 1008/1346/998 1007/1345/998
f 1006/1349/999 1001/1350/999 1002/1351/999 1008/1346/999
f 1002/1351/1000 1005/1347/1000 1008/1346/1000
f 1009/1352/1001 1012/1353/1001 1014/1354/1001 1013/1355/1001
f 1012/1353/1002 1016/1356/1002 1017/1357/1002 1014/1354/1002
f 1010/1358/1003 1015/1359/1003 1017/1360/1003 1016/1361/1003
f 1015/1359/1004 1019/1362/1004 1020/1363/1004 1017/1360/1004
f 1011/1364/1005 1018/1365/1005 1020/1363/1005 1019/1362/1005
f 1018/1366/1006 1013/1355/1006 1014/1354/1006 1020/1367/1006
f 1014/1354/1007 1017/1357/1007 1020/1367/1007
f 1021/1368/1008 1024/1369/1008 1026/1370/1008 1025/1371/1008
f 1024/1372/1009 1028/1373/1009 1029/1374/1009 1026/1375/1009
f 1022/1376/1010 1027/1377/1010 1029/1374/1010 1028/1373/1010
f 1027/1377/1011 1031/1378/1011 1032/1379/1011 1029/1374/1011
f 1023/1380/1012 1030/1381/1012 1032/1379/1012 1031/1378/1012
f 1030/1381/1013 1025/1382/1013 1026/1375/1013 1032/1379/1013
f 1026/1375/1014 1029/1374/1014 1032/1379/1014
f 1033/1383/1015 1036/1384/1015 1038/1385/1015 1037/1386/1015
f 1036/1384/1016 1040/1387/1016 1041/1388/1016 1038/1385/1016
f 1034/1389/1017 1039/1390/1017 1041/1388/1017 1040/1387/1017
f 1039/1390/1018 1043/1391/1018 1044/1392/1018 1041/1388/1018
f 1035/1393/1019 1042/1394/1019 1044/1392/1019 1043/1391/1019
f 1042/1394/1020 1037/1386/1020 1038/1385/1020 1044/1392/1020
f 1038/1385/1021 1041/1388/1021 1044/1392/1021
f 1045/1395/1022 1048/1396/1022 1050/1397/1022 1049/1398/1022
f 1048/1396/1023 1052/1399/1023 1053/1400/1023 1050/1397/1023
f 1046/1401/1024 1051/1402/1024 1053/1400/1024 1052/1399/1024
f 1051/1402/1025 1055/1403/1025 1056/1404/1025 1053/1400/1025
f 1047/1405/1026 1054/1406/1026 1056/1404/1026 1055/1403/1026
f 1054/1406/1027 1049/1398/1027 1050/1397/1027 1056/1404/1027
f 1050/1397/1028 1053/1400/1028 1056/1404/1028
f 1057/1407/1029 1060/1408/1029 1062/1409/1029 1061/1410/1029
f 1060/1408/1030 1064/1411/1030 1065/1412/1030 1062/1409/1030
f 1058/1413/1031 1063/1414/1031 1065/1412/1031 1064/1411/1031
f 1063/1414/1032 1067/1415/1032 1068/1416/1032 1065/1412/1032
f 1059/1417/1033 1066/1418/1033 1068/1416/1033 1067/1415/1033
f 1066/1418/1034 1061/1410/1034 1062/1409/1034 1068/1416/1034
f 1062/1409/1035 1065/1412/1035 1068/1416/1035
f 1069/1419/1036 1072/1420/1036 1074/1421/1036 1073/1422/1036
f 1072/1420/1037 1076/1423/1037 1077/1424/1037 1074/1421/1037
f 1070/1425/1038 1075/1426/1038 1077/1424/1038 1076/1423/1038
f 1075/1426/1039 1079/1427/1039 1080/1428/1039 1077/1424/1039
f 1071/1429/1040 1078/1430/1040 1080/1428/1040 1079/1427/1040
f 1078/1430/1041 1073/1422/1041 1074/1421/1041 1080/1428/1041
f 1074/1421/1042 1077/1424/1042 1080/1428/1042
f 1009/1352/1043 985/1316/1043 989/1319/1043 1012/1353/1043
f 1012/1353/1044 989/1319/1044 994/1332/1044 1016/1356/1044
f 1016/1361/1045 994/1331/1045 987/1330/1045 1010/1358/1045
f 986/1322/1046 997/1334/1046 1001/1337/1046 991/1323/1046
f 991/1326/1047 1001/1350/1047 1006/1349/1047 995/1327/1047
f 995/1327/1048 1006/1349/1048 999/1348/1048 987/1330/1048
f 998/1340/1049 1021/1368/1049 1025/1371/1049 1003/1341/1049
f 1003/1344/1050 1025/1382/1050 1030/1381/1050 1007/1345/1050
f 1007/1345/1051 1030/1381/1051 1023/1380/1051 999/1348/1051
f 1022/1376/1052 1011/1364/1052 1019/1362/1052 1027/1377/1052
f 1027/1377/1053 1019/1362/1053 1015/1359/1053 1031/1378/1053
f 1031/1378/1054 1015/1359/1054 1010/1358/1054 1023/1380/1054
f 1057/1407/1055 1009/1352/1055 1013/1355/1055 1060/1408/1055
f 1060/1408/1056 1013/1355/1056 1018/1366/1056 1064/1411/1056
f 1064/1411/1057 1018/1365/1057 1011/1364/1057 1058/1413/1057
f 1021/1368/1058 1069/1419/1058 1073/1422/1058 1024/1369/1058
f 1024/1372/1059 1073/1422/1059 1078/1430/1059 1028/1373/1059
f 1028/1373/1060 1078/1430/1060 1071/1429/1060 1022/1376/1060
f 1070/1425/1061 1059/1417/1061 1067/1415/1061 1075/1426/1061
f 1075/1426/1062 1067/1415/1062 1063/1414/1062 1079/1427/1062
f 1079/1427/1063 1063/1414/1063 1058/1413/1063 1071/1429/1063
f 1033/1383/1064 1057/1407/1064 1061/1410/1064 1036/1384/1064
f 1036/1384/1065 1061/1410/1065 1066/1418/1065 1040/1387/1065
f 1040/1387/1066 1066/1418/1066 1059/1417/1066 1034/1389/1066
f 1069/1419/1067 1045/1395/1067 1049/1398/1067 1072/1420/1067
f 1072/1420/1068 1049/1398/1068 1054/1406/1068 1076/1423/1068
f 1076/1423/1069 1054/1406/1069 1047/1405/1069 1070/1425/1069
f 1046/1401/1070 1035/1393/1070 1043/1391/1070 1051/1402/1070
f 1051/1402/1071 1043/1391/1071 1039/1390/1071 1055/1403/1071
f 1055/1403/1072 1039/1390/1072 1034/1389/1072 1047/1405/1072
f 985/1316/1073 1033/1383/1073 1037/1386/1073 988/1317/1073
f 988/1317/1074 1037/1386/1074 1042/1394/1074 992/1320/1074
f 992/1325/1075 1042/1394/1075 1035/1393/1075 986/1322/1075
f 1045/1395/1076 998/1340/1076 1004/1343/1076 1048/1396/1076
f 1048/1396/1077 1004/1338/1077 1000/1335/1077 1052/1399/1077
f 1052/1399/1078 1000/1335/1078 997/1334/1078 1046/1401/1078
f 1009/1352/1079 1057/1407/1079 1033/1383/1079 985/1316/1079
f 987/1330/1080 999/1348/1080 1023/1380/1080 1010/1358/1080
f 1035/1393/1081 1046/1401/1081 997/1334/1081 986/1322/1081
f 1069/1419/1082 1021/1368/1082 998/1340/1082 1045/1395/1082
f 1011/1364/1083 1022/1376/1083 1071/1429/1083 1058/1413/1083
f 1059/1417/1084 1070/1425/1084 1047/1405/1084 1034/1389/1084
o string_brace
v -0.353954 0.824399 0.624000
v -0.350774 0.829488 0.630000
v -0.355863 0.832667 0.624000
v -0.353529 0.825079 0.626996
v -0.356070 0.826667 0.624000
v -0.355550 0.827260 0.626869
v -0.353315 0.831075 0.629198
v -0.352362 0.826947 0.629198
v -0.354728 0.828575 0.628420
v -0.356771 0.829702 0.624000
v -0.355183 0.832242 0.626996
v -0.356043 0.829397 0.626869
v -0.245850 0.997401 0.630000
v -0.242671 1.002490 0.624000
v -0.250939 1.000581 0.624000
v -0.244263 0.999942 0.629198
v -0.248391 0.998989 0.629198
v -0.246763 1.001355 0.628420
v -0.245636 1.003397 0.624000
v -0.243096 1.001810 0.626996
v -0.245941 1.002670 0.626869
v -0.250259 1.000156 0.626996
v -0.248671 1.002697 0.624000
v -0.248078 1.002177 0.626869
v -0.353954 0.824399 0.516000
v -0.355863 0.832667 0.516000
v -0.350774 0.829488 0.510000
v -0.356070 0.826667 0.516000
v -0.353529 0.825079 0.513004
v -0.355550 0.827260 0.513131
v -0.355183 0.832242 0.513004
v -0.356771 0.829702 0.516000
v -0.356043 0.829397 0.513131
v -0.352362 0.826947 0.510802
v -0.353315 0.831075 0.510802
v -0.354728 0.828575 0.511580
v -0.242671 1.002490 0.516000
v -0.245850 0.997401 0.510000
v -0.250939 1.000581 0.516000
v -0.243096 1.001810 0.513004
v -0.245636 1.003397 0.516000
v -0.245941 1.002670 0.513131
v -0.248391 0.998989 0.510802
v -0.244263 0.999942 0.510802
v -0.246763 1.001355 0.511580
v -0.248671 1.002697 0.516000
v -0.250259 1.000156 0.513004
v -0.248078 1.002177 0.513131
v -0.342929 0.817510 0.624000
v -0.334661 0.819419 0.624000
v -0.339750 0.822599 0.630000
v -0.339964 0.816603 0.624000
v -0.342504 0.818190 0.626996
v -0.339659 0.817330 0.626869
v -0.335341 0.819844 0.626996
v -0.336929 0.817303 0.624000
v -0.337522 0.817823 0.626869
v -0.341337 0.820058 0.629198
v -0.337209 0.821011 0.629198
v -0.338837 0.818645 0.628420
v -0.231646 0.995601 0.624000
v -0.234826 0.990512 0.630000
v -0.229737 0.987333 0.624000
v -0.232071 0.994921 0.626996
v -0.229530 0.993333 0.624000
v -0.230050 0.992740 0.626869
v -0.232285 0.988925 0.629198
v -0.233238 0.993053 0.629198
v -0.230872 0.991425 0.628420
v -0.228830 0.990298 0.624000
v -0.230417 0.987758 0.626996
v -0.229557 0.990603 0.626869
v -0.342929 0.817510 0.516000
v -0.339750 0.822599 0.510000
v -0.334661 0.819419 0.516000
v -0.342504 0.818190 0.513004
v -0.339964 0.816603 0.516000
v -0.339659 0.817330 0.513131
v -0.337209 0.821011 0.510802
v -0.341337 0.820058 0.510802
v -0.338837 0.818645 0.511580
v -0.336929 0.817303 0.516000
v -0.335341 0.819844 0.513004
v -0.337522 0.817823 0.513131
v -0.231646 0.995601 0.516000
v -0.229737 0.987333 0.516000
v -0.234826 0.990512 0.510000
v -0.229530 0.993333 0.516000
v -0.232071 0.994921 0.513004
v -0.230050 0.992740 0.513131
v -0.230417 0.987758 0.513004
v -0.228830 0.990298 0.516000
v -0.229557 0.990603 0.513131
v -0.233238 0.993053 0.510802
v -0.232285 0.988925 0.510802
v -0.230872 0.991425 0.511580
vn -0.7114 -0.6543 0.2566
vn -0.5504 -0.4699 0.6901
vn -0.3536 -0.0816 0.9318
vn -0.7007 0.1810 0.6901
vn -0.9262 0.2762 0.2566
vn -0.9510 -0.2196 0.2178
vn -0.7956 -0.1837 0.5774
vn -0.0816 0.3536 0.9318
vn 0.1810 0.7007 0.6901
vn 0.2762 0.9262 0.2566
vn -0.2196 0.9510 0.2178
vn -0.6543 0.7114 0.2566
vn -0.4699 0.5504 0.6901
vn -0.1837 0.7956 0.5774
vn -0.7114 -0.6543 -0.2566
vn -0.9510 -0.2196 -0.2178
vn -0.9262 0.2762 -0.2566
vn -0.7007 0.1810 -0.6901
vn -0.3536 -0.0816 -0.9318
vn -0.5504 -0.4699 -0.6901
vn -0.7956 -0.1837 -0.5774
vn 0.2762 0.9262 -0.2566
vn 0.1810 0.7007 -0.6901
vn -0.0816 0.3536 -0.9318
vn -0.4699 0.5504 -0.6901
vn -0.6543 0.7114 -0.2566
vn -0.2196 0.9510 -0.2178
vn -0.1837 0.7956 -0.5774
vn -0.2762 -0.9262 0.2566
vn 0.2195 -0.9510 0.2178
vn 0.6543 -0.7114 0.2566
vn 0.4699 -0.5504 0.6901
vn 0.0816 -0.3536 0.9318
vn -0.1810 -0.7007 0.6901
vn 0.1837 -0.7956 0.5774
vn 0.7114 0.6543 0.2566
vn 0.5504 0.4699 0.6901
vn 0.3536 0.0816 0.9318
vn 0.7007 -0.1810 0.6901
vn 0.9262 -0.2762 0.2566
vn 0.9510 0.2196 0.2178
vn 0.7956 0.1837 0.5774
vn -0.2762 -0.9262 -0.2566
vn -0.1810 -0.7007 -0.6901
vn 0.0816 -0.3536 -0.9318
vn 0.4699 -0.5504 -0.6901
vn 0.6543 -0.7114 -0.2566
vn 0.2196 -0.9510 -0.2178
vn 0.1837 -0.7956 -0.5774
vn 0.7114 0.6543 -0.2566
vn 0.9510 0.2196 -0.2178
vn 0.9262 -0.2762 -0.2566
vn 0.7007 -0.1810 -0.6901
vn 0.3536 0.0816 -0.9318
vn 0.5504 0.4699 -0.6901
vn 0.7956 0.1837 -0.5774
vn -0.7311 -0.6823 -0.0000
vn -0.9744 -0.2250 -0.0000
vn -0.9562 0.2927 -0.0000
vn -0.2192 0.1370 0.9660
vn -0.5997 0.3747 0.7071
vn -0.8192 0.5119 0.2585
vn 0.2927 0.9562 -0.0000
vn -0.2249 0.9744 -0.0000
vn -0.6823 0.7311 -0.0000
vn -0.2192 0.1370 -0.9660
vn -0.5997 0.3747 -0.7071
vn -0.8192 0.5119 -0.2585
vn -0.5119 -0.8192 -0.2585
vn -0.3747 -0.5997 -0.7071
vn -0.1370 -0.2192 -0.9660
vn 0.5119 0.8192 -0.2585
vn 0.3747 0.5997 -0.7071
vn 0.1370 0.2192 -0.9660
vn 0.8192 -0.5119 -0.2585
vn 0.5997 -0.3747 -0.7071
vn 0.2192 -0.1370 -0.9660
vn -0.2927 -0.9562 -0.0000
vn 0.2249 -0.9744 -0.0000
vn 0.6823 -0.7311 -0.0000
vn 0.7311 0.6823 -0.0000
vn 0.9744 0.2250 -0.0000
vn 0.9562 -0.2927 -0.0000
vn 0.2192 -0.1370 0.9660
vn 0.5997 -0.3747 0.7071
vn 0.8192 -0.5119 0.2585
vn -0.5119 -0.8192 0.2585
vn -0.3747 -0.5997 0.7071
vn -0.1370 -0.2192 0.9660
vn 0.5119 0.8192 0.2585
vn 0.3747 0.5997 0.7071
vn 0.1370 0.2192 0.9660
vn -0.5299 -0.8480 -0.0000
vn -0.8480 0.5299 -0.0000
vn -0.0000 -0.0000 1.0000
vn 0.5299 0.8480 -0.0000
vn -0.0000 -0.0000 -1.0000
vn 0.8480 -0.5299 -0.0000
vt 0.185000 0.737500
vt 0.185000 0.743742
vt 0.156307 0.743478
vt 0.155039 0.737500
vt 0.185000 0.750000
vt 0.156307 0.750000
vt 0.382143 0.940000
vt 0.382143 1.000000
vt 0.375000 0.968693
vt 0.375000 0.940000
vt 0.382143 0.000000
vt 0.382143 0.006258
vt 0.375000 0.006522
vt 0.375000 0.000000
vt 0.382143 0.012500
vt 0.375000 0.012500
vt 0.125000 0.737500
vt 0.125000 0.743478
vt 0.617857 0.940000
vt 0.621424 0.940000
vt 0.621273 0.968693
vt 0.617857 1.000000
vt 0.625000 0.940000
vt 0.625000 0.968693
vt 0.815000 0.737500
vt 0.875000 0.737500
vt 0.843693 0.750000
vt 0.815000 0.750000
vt 0.625000 0.012500
vt 0.621424 0.012500
vt 0.621273 0.006522
vt 0.625000 0.000000
vt 0.617857 0.012500
vt 0.617857 0.006258
vt 0.617857 0.000000
vt 0.621273 0.003292
vt 0.621273 0.984198
vt 0.185000 0.512500
vt 0.155039 0.512500
vt 0.156307 0.506522
vt 0.185000 0.506258
vt 0.125000 0.512500
vt 0.125000 0.506522
vt 0.382143 0.237500
vt 0.382143 0.243742
vt 0.375000 0.243478
vt 0.375000 0.237500
vt 0.382143 0.280039
vt 0.375000 0.281307
vt 0.382143 0.310000
vt 0.375000 0.310000
vt 0.185000 0.500000
vt 0.156307 0.500000
vt 0.815000 0.512500
vt 0.815000 0.500000
vt 0.843693 0.500000
vt 0.875000 0.512500
vt 0.625000 0.310000
vt 0.621424 0.310000
vt 0.621273 0.281307
vt 0.625000 0.267497
vt 0.617857 0.310000
vt 0.617857 0.280039
vt 0.617857 0.243742
vt 0.621273 0.245205
vt 0.617857 0.237500
vt 0.621424 0.237500
vt 0.625000 0.237500
vt 0.315000 0.737500
vt 0.344961 0.737500
vt 0.343693 0.743478
vt 0.315000 0.743742
vt 0.378576 0.737500
vt 0.377216 0.743478
vt 0.382143 0.737500
vt 0.382143 0.743742
vt 0.382143 0.780039
vt 0.363502 0.769809
vt 0.382143 0.810000
vt 0.345384 0.780384
vt 0.685000 0.737500
vt 0.655384 0.779616
vt 0.644809 0.761498
vt 0.655039 0.737500
vt 0.621424 0.810000
vt 0.621273 0.781307
vt 0.617857 0.810000
vt 0.617857 0.780039
vt 0.617857 0.743742
vt 0.621273 0.745205
vt 0.617857 0.737500
vt 0.621424 0.737500
vt 0.315000 0.512500
vt 0.315000 0.506258
vt 0.343693 0.506522
vt 0.344961 0.512500
vt 0.345384 0.469616
vt 0.363502 0.480191
vt 0.382143 0.440000
vt 0.382143 0.469961
vt 0.382143 0.506258
vt 0.377216 0.506522
vt 0.382143 0.512500
vt 0.378576 0.512500
vt 0.685000 0.512500
vt 0.655039 0.512500
vt 0.644118 0.495555
vt 0.655384 0.470384
vt 0.621424 0.512500
vt 0.621273 0.506522
vt 0.617857 0.512500
vt 0.617857 0.506258
vt 0.617857 0.469961
vt 0.621273 0.471370
vt 0.617857 0.440000
vt 0.621424 0.440000
s 0
usemtl Hide
f 1081/1431/1085 1084/1432/1085 1086/1433/1085 1085/1434/1085
f 1084/1432/1086 1088/1435/1086 1089/1436/1086 1086/1433/1086
f 1082/1437/1087 1087/1438/1087 1089/1439/1087 1088/1440/1087
f 1087/1441/1088 1091/1442/1088 1092/1443/1088 1089/1444/1088
f 1083/1445/1089 1090/1446/1089 1092/1443/1089 1091/1442/1089
f 1090/1447/1090 1085/1434/1090 1086/1433/1090 1092/1448/1090
f 1086/1433/1091 1089/1436/1091 1092/1448/1091
f 1093/1449/1092 1096/1450/1092 1098/1451/1092 1097/1452/1092
f 1096/1450/1093 1100/1453/1093 1101/1454/1093 1098/1451/1093
f 1094/1455/1094 1099/1456/1094 1101/1457/1094 1100/1458/1094
f 1099/1459/1095 1103/1460/1095 1104/1461/1095 1101/1462/1095
f 1095/1463/1096 1102/1464/1096 1104/1461/1096 1103/1460/1096
f 1102/1464/1097 1097/1465/1097 1098/1466/1097 1104/1461/1097
f 1098/1451/1098 1101/1454/1098 1104/1467/1098
f 1105/1468/1099 1108/1469/1099 1110/1470/1099 1109/1471/1099
f 1108/1469/1100 1112/1472/1100 1113/1473/1100 1110/1470/1100
f 1106/1474/1101 1111/1475/1101 1113/1476/1101 1112/1477/1101
f 1111/1475/1102 1115/1478/1102 1116/1479/1102 1113/1476/1102
f 1107/1480/1103 1114/1481/1103 1116/1479/1103 1115/1478/1103
f 1114/1482/1104 1109/1471/1104 1110/1470/1104 1116/1483/1104
f 1110/1470/1105 1113/1473/1105 1116/1483/1105
f 1117/1484/1106 1120/1485/1106 1122/1486/1106 1121/1487/1106
f 1120/1488/1107 1124/1489/1107 1125/1490/1107 1122/1491/1107
f 1118/1492/1108 1123/1493/1108 1125/1490/1108 1124/1489/1108
f 1123/1493/1109 1127/1494/1109 1128/1495/1109 1125/1490/1109
f 1119/1496/1110 1126/1497/1110 1128/1495/1110 1127/1494/1110
f 1126/1497/1111 1121/1498/1111 1122/1491/1111 1128/1495/1111
f 1122/1491/1112 1125/1490/1112 1128/1495/1112
f 1129/1499/1113 1132/1500/1113 1134/1501/1113 1133/1502/1113
f 1132/1500/1114 1136/1503/1114 1137/1504/1114 1134/1501/1114
f 1130/1505/1115 1135/1506/1115 1137/1504/1115 1136/1503/1115
f 1135/1506/1116 1139/1507/1116 1140/1508/1116 1137/1504/1116
f 1131/1509/1117 1138/1510/1117 1140/1508/1117 1139/1507/1117
f 1138/1510/1118 1133/1502/1118 1134/1501/1118 1140/1508/1118
f 1134/1501/1119 1137/1504/1119 1140/1508/1119
f 1141/1511/1120 1144/1512/1120 1146/1513/1120 1145/1514/1120
f 1144/1512/1121 1148/1515/1121 1149/1516/1121 1146/1513/1121
f 1142/1517/1122 1147/1518/1122 1149/1516/1122 1148/1515/1122
f 1147/1518/1123 1151/1519/1123 1152/1520/1123 1149/1516/1123
f 1143/1521/1124 1150/1522/1124 1152/1520/1124 1151/1519/1124
f 1150/1522/1125 1145/1514/1125 1146/1513/1125 1152/1520/1125
f 1146/1513/1126 1149/1516/1126 1152/1520/1126
f 1153/1523/1127 1156/1524/1127 1158/1525/1127 1157/1526/1127
f 1156/1524/1128 1160/1527/1128 1161/1528/1128 1158/1525/1128
f 1154/1529/1129 1159/1530/1129 1161/1528/1129 1160/1527/1129
f 1159/1530/1130 1163/1531/1130 1164/1532/1130 1161/1528/1130
f 1155/1533/1131 1162/1534/1131 1164/1532/1131 1163/1531/1131
f 1162/1534/1132 1157/1526/1132 1158/1525/1132 1164/1532/1132
f 1158/1525/1133 1161/1528/1133 1164/1532/1133
f 1165/1535/1134 1168/1536/1134 1170/1537/1134 1169/1538/1134
f 1168/1536/1135 1172/1539/1135 1173/1540/1135 1170/1537/1135
f 1166/1541/1136 1171/1542/1136 1173/1540/1136 1172/1539/1136
f 1171/1542/1137 1175/1543/1137 1176/1544/1137 1173/1540/1137
f 1167/1545/1138 1174/1546/1138 1176/1544/1138 1175/1543/1138
f 1174/1546/1139 1169/1538/1139 1170/1537/1139 1176/1544/1139
f 1170/1537/1140 1173/1540/1140 1176/1544/1140
f 1105/1468/1141 1081/1431/1141 1085/1434/1141 1108/1469/1141
f 1108/1469/1142 1085/1434/1142 1090/1447/1142 1112/1472/1142
f 1112/1477/1143 1090/1446/1143 1083/1445/1143 1106/1474/1143
f 1082/1437/1144 1093/1449/1144 1097/1452/1144 1087/1438/1144
f 1087/1441/1145 1097/1465/1145 1102/1464/1145 1091/1442/1145
f 1091/1442/1146 1102/1464/1146 1095/1463/1146 1083/1445/1146
f 1094/1455/1147 1117/1484/1147 1121/1487/1147 1099/1456/1147
f 1099/1459/1148 1121/1498/1148 1126/1497/1148 1103/1460/1148
f 1103/1460/1149 1126/1497/1149 1119/1496/1149 1095/1463/1149
f 1118/1492/1150 1107/1480/1150 1115/1478/1150 1123/1493/1150
f 1123/1493/1151 1115/1478/1151 1111/1475/1151 1127/1494/1151
f 1127/1494/1152 1111/1475/1152 1106/1474/1152 1119/1496/1152
f 1153/1523/1153 1105/1468/1153 1109/1471/1153 1156/1524/1153
f 1156/1524/1154 1109/1471/1154 1114/1482/1154 1160/1527/1154
f 1160/1527/1155 1114/1481/1155 1107/1480/1155 1154/1529/1155
f 1117/1484/1156 1165/1535/1156 1169/1538/1156 1120/1485/1156
f 1120/1488/1157 1169/1538/1157 1174/1546/1157 1124/1489/1157
f 1124/1489/1158 1174/1546/1158 1167/1545/1158 1118/1492/1158
f 1166/1541/1159 1155/1533/1159 1163/1531/1159 1171/1542/1159
f 1171/1542/1160 1163/1531/1160 1159/1530/1160 1175/1543/1160
f 1175/1543/1161 1159/1530/1161 1154/1529/1161 1167/1545/1161
f 1129/1499/1162 1153/1523/1162 1157/1526/1162 1132/1500/1162
f 1132/1500/1163 1157/1526/1163 1162/1534/1163 1136/1503/1163
f 1136/1503/1164 1162/1534/1164 1155/1533/1164 1130/1505/1164
f 1165/1535/1165 1141/1511/1165 1145/1514/1165 1168/1536/1165
f 1168/1536/1166 1145/1514/1166 1150/1522/1166 1172/1539/1166
f 1172/1539/1167 1150/1522/1167 1143/1521/1167 1166/1541/1167
f 1142/1517/1168 1131/1509/1168 1139/1507/1168 1147/1518/1168
f 1147/1518/1169 1139/1507/1169 1135/1506/1169 1151/1519/1169
f 1151/1519/1170 1135/1506/1170 1130/1505/1170 1143/1521/1170
f 1081/1431/1171 1129/1499/1171 1133/1502/1171 1084/1432/1171
f 1084/1432/1172 1133/1502/1172 1138/1510/1172 1088/1435/1172
f 1088/1440/1173 1138/1510/1173 1131/1509/1173 1082/1437/1173
f 1141/1511/1174 1094/1455/1174 1100/1458/1174 1144/1512/1174
f 1144/1512/1175 1100/1453/1175 1096/1450/1175 1148/1515/1175
f 1148/1515/1176 1096/1450/1176 1093/1449/1176 1142/1517/1176
f 1105/1468/1177 1153/1523/1177 1129/1499/1177 1081/1431/1177
f 1083/1445/1178 1095/1463/1178 1119/1496/1178 1106/1474/1178
f 1131/1509/1179 1142/1517/1179 1093/1449/1179 1082/1437/1179
f 1165/1535/1180 1117/1484/1180 1094/1455/1180 1141/1511/1180
f 1107/1480/1181 1118/1492/1181 1167/1545/1181 1154/1529/1181
f 1155/1533/1182 1166/1541/1182 1143/1521/1182 1130/1505/1182
o bow_tip.001
v 0.482388 0.810728 0.644000
v 0.492963 0.834481 0.670000
v 0.469211 0.845056 0.644000
v 0.483801 0.813902 0.656983
v 0.471940 0.819182 0.644000
v 0.473814 0.822041 0.656434
v 0.481103 0.839761 0.666526
v 0.487682 0.822620 0.666526
v 0.476547 0.828179 0.663152
v 0.467103 0.831782 0.644000
v 0.472384 0.843643 0.656983
v 0.470409 0.830912 0.656434
v 0.610103 1.097582 0.670000
v 0.620678 1.121334 0.644000
v 0.586351 1.108157 0.644000
v 0.615384 1.109442 0.666526
v 0.598243 1.102862 0.666526
v 0.603802 1.113997 0.663152
v 0.607405 1.123441 0.644000
v 0.619266 1.118161 0.656983
v 0.606535 1.120135 0.656434
v 0.589524 1.106744 0.656983
v 0.594805 1.118605 0.644000
v 0.597664 1.116730 0.656434
v 0.482388 0.810728 0.556000
v 0.469211 0.845056 0.556000
v 0.492963 0.834481 0.530000
v 0.471940 0.819182 0.556000
v 0.483801 0.813902 0.543017
v 0.473814 0.822041 0.543567
v 0.472384 0.843643 0.543017
v 0.467103 0.831782 0.556000
v 0.470409 0.830912 0.543567
v 0.487682 0.822620 0.533474
v 0.481103 0.839761 0.533474
v 0.476547 0.828179 0.536848
v 0.620678 1.121334 0.556000
v 0.610103 1.097582 0.530000
v 0.586351 1.108157 0.556000
v 0.619266 1.118161 0.543017
v 0.607405 1.123441 0.556000
v 0.606535 1.120135 0.543567
v 0.598243 1.102862 0.533474
v 0.615384 1.109442 0.533474
v 0.603802 1.113997 0.536848
v 0.594805 1.118605 0.556000
v 0.589524 1.106744 0.543017
v 0.597664 1.116730 0.543567
v 0.599322 0.758666 0.644000
v 0.633649 0.771843 0.644000
v 0.609897 0.782418 0.670000
v 0.612595 0.756559 0.644000
v 0.600734 0.761839 0.656983
v 0.613465 0.759865 0.656434
v 0.630476 0.773256 0.656983
v 0.625195 0.761395 0.644000
v 0.622336 0.763270 0.656434
v 0.604616 0.770558 0.666526
v 0.621757 0.777138 0.666526
v 0.616198 0.766003 0.663152
v 0.737612 1.069272 0.644000
v 0.727037 1.045519 0.670000
v 0.750789 1.034944 0.644000
v 0.736199 1.066098 0.656983
v 0.748060 1.060818 0.644000
v 0.746186 1.057959 0.656434
v 0.738898 1.040239 0.666526
v 0.732318 1.057380 0.666526
v 0.743453 1.051821 0.663152
v 0.752897 1.048218 0.644000
v 0.747616 1.036357 0.656983
v 0.749591 1.049088 0.656434
v 0.599322 0.758666 0.556000
v 0.609897 0.782418 0.530000
v 0.633649 0.771843 0.556000
v 0.600734 0.761839 0.543017
v 0.612595 0.756559 0.556000
v 0.613465 0.759865 0.543567
v 0.621757 0.777138 0.533474
v 0.604616 0.770558 0.533474
v 0.616198 0.766003 0.536848
v 0.625195 0.761395 0.556000
v 0.630476 0.773256 0.543017
v 0.622336 0.763270 0.543567
v 0.737612 1.069272 0.556000
v 0.750789 1.034944 0.556000
v 0.727037 1.045519 0.530000
v 0.748060 1.060818 0.556000
v 0.736199 1.066098 0.543017
v 0.746186 1.057959 0.543567
v 0.747616 1.036357 0.543017
v 0.752897 1.048218 0.556000
v 0.749591 1.049088 0.543567
v 0.732318 1.057380 0.533474
v 0.738898 1.040239 0.533474
v 0.743453 1.051821 0.536848
vn -0.6134 -0.7469 0.2566
vn -0.4797 -0.5419 0.6901
vn -0.3388 -0.1300 0.9318
vn -0.7190 0.0818 0.6901
vn -0.9556 0.1446 0.2566
vn -0.9112 -0.3498 0.2178
vn -0.7623 -0.2926 0.5774
vn -0.1300 0.3388 0.9318
vn 0.0818 0.7190 0.6901
vn 0.1446 0.9556 0.2566
vn -0.3498 0.9112 0.2178
vn -0.7469 0.6134 0.2566
vn -0.5419 0.4797 0.6901
vn -0.2926 0.7623 0.5774
vn -0.6134 -0.7469 -0.2566
vn -0.9112 -0.3498 -0.2178
vn -0.9556 0.1446 -0.2566
vn -0.7190 0.0818 -0.6901
vn -0.3388 -0.1300 -0.9318
vn -0.4797 -0.5419 -0.6901
vn -0.7623 -0.2926 -0.5774
vn 0.1446 0.9556 -0.2566
vn 0.0818 0.7190 -0.6901
vn -0.1300 0.3388 -0.9318
vn -0.5419 0.4797 -0.6901
vn -0.7469 0.6134 -0.2566
vn -0.3498 0.9112 -0.2178
vn -0.2926 0.7623 -0.5774
vn -0.1446 -0.9556 0.2566
vn 0.3498 -0.9112 0.2178
vn 0.7469 -0.6134 0.2566
vn 0.5419 -0.4797 0.6901
vn 0.1300 -0.3388 0.9318
vn -0.0818 -0.7190 0.6901
vn 0.2926 -0.7623 0.5774
vn 0.6134 0.7469 0.2566
vn 0.4797 0.5419 0.6901
vn 0.3388 0.1300 0.9318
vn 0.7190 -0.0818 0.6901
vn 0.9556 -0.1446 0.2566
vn 0.9112 0.3498 0.2178
vn 0.7623 0.2926 0.5774
vn -0.1446 -0.9556 -0.2566
vn -0.0818 -0.7190 -0.6901
vn 0.1300 -0.3388 -0.9318
vn 0.5419 -0.4797 -0.6901
vn 0.7469 -0.6134 -0.2566
vn 0.3498 -0.9112 -0.2178
vn 0.2926 -0.7623 -0.5774
vn 0.6134 0.7469 -0.2566
vn 0.9112 0.3498 -0.2178
vn 0.9556 -0.1446 -0.2566
vn 0.7190 -0.0818 -0.6901
vn 0.3388 0.1300 -0.9318
vn 0.4797 0.5419 -0.6901
vn 0.7623 0.2926 -0.5774
vn -0.6290 -0.7774 -0.0000
vn -0.9336 -0.3584 -0.0000
vn -0.9876 0.1568 -0.0000
vn -0.2361 0.1051 0.9660
vn -0.6460 0.2876 0.7071
vn -0.8825 0.3929 0.2585
vn 0.1568 0.9876 -0.0000
vn -0.3584 0.9336 -0.0000
vn -0.7774 0.6290 -0.0000
vn -0.2361 0.1051 -0.9660
vn -0.6460 0.2876 -0.7071
vn -0.8825 0.3929 -0.2585
vn -0.3929 -0.8825 -0.2585
vn -0.2876 -0.6460 -0.7071
vn -0.1051 -0.2361 -0.9660
vn 0.3929 0.8825 -0.2585
vn 0.2876 0.6460 -0.7071
vn 0.1051 0.2361 -0.9660
vn 0.8825 -0.3929 -0.2585
vn 0.6460 -0.2876 -0.7071
vn 0.2361 -0.1051 -0.9660
vn -0.1568 -0.9876 -0.0000
vn 0.3584 -0.9336 -0.0000
vn 0.7774 -0.6290 -0.0000
vn 0.6290 0.7774 -0.0000
vn 0.9336 0.3584 -0.0000
vn 0.9876 -0.1568 -0.0000
vn 0.2361 -0.1051 0.9660
vn 0.6460 -0.2876 0.7071
vn 0.8825 -0.3929 0.2585
vn -0.3929 -0.8825 0.2585
vn -0.2876 -0.6460 0.7071
vn -0.1051 -0.2361 0.9660
vn 0.3929 0.8825 0.2585
vn 0.2876 0.6460 0.7071
vn 0.1051 0.2361 0.9660
vn -0.4067 -0.9135 -0.0000
vn -0.9135 0.4067 -0.0000
vn -0.0000 -0.0000 1.0000
vn 0.4067 0.9135 -0.0000
vn -0.0000 -0.0000 -1.0000
vn 0.9135 -0.4067 -0.0000
vt 0.161111 0.703572
vt 0.161111 0.726755
vt 0.143842 0.725774
vt 0.143079 0.703571
vt 0.161111 0.750000
vt 0.143842 0.750000
vt 0.394118 0.963889
vt 0.394118 1.000000
vt 0.375000 0.981158
vt 0.375000 0.963889
vt 0.394118 0.000000
vt 0.394118 0.023245
vt 0.375000 0.024226
vt 0.375000 0.000000
vt 0.394118 0.046429
vt 0.375000 0.046429
vt 0.125000 0.703571
vt 0.125000 0.725774
vt 0.605882 0.963889
vt 0.615429 0.963889
vt 0.615025 1.000000
vt 0.605882 1.000000
vt 0.625000 0.963889
vt 0.625000 1.000000
vt 0.838889 0.703571
vt 0.875000 0.703571
vt 0.875000 0.725774
vt 0.838889 0.750000
vt 0.625000 0.046429
vt 0.615429 0.046429
vt 0.615025 0.024226
vt 0.625000 0.024226
vt 0.605882 0.046429
vt 0.605882 0.023245
vt 0.605882 0.000000
vt 0.615025 0.000000
vt 0.161111 0.546429
vt 0.143079 0.546429
vt 0.143842 0.524226
vt 0.161111 0.523245
vt 0.125000 0.546429
vt 0.125000 0.524226
vt 0.394118 0.203571
vt 0.394118 0.226755
vt 0.375000 0.225774
vt 0.375000 0.203571
vt 0.394118 0.268079
vt 0.375000 0.268842
vt 0.394118 0.286111
vt 0.375000 0.286111
vt 0.161111 0.500000
vt 0.143842 0.500000
vt 0.838889 0.546429
vt 0.838889 0.500000
vt 0.875000 0.524226
vt 0.875000 0.546429
vt 0.625000 0.286111
vt 0.615429 0.286111
vt 0.615025 0.266438
vt 0.625000 0.236461
vt 0.605882 0.286111
vt 0.605882 0.268079
vt 0.605882 0.226755
vt 0.615025 0.225774
vt 0.605882 0.203571
vt 0.615429 0.203571
vt 0.625000 0.203571
vt 0.338889 0.703571
vt 0.356921 0.703571
vt 0.356158 0.725774
vt 0.338889 0.726755
vt 0.384571 0.703571
vt 0.383468 0.725774
vt 0.394118 0.703571
vt 0.394118 0.726755
vt 0.394118 0.768079
vt 0.368080 0.761922
vt 0.394118 0.786111
vt 0.357038 0.768149
vt 0.661111 0.703572
vt 0.643149 0.767962
vt 0.636922 0.756920
vt 0.643079 0.703571
vt 0.615429 0.786111
vt 0.615025 0.768842
vt 0.605882 0.786111
vt 0.605882 0.768079
vt 0.605882 0.726755
vt 0.615025 0.728384
vt 0.605882 0.703571
vt 0.615429 0.703571
vt 0.338889 0.546429
vt 0.338889 0.523245
vt 0.356158 0.524226
vt 0.356921 0.546429
vt 0.357038 0.481851
vt 0.368080 0.488078
vt 0.394118 0.463889
vt 0.394118 0.481921
vt 0.394118 0.523245
vt 0.383468 0.524226
vt 0.394118 0.546429
vt 0.384571 0.546429
vt 0.661111 0.546429
vt 0.643079 0.546429
vt 0.636922 0.493080
vt 0.643149 0.482038
vt 0.615429 0.546429
vt 0.615025 0.521616
vt 0.605882 0.546429
vt 0.605882 0.523245
vt 0.605882 0.481921
vt 0.615025 0.481158
vt 0.605882 0.463889
vt 0.615429 0.463889
s 0
usemtl OiledOak
f 1177/1547/1183 1180/1548/1183 1182/1549/1183 1181/1550/1183
f 1180/1548/1184 1184/1551/1184 1185/1552/1184 1182/1549/1184
f 1178/1553/1185 1183/1554/1185 1185/1555/1185 1184/1556/1185
f 1183/1557/1186 1187/1558/1186 1188/1559/1186 1185/1560/1186
f 1179/1561/1187 1186/1562/1187 1188/1559/1187 1187/1558/1187
f 1186/1563/1188 1181/1550/1188 1182/1549/1188 1188/1564/1188
f 1182/1549/1189 1185/1552/1189 1188/1564/1189
f 1189/1565/1190 1192/1566/1190 1194/1567/1190 1193/1568/1190
f 1192/1566/1191 1196/1569/1191 1197/1570/1191 1194/1567/1191
f 1190/1571/1192 1195/1572/1192 1197/1573/1192 1196/1574/1192
f 1195/1575/1193 1199/1576/1193 1200/1577/1193 1197/1578/1193
f 1191/1579/1194 1198/1580/1194 1200/1577/1194 1199/1576/1194
f 1198/1580/1195 1193/1581/1195 1194/1582/1195 1200/1577/1195
f 1194/1582/1196 1197/1578/1196 1200/1577/1196
f 1201/1583/1197 1204/1584/1197 1206/1585/1197 1205/1586/1197
f 1204/1584/1198 1208/1587/1198 1209/1588/1198 1206/1585/1198
f 1202/1589/1199 1207/1590/1199 1209/1591/1199 1208/1592/1199
f 1207/1590/1200 1211/1593/1200 1212/1594/1200 1209/1591/1200
f 1203/1595/1201 1210/1596/1201 1212/1594/1201 1211/1593/1201
f 1210/1597/1202 1205/1586/1202 1206/1585/1202 1212/1598/1202
f 1206/1585/1203 1209/1588/1203 1212/1598/1203
f 1213/1599/1204 1216/1600/1204 1218/1601/1204 1217/1602/1204
f 1216/1603/1205 1220/1604/1205 1221/1605/1205 1218/1606/1205
f 1214/1607/1206 1219/1608/1206 1221/1605/1206 1220/1604/1206
f 1219/1608/1207 1223/1609/1207 1224/1610/1207 1221/1605/1207
f 1215/1611/1208 1222/1612/1208 1224/1610/1208 1223/1609/1208
f 1222/1612/1209 1217/1613/1209 1218/1606/1209 1224/1610/1209
f 1218/1606/1210 1221/1605/1210 1224/1610/1210
f 1225/1614/1211 1228/1615/1211 1230/1616/1211 1229/1617/1211
f 1228/1615/1212 1232/1618/1212 1233/1619/1212 1230/1616/1212
f 1226/1620/1213 1231/1621/1213 1233/1619/1213 1232/1618/1213
f 1231/1621/1214 1235/1622/1214 1236/1623/1214 1233/1619/1214
f 1227/1624/1215 1234/1625/1215 1236/1623/1215 1235/1622/1215
f 1234/1625/1216 1229/1617/1216 1230/1616/1216 1236/1623/1216
f 1230/1616/1217 1233/1619/1217 1236/1623/1217
f 1237/1626/1218 1240/1627/1218 1242/1628/1218 1241/1629/1218
f 1240/1627/1219 1244/1630/1219 1245/1631/1219 1242/1628/1219
f 1238/1632/1220 1243/1633/1220 1245/1631/1220 1244/1630/1220
f 1243/1633/1221 1247/1634/1221 1248/1635/1221 1245/1631/1221
f 1239/1636/1222 1246/1637/1222 1248/1635/1222 1247/1634/1222
f 1246/1637/1223 1241/1629/1223 1242/1628/1223 1248/1635/1223
f 1242/1628/1224 1245/1631/1224 1248/1635/1224
f 1249/1638/1225 1252/1639/1225 1254/1640/1225 1253/1641/1225
f 1252/1639/1226 1256/1642/1226 1257/1643/1226 1254/1640/1226
f 1250/1644/1227 1255/1645/1227 1257/1643/1227 1256/1642/1227
f 1255/1645/1228 1259/1646/1228 1260/1647/1228 1257/1643/1228
f 1251/1648/1229 1258/1649/1229 1260/1647/1229 1259/1646/1229
f 1258/1649/1230 1253/1641/1230 1254/1640/1230 1260/1647/1230
f 1254/1640/1231 1257/1643/1231 1260/1647/1231
f 1261/1650/1232 1264/1651/1232 1266/1652/1232 1265/1653/1232
f 1264/1651/1233 1268/1654/1233 1269/1655/1233 1266/1652/1233
f 1262/1656/1234 1267/1657/1234 1269/1655/1234 1268/1654/1234
f 1267/1657/1235 1271/1658/1235 1272/1659/1235 1269/1655/1235
f 1263/1660/1236 1270/1661/1236 1272/1659/1236 1271/1658/1236
f 1270/1661/1237 1265/1653/1237 1266/1652/1237 1272/1659/1237
f 1266/1652/1238 1269/1655/1238 1272/1659/1238
f 1201/1583/1239 1177/1547/1239 1181/1550/1239 1204/1584/1239
f 1204/1584/1240 1181/1550/1240 1186/1563/1240 1208/1587/1240
f 1208/1592/1241 1186/1562/1241 1179/1561/1241 1202/1589/1241
f 1178/1553/1242 1189/1565/1242 1193/1568/1242 1183/1554/1242
f 1183/1557/1243 1193/1581/1243 1198/1580/1243 1187/1558/1243
f 1187/1558/1244 1198/1580/1244 1191/1579/1244 1179/1561/1244
f 1190/1571/1245 1213/1599/1245 1217/1602/1245 1195/1572/1245
f 1195/1575/1246 1217/1613/1246 1222/1612/1246 1199/1576/1246
f 1199/1576/1247 1222/1612/1247 1215/1611/1247 1191/1579/1247
f 1214/1607/1248 1203/1595/1248 1211/1593/1248 1219/1608/1248
f 1219/1608/1249 1211/1593/1249 1207/1590/1249 1223/1609/1249
f 1223/1609/1250 1207/1590/1250 1202/1589/1250 1215/1611/1250
f 1249/1638/1251 1201/1583/1251 1205/1586/1251 1252/1639/1251
f 1252/1639/1252 1205/1586/1252 1210/1597/1252 1256/1642/1252
f 1256/1642/1253 1210/1596/1253 1203/1595/1253 1250/1644/1253
f 1213/1599/1254 1261/1650/1254 1265/1653/1254 1216/1600/1254
f 1216/1603/1255 1265/1653/1255 1270/1661/1255 1220/1604/1255
f 1220/1604/1256 1270/1661/1256 1263/1660/1256 1214/1607/1256
f 1262/1656/1257 1251/1648/1257 1259/1646/1257 1267/1657/1257
f 1267/1657/1258 1259/1646/1258 1255/1645/1258 1271/1658/1258
f 1271/1658/1259 1255/1645/1259 1250/1644/1259 1263/1660/1259
f 1225/1614/1260 1249/1638/1260 1253/1641/1260 1228/1615/1260
f 1228/1615/1261 1253/1641/1261 1258/1649/1261 1232/1618/1261
f 1232/1618/1262 1258/1649/1262 1251/1648/1262 1226/1620/1262
f 1261/1650/1263 1237/1626/1263 1241/1629/1263 1264/1651/1263
f 1264/1651/1264 1241/1629/1264 1246/1637/1264 1268/1654/1264
f 1268/1654/1265 1246/1637/1265 1239/1636/1265 1262/1656/1265
f 1238/1632/1266 1227/1624/1266 1235/1622/1266 1243/1633/1266
f 1243/1633/1267 1235/1622/1267 1231/1621/1267 1247/1634/1267
f 1247/1634/1268 1231/1621/1268 1226/1620/1268 1239/1636/1268
f 1177/1547/1269 1225/1614/1269 1229/1617/1269 1180/1548/1269
f 1180/1548/1270 1229/1617/1270 1234/1625/1270 1184/1551/1270
f 1184/1556/1271 1234/1625/1271 1227/1624/1271 1178/1553/1271
f 1237/1626/1272 1190/1571/1272 1196/1574/1272 1240/1627/1272
f 1240/1627/1273 1196/1569/1273 1192/1566/1273 1244/1630/1273
f 1244/1630/1274 1192/1566/1274 1189/1565/1274 1238/1632/1274
f 1201/1583/1275 1249/1638/1275 1225/1614/1275 1177/1547/1275
f 1179/1561/1276 1191/1579/1276 1215/1611/1276 1202/1589/1276
f 1227/1624/1277 1238/1632/1277 1189/1565/1277 1178/1553/1277
f 1261/1650/1278 1213/1599/1278 1190/1571/1278 1237/1626/1278
f 1203/1595/1279 1214/1607/1279 1263/1660/1279 1250/1644/1279
f 1251/1648/1280 1262/1656/1280 1239/1636/1280 1226/1620/1280
o string_brace.001
v 0.342929 0.817510 0.624000
v 0.339750 0.822599 0.630000
v 0.334661 0.819419 0.624000
v 0.342504 0.818190 0.626996
v 0.339964 0.816603 0.624000
v 0.339659 0.817330 0.626869
v 0.337209 0.821011 0.629198
v 0.341337 0.820058 0.629198
v 0.338837 0.818645 0.628420
v 0.336929 0.817303 0.624000
v 0.335341 0.819844 0.626996
v 0.337522 0.817823 0.626869
v 0.234826 0.990512 0.630000
v 0.231646 0.995601 0.624000
v 0.229737 0.987333 0.624000
v 0.233238 0.993053 0.629198
v 0.232285 0.988925 0.629198
v 0.230872 0.991425 0.628420
v 0.229530 0.993333 0.624000
v 0.232071 0.994921 0.626996
v 0.230050 0.992740 0.626869
v 0.230417 0.987758 0.626996
v 0.228830 0.990298 0.624000
v 0.229557 0.990603 0.626869
v 0.342929 0.817510 0.516000
v 0.334661 0.819419 0.516000
v 0.339750 0.822599 0.510000
v 0.339964 0.816603 0.516000
v 0.342504 0.818190 0.513004
v 0.339659 0.817330 0.513131
v 0.335341 0.819844 0.513004
v 0.336929 0.817303 0.516000
v 0.337522 0.817823 0.513131
v 0.341337 0.820058 0.510802
v 0.337209 0.821011 0.510802
v 0.338837 0.818645 0.511580
v 0.231646 0.995601 0.516000
v 0.234826 0.990512 0.510000
v 0.229737 0.987333 0.516000
v 0.232071 0.994921 0.513004
v 0.229530 0.993333 0.516000
v 0.230050 0.992740 0.513131
v 0.232285 0.988925 0.510802
v 0.233238 0.993053 0.510802
v 0.230872 0.991425 0.511580
v 0.228830 0.990298 0.516000
v 0.230417 0.987758 0.513004
v 0.229557 0.990603 0.513131
v 0.353954 0.824399 0.624000
v 0.355863 0.832667 0.624000
v 0.350774 0.829488 0.630000
v 0.356070 0.826667 0.624000
v 0.353529 0.825079 0.626996
v 0.355550 0.827260 0.626869
v 0.355183 0.832242 0.626996
v 0.356771 0.829702 0.624000
v 0.356043 0.829397 0.626869
v 0.352362 0.826947 0.629198
v 0.353315 0.831075 0.629198
v 0.354728 0.828575 0.628420
v 0.242671 1.002490 0.624000
v 0.245850 0.997401 0.630000
v 0.250939 1.000581 0.624000
v 0.243096 1.001810 0.626996
v 0.245636 1.003397 0.624000
v 0.245941 1.002670 0.626869
v 0.248391 0.998989 0.629198
v 0.244263 0.999942 0.629198
v 0.246763 1.001355 0.628420
v 0.248671 1.002697 0.624000
v 0.250259 1.000156 0.626996
v 0.248078 1.002177 0.626869
v 0.353954 0.824399 0.516000
v 0.350774 0.829488 0.510000
v 0.355863 0.832667 0.516000
v 0.353529 0.825079 0.513004
v 0.356070 0.826667 0.516000
v 0.355550 0.827260 0.513131
v 0.353315 0.831075 0.510802
v 0.352362 0.826947 0.510802
v 0.354728 0.828575 0.511580
v 0.356771 0.829702 0.516000
v 0.355183 0.832242 0.513004
v 0.356043 0.829397 0.513131
v 0.242671 1.002490 0.516000
v 0.250939 1.000581 0.516000
v 0.245850 0.997401 0.510000
v 0.245636 1.003397 0.516000
v 0.243096 1.001810 0.513004
v 0.245941 1.002670 0.513131
v 0.250259 1.000156 0.513004
v 0.248671 1.002697 0.516000
v 0.248078 1.002177 0.513131
v 0.244263 0.999942 0.510802
v 0.248391 0.998989 0.510802
v 0.246763 1.001355 0.511580
vn 0.2762 -0.9262 0.2566
vn 0.1810 -0.7007 0.6901
vn -0.0816 -0.3536 0.9318
vn -0.4699 -0.5504 0.6901
vn -0.6543 -0.7114 0.2566
vn -0.2196 -0.9510 0.2178
vn -0.1837 -0.7956 0.5774
vn -0.3536 0.0816 0.9318
vn -0.5504 0.4699 0.6901
vn -0.7114 0.6543 0.2566
vn -0.9510 0.2196 0.2178
vn -0.9262 -0.2762 0.2566
vn -0.7007 -0.1810 0.6901
vn -0.7956 0.1837 0.5774
vn 0.2762 -0.9262 -0.2566
vn -0.2195 -0.9510 -0.2178
vn -0.6543 -0.7114 -0.2566
vn -0.4699 -0.5504 -0.6901
vn -0.0816 -0.3536 -0.9318
vn 0.1810 -0.7007 -0.6901
vn -0.1837 -0.7956 -0.5774
vn -0.7114 0.6543 -0.2566
vn -0.5504 0.4699 -0.6901
vn -0.3536 0.0816 -0.9318
vn -0.7007 -0.1810 -0.6901
vn -0.9262 -0.2762 -0.2566
vn -0.9510 0.2196 -0.2178
vn -0.7956 0.1837 -0.5774
vn 0.7114 -0.6543 0.2566
vn 0.9510 -0.2196 0.2178
vn 0.9262 0.2762 0.2566
vn 0.7007 0.1810 0.6901
vn 0.3536 -0.0816 0.9318
vn 0.5504 -0.4699 0.6901
vn 0.7956 -0.1837 0.5774
vn -0.2762 0.9262 0.2566
vn -0.1810 0.7007 0.6901
vn 0.0816 0.3536 0.9318
vn 0.4699 0.5504 0.6901
vn 0.6543 0.7114 0.2566
vn 0.2196 0.9510 0.2178
vn 0.1837 0.7956 0.5774
vn 0.7114 -0.6543 -0.2566
vn 0.5504 -0.4699 -0.6901
vn 0.3536 -0.0816 -0.9318
vn 0.7007 0.1810 -0.6901
vn 0.9262 0.2762 -0.2566
vn 0.9510 -0.2196 -0.2178
vn 0.7956 -0.1837 -0.5774
vn -0.2762 0.9262 -0.2566
vn 0.2195 0.9510 -0.2178
vn 0.6543 0.7114 -0.2566
vn 0.4699 0.5504 -0.6901
vn 0.0816 0.3536 -0.9318
vn -0.1810 0.7007 -0.6901
vn 0.1837 0.7956 -0.5774
vn 0.2927 -0.9562 -0.0000
vn -0.2249 -0.9744 -0.0000
vn -0.6823 -0.7311 -0.0000
vn -0.2192 -0.1370 0.9660
vn -0.5997 -0.3747 0.7071
vn -0.8192 -0.5119 0.2585
vn -0.7311 0.6823 -0.0000
vn -0.9744 0.2250 -0.0000
vn -0.9562 -0.2927 -0.0000
vn -0.2192 -0.1370 -0.9660
vn -0.5997 -0.3747 -0.7071
vn -0.8192 -0.5119 -0.2585
vn 0.5119 -0.8192 -0.2585
vn 0.3747 -0.5997 -0.7071
vn 0.1370 -0.2192 -0.9660
vn -0.5119 0.8192 -0.2585
vn -0.3747 0.5997 -0.7071
vn -0.1370 0.2192 -0.9660
vn 0.8192 0.5119 -0.2585
vn 0.5997 0.3747 -0.7071
vn 0.2192 0.1370 -0.9660
vn 0.7311 -0.6823 -0.0000
vn 0.9744 -0.2250 -0.0000
vn 0.9562 0.2927 -0.0000
vn -0.2927 0.9562 -0.0000
vn 0.2249 0.9744 -0.0000
vn 0.6823 0.7311 -0.0000
vn 0.2192 0.1370 0.9660
vn 0.5997 0.3747 0.7071
vn 0.8192 0.5119 0.2585
vn 0.5119 -0.8192 0.2585
vn 0.3747 -0.5997 0.7071
vn 0.1370 -0.2192 0.9660
vn -0.5119 0.8192 0.2585
vn -0.3747 0.5997 0.7071
vn -0.1370 0.2192 0.9660
vn 0.5299 -0.8480 -0.0000
vn -0.8480 -0.5299 -0.0000
vn -0.0000 -0.0000 1.0000
vn -0.5299 0.8480 -0.0000
vn -0.0000 -0.0000 -1.0000
vn 0.8480 0.5299 -0.0000
vt 0.185000 0.737500
vt 0.185000 0.743742
vt 0.156307 0.743478
vt 0.155039 0.737500
vt 0.185000 0.750000
vt 0.156307 0.750000
vt 0.382143 0.940000
vt 0.382143 1.000000
vt 0.375000 0.968693
vt 0.375000 0.940000
vt 0.382143 0.000000
vt 0.382143 0.006258
vt 0.375000 0.006522
vt 0.375000 0.000000
vt 0.382143 0.012500
vt 0.375000 0.012500
vt 0.125000 0.737500
vt 0.125000 0.743478
vt 0.617857 0.940000
vt 0.621424 0.940000
vt 0.621273 0.968693
vt 0.617857 1.000000
vt 0.625000 0.940000
vt 0.625000 0.968693
vt 0.815000 0.737500
vt 0.875000 0.737500
vt 0.843693 0.750000
vt 0.815000 0.750000
vt 0.625000 0.012500
vt 0.621424 0.012500
vt 0.621273 0.006522
vt 0.625000 0.000000
vt 0.617857 0.012500
vt 0.617857 0.006258
vt 0.617857 0.000000
vt 0.621273 0.003292
vt 0.621273 0.984198
vt 0.185000 0.512500
vt 0.155039 0.512500
vt 0.156307 0.506522
vt 0.185000 0.506258
vt 0.125000 0.512500
vt 0.125000 0.506522
vt 0.382143 0.237500
vt 0.382143 0.243742
vt 0.375000 0.243478
vt 0.375000 0.237500
vt 0.382143 0.280039
vt 0.375000 0.281307
vt 0.382143 0.310000
vt 0.375000 0.310000
vt 0.185000 0.500000
vt 0.156307 0.500000
vt 0.815000 0.512500
vt 0.815000 0.500000
vt 0.843693 0.500000
vt 0.875000 0.512500
vt 0.625000 0.310000
vt 0.621424 0.310000
vt 0.621273 0.281307
vt 0.625000 0.267497
vt 0.617857 0.310000
vt 0.617857 0.280039
vt 0.617857 0.243742
vt 0.621273 0.245205
vt 0.617857 0.237500
vt 0.621424 0.237500
vt 0.625000 0.237500
vt 0.315000 0.737500
vt 0.344961 0.737500
vt 0.343693 0.743478
vt 0.315000 0.743742
vt 0.378576 0.737500
vt 0.377216 0.743478
vt 0.382143 0.737500
vt 0.382143 0.743742
vt 0.382143 0.780039
vt 0.363502 0.769809
vt 0.382143 0.810000
vt 0.345384 0.780384
vt 0.685000 0.737500
vt 0.655384 0.779616
vt 0.644809 0.761498
vt 0.655039 0.737500
vt 0.621424 0.810000
vt 0.621273 0.781307
vt 0.617857 0.810000
vt 0.617857 0.780039
vt 0.617857 0.743742
vt 0.621273 0.745205
vt 0.617857 0.737500
vt 0.621424 0.737500
vt 0.315000 0.512500
vt 0.315000 0.506258
vt 0.343693 0.506522
vt 0.344961 0.512500
vt 0.345384 0.469616
vt 0.363502 0.480191
vt 0.382143 0.440000
vt 0.382143 0.469961
vt 0.382143 0.506258
vt 0.377216 0.506522
vt 0.382143 0.512500
vt 0.378576 0.512500
vt 0.685000 0.512500
vt 0.655039 0.512500
vt 0.644118 0.495555
vt 0.655384 0.470384
vt 0.621424 0.512500
vt 0.621273 0.506522
vt 0.617857 0.512500
vt 0.617857 0.506258
vt 0.617857 0.469961
vt 0.621273 0.471370
vt 0.617857 0.440000
vt 0.621424 0.440000
s 0
usemtl Hide
f 1273/1662/1281 1276/1663/1281 1278/1664/1281 1277/1665/1281
f 1276/1663/1282 1280/1666/1282 1281/1667/1282 1278/1664/1282
f 1274/1668/1283 1279/1669/1283 1281/1670/1283 1280/1671/1283
f 1279/1672/1284 1283/1673/1284 1284/1674/1284 1281/1675/1284
f 1275/1676/1285 1282/1677/1285 1284/1674/1285 1283/1673/1285
f 1282/1678/1286 1277/1665/1286 1278/1664/1286 1284/1679/1286
f 1278/1664/1287 1281/1667/1287 1284/1679/1287
f 1285/1680/1288 1288/1681/1288 1290/1682/1288 1289/1683/1288
f 1288/1681/1289 1292/1684/1289 1293/1685/1289 1290/1682/1289
f 1286/1686/1290 1291/1687/1290 1293/1688/1290 1292/1689/1290
f 1291/1690/1291 1295/1691/1291 1296/1692/1291 1293/1693/1291
f 1287/1694/1292 1294/1695/1292 1296/1692/1292 1295/1691/1292
f 1294/1695/1293 1289/1696/1293 1290/1697/1293 1296/1692/1293
f 1290/1682/1294 1293/1685/1294 1296/1698/1294
f 1297/1699/1295 1300/1700/1295 1302/1701/1295 1301/1702/1295
f 1300/1700/1296 1304/1703/1296 1305/1704/1296 1302/1701/1296
f 1298/1705/1297 1303/1706/1297 1305/1707/1297 1304/1708/1297
f 1303/1706/1298 1307/1709/1298 1308/1710/1298 1305/1707/1298
f 1299/1711/1299 1306/1712/1299 1308/1710/1299 1307/1709/1299
f 1306/1713/1300 1301/1702/1300 1302/1701/1300 1308/1714/1300
f 1302/1701/1301 1305/1704/1301 1308/1714/1301
f 1309/1715/1302 1312/1716/1302 1314/1717/1302 1313/1718/1302
f 1312/1719/1303 1316/1720/1303 1317/1721/1303 1314/1722/1303
f 1310/1723/1304 1315/1724/1304 1317/1721/1304 1316/1720/1304
f 1315/1724/1305 1319/1725/1305 1320/1726/1305 1317/1721/1305
f 1311/1727/1306 1318/1728/1306 1320/1726/1306 1319/1725/1306
f 1318/1728/1307 1313/1729/1307 1314/1722/1307 1320/1726/1307
f 1314/1722/1308 1317/1721/1308 1320/1726/1308
f 1321/1730/1309 1324/1731/1309 1326/1732/1309 1325/1733/1309
f 1324/1731/1310 1328/1734/1310 1329/1735/1310 1326/1732/1310
f 1322/1736/1311 1327/1737/1311 1329/1735/1311 1328/1734/1311
f 1327/1737/1312 1331/1738/1312 1332/1739/1312 1329/1735/1312
f 1323/1740/1313 1330/1741/1313 1332/1739/1313 1331/1738/1313
f 1330/1741/1314 1325/1733/1314 1326/1732/1314 1332/1739/1314
f 1326/1732/1315 1329/1735/1315 1332/1739/1315
f 1333/1742/1316 1336/1743/1316 1338/1744/1316 1337/1745/1316
f 1336/1743/1317 1340/1746/1317 1341/1747/1317 1338/1744/1317
f 1334/1748/1318 1339/1749/1318 1341/1747/1318 1340/1746/1318
f 1339/1749/1319 1343/1750/1319 1344/1751/1319 1341/1747/1319
f 1335/1752/1320 1342/1753/1320 1344/1751/1320 1343/1750/1320
f 1342/1753/1321 1337/1745/1321 1338/1744/1321 1344/1751/1321
f 1338/1744/1322 1341/1747/1322 1344/1751/1322
f 1345/1754/1323 1348/1755/1323 1350/1756/1323 1349/1757/1323
f 1348/1755/1324 1352/1758/1324 1353/1759/1324 1350/1756/1324
f 1346/1760/1325 1351/1761/1325 1353/1759/1325 1352/1758/1325
f 1351/1761/1326 1355/1762/1326 1356/1763/1326 1353/1759/1326
f 1347/1764/1327 1354/1765/1327 1356/1763/1327 1355/1762/1327
f 1354/1765/1328 1349/1757/1328 1350/1756/1328 1356/1763/1328
f 1350/1756/1329 1353/1759/1329 1356/1763/1329
f 1357/1766/1330 1360/1767/1330 1362/1768/1330 1361/1769/1330
f 1360/1767/1331 1364/1770/1331 1365/1771/1331 1362/1768/1331
f 1358/1772/1332 1363/1773/1332 1365/1771/1332 1364/1770/1332
f 1363/1773/1333 1367/1774/1333 1368/1775/1333 1365/1771/1333
f 1359/1776/1334 1366/1777/1334 1368/1775/1334 1367/1774/1334
f 1366/1777/1335 1361/1769/1335 1362/1768/1335 1368/1775/1335
f 1362/1768/1336 1365/1771/1336 1368/1775/1336
f 1297/1699/1337 1273/1662/1337 1277/1665/1337 1300/1700/1337
f 1300/1700/1338 1277/1665/1338 1282/1678/1338 1304/1703/1338
f 1304/1708/1339 1282/1677/1339 1275/1676/1339 1298/1705/1339
f 1274/1668/1340 1285/1680/1340 1289/1683/1340 1279/1669/1340
f 1279/1672/1341 1289/1696/1341 1294/1695/1341 1283/1673/1341
f 1283/1673/1342 1294/1695/1342 1287/1694/1342 1275/1676/1342
f 1286/1686/1343 1309/1715/1343 1313/1718/1343 1291/1687/1343
f 1291/1690/1344 1313/1729/1344 1318/1728/1344 1295/1691/1344
f 1295/1691/1345 1318/1728/1345 1311/1727/1345 1287/1694/1345
f 1310/1723/1346 1299/1711/1346 1307/1709/1346 1315/1724/1346
f 1315/1724/1347 1307/1709/1347 1303/1706/1347 1319/1725/1347
f 1319/1725/1348 1303/1706/1348 1298/1705/1348 1311/1727/1348
f 1345/1754/1349 1297/1699/1349 1301/1702/1349 1348/1755/1349
f 1348/1755/1350 1301/1702/1350 1306/1713/1350 1352/1758/1350
f 1352/1758/1351 1306/1712/1351 1299/1711/1351 1346/1760/1351
f 1309/1715/1352 1357/1766/1352 1361/1769/1352 1312/1716/1352
f 1312/1719/1353 1361/1769/1353 1366/1777/1353 1316/1720/1353
f 1316/1720/1354 1366/1777/1354 1359/1776/1354 1310/1723/1354
f 1358/1772/1355 1347/1764/1355 1355/1762/1355 1363/1773/1355
f 1363/1773/1356 1355/1762/1356 1351/1761/1356 1367/1774/1356
f 1367/1774/1357 1351/1761/1357 1346/1760/1357 1359/1776/1357
f 1321/1730/1358 1345/1754/1358 1349/1757/1358 1324/1731/1358
f 1324/1731/1359 1349/1757/1359 1354/1765/1359 1328/1734/1359
f 1328/1734/1360 1354/1765/1360 1347/1764/1360 1322/1736/1360
f 1357/1766/1361 1333/1742/1361 1337/1745/1361 1360/1767/1361
f 1360/1767/1362 1337/1745/1362 1342/1753/1362 1364/1770/1362
f 1364/1770/1363 1342/1753/1363 1335/1752/1363 1358/1772/1363
f 1334/1748/1364 1323/1740/1364 1331/1738/1364 1339/1749/1364
f 1339/1749/1365 1331/1738/1365 1327/1737/1365 1343/1750/1365
f 1343/1750/1366 1327/1737/1366 1322/1736/1366 1335/1752/1366
f 1273/1662/1367 1321/1730/1367 1325/1733/1367 1276/1663/1367
f 1276/1663/1368 1325/1733/1368 1330/1741/1368 1280/1666/1368
f 1280/1671/1369 1330/1741/1369 1323/1740/1369 1274/1668/1369
f 1333/1742/1370 1286/1686/1370 1292/1689/1370 1336/1743/1370
f 1336/1743/1371 1292/1684/1371 1288/1681/1371 1340/1746/1371
f 1340/1746/1372 1288/1681/1372 1285/1680/1372 1334/1748/1372
f 1297/1699/1373 1345/1754/1373 1321/1730/1373 1273/1662/1373
f 1275/1676/1374 1287/1694/1374 1311/1727/1374 1298/1705/1374
f 1323/1740/1375 1334/1748/1375 1285/1680/1375 1274/1668/1375
f 1357/1766/1376 1309/1715/1376 1286/1686/1376 1333/1742/1376
f 1299/1711/1377 1310/1723/1377 1359/1776/1377 1346/1760/1377
f 1347/1764/1378 1358/1772/1378 1335/1752/1378 1322/1736/1378
o bronze_windlass
v -0.410000 0.670000 -0.305000
v 0.410000 0.670000 -0.305000
v -0.410000 0.624442 -0.294602
v 0.410000 0.624442 -0.294602
v -0.410000 0.587908 -0.265466
v 0.410000 0.587908 -0.265466
v -0.410000 0.567633 -0.223365
v 0.410000 0.567633 -0.223365
v -0.410000 0.567633 -0.176635
v 0.410000 0.567633 -0.176635
v -0.410000 0.587908 -0.134534
v 0.410000 0.587908 -0.134534
v -0.410000 0.624442 -0.105398
v 0.410000 0.624442 -0.105398
v -0.410000 0.670000 -0.095000
v 0.410000 0.670000 -0.095000
v -0.410000 0.715558 -0.105398
v 0.410000 0.715558 -0.105398
v -0.410000 0.752092 -0.134534
v 0.410000 0.752092 -0.134534
v -0.410000 0.772367 -0.176635
v 0.410000 0.772367 -0.176635
v -0.410000 0.772367 -0.223365
v 0.410000 0.772367 -0.223365
v -0.410000 0.752092 -0.265466
v 0.410000 0.752092 -0.265466
v -0.410000 0.715558 -0.294602
v 0.410000 0.715558 -0.294602
vn -0.6603 -0.0000 -0.7510
vn 0.6603 -0.0000 -0.7510
vn -0.6603 -0.3259 -0.6766
vn 0.6603 -0.3259 -0.6766
vn -0.6603 -0.5872 -0.4682
vn 0.6603 -0.5872 -0.4682
vn -0.6603 -0.7322 -0.1671
vn 0.6603 -0.7322 -0.1671
vn -0.6603 -0.7322 0.1671
vn 0.6603 -0.7322 0.1671
vn -0.6603 -0.5872 0.4682
vn 0.6603 -0.5872 0.4682
vn -0.6603 -0.3259 0.6766
vn 0.6603 -0.3259 0.6766
vn -0.6603 -0.0000 0.7510
vn 0.6603 -0.0000 0.7510
vn -0.6603 0.3259 0.6766
vn 0.6603 0.3259 0.6766
vn -0.6603 0.5872 0.4682
vn 0.6603 0.5872 0.4682
vn -0.6603 0.7322 0.1671
vn 0.6603 0.7322 0.1671
vn -0.6603 0.7322 -0.1671
vn 0.6603 0.7322 -0.1671
vn -0.6603 0.5872 -0.4682
vn 0.6603 0.5872 -0.4682
vn -0.6603 0.3259 -0.6766
vn 0.6603 0.3259 -0.6766
vt 1.000000 0.500000
vt 1.000000 1.000000
vt 0.928571 1.000000
vt 0.928571 0.500000
vt 0.857143 1.000000
vt 0.857143 0.500000
vt 0.785714 1.000000
vt 0.785714 0.500000
vt 0.714286 1.000000
vt 0.714286 0.500000
vt 0.642857 1.000000
vt 0.642857 0.500000
vt 0.571428 1.000000
vt 0.571428 0.500000
vt 0.500000 1.000000
vt 0.500000 0.500000
vt 0.428571 1.000000
vt 0.428571 0.500000
vt 0.357143 1.000000
vt 0.357143 0.500000
vt 0.285714 1.000000
vt 0.285714 0.500000
vt 0.214286 1.000000
vt 0.214286 0.500000
vt 0.142857 1.000000
vt 0.142857 0.500000
vt 0.354132 0.466233
vt 0.250000 0.490000
vt 0.145868 0.466233
vt 0.062360 0.399638
vt 0.016017 0.303405
vt 0.016017 0.196595
vt 0.062360 0.100362
vt 0.145868 0.033767
vt 0.250000 0.010000
vt 0.354132 0.033767
vt 0.437640 0.100362
vt 0.483983 0.196595
vt 0.483983 0.303405
vt 0.437640 0.399638
vt 0.071428 1.000000
vt 0.071428 0.500000
vt -0.000000 1.000000
vt -0.000000 0.500000
vt 0.750000 0.490000
vt 0.854132 0.466233
vt 0.937640 0.399638
vt 0.983983 0.303405
vt 0.983983 0.196595
vt 0.937640 0.100362
vt 0.854132 0.033767
vt 0.750000 0.010000
vt 0.645868 0.033767
vt 0.562360 0.100362
vt 0.516017 0.196595
vt 0.516017 0.303405
vt 0.562360 0.399638
vt 0.645868 0.466233
s 1
usemtl WornBronze
f 1369/1778/1379 1370/1779/1380 1372/1780/1382 1371/1781/1381
f 1371/1781/1381 1372/1780/1382 1374/1782/1384 1373/1783/1383
f 1373/1783/1383 1374/1782/1384 1376/1784/1386 1375/1785/1385
f 1375/1785/1385 1376/1784/1386 1378/1786/1388 1377/1787/1387
f 1377/1787/1387 1378/1786/1388 1380/1788/1390 1379/1789/1389
f 1379/1789/1389 1380/1788/1390 1382/1790/1392 1381/1791/1391
f 1381/1791/1391 1382/1790/1392 1384/1792/1394 1383/1793/1393
f 1383/1793/1393 1384/1792/1394 1386/1794/1396 1385/1795/1395
f 1385/1795/1395 1386/1794/1396 1388/1796/1398 1387/1797/1397
f 1387/1797/1397 1388/1796/1398 1390/1798/1400 1389/1799/1399
f 1389/1799/1399 1390/1798/1400 1392/1800/1402 1391/1801/1401
f 1391/1801/1401 1392/1800/1402 1394/1802/1404 1393/1803/1403
f 1372/1804/1382 1370/1805/1380 1396/1806/1406 1394/1807/1404 1392/1808/1402 1390/1809/1400 1388/1810/1398 1386/1811/1396 1384/1812/1394 1382/1813/1392 1380/1814/1390 1378/1815/1388 1376/1816/1386 1374/1817/1384
f 1393/1803/1403 1394/1802/1404 1396/1818/1406 1395/1819/1405
f 1395/1819/1405 1396/1818/1406 1370/1820/1380 1369/1821/1379
f 1369/1822/1379 1371/1823/1381 1373/1824/1383 1375/1825/1385 1377/1826/1387 1379/1827/1389 1381/1828/1391 1383/1829/1393 1385/1830/1395 1387/1831/1397 1389/1832/1399 1391/1833/1401 1393/1834/1403 1395/1835/1405
o windlass_handle
v -0.500000 0.718000 -0.330000
v -0.500000 0.718000 -0.070000
v -0.476000 0.711569 -0.330000
v -0.476000 0.711569 -0.070000
v -0.458431 0.694000 -0.330000
v -0.458431 0.694000 -0.070000
v -0.452000 0.670000 -0.330000
v -0.452000 0.670000 -0.070000
v -0.458431 0.646000 -0.330000
v -0.458431 0.646000 -0.070000
v -0.476000 0.628431 -0.330000
v -0.476000 0.628431 -0.070000
v -0.500000 0.622000 -0.330000
v -0.500000 0.622000 -0.070000
v -0.524000 0.628431 -0.330000
v -0.524000 0.628431 -0.070000
v -0.541569 0.646000 -0.330000
v -0.541569 0.646000 -0.070000
v -0.548000 0.670000 -0.330000
v -0.548000 0.670000 -0.070000
v -0.541569 0.694000 -0.330000
v -0.541569 0.694000 -0.070000
v -0.524000 0.711569 -0.330000
v -0.524000 0.711569 -0.070000
vn -0.0000 0.7572 -0.6532
vn -0.0000 0.7572 0.6532
vn 0.3786 0.6557 -0.6532
vn 0.3786 0.6557 0.6532
vn 0.6557 0.3786 -0.6532
vn 0.6557 0.3786 0.6532
vn 0.7572 -0.0000 -0.6532
vn 0.7572 -0.0000 0.6532
vn 0.6557 -0.3786 -0.6532
vn 0.6557 -0.3786 0.6532
vn 0.3786 -0.6557 -0.6532
vn 0.3786 -0.6557 0.6532
vn -0.0000 -0.7572 -0.6532
vn -0.0000 -0.7572 0.6532
vn -0.3786 -0.6557 -0.6532
vn -0.3786 -0.6557 0.6532
vn -0.6557 -0.3786 -0.6532
vn -0.6557 -0.3786 0.6532
vn -0.7572 -0.0000 -0.6532
vn -0.7572 -0.0000 0.6532
vn -0.6557 0.3786 -0.6532
vn -0.6557 0.3786 0.6532
vn -0.3786 0.6557 -0.6532
vn -0.3786 0.6557 0.6532
vt 1.000000 0.500000
vt 1.000000 1.000000
vt 0.916667 1.000000
vt 0.916667 0.500000
vt 0.833333 1.000000
vt 0.833333 0.500000
vt 0.750000 1.000000
vt 0.750000 0.500000
vt 0.666667 1.000000
vt 0.666667 0.500000
vt 0.583333 1.000000
vt 0.583333 0.500000
vt 0.500000 1.000000
vt 0.500000 0.500000
vt 0.416667 1.000000
vt 0.416667 0.500000
vt 0.333333 1.000000
vt 0.333333 0.500000
vt 0.250000 1.000000
vt 0.250000 0.500000
vt 0.166667 1.000000
vt 0.166667 0.500000
vt 0.370000 0.457846
vt 0.250000 0.490000
vt 0.130000 0.457846
vt 0.042154 0.370000
vt 0.010000 0.250000
vt 0.042154 0.130000
vt 0.130000 0.042154
vt 0.250000 0.010000
vt 0.370000 0.042154
vt 0.457846 0.130000
vt 0.490000 0.250000
vt 0.457846 0.370000
vt 0.083333 1.000000
vt 0.083333 0.500000
vt 0.000000 1.000000
vt 0.000000 0.500000
vt 0.750000 0.490000
vt 0.870000 0.457846
vt 0.957846 0.370000
vt 0.990000 0.250000
vt 0.957846 0.130000
vt 0.870000 0.042154
vt 0.750000 0.010000
vt 0.630000 0.042154
vt 0.542154 0.130000
vt 0.510000 0.250000
vt 0.542154 0.370000
vt 0.630000 0.457846
s 1
usemtl BlackIron
f 1397/1836/1407 1398/1837/1408 1400/1838/1410 1399/1839/1409
f 1399/1839/1409 1400/1838/1410 1402/1840/1412 1401/1841/1411
f 1401/1841/1411 1402/1840/1412 1404/1842/1414 1403/1843/1413
f 1403/1843/1413 1404/1842/1414 1406/1844/1416 1405/1845/1415
f 1405/1845/1415 1406/1844/1416 1408/1846/1418 1407/1847/1417
f 1407/1847/1417 1408/1846/1418 1410/1848/1420 1409/1849/1419
f 1409/1849/1419 1410/1848/1420 1412/1850/1422 1411/1851/1421
f 1411/1851/1421 1412/1850/1422 1414/1852/1424 1413/1853/1423
f 1413/1853/1423 1414/1852/1424 1416/1854/1426 1415/1855/1425
f 1415/1855/1425 1416/1854/1426 1418/1856/1428 1417/1857/1427
f 1400/1858/1410 1398/1859/1408 1420/1860/1430 1418/1861/1428 1416/1862/1426 1414/1863/1424 1412/1864/1422 1410/1865/1420 1408/1866/1418 1406/1867/1416 1404/1868/1414 1402/1869/1412
f 1417/1857/1427 1418/1856/1428 1420/1870/1430 1419/1871/1429
f 1419/1871/1429 1420/1870/1430 1398/1872/1408 1397/1873/1407
f 1397/1874/1407 1399/1875/1409 1401/1876/1411 1403/1877/1413 1405/1878/1415 1407/1879/1417 1409/1880/1419 1411/1881/1421 1413/1882/1423 1415/1883/1425 1417/1884/1427 1419/1885/1429
o windlass_handle.001
v 0.500000 0.718000 -0.330000
v 0.500000 0.718000 -0.070000
v 0.524000 0.711569 -0.330000
v 0.524000 0.711569 -0.070000
v 0.541569 0.694000 -0.330000
v 0.541569 0.694000 -0.070000
v 0.548000 0.670000 -0.330000
v 0.548000 0.670000 -0.070000
v 0.541569 0.646000 -0.330000
v 0.541569 0.646000 -0.070000
v 0.524000 0.628431 -0.330000
v 0.524000 0.628431 -0.070000
v 0.500000 0.622000 -0.330000
v 0.500000 0.622000 -0.070000
v 0.476000 0.628431 -0.330000
v 0.476000 0.628431 -0.070000
v 0.458431 0.646000 -0.330000
v 0.458431 0.646000 -0.070000
v 0.452000 0.670000 -0.330000
v 0.452000 0.670000 -0.070000
v 0.458431 0.694000 -0.330000
v 0.458431 0.694000 -0.070000
v 0.476000 0.711569 -0.330000
v 0.476000 0.711569 -0.070000
vn -0.0000 0.7572 -0.6532
vn -0.0000 0.7572 0.6532
vn 0.3786 0.6557 -0.6532
vn 0.3786 0.6557 0.6532
vn 0.6557 0.3786 -0.6532
vn 0.6557 0.3786 0.6532
vn 0.7572 -0.0000 -0.6532
vn 0.7572 -0.0000 0.6532
vn 0.6557 -0.3786 -0.6532
vn 0.6557 -0.3786 0.6532
vn 0.3786 -0.6557 -0.6532
vn 0.3786 -0.6557 0.6532
vn -0.0000 -0.7572 -0.6532
vn -0.0000 -0.7572 0.6532
vn -0.3786 -0.6557 -0.6532
vn -0.3786 -0.6557 0.6532
vn -0.6557 -0.3786 -0.6532
vn -0.6557 -0.3786 0.6532
vn -0.7572 -0.0000 -0.6532
vn -0.7572 -0.0000 0.6532
vn -0.6557 0.3786 -0.6532
vn -0.6557 0.3786 0.6532
vn -0.3786 0.6557 -0.6532
vn -0.3786 0.6557 0.6532
vt 1.000000 0.500000
vt 1.000000 1.000000
vt 0.916667 1.000000
vt 0.916667 0.500000
vt 0.833333 1.000000
vt 0.833333 0.500000
vt 0.750000 1.000000
vt 0.750000 0.500000
vt 0.666667 1.000000
vt 0.666667 0.500000
vt 0.583333 1.000000
vt 0.583333 0.500000
vt 0.500000 1.000000
vt 0.500000 0.500000
vt 0.416667 1.000000
vt 0.416667 0.500000
vt 0.333333 1.000000
vt 0.333333 0.500000
vt 0.250000 1.000000
vt 0.250000 0.500000
vt 0.166667 1.000000
vt 0.166667 0.500000
vt 0.370000 0.457846
vt 0.250000 0.490000
vt 0.130000 0.457846
vt 0.042154 0.370000
vt 0.010000 0.250000
vt 0.042154 0.130000
vt 0.130000 0.042154
vt 0.250000 0.010000
vt 0.370000 0.042154
vt 0.457846 0.130000
vt 0.490000 0.250000
vt 0.457846 0.370000
vt 0.083333 1.000000
vt 0.083333 0.500000
vt 0.000000 1.000000
vt 0.000000 0.500000
vt 0.750000 0.490000
vt 0.870000 0.457846
vt 0.957846 0.370000
vt 0.990000 0.250000
vt 0.957846 0.130000
vt 0.870000 0.042154
vt 0.750000 0.010000
vt 0.630000 0.042154
vt 0.542154 0.130000
vt 0.510000 0.250000
vt 0.542154 0.370000
vt 0.630000 0.457846
s 1
usemtl BlackIron
f 1421/1886/1431 1422/1887/1432 1424/1888/1434 1423/1889/1433
f 1423/1889/1433 1424/1888/1434 1426/1890/1436 1425/1891/1435
f 1425/1891/1435 1426/1890/1436 1428/1892/1438 1427/1893/1437
f 1427/1893/1437 1428/1892/1438 1430/1894/1440 1429/1895/1439
f 1429/1895/1439 1430/1894/1440 1432/1896/1442 1431/1897/1441
f 1431/1897/1441 1432/1896/1442 1434/1898/1444 1433/1899/1443
f 1433/1899/1443 1434/1898/1444 1436/1900/1446 1435/1901/1445
f 1435/1901/1445 1436/1900/1446 1438/1902/1448 1437/1903/1447
f 1437/1903/1447 1438/1902/1448 1440/1904/1450 1439/1905/1449
f 1439/1905/1449 1440/1904/1450 1442/1906/1452 1441/1907/1451
f 1424/1908/1434 1422/1909/1432 1444/1910/1454 1442/1911/1452 1440/1912/1450 1438/1913/1448 1436/1914/1446 1434/1915/1444 1432/1916/1442 1430/1917/1440 1428/1918/1438 1426/1919/1436
f 1441/1907/1451 1442/1906/1452 1444/1920/1454 1443/1921/1453
f 1443/1921/1453 1444/1920/1454 1422/1922/1432 1421/1923/1431
f 1421/1924/1431 1423/1925/1433 1425/1926/1435 1427/1927/1437 1429/1928/1439 1431/1929/1441 1433/1930/1443 1435/1931/1445 1437/1932/1447 1439/1933/1449 1441/1934/1451 1443/1935/1453
o iron_bolt
v 0.000000 0.930000 0.350000
v 0.000000 0.930000 1.510000
v 0.020000 0.924641 0.350000
v 0.020000 0.924641 1.510000
v 0.034641 0.910000 0.350000
v 0.034641 0.910000 1.510000
v 0.040000 0.890000 0.350000
v 0.040000 0.890000 1.510000
v 0.034641 0.870000 0.350000
v 0.034641 0.870000 1.510000
v 0.020000 0.855359 0.350000
v 0.020000 0.855359 1.510000
v 0.000000 0.850000 0.350000
v 0.000000 0.850000 1.510000
v -0.020000 0.855359 0.350000
v -0.020000 0.855359 1.510000
v -0.034641 0.870000 0.350000
v -0.034641 0.870000 1.510000
v -0.040000 0.890000 0.350000
v -0.040000 0.890000 1.510000
v -0.034641 0.910000 0.350000
v -0.034641 0.910000 1.510000
v -0.020000 0.924641 0.350000
v -0.020000 0.924641 1.510000
vn -0.0000 0.7572 -0.6532
vn -0.0000 0.7572 0.6532
vn 0.3786 0.6557 -0.6532
vn 0.3786 0.6557 0.6532
vn 0.6557 0.3786 -0.6532
vn 0.6557 0.3786 0.6532
vn 0.7572 -0.0000 -0.6532
vn 0.7572 -0.0000 0.6532
vn 0.6557 -0.3786 -0.6532
vn 0.6557 -0.3786 0.6532
vn 0.3786 -0.6557 -0.6532
vn 0.3786 -0.6557 0.6532
vn -0.0000 -0.7572 -0.6532
vn -0.0000 -0.7572 0.6532
vn -0.3786 -0.6557 -0.6532
vn -0.3786 -0.6557 0.6532
vn -0.6557 -0.3786 -0.6532
vn -0.6557 -0.3786 0.6532
vn -0.7572 -0.0000 -0.6532
vn -0.7572 -0.0000 0.6532
vn -0.6557 0.3786 -0.6532
vn -0.6557 0.3786 0.6532
vn -0.3786 0.6557 -0.6532
vn -0.3786 0.6557 0.6532
vt 1.000000 0.500000
vt 1.000000 1.000000
vt 0.916667 1.000000
vt 0.916667 0.500000
vt 0.833333 1.000000
vt 0.833333 0.500000
vt 0.750000 1.000000
vt 0.750000 0.500000
vt 0.666667 1.000000
vt 0.666667 0.500000
vt 0.583333 1.000000
vt 0.583333 0.500000
vt 0.500000 1.000000
vt 0.500000 0.500000
vt 0.416667 1.000000
vt 0.416667 0.500000
vt 0.333333 1.000000
vt 0.333333 0.500000
vt 0.250000 1.000000
vt 0.250000 0.500000
vt 0.166667 1.000000
vt 0.166667 0.500000
vt 0.370000 0.457846
vt 0.250000 0.490000
vt 0.130000 0.457846
vt 0.042154 0.370000
vt 0.010000 0.250000
vt 0.042154 0.130000
vt 0.130000 0.042154
vt 0.250000 0.010000
vt 0.370000 0.042154
vt 0.457846 0.130000
vt 0.490000 0.250000
vt 0.457846 0.370000
vt 0.083333 1.000000
vt 0.083333 0.500000
vt 0.000000 1.000000
vt 0.000000 0.500000
vt 0.750000 0.490000
vt 0.870000 0.457846
vt 0.957846 0.370000
vt 0.990000 0.250000
vt 0.957846 0.130000
vt 0.870000 0.042154
vt 0.750000 0.010000
vt 0.630000 0.042154
vt 0.542154 0.130000
vt 0.510000 0.250000
vt 0.542154 0.370000
vt 0.630000 0.457846
s 1
usemtl BlackIron
f 1445/1936/1455 1446/1937/1456 1448/1938/1458 1447/1939/1457
f 1447/1939/1457 1448/1938/1458 1450/1940/1460 1449/1941/1459
f 1449/1941/1459 1450/1940/1460 1452/1942/1462 1451/1943/1461
f 1451/1943/1461 1452/1942/1462 1454/1944/1464 1453/1945/1463
f 1453/1945/1463 1454/1944/1464 1456/1946/1466 1455/1947/1465
f 1455/1947/1465 1456/1946/1466 1458/1948/1468 1457/1949/1467
f 1457/1949/1467 1458/1948/1468 1460/1950/1470 1459/1951/1469
f 1459/1951/1469 1460/1950/1470 1462/1952/1472 1461/1953/1471
f 1461/1953/1471 1462/1952/1472 1464/1954/1474 1463/1955/1473
f 1463/1955/1473 1464/1954/1474 1466/1956/1476 1465/1957/1475
f 1448/1958/1458 1446/1959/1456 1468/1960/1478 1466/1961/1476 1464/1962/1474 1462/1963/1472 1460/1964/1470 1458/1965/1468 1456/1966/1466 1454/1967/1464 1452/1968/1462 1450/1969/1460
f 1465/1957/1475 1466/1956/1476 1468/1970/1478 1467/1971/1477
f 1467/1971/1477 1468/1970/1478 1446/1972/1456 1445/1973/1455
f 1445/1974/1455 1447/1975/1457 1449/1976/1459 1451/1977/1461 1453/1978/1463 1455/1979/1465 1457/1980/1467 1459/1981/1469 1461/1982/1471 1463/1983/1473 1465/1984/1475 1467/1985/1477
o bolt_head
v 0.000000 0.990000 1.420000
v 0.000000 0.906000 1.660000
v 0.070711 0.960711 1.420000
v 0.011314 0.901314 1.660000
v 0.100000 0.890000 1.420000
v 0.016000 0.890000 1.660000
v 0.070711 0.819289 1.420000
v 0.011314 0.878686 1.660000
v 0.000000 0.790000 1.420000
v 0.000000 0.874000 1.660000
v -0.070711 0.819289 1.420000
v -0.011314 0.878686 1.660000
v -0.100000 0.890000 1.420000
v -0.016000 0.890000 1.660000
v -0.070711 0.960711 1.420000
v -0.011314 0.901314 1.660000
vn 0.3641 0.8791 0.3077
vn 0.8791 0.3641 0.3077
vn 0.8791 -0.3641 0.3077
vn 0.3641 -0.8791 0.3077
vn -0.3641 -0.8791 0.3077
vn -0.8791 -0.3641 0.3077
vn -0.0000 -0.0000 1.0000
vn -0.8791 0.3641 0.3077
vn -0.3641 0.8791 0.3077
vn -0.0000 -0.0000 -1.0000
vt 1.000000 0.500000
vt 1.000000 1.000000
vt 0.875000 1.000000
vt 0.875000 0.500000
vt 0.750000 1.000000
vt 0.750000 0.500000
vt 0.625000 1.000000
vt 0.625000 0.500000
vt 0.500000 1.000000
vt 0.500000 0.500000
vt 0.375000 1.000000
vt 0.375000 0.500000
vt 0.250000 1.000000
vt 0.250000 0.500000
vt 0.419706 0.419706
vt 0.250000 0.490000
vt 0.080294 0.419706
vt 0.010000 0.250000
vt 0.080294 0.080294
vt 0.250000 0.010000
vt 0.419706 0.080294
vt 0.490000 0.250000
vt 0.125000 1.000000
vt 0.125000 0.500000
vt 0.000000 1.000000
vt 0.000000 0.500000
vt 0.750000 0.490000
vt 0.919706 0.419706
vt 0.990000 0.250000
vt 0.919706 0.080294
vt 0.750000 0.010000
vt 0.580294 0.080294
vt 0.510000 0.250000
vt 0.580294 0.419706
s 0
usemtl PlateEdge
f 1469/1986/1479 1470/1987/1479 1472/1988/1479 1471/1989/1479
f 1471/1989/1480 1472/1988/1480 1474/1990/1480 1473/1991/1480
f 1473/1991/1481 1474/1990/1481 1476/1992/1481 1475/1993/1481
f 1475/1993/1482 1476/1992/1482 1478/1994/1482 1477/1995/1482
f 1477/1995/1483 1478/1994/1483 1480/1996/1483 1479/1997/1483
f 1479/1997/1484 1480/1996/1484 1482/1998/1484 1481/1999/1484
f 1472/2000/1485 1470/2001/1485 1484/2002/1485 1482/2003/1485 1480/2004/1485 1478/2005/1485 1476/2006/1485 1474/2007/1485
f 1481/1999/1486 1482/1998/1486 1484/2008/1486 1483/2009/1486
f 1483/2009/1487 1484/2008/1487 1470/2010/1487 1469/2011/1487
f 1469/2012/1488 1471/2013/1488 1473/2014/1488 1475/2015/1488 1477/2016/1488 1479/2017/1488 1481/2018/1488 1483/2019/1488
o iron_limb_strap
v -0.509000 0.760000 0.639000
v -0.509000 0.776000 0.655000
v -0.525000 0.776000 0.639000
v -0.509000 0.762138 0.646990
v -0.516989 0.762138 0.639000
v -0.516651 0.764214 0.646651
v -0.516989 0.776000 0.652862
v -0.509000 0.768010 0.652862
v -0.516651 0.768349 0.650786
v -0.522862 0.768010 0.639000
v -0.522862 0.776000 0.646990
v -0.520786 0.768349 0.646651
v -0.509000 0.944000 0.655000
v -0.509000 0.960000 0.639000
v -0.525000 0.944000 0.639000
v -0.509000 0.951990 0.652862
v -0.516989 0.944000 0.652862
v -0.516651 0.951651 0.650786
v -0.516989 0.957862 0.639000
v -0.509000 0.957862 0.646990
v -0.516651 0.955786 0.646651
v -0.522862 0.944000 0.646990
v -0.522862 0.951990 0.639000
v -0.520786 0.951651 0.646651
v -0.509000 0.760000 0.481000
v -0.525000 0.776000 0.481000
v -0.509000 0.776000 0.465000
v -0.516989 0.762138 0.481000
v -0.509000 0.762138 0.473011
v -0.516651 0.764214 0.473349
v -0.522862 0.776000 0.473011
v -0.522862 0.768010 0.481000
v -0.520786 0.768349 0.473349
v -0.509000 0.768010 0.467138
v -0.516989 0.776000 0.467138
v -0.516651 0.768349 0.469214
v -0.509000 0.960000 0.481000
v -0.509000 0.944000 0.465000
v -0.525000 0.944000 0.481000
v -0.509000 0.957862 0.473011
v -0.516989 0.957862 0.481000
v -0.516651 0.955786 0.473349
v -0.516989 0.944000 0.467138
v -0.509000 0.951990 0.467138
v -0.516651 0.951651 0.469214
v -0.522862 0.951990 0.481000
v -0.522862 0.944000 0.473011
v -0.520786 0.951651 0.473349
v -0.431000 0.760000 0.639000
v -0.415000 0.776000 0.639000
v -0.431000 0.776000 0.655000
v -0.423010 0.762138 0.639000
v -0.431000 0.762138 0.646990
v -0.423349 0.764214 0.646651
v -0.417138 0.776000 0.646990
v -0.417138 0.768010 0.639000
v -0.419214 0.768349 0.646651
v -0.431000 0.768010 0.652862
v -0.423010 0.776000 0.652862
v -0.423349 0.768349 0.650786
v -0.431000 0.960000 0.639000
v -0.431000 0.944000 0.655000
v -0.415000 0.944000 0.639000
v -0.431000 0.957862 0.646990
v -0.423010 0.957862 0.639000
v -0.423349 0.955786 0.646651
v -0.423010 0.944000 0.652862
v -0.431000 0.951990 0.652862
v -0.423349 0.951651 0.650786
v -0.417138 0.951990 0.639000
v -0.417138 0.944000 0.646990
v -0.419214 0.951651 0.646651
v -0.431000 0.760000 0.481000
v -0.431000 0.776000 0.465000
v -0.415000 0.776000 0.481000
v -0.431000 0.762138 0.473011
v -0.423010 0.762138 0.481000
v -0.423349 0.764214 0.473349
v -0.423010 0.776000 0.467138
v -0.431000 0.768010 0.467138
v -0.423349 0.768349 0.469214
v -0.417138 0.768010 0.481000
v -0.417138 0.776000 0.473011
v -0.419214 0.768349 0.473349
v -0.431000 0.960000 0.481000
v -0.415000 0.944000 0.481000
v -0.431000 0.944000 0.465000
v -0.423010 0.957862 0.481000
v -0.431000 0.957862 0.473011
v -0.423349 0.955786 0.473349
v -0.417138 0.944000 0.473011
v -0.417138 0.951990 0.481000
v -0.419214 0.951651 0.473349
v -0.431000 0.951990 0.467138
v -0.423010 0.944000 0.467138
v -0.423349 0.951651 0.469214
vn -0.2566 -0.9318 0.2566
vn -0.2178 -0.6901 0.6901
vn -0.2566 -0.2566 0.9318
vn -0.6901 -0.2178 0.6901
vn -0.9318 -0.2566 0.2566
vn -0.6901 -0.6901 0.2178
vn -0.5774 -0.5773 0.5773
vn -0.2566 0.2566 0.9318
vn -0.2178 0.6901 0.6901
vn -0.2566 0.9318 0.2566
vn -0.6901 0.6901 0.2178
vn -0.9318 0.2566 0.2566
vn -0.6901 0.2178 0.6901
vn -0.5774 0.5773 0.5773
vn -0.2566 -0.9318 -0.2566
vn -0.6901 -0.6901 -0.2178
vn -0.9318 -0.2566 -0.2566
vn -0.6901 -0.2178 -0.6901
vn -0.2566 -0.2566 -0.9318
vn -0.2178 -0.6901 -0.6901
vn -0.5774 -0.5773 -0.5773
vn -0.2566 0.9318 -0.2566
vn -0.2178 0.6901 -0.6901
vn -0.2566 0.2566 -0.9318
vn -0.6901 0.2178 -0.6901
vn -0.9318 0.2566 -0.2566
vn -0.6901 0.6901 -0.2178
vn -0.5774 0.5773 -0.5773
vn 0.2566 -0.9318 0.2566
vn 0.6901 -0.6901 0.2178
vn 0.9318 -0.2566 0.2566
vn 0.6901 -0.2178 0.6901
vn 0.2566 -0.2566 0.9318
vn 0.2178 -0.6901 0.6901
vn 0.5774 -0.5773 0.5773
vn 0.2566 0.9318 0.2566
vn 0.2178 0.6901 0.6901
vn 0.2566 0.2566 0.9318
vn 0.6901 0.2178 0.6901
vn 0.9318 0.2566 0.2566
vn 0.6901 0.6901 0.2178
vn 0.5774 0.5773 0.5773
vn 0.2566 -0.9318 -0.2566
vn 0.2178 -0.6901 -0.6901
vn 0.2566 -0.2566 -0.9318
vn 0.6901 -0.2178 -0.6901
vn 0.9318 -0.2566 -0.2566
vn 0.6901 -0.6901 -0.2178
vn 0.5774 -0.5773 -0.5773
vn 0.2566 0.9318 -0.2566
vn 0.6901 0.6901 -0.2178
vn 0.9318 0.2566 -0.2566
vn 0.6901 0.2178 -0.6901
vn 0.2566 0.2566 -0.9318
vn 0.2178 0.6901 -0.6901
vn 0.5774 0.5773 -0.5773
vn -0.2585 -0.9660 -0.0000
vn -0.7071 -0.7071 -0.0000
vn -0.9660 -0.2585 -0.0000
vn -0.2585 -0.0000 0.9660
vn -0.7071 -0.0000 0.7071
vn -0.9660 -0.0000 0.2585
vn -0.2585 0.9660 -0.0000
vn -0.7071 0.7071 -0.0000
vn -0.9660 0.2585 -0.0000
vn -0.2585 -0.0000 -0.9660
vn -0.7071 -0.0000 -0.7071
vn -0.9660 -0.0000 -0.2585
vn -0.0000 -0.9660 -0.2585
vn -0.0000 -0.7071 -0.7071
vn -0.0000 -0.2585 -0.9660
vn -0.0000 0.9660 -0.2585
vn -0.0000 0.7071 -0.7071
vn -0.0000 0.2585 -0.9660
vn 0.9660 -0.0000 -0.2585
vn 0.7071 -0.0000 -0.7071
vn 0.2585 -0.0000 -0.9660
vn 0.2585 -0.9660 -0.0000
vn 0.7071 -0.7071 -0.0000
vn 0.9660 -0.2585 -0.0000
vn 0.2585 0.9660 -0.0000
vn 0.7071 0.7071 -0.0000
vn 0.9660 0.2585 -0.0000
vn 0.2585 -0.0000 0.9660
vn 0.7071 -0.0000 0.7071
vn 0.9660 -0.0000 0.2585
vn -0.0000 -0.9660 0.2585
vn -0.0000 -0.7071 0.7071
vn -0.0000 -0.2585 0.9660
vn -0.0000 0.9660 0.2585
vn -0.0000 0.7071 0.7071
vn -0.0000 0.2585 0.9660
vn -0.0000 -1.0000 -0.0000
vn -1.0000 -0.0000 -0.0000
vn -0.0000 -0.0000 1.0000
vn -0.0000 1.0000 -0.0000
vn -0.0000 -0.0000 -1.0000
vn 1.0000 -0.0000 -0.0000
vt 0.161364 0.728947
vt 0.161364 0.739460
vt 0.143974 0.739015
vt 0.143206 0.728947
vt 0.161364 0.750000
vt 0.143974 0.750000
vt 0.395000 0.963636
vt 0.395000 1.000000
vt 0.375000 0.981026
vt 0.375000 0.963636
vt 0.395000 0.000000
vt 0.395000 0.010540
vt 0.375000 0.010985
vt 0.375000 0.000000
vt 0.395000 0.021053
vt 0.375000 0.021053
vt 0.125000 0.728947
vt 0.125000 0.739015
vt 0.605000 0.963636
vt 0.614987 0.963636
vt 0.614564 1.000000
vt 0.605000 1.000000
vt 0.625000 0.963636
vt 0.625000 1.000000
vt 0.838636 0.728947
vt 0.875000 0.728947
vt 0.875000 0.739015
vt 0.838636 0.750000
vt 0.625000 0.021053
vt 0.614987 0.021053
vt 0.614564 0.010985
vt 0.625000 0.010985
vt 0.605000 0.021053
vt 0.605000 0.010540
vt 0.605000 0.000000
vt 0.614564 0.000000
vt 0.161364 0.521053
vt 0.143206 0.521053
vt 0.143974 0.510985
vt 0.161364 0.510540
vt 0.125000 0.521053
vt 0.125000 0.510985
vt 0.395000 0.228947
vt 0.395000 0.239460
vt 0.375000 0.239015
vt 0.375000 0.228947
vt 0.395000 0.268206
vt 0.375000 0.268974
vt 0.395000 0.286364
vt 0.375000 0.286364
vt 0.161364 0.500000
vt 0.143974 0.500000
vt 0.838636 0.521053
vt 0.838636 0.500000
vt 0.875000 0.510985
vt 0.875000 0.521053
vt 0.625000 0.286364
vt 0.614987 0.286364
vt 0.614564 0.267077
vt 0.625000 0.243861
vt 0.605000 0.286364
vt 0.605000 0.268206
vt 0.605000 0.239460
vt 0.614564 0.239015
vt 0.605000 0.228947
vt 0.614987 0.228947
vt 0.625000 0.228947
vt 0.338636 0.728947
vt 0.356794 0.728947
vt 0.356026 0.739015
vt 0.338636 0.739460
vt 0.385013 0.728947
vt 0.383887 0.739015
vt 0.395000 0.728947
vt 0.395000 0.739460
vt 0.395000 0.768206
vt 0.368031 0.762005
vt 0.395000 0.786364
vt 0.356913 0.768277
vt 0.661364 0.728947
vt 0.643277 0.768087
vt 0.637005 0.756969
vt 0.643206 0.728947
vt 0.614987 0.786364
vt 0.614564 0.768974
vt 0.605000 0.786364
vt 0.605000 0.768206
vt 0.605000 0.739460
vt 0.614564 0.740606
vt 0.605000 0.728947
vt 0.614987 0.728947
vt 0.338636 0.521053
vt 0.338636 0.510540
vt 0.356026 0.510985
vt 0.356794 0.521053
vt 0.356913 0.481723
vt 0.368031 0.487995
vt 0.395000 0.463636
vt 0.395000 0.481794
vt 0.395000 0.510540
vt 0.383887 0.510985
vt 0.395000 0.521053
vt 0.385013 0.521053
vt 0.661364 0.521053
vt 0.643206 0.521053
vt 0.637005 0.493031
vt 0.643277 0.481913
vt 0.614987 0.521053
vt 0.614564 0.509394
vt 0.605000 0.521053
vt 0.605000 0.510540
vt 0.605000 0.481794
vt 0.614564 0.481026
vt 0.605000 0.463636
vt 0.614987 0.463636
s 0
usemtl BlackIron
f 1485/2020/1489 1488/2021/1489 1490/2022/1489 1489/2023/1489
f 1488/2021/1490 1492/2024/1490 1493/2025/1490 1490/2022/1490
f 1486/2026/1491 1491/2027/1491 1493/2028/1491 1492/2029/1491
f 1491/2030/1492 1495/2031/1492 1496/2032/1492 1493/2033/1492
f 1487/2034/1493 1494/2035/1493 1496/2032/1493 1495/2031/1493
f 1494/2036/1494 1489/2023/1494 1490/2022/1494 1496/2037/1494
f 1490/2022/1495 1493/2025/1495 1496/2037/1495
f 1497/2038/1496 1500/2039/1496 1502/2040/1496 1501/2041/1496
f 1500/2039/1497 1504/2042/1497 1505/2043/1497 1502/2040/1497
f 1498/2044/1498 1503/2045/1498 1505/2046/1498 1504/2047/1498
f 1503/2048/1499 1507/2049/1499 1508/2050/1499 1505/2051/1499
f 1499/2052/1500 1506/2053/1500 1508/2050/1500 1507/2049/1500
f 1506/2053/1501 1501/2054/1501 1502/2055/1501 1508/2050/1501
f 1502/2055/1502 1505/2051/1502 1508/2050/1502
f 1509/2056/1503 1512/2057/1503 1514/2058/1503 1513/2059/1503
f 1512/2057/1504 1516/2060/1504 1517/2061/1504 1514/2058/1504
f 1510/2062/1505 1515/2063/1505 1517/2064/1505 1516/2065/1505
f 1515/2063/1506 1519/2066/1506 1520/2067/1506 1517/2064/1506
f 1511/2068/1507 1518/2069/1507 1520/2067/1507 1519/2066/1507
f 1518/2070/1508 1513/2059/1508 1514/2058/1508 1520/2071/1508
f 1514/2058/1509 1517/2061/1509 1520/2071/1509
f 1521/2072/1510 1524/2073/1510 1526/2074/1510 1525/2075/1510
f 1524/2076/1511 1528/2077/1511 1529/2078/1511 1526/2079/1511
f 1522/2080/1512 1527/2081/1512 1529/2078/1512 1528/2077/1512
f 1527/2081/1513 1531/2082/1513 1532/2083/1513 1529/2078/1513
f 1523/2084/1514 1530/2085/1514 1532/2083/1514 1531/2082/1514
f 1530/2085/1515 1525/2086/1515 1526/2079/1515 1532/2083/1515
f 1526/2079/1516 1529/2078/1516 1532/2083/1516
f 1533/2087/1517 1536/2088/1517 1538/2089/1517 1537/2090/1517
f 1536/2088/1518 1540/2091/1518 1541/2092/1518 1538/2089/1518
f 1534/2093/1519 1539/2094/1519 1541/2092/1519 1540/2091/1519
f 1539/2094/1520 1543/2095/1520 1544/2096/1520 1541/2092/1520
f 1535/2097/1521 1542/2098/1521 1544/2096/1521 1543/2095/1521
f 1542/2098/1522 1537/2090/1522 1538/2089/1522 1544/2096/1522
f 1538/2089/1523 1541/2092/1523 1544/2096/1523
f 1545/2099/1524 1548/2100/1524 1550/2101/1524 1549/2102/1524
f 1548/2100/1525 1552/2103/1525 1553/2104/1525 1550/2101/1525
f 1546/2105/1526 1551/2106/1526 1553/2104/1526 1552/2103/1526
f 1551/2106/1527 1555/2107/1527 1556/2108/1527 1553/2104/1527
f 1547/2109/1528 1554/2110/1528 1556/2108/1528 1555/2107/1528
f 1554/2110/1529 1549/2102/1529 1550/2101/1529 1556/2108/1529
f 1550/2101/1530 1553/2104/1530 1556/2108/1530
f 1557/2111/1531 1560/2112/1531 1562/2113/1531 1561/2114/1531
f 1560/2112/1532 1564/2115/1532 1565/2116/1532 1562/2113/1532
f 1558/2117/1533 1563/2118/1533 1565/2116/1533 1564/2115/1533
f 1563/2118/1534 1567/2119/1534 1568/2120/1534 1565/2116/1534
f 1559/2121/1535 1566/2122/1535 1568/2120/1535 1567/2119/1535
f 1566/2122/1536 1561/2114/1536 1562/2113/1536 1568/2120/1536
f 1562/2113/1537 1565/2116/1537 1568/2120/1537
f 1569/2123/1538 1572/2124/1538 1574/2125/1538 1573/2126/1538
f 1572/2124/1539 1576/2127/1539 1577/2128/1539 1574/2125/1539
f 1570/2129/1540 1575/2130/1540 1577/2128/1540 1576/2127/1540
f 1575/2130/1541 1579/2131/1541 1580/2132/1541 1577/2128/1541
f 1571/2133/1542 1578/2134/1542 1580/2132/1542 1579/2131/1542
f 1578/2134/1543 1573/2126/1543 1574/2125/1543 1580/2132/1543
f 1574/2125/1544 1577/2128/1544 1580/2132/1544
f 1509/2056/1545 1485/2020/1545 1489/2023/1545 1512/2057/1545
f 1512/2057/1546 1489/2023/1546 1494/2036/1546 1516/2060/1546
f 1516/2065/1547 1494/2035/1547 1487/2034/1547 1510/2062/1547
f 1486/2026/1548 1497/2038/1548 1501/2041/1548 1491/2027/1548
f 1491/2030/1549 1501/2054/1549 1506/2053/1549 1495/2031/1549
f 1495/2031/1550 1506/2053/1550 1499/2052/1550 1487/2034/1550
f 1498/2044/1551 1521/2072/1551 1525/2075/1551 1503/2045/1551
f 1503/2048/1552 1525/2086/1552 1530/2085/1552 1507/2049/1552
f 1507/2049/1553 1530/2085/1553 1523/2084/1553 1499/2052/1553
f 1522/2080/1554 1511/2068/1554 1519/2066/1554 1527/2081/1554
f 1527/2081/1555 1519/2066/1555 1515/2063/1555 1531/2082/1555
f 1531/2082/1556 1515/2063/1556 1510/2062/1556 1523/2084/1556
f 1557/2111/1557 1509/2056/1557 1513/2059/1557 1560/2112/1557
f 1560/2112/1558 1513/2059/1558 1518/2070/1558 1564/2115/1558
f 1564/2115/1559 1518/2069/1559 1511/2068/1559 1558/2117/1559
f 1521/2072/1560 1569/2123/1560 1573/2126/1560 1524/2073/1560
f 1524/2076/1561 1573/2126/1561 1578/2134/1561 1528/2077/1561
f 1528/2077/1562 1578/2134/1562 1571/2133/1562 1522/2080/1562
f 1570/2129/1563 1559/2121/1563 1567/2119/1563 1575/2130/1563
f 1575/2130/1564 1567/2119/1564 1563/2118/1564 1579/2131/1564
f 1579/2131/1565 1563/2118/1565 1558/2117/1565 1571/2133/1565
f 1533/2087/1566 1557/2111/1566 1561/2114/1566 1536/2088/1566
f 1536/2088/1567 1561/2114/1567 1566/2122/1567 1540/2091/1567
f 1540/2091/1568 1566/2122/1568 1559/2121/1568 1534/2093/1568
f 1569/2123/1569 1545/2099/1569 1549/2102/1569 1572/2124/1569
f 1572/2124/1570 1549/2102/1570 1554/2110/1570 1576/2127/1570
f 1576/2127/1571 1554/2110/1571 1547/2109/1571 1570/2129/1571
f 1546/2105/1572 1535/2097/1572 1543/2095/1572 1551/2106/1572
f 1551/2106/1573 1543/2095/1573 1539/2094/1573 1555/2107/1573
f 1555/2107/1574 1539/2094/1574 1534/2093/1574 1547/2109/1574
f 1485/2020/1575 1533/2087/1575 1537/2090/1575 1488/2021/1575
f 1488/2021/1576 1537/2090/1576 1542/2098/1576 1492/2024/1576
f 1492/2029/1577 1542/2098/1577 1535/2097/1577 1486/2026/1577
f 1545/2099/1578 1498/2044/1578 1504/2047/1578 1548/2100/1578
f 1548/2100/1579 1504/2042/1579 1500/2039/1579 1552/2103/1579
f 1552/2103/1580 1500/2039/1580 1497/2038/1580 1546/2105/1580
f 1509/2056/1581 1557/2111/1581 1533/2087/1581 1485/2020/1581
f 1487/2034/1582 1499/2052/1582 1523/2084/1582 1510/2062/1582
f 1535/2097/1583 1546/2105/1583 1497/2038/1583 1486/2026/1583
f 1569/2123/1584 1521/2072/1584 1498/2044/1584 1545/2099/1584
f 1511/2068/1585 1522/2080/1585 1571/2133/1585 1558/2117/1585
f 1559/2121/1586 1570/2129/1586 1547/2109/1586 1534/2093/1586
o iron_limb_strap.001
v 0.431000 0.760000 0.639000
v 0.431000 0.776000 0.655000
v 0.415000 0.776000 0.639000
v 0.431000 0.762138 0.646990
v 0.423010 0.762138 0.639000
v 0.423349 0.764214 0.646651
v 0.423010 0.776000 0.652862
v 0.431000 0.768010 0.652862
v 0.423349 0.768349 0.650786
v 0.417138 0.768010 0.639000
v 0.417138 0.776000 0.646990
v 0.419214 0.768349 0.646651
v 0.431000 0.944000 0.655000
v 0.431000 0.960000 0.639000
v 0.415000 0.944000 0.639000
v 0.431000 0.951990 0.652862
v 0.423010 0.944000 0.652862
v 0.423349 0.951651 0.650786
v 0.423010 0.957862 0.639000
v 0.431000 0.957862 0.646990
v 0.423349 0.955786 0.646651
v 0.417138 0.944000 0.646990
v 0.417138 0.951990 0.639000
v 0.419214 0.951651 0.646651
v 0.431000 0.760000 0.481000
v 0.415000 0.776000 0.481000
v 0.431000 0.776000 0.465000
v 0.423010 0.762138 0.481000
v 0.431000 0.762138 0.473011
v 0.423349 0.764214 0.473349
v 0.417138 0.776000 0.473011
v 0.417138 0.768010 0.481000
v 0.419214 0.768349 0.473349
v 0.431000 0.768010 0.467138
v 0.423010 0.776000 0.467138
v 0.423349 0.768349 0.469214
v 0.431000 0.960000 0.481000
v 0.431000 0.944000 0.465000
v 0.415000 0.944000 0.481000
v 0.431000 0.957862 0.473011
v 0.423010 0.957862 0.481000
v 0.423349 0.955786 0.473349
v 0.423010 0.944000 0.467138
v 0.431000 0.951990 0.467138
v 0.423349 0.951651 0.469214
v 0.417138 0.951990 0.481000
v 0.417138 0.944000 0.473011
v 0.419214 0.951651 0.473349
v 0.509000 0.760000 0.639000
v 0.525000 0.776000 0.639000
v 0.509000 0.776000 0.655000
v 0.516989 0.762138 0.639000
v 0.509000 0.762138 0.646990
v 0.516651 0.764214 0.646651
v 0.522862 0.776000 0.646990
v 0.522862 0.768010 0.639000
v 0.520786 0.768349 0.646651
v 0.509000 0.768010 0.652862
v 0.516989 0.776000 0.652862
v 0.516651 0.768349 0.650786
v 0.509000 0.960000 0.639000
v 0.509000 0.944000 0.655000
v 0.525000 0.944000 0.639000
v 0.509000 0.957862 0.646990
v 0.516989 0.957862 0.639000
v 0.516651 0.955786 0.646651
v 0.516989 0.944000 0.652862
v 0.509000 0.951990 0.652862
v 0.516651 0.951651 0.650786
v 0.522862 0.951990 0.639000
v 0.522862 0.944000 0.646990
v 0.520786 0.951651 0.646651
v 0.509000 0.760000 0.481000
v 0.509000 0.776000 0.465000
v 0.525000 0.776000 0.481000
v 0.509000 0.762138 0.473011
v 0.516989 0.762138 0.481000
v 0.516651 0.764214 0.473349
v 0.516989 0.776000 0.467138
v 0.509000 0.768010 0.467138
v 0.516651 0.768349 0.469214
v 0.522862 0.768010 0.481000
v 0.522862 0.776000 0.473011
v 0.520786 0.768349 0.473349
v 0.509000 0.960000 0.481000
v 0.525000 0.944000 0.481000
v 0.509000 0.944000 0.465000
v 0.516989 0.957862 0.481000
v 0.509000 0.957862 0.473011
v 0.516651 0.955786 0.473349
v 0.522862 0.944000 0.473011
v 0.522862 0.951990 0.481000
v 0.520786 0.951651 0.473349
v 0.509000 0.951990 0.467138
v 0.516989 0.944000 0.467138
v 0.516651 0.951651 0.469214
vn -0.2566 -0.9318 0.2566
vn -0.2178 -0.6901 0.6901
vn -0.2566 -0.2566 0.9318
vn -0.6901 -0.2178 0.6901
vn -0.9318 -0.2566 0.2566
vn -0.6901 -0.6901 0.2178
vn -0.5774 -0.5773 0.5773
vn -0.2566 0.2566 0.9318
vn -0.2178 0.6901 0.6901
vn -0.2566 0.9318 0.2566
vn -0.6901 0.6901 0.2178
vn -0.9318 0.2566 0.2566
vn -0.6901 0.2178 0.6901
vn -0.5774 0.5773 0.5773
vn -0.2566 -0.9318 -0.2566
vn -0.6901 -0.6901 -0.2178
vn -0.9318 -0.2566 -0.2566
vn -0.6901 -0.2178 -0.6901
vn -0.2566 -0.2566 -0.9318
vn -0.2178 -0.6901 -0.6901
vn -0.5774 -0.5773 -0.5773
vn -0.2566 0.9318 -0.2566
vn -0.2178 0.6901 -0.6901
vn -0.2566 0.2566 -0.9318
vn -0.6901 0.2178 -0.6901
vn -0.9318 0.2566 -0.2566
vn -0.6901 0.6901 -0.2178
vn -0.5774 0.5773 -0.5773
vn 0.2566 -0.9318 0.2566
vn 0.6901 -0.6901 0.2178
vn 0.9318 -0.2566 0.2566
vn 0.6901 -0.2178 0.6901
vn 0.2566 -0.2566 0.9318
vn 0.2178 -0.6901 0.6901
vn 0.5774 -0.5773 0.5773
vn 0.2566 0.9318 0.2566
vn 0.2178 0.6901 0.6901
vn 0.2566 0.2566 0.9318
vn 0.6901 0.2178 0.6901
vn 0.9318 0.2566 0.2566
vn 0.6901 0.6901 0.2178
vn 0.5774 0.5773 0.5773
vn 0.2566 -0.9318 -0.2566
vn 0.2178 -0.6901 -0.6901
vn 0.2566 -0.2566 -0.9318
vn 0.6901 -0.2178 -0.6901
vn 0.9318 -0.2566 -0.2566
vn 0.6901 -0.6901 -0.2178
vn 0.5774 -0.5773 -0.5773
vn 0.2566 0.9318 -0.2566
vn 0.6901 0.6901 -0.2178
vn 0.9318 0.2566 -0.2566
vn 0.6901 0.2178 -0.6901
vn 0.2566 0.2566 -0.9318
vn 0.2178 0.6901 -0.6901
vn 0.5774 0.5773 -0.5773
vn -0.2585 -0.9660 -0.0000
vn -0.7071 -0.7071 -0.0000
vn -0.9660 -0.2585 -0.0000
vn -0.2585 -0.0000 0.9660
vn -0.7071 -0.0000 0.7071
vn -0.9660 -0.0000 0.2585
vn -0.2585 0.9660 -0.0000
vn -0.7071 0.7071 -0.0000
vn -0.9660 0.2585 -0.0000
vn -0.2585 -0.0000 -0.9660
vn -0.7071 -0.0000 -0.7071
vn -0.9660 -0.0000 -0.2585
vn -0.0000 -0.9660 -0.2585
vn -0.0000 -0.7071 -0.7071
vn -0.0000 -0.2585 -0.9660
vn -0.0000 0.9660 -0.2585
vn -0.0000 0.7071 -0.7071
vn -0.0000 0.2585 -0.9660
vn 0.9660 -0.0000 -0.2585
vn 0.7071 -0.0000 -0.7071
vn 0.2585 -0.0000 -0.9660
vn 0.2585 -0.9660 -0.0000
vn 0.7071 -0.7071 -0.0000
vn 0.9660 -0.2585 -0.0000
vn 0.2585 0.9660 -0.0000
vn 0.7071 0.7071 -0.0000
vn 0.9660 0.2585 -0.0000
vn 0.2585 -0.0000 0.9660
vn 0.7071 -0.0000 0.7071
vn 0.9660 -0.0000 0.2585
vn -0.0000 -0.9660 0.2585
vn -0.0000 -0.7071 0.7071
vn -0.0000 -0.2585 0.9660
vn -0.0000 0.9660 0.2585
vn -0.0000 0.7071 0.7071
vn -0.0000 0.2585 0.9660
vn -0.0000 -1.0000 -0.0000
vn -1.0000 -0.0000 -0.0000
vn -0.0000 -0.0000 1.0000
vn -0.0000 1.0000 -0.0000
vn -0.0000 -0.0000 -1.0000
vn 1.0000 -0.0000 -0.0000
vt 0.161364 0.728947
vt 0.161364 0.739460
vt 0.143974 0.739015
vt 0.143206 0.728947
vt 0.161364 0.750000
vt 0.143974 0.750000
vt 0.395000 0.963636
vt 0.395000 1.000000
vt 0.375000 0.981026
vt 0.375000 0.963636
vt 0.395000 0.000000
vt 0.395000 0.010540
vt 0.375000 0.010985
vt 0.375000 0.000000
vt 0.395000 0.021053
vt 0.375000 0.021053
vt 0.125000 0.728947
vt 0.125000 0.739015
vt 0.605000 0.963636
vt 0.614987 0.963636
vt 0.614564 1.000000
vt 0.605000 1.000000
vt 0.625000 0.963636
vt 0.625000 1.000000
vt 0.838636 0.728947
vt 0.875000 0.728947
vt 0.875000 0.739015
vt 0.838636 0.750000
vt 0.625000 0.021053
vt 0.614987 0.021053
vt 0.614564 0.010985
vt 0.625000 0.010985
vt 0.605000 0.021053
vt 0.605000 0.010540
vt 0.605000 0.000000
vt 0.614564 0.000000
vt 0.161364 0.521053
vt 0.143206 0.521053
vt 0.143974 0.510985
vt 0.161364 0.510540
vt 0.125000 0.521053
vt 0.125000 0.510985
vt 0.395000 0.228947
vt 0.395000 0.239460
vt 0.375000 0.239015
vt 0.375000 0.228947
vt 0.395000 0.268206
vt 0.375000 0.268974
vt 0.395000 0.286364
vt 0.375000 0.286364
vt 0.161364 0.500000
vt 0.143974 0.500000
vt 0.838636 0.521053
vt 0.838636 0.500000
vt 0.875000 0.510985
vt 0.875000 0.521053
vt 0.625000 0.286364
vt 0.614987 0.286364
vt 0.614564 0.267077
vt 0.625000 0.243861
vt 0.605000 0.286364
vt 0.605000 0.268206
vt 0.605000 0.239460
vt 0.614564 0.239015
vt 0.605000 0.228947
vt 0.614987 0.228947
vt 0.625000 0.228947
vt 0.338636 0.728947
vt 0.356794 0.728947
vt 0.356026 0.739015
vt 0.338636 0.739460
vt 0.385013 0.728947
vt 0.383887 0.739015
vt 0.395000 0.728947
vt 0.395000 0.739460
vt 0.395000 0.768206
vt 0.368031 0.762005
vt 0.395000 0.786364
vt 0.356913 0.768277
vt 0.661364 0.728947
vt 0.643277 0.768087
vt 0.637005 0.756969
vt 0.643206 0.728947
vt 0.614987 0.786364
vt 0.614564 0.768974
vt 0.605000 0.786364
vt 0.605000 0.768206
vt 0.605000 0.739460
vt 0.614564 0.740606
vt 0.605000 0.728947
vt 0.614987 0.728947
vt 0.338636 0.521053
vt 0.338636 0.510540
vt 0.356026 0.510985
vt 0.356794 0.521053
vt 0.356913 0.481723
vt 0.368031 0.487995
vt 0.395000 0.463636
vt 0.395000 0.481794
vt 0.395000 0.510540
vt 0.383887 0.510985
vt 0.395000 0.521053
vt 0.385013 0.521053
vt 0.661364 0.521053
vt 0.643206 0.521053
vt 0.637005 0.493031
vt 0.643277 0.481913
vt 0.614987 0.521053
vt 0.614564 0.509394
vt 0.605000 0.521053
vt 0.605000 0.510540
vt 0.605000 0.481794
vt 0.614564 0.481026
vt 0.605000 0.463636
vt 0.614987 0.463636
s 0
usemtl BlackIron
f 1581/2135/1587 1584/2136/1587 1586/2137/1587 1585/2138/1587
f 1584/2136/1588 1588/2139/1588 1589/2140/1588 1586/2137/1588
f 1582/2141/1589 1587/2142/1589 1589/2143/1589 1588/2144/1589
f 1587/2145/1590 1591/2146/1590 1592/2147/1590 1589/2148/1590
f 1583/2149/1591 1590/2150/1591 1592/2147/1591 1591/2146/1591
f 1590/2151/1592 1585/2138/1592 1586/2137/1592 1592/2152/1592
f 1586/2137/1593 1589/2140/1593 1592/2152/1593
f 1593/2153/1594 1596/2154/1594 1598/2155/1594 1597/2156/1594
f 1596/2154/1595 1600/2157/1595 1601/2158/1595 1598/2155/1595
f 1594/2159/1596 1599/2160/1596 1601/2161/1596 1600/2162/1596
f 1599/2163/1597 1603/2164/1597 1604/2165/1597 1601/2166/1597
f 1595/2167/1598 1602/2168/1598 1604/2165/1598 1603/2164/1598
f 1602/2168/1599 1597/2169/1599 1598/2170/1599 1604/2165/1599
f 1598/2170/1600 1601/2166/1600 1604/2165/1600
f 1605/2171/1601 1608/2172/1601 1610/2173/1601 1609/2174/1601
f 1608/2172/1602 1612/2175/1602 1613/2176/1602 1610/2173/1602
f 1606/2177/1603 1611/2178/1603 1613/2179/1603 1612/2180/1603
f 1611/2178/1604 1615/2181/1604 1616/2182/1604 1613/2179/1604
f 1607/2183/1605 1614/2184/1605 1616/2182/1605 1615/2181/1605
f 1614/2185/1606 1609/2174/1606 1610/2173/1606 1616/2186/1606
f 1610/2173/1607 1613/2176/1607 1616/2186/1607
f 1617/2187/1608 1620/2188/1608 1622/2189/1608 1621/2190/1608
f 1620/2191/1609 1624/2192/1609 1625/2193/1609 1622/2194/1609
f 1618/2195/1610 1623/2196/1610 1625/2193/1610 1624/2192/1610
f 1623/2196/1611 1627/2197/1611 1628/2198/1611 1625/2193/1611
f 1619/2199/1612 1626/2200/1612 1628/2198/1612 1627/2197/1612
f 1626/2200/1613 1621/2201/1613 1622/2194/1613 1628/2198/1613
f 1622/2194/1614 1625/2193/1614 1628/2198/1614
f 1629/2202/1615 1632/2203/1615 1634/2204/1615 1633/2205/1615
f 1632/2203/1616 1636/2206/1616 1637/2207/1616 1634/2204/1616
f 1630/2208/1617 1635/2209/1617 1637/2207/1617 1636/2206/1617
f 1635/2209/1618 1639/2210/1618 1640/2211/1618 1637/2207/1618
f 1631/2212/1619 1638/2213/1619 1640/2211/1619 1639/2210/1619
f 1638/2213/1620 1633/2205/1620 1634/2204/1620 1640/2211/1620
f 1634/2204/1621 1637/2207/1621 1640/2211/1621
f 1641/2214/1622 1644/2215/1622 1646/2216/1622 1645/2217/1622
f 1644/2215/1623 1648/2218/1623 1649/2219/1623 1646/2216/1623
f 1642/2220/1624 1647/2221/1624 1649/2219/1624 1648/2218/1624
f 1647/2221/1625 1651/2222/1625 1652/2223/1625 1649/2219/1625
f 1643/2224/1626 1650/2225/1626 1652/2223/1626 1651/2222/1626
f 1650/2225/1627 1645/2217/1627 1646/2216/1627 1652/2223/1627
f 1646/2216/1628 1649/2219/1628 1652/2223/1628
f 1653/2226/1629 1656/2227/1629 1658/2228/1629 1657/2229/1629
f 1656/2227/1630 1660/2230/1630 1661/2231/1630 1658/2228/1630
f 1654/2232/1631 1659/2233/1631 1661/2231/1631 1660/2230/1631
f 1659/2233/1632 1663/2234/1632 1664/2235/1632 1661/2231/1632
f 1655/2236/1633 1662/2237/1633 1664/2235/1633 1663/2234/1633
f 1662/2237/1634 1657/2229/1634 1658/2228/1634 1664/2235/1634
f 1658/2228/1635 1661/2231/1635 1664/2235/1635
f 1665/2238/1636 1668/2239/1636 1670/2240/1636 1669/2241/1636
f 1668/2239/1637 1672/2242/1637 1673/2243/1637 1670/2240/1637
f 1666/2244/1638 1671/2245/1638 1673/2243/1638 1672/2242/1638
f 1671/2245/1639 1675/2246/1639 1676/2247/1639 1673/2243/1639
f 1667/2248/1640 1674/2249/1640 1676/2247/1640 1675/2246/1640
f 1674/2249/1641 1669/2241/1641 1670/2240/1641 1676/2247/1641
f 1670/2240/1642 1673/2243/1642 1676/2247/1642
f 1605/2171/1643 1581/2135/1643 1585/2138/1643 1608/2172/1643
f 1608/2172/1644 1585/2138/1644 1590/2151/1644 1612/2175/1644
f 1612/2180/1645 1590/2150/1645 1583/2149/1645 1606/2177/1645
f 1582/2141/1646 1593/2153/1646 1597/2156/1646 1587/2142/1646
f 1587/2145/1647 1597/2169/1647 1602/2168/1647 1591/2146/1647
f 1591/2146/1648 1602/2168/1648 1595/2167/1648 1583/2149/1648
f 1594/2159/1649 1617/2187/1649 1621/2190/1649 1599/2160/1649
f 1599/2163/1650 1621/2201/1650 1626/2200/1650 1603/2164/1650
f 1603/2164/1651 1626/2200/1651 1619/2199/1651 1595/2167/1651
f 1618/2195/1652 1607/2183/1652 1615/2181/1652 1623/2196/1652
f 1623/2196/1653 1615/2181/1653 1611/2178/1653 1627/2197/1653
f 1627/2197/1654 1611/2178/1654 1606/2177/1654 1619/2199/1654
f 1653/2226/1655 1605/2171/1655 1609/2174/1655 1656/2227/1655
f 1656/2227/1656 1609/2174/1656 1614/2185/1656 1660/2230/1656
f 1660/2230/1657 1614/2184/1657 1607/2183/1657 1654/2232/1657
f 1617/2187/1658 1665/2238/1658 1669/2241/1658 1620/2188/1658
f 1620/2191/1659 1669/2241/1659 1674/2249/1659 1624/2192/1659
f 1624/2192/1660 1674/2249/1660 1667/2248/1660 1618/2195/1660
f 1666/2244/1661 1655/2236/1661 1663/2234/1661 1671/2245/1661
f 1671/2245/1662 1663/2234/1662 1659/2233/1662 1675/2246/1662
f 1675/2246/1663 1659/2233/1663 1654/2232/1663 1667/2248/1663
f 1629/2202/1664 1653/2226/1664 1657/2229/1664 1632/2203/1664
f 1632/2203/1665 1657/2229/1665 1662/2237/1665 1636/2206/1665
f 1636/2206/1666 1662/2237/1666 1655/2236/1666 1630/2208/1666
f 1665/2238/1667 1641/2214/1667 1645/2217/1667 1668/2239/1667
f 1668/2239/1668 1645/2217/1668 1650/2225/1668 1672/2242/1668
f 1672/2242/1669 1650/2225/1669 1643/2224/1669 1666/2244/1669
f 1642/2220/1670 1631/2212/1670 1639/2210/1670 1647/2221/1670
f 1647/2221/1671 1639/2210/1671 1635/2209/1671 1651/2222/1671
f 1651/2222/1672 1635/2209/1672 1630/2208/1672 1643/2224/1672
f 1581/2135/1673 1629/2202/1673 1633/2205/1673 1584/2136/1673
f 1584/2136/1674 1633/2205/1674 1638/2213/1674 1588/2139/1674
f 1588/2144/1675 1638/2213/1675 1631/2212/1675 1582/2141/1675
f 1641/2214/1676 1594/2159/1676 1600/2162/1676 1644/2215/1676
f 1644/2215/1677 1600/2157/1677 1596/2154/1677 1648/2218/1677
f 1648/2218/1678 1596/2154/1678 1593/2153/1678 1642/2220/1678
f 1605/2171/1679 1653/2226/1679 1629/2202/1679 1581/2135/1679
f 1583/2149/1680 1595/2167/1680 1619/2199/1680 1606/2177/1680
f 1631/2212/1681 1642/2220/1681 1593/2153/1681 1582/2141/1681
f 1665/2238/1682 1617/2187/1682 1594/2159/1682 1641/2214/1682
f 1607/2183/1683 1618/2195/1683 1667/2248/1683 1654/2232/1683
f 1655/2236/1684 1666/2244/1684 1643/2224/1684 1630/2208/1684
o armoured_mantlet
v -0.400000 0.575000 -0.290000
v -0.400000 0.605000 -0.260000
v -0.430000 0.605000 -0.290000
v -0.400000 0.579008 -0.275020
v -0.414980 0.579008 -0.290000
v -0.414346 0.582901 -0.275654
v -0.414980 0.605000 -0.264008
v -0.400000 0.590020 -0.264008
v -0.414346 0.590654 -0.267901
v -0.425992 0.590020 -0.290000
v -0.425992 0.605000 -0.275020
v -0.422099 0.590654 -0.275654
v -0.400000 0.975000 -0.260000
v -0.400000 1.005000 -0.290000
v -0.430000 0.975000 -0.290000
v -0.400000 0.989980 -0.264008
v -0.414980 0.975000 -0.264008
v -0.414346 0.989346 -0.267901
v -0.414980 1.000992 -0.290000
v -0.400000 1.000992 -0.275020
v -0.414346 0.997099 -0.275654
v -0.425992 0.975000 -0.275020
v -0.425992 0.989980 -0.290000
v -0.422099 0.989346 -0.275654
v -0.400000 0.575000 -0.330000
v -0.430000 0.605000 -0.330000
v -0.400000 0.605000 -0.360000
v -0.414980 0.579008 -0.330000
v -0.400000 0.579008 -0.344980
v -0.414346 0.582901 -0.344346
v -0.425992 0.605000 -0.344980
v -0.425992 0.590020 -0.330000
v -0.422099 0.590654 -0.344346
v -0.400000 0.590020 -0.355992
v -0.414980 0.605000 -0.355992
v -0.414346 0.590654 -0.352099
v -0.400000 1.005000 -0.330000
v -0.400000 0.975000 -0.360000
v -0.430000 0.975000 -0.330000
v -0.400000 1.000992 -0.344980
v -0.414980 1.000992 -0.330000
v -0.414346 0.997099 -0.344346
v -0.414980 0.975000 -0.355992
v -0.400000 0.989980 -0.355992
v -0.414346 0.989346 -0.352099
v -0.425992 0.989980 -0.330000
v -0.425992 0.975000 -0.344980
v -0.422099 0.989346 -0.344346
v 0.400000 0.575000 -0.290000
v 0.430000 0.605000 -0.290000
v 0.400000 0.605000 -0.260000
v 0.414980 0.579008 -0.290000
v 0.400000 0.579008 -0.275020
v 0.414346 0.582901 -0.275654
v 0.425992 0.605000 -0.275020
v 0.425992 0.590020 -0.290000
v 0.422099 0.590654 -0.275654
v 0.400000 0.590020 -0.264008
v 0.414980 0.605000 -0.264008
v 0.414346 0.590654 -0.267901
v 0.400000 1.005000 -0.290000
v 0.400000 0.975000 -0.260000
v 0.430000 0.975000 -0.290000
v 0.400000 1.000992 -0.275020
v 0.414980 1.000992 -0.290000
v 0.414346 0.997099 -0.275654
v 0.414980 0.975000 -0.264008
v 0.400000 0.989980 -0.264008
v 0.414346 0.989346 -0.267901
v 0.425992 0.989980 -0.290000
v 0.425992 0.975000 -0.275020
v 0.422099 0.989346 -0.275654
v 0.400000 0.575000 -0.330000
v 0.400000 0.605000 -0.360000
v 0.430000 0.605000 -0.330000
v 0.400000 0.579008 -0.344980
v 0.414980 0.579008 -0.330000
v 0.414346 0.582901 -0.344346
v 0.414980 0.605000 -0.355992
v 0.400000 0.590020 -0.355992
v 0.414346 0.590654 -0.352099
v 0.425992 0.590020 -0.330000
v 0.425992 0.605000 -0.344980
v 0.422099 0.590654 -0.344346
v 0.400000 1.005000 -0.330000
v 0.430000 0.975000 -0.330000
v 0.400000 0.975000 -0.360000
v 0.414980 1.000992 -0.330000
v 0.400000 1.000992 -0.344980
v 0.414346 0.997099 -0.344346
v 0.425992 0.975000 -0.344980
v 0.425992 0.989980 -0.330000
v 0.422099 0.989346 -0.344346
v 0.400000 0.989980 -0.355992
v 0.414980 0.975000 -0.355992
v 0.414346 0.989346 -0.352099
vn -0.2566 -0.9318 0.2566
vn -0.2178 -0.6901 0.6901
vn -0.2566 -0.2566 0.9318
vn -0.6901 -0.2178 0.6901
vn -0.9318 -0.2566 0.2566
vn -0.6901 -0.6901 0.2178
vn -0.5774 -0.5774 0.5773
vn -0.2566 0.2566 0.9318
vn -0.2178 0.6901 0.6901
vn -0.2566 0.9318 0.2566
vn -0.6901 0.6901 0.2178
vn -0.9318 0.2566 0.2566
vn -0.6901 0.2178 0.6901
vn -0.5774 0.5774 0.5773
vn -0.2566 -0.9318 -0.2566
vn -0.6901 -0.6901 -0.2178
vn -0.9318 -0.2566 -0.2566
vn -0.6901 -0.2178 -0.6901
vn -0.2566 -0.2566 -0.9318
vn -0.2178 -0.6901 -0.6901
vn -0.5774 -0.5774 -0.5773
vn -0.2566 0.9318 -0.2566
vn -0.2178 0.6901 -0.6901
vn -0.2566 0.2566 -0.9318
vn -0.6901 0.2178 -0.6901
vn -0.9318 0.2566 -0.2566
vn -0.6901 0.6901 -0.2178
vn -0.5774 0.5774 -0.5773
vn 0.2566 -0.9318 0.2566
vn 0.6901 -0.6901 0.2178
vn 0.9318 -0.2566 0.2566
vn 0.6901 -0.2178 0.6901
vn 0.2566 -0.2566 0.9318
vn 0.2178 -0.6901 0.6901
vn 0.5774 -0.5774 0.5773
vn 0.2566 0.9318 0.2566
vn 0.2178 0.6901 0.6901
vn 0.2566 0.2566 0.9318
vn 0.6901 0.2178 0.6901
vn 0.9318 0.2566 0.2566
vn 0.6901 0.6901 0.2178
vn 0.5774 0.5774 0.5773
vn 0.2566 -0.9318 -0.2566
vn 0.2178 -0.6901 -0.6901
vn 0.2566 -0.2566 -0.9318
vn 0.6901 -0.2178 -0.6901
vn 0.9318 -0.2566 -0.2566
vn 0.6901 -0.6901 -0.2178
vn 0.5774 -0.5774 -0.5773
vn 0.2566 0.9318 -0.2566
vn 0.6901 0.6901 -0.2178
vn 0.9318 0.2566 -0.2566
vn 0.6901 0.2178 -0.6901
vn 0.2566 0.2566 -0.9318
vn 0.2178 0.6901 -0.6901
vn 0.5774 0.5774 -0.5773
vn -0.2585 -0.9660 -0.0000
vn -0.7071 -0.7071 -0.0000
vn -0.9660 -0.2585 -0.0000
vn -0.2585 -0.0000 0.9660
vn -0.7071 -0.0000 0.7071
vn -0.9660 -0.0000 0.2585
vn -0.2585 0.9660 -0.0000
vn -0.7071 0.7071 -0.0000
vn -0.9660 0.2585 -0.0000
vn -0.2585 -0.0000 -0.9660
vn -0.7071 -0.0000 -0.7071
vn -0.9660 -0.0000 -0.2585
vn -0.0000 -0.9660 -0.2585
vn -0.0000 -0.7071 -0.7071
vn -0.0000 -0.2585 -0.9660
vn -0.0000 0.9660 -0.2585
vn -0.0000 0.7071 -0.7071
vn -0.0000 0.2585 -0.9660
vn 0.9660 -0.0000 -0.2585
vn 0.7071 -0.0000 -0.7071
vn 0.2585 -0.0000 -0.9660
vn 0.2585 -0.9660 -0.0000
vn 0.7071 -0.7071 -0.0000
vn 0.9660 -0.2585 -0.0000
vn 0.2585 0.9660 -0.0000
vn 0.7071 0.7071 -0.0000
vn 0.9660 0.2585 -0.0000
vn 0.2585 -0.0000 0.9660
vn 0.7071 -0.0000 0.7071
vn 0.9660 -0.0000 0.2585
vn -0.0000 -0.9660 0.2585
vn -0.0000 -0.7071 0.7071
vn -0.0000 -0.2585 0.9660
vn -0.0000 0.9660 0.2585
vn -0.0000 0.7071 0.7071
vn -0.0000 0.2585 0.9660
vn -0.0000 -1.0000 -0.0000
vn -1.0000 -0.0000 -0.0000
vn -0.0000 -0.0000 1.0000
vn -0.0000 1.0000 -0.0000
vn -0.0000 -0.0000 -1.0000
vn 1.0000 -0.0000 -0.0000
vt 0.133721 0.675000
vt 0.133721 0.712451
vt 0.129550 0.710866
vt 0.129366 0.675000
vt 0.133721 0.750000
vt 0.129550 0.750000
vt 0.392442 0.991279
vt 0.392442 1.000000
vt 0.375000 0.995450
vt 0.375000 0.991279
vt 0.392442 0.000000
vt 0.392442 0.037549
vt 0.375000 0.039134
vt 0.375000 0.000000
vt 0.392442 0.075000
vt 0.375000 0.075000
vt 0.125000 0.675000
vt 0.125000 0.710866
vt 0.607558 0.991279
vt 0.616268 0.991279
vt 0.615899 1.000000
vt 0.607558 1.000000
vt 0.625000 0.991279
vt 0.625000 1.000000
vt 0.866279 0.675000
vt 0.875000 0.675000
vt 0.875000 0.710866
vt 0.866279 0.750000
vt 0.625000 0.075000
vt 0.616268 0.075000
vt 0.615899 0.039134
vt 0.625000 0.039134
vt 0.607558 0.075000
vt 0.607558 0.037549
vt 0.607558 0.000000
vt 0.615899 0.000000
vt 0.133721 0.575000
vt 0.129366 0.575000
vt 0.129550 0.539134
vt 0.133721 0.537549
vt 0.125000 0.575000
vt 0.125000 0.539134
vt 0.392442 0.175000
vt 0.392442 0.212451
vt 0.375000 0.210866
vt 0.375000 0.175000
vt 0.392442 0.254366
vt 0.375000 0.254550
vt 0.392442 0.258721
vt 0.375000 0.258721
vt 0.133721 0.500000
vt 0.129550 0.500000
vt 0.866279 0.575000
vt 0.866279 0.500000
vt 0.875000 0.539134
vt 0.875000 0.575000
vt 0.625000 0.258721
vt 0.616268 0.258721
vt 0.615899 0.252670
vt 0.625000 0.228129
vt 0.607558 0.258721
vt 0.607558 0.254366
vt 0.607558 0.212451
vt 0.615899 0.210866
vt 0.607558 0.175000
vt 0.616268 0.175000
vt 0.625000 0.175000
vt 0.366279 0.675000
vt 0.370634 0.675000
vt 0.370450 0.710866
vt 0.366279 0.712451
vt 0.383732 0.675000
vt 0.383219 0.710866
vt 0.392442 0.675000
vt 0.392442 0.712451
vt 0.392442 0.754366
vt 0.373329 0.752879
vt 0.392442 0.758721
vt 0.370637 0.754357
vt 0.633721 0.675000
vt 0.629358 0.754363
vt 0.627879 0.751671
vt 0.629366 0.675000
vt 0.616268 0.758721
vt 0.615899 0.754550
vt 0.607558 0.758721
vt 0.607558 0.754366
vt 0.607558 0.712451
vt 0.615899 0.714071
vt 0.607558 0.675000
vt 0.616268 0.675000
vt 0.366279 0.575000
vt 0.366279 0.537549
vt 0.370450 0.539134
vt 0.370634 0.575000
vt 0.370637 0.495642
vt 0.373329 0.497121
vt 0.392442 0.491279
vt 0.392442 0.495634
vt 0.392442 0.537549
vt 0.383219 0.539134
vt 0.392442 0.575000
vt 0.383732 0.575000
vt 0.633721 0.575000
vt 0.629366 0.575000
vt 0.627879 0.498329
vt 0.629358 0.495637
vt 0.616268 0.575000
vt 0.615899 0.535929
vt 0.607558 0.575000
vt 0.607558 0.537549
vt 0.607558 0.495634
vt 0.615899 0.495450
vt 0.607558 0.491279
vt 0.616268 0.491279
s 0
usemtl BlackIron
f 1677/2250/1685 1680/2251/1685 1682/2252/1685 1681/2253/1685
f 1680/2251/1686 1684/2254/1686 1685/2255/1686 1682/2252/1686
f 1678/2256/1687 1683/2257/1687 1685/2258/1687 1684/2259/1687
f 1683/2260/1688 1687/2261/1688 1688/2262/1688 1685/2263/1688
f 1679/2264/1689 1686/2265/1689 1688/2262/1689 1687/2261/1689
f 1686/2266/1690 1681/2253/1690 1682/2252/1690 1688/2267/1690
f 1682/2252/1691 1685/2255/1691 1688/2267/1691
f 1689/2268/1692 1692/2269/1692 1694/2270/1692 1693/2271/1692
f 1692/2269/1693 1696/2272/1693 1697/2273/1693 1694/2270/1693
f 1690/2274/1694 1695/2275/1694 1697/2276/1694 1696/2277/1694
f 1695/2278/1695 1699/2279/1695 1700/2280/1695 1697/2281/1695
f 1691/2282/1696 1698/2283/1696 1700/2280/1696 1699/2279/1696
f 1698/2283/1697 1693/2284/1697 1694/2285/1697 1700/2280/1697
f 1694/2285/1698 1697/2281/1698 1700/2280/1698
f 1701/2286/1699 1704/2287/1699 1706/2288/1699 1705/2289/1699
f 1704/2287/1700 1708/2290/1700 1709/2291/1700 1706/2288/1700
f 1702/2292/1701 1707/2293/1701 1709/2294/1701 1708/2295/1701
f 1707/2293/1702 1711/2296/1702 1712/2297/1702 1709/2294/1702
f 1703/2298/1703 1710/2299/1703 1712/2297/1703 1711/2296/1703
f 1710/2300/1704 1705/2289/1704 1706/2288/1704 1712/2301/1704
f 1706/2288/1705 1709/2291/1705 1712/2301/1705
f 1713/2302/1706 1716/2303/1706 1718/2304/1706 1717/2305/1706
f 1716/2306/1707 1720/2307/1707 1721/2308/1707 1718/2309/1707
f 1714/2310/1708 1719/2311/1708 1721/2308/1708 1720/2307/1708
f 1719/2311/1709 1723/2312/1709 1724/2313/1709 1721/2308/1709
f 1715/2314/1710 1722/2315/1710 1724/2313/1710 1723/2312/1710
f 1722/2315/1711 1717/2316/1711 1718/2309/1711 1724/2313/1711
f 1718/2309/1712 1721/2308/1712 1724/2313/1712
f 1725/2317/1713 1728/2318/1713 1730/2319/1713 1729/2320/1713
f 1728/2318/1714 1732/2321/1714 1733/2322/1714 1730/2319/1714
f 1726/2323/1715 1731/2324/1715 1733/2322/1715 1732/2321/1715
f 1731/2324/1716 1735/2325/1716 1736/2326/1716 1733/2322/1716
f 1727/2327/1717 1734/2328/1717 1736/2326/1717 1735/2325/1717
f 1734/2328/1718 1729/2320/1718 1730/2319/1718 1736/2326/1718
f 1730/2319/1719 1733/2322/1719 1736/2326/1719
f 1737/2329/1720 1740/2330/1720 1742/2331/1720 1741/2332/1720
f 1740/2330/1721 1744/2333/1721 1745/2334/1721 1742/2331/1721
f 1738/2335/1722 1743/2336/1722 1745/2334/1722 1744/2333/1722
f 1743/2336/1723 1747/2337/1723 1748/2338/1723 1745/2334/1723
f 1739/2339/1724 1746/2340/1724 1748/2338/1724 1747/2337/1724
f 1746/2340/1725 1741/2332/1725 1742/2331/1725 1748/2338/1725
f 1742/2331/1726 1745/2334/1726 1748/2338/1726
f 1749/2341/1727 1752/2342/1727 1754/2343/1727 1753/2344/1727
f 1752/2342/1728 1756/2345/1728 1757/2346/1728 1754/2343/1728
f 1750/2347/1729 1755/2348/1729 1757/2346/1729 1756/2345/1729
f 1755/2348/1730 1759/2349/1730 1760/2350/1730 1757/2346/1730
f 1751/2351/1731 1758/2352/1731 1760/2350/1731 1759/2349/1731
f 1758/2352/1732 1753/2344/1732 1754/2343/1732 1760/2350/1732
f 1754/2343/1733 1757/2346/1733 1760/2350/1733
f 1761/2353/1734 1764/2354/1734 1766/2355/1734 1765/2356/1734
f 1764/2354/1735 1768/2357/1735 1769/2358/1735 1766/2355/1735
f 1762/2359/1736 1767/2360/1736 1769/2358/1736 1768/2357/1736
f 1767/2360/1737 1771/2361/1737 1772/2362/1737 1769/2358/1737
f 1763/2363/1738 1770/2364/1738 1772/2362/1738 1771/2361/1738
f 1770/2364/1739 1765/2356/1739 1766/2355/1739 1772/2362/1739
f 1766/2355/1740 1769/2358/1740 1772/2362/1740
f 1701/2286/1741 1677/2250/1741 1681/2253/1741 1704/2287/1741
f 1704/2287/1742 1681/2253/1742 1686/2266/1742 1708/2290/1742
f 1708/2295/1743 1686/2265/1743 1679/2264/1743 1702/2292/1743
f 1678/2256/1744 1689/2268/1744 1693/2271/1744 1683/2257/1744
f 1683/2260/1745 1693/2284/1745 1698/2283/1745 1687/2261/1745
f 1687/2261/1746 1698/2283/1746 1691/2282/1746 1679/2264/1746
f 1690/2274/1747 1713/2302/1747 1717/2305/1747 1695/2275/1747
f 1695/2278/1748 1717/2316/1748 1722/2315/1748 1699/2279/1748
f 1699/2279/1749 1722/2315/1749 1715/2314/1749 1691/2282/1749
f 1714/2310/1750 1703/2298/1750 1711/2296/1750 1719/2311/1750
f 1719/2311/1751 1711/2296/1751 1707/2293/1751 1723/2312/1751
f 1723/2312/1752 1707/2293/1752 1702/2292/1752 1715/2314/1752
f 1749/2341/1753 1701/2286/1753 1705/2289/1753 1752/2342/1753
f 1752/2342/1754 1705/2289/1754 1710/2300/1754 1756/2345/1754
f 1756/2345/1755 1710/2299/1755 1703/2298/1755 1750/2347/1755
f 1713/2302/1756 1761/2353/1756 1765/2356/1756 1716/2303/1756
f 1716/2306/1757 1765/2356/1757 1770/2364/1757 1720/2307/1757
f 1720/2307/1758 1770/2364/1758 1763/2363/1758 1714/2310/1758
f 1762/2359/1759 1751/2351/1759 1759/2349/1759 1767/2360/1759
f 1767/2360/1760 1759/2349/1760 1755/2348/1760 1771/2361/1760
f 1771/2361/1761 1755/2348/1761 1750/2347/1761 1763/2363/1761
f 1725/2317/1762 1749/2341/1762 1753/2344/1762 1728/2318/1762
f 1728/2318/1763 1753/2344/1763 1758/2352/1763 1732/2321/1763
f 1732/2321/1764 1758/2352/1764 1751/2351/1764 1726/2323/1764
f 1761/2353/1765 1737/2329/1765 1741/2332/1765 1764/2354/1765
f 1764/2354/1766 1741/2332/1766 1746/2340/1766 1768/2357/1766
f 1768/2357/1767 1746/2340/1767 1739/2339/1767 1762/2359/1767
f 1738/2335/1768 1727/2327/1768 1735/2325/1768 1743/2336/1768
f 1743/2336/1769 1735/2325/1769 1731/2324/1769 1747/2337/1769
f 1747/2337/1770 1731/2324/1770 1726/2323/1770 1739/2339/1770
f 1677/2250/1771 1725/2317/1771 1729/2320/1771 1680/2251/1771
f 1680/2251/1772 1729/2320/1772 1734/2328/1772 1684/2254/1772
f 1684/2259/1773 1734/2328/1773 1727/2327/1773 1678/2256/1773
f 1737/2329/1774 1690/2274/1774 1696/2277/1774 1740/2330/1774
f 1740/2330/1775 1696/2272/1775 1692/2269/1775 1744/2333/1775
f 1744/2333/1776 1692/2269/1776 1689/2268/1776 1738/2335/1776
f 1701/2286/1777 1749/2341/1777 1725/2317/1777 1677/2250/1777
f 1679/2264/1778 1691/2282/1778 1715/2314/1778 1702/2292/1778
f 1727/2327/1779 1738/2335/1779 1689/2268/1779 1678/2256/1779
f 1761/2353/1780 1713/2302/1780 1690/2274/1780 1737/2329/1780
f 1703/2298/1781 1714/2310/1781 1763/2363/1781 1750/2347/1781
f 1751/2351/1782 1762/2359/1782 1739/2339/1782 1726/2323/1782
o mantlet_rivet
v -0.300000 0.865000 -0.280000
v -0.300000 0.865000 -0.210000
v -0.273550 0.856406 -0.280000
v -0.273550 0.856406 -0.210000
v -0.257202 0.833906 -0.280000
v -0.257202 0.833906 -0.210000
v -0.257202 0.806094 -0.280000
v -0.257202 0.806094 -0.210000
v -0.273550 0.783594 -0.280000
v -0.273550 0.783594 -0.210000
v -0.300000 0.775000 -0.280000
v -0.300000 0.775000 -0.210000
v -0.326450 0.783594 -0.280000
v -0.326450 0.783594 -0.210000
v -0.342798 0.806094 -0.280000
v -0.342798 0.806094 -0.210000
v -0.342798 0.833906 -0.280000
v -0.342798 0.833906 -0.210000
v -0.326450 0.856406 -0.280000
v -0.326450 0.856406 -0.210000
vn -0.0000 0.7653 -0.6437
vn -0.0000 0.7653 0.6437
vn 0.4498 0.6191 -0.6437
vn 0.4498 0.6191 0.6437
vn 0.7278 0.2365 -0.6437
vn 0.7278 0.2365 0.6437
vn 0.7278 -0.2365 -0.6437
vn 0.7278 -0.2365 0.6437
vn 0.4498 -0.6191 -0.6437
vn 0.4498 -0.6191 0.6437
vn -0.0000 -0.7653 -0.6437
vn -0.0000 -0.7653 0.6437
vn -0.4498 -0.6191 -0.6437
vn -0.4498 -0.6191 0.6437
vn -0.7278 -0.2365 -0.6437
vn -0.7278 -0.2365 0.6437
vn -0.7278 0.2365 -0.6437
vn -0.7278 0.2365 0.6437
vn -0.4498 0.6191 -0.6437
vn -0.4498 0.6191 0.6437
vt 1.000000 0.500000
vt 1.000000 1.000000
vt 0.900000 1.000000
vt 0.900000 0.500000
vt 0.800000 1.000000
vt 0.800000 0.500000
vt 0.700000 1.000000
vt 0.700000 0.500000
vt 0.600000 1.000000
vt 0.600000 0.500000
vt 0.500000 1.000000
vt 0.500000 0.500000
vt 0.400000 1.000000
vt 0.400000 0.500000
vt 0.300000 1.000000
vt 0.300000 0.500000
vt 0.200000 1.000000
vt 0.200000 0.500000
vt 0.391068 0.444164
vt 0.250000 0.490000
vt 0.108932 0.444164
vt 0.021746 0.324164
vt 0.021746 0.175836
vt 0.108932 0.055836
vt 0.250000 0.010000
vt 0.391068 0.055836
vt 0.478254 0.175836
vt 0.478254 0.324164
vt 0.100000 1.000000
vt 0.100000 0.500000
vt -0.000000 1.000000
vt -0.000000 0.500000
vt 0.750000 0.490000
vt 0.891068 0.444164
vt 0.978254 0.324164
vt 0.978254 0.175836
vt 0.891068 0.055836
vt 0.750000 0.010000
vt 0.608932 0.055836
vt 0.521746 0.175836
vt 0.521746 0.324164
vt 0.608932 0.444164
s 1
usemtl WornBronze
f 1773/2365/1783 1774/2366/1784 1776/2367/1786 1775/2368/1785
f 1775/2368/1785 1776/2367/1786 1778/2369/1788 1777/2370/1787
f 1777/2370/1787 1778/2369/1788 1780/2371/1790 1779/2372/1789
f 1779/2372/1789 1780/2371/1790 1782/2373/1792 1781/2374/1791
f 1781/2374/1791 1782/2373/1792 1784/2375/1794 1783/2376/1793
f 1783/2376/1793 1784/2375/1794 1786/2377/1796 1785/2378/1795
f 1785/2378/1795 1786/2377/1796 1788/2379/1798 1787/2380/1797
f 1787/2380/1797 1788/2379/1798 1790/2381/1800 1789/2382/1799
f 1776/2383/1786 1774/2384/1784 1792/2385/1802 1790/2386/1800 1788/2387/1798 1786/2388/1796 1784/2389/1794 1782/2390/1792 1780/2391/1790 1778/2392/1788
f 1789/2382/1799 1790/2381/1800 1792/2393/1802 1791/2394/1801
f 1791/2394/1801 1792/2393/1802 1774/2395/1784 1773/2396/1783
f 1773/2397/1783 1775/2398/1785 1777/2399/1787 1779/2400/1789 1781/2401/1791 1783/2402/1793 1785/2403/1795 1787/2404/1797 1789/2405/1799 1791/2406/1801
o mantlet_rivet.001
v 0.300000 0.865000 -0.280000
v 0.300000 0.865000 -0.210000
v 0.326450 0.856406 -0.280000
v 0.326450 0.856406 -0.210000
v 0.342798 0.833906 -0.280000
v 0.342798 0.833906 -0.210000
v 0.342798 0.806094 -0.280000
v 0.342798 0.806094 -0.210000
v 0.326450 0.783594 -0.280000
v 0.326450 0.783594 -0.210000
v 0.300000 0.775000 -0.280000
v 0.300000 0.775000 -0.210000
v 0.273550 0.783594 -0.280000
v 0.273550 0.783594 -0.210000
v 0.257202 0.806094 -0.280000
v 0.257202 0.806094 -0.210000
v 0.257202 0.833906 -0.280000
v 0.257202 0.833906 -0.210000
v 0.273550 0.856406 -0.280000
v 0.273550 0.856406 -0.210000
vn -0.0000 0.7653 -0.6437
vn -0.0000 0.7653 0.6437
vn 0.4498 0.6191 -0.6437
vn 0.4498 0.6191 0.6437
vn 0.7278 0.2365 -0.6437
vn 0.7278 0.2365 0.6437
vn 0.7278 -0.2365 -0.6437
vn 0.7278 -0.2365 0.6437
vn 0.4498 -0.6191 -0.6437
vn 0.4498 -0.6191 0.6437
vn -0.0000 -0.7653 -0.6437
vn -0.0000 -0.7653 0.6437
vn -0.4498 -0.6191 -0.6437
vn -0.4498 -0.6191 0.6437
vn -0.7278 -0.2365 -0.6437
vn -0.7278 -0.2365 0.6437
vn -0.7278 0.2365 -0.6437
vn -0.7278 0.2365 0.6437
vn -0.4498 0.6191 -0.6437
vn -0.4498 0.6191 0.6437
vt 1.000000 0.500000
vt 1.000000 1.000000
vt 0.900000 1.000000
vt 0.900000 0.500000
vt 0.800000 1.000000
vt 0.800000 0.500000
vt 0.700000 1.000000
vt 0.700000 0.500000
vt 0.600000 1.000000
vt 0.600000 0.500000
vt 0.500000 1.000000
vt 0.500000 0.500000
vt 0.400000 1.000000
vt 0.400000 0.500000
vt 0.300000 1.000000
vt 0.300000 0.500000
vt 0.200000 1.000000
vt 0.200000 0.500000
vt 0.391068 0.444164
vt 0.250000 0.490000
vt 0.108932 0.444164
vt 0.021746 0.324164
vt 0.021746 0.175836
vt 0.108932 0.055836
vt 0.250000 0.010000
vt 0.391068 0.055836
vt 0.478254 0.175836
vt 0.478254 0.324164
vt 0.100000 1.000000
vt 0.100000 0.500000
vt -0.000000 1.000000
vt -0.000000 0.500000
vt 0.750000 0.490000
vt 0.891068 0.444164
vt 0.978254 0.324164
vt 0.978254 0.175836
vt 0.891068 0.055836
vt 0.750000 0.010000
vt 0.608932 0.055836
vt 0.521746 0.175836
vt 0.521746 0.324164
vt 0.608932 0.444164
s 1
usemtl WornBronze
f 1793/2407/1803 1794/2408/1804 1796/2409/1806 1795/2410/1805
f 1795/2410/1805 1796/2409/1806 1798/2411/1808 1797/2412/1807
f 1797/2412/1807 1798/2411/1808 1800/2413/1810 1799/2414/1809
f 1799/2414/1809 1800/2413/1810 1802/2415/1812 1801/2416/1811
f 1801/2416/1811 1802/2415/1812 1804/2417/1814 1803/2418/1813
f 1803/2418/1813 1804/2417/1814 1806/2419/1816 1805/2420/1815
f 1805/2420/1815 1806/2419/1816 1808/2421/1818 1807/2422/1817
f 1807/2422/1817 1808/2421/1818 1810/2423/1820 1809/2424/1819
f 1796/2425/1806 1794/2426/1804 1812/2427/1822 1810/2428/1820 1808/2429/1818 1806/2430/1816 1804/2431/1814 1802/2432/1812 1800/2433/1810 1798/2434/1808
f 1809/2424/1819 1810/2423/1820 1812/2435/1822 1811/2436/1821
f 1811/2436/1821 1812/2435/1822 1794/2437/1804 1793/2438/1803
f 1793/2439/1803 1795/2440/1805 1797/2441/1807 1799/2442/1809 1801/2443/1811 1803/2444/1813 1805/2445/1815 1807/2446/1817 1809/2447/1819 1811/2448/1821
o amber_sight
v 0.000000 1.131422 0.660589
v 0.000000 1.120933 0.642500
v 0.000000 1.057176 0.607556
v 0.000000 1.030000 0.605000
v 0.000000 1.002824 0.607556
v 0.000000 0.939067 0.642500
v 0.000000 0.928578 0.660589
v 0.008398 1.131422 0.661539
v 0.016223 1.120933 0.644335
v 0.022943 1.104246 0.629563
v 0.028100 1.082500 0.618227
v 0.031341 1.057176 0.611101
v 0.032447 1.030000 0.608671
v 0.031341 1.002824 0.611101
v 0.028100 0.977500 0.618227
v 0.022943 0.955754 0.629563
v 0.016223 0.939067 0.644335
v 0.008398 0.928578 0.661539
v 0.015974 1.131422 0.664296
v 0.030859 1.120933 0.649662
v 0.043641 1.104246 0.637095
v 0.053449 1.082500 0.627453
v 0.059614 1.057176 0.621391
v 0.061717 1.030000 0.619324
v 0.059614 1.002824 0.621391
v 0.053449 0.977500 0.627453
v 0.043641 0.955754 0.637095
v 0.030859 0.939067 0.649662
v 0.015974 0.928578 0.664296
v 0.000000 0.925000 0.680000
v 0.021986 1.131422 0.668590
v 0.042473 1.120933 0.657958
v 0.060066 1.104246 0.648828
v 0.073566 1.082500 0.641822
v 0.082052 1.057176 0.637418
v 0.084947 1.030000 0.635916
v 0.082052 1.002824 0.637418
v 0.073566 0.977500 0.641822
v 0.060066 0.955754 0.648828
v 0.042473 0.939067 0.657958
v 0.021986 0.928578 0.668590
v 0.025846 1.131422 0.674002
v 0.049930 1.120933 0.668412
v 0.070612 1.104246 0.663612
v 0.086482 1.082500 0.659929
v 0.096458 1.057176 0.657613
v 0.099861 1.030000 0.656824
v 0.096458 1.002824 0.657613
v 0.086482 0.977500 0.659929
v 0.070612 0.955754 0.663612
v 0.049930 0.939067 0.668412
v 0.025846 0.928578 0.674002
v 0.027176 1.131422 0.680000
v 0.052500 1.120933 0.680000
v 0.074246 1.104246 0.680000
v 0.090933 1.082500 0.680000
v 0.101422 1.057176 0.680000
v 0.105000 1.030000 0.680000
v 0.101422 1.002824 0.680000
v 0.090933 0.977500 0.680000
v 0.074246 0.955754 0.680000
v 0.052500 0.939067 0.680000
v 0.027176 0.928578 0.680000
v 0.025846 1.131422 0.685998
v 0.049930 1.120933 0.691588
v 0.070612 1.104246 0.696388
v 0.086482 1.082500 0.700071
v 0.096458 1.057176 0.702387
v 0.099861 1.030000 0.703176
v 0.096458 1.002824 0.702387
v 0.086482 0.977500 0.700071
v 0.070612 0.955754 0.696388
v 0.049930 0.939067 0.691588
v 0.025846 0.928578 0.685998
v 0.021986 1.131422 0.691410
v 0.042473 1.120933 0.702042
v 0.060066 1.104246 0.711172
v 0.073566 1.082500 0.718178
v 0.082052 1.057176 0.722582
v 0.084947 1.030000 0.724084
v 0.082052 1.002824 0.722582
v 0.073566 0.977500 0.718178
v 0.060066 0.955754 0.711172
v 0.042473 0.939067 0.702042
v 0.021986 0.928578 0.691410
v 0.015974 1.131422 0.695704
v 0.030859 1.120933 0.710338
v 0.043641 1.104246 0.722905
v 0.053449 1.082500 0.732547
v 0.059614 1.057176 0.738609
v 0.061717 1.030000 0.740676
v 0.059614 1.002824 0.738609
v 0.053449 0.977500 0.732547
v 0.043641 0.955754 0.722905
v 0.030859 0.939067 0.710338
v 0.015974 0.928578 0.695704
v 0.008398 1.131422 0.698461
v 0.016223 1.120933 0.715665
v 0.022943 1.104246 0.730437
v 0.028100 1.082500 0.741773
v 0.031341 1.057176 0.748899
v 0.032447 1.030000 0.751329
v 0.031341 1.002824 0.748899
v 0.028100 0.977500 0.741773
v 0.022943 0.955754 0.730437
v 0.016223 0.939067 0.715665
v 0.008398 0.928578 0.698461
v 0.000000 1.135000 0.680000
v -0.000000 1.131422 0.699411
v 0.000000 1.120933 0.717500
v 0.000000 1.104246 0.733033
v 0.000000 1.082500 0.744952
v 0.000000 1.057176 0.752445
v 0.000000 1.030000 0.755000
v 0.000000 1.002824 0.752445
v 0.000000 0.977500 0.744952
v 0.000000 0.955754 0.733033
v 0.000000 0.939067 0.717500
v -0.000000 0.928578 0.699411
v -0.008398 1.131422 0.698461
v -0.016223 1.120933 0.715665
v -0.022943 1.104246 0.730437
v -0.028100 1.082500 0.741773
v -0.031341 1.057176 0.748899
v -0.032447 1.030000 0.751329
v -0.031341 1.002824 0.748899
v -0.028100 0.977500 0.741773
v -0.022943 0.955754 0.730437
v -0.016223 0.939067 0.715665
v -0.008398 0.928578 0.698461
v -0.015974 1.131422 0.695704
v -0.030859 1.120933 0.710338
v -0.043641 1.104246 0.722905
v -0.053449 1.082500 0.732547
v -0.059615 1.057176 0.738609
v -0.061717 1.030000 0.740676
v -0.059615 1.002824 0.738609
v -0.053449 0.977500 0.732547
v -0.043641 0.955754 0.722905
v -0.030859 0.939067 0.710338
v -0.015974 0.928578 0.695704
v -0.021986 1.131422 0.691410
v -0.042473 1.120933 0.702042
v -0.060066 1.104246 0.711172
v -0.073566 1.082500 0.718178
v -0.082052 1.057176 0.722582
v -0.084947 1.030000 0.724084
v -0.082052 1.002824 0.722582
v -0.073566 0.977500 0.718178
v -0.060066 0.955754 0.711172
v -0.042473 0.939067 0.702042
v -0.021986 0.928578 0.691410
v -0.025846 1.131422 0.685998
v -0.049930 1.120933 0.691588
v -0.070612 1.104246 0.696388
v -0.086482 1.082500 0.700071
v -0.096458 1.057176 0.702387
v -0.099861 1.030000 0.703176
v -0.096458 1.002824 0.702387
v -0.086482 0.977500 0.700071
v -0.070612 0.955754 0.696388
v -0.049930 0.939067 0.691588
v -0.025846 0.928578 0.685998
v -0.027176 1.131422 0.680000
v -0.052500 1.120933 0.680000
v -0.074246 1.104246 0.680000
v -0.090933 1.082500 0.680000
v -0.101422 1.057176 0.680000
v -0.105000 1.030000 0.680000
v -0.101422 1.002824 0.680000
v -0.090933 0.977500 0.680000
v -0.074246 0.955754 0.680000
v -0.052500 0.939067 0.680000
v -0.027176 0.928578 0.680000
v -0.025846 1.131422 0.674002
v -0.049930 1.120933 0.668412
v -0.070612 1.104246 0.663612
v -0.086482 1.082500 0.659929
v -0.096458 1.057176 0.657613
v -0.099861 1.030000 0.656824
v -0.096458 1.002824 0.657613
v -0.086482 0.977500 0.659929
v -0.070612 0.955754 0.663612
v -0.049930 0.939067 0.668412
v -0.025846 0.928578 0.674002
v -0.021986 1.131422 0.668590
v -0.042473 1.120933 0.657958
v -0.060066 1.104246 0.648828
v -0.073566 1.082500 0.641822
v -0.082052 1.057176 0.637418
v -0.084947 1.030000 0.635916
v -0.082052 1.002824 0.637418
v -0.073566 0.977500 0.641822
v -0.060066 0.955754 0.648828
v -0.042473 0.939067 0.657958
v -0.021986 0.928578 0.668590
v -0.015974 1.131422 0.664296
v -0.030859 1.120933 0.649662
v -0.043641 1.104246 0.637095
v -0.053449 1.082500 0.627453
v -0.059615 1.057176 0.621391
v -0.061717 1.030000 0.619324
v -0.059615 1.002824 0.621391
v -0.053449 0.977500 0.627453
v -0.043641 0.955754 0.637095
v -0.030859 0.939067 0.649662
v -0.015974 0.928578 0.664296
v -0.008398 1.131422 0.661539
v -0.016223 1.120933 0.644335
v -0.022943 1.104246 0.629563
v -0.028100 1.082500 0.618227
v -0.031341 1.057176 0.611101
v -0.032447 1.030000 0.608671
v -0.031341 1.002824 0.611101
v -0.028100 0.977500 0.618227
v -0.022943 0.955754 0.629563
v -0.016223 0.939067 0.644335
v -0.008398 0.928578 0.661539
v -0.000000 1.104246 0.626967
v 0.000000 1.082500 0.615048
v 0.000000 0.977500 0.615048
v -0.000000 0.955754 0.626967
vn -0.0000 0.9340 -0.3572
vn -0.0000 0.7766 -0.6300
vn -0.0000 0.1883 -0.9821
vn -0.0000 -0.0000 -1.0000
vn -0.0000 -0.1883 -0.9821
vn -0.0000 -0.7766 -0.6300
vn -0.0000 -0.9340 -0.3572
vn 0.0777 0.9364 -0.3423
vn 0.1407 0.7834 -0.6054
vn 0.1845 0.5903 -0.7858
vn 0.2114 0.3895 -0.8964
vn 0.2257 0.1927 -0.9549
vn 0.2302 -0.0000 -0.9731
vn 0.2257 -0.1927 -0.9549
vn 0.2114 -0.3895 -0.8964
vn 0.1845 -0.5903 -0.7858
vn 0.1407 -0.7834 -0.6054
vn 0.0777 -0.9364 -0.3423
vn 0.1509 0.9427 -0.2975
vn 0.2753 0.8020 -0.5301
vn 0.3663 0.6155 -0.6978
vn 0.4255 0.4121 -0.8057
vn 0.4580 0.2057 -0.8648
vn 0.4684 -0.0000 -0.8835
vn 0.4580 -0.2057 -0.8648
vn 0.4255 -0.4121 -0.8057
vn 0.3663 -0.6155 -0.6978
vn 0.2753 -0.8020 -0.5301
vn 0.1509 -0.9427 -0.2975
vn -0.0000 -1.0000 -0.0000
vn 0.2140 0.9511 -0.2227
vn 0.3941 0.8270 -0.4009
vn 0.5353 0.6511 -0.5380
vn 0.6339 0.4455 -0.6323
vn 0.6912 0.2255 -0.6866
vn 0.7099 -0.0000 -0.7043
vn 0.6912 -0.2255 -0.6866
vn 0.6339 -0.4455 -0.6323
vn 0.5353 -0.6511 -0.5380
vn 0.3941 -0.8270 -0.4009
vn 0.2140 -0.9511 -0.2227
vn 0.2588 0.9584 -0.1206
vn 0.4807 0.8492 -0.2188
vn 0.6652 0.6843 -0.2988
vn 0.8024 0.4782 -0.3571
vn 0.8865 0.2456 -0.3923
vn 0.9147 -0.0000 -0.4040
vn 0.8865 -0.2456 -0.3923
vn 0.8024 -0.4782 -0.3571
vn 0.6652 -0.6843 -0.2988
vn 0.4807 -0.8492 -0.2188
vn 0.2588 -0.9584 -0.1206
vn 0.2756 0.9613 -0.0000
vn 0.5133 0.8582 -0.0000
vn 0.7159 0.6982 -0.0000
vn 0.8704 0.4924 -0.0000
vn 0.9671 0.2544 -0.0000
vn 1.0000 -0.0000 -0.0000
vn 0.9671 -0.2544 -0.0000
vn 0.8704 -0.4924 -0.0000
vn 0.7159 -0.6982 -0.0000
vn 0.5133 -0.8582 -0.0000
vn 0.2756 -0.9613 -0.0000
vn 0.2588 0.9584 0.1206
vn 0.4807 0.8492 0.2188
vn 0.6652 0.6843 0.2988
vn 0.8024 0.4782 0.3571
vn 0.8865 0.2456 0.3923
vn 0.9147 -0.0000 0.4040
vn 0.8865 -0.2456 0.3923
vn 0.8024 -0.4782 0.3571
vn 0.6652 -0.6843 0.2988
vn 0.4807 -0.8492 0.2188
vn 0.2588 -0.9584 0.1206
vn 0.2140 0.9511 0.2227
vn 0.3941 0.8270 0.4009
vn 0.5353 0.6511 0.5380
vn 0.6339 0.4455 0.6323
vn 0.6912 0.2255 0.6866
vn 0.7099 -0.0000 0.7043
vn 0.6912 -0.2255 0.6866
vn 0.6339 -0.4455 0.6323
vn 0.5353 -0.6511 0.5380
vn 0.3941 -0.8270 0.4009
vn 0.2140 -0.9511 0.2227
vn 0.1509 0.9427 0.2975
vn 0.2753 0.8020 0.5301
vn 0.3663 0.6155 0.6978
vn 0.4255 0.4121 0.8057
vn 0.4580 0.2057 0.8648
vn 0.4684 -0.0000 0.8835
vn 0.4580 -0.2057 0.8648
vn 0.4255 -0.4121 0.8057
vn 0.3663 -0.6155 0.6978
vn 0.2753 -0.8020 0.5301
vn 0.1509 -0.9427 0.2975
vn 0.0777 0.9364 0.3423
vn 0.1407 0.7834 0.6054
vn 0.1845 0.5903 0.7858
vn 0.2114 0.3895 0.8964
vn 0.2257 0.1927 0.9549
vn 0.2302 -0.0000 0.9731
vn 0.2257 -0.1927 0.9549
vn 0.2114 -0.3895 0.8964
vn 0.1845 -0.5903 0.7858
vn 0.1407 -0.7834 0.6054
vn 0.0777 -0.9364 0.3423
vn -0.0000 1.0000 -0.0000
vn -0.0000 0.9340 0.3572
vn -0.0000 0.7766 0.6300
vn -0.0000 0.5813 0.8137
vn -0.0000 0.3817 0.9243
vn -0.0000 0.1883 0.9821
vn -0.0000 -0.0000 1.0000
vn -0.0000 -0.1883 0.9821
vn -0.0000 -0.3817 0.9243
vn -0.0000 -0.5813 0.8137
vn -0.0000 -0.7766 0.6300
vn -0.0000 -0.9340 0.3572
vn -0.0777 0.9364 0.3423
vn -0.1407 0.7834 0.6054
vn -0.1845 0.5903 0.7858
vn -0.2114 0.3895 0.8964
vn -0.2257 0.1927 0.9549
vn -0.2302 -0.0000 0.9731
vn -0.2257 -0.1927 0.9549
vn -0.2114 -0.3895 0.8964
vn -0.1845 -0.5903 0.7858
vn -0.1407 -0.7834 0.6054
vn -0.0777 -0.9364 0.3423
vn -0.1509 0.9427 0.2975
vn -0.2753 0.8020 0.5301
vn -0.3663 0.6155 0.6978
vn -0.4255 0.4121 0.8057
vn -0.4580 0.2057 0.8648
vn -0.4684 -0.0000 0.8835
vn -0.4580 -0.2057 0.8648
vn -0.4255 -0.4121 0.8057
vn -0.3663 -0.6155 0.6978
vn -0.2753 -0.8020 0.5301
vn -0.1509 -0.9427 0.2975
vn -0.2140 0.9511 0.2227
vn -0.3941 0.8270 0.4009
vn -0.5353 0.6511 0.5380
vn -0.6339 0.4455 0.6323
vn -0.6912 0.2255 0.6866
vn -0.7099 -0.0000 0.7043
vn -0.6912 -0.2255 0.6866
vn -0.6339 -0.4455 0.6323
vn -0.5353 -0.6511 0.5380
vn -0.3941 -0.8270 0.4009
vn -0.2140 -0.9511 0.2227
vn -0.2588 0.9584 0.1206
vn -0.4807 0.8492 0.2188
vn -0.6652 0.6843 0.2988
vn -0.8024 0.4782 0.3571
vn -0.8865 0.2456 0.3923
vn -0.9147 -0.0000 0.4040
vn -0.8865 -0.2456 0.3923
vn -0.8024 -0.4782 0.3571
vn -0.6652 -0.6843 0.2988
vn -0.4807 -0.8492 0.2188
vn -0.2588 -0.9584 0.1206
vn -0.2756 0.9613 -0.0000
vn -0.5133 0.8582 -0.0000
vn -0.7159 0.6982 -0.0000
vn -0.8704 0.4924 -0.0000
vn -0.9671 0.2544 -0.0000
vn -1.0000 -0.0000 -0.0000
vn -0.9671 -0.2544 -0.0000
vn -0.8704 -0.4924 -0.0000
vn -0.7159 -0.6982 -0.0000
vn -0.5133 -0.8582 -0.0000
vn -0.2756 -0.9613 -0.0000
vn -0.2588 0.9584 -0.1206
vn -0.4807 0.8492 -0.2188
vn -0.6652 0.6843 -0.2988
vn -0.8024 0.4782 -0.3571
vn -0.8865 0.2456 -0.3923
vn -0.9147 -0.0000 -0.4040
vn -0.8865 -0.2456 -0.3923
vn -0.8024 -0.4782 -0.3571
vn -0.6652 -0.6843 -0.2988
vn -0.4807 -0.8492 -0.2188
vn -0.2588 -0.9584 -0.1206
vn -0.2140 0.9511 -0.2227
vn -0.3941 0.8270 -0.4009
vn -0.5353 0.6511 -0.5380
vn -0.6339 0.4455 -0.6323
vn -0.6912 0.2255 -0.6866
vn -0.7099 -0.0000 -0.7043
vn -0.6912 -0.2255 -0.6866
vn -0.6339 -0.4455 -0.6323
vn -0.5353 -0.6511 -0.5380
vn -0.3941 -0.8270 -0.4009
vn -0.2140 -0.9511 -0.2227
vn -0.1509 0.9427 -0.2975
vn -0.2753 0.8020 -0.5301
vn -0.3663 0.6155 -0.6978
vn -0.4255 0.4121 -0.8057
vn -0.4580 0.2057 -0.8648
vn -0.4684 -0.0000 -0.8835
vn -0.4580 -0.2057 -0.8648
vn -0.4255 -0.4121 -0.8057
vn -0.3663 -0.6155 -0.6978
vn -0.2753 -0.8020 -0.5301
vn -0.1509 -0.9427 -0.2975
vn -0.0777 0.9364 -0.3423
vn -0.1407 0.7834 -0.6054
vn -0.1845 0.5903 -0.7858
vn -0.2114 0.3895 -0.8964
vn -0.2257 0.1927 -0.9549
vn -0.2302 -0.0000 -0.9731
vn -0.2257 -0.1927 -0.9549
vn -0.2114 -0.3895 -0.8964
vn -0.1845 -0.5903 -0.7858
vn -0.1407 -0.7834 -0.6054
vn -0.0777 -0.9364 -0.3423
vn -0.0000 0.5813 -0.8137
vn -0.0000 0.3817 -0.9243
vn -0.0000 -0.3817 -0.9243
vn -0.0000 -0.5813 -0.8137
vt 0.750000 0.083333
vt 0.750000 0.166667
vt 0.700000 0.166667
vt 0.700000 0.083333
vt 0.750000 0.916667
vt 0.725000 1.000000
vt 0.700000 0.916667
vt 0.750000 0.333333
vt 0.750000 0.416667
vt 0.700000 0.416667
vt 0.700000 0.333333
vt 0.750000 0.583333
vt 0.750000 0.666667
vt 0.700000 0.666667
vt 0.700000 0.583333
vt 0.725000 0.000000
vt 0.750000 0.833333
vt 0.700000 0.833333
vt 0.750000 0.250000
vt 0.700000 0.250000
vt 0.750000 0.500000
vt 0.700000 0.500000
vt 0.750000 0.750000
vt 0.700000 0.750000
vt 0.650000 0.583333
vt 0.650000 0.500000
vt 0.650000 0.833333
vt 0.650000 0.750000
vt 0.650000 0.250000
vt 0.650000 0.166667
vt 0.650000 0.416667
vt 0.650000 0.666667
vt 0.650000 0.083333
vt 0.675000 1.000000
vt 0.650000 0.916667
vt 0.650000 0.333333
vt 0.675000 0.000000
vt 0.600000 0.416667
vt 0.600000 0.333333
vt 0.600000 0.666667
vt 0.600000 0.583333
vt 0.625000 0.000000
vt 0.600000 0.083333
vt 0.600000 0.916667
vt 0.600000 0.833333
vt 0.600000 0.250000
vt 0.600000 0.500000
vt 0.600000 0.750000
vt 0.600000 0.166667
vt 0.625000 1.000000
vt 0.550000 0.500000
vt 0.550000 0.416667
vt 0.550000 0.750000
vt 0.550000 0.666667
vt 0.550000 0.166667
vt 0.550000 0.083333
vt 0.575000 1.000000
vt 0.550000 0.916667
vt 0.550000 0.333333
vt 0.550000 0.583333
vt 0.575000 0.000000
vt 0.550000 0.833333
vt 0.550000 0.250000
vt 0.500000 0.333333
vt 0.500000 0.250000
vt 0.500000 0.583333
vt 0.500000 0.500000
vt 0.500000 0.833333
vt 0.500000 0.750000
vt 0.500000 0.166667
vt 0.500000 0.416667
vt 0.500000 0.666667
vt 0.500000 0.083333
vt 0.525000 1.000000
vt 0.500000 0.916667
vt 0.525000 0.000000
vt 0.475000 1.000000
vt 0.450000 0.916667
vt 0.450000 0.416667
vt 0.450000 0.333333
vt 0.450000 0.666667
vt 0.450000 0.583333
vt 0.475000 0.000000
vt 0.450000 0.083333
vt 0.450000 0.833333
vt 0.450000 0.250000
vt 0.450000 0.500000
vt 0.450000 0.750000
vt 0.450000 0.166667
vt 0.400000 0.250000
vt 0.400000 0.166667
vt 0.400000 0.500000
vt 0.400000 0.416667
vt 0.400000 0.750000
vt 0.400000 0.666667
vt 0.400000 0.083333
vt 0.425000 1.000000
vt 0.400000 0.916667
vt 0.400000 0.333333
vt 0.400000 0.583333
vt 0.425000 0.000000
vt 0.400000 0.833333
vt 0.350000 0.916667
vt 0.350000 0.833333
vt 0.350000 0.333333
vt 0.350000 0.250000
vt 0.350000 0.583333
vt 0.350000 0.500000
vt 0.350000 0.750000
vt 0.350000 0.166667
vt 0.350000 0.416667
vt 0.350000 0.666667
vt 0.350000 0.083333
vt 0.375000 1.000000
vt 0.375000 0.000000
vt 0.300000 0.166667
vt 0.300000 0.083333
vt 0.325000 1.000000
vt 0.300000 0.916667
vt 0.300000 0.416667
vt 0.300000 0.333333
vt 0.300000 0.666667
vt 0.300000 0.583333
vt 0.325000 0.000000
vt 0.300000 0.833333
vt 0.300000 0.250000
vt 0.300000 0.500000
vt 0.300000 0.750000
vt 0.250000 0.833333
vt 0.250000 0.750000
vt 0.250000 0.250000
vt 0.250000 0.166667
vt 0.250000 0.500000
vt 0.250000 0.416667
vt 0.250000 0.666667
vt 0.250000 0.083333
vt 0.275000 1.000000
vt 0.250000 0.916667
vt 0.250000 0.333333
vt 0.250000 0.583333
vt 0.275000 0.000000
vt 0.225000 0.000000
vt 0.200000 0.083333
vt 0.200000 0.916667
vt 0.200000 0.833333
vt 0.200000 0.333333
vt 0.200000 0.250000
vt 0.200000 0.583333
vt 0.200000 0.500000
vt 0.200000 0.750000
vt 0.200000 0.166667
vt 0.200000 0.416667
vt 0.200000 0.666667
vt 0.225000 1.000000
vt 0.150000 0.750000
vt 0.150000 0.666667
vt 0.150000 0.166667
vt 0.150000 0.083333
vt 0.175000 1.000000
vt 0.150000 0.916667
vt 0.150000 0.416667
vt 0.150000 0.333333
vt 0.150000 0.583333
vt 0.175000 0.000000
vt 0.150000 0.833333
vt 0.150000 0.250000
vt 0.150000 0.500000
vt 0.100000 0.833333
vt 0.100000 0.750000
vt 0.100000 0.250000
vt 0.100000 0.166667
vt 0.100000 0.500000
vt 0.100000 0.416667
vt 0.100000 0.666667
vt 0.100000 0.083333
vt 0.125000 1.000000
vt 0.100000 0.916667
vt 0.100000 0.333333
vt 0.100000 0.583333
vt 0.125000 0.000000
vt 0.050000 0.666667
vt 0.050000 0.583333
vt 0.075000 0.000000
vt 0.050000 0.083333
vt 0.050000 0.916667
vt 0.050000 0.833333
vt 0.050000 0.333333
vt 0.050000 0.250000
vt 0.050000 0.500000
vt 0.050000 0.750000
vt 0.050000 0.166667
vt 0.050000 0.416667
vt 0.075000 1.000000
vt 0.000000 0.750000
vt 0.000000 0.666667
vt 0.000000 0.166667
vt 0.000000 0.083333
vt 0.025000 1.000000
vt 0.000000 0.916667
vt 0.000000 0.416667
vt 0.000000 0.333333
vt 0.000000 0.583333
vt 0.025000 0.000000
vt 0.000000 0.833333
vt 0.000000 0.250000
vt 0.000000 0.500000
vt 1.000000 0.500000
vt 1.000000 0.583333
vt 0.950000 0.583333
vt 0.950000 0.500000
vt 1.000000 0.750000
vt 1.000000 0.833333
vt 0.950000 0.833333
vt 0.950000 0.750000
vt 1.000000 0.166667
vt 1.000000 0.250000
vt 0.950000 0.250000
vt 0.950000 0.166667
vt 1.000000 0.416667
vt 0.950000 0.416667
vt 1.000000 0.666667
vt 0.950000 0.666667
vt 1.000000 0.083333
vt 0.950000 0.083333
vt 1.000000 0.916667
vt 0.975000 1.000000
vt 0.950000 0.916667
vt 1.000000 0.333333
vt 0.950000 0.333333
vt 0.975000 0.000000
vt 0.900000 0.666667
vt 0.900000 0.583333
vt 0.925000 0.000000
vt 0.900000 0.083333
vt 0.900000 0.916667
vt 0.900000 0.833333
vt 0.900000 0.333333
vt 0.900000 0.250000
vt 0.900000 0.500000
vt 0.900000 0.750000
vt 0.900000 0.166667
vt 0.900000 0.416667
vt 0.925000 1.000000
vt 0.850000 0.500000
vt 0.850000 0.416667
vt 0.850000 0.750000
vt 0.850000 0.666667
vt 0.850000 0.166667
vt 0.850000 0.083333
vt 0.875000 1.000000
vt 0.850000 0.916667
vt 0.850000 0.333333
vt 0.850000 0.583333
vt 0.875000 0.000000
vt 0.850000 0.833333
vt 0.850000 0.250000
vt 0.800000 0.583333
vt 0.800000 0.500000
vt 0.800000 0.833333
vt 0.800000 0.750000
vt 0.800000 0.250000
vt 0.800000 0.166667
vt 0.800000 0.416667
vt 0.800000 0.666667
vt 0.800000 0.083333
vt 0.825000 1.000000
vt 0.800000 0.916667
vt 0.800000 0.333333
vt 0.825000 0.000000
vt 0.775000 0.000000
vt 0.775000 1.000000
s 1
usemtl RunicAmber
f 1819/2449/1829 1818/2450/1828 1829/2451/1839 1830/2452/1840
f 1813/2453/1823 1920/2454/1930 1820/2455/1830
f 2033/2456/2043 1817/2457/1827 1826/2458/1836 1827/2459/1837
f 1815/2460/1825 2032/2461/2042 1823/2462/1833 1824/2463/1834
f 1842/2464/1852 1819/2449/1829 1830/2452/1840
f 1814/2465/1824 1813/2453/1823 1820/2455/1830 1821/2466/1831
f 2034/2467/2044 2033/2456/2043 1827/2459/1837 1828/2468/1838
f 1816/2469/1826 1815/2460/1825 1824/2463/1834 1825/2470/1835
f 2031/2471/2041 1814/2465/1824 1821/2466/1831 1822/2472/1832
f 1818/2450/1828 2034/2467/2044 1828/2468/1838 1829/2451/1839
f 1817/2457/1827 1816/2469/1826 1825/2470/1835 1826/2458/1836
f 2032/2461/2042 2031/2471/2041 1822/2472/1832 1823/2462/1833
f 1825/2470/1835 1824/2463/1834 1835/2473/1845 1836/2474/1846
f 1822/2472/1832 1821/2466/1831 1832/2475/1842 1833/2476/1843
f 1829/2451/1839 1828/2468/1838 1839/2477/1849 1840/2478/1850
f 1826/2458/1836 1825/2470/1835 1836/2474/1846 1837/2479/1847
f 1823/2462/1833 1822/2472/1832 1833/2476/1843 1834/2480/1844
f 1830/2452/1840 1829/2451/1839 1840/2478/1850 1841/2481/1851
f 1820/2455/1830 1920/2482/1930 1831/2483/1841
f 1827/2459/1837 1826/2458/1836 1837/2479/1847 1838/2484/1848
f 1824/2463/1834 1823/2462/1833 1834/2480/1844 1835/2473/1845
f 1842/2485/1852 1830/2452/1840 1841/2481/1851
f 1821/2466/1831 1820/2455/1830 1831/2483/1841 1832/2475/1842
f 1828/2468/1838 1827/2459/1837 1838/2484/1848 1839/2477/1849
f 1838/2484/1848 1837/2479/1847 1849/2486/1859 1850/2487/1860
f 1835/2473/1845 1834/2480/1844 1846/2488/1856 1847/2489/1857
f 1842/2490/1852 1841/2481/1851 1853/2491/1863
f 1832/2475/1842 1831/2483/1841 1843/2492/1853 1844/2493/1854
f 1839/2477/1849 1838/2484/1848 1850/2487/1860 1851/2494/1861
f 1836/2474/1846 1835/2473/1845 1847/2489/1857 1848/2495/1858
f 1833/2476/1843 1832/2475/1842 1844/2493/1854 1845/2496/1855
f 1840/2478/1850 1839/2477/1849 1851/2494/1861 1852/2497/1862
f 1837/2479/1847 1836/2474/1846 1848/2495/1858 1849/2486/1859
f 1834/2480/1844 1833/2476/1843 1845/2496/1855 1846/2488/1856
f 1841/2481/1851 1840/2478/1850 1852/2497/1862 1853/2491/1863
f 1831/2483/1841 1920/2498/1930 1843/2492/1853
f 1849/2486/1859 1848/2495/1858 1859/2499/1869 1860/2500/1870
f 1846/2488/1856 1845/2496/1855 1856/2501/1866 1857/2502/1867
f 1853/2491/1863 1852/2497/1862 1863/2503/1873 1864/2504/1874
f 1843/2492/1853 1920/2505/1930 1854/2506/1864
f 1850/2487/1860 1849/2486/1859 1860/2500/1870 1861/2507/1871
f 1847/2489/1857 1846/2488/1856 1857/2502/1867 1858/2508/1868
f 1842/2509/1852 1853/2491/1863 1864/2504/1874
f 1844/2493/1854 1843/2492/1853 1854/2506/1864 1855/2510/1865
f 1851/2494/1861 1850/2487/1860 1861/2507/1871 1862/2511/1872
f 1848/2495/1858 1847/2489/1857 1858/2508/1868 1859/2499/1869
f 1845/2496/1855 1844/2493/1854 1855/2510/1865 1856/2501/1866
f 1852/2497/1862 1851/2494/1861 1862/2511/1872 1863/2503/1873
f 1862/2511/1872 1861/2507/1871 1872/2512/1882 1873/2513/1883
f 1859/2499/1869 1858/2508/1868 1869/2514/1879 1870/2515/1880
f 1856/2501/1866 1855/2510/1865 1866/2516/1876 1867/2517/1877
f 1863/2503/1873 1862/2511/1872 1873/2513/1883 1874/2518/1884
f 1860/2500/1870 1859/2499/1869 1870/2515/1880 1871/2519/1881
f 1857/2502/1867 1856/2501/1866 1867/2517/1877 1868/2520/1878
f 1864/2504/1874 1863/2503/1873 1874/2518/1884 1875/2521/1885
f 1854/2506/1864 1920/2522/1930 1865/2523/1875
f 1861/2507/1871 1860/2500/1870 1871/2519/1881 1872/2512/1882
f 1858/2508/1868 1857/2502/1867 1868/2520/1878 1869/2514/1879
f 1842/2524/1852 1864/2504/1874 1875/2521/1885
f 1855/2510/1865 1854/2506/1864 1865/2523/1875 1866/2516/1876
f 1865/2523/1875 1920/2525/1930 1876/2526/1886
f 1872/2512/1882 1871/2519/1881 1882/2527/1892 1883/2528/1893
f 1869/2514/1879 1868/2520/1878 1879/2529/1889 1880/2530/1890
f 1842/2531/1852 1875/2521/1885 1886/2532/1896
f 1866/2516/1876 1865/2523/1875 1876/2526/1886 1877/2533/1887
f 1873/2513/1883 1872/2512/1882 1883/2528/1893 1884/2534/1894
f 1870/2515/1880 1869/2514/1879 1880/2530/1890 1881/2535/1891
f 1867/2517/1877 1866/2516/1876 1877/2533/1887 1878/2536/1888
f 1874/2518/1884 1873/2513/1883 1884/2534/1894 1885/2537/1895
f 1871/2519/1881 1870/2515/1880 1881/2535/1891 1882/2527/1892
f 1868/2520/1878 1867/2517/1877 1878/2536/1888 1879/2529/1889
f 1875/2521/1885 1874/2518/1884 1885/2537/1895 1886/2532/1896
f 1885/2537/1895 1884/2534/1894 1895/2538/1905 1896/2539/1906
f 1882/2527/1892 1881/2535/1891 1892/2540/1902 1893/2541/1903
f 1879/2529/1889 1878/2536/1888 1889/2542/1899 1890/2543/1900
f 1886/2532/1896 1885/2537/1895 1896/2539/1906 1897/2544/1907
f 1876/2526/1886 1920/2545/1930 1887/2546/1897
f 1883/2528/1893 1882/2527/1892 1893/2541/1903 1894/2547/1904
f 1880/2530/1890 1879/2529/1889 1890/2543/1900 1891/2548/1901
f 1842/2549/1852 1886/2532/1896 1897/2544/1907
f 1877/2533/1887 1876/2526/1886 1887/2546/1897 1888/2550/1898
f 1884/2534/1894 1883/2528/1893 1894/2547/1904 1895/2538/1905
f 1881/2535/1891 1880/2530/1890 1891/2548/1901 1892/2540/1902
f 1878/2536/1888 1877/2533/1887 1888/2550/1898 1889/2542/1899
f 1888/2550/1898 1887/2546/1897 1898/2551/1908 1899/2552/1909
f 1895/2538/1905 1894/2547/1904 1905/2553/1915 1906/2554/1916
f 1892/2540/1902 1891/2548/1901 1902/2555/1912 1903/2556/1913
f 1889/2542/1899 1888/2550/1898 1899/2552/1909 1900/2557/1910
f 1896/2539/1906 1895/2538/1905 1906/2554/1916 1907/2558/1917
f 1893/2541/1903 1892/2540/1902 1903/2556/1913 1904/2559/1914
f 1890/2543/1900 1889/2542/1899 1900/2557/1910 1901/2560/1911
f 1897/2544/1907 1896/2539/1906 1907/2558/1917 1908/2561/1918
f 1887/2546/1897 1920/2562/1930 1898/2551/1908
f 1894/2547/1904 1893/2541/1903 1904/2559/1914 1905/2553/1915
f 1891/2548/1901 1890/2543/1900 1901/2560/1911 1902/2555/1912
f 1842/2563/1852 1897/2544/1907 1908/2561/1918
f 1908/2561/1918 1907/2558/1917 1918/2564/1928 1919/2565/1929
f 1898/2551/1908 1920/2566/1930 1909/2567/1919
f 1905/2553/1915 1904/2559/1914 1915/2568/1925 1916/2569/1926
f 1902/2555/1912 1901/2560/1911 1912/2570/1922 1913/2571/1923
f 1842/2572/1852 1908/2561/1918 1919/2565/1929
f 1899/2552/1909 1898/2551/1908 1909/2567/1919 1910/2573/1920
f 1906/2554/1916 1905/2553/1915 1916/2569/1926 1917/2574/1927
f 1903/2556/1913 1902/2555/1912 1913/2571/1923 1914/2575/1924
f 1900/2557/1910 1899/2552/1909 1910/2573/1920 1911/2576/1921
f 1907/2558/1917 1906/2554/1916 1917/2574/1927 1918/2564/1928
f 1904/2559/1914 1903/2556/1913 1914/2575/1924 1915/2568/1925
f 1901/2560/1911 1900/2557/1910 1911/2576/1921 1912/2570/1922
f 1911/2576/1921 1910/2573/1920 1922/2577/1932 1923/2578/1933
f 1918/2564/1928 1917/2574/1927 1929/2579/1939 1930/2580/1940
f 1915/2568/1925 1914/2575/1924 1926/2581/1936 1927/2582/1937
f 1912/2570/1922 1911/2576/1921 1923/2578/1933 1924/2583/1934
f 1919/2565/1929 1918/2564/1928 1930/2580/1940 1931/2584/1941
f 1909/2567/1919 1920/2585/1930 1921/2586/1931
f 1916/2569/1926 1915/2568/1925 1927/2582/1937 1928/2587/1938
f 1913/2571/1923 1912/2570/1922 1924/2583/1934 1925/2588/1935
f 1842/2589/1852 1919/2565/1929 1931/2584/1941
f 1910/2573/1920 1909/2567/1919 1921/2586/1931 1922/2577/1932
f 1917/2574/1927 1916/2569/1926 1928/2587/1938 1929/2579/1939
f 1914/2575/1924 1913/2571/1923 1925/2588/1935 1926/2581/1936
f 1842/2590/1852 1931/2584/1941 1942/2591/1952
f 1922/2577/1932 1921/2586/1931 1932/2592/1942 1933/2593/1943
f 1929/2579/1939 1928/2587/1938 1939/2594/1949 1940/2595/1950
f 1926/2581/1936 1925/2588/1935 1936/2596/1946 1937/2597/1947
f 1923/2578/1933 1922/2577/1932 1933/2593/1943 1934/2598/1944
f 1930/2580/1940 1929/2579/1939 1940/2595/1950 1941/2599/1951
f 1927/2582/1937 1926/2581/1936 1937/2597/1947 1938/2600/1948
f 1924/2583/1934 1923/2578/1933 1934/2598/1944 1935/2601/1945
f 1931/2584/1941 1930/2580/1940 1941/2599/1951 1942/2591/1952
f 1921/2586/1931 1920/2602/1930 1932/2592/1942
f 1928/2587/1938 1927/2582/1937 1938/2600/1948 1939/2594/1949
f 1925/2588/1935 1924/2583/1934 1935/2601/1945 1936/2596/1946
f 1935/2601/1945 1934/2598/1944 1945/2603/1955 1946/2604/1956
f 1942/2591/1952 1941/2599/1951 1952/2605/1962 1953/2606/1963
f 1932/2592/1942 1920/2607/1930 1943/2608/1953
f 1939/2594/1949 1938/2600/1948 1949/2609/1959 1950/2610/1960
f 1936/2596/1946 1935/2601/1945 1946/2604/1956 1947/2611/1957
f 1842/2612/1852 1942/2591/1952 1953/2606/1963
f 1933/2593/1943 1932/2592/1942 1943/2608/1953 1944/2613/1954
f 1940/2595/1950 1939/2594/1949 1950/2610/1960 1951/2614/1961
f 1937/2597/1947 1936/2596/1946 1947/2611/1957 1948/2615/1958
f 1934/2598/1944 1933/2593/1943 1944/2613/1954 1945/2603/1955
f 1941/2599/1951 1940/2595/1950 1951/2614/1961 1952/2605/1962
f 1938/2600/1948 1937/2597/1947 1948/2615/1958 1949/2609/1959
f 1945/2603/1955 1944/2613/1954 1955/2616/1965 1956/2617/1966
f 1952/2605/1962 1951/2614/1961 1962/2618/1972 1963/2619/1973
f 1949/2609/1959 1948/2615/1958 1959/2620/1969 1960/2621/1970
f 1946/2604/1956 1945/2603/1955 1956/2617/1966 1957/2622/1967
f 1953/2606/1963 1952/2605/1962 1963/2619/1973 1964/2623/1974
f 1943/2608/1953 1920/2624/1930 1954/2625/1964
f 1950/2610/1960 1949/2609/1959 1960/2621/1970 1961/2626/1971
f 1947/2611/1957 1946/2604/1956 1957/2622/1967 1958/2627/1968
f 1842/2628/1852 1953/2606/1963 1964/2623/1974
f 1944/2613/1954 1943/2608/1953 1954/2625/1964 1955/2616/1965
f 1951/2614/1961 1950/2610/1960 1961/2626/1971 1962/2618/1972
f 1948/2615/1958 1947/2611/1957 1958/2627/1968 1959/2620/1969
f 1958/2627/1968 1957/2622/1967 1968/2629/1978 1969/2630/1979
f 1842/2631/1852 1964/2623/1974 1975/2632/1985
f 1955/2616/1965 1954/2625/1964 1965/2633/1975 1966/2634/1976
f 1962/2618/1972 1961/2626/1971 1972/2635/1982 1973/2636/1983
f 1959/2620/1969 1958/2627/1968 1969/2630/1979 1970/2637/1980
f 1956/2617/1966 1955/2616/1965 1966/2634/1976 1967/2638/1977
f 1963/2619/1973 1962/2618/1972 1973/2636/1983 1974/2639/1984
f 1960/2621/1970 1959/2620/1969 1970/2637/1980 1971/2640/1981
f 1957/2622/1967 1956/2617/1966 1967/2638/1977 1968/2629/1978
f 1964/2623/1974 1963/2619/1973 1974/2639/1984 1975/2632/1985
f 1954/2625/1964 1920/2641/1930 1965/2633/1975
f 1961/2626/1971 1960/2621/1970 1971/2640/1981 1972/2635/1982
f 1968/2629/1978 1967/2638/1977 1978/2642/1988 1979/2643/1989
f 1975/2632/1985 1974/2639/1984 1985/2644/1995 1986/2645/1996
f 1965/2633/1975 1920/2646/1930 1976/2647/1986
f 1972/2635/1982 1971/2640/1981 1982/2648/1992 1983/2649/1993
f 1969/2630/1979 1968/2629/1978 1979/2643/1989 1980/2650/1990
f 1842/2651/1852 1975/2632/1985 1986/2645/1996
f 1966/2634/1976 1965/2633/1975 1976/2647/1986 1977/2652/1987
f 1973/2636/1983 1972/2635/1982 1983/2649/1993 1984/2653/1994
f 1970/2637/1980 1969/2630/1979 1980/2650/1990 1981/2654/1991
f 1967/2638/1977 1966/2634/1976 1977/2652/1987 1978/2642/1988
f 1974/2639/1984 1973/2636/1983 1984/2653/1994 1985/2644/1995
f 1971/2640/1981 1970/2637/1980 1981/2654/1991 1982/2648/1992
f 1981/2655/1991 1980/2656/1990 1991/2657/2001 1992/2658/2002
f 1978/2659/1988 1977/2660/1987 1988/2661/1998 1989/2662/1999
f 1985/2663/1995 1984/2664/1994 1995/2665/2005 1996/2666/2006
f 1982/2667/1992 1981/2655/1991 1992/2658/2002 1993/2668/2003
f 1979/2669/1989 1978/2659/1988 1989/2662/1999 1990/2670/2000
f 1986/2671/1996 1985/2663/1995 1996/2666/2006 1997/2672/2007
f 1976/2673/1986 1920/2674/1930 1987/2675/1997
f 1983/2676/1993 1982/2667/1992 1993/2668/2003 1994/2677/2004
f 1980/2656/1990 1979/2669/1989 1990/2670/2000 1991/2657/2001
f 1842/2678/1852 1986/2671/1996 1997/2672/2007
f 1977/2660/1987 1976/2673/1986 1987/2675/1997 1988/2661/1998
f 1984/2664/1994 1983/2676/1993 1994/2677/2004 1995/2665/2005
f 1991/2657/2001 1990/2670/2000 2001/2679/2011 2002/2680/2012
f 1842/2681/1852 1997/2672/2007 2008/2682/2018
f 1988/2661/1998 1987/2675/1997 1998/2683/2008 1999/2684/2009
f 1995/2665/2005 1994/2677/2004 2005/2685/2015 2006/2686/2016
f 1992/2658/2002 1991/2657/2001 2002/2680/2012 2003/2687/2013
f 1989/2662/1999 1988/2661/1998 1999/2684/2009 2000/2688/2010
f 1996/2666/2006 1995/2665/2005 2006/2686/2016 2007/2689/2017
f 1993/2668/2003 1992/2658/2002 2003/2687/2013 2004/2690/2014
f 1990/2670/2000 1989/2662/1999 2000/2688/2010 2001/2679/2011
f 1997/2672/2007 1996/2666/2006 2007/2689/2017 2008/2682/2018
f 1987/2675/1997 1920/2691/1930 1998/2683/2008
f 1994/2677/2004 1993/2668/2003 2004/2690/2014 2005/2685/2015
f 2004/2690/2014 2003/2687/2013 2014/2692/2024 2015/2693/2025
f 2001/2679/2011 2000/2688/2010 2011/2694/2021 2012/2695/2022
f 2008/2682/2018 2007/2689/2017 2018/2696/2028 2019/2697/2029
f 1998/2683/2008 1920/2698/1930 2009/2699/2019
f 2005/2685/2015 2004/2690/2014 2015/2693/2025 2016/2700/2026
f 2002/2680/2012 2001/2679/2011 2012/2695/2022 2013/2701/2023
f 1842/2702/1852 2008/2682/2018 2019/2697/2029
f 1999/2684/2009 1998/2683/2008 2009/2699/2019 2010/2703/2020
f 2006/2686/2016 2005/2685/2015 2016/2700/2026 2017/2704/2027
f 2003/2687/2013 2002/2680/2012 2013/2701/2023 2014/2692/2024
f 2000/2688/2010 1999/2684/2009 2010/2703/2020 2011/2694/2021
f 2007/2689/2017 2006/2686/2016 2017/2704/2027 2018/2696/2028
f 2014/2692/2024 2013/2701/2023 2024/2705/2034 2025/2706/2035
f 2011/2694/2021 2010/2703/2020 2021/2707/2031 2022/2708/2032
f 2018/2696/2028 2017/2704/2027 2028/2709/2038 2029/2710/2039
f 2015/2693/2025 2014/2692/2024 2025/2706/2035 2026/2711/2036
f 2012/2695/2022 2011/2694/2021 2022/2708/2032 2023/2712/2033
f 2019/2697/2029 2018/2696/2028 2029/2710/2039 2030/2713/2040
f 2009/2699/2019 1920/2714/1930 2020/2715/2030
f 2016/2700/2026 2015/2693/2025 2026/2711/2036 2027/2716/2037
f 2013/2701/2023 2012/2695/2022 2023/2712/2033 2024/2705/2034
f 1842/2717/1852 2019/2697/2029 2030/2713/2040
f 2010/2703/2020 2009/2699/2019 2020/2715/2030 2021/2707/2031
f 2017/2704/2027 2016/2700/2026 2027/2716/2037 2028/2709/2038
f 2027/2716/2037 2026/2711/2036 1817/2457/1827 2033/2456/2043
f 2024/2705/2034 2023/2712/2033 2032/2461/2042 1815/2460/1825
f 1842/2718/1852 2030/2713/2040 1819/2449/1829
f 2021/2707/2031 2020/2715/2030 1813/2453/1823 1814/2465/1824
f 2028/2709/2038 2027/2716/2037 2033/2456/2043 2034/2467/2044
f 2025/2706/2035 2024/2705/2034 1815/2460/1825 1816/2469/1826
f 2022/2708/2032 2021/2707/2031 1814/2465/1824 2031/2471/2041
f 2029/2710/2039 2028/2709/2038 2034/2467/2044 1818/2450/1828
f 2026/2711/2036 2025/2706/2035 1816/2469/1826 1817/2457/1827
f 2023/2712/2033 2022/2708/2032 2031/2471/2041 2032/2461/2042
f 2030/2713/2040 2029/2710/2039 1818/2450/1828 1819/2449/1829
f 2020/2715/2030 1920/2719/1930 1813/2453/1823
o apex_bow_crown
v -0.152000 1.030000 0.597000
v -0.152000 1.048000 0.615000
v -0.170000 1.048000 0.597000
v -0.152000 1.032405 0.605988
v -0.160988 1.032405 0.597000
v -0.160608 1.034741 0.605608
v -0.160988 1.048000 0.612595
v -0.152000 1.039012 0.612595
v -0.160608 1.039392 0.610259
v -0.167595 1.039012 0.597000
v -0.167595 1.048000 0.605988
v -0.165259 1.039392 0.605608
v -0.152000 1.112000 0.615000
v -0.152000 1.130000 0.597000
v -0.170000 1.112000 0.597000
v -0.152000 1.120988 0.612595
v -0.160988 1.112000 0.612595
v -0.160608 1.120608 0.610259
v -0.160988 1.127595 0.597000
v -0.152000 1.127595 0.605988
v -0.160608 1.125259 0.605608
v -0.167595 1.112000 0.605988
v -0.167595 1.120988 0.597000
v -0.165259 1.120608 0.605608
v -0.152000 1.030000 0.523000
v -0.170000 1.048000 0.523000
v -0.152000 1.048000 0.505000
v -0.160988 1.032405 0.523000
v -0.152000 1.032405 0.514012
v -0.160608 1.034741 0.514392
v -0.167595 1.048000 0.514012
v -0.167595 1.039012 0.523000
v -0.165259 1.039392 0.514392
v -0.152000 1.039012 0.507405
v -0.160988 1.048000 0.507405
v -0.160608 1.039392 0.509741
v -0.152000 1.130000 0.523000
v -0.152000 1.112000 0.505000
v -0.170000 1.112000 0.523000
v -0.152000 1.127595 0.514012
v -0.160988 1.127595 0.523000
v -0.160608 1.125259 0.514392
v -0.160988 1.112000 0.507405
v -0.152000 1.120988 0.507405
v -0.160608 1.120608 0.509741
v -0.167595 1.120988 0.523000
v -0.167595 1.112000 0.514012
v -0.165259 1.120608 0.514392
v 0.152000 1.030000 0.597000
v 0.170000 1.048000 0.597000
v 0.152000 1.048000 0.615000
v 0.160988 1.032405 0.597000
v 0.152000 1.032405 0.605988
v 0.160608 1.034741 0.605608
v 0.167595 1.048000 0.605988
v 0.167595 1.039012 0.597000
v 0.165259 1.039392 0.605608
v 0.152000 1.039012 0.612595
v 0.160988 1.048000 0.612595
v 0.160608 1.039392 0.610259
v 0.152000 1.130000 0.597000
v 0.152000 1.112000 0.615000
v 0.170000 1.112000 0.597000
v 0.152000 1.127595 0.605988
v 0.160988 1.127595 0.597000
v 0.160608 1.125259 0.605608
v 0.160988 1.112000 0.612595
v 0.152000 1.120988 0.612595
v 0.160608 1.120608 0.610259
v 0.167595 1.120988 0.597000
v 0.167595 1.112000 0.605988
v 0.165259 1.120608 0.605608
v 0.152000 1.030000 0.523000
v 0.152000 1.048000 0.505000
v 0.170000 1.048000 0.523000
v 0.152000 1.032405 0.514012
v 0.160988 1.032405 0.523000
v 0.160608 1.034741 0.514392
v 0.160988 1.048000 0.507405
v 0.152000 1.039012 0.507405
v 0.160608 1.039392 0.509741
v 0.167595 1.039012 0.523000
v 0.167595 1.048000 0.514012
v 0.165259 1.039392 0.514392
v 0.152000 1.130000 0.523000
v 0.170000 1.112000 0.523000
v 0.152000 1.112000 0.505000
v 0.160988 1.127595 0.523000
v 0.152000 1.127595 0.514012
v 0.160608 1.125259 0.514392
v 0.167595 1.112000 0.514012
v 0.167595 1.120988 0.523000
v 0.165259 1.120608 0.514392
v 0.152000 1.120988 0.507405
v 0.160988 1.112000 0.507405
v 0.160608 1.120608 0.509741
vn -0.2566 -0.9318 0.2566
vn -0.2178 -0.6901 0.6901
vn -0.2566 -0.2566 0.9318
vn -0.6901 -0.2178 0.6901
vn -0.9318 -0.2566 0.2566
vn -0.6901 -0.6901 0.2178
vn -0.5774 -0.5774 0.5774
vn -0.2566 0.2566 0.9318
vn -0.2178 0.6901 0.6901
vn -0.2566 0.9318 0.2566
vn -0.6901 0.6901 0.2178
vn -0.9318 0.2566 0.2566
vn -0.6901 0.2178 0.6901
vn -0.5774 0.5773 0.5774
vn -0.2566 -0.9318 -0.2566
vn -0.6901 -0.6901 -0.2178
vn -0.9318 -0.2566 -0.2566
vn -0.6901 -0.2178 -0.6901
vn -0.2566 -0.2566 -0.9318
vn -0.2178 -0.6901 -0.6901
vn -0.5774 -0.5774 -0.5774
vn -0.2566 0.9318 -0.2566
vn -0.2178 0.6901 -0.6901
vn -0.2566 0.2566 -0.9318
vn -0.6901 0.2178 -0.6901
vn -0.9318 0.2566 -0.2566
vn -0.6901 0.6901 -0.2178
vn -0.5774 0.5773 -0.5774
vn 0.2566 -0.9318 0.2566
vn 0.6901 -0.6901 0.2178
vn 0.9318 -0.2566 0.2566
vn 0.6901 -0.2178 0.6901
vn 0.2566 -0.2566 0.9318
vn 0.2178 -0.6901 0.6901
vn 0.5773 -0.5774 0.5774
vn 0.2566 0.9318 0.2566
vn 0.2178 0.6901 0.6901
vn 0.2566 0.2566 0.9318
vn 0.6901 0.2178 0.6901
vn 0.9318 0.2566 0.2566
vn 0.6901 0.6901 0.2178
vn 0.5773 0.5773 0.5774
vn 0.2566 -0.9318 -0.2566
vn 0.2178 -0.6901 -0.6901
vn 0.2566 -0.2566 -0.9318
vn 0.6901 -0.2178 -0.6901
vn 0.9318 -0.2566 -0.2566
vn 0.6901 -0.6901 -0.2178
vn 0.5773 -0.5774 -0.5774
vn 0.2566 0.9318 -0.2566
vn 0.6901 0.6901 -0.2178
vn 0.9318 0.2566 -0.2566
vn 0.6901 0.2178 -0.6901
vn 0.2566 0.2566 -0.9318
vn 0.2178 0.6901 -0.6901
vn 0.5773 0.5773 -0.5774
vn -0.2585 -0.9660 -0.0000
vn -0.7071 -0.7071 -0.0000
vn -0.9660 -0.2585 -0.0000
vn -0.2585 -0.0000 0.9660
vn -0.7071 -0.0000 0.7071
vn -0.9660 -0.0000 0.2585
vn -0.2585 0.9660 -0.0000
vn -0.7071 0.7071 -0.0000
vn -0.9660 0.2585 -0.0000
vn -0.2585 -0.0000 -0.9660
vn -0.7071 -0.0000 -0.7071
vn -0.9660 -0.0000 -0.2585
vn -0.0000 -0.9660 -0.2585
vn -0.0000 -0.7071 -0.7071
vn -0.0000 -0.2585 -0.9660
vn -0.0000 0.9660 -0.2585
vn -0.0000 0.7071 -0.7071
vn -0.0000 0.2585 -0.9660
vn 0.9660 -0.0000 -0.2585
vn 0.7071 -0.0000 -0.7071
vn 0.2585 -0.0000 -0.9660
vn 0.2585 -0.9660 -0.0000
vn 0.7071 -0.7071 -0.0000
vn 0.9660 -0.2585 -0.0000
vn 0.2585 0.9660 -0.0000
vn 0.7071 0.7071 -0.0000
vn 0.9660 0.2585 -0.0000
vn 0.2585 -0.0000 0.9660
vn 0.7071 -0.0000 0.7071
vn 0.9660 -0.0000 0.2585
vn -0.0000 -0.9660 0.2585
vn -0.0000 -0.7071 0.7071
vn -0.0000 -0.2585 0.9660
vn -0.0000 0.9660 0.2585
vn -0.0000 0.7071 0.7071
vn -0.0000 0.2585 0.9660
vn -0.0000 -1.0000 -0.0000
vn -1.0000 -0.0000 -0.0000
vn -0.0000 -0.0000 1.0000
vn -0.0000 1.0000 -0.0000
vn -0.0000 -0.0000 -1.0000
vn 1.0000 -0.0000 -0.0000
vt 0.138235 0.709091
vt 0.138235 0.729519
vt 0.131906 0.728654
vt 0.131626 0.709091
vt 0.138235 0.750000
vt 0.131906 0.750000
vt 0.420000 0.986765
vt 0.420000 1.000000
vt 0.375000 0.993094
vt 0.375000 0.986765
vt 0.420000 0.000000
vt 0.420000 0.020481
vt 0.375000 0.021346
vt 0.375000 0.000000
vt 0.420000 0.040909
vt 0.375000 0.040909
vt 0.125000 0.709091
vt 0.125000 0.728654
vt 0.580000 0.986765
vt 0.602470 0.986765
vt 0.601520 1.000000
vt 0.580000 1.000000
vt 0.625000 0.986765
vt 0.625000 1.000000
vt 0.861765 0.709091
vt 0.875000 0.709091
vt 0.875000 0.728654
vt 0.861765 0.750000
vt 0.625000 0.040909
vt 0.602470 0.040909
vt 0.601519 0.021346
vt 0.625000 0.021346
vt 0.580000 0.040909
vt 0.580000 0.020481
vt 0.580000 0.000000
vt 0.601520 0.000000
vt 0.138235 0.540909
vt 0.131626 0.540909
vt 0.131906 0.521346
vt 0.138235 0.520481
vt 0.125000 0.540909
vt 0.125000 0.521346
vt 0.420000 0.209091
vt 0.420000 0.229519
vt 0.375000 0.228654
vt 0.375000 0.209091
vt 0.420000 0.256626
vt 0.375000 0.256906
vt 0.420000 0.263235
vt 0.375000 0.263235
vt 0.138235 0.500000
vt 0.131906 0.500000
vt 0.861765 0.540909
vt 0.861765 0.500000
vt 0.875000 0.521346
vt 0.875000 0.540909
vt 0.625000 0.263235
vt 0.602470 0.263235
vt 0.601520 0.255538
vt 0.625000 0.238071
vt 0.580000 0.263235
vt 0.580000 0.256626
vt 0.580000 0.229519
vt 0.601520 0.228654
vt 0.580000 0.209091
vt 0.602470 0.209091
vt 0.625000 0.209091
vt 0.361765 0.709091
vt 0.368374 0.709091
vt 0.368094 0.728654
vt 0.361765 0.729519
vt 0.397530 0.709091
vt 0.396394 0.728654
vt 0.420000 0.709091
vt 0.420000 0.729519
vt 0.420000 0.756626
vt 0.372464 0.754370
vt 0.420000 0.763235
vt 0.368383 0.756618
vt 0.638235 0.709091
vt 0.631619 0.756617
vt 0.629370 0.752536
vt 0.631626 0.709091
vt 0.602470 0.763235
vt 0.601520 0.756906
vt 0.580000 0.763235
vt 0.580000 0.756626
vt 0.580000 0.729519
vt 0.601519 0.730575
vt 0.580000 0.709091
vt 0.602471 0.709091
vt 0.361765 0.540909
vt 0.361765 0.520481
vt 0.368094 0.521346
vt 0.368374 0.540909
vt 0.368383 0.493381
vt 0.372464 0.495630
vt 0.420000 0.486765
vt 0.420000 0.493374
vt 0.420000 0.520481
vt 0.396394 0.521346
vt 0.420000 0.540909
vt 0.397530 0.540909
vt 0.638235 0.540909
vt 0.631626 0.540909
vt 0.629370 0.497464
vt 0.631619 0.493383
vt 0.602471 0.540909
vt 0.601520 0.519425
vt 0.580000 0.540909
vt 0.580000 0.520481
vt 0.580000 0.493374
vt 0.601520 0.493094
vt 0.580000 0.486765
vt 0.602470 0.486765
s 0
usemtl WornBronze
f 2035/2720/2045 2038/2721/2045 2040/2722/2045 2039/2723/2045
f 2038/2721/2046 2042/2724/2046 2043/2725/2046 2040/2722/2046
f 2036/2726/2047 2041/2727/2047 2043/2728/2047 2042/2729/2047
f 2041/2730/2048 2045/2731/2048 2046/2732/2048 2043/2733/2048
f 2037/2734/2049 2044/2735/2049 2046/2732/2049 2045/2731/2049
f 2044/2736/2050 2039/2723/2050 2040/2722/2050 2046/2737/2050
f 2040/2722/2051 2043/2725/2051 2046/2737/2051
f 2047/2738/2052 2050/2739/2052 2052/2740/2052 2051/2741/2052
f 2050/2739/2053 2054/2742/2053 2055/2743/2053 2052/2740/2053
f 2048/2744/2054 2053/2745/2054 2055/2746/2054 2054/2747/2054
f 2053/2748/2055 2057/2749/2055 2058/2750/2055 2055/2751/2055
f 2049/2752/2056 2056/2753/2056 2058/2750/2056 2057/2749/2056
f 2056/2753/2057 2051/2754/2057 2052/2755/2057 2058/2750/2057
f 2052/2755/2058 2055/2751/2058 2058/2750/2058
f 2059/2756/2059 2062/2757/2059 2064/2758/2059 2063/2759/2059
f 2062/2757/2060 2066/2760/2060 2067/2761/2060 2064/2758/2060
f 2060/2762/2061 2065/2763/2061 2067/2764/2061 2066/2765/2061
f 2065/2763/2062 2069/2766/2062 2070/2767/2062 2067/2764/2062
f 2061/2768/2063 2068/2769/2063 2070/2767/2063 2069/2766/2063
f 2068/2770/2064 2063/2759/2064 2064/2758/2064 2070/2771/2064
f 2064/2758/2065 2067/2761/2065 2070/2771/2065
f 2071/2772/2066 2074/2773/2066 2076/2774/2066 2075/2775/2066
f 2074/2776/2067 2078/2777/2067 2079/2778/2067 2076/2779/2067
f 2072/2780/2068 2077/2781/2068 2079/2778/2068 2078/2777/2068
f 2077/2781/2069 2081/2782/2069 2082/2783/2069 2079/2778/2069
f 2073/2784/2070 2080/2785/2070 2082/2783/2070 2081/2782/2070
f 2080/2785/2071 2075/2786/2071 2076/2779/2071 2082/2783/2071
f 2076/2779/2072 2079/2778/2072 2082/2783/2072
f 2083/2787/2073 2086/2788/2073 2088/2789/2073 2087/2790/2073
f 2086/2788/2074 2090/2791/2074 2091/2792/2074 2088/2789/2074
f 2084/2793/2075 2089/2794/2075 2091/2792/2075 2090/2791/2075
f 2089/2794/2076 2093/2795/2076 2094/2796/2076 2091/2792/2076
f 2085/2797/2077 2092/2798/2077 2094/2796/2077 2093/2795/2077
f 2092/2798/2078 2087/2790/2078 2088/2789/2078 2094/2796/2078
f 2088/2789/2079 2091/2792/2079 2094/2796/2079
f 2095/2799/2080 2098/2800/2080 2100/2801/2080 2099/2802/2080
f 2098/2800/2081 2102/2803/2081 2103/2804/2081 2100/2801/2081
f 2096/2805/2082 2101/2806/2082 2103/2804/2082 2102/2803/2082
f 2101/2806/2083 2105/2807/2083 2106/2808/2083 2103/2804/2083
f 2097/2809/2084 2104/2810/2084 2106/2808/2084 2105/2807/2084
f 2104/2810/2085 2099/2802/2085 2100/2801/2085 2106/2808/2085
f 2100/2801/2086 2103/2804/2086 2106/2808/2086
f 2107/2811/2087 2110/2812/2087 2112/2813/2087 2111/2814/2087
f 2110/2812/2088 2114/2815/2088 2115/2816/2088 2112/2813/2088
f 2108/2817/2089 2113/2818/2089 2115/2816/2089 2114/2815/2089
f 2113/2818/2090 2117/2819/2090 2118/2820/2090 2115/2816/2090
f 2109/2821/2091 2116/2822/2091 2118/2820/2091 2117/2819/2091
f 2116/2822/2092 2111/2814/2092 2112/2813/2092 2118/2820/2092
f 2112/2813/2093 2115/2816/2093 2118/2820/2093
f 2119/2823/2094 2122/2824/2094 2124/2825/2094 2123/2826/2094
f 2122/2824/2095 2126/2827/2095 2127/2828/2095 2124/2825/2095
f 2120/2829/2096 2125/2830/2096 2127/2828/2096 2126/2827/2096
f 2125/2830/2097 2129/2831/2097 2130/2832/2097 2127/2828/2097
f 2121/2833/2098 2128/2834/2098 2130/2832/2098 2129/2831/2098
f 2128/2834/2099 2123/2826/2099 2124/2825/2099 2130/2832/2099
f 2124/2825/2100 2127/2828/2100 2130/2832/2100
f 2059/2756/2101 2035/2720/2101 2039/2723/2101 2062/2757/2101
f 2062/2757/2102 2039/2723/2102 2044/2736/2102 2066/2760/2102
f 2066/2765/2103 2044/2735/2103 2037/2734/2103 2060/2762/2103
f 2036/2726/2104 2047/2738/2104 2051/2741/2104 2041/2727/2104
f 2041/2730/2105 2051/2754/2105 2056/2753/2105 2045/2731/2105
f 2045/2731/2106 2056/2753/2106 2049/2752/2106 2037/2734/2106
f 2048/2744/2107 2071/2772/2107 2075/2775/2107 2053/2745/2107
f 2053/2748/2108 2075/2786/2108 2080/2785/2108 2057/2749/2108
f 2057/2749/2109 2080/2785/2109 2073/2784/2109 2049/2752/2109
f 2072/2780/2110 2061/2768/2110 2069/2766/2110 2077/2781/2110
f 2077/2781/2111 2069/2766/2111 2065/2763/2111 2081/2782/2111
f 2081/2782/2112 2065/2763/2112 2060/2762/2112 2073/2784/2112
f 2107/2811/2113 2059/2756/2113 2063/2759/2113 2110/2812/2113
f 2110/2812/2114 2063/2759/2114 2068/2770/2114 2114/2815/2114
f 2114/2815/2115 2068/2769/2115 2061/2768/2115 2108/2817/2115
f 2071/2772/2116 2119/2823/2116 2123/2826/2116 2074/2773/2116
f 2074/2776/2117 2123/2826/2117 2128/2834/2117 2078/2777/2117
f 2078/2777/2118 2128/2834/2118 2121/2833/2118 2072/2780/2118
f 2120/2829/2119 2109/2821/2119 2117/2819/2119 2125/2830/2119
f 2125/2830/2120 2117/2819/2120 2113/2818/2120 2129/2831/2120
f 2129/2831/2121 2113/2818/2121 2108/2817/2121 2121/2833/2121
f 2083/2787/2122 2107/2811/2122 2111/2814/2122 2086/2788/2122
f 2086/2788/2123 2111/2814/2123 2116/2822/2123 2090/2791/2123
f 2090/2791/2124 2116/2822/2124 2109/2821/2124 2084/2793/2124
f 2119/2823/2125 2095/2799/2125 2099/2802/2125 2122/2824/2125
f 2122/2824/2126 2099/2802/2126 2104/2810/2126 2126/2827/2126
f 2126/2827/2127 2104/2810/2127 2097/2809/2127 2120/2829/2127
f 2096/2805/2128 2085/2797/2128 2093/2795/2128 2101/2806/2128
f 2101/2806/2129 2093/2795/2129 2089/2794/2129 2105/2807/2129
f 2105/2807/2130 2089/2794/2130 2084/2793/2130 2097/2809/2130
f 2035/2720/2131 2083/2787/2131 2087/2790/2131 2038/2721/2131
f 2038/2721/2132 2087/2790/2132 2092/2798/2132 2042/2724/2132
f 2042/2729/2133 2092/2798/2133 2085/2797/2133 2036/2726/2133
f 2095/2799/2134 2048/2744/2134 2054/2747/2134 2098/2800/2134
f 2098/2800/2135 2054/2742/2135 2050/2739/2135 2102/2803/2135
f 2102/2803/2136 2050/2739/2136 2047/2738/2136 2096/2805/2136
f 2059/2756/2137 2107/2811/2137 2083/2787/2137 2035/2720/2137
f 2037/2734/2138 2049/2752/2138 2073/2784/2138 2060/2762/2138
f 2085/2797/2139 2096/2805/2139 2047/2738/2139 2036/2726/2139
f 2119/2823/2140 2071/2772/2140 2048/2744/2140 2095/2799/2140
f 2061/2768/2141 2072/2780/2141 2121/2833/2141 2108/2817/2141
f 2109/2821/2142 2120/2829/2142 2097/2809/2142 2084/2793/2142
