# Blender 4.5.10 LTS
# www.blender.org
mtllib TowerKing2_pose.mtl
o polished_stone_socket_lower_course
v 0.000000 0.000000 -0.911458
v -0.024675 0.021411 -0.913413
v 0.024675 0.021411 -0.913413
v -0.015567 0.006271 -0.920233
v -0.000000 0.009470 -0.922926
v 0.000000 0.023439 -0.916134
v 0.015567 0.006271 -0.920233
v -0.000000 0.280000 -0.702658
v 0.024675 0.258589 -0.736545
v -0.024675 0.258589 -0.736545
v 0.013229 0.273729 -0.721754
v 0.000000 0.271372 -0.728024
v 0.000000 0.260618 -0.739266
v -0.013229 0.273729 -0.721754
v 0.644498 0.000000 -0.644498
v 0.628433 0.021411 -0.663329
v 0.663329 0.021411 -0.628433
v 0.639695 0.006271 -0.661711
v 0.652607 0.009470 -0.652607
v 0.647804 0.023439 -0.647804
v 0.661711 0.006271 -0.639695
v 0.496854 0.280000 -0.496854
v 0.538264 0.258589 -0.503368
v 0.503368 0.258589 -0.538264
v 0.519712 0.273729 -0.501003
v 0.514791 0.271372 -0.514791
v 0.522740 0.260618 -0.522740
v 0.501003 0.273729 -0.519712
v 0.911458 0.000000 0.000000
v 0.913413 0.021411 -0.024675
v 0.913413 0.021411 0.024675
v 0.920233 0.006271 -0.015567
v 0.922926 0.009470 -0.000000
v 0.916134 0.023439 0.000000
v 0.920233 0.006271 0.015567
v 0.702658 0.280000 -0.000000
v 0.736545 0.258589 0.024675
v 0.736545 0.258589 -0.024675
v 0.721754 0.273729 0.013229
v 0.728024 0.271372 0.000000
v 0.739266 0.260618 0.000000
v 0.721754 0.273729 -0.013229
v 0.644498 0.000000 0.644498
v 0.663329 0.021411 0.628433
v 0.628433 0.021411 0.663329
v 0.661711 0.006271 0.639695
v 0.652607 0.009470 0.652607
v 0.647804 0.023439 0.647804
v 0.639695 0.006271 0.661711
v 0.496854 0.280000 0.496854
v 0.503368 0.258589 0.538264
v 0.538264 0.258589 0.503368
v 0.501003 0.273729 0.519712
v 0.514791 0.271372 0.514791
v 0.522740 0.260618 0.522740
v 0.519712 0.273729 0.501003
v 0.000000 0.000000 0.911458
v 0.024675 0.021411 0.913413
v -0.024675 0.021411 0.913413
v 0.015567 0.006271 0.920233
v 0.000000 0.009470 0.922926
v -0.000000 0.023439 0.916134
v -0.015567 0.006271 0.920233
v 0.000000 0.280000 0.702658
v -0.024675 0.258589 0.736545
v 0.024675 0.258589 0.736545
v -0.013229 0.273729 0.721754
v -0.000000 0.271372 0.728024
v 0.000000 0.260618 0.739266
v 0.013229 0.273729 0.721754
v -0.644498 0.000000 0.644498
v -0.628433 0.021411 0.663329
v -0.663329 0.021411 0.628433
v -0.639695 0.006271 0.661711
v -0.652607 0.009470 0.652607
v -0.647804 0.023439 0.647804
v -0.661711 0.006271 0.639695
v -0.496854 0.280000 0.496854
v -0.538264 0.258589 0.503368
v -0.503368 0.258589 0.538264
v -0.519712 0.273729 0.501003
v -0.514791 0.271372 0.514791
v -0.522740 0.260618 0.522740
v -0.501003 0.273729 0.519712
v -0.911458 0.000000 0.000000
v -0.913413 0.021411 0.024675
v -0.913413 0.021411 -0.024675
v -0.920233 0.006271 0.015567
v -0.922926 0.009470 0.000000
v -0.916134 0.023439 -0.000000
v -0.920233 0.006271 -0.015567
v -0.702658 0.280000 0.000000
v -0.736545 0.258589 -0.024675
v -0.736545 0.258589 0.024675
v -0.721754 0.273729 -0.013229
v -0.728024 0.271372 -0.000000
v -0.739266 0.260618 0.000000
v -0.721754 0.273729 0.013229
v -0.644498 0.000000 -0.644498
v -0.663329 0.021411 -0.628433
v -0.628433 0.021411 -0.663329
v -0.661711 0.006271 -0.639695
v -0.652607 0.009470 -0.652607
v -0.647804 0.023439 -0.647804
v -0.639695 0.006271 -0.661711
v -0.496854 0.280000 -0.496854
v -0.503368 0.258589 -0.538264
v -0.538264 0.258589 -0.503368
v -0.501003 0.273729 -0.519712
v -0.514791 0.271372 -0.514791
v -0.522740 0.260618 -0.522740
v -0.519712 0.273729 -0.501003
vn -0.0000 -0.7711 -0.6368
vn -0.1711 0.3729 -0.9119
vn 0.1711 0.3729 -0.9119
vn -0.0000 0.9467 -0.3220
vn 0.1509 0.7333 -0.6630
vn -0.1509 0.7333 -0.6630
vn 0.4502 -0.7711 -0.4502
vn 0.5238 0.3729 -0.7659
vn 0.7659 0.3729 -0.5238
vn 0.2277 0.9467 -0.2277
vn 0.5755 0.7333 -0.3621
vn 0.3621 0.7333 -0.5755
vn 0.6367 -0.7711 -0.0000
vn 0.9119 0.3729 -0.1711
vn 0.9119 0.3729 0.1711
vn 0.3220 0.9467 -0.0000
vn 0.6630 0.7333 0.1509
vn 0.6630 0.7333 -0.1509
vn 0.4502 -0.7711 0.4502
vn 0.7659 0.3729 0.5238
vn 0.5238 0.3729 0.7659
vn 0.2277 0.9467 0.2277
vn 0.3621 0.7333 0.5755
vn 0.5755 0.7333 0.3621
vn -0.0000 -0.7711 0.6368
vn 0.1711 0.3729 0.9119
vn -0.1711 0.3729 0.9119
vn -0.0000 0.9467 0.3220
vn -0.1509 0.7333 0.6630
vn 0.1509 0.7333 0.6630
vn -0.4502 -0.7711 0.4502
vn -0.5238 0.3729 0.7659
vn -0.7659 0.3729 0.5238
vn -0.2277 0.9467 0.2277
vn -0.5755 0.7333 0.3621
vn -0.3621 0.7333 0.5755
vn -0.6367 -0.7711 -0.0000
vn -0.9119 0.3729 0.1711
vn -0.9119 0.3729 -0.1711
vn -0.3220 0.9467 -0.0000
vn -0.6630 0.7333 -0.1509
vn -0.6630 0.7333 0.1509
vn -0.4502 -0.7711 -0.4502
vn -0.7659 0.3729 -0.5238
vn -0.5238 0.3729 -0.7659
vn -0.2277 0.9467 -0.2277
vn -0.3621 0.7333 -0.5755
vn -0.5755 0.7333 -0.3621
vn 0.3762 0.1828 -0.9083
vn 0.1558 -0.9133 -0.3762
vn 0.2460 0.7661 -0.5938
vn 0.1019 0.9639 -0.2460
vn -0.1363 0.5922 -0.7942
vn 0.1363 0.5922 -0.7942
vn 0.6579 0.5922 -0.4652
vn 0.4652 0.5922 -0.6579
vn 0.9083 0.1828 -0.3762
vn 0.3762 -0.9133 -0.1558
vn 0.5938 0.7661 -0.2460
vn 0.2460 0.9639 -0.1019
vn 0.7942 0.5922 0.1363
vn 0.7942 0.5922 -0.1363
vn 0.9083 0.1828 0.3762
vn 0.3762 -0.9133 0.1558
vn 0.5938 0.7661 0.2460
vn 0.2460 0.9639 0.1019
vn 0.4652 0.5922 0.6579
vn 0.6579 0.5922 0.4652
vn 0.3762 0.1828 0.9083
vn 0.1558 -0.9133 0.3762
vn 0.2460 0.7661 0.5938
vn 0.1019 0.9639 0.2460
vn -0.1363 0.5922 0.7942
vn 0.1363 0.5922 0.7942
vn -0.3762 0.1828 0.9083
vn -0.1558 -0.9133 0.3762
vn -0.2460 0.7661 0.5938
vn -0.1019 0.9639 0.2460
vn -0.6579 0.5922 0.4652
vn -0.4652 0.5922 0.6579
vn -0.9083 0.1828 0.3762
vn -0.3762 -0.9133 0.1558
vn -0.5938 0.7661 0.2460
vn -0.2460 0.9639 0.1019
vn -0.7942 0.5922 -0.1363
vn -0.7942 0.5922 0.1363
vn -0.9083 0.1828 -0.3762
vn -0.3762 -0.9133 -0.1558
vn -0.5938 0.7661 -0.2460
vn -0.2460 0.9639 -0.1019
vn -0.4652 0.5922 -0.6579
vn -0.6579 0.5922 -0.4652
vn -0.3762 0.1828 -0.9083
vn -0.1558 -0.9133 -0.3762
vn -0.2460 0.7661 -0.5938
vn -0.1019 0.9639 -0.2460
vn -0.0000 -1.0000 -0.0000
vn 0.3151 0.5673 -0.7608
vn -0.3151 0.5673 -0.7608
vn -0.0000 1.0000 -0.0000
vn 0.7608 0.5673 -0.3151
vn 0.7608 0.5673 0.3151
vn 0.3151 0.5673 0.7608
vn -0.3151 0.5673 0.7608
vn -0.7608 0.5673 0.3151
vn -0.7608 0.5673 -0.3151
vt 0.750000 0.482812
vt 0.744857 0.487870
vt 0.748494 0.489376
vt 0.755143 0.487870
vt 0.004867 0.538233
vt 0.000000 0.546980
vt 0.000000 0.525137
vt 0.003788 0.500000
vt 0.995133 0.538233
vt 0.996212 0.500000
vt 0.998891 0.500000
vt 1.000000 0.546980
vt 0.250000 0.480758
vt 0.254759 0.488029
vt 0.250322 0.489866
vt 0.245241 0.488029
vt 0.994476 0.961767
vt 1.000000 0.970513
vt 1.000000 0.992475
vt 0.996495 1.000000
vt 0.005524 0.961767
vt 0.003505 1.000000
vt 0.000237 1.000000
vt 0.000000 0.970513
vt 0.914623 0.414623
vt 0.914563 0.421836
vt 0.918200 0.420329
vt 0.921836 0.414563
vt 0.879867 0.538233
vt 0.875000 0.546980
vt 0.874446 0.512568
vt 0.878788 0.500000
vt 0.870133 0.538233
vt 0.871212 0.500000
vt 0.413170 0.413170
vt 0.421677 0.414947
vt 0.419839 0.419383
vt 0.414947 0.421677
vt 0.869476 0.961767
vt 0.875000 0.970513
vt 0.875119 0.996237
vt 0.871495 1.000000
vt 0.880524 0.961767
vt 0.878505 1.000000
vt 0.982812 0.250000
vt 0.987870 0.255143
vt 0.989376 0.251506
vt 0.987870 0.244857
vt 0.754867 0.538233
vt 0.750000 0.546980
vt 0.749445 0.512568
vt 0.753788 0.500000
vt 0.745133 0.538233
vt 0.746212 0.500000
vt 0.480758 0.250000
vt 0.488029 0.245241
vt 0.489866 0.249678
vt 0.488029 0.254759
vt 0.744476 0.961767
vt 0.750000 0.970513
vt 0.750119 0.996237
vt 0.746495 1.000000
vt 0.755524 0.961767
vt 0.753505 1.000000
vt 0.914623 0.085377
vt 0.921836 0.085437
vt 0.920329 0.081800
vt 0.914563 0.078164
vt 0.629867 0.538233
vt 0.625000 0.546980
vt 0.624445 0.512568
vt 0.628788 0.500000
vt 0.620133 0.538233
vt 0.621212 0.500000
vt 0.413170 0.086830
vt 0.414947 0.078323
vt 0.419383 0.080161
vt 0.421677 0.085053
vt 0.619476 0.961767
vt 0.625000 0.970513
vt 0.625119 0.996237
vt 0.621495 1.000000
vt 0.630524 0.961767
vt 0.628505 1.000000
vt 0.750000 0.017188
vt 0.755143 0.012130
vt 0.751506 0.010624
vt 0.744857 0.012130
vt 0.504867 0.538233
vt 0.500000 0.546980
vt 0.499445 0.512568
vt 0.503788 0.500000
vt 0.495133 0.538233
vt 0.496212 0.500000
vt 0.250000 0.019242
vt 0.245241 0.011971
vt 0.249678 0.010134
vt 0.254759 0.011971
vt 0.494476 0.961767
vt 0.500000 0.970513
vt 0.500119 0.996237
vt 0.496495 1.000000
vt 0.505524 0.961767
vt 0.503505 1.000000
vt 0.585377 0.085377
vt 0.585437 0.078164
vt 0.581800 0.079671
vt 0.578164 0.085437
vt 0.379867 0.538233
vt 0.375000 0.546980
vt 0.374445 0.512568
vt 0.378788 0.500000
vt 0.370133 0.538233
vt 0.371212 0.500000
vt 0.086830 0.086830
vt 0.078323 0.085053
vt 0.080161 0.080617
vt 0.085053 0.078323
vt 0.369476 0.961767
vt 0.375000 0.970513
vt 0.375119 0.996237
vt 0.371495 1.000000
vt 0.380524 0.961767
vt 0.378505 1.000000
vt 0.517188 0.250000
vt 0.512130 0.244857
vt 0.510624 0.248494
vt 0.512130 0.255143
vt 0.254867 0.538233
vt 0.250000 0.546980
vt 0.249445 0.512568
vt 0.253788 0.500000
vt 0.245133 0.538233
vt 0.246212 0.500000
vt 0.019242 0.250000
vt 0.011971 0.254759
vt 0.010134 0.250322
vt 0.011971 0.245241
vt 0.244476 0.961767
vt 0.250000 0.970513
vt 0.250119 0.996237
vt 0.246495 1.000000
vt 0.255524 0.961767
vt 0.253505 1.000000
vt 0.585377 0.414623
vt 0.578164 0.414563
vt 0.579671 0.418200
vt 0.585437 0.421836
vt 0.129867 0.538233
vt 0.125000 0.546980
vt 0.124445 0.512568
vt 0.128788 0.500000
vt 0.120133 0.538233
vt 0.121212 0.500000
vt 0.086830 0.413170
vt 0.085053 0.421677
vt 0.080617 0.419839
vt 0.078323 0.414947
vt 0.119476 0.961767
vt 0.125000 0.970513
vt 0.125119 0.996237
vt 0.121495 1.000000
vt 0.130524 0.961767
vt 0.128505 1.000000
s 0
usemtl Limestone
f 1/1/1 4/2/1 5/3/1 7/4/1
f 2/5/2 6/6/2 5/7/2 4/8/2
f 3/9/3 7/10/3 5/11/3 6/12/3
f 8/13/4 11/14/4 12/15/4 14/16/4
f 9/17/5 13/18/5 12/19/5 11/20/5
f 10/21/6 14/22/6 12/23/6 13/24/6
f 15/25/7 18/26/7 19/27/7 21/28/7
f 16/29/8 20/30/8 19/31/8 18/32/8
f 17/33/9 21/34/9 19/31/9 20/30/9
f 22/35/10 25/36/10 26/37/10 28/38/10
f 23/39/11 27/40/11 26/41/11 25/42/11
f 24/43/12 28/44/12 26/41/12 27/40/12
f 29/45/13 32/46/13 33/47/13 35/48/13
f 30/49/14 34/50/14 33/51/14 32/52/14
f 31/53/15 35/54/15 33/51/15 34/50/15
f 36/55/16 39/56/16 40/57/16 42/58/16
f 37/59/17 41/60/17 40/61/17 39/62/17
f 38/63/18 42/64/18 40/61/18 41/60/18
f 43/65/19 46/66/19 47/67/19 49/68/19
f 44/69/20 48/70/20 47/71/20 46/72/20
f 45/73/21 49/74/21 47/71/21 48/70/21
f 50/75/22 53/76/22 54/77/22 56/78/22
f 51/79/23 55/80/23 54/81/23 53/82/23
f 52/83/24 56/84/24 54/81/24 55/80/24
f 57/85/25 60/86/25 61/87/25 63/88/25
f 58/89/26 62/90/26 61/91/26 60/92/26
f 59/93/27 63/94/27 61/91/27 62/90/27
f 64/95/28 67/96/28 68/97/28 70/98/28
f 65/99/29 69/100/29 68/101/29 67/102/29
f 66/103/30 70/104/30 68/101/30 69/100/30
f 71/105/31 74/106/31 75/107/31 77/108/31
f 72/109/32 76/110/32 75/111/32 74/112/32
f 73/113/33 77/114/33 75/111/33 76/110/33
f 78/115/34 81/116/34 82/117/34 84/118/34
f 79/119/35 83/120/35 82/121/35 81/122/35
f 80/123/36 84/124/36 82/121/36 83/120/36
f 85/125/37 88/126/37 89/127/37 91/128/37
f 86/129/38 90/130/38 89/131/38 88/132/38
f 87/133/39 91/134/39 89/131/39 90/130/39
f 92/135/40 95/136/40 96/137/40 98/138/40
f 93/139/41 97/140/41 96/141/41 95/142/41
f 94/143/42 98/144/42 96/141/42 97/140/42
f 99/145/43 102/146/43 103/147/43 105/148/43
f 100/149/44 104/150/44 103/151/44 102/152/44
f 101/153/45 105/154/45 103/151/45 104/150/45
f 106/155/46 109/156/46 110/157/46 112/158/46
f 107/159/47 111/160/47 110/161/47 109/162/47
f 108/163/48 112/164/48 110/161/48 111/160/48
f 3/9/49 16/29/49 18/32/49 7/10/49
f 7/4/50 18/26/50 15/25/50 1/1/50
f 24/43/51 9/17/51 11/20/51 28/44/51
f 28/38/52 11/14/52 8/13/52 22/35/52
f 2/5/53 10/21/53 13/24/53 6/6/53
f 6/12/54 13/18/54 9/17/54 3/9/54
f 23/39/55 17/33/55 20/30/55 27/40/55
f 27/40/56 20/30/56 16/29/56 24/43/56
f 17/33/57 30/49/57 32/52/57 21/34/57
f 21/28/58 32/46/58 29/45/58 15/25/58
f 38/63/59 23/39/59 25/42/59 42/64/59
f 42/58/60 25/36/60 22/35/60 36/55/60
f 37/59/61 31/53/61 34/50/61 41/60/61
f 41/60/62 34/50/62 30/49/62 38/63/62
f 31/53/63 44/69/63 46/72/63 35/54/63
f 35/48/64 46/66/64 43/65/64 29/45/64
f 52/83/65 37/59/65 39/62/65 56/84/65
f 56/78/66 39/56/66 36/55/66 50/75/66
f 51/79/67 45/73/67 48/70/67 55/80/67
f 55/80/68 48/70/68 44/69/68 52/83/68
f 45/73/69 58/89/69 60/92/69 49/74/69
f 49/68/70 60/86/70 57/85/70 43/65/70
f 66/103/71 51/79/71 53/82/71 70/104/71
f 70/98/72 53/76/72 50/75/72 64/95/72
f 65/99/73 59/93/73 62/90/73 69/100/73
f 69/100/74 62/90/74 58/89/74 66/103/74
f 59/93/75 72/109/75 74/112/75 63/94/75
f 63/88/76 74/106/76 71/105/76 57/85/76
f 80/123/77 65/99/77 67/102/77 84/124/77
f 84/118/78 67/96/78 64/95/78 78/115/78
f 79/119/79 73/113/79 76/110/79 83/120/79
f 83/120/80 76/110/80 72/109/80 80/123/80
f 73/113/81 86/129/81 88/132/81 77/114/81
f 77/108/82 88/126/82 85/125/82 71/105/82
f 94/143/83 79/119/83 81/122/83 98/144/83
f 98/138/84 81/116/84 78/115/84 92/135/84
f 93/139/85 87/133/85 90/130/85 97/140/85
f 97/140/86 90/130/86 86/129/86 94/143/86
f 87/133/87 100/149/87 102/152/87 91/134/87
f 91/128/88 102/146/88 99/145/88 85/125/88
f 108/163/89 93/139/89 95/142/89 112/164/89
f 112/158/90 95/136/90 92/135/90 106/155/90
f 107/159/91 101/153/91 104/150/91 111/160/91
f 111/160/92 104/150/92 100/149/92 108/163/92
f 101/153/93 2/5/93 4/8/93 105/154/93
f 105/148/94 4/2/94 1/1/94 99/145/94
f 10/21/95 107/159/95 109/162/95 14/22/95
f 14/16/96 109/156/96 106/155/96 8/13/96
f 1/1/97 15/25/97 29/45/97 43/65/97 57/85/97 71/105/97 85/125/97 99/145/97
f 3/9/98 9/17/98 24/43/98 16/29/98
f 101/153/99 107/159/99 10/21/99 2/5/99
f 22/35/100 8/13/100 106/155/100 92/135/100 78/115/100 64/95/100 50/75/100 36/55/100
f 17/33/101 23/39/101 38/63/101 30/49/101
f 31/53/102 37/59/102 52/83/102 44/69/102
f 45/73/103 51/79/103 66/103/103 58/89/103
f 59/93/104 65/99/104 80/123/104 72/109/104
f 73/113/105 79/119/105 94/143/105 86/129/105
f 87/133/106 93/139/106 108/163/106 100/149/106
o polished_stone_socket_upper_course
v 0.000000 0.249200 -0.667817
v -0.016630 0.267200 -0.680412
v 0.016630 0.267200 -0.680412
v -0.009742 0.254472 -0.677558
v -0.000000 0.256808 -0.680864
v -0.000000 0.267200 -0.683265
v 0.009742 0.254472 -0.677558
v -0.000000 0.333200 -0.667817
v 0.016630 0.315200 -0.680412
v -0.016630 0.315200 -0.680412
v 0.011759 0.327928 -0.675541
v 0.000000 0.325592 -0.680271
v 0.000000 0.315200 -0.684447
v -0.011759 0.327928 -0.675541
v 0.472218 0.249200 -0.472218
v 0.469365 0.267200 -0.492883
v 0.492883 0.267200 -0.469365
v 0.472218 0.254472 -0.485994
v 0.481444 0.256808 -0.481444
v 0.483141 0.267200 -0.483141
v 0.485994 0.254472 -0.472218
v 0.472218 0.333200 -0.472218
v 0.492883 0.315200 -0.469365
v 0.469365 0.315200 -0.492883
v 0.485994 0.327928 -0.472218
v 0.481444 0.325593 -0.481444
v 0.483141 0.315200 -0.483141
v 0.472218 0.327928 -0.485994
v 0.667817 0.249200 0.000000
v 0.680412 0.267200 -0.016630
v 0.680412 0.267200 0.016630
v 0.677558 0.254472 -0.009742
v 0.680864 0.256808 -0.000000
v 0.683265 0.267200 -0.000000
v 0.677558 0.254472 0.009742
v 0.667817 0.333200 -0.000000
v 0.680412 0.315200 0.016630
v 0.680412 0.315200 -0.016630
v 0.677558 0.327928 0.009742
v 0.680864 0.325593 0.000000
v 0.683265 0.315200 0.000000
v 0.677558 0.327928 -0.009742
v 0.472218 0.249200 0.472218
v 0.492883 0.267200 0.469365
v 0.469365 0.267200 0.492883
v 0.485994 0.254472 0.472218
v 0.481444 0.256808 0.481444
v 0.483141 0.267200 0.483141
v 0.472218 0.254472 0.485994
v 0.472218 0.333200 0.472218
v 0.469365 0.315200 0.492883
v 0.492883 0.315200 0.469365
v 0.472218 0.327928 0.485994
v 0.481444 0.325593 0.481444
v 0.483141 0.315200 0.483141
v 0.485994 0.327928 0.472218
v -0.000000 0.249200 0.667817
v 0.016630 0.267200 0.680412
v -0.016630 0.267200 0.680412
v 0.009742 0.254472 0.677558
v 0.000000 0.256808 0.680864
v 0.000000 0.267200 0.683265
v -0.009742 0.254472 0.677558
v 0.000000 0.333200 0.667817
v -0.016630 0.315200 0.680412
v 0.016630 0.315200 0.680412
v -0.011759 0.327928 0.675541
v -0.000000 0.325592 0.680271
v -0.000000 0.315200 0.684447
v 0.011759 0.327928 0.675541
v -0.472218 0.249200 0.472218
v -0.469365 0.267200 0.492883
v -0.492883 0.267200 0.469365
v -0.472218 0.254472 0.485994
v -0.481444 0.256808 0.481444
v -0.483141 0.267200 0.483141
v -0.485994 0.254472 0.472218
v -0.472218 0.333200 0.472218
v -0.492883 0.315200 0.469365
v -0.469365 0.315200 0.492883
v -0.485994 0.327928 0.472218
v -0.481444 0.325593 0.481444
v -0.483141 0.315200 0.483141
v -0.472218 0.327928 0.485994
v -0.667817 0.249200 -0.000000
v -0.680412 0.267200 0.016630
v -0.680412 0.267200 -0.016630
v -0.677558 0.254472 0.009742
v -0.680864 0.256808 0.000000
v -0.683265 0.267200 0.000000
v -0.677558 0.254472 -0.009742
v -0.667817 0.333200 0.000000
v -0.680412 0.315200 -0.016630
v -0.680412 0.315200 0.016630
v -0.675541 0.327928 -0.011759
v -0.680271 0.325592 -0.000000
v -0.684447 0.315200 -0.000000
v -0.675541 0.327928 0.011759
v -0.472218 0.249200 -0.472218
v -0.492883 0.267200 -0.469365
v -0.469365 0.267200 -0.492883
v -0.485994 0.254472 -0.472218
v -0.481444 0.256808 -0.481444
v -0.483141 0.267200 -0.483141
v -0.472218 0.254472 -0.485994
v -0.472218 0.333200 -0.472218
v -0.469365 0.315200 -0.492883
v -0.492883 0.315200 -0.469365
v -0.472218 0.327928 -0.485994
v -0.481444 0.325593 -0.481444
v -0.483141 0.315200 -0.483141
v -0.485994 0.327928 -0.472218
vn -0.0000 -0.8639 -0.5037
vn -0.1959 -0.2724 -0.9420
vn 0.1959 -0.2724 -0.9420
vn -0.0000 0.8534 -0.5213
vn 0.2408 0.3972 -0.8856
vn -0.2408 0.3972 -0.8856
vn 0.3562 -0.8639 -0.3562
vn 0.5276 -0.2724 -0.8046
vn 0.8046 -0.2724 -0.5276
vn 0.3562 0.8639 -0.3562
vn 0.8046 0.2724 -0.5276
vn 0.5276 0.2724 -0.8046
vn 0.5037 -0.8639 -0.0000
vn 0.9420 -0.2724 -0.1959
vn 0.9420 -0.2724 0.1959
vn 0.5037 0.8639 -0.0000
vn 0.9420 0.2724 0.1959
vn 0.9420 0.2724 -0.1959
vn 0.3562 -0.8639 0.3562
vn 0.8046 -0.2724 0.5276
vn 0.5276 -0.2724 0.8046
vn 0.3562 0.8639 0.3562
vn 0.5276 0.2724 0.8046
vn 0.8046 0.2724 0.5276
vn -0.0000 -0.8639 0.5037
vn 0.1959 -0.2724 0.9420
vn -0.1959 -0.2724 0.9420
vn -0.0000 0.8534 0.5213
vn -0.2408 0.3972 0.8856
vn 0.2408 0.3972 0.8856
vn -0.3562 -0.8639 0.3562
vn -0.5276 -0.2724 0.8046
vn -0.8046 -0.2724 0.5276
vn -0.3562 0.8639 0.3562
vn -0.8046 0.2724 0.5276
vn -0.5276 0.2724 0.8046
vn -0.5037 -0.8639 -0.0000
vn -0.9420 -0.2724 0.1959
vn -0.9420 -0.2724 -0.1959
vn -0.5213 0.8534 -0.0000
vn -0.8856 0.3972 -0.2408
vn -0.8856 0.3972 0.2408
vn -0.3562 -0.8639 -0.3562
vn -0.8046 -0.2724 -0.5276
vn -0.5276 -0.2724 -0.8046
vn -0.3562 0.8639 -0.3562
vn -0.5276 0.2724 -0.8046
vn -0.8046 0.2724 -0.5276
vn 0.3536 -0.3827 -0.8536
vn 0.1464 -0.9239 -0.3536
vn 0.3471 0.4158 -0.8406
vn 0.1516 0.9177 -0.3671
vn -0.2028 -0.0121 -0.9791
vn 0.2028 -0.0121 -0.9791
vn 0.8165 -0.0000 -0.5774
vn 0.5774 -0.0000 -0.8165
vn 0.8536 -0.3827 -0.3536
vn 0.3536 -0.9239 -0.1464
vn 0.8536 0.3827 -0.3536
vn 0.3536 0.9239 -0.1464
vn 0.9856 -0.0000 0.1691
vn 0.9856 -0.0000 -0.1691
vn 0.8536 -0.3827 0.3536
vn 0.3536 -0.9239 0.1464
vn 0.8536 0.3827 0.3536
vn 0.3536 0.9239 0.1464
vn 0.5774 -0.0000 0.8165
vn 0.8165 -0.0000 0.5774
vn 0.3536 -0.3827 0.8536
vn 0.1464 -0.9239 0.3536
vn 0.3471 0.4158 0.8406
vn 0.1516 0.9177 0.3671
vn -0.2028 -0.0121 0.9791
vn 0.2028 -0.0121 0.9791
vn -0.3536 -0.3827 0.8536
vn -0.1464 -0.9239 0.3536
vn -0.3471 0.4158 0.8406
vn -0.1516 0.9177 0.3671
vn -0.8165 -0.0000 0.5774
vn -0.5774 -0.0000 0.8165
vn -0.8536 -0.3827 0.3536
vn -0.3536 -0.9239 0.1464
vn -0.8406 0.4158 0.3471
vn -0.3671 0.9177 0.1516
vn -0.9791 -0.0121 -0.2028
vn -0.9791 -0.0121 0.2028
vn -0.8536 -0.3827 -0.3536
vn -0.3536 -0.9239 -0.1464
vn -0.8406 0.4158 -0.3471
vn -0.3671 0.9177 -0.1516
vn -0.5774 -0.0000 -0.8165
vn -0.8165 -0.0000 -0.5774
vn -0.3536 -0.3827 -0.8536
vn -0.1464 -0.9239 -0.3536
vn -0.3471 0.4158 -0.8406
vn -0.1516 0.9177 -0.3671
vn -0.0000 -1.0000 -0.0000
vn 0.3827 -0.0000 -0.9239
vn -0.3827 -0.0000 -0.9239
vn -0.0000 1.0000 -0.0000
vn 0.9239 -0.0000 -0.3827
vn 0.9239 -0.0000 0.3827
vn 0.3827 -0.0000 0.9239
vn -0.3827 -0.0000 0.9239
vn -0.9239 -0.0000 0.3827
vn -0.9239 -0.0000 -0.3827
vt 0.750000 0.483197
vt 0.745894 0.488299
vt 0.749205 0.489671
vt 0.754106 0.488299
vt 0.004277 0.607143
vt 0.000000 0.607143
vt 0.000000 0.545283
vt 0.003024 0.500000
vt 0.995723 0.607143
vt 0.996976 0.500000
vt 0.999415 0.500000
vt 1.000000 0.607143
vt 0.250000 0.483197
vt 0.254957 0.487947
vt 0.250868 0.489641
vt 0.245043 0.487947
vt 0.995723 0.892857
vt 1.000000 0.892857
vt 1.000000 0.954716
vt 0.996349 1.000000
vt 0.004277 0.892857
vt 0.003651 1.000000
vt 0.000639 1.000000
vt 0.000000 0.892857
vt 0.914895 0.414895
vt 0.915599 0.421406
vt 0.918911 0.420035
vt 0.921407 0.415599
vt 0.879277 0.607143
vt 0.875000 0.607143
vt 0.874707 0.522641
vt 0.878025 0.500000
vt 0.870723 0.607143
vt 0.871975 0.500000
vt 0.414895 0.414895
vt 0.421406 0.415599
vt 0.420035 0.418911
vt 0.415599 0.421406
vt 0.870723 0.892857
vt 0.875000 0.892857
vt 0.875293 0.977359
vt 0.871976 1.000000
vt 0.879277 0.892857
vt 0.878024 1.000000
vt 0.983196 0.250000
vt 0.988299 0.254106
vt 0.989671 0.250795
vt 0.988299 0.245894
vt 0.754277 0.607143
vt 0.750000 0.607143
vt 0.749707 0.522641
vt 0.753025 0.500000
vt 0.745723 0.607143
vt 0.746975 0.500000
vt 0.483197 0.250000
vt 0.488299 0.245894
vt 0.489671 0.249205
vt 0.488299 0.254106
vt 0.745723 0.892857
vt 0.750000 0.892857
vt 0.750293 0.977359
vt 0.746976 1.000000
vt 0.754277 0.892857
vt 0.753025 1.000000
vt 0.914895 0.085105
vt 0.921407 0.084401
vt 0.920035 0.081089
vt 0.915599 0.078594
vt 0.629277 0.607143
vt 0.625000 0.607143
vt 0.624707 0.522641
vt 0.628025 0.500000
vt 0.620723 0.607143
vt 0.621976 0.500000
vt 0.414895 0.085105
vt 0.415599 0.078594
vt 0.418911 0.079965
vt 0.421406 0.084401
vt 0.620723 0.892857
vt 0.625000 0.892857
vt 0.625293 0.977359
vt 0.621976 1.000000
vt 0.629277 0.892857
vt 0.628024 1.000000
vt 0.750000 0.016803
vt 0.754106 0.011701
vt 0.750795 0.010329
vt 0.745894 0.011701
vt 0.504277 0.607143
vt 0.500000 0.607143
vt 0.499707 0.522641
vt 0.503025 0.500000
vt 0.495723 0.607143
vt 0.496976 0.500000
vt 0.250000 0.016803
vt 0.245043 0.012053
vt 0.249132 0.010359
vt 0.254957 0.012053
vt 0.495723 0.892857
vt 0.500000 0.892857
vt 0.500320 0.977358
vt 0.496349 1.000000
vt 0.504277 0.892857
vt 0.503651 1.000000
vt 0.585105 0.085105
vt 0.584401 0.078594
vt 0.581089 0.079965
vt 0.578594 0.084401
vt 0.379277 0.607143
vt 0.375000 0.607143
vt 0.374707 0.522641
vt 0.378024 0.500000
vt 0.370723 0.607143
vt 0.371975 0.500000
vt 0.085105 0.085105
vt 0.078594 0.084401
vt 0.079965 0.081089
vt 0.084401 0.078594
vt 0.370723 0.892857
vt 0.375000 0.892857
vt 0.375293 0.977359
vt 0.371976 1.000000
vt 0.379277 0.892857
vt 0.378024 1.000000
vt 0.516803 0.250000
vt 0.511701 0.245894
vt 0.510329 0.249205
vt 0.511701 0.254106
vt 0.254277 0.607143
vt 0.250000 0.607143
vt 0.249707 0.522641
vt 0.253024 0.500000
vt 0.245723 0.607143
vt 0.246976 0.500000
vt 0.016803 0.250000
vt 0.012053 0.254957
vt 0.010359 0.250868
vt 0.012053 0.245043
vt 0.245723 0.892857
vt 0.250000 0.892857
vt 0.250320 0.977358
vt 0.246349 1.000000
vt 0.254277 0.892857
vt 0.253651 1.000000
vt 0.585105 0.414895
vt 0.578593 0.415599
vt 0.579965 0.418911
vt 0.584401 0.421406
vt 0.129277 0.607143
vt 0.125000 0.607143
vt 0.124707 0.522641
vt 0.128025 0.500000
vt 0.120723 0.607143
vt 0.121976 0.500000
vt 0.085105 0.414895
vt 0.084401 0.421406
vt 0.081089 0.420035
vt 0.078594 0.415599
vt 0.120723 0.892857
vt 0.125000 0.892857
vt 0.125293 0.977359
vt 0.121975 1.000000
vt 0.129277 0.892857
vt 0.128024 1.000000
s 0
usemtl Limestone
f 113/165/107 116/166/107 117/167/107 119/168/107
f 114/169/108 118/170/108 117/171/108 116/172/108
f 115/173/109 119/174/109 117/175/109 118/176/109
f 120/177/110 123/178/110 124/179/110 126/180/110
f 121/181/111 125/182/111 124/183/111 123/184/111
f 122/185/112 126/186/112 124/187/112 125/188/112
f 127/189/113 130/190/113 131/191/113 133/192/113
f 128/193/114 132/194/114 131/195/114 130/196/114
f 129/197/115 133/198/115 131/195/115 132/194/115
f 134/199/116 137/200/116 138/201/116 140/202/116
f 135/203/117 139/204/117 138/205/117 137/206/117
f 136/207/118 140/208/118 138/205/118 139/204/118
f 141/209/119 144/210/119 145/211/119 147/212/119
f 142/213/120 146/214/120 145/215/120 144/216/120
f 143/217/121 147/218/121 145/215/121 146/214/121
f 148/219/122 151/220/122 152/221/122 154/222/122
f 149/223/123 153/224/123 152/225/123 151/226/123
f 150/227/124 154/228/124 152/225/124 153/224/124
f 155/229/125 158/230/125 159/231/125 161/232/125
f 156/233/126 160/234/126 159/235/126 158/236/126
f 157/237/127 161/238/127 159/235/127 160/234/127
f 162/239/128 165/240/128 166/241/128 168/242/128
f 163/243/129 167/244/129 166/245/129 165/246/129
f 164/247/130 168/248/130 166/245/130 167/244/130
f 169/249/131 172/250/131 173/251/131 175/252/131
f 170/253/132 174/254/132 173/255/132 172/256/132
f 171/257/133 175/258/133 173/255/133 174/254/133
f 176/259/134 179/260/134 180/261/134 182/262/134
f 177/263/135 181/264/135 180/265/135 179/266/135
f 178/267/136 182/268/136 180/265/136 181/264/136
f 183/269/137 186/270/137 187/271/137 189/272/137
f 184/273/138 188/274/138 187/275/138 186/276/138
f 185/277/139 189/278/139 187/275/139 188/274/139
f 190/279/140 193/280/140 194/281/140 196/282/140
f 191/283/141 195/284/141 194/285/141 193/286/141
f 192/287/142 196/288/142 194/285/142 195/284/142
f 197/289/143 200/290/143 201/291/143 203/292/143
f 198/293/144 202/294/144 201/295/144 200/296/144
f 199/297/145 203/298/145 201/295/145 202/294/145
f 204/299/146 207/300/146 208/301/146 210/302/146
f 205/303/147 209/304/147 208/305/147 207/306/147
f 206/307/148 210/308/148 208/305/148 209/304/148
f 211/309/149 214/310/149 215/311/149 217/312/149
f 212/313/150 216/314/150 215/315/150 214/316/150
f 213/317/151 217/318/151 215/315/151 216/314/151
f 218/319/152 221/320/152 222/321/152 224/322/152
f 219/323/153 223/324/153 222/325/153 221/326/153
f 220/327/154 224/328/154 222/325/154 223/324/154
f 115/173/155 128/193/155 130/196/155 119/174/155
f 119/168/156 130/190/156 127/189/156 113/165/156
f 136/207/157 121/181/157 123/184/157 140/208/157
f 140/202/158 123/178/158 120/177/158 134/199/158
f 114/169/159 122/185/159 125/188/159 118/170/159
f 118/176/160 125/182/160 121/181/160 115/173/160
f 135/203/161 129/197/161 132/194/161 139/204/161
f 139/204/162 132/194/162 128/193/162 136/207/162
f 129/197/163 142/213/163 144/216/163 133/198/163
f 133/192/164 144/210/164 141/209/164 127/189/164
f 150/227/165 135/203/165 137/206/165 154/228/165
f 154/222/166 137/200/166 134/199/166 148/219/166
f 149/223/167 143/217/167 146/214/167 153/224/167
f 153/224/168 146/214/168 142/213/168 150/227/168
f 143/217/169 156/233/169 158/236/169 147/218/169
f 147/212/170 158/230/170 155/229/170 141/209/170
f 164/247/171 149/223/171 151/226/171 168/248/171
f 168/242/172 151/220/172 148/219/172 162/239/172
f 163/243/173 157/237/173 160/234/173 167/244/173
f 167/244/174 160/234/174 156/233/174 164/247/174
f 157/237/175 170/253/175 172/256/175 161/238/175
f 161/232/176 172/250/176 169/249/176 155/229/176
f 178/267/177 163/243/177 165/246/177 182/268/177
f 182/262/178 165/240/178 162/239/178 176/259/178
f 177/263/179 171/257/179 174/254/179 181/264/179
f 181/264/180 174/254/180 170/253/180 178/267/180
f 171/257/181 184/273/181 186/276/181 175/258/181
f 175/252/182 186/270/182 183/269/182 169/249/182
f 192/287/183 177/263/183 179/266/183 196/288/183
f 196/282/184 179/260/184 176/259/184 190/279/184
f 191/283/185 185/277/185 188/274/185 195/284/185
f 195/284/186 188/274/186 184/273/186 192/287/186
f 185/277/187 198/293/187 200/296/187 189/278/187
f 189/272/188 200/290/188 197/289/188 183/269/188
f 206/307/189 191/283/189 193/286/189 210/308/189
f 210/302/190 193/280/190 190/279/190 204/299/190
f 205/303/191 199/297/191 202/294/191 209/304/191
f 209/304/192 202/294/192 198/293/192 206/307/192
f 199/297/193 212/313/193 214/316/193 203/298/193
f 203/292/194 214/310/194 211/309/194 197/289/194
f 220/327/195 205/303/195 207/306/195 224/328/195
f 224/322/196 207/300/196 204/299/196 218/319/196
f 219/323/197 213/317/197 216/314/197 223/324/197
f 223/324/198 216/314/198 212/313/198 220/327/198
f 213/317/199 114/169/199 116/172/199 217/318/199
f 217/312/200 116/166/200 113/165/200 211/309/200
f 122/185/201 219/323/201 221/326/201 126/186/201
f 126/180/202 221/320/202 218/319/202 120/177/202
f 113/165/203 127/189/203 141/209/203 155/229/203 169/249/203 183/269/203 197/289/203 211/309/203
f 115/173/204 121/181/204 136/207/204 128/193/204
f 213/317/205 219/323/205 122/185/205 114/169/205
f 134/199/206 120/177/206 218/319/206 204/299/206 190/279/206 176/259/206 162/239/206 148/219/206
f 129/197/207 135/203/207 150/227/207 142/213/207
f 143/217/208 149/223/208 164/247/208 156/233/208
f 157/237/209 163/243/209 178/267/209 170/253/209
f 171/257/210 177/263/210 192/287/210 184/273/210
f 185/277/211 191/283/211 206/307/211 198/293/211
f 199/297/212 205/303/212 220/327/212 212/313/212
o royal_oak_deck
v -0.615000 0.270000 0.425000
v -0.615000 0.325000 0.480000
v -0.670000 0.325000 0.425000
v -0.615000 0.277348 0.452464
v -0.642464 0.277348 0.425000
v -0.641302 0.284485 0.451302
v -0.642464 0.325000 0.472652
v -0.615000 0.297536 0.472652
v -0.641302 0.298698 0.465515
v -0.662652 0.297536 0.425000
v -0.662652 0.325000 0.452464
v -0.655515 0.298698 0.451302
v -0.615000 0.455000 0.480000
v -0.615000 0.510000 0.425000
v -0.670000 0.455000 0.425000
v -0.615000 0.482464 0.472652
v -0.642464 0.455000 0.472652
v -0.641302 0.481302 0.465515
v -0.642464 0.502652 0.425000
v -0.615000 0.502652 0.452464
v -0.641302 0.495515 0.451302
v -0.662652 0.455000 0.452464
v -0.662652 0.482464 0.425000
v -0.655515 0.481302 0.451302
v -0.615000 0.270000 -0.425000
v -0.670000 0.325000 -0.425000
v -0.615000 0.325000 -0.480000
v -0.642464 0.277348 -0.425000
v -0.615000 0.277348 -0.452464
v -0.641302 0.284485 -0.451302
v -0.662652 0.325000 -0.452464
v -0.662652 0.297536 -0.425000
v -0.655515 0.298698 -0.451302
v -0.615000 0.297536 -0.472652
v -0.642464 0.325000 -0.472652
v -0.641302 0.298698 -0.465515
v -0.615000 0.510000 -0.425000
v -0.615000 0.455000 -0.480000
v -0.670000 0.455000 -0.425000
v -0.615000 0.502652 -0.452464
v -0.642464 0.502652 -0.425000
v -0.641302 0.495515 -0.451302
v -0.642464 0.455000 -0.472652
v -0.615000 0.482464 -0.472652
v -0.641302 0.481302 -0.465515
v -0.662652 0.482464 -0.425000
v -0.662652 0.455000 -0.452464
v -0.655515 0.481302 -0.451302
v 0.615000 0.270000 0.425000
v 0.670000 0.325000 0.425000
v 0.615000 0.325000 0.480000
v 0.642464 0.277348 0.425000
v 0.615000 0.277348 0.452464
v 0.641302 0.284485 0.451302
v 0.662652 0.325000 0.452464
v 0.662652 0.297536 0.425000
v 0.655515 0.298698 0.451302
v 0.615000 0.297536 0.472652
v 0.642464 0.325000 0.472652
v 0.641302 0.298698 0.465515
v 0.615000 0.510000 0.425000
v 0.615000 0.455000 0.480000
v 0.670000 0.455000 0.425000
v 0.615000 0.502652 0.452464
v 0.642464 0.502652 0.425000
v 0.641302 0.495515 0.451302
v 0.642464 0.455000 0.472652
v 0.615000 0.482464 0.472652
v 0.641302 0.481302 0.465515
v 0.662652 0.482464 0.425000
v 0.662652 0.455000 0.452464
v 0.655515 0.481302 0.451302
v 0.615000 0.270000 -0.425000
v 0.615000 0.325000 -0.480000
v 0.670000 0.325000 -0.425000
v 0.615000 0.277348 -0.452464
v 0.642464 0.277348 -0.425000
v 0.641302 0.284485 -0.451302
v 0.642464 0.325000 -0.472652
v 0.615000 0.297536 -0.472652
v 0.641302 0.298698 -0.465515
v 0.662652 0.297536 -0.425000
v 0.662652 0.325000 -0.452464
v 0.655515 0.298698 -0.451302
v 0.615000 0.510000 -0.425000
v 0.670000 0.455000 -0.425000
v 0.615000 0.455000 -0.480000
v 0.642464 0.502652 -0.425000
v 0.615000 0.502652 -0.452464
v 0.641302 0.495515 -0.451302
v 0.662652 0.455000 -0.452464
v 0.662652 0.482464 -0.425000
v 0.655515 0.481302 -0.451302
v 0.615000 0.482464 -0.472652
v 0.642464 0.455000 -0.472652
v 0.641302 0.481302 -0.465515
vn -0.2566 -0.9318 0.2566
vn -0.2178 -0.6901 0.6901
vn -0.2566 -0.2566 0.9318
vn -0.6901 -0.2178 0.6901
vn -0.9318 -0.2566 0.2566
vn -0.6901 -0.6901 0.2178
vn -0.5773 -0.5774 0.5773
vn -0.2566 0.2566 0.9318
vn -0.2178 0.6901 0.6901
vn -0.2566 0.9318 0.2566
vn -0.6901 0.6901 0.2178
vn -0.9318 0.2566 0.2566
vn -0.6901 0.2178 0.6901
vn -0.5773 0.5774 0.5773
vn -0.2566 -0.9318 -0.2566
vn -0.6901 -0.6901 -0.2178
vn -0.9318 -0.2566 -0.2566
vn -0.6901 -0.2178 -0.6901
vn -0.2566 -0.2566 -0.9318
vn -0.2178 -0.6901 -0.6901
vn -0.5773 -0.5774 -0.5773
vn -0.2566 0.9318 -0.2566
vn -0.2178 0.6901 -0.6901
vn -0.2566 0.2566 -0.9318
vn -0.6901 0.2178 -0.6901
vn -0.9318 0.2566 -0.2566
vn -0.6901 0.6901 -0.2178
vn -0.5773 0.5774 -0.5773
vn 0.2566 -0.9318 0.2566
vn 0.6901 -0.6901 0.2178
vn 0.9318 -0.2566 0.2566
vn 0.6901 -0.2178 0.6901
vn 0.2566 -0.2566 0.9318
vn 0.2178 -0.6901 0.6901
vn 0.5773 -0.5774 0.5773
vn 0.2566 0.9318 0.2566
vn 0.2178 0.6901 0.6901
vn 0.2566 0.2566 0.9318
vn 0.6901 0.2178 0.6901
vn 0.9318 0.2566 0.2566
vn 0.6901 0.6901 0.2178
vn 0.5773 0.5774 0.5773
vn 0.2566 -0.9318 -0.2566
vn 0.2178 -0.6901 -0.6901
vn 0.2566 -0.2566 -0.9318
vn 0.6901 -0.2178 -0.6901
vn 0.9318 -0.2566 -0.2566
vn 0.6901 -0.6901 -0.2178
vn 0.5773 -0.5774 -0.5773
vn 0.2566 0.9318 -0.2566
vn 0.6901 0.6901 -0.2178
vn 0.9318 0.2566 -0.2566
vn 0.6901 0.2178 -0.6901
vn 0.2566 0.2566 -0.9318
vn 0.2178 0.6901 -0.6901
vn 0.5773 0.5774 -0.5773
vn -0.2585 -0.9660 -0.0000
vn -0.7071 -0.7071 -0.0000
vn -0.9660 -0.2585 -0.0000
vn -0.2585 -0.0000 0.9660
vn -0.7071 -0.0000 0.7071
vn -0.9660 -0.0000 0.2585
vn -0.2585 0.9660 -0.0000
vn -0.7071 0.7071 -0.0000
vn -0.9660 0.2585 -0.0000
vn -0.2585 -0.0000 -0.9660
vn -0.7071 -0.0000 -0.7071
vn -0.9660 -0.0000 -0.2585
vn -0.0000 -0.9660 -0.2585
vn -0.0000 -0.7071 -0.7071
vn -0.0000 -0.2585 -0.9660
vn -0.0000 0.9660 -0.2585
vn -0.0000 0.7071 -0.7071
vn -0.0000 0.2585 -0.9660
vn 0.9660 -0.0000 -0.2585
vn 0.7071 -0.0000 -0.7071
vn 0.2585 -0.0000 -0.9660
vn 0.2585 -0.9660 -0.0000
vn 0.7071 -0.7071 -0.0000
vn 0.9660 -0.2585 -0.0000
vn 0.2585 0.9660 -0.0000
vn 0.7071 0.7071 -0.0000
vn 0.9660 0.2585 -0.0000
vn 0.2585 -0.0000 0.9660
vn 0.7071 -0.0000 0.7071
vn 0.9660 -0.0000 0.2585
vn -0.0000 -0.9660 0.2585
vn -0.0000 -0.7071 0.7071
vn -0.0000 -0.2585 0.9660
vn -0.0000 0.9660 0.2585
vn -0.0000 0.7071 0.7071
vn -0.0000 0.2585 0.9660
vn -0.0000 -1.0000 -0.0000
vn -1.0000 -0.0000 -0.0000
vn -0.0000 -0.0000 1.0000
vn -0.0000 1.0000 -0.0000
vn -0.0000 -0.0000 -1.0000
vn 1.0000 -0.0000 -0.0000
vt 0.135261 0.735677
vt 0.135261 0.742829
vt 0.130354 0.742526
vt 0.130137 0.735677
vt 0.135261 0.750000
vt 0.130354 0.750000
vt 0.432292 0.989739
vt 0.432292 1.000000
vt 0.375000 0.994646
vt 0.375000 0.989739
vt 0.432292 0.000000
vt 0.432292 0.007171
vt 0.375000 0.007474
vt 0.375000 0.000000
vt 0.432292 0.014323
vt 0.375000 0.014323
vt 0.125000 0.735677
vt 0.125000 0.742526
vt 0.567708 0.989739
vt 0.596317 0.989739
vt 0.595106 1.000000
vt 0.567708 1.000000
vt 0.625000 0.989739
vt 0.625000 1.000000
vt 0.864739 0.735677
vt 0.875000 0.735677
vt 0.875000 0.742526
vt 0.864739 0.750000
vt 0.625000 0.014323
vt 0.596317 0.014323
vt 0.595106 0.007474
vt 0.625000 0.007474
vt 0.567708 0.014323
vt 0.567708 0.007171
vt 0.567708 0.000000
vt 0.595106 0.000000
vt 0.135261 0.514323
vt 0.130137 0.514323
vt 0.130354 0.507474
vt 0.135261 0.507171
vt 0.125000 0.514323
vt 0.125000 0.507474
vt 0.432292 0.235677
vt 0.432292 0.242829
vt 0.375000 0.242526
vt 0.375000 0.235677
vt 0.432292 0.255137
vt 0.375000 0.255354
vt 0.432292 0.260261
vt 0.375000 0.260261
vt 0.135261 0.500000
vt 0.130354 0.500000
vt 0.864739 0.514323
vt 0.864739 0.500000
vt 0.875000 0.507474
vt 0.875000 0.514323
vt 0.625000 0.260261
vt 0.596317 0.260261
vt 0.595106 0.254648
vt 0.625000 0.245823
vt 0.567708 0.260261
vt 0.567708 0.255137
vt 0.567708 0.242829
vt 0.595106 0.242526
vt 0.567708 0.235677
vt 0.596317 0.235677
vt 0.625000 0.235677
vt 0.364739 0.735677
vt 0.369863 0.735677
vt 0.369646 0.742526
vt 0.364739 0.742829
vt 0.403683 0.735677
vt 0.402372 0.742526
vt 0.432292 0.735677
vt 0.432292 0.742829
vt 0.432292 0.755137
vt 0.373034 0.753388
vt 0.432292 0.760261
vt 0.369867 0.755129
vt 0.635261 0.735677
vt 0.630129 0.755133
vt 0.628388 0.751966
vt 0.630137 0.735677
vt 0.596317 0.760261
vt 0.595106 0.755354
vt 0.567708 0.760261
vt 0.567708 0.755137
vt 0.567708 0.742829
vt 0.595106 0.743314
vt 0.567708 0.735677
vt 0.596316 0.735677
vt 0.364739 0.514323
vt 0.364739 0.507171
vt 0.369646 0.507474
vt 0.369863 0.514323
vt 0.369867 0.494871
vt 0.373034 0.496612
vt 0.432292 0.489739
vt 0.432292 0.494863
vt 0.432292 0.507171
vt 0.402372 0.507474
vt 0.432292 0.514323
vt 0.403683 0.514323
vt 0.635261 0.514323
vt 0.630137 0.514323
vt 0.628388 0.498034
vt 0.630129 0.494867
vt 0.596317 0.514323
vt 0.595106 0.506686
vt 0.567708 0.514323
vt 0.567708 0.507171
vt 0.567708 0.494863
vt 0.595106 0.494646
vt 0.567708 0.489739
vt 0.596317 0.489739
s 0
usemtl OiledOak
f 225/329/213 228/330/213 230/331/213 229/332/213
f 228/330/214 232/333/214 233/334/214 230/331/214
f 226/335/215 231/336/215 233/337/215 232/338/215
f 231/339/216 235/340/216 236/341/216 233/342/216
f 227/343/217 234/344/217 236/341/217 235/340/217
f 234/345/218 229/332/218 230/331/218 236/346/218
f 230/331/219 233/334/219 236/346/219
f 237/347/220 240/348/220 242/349/220 241/350/220
f 240/348/221 244/351/221 245/352/221 242/349/221
f 238/353/222 243/354/222 245/355/222 244/356/222
f 243/357/223 247/358/223 248/359/223 245/360/223
f 239/361/224 246/362/224 248/359/224 247/358/224
f 246/362/225 241/363/225 242/364/225 248/359/225
f 242/364/226 245/360/226 248/359/226
f 249/365/227 252/366/227 254/367/227 253/368/227
f 252/366/228 256/369/228 257/370/228 254/367/228
f 250/371/229 255/372/229 257/373/229 256/374/229
f 255/372/230 259/375/230 260/376/230 257/373/230
f 251/377/231 258/378/231 260/376/231 259/375/231
f 258/379/232 253/368/232 254/367/232 260/380/232
f 254/367/233 257/370/233 260/380/233
f 261/381/234 264/382/234 266/383/234 265/384/234
f 264/385/235 268/386/235 269/387/235 266/388/235
f 262/389/236 267/390/236 269/387/236 268/386/236
f 267/390/237 271/391/237 272/392/237 269/387/237
f 263/393/238 270/394/238 272/392/238 271/391/238
f 270/394/239 265/395/239 266/388/239 272/392/239
f 266/388/240 269/387/240 272/392/240
f 273/396/241 276/397/241 278/398/241 277/399/241
f 276/397/242 280/400/242 281/401/242 278/398/242
f 274/402/243 279/403/243 281/401/243 280/400/243
f 279/403/244 283/404/244 284/405/244 281/401/244
f 275/406/245 282/407/245 284/405/245 283/404/245
f 282/407/246 277/399/246 278/398/246 284/405/246
f 278/398/247 281/401/247 284/405/247
f 285/408/248 288/409/248 290/410/248 289/411/248
f 288/409/249 292/412/249 293/413/249 290/410/249
f 286/414/250 291/415/250 293/413/250 292/412/250
f 291/415/251 295/416/251 296/417/251 293/413/251
f 287/418/252 294/419/252 296/417/252 295/416/252
f 294/419/253 289/411/253 290/410/253 296/417/253
f 290/410/254 293/413/254 296/417/254
f 297/420/255 300/421/255 302/422/255 301/423/255
f 300/421/256 304/424/256 305/425/256 302/422/256
f 298/426/257 303/427/257 305/425/257 304/424/257
f 303/427/258 307/428/258 308/429/258 305/425/258
f 299/430/259 306/431/259 308/429/259 307/428/259
f 306/431/260 301/423/260 302/422/260 308/429/260
f 302/422/261 305/425/261 308/429/261
f 309/432/262 312/433/262 314/434/262 313/435/262
f 312/433/263 316/436/263 317/437/263 314/434/263
f 310/438/264 315/439/264 317/437/264 316/436/264
f 315/439/265 319/440/265 320/441/265 317/437/265
f 311/442/266 318/443/266 320/441/266 319/440/266
f 318/443/267 313/435/267 314/434/267 320/441/267
f 314/434/268 317/437/268 320/441/268
f 249/365/269 225/329/269 229/332/269 252/366/269
f 252/366/270 229/332/270 234/345/270 256/369/270
f 256/374/271 234/344/271 227/343/271 250/371/271
f 226/335/272 237/347/272 241/350/272 231/336/272
f 231/339/273 241/363/273 246/362/273 235/340/273
f 235/340/274 246/362/274 239/361/274 227/343/274
f 238/353/275 261/381/275 265/384/275 243/354/275
f 243/357/276 265/395/276 270/394/276 247/358/276
f 247/358/277 270/394/277 263/393/277 239/361/277
f 262/389/278 251/377/278 259/375/278 267/390/278
f 267/390/279 259/375/279 255/372/279 271/391/279
f 271/391/280 255/372/280 250/371/280 263/393/280
f 297/420/281 249/365/281 253/368/281 300/421/281
f 300/421/282 253/368/282 258/379/282 304/424/282
f 304/424/283 258/378/283 251/377/283 298/426/283
f 261/381/284 309/432/284 313/435/284 264/382/284
f 264/385/285 313/435/285 318/443/285 268/386/285
f 268/386/286 318/443/286 311/442/286 262/389/286
f 310/438/287 299/430/287 307/428/287 315/439/287
f 315/439/288 307/428/288 303/427/288 319/440/288
f 319/440/289 303/427/289 298/426/289 311/442/289
f 273/396/290 297/420/290 301/423/290 276/397/290
f 276/397/291 301/423/291 306/431/291 280/400/291
f 280/400/292 306/431/292 299/430/292 274/402/292
f 309/432/293 285/408/293 289/411/293 312/433/293
f 312/433/294 289/411/294 294/419/294 316/436/294
f 316/436/295 294/419/295 287/418/295 310/438/295
f 286/414/296 275/406/296 283/404/296 291/415/296
f 291/415/297 283/404/297 279/403/297 295/416/297
f 295/416/298 279/403/298 274/402/298 287/418/298
f 225/329/299 273/396/299 277/399/299 228/330/299
f 228/330/300 277/399/300 282/407/300 232/333/300
f 232/338/301 282/407/301 275/406/301 226/335/301
f 285/408/302 238/353/302 244/356/302 288/409/302
f 288/409/303 244/351/303 240/348/303 292/412/303
f 292/412/304 240/348/304 237/347/304 286/414/304
f 249/365/305 297/420/305 273/396/305 225/329/305
f 227/343/306 239/361/306 263/393/306 250/371/306
f 275/406/307 286/414/307 237/347/307 226/335/307
f 309/432/308 261/381/308 238/353/308 285/408/308
f 251/377/309 262/389/309 311/442/309 298/426/309
f 299/430/310 310/438/310 287/418/310 274/402/310
o iron_royal_turntable
v -0.415000 0.490000 0.285000
v -0.415000 0.525000 0.320000
v -0.450000 0.525000 0.285000
v -0.415000 0.494676 0.302477
v -0.432477 0.494676 0.285000
v -0.431737 0.499218 0.301737
v -0.432477 0.525000 0.315324
v -0.415000 0.507523 0.315324
v -0.431737 0.508263 0.310782
v -0.445324 0.507523 0.285000
v -0.445324 0.525000 0.302477
v -0.440782 0.508263 0.301737
v -0.415000 0.595000 0.320000
v -0.415000 0.630000 0.285000
v -0.450000 0.595000 0.285000
v -0.415000 0.612477 0.315324
v -0.432477 0.595000 0.315324
v -0.431737 0.611737 0.310782
v -0.432477 0.625324 0.285000
v -0.415000 0.625324 0.302477
v -0.431737 0.620782 0.301737
v -0.445324 0.595000 0.302477
v -0.445324 0.612477 0.285000
v -0.440782 0.611737 0.301737
v -0.415000 0.490000 -0.305000
v -0.450000 0.525000 -0.305000
v -0.415000 0.525000 -0.340000
v -0.432477 0.494676 -0.305000
v -0.415000 0.494676 -0.322477
v -0.431737 0.499218 -0.321737
v -0.445324 0.525000 -0.322477
v -0.445324 0.507523 -0.305000
v -0.440782 0.508263 -0.321737
v -0.415000 0.507523 -0.335324
v -0.432477 0.525000 -0.335324
v -0.431737 0.508263 -0.330782
v -0.415000 0.630000 -0.305000
v -0.415000 0.595000 -0.340000
v -0.450000 0.595000 -0.305000
v -0.415000 0.625324 -0.322477
v -0.432477 0.625324 -0.305000
v -0.431737 0.620782 -0.321737
v -0.432477 0.595000 -0.335324
v -0.415000 0.612477 -0.335324
v -0.431737 0.611737 -0.330782
v -0.445324 0.612477 -0.305000
v -0.445324 0.595000 -0.322477
v -0.440782 0.611737 -0.321737
v 0.415000 0.490000 0.285000
v 0.450000 0.525000 0.285000
v 0.415000 0.525000 0.320000
v 0.432477 0.494676 0.285000
v 0.415000 0.494676 0.302477
v 0.431737 0.499218 0.301737
v 0.445324 0.525000 0.302477
v 0.445324 0.507523 0.285000
v 0.440782 0.508263 0.301737
v 0.415000 0.507523 0.315324
v 0.432477 0.525000 0.315324
v 0.431737 0.508263 0.310782
v 0.415000 0.630000 0.285000
v 0.415000 0.595000 0.320000
v 0.450000 0.595000 0.285000
v 0.415000 0.625324 0.302477
v 0.432477 0.625324 0.285000
v 0.431737 0.620782 0.301737
v 0.432477 0.595000 0.315324
v 0.415000 0.612477 0.315324
v 0.431737 0.611737 0.310782
v 0.445324 0.612477 0.285000
v 0.445324 0.595000 0.302477
v 0.440782 0.611737 0.301737
v 0.415000 0.490000 -0.305000
v 0.415000 0.525000 -0.340000
v 0.450000 0.525000 -0.305000
v 0.415000 0.494676 -0.322477
v 0.432477 0.494676 -0.305000
v 0.431737 0.499218 -0.321737
v 0.432477 0.525000 -0.335324
v 0.415000 0.507523 -0.335324
v 0.431737 0.508263 -0.330782
v 0.445324 0.507523 -0.305000
v 0.445324 0.525000 -0.322477
v 0.440782 0.508263 -0.321737
v 0.415000 0.630000 -0.305000
v 0.450000 0.595000 -0.305000
v 0.415000 0.595000 -0.340000
v 0.432477 0.625324 -0.305000
v 0.415000 0.625324 -0.322477
v 0.431737 0.620782 -0.321737
v 0.445324 0.595000 -0.322477
v 0.445324 0.612477 -0.305000
v 0.440782 0.611737 -0.321737
v 0.415000 0.612477 -0.335324
v 0.432477 0.595000 -0.335324
v 0.431737 0.611737 -0.330782
vn -0.2566 -0.9318 0.2566
vn -0.2178 -0.6901 0.6901
vn -0.2566 -0.2566 0.9318
vn -0.6901 -0.2178 0.6901
vn -0.9318 -0.2566 0.2566
vn -0.6901 -0.6901 0.2178
vn -0.5774 -0.5774 0.5774
vn -0.2566 0.2566 0.9318
vn -0.2178 0.6901 0.6901
vn -0.2566 0.9318 0.2566
vn -0.6901 0.6901 0.2178
vn -0.9318 0.2566 0.2566
vn -0.6901 0.2178 0.6901
vn -0.5774 0.5774 0.5774
vn -0.2566 -0.9318 -0.2566
vn -0.6901 -0.6901 -0.2178
vn -0.9318 -0.2566 -0.2566
vn -0.6901 -0.2178 -0.6901
vn -0.2566 -0.2566 -0.9318
vn -0.2178 -0.6901 -0.6901
vn -0.5774 -0.5774 -0.5774
vn -0.2566 0.9318 -0.2566
vn -0.2178 0.6901 -0.6901
vn -0.2566 0.2566 -0.9318
vn -0.6901 0.2178 -0.6901
vn -0.9318 0.2566 -0.2566
vn -0.6901 0.6901 -0.2178
vn -0.5774 0.5774 -0.5774
vn 0.2566 -0.9318 0.2566
vn 0.6901 -0.6901 0.2178
vn 0.9318 -0.2566 0.2566
vn 0.6901 -0.2178 0.6901
vn 0.2566 -0.2566 0.9318
vn 0.2178 -0.6901 0.6901
vn 0.5773 -0.5774 0.5774
vn 0.2566 0.9318 0.2566
vn 0.2178 0.6901 0.6901
vn 0.2566 0.2566 0.9318
vn 0.6901 0.2178 0.6901
vn 0.9318 0.2566 0.2566
vn 0.6901 0.6901 0.2178
vn 0.5773 0.5774 0.5774
vn 0.2566 -0.9318 -0.2566
vn 0.2178 -0.6901 -0.6901
vn 0.2566 -0.2566 -0.9318
vn 0.6901 -0.2178 -0.6901
vn 0.9318 -0.2566 -0.2566
vn 0.6901 -0.6901 -0.2178
vn 0.5773 -0.5774 -0.5774
vn 0.2566 0.9318 -0.2566
vn 0.6901 0.6901 -0.2178
vn 0.9318 0.2566 -0.2566
vn 0.6901 0.2178 -0.6901
vn 0.2566 0.2566 -0.9318
vn 0.2178 0.6901 -0.6901
vn 0.5773 0.5774 -0.5774
vn -0.2585 -0.9660 -0.0000
vn -0.7071 -0.7071 -0.0000
vn -0.9660 -0.2585 -0.0000
vn -0.2585 -0.0000 0.9660
vn -0.7071 -0.0000 0.7071
vn -0.9660 -0.0000 0.2585
vn -0.2585 0.9660 -0.0000
vn -0.7071 0.7071 -0.0000
vn -0.9660 0.2585 -0.0000
vn -0.2585 -0.0000 -0.9660
vn -0.7071 -0.0000 -0.7071
vn -0.9660 -0.0000 -0.2585
vn -0.0000 -0.9660 -0.2585
vn -0.0000 -0.7071 -0.7071
vn -0.0000 -0.2585 -0.9660
vn -0.0000 0.9660 -0.2585
vn -0.0000 0.7071 -0.7071
vn -0.0000 0.2585 -0.9660
vn 0.9660 -0.0000 -0.2585
vn 0.7071 -0.0000 -0.7071
vn 0.2585 -0.0000 -0.9660
vn 0.2585 -0.9660 -0.0000
vn 0.7071 -0.7071 -0.0000
vn 0.9660 -0.2585 -0.0000
vn 0.2585 0.9660 -0.0000
vn 0.7071 0.7071 -0.0000
vn 0.9660 0.2585 -0.0000
vn 0.2585 -0.0000 0.9660
vn 0.7071 -0.0000 0.7071
vn 0.9660 -0.0000 0.2585
vn -0.0000 -0.9660 0.2585
vn -0.0000 -0.7071 0.7071
vn -0.0000 -0.2585 0.9660
vn -0.0000 0.9660 0.2585
vn -0.0000 0.7071 0.7071
vn -0.0000 0.2585 0.9660
vn -0.0000 -1.0000 -0.0000
vn -1.0000 -0.0000 -0.0000
vn -0.0000 -0.0000 1.0000
vn -0.0000 1.0000 -0.0000
vn -0.0000 -0.0000 -1.0000
vn 1.0000 -0.0000 -0.0000
vt 0.134722 0.736742
vt 0.134722 0.743362
vt 0.130073 0.743082
vt 0.129867 0.736742
vt 0.134722 0.750000
vt 0.130073 0.750000
vt 0.437500 0.990278
vt 0.437500 1.000000
vt 0.375000 0.994927
vt 0.375000 0.990278
vt 0.437500 0.000000
vt 0.437500 0.006637
vt 0.375000 0.006918
vt 0.375000 0.000000
vt 0.437500 0.013258
vt 0.375000 0.013258
vt 0.125000 0.736742
vt 0.125000 0.743082
vt 0.562500 0.990278
vt 0.593709 0.990278
vt 0.592388 1.000000
vt 0.562500 1.000000
vt 0.625000 0.990278
vt 0.625000 1.000000
vt 0.865278 0.736742
vt 0.875000 0.736742
vt 0.875000 0.743082
vt 0.865278 0.750000
vt 0.625000 0.013258
vt 0.593709 0.013258
vt 0.592388 0.006918
vt 0.625000 0.006918
vt 0.562500 0.013258
vt 0.562500 0.006637
vt 0.562500 0.000000
vt 0.592388 0.000000
vt 0.134722 0.513258
vt 0.129867 0.513258
vt 0.130073 0.506918
vt 0.134722 0.506637
vt 0.125000 0.513258
vt 0.125000 0.506918
vt 0.437500 0.236742
vt 0.437500 0.243363
vt 0.375000 0.243082
vt 0.375000 0.236742
vt 0.437500 0.254867
vt 0.375000 0.255073
vt 0.437500 0.259722
vt 0.375000 0.259722
vt 0.134722 0.500000
vt 0.130073 0.500000
vt 0.865278 0.513258
vt 0.865278 0.500000
vt 0.875000 0.506918
vt 0.875000 0.513258
vt 0.625000 0.259722
vt 0.593709 0.259722
vt 0.592388 0.254410
vt 0.625000 0.246134
vt 0.562500 0.259722
vt 0.562500 0.254867
vt 0.562500 0.243362
vt 0.592388 0.243082
vt 0.562500 0.236742
vt 0.593709 0.236742
vt 0.625000 0.236742
vt 0.365278 0.736742
vt 0.370132 0.736742
vt 0.369927 0.743082
vt 0.365278 0.743362
vt 0.406291 0.736742
vt 0.404891 0.743082
vt 0.437500 0.736742
vt 0.437500 0.743362
vt 0.437500 0.754867
vt 0.373137 0.753210
vt 0.437500 0.759722
vt 0.370136 0.754859
vt 0.634722 0.736742
vt 0.629859 0.754864
vt 0.628210 0.751863
vt 0.629867 0.736742
vt 0.593709 0.759722
vt 0.592388 0.755073
vt 0.562500 0.759722
vt 0.562500 0.754867
vt 0.562500 0.743362
vt 0.592388 0.743816
vt 0.562500 0.736742
vt 0.593709 0.736742
vt 0.365278 0.513258
vt 0.365278 0.506637
vt 0.369927 0.506918
vt 0.370133 0.513258
vt 0.370136 0.495141
vt 0.373137 0.496790
vt 0.437500 0.490278
vt 0.437500 0.495133
vt 0.437500 0.506638
vt 0.404890 0.506918
vt 0.437500 0.513258
vt 0.406291 0.513258
vt 0.634722 0.513258
vt 0.629867 0.513258
vt 0.628210 0.498137
vt 0.629859 0.495136
vt 0.593709 0.513258
vt 0.592388 0.506184
vt 0.562500 0.513258
vt 0.562500 0.506637
vt 0.562500 0.495133
vt 0.592388 0.494927
vt 0.562500 0.490278
vt 0.593709 0.490278
s 0
usemtl BlackIron
f 321/444/311 324/445/311 326/446/311 325/447/311
f 324/445/312 328/448/312 329/449/312 326/446/312
f 322/450/313 327/451/313 329/452/313 328/453/313
f 327/454/314 331/455/314 332/456/314 329/457/314
f 323/458/315 330/459/315 332/456/315 331/455/315
f 330/460/316 325/447/316 326/446/316 332/461/316
f 326/446/317 329/449/317 332/461/317
f 333/462/318 336/463/318 338/464/318 337/465/318
f 336/463/319 340/466/319 341/467/319 338/464/319
f 334/468/320 339/469/320 341/470/320 340/471/320
f 339/472/321 343/473/321 344/474/321 341/475/321
f 335/476/322 342/477/322 344/474/322 343/473/322
f 342/477/323 337/478/323 338/479/323 344/474/323
f 338/479/324 341/475/324 344/474/324
f 345/480/325 348/481/325 350/482/325 349/483/325
f 348/481/326 352/484/326 353/485/326 350/482/326
f 346/486/327 351/487/327 353/488/327 352/489/327
f 351/487/328 355/490/328 356/491/328 353/488/328
f 347/492/329 354/493/329 356/491/329 355/490/329
f 354/494/330 349/483/330 350/482/330 356/495/330
f 350/482/331 353/485/331 356/495/331
f 357/496/332 360/497/332 362/498/332 361/499/332
f 360/500/333 364/501/333 365/502/333 362/503/333
f 358/504/334 363/505/334 365/502/334 364/501/334
f 363/505/335 367/506/335 368/507/335 365/502/335
f 359/508/336 366/509/336 368/507/336 367/506/336
f 366/509/337 361/510/337 362/503/337 368/507/337
f 362/503/338 365/502/338 368/507/338
f 369/511/339 372/512/339 374/513/339 373/514/339
f 372/512/340 376/515/340 377/516/340 374/513/340
f 370/517/341 375/518/341 377/516/341 376/515/341
f 375/518/342 379/519/342 380/520/342 377/516/342
f 371/521/343 378/522/343 380/520/343 379/519/343
f 378/522/344 373/514/344 374/513/344 380/520/344
f 374/513/345 377/516/345 380/520/345
f 381/523/346 384/524/346 386/525/346 385/526/346
f 384/524/347 388/527/347 389/528/347 386/525/347
f 382/529/348 387/530/348 389/528/348 388/527/348
f 387/530/349 391/531/349 392/532/349 389/528/349
f 383/533/350 390/534/350 392/532/350 391/531/350
f 390/534/351 385/526/351 386/525/351 392/532/351
f 386/525/352 389/528/352 392/532/352
f 393/535/353 396/536/353 398/537/353 397/538/353
f 396/536/354 400/539/354 401/540/354 398/537/354
f 394/541/355 399/542/355 401/540/355 400/539/355
f 399/542/356 403/543/356 404/544/356 401/540/356
f 395/545/357 402/546/357 404/544/357 403/543/357
f 402/546/358 397/538/358 398/537/358 404/544/358
f 398/537/359 401/540/359 404/544/359
f 405/547/360 408/548/360 410/549/360 409/550/360
f 408/548/361 412/551/361 413/552/361 410/549/361
f 406/553/362 411/554/362 413/552/362 412/551/362
f 411/554/363 415/555/363 416/556/363 413/552/363
f 407/557/364 414/558/364 416/556/364 415/555/364
f 414/558/365 409/550/365 410/549/365 416/556/365
f 410/549/366 413/552/366 416/556/366
f 345/480/367 321/444/367 325/447/367 348/481/367
f 348/481/368 325/447/368 330/460/368 352/484/368
f 352/489/369 330/459/369 323/458/369 346/486/369
f 322/450/370 333/462/370 337/465/370 327/451/370
f 327/454/371 337/478/371 342/477/371 331/455/371
f 331/455/372 342/477/372 335/476/372 323/458/372
f 334/468/373 357/496/373 361/499/373 339/469/373
f 339/472/374 361/510/374 366/509/374 343/473/374
f 343/473/375 366/509/375 359/508/375 335/476/375
f 358/504/376 347/492/376 355/490/376 363/505/376
f 363/505/377 355/490/377 351/487/377 367/506/377
f 367/506/378 351/487/378 346/486/378 359/508/378
f 393/535/379 345/480/379 349/483/379 396/536/379
f 396/536/380 349/483/380 354/494/380 400/539/380
f 400/539/381 354/493/381 347/492/381 394/541/381
f 357/496/382 405/547/382 409/550/382 360/497/382
f 360/500/383 409/550/383 414/558/383 364/501/383
f 364/501/384 414/558/384 407/557/384 358/504/384
f 406/553/385 395/545/385 403/543/385 411/554/385
f 411/554/386 403/543/386 399/542/386 415/555/386
f 415/555/387 399/542/387 394/541/387 407/557/387
f 369/511/388 393/535/388 397/538/388 372/512/388
f 372/512/389 397/538/389 402/546/389 376/515/389
f 376/515/390 402/546/390 395/545/390 370/517/390
f 405/547/391 381/523/391 385/526/391 408/548/391
f 408/548/392 385/526/392 390/534/392 412/551/392
f 412/551/393 390/534/393 383/533/393 406/553/393
f 382/529/394 371/521/394 379/519/394 387/530/394
f 387/530/395 379/519/395 375/518/395 391/531/395
f 391/531/396 375/518/396 370/517/396 383/533/396
f 321/444/397 369/511/397 373/514/397 324/445/397
f 324/445/398 373/514/398 378/522/398 328/448/398
f 328/453/399 378/522/399 371/521/399 322/450/399
f 381/523/400 334/468/400 340/471/400 384/524/400
f 384/524/401 340/466/401 336/463/401 388/527/401
f 388/527/402 336/463/402 333/462/402 382/529/402
f 345/480/403 393/535/403 369/511/403 321/444/403
f 323/458/404 335/476/404 359/508/404 346/486/404
f 371/521/405 382/529/405 333/462/405 322/450/405
f 405/547/406 357/496/406 334/468/406 381/523/406
f 347/492/407 358/504/407 407/557/407 394/541/407
f 395/545/408 406/553/408 383/533/408 370/517/408
o royal_bow_stock
v -0.408000 0.750000 0.648000
v -0.408000 0.782000 0.680000
v -0.440000 0.782000 0.648000
v -0.408000 0.754275 0.663979
v -0.423979 0.754275 0.648000
v -0.423303 0.758428 0.663303
v -0.423979 0.782000 0.675725
v -0.408000 0.766021 0.675725
v -0.423303 0.766697 0.671572
v -0.435725 0.766021 0.648000
v -0.435725 0.782000 0.663979
v -0.431572 0.766697 0.663303
v -0.408000 0.858000 0.680000
v -0.408000 0.890000 0.648000
v -0.440000 0.858000 0.648000
v -0.408000 0.873979 0.675725
v -0.423979 0.858000 0.675725
v -0.423303 0.873303 0.671572
v -0.423979 0.885725 0.648000
v -0.408000 0.885725 0.663979
v -0.423303 0.881572 0.663303
v -0.435725 0.858000 0.663979
v -0.435725 0.873979 0.648000
v -0.431572 0.873303 0.663303
v -0.408000 0.750000 -0.368000
v -0.440000 0.782000 -0.368000
v -0.408000 0.782000 -0.400000
v -0.423979 0.754275 -0.368000
v -0.408000 0.754275 -0.383979
v -0.423303 0.758428 -0.383303
v -0.435725 0.782000 -0.383979
v -0.435725 0.766021 -0.368000
v -0.431572 0.766697 -0.383303
v -0.408000 0.766021 -0.395725
v -0.423979 0.782000 -0.395725
v -0.423303 0.766697 -0.391572
v -0.408000 0.890000 -0.368000
v -0.408000 0.858000 -0.400000
v -0.440000 0.858000 -0.368000
v -0.408000 0.885725 -0.383979
v -0.423979 0.885725 -0.368000
v -0.423303 0.881572 -0.383303
v -0.423979 0.858000 -0.395725
v -0.408000 0.873979 -0.395725
v -0.423303 0.873303 -0.391572
v -0.435725 0.873979 -0.368000
v -0.435725 0.858000 -0.383979
v -0.431572 0.873303 -0.383303
v -0.312000 0.750000 0.648000
v -0.280000 0.782000 0.648000
v -0.312000 0.782000 0.680000
v -0.296021 0.754275 0.648000
v -0.312000 0.754275 0.663979
v -0.296697 0.758428 0.663303
v -0.284275 0.782000 0.663979
v -0.284275 0.766021 0.648000
v -0.288428 0.766697 0.663303
v -0.312000 0.766021 0.675725
v -0.296021 0.782000 0.675725
v -0.296697 0.766697 0.671572
v -0.312000 0.890000 0.648000
v -0.312000 0.858000 0.680000
v -0.280000 0.858000 0.648000
v -0.312000 0.885725 0.663979
v -0.296021 0.885725 0.648000
v -0.296697 0.881572 0.663303
v -0.296021 0.858000 0.675725
v -0.312000 0.873979 0.675725
v -0.296697 0.873303 0.671572
v -0.284275 0.873979 0.648000
v -0.284275 0.858000 0.663979
v -0.288428 0.873303 0.663303
v -0.312000 0.750000 -0.368000
v -0.312000 0.782000 -0.400000
v -0.280000 0.782000 -0.368000
v -0.312000 0.754275 -0.383979
v -0.296021 0.754275 -0.368000
v -0.296697 0.758428 -0.383303
v -0.296021 0.782000 -0.395725
v -0.312000 0.766021 -0.395725
v -0.296697 0.766697 -0.391572
v -0.284275 0.766021 -0.368000
v -0.284275 0.782000 -0.383979
v -0.288428 0.766697 -0.383303
v -0.312000 0.890000 -0.368000
v -0.280000 0.858000 -0.368000
v -0.312000 0.858000 -0.400000
v -0.296021 0.885725 -0.368000
v -0.312000 0.885725 -0.383979
v -0.296697 0.881572 -0.383303
v -0.284275 0.858000 -0.383979
v -0.284275 0.873979 -0.368000
v -0.288428 0.873303 -0.383303
v -0.312000 0.873979 -0.395725
v -0.296021 0.858000 -0.395725
v -0.296697 0.873303 -0.391572
vn -0.2566 -0.9318 0.2566
vn -0.2178 -0.6901 0.6901
vn -0.2566 -0.2566 0.9318
vn -0.6901 -0.2178 0.6901
vn -0.9318 -0.2566 0.2566
vn -0.6901 -0.6901 0.2178
vn -0.5773 -0.5774 0.5773
vn -0.2566 0.2566 0.9318
vn -0.2178 0.6901 0.6901
vn -0.2566 0.9318 0.2566
vn -0.6901 0.6901 0.2178
vn -0.9318 0.2566 0.2566
vn -0.6901 0.2178 0.6901
vn -0.5773 0.5774 0.5773
vn -0.2566 -0.9318 -0.2566
vn -0.6901 -0.6901 -0.2178
vn -0.9318 -0.2566 -0.2566
vn -0.6901 -0.2178 -0.6901
vn -0.2566 -0.2566 -0.9318
vn -0.2178 -0.6901 -0.6901
vn -0.5773 -0.5774 -0.5773
vn -0.2566 0.9318 -0.2566
vn -0.2178 0.6901 -0.6901
vn -0.2566 0.2566 -0.9318
vn -0.6901 0.2178 -0.6901
vn -0.9318 0.2566 -0.2566
vn -0.6901 0.6901 -0.2178
vn -0.5773 0.5774 -0.5773
vn 0.2566 -0.9318 0.2566
vn 0.6901 -0.6901 0.2178
vn 0.9318 -0.2566 0.2566
vn 0.6901 -0.2178 0.6901
vn 0.2566 -0.2566 0.9318
vn 0.2178 -0.6901 0.6901
vn 0.5773 -0.5774 0.5773
vn 0.2566 0.9318 0.2566
vn 0.2178 0.6901 0.6901
vn 0.2566 0.2566 0.9318
vn 0.6901 0.2178 0.6901
vn 0.9318 0.2566 0.2566
vn 0.6901 0.6901 0.2178
vn 0.5773 0.5774 0.5773
vn 0.2566 -0.9318 -0.2566
vn 0.2178 -0.6901 -0.6901
vn 0.2566 -0.2566 -0.9318
vn 0.6901 -0.2178 -0.6901
vn 0.9318 -0.2566 -0.2566
vn 0.6901 -0.6901 -0.2178
vn 0.5773 -0.5774 -0.5773
vn 0.2566 0.9318 -0.2566
vn 0.6901 0.6901 -0.2178
vn 0.9318 0.2566 -0.2566
vn 0.6901 0.2178 -0.6901
vn 0.2566 0.2566 -0.9318
vn 0.2178 0.6901 -0.6901
vn 0.5773 0.5774 -0.5773
vn -0.2585 -0.9660 -0.0000
vn -0.7071 -0.7071 -0.0000
vn -0.9660 -0.2585 -0.0000
vn -0.2585 -0.0000 0.9660
vn -0.7071 -0.0000 0.7071
vn -0.9660 -0.0000 0.2585
vn -0.2585 0.9660 -0.0000
vn -0.7071 0.7071 -0.0000
vn -0.9660 0.2585 -0.0000
vn -0.2585 -0.0000 -0.9660
vn -0.7071 -0.0000 -0.7071
vn -0.9660 -0.0000 -0.2585
vn -0.0000 -0.9660 -0.2585
vn -0.0000 -0.7071 -0.7071
vn -0.0000 -0.2585 -0.9660
vn -0.0000 0.9660 -0.2585
vn -0.0000 0.7071 -0.7071
vn -0.0000 0.2585 -0.9660
vn 0.9660 -0.0000 -0.2585
vn 0.7071 -0.0000 -0.7071
vn 0.2585 -0.0000 -0.9660
vn 0.2585 -0.9660 -0.0000
vn 0.7071 -0.7071 -0.0000
vn 0.9660 -0.2585 -0.0000
vn 0.2585 0.9660 -0.0000
vn 0.7071 0.7071 -0.0000
vn 0.9660 0.2585 -0.0000
vn 0.2585 -0.0000 0.9660
vn 0.7071 -0.0000 0.7071
vn 0.9660 -0.0000 0.2585
vn -0.0000 -0.9660 0.2585
vn -0.0000 -0.7071 0.7071
vn -0.0000 -0.2585 0.9660
vn -0.0000 0.9660 0.2585
vn -0.0000 0.7071 0.7071
vn -0.0000 0.2585 0.9660
vn -0.0000 -1.0000 -0.0000
vn -1.0000 -0.0000 -0.0000
vn -0.0000 -0.0000 1.0000
vn -0.0000 1.0000 -0.0000
vn -0.0000 -0.0000 -1.0000
vn 1.0000 -0.0000 -0.0000
vt 0.175000 0.742593
vt 0.175000 0.746291
vt 0.151089 0.746135
vt 0.150033 0.742593
vt 0.175000 0.750000
vt 0.151089 0.750000
vt 0.432143 0.950000
vt 0.432143 1.000000
vt 0.375000 0.973911
vt 0.375000 0.950000
vt 0.432143 0.000000
vt 0.432143 0.003709
vt 0.375000 0.003865
vt 0.375000 0.000000
vt 0.432143 0.007407
vt 0.375000 0.007407
vt 0.125000 0.742593
vt 0.125000 0.746135
vt 0.567857 0.950000
vt 0.596391 0.950000
vt 0.595184 1.000000
vt 0.567857 1.000000
vt 0.625000 0.950000
vt 0.625000 1.000000
vt 0.825000 0.742593
vt 0.875000 0.742593
vt 0.875000 0.746135
vt 0.825000 0.750000
vt 0.625000 0.007407
vt 0.596391 0.007407
vt 0.595183 0.003865
vt 0.625000 0.003865
vt 0.567857 0.007407
vt 0.567857 0.003709
vt 0.567857 0.000000
vt 0.595183 0.000000
vt 0.175000 0.507407
vt 0.150033 0.507407
vt 0.151089 0.503865
vt 0.175000 0.503709
vt 0.125000 0.507407
vt 0.125000 0.503865
vt 0.432143 0.242593
vt 0.432143 0.246291
vt 0.375000 0.246135
vt 0.375000 0.242593
vt 0.432143 0.275033
vt 0.375000 0.276089
vt 0.432143 0.300000
vt 0.375000 0.300000
vt 0.175000 0.500000
vt 0.151089 0.500000
vt 0.825000 0.507407
vt 0.825000 0.500000
vt 0.875000 0.503865
vt 0.875000 0.507407
vt 0.625000 0.300000
vt 0.596391 0.300000
vt 0.595184 0.273920
vt 0.625000 0.247840
vt 0.567857 0.300000
vt 0.567857 0.275033
vt 0.567857 0.246291
vt 0.595183 0.246135
vt 0.567857 0.242593
vt 0.596391 0.242593
vt 0.625000 0.242593
vt 0.325000 0.742593
vt 0.349967 0.742593
vt 0.348911 0.746135
vt 0.325000 0.746291
vt 0.403609 0.742593
vt 0.401491 0.746135
vt 0.432143 0.742593
vt 0.432143 0.746291
vt 0.432143 0.775033
vt 0.365418 0.766507
vt 0.432143 0.800000
vt 0.350230 0.775230
vt 0.675000 0.742593
vt 0.650230 0.774770
vt 0.641507 0.759582
vt 0.650033 0.742593
vt 0.596391 0.800000
vt 0.595184 0.776089
vt 0.567857 0.800000
vt 0.567857 0.775033
vt 0.567857 0.746291
vt 0.595184 0.747453
vt 0.567857 0.742593
vt 0.596391 0.742593
vt 0.325000 0.507407
vt 0.325000 0.503709
vt 0.348911 0.503865
vt 0.349967 0.507407
vt 0.350230 0.474770
vt 0.365418 0.483493
vt 0.432143 0.450000
vt 0.432143 0.474967
vt 0.432143 0.503708
vt 0.401491 0.503865
vt 0.432143 0.507407
vt 0.403609 0.507407
vt 0.675000 0.507407
vt 0.650033 0.507407
vt 0.641507 0.490418
vt 0.650230 0.475230
vt 0.596391 0.507407
vt 0.595183 0.502547
vt 0.567857 0.507407
vt 0.567857 0.503709
vt 0.567857 0.474967
vt 0.595184 0.473911
vt 0.567857 0.450000
vt 0.596391 0.450000
s 0
usemtl OiledOak
f 417/559/409 420/560/409 422/561/409 421/562/409
f 420/560/410 424/563/410 425/564/410 422/561/410
f 418/565/411 423/566/411 425/567/411 424/568/411
f 423/569/412 427/570/412 428/571/412 425/572/412
f 419/573/413 426/574/413 428/571/413 427/570/413
f 426/575/414 421/562/414 422/561/414 428/576/414
f 422/561/415 425/564/415 428/576/415
f 429/577/416 432/578/416 434/579/416 433/580/416
f 432/578/417 436/581/417 437/582/417 434/579/417
f 430/583/418 435/584/418 437/585/418 436/586/418
f 435/587/419 439/588/419 440/589/419 437/590/419
f 431/591/420 438/592/420 440/589/420 439/588/420
f 438/592/421 433/593/421 434/594/421 440/589/421
f 434/594/422 437/590/422 440/589/422
f 441/595/423 444/596/423 446/597/423 445/598/423
f 444/596/424 448/599/424 449/600/424 446/597/424
f 442/601/425 447/602/425 449/603/425 448/604/425
f 447/602/426 451/605/426 452/606/426 449/603/426
f 443/607/427 450/608/427 452/606/427 451/605/427
f 450/609/428 445/598/428 446/597/428 452/610/428
f 446/597/429 449/600/429 452/610/429
f 453/611/430 456/612/430 458/613/430 457/614/430
f 456/615/431 460/616/431 461/617/431 458/618/431
f 454/619/432 459/620/432 461/617/432 460/616/432
f 459/620/433 463/621/433 464/622/433 461/617/433
f 455/623/434 462/624/434 464/622/434 463/621/434
f 462/624/435 457/625/435 458/618/435 464/622/435
f 458/618/436 461/617/436 464/622/436
f 465/626/437 468/627/437 470/628/437 469/629/437
f 468/627/438 472/630/438 473/631/438 470/628/438
f 466/632/439 471/633/439 473/631/439 472/630/439
f 471/633/440 475/634/440 476/635/440 473/631/440
f 467/636/441 474/637/441 476/635/441 475/634/441
f 474/637/442 469/629/442 470/628/442 476/635/442
f 470/628/443 473/631/443 476/635/443
f 477/638/444 480/639/444 482/640/444 481/641/444
f 480/639/445 484/642/445 485/643/445 482/640/445
f 478/644/446 483/645/446 485/643/446 484/642/446
f 483/645/447 487/646/447 488/647/447 485/643/447
f 479/648/448 486/649/448 488/647/448 487/646/448
f 486/649/449 481/641/449 482/640/449 488/647/449
f 482/640/450 485/643/450 488/647/450
f 489/650/451 492/651/451 494/652/451 493/653/451
f 492/651/452 496/654/452 497/655/452 494/652/452
f 490/656/453 495/657/453 497/655/453 496/654/453
f 495/657/454 499/658/454 500/659/454 497/655/454
f 491/660/455 498/661/455 500/659/455 499/658/455
f 498/661/456 493/653/456 494/652/456 500/659/456
f 494/652/457 497/655/457 500/659/457
f 501/662/458 504/663/458 506/664/458 505/665/458
f 504/663/459 508/666/459 509/667/459 506/664/459
f 502/668/460 507/669/460 509/667/460 508/666/460
f 507/669/461 511/670/461 512/671/461 509/667/461
f 503/672/462 510/673/462 512/671/462 511/670/462
f 510/673/463 505/665/463 506/664/463 512/671/463
f 506/664/464 509/667/464 512/671/464
f 441/595/465 417/559/465 421/562/465 444/596/465
f 444/596/466 421/562/466 426/575/466 448/599/466
f 448/604/467 426/574/467 419/573/467 442/601/467
f 418/565/468 429/577/468 433/580/468 423/566/468
f 423/569/469 433/593/469 438/592/469 427/570/469
f 427/570/470 438/592/470 431/591/470 419/573/470
f 430/583/471 453/611/471 457/614/471 435/584/471
f 435/587/472 457/625/472 462/624/472 439/588/472
f 439/588/473 462/624/473 455/623/473 431/591/473
f 454/619/474 443/607/474 451/605/474 459/620/474
f 459/620/475 451/605/475 447/602/475 463/621/475
f 463/621/476 447/602/476 442/601/476 455/623/476
f 489/650/477 441/595/477 445/598/477 492/651/477
f 492/651/478 445/598/478 450/609/478 496/654/478
f 496/654/479 450/608/479 443/607/479 490/656/479
f 453/611/480 501/662/480 505/665/480 456/612/480
f 456/615/481 505/665/481 510/673/481 460/616/481
f 460/616/482 510/673/482 503/672/482 454/619/482
f 502/668/483 491/660/483 499/658/483 507/669/483
f 507/669/484 499/658/484 495/657/484 511/670/484
f 511/670/485 495/657/485 490/656/485 503/672/485
f 465/626/486 489/650/486 493/653/486 468/627/486
f 468/627/487 493/653/487 498/661/487 472/630/487
f 472/630/488 498/661/488 491/660/488 466/632/488
f 501/662/489 477/638/489 481/641/489 504/663/489
f 504/663/490 481/641/490 486/649/490 508/666/490
f 508/666/491 486/649/491 479/648/491 502/668/491
f 478/644/492 467/636/492 475/634/492 483/645/492
f 483/645/493 475/634/493 471/633/493 487/646/493
f 487/646/494 471/633/494 466/632/494 479/648/494
f 417/559/495 465/626/495 469/629/495 420/560/495
f 420/560/496 469/629/496 474/637/496 424/563/496
f 424/568/497 474/637/497 467/636/497 418/565/497
f 477/638/498 430/583/498 436/586/498 480/639/498
f 480/639/499 436/581/499 432/578/499 484/642/499
f 484/642/500 432/578/500 429/577/500 478/644/500
f 441/595/501 489/650/501 465/626/501 417/559/501
f 419/573/502 431/591/502 455/623/502 442/601/502
f 467/636/503 478/644/503 429/577/503 418/565/503
f 501/662/504 453/611/504 430/583/504 477/638/504
f 443/607/505 454/619/505 503/672/505 490/656/505
f 491/660/506 502/668/506 479/648/506 466/632/506
o royal_iron_guide
v -0.379500 0.922500 0.757000
v -0.379500 0.940500 0.775000
v -0.397500 0.940500 0.757000
v -0.379500 0.924905 0.765988
v -0.388488 0.924905 0.757000
v -0.388108 0.927241 0.765608
v -0.388488 0.940500 0.772595
v -0.379500 0.931512 0.772595
v -0.388108 0.931892 0.770259
v -0.395095 0.931512 0.757000
v -0.395095 0.940500 0.765988
v -0.392759 0.931892 0.765608
v -0.379500 0.979500 0.775000
v -0.379500 0.997500 0.757000
v -0.397500 0.979500 0.757000
v -0.379500 0.988488 0.772595
v -0.388488 0.979500 0.772595
v -0.388108 0.988108 0.770259
v -0.388488 0.995095 0.757000
v -0.379500 0.995095 0.765988
v -0.388108 0.992759 0.765608
v -0.395095 0.979500 0.765988
v -0.395095 0.988488 0.757000
v -0.392759 0.988108 0.765608
v -0.379500 0.922500 0.143000
v -0.397500 0.940500 0.143000
v -0.379500 0.940500 0.125000
v -0.388488 0.924905 0.143000
v -0.379500 0.924905 0.134012
v -0.388108 0.927241 0.134392
v -0.395095 0.940500 0.134012
v -0.395095 0.931512 0.143000
v -0.392759 0.931892 0.134392
v -0.379500 0.931512 0.127405
v -0.388488 0.940500 0.127405
v -0.388108 0.931892 0.129741
v -0.379500 0.997500 0.143000
v -0.379500 0.979500 0.125000
v -0.397500 0.979500 0.143000
v -0.379500 0.995095 0.134012
v -0.388488 0.995095 0.143000
v -0.388108 0.992759 0.134392
v -0.388488 0.979500 0.127405
v -0.379500 0.988488 0.127405
v -0.388108 0.988108 0.129741
v -0.395095 0.988488 0.143000
v -0.395095 0.979500 0.134012
v -0.392759 0.988108 0.134392
v -0.340500 0.922500 0.757000
v -0.322500 0.940500 0.757000
v -0.340500 0.940500 0.775000
v -0.331512 0.924905 0.757000
v -0.340500 0.924905 0.765988
v -0.331892 0.927241 0.765608
v -0.324905 0.940500 0.765988
v -0.324905 0.931512 0.757000
v -0.327241 0.931892 0.765608
v -0.340500 0.931512 0.772595
v -0.331512 0.940500 0.772595
v -0.331892 0.931892 0.770259
v -0.340500 0.997500 0.757000
v -0.340500 0.979500 0.775000
v -0.322500 0.979500 0.757000
v -0.340500 0.995095 0.765988
v -0.331512 0.995095 0.757000
v -0.331892 0.992759 0.765608
v -0.331512 0.979500 0.772595
v -0.340500 0.988488 0.772595
v -0.331892 0.988108 0.770259
v -0.324905 0.988488 0.757000
v -0.324905 0.979500 0.765988
v -0.327241 0.988108 0.765608
v -0.340500 0.922500 0.143000
v -0.340500 0.940500 0.125000
v -0.322500 0.940500 0.143000
v -0.340500 0.924905 0.134012
v -0.331512 0.924905 0.143000
v -0.331892 0.927241 0.134392
v -0.331512 0.940500 0.127405
v -0.340500 0.931512 0.127405
v -0.331892 0.931892 0.129741
v -0.324905 0.931512 0.143000
v -0.324905 0.940500 0.134012
v -0.327241 0.931892 0.134392
v -0.340500 0.997500 0.143000
v -0.322500 0.979500 0.143000
v -0.340500 0.979500 0.125000
v -0.331512 0.995095 0.143000
v -0.340500 0.995095 0.134012
v -0.331892 0.992759 0.134392
v -0.324905 0.979500 0.134012
v -0.324905 0.988488 0.143000
v -0.327241 0.988108 0.134392
v -0.340500 0.988488 0.127405
v -0.331512 0.979500 0.127405
v -0.331892 0.988108 0.129741
vn -0.2566 -0.9318 0.2566
vn -0.2178 -0.6901 0.6901
vn -0.2566 -0.2566 0.9318
vn -0.6901 -0.2178 0.6901
vn -0.9318 -0.2566 0.2566
vn -0.6901 -0.6901 0.2178
vn -0.5774 -0.5773 0.5774
vn -0.2566 0.2566 0.9318
vn -0.2178 0.6901 0.6901
vn -0.2566 0.9318 0.2566
vn -0.6901 0.6901 0.2178
vn -0.9318 0.2566 0.2566
vn -0.6901 0.2178 0.6901
vn -0.5774 0.5773 0.5774
vn -0.2566 -0.9318 -0.2566
vn -0.6901 -0.6901 -0.2178
vn -0.9318 -0.2566 -0.2566
vn -0.6901 -0.2178 -0.6901
vn -0.2566 -0.2566 -0.9318
vn -0.2178 -0.6901 -0.6901
vn -0.5774 -0.5773 -0.5774
vn -0.2566 0.9318 -0.2566
vn -0.2178 0.6901 -0.6901
vn -0.2566 0.2566 -0.9318
vn -0.6901 0.2178 -0.6901
vn -0.9318 0.2566 -0.2566
vn -0.6901 0.6901 -0.2178
vn -0.5774 0.5773 -0.5774
vn 0.2566 -0.9318 0.2566
vn 0.6901 -0.6901 0.2178
vn 0.9318 -0.2566 0.2566
vn 0.6901 -0.2178 0.6901
vn 0.2566 -0.2566 0.9318
vn 0.2178 -0.6901 0.6901
vn 0.5774 -0.5773 0.5774
vn 0.2566 0.9318 0.2566
vn 0.2178 0.6901 0.6901
vn 0.2566 0.2566 0.9318
vn 0.6901 0.2178 0.6901
vn 0.9318 0.2566 0.2566
vn 0.6901 0.6901 0.2178
vn 0.5774 0.5773 0.5774
vn 0.2566 -0.9318 -0.2566
vn 0.2178 -0.6901 -0.6901
vn 0.2566 -0.2566 -0.9318
vn 0.6901 -0.2178 -0.6901
vn 0.9318 -0.2566 -0.2566
vn 0.6901 -0.6901 -0.2178
vn 0.5774 -0.5773 -0.5774
vn 0.2566 0.9318 -0.2566
vn 0.6901 0.6901 -0.2178
vn 0.9318 0.2566 -0.2566
vn 0.6901 0.2178 -0.6901
vn 0.2566 0.2566 -0.9318
vn 0.2178 0.6901 -0.6901
vn 0.5774 0.5773 -0.5774
vn -0.2585 -0.9660 -0.0000
vn -0.7071 -0.7071 -0.0000
vn -0.9660 -0.2585 -0.0000
vn -0.2585 -0.0000 0.9660
vn -0.7071 -0.0000 0.7071
vn -0.9660 -0.0000 0.2585
vn -0.2585 0.9660 -0.0000
vn -0.7071 0.7071 -0.0000
vn -0.9660 0.2585 -0.0000
vn -0.2585 -0.0000 -0.9660
vn -0.7071 -0.0000 -0.7071
vn -0.9660 -0.0000 -0.2585
vn -0.0000 -0.9660 -0.2585
vn -0.0000 -0.7071 -0.7071
vn -0.0000 -0.2585 -0.9660
vn -0.0000 0.9660 -0.2585
vn -0.0000 0.7071 -0.7071
vn -0.0000 0.2585 -0.9660
vn 0.9660 -0.0000 -0.2585
vn 0.7071 -0.0000 -0.7071
vn 0.2585 -0.0000 -0.9660
vn 0.2585 -0.9660 -0.0000
vn 0.7071 -0.7071 -0.0000
vn 0.9660 -0.2585 -0.0000
vn 0.2585 0.9660 -0.0000
vn 0.7071 0.7071 -0.0000
vn 0.9660 0.2585 -0.0000
vn 0.2585 -0.0000 0.9660
vn 0.7071 -0.0000 0.7071
vn 0.9660 -0.0000 0.2585
vn -0.0000 -0.9660 0.2585
vn -0.0000 -0.7071 0.7071
vn -0.0000 -0.2585 0.9660
vn -0.0000 0.9660 0.2585
vn -0.0000 0.7071 0.7071
vn -0.0000 0.2585 0.9660
vn -0.0000 -1.0000 -0.0000
vn -1.0000 -0.0000 -0.0000
vn -0.0000 -0.0000 1.0000
vn -0.0000 1.0000 -0.0000
vn -0.0000 -0.0000 -1.0000
vn 1.0000 -0.0000 -0.0000
vt 0.185000 0.743077
vt 0.185000 0.746534
vt 0.156307 0.746388
vt 0.155039 0.743077
vt 0.185000 0.750000
vt 0.156307 0.750000
vt 0.435000 0.940000
vt 0.435000 1.000000
vt 0.375000 0.968693
vt 0.375000 0.940000
vt 0.435000 0.000000
vt 0.435000 0.003466
vt 0.375000 0.003612
vt 0.375000 0.000000
vt 0.435000 0.006923
vt 0.375000 0.006923
vt 0.125000 0.743077
vt 0.125000 0.746388
vt 0.565000 0.940000
vt 0.594961 0.940000
vt 0.593693 1.000000
vt 0.565000 1.000000
vt 0.625000 0.940000
vt 0.625000 1.000000
vt 0.815000 0.743077
vt 0.875000 0.743077
vt 0.875000 0.746388
vt 0.815000 0.750000
vt 0.625000 0.006923
vt 0.594961 0.006923
vt 0.593693 0.003612
vt 0.625000 0.003612
vt 0.565000 0.006923
vt 0.565000 0.003466
vt 0.565000 0.000000
vt 0.593693 0.000000
vt 0.185000 0.506923
vt 0.155039 0.506923
vt 0.156307 0.503612
vt 0.185000 0.503466
vt 0.125000 0.506923
vt 0.125000 0.503612
vt 0.435000 0.243077
vt 0.435000 0.246534
vt 0.375000 0.246388
vt 0.375000 0.243077
vt 0.435000 0.280039
vt 0.375000 0.281307
vt 0.435000 0.310000
vt 0.375000 0.310000
vt 0.185000 0.500000
vt 0.156307 0.500000
vt 0.815000 0.506923
vt 0.815000 0.500000
vt 0.875000 0.503612
vt 0.875000 0.506923
vt 0.625000 0.310000
vt 0.594961 0.310000
vt 0.593693 0.278744
vt 0.625000 0.247981
vt 0.565000 0.310000
vt 0.565000 0.280039
vt 0.565000 0.246534
vt 0.593693 0.246388
vt 0.565000 0.243077
vt 0.594961 0.243077
vt 0.625000 0.243077
vt 0.315000 0.743077
vt 0.344961 0.743077
vt 0.343693 0.746388
vt 0.315000 0.746534
vt 0.405039 0.743077
vt 0.402662 0.746388
vt 0.435000 0.743077
vt 0.435000 0.746534
vt 0.435000 0.780039
vt 0.363502 0.769809
vt 0.435000 0.810000
vt 0.345384 0.780384
vt 0.685000 0.743077
vt 0.655384 0.779616
vt 0.644809 0.761498
vt 0.655039 0.743077
vt 0.594961 0.810000
vt 0.593693 0.781307
vt 0.565000 0.810000
vt 0.565000 0.780039
vt 0.565000 0.746534
vt 0.593693 0.747890
vt 0.565000 0.743077
vt 0.594961 0.743077
vt 0.315000 0.506923
vt 0.315000 0.503466
vt 0.343693 0.503612
vt 0.344961 0.506923
vt 0.345384 0.469616
vt 0.363502 0.480191
vt 0.435000 0.440000
vt 0.435000 0.469961
vt 0.435000 0.503466
vt 0.402662 0.503612
vt 0.435000 0.506923
vt 0.405039 0.506923
vt 0.685000 0.506923
vt 0.655039 0.506923
vt 0.644809 0.488502
vt 0.655384 0.470384
vt 0.594961 0.506923
vt 0.593693 0.502110
vt 0.565000 0.506923
vt 0.565000 0.503466
vt 0.565000 0.469961
vt 0.593693 0.468693
vt 0.565000 0.440000
vt 0.594961 0.440000
s 0
usemtl BlackIron
f 513/674/507 516/675/507 518/676/507 517/677/507
f 516/675/508 520/678/508 521/679/508 518/676/508
f 514/680/509 519/681/509 521/682/509 520/683/509
f 519/684/510 523/685/510 524/686/510 521/687/510
f 515/688/511 522/689/511 524/686/511 523/685/511
f 522/690/512 517/677/512 518/676/512 524/691/512
f 518/676/513 521/679/513 524/691/513
f 525/692/514 528/693/514 530/694/514 529/695/514
f 528/693/515 532/696/515 533/697/515 530/694/515
f 526/698/516 531/699/516 533/700/516 532/701/516
f 531/702/517 535/703/517 536/704/517 533/705/517
f 527/706/518 534/707/518 536/704/518 535/703/518
f 534/707/519 529/708/519 530/709/519 536/704/519
f 530/709/520 533/705/520 536/704/520
f 537/710/521 540/711/521 542/712/521 541/713/521
f 540/711/522 544/714/522 545/715/522 542/712/522
f 538/716/523 543/717/523 545/718/523 544/719/523
f 543/717/524 547/720/524 548/721/524 545/718/524
f 539/722/525 546/723/525 548/721/525 547/720/525
f 546/724/526 541/713/526 542/712/526 548/725/526
f 542/712/527 545/715/527 548/725/527
f 549/726/528 552/727/528 554/728/528 553/729/528
f 552/730/529 556/731/529 557/732/529 554/733/529
f 550/734/530 555/735/530 557/732/530 556/731/530
f 555/735/531 559/736/531 560/737/531 557/732/531
f 551/738/532 558/739/532 560/737/532 559/736/532
f 558/739/533 553/740/533 554/733/533 560/737/533
f 554/733/534 557/732/534 560/737/534
f 561/741/535 564/742/535 566/743/535 565/744/535
f 564/742/536 568/745/536 569/746/536 566/743/536
f 562/747/537 567/748/537 569/746/537 568/745/537
f 567/748/538 571/749/538 572/750/538 569/746/538
f 563/751/539 570/752/539 572/750/539 571/749/539
f 570/752/540 565/744/540 566/743/540 572/750/540
f 566/743/541 569/746/541 572/750/541
f 573/753/542 576/754/542 578/755/542 577/756/542
f 576/754/543 580/757/543 581/758/543 578/755/543
f 574/759/544 579/760/544 581/758/544 580/757/544
f 579/760/545 583/761/545 584/762/545 581/758/545
f 575/763/546 582/764/546 584/762/546 583/761/546
f 582/764/547 577/756/547 578/755/547 584/762/547
f 578/755/548 581/758/548 584/762/548
f 585/765/549 588/766/549 590/767/549 589/768/549
f 588/766/550 592/769/550 593/770/550 590/767/550
f 586/771/551 591/772/551 593/770/551 592/769/551
f 591/772/552 595/773/552 596/774/552 593/770/552
f 587/775/553 594/776/553 596/774/553 595/773/553
f 594/776/554 589/768/554 590/767/554 596/774/554
f 590/767/555 593/770/555 596/774/555
f 597/777/556 600/778/556 602/779/556 601/780/556
f 600/778/557 604/781/557 605/782/557 602/779/557
f 598/783/558 603/784/558 605/782/558 604/781/558
f 603/784/559 607/785/559 608/786/559 605/782/559
f 599/787/560 606/788/560 608/786/560 607/785/560
f 606/788/561 601/780/561 602/779/561 608/786/561
f 602/779/562 605/782/562 608/786/562
f 537/710/563 513/674/563 517/677/563 540/711/563
f 540/711/564 517/677/564 522/690/564 544/714/564
f 544/719/565 522/689/565 515/688/565 538/716/565
f 514/680/566 525/692/566 529/695/566 519/681/566
f 519/684/567 529/708/567 534/707/567 523/685/567
f 523/685/568 534/707/568 527/706/568 515/688/568
f 526/698/569 549/726/569 553/729/569 531/699/569
f 531/702/570 553/740/570 558/739/570 535/703/570
f 535/703/571 558/739/571 551/738/571 527/706/571
f 550/734/572 539/722/572 547/720/572 555/735/572
f 555/735/573 547/720/573 543/717/573 559/736/573
f 559/736/574 543/717/574 538/716/574 551/738/574
f 585/765/575 537/710/575 541/713/575 588/766/575
f 588/766/576 541/713/576 546/724/576 592/769/576
f 592/769/577 546/723/577 539/722/577 586/771/577
f 549/726/578 597/777/578 601/780/578 552/727/578
f 552/730/579 601/780/579 606/788/579 556/731/579
f 556/731/580 606/788/580 599/787/580 550/734/580
f 598/783/581 587/775/581 595/773/581 603/784/581
f 603/784/582 595/773/582 591/772/582 607/785/582
f 607/785/583 591/772/583 586/771/583 599/787/583
f 561/741/584 585/765/584 589/768/584 564/742/584
f 564/742/585 589/768/585 594/776/585 568/745/585
f 568/745/586 594/776/586 587/775/586 562/747/586
f 597/777/587 573/753/587 577/756/587 600/778/587
f 600/778/588 577/756/588 582/764/588 604/781/588
f 604/781/589 582/764/589 575/763/589 598/783/589
f 574/759/590 563/751/590 571/749/590 579/760/590
f 579/760/591 571/749/591 567/748/591 583/761/591
f 583/761/592 567/748/592 562/747/592 575/763/592
f 513/674/593 561/741/593 565/744/593 516/675/593
f 516/675/594 565/744/594 570/752/594 520/678/594
f 520/683/595 570/752/595 563/751/595 514/680/595
f 573/753/596 526/698/596 532/701/596 576/754/596
f 576/754/597 532/696/597 528/693/597 580/757/597
f 580/757/598 528/693/598 525/692/598 574/759/598
f 537/710/599 585/765/599 561/741/599 513/674/599
f 515/688/600 527/706/600 551/738/600 538/716/600
f 563/751/601 574/759/601 525/692/601 514/680/601
f 597/777/602 549/726/602 526/698/602 573/753/602
f 539/722/603 550/734/603 599/787/603 586/771/603
f 587/775/604 598/783/604 575/763/604 562/747/604
o royal_bow_limb
v -0.542000 0.870000 0.602000
v -0.542000 0.898000 0.630000
v -0.570000 0.898000 0.602000
v -0.542000 0.873741 0.615982
v -0.555982 0.873741 0.602000
v -0.555390 0.877374 0.615390
v -0.555982 0.898000 0.626259
v -0.542000 0.884018 0.626259
v -0.555390 0.884610 0.622626
v -0.566259 0.884018 0.602000
v -0.566259 0.898000 0.615982
v -0.562626 0.884610 0.615390
v -0.542000 0.962000 0.630000
v -0.542000 0.990000 0.602000
v -0.570000 0.962000 0.602000
v -0.542000 0.975982 0.626259
v -0.555982 0.962000 0.626259
v -0.555390 0.975390 0.622626
v -0.555982 0.986259 0.602000
v -0.542000 0.986259 0.615982
v -0.555390 0.982626 0.615390
v -0.566259 0.962000 0.615982
v -0.566259 0.975982 0.602000
v -0.562626 0.975390 0.615390
v -0.542000 0.870000 0.538000
v -0.570000 0.898000 0.538000
v -0.542000 0.898000 0.510000
v -0.555982 0.873741 0.538000
v -0.542000 0.873741 0.524018
v -0.555390 0.877374 0.524610
v -0.566259 0.898000 0.524018
v -0.566259 0.884018 0.538000
v -0.562626 0.884610 0.524610
v -0.542000 0.884018 0.513741
v -0.555982 0.898000 0.513741
v -0.555390 0.884610 0.517374
v -0.542000 0.990000 0.538000
v -0.542000 0.962000 0.510000
v -0.570000 0.962000 0.538000
v -0.542000 0.986259 0.524018
v -0.555982 0.986259 0.538000
v -0.555390 0.982626 0.524610
v -0.555982 0.962000 0.513741
v -0.542000 0.975982 0.513741
v -0.555390 0.975390 0.517374
v -0.566259 0.975982 0.538000
v -0.566259 0.962000 0.524018
v -0.562626 0.975390 0.524610
v -0.178000 0.870000 0.602000
v -0.150000 0.898000 0.602000
v -0.178000 0.898000 0.630000
v -0.164018 0.873741 0.602000
v -0.178000 0.873741 0.615982
v -0.164610 0.877374 0.615390
v -0.153741 0.898000 0.615982
v -0.153741 0.884018 0.602000
v -0.157374 0.884610 0.615390
v -0.178000 0.884018 0.626259
v -0.164018 0.898000 0.626259
v -0.164610 0.884610 0.622626
v -0.178000 0.990000 0.602000
v -0.178000 0.962000 0.630000
v -0.150000 0.962000 0.602000
v -0.178000 0.986259 0.615982
v -0.164018 0.986259 0.602000
v -0.164610 0.982626 0.615390
v -0.164018 0.962000 0.626259
v -0.178000 0.975982 0.626259
v -0.164610 0.975390 0.622626
v -0.153741 0.975982 0.602000
v -0.153741 0.962000 0.615982
v -0.157374 0.975390 0.615390
v -0.178000 0.870000 0.538000
v -0.178000 0.898000 0.510000
v -0.150000 0.898000 0.538000
v -0.178000 0.873741 0.524018
v -0.164018 0.873741 0.538000
v -0.164610 0.877374 0.524610
v -0.164018 0.898000 0.513741
v -0.178000 0.884018 0.513741
v -0.164610 0.884610 0.517374
v -0.153741 0.884018 0.538000
v -0.153741 0.898000 0.524018
v -0.157374 0.884610 0.524610
v -0.178000 0.990000 0.538000
v -0.150000 0.962000 0.538000
v -0.178000 0.962000 0.510000
v -0.164018 0.986259 0.538000
v -0.178000 0.986259 0.524018
v -0.164610 0.982626 0.524610
v -0.153741 0.962000 0.524018
v -0.153741 0.975982 0.538000
v -0.157374 0.975390 0.524610
v -0.178000 0.975982 0.513741
v -0.164018 0.962000 0.513741
v -0.164610 0.975390 0.517374
vn -0.2566 -0.9318 0.2566
vn -0.2178 -0.6901 0.6901
vn -0.2566 -0.2566 0.9318
vn -0.6901 -0.2178 0.6901
vn -0.9318 -0.2566 0.2566
vn -0.6901 -0.6901 0.2178
vn -0.5774 -0.5774 0.5774
vn -0.2566 0.2566 0.9318
vn -0.2178 0.6901 0.6901
vn -0.2566 0.9318 0.2566
vn -0.6901 0.6901 0.2178
vn -0.9318 0.2566 0.2566
vn -0.6901 0.2178 0.6901
vn -0.5774 0.5774 0.5774
vn -0.2566 -0.9318 -0.2566
vn -0.6901 -0.6901 -0.2178
vn -0.9318 -0.2566 -0.2566
vn -0.6901 -0.2178 -0.6901
vn -0.2566 -0.2566 -0.9318
vn -0.2178 -0.6901 -0.6901
vn -0.5774 -0.5774 -0.5774
vn -0.2566 0.9318 -0.2566
vn -0.2178 0.6901 -0.6901
vn -0.2566 0.2566 -0.9318
vn -0.6901 0.2178 -0.6901
vn -0.9318 0.2566 -0.2566
vn -0.6901 0.6901 -0.2178
vn -0.5774 0.5774 -0.5774
vn 0.2566 -0.9318 0.2566
vn 0.6901 -0.6901 0.2178
vn 0.9318 -0.2566 0.2566
vn 0.6901 -0.2178 0.6901
vn 0.2566 -0.2566 0.9318
vn 0.2178 -0.6901 0.6901
vn 0.5774 -0.5774 0.5774
vn 0.2566 0.9318 0.2566
vn 0.2178 0.6901 0.6901
vn 0.2566 0.2566 0.9318
vn 0.6901 0.2178 0.6901
vn 0.9318 0.2566 0.2566
vn 0.6901 0.6901 0.2178
vn 0.5774 0.5774 0.5774
vn 0.2566 -0.9318 -0.2566
vn 0.2178 -0.6901 -0.6901
vn 0.2566 -0.2566 -0.9318
vn 0.6901 -0.2178 -0.6901
vn 0.9318 -0.2566 -0.2566
vn 0.6901 -0.6901 -0.2178
vn 0.5774 -0.5774 -0.5774
vn 0.2566 0.9318 -0.2566
vn 0.6901 0.6901 -0.2178
vn 0.9318 0.2566 -0.2566
vn 0.6901 0.2178 -0.6901
vn 0.2566 0.2566 -0.9318
vn 0.2178 0.6901 -0.6901
vn 0.5774 0.5774 -0.5774
vn -0.2585 -0.9660 -0.0000
vn -0.7071 -0.7071 -0.0000
vn -0.9660 -0.2585 -0.0000
vn -0.2585 -0.0000 0.9660
vn -0.7071 -0.0000 0.7071
vn -0.9660 -0.0000 0.2585
vn -0.2585 0.9660 -0.0000
vn -0.7071 0.7071 -0.0000
vn -0.9660 0.2585 -0.0000
vn -0.2585 -0.0000 -0.9660
vn -0.7071 -0.0000 -0.7071
vn -0.9660 -0.0000 -0.2585
vn -0.0000 -0.9660 -0.2585
vn -0.0000 -0.7071 -0.7071
vn -0.0000 -0.2585 -0.9660
vn -0.0000 0.9660 -0.2585
vn -0.0000 0.7071 -0.7071
vn -0.0000 0.2585 -0.9660
vn 0.9660 -0.0000 -0.2585
vn 0.7071 -0.0000 -0.7071
vn 0.2585 -0.0000 -0.9660
vn 0.2585 -0.9660 -0.0000
vn 0.7071 -0.7071 -0.0000
vn 0.9660 -0.2585 -0.0000
vn 0.2585 0.9660 -0.0000
vn 0.7071 0.7071 -0.0000
vn 0.9660 0.2585 -0.0000
vn 0.2585 -0.0000 0.9660
vn 0.7071 -0.0000 0.7071
vn 0.9660 -0.0000 0.2585
vn -0.0000 -0.9660 0.2585
vn -0.0000 -0.7071 0.7071
vn -0.0000 -0.2585 0.9660
vn -0.0000 0.9660 0.2585
vn -0.0000 0.7071 0.7071
vn -0.0000 0.2585 0.9660
vn -0.0000 -1.0000 -0.0000
vn -1.0000 -0.0000 -0.0000
vn -0.0000 -0.0000 1.0000
vn -0.0000 1.0000 -0.0000
vn -0.0000 -0.0000 -1.0000
vn 1.0000 -0.0000 -0.0000
vt 0.141667 0.691667
vt 0.141667 0.720795
vt 0.133696 0.719562
vt 0.133344 0.691667
vt 0.141667 0.750000
vt 0.133696 0.750000
vt 0.433333 0.983333
vt 0.433333 1.000000
vt 0.375000 0.991304
vt 0.375000 0.983333
vt 0.433333 0.000000
vt 0.433333 0.029205
vt 0.375000 0.030438
vt 0.375000 0.000000
vt 0.433333 0.058333
vt 0.375000 0.058333
vt 0.125000 0.691667
vt 0.125000 0.719562
vt 0.566667 0.983333
vt 0.595795 0.983333
vt 0.594562 1.000000
vt 0.566667 1.000000
vt 0.625000 0.983333
vt 0.625000 1.000000
vt 0.858333 0.691667
vt 0.875000 0.691667
vt 0.875000 0.719562
vt 0.858333 0.750000
vt 0.625000 0.058333
vt 0.595795 0.058333
vt 0.594562 0.030438
vt 0.625000 0.030438
vt 0.566667 0.058333
vt 0.566667 0.029205
vt 0.566667 0.000000
vt 0.594562 0.000000
vt 0.141667 0.558333
vt 0.133344 0.558333
vt 0.133696 0.530438
vt 0.141667 0.529205
vt 0.125000 0.558333
vt 0.125000 0.530438
vt 0.433333 0.191667
vt 0.433333 0.220795
vt 0.375000 0.219562
vt 0.375000 0.191667
vt 0.433333 0.258344
vt 0.375000 0.258696
vt 0.433333 0.266667
vt 0.375000 0.266667
vt 0.141667 0.500000
vt 0.133696 0.500000
vt 0.858333 0.558333
vt 0.858333 0.500000
vt 0.875000 0.530438
vt 0.875000 0.558333
vt 0.625000 0.266667
vt 0.595795 0.266667
vt 0.594562 0.256835
vt 0.625000 0.232989
vt 0.566667 0.266667
vt 0.566667 0.258344
vt 0.566667 0.220795
vt 0.594562 0.219562
vt 0.566667 0.191667
vt 0.595795 0.191667
vt 0.625000 0.191667
vt 0.358333 0.691667
vt 0.366656 0.691667
vt 0.366304 0.719562
vt 0.358333 0.720795
vt 0.404205 0.691667
vt 0.402743 0.719562
vt 0.433333 0.691667
vt 0.433333 0.720795
vt 0.433333 0.758344
vt 0.371806 0.755502
vt 0.433333 0.766667
vt 0.366673 0.758340
vt 0.641667 0.691666
vt 0.633340 0.758327
vt 0.630502 0.753194
vt 0.633344 0.691667
vt 0.595795 0.766667
vt 0.594562 0.758696
vt 0.566667 0.766667
vt 0.566667 0.758344
vt 0.566667 0.720795
vt 0.594562 0.722257
vt 0.566667 0.691667
vt 0.595795 0.691667
vt 0.358333 0.558333
vt 0.358333 0.529205
vt 0.366304 0.530438
vt 0.366656 0.558333
vt 0.366673 0.491660
vt 0.371806 0.494498
vt 0.433333 0.483333
vt 0.433333 0.491656
vt 0.433333 0.529205
vt 0.402743 0.530438
vt 0.433333 0.558333
vt 0.404205 0.558333
vt 0.641667 0.558333
vt 0.633344 0.558333
vt 0.630502 0.496806
vt 0.633340 0.491673
vt 0.595795 0.558333
vt 0.594562 0.527743
vt 0.566667 0.558333
vt 0.566667 0.529205
vt 0.566667 0.491656
vt 0.594562 0.491303
vt 0.566667 0.483333
vt 0.595795 0.483333
s 0
usemtl PlateEdge
f 609/789/605 612/790/605 614/791/605 613/792/605
f 612/790/606 616/793/606 617/794/606 614/791/606
f 610/795/607 615/796/607 617/797/607 616/798/607
f 615/799/608 619/800/608 620/801/608 617/802/608
f 611/803/609 618/804/609 620/801/609 619/800/609
f 618/805/610 613/792/610 614/791/610 620/806/610
f 614/791/611 617/794/611 620/806/611
f 621/807/612 624/808/612 626/809/612 625/810/612
f 624/808/613 628/811/613 629/812/613 626/809/613
f 622/813/614 627/814/614 629/815/614 628/816/614
f 627/817/615 631/818/615 632/819/615 629/820/615
f 623/821/616 630/822/616 632/819/616 631/818/616
f 630/822/617 625/823/617 626/824/617 632/819/617
f 626/824/618 629/820/618 632/819/618
f 633/825/619 636/826/619 638/827/619 637/828/619
f 636/826/620 640/829/620 641/830/620 638/827/620
f 634/831/621 639/832/621 641/833/621 640/834/621
f 639/832/622 643/835/622 644/836/622 641/833/622
f 635/837/623 642/838/623 644/836/623 643/835/623
f 642/839/624 637/828/624 638/827/624 644/840/624
f 638/827/625 641/830/625 644/840/625
f 645/841/626 648/842/626 650/843/626 649/844/626
f 648/845/627 652/846/627 653/847/627 650/848/627
f 646/849/628 651/850/628 653/847/628 652/846/628
f 651/850/629 655/851/629 656/852/629 653/847/629
f 647/853/630 654/854/630 656/852/630 655/851/630
f 654/854/631 649/855/631 650/848/631 656/852/631
f 650/848/632 653/847/632 656/852/632
f 657/856/633 660/857/633 662/858/633 661/859/633
f 660/857/634 664/860/634 665/861/634 662/858/634
f 658/862/635 663/863/635 665/861/635 664/860/635
f 663/863/636 667/864/636 668/865/636 665/861/636
f 659/866/637 666/867/637 668/865/637 667/864/637
f 666/867/638 661/859/638 662/858/638 668/865/638
f 662/858/639 665/861/639 668/865/639
f 669/868/640 672/869/640 674/870/640 673/871/640
f 672/869/641 676/872/641 677/873/641 674/870/641
f 670/874/642 675/875/642 677/873/642 676/872/642
f 675/875/643 679/876/643 680/877/643 677/873/643
f 671/878/644 678/879/644 680/877/644 679/876/644
f 678/879/645 673/871/645 674/870/645 680/877/645
f 674/870/646 677/873/646 680/877/646
f 681/880/647 684/881/647 686/882/647 685/883/647
f 684/881/648 688/884/648 689/885/648 686/882/648
f 682/886/649 687/887/649 689/885/649 688/884/649
f 687/887/650 691/888/650 692/889/650 689/885/650
f 683/890/651 690/891/651 692/889/651 691/888/651
f 690/891/652 685/883/652 686/882/652 692/889/652
f 686/882/653 689/885/653 692/889/653
f 693/892/654 696/893/654 698/894/654 697/895/654
f 696/893/655 700/896/655 701/897/655 698/894/655
f 694/898/656 699/899/656 701/897/656 700/896/656
f 699/899/657 703/900/657 704/901/657 701/897/657
f 695/902/658 702/903/658 704/901/658 703/900/658
f 702/903/659 697/895/659 698/894/659 704/901/659
f 698/894/660 701/897/660 704/901/660
f 633/825/661 609/789/661 613/792/661 636/826/661
f 636/826/662 613/792/662 618/805/662 640/829/662
f 640/834/663 618/804/663 611/803/663 634/831/663
f 610/795/664 621/807/664 625/810/664 615/796/664
f 615/799/665 625/823/665 630/822/665 619/800/665
f 619/800/666 630/822/666 623/821/666 611/803/666
f 622/813/667 645/841/667 649/844/667 627/814/667
f 627/817/668 649/855/668 654/854/668 631/818/668
f 631/818/669 654/854/669 647/853/669 623/821/669
f 646/849/670 635/837/670 643/835/670 651/850/670
f 651/850/671 643/835/671 639/832/671 655/851/671
f 655/851/672 639/832/672 634/831/672 647/853/672
f 681/880/673 633/825/673 637/828/673 684/881/673
f 684/881/674 637/828/674 642/839/674 688/884/674
f 688/884/675 642/838/675 635/837/675 682/886/675
f 645/841/676 693/892/676 697/895/676 648/842/676
f 648/845/677 697/895/677 702/903/677 652/846/677
f 652/846/678 702/903/678 695/902/678 646/849/678
f 694/898/679 683/890/679 691/888/679 699/899/679
f 699/899/680 691/888/680 687/887/680 703/900/680
f 703/900/681 687/887/681 682/886/681 695/902/681
f 657/856/682 681/880/682 685/883/682 660/857/682
f 660/857/683 685/883/683 690/891/683 664/860/683
f 664/860/684 690/891/684 683/890/684 658/862/684
f 693/892/685 669/868/685 673/871/685 696/893/685
f 696/893/686 673/871/686 678/879/686 700/896/686
f 700/896/687 678/879/687 671/878/687 694/898/687
f 670/874/688 659/866/688 667/864/688 675/875/688
f 675/875/689 667/864/689 663/863/689 679/876/689
f 679/876/690 663/863/690 658/862/690 671/878/690
f 609/789/691 657/856/691 661/859/691 612/790/691
f 612/790/692 661/859/692 666/867/692 616/793/692
f 616/798/693 666/867/693 659/866/693 610/795/693
f 669/868/694 622/813/694 628/816/694 672/869/694
f 672/869/695 628/811/695 624/808/695 676/872/695
f 676/872/696 624/808/696 621/807/696 670/874/696
f 633/825/697 681/880/697 657/856/697 609/789/697
f 611/803/698 623/821/698 647/853/698 634/831/698
f 659/866/699 670/874/699 621/807/699 610/795/699
f 693/892/700 645/841/700 622/813/700 669/868/700
f 635/837/701 646/849/701 695/902/701 682/886/701
f 683/890/702 694/898/702 671/878/702 658/862/702
o royal_bronze_pin
v -0.430000 0.880000 0.250000
v -0.290000 0.880000 0.250000
v -0.430000 0.850000 0.258038
v -0.290000 0.850000 0.258038
v -0.430000 0.828038 0.280000
v -0.290000 0.828038 0.280000
v -0.430000 0.820000 0.310000
v -0.290000 0.820000 0.310000
v -0.430000 0.828038 0.340000
v -0.290000 0.828038 0.340000
v -0.430000 0.850000 0.361962
v -0.290000 0.850000 0.361962
v -0.430000 0.880000 0.370000
v -0.290000 0.880000 0.370000
v -0.430000 0.910000 0.361962
v -0.290000 0.910000 0.361962
v -0.430000 0.931962 0.340000
v -0.290000 0.931962 0.340000
v -0.430000 0.940000 0.310000
v -0.290000 0.940000 0.310000
v -0.430000 0.931962 0.280000
v -0.290000 0.931962 0.280000
v -0.430000 0.910000 0.258038
v -0.290000 0.910000 0.258038
vn -0.6532 -0.0000 -0.7572
vn 0.6532 -0.0000 -0.7572
vn -0.6532 -0.3786 -0.6557
vn 0.6532 -0.3786 -0.6557
vn -0.6532 -0.6557 -0.3786
vn 0.6532 -0.6557 -0.3786
vn -0.6532 -0.7572 -0.0000
vn 0.6532 -0.7572 -0.0000
vn -0.6532 -0.6557 0.3786
vn 0.6532 -0.6557 0.3786
vn -0.6532 -0.3786 0.6557
vn 0.6532 -0.3786 0.6557
vn -0.6532 -0.0000 0.7572
vn 0.6532 -0.0000 0.7572
vn -0.6532 0.3786 0.6557
vn 0.6532 0.3786 0.6557
vn -0.6532 0.6557 0.3786
vn 0.6532 0.6557 0.3786
vn -0.6532 0.7572 -0.0000
vn 0.6532 0.7572 -0.0000
vn -0.6532 0.6557 -0.3786
vn 0.6532 0.6557 -0.3786
vn -0.6532 0.3786 -0.6557
vn 0.6532 0.3786 -0.6557
vt 1.000000 0.500000
vt 1.000000 1.000000
vt 0.916667 1.000000
vt 0.916667 0.500000
vt 0.833333 1.000000
vt 0.833333 0.500000
vt 0.750000 1.000000
vt 0.750000 0.500000
vt 0.666667 1.000000
vt 0.666667 0.500000
vt 0.583333 1.000000
vt 0.583333 0.500000
vt 0.500000 1.000000
vt 0.500000 0.500000
vt 0.416667 1.000000
vt 0.416667 0.500000
vt 0.333333 1.000000
vt 0.333333 0.500000
vt 0.250000 1.000000
vt 0.250000 0.500000
vt 0.166667 1.000000
vt 0.166667 0.500000
vt 0.370000 0.457846
vt 0.250000 0.490000
vt 0.130000 0.457846
vt 0.042154 0.370000
vt 0.010000 0.250000
vt 0.042154 0.130000
vt 0.130000 0.042154
vt 0.250000 0.010000
vt 0.370000 0.042154
vt 0.457846 0.130000
vt 0.490000 0.250000
vt 0.457846 0.370000
vt 0.083333 1.000000
vt 0.083333 0.500000
vt 0.000000 1.000000
vt 0.000000 0.500000
vt 0.750000 0.490000
vt 0.870000 0.457846
vt 0.957846 0.370000
vt 0.990000 0.250000
vt 0.957846 0.130000
vt 0.870000 0.042154
vt 0.750000 0.010000
vt 0.630000 0.042154
vt 0.542154 0.130000
vt 0.510000 0.250000
vt 0.542154 0.370000
vt 0.630000 0.457846
s 1
usemtl WornBronze
f 705/904/703 706/905/704 708/906/706 707/907/705
f 707/907/705 708/906/706 710/908/708 709/909/707
f 709/909/707 710/908/708 712/910/710 711/911/709
f 711/911/709 712/910/710 714/912/712 713/913/711
f 713/913/711 714/912/712 716/914/714 715/915/713
f 715/915/713 716/914/714 718/916/716 717/917/715
f 717/917/715 718/916/716 720/918/718 719/919/717
f 719/919/717 720/918/718 722/920/720 721/921/719
f 721/921/719 722/920/720 724/922/722 723/923/721
f 723/923/721 724/922/722 726/924/724 725/925/723
f 708/926/706 706/927/704 728/928/726 726/929/724 724/930/722 722/931/720 720/932/718 718/933/716 716/934/714 714/935/712 712/936/710 710/937/708
f 725/925/723 726/924/724 728/938/726 727/939/725
f 727/939/725 728/938/726 706/940/704 705/941/703
f 705/942/703 707/943/705 709/944/707 711/945/709 713/946/711 715/947/713 717/948/715 719/949/717 721/950/719 723/951/721 725/952/723 727/953/725
o royal_bolt
v -0.360000 1.030000 0.800000
v -0.360000 0.971200 1.360000
v -0.305272 1.003644 0.800000
v -0.351243 0.966983 1.360000
v -0.291755 0.944423 0.800000
v -0.349081 0.957508 1.360000
v -0.329628 0.896932 0.800000
v -0.355141 0.949909 1.360000
v -0.390372 0.896932 0.800000
v -0.364860 0.949909 1.360000
v -0.428245 0.944423 0.800000
v -0.370919 0.957508 1.360000
v -0.414728 1.003644 0.800000
v -0.368757 0.966983 1.360000
vn 0.4320 0.8970 0.0942
vn 0.9706 0.2215 0.0942
vn 0.7784 -0.6207 0.0942
vn -0.0000 -0.9956 0.0942
vn -0.7784 -0.6207 0.0942
vn -0.0000 -0.0000 1.0000
vn -0.9706 0.2215 0.0942
vn -0.4320 0.8970 0.0942
vn -0.0000 -0.0000 -1.0000
vt 1.000000 0.500000
vt 1.000000 1.000000
vt 0.857143 1.000000
vt 0.857143 0.500000
vt 0.714286 1.000000
vt 0.714286 0.500000
vt 0.571429 1.000000
vt 0.571429 0.500000
vt 0.428571 1.000000
vt 0.428571 0.500000
vt 0.285714 1.000000
vt 0.285714 0.500000
vt 0.437640 0.399638
vt 0.250000 0.490000
vt 0.062360 0.399638
vt 0.016017 0.196595
vt 0.145868 0.033767
vt 0.354132 0.033767
vt 0.483983 0.196595
vt 0.142857 1.000000
vt 0.142857 0.500000
vt 0.000000 1.000000
vt 0.000000 0.500000
vt 0.750000 0.490000
vt 0.937640 0.399638
vt 0.983983 0.196595
vt 0.854132 0.033768
vt 0.645868 0.033768
vt 0.516017 0.196595
vt 0.562360 0.399638
s 0
usemtl PlateEdge
f 729/954/727 730/955/727 732/956/727 731/957/727
f 731/957/728 732/956/728 734/958/728 733/959/728
f 733/959/729 734/958/729 736/960/729 735/961/729
f 735/961/730 736/960/730 738/962/730 737/963/730
f 737/963/731 738/962/731 740/964/731 739/965/731
f 732/966/732 730/967/732 742/968/732 740/969/732 738/970/732 736/971/732 734/972/732
f 739/965/733 740/964/733 742/973/733 741/974/733
f 741/974/734 742/973/734 730/975/734 729/976/734
f 729/977/735 731/978/735 733/979/735 735/980/735 737/981/735 739/982/735 741/983/735
o royal_bow_stock.001
v -0.048000 0.750000 0.648000
v -0.048000 0.782000 0.680000
v -0.080000 0.782000 0.648000
v -0.048000 0.754275 0.663979
v -0.063979 0.754275 0.648000
v -0.063303 0.758428 0.663303
v -0.063979 0.782000 0.675725
v -0.048000 0.766021 0.675725
v -0.063303 0.766697 0.671572
v -0.075725 0.766021 0.648000
v -0.075725 0.782000 0.663979
v -0.071572 0.766697 0.663303
v -0.048000 0.858000 0.680000
v -0.048000 0.890000 0.648000
v -0.080000 0.858000 0.648000
v -0.048000 0.873979 0.675725
v -0.063979 0.858000 0.675725
v -0.063303 0.873303 0.671572
v -0.063979 0.885725 0.648000
v -0.048000 0.885725 0.663979
v -0.063303 0.881572 0.663303
v -0.075725 0.858000 0.663979
v -0.075725 0.873979 0.648000
v -0.071572 0.873303 0.663303
v -0.048000 0.750000 -0.368000
v -0.080000 0.782000 -0.368000
v -0.048000 0.782000 -0.400000
v -0.063979 0.754275 -0.368000
v -0.048000 0.754275 -0.383979
v -0.063303 0.758428 -0.383303
v -0.075725 0.782000 -0.383979
v -0.075725 0.766021 -0.368000
v -0.071572 0.766697 -0.383303
v -0.048000 0.766021 -0.395725
v -0.063979 0.782000 -0.395725
v -0.063303 0.766697 -0.391572
v -0.048000 0.890000 -0.368000
v -0.048000 0.858000 -0.400000
v -0.080000 0.858000 -0.368000
v -0.048000 0.885725 -0.383979
v -0.063979 0.885725 -0.368000
v -0.063303 0.881572 -0.383303
v -0.063979 0.858000 -0.395725
v -0.048000 0.873979 -0.395725
v -0.063303 0.873303 -0.391572
v -0.075725 0.873979 -0.368000
v -0.075725 0.858000 -0.383979
v -0.071572 0.873303 -0.383303
v 0.048000 0.750000 0.648000
v 0.080000 0.782000 0.648000
v 0.048000 0.782000 0.680000
v 0.063979 0.754275 0.648000
v 0.048000 0.754275 0.663979
v 0.063303 0.758428 0.663303
v 0.075725 0.782000 0.663979
v 0.075725 0.766021 0.648000
v 0.071572 0.766697 0.663303
v 0.048000 0.766021 0.675725
v 0.063979 0.782000 0.675725
v 0.063303 0.766697 0.671572
v 0.048000 0.890000 0.648000
v 0.048000 0.858000 0.680000
v 0.080000 0.858000 0.648000
v 0.048000 0.885725 0.663979
v 0.063979 0.885725 0.648000
v 0.063303 0.881572 0.663303
v 0.063979 0.858000 0.675725
v 0.048000 0.873979 0.675725
v 0.063303 0.873303 0.671572
v 0.075725 0.873979 0.648000
v 0.075725 0.858000 0.663979
v 0.071572 0.873303 0.663303
v 0.048000 0.750000 -0.368000
v 0.048000 0.782000 -0.400000
v 0.080000 0.782000 -0.368000
v 0.048000 0.754275 -0.383979
v 0.063979 0.754275 -0.368000
v 0.063303 0.758428 -0.383303
v 0.063979 0.782000 -0.395725
v 0.048000 0.766021 -0.395725
v 0.063303 0.766697 -0.391572
v 0.075725 0.766021 -0.368000
v 0.075725 0.782000 -0.383979
v 0.071572 0.766697 -0.383303
v 0.048000 0.890000 -0.368000
v 0.080000 0.858000 -0.368000
v 0.048000 0.858000 -0.400000
v 0.063979 0.885725 -0.368000
v 0.048000 0.885725 -0.383979
v 0.063303 0.881572 -0.383303
v 0.075725 0.858000 -0.383979
v 0.075725 0.873979 -0.368000
v 0.071572 0.873303 -0.383303
v 0.048000 0.873979 -0.395725
v 0.063979 0.858000 -0.395725
v 0.063303 0.873303 -0.391572
vn -0.2566 -0.9318 0.2566
vn -0.2178 -0.6901 0.6901
vn -0.2566 -0.2566 0.9318
vn -0.6901 -0.2178 0.6901
vn -0.9318 -0.2566 0.2566
vn -0.6901 -0.6901 0.2178
vn -0.5773 -0.5774 0.5773
vn -0.2566 0.2566 0.9318
vn -0.2178 0.6901 0.6901
vn -0.2566 0.9318 0.2566
vn -0.6901 0.6901 0.2178
vn -0.9318 0.2566 0.2566
vn -0.6901 0.2178 0.6901
vn -0.5773 0.5774 0.5773
vn -0.2566 -0.9318 -0.2566
vn -0.6901 -0.6901 -0.2178
vn -0.9318 -0.2566 -0.2566
vn -0.6901 -0.2178 -0.6901
vn -0.2566 -0.2566 -0.9318
vn -0.2178 -0.6901 -0.6901
vn -0.5773 -0.5774 -0.5773
vn -0.2566 0.9318 -0.2566
vn -0.2178 0.6901 -0.6901
vn -0.2566 0.2566 -0.9318
vn -0.6901 0.2178 -0.6901
vn -0.9318 0.2566 -0.2566
vn -0.6901 0.6901 -0.2178
vn -0.5773 0.5774 -0.5773
vn 0.2566 -0.9318 0.2566
vn 0.6901 -0.6901 0.2178
vn 0.9318 -0.2566 0.2566
vn 0.6901 -0.2178 0.6901
vn 0.2566 -0.2566 0.9318
vn 0.2178 -0.6901 0.6901
vn 0.5773 -0.5774 0.5773
vn 0.2566 0.9318 0.2566
vn 0.2178 0.6901 0.6901
vn 0.2566 0.2566 0.9318
vn 0.6901 0.2178 0.6901
vn 0.9318 0.2566 0.2566
vn 0.6901 0.6901 0.2178
vn 0.5773 0.5774 0.5773
vn 0.2566 -0.9318 -0.2566
vn 0.2178 -0.6901 -0.6901
vn 0.2566 -0.2566 -0.9318
vn 0.6901 -0.2178 -0.6901
vn 0.9318 -0.2566 -0.2566
vn 0.6901 -0.6901 -0.2178
vn 0.5773 -0.5774 -0.5773
vn 0.2566 0.9318 -0.2566
vn 0.6901 0.6901 -0.2178
vn 0.9318 0.2566 -0.2566
vn 0.6901 0.2178 -0.6901
vn 0.2566 0.2566 -0.9318
vn 0.2178 0.6901 -0.6901
vn 0.5773 0.5774 -0.5773
vn -0.2585 -0.9660 -0.0000
vn -0.7071 -0.7071 -0.0000
vn -0.9660 -0.2585 -0.0000
vn -0.2585 -0.0000 0.9660
vn -0.7071 -0.0000 0.7071
vn -0.9660 -0.0000 0.2585
vn -0.2585 0.9660 -0.0000
vn -0.7071 0.7071 -0.0000
vn -0.9660 0.2585 -0.0000
vn -0.2585 -0.0000 -0.9660
vn -0.7071 -0.0000 -0.7071
vn -0.9660 -0.0000 -0.2585
vn -0.0000 -0.9660 -0.2585
vn -0.0000 -0.7071 -0.7071
vn -0.0000 -0.2585 -0.9660
vn -0.0000 0.9660 -0.2585
vn -0.0000 0.7071 -0.7071
vn -0.0000 0.2585 -0.9660
vn 0.9660 -0.0000 -0.2585
vn 0.7071 -0.0000 -0.7071
vn 0.2585 -0.0000 -0.9660
vn 0.2585 -0.9660 -0.0000
vn 0.7071 -0.7071 -0.0000
vn 0.9660 -0.2585 -0.0000
vn 0.2585 0.9660 -0.0000
vn 0.7071 0.7071 -0.0000
vn 0.9660 0.2585 -0.0000
vn 0.2585 -0.0000 0.9660
vn 0.7071 -0.0000 0.7071
vn 0.9660 -0.0000 0.2585
vn -0.0000 -0.9660 0.2585
vn -0.0000 -0.7071 0.7071
vn -0.0000 -0.2585 0.9660
vn -0.0000 0.9660 0.2585
vn -0.0000 0.7071 0.7071
vn -0.0000 0.2585 0.9660
vn -0.0000 -1.0000 -0.0000
vn -1.0000 -0.0000 -0.0000
vn -0.0000 -0.0000 1.0000
vn -0.0000 1.0000 -0.0000
vn -0.0000 -0.0000 -1.0000
vn 1.0000 -0.0000 -0.0000
vt 0.175000 0.742593
vt 0.175000 0.746291
vt 0.151089 0.746135
vt 0.150033 0.742593
vt 0.175000 0.750000
vt 0.151089 0.750000
vt 0.432143 0.950000
vt 0.432143 1.000000
vt 0.375000 0.973911
vt 0.375000 0.950000
vt 0.432143 0.000000
vt 0.432143 0.003709
vt 0.375000 0.003865
vt 0.375000 0.000000
vt 0.432143 0.007407
vt 0.375000 0.007407
vt 0.125000 0.742593
vt 0.125000 0.746135
vt 0.567857 0.950000
vt 0.596391 0.950000
vt 0.595184 1.000000
vt 0.567857 1.000000
vt 0.625000 0.950000
vt 0.625000 1.000000
vt 0.825000 0.742593
vt 0.875000 0.742593
vt 0.875000 0.746135
vt 0.825000 0.750000
vt 0.625000 0.007407
vt 0.596391 0.007407
vt 0.595183 0.003865
vt 0.625000 0.003865
vt 0.567857 0.007407
vt 0.567857 0.003709
vt 0.567857 0.000000
vt 0.595183 0.000000
vt 0.175000 0.507407
vt 0.150033 0.507407
vt 0.151089 0.503865
vt 0.175000 0.503709
vt 0.125000 0.507407
vt 0.125000 0.503865
vt 0.432143 0.242593
vt 0.432143 0.246291
vt 0.375000 0.246135
vt 0.375000 0.242593
vt 0.432143 0.275033
vt 0.375000 0.276089
vt 0.432143 0.300000
vt 0.375000 0.300000
vt 0.175000 0.500000
vt 0.151089 0.500000
vt 0.825000 0.507407
vt 0.825000 0.500000
vt 0.875000 0.503865
vt 0.875000 0.507407
vt 0.625000 0.300000
vt 0.596391 0.300000
vt 0.595184 0.273920
vt 0.625000 0.247840
vt 0.567857 0.300000
vt 0.567857 0.275033
vt 0.567857 0.246291
vt 0.595184 0.246135
vt 0.567857 0.242593
vt 0.596391 0.242593
vt 0.625000 0.242593
vt 0.325000 0.742593
vt 0.349967 0.742593
vt 0.348911 0.746135
vt 0.325000 0.746291
vt 0.403609 0.742593
vt 0.401491 0.746135
vt 0.432143 0.742593
vt 0.432143 0.746291
vt 0.432143 0.775033
vt 0.365418 0.766507
vt 0.432143 0.800000
vt 0.350230 0.775230
vt 0.675000 0.742593
vt 0.650230 0.774770
vt 0.641507 0.759582
vt 0.650033 0.742593
vt 0.596391 0.800000
vt 0.595183 0.776089
vt 0.567857 0.800000
vt 0.567857 0.775033
vt 0.567857 0.746291
vt 0.595183 0.747453
vt 0.567857 0.742593
vt 0.596391 0.742593
vt 0.325000 0.507407
vt 0.325000 0.503709
vt 0.348911 0.503865
vt 0.349967 0.507407
vt 0.350230 0.474770
vt 0.365418 0.483493
vt 0.432143 0.450000
vt 0.432143 0.474967
vt 0.432143 0.503709
vt 0.401491 0.503865
vt 0.432143 0.507407
vt 0.403609 0.507407
vt 0.675000 0.507407
vt 0.650033 0.507407
vt 0.641507 0.490418
vt 0.650230 0.475230
vt 0.596391 0.507407
vt 0.595183 0.502547
vt 0.567857 0.507407
vt 0.567857 0.503709
vt 0.567857 0.474967
vt 0.595184 0.473911
vt 0.567857 0.450000
vt 0.596391 0.450000
s 0
usemtl OiledOak
f 743/984/736 746/985/736 748/986/736 747/987/736
f 746/985/737 750/988/737 751/989/737 748/986/737
f 744/990/738 749/991/738 751/992/738 750/993/738
f 749/994/739 753/995/739 754/996/739 751/997/739
f 745/998/740 752/999/740 754/996/740 753/995/740
f 752/1000/741 747/987/741 748/986/741 754/1001/741
f 748/986/742 751/989/742 754/1001/742
f 755/1002/743 758/1003/743 760/1004/743 759/1005/743
f 758/1003/744 762/1006/744 763/1007/744 760/1004/744
f 756/1008/745 761/1009/745 763/1010/745 762/1011/745
f 761/1012/746 765/1013/746 766/1014/746 763/1015/746
f 757/1016/747 764/1017/747 766/1014/747 765/1013/747
f 764/1017/748 759/1018/748 760/1019/748 766/1014/748
f 760/1019/749 763/1015/749 766/1014/749
f 767/1020/750 770/1021/750 772/1022/750 771/1023/750
f 770/1021/751 774/1024/751 775/1025/751 772/1022/751
f 768/1026/752 773/1027/752 775/1028/752 774/1029/752
f 773/1027/753 777/1030/753 778/1031/753 775/1028/753
f 769/1032/754 776/1033/754 778/1031/754 777/1030/754
f 776/1034/755 771/1023/755 772/1022/755 778/1035/755
f 772/1022/756 775/1025/756 778/1035/756
f 779/1036/757 782/1037/757 784/1038/757 783/1039/757
f 782/1040/758 786/1041/758 787/1042/758 784/1043/758
f 780/1044/759 785/1045/759 787/1042/759 786/1041/759
f 785/1045/760 789/1046/760 790/1047/760 787/1042/760
f 781/1048/761 788/1049/761 790/1047/761 789/1046/761
f 788/1049/762 783/1050/762 784/1043/762 790/1047/762
f 784/1043/763 787/1042/763 790/1047/763
f 791/1051/764 794/1052/764 796/1053/764 795/1054/764
f 794/1052/765 798/1055/765 799/1056/765 796/1053/765
f 792/1057/766 797/1058/766 799/1056/766 798/1055/766
f 797/1058/767 801/1059/767 802/1060/767 799/1056/767
f 793/1061/768 800/1062/768 802/1060/768 801/1059/768
f 800/1062/769 795/1054/769 796/1053/769 802/1060/769
f 796/1053/770 799/1056/770 802/1060/770
f 803/1063/771 806/1064/771 808/1065/771 807/1066/771
f 806/1064/772 810/1067/772 811/1068/772 808/1065/772
f 804/1069/773 809/1070/773 811/1068/773 810/1067/773
f 809/1070/774 813/1071/774 814/1072/774 811/1068/774
f 805/1073/775 812/1074/775 814/1072/775 813/1071/775
f 812/1074/776 807/1066/776 808/1065/776 814/1072/776
f 808/1065/777 811/1068/777 814/1072/777
f 815/1075/778 818/1076/778 820/1077/778 819/1078/778
f 818/1076/779 822/1079/779 823/1080/779 820/1077/779
f 816/1081/780 821/1082/780 823/1080/780 822/1079/780
f 821/1082/781 825/1083/781 826/1084/781 823/1080/781
f 817/1085/782 824/1086/782 826/1084/782 825/1083/782
f 824/1086/783 819/1078/783 820/1077/783 826/1084/783
f 820/1077/784 823/1080/784 826/1084/784
f 827/1087/785 830/1088/785 832/1089/785 831/1090/785
f 830/1088/786 834/1091/786 835/1092/786 832/1089/786
f 828/1093/787 833/1094/787 835/1092/787 834/1091/787
f 833/1094/788 837/1095/788 838/1096/788 835/1092/788
f 829/1097/789 836/1098/789 838/1096/789 837/1095/789
f 836/1098/790 831/1090/790 832/1089/790 838/1096/790
f 832/1089/791 835/1092/791 838/1096/791
f 767/1020/792 743/984/792 747/987/792 770/1021/792
f 770/1021/793 747/987/793 752/1000/793 774/1024/793
f 774/1029/794 752/999/794 745/998/794 768/1026/794
f 744/990/795 755/1002/795 759/1005/795 749/991/795
f 749/994/796 759/1018/796 764/1017/796 753/995/796
f 753/995/797 764/1017/797 757/1016/797 745/998/797
f 756/1008/798 779/1036/798 783/1039/798 761/1009/798
f 761/1012/799 783/1050/799 788/1049/799 765/1013/799
f 765/1013/800 788/1049/800 781/1048/800 757/1016/800
f 780/1044/801 769/1032/801 777/1030/801 785/1045/801
f 785/1045/802 777/1030/802 773/1027/802 789/1046/802
f 789/1046/803 773/1027/803 768/1026/803 781/1048/803
f 815/1075/804 767/1020/804 771/1023/804 818/1076/804
f 818/1076/805 771/1023/805 776/1034/805 822/1079/805
f 822/1079/806 776/1033/806 769/1032/806 816/1081/806
f 779/1036/807 827/1087/807 831/1090/807 782/1037/807
f 782/1040/808 831/1090/808 836/1098/808 786/1041/808
f 786/1041/809 836/1098/809 829/1097/809 780/1044/809
f 828/1093/810 817/1085/810 825/1083/810 833/1094/810
f 833/1094/811 825/1083/811 821/1082/811 837/1095/811
f 837/1095/812 821/1082/812 816/1081/812 829/1097/812
f 791/1051/813 815/1075/813 819/1078/813 794/1052/813
f 794/1052/814 819/1078/814 824/1086/814 798/1055/814
f 798/1055/815 824/1086/815 817/1085/815 792/1057/815
f 827/1087/816 803/1063/816 807/1066/816 830/1088/816
f 830/1088/817 807/1066/817 812/1074/817 834/1091/817
f 834/1091/818 812/1074/818 805/1073/818 828/1093/818
f 804/1069/819 793/1061/819 801/1059/819 809/1070/819
f 809/1070/820 801/1059/820 797/1058/820 813/1071/820
f 813/1071/821 797/1058/821 792/1057/821 805/1073/821
f 743/984/822 791/1051/822 795/1054/822 746/985/822
f 746/985/823 795/1054/823 800/1062/823 750/988/823
f 750/993/824 800/1062/824 793/1061/824 744/990/824
f 803/1063/825 756/1008/825 762/1011/825 806/1064/825
f 806/1064/826 762/1006/826 758/1003/826 810/1067/826
f 810/1067/827 758/1003/827 755/1002/827 804/1069/827
f 767/1020/828 815/1075/828 791/1051/828 743/984/828
f 745/998/829 757/1016/829 781/1048/829 768/1026/829
f 793/1061/830 804/1069/830 755/1002/830 744/990/830
f 827/1087/831 779/1036/831 756/1008/831 803/1063/831
f 769/1032/832 780/1044/832 829/1097/832 816/1081/832
f 817/1085/833 828/1093/833 805/1073/833 792/1057/833
o royal_iron_guide.001
v -0.019500 0.922500 0.757000
v -0.019500 0.940500 0.775000
v -0.037500 0.940500 0.757000
v -0.019500 0.924905 0.765988
v -0.028488 0.924905 0.757000
v -0.028108 0.927241 0.765608
v -0.028488 0.940500 0.772595
v -0.019500 0.931512 0.772595
v -0.028108 0.931892 0.770259
v -0.035095 0.931512 0.757000
v -0.035095 0.940500 0.765988
v -0.032759 0.931892 0.765608
v -0.019500 0.979500 0.775000
v -0.019500 0.997500 0.757000
v -0.037500 0.979500 0.757000
v -0.019500 0.988488 0.772595
v -0.028488 0.979500 0.772595
v -0.028108 0.988108 0.770259
v -0.028488 0.995095 0.757000
v -0.019500 0.995095 0.765988
v -0.028108 0.992759 0.765608
v -0.035095 0.979500 0.765988
v -0.035095 0.988488 0.757000
v -0.032759 0.988108 0.765608
v -0.019500 0.922500 0.143000
v -0.037500 0.940500 0.143000
v -0.019500 0.940500 0.125000
v -0.028488 0.924905 0.143000
v -0.019500 0.924905 0.134012
v -0.028108 0.927241 0.134392
v -0.035095 0.940500 0.134012
v -0.035095 0.931512 0.143000
v -0.032759 0.931892 0.134392
v -0.019500 0.931512 0.127405
v -0.028488 0.940500 0.127405
v -0.028108 0.931892 0.129741
v -0.019500 0.997500 0.143000
v -0.019500 0.979500 0.125000
v -0.037500 0.979500 0.143000
v -0.019500 0.995095 0.134012
v -0.028488 0.995095 0.143000
v -0.028108 0.992759 0.134392
v -0.028488 0.979500 0.127405
v -0.019500 0.988488 0.127405
v -0.028108 0.988108 0.129741
v -0.035095 0.988488 0.143000
v -0.035095 0.979500 0.134012
v -0.032759 0.988108 0.134392
v 0.019500 0.922500 0.757000
v 0.037500 0.940500 0.757000
v 0.019500 0.940500 0.775000
v 0.028488 0.924905 0.757000
v 0.019500 0.924905 0.765988
v 0.028108 0.927241 0.765608
v 0.035095 0.940500 0.765988
v 0.035095 0.931512 0.757000
v 0.032759 0.931892 0.765608
v 0.019500 0.931512 0.772595
v 0.028488 0.940500 0.772595
v 0.028108 0.931892 0.770259
v 0.019500 0.997500 0.757000
v 0.019500 0.979500 0.775000
v 0.037500 0.979500 0.757000
v 0.019500 0.995095 0.765988
v 0.028488 0.995095 0.757000
v 0.028108 0.992759 0.765608
v 0.028488 0.979500 0.772595
v 0.019500 0.988488 0.772595
v 0.028108 0.988108 0.770259
v 0.035095 0.988488 0.757000
v 0.035095 0.979500 0.765988
v 0.032759 0.988108 0.765608
v 0.019500 0.922500 0.143000
v 0.019500 0.940500 0.125000
v 0.037500 0.940500 0.143000
v 0.019500 0.924905 0.134012
v 0.028488 0.924905 0.143000
v 0.028108 0.927241 0.134392
v 0.028488 0.940500 0.127405
v 0.019500 0.931512 0.127405
v 0.028108 0.931892 0.129741
v 0.035095 0.931512 0.143000
v 0.035095 0.940500 0.134012
v 0.032759 0.931892 0.134392
v 0.019500 0.997500 0.143000
v 0.037500 0.979500 0.143000
v 0.019500 0.979500 0.125000
v 0.028488 0.995095 0.143000
v 0.019500 0.995095 0.134012
v 0.028108 0.992759 0.134392
v 0.035095 0.979500 0.134012
v 0.035095 0.988488 0.143000
v 0.032759 0.988108 0.134392
v 0.019500 0.988488 0.127405
v 0.028488 0.979500 0.127405
v 0.028108 0.988108 0.129741
vn -0.2566 -0.9318 0.2566
vn -0.2178 -0.6901 0.6901
vn -0.2566 -0.2566 0.9318
vn -0.6901 -0.2178 0.6901
vn -0.9318 -0.2566 0.2566
vn -0.6901 -0.6901 0.2178
vn -0.5774 -0.5773 0.5774
vn -0.2566 0.2566 0.9318
vn -0.2178 0.6901 0.6901
vn -0.2566 0.9318 0.2566
vn -0.6901 0.6901 0.2178
vn -0.9318 0.2566 0.2566
vn -0.6901 0.2178 0.6901
vn -0.5774 0.5773 0.5774
vn -0.2566 -0.9318 -0.2566
vn -0.6901 -0.6901 -0.2178
vn -0.9318 -0.2566 -0.2566
vn -0.6901 -0.2178 -0.6901
vn -0.2566 -0.2566 -0.9318
vn -0.2178 -0.6901 -0.6901
vn -0.5774 -0.5773 -0.5774
vn -0.2566 0.9318 -0.2566
vn -0.2178 0.6901 -0.6901
vn -0.2566 0.2566 -0.9318
vn -0.6901 0.2178 -0.6901
vn -0.9318 0.2566 -0.2566
vn -0.6901 0.6901 -0.2178
vn -0.5774 0.5773 -0.5774
vn 0.2566 -0.9318 0.2566
vn 0.6901 -0.6901 0.2178
vn 0.9318 -0.2566 0.2566
vn 0.6901 -0.2178 0.6901
vn 0.2566 -0.2566 0.9318
vn 0.2178 -0.6901 0.6901
vn 0.5774 -0.5773 0.5774
vn 0.2566 0.9318 0.2566
vn 0.2178 0.6901 0.6901
vn 0.2566 0.2566 0.9318
vn 0.6901 0.2178 0.6901
vn 0.9318 0.2566 0.2566
vn 0.6901 0.6901 0.2178
vn 0.5774 0.5773 0.5774
vn 0.2566 -0.9318 -0.2566
vn 0.2178 -0.6901 -0.6901
vn 0.2566 -0.2566 -0.9318
vn 0.6901 -0.2178 -0.6901
vn 0.9318 -0.2566 -0.2566
vn 0.6901 -0.6901 -0.2178
vn 0.5774 -0.5773 -0.5774
vn 0.2566 0.9318 -0.2566
vn 0.6901 0.6901 -0.2178
vn 0.9318 0.2566 -0.2566
vn 0.6901 0.2178 -0.6901
vn 0.2566 0.2566 -0.9318
vn 0.2178 0.6901 -0.6901
vn 0.5774 0.5773 -0.5774
vn -0.2585 -0.9660 -0.0000
vn -0.7071 -0.7071 -0.0000
vn -0.9660 -0.2585 -0.0000
vn -0.2585 -0.0000 0.9660
vn -0.7071 -0.0000 0.7071
vn -0.9660 -0.0000 0.2585
vn -0.2585 0.9660 -0.0000
vn -0.7071 0.7071 -0.0000
vn -0.9660 0.2585 -0.0000
vn -0.2585 -0.0000 -0.9660
vn -0.7071 -0.0000 -0.7071
vn -0.9660 -0.0000 -0.2585
vn -0.0000 -0.9660 -0.2585
vn -0.0000 -0.7071 -0.7071
vn -0.0000 -0.2585 -0.9660
vn -0.0000 0.9660 -0.2585
vn -0.0000 0.7071 -0.7071
vn -0.0000 0.2585 -0.9660
vn 0.9660 -0.0000 -0.2585
vn 0.7071 -0.0000 -0.7071
vn 0.2585 -0.0000 -0.9660
vn 0.2585 -0.9660 -0.0000
vn 0.7071 -0.7071 -0.0000
vn 0.9660 -0.2585 -0.0000
vn 0.2585 0.9660 -0.0000
vn 0.7071 0.7071 -0.0000
vn 0.9660 0.2585 -0.0000
vn 0.2585 -0.0000 0.9660
vn 0.7071 -0.0000 0.7071
vn 0.9660 -0.0000 0.2585
vn -0.0000 -0.9660 0.2585
vn -0.0000 -0.7071 0.7071
vn -0.0000 -0.2585 0.9660
vn -0.0000 0.9660 0.2585
vn -0.0000 0.7071 0.7071
vn -0.0000 0.2585 0.9660
vn -0.0000 -1.0000 -0.0000
vn -1.0000 -0.0000 -0.0000
vn -0.0000 -0.0000 1.0000
vn -0.0000 1.0000 -0.0000
vn -0.0000 -0.0000 -1.0000
vn 1.0000 -0.0000 -0.0000
vt 0.185000 0.743077
vt 0.185000 0.746534
vt 0.156307 0.746388
vt 0.155039 0.743077
vt 0.185000 0.750000
vt 0.156307 0.750000
vt 0.435000 0.940000
vt 0.435000 1.000000
vt 0.375000 0.968693
vt 0.375000 0.940000
vt 0.435000 0.000000
vt 0.435000 0.003466
vt 0.375000 0.003612
vt 0.375000 0.000000
vt 0.435000 0.006923
vt 0.375000 0.006923
vt 0.125000 0.743077
vt 0.125000 0.746388
vt 0.565000 0.940000
vt 0.594961 0.940000
vt 0.593693 1.000000
vt 0.565000 1.000000
vt 0.625000 0.940000
vt 0.625000 1.000000
vt 0.815000 0.743077
vt 0.875000 0.743077
vt 0.875000 0.746388
vt 0.815000 0.750000
vt 0.625000 0.006923
vt 0.594961 0.006923
vt 0.593693 0.003612
vt 0.625000 0.003612
vt 0.565000 0.006923
vt 0.565000 0.003466
vt 0.565000 0.000000
vt 0.593693 0.000000
vt 0.185000 0.506923
vt 0.155039 0.506923
vt 0.156307 0.503612
vt 0.185000 0.503466
vt 0.125000 0.506923
vt 0.125000 0.503612
vt 0.435000 0.243077
vt 0.435000 0.246534
vt 0.375000 0.246388
vt 0.375000 0.243077
vt 0.435000 0.280039
vt 0.375000 0.281307
vt 0.435000 0.310000
vt 0.375000 0.310000
vt 0.185000 0.500000
vt 0.156307 0.500000
vt 0.815000 0.506923
vt 0.815000 0.500000
vt 0.875000 0.503612
vt 0.875000 0.506923
vt 0.625000 0.310000
vt 0.594961 0.310000
vt 0.593693 0.278744
vt 0.625000 0.247981
vt 0.565000 0.310000
vt 0.565000 0.280039
vt 0.565000 0.246534
vt 0.593693 0.246388
vt 0.565000 0.243077
vt 0.594961 0.243077
vt 0.625000 0.243077
vt 0.315000 0.743077
vt 0.344961 0.743077
vt 0.343693 0.746388
vt 0.315000 0.746534
vt 0.405039 0.743077
vt 0.402662 0.746388
vt 0.435000 0.743077
vt 0.435000 0.746534
vt 0.435000 0.780039
vt 0.363502 0.769809
vt 0.435000 0.810000
vt 0.345384 0.780384
vt 0.685000 0.743077
vt 0.655384 0.779616
vt 0.644809 0.761498
vt 0.655039 0.743077
vt 0.594961 0.810000
vt 0.593693 0.781307
vt 0.565000 0.810000
vt 0.565000 0.780039
vt 0.565000 0.746534
vt 0.593693 0.747890
vt 0.565000 0.743077
vt 0.594961 0.743077
vt 0.315000 0.506923
vt 0.315000 0.503466
vt 0.343693 0.503612
vt 0.344961 0.506923
vt 0.345384 0.469616
vt 0.363502 0.480191
vt 0.435000 0.440000
vt 0.435000 0.469961
vt 0.435000 0.503466
vt 0.402662 0.503612
vt 0.435000 0.506923
vt 0.405039 0.506923
vt 0.685000 0.506923
vt 0.655039 0.506923
vt 0.644809 0.488502
vt 0.655384 0.470384
vt 0.594961 0.506923
vt 0.593693 0.502110
vt 0.565000 0.506923
vt 0.565000 0.503466
vt 0.565000 0.469961
vt 0.593693 0.468693
vt 0.565000 0.440000
vt 0.594961 0.440000
s 0
usemtl BlackIron
f 839/1099/834 842/1100/834 844/1101/834 843/1102/834
f 842/1100/835 846/1103/835 847/1104/835 844/1101/835
f 840/1105/836 845/1106/836 847/1107/836 846/1108/836
f 845/1109/837 849/1110/837 850/1111/837 847/1112/837
f 841/1113/838 848/1114/838 850/1111/838 849/1110/838
f 848/1115/839 843/1102/839 844/1101/839 850/1116/839
f 844/1101/840 847/1104/840 850/1116/840
f 851/1117/841 854/1118/841 856/1119/841 855/1120/841
f 854/1118/842 858/1121/842 859/1122/842 856/1119/842
f 852/1123/843 857/1124/843 859/1125/843 858/1126/843
f 857/1127/844 861/1128/844 862/1129/844 859/1130/844
f 853/1131/845 860/1132/845 862/1129/845 861/1128/845
f 860/1132/846 855/1133/846 856/1134/846 862/1129/846
f 856/1134/847 859/1130/847 862/1129/847
f 863/1135/848 866/1136/848 868/1137/848 867/1138/848
f 866/1136/849 870/1139/849 871/1140/849 868/1137/849
f 864/1141/850 869/1142/850 871/1143/850 870/1144/850
f 869/1142/851 873/1145/851 874/1146/851 871/1143/851
f 865/1147/852 872/1148/852 874/1146/852 873/1145/852
f 872/1149/853 867/1138/853 868/1137/853 874/1150/853
f 868/1137/854 871/1140/854 874/1150/854
f 875/1151/855 878/1152/855 880/1153/855 879/1154/855
f 878/1155/856 882/1156/856 883/1157/856 880/1158/856
f 876/1159/857 881/1160/857 883/1157/857 882/1156/857
f 881/1160/858 885/1161/858 886/1162/858 883/1157/858
f 877/1163/859 884/1164/859 886/1162/859 885/1161/859
f 884/1164/860 879/1165/860 880/1158/860 886/1162/860
f 880/1158/861 883/1157/861 886/1162/861
f 887/1166/862 890/1167/862 892/1168/862 891/1169/862
f 890/1167/863 894/1170/863 895/1171/863 892/1168/863
f 888/1172/864 893/1173/864 895/1171/864 894/1170/864
f 893/1173/865 897/1174/865 898/1175/865 895/1171/865
f 889/1176/866 896/1177/866 898/1175/866 897/1174/866
f 896/1177/867 891/1169/867 892/1168/867 898/1175/867
f 892/1168/868 895/1171/868 898/1175/868
f 899/1178/869 902/1179/869 904/1180/869 903/1181/869
f 902/1179/870 906/1182/870 907/1183/870 904/1180/870
f 900/1184/871 905/1185/871 907/1183/871 906/1182/871
f 905/1185/872 909/1186/872 910/1187/872 907/1183/872
f 901/1188/873 908/1189/873 910/1187/873 909/1186/873
f 908/1189/874 903/1181/874 904/1180/874 910/1187/874
f 904/1180/875 907/1183/875 910/1187/875
f 911/1190/876 914/1191/876 916/1192/876 915/1193/876
f 914/1191/877 918/1194/877 919/1195/877 916/1192/877
f 912/1196/878 917/1197/878 919/1195/878 918/1194/878
f 917/1197/879 921/1198/879 922/1199/879 919/1195/879
f 913/1200/880 920/1201/880 922/1199/880 921/1198/880
f 920/1201/881 915/1193/881 916/1192/881 922/1199/881
f 916/1192/882 919/1195/882 922/1199/882
f 923/1202/883 926/1203/883 928/1204/883 927/1205/883
f 926/1203/884 930/1206/884 931/1207/884 928/1204/884
f 924/1208/885 929/1209/885 931/1207/885 930/1206/885
f 929/1209/886 933/1210/886 934/1211/886 931/1207/886
f 925/1212/887 932/1213/887 934/1211/887 933/1210/887
f 932/1213/888 927/1205/888 928/1204/888 934/1211/888
f 928/1204/889 931/1207/889 934/1211/889
f 863/1135/890 839/1099/890 843/1102/890 866/1136/890
f 866/1136/891 843/1102/891 848/1115/891 870/1139/891
f 870/1144/892 848/1114/892 841/1113/892 864/1141/892
f 840/1105/893 851/1117/893 855/1120/893 845/1106/893
f 845/1109/894 855/1133/894 860/1132/894 849/1110/894
f 849/1110/895 860/1132/895 853/1131/895 841/1113/895
f 852/1123/896 875/1151/896 879/1154/896 857/1124/896
f 857/1127/897 879/1165/897 884/1164/897 861/1128/897
f 861/1128/898 884/1164/898 877/1163/898 853/1131/898
f 876/1159/899 865/1147/899 873/1145/899 881/1160/899
f 881/1160/900 873/1145/900 869/1142/900 885/1161/900
f 885/1161/901 869/1142/901 864/1141/901 877/1163/901
f 911/1190/902 863/1135/902 867/1138/902 914/1191/902
f 914/1191/903 867/1138/903 872/1149/903 918/1194/903
f 918/1194/904 872/1148/904 865/1147/904 912/1196/904
f 875/1151/905 923/1202/905 927/1205/905 878/1152/905
f 878/1155/906 927/1205/906 932/1213/906 882/1156/906
f 882/1156/907 932/1213/907 925/1212/907 876/1159/907
f 924/1208/908 913/1200/908 921/1198/908 929/1209/908
f 929/1209/909 921/1198/909 917/1197/909 933/1210/909
f 933/1210/910 917/1197/910 912/1196/910 925/1212/910
f 887/1166/911 911/1190/911 915/1193/911 890/1167/911
f 890/1167/912 915/1193/912 920/1201/912 894/1170/912
f 894/1170/913 920/1201/913 913/1200/913 888/1172/913
f 923/1202/914 899/1178/914 903/1181/914 926/1203/914
f 926/1203/915 903/1181/915 908/1189/915 930/1206/915
f 930/1206/916 908/1189/916 901/1188/916 924/1208/916
f 900/1184/917 889/1176/917 897/1174/917 905/1185/917
f 905/1185/918 897/1174/918 893/1173/918 909/1186/918
f 909/1186/919 893/1173/919 888/1172/919 901/1188/919
f 839/1099/920 887/1166/920 891/1169/920 842/1100/920
f 842/1100/921 891/1169/921 896/1177/921 846/1103/921
f 846/1108/922 896/1177/922 889/1176/922 840/1105/922
f 899/1178/923 852/1123/923 858/1126/923 902/1179/923
f 902/1179/924 858/1121/924 854/1118/924 906/1182/924
f 906/1182/925 854/1118/925 851/1117/925 900/1184/925
f 863/1135/926 911/1190/926 887/1166/926 839/1099/926
f 841/1113/927 853/1131/927 877/1163/927 864/1141/927
f 889/1176/928 900/1184/928 851/1117/928 840/1105/928
f 923/1202/929 875/1151/929 852/1123/929 899/1178/929
f 865/1147/930 876/1159/930 925/1212/930 912/1196/930
f 913/1200/931 924/1208/931 901/1188/931 888/1172/931
o royal_bow_limb.001
v -0.182000 0.870000 0.602000
v -0.182000 0.898000 0.630000
v -0.210000 0.898000 0.602000
v -0.182000 0.873741 0.615982
v -0.195982 0.873741 0.602000
v -0.195390 0.877374 0.615390
v -0.195982 0.898000 0.626259
v -0.182000 0.884018 0.626259
v -0.195390 0.884610 0.622626
v -0.206259 0.884018 0.602000
v -0.206259 0.898000 0.615982
v -0.202626 0.884610 0.615390
v -0.182000 0.962000 0.630000
v -0.182000 0.990000 0.602000
v -0.210000 0.962000 0.602000
v -0.182000 0.975982 0.626259
v -0.195982 0.962000 0.626259
v -0.195390 0.975390 0.622626
v -0.195982 0.986259 0.602000
v -0.182000 0.986259 0.615982
v -0.195390 0.982626 0.615390
v -0.206259 0.962000 0.615982
v -0.206259 0.975982 0.602000
v -0.202626 0.975390 0.615390
v -0.182000 0.870000 0.538000
v -0.210000 0.898000 0.538000
v -0.182000 0.898000 0.510000
v -0.195982 0.873741 0.538000
v -0.182000 0.873741 0.524018
v -0.195390 0.877374 0.524610
v -0.206259 0.898000 0.524018
v -0.206259 0.884018 0.538000
v -0.202626 0.884610 0.524610
v -0.182000 0.884018 0.513741
v -0.195982 0.898000 0.513741
v -0.195390 0.884610 0.517374
v -0.182000 0.990000 0.538000
v -0.182000 0.962000 0.510000
v -0.210000 0.962000 0.538000
v -0.182000 0.986259 0.524018
v -0.195982 0.986259 0.538000
v -0.195390 0.982626 0.524610
v -0.195982 0.962000 0.513741
v -0.182000 0.975982 0.513741
v -0.195390 0.975390 0.517374
v -0.206259 0.975982 0.538000
v -0.206259 0.962000 0.524018
v -0.202626 0.975390 0.524610
v 0.182000 0.870000 0.602000
v 0.210000 0.898000 0.602000
v 0.182000 0.898000 0.630000
v 0.195982 0.873741 0.602000
v 0.182000 0.873741 0.615982
v 0.195390 0.877374 0.615390
v 0.206259 0.898000 0.615982
v 0.206259 0.884018 0.602000
v 0.202626 0.884610 0.615390
v 0.182000 0.884018 0.626259
v 0.195982 0.898000 0.626259
v 0.195390 0.884610 0.622626
v 0.182000 0.990000 0.602000
v 0.182000 0.962000 0.630000
v 0.210000 0.962000 0.602000
v 0.182000 0.986259 0.615982
v 0.195982 0.986259 0.602000
v 0.195390 0.982626 0.615390
v 0.195982 0.962000 0.626259
v 0.182000 0.975982 0.626259
v 0.195390 0.975390 0.622626
v 0.206259 0.975982 0.602000
v 0.206259 0.962000 0.615982
v 0.202626 0.975390 0.615390
v 0.182000 0.870000 0.538000
v 0.182000 0.898000 0.510000
v 0.210000 0.898000 0.538000
v 0.182000 0.873741 0.524018
v 0.195982 0.873741 0.538000
v 0.195390 0.877374 0.524610
v 0.195982 0.898000 0.513741
v 0.182000 0.884018 0.513741
v 0.195390 0.884610 0.517374
v 0.206259 0.884018 0.538000
v 0.206259 0.898000 0.524018
v 0.202626 0.884610 0.524610
v 0.182000 0.990000 0.538000
v 0.210000 0.962000 0.538000
v 0.182000 0.962000 0.510000
v 0.195982 0.986259 0.538000
v 0.182000 0.986259 0.524018
v 0.195390 0.982626 0.524610
v 0.206259 0.962000 0.524018
v 0.206259 0.975982 0.538000
v 0.202626 0.975390 0.524610
v 0.182000 0.975982 0.513741
v 0.195982 0.962000 0.513741
v 0.195390 0.975390 0.517374
vn -0.2566 -0.9318 0.2566
vn -0.2178 -0.6901 0.6901
vn -0.2566 -0.2566 0.9318
vn -0.6901 -0.2178 0.6901
vn -0.9318 -0.2566 0.2566
vn -0.6901 -0.6901 0.2178
vn -0.5774 -0.5774 0.5774
vn -0.2566 0.2566 0.9318
vn -0.2178 0.6901 0.6901
vn -0.2566 0.9318 0.2566
vn -0.6901 0.6901 0.2178
vn -0.9318 0.2566 0.2566
vn -0.6901 0.2178 0.6901
vn -0.5774 0.5774 0.5774
vn -0.2566 -0.9318 -0.2566
vn -0.6901 -0.6901 -0.2178
vn -0.9318 -0.2566 -0.2566
vn -0.6901 -0.2178 -0.6901
vn -0.2566 -0.2566 -0.9318
vn -0.2178 -0.6901 -0.6901
vn -0.5774 -0.5774 -0.5774
vn -0.2566 0.9318 -0.2566
vn -0.2178 0.6901 -0.6901
vn -0.2566 0.2566 -0.9318
vn -0.6901 0.2178 -0.6901
vn -0.9318 0.2566 -0.2566
vn -0.6901 0.6901 -0.2178
vn -0.5774 0.5774 -0.5774
vn 0.2566 -0.9318 0.2566
vn 0.6901 -0.6901 0.2178
vn 0.9318 -0.2566 0.2566
vn 0.6901 -0.2178 0.6901
vn 0.2566 -0.2566 0.9318
vn 0.2178 -0.6901 0.6901
vn 0.5774 -0.5774 0.5774
vn 0.2566 0.9318 0.2566
vn 0.2178 0.6901 0.6901
vn 0.2566 0.2566 0.9318
vn 0.6901 0.2178 0.6901
vn 0.9318 0.2566 0.2566
vn 0.6901 0.6901 0.2178
vn 0.5774 0.5774 0.5774
vn 0.2566 -0.9318 -0.2566
vn 0.2178 -0.6901 -0.6901
vn 0.2566 -0.2566 -0.9318
vn 0.6901 -0.2178 -0.6901
vn 0.9318 -0.2566 -0.2566
vn 0.6901 -0.6901 -0.2178
vn 0.5774 -0.5774 -0.5774
vn 0.2566 0.9318 -0.2566
vn 0.6901 0.6901 -0.2178
vn 0.9318 0.2566 -0.2566
vn 0.6901 0.2178 -0.6901
vn 0.2566 0.2566 -0.9318
vn 0.2178 0.6901 -0.6901
vn 0.5774 0.5774 -0.5774
vn -0.2585 -0.9660 -0.0000
vn -0.7071 -0.7071 -0.0000
vn -0.9660 -0.2585 -0.0000
vn -0.2585 -0.0000 0.9660
vn -0.7071 -0.0000 0.7071
vn -0.9660 -0.0000 0.2585
vn -0.2585 0.9660 -0.0000
vn -0.7071 0.7071 -0.0000
vn -0.9660 0.2585 -0.0000
vn -0.2585 -0.0000 -0.9660
vn -0.7071 -0.0000 -0.7071
vn -0.9660 -0.0000 -0.2585
vn -0.0000 -0.9660 -0.2585
vn -0.0000 -0.7071 -0.7071
vn -0.0000 -0.2585 -0.9660
vn -0.0000 0.9660 -0.2585
vn -0.0000 0.7071 -0.7071
vn -0.0000 0.2585 -0.9660
vn 0.9660 -0.0000 -0.2585
vn 0.7071 -0.0000 -0.7071
vn 0.2585 -0.0000 -0.9660
vn 0.2585 -0.9660 -0.0000
vn 0.7071 -0.7071 -0.0000
vn 0.9660 -0.2585 -0.0000
vn 0.2585 0.9660 -0.0000
vn 0.7071 0.7071 -0.0000
vn 0.9660 0.2585 -0.0000
vn 0.2585 -0.0000 0.9660
vn 0.7071 -0.0000 0.7071
vn 0.9660 -0.0000 0.2585
vn -0.0000 -0.9660 0.2585
vn -0.0000 -0.7071 0.7071
vn -0.0000 -0.2585 0.9660
vn -0.0000 0.9660 0.2585
vn -0.0000 0.7071 0.7071
vn -0.0000 0.2585 0.9660
vn -0.0000 -1.0000 -0.0000
vn -1.0000 -0.0000 -0.0000
vn -0.0000 -0.0000 1.0000
vn -0.0000 1.0000 -0.0000
vn -0.0000 -0.0000 -1.0000
vn 1.0000 -0.0000 -0.0000
vt 0.141667 0.691667
vt 0.141667 0.720795
vt 0.133696 0.719562
vt 0.133344 0.691667
vt 0.141667 0.750000
vt 0.133696 0.750000
vt 0.433333 0.983333
vt 0.433333 1.000000
vt 0.375000 0.991304
vt 0.375000 0.983333
vt 0.433333 0.000000
vt 0.433333 0.029205
vt 0.375000 0.030438
vt 0.375000 0.000000
vt 0.433333 0.058333
vt 0.375000 0.058333
vt 0.125000 0.691667
vt 0.125000 0.719562
vt 0.566667 0.983333
vt 0.595795 0.983333
vt 0.594562 1.000000
vt 0.566667 1.000000
vt 0.625000 0.983333
vt 0.625000 1.000000
vt 0.858333 0.691667
vt 0.875000 0.691667
vt 0.875000 0.719562
vt 0.858333 0.750000
vt 0.625000 0.058333
vt 0.595795 0.058333
vt 0.594562 0.030438
vt 0.625000 0.030438
vt 0.566667 0.058333
vt 0.566667 0.029205
vt 0.566667 0.000000
vt 0.594562 0.000000
vt 0.141667 0.558333
vt 0.133344 0.558333
vt 0.133696 0.530438
vt 0.141667 0.529205
vt 0.125000 0.558333
vt 0.125000 0.530438
vt 0.433333 0.191667
vt 0.433333 0.220795
vt 0.375000 0.219562
vt 0.375000 0.191667
vt 0.433333 0.258344
vt 0.375000 0.258696
vt 0.433333 0.266667
vt 0.375000 0.266667
vt 0.141667 0.500000
vt 0.133696 0.500000
vt 0.858333 0.558333
vt 0.858333 0.500000
vt 0.875000 0.530438
vt 0.875000 0.558333
vt 0.625000 0.266667
vt 0.595795 0.266667
vt 0.594562 0.256835
vt 0.625000 0.232989
vt 0.566667 0.266667
vt 0.566667 0.258344
vt 0.566667 0.220795
vt 0.594562 0.219562
vt 0.566667 0.191667
vt 0.595795 0.191667
vt 0.625000 0.191667
vt 0.358333 0.691667
vt 0.366656 0.691667
vt 0.366304 0.719562
vt 0.358333 0.720795
vt 0.404205 0.691667
vt 0.402743 0.719562
vt 0.433333 0.691667
vt 0.433333 0.720795
vt 0.433333 0.758344
vt 0.371806 0.755502
vt 0.433333 0.766667
vt 0.366673 0.758340
vt 0.641667 0.691666
vt 0.633340 0.758327
vt 0.630502 0.753194
vt 0.633344 0.691667
vt 0.595795 0.766667
vt 0.594562 0.758696
vt 0.566667 0.766667
vt 0.566667 0.758344
vt 0.566667 0.720795
vt 0.594562 0.722257
vt 0.566667 0.691667
vt 0.595795 0.691667
vt 0.358333 0.558333
vt 0.358333 0.529205
vt 0.366304 0.530438
vt 0.366656 0.558333
vt 0.366673 0.491660
vt 0.371806 0.494498
vt 0.433333 0.483333
vt 0.433333 0.491656
vt 0.433333 0.529205
vt 0.402743 0.530438
vt 0.433333 0.558333
vt 0.404205 0.558333
vt 0.641667 0.558333
vt 0.633344 0.558333
vt 0.630502 0.496806
vt 0.633340 0.491673
vt 0.595795 0.558333
vt 0.594562 0.527743
vt 0.566667 0.558333
vt 0.566667 0.529205
vt 0.566667 0.491656
vt 0.594562 0.491303
vt 0.566667 0.483333
vt 0.595795 0.483333
s 0
usemtl PlateEdge
f 935/1214/932 938/1215/932 940/1216/932 939/1217/932
f 938/1215/933 942/1218/933 943/1219/933 940/1216/933
f 936/1220/934 941/1221/934 943/1222/934 942/1223/934
f 941/1224/935 945/1225/935 946/1226/935 943/1227/935
f 937/1228/936 944/1229/936 946/1226/936 945/1225/936
f 944/1230/937 939/1217/937 940/1216/937 946/1231/937
f 940/1216/938 943/1219/938 946/1231/938
f 947/1232/939 950/1233/939 952/1234/939 951/1235/939
f 950/1233/940 954/1236/940 955/1237/940 952/1234/940
f 948/1238/941 953/1239/941 955/1240/941 954/1241/941
f 953/1242/942 957/1243/942 958/1244/942 955/1245/942
f 949/1246/943 956/1247/943 958/1244/943 957/1243/943
f 956/1247/944 951/1248/944 952/1249/944 958/1244/944
f 952/1249/945 955/1245/945 958/1244/945
f 959/1250/946 962/1251/946 964/1252/946 963/1253/946
f 962/1251/947 966/1254/947 967/1255/947 964/1252/947
f 960/1256/948 965/1257/948 967/1258/948 966/1259/948
f 965/1257/949 969/1260/949 970/1261/949 967/1258/949
f 961/1262/950 968/1263/950 970/1261/950 969/1260/950
f 968/1264/951 963/1253/951 964/1252/951 970/1265/951
f 964/1252/952 967/1255/952 970/1265/952
f 971/1266/953 974/1267/953 976/1268/953 975/1269/953
f 974/1270/954 978/1271/954 979/1272/954 976/1273/954
f 972/1274/955 977/1275/955 979/1272/955 978/1271/955
f 977/1275/956 981/1276/956 982/1277/956 979/1272/956
f 973/1278/957 980/1279/957 982/1277/957 981/1276/957
f 980/1279/958 975/1280/958 976/1273/958 982/1277/958
f 976/1273/959 979/1272/959 982/1277/959
f 983/1281/960 986/1282/960 988/1283/960 987/1284/960
f 986/1282/961 990/1285/961 991/1286/961 988/1283/961
f 984/1287/962 989/1288/962 991/1286/962 990/1285/962
f 989/1288/963 993/1289/963 994/1290/963 991/1286/963
f 985/1291/964 992/1292/964 994/1290/964 993/1289/964
f 992/1292/965 987/1284/965 988/1283/965 994/1290/965
f 988/1283/966 991/1286/966 994/1290/966
f 995/1293/967 998/1294/967 1000/1295/967 999/1296/967
f 998/1294/968 1002/1297/968 1003/1298/968 1000/1295/968
f 996/1299/969 1001/1300/969 1003/1298/969 1002/1297/969
f 1001/1300/970 1005/1301/970 1006/1302/970 1003/1298/970
f 997/1303/971 1004/1304/971 1006/1302/971 1005/1301/971
f 1004/1304/972 999/1296/972 1000/1295/972 1006/1302/972
f 1000/1295/973 1003/1298/973 1006/1302/973
f 1007/1305/974 1010/1306/974 1012/1307/974 1011/1308/974
f 1010/1306/975 1014/1309/975 1015/1310/975 1012/1307/975
f 1008/1311/976 1013/1312/976 1015/1310/976 1014/1309/976
f 1013/1312/977 1017/1313/977 1018/1314/977 1015/1310/977
f 1009/1315/978 1016/1316/978 1018/1314/978 1017/1313/978
f 1016/1316/979 1011/1308/979 1012/1307/979 1018/1314/979
f 1012/1307/980 1015/1310/980 1018/1314/980
f 1019/1317/981 1022/1318/981 1024/1319/981 1023/1320/981
f 1022/1318/982 1026/1321/982 1027/1322/982 1024/1319/982
f 1020/1323/983 1025/1324/983 1027/1322/983 1026/1321/983
f 1025/1324/984 1029/1325/984 1030/1326/984 1027/1322/984
f 1021/1327/985 1028/1328/985 1030/1326/985 1029/1325/985
f 1028/1328/986 1023/1320/986 1024/1319/986 1030/1326/986
f 1024/1319/987 1027/1322/987 1030/1326/987
f 959/1250/988 935/1214/988 939/1217/988 962/1251/988
f 962/1251/989 939/1217/989 944/1230/989 966/1254/989
f 966/1259/990 944/1229/990 937/1228/990 960/1256/990
f 936/1220/991 947/1232/991 951/1235/991 941/1221/991
f 941/1224/992 951/1248/992 956/1247/992 945/1225/992
f 945/1225/993 956/1247/993 949/1246/993 937/1228/993
f 948/1238/994 971/1266/994 975/1269/994 953/1239/994
f 953/1242/995 975/1280/995 980/1279/995 957/1243/995
f 957/1243/996 980/1279/996 973/1278/996 949/1246/996
f 972/1274/997 961/1262/997 969/1260/997 977/1275/997
f 977/1275/998 969/1260/998 965/1257/998 981/1276/998
f 981/1276/999 965/1257/999 960/1256/999 973/1278/999
f 1007/1305/1000 959/1250/1000 963/1253/1000 1010/1306/1000
f 1010/1306/1001 963/1253/1001 968/1264/1001 1014/1309/1001
f 1014/1309/1002 968/1263/1002 961/1262/1002 1008/1311/1002
f 971/1266/1003 1019/1317/1003 1023/1320/1003 974/1267/1003
f 974/1270/1004 1023/1320/1004 1028/1328/1004 978/1271/1004
f 978/1271/1005 1028/1328/1005 1021/1327/1005 972/1274/1005
f 1020/1323/1006 1009/1315/1006 1017/1313/1006 1025/1324/1006
f 1025/1324/1007 1017/1313/1007 1013/1312/1007 1029/1325/1007
f 1029/1325/1008 1013/1312/1008 1008/1311/1008 1021/1327/1008
f 983/1281/1009 1007/1305/1009 1011/1308/1009 986/1282/1009
f 986/1282/1010 1011/1308/1010 1016/1316/1010 990/1285/1010
f 990/1285/1011 1016/1316/1011 1009/1315/1011 984/1287/1011
f 1019/1317/1012 995/1293/1012 999/1296/1012 1022/1318/1012
f 1022/1318/1013 999/1296/1013 1004/1304/1013 1026/1321/1013
f 1026/1321/1014 1004/1304/1014 997/1303/1014 1020/1323/1014
f 996/1299/1015 985/1291/1015 993/1289/1015 1001/1300/1015
f 1001/1300/1016 993/1289/1016 989/1288/1016 1005/1301/1016
f 1005/1301/1017 989/1288/1017 984/1287/1017 997/1303/1017
f 935/1214/1018 983/1281/1018 987/1284/1018 938/1215/1018
f 938/1215/1019 987/1284/1019 992/1292/1019 942/1218/1019
f 942/1223/1020 992/1292/1020 985/1291/1020 936/1220/1020
f 995/1293/1021 948/1238/1021 954/1241/1021 998/1294/1021
f 998/1294/1022 954/1236/1022 950/1233/1022 1002/1297/1022
f 1002/1297/1023 950/1233/1023 947/1232/1023 996/1299/1023
f 959/1250/1024 1007/1305/1024 983/1281/1024 935/1214/1024
f 937/1228/1025 949/1246/1025 973/1278/1025 960/1256/1025
f 985/1291/1026 996/1299/1026 947/1232/1026 936/1220/1026
f 1019/1317/1027 971/1266/1027 948/1238/1027 995/1293/1027
f 961/1262/1028 972/1274/1028 1021/1327/1028 1008/1311/1028
f 1009/1315/1029 1020/1323/1029 997/1303/1029 984/1287/1029
o royal_bronze_pin.001
v -0.070000 0.880000 0.250000
v 0.070000 0.880000 0.250000
v -0.070000 0.850000 0.258038
v 0.070000 0.850000 0.258038
v -0.070000 0.828038 0.280000
v 0.070000 0.828038 0.280000
v -0.070000 0.820000 0.310000
v 0.070000 0.820000 0.310000
v -0.070000 0.828038 0.340000
v 0.070000 0.828038 0.340000
v -0.070000 0.850000 0.361962
v 0.070000 0.850000 0.361962
v -0.070000 0.880000 0.370000
v 0.070000 0.880000 0.370000
v -0.070000 0.910000 0.361962
v 0.070000 0.910000 0.361962
v -0.070000 0.931962 0.340000
v 0.070000 0.931962 0.340000
v -0.070000 0.940000 0.310000
v 0.070000 0.940000 0.310000
v -0.070000 0.931962 0.280000
v 0.070000 0.931962 0.280000
v -0.070000 0.910000 0.258038
v 0.070000 0.910000 0.258038
vn -0.6532 -0.0000 -0.7572
vn 0.6532 -0.0000 -0.7572
vn -0.6532 -0.3786 -0.6557
vn 0.6532 -0.3786 -0.6557
vn -0.6532 -0.6557 -0.3786
vn 0.6532 -0.6557 -0.3786
vn -0.6532 -0.7572 -0.0000
vn 0.6532 -0.7572 -0.0000
vn -0.6532 -0.6557 0.3786
vn 0.6532 -0.6557 0.3786
vn -0.6532 -0.3786 0.6557
vn 0.6532 -0.3786 0.6557
vn -0.6532 -0.0000 0.7572
vn 0.6532 -0.0000 0.7572
vn -0.6532 0.3786 0.6557
vn 0.6532 0.3786 0.6557
vn -0.6532 0.6557 0.3786
vn 0.6532 0.6557 0.3786
vn -0.6532 0.7572 -0.0000
vn 0.6532 0.7572 -0.0000
vn -0.6532 0.6557 -0.3786
vn 0.6532 0.6557 -0.3786
vn -0.6532 0.3786 -0.6557
vn 0.6532 0.3786 -0.6557
vt 1.000000 0.500000
vt 1.000000 1.000000
vt 0.916667 1.000000
vt 0.916667 0.500000
vt 0.833333 1.000000
vt 0.833333 0.500000
vt 0.750000 1.000000
vt 0.750000 0.500000
vt 0.666667 1.000000
vt 0.666667 0.500000
vt 0.583333 1.000000
vt 0.583333 0.500000
vt 0.500000 1.000000
vt 0.500000 0.500000
vt 0.416667 1.000000
vt 0.416667 0.500000
vt 0.333333 1.000000
vt 0.333333 0.500000
vt 0.250000 1.000000
vt 0.250000 0.500000
vt 0.166667 1.000000
vt 0.166667 0.500000
vt 0.370000 0.457846
vt 0.250000 0.490000
vt 0.130000 0.457846
vt 0.042154 0.370000
vt 0.010000 0.250000
vt 0.042154 0.130000
vt 0.130000 0.042154
vt 0.250000 0.010000
vt 0.370000 0.042154
vt 0.457846 0.130000
vt 0.490000 0.250000
vt 0.457846 0.370000
vt 0.083333 1.000000
vt 0.083333 0.500000
vt 0.000000 1.000000
vt 0.000000 0.500000
vt 0.750000 0.490000
vt 0.870000 0.457846
vt 0.957846 0.370000
vt 0.990000 0.250000
vt 0.957846 0.130000
vt 0.870000 0.042154
vt 0.750000 0.010000
vt 0.630000 0.042154
vt 0.542154 0.130000
vt 0.510000 0.250000
vt 0.542154 0.370000
vt 0.630000 0.457846
s 1
usemtl WornBronze
f 1031/1329/1030 1032/1330/1031 1034/1331/1033 1033/1332/1032
f 1033/1332/1032 1034/1331/1033 1036/1333/1035 1035/1334/1034
f 1035/1334/1034 1036/1333/1035 1038/1335/1037 1037/1336/1036
f 1037/1336/1036 1038/1335/1037 1040/1337/1039 1039/1338/1038
f 1039/1338/1038 1040/1337/1039 1042/1339/1041 1041/1340/1040
f 1041/1340/1040 1042/1339/1041 1044/1341/1043 1043/1342/1042
f 1043/1342/1042 1044/1341/1043 1046/1343/1045 1045/1344/1044
f 1045/1344/1044 1046/1343/1045 1048/1345/1047 1047/1346/1046
f 1047/1346/1046 1048/1345/1047 1050/1347/1049 1049/1348/1048
f 1049/1348/1048 1050/1347/1049 1052/1349/1051 1051/1350/1050
f 1034/1351/1033 1032/1352/1031 1054/1353/1053 1052/1354/1051 1050/1355/1049 1048/1356/1047 1046/1357/1045 1044/1358/1043 1042/1359/1041 1040/1360/1039 1038/1361/1037 1036/1362/1035
f 1051/1350/1050 1052/1349/1051 1054/1363/1053 1053/1364/1052
f 1053/1364/1052 1054/1363/1053 1032/1365/1031 1031/1366/1030
f 1031/1367/1030 1033/1368/1032 1035/1369/1034 1037/1370/1036 1039/1371/1038 1041/1372/1040 1043/1373/1042 1045/1374/1044 1047/1375/1046 1049/1376/1048 1051/1377/1050 1053/1378/1052
o royal_bolt.001
v 0.000000 1.030000 0.800000
v 0.000000 0.971200 1.360000
v 0.054728 1.003644 0.800000
v 0.008757 0.966983 1.360000
v 0.068245 0.944423 0.800000
v 0.010919 0.957508 1.360000
v 0.030372 0.896932 0.800000
v 0.004859 0.949909 1.360000
v -0.030372 0.896932 0.800000
v -0.004859 0.949909 1.360000
v -0.068245 0.944423 0.800000
v -0.010919 0.957508 1.360000
v -0.054728 1.003644 0.800000
v -0.008757 0.966983 1.360000
vn 0.4320 0.8970 0.0942
vn 0.9706 0.2215 0.0942
vn 0.7784 -0.6207 0.0942
vn -0.0000 -0.9956 0.0942
vn -0.7784 -0.6207 0.0942
vn -0.0000 -0.0000 1.0000
vn -0.9706 0.2215 0.0942
vn -0.4320 0.8970 0.0942
vn -0.0000 -0.0000 -1.0000
vt 1.000000 0.500000
vt 1.000000 1.000000
vt 0.857143 1.000000
vt 0.857143 0.500000
vt 0.714286 1.000000
vt 0.714286 0.500000
vt 0.571429 1.000000
vt 0.571429 0.500000
vt 0.428571 1.000000
vt 0.428571 0.500000
vt 0.285714 1.000000
vt 0.285714 0.500000
vt 0.437640 0.399638
vt 0.250000 0.490000
vt 0.062360 0.399638
vt 0.016017 0.196595
vt 0.145868 0.033767
vt 0.354132 0.033767
vt 0.483983 0.196595
vt 0.142857 1.000000
vt 0.142857 0.500000
vt 0.000000 1.000000
vt 0.000000 0.500000
vt 0.750000 0.490000
vt 0.937640 0.399638
vt 0.983983 0.196595
vt 0.854132 0.033768
vt 0.645868 0.033768
vt 0.516017 0.196595
vt 0.562360 0.399638
s 0
usemtl PlateEdge
f 1055/1379/1054 1056/1380/1054 1058/1381/1054 1057/1382/1054
f 1057/1382/1055 1058/1381/1055 1060/1383/1055 1059/1384/1055
f 1059/1384/1056 1060/1383/1056 1062/1385/1056 1061/1386/1056
f 1061/1386/1057 1062/1385/1057 1064/1387/1057 1063/1388/1057
f 1063/1388/1058 1064/1387/1058 1066/1389/1058 1065/1390/1058
f 1058/1391/1059 1056/1392/1059 1068/1393/1059 1066/1394/1059 1064/1395/1059 1062/1396/1059 1060/1397/1059
f 1065/1390/1060 1066/1389/1060 1068/1398/1060 1067/1399/1060
f 1067/1399/1061 1068/1398/1061 1056/1400/1061 1055/1401/1061
f 1055/1402/1062 1057/1403/1062 1059/1404/1062 1061/1405/1062 1063/1406/1062 1065/1407/1062 1067/1408/1062
o royal_bow_stock.002
v 0.312000 0.750000 0.648000
v 0.312000 0.782000 0.680000
v 0.280000 0.782000 0.648000
v 0.312000 0.754275 0.663979
v 0.296021 0.754275 0.648000
v 0.296697 0.758428 0.663303
v 0.296021 0.782000 0.675725
v 0.312000 0.766021 0.675725
v 0.296697 0.766697 0.671572
v 0.284275 0.766021 0.648000
v 0.284275 0.782000 0.663979
v 0.288428 0.766697 0.663303
v 0.312000 0.858000 0.680000
v 0.312000 0.890000 0.648000
v 0.280000 0.858000 0.648000
v 0.312000 0.873979 0.675725
v 0.296021 0.858000 0.675725
v 0.296697 0.873303 0.671572
v 0.296021 0.885725 0.648000
v 0.312000 0.885725 0.663979
v 0.296697 0.881572 0.663303
v 0.284275 0.858000 0.663979
v 0.284275 0.873979 0.648000
v 0.288428 0.873303 0.663303
v 0.312000 0.750000 -0.368000
v 0.280000 0.782000 -0.368000
v 0.312000 0.782000 -0.400000
v 0.296021 0.754275 -0.368000
v 0.312000 0.754275 -0.383979
v 0.296697 0.758428 -0.383303
v 0.284275 0.782000 -0.383979
v 0.284275 0.766021 -0.368000
v 0.288428 0.766697 -0.383303
v 0.312000 0.766021 -0.395725
v 0.296021 0.782000 -0.395725
v 0.296697 0.766697 -0.391572
v 0.312000 0.890000 -0.368000
v 0.312000 0.858000 -0.400000
v 0.280000 0.858000 -0.368000
v 0.312000 0.885725 -0.383979
v 0.296021 0.885725 -0.368000
v 0.296697 0.881572 -0.383303
v 0.296021 0.858000 -0.395725
v 0.312000 0.873979 -0.395725
v 0.296697 0.873303 -0.391572
v 0.284275 0.873979 -0.368000
v 0.284275 0.858000 -0.383979
v 0.288428 0.873303 -0.383303
v 0.408000 0.750000 0.648000
v 0.440000 0.782000 0.648000
v 0.408000 0.782000 0.680000
v 0.423979 0.754275 0.648000
v 0.408000 0.754275 0.663979
v 0.423303 0.758428 0.663303
v 0.435725 0.782000 0.663979
v 0.435725 0.766021 0.648000
v 0.431572 0.766697 0.663303
v 0.408000 0.766021 0.675725
v 0.423979 0.782000 0.675725
v 0.423303 0.766697 0.671572
v 0.408000 0.890000 0.648000
v 0.408000 0.858000 0.680000
v 0.440000 0.858000 0.648000
v 0.408000 0.885725 0.663979
v 0.423979 0.885725 0.648000
v 0.423303 0.881572 0.663303
v 0.423979 0.858000 0.675725
v 0.408000 0.873979 0.675725
v 0.423303 0.873303 0.671572
v 0.435725 0.873979 0.648000
v 0.435725 0.858000 0.663979
v 0.431572 0.873303 0.663303
v 0.408000 0.750000 -0.368000
v 0.408000 0.782000 -0.400000
v 0.440000 0.782000 -0.368000
v 0.408000 0.754275 -0.383979
v 0.423979 0.754275 -0.368000
v 0.423303 0.758428 -0.383303
v 0.423979 0.782000 -0.395725
v 0.408000 0.766021 -0.395725
v 0.423303 0.766697 -0.391572
v 0.435725 0.766021 -0.368000
v 0.435725 0.782000 -0.383979
v 0.431572 0.766697 -0.383303
v 0.408000 0.890000 -0.368000
v 0.440000 0.858000 -0.368000
v 0.408000 0.858000 -0.400000
v 0.423979 0.885725 -0.368000
v 0.408000 0.885725 -0.383979
v 0.423303 0.881572 -0.383303
v 0.435725 0.858000 -0.383979
v 0.435725 0.873979 -0.368000
v 0.431572 0.873303 -0.383303
v 0.408000 0.873979 -0.395725
v 0.423979 0.858000 -0.395725
v 0.423303 0.873303 -0.391572
vn -0.2566 -0.9318 0.2566
vn -0.2178 -0.6901 0.6901
vn -0.2566 -0.2566 0.9318
vn -0.6901 -0.2178 0.6901
vn -0.9318 -0.2566 0.2566
vn -0.6901 -0.6901 0.2178
vn -0.5773 -0.5774 0.5773
vn -0.2566 0.2566 0.9318
vn -0.2178 0.6901 0.6901
vn -0.2566 0.9318 0.2566
vn -0.6901 0.6901 0.2178
vn -0.9318 0.2566 0.2566
vn -0.6901 0.2178 0.6901
vn -0.5773 0.5774 0.5773
vn -0.2566 -0.9318 -0.2566
vn -0.6901 -0.6901 -0.2178
vn -0.9318 -0.2566 -0.2566
vn -0.6901 -0.2178 -0.6901
vn -0.2566 -0.2566 -0.9318
vn -0.2178 -0.6901 -0.6901
vn -0.5773 -0.5774 -0.5773
vn -0.2566 0.9318 -0.2566
vn -0.2178 0.6901 -0.6901
vn -0.2566 0.2566 -0.9318
vn -0.6901 0.2178 -0.6901
vn -0.9318 0.2566 -0.2566
vn -0.6901 0.6901 -0.2178
vn -0.5773 0.5774 -0.5773
vn 0.2566 -0.9318 0.2566
vn 0.6901 -0.6901 0.2178
vn 0.9318 -0.2566 0.2566
vn 0.6901 -0.2178 0.6901
vn 0.2566 -0.2566 0.9318
vn 0.2178 -0.6901 0.6901
vn 0.5773 -0.5774 0.5773
vn 0.2566 0.9318 0.2566
vn 0.2178 0.6901 0.6901
vn 0.2566 0.2566 0.9318
vn 0.6901 0.2178 0.6901
vn 0.9318 0.2566 0.2566
vn 0.6901 0.6901 0.2178
vn 0.5773 0.5774 0.5773
vn 0.2566 -0.9318 -0.2566
vn 0.2178 -0.6901 -0.6901
vn 0.2566 -0.2566 -0.9318
vn 0.6901 -0.2178 -0.6901
vn 0.9318 -0.2566 -0.2566
vn 0.6901 -0.6901 -0.2178
vn 0.5773 -0.5774 -0.5773
vn 0.2566 0.9318 -0.2566
vn 0.6901 0.6901 -0.2178
vn 0.9318 0.2566 -0.2566
vn 0.6901 0.2178 -0.6901
vn 0.2566 0.2566 -0.9318
vn 0.2178 0.6901 -0.6901
vn 0.5773 0.5774 -0.5773
vn -0.2585 -0.9660 -0.0000
vn -0.7071 -0.7071 -0.0000
vn -0.9660 -0.2585 -0.0000
vn -0.2585 -0.0000 0.9660
vn -0.7071 -0.0000 0.7071
vn -0.9660 -0.0000 0.2585
vn -0.2585 0.9660 -0.0000
vn -0.7071 0.7071 -0.0000
vn -0.9660 0.2585 -0.0000
vn -0.2585 -0.0000 -0.9660
vn -0.7071 -0.0000 -0.7071
vn -0.9660 -0.0000 -0.2585
vn -0.0000 -0.9660 -0.2585
vn -0.0000 -0.7071 -0.7071
vn -0.0000 -0.2585 -0.9660
vn -0.0000 0.9660 -0.2585
vn -0.0000 0.7071 -0.7071
vn -0.0000 0.2585 -0.9660
vn 0.9660 -0.0000 -0.2585
vn 0.7071 -0.0000 -0.7071
vn 0.2585 -0.0000 -0.9660
vn 0.2585 -0.9660 -0.0000
vn 0.7071 -0.7071 -0.0000
vn 0.9660 -0.2585 -0.0000
vn 0.2585 0.9660 -0.0000
vn 0.7071 0.7071 -0.0000
vn 0.9660 0.2585 -0.0000
vn 0.2585 -0.0000 0.9660
vn 0.7071 -0.0000 0.7071
vn 0.9660 -0.0000 0.2585
vn -0.0000 -0.9660 0.2585
vn -0.0000 -0.7071 0.7071
vn -0.0000 -0.2585 0.9660
vn -0.0000 0.9660 0.2585
vn -0.0000 0.7071 0.7071
vn -0.0000 0.2585 0.9660
vn -0.0000 -1.0000 -0.0000
vn -1.0000 -0.0000 -0.0000
vn -0.0000 -0.0000 1.0000
vn -0.0000 1.0000 -0.0000
vn -0.0000 -0.0000 -1.0000
vn 1.0000 -0.0000 -0.0000
vt 0.175000 0.742593
vt 0.175000 0.746291
vt 0.151089 0.746135
vt 0.150033 0.742593
vt 0.175000 0.750000
vt 0.151089 0.750000
vt 0.432143 0.950000
vt 0.432143 1.000000
vt 0.375000 0.973911
vt 0.375000 0.950000
vt 0.432143 0.000000
vt 0.432143 0.003709
vt 0.375000 0.003865
vt 0.375000 0.000000
vt 0.432143 0.007407
vt 0.375000 0.007407
vt 0.125000 0.742593
vt 0.125000 0.746135
vt 0.567857 0.950000
vt 0.596391 0.950000
vt 0.595184 1.000000
vt 0.567857 1.000000
vt 0.625000 0.950000
vt 0.625000 1.000000
vt 0.825000 0.742593
vt 0.875000 0.742593
vt 0.875000 0.746135
vt 0.825000 0.750000
vt 0.625000 0.007407
vt 0.596391 0.007407
vt 0.595183 0.003865
vt 0.625000 0.003865
vt 0.567857 0.007407
vt 0.567857 0.003709
vt 0.567857 0.000000
vt 0.595183 0.000000
vt 0.175000 0.507407
vt 0.150033 0.507407
vt 0.151089 0.503865
vt 0.175000 0.503709
vt 0.125000 0.507407
vt 0.125000 0.503865
vt 0.432143 0.242593
vt 0.432143 0.246291
vt 0.375000 0.246135
vt 0.375000 0.242593
vt 0.432143 0.275033
vt 0.375000 0.276089
vt 0.432143 0.300000
vt 0.375000 0.300000
vt 0.175000 0.500000
vt 0.151089 0.500000
vt 0.825000 0.507407
vt 0.825000 0.500000
vt 0.875000 0.503865
vt 0.875000 0.507407
vt 0.625000 0.300000
vt 0.596391 0.300000
vt 0.595184 0.273920
vt 0.625000 0.247840
vt 0.567857 0.300000
vt 0.567857 0.275033
vt 0.567857 0.246291
vt 0.595184 0.246135
vt 0.567857 0.242593
vt 0.596391 0.242593
vt 0.625000 0.242593
vt 0.325000 0.742593
vt 0.349967 0.742593
vt 0.348911 0.746135
vt 0.325000 0.746291
vt 0.403609 0.742593
vt 0.401491 0.746135
vt 0.432143 0.742593
vt 0.432143 0.746291
vt 0.432143 0.775033
vt 0.365418 0.766507
vt 0.432143 0.800000
vt 0.350230 0.775230
vt 0.675000 0.742593
vt 0.650230 0.774770
vt 0.641507 0.759582
vt 0.650033 0.742593
vt 0.596391 0.800000
vt 0.595183 0.776089
vt 0.567857 0.800000
vt 0.567857 0.775033
vt 0.567857 0.746291
vt 0.595183 0.747453
vt 0.567857 0.742593
vt 0.596391 0.742593
vt 0.325000 0.507407
vt 0.325000 0.503709
vt 0.348911 0.503865
vt 0.349967 0.507407
vt 0.350230 0.474770
vt 0.365418 0.483493
vt 0.432143 0.450000
vt 0.432143 0.474967
vt 0.432143 0.503709
vt 0.401491 0.503865
vt 0.432143 0.507407
vt 0.403609 0.507407
vt 0.675000 0.507407
vt 0.650033 0.507407
vt 0.641507 0.490418
vt 0.650230 0.475230
vt 0.596391 0.507407
vt 0.595183 0.502547
vt 0.567857 0.507407
vt 0.567857 0.503709
vt 0.567857 0.474967
vt 0.595184 0.473911
vt 0.567857 0.450000
vt 0.596391 0.450000
s 0
usemtl OiledOak
f 1069/1409/1063 1072/1410/1063 1074/1411/1063 1073/1412/1063
f 1072/1410/1064 1076/1413/1064 1077/1414/1064 1074/1411/1064
f 1070/1415/1065 1075/1416/1065 1077/1417/1065 1076/1418/1065
f 1075/1419/1066 1079/1420/1066 1080/1421/1066 1077/1422/1066
f 1071/1423/1067 1078/1424/1067 1080/1421/1067 1079/1420/1067
f 1078/1425/1068 1073/1412/1068 1074/1411/1068 1080/1426/1068
f 1074/1411/1069 1077/1414/1069 1080/1426/1069
f 1081/1427/1070 1084/1428/1070 1086/1429/1070 1085/1430/1070
f 1084/1428/1071 1088/1431/1071 1089/1432/1071 1086/1429/1071
f 1082/1433/1072 1087/1434/1072 1089/1435/1072 1088/1436/1072
f 1087/1437/1073 1091/1438/1073 1092/1439/1073 1089/1440/1073
f 1083/1441/1074 1090/1442/1074 1092/1439/1074 1091/1438/1074
f 1090/1442/1075 1085/1443/1075 1086/1444/1075 1092/1439/1075
f 1086/1444/1076 1089/1440/1076 1092/1439/1076
f 1093/1445/1077 1096/1446/1077 1098/1447/1077 1097/1448/1077
f 1096/1446/1078 1100/1449/1078 1101/1450/1078 1098/1447/1078
f 1094/1451/1079 1099/1452/1079 1101/1453/1079 1100/1454/1079
f 1099/1452/1080 1103/1455/1080 1104/1456/1080 1101/1453/1080
f 1095/1457/1081 1102/1458/1081 1104/1456/1081 1103/1455/1081
f 1102/1459/1082 1097/1448/1082 1098/1447/1082 1104/1460/1082
f 1098/1447/1083 1101/1450/1083 1104/1460/1083
f 1105/1461/1084 1108/1462/1084 1110/1463/1084 1109/1464/1084
f 1108/1465/1085 1112/1466/1085 1113/1467/1085 1110/1468/1085
f 1106/1469/1086 1111/1470/1086 1113/1467/1086 1112/1466/1086
f 1111/1470/1087 1115/1471/1087 1116/1472/1087 1113/1467/1087
f 1107/1473/1088 1114/1474/1088 1116/1472/1088 1115/1471/1088
f 1114/1474/1089 1109/1475/1089 1110/1468/1089 1116/1472/1089
f 1110/1468/1090 1113/1467/1090 1116/1472/1090
f 1117/1476/1091 1120/1477/1091 1122/1478/1091 1121/1479/1091
f 1120/1477/1092 1124/1480/1092 1125/1481/1092 1122/1478/1092
f 1118/1482/1093 1123/1483/1093 1125/1481/1093 1124/1480/1093
f 1123/1483/1094 1127/1484/1094 1128/1485/1094 1125/1481/1094
f 1119/1486/1095 1126/1487/1095 1128/1485/1095 1127/1484/1095
f 1126/1487/1096 1121/1479/1096 1122/1478/1096 1128/1485/1096
f 1122/1478/1097 1125/1481/1097 1128/1485/1097
f 1129/1488/1098 1132/1489/1098 1134/1490/1098 1133/1491/1098
f 1132/1489/1099 1136/1492/1099 1137/1493/1099 1134/1490/1099
f 1130/1494/1100 1135/1495/1100 1137/1493/1100 1136/1492/1100
f 1135/1495/1101 1139/1496/1101 1140/1497/1101 1137/1493/1101
f 1131/1498/1102 1138/1499/1102 1140/1497/1102 1139/1496/1102
f 1138/1499/1103 1133/1491/1103 1134/1490/1103 1140/1497/1103
f 1134/1490/1104 1137/1493/1104 1140/1497/1104
f 1141/1500/1105 1144/1501/1105 1146/1502/1105 1145/1503/1105
f 1144/1501/1106 1148/1504/1106 1149/1505/1106 1146/1502/1106
f 1142/1506/1107 1147/1507/1107 1149/1505/1107 1148/1504/1107
f 1147/1507/1108 1151/1508/1108 1152/1509/1108 1149/1505/1108
f 1143/1510/1109 1150/1511/1109 1152/1509/1109 1151/1508/1109
f 1150/1511/1110 1145/1503/1110 1146/1502/1110 1152/1509/1110
f 1146/1502/1111 1149/1505/1111 1152/1509/1111
f 1153/1512/1112 1156/1513/1112 1158/1514/1112 1157/1515/1112
f 1156/1513/1113 1160/1516/1113 1161/1517/1113 1158/1514/1113
f 1154/1518/1114 1159/1519/1114 1161/1517/1114 1160/1516/1114
f 1159/1519/1115 1163/1520/1115 1164/1521/1115 1161/1517/1115
f 1155/1522/1116 1162/1523/1116 1164/1521/1116 1163/1520/1116
f 1162/1523/1117 1157/1515/1117 1158/1514/1117 1164/1521/1117
f 1158/1514/1118 1161/1517/1118 1164/1521/1118
f 1093/1445/1119 1069/1409/1119 1073/1412/1119 1096/1446/1119
f 1096/1446/1120 1073/1412/1120 1078/1425/1120 1100/1449/1120
f 1100/1454/1121 1078/1424/1121 1071/1423/1121 1094/1451/1121
f 1070/1415/1122 1081/1427/1122 1085/1430/1122 1075/1416/1122
f 1075/1419/1123 1085/1443/1123 1090/1442/1123 1079/1420/1123
f 1079/1420/1124 1090/1442/1124 1083/1441/1124 1071/1423/1124
f 1082/1433/1125 1105/1461/1125 1109/1464/1125 1087/1434/1125
f 1087/1437/1126 1109/1475/1126 1114/1474/1126 1091/1438/1126
f 1091/1438/1127 1114/1474/1127 1107/1473/1127 1083/1441/1127
f 1106/1469/1128 1095/1457/1128 1103/1455/1128 1111/1470/1128
f 1111/1470/1129 1103/1455/1129 1099/1452/1129 1115/1471/1129
f 1115/1471/1130 1099/1452/1130 1094/1451/1130 1107/1473/1130
f 1141/1500/1131 1093/1445/1131 1097/1448/1131 1144/1501/1131
f 1144/1501/1132 1097/1448/1132 1102/1459/1132 1148/1504/1132
f 1148/1504/1133 1102/1458/1133 1095/1457/1133 1142/1506/1133
f 1105/1461/1134 1153/1512/1134 1157/1515/1134 1108/1462/1134
f 1108/1465/1135 1157/1515/1135 1162/1523/1135 1112/1466/1135
f 1112/1466/1136 1162/1523/1136 1155/1522/1136 1106/1469/1136
f 1154/1518/1137 1143/1510/1137 1151/1508/1137 1159/1519/1137
f 1159/1519/1138 1151/1508/1138 1147/1507/1138 1163/1520/1138
f 1163/1520/1139 1147/1507/1139 1142/1506/1139 1155/1522/1139
f 1117/1476/1140 1141/1500/1140 1145/1503/1140 1120/1477/1140
f 1120/1477/1141 1145/1503/1141 1150/1511/1141 1124/1480/1141
f 1124/1480/1142 1150/1511/1142 1143/1510/1142 1118/1482/1142
f 1153/1512/1143 1129/1488/1143 1133/1491/1143 1156/1513/1143
f 1156/1513/1144 1133/1491/1144 1138/1499/1144 1160/1516/1144
f 1160/1516/1145 1138/1499/1145 1131/1498/1145 1154/1518/1145
f 1130/1494/1146 1119/1486/1146 1127/1484/1146 1135/1495/1146
f 1135/1495/1147 1127/1484/1147 1123/1483/1147 1139/1496/1147
f 1139/1496/1148 1123/1483/1148 1118/1482/1148 1131/1498/1148
f 1069/1409/1149 1117/1476/1149 1121/1479/1149 1072/1410/1149
f 1072/1410/1150 1121/1479/1150 1126/1487/1150 1076/1413/1150
f 1076/1418/1151 1126/1487/1151 1119/1486/1151 1070/1415/1151
f 1129/1488/1152 1082/1433/1152 1088/1436/1152 1132/1489/1152
f 1132/1489/1153 1088/1431/1153 1084/1428/1153 1136/1492/1153
f 1136/1492/1154 1084/1428/1154 1081/1427/1154 1130/1494/1154
f 1093/1445/1155 1141/1500/1155 1117/1476/1155 1069/1409/1155
f 1071/1423/1156 1083/1441/1156 1107/1473/1156 1094/1451/1156
f 1119/1486/1157 1130/1494/1157 1081/1427/1157 1070/1415/1157
f 1153/1512/1158 1105/1461/1158 1082/1433/1158 1129/1488/1158
f 1095/1457/1159 1106/1469/1159 1155/1522/1159 1142/1506/1159
f 1143/1510/1160 1154/1518/1160 1131/1498/1160 1118/1482/1160
o royal_iron_guide.002
v 0.340500 0.922500 0.757000
v 0.340500 0.940500 0.775000
v 0.322500 0.940500 0.757000
v 0.340500 0.924905 0.765988
v 0.331512 0.924905 0.757000
v 0.331892 0.927241 0.765608
v 0.331512 0.940500 0.772595
v 0.340500 0.931512 0.772595
v 0.331892 0.931892 0.770259
v 0.324905 0.931512 0.757000
v 0.324905 0.940500 0.765988
v 0.327241 0.931892 0.765608
v 0.340500 0.979500 0.775000
v 0.340500 0.997500 0.757000
v 0.322500 0.979500 0.757000
v 0.340500 0.988488 0.772595
v 0.331512 0.979500 0.772595
v 0.331892 0.988108 0.770259
v 0.331512 0.995095 0.757000
v 0.340500 0.995095 0.765988
v 0.331892 0.992759 0.765608
v 0.324905 0.979500 0.765988
v 0.324905 0.988488 0.757000
v 0.327241 0.988108 0.765608
v 0.340500 0.922500 0.143000
v 0.322500 0.940500 0.143000
v 0.340500 0.940500 0.125000
v 0.331512 0.924905 0.143000
v 0.340500 0.924905 0.134012
v 0.331892 0.927241 0.134392
v 0.324905 0.940500 0.134012
v 0.324905 0.931512 0.143000
v 0.327241 0.931892 0.134392
v 0.340500 0.931512 0.127405
v 0.331512 0.940500 0.127405
v 0.331892 0.931892 0.129741
v 0.340500 0.997500 0.143000
v 0.340500 0.979500 0.125000
v 0.322500 0.979500 0.143000
v 0.340500 0.995095 0.134012
v 0.331512 0.995095 0.143000
v 0.331892 0.992759 0.134392
v 0.331512 0.979500 0.127405
v 0.340500 0.988488 0.127405
v 0.331892 0.988108 0.129741
v 0.324905 0.988488 0.143000
v 0.324905 0.979500 0.134012
v 0.327241 0.988108 0.134392
v 0.379500 0.922500 0.757000
v 0.397500 0.940500 0.757000
v 0.379500 0.940500 0.775000
v 0.388488 0.924905 0.757000
v 0.379500 0.924905 0.765988
v 0.388108 0.927241 0.765608
v 0.395095 0.940500 0.765988
v 0.395095 0.931512 0.757000
v 0.392759 0.931892 0.765608
v 0.379500 0.931512 0.772595
v 0.388488 0.940500 0.772595
v 0.388108 0.931892 0.770259
v 0.379500 0.997500 0.757000
v 0.379500 0.979500 0.775000
v 0.397500 0.979500 0.757000
v 0.379500 0.995095 0.765988
v 0.388488 0.995095 0.757000
v 0.388108 0.992759 0.765608
v 0.388488 0.979500 0.772595
v 0.379500 0.988488 0.772595
v 0.388108 0.988108 0.770259
v 0.395095 0.988488 0.757000
v 0.395095 0.979500 0.765988
v 0.392759 0.988108 0.765608
v 0.379500 0.922500 0.143000
v 0.379500 0.940500 0.125000
v 0.397500 0.940500 0.143000
v 0.379500 0.924905 0.134012
v 0.388488 0.924905 0.143000
v 0.388108 0.927241 0.134392
v 0.388488 0.940500 0.127405
v 0.379500 0.931512 0.127405
v 0.388108 0.931892 0.129741
v 0.395095 0.931512 0.143000
v 0.395095 0.940500 0.134012
v 0.392759 0.931892 0.134392
v 0.379500 0.997500 0.143000
v 0.397500 0.979500 0.143000
v 0.379500 0.979500 0.125000
v 0.388488 0.995095 0.143000
v 0.379500 0.995095 0.134012
v 0.388108 0.992759 0.134392
v 0.395095 0.979500 0.134012
v 0.395095 0.988488 0.143000
v 0.392759 0.988108 0.134392
v 0.379500 0.988488 0.127405
v 0.388488 0.979500 0.127405
v 0.388108 0.988108 0.129741
vn -0.2566 -0.9318 0.2566
vn -0.2178 -0.6901 0.6901
vn -0.2566 -0.2566 0.9318
vn -0.6901 -0.2178 0.6901
vn -0.9318 -0.2566 0.2566
vn -0.6901 -0.6901 0.2178
vn -0.5774 -0.5773 0.5774
vn -0.2566 0.2566 0.9318
vn -0.2178 0.6901 0.6901
vn -0.2566 0.9318 0.2566
vn -0.6901 0.6901 0.2178
vn -0.9318 0.2566 0.2566
vn -0.6901 0.2178 0.6901
vn -0.5774 0.5773 0.5774
vn -0.2566 -0.9318 -0.2566
vn -0.6901 -0.6901 -0.2178
vn -0.9318 -0.2566 -0.2566
vn -0.6901 -0.2178 -0.6901
vn -0.2566 -0.2566 -0.9318
vn -0.2178 -0.6901 -0.6901
vn -0.5774 -0.5773 -0.5774
vn -0.2566 0.9318 -0.2566
vn -0.2178 0.6901 -0.6901
vn -0.2566 0.2566 -0.9318
vn -0.6901 0.2178 -0.6901
vn -0.9318 0.2566 -0.2566
vn -0.6901 0.6901 -0.2178
vn -0.5774 0.5773 -0.5774
vn 0.2566 -0.9318 0.2566
vn 0.6901 -0.6901 0.2178
vn 0.9318 -0.2566 0.2566
vn 0.6901 -0.2178 0.6901
vn 0.2566 -0.2566 0.9318
vn 0.2178 -0.6901 0.6901
vn 0.5774 -0.5773 0.5774
vn 0.2566 0.9318 0.2566
vn 0.2178 0.6901 0.6901
vn 0.2566 0.2566 0.9318
vn 0.6901 0.2178 0.6901
vn 0.9318 0.2566 0.2566
vn 0.6901 0.6901 0.2178
vn 0.5774 0.5773 0.5774
vn 0.2566 -0.9318 -0.2566
vn 0.2178 -0.6901 -0.6901
vn 0.2566 -0.2566 -0.9318
vn 0.6901 -0.2178 -0.6901
vn 0.9318 -0.2566 -0.2566
vn 0.6901 -0.6901 -0.2178
vn 0.5774 -0.5773 -0.5774
vn 0.2566 0.9318 -0.2566
vn 0.6901 0.6901 -0.2178
vn 0.9318 0.2566 -0.2566
vn 0.6901 0.2178 -0.6901
vn 0.2566 0.2566 -0.9318
vn 0.2178 0.6901 -0.6901
vn 0.5774 0.5773 -0.5774
vn -0.2585 -0.9660 -0.0000
vn -0.7071 -0.7071 -0.0000
vn -0.9660 -0.2585 -0.0000
vn -0.2585 -0.0000 0.9660
vn -0.7071 -0.0000 0.7071
vn -0.9660 -0.0000 0.2585
vn -0.2585 0.9660 -0.0000
vn -0.7071 0.7071 -0.0000
vn -0.9660 0.2585 -0.0000
vn -0.2585 -0.0000 -0.9660
vn -0.7071 -0.0000 -0.7071
vn -0.9660 -0.0000 -0.2585
vn -0.0000 -0.9660 -0.2585
vn -0.0000 -0.7071 -0.7071
vn -0.0000 -0.2585 -0.9660
vn -0.0000 0.9660 -0.2585
vn -0.0000 0.7071 -0.7071
vn -0.0000 0.2585 -0.9660
vn 0.9660 -0.0000 -0.2585
vn 0.7071 -0.0000 -0.7071
vn 0.2585 -0.0000 -0.9660
vn 0.2585 -0.9660 -0.0000
vn 0.7071 -0.7071 -0.0000
vn 0.9660 -0.2585 -0.0000
vn 0.2585 0.9660 -0.0000
vn 0.7071 0.7071 -0.0000
vn 0.9660 0.2585 -0.0000
vn 0.2585 -0.0000 0.9660
vn 0.7071 -0.0000 0.7071
vn 0.9660 -0.0000 0.2585
vn -0.0000 -0.9660 0.2585
vn -0.0000 -0.7071 0.7071
vn -0.0000 -0.2585 0.9660
vn -0.0000 0.9660 0.2585
vn -0.0000 0.7071 0.7071
vn -0.0000 0.2585 0.9660
vn -0.0000 -1.0000 -0.0000
vn -1.0000 -0.0000 -0.0000
vn -0.0000 -0.0000 1.0000
vn -0.0000 1.0000 -0.0000
vn -0.0000 -0.0000 -1.0000
vn 1.0000 -0.0000 -0.0000
vt 0.185000 0.743077
vt 0.185000 0.746534
vt 0.156307 0.746388
vt 0.155039 0.743077
vt 0.185000 0.750000
vt 0.156307 0.750000
vt 0.435000 0.940000
vt 0.435000 1.000000
vt 0.375000 0.968693
vt 0.375000 0.940000
vt 0.435000 0.000000
vt 0.435000 0.003466
vt 0.375000 0.003612
vt 0.375000 0.000000
vt 0.435000 0.006923
vt 0.375000 0.006923
vt 0.125000 0.743077
vt 0.125000 0.746388
vt 0.565000 0.940000
vt 0.594961 0.940000
vt 0.593693 1.000000
vt 0.565000 1.000000
vt 0.625000 0.940000
vt 0.625000 1.000000
vt 0.815000 0.743077
vt 0.875000 0.743077
vt 0.875000 0.746388
vt 0.815000 0.750000
vt 0.625000 0.006923
vt 0.594961 0.006923
vt 0.593693 0.003612
vt 0.625000 0.003612
vt 0.565000 0.006923
vt 0.565000 0.003466
vt 0.565000 0.000000
vt 0.593693 0.000000
vt 0.185000 0.506923
vt 0.155039 0.506923
vt 0.156307 0.503612
vt 0.185000 0.503466
vt 0.125000 0.506923
vt 0.125000 0.503612
vt 0.435000 0.243077
vt 0.435000 0.246534
vt 0.375000 0.246388
vt 0.375000 0.243077
vt 0.435000 0.280039
vt 0.375000 0.281307
vt 0.435000 0.310000
vt 0.375000 0.310000
vt 0.185000 0.500000
vt 0.156307 0.500000
vt 0.815000 0.506923
vt 0.815000 0.500000
vt 0.875000 0.503612
vt 0.875000 0.506923
vt 0.625000 0.310000
vt 0.594961 0.310000
vt 0.593693 0.278744
vt 0.625000 0.247981
vt 0.565000 0.310000
vt 0.565000 0.280039
vt 0.565000 0.246534
vt 0.593693 0.246388
vt 0.565000 0.243077
vt 0.594961 0.243077
vt 0.625000 0.243077
vt 0.315000 0.743077
vt 0.344961 0.743077
vt 0.343693 0.746388
vt 0.315000 0.746534
vt 0.405039 0.743077
vt 0.402662 0.746388
vt 0.435000 0.743077
vt 0.435000 0.746534
vt 0.435000 0.780039
vt 0.363502 0.769809
vt 0.435000 0.810000
vt 0.345384 0.780384
vt 0.685000 0.743077
vt 0.655384 0.779616
vt 0.644809 0.761498
vt 0.655039 0.743077
vt 0.594961 0.810000
vt 0.593693 0.781307
vt 0.565000 0.810000
vt 0.565000 0.780039
vt 0.565000 0.746534
vt 0.593693 0.747890
vt 0.565000 0.743077
vt 0.594961 0.743077
vt 0.315000 0.506923
vt 0.315000 0.503466
vt 0.343693 0.503612
vt 0.344961 0.506923
vt 0.345384 0.469616
vt 0.363502 0.480191
vt 0.435000 0.440000
vt 0.435000 0.469961
vt 0.435000 0.503466
vt 0.402662 0.503612
vt 0.435000 0.506923
vt 0.405039 0.506923
vt 0.685000 0.506923
vt 0.655039 0.506923
vt 0.644809 0.488502
vt 0.655384 0.470384
vt 0.594961 0.506923
vt 0.593693 0.502110
vt 0.565000 0.506923
vt 0.565000 0.503466
vt 0.565000 0.469961
vt 0.593693 0.468693
vt 0.565000 0.440000
vt 0.594961 0.440000
s 0
usemtl BlackIron
f 1165/1524/1161 1168/1525/1161 1170/1526/1161 1169/1527/1161
f 1168/1525/1162 1172/1528/1162 1173/1529/1162 1170/1526/1162
f 1166/1530/1163 1171/1531/1163 1173/1532/1163 1172/1533/1163
f 1171/1534/1164 1175/1535/1164 1176/1536/1164 1173/1537/1164
f 1167/1538/1165 1174/1539/1165 1176/1536/1165 1175/1535/1165
f 1174/1540/1166 1169/1527/1166 1170/1526/1166 1176/1541/1166
f 1170/1526/1167 1173/1529/1167 1176/1541/1167
f 1177/1542/1168 1180/1543/1168 1182/1544/1168 1181/1545/1168
f 1180/1543/1169 1184/1546/1169 1185/1547/1169 1182/1544/1169
f 1178/1548/1170 1183/1549/1170 1185/1550/1170 1184/1551/1170
f 1183/1552/1171 1187/1553/1171 1188/1554/1171 1185/1555/1171
f 1179/1556/1172 1186/1557/1172 1188/1554/1172 1187/1553/1172
f 1186/1557/1173 1181/1558/1173 1182/1559/1173 1188/1554/1173
f 1182/1559/1174 1185/1555/1174 1188/1554/1174
f 1189/1560/1175 1192/1561/1175 1194/1562/1175 1193/1563/1175
f 1192/1561/1176 1196/1564/1176 1197/1565/1176 1194/1562/1176
f 1190/1566/1177 1195/1567/1177 1197/1568/1177 1196/1569/1177
f 1195/1567/1178 1199/1570/1178 1200/1571/1178 1197/1568/1178
f 1191/1572/1179 1198/1573/1179 1200/1571/1179 1199/1570/1179
f 1198/1574/1180 1193/1563/1180 1194/1562/1180 1200/1575/1180
f 1194/1562/1181 1197/1565/1181 1200/1575/1181
f 1201/1576/1182 1204/1577/1182 1206/1578/1182 1205/1579/1182
f 1204/1580/1183 1208/1581/1183 1209/1582/1183 1206/1583/1183
f 1202/1584/1184 1207/1585/1184 1209/1582/1184 1208/1581/1184
f 1207/1585/1185 1211/1586/1185 1212/1587/1185 1209/1582/1185
f 1203/1588/1186 1210/1589/1186 1212/1587/1186 1211/1586/1186
f 1210/1589/1187 1205/1590/1187 1206/1583/1187 1212/1587/1187
f 1206/1583/1188 1209/1582/1188 1212/1587/1188
f 1213/1591/1189 1216/1592/1189 1218/1593/1189 1217/1594/1189
f 1216/1592/1190 1220/1595/1190 1221/1596/1190 1218/1593/1190
f 1214/1597/1191 1219/1598/1191 1221/1596/1191 1220/1595/1191
f 1219/1598/1192 1223/1599/1192 1224/1600/1192 1221/1596/1192
f 1215/1601/1193 1222/1602/1193 1224/1600/1193 1223/1599/1193
f 1222/1602/1194 1217/1594/1194 1218/1593/1194 1224/1600/1194
f 1218/1593/1195 1221/1596/1195 1224/1600/1195
f 1225/1603/1196 1228/1604/1196 1230/1605/1196 1229/1606/1196
f 1228/1604/1197 1232/1607/1197 1233/1608/1197 1230/1605/1197
f 1226/1609/1198 1231/1610/1198 1233/1608/1198 1232/1607/1198
f 1231/1610/1199 1235/1611/1199 1236/1612/1199 1233/1608/1199
f 1227/1613/1200 1234/1614/1200 1236/1612/1200 1235/1611/1200
f 1234/1614/1201 1229/1606/1201 1230/1605/1201 1236/1612/1201
f 1230/1605/1202 1233/1608/1202 1236/1612/1202
f 1237/1615/1203 1240/1616/1203 1242/1617/1203 1241/1618/1203
f 1240/1616/1204 1244/1619/1204 1245/1620/1204 1242/1617/1204
f 1238/1621/1205 1243/1622/1205 1245/1620/1205 1244/1619/1205
f 1243/1622/1206 1247/1623/1206 1248/1624/1206 1245/1620/1206
f 1239/1625/1207 1246/1626/1207 1248/1624/1207 1247/1623/1207
f 1246/1626/1208 1241/1618/1208 1242/1617/1208 1248/1624/1208
f 1242/1617/1209 1245/1620/1209 1248/1624/1209
f 1249/1627/1210 1252/1628/1210 1254/1629/1210 1253/1630/1210
f 1252/1628/1211 1256/1631/1211 1257/1632/1211 1254/1629/1211
f 1250/1633/1212 1255/1634/1212 1257/1632/1212 1256/1631/1212
f 1255/1634/1213 1259/1635/1213 1260/1636/1213 1257/1632/1213
f 1251/1637/1214 1258/1638/1214 1260/1636/1214 1259/1635/1214
f 1258/1638/1215 1253/1630/1215 1254/1629/1215 1260/1636/1215
f 1254/1629/1216 1257/1632/1216 1260/1636/1216
f 1189/1560/1217 1165/1524/1217 1169/1527/1217 1192/1561/1217
f 1192/1561/1218 1169/1527/1218 1174/1540/1218 1196/1564/1218
f 1196/1569/1219 1174/1539/1219 1167/1538/1219 1190/1566/1219
f 1166/1530/1220 1177/1542/1220 1181/1545/1220 1171/1531/1220
f 1171/1534/1221 1181/1558/1221 1186/1557/1221 1175/1535/1221
f 1175/1535/1222 1186/1557/1222 1179/1556/1222 1167/1538/1222
f 1178/1548/1223 1201/1576/1223 1205/1579/1223 1183/1549/1223
f 1183/1552/1224 1205/1590/1224 1210/1589/1224 1187/1553/1224
f 1187/1553/1225 1210/1589/1225 1203/1588/1225 1179/1556/1225
f 1202/1584/1226 1191/1572/1226 1199/1570/1226 1207/1585/1226
f 1207/1585/1227 1199/1570/1227 1195/1567/1227 1211/1586/1227
f 1211/1586/1228 1195/1567/1228 1190/1566/1228 1203/1588/1228
f 1237/1615/1229 1189/1560/1229 1193/1563/1229 1240/1616/1229
f 1240/1616/1230 1193/1563/1230 1198/1574/1230 1244/1619/1230
f 1244/1619/1231 1198/1573/1231 1191/1572/1231 1238/1621/1231
f 1201/1576/1232 1249/1627/1232 1253/1630/1232 1204/1577/1232
f 1204/1580/1233 1253/1630/1233 1258/1638/1233 1208/1581/1233
f 1208/1581/1234 1258/1638/1234 1251/1637/1234 1202/1584/1234
f 1250/1633/1235 1239/1625/1235 1247/1623/1235 1255/1634/1235
f 1255/1634/1236 1247/1623/1236 1243/1622/1236 1259/1635/1236
f 1259/1635/1237 1243/1622/1237 1238/1621/1237 1251/1637/1237
f 1213/1591/1238 1237/1615/1238 1241/1618/1238 1216/1592/1238
f 1216/1592/1239 1241/1618/1239 1246/1626/1239 1220/1595/1239
f 1220/1595/1240 1246/1626/1240 1239/1625/1240 1214/1597/1240
f 1249/1627/1241 1225/1603/1241 1229/1606/1241 1252/1628/1241
f 1252/1628/1242 1229/1606/1242 1234/1614/1242 1256/1631/1242
f 1256/1631/1243 1234/1614/1243 1227/1613/1243 1250/1633/1243
f 1226/1609/1244 1215/1601/1244 1223/1599/1244 1231/1610/1244
f 1231/1610/1245 1223/1599/1245 1219/1598/1245 1235/1611/1245
f 1235/1611/1246 1219/1598/1246 1214/1597/1246 1227/1613/1246
f 1165/1524/1247 1213/1591/1247 1217/1594/1247 1168/1525/1247
f 1168/1525/1248 1217/1594/1248 1222/1602/1248 1172/1528/1248
f 1172/1533/1249 1222/1602/1249 1215/1601/1249 1166/1530/1249
f 1225/1603/1250 1178/1548/1250 1184/1551/1250 1228/1604/1250
f 1228/1604/1251 1184/1546/1251 1180/1543/1251 1232/1607/1251
f 1232/1607/1252 1180/1543/1252 1177/1542/1252 1226/1609/1252
f 1189/1560/1253 1237/1615/1253 1213/1591/1253 1165/1524/1253
f 1167/1538/1254 1179/1556/1254 1203/1588/1254 1190/1566/1254
f 1215/1601/1255 1226/1609/1255 1177/1542/1255 1166/1530/1255
f 1249/1627/1256 1201/1576/1256 1178/1548/1256 1225/1603/1256
f 1191/1572/1257 1202/1584/1257 1251/1637/1257 1238/1621/1257
f 1239/1625/1258 1250/1633/1258 1227/1613/1258 1214/1597/1258
o royal_bow_limb.002
v 0.178000 0.870000 0.602000
v 0.178000 0.898000 0.630000
v 0.150000 0.898000 0.602000
v 0.178000 0.873741 0.615982
v 0.164018 0.873741 0.602000
v 0.164610 0.877374 0.615390
v 0.164018 0.898000 0.626259
v 0.178000 0.884018 0.626259
v 0.164610 0.884610 0.622626
v 0.153741 0.884018 0.602000
v 0.153741 0.898000 0.615982
v 0.157374 0.884610 0.615390
v 0.178000 0.962000 0.630000
v 0.178000 0.990000 0.602000
v 0.150000 0.962000 0.602000
v 0.178000 0.975982 0.626259
v 0.164018 0.962000 0.626259
v 0.164610 0.975390 0.622626
v 0.164018 0.986259 0.602000
v 0.178000 0.986259 0.615982
v 0.164610 0.982626 0.615390
v 0.153741 0.962000 0.615982
v 0.153741 0.975982 0.602000
v 0.157374 0.975390 0.615390
v 0.178000 0.870000 0.538000
v 0.150000 0.898000 0.538000
v 0.178000 0.898000 0.510000
v 0.164018 0.873741 0.538000
v 0.178000 0.873741 0.524018
v 0.164610 0.877374 0.524610
v 0.153741 0.898000 0.524018
v 0.153741 0.884018 0.538000
v 0.157374 0.884610 0.524610
v 0.178000 0.884018 0.513741
v 0.164018 0.898000 0.513741
v 0.164610 0.884610 0.517374
v 0.178000 0.990000 0.538000
v 0.178000 0.962000 0.510000
v 0.150000 0.962000 0.538000
v 0.178000 0.986259 0.524018
v 0.164018 0.986259 0.538000
v 0.164610 0.982626 0.524610
v 0.164018 0.962000 0.513741
v 0.178000 0.975982 0.513741
v 0.164610 0.975390 0.517374
v 0.153741 0.975982 0.538000
v 0.153741 0.962000 0.524018
v 0.157374 0.975390 0.524610
v 0.542000 0.870000 0.602000
v 0.570000 0.898000 0.602000
v 0.542000 0.898000 0.630000
v 0.555982 0.873741 0.602000
v 0.542000 0.873741 0.615982
v 0.555390 0.877374 0.615390
v 0.566259 0.898000 0.615982
v 0.566259 0.884018 0.602000
v 0.562626 0.884610 0.615390
v 0.542000 0.884018 0.626259
v 0.555982 0.898000 0.626259
v 0.555390 0.884610 0.622626
v 0.542000 0.990000 0.602000
v 0.542000 0.962000 0.630000
v 0.570000 0.962000 0.602000
v 0.542000 0.986259 0.615982
v 0.555982 0.986259 0.602000
v 0.555390 0.982626 0.615390
v 0.555982 0.962000 0.626259
v 0.542000 0.975982 0.626259
v 0.555390 0.975390 0.622626
v 0.566259 0.975982 0.602000
v 0.566259 0.962000 0.615982
v 0.562626 0.975390 0.615390
v 0.542000 0.870000 0.538000
v 0.542000 0.898000 0.510000
v 0.570000 0.898000 0.538000
v 0.542000 0.873741 0.524018
v 0.555982 0.873741 0.538000
v 0.555390 0.877374 0.524610
v 0.555982 0.898000 0.513741
v 0.542000 0.884018 0.513741
v 0.555390 0.884610 0.517374
v 0.566259 0.884018 0.538000
v 0.566259 0.898000 0.524018
v 0.562626 0.884610 0.524610
v 0.542000 0.990000 0.538000
v 0.570000 0.962000 0.538000
v 0.542000 0.962000 0.510000
v 0.555982 0.986259 0.538000
v 0.542000 0.986259 0.524018
v 0.555390 0.982626 0.524610
v 0.566259 0.962000 0.524018
v 0.566259 0.975982 0.538000
v 0.562626 0.975390 0.524610
v 0.542000 0.975982 0.513741
v 0.555982 0.962000 0.513741
v 0.555390 0.975390 0.517374
vn -0.2566 -0.9318 0.2566
vn -0.2178 -0.6901 0.6901
vn -0.2566 -0.2566 0.9318
vn -0.6901 -0.2178 0.6901
vn -0.9318 -0.2566 0.2566
vn -0.6901 -0.6901 0.2178
vn -0.5774 -0.5774 0.5774
vn -0.2566 0.2566 0.9318
vn -0.2178 0.6901 0.6901
vn -0.2566 0.9318 0.2566
vn -0.6901 0.6901 0.2178
vn -0.9318 0.2566 0.2566
vn -0.6901 0.2178 0.6901
vn -0.5774 0.5774 0.5774
vn -0.2566 -0.9318 -0.2566
vn -0.6901 -0.6901 -0.2178
vn -0.9318 -0.2566 -0.2566
vn -0.6901 -0.2178 -0.6901
vn -0.2566 -0.2566 -0.9318
vn -0.2178 -0.6901 -0.6901
vn -0.5774 -0.5774 -0.5774
vn -0.2566 0.9318 -0.2566
vn -0.2178 0.6901 -0.6901
vn -0.2566 0.2566 -0.9318
vn -0.6901 0.2178 -0.6901
vn -0.9318 0.2566 -0.2566
vn -0.6901 0.6901 -0.2178
vn -0.5774 0.5774 -0.5774
vn 0.2566 -0.9318 0.2566
vn 0.6901 -0.6901 0.2178
vn 0.9318 -0.2566 0.2566
vn 0.6901 -0.2178 0.6901
vn 0.2566 -0.2566 0.9318
vn 0.2178 -0.6901 0.6901
vn 0.5774 -0.5774 0.5774
vn 0.2566 0.9318 0.2566
vn 0.2178 0.6901 0.6901
vn 0.2566 0.2566 0.9318
vn 0.6901 0.2178 0.6901
vn 0.9318 0.2566 0.2566
vn 0.6901 0.6901 0.2178
vn 0.5774 0.5774 0.5774
vn 0.2566 -0.9318 -0.2566
vn 0.2178 -0.6901 -0.6901
vn 0.2566 -0.2566 -0.9318
vn 0.6901 -0.2178 -0.6901
vn 0.9318 -0.2566 -0.2566
vn 0.6901 -0.6901 -0.2178
vn 0.5774 -0.5774 -0.5774
vn 0.2566 0.9318 -0.2566
vn 0.6901 0.6901 -0.2178
vn 0.9318 0.2566 -0.2566
vn 0.6901 0.2178 -0.6901
vn 0.2566 0.2566 -0.9318
vn 0.2178 0.6901 -0.6901
vn 0.5774 0.5774 -0.5774
vn -0.2585 -0.9660 -0.0000
vn -0.7071 -0.7071 -0.0000
vn -0.9660 -0.2585 -0.0000
vn -0.2585 -0.0000 0.9660
vn -0.7071 -0.0000 0.7071
vn -0.9660 -0.0000 0.2585
vn -0.2585 0.9660 -0.0000
vn -0.7071 0.7071 -0.0000
vn -0.9660 0.2585 -0.0000
vn -0.2585 -0.0000 -0.9660
vn -0.7071 -0.0000 -0.7071
vn -0.9660 -0.0000 -0.2585
vn -0.0000 -0.9660 -0.2585
vn -0.0000 -0.7071 -0.7071
vn -0.0000 -0.2585 -0.9660
vn -0.0000 0.9660 -0.2585
vn -0.0000 0.7071 -0.7071
vn -0.0000 0.2585 -0.9660
vn 0.9660 -0.0000 -0.2585
vn 0.7071 -0.0000 -0.7071
vn 0.2585 -0.0000 -0.9660
vn 0.2585 -0.9660 -0.0000
vn 0.7071 -0.7071 -0.0000
vn 0.9660 -0.2585 -0.0000
vn 0.2585 0.9660 -0.0000
vn 0.7071 0.7071 -0.0000
vn 0.9660 0.2585 -0.0000
vn 0.2585 -0.0000 0.9660
vn 0.7071 -0.0000 0.7071
vn 0.9660 -0.0000 0.2585
vn -0.0000 -0.9660 0.2585
vn -0.0000 -0.7071 0.7071
vn -0.0000 -0.2585 0.9660
vn -0.0000 0.9660 0.2585
vn -0.0000 0.7071 0.7071
vn -0.0000 0.2585 0.9660
vn -0.0000 -1.0000 -0.0000
vn -1.0000 -0.0000 -0.0000
vn -0.0000 -0.0000 1.0000
vn -0.0000 1.0000 -0.0000
vn -0.0000 -0.0000 -1.0000
vn 1.0000 -0.0000 -0.0000
vt 0.141667 0.691667
vt 0.141667 0.720795
vt 0.133696 0.719562
vt 0.133344 0.691667
vt 0.141667 0.750000
vt 0.133696 0.750000
vt 0.433333 0.983333
vt 0.433333 1.000000
vt 0.375000 0.991304
vt 0.375000 0.983333
vt 0.433333 0.000000
vt 0.433333 0.029205
vt 0.375000 0.030438
vt 0.375000 0.000000
vt 0.433333 0.058333
vt 0.375000 0.058333
vt 0.125000 0.691667
vt 0.125000 0.719562
vt 0.566667 0.983333
vt 0.595795 0.983333
vt 0.594562 1.000000
vt 0.566667 1.000000
vt 0.625000 0.983333
vt 0.625000 1.000000
vt 0.858333 0.691667
vt 0.875000 0.691667
vt 0.875000 0.719562
vt 0.858333 0.750000
vt 0.625000 0.058333
vt 0.595795 0.058333
vt 0.594562 0.030438
vt 0.625000 0.030438
vt 0.566667 0.058333
vt 0.566667 0.029205
vt 0.566667 0.000000
vt 0.594562 0.000000
vt 0.141667 0.558333
vt 0.133344 0.558333
vt 0.133696 0.530438
vt 0.141667 0.529205
vt 0.125000 0.558333
vt 0.125000 0.530438
vt 0.433333 0.191667
vt 0.433333 0.220795
vt 0.375000 0.219562
vt 0.375000 0.191667
vt 0.433333 0.258344
vt 0.375000 0.258696
vt 0.433333 0.266667
vt 0.375000 0.266667
vt 0.141667 0.500000
vt 0.133696 0.500000
vt 0.858333 0.558333
vt 0.858333 0.500000
vt 0.875000 0.530438
vt 0.875000 0.558333
vt 0.625000 0.266667
vt 0.595795 0.266667
vt 0.594562 0.256835
vt 0.625000 0.232989
vt 0.566667 0.266667
vt 0.566667 0.258344
vt 0.566667 0.220795
vt 0.594562 0.219562
vt 0.566667 0.191667
vt 0.595795 0.191667
vt 0.625000 0.191667
vt 0.358333 0.691667
vt 0.366656 0.691667
vt 0.366304 0.719562
vt 0.358333 0.720795
vt 0.404205 0.691667
vt 0.402743 0.719562
vt 0.433333 0.691667
vt 0.433333 0.720795
vt 0.433333 0.758344
vt 0.371806 0.755503
vt 0.433333 0.766667
vt 0.366673 0.758340
vt 0.641667 0.691667
vt 0.633340 0.758327
vt 0.630502 0.753194
vt 0.633344 0.691667
vt 0.595795 0.766667
vt 0.594562 0.758696
vt 0.566667 0.766667
vt 0.566667 0.758344
vt 0.566667 0.720795
vt 0.594562 0.722257
vt 0.566667 0.691667
vt 0.595795 0.691667
vt 0.358333 0.558333
vt 0.358333 0.529205
vt 0.366304 0.530438
vt 0.366656 0.558333
vt 0.366673 0.491660
vt 0.371806 0.494497
vt 0.433333 0.483333
vt 0.433333 0.491656
vt 0.433333 0.529205
vt 0.402743 0.530438
vt 0.433333 0.558333
vt 0.404205 0.558333
vt 0.641667 0.558333
vt 0.633344 0.558333
vt 0.630502 0.496806
vt 0.633340 0.491673
vt 0.595795 0.558333
vt 0.594562 0.527743
vt 0.566667 0.558333
vt 0.566667 0.529205
vt 0.566667 0.491656
vt 0.594562 0.491303
vt 0.566667 0.483333
vt 0.595795 0.483333
s 0
usemtl PlateEdge
f 1261/1639/1259 1264/1640/1259 1266/1641/1259 1265/1642/1259
f 1264/1640/1260 1268/1643/1260 1269/1644/1260 1266/1641/1260
f 1262/1645/1261 1267/1646/1261 1269/1647/1261 1268/1648/1261
f 1267/1649/1262 1271/1650/1262 1272/1651/1262 1269/1652/1262
f 1263/1653/1263 1270/1654/1263 1272/1651/1263 1271/1650/1263
f 1270/1655/1264 1265/1642/1264 1266/1641/1264 1272/1656/1264
f 1266/1641/1265 1269/1644/1265 1272/1656/1265
f 1273/1657/1266 1276/1658/1266 1278/1659/1266 1277/1660/1266
f 1276/1658/1267 1280/1661/1267 1281/1662/1267 1278/1659/1267
f 1274/1663/1268 1279/1664/1268 1281/1665/1268 1280/1666/1268
f 1279/1667/1269 1283/1668/1269 1284/1669/1269 1281/1670/1269
f 1275/1671/1270 1282/1672/1270 1284/1669/1270 1283/1668/1270
f 1282/1672/1271 1277/1673/1271 1278/1674/1271 1284/1669/1271
f 1278/1674/1272 1281/1670/1272 1284/1669/1272
f 1285/1675/1273 1288/1676/1273 1290/1677/1273 1289/1678/1273
f 1288/1676/1274 1292/1679/1274 1293/1680/1274 1290/1677/1274
f 1286/1681/1275 1291/1682/1275 1293/1683/1275 1292/1684/1275
f 1291/1682/1276 1295/1685/1276 1296/1686/1276 1293/1683/1276
f 1287/1687/1277 1294/1688/1277 1296/1686/1277 1295/1685/1277
f 1294/1689/1278 1289/1678/1278 1290/1677/1278 1296/1690/1278
f 1290/1677/1279 1293/1680/1279 1296/1690/1279
f 1297/1691/1280 1300/1692/1280 1302/1693/1280 1301/1694/1280
f 1300/1695/1281 1304/1696/1281 1305/1697/1281 1302/1698/1281
f 1298/1699/1282 1303/1700/1282 1305/1697/1282 1304/1696/1282
f 1303/1700/1283 1307/1701/1283 1308/1702/1283 1305/1697/1283
f 1299/1703/1284 1306/1704/1284 1308/1702/1284 1307/1701/1284
f 1306/1704/1285 1301/1705/1285 1302/1698/1285 1308/1702/1285
f 1302/1698/1286 1305/1697/1286 1308/1702/1286
f 1309/1706/1287 1312/1707/1287 1314/1708/1287 1313/1709/1287
f 1312/1707/1288 1316/1710/1288 1317/1711/1288 1314/1708/1288
f 1310/1712/1289 1315/1713/1289 1317/1711/1289 1316/1710/1289
f 1315/1713/1290 1319/1714/1290 1320/1715/1290 1317/1711/1290
f 1311/1716/1291 1318/1717/1291 1320/1715/1291 1319/1714/1291
f 1318/1717/1292 1313/1709/1292 1314/1708/1292 1320/1715/1292
f 1314/1708/1293 1317/1711/1293 1320/1715/1293
f 1321/1718/1294 1324/1719/1294 1326/1720/1294 1325/1721/1294
f 1324/1719/1295 1328/1722/1295 1329/1723/1295 1326/1720/1295
f 1322/1724/1296 1327/1725/1296 1329/1723/1296 1328/1722/1296
f 1327/1725/1297 1331/1726/1297 1332/1727/1297 1329/1723/1297
f 1323/1728/1298 1330/1729/1298 1332/1727/1298 1331/1726/1298
f 1330/1729/1299 1325/1721/1299 1326/1720/1299 1332/1727/1299
f 1326/1720/1300 1329/1723/1300 1332/1727/1300
f 1333/1730/1301 1336/1731/1301 1338/1732/1301 1337/1733/1301
f 1336/1731/1302 1340/1734/1302 1341/1735/1302 1338/1732/1302
f 1334/1736/1303 1339/1737/1303 1341/1735/1303 1340/1734/1303
f 1339/1737/1304 1343/1738/1304 1344/1739/1304 1341/1735/1304
f 1335/1740/1305 1342/1741/1305 1344/1739/1305 1343/1738/1305
f 1342/1741/1306 1337/1733/1306 1338/1732/1306 1344/1739/1306
f 1338/1732/1307 1341/1735/1307 1344/1739/1307
f 1345/1742/1308 1348/1743/1308 1350/1744/1308 1349/1745/1308
f 1348/1743/1309 1352/1746/1309 1353/1747/1309 1350/1744/1309
f 1346/1748/1310 1351/1749/1310 1353/1747/1310 1352/1746/1310
f 1351/1749/1311 1355/1750/1311 1356/1751/1311 1353/1747/1311
f 1347/1752/1312 1354/1753/1312 1356/1751/1312 1355/1750/1312
f 1354/1753/1313 1349/1745/1313 1350/1744/1313 1356/1751/1313
f 1350/1744/1314 1353/1747/1314 1356/1751/1314
f 1285/1675/1315 1261/1639/1315 1265/1642/1315 1288/1676/1315
f 1288/1676/1316 1265/1642/1316 1270/1655/1316 1292/1679/1316
f 1292/1684/1317 1270/1654/1317 1263/1653/1317 1286/1681/1317
f 1262/1645/1318 1273/1657/1318 1277/1660/1318 1267/1646/1318
f 1267/1649/1319 1277/1673/1319 1282/1672/1319 1271/1650/1319
f 1271/1650/1320 1282/1672/1320 1275/1671/1320 1263/1653/1320
f 1274/1663/1321 1297/1691/1321 1301/1694/1321 1279/1664/1321
f 1279/1667/1322 1301/1705/1322 1306/1704/1322 1283/1668/1322
f 1283/1668/1323 1306/1704/1323 1299/1703/1323 1275/1671/1323
f 1298/1699/1324 1287/1687/1324 1295/1685/1324 1303/1700/1324
f 1303/1700/1325 1295/1685/1325 1291/1682/1325 1307/1701/1325
f 1307/1701/1326 1291/1682/1326 1286/1681/1326 1299/1703/1326
f 1333/1730/1327 1285/1675/1327 1289/1678/1327 1336/1731/1327
f 1336/1731/1328 1289/1678/1328 1294/1689/1328 1340/1734/1328
f 1340/1734/1329 1294/1688/1329 1287/1687/1329 1334/1736/1329
f 1297/1691/1330 1345/1742/1330 1349/1745/1330 1300/1692/1330
f 1300/1695/1331 1349/1745/1331 1354/1753/1331 1304/1696/1331
f 1304/1696/1332 1354/1753/1332 1347/1752/1332 1298/1699/1332
f 1346/1748/1333 1335/1740/1333 1343/1738/1333 1351/1749/1333
f 1351/1749/1334 1343/1738/1334 1339/1737/1334 1355/1750/1334
f 1355/1750/1335 1339/1737/1335 1334/1736/1335 1347/1752/1335
f 1309/1706/1336 1333/1730/1336 1337/1733/1336 1312/1707/1336
f 1312/1707/1337 1337/1733/1337 1342/1741/1337 1316/1710/1337
f 1316/1710/1338 1342/1741/1338 1335/1740/1338 1310/1712/1338
f 1345/1742/1339 1321/1718/1339 1325/1721/1339 1348/1743/1339
f 1348/1743/1340 1325/1721/1340 1330/1729/1340 1352/1746/1340
f 1352/1746/1341 1330/1729/1341 1323/1728/1341 1346/1748/1341
f 1322/1724/1342 1311/1716/1342 1319/1714/1342 1327/1725/1342
f 1327/1725/1343 1319/1714/1343 1315/1713/1343 1331/1726/1343
f 1331/1726/1344 1315/1713/1344 1310/1712/1344 1323/1728/1344
f 1261/1639/1345 1309/1706/1345 1313/1709/1345 1264/1640/1345
f 1264/1640/1346 1313/1709/1346 1318/1717/1346 1268/1643/1346
f 1268/1648/1347 1318/1717/1347 1311/1716/1347 1262/1645/1347
f 1321/1718/1348 1274/1663/1348 1280/1666/1348 1324/1719/1348
f 1324/1719/1349 1280/1661/1349 1276/1658/1349 1328/1722/1349
f 1328/1722/1350 1276/1658/1350 1273/1657/1350 1322/1724/1350
f 1285/1675/1351 1333/1730/1351 1309/1706/1351 1261/1639/1351
f 1263/1653/1352 1275/1671/1352 1299/1703/1352 1286/1681/1352
f 1311/1716/1353 1322/1724/1353 1273/1657/1353 1262/1645/1353
f 1345/1742/1354 1297/1691/1354 1274/1663/1354 1321/1718/1354
f 1287/1687/1355 1298/1699/1355 1347/1752/1355 1334/1736/1355
f 1335/1740/1356 1346/1748/1356 1323/1728/1356 1310/1712/1356
o royal_bronze_pin.002
v 0.290000 0.880000 0.250000
v 0.430000 0.880000 0.250000
v 0.290000 0.850000 0.258038
v 0.430000 0.850000 0.258038
v 0.290000 0.828038 0.280000
v 0.430000 0.828038 0.280000
v 0.290000 0.820000 0.310000
v 0.430000 0.820000 0.310000
v 0.290000 0.828038 0.340000
v 0.430000 0.828038 0.340000
v 0.290000 0.850000 0.361962
v 0.430000 0.850000 0.361962
v 0.290000 0.880000 0.370000
v 0.430000 0.880000 0.370000
v 0.290000 0.910000 0.361962
v 0.430000 0.910000 0.361962
v 0.290000 0.931962 0.340000
v 0.430000 0.931962 0.340000
v 0.290000 0.940000 0.310000
v 0.430000 0.940000 0.310000
v 0.290000 0.931962 0.280000
v 0.430000 0.931962 0.280000
v 0.290000 0.910000 0.258038
v 0.430000 0.910000 0.258038
vn -0.6532 -0.0000 -0.7572
vn 0.6532 -0.0000 -0.7572
vn -0.6532 -0.3786 -0.6557
vn 0.6532 -0.3786 -0.6557
vn -0.6532 -0.6557 -0.3786
vn 0.6532 -0.6557 -0.3786
vn -0.6532 -0.7572 -0.0000
vn 0.6532 -0.7572 -0.0000
vn -0.6532 -0.6557 0.3786
vn 0.6532 -0.6557 0.3786
vn -0.6532 -0.3786 0.6557
vn 0.6532 -0.3786 0.6557
vn -0.6532 -0.0000 0.7572
vn 0.6532 -0.0000 0.7572
vn -0.6532 0.3786 0.6557
vn 0.6532 0.3786 0.6557
vn -0.6532 0.6557 0.3786
vn 0.6532 0.6557 0.3786
vn -0.6532 0.7572 -0.0000
vn 0.6532 0.7572 -0.0000
vn -0.6532 0.6557 -0.3786
vn 0.6532 0.6557 -0.3786
vn -0.6532 0.3786 -0.6557
vn 0.6532 0.3786 -0.6557
vt 1.000000 0.500000
vt 1.000000 1.000000
vt 0.916667 1.000000
vt 0.916667 0.500000
vt 0.833333 1.000000
vt 0.833333 0.500000
vt 0.750000 1.000000
vt 0.750000 0.500000
vt 0.666667 1.000000
vt 0.666667 0.500000
vt 0.583333 1.000000
vt 0.583333 0.500000
vt 0.500000 1.000000
vt 0.500000 0.500000
vt 0.416667 1.000000
vt 0.416667 0.500000
vt 0.333333 1.000000
vt 0.333333 0.500000
vt 0.250000 1.000000
vt 0.250000 0.500000
vt 0.166667 1.000000
vt 0.166667 0.500000
vt 0.370000 0.457846
vt 0.250000 0.490000
vt 0.130000 0.457846
vt 0.042154 0.370000
vt 0.010000 0.250000
vt 0.042154 0.130000
vt 0.130000 0.042154
vt 0.250000 0.010000
vt 0.370000 0.042154
vt 0.457846 0.130000
vt 0.490000 0.250000
vt 0.457846 0.370000
vt 0.083333 1.000000
vt 0.083333 0.500000
vt 0.000000 1.000000
vt 0.000000 0.500000
vt 0.750000 0.490000
vt 0.870000 0.457846
vt 0.957846 0.370000
vt 0.990000 0.250000
vt 0.957846 0.130000
vt 0.870000 0.042154
vt 0.750000 0.010000
vt 0.630000 0.042154
vt 0.542154 0.130000
vt 0.510000 0.250000
vt 0.542154 0.370000
vt 0.630000 0.457846
s 1
usemtl WornBronze
f 1357/1754/1357 1358/1755/1358 1360/1756/1360 1359/1757/1359
f 1359/1757/1359 1360/1756/1360 1362/1758/1362 1361/1759/1361
f 1361/1759/1361 1362/1758/1362 1364/1760/1364 1363/1761/1363
f 1363/1761/1363 1364/1760/1364 1366/1762/1366 1365/1763/1365
f 1365/1763/1365 1366/1762/1366 1368/1764/1368 1367/1765/1367
f 1367/1765/1367 1368/1764/1368 1370/1766/1370 1369/1767/1369
f 1369/1767/1369 1370/1766/1370 1372/1768/1372 1371/1769/1371
f 1371/1769/1371 1372/1768/1372 1374/1770/1374 1373/1771/1373
f 1373/1771/1373 1374/1770/1374 1376/1772/1376 1375/1773/1375
f 1375/1773/1375 1376/1772/1376 1378/1774/1378 1377/1775/1377
f 1360/1776/1360 1358/1777/1358 1380/1778/1380 1378/1779/1378 1376/1780/1376 1374/1781/1374 1372/1782/1372 1370/1783/1370 1368/1784/1368 1366/1785/1366 1364/1786/1364 1362/1787/1362
f 1377/1775/1377 1378/1774/1378 1380/1788/1380 1379/1789/1379
f 1379/1789/1379 1380/1788/1380 1358/1790/1358 1357/1791/1357
f 1357/1792/1357 1359/1793/1359 1361/1794/1361 1363/1795/1363 1365/1796/1365 1367/1797/1367 1369/1798/1369 1371/1799/1371 1373/1800/1373 1375/1801/1375 1377/1802/1377 1379/1803/1379
o royal_bolt.002
v 0.360000 1.030000 0.800000
v 0.360000 0.971200 1.360000
v 0.414728 1.003644 0.800000
v 0.368757 0.966983 1.360000
v 0.428245 0.944423 0.800000
v 0.370919 0.957508 1.360000
v 0.390372 0.896932 0.800000
v 0.364860 0.949909 1.360000
v 0.329628 0.896932 0.800000
v 0.355141 0.949909 1.360000
v 0.291755 0.944423 0.800000
v 0.349081 0.957508 1.360000
v 0.305272 1.003644 0.800000
v 0.351243 0.966983 1.360000
vn 0.4320 0.8970 0.0942
vn 0.9706 0.2215 0.0942
vn 0.7784 -0.6207 0.0942
vn -0.0000 -0.9956 0.0942
vn -0.7784 -0.6207 0.0942
vn -0.0000 -0.0000 1.0000
vn -0.9706 0.2215 0.0942
vn -0.4320 0.8970 0.0942
vn -0.0000 -0.0000 -1.0000
vt 1.000000 0.500000
vt 1.000000 1.000000
vt 0.857143 1.000000
vt 0.857143 0.500000
vt 0.714286 1.000000
vt 0.714286 0.500000
vt 0.571429 1.000000
vt 0.571429 0.500000
vt 0.428571 1.000000
vt 0.428571 0.500000
vt 0.285714 1.000000
vt 0.285714 0.500000
vt 0.437640 0.399638
vt 0.250000 0.490000
vt 0.062360 0.399638
vt 0.016017 0.196595
vt 0.145868 0.033767
vt 0.354132 0.033767
vt 0.483983 0.196595
vt 0.142857 1.000000
vt 0.142857 0.500000
vt 0.000000 1.000000
vt 0.000000 0.500000
vt 0.750000 0.490000
vt 0.937640 0.399638
vt 0.983983 0.196595
vt 0.854132 0.033768
vt 0.645868 0.033768
vt 0.516017 0.196595
vt 0.562360 0.399638
s 0
usemtl PlateEdge
f 1381/1804/1381 1382/1805/1381 1384/1806/1381 1383/1807/1381
f 1383/1807/1382 1384/1806/1382 1386/1808/1382 1385/1809/1382
f 1385/1809/1383 1386/1808/1383 1388/1810/1383 1387/1811/1383
f 1387/1811/1384 1388/1810/1384 1390/1812/1384 1389/1813/1384
f 1389/1813/1385 1390/1812/1385 1392/1814/1385 1391/1815/1385
f 1384/1816/1386 1382/1817/1386 1394/1818/1386 1392/1819/1386 1390/1820/1386 1388/1821/1386 1386/1822/1386
f 1391/1815/1387 1392/1814/1387 1394/1823/1387 1393/1824/1387
f 1393/1824/1388 1394/1823/1388 1382/1825/1388 1381/1826/1388
f 1381/1827/1389 1383/1828/1389 1385/1829/1389 1387/1830/1389 1389/1831/1389 1391/1832/1389 1393/1833/1389
o bronze_crown_rail
v -0.475000 0.680000 -0.235000
v -0.475000 0.715000 -0.200000
v -0.510000 0.715000 -0.235000
v -0.475000 0.684676 -0.217523
v -0.492477 0.684676 -0.235000
v -0.491737 0.689218 -0.218263
v -0.492477 0.715000 -0.204676
v -0.475000 0.697523 -0.204676
v -0.491737 0.698263 -0.209218
v -0.505324 0.697523 -0.235000
v -0.505324 0.715000 -0.217523
v -0.500782 0.698263 -0.218263
v -0.475000 0.805000 -0.200000
v -0.475000 0.840000 -0.235000
v -0.510000 0.805000 -0.235000
v -0.475000 0.822477 -0.204676
v -0.492477 0.805000 -0.204676
v -0.491737 0.821737 -0.209218
v -0.492477 0.835324 -0.235000
v -0.475000 0.835324 -0.217523
v -0.491737 0.830782 -0.218263
v -0.505324 0.805000 -0.217523
v -0.505324 0.822477 -0.235000
v -0.500782 0.821737 -0.218263
v -0.475000 0.680000 -0.305000
v -0.510000 0.715000 -0.305000
v -0.475000 0.715000 -0.340000
v -0.492477 0.684676 -0.305000
v -0.475000 0.684676 -0.322477
v -0.491737 0.689218 -0.321737
v -0.505324 0.715000 -0.322477
v -0.505324 0.697523 -0.305000
v -0.500782 0.698263 -0.321737
v -0.475000 0.697523 -0.335324
v -0.492477 0.715000 -0.335324
v -0.491737 0.698263 -0.330782
v -0.475000 0.840000 -0.305000
v -0.475000 0.805000 -0.340000
v -0.510000 0.805000 -0.305000
v -0.475000 0.835324 -0.322477
v -0.492477 0.835324 -0.305000
v -0.491737 0.830782 -0.321737
v -0.492477 0.805000 -0.335324
v -0.475000 0.822477 -0.335324
v -0.491737 0.821737 -0.330782
v -0.505324 0.822477 -0.305000
v -0.505324 0.805000 -0.322477
v -0.500782 0.821737 -0.321737
v 0.475000 0.680000 -0.235000
v 0.510000 0.715000 -0.235000
v 0.475000 0.715000 -0.200000
v 0.492477 0.684676 -0.235000
v 0.475000 0.684676 -0.217523
v 0.491737 0.689218 -0.218263
v 0.505324 0.715000 -0.217523
v 0.505324 0.697523 -0.235000
v 0.500782 0.698263 -0.218263
v 0.475000 0.697523 -0.204676
v 0.492477 0.715000 -0.204676
v 0.491737 0.698263 -0.209218
v 0.475000 0.840000 -0.235000
v 0.475000 0.805000 -0.200000
v 0.510000 0.805000 -0.235000
v 0.475000 0.835324 -0.217523
v 0.492477 0.835324 -0.235000
v 0.491737 0.830782 -0.218263
v 0.492477 0.805000 -0.204676
v 0.475000 0.822477 -0.204676
v 0.491737 0.821737 -0.209218
v 0.505324 0.822477 -0.235000
v 0.505324 0.805000 -0.217523
v 0.500782 0.821737 -0.218263
v 0.475000 0.680000 -0.305000
v 0.475000 0.715000 -0.340000
v 0.510000 0.715000 -0.305000
v 0.475000 0.684676 -0.322477
v 0.492477 0.684676 -0.305000
v 0.491737 0.689218 -0.321737
v 0.492477 0.715000 -0.335324
v 0.475000 0.697523 -0.335324
v 0.491737 0.698263 -0.330782
v 0.505324 0.697523 -0.305000
v 0.505324 0.715000 -0.322477
v 0.500782 0.698263 -0.321737
v 0.475000 0.840000 -0.305000
v 0.510000 0.805000 -0.305000
v 0.475000 0.805000 -0.340000
v 0.492477 0.835324 -0.305000
v 0.475000 0.835324 -0.322477
v 0.491737 0.830782 -0.321737
v 0.505324 0.805000 -0.322477
v 0.505324 0.822477 -0.305000
v 0.500782 0.821737 -0.321737
v 0.475000 0.822477 -0.335324
v 0.492477 0.805000 -0.335324
v 0.491737 0.821737 -0.330782
vn -0.2566 -0.9318 0.2566
vn -0.2178 -0.6901 0.6901
vn -0.2566 -0.2566 0.9318
vn -0.6901 -0.2178 0.6901
vn -0.9318 -0.2566 0.2566
vn -0.6901 -0.6901 0.2178
vn -0.5774 -0.5774 0.5773
vn -0.2566 0.2566 0.9318
vn -0.2178 0.6901 0.6901
vn -0.2566 0.9318 0.2566
vn -0.6901 0.6901 0.2178
vn -0.9318 0.2566 0.2566
vn -0.6901 0.2178 0.6901
vn -0.5774 0.5774 0.5773
vn -0.2566 -0.9318 -0.2566
vn -0.6901 -0.6901 -0.2178
vn -0.9318 -0.2566 -0.2566
vn -0.6901 -0.2178 -0.6901
vn -0.2566 -0.2566 -0.9318
vn -0.2178 -0.6901 -0.6901
vn -0.5774 -0.5774 -0.5773
vn -0.2566 0.9318 -0.2566
vn -0.2178 0.6901 -0.6901
vn -0.2566 0.2566 -0.9318
vn -0.6901 0.2178 -0.6901
vn -0.9318 0.2566 -0.2566
vn -0.6901 0.6901 -0.2178
vn -0.5774 0.5774 -0.5773
vn 0.2566 -0.9318 0.2566
vn 0.6901 -0.6901 0.2178
vn 0.9318 -0.2566 0.2566
vn 0.6901 -0.2178 0.6901
vn 0.2566 -0.2566 0.9318
vn 0.2178 -0.6901 0.6901
vn 0.5774 -0.5774 0.5773
vn 0.2566 0.9318 0.2566
vn 0.2178 0.6901 0.6901
vn 0.2566 0.2566 0.9318
vn 0.6901 0.2178 0.6901
vn 0.9318 0.2566 0.2566
vn 0.6901 0.6901 0.2178
vn 0.5774 0.5774 0.5773
vn 0.2566 -0.9318 -0.2566
vn 0.2178 -0.6901 -0.6901
vn 0.2566 -0.2566 -0.9318
vn 0.6901 -0.2178 -0.6901
vn 0.9318 -0.2566 -0.2566
vn 0.6901 -0.6901 -0.2178
vn 0.5774 -0.5774 -0.5773
vn 0.2566 0.9318 -0.2566
vn 0.6901 0.6901 -0.2178
vn 0.9318 0.2566 -0.2566
vn 0.6901 0.2178 -0.6901
vn 0.2566 0.2566 -0.9318
vn 0.2178 0.6901 -0.6901
vn 0.5774 0.5774 -0.5773
vn -0.2585 -0.9660 -0.0000
vn -0.7071 -0.7071 -0.0000
vn -0.9660 -0.2585 -0.0000
vn -0.2585 -0.0000 0.9660
vn -0.7071 -0.0000 0.7071
vn -0.9660 -0.0000 0.2585
vn -0.2585 0.9660 -0.0000
vn -0.7071 0.7071 -0.0000
vn -0.9660 0.2585 -0.0000
vn -0.2585 -0.0000 -0.9660
vn -0.7071 -0.0000 -0.7071
vn -0.9660 -0.0000 -0.2585
vn -0.0000 -0.9660 -0.2585
vn -0.0000 -0.7071 -0.7071
vn -0.0000 -0.2585 -0.9660
vn -0.0000 0.9660 -0.2585
vn -0.0000 0.7071 -0.7071
vn -0.0000 0.2585 -0.9660
vn 0.9660 -0.0000 -0.2585
vn 0.7071 -0.0000 -0.7071
vn 0.2585 -0.0000 -0.9660
vn 0.2585 -0.9660 -0.0000
vn 0.7071 -0.7071 -0.0000
vn 0.9660 -0.2585 -0.0000
vn 0.2585 0.9660 -0.0000
vn 0.7071 0.7071 -0.0000
vn 0.9660 0.2585 -0.0000
vn 0.2585 -0.0000 0.9660
vn 0.7071 -0.0000 0.7071
vn 0.9660 -0.0000 0.2585
vn -0.0000 -0.9660 0.2585
vn -0.0000 -0.7071 0.7071
vn -0.0000 -0.2585 0.9660
vn -0.0000 0.9660 0.2585
vn -0.0000 0.7071 0.7071
vn -0.0000 0.2585 0.9660
vn -0.0000 -1.0000 -0.0000
vn -1.0000 -0.0000 -0.0000
vn -0.0000 -0.0000 1.0000
vn -0.0000 1.0000 -0.0000
vn -0.0000 -0.0000 -1.0000
vn 1.0000 -0.0000 -0.0000
vt 0.133578 0.687500
vt 0.133578 0.718709
vt 0.129476 0.717388
vt 0.129295 0.687500
vt 0.133578 0.750000
vt 0.129476 0.750000
vt 0.429688 0.991422
vt 0.429688 1.000000
vt 0.375000 0.995524
vt 0.375000 0.991422
vt 0.429687 0.000000
vt 0.429688 0.031291
vt 0.375000 0.032612
vt 0.375000 0.000000
vt 0.429688 0.062500
vt 0.375000 0.062500
vt 0.125000 0.687500
vt 0.125000 0.717388
vt 0.570312 0.991422
vt 0.597620 0.991422
vt 0.596465 1.000000
vt 0.570312 1.000000
vt 0.625000 0.991422
vt 0.625000 1.000000
vt 0.866422 0.687500
vt 0.875000 0.687500
vt 0.875000 0.717388
vt 0.866422 0.750000
vt 0.625000 0.062500
vt 0.597620 0.062500
vt 0.596465 0.032612
vt 0.625000 0.032612
vt 0.570312 0.062500
vt 0.570312 0.031291
vt 0.570312 0.000000
vt 0.596465 0.000000
vt 0.133578 0.562500
vt 0.129295 0.562500
vt 0.129476 0.532612
vt 0.133578 0.531291
vt 0.125000 0.562500
vt 0.125000 0.532612
vt 0.429688 0.187500
vt 0.429688 0.218709
vt 0.375000 0.217388
vt 0.375000 0.187500
vt 0.429687 0.254295
vt 0.375000 0.254476
vt 0.429688 0.258578
vt 0.375000 0.258578
vt 0.133578 0.500000
vt 0.129476 0.500000
vt 0.866422 0.562500
vt 0.866422 0.500000
vt 0.875000 0.532612
vt 0.875000 0.562500
vt 0.625000 0.258578
vt 0.597620 0.258578
vt 0.596465 0.252856
vt 0.625000 0.231774
vt 0.570312 0.258578
vt 0.570313 0.254295
vt 0.570313 0.218709
vt 0.596465 0.217388
vt 0.570312 0.187500
vt 0.597620 0.187500
vt 0.625000 0.187500
vt 0.366422 0.687500
vt 0.370705 0.687500
vt 0.370524 0.717388
vt 0.366422 0.718709
vt 0.402380 0.687500
vt 0.401153 0.717388
vt 0.429688 0.687500
vt 0.429688 0.718709
vt 0.429687 0.754295
vt 0.373356 0.752832
vt 0.429688 0.758578
vt 0.370708 0.754286
vt 0.633578 0.687500
vt 0.629286 0.754292
vt 0.627832 0.751644
vt 0.629295 0.687500
vt 0.597620 0.758578
vt 0.596465 0.754476
vt 0.570312 0.758578
vt 0.570312 0.754295
vt 0.570313 0.718709
vt 0.596465 0.720086
vt 0.570312 0.687500
vt 0.597620 0.687500
vt 0.366422 0.562500
vt 0.366422 0.531291
vt 0.370524 0.532612
vt 0.370705 0.562500
vt 0.370708 0.495714
vt 0.373356 0.497168
vt 0.429687 0.491422
vt 0.429688 0.495705
vt 0.429688 0.531291
vt 0.401153 0.532612
vt 0.429687 0.562500
vt 0.402380 0.562500
vt 0.633579 0.562500
vt 0.629295 0.562500
vt 0.627832 0.498356
vt 0.629286 0.495708
vt 0.597620 0.562500
vt 0.596465 0.529914
vt 0.570312 0.562500
vt 0.570312 0.531291
vt 0.570312 0.495705
vt 0.596465 0.495524
vt 0.570312 0.491422
vt 0.597620 0.491422
s 0
usemtl WornBronze
f 1395/1834/1390 1398/1835/1390 1400/1836/1390 1399/1837/1390
f 1398/1835/1391 1402/1838/1391 1403/1839/1391 1400/1836/1391
f 1396/1840/1392 1401/1841/1392 1403/1842/1392 1402/1843/1392
f 1401/1844/1393 1405/1845/1393 1406/1846/1393 1403/1847/1393
f 1397/1848/1394 1404/1849/1394 1406/1846/1394 1405/1845/1394
f 1404/1850/1395 1399/1837/1395 1400/1836/1395 1406/1851/1395
f 1400/1836/1396 1403/1839/1396 1406/1851/1396
f 1407/1852/1397 1410/1853/1397 1412/1854/1397 1411/1855/1397
f 1410/1853/1398 1414/1856/1398 1415/1857/1398 1412/1854/1398
f 1408/1858/1399 1413/1859/1399 1415/1860/1399 1414/1861/1399
f 1413/1862/1400 1417/1863/1400 1418/1864/1400 1415/1865/1400
f 1409/1866/1401 1416/1867/1401 1418/1864/1401 1417/1863/1401
f 1416/1867/1402 1411/1868/1402 1412/1869/1402 1418/1864/1402
f 1412/1869/1403 1415/1865/1403 1418/1864/1403
f 1419/1870/1404 1422/1871/1404 1424/1872/1404 1423/1873/1404
f 1422/1871/1405 1426/1874/1405 1427/1875/1405 1424/1872/1405
f 1420/1876/1406 1425/1877/1406 1427/1878/1406 1426/1879/1406
f 1425/1877/1407 1429/1880/1407 1430/1881/1407 1427/1878/1407
f 1421/1882/1408 1428/1883/1408 1430/1881/1408 1429/1880/1408
f 1428/1884/1409 1423/1873/1409 1424/1872/1409 1430/1885/1409
f 1424/1872/1410 1427/1875/1410 1430/1885/1410
f 1431/1886/1411 1434/1887/1411 1436/1888/1411 1435/1889/1411
f 1434/1890/1412 1438/1891/1412 1439/1892/1412 1436/1893/1412
f 1432/1894/1413 1437/1895/1413 1439/1892/1413 1438/1891/1413
f 1437/1895/1414 1441/1896/1414 1442/1897/1414 1439/1892/1414
f 1433/1898/1415 1440/1899/1415 1442/1897/1415 1441/1896/1415
f 1440/1899/1416 1435/1900/1416 1436/1893/1416 1442/1897/1416
f 1436/1893/1417 1439/1892/1417 1442/1897/1417
f 1443/1901/1418 1446/1902/1418 1448/1903/1418 1447/1904/1418
f 1446/1902/1419 1450/1905/1419 1451/1906/1419 1448/1903/1419
f 1444/1907/1420 1449/1908/1420 1451/1906/1420 1450/1905/1420
f 1449/1908/1421 1453/1909/1421 1454/1910/1421 1451/1906/1421
f 1445/1911/1422 1452/1912/1422 1454/1910/1422 1453/1909/1422
f 1452/1912/1423 1447/1904/1423 1448/1903/1423 1454/1910/1423
f 1448/1903/1424 1451/1906/1424 1454/1910/1424
f 1455/1913/1425 1458/1914/1425 1460/1915/1425 1459/1916/1425
f 1458/1914/1426 1462/1917/1426 1463/1918/1426 1460/1915/1426
f 1456/1919/1427 1461/1920/1427 1463/1918/1427 1462/1917/1427
f 1461/1920/1428 1465/1921/1428 1466/1922/1428 1463/1918/1428
f 1457/1923/1429 1464/1924/1429 1466/1922/1429 1465/1921/1429
f 1464/1924/1430 1459/1916/1430 1460/1915/1430 1466/1922/1430
f 1460/1915/1431 1463/1918/1431 1466/1922/1431
f 1467/1925/1432 1470/1926/1432 1472/1927/1432 1471/1928/1432
f 1470/1926/1433 1474/1929/1433 1475/1930/1433 1472/1927/1433
f 1468/1931/1434 1473/1932/1434 1475/1930/1434 1474/1929/1434
f 1473/1932/1435 1477/1933/1435 1478/1934/1435 1475/1930/1435
f 1469/1935/1436 1476/1936/1436 1478/1934/1436 1477/1933/1436
f 1476/1936/1437 1471/1928/1437 1472/1927/1437 1478/1934/1437
f 1472/1927/1438 1475/1930/1438 1478/1934/1438
f 1479/1937/1439 1482/1938/1439 1484/1939/1439 1483/1940/1439
f 1482/1938/1440 1486/1941/1440 1487/1942/1440 1484/1939/1440
f 1480/1943/1441 1485/1944/1441 1487/1942/1441 1486/1941/1441
f 1485/1944/1442 1489/1945/1442 1490/1946/1442 1487/1942/1442
f 1481/1947/1443 1488/1948/1443 1490/1946/1443 1489/1945/1443
f 1488/1948/1444 1483/1940/1444 1484/1939/1444 1490/1946/1444
f 1484/1939/1445 1487/1942/1445 1490/1946/1445
f 1419/1870/1446 1395/1834/1446 1399/1837/1446 1422/1871/1446
f 1422/1871/1447 1399/1837/1447 1404/1850/1447 1426/1874/1447
f 1426/1879/1448 1404/1849/1448 1397/1848/1448 1420/1876/1448
f 1396/1840/1449 1407/1852/1449 1411/1855/1449 1401/1841/1449
f 1401/1844/1450 1411/1868/1450 1416/1867/1450 1405/1845/1450
f 1405/1845/1451 1416/1867/1451 1409/1866/1451 1397/1848/1451
f 1408/1858/1452 1431/1886/1452 1435/1889/1452 1413/1859/1452
f 1413/1862/1453 1435/1900/1453 1440/1899/1453 1417/1863/1453
f 1417/1863/1454 1440/1899/1454 1433/1898/1454 1409/1866/1454
f 1432/1894/1455 1421/1882/1455 1429/1880/1455 1437/1895/1455
f 1437/1895/1456 1429/1880/1456 1425/1877/1456 1441/1896/1456
f 1441/1896/1457 1425/1877/1457 1420/1876/1457 1433/1898/1457
f 1467/1925/1458 1419/1870/1458 1423/1873/1458 1470/1926/1458
f 1470/1926/1459 1423/1873/1459 1428/1884/1459 1474/1929/1459
f 1474/1929/1460 1428/1883/1460 1421/1882/1460 1468/1931/1460
f 1431/1886/1461 1479/1937/1461 1483/1940/1461 1434/1887/1461
f 1434/1890/1462 1483/1940/1462 1488/1948/1462 1438/1891/1462
f 1438/1891/1463 1488/1948/1463 1481/1947/1463 1432/1894/1463
f 1480/1943/1464 1469/1935/1464 1477/1933/1464 1485/1944/1464
f 1485/1944/1465 1477/1933/1465 1473/1932/1465 1489/1945/1465
f 1489/1945/1466 1473/1932/1466 1468/1931/1466 1481/1947/1466
f 1443/1901/1467 1467/1925/1467 1471/1928/1467 1446/1902/1467
f 1446/1902/1468 1471/1928/1468 1476/1936/1468 1450/1905/1468
f 1450/1905/1469 1476/1936/1469 1469/1935/1469 1444/1907/1469
f 1479/1937/1470 1455/1913/1470 1459/1916/1470 1482/1938/1470
f 1482/1938/1471 1459/1916/1471 1464/1924/1471 1486/1941/1471
f 1486/1941/1472 1464/1924/1472 1457/1923/1472 1480/1943/1472
f 1456/1919/1473 1445/1911/1473 1453/1909/1473 1461/1920/1473
f 1461/1920/1474 1453/1909/1474 1449/1908/1474 1465/1921/1474
f 1465/1921/1475 1449/1908/1475 1444/1907/1475 1457/1923/1475
f 1395/1834/1476 1443/1901/1476 1447/1904/1476 1398/1835/1476
f 1398/1835/1477 1447/1904/1477 1452/1912/1477 1402/1838/1477
f 1402/1843/1478 1452/1912/1478 1445/1911/1478 1396/1840/1478
f 1455/1913/1479 1408/1858/1479 1414/1861/1479 1458/1914/1479
f 1458/1914/1480 1414/1856/1480 1410/1853/1480 1462/1917/1480
f 1462/1917/1481 1410/1853/1481 1407/1852/1481 1456/1919/1481
f 1419/1870/1482 1467/1925/1482 1443/1901/1482 1395/1834/1482
f 1397/1848/1483 1409/1866/1483 1433/1898/1483 1420/1876/1483
f 1445/1911/1484 1456/1919/1484 1407/1852/1484 1396/1840/1484
f 1479/1937/1485 1431/1886/1485 1408/1858/1485 1455/1913/1485
f 1421/1882/1486 1432/1894/1486 1481/1947/1486 1468/1931/1486
f 1469/1935/1487 1480/1943/1487 1457/1923/1487 1444/1907/1487
o royal_crown_point
v -0.380000 0.910000 -0.350000
v -0.380000 1.210000 -0.274400
v -0.309635 0.910000 -0.316114
v -0.368742 1.210000 -0.268978
v -0.292256 0.910000 -0.239973
v -0.365961 1.210000 -0.256796
v -0.340950 0.910000 -0.178913
v -0.373752 1.210000 -0.247026
v -0.419050 0.910000 -0.178913
v -0.386248 1.210000 -0.247026
v -0.467744 0.910000 -0.239973
v -0.394039 1.210000 -0.256796
v -0.450365 0.910000 -0.316114
v -0.391258 1.210000 -0.268978
vn 0.4231 0.2214 -0.8786
vn 0.9507 0.2214 -0.2170
vn 0.7624 0.2214 0.6080
vn -0.0000 0.2214 0.9752
vn -0.7624 0.2214 0.6080
vn -0.0000 1.0000 -0.0000
vn -0.9507 0.2214 -0.2170
vn -0.4231 0.2214 -0.8786
vn -0.0000 -1.0000 -0.0000
vt 1.000000 0.500000
vt 1.000000 1.000000
vt 0.857143 1.000000
vt 0.857143 0.500000
vt 0.714286 1.000000
vt 0.714286 0.500000
vt 0.571429 1.000000
vt 0.571429 0.500000
vt 0.428571 1.000000
vt 0.428571 0.500000
vt 0.285714 1.000000
vt 0.285714 0.500000
vt 0.437640 0.399638
vt 0.250000 0.490000
vt 0.062360 0.399638
vt 0.016017 0.196595
vt 0.145868 0.033767
vt 0.354132 0.033767
vt 0.483983 0.196595
vt 0.142857 1.000000
vt 0.142857 0.500000
vt 0.000000 1.000000
vt 0.000000 0.500000
vt 0.750000 0.490000
vt 0.937640 0.399638
vt 0.983983 0.196595
vt 0.854132 0.033767
vt 0.645868 0.033767
vt 0.516017 0.196595
vt 0.562360 0.399638
s 0
usemtl WornBronze
f 1491/1949/1488 1492/1950/1488 1494/1951/1488 1493/1952/1488
f 1493/1952/1489 1494/1951/1489 1496/1953/1489 1495/1954/1489
f 1495/1954/1490 1496/1953/1490 1498/1955/1490 1497/1956/1490
f 1497/1956/1491 1498/1955/1491 1500/1957/1491 1499/1958/1491
f 1499/1958/1492 1500/1957/1492 1502/1959/1492 1501/1960/1492
f 1494/1961/1493 1492/1962/1493 1504/1963/1493 1502/1964/1493 1500/1965/1493 1498/1966/1493 1496/1967/1493
f 1501/1960/1494 1502/1959/1494 1504/1968/1494 1503/1969/1494
f 1503/1969/1495 1504/1968/1495 1492/1970/1495 1491/1971/1495
f 1491/1972/1496 1493/1973/1496 1495/1974/1496 1497/1975/1496 1499/1976/1496 1501/1977/1496 1503/1978/1496
o royal_crown_point.001
v 0.000000 0.910000 -0.350000
v 0.000000 1.210000 -0.274400
v 0.070365 0.910000 -0.316114
v 0.011258 1.210000 -0.268978
v 0.087744 0.910000 -0.239973
v 0.014039 1.210000 -0.256796
v 0.039050 0.910000 -0.178913
v 0.006248 1.210000 -0.247026
v -0.039050 0.910000 -0.178913
v -0.006248 1.210000 -0.247026
v -0.087744 0.910000 -0.239973
v -0.014039 1.210000 -0.256796
v -0.070365 0.910000 -0.316114
v -0.011258 1.210000 -0.268978
vn 0.4231 0.2214 -0.8786
vn 0.9507 0.2214 -0.2170
vn 0.7624 0.2214 0.6080
vn -0.0000 0.2214 0.9752
vn -0.7624 0.2214 0.6080
vn -0.0000 1.0000 -0.0000
vn -0.9507 0.2214 -0.2170
vn -0.4231 0.2214 -0.8786
vn -0.0000 -1.0000 -0.0000
vt 1.000000 0.500000
vt 1.000000 1.000000
vt 0.857143 1.000000
vt 0.857143 0.500000
vt 0.714286 1.000000
vt 0.714286 0.500000
vt 0.571429 1.000000
vt 0.571429 0.500000
vt 0.428571 1.000000
vt 0.428571 0.500000
vt 0.285714 1.000000
vt 0.285714 0.500000
vt 0.437640 0.399638
vt 0.250000 0.490000
vt 0.062360 0.399638
vt 0.016017 0.196595
vt 0.145868 0.033767
vt 0.354132 0.033767
vt 0.483983 0.196595
vt 0.142857 1.000000
vt 0.142857 0.500000
vt 0.000000 1.000000
vt 0.000000 0.500000
vt 0.750000 0.490000
vt 0.937640 0.399638
vt 0.983983 0.196595
vt 0.854132 0.033767
vt 0.645868 0.033767
vt 0.516017 0.196595
vt 0.562360 0.399638
s 0
usemtl WornBronze
f 1505/1979/1497 1506/1980/1497 1508/1981/1497 1507/1982/1497
f 1507/1982/1498 1508/1981/1498 1510/1983/1498 1509/1984/1498
f 1509/1984/1499 1510/1983/1499 1512/1985/1499 1511/1986/1499
f 1511/1986/1500 1512/1985/1500 1514/1987/1500 1513/1988/1500
f 1513/1988/1501 1514/1987/1501 1516/1989/1501 1515/1990/1501
f 1508/1991/1502 1506/1992/1502 1518/1993/1502 1516/1994/1502 1514/1995/1502 1512/1996/1502 1510/1997/1502
f 1515/1990/1503 1516/1989/1503 1518/1998/1503 1517/1999/1503
f 1517/1999/1504 1518/1998/1504 1506/2000/1504 1505/2001/1504
f 1505/2002/1505 1507/2003/1505 1509/2004/1505 1511/2005/1505 1513/2006/1505 1515/2007/1505 1517/2008/1505
o royal_crown_point.002
v 0.380000 0.910000 -0.350000
v 0.380000 1.210000 -0.274400
v 0.450365 0.910000 -0.316114
v 0.391258 1.210000 -0.268978
v 0.467744 0.910000 -0.239973
v 0.394039 1.210000 -0.256796
v 0.419050 0.910000 -0.178913
v 0.386248 1.210000 -0.247026
v 0.340950 0.910000 -0.178913
v 0.373752 1.210000 -0.247026
v 0.292256 0.910000 -0.239973
v 0.365961 1.210000 -0.256796
v 0.309635 0.910000 -0.316114
v 0.368742 1.210000 -0.268978
vn 0.4231 0.2214 -0.8786
vn 0.9507 0.2214 -0.2170
vn 0.7624 0.2214 0.6080
vn -0.0000 0.2214 0.9752
vn -0.7624 0.2214 0.6080
vn -0.0000 1.0000 -0.0000
vn -0.9507 0.2214 -0.2170
vn -0.4231 0.2214 -0.8786
vn -0.0000 -1.0000 -0.0000
vt 1.000000 0.500000
vt 1.000000 1.000000
vt 0.857143 1.000000
vt 0.857143 0.500000
vt 0.714286 1.000000
vt 0.714286 0.500000
vt 0.571429 1.000000
vt 0.571429 0.500000
vt 0.428571 1.000000
vt 0.428571 0.500000
vt 0.285714 1.000000
vt 0.285714 0.500000
vt 0.437640 0.399638
vt 0.250000 0.490000
vt 0.062360 0.399638
vt 0.016017 0.196595
vt 0.145868 0.033767
vt 0.354132 0.033767
vt 0.483983 0.196595
vt 0.142857 1.000000
vt 0.142857 0.500000
vt 0.000000 1.000000
vt 0.000000 0.500000
vt 0.750000 0.490000
vt 0.937640 0.399638
vt 0.983983 0.196595
vt 0.854132 0.033767
vt 0.645868 0.033767
vt 0.516017 0.196595
vt 0.562360 0.399638
s 0
usemtl WornBronze
f 1519/2009/1506 1520/2010/1506 1522/2011/1506 1521/2012/1506
f 1521/2012/1507 1522/2011/1507 1524/2013/1507 1523/2014/1507
f 1523/2014/1508 1524/2013/1508 1526/2015/1508 1525/2016/1508
f 1525/2016/1509 1526/2015/1509 1528/2017/1509 1527/2018/1509
f 1527/2018/1510 1528/2017/1510 1530/2019/1510 1529/2020/1510
f 1522/2021/1511 1520/2022/1511 1532/2023/1511 1530/2024/1511 1528/2025/1511 1526/2026/1511 1524/2027/1511
f 1529/2020/1512 1530/2019/1512 1532/2028/1512 1531/2029/1512
f 1531/2029/1513 1532/2028/1513 1520/2030/1513 1519/2031/1513
f 1519/2032/1514 1521/2033/1514 1523/2034/1514 1525/2035/1514 1527/2036/1514 1529/2037/1514 1531/2038/1514
o iron_royal_mantle
v -0.495000 0.665000 -0.340000
v -0.495000 0.695000 -0.310000
v -0.525000 0.695000 -0.340000
v -0.495000 0.669008 -0.325020
v -0.509980 0.669008 -0.340000
v -0.509346 0.672901 -0.325654
v -0.509980 0.695000 -0.314008
v -0.495000 0.680020 -0.314008
v -0.509346 0.680654 -0.317901
v -0.520992 0.680020 -0.340000
v -0.520992 0.695000 -0.325020
v -0.517099 0.680654 -0.325654
v -0.495000 1.065000 -0.310000
v -0.495000 1.095000 -0.340000
v -0.525000 1.065000 -0.340000
v -0.495000 1.079980 -0.314008
v -0.509980 1.065000 -0.314008
v -0.509346 1.079346 -0.317901
v -0.509980 1.090992 -0.340000
v -0.495000 1.090992 -0.325020
v -0.509346 1.087099 -0.325654
v -0.520992 1.065000 -0.325020
v -0.520992 1.079980 -0.340000
v -0.517099 1.079346 -0.325654
v -0.495000 0.665000 -0.380000
v -0.525000 0.695000 -0.380000
v -0.495000 0.695000 -0.410000
v -0.509980 0.669008 -0.380000
v -0.495000 0.669008 -0.394980
v -0.509346 0.672901 -0.394346
v -0.520992 0.695000 -0.394980
v -0.520992 0.680020 -0.380000
v -0.517099 0.680654 -0.394346
v -0.495000 0.680020 -0.405992
v -0.509980 0.695000 -0.405992
v -0.509346 0.680654 -0.402099
v -0.495000 1.095000 -0.380000
v -0.495000 1.065000 -0.410000
v -0.525000 1.065000 -0.380000
v -0.495000 1.090992 -0.394980
v -0.509980 1.090992 -0.380000
v -0.509346 1.087099 -0.394346
v -0.509980 1.065000 -0.405992
v -0.495000 1.079980 -0.405992
v -0.509346 1.079346 -0.402099
v -0.520992 1.079980 -0.380000
v -0.520992 1.065000 -0.394980
v -0.517099 1.079346 -0.394346
v 0.495000 0.665000 -0.340000
v 0.525000 0.695000 -0.340000
v 0.495000 0.695000 -0.310000
v 0.509980 0.669008 -0.340000
v 0.495000 0.669008 -0.325020
v 0.509346 0.672901 -0.325654
v 0.520992 0.695000 -0.325020
v 0.520992 0.680020 -0.340000
v 0.517099 0.680654 -0.325654
v 0.495000 0.680020 -0.314008
v 0.509980 0.695000 -0.314008
v 0.509346 0.680654 -0.317901
v 0.495000 1.095000 -0.340000
v 0.495000 1.065000 -0.310000
v 0.525000 1.065000 -0.340000
v 0.495000 1.090992 -0.325020
v 0.509980 1.090992 -0.340000
v 0.509346 1.087099 -0.325654
v 0.509980 1.065000 -0.314008
v 0.495000 1.079980 -0.314008
v 0.509346 1.079346 -0.317901
v 0.520992 1.079980 -0.340000
v 0.520992 1.065000 -0.325020
v 0.517099 1.079346 -0.325654
v 0.495000 0.665000 -0.380000
v 0.495000 0.695000 -0.410000
v 0.525000 0.695000 -0.380000
v 0.495000 0.669008 -0.394980
v 0.509980 0.669008 -0.380000
v 0.509346 0.672901 -0.394346
v 0.509980 0.695000 -0.405992
v 0.495000 0.680020 -0.405992
v 0.509346 0.680654 -0.402099
v 0.520992 0.680020 -0.380000
v 0.520992 0.695000 -0.394980
v 0.517099 0.680654 -0.394346
v 0.495000 1.095000 -0.380000
v 0.525000 1.065000 -0.380000
v 0.495000 1.065000 -0.410000
v 0.509980 1.090992 -0.380000
v 0.495000 1.090992 -0.394980
v 0.509346 1.087099 -0.394346
v 0.520992 1.065000 -0.394980
v 0.520992 1.079980 -0.380000
v 0.517099 1.079346 -0.394346
v 0.495000 1.079980 -0.405992
v 0.509980 1.065000 -0.405992
v 0.509346 1.079346 -0.402099
vn -0.2566 -0.9318 0.2566
vn -0.2178 -0.6901 0.6901
vn -0.2566 -0.2566 0.9318
vn -0.6901 -0.2178 0.6901
vn -0.9318 -0.2566 0.2566
vn -0.6901 -0.6901 0.2178
vn -0.5774 -0.5773 0.5773
vn -0.2566 0.2566 0.9318
vn -0.2178 0.6901 0.6901
vn -0.2566 0.9318 0.2566
vn -0.6901 0.6901 0.2178
vn -0.9318 0.2566 0.2566
vn -0.6901 0.2178 0.6901
vn -0.5774 0.5773 0.5773
vn -0.2566 -0.9318 -0.2566
vn -0.6901 -0.6901 -0.2178
vn -0.9318 -0.2566 -0.2566
vn -0.6901 -0.2178 -0.6901
vn -0.2566 -0.2566 -0.9318
vn -0.2178 -0.6901 -0.6901
vn -0.5773 -0.5773 -0.5774
vn -0.2566 0.9318 -0.2566
vn -0.2178 0.6901 -0.6901
vn -0.2566 0.2566 -0.9318
vn -0.6901 0.2178 -0.6901
vn -0.9318 0.2566 -0.2566
vn -0.6901 0.6901 -0.2178
vn -0.5774 0.5773 -0.5773
vn 0.2566 -0.9318 0.2566
vn 0.6901 -0.6901 0.2178
vn 0.9318 -0.2566 0.2566
vn 0.6901 -0.2178 0.6901
vn 0.2566 -0.2566 0.9318
vn 0.2178 -0.6901 0.6901
vn 0.5773 -0.5773 0.5774
vn 0.2566 0.9318 0.2566
vn 0.2178 0.6901 0.6901
vn 0.2566 0.2566 0.9318
vn 0.6901 0.2178 0.6901
vn 0.9318 0.2566 0.2566
vn 0.6901 0.6901 0.2178
vn 0.5774 0.5773 0.5773
vn 0.2566 -0.9318 -0.2566
vn 0.2178 -0.6901 -0.6901
vn 0.2566 -0.2566 -0.9318
vn 0.6901 -0.2178 -0.6901
vn 0.9318 -0.2566 -0.2566
vn 0.6901 -0.6901 -0.2178
vn 0.5774 -0.5773 -0.5773
vn 0.2566 0.9318 -0.2566
vn 0.6901 0.6901 -0.2178
vn 0.9318 0.2566 -0.2566
vn 0.6901 0.2178 -0.6901
vn 0.2566 0.2566 -0.9318
vn 0.2178 0.6901 -0.6901
vn 0.5773 0.5773 -0.5774
vn -0.2585 -0.9660 -0.0000
vn -0.7071 -0.7071 -0.0000
vn -0.9660 -0.2585 -0.0000
vn -0.2585 -0.0000 0.9660
vn -0.7071 -0.0000 0.7071
vn -0.9660 -0.0000 0.2585
vn -0.2585 0.9660 -0.0000
vn -0.7071 0.7071 -0.0000
vn -0.9660 0.2585 -0.0000
vn -0.2585 -0.0000 -0.9660
vn -0.7071 -0.0000 -0.7071
vn -0.9660 -0.0000 -0.2585
vn -0.0000 -0.9660 -0.2585
vn -0.0000 -0.7071 -0.7071
vn -0.0000 -0.2585 -0.9660
vn -0.0000 0.9660 -0.2585
vn -0.0000 0.7071 -0.7071
vn -0.0000 0.2585 -0.9660
vn 0.9660 -0.0000 -0.2585
vn 0.7071 -0.0000 -0.7071
vn 0.2585 -0.0000 -0.9660
vn 0.2585 -0.9660 -0.0000
vn 0.7071 -0.7071 -0.0000
vn 0.9660 -0.2585 -0.0000
vn 0.2585 0.9660 -0.0000
vn 0.7071 0.7071 -0.0000
vn 0.9660 0.2585 -0.0000
vn 0.2585 -0.0000 0.9660
vn 0.7071 -0.0000 0.7071
vn 0.9660 -0.0000 0.2585
vn -0.0000 -0.9660 0.2585
vn -0.0000 -0.7071 0.7071
vn -0.0000 -0.2585 0.9660
vn -0.0000 0.9660 0.2585
vn -0.0000 0.7071 0.7071
vn -0.0000 0.2585 0.9660
vn -0.0000 -1.0000 -0.0000
vn -1.0000 -0.0000 -0.0000
vn -0.0000 -0.0000 1.0000
vn -0.0000 1.0000 -0.0000
vn -0.0000 -0.0000 -1.0000
vn 1.0000 -0.0000 -0.0000
vt 0.132143 0.675000
vt 0.132143 0.712451
vt 0.128727 0.710866
vt 0.128576 0.675000
vt 0.132143 0.750000
vt 0.128727 0.750000
vt 0.392442 0.992857
vt 0.392442 1.000000
vt 0.375000 0.996273
vt 0.375000 0.992857
vt 0.392442 0.000000
vt 0.392442 0.037549
vt 0.375000 0.039134
vt 0.375000 0.000000
vt 0.392442 0.075000
vt 0.375000 0.075000
vt 0.125000 0.675000
vt 0.125000 0.710866
vt 0.607558 0.992857
vt 0.616268 0.992857
vt 0.615899 1.000000
vt 0.607558 1.000000
vt 0.625000 0.992857
vt 0.625000 1.000000
vt 0.867857 0.675000
vt 0.875000 0.675000
vt 0.875000 0.710866
vt 0.867857 0.750000
vt 0.625000 0.075000
vt 0.616268 0.075000
vt 0.615899 0.039134
vt 0.625000 0.039134
vt 0.607558 0.075000
vt 0.607558 0.037549
vt 0.607558 0.000000
vt 0.615899 0.000000
vt 0.132143 0.575000
vt 0.128576 0.575000
vt 0.128727 0.539134
vt 0.132143 0.537549
vt 0.125000 0.575000
vt 0.125000 0.539134
vt 0.392442 0.175000
vt 0.392442 0.212451
vt 0.375000 0.210866
vt 0.375000 0.175000
vt 0.392442 0.253576
vt 0.375000 0.253727
vt 0.392442 0.257143
vt 0.375000 0.257143
vt 0.132143 0.500000
vt 0.128727 0.500000
vt 0.867857 0.575000
vt 0.867857 0.500000
vt 0.875000 0.539134
vt 0.875000 0.575000
vt 0.625000 0.257143
vt 0.616268 0.257143
vt 0.615899 0.251910
vt 0.625000 0.228129
vt 0.607558 0.257143
vt 0.607558 0.253576
vt 0.607558 0.212451
vt 0.615899 0.210866
vt 0.607558 0.175000
vt 0.616268 0.175000
vt 0.625000 0.175000
vt 0.367857 0.675000
vt 0.371424 0.675000
vt 0.371273 0.710866
vt 0.367857 0.712451
vt 0.383732 0.675000
vt 0.383251 0.710866
vt 0.392442 0.675000
vt 0.392442 0.712451
vt 0.392442 0.753576
vt 0.373631 0.752358
vt 0.392442 0.757143
vt 0.371425 0.753568
vt 0.632143 0.675000
vt 0.628568 0.753575
vt 0.627358 0.751369
vt 0.628576 0.675000
vt 0.616268 0.757143
vt 0.615899 0.753727
vt 0.607558 0.757143
vt 0.607558 0.753576
vt 0.607558 0.712451
vt 0.615899 0.714039
vt 0.607558 0.675000
vt 0.616268 0.675000
vt 0.367857 0.575000
vt 0.367857 0.537549
vt 0.371273 0.539134
vt 0.371424 0.575000
vt 0.371425 0.496432
vt 0.373631 0.497642
vt 0.392442 0.492857
vt 0.392442 0.496424
vt 0.392442 0.537549
vt 0.383251 0.539134
vt 0.392442 0.575000
vt 0.383732 0.575000
vt 0.632143 0.575000
vt 0.628576 0.575000
vt 0.627358 0.498631
vt 0.628568 0.496425
vt 0.616268 0.575000
vt 0.615899 0.535961
vt 0.607558 0.575000
vt 0.607558 0.537549
vt 0.607558 0.496424
vt 0.615899 0.496273
vt 0.607558 0.492857
vt 0.616268 0.492857
s 0
usemtl BlackIron
f 1533/2039/1515 1536/2040/1515 1538/2041/1515 1537/2042/1515
f 1536/2040/1516 1540/2043/1516 1541/2044/1516 1538/2041/1516
f 1534/2045/1517 1539/2046/1517 1541/2047/1517 1540/2048/1517
f 1539/2049/1518 1543/2050/1518 1544/2051/1518 1541/2052/1518
f 1535/2053/1519 1542/2054/1519 1544/2051/1519 1543/2050/1519
f 1542/2055/1520 1537/2042/1520 1538/2041/1520 1544/2056/1520
f 1538/2041/1521 1541/2044/1521 1544/2056/1521
f 1545/2057/1522 1548/2058/1522 1550/2059/1522 1549/2060/1522
f 1548/2058/1523 1552/2061/1523 1553/2062/1523 1550/2059/1523
f 1546/2063/1524 1551/2064/1524 1553/2065/1524 1552/2066/1524
f 1551/2067/1525 1555/2068/1525 1556/2069/1525 1553/2070/1525
f 1547/2071/1526 1554/2072/1526 1556/2069/1526 1555/2068/1526
f 1554/2072/1527 1549/2073/1527 1550/2074/1527 1556/2069/1527
f 1550/2074/1528 1553/2070/1528 1556/2069/1528
f 1557/2075/1529 1560/2076/1529 1562/2077/1529 1561/2078/1529
f 1560/2076/1530 1564/2079/1530 1565/2080/1530 1562/2077/1530
f 1558/2081/1531 1563/2082/1531 1565/2083/1531 1564/2084/1531
f 1563/2082/1532 1567/2085/1532 1568/2086/1532 1565/2083/1532
f 1559/2087/1533 1566/2088/1533 1568/2086/1533 1567/2085/1533
f 1566/2089/1534 1561/2078/1534 1562/2077/1534 1568/2090/1534
f 1562/2077/1535 1565/2080/1535 1568/2090/1535
f 1569/2091/1536 1572/2092/1536 1574/2093/1536 1573/2094/1536
f 1572/2095/1537 1576/2096/1537 1577/2097/1537 1574/2098/1537
f 1570/2099/1538 1575/2100/1538 1577/2097/1538 1576/2096/1538
f 1575/2100/1539 1579/2101/1539 1580/2102/1539 1577/2097/1539
f 1571/2103/1540 1578/2104/1540 1580/2102/1540 1579/2101/1540
f 1578/2104/1541 1573/2105/1541 1574/2098/1541 1580/2102/1541
f 1574/2098/1542 1577/2097/1542 1580/2102/1542
f 1581/2106/1543 1584/2107/1543 1586/2108/1543 1585/2109/1543
f 1584/2107/1544 1588/2110/1544 1589/2111/1544 1586/2108/1544
f 1582/2112/1545 1587/2113/1545 1589/2111/1545 1588/2110/1545
f 1587/2113/1546 1591/2114/1546 1592/2115/1546 1589/2111/1546
f 1583/2116/1547 1590/2117/1547 1592/2115/1547 1591/2114/1547
f 1590/2117/1548 1585/2109/1548 1586/2108/1548 1592/2115/1548
f 1586/2108/1549 1589/2111/1549 1592/2115/1549
f 1593/2118/1550 1596/2119/1550 1598/2120/1550 1597/2121/1550
f 1596/2119/1551 1600/2122/1551 1601/2123/1551 1598/2120/1551
f 1594/2124/1552 1599/2125/1552 1601/2123/1552 1600/2122/1552
f 1599/2125/1553 1603/2126/1553 1604/2127/1553 1601/2123/1553
f 1595/2128/1554 1602/2129/1554 1604/2127/1554 1603/2126/1554
f 1602/2129/1555 1597/2121/1555 1598/2120/1555 1604/2127/1555
f 1598/2120/1556 1601/2123/1556 1604/2127/1556
f 1605/2130/1557 1608/2131/1557 1610/2132/1557 1609/2133/1557
f 1608/2131/1558 1612/2134/1558 1613/2135/1558 1610/2132/1558
f 1606/2136/1559 1611/2137/1559 1613/2135/1559 1612/2134/1559
f 1611/2137/1560 1615/2138/1560 1616/2139/1560 1613/2135/1560
f 1607/2140/1561 1614/2141/1561 1616/2139/1561 1615/2138/1561
f 1614/2141/1562 1609/2133/1562 1610/2132/1562 1616/2139/1562
f 1610/2132/1563 1613/2135/1563 1616/2139/1563
f 1617/2142/1564 1620/2143/1564 1622/2144/1564 1621/2145/1564
f 1620/2143/1565 1624/2146/1565 1625/2147/1565 1622/2144/1565
f 1618/2148/1566 1623/2149/1566 1625/2147/1566 1624/2146/1566
f 1623/2149/1567 1627/2150/1567 1628/2151/1567 1625/2147/1567
f 1619/2152/1568 1626/2153/1568 1628/2151/1568 1627/2150/1568
f 1626/2153/1569 1621/2145/1569 1622/2144/1569 1628/2151/1569
f 1622/2144/1570 1625/2147/1570 1628/2151/1570
f 1557/2075/1571 1533/2039/1571 1537/2042/1571 1560/2076/1571
f 1560/2076/1572 1537/2042/1572 1542/2055/1572 1564/2079/1572
f 1564/2084/1573 1542/2054/1573 1535/2053/1573 1558/2081/1573
f 1534/2045/1574 1545/2057/1574 1549/2060/1574 1539/2046/1574
f 1539/2049/1575 1549/2073/1575 1554/2072/1575 1543/2050/1575
f 1543/2050/1576 1554/2072/1576 1547/2071/1576 1535/2053/1576
f 1546/2063/1577 1569/2091/1577 1573/2094/1577 1551/2064/1577
f 1551/2067/1578 1573/2105/1578 1578/2104/1578 1555/2068/1578
f 1555/2068/1579 1578/2104/1579 1571/2103/1579 1547/2071/1579
f 1570/2099/1580 1559/2087/1580 1567/2085/1580 1575/2100/1580
f 1575/2100/1581 1567/2085/1581 1563/2082/1581 1579/2101/1581
f 1579/2101/1582 1563/2082/1582 1558/2081/1582 1571/2103/1582
f 1605/2130/1583 1557/2075/1583 1561/2078/1583 1608/2131/1583
f 1608/2131/1584 1561/2078/1584 1566/2089/1584 1612/2134/1584
f 1612/2134/1585 1566/2088/1585 1559/2087/1585 1606/2136/1585
f 1569/2091/1586 1617/2142/1586 1621/2145/1586 1572/2092/1586
f 1572/2095/1587 1621/2145/1587 1626/2153/1587 1576/2096/1587
f 1576/2096/1588 1626/2153/1588 1619/2152/1588 1570/2099/1588
f 1618/2148/1589 1607/2140/1589 1615/2138/1589 1623/2149/1589
f 1623/2149/1590 1615/2138/1590 1611/2137/1590 1627/2150/1590
f 1627/2150/1591 1611/2137/1591 1606/2136/1591 1619/2152/1591
f 1581/2106/1592 1605/2130/1592 1609/2133/1592 1584/2107/1592
f 1584/2107/1593 1609/2133/1593 1614/2141/1593 1588/2110/1593
f 1588/2110/1594 1614/2141/1594 1607/2140/1594 1582/2112/1594
f 1617/2142/1595 1593/2118/1595 1597/2121/1595 1620/2143/1595
f 1620/2143/1596 1597/2121/1596 1602/2129/1596 1624/2146/1596
f 1624/2146/1597 1602/2129/1597 1595/2128/1597 1618/2148/1597
f 1594/2124/1598 1583/2116/1598 1591/2114/1598 1599/2125/1598
f 1599/2125/1599 1591/2114/1599 1587/2113/1599 1603/2126/1599
f 1603/2126/1600 1587/2113/1600 1582/2112/1600 1595/2128/1600
f 1533/2039/1601 1581/2106/1601 1585/2109/1601 1536/2040/1601
f 1536/2040/1602 1585/2109/1602 1590/2117/1602 1540/2043/1602
f 1540/2048/1603 1590/2117/1603 1583/2116/1603 1534/2045/1603
f 1593/2118/1604 1546/2063/1604 1552/2066/1604 1596/2119/1604
f 1596/2119/1605 1552/2061/1605 1548/2058/1605 1600/2122/1605
f 1600/2122/1606 1548/2058/1606 1545/2057/1606 1594/2124/1606
f 1557/2075/1607 1605/2130/1607 1581/2106/1607 1533/2039/1607
f 1535/2053/1608 1547/2071/1608 1571/2103/1608 1558/2081/1608
f 1583/2116/1609 1594/2124/1609 1545/2057/1609 1534/2045/1609
f 1617/2142/1610 1569/2091/1610 1546/2063/1610 1593/2118/1610
f 1559/2087/1611 1570/2099/1611 1619/2152/1611 1606/2136/1611
f 1607/2140/1612 1618/2148/1612 1595/2128/1612 1582/2112/1612
o royal_amber_seal
v -0.480000 0.997615 -0.212941
v -0.480000 0.990622 -0.225000
v -0.480000 0.948117 -0.248296
v -0.480000 0.930000 -0.250000
v -0.480000 0.911883 -0.248296
v -0.480000 0.869378 -0.225000
v -0.480000 0.862385 -0.212941
v -0.474401 0.997615 -0.212308
v -0.469184 0.990622 -0.223776
v -0.464704 0.979497 -0.233625
v -0.461267 0.965000 -0.241182
v -0.459106 0.948117 -0.245933
v -0.458369 0.930000 -0.247553
v -0.459106 0.911883 -0.245933
v -0.461267 0.895000 -0.241182
v -0.464704 0.880503 -0.233625
v -0.469184 0.869378 -0.223776
v -0.474401 0.862385 -0.212308
v -0.469351 0.997615 -0.210469
v -0.459428 0.990622 -0.220225
v -0.450906 0.979497 -0.228603
v -0.444367 0.965000 -0.235031
v -0.440257 0.948117 -0.239073
v -0.438855 0.930000 -0.240451
v -0.440257 0.911883 -0.239073
v -0.444367 0.895000 -0.235031
v -0.450906 0.880503 -0.228603
v -0.459428 0.869378 -0.220225
v -0.469351 0.862385 -0.210469
v -0.480000 0.860000 -0.200000
v -0.465343 0.997615 -0.207607
v -0.451684 0.990622 -0.214695
v -0.439956 0.979497 -0.220781
v -0.430956 0.965000 -0.225452
v -0.425298 0.948117 -0.228388
v -0.423369 0.930000 -0.229389
v -0.425298 0.911883 -0.228388
v -0.430956 0.895000 -0.225452
v -0.439956 0.880503 -0.220781
v -0.451684 0.869378 -0.214695
v -0.465343 0.862385 -0.207607
v -0.462769 0.997615 -0.203999
v -0.446713 0.990622 -0.207725
v -0.432925 0.979497 -0.210925
v -0.422345 0.965000 -0.213381
v -0.415694 0.948117 -0.214924
v -0.413426 0.930000 -0.215451
v -0.415694 0.911883 -0.214924
v -0.422345 0.895000 -0.213381
v -0.432925 0.880503 -0.210925
v -0.446713 0.869378 -0.207725
v -0.462769 0.862385 -0.203999
v -0.461883 0.997615 -0.200000
v -0.445000 0.990622 -0.200000
v -0.430503 0.979497 -0.200000
v -0.419378 0.965000 -0.200000
v -0.412385 0.948117 -0.200000
v -0.410000 0.930000 -0.200000
v -0.412385 0.911883 -0.200000
v -0.419378 0.895000 -0.200000
v -0.430503 0.880503 -0.200000
v -0.445000 0.869378 -0.200000
v -0.461883 0.862385 -0.200000
v -0.462769 0.997615 -0.196001
v -0.446713 0.990622 -0.192275
v -0.432925 0.979497 -0.189075
v -0.422345 0.965000 -0.186619
v -0.415694 0.948117 -0.185076
v -0.413426 0.930000 -0.184549
v -0.415694 0.911883 -0.185076
v -0.422345 0.895000 -0.186619
v -0.432925 0.880503 -0.189075
v -0.446713 0.869378 -0.192275
v -0.462769 0.862385 -0.196001
v -0.465343 0.997615 -0.192393
v -0.451684 0.990622 -0.185305
v -0.439956 0.979497 -0.179219
v -0.430956 0.965000 -0.174548
v -0.425298 0.948117 -0.171612
v -0.423369 0.930000 -0.170611
v -0.425298 0.911883 -0.171612
v -0.430956 0.895000 -0.174548
v -0.439956 0.880503 -0.179219
v -0.451684 0.869378 -0.185305
v -0.465343 0.862385 -0.192393
v -0.469351 0.997615 -0.189531
v -0.459428 0.990622 -0.179775
v -0.450906 0.979497 -0.171397
v -0.444367 0.965000 -0.164969
v -0.440257 0.948117 -0.160927
v -0.438855 0.930000 -0.159549
v -0.440257 0.911883 -0.160927
v -0.444367 0.895000 -0.164969
v -0.450906 0.880503 -0.171397
v -0.459428 0.869378 -0.179775
v -0.469351 0.862385 -0.189531
v -0.474401 0.997615 -0.187692
v -0.469184 0.990622 -0.176224
v -0.464704 0.979497 -0.166375
v -0.461267 0.965000 -0.158818
v -0.459106 0.948117 -0.154067
v -0.458369 0.930000 -0.152447
v -0.459106 0.911883 -0.154067
v -0.461267 0.895000 -0.158818
v -0.464704 0.880503 -0.166375
v -0.469184 0.869378 -0.176224
v -0.474401 0.862385 -0.187692
v -0.480000 1.000000 -0.200000
v -0.480000 0.997615 -0.187059
v -0.480000 0.990622 -0.175000
v -0.480000 0.979497 -0.164645
v -0.480000 0.965000 -0.156699
v -0.480000 0.948117 -0.151704
v -0.480000 0.930000 -0.150000
v -0.480000 0.911883 -0.151704
v -0.480000 0.895000 -0.156699
v -0.480000 0.880503 -0.164645
v -0.480000 0.869378 -0.175000
v -0.480000 0.862385 -0.187059
v -0.485599 0.997615 -0.187692
v -0.490816 0.990622 -0.176224
v -0.495296 0.979497 -0.166375
v -0.498733 0.965000 -0.158818
v -0.500894 0.948117 -0.154067
v -0.501631 0.930000 -0.152447
v -0.500894 0.911883 -0.154067
v -0.498733 0.895000 -0.158818
v -0.495296 0.880503 -0.166375
v -0.490816 0.869378 -0.176224
v -0.485599 0.862385 -0.187692
v -0.490649 0.997615 -0.189531
v -0.500573 0.990622 -0.179775
v -0.509094 0.979497 -0.171397
v -0.515633 0.965000 -0.164969
v -0.519743 0.948117 -0.160927
v -0.521145 0.930000 -0.159549
v -0.519743 0.911883 -0.160927
v -0.515633 0.895000 -0.164969
v -0.509094 0.880503 -0.171397
v -0.500573 0.869378 -0.179775
v -0.490649 0.862385 -0.189531
v -0.494657 0.997615 -0.192393
v -0.508316 0.990622 -0.185305
v -0.520044 0.979497 -0.179219
v -0.529044 0.965000 -0.174548
v -0.534702 0.948117 -0.171612
v -0.536631 0.930000 -0.170611
v -0.534702 0.911883 -0.171612
v -0.529044 0.895000 -0.174548
v -0.520044 0.880503 -0.179219
v -0.508316 0.869378 -0.185305
v -0.494657 0.862385 -0.192393
v -0.497231 0.997615 -0.196001
v -0.513287 0.990622 -0.192275
v -0.527075 0.979497 -0.189075
v -0.537655 0.965000 -0.186619
v -0.544306 0.948117 -0.185076
v -0.546574 0.930000 -0.184549
v -0.544306 0.911883 -0.185076
v -0.537655 0.895000 -0.186619
v -0.527075 0.880503 -0.189075
v -0.513287 0.869378 -0.192275
v -0.497231 0.862385 -0.196001
v -0.498117 0.997615 -0.200000
v -0.515000 0.990622 -0.200000
v -0.529498 0.979497 -0.200000
v -0.540622 0.965000 -0.200000
v -0.547615 0.948117 -0.200000
v -0.550000 0.930000 -0.200000
v -0.547615 0.911883 -0.200000
v -0.540622 0.895000 -0.200000
v -0.529498 0.880503 -0.200000
v -0.515000 0.869378 -0.200000
v -0.498117 0.862385 -0.200000
v -0.497231 0.997615 -0.203999
v -0.513287 0.990622 -0.207725
v -0.527075 0.979497 -0.210925
v -0.537655 0.965000 -0.213381
v -0.544306 0.948117 -0.214924
v -0.546574 0.930000 -0.215451
v -0.544306 0.911883 -0.214924
v -0.537655 0.895000 -0.213381
v -0.527075 0.880503 -0.210925
v -0.513287 0.869378 -0.207725
v -0.497231 0.862385 -0.203999
v -0.494657 0.997615 -0.207607
v -0.508316 0.990622 -0.214695
v -0.520044 0.979497 -0.220781
v -0.529044 0.965000 -0.225452
v -0.534702 0.948117 -0.228388
v -0.536631 0.930000 -0.229389
v -0.534702 0.911883 -0.228388
v -0.529044 0.895000 -0.225452
v -0.520044 0.880503 -0.220781
v -0.508316 0.869378 -0.214695
v -0.494657 0.862385 -0.207607
v -0.490649 0.997615 -0.210469
v -0.500573 0.990622 -0.220225
v -0.509094 0.979497 -0.228603
v -0.515633 0.965000 -0.235031
v -0.519743 0.948117 -0.239073
v -0.521145 0.930000 -0.240451
v -0.519743 0.911883 -0.239073
v -0.515633 0.895000 -0.235031
v -0.509094 0.880503 -0.228603
v -0.500573 0.869378 -0.220225
v -0.490649 0.862385 -0.210469
v -0.485599 0.997615 -0.212308
v -0.490816 0.990622 -0.223776
v -0.495296 0.979497 -0.233625
v -0.498733 0.965000 -0.241182
v -0.500894 0.948117 -0.245933
v -0.501631 0.930000 -0.247553
v -0.500894 0.911883 -0.245933
v -0.498733 0.895000 -0.241182
v -0.495296 0.880503 -0.233625
v -0.490816 0.869378 -0.223776
v -0.485599 0.862385 -0.212308
v -0.480000 0.979497 -0.235355
v -0.480000 0.965000 -0.243301
v -0.480000 0.895000 -0.243301
v -0.480000 0.880503 -0.235355
vn -0.0000 0.9340 -0.3572
vn -0.0000 0.7766 -0.6300
vn -0.0000 0.1883 -0.9821
vn -0.0000 -0.0000 -1.0000
vn -0.0000 -0.1883 -0.9821
vn -0.0000 -0.7766 -0.6300
vn -0.0000 -0.9340 -0.3572
vn 0.0777 0.9364 -0.3423
vn 0.1407 0.7834 -0.6054
vn 0.1845 0.5903 -0.7858
vn 0.2114 0.3895 -0.8964
vn 0.2257 0.1927 -0.9549
vn 0.2302 -0.0000 -0.9731
vn 0.2257 -0.1927 -0.9549
vn 0.2114 -0.3895 -0.8964
vn 0.1845 -0.5903 -0.7858
vn 0.1407 -0.7834 -0.6054
vn 0.0777 -0.9364 -0.3423
vn 0.1509 0.9427 -0.2975
vn 0.2753 0.8020 -0.5301
vn 0.3663 0.6155 -0.6978
vn 0.4255 0.4121 -0.8057
vn 0.4580 0.2057 -0.8648
vn 0.4684 -0.0000 -0.8835
vn 0.4580 -0.2057 -0.8648
vn 0.4255 -0.4121 -0.8057
vn 0.3663 -0.6155 -0.6978
vn 0.2753 -0.8020 -0.5301
vn 0.1509 -0.9427 -0.2975
vn -0.0000 -1.0000 -0.0000
vn 0.2140 0.9511 -0.2227
vn 0.3941 0.8270 -0.4009
vn 0.5353 0.6511 -0.5380
vn 0.6339 0.4455 -0.6323
vn 0.6912 0.2255 -0.6866
vn 0.7099 -0.0000 -0.7043
vn 0.6912 -0.2255 -0.6866
vn 0.6339 -0.4455 -0.6323
vn 0.5353 -0.6511 -0.5380
vn 0.3941 -0.8270 -0.4009
vn 0.2140 -0.9511 -0.2227
vn 0.2588 0.9584 -0.1206
vn 0.4807 0.8492 -0.2188
vn 0.6652 0.6843 -0.2988
vn 0.8024 0.4782 -0.3571
vn 0.8865 0.2456 -0.3923
vn 0.9147 -0.0000 -0.4040
vn 0.8865 -0.2456 -0.3923
vn 0.8024 -0.4782 -0.3571
vn 0.6652 -0.6843 -0.2988
vn 0.4807 -0.8492 -0.2188
vn 0.2588 -0.9584 -0.1206
vn 0.2756 0.9613 -0.0000
vn 0.5133 0.8582 -0.0000
vn 0.7159 0.6982 -0.0000
vn 0.8704 0.4924 -0.0000
vn 0.9671 0.2544 -0.0000
vn 1.0000 -0.0000 -0.0000
vn 0.9671 -0.2544 -0.0000
vn 0.8704 -0.4924 -0.0000
vn 0.7159 -0.6982 -0.0000
vn 0.5133 -0.8582 -0.0000
vn 0.2756 -0.9613 -0.0000
vn 0.2588 0.9584 0.1206
vn 0.4807 0.8492 0.2188
vn 0.6652 0.6843 0.2988
vn 0.8024 0.4782 0.3571
vn 0.8865 0.2456 0.3923
vn 0.9147 -0.0000 0.4040
vn 0.8865 -0.2456 0.3923
vn 0.8024 -0.4782 0.3571
vn 0.6652 -0.6843 0.2988
vn 0.4807 -0.8492 0.2188
vn 0.2588 -0.9584 0.1206
vn 0.2140 0.9511 0.2227
vn 0.3941 0.8270 0.4009
vn 0.5353 0.6511 0.5380
vn 0.6339 0.4455 0.6323
vn 0.6912 0.2255 0.6866
vn 0.7099 -0.0000 0.7043
vn 0.6912 -0.2255 0.6866
vn 0.6339 -0.4455 0.6323
vn 0.5353 -0.6511 0.5380
vn 0.3941 -0.8270 0.4009
vn 0.2140 -0.9511 0.2227
vn 0.1509 0.9427 0.2975
vn 0.2753 0.8020 0.5301
vn 0.3663 0.6155 0.6978
vn 0.4255 0.4121 0.8057
vn 0.4580 0.2057 0.8648
vn 0.4684 -0.0000 0.8835
vn 0.4580 -0.2057 0.8648
vn 0.4255 -0.4121 0.8057
vn 0.3663 -0.6155 0.6978
vn 0.2753 -0.8020 0.5301
vn 0.1509 -0.9427 0.2975
vn 0.0777 0.9364 0.3423
vn 0.1407 0.7834 0.6054
vn 0.1845 0.5903 0.7858
vn 0.2114 0.3895 0.8964
vn 0.2257 0.1927 0.9549
vn 0.2302 -0.0000 0.9731
vn 0.2257 -0.1927 0.9549
vn 0.2114 -0.3895 0.8964
vn 0.1845 -0.5903 0.7858
vn 0.1407 -0.7834 0.6054
vn 0.0777 -0.9364 0.3423
vn -0.0000 1.0000 -0.0000
vn -0.0000 0.9340 0.3572
vn -0.0000 0.7766 0.6300
vn -0.0000 0.5813 0.8137
vn -0.0000 0.3817 0.9243
vn -0.0000 0.1883 0.9821
vn -0.0000 -0.0000 1.0000
vn -0.0000 -0.1883 0.9821
vn -0.0000 -0.3817 0.9243
vn -0.0000 -0.5813 0.8137
vn -0.0000 -0.7766 0.6300
vn -0.0000 -0.9340 0.3572
vn -0.0777 0.9364 0.3423
vn -0.1407 0.7834 0.6054
vn -0.1845 0.5903 0.7858
vn -0.2114 0.3895 0.8964
vn -0.2257 0.1927 0.9549
vn -0.2302 -0.0000 0.9731
vn -0.2257 -0.1927 0.9549
vn -0.2114 -0.3895 0.8964
vn -0.1845 -0.5903 0.7858
vn -0.1407 -0.7834 0.6054
vn -0.0777 -0.9364 0.3423
vn -0.1509 0.9427 0.2975
vn -0.2753 0.8020 0.5301
vn -0.3663 0.6155 0.6978
vn -0.4255 0.4121 0.8057
vn -0.4580 0.2057 0.8648
vn -0.4684 -0.0000 0.8835
vn -0.4580 -0.2057 0.8648
vn -0.4255 -0.4121 0.8057
vn -0.3663 -0.6155 0.6978
vn -0.2753 -0.8020 0.5301
vn -0.1509 -0.9427 0.2975
vn -0.2140 0.9511 0.2227
vn -0.3941 0.8270 0.4009
vn -0.5353 0.6511 0.5380
vn -0.6339 0.4455 0.6323
vn -0.6912 0.2255 0.6866
vn -0.7099 -0.0000 0.7043
vn -0.6912 -0.2255 0.6866
vn -0.6339 -0.4455 0.6323
vn -0.5353 -0.6511 0.5380
vn -0.3941 -0.8270 0.4009
vn -0.2140 -0.9511 0.2227
vn -0.2588 0.9584 0.1206
vn -0.4807 0.8492 0.2188
vn -0.6652 0.6843 0.2988
vn -0.8024 0.4782 0.3571
vn -0.8865 0.2456 0.3923
vn -0.9147 -0.0000 0.4040
vn -0.8865 -0.2456 0.3923
vn -0.8024 -0.4782 0.3571
vn -0.6652 -0.6843 0.2988
vn -0.4807 -0.8492 0.2188
vn -0.2588 -0.9584 0.1206
vn -0.2756 0.9613 -0.0000
vn -0.5133 0.8582 -0.0000
vn -0.7159 0.6982 -0.0000
vn -0.8704 0.4924 -0.0000
vn -0.9671 0.2544 -0.0000
vn -1.0000 -0.0000 -0.0000
vn -0.9671 -0.2544 -0.0000
vn -0.8704 -0.4924 -0.0000
vn -0.7159 -0.6982 -0.0000
vn -0.5133 -0.8582 -0.0000
vn -0.2756 -0.9613 -0.0000
vn -0.2588 0.9584 -0.1206
vn -0.4807 0.8492 -0.2188
vn -0.6652 0.6843 -0.2988
vn -0.8024 0.4782 -0.3571
vn -0.8865 0.2456 -0.3923
vn -0.9147 -0.0000 -0.4040
vn -0.8865 -0.2456 -0.3923
vn -0.8024 -0.4782 -0.3571
vn -0.6652 -0.6843 -0.2988
vn -0.4807 -0.8492 -0.2188
vn -0.2588 -0.9584 -0.1206
vn -0.2140 0.9511 -0.2227
vn -0.3941 0.8270 -0.4009
vn -0.5353 0.6511 -0.5380
vn -0.6339 0.4455 -0.6323
vn -0.6912 0.2255 -0.6866
vn -0.7099 -0.0000 -0.7043
vn -0.6912 -0.2255 -0.6866
vn -0.6339 -0.4455 -0.6323
vn -0.5353 -0.6511 -0.5380
vn -0.3941 -0.8270 -0.4009
vn -0.2140 -0.9511 -0.2227
vn -0.1509 0.9427 -0.2975
vn -0.2753 0.8020 -0.5301
vn -0.3663 0.6155 -0.6978
vn -0.4255 0.4121 -0.8057
vn -0.4580 0.2057 -0.8648
vn -0.4684 -0.0000 -0.8835
vn -0.4580 -0.2057 -0.8648
vn -0.4255 -0.4121 -0.8057
vn -0.3663 -0.6155 -0.6978
vn -0.2753 -0.8020 -0.5301
vn -0.1509 -0.9427 -0.2975
vn -0.0777 0.9364 -0.3423
vn -0.1407 0.7834 -0.6054
vn -0.1845 0.5903 -0.7858
vn -0.2114 0.3895 -0.8964
vn -0.2257 0.1927 -0.9549
vn -0.2302 -0.0000 -0.9731
vn -0.2257 -0.1927 -0.9549
vn -0.2114 -0.3895 -0.8964
vn -0.1845 -0.5903 -0.7858
vn -0.1407 -0.7834 -0.6054
vn -0.0777 -0.9364 -0.3423
vn -0.0000 0.5813 -0.8137
vn -0.0000 0.3817 -0.9243
vn -0.0000 -0.3817 -0.9243
vn -0.0000 -0.5813 -0.8137
vt 0.750000 0.916667
vt 0.725000 1.000000
vt 0.700000 0.916667
vt 0.750000 0.333333
vt 0.750000 0.416667
vt 0.700000 0.416667
vt 0.700000 0.333333
vt 0.750000 0.583333
vt 0.750000 0.666667
vt 0.700000 0.666667
vt 0.700000 0.583333
vt 0.725000 0.000000
vt 0.750000 0.083333
vt 0.700000 0.083333
vt 0.750000 0.833333
vt 0.700000 0.833333
vt 0.750000 0.250000
vt 0.700000 0.250000
vt 0.750000 0.500000
vt 0.700000 0.500000
vt 0.750000 0.750000
vt 0.700000 0.750000
vt 0.750000 0.166667
vt 0.700000 0.166667
vt 0.650000 0.583333
vt 0.650000 0.500000
vt 0.650000 0.833333
vt 0.650000 0.750000
vt 0.650000 0.250000
vt 0.650000 0.166667
vt 0.650000 0.416667
vt 0.650000 0.666667
vt 0.650000 0.083333
vt 0.675000 1.000000
vt 0.650000 0.916667
vt 0.650000 0.333333
vt 0.675000 0.000000
vt 0.600000 0.666667
vt 0.600000 0.583333
vt 0.625000 0.000000
vt 0.600000 0.083333
vt 0.600000 0.916667
vt 0.600000 0.833333
vt 0.600000 0.333333
vt 0.600000 0.250000
vt 0.600000 0.500000
vt 0.600000 0.750000
vt 0.600000 0.166667
vt 0.600000 0.416667
vt 0.625000 1.000000
vt 0.550000 0.500000
vt 0.550000 0.416667
vt 0.550000 0.750000
vt 0.550000 0.666667
vt 0.550000 0.166667
vt 0.550000 0.083333
vt 0.575000 1.000000
vt 0.550000 0.916667
vt 0.550000 0.333333
vt 0.550000 0.583333
vt 0.575000 0.000000
vt 0.550000 0.833333
vt 0.550000 0.250000
vt 0.500000 0.583333
vt 0.500000 0.500000
vt 0.500000 0.833333
vt 0.500000 0.750000
vt 0.500000 0.250000
vt 0.500000 0.166667
vt 0.500000 0.416667
vt 0.500000 0.666667
vt 0.500000 0.083333
vt 0.525000 1.000000
vt 0.500000 0.916667
vt 0.500000 0.333333
vt 0.525000 0.000000
vt 0.450000 0.416667
vt 0.450000 0.333333
vt 0.450000 0.666667
vt 0.450000 0.583333
vt 0.475000 0.000000
vt 0.450000 0.083333
vt 0.450000 0.916667
vt 0.450000 0.833333
vt 0.450000 0.250000
vt 0.450000 0.500000
vt 0.450000 0.750000
vt 0.450000 0.166667
vt 0.475000 1.000000
vt 0.400000 0.500000
vt 0.400000 0.416667
vt 0.400000 0.750000
vt 0.400000 0.666667
vt 0.400000 0.166667
vt 0.400000 0.083333
vt 0.425000 1.000000
vt 0.400000 0.916667
vt 0.400000 0.333333
vt 0.400000 0.583333
vt 0.425000 0.000000
vt 0.400000 0.833333
vt 0.400000 0.250000
vt 0.350000 0.333333
vt 0.350000 0.250000
vt 0.350000 0.583333
vt 0.350000 0.500000
vt 0.350000 0.833333
vt 0.350000 0.750000
vt 0.350000 0.166667
vt 0.350000 0.416667
vt 0.350000 0.666667
vt 0.350000 0.083333
vt 0.375000 1.000000
vt 0.350000 0.916667
vt 0.375000 0.000000
vt 0.325000 1.000000
vt 0.300000 0.916667
vt 0.300000 0.416667
vt 0.300000 0.333333
vt 0.300000 0.666667
vt 0.300000 0.583333
vt 0.325000 0.000000
vt 0.300000 0.083333
vt 0.300000 0.833333
vt 0.300000 0.250000
vt 0.300000 0.500000
vt 0.300000 0.750000
vt 0.300000 0.166667
vt 0.250000 0.250000
vt 0.250000 0.166667
vt 0.250000 0.500000
vt 0.250000 0.416667
vt 0.250000 0.750000
vt 0.250000 0.666667
vt 0.250000 0.083333
vt 0.275000 1.000000
vt 0.250000 0.916667
vt 0.250000 0.333333
vt 0.250000 0.583333
vt 0.275000 0.000000
vt 0.250000 0.833333
vt 0.200000 0.916667
vt 0.200000 0.833333
vt 0.200000 0.333333
vt 0.200000 0.250000
vt 0.200000 0.583333
vt 0.200000 0.500000
vt 0.200000 0.750000
vt 0.200000 0.166667
vt 0.200000 0.416667
vt 0.200000 0.666667
vt 0.200000 0.083333
vt 0.225000 1.000000
vt 0.225000 0.000000
vt 0.150000 0.166667
vt 0.150000 0.083333
vt 0.175000 1.000000
vt 0.150000 0.916667
vt 0.150000 0.416667
vt 0.150000 0.333333
vt 0.150000 0.666667
vt 0.150000 0.583333
vt 0.175000 0.000000
vt 0.150000 0.833333
vt 0.150000 0.250000
vt 0.150000 0.500000
vt 0.150000 0.750000
vt 0.100000 0.833333
vt 0.100000 0.750000
vt 0.100000 0.250000
vt 0.100000 0.166667
vt 0.100000 0.500000
vt 0.100000 0.416667
vt 0.100000 0.666667
vt 0.100000 0.083333
vt 0.125000 1.000000
vt 0.100000 0.916667
vt 0.100000 0.333333
vt 0.100000 0.583333
vt 0.125000 0.000000
vt 0.075000 0.000000
vt 0.050000 0.083333
vt 0.050000 0.916667
vt 0.050000 0.833333
vt 0.050000 0.333333
vt 0.050000 0.250000
vt 0.050000 0.583333
vt 0.050000 0.500000
vt 0.050000 0.750000
vt 0.050000 0.166667
vt 0.050000 0.416667
vt 0.050000 0.666667
vt 0.075000 1.000000
vt 0.000000 0.750000
vt 0.000000 0.666667
vt 0.000000 0.166667
vt 0.000000 0.083333
vt 0.025000 1.000000
vt 0.000000 0.916667
vt 0.000000 0.416667
vt 0.000000 0.333333
vt 0.000000 0.583333
vt 0.025000 0.000000
vt 0.000000 0.833333
vt 0.000000 0.250000
vt 0.000000 0.500000
vt 1.000000 0.750000
vt 1.000000 0.833333
vt 0.950000 0.833333
vt 0.950000 0.750000
vt 1.000000 0.166667
vt 1.000000 0.250000
vt 0.950000 0.250000
vt 0.950000 0.166667
vt 1.000000 0.416667
vt 1.000000 0.500000
vt 0.950000 0.500000
vt 0.950000 0.416667
vt 1.000000 0.666667
vt 0.950000 0.666667
vt 1.000000 0.083333
vt 0.950000 0.083333
vt 1.000000 0.916667
vt 0.975000 1.000000
vt 0.950000 0.916667
vt 1.000000 0.333333
vt 0.950000 0.333333
vt 1.000000 0.583333
vt 0.950000 0.583333
vt 0.975000 0.000000
vt 0.900000 0.666667
vt 0.900000 0.583333
vt 0.925000 0.000000
vt 0.900000 0.083333
vt 0.900000 0.916667
vt 0.900000 0.833333
vt 0.900000 0.333333
vt 0.900000 0.250000
vt 0.900000 0.500000
vt 0.900000 0.750000
vt 0.900000 0.166667
vt 0.900000 0.416667
vt 0.925000 1.000000
vt 0.850000 0.750000
vt 0.850000 0.666667
vt 0.850000 0.166667
vt 0.850000 0.083333
vt 0.875000 1.000000
vt 0.850000 0.916667
vt 0.850000 0.416667
vt 0.850000 0.333333
vt 0.850000 0.583333
vt 0.875000 0.000000
vt 0.850000 0.833333
vt 0.850000 0.250000
vt 0.850000 0.500000
vt 0.800000 0.583333
vt 0.800000 0.500000
vt 0.800000 0.833333
vt 0.800000 0.750000
vt 0.800000 0.250000
vt 0.800000 0.166667
vt 0.800000 0.416667
vt 0.800000 0.666667
vt 0.800000 0.083333
vt 0.825000 1.000000
vt 0.800000 0.916667
vt 0.800000 0.333333
vt 0.825000 0.000000
vt 0.775000 0.000000
vt 0.775000 1.000000
s 1
usemtl RunicAmber
f 1629/2154/1613 1736/2155/1720 1636/2156/1620
f 1849/2157/1833 1633/2158/1617 1642/2159/1626 1643/2160/1627
f 1631/2161/1615 1848/2162/1832 1639/2163/1623 1640/2164/1624
f 1658/2165/1642 1635/2166/1619 1646/2167/1630
f 1630/2168/1614 1629/2154/1613 1636/2156/1620 1637/2169/1621
f 1850/2170/1834 1849/2157/1833 1643/2160/1627 1644/2171/1628
f 1632/2172/1616 1631/2161/1615 1640/2164/1624 1641/2173/1625
f 1847/2174/1831 1630/2168/1614 1637/2169/1621 1638/2175/1622
f 1634/2176/1618 1850/2170/1834 1644/2171/1628 1645/2177/1629
f 1633/2158/1617 1632/2172/1616 1641/2173/1625 1642/2159/1626
f 1848/2162/1832 1847/2174/1831 1638/2175/1622 1639/2163/1623
f 1635/2166/1619 1634/2176/1618 1645/2177/1629 1646/2167/1630
f 1641/2173/1625 1640/2164/1624 1651/2178/1635 1652/2179/1636
f 1638/2175/1622 1637/2169/1621 1648/2180/1632 1649/2181/1633
f 1645/2177/1629 1644/2171/1628 1655/2182/1639 1656/2183/1640
f 1642/2159/1626 1641/2173/1625 1652/2179/1636 1653/2184/1637
f 1639/2163/1623 1638/2175/1622 1649/2181/1633 1650/2185/1634
f 1646/2167/1630 1645/2177/1629 1656/2183/1640 1657/2186/1641
f 1636/2156/1620 1736/2187/1720 1647/2188/1631
f 1643/2160/1627 1642/2159/1626 1653/2184/1637 1654/2189/1638
f 1640/2164/1624 1639/2163/1623 1650/2185/1634 1651/2178/1635
f 1658/2190/1642 1646/2167/1630 1657/2186/1641
f 1637/2169/1621 1636/2156/1620 1647/2188/1631 1648/2180/1632
f 1644/2171/1628 1643/2160/1627 1654/2189/1638 1655/2182/1639
f 1651/2178/1635 1650/2185/1634 1662/2191/1646 1663/2192/1647
f 1658/2193/1642 1657/2186/1641 1669/2194/1653
f 1648/2180/1632 1647/2188/1631 1659/2195/1643 1660/2196/1644
f 1655/2182/1639 1654/2189/1638 1666/2197/1650 1667/2198/1651
f 1652/2179/1636 1651/2178/1635 1663/2192/1647 1664/2199/1648
f 1649/2181/1633 1648/2180/1632 1660/2196/1644 1661/2200/1645
f 1656/2183/1640 1655/2182/1639 1667/2198/1651 1668/2201/1652
f 1653/2184/1637 1652/2179/1636 1664/2199/1648 1665/2202/1649
f 1650/2185/1634 1649/2181/1633 1661/2200/1645 1662/2191/1646
f 1657/2186/1641 1656/2183/1640 1668/2201/1652 1669/2194/1653
f 1647/2188/1631 1736/2203/1720 1659/2195/1643
f 1654/2189/1638 1653/2184/1637 1665/2202/1649 1666/2197/1650
f 1665/2202/1649 1664/2199/1648 1675/2204/1659 1676/2205/1660
f 1662/2191/1646 1661/2200/1645 1672/2206/1656 1673/2207/1657
f 1669/2194/1653 1668/2201/1652 1679/2208/1663 1680/2209/1664
f 1659/2195/1643 1736/2210/1720 1670/2211/1654
f 1666/2197/1650 1665/2202/1649 1676/2205/1660 1677/2212/1661
f 1663/2192/1647 1662/2191/1646 1673/2207/1657 1674/2213/1658
f 1658/2214/1642 1669/2194/1653 1680/2209/1664
f 1660/2196/1644 1659/2195/1643 1670/2211/1654 1671/2215/1655
f 1667/2198/1651 1666/2197/1650 1677/2212/1661 1678/2216/1662
f 1664/2199/1648 1663/2192/1647 1674/2213/1658 1675/2204/1659
f 1661/2200/1645 1660/2196/1644 1671/2215/1655 1672/2206/1656
f 1668/2201/1652 1667/2198/1651 1678/2216/1662 1679/2208/1663
f 1675/2204/1659 1674/2213/1658 1685/2217/1669 1686/2218/1670
f 1672/2206/1656 1671/2215/1655 1682/2219/1666 1683/2220/1667
f 1679/2208/1663 1678/2216/1662 1689/2221/1673 1690/2222/1674
f 1676/2205/1660 1675/2204/1659 1686/2218/1670 1687/2223/1671
f 1673/2207/1657 1672/2206/1656 1683/2220/1667 1684/2224/1668
f 1680/2209/1664 1679/2208/1663 1690/2222/1674 1691/2225/1675
f 1670/2211/1654 1736/2226/1720 1681/2227/1665
f 1677/2212/1661 1676/2205/1660 1687/2223/1671 1688/2228/1672
f 1674/2213/1658 1673/2207/1657 1684/2224/1668 1685/2217/1669
f 1658/2229/1642 1680/2209/1664 1691/2225/1675
f 1671/2215/1655 1670/2211/1654 1681/2227/1665 1682/2219/1666
f 1678/2216/1662 1677/2212/1661 1688/2228/1672 1689/2221/1673
f 1688/2228/1672 1687/2223/1671 1698/2230/1682 1699/2231/1683
f 1685/2217/1669 1684/2224/1668 1695/2232/1679 1696/2233/1680
f 1658/2234/1642 1691/2225/1675 1702/2235/1686
f 1682/2219/1666 1681/2227/1665 1692/2236/1676 1693/2237/1677
f 1689/2221/1673 1688/2228/1672 1699/2231/1683 1700/2238/1684
f 1686/2218/1670 1685/2217/1669 1696/2233/1680 1697/2239/1681
f 1683/2220/1667 1682/2219/1666 1693/2237/1677 1694/2240/1678
f 1690/2222/1674 1689/2221/1673 1700/2238/1684 1701/2241/1685
f 1687/2223/1671 1686/2218/1670 1697/2239/1681 1698/2230/1682
f 1684/2224/1668 1683/2220/1667 1694/2240/1678 1695/2232/1679
f 1691/2225/1675 1690/2222/1674 1701/2241/1685 1702/2235/1686
f 1681/2227/1665 1736/2242/1720 1692/2236/1676
f 1698/2230/1682 1697/2239/1681 1708/2243/1692 1709/2244/1693
f 1695/2232/1679 1694/2240/1678 1705/2245/1689 1706/2246/1690
f 1702/2235/1686 1701/2241/1685 1712/2247/1696 1713/2248/1697
f 1692/2236/1676 1736/2249/1720 1703/2250/1687
f 1699/2231/1683 1698/2230/1682 1709/2244/1693 1710/2251/1694
f 1696/2233/1680 1695/2232/1679 1706/2246/1690 1707/2252/1691
f 1658/2253/1642 1702/2235/1686 1713/2248/1697
f 1693/2237/1677 1692/2236/1676 1703/2250/1687 1704/2254/1688
f 1700/2238/1684 1699/2231/1683 1710/2251/1694 1711/2255/1695
f 1697/2239/1681 1696/2233/1680 1707/2252/1691 1708/2243/1692
f 1694/2240/1678 1693/2237/1677 1704/2254/1688 1705/2245/1689
f 1701/2241/1685 1700/2238/1684 1711/2255/1695 1712/2247/1696
f 1711/2255/1695 1710/2251/1694 1721/2256/1705 1722/2257/1706
f 1708/2243/1692 1707/2252/1691 1718/2258/1702 1719/2259/1703
f 1705/2245/1689 1704/2254/1688 1715/2260/1699 1716/2261/1700
f 1712/2247/1696 1711/2255/1695 1722/2257/1706 1723/2262/1707
f 1709/2244/1693 1708/2243/1692 1719/2259/1703 1720/2263/1704
f 1706/2246/1690 1705/2245/1689 1716/2261/1700 1717/2264/1701
f 1713/2248/1697 1712/2247/1696 1723/2262/1707 1724/2265/1708
f 1703/2250/1687 1736/2266/1720 1714/2267/1698
f 1710/2251/1694 1709/2244/1693 1720/2263/1704 1721/2256/1705
f 1707/2252/1691 1706/2246/1690 1717/2264/1701 1718/2258/1702
f 1658/2268/1642 1713/2248/1697 1724/2265/1708
f 1704/2254/1688 1703/2250/1687 1714/2267/1698 1715/2260/1699
f 1714/2267/1698 1736/2269/1720 1725/2270/1709
f 1721/2256/1705 1720/2263/1704 1731/2271/1715 1732/2272/1716
f 1718/2258/1702 1717/2264/1701 1728/2273/1712 1729/2274/1713
f 1658/2275/1642 1724/2265/1708 1735/2276/1719
f 1715/2260/1699 1714/2267/1698 1725/2270/1709 1726/2277/1710
f 1722/2257/1706 1721/2256/1705 1732/2272/1716 1733/2278/1717
f 1719/2259/1703 1718/2258/1702 1729/2274/1713 1730/2279/1714
f 1716/2261/1700 1715/2260/1699 1726/2277/1710 1727/2280/1711
f 1723/2262/1707 1722/2257/1706 1733/2278/1717 1734/2281/1718
f 1720/2263/1704 1719/2259/1703 1730/2279/1714 1731/2271/1715
f 1717/2264/1701 1716/2261/1700 1727/2280/1711 1728/2273/1712
f 1724/2265/1708 1723/2262/1707 1734/2281/1718 1735/2276/1719
f 1734/2281/1718 1733/2278/1717 1745/2282/1729 1746/2283/1730
f 1731/2271/1715 1730/2279/1714 1742/2284/1726 1743/2285/1727
f 1728/2273/1712 1727/2280/1711 1739/2286/1723 1740/2287/1724
f 1735/2276/1719 1734/2281/1718 1746/2283/1730 1747/2288/1731
f 1725/2270/1709 1736/2289/1720 1737/2290/1721
f 1732/2272/1716 1731/2271/1715 1743/2285/1727 1744/2291/1728
f 1729/2274/1713 1728/2273/1712 1740/2287/1724 1741/2292/1725
f 1658/2293/1642 1735/2276/1719 1747/2288/1731
f 1726/2277/1710 1725/2270/1709 1737/2290/1721 1738/2294/1722
f 1733/2278/1717 1732/2272/1716 1744/2291/1728 1745/2282/1729
f 1730/2279/1714 1729/2274/1713 1741/2292/1725 1742/2284/1726
f 1727/2280/1711 1726/2277/1710 1738/2294/1722 1739/2286/1723
f 1738/2294/1722 1737/2290/1721 1748/2295/1732 1749/2296/1733
f 1745/2282/1729 1744/2291/1728 1755/2297/1739 1756/2298/1740
f 1742/2284/1726 1741/2292/1725 1752/2299/1736 1753/2300/1737
f 1739/2286/1723 1738/2294/1722 1749/2296/1733 1750/2301/1734
f 1746/2283/1730 1745/2282/1729 1756/2298/1740 1757/2302/1741
f 1743/2285/1727 1742/2284/1726 1753/2300/1737 1754/2303/1738
f 1740/2287/1724 1739/2286/1723 1750/2301/1734 1751/2304/1735
f 1747/2288/1731 1746/2283/1730 1757/2302/1741 1758/2305/1742
f 1737/2290/1721 1736/2306/1720 1748/2295/1732
f 1744/2291/1728 1743/2285/1727 1754/2303/1738 1755/2297/1739
f 1741/2292/1725 1740/2287/1724 1751/2304/1735 1752/2299/1736
f 1658/2307/1642 1747/2288/1731 1758/2305/1742
f 1758/2305/1742 1757/2302/1741 1768/2308/1752 1769/2309/1753
f 1748/2295/1732 1736/2310/1720 1759/2311/1743
f 1755/2297/1739 1754/2303/1738 1765/2312/1749 1766/2313/1750
f 1752/2299/1736 1751/2304/1735 1762/2314/1746 1763/2315/1747
f 1658/2316/1642 1758/2305/1742 1769/2309/1753
f 1749/2296/1733 1748/2295/1732 1759/2311/1743 1760/2317/1744
f 1756/2298/1740 1755/2297/1739 1766/2313/1750 1767/2318/1751
f 1753/2300/1737 1752/2299/1736 1763/2315/1747 1764/2319/1748
f 1750/2301/1734 1749/2296/1733 1760/2317/1744 1761/2320/1745
f 1757/2302/1741 1756/2298/1740 1767/2318/1751 1768/2308/1752
f 1754/2303/1738 1753/2300/1737 1764/2319/1748 1765/2312/1749
f 1751/2304/1735 1750/2301/1734 1761/2320/1745 1762/2314/1746
f 1761/2320/1745 1760/2317/1744 1771/2321/1755 1772/2322/1756
f 1768/2308/1752 1767/2318/1751 1778/2323/1762 1779/2324/1763
f 1765/2312/1749 1764/2319/1748 1775/2325/1759 1776/2326/1760
f 1762/2314/1746 1761/2320/1745 1772/2322/1756 1773/2327/1757
f 1769/2309/1753 1768/2308/1752 1779/2324/1763 1780/2328/1764
f 1759/2311/1743 1736/2329/1720 1770/2330/1754
f 1766/2313/1750 1765/2312/1749 1776/2326/1760 1777/2331/1761
f 1763/2315/1747 1762/2314/1746 1773/2327/1757 1774/2332/1758
f 1658/2333/1642 1769/2309/1753 1780/2328/1764
f 1760/2317/1744 1759/2311/1743 1770/2330/1754 1771/2321/1755
f 1767/2318/1751 1766/2313/1750 1777/2331/1761 1778/2323/1762
f 1764/2319/1748 1763/2315/1747 1774/2332/1758 1775/2325/1759
f 1658/2334/1642 1780/2328/1764 1791/2335/1775
f 1771/2321/1755 1770/2330/1754 1781/2336/1765 1782/2337/1766
f 1778/2323/1762 1777/2331/1761 1788/2338/1772 1789/2339/1773
f 1775/2325/1759 1774/2332/1758 1785/2340/1769 1786/2341/1770
f 1772/2322/1756 1771/2321/1755 1782/2337/1766 1783/2342/1767
f 1779/2324/1763 1778/2323/1762 1789/2339/1773 1790/2343/1774
f 1776/2326/1760 1775/2325/1759 1786/2341/1770 1787/2344/1771
f 1773/2327/1757 1772/2322/1756 1783/2342/1767 1784/2345/1768
f 1780/2328/1764 1779/2324/1763 1790/2343/1774 1791/2335/1775
f 1770/2330/1754 1736/2346/1720 1781/2336/1765
f 1777/2331/1761 1776/2326/1760 1787/2344/1771 1788/2338/1772
f 1774/2332/1758 1773/2327/1757 1784/2345/1768 1785/2340/1769
f 1784/2345/1768 1783/2342/1767 1794/2347/1778 1795/2348/1779
f 1791/2335/1775 1790/2343/1774 1801/2349/1785 1802/2350/1786
f 1781/2336/1765 1736/2351/1720 1792/2352/1776
f 1788/2338/1772 1787/2344/1771 1798/2353/1782 1799/2354/1783
f 1785/2340/1769 1784/2345/1768 1795/2348/1779 1796/2355/1780
f 1658/2356/1642 1791/2335/1775 1802/2350/1786
f 1782/2337/1766 1781/2336/1765 1792/2352/1776 1793/2357/1777
f 1789/2339/1773 1788/2338/1772 1799/2354/1783 1800/2358/1784
f 1786/2341/1770 1785/2340/1769 1796/2355/1780 1797/2359/1781
f 1783/2342/1767 1782/2337/1766 1793/2357/1777 1794/2347/1778
f 1790/2343/1774 1789/2339/1773 1800/2358/1784 1801/2349/1785
f 1787/2344/1771 1786/2341/1770 1797/2359/1781 1798/2353/1782
f 1794/2360/1778 1793/2361/1777 1804/2362/1788 1805/2363/1789
f 1801/2364/1785 1800/2365/1784 1811/2366/1795 1812/2367/1796
f 1798/2368/1782 1797/2369/1781 1808/2370/1792 1809/2371/1793
f 1795/2372/1779 1794/2360/1778 1805/2363/1789 1806/2373/1790
f 1802/2374/1786 1801/2364/1785 1812/2367/1796 1813/2375/1797
f 1792/2376/1776 1736/2377/1720 1803/2378/1787
f 1799/2379/1783 1798/2368/1782 1809/2371/1793 1810/2380/1794
f 1796/2381/1780 1795/2372/1779 1806/2373/1790 1807/2382/1791
f 1658/2383/1642 1802/2374/1786 1813/2375/1797
f 1793/2361/1777 1792/2376/1776 1803/2378/1787 1804/2362/1788
f 1800/2365/1784 1799/2379/1783 1810/2380/1794 1811/2366/1795
f 1797/2369/1781 1796/2381/1780 1807/2382/1791 1808/2370/1792
f 1807/2382/1791 1806/2373/1790 1817/2384/1801 1818/2385/1802
f 1658/2386/1642 1813/2375/1797 1824/2387/1808
f 1804/2362/1788 1803/2378/1787 1814/2388/1798 1815/2389/1799
f 1811/2366/1795 1810/2380/1794 1821/2390/1805 1822/2391/1806
f 1808/2370/1792 1807/2382/1791 1818/2385/1802 1819/2392/1803
f 1805/2363/1789 1804/2362/1788 1815/2389/1799 1816/2393/1800
f 1812/2367/1796 1811/2366/1795 1822/2391/1806 1823/2394/1807
f 1809/2371/1793 1808/2370/1792 1819/2392/1803 1820/2395/1804
f 1806/2373/1790 1805/2363/1789 1816/2393/1800 1817/2384/1801
f 1813/2375/1797 1812/2367/1796 1823/2394/1807 1824/2387/1808
f 1803/2378/1787 1736/2396/1720 1814/2388/1798
f 1810/2380/1794 1809/2371/1793 1820/2395/1804 1821/2390/1805
f 1817/2384/1801 1816/2393/1800 1827/2397/1811 1828/2398/1812
f 1824/2387/1808 1823/2394/1807 1834/2399/1818 1835/2400/1819
f 1814/2388/1798 1736/2401/1720 1825/2402/1809
f 1821/2390/1805 1820/2395/1804 1831/2403/1815 1832/2404/1816
f 1818/2385/1802 1817/2384/1801 1828/2398/1812 1829/2405/1813
f 1658/2406/1642 1824/2387/1808 1835/2400/1819
f 1815/2389/1799 1814/2388/1798 1825/2402/1809 1826/2407/1810
f 1822/2391/1806 1821/2390/1805 1832/2404/1816 1833/2408/1817
f 1819/2392/1803 1818/2385/1802 1829/2405/1813 1830/2409/1814
f 1816/2393/1800 1815/2389/1799 1826/2407/1810 1827/2397/1811
f 1823/2394/1807 1822/2391/1806 1833/2408/1817 1834/2399/1818
f 1820/2395/1804 1819/2392/1803 1830/2409/1814 1831/2403/1815
f 1830/2409/1814 1829/2405/1813 1840/2410/1824 1841/2411/1825
f 1827/2397/1811 1826/2407/1810 1837/2412/1821 1838/2413/1822
f 1834/2399/1818 1833/2408/1817 1844/2414/1828 1845/2415/1829
f 1831/2403/1815 1830/2409/1814 1841/2411/1825 1842/2416/1826
f 1828/2398/1812 1827/2397/1811 1838/2413/1822 1839/2417/1823
f 1835/2400/1819 1834/2399/1818 1845/2415/1829 1846/2418/1830
f 1825/2402/1809 1736/2419/1720 1836/2420/1820
f 1832/2404/1816 1831/2403/1815 1842/2416/1826 1843/2421/1827
f 1829/2405/1813 1828/2398/1812 1839/2417/1823 1840/2410/1824
f 1658/2422/1642 1835/2400/1819 1846/2418/1830
f 1826/2407/1810 1825/2402/1809 1836/2420/1820 1837/2412/1821
f 1833/2408/1817 1832/2404/1816 1843/2421/1827 1844/2414/1828
f 1840/2410/1824 1839/2417/1823 1848/2162/1832 1631/2161/1615
f 1658/2423/1642 1846/2418/1830 1635/2166/1619
f 1837/2412/1821 1836/2420/1820 1629/2154/1613 1630/2168/1614
f 1844/2414/1828 1843/2421/1827 1849/2157/1833 1850/2170/1834
f 1841/2411/1825 1840/2410/1824 1631/2161/1615 1632/2172/1616
f 1838/2413/1822 1837/2412/1821 1630/2168/1614 1847/2174/1831
f 1845/2415/1829 1844/2414/1828 1850/2170/1834 1634/2176/1618
f 1842/2416/1826 1841/2411/1825 1632/2172/1616 1633/2158/1617
f 1839/2417/1823 1838/2413/1822 1847/2174/1831 1848/2162/1832
f 1846/2418/1830 1845/2415/1829 1634/2176/1618 1635/2166/1619
f 1836/2420/1820 1736/2424/1720 1629/2154/1613
f 1843/2421/1827 1842/2416/1826 1633/2158/1617 1849/2157/1833
o royal_amber_seal.001
v 0.480000 0.997615 -0.212941
v 0.480000 0.990622 -0.225000
v 0.480000 0.948117 -0.248296
v 0.480000 0.930000 -0.250000
v 0.480000 0.911883 -0.248296
v 0.480000 0.869378 -0.225000
v 0.480000 0.862385 -0.212941
v 0.485599 0.997615 -0.212308
v 0.490816 0.990622 -0.223776
v 0.495296 0.979497 -0.233625
v 0.498733 0.965000 -0.241182
v 0.500894 0.948117 -0.245933
v 0.501631 0.930000 -0.247553
v 0.500894 0.911883 -0.245933
v 0.498733 0.895000 -0.241182
v 0.495296 0.880503 -0.233625
v 0.490816 0.869378 -0.223776
v 0.485599 0.862385 -0.212308
v 0.490649 0.997615 -0.210469
v 0.500573 0.990622 -0.220225
v 0.509094 0.979497 -0.228603
v 0.515633 0.965000 -0.235031
v 0.519743 0.948117 -0.239073
v 0.521145 0.930000 -0.240451
v 0.519743 0.911883 -0.239073
v 0.515633 0.895000 -0.235031
v 0.509094 0.880503 -0.228603
v 0.500573 0.869378 -0.220225
v 0.490649 0.862385 -0.210469
v 0.480000 0.860000 -0.200000
v 0.494657 0.997615 -0.207607
v 0.508316 0.990622 -0.214695
v 0.520044 0.979497 -0.220781
v 0.529044 0.965000 -0.225452
v 0.534702 0.948117 -0.228388
v 0.536631 0.930000 -0.229389
v 0.534702 0.911883 -0.228388
v 0.529044 0.895000 -0.225452
v 0.520044 0.880503 -0.220781
v 0.508316 0.869378 -0.214695
v 0.494657 0.862385 -0.207607
v 0.497231 0.997615 -0.203999
v 0.513287 0.990622 -0.207725
v 0.527075 0.979497 -0.210925
v 0.537655 0.965000 -0.213381
v 0.544306 0.948117 -0.214924
v 0.546574 0.930000 -0.215451
v 0.544306 0.911883 -0.214924
v 0.537655 0.895000 -0.213381
v 0.527075 0.880503 -0.210925
v 0.513287 0.869378 -0.207725
v 0.497231 0.862385 -0.203999
v 0.498117 0.997615 -0.200000
v 0.515000 0.990622 -0.200000
v 0.529497 0.979497 -0.200000
v 0.540622 0.965000 -0.200000
v 0.547615 0.948117 -0.200000
v 0.550000 0.930000 -0.200000
v 0.547615 0.911883 -0.200000
v 0.540622 0.895000 -0.200000
v 0.529497 0.880503 -0.200000
v 0.515000 0.869378 -0.200000
v 0.498117 0.862385 -0.200000
v 0.497231 0.997615 -0.196001
v 0.513287 0.990622 -0.192275
v 0.527075 0.979497 -0.189075
v 0.537655 0.965000 -0.186619
v 0.544306 0.948117 -0.185076
v 0.546574 0.930000 -0.184549
v 0.544306 0.911883 -0.185076
v 0.537655 0.895000 -0.186619
v 0.527075 0.880503 -0.189075
v 0.513287 0.869378 -0.192275
v 0.497231 0.862385 -0.196001
v 0.494657 0.997615 -0.192393
v 0.508316 0.990622 -0.185305
v 0.520044 0.979497 -0.179219
v 0.529044 0.965000 -0.174548
v 0.534702 0.948117 -0.171612
v 0.536631 0.930000 -0.170611
v 0.534702 0.911883 -0.171612
v 0.529044 0.895000 -0.174548
v 0.520044 0.880503 -0.179219
v 0.508316 0.869378 -0.185305
v 0.494657 0.862385 -0.192393
v 0.490649 0.997615 -0.189531
v 0.500573 0.990622 -0.179775
v 0.509094 0.979497 -0.171397
v 0.515633 0.965000 -0.164969
v 0.519743 0.948117 -0.160927
v 0.521145 0.930000 -0.159549
v 0.519743 0.911883 -0.160927
v 0.515633 0.895000 -0.164969
v 0.509094 0.880503 -0.171397
v 0.500573 0.869378 -0.179775
v 0.490649 0.862385 -0.189531
v 0.485599 0.997615 -0.187692
v 0.490816 0.990622 -0.176224
v 0.495296 0.979497 -0.166375
v 0.498733 0.965000 -0.158818
v 0.500894 0.948117 -0.154067
v 0.501631 0.930000 -0.152447
v 0.500894 0.911883 -0.154067
v 0.498733 0.895000 -0.158818
v 0.495296 0.880503 -0.166375
v 0.490816 0.869378 -0.176224
v 0.485599 0.862385 -0.187692
v 0.480000 1.000000 -0.200000
v 0.480000 0.997615 -0.187059
v 0.480000 0.990622 -0.175000
v 0.480000 0.979497 -0.164645
v 0.480000 0.965000 -0.156699
v 0.480000 0.948117 -0.151704
v 0.480000 0.930000 -0.150000
v 0.480000 0.911883 -0.151704
v 0.480000 0.895000 -0.156699
v 0.480000 0.880503 -0.164645
v 0.480000 0.869378 -0.175000
v 0.480000 0.862385 -0.187059
v 0.474401 0.997615 -0.187692
v 0.469184 0.990622 -0.176224
v 0.464704 0.979497 -0.166375
v 0.461267 0.965000 -0.158818
v 0.459106 0.948117 -0.154067
v 0.458369 0.930000 -0.152447
v 0.459106 0.911883 -0.154067
v 0.461267 0.895000 -0.158818
v 0.464704 0.880503 -0.166375
v 0.469184 0.869378 -0.176224
v 0.474401 0.862385 -0.187692
v 0.469351 0.997615 -0.189531
v 0.459428 0.990622 -0.179775
v 0.450906 0.979497 -0.171397
v 0.444367 0.965000 -0.164969
v 0.440257 0.948117 -0.160927
v 0.438855 0.930000 -0.159549
v 0.440257 0.911883 -0.160927
v 0.444367 0.895000 -0.164969
v 0.450906 0.880503 -0.171397
v 0.459428 0.869378 -0.179775
v 0.469351 0.862385 -0.189531
v 0.465343 0.997615 -0.192393
v 0.451684 0.990622 -0.185305
v 0.439956 0.979497 -0.179219
v 0.430956 0.965000 -0.174548
v 0.425298 0.948117 -0.171612
v 0.423369 0.930000 -0.170611
v 0.425298 0.911883 -0.171612
v 0.430956 0.895000 -0.174548
v 0.439956 0.880503 -0.179219
v 0.451684 0.869378 -0.185305
v 0.465343 0.862385 -0.192393
v 0.462769 0.997615 -0.196001
v 0.446713 0.990622 -0.192275
v 0.432925 0.979497 -0.189075
v 0.422345 0.965000 -0.186619
v 0.415694 0.948117 -0.185076
v 0.413426 0.930000 -0.184549
v 0.415694 0.911883 -0.185076
v 0.422345 0.895000 -0.186619
v 0.432925 0.880503 -0.189075
v 0.446713 0.869378 -0.192275
v 0.462769 0.862385 -0.196001
v 0.461883 0.997615 -0.200000
v 0.445000 0.990622 -0.200000
v 0.430503 0.979497 -0.200000
v 0.419378 0.965000 -0.200000
v 0.412385 0.948117 -0.200000
v 0.410000 0.930000 -0.200000
v 0.412385 0.911883 -0.200000
v 0.419378 0.895000 -0.200000
v 0.430503 0.880503 -0.200000
v 0.445000 0.869378 -0.200000
v 0.461883 0.862385 -0.200000
v 0.462769 0.997615 -0.203999
v 0.446713 0.990622 -0.207725
v 0.432925 0.979497 -0.210925
v 0.422345 0.965000 -0.213381
v 0.415694 0.948117 -0.214924
v 0.413426 0.930000 -0.215451
v 0.415694 0.911883 -0.214924
v 0.422345 0.895000 -0.213381
v 0.432925 0.880503 -0.210925
v 0.446713 0.869378 -0.207725
v 0.462769 0.862385 -0.203999
v 0.465343 0.997615 -0.207607
v 0.451684 0.990622 -0.214695
v 0.439956 0.979497 -0.220781
v 0.430956 0.965000 -0.225452
v 0.425298 0.948117 -0.228388
v 0.423369 0.930000 -0.229389
v 0.425298 0.911883 -0.228388
v 0.430956 0.895000 -0.225452
v 0.439956 0.880503 -0.220781
v 0.451684 0.869378 -0.214695
v 0.465343 0.862385 -0.207607
v 0.469351 0.997615 -0.210469
v 0.459428 0.990622 -0.220225
v 0.450906 0.979497 -0.228603
v 0.444367 0.965000 -0.235031
v 0.440257 0.948117 -0.239073
v 0.438855 0.930000 -0.240451
v 0.440257 0.911883 -0.239073
v 0.444367 0.895000 -0.235031
v 0.450906 0.880503 -0.228603
v 0.459428 0.869378 -0.220225
v 0.469351 0.862385 -0.210469
v 0.474401 0.997615 -0.212308
v 0.469184 0.990622 -0.223776
v 0.464704 0.979497 -0.233625
v 0.461267 0.965000 -0.241182
v 0.459106 0.948117 -0.245933
v 0.458369 0.930000 -0.247553
v 0.459106 0.911883 -0.245933
v 0.461267 0.895000 -0.241182
v 0.464704 0.880503 -0.233625
v 0.469184 0.869378 -0.223776
v 0.474401 0.862385 -0.212308
v 0.480000 0.979497 -0.235355
v 0.480000 0.965000 -0.243301
v 0.480000 0.895000 -0.243301
v 0.480000 0.880503 -0.235355
vn -0.0000 0.9340 -0.3572
vn -0.0000 0.7766 -0.6300
vn -0.0000 0.1883 -0.9821
vn -0.0000 -0.0000 -1.0000
vn -0.0000 -0.1883 -0.9821
vn -0.0000 -0.7766 -0.6300
vn -0.0000 -0.9340 -0.3572
vn 0.0777 0.9364 -0.3423
vn 0.1407 0.7834 -0.6054
vn 0.1845 0.5903 -0.7858
vn 0.2114 0.3895 -0.8964
vn 0.2257 0.1927 -0.9549
vn 0.2302 -0.0000 -0.9731
vn 0.2257 -0.1927 -0.9549
vn 0.2114 -0.3895 -0.8964
vn 0.1845 -0.5903 -0.7858
vn 0.1407 -0.7834 -0.6054
vn 0.0777 -0.9364 -0.3423
vn 0.1509 0.9427 -0.2975
vn 0.2753 0.8020 -0.5301
vn 0.3663 0.6155 -0.6978
vn 0.4255 0.4121 -0.8057
vn 0.4580 0.2057 -0.8648
vn 0.4684 -0.0000 -0.8835
vn 0.4580 -0.2057 -0.8648
vn 0.4255 -0.4121 -0.8057
vn 0.3663 -0.6155 -0.6978
vn 0.2753 -0.8020 -0.5301
vn 0.1509 -0.9427 -0.2975
vn -0.0000 -1.0000 -0.0000
vn 0.2140 0.9511 -0.2227
vn 0.3941 0.8270 -0.4009
vn 0.5353 0.6511 -0.5380
vn 0.6339 0.4455 -0.6323
vn 0.6912 0.2255 -0.6866
vn 0.7099 -0.0000 -0.7043
vn 0.6912 -0.2255 -0.6866
vn 0.6339 -0.4455 -0.6323
vn 0.5353 -0.6511 -0.5380
vn 0.3941 -0.8270 -0.4009
vn 0.2140 -0.9511 -0.2227
vn 0.2588 0.9584 -0.1206
vn 0.4807 0.8492 -0.2188
vn 0.6652 0.6843 -0.2988
vn 0.8024 0.4782 -0.3571
vn 0.8865 0.2456 -0.3923
vn 0.9147 -0.0000 -0.4040
vn 0.8865 -0.2456 -0.3923
vn 0.8024 -0.4782 -0.3571
vn 0.6652 -0.6843 -0.2988
vn 0.4807 -0.8492 -0.2188
vn 0.2588 -0.9584 -0.1206
vn 0.2756 0.9613 -0.0000
vn 0.5133 0.8582 -0.0000
vn 0.7159 0.6982 -0.0000
vn 0.8704 0.4924 -0.0000
vn 0.9671 0.2544 -0.0000
vn 1.0000 -0.0000 -0.0000
vn 0.9671 -0.2544 -0.0000
vn 0.8704 -0.4924 -0.0000
vn 0.7159 -0.6982 -0.0000
vn 0.5133 -0.8582 -0.0000
vn 0.2756 -0.9613 -0.0000
vn 0.2588 0.9584 0.1206
vn 0.4807 0.8492 0.2188
vn 0.6652 0.6843 0.2988
vn 0.8024 0.4782 0.3571
vn 0.8865 0.2456 0.3923
vn 0.9147 -0.0000 0.4040
vn 0.8865 -0.2456 0.3923
vn 0.8024 -0.4782 0.3571
vn 0.6652 -0.6843 0.2988
vn 0.4807 -0.8492 0.2188
vn 0.2588 -0.9584 0.1206
vn 0.2140 0.9511 0.2227
vn 0.3941 0.8270 0.4009
vn 0.5353 0.6511 0.5380
vn 0.6339 0.4455 0.6323
vn 0.6912 0.2255 0.6866
vn 0.7099 -0.0000 0.7043
vn 0.6912 -0.2255 0.6866
vn 0.6339 -0.4455 0.6323
vn 0.5353 -0.6511 0.5380
vn 0.3941 -0.8270 0.4009
vn 0.2140 -0.9511 0.2227
vn 0.1509 0.9427 0.2975
vn 0.2753 0.8020 0.5301
vn 0.3663 0.6155 0.6978
vn 0.4255 0.4121 0.8057
vn 0.4580 0.2057 0.8648
vn 0.4684 -0.0000 0.8835
vn 0.4580 -0.2057 0.8648
vn 0.4255 -0.4121 0.8057
vn 0.3663 -0.6155 0.6978
vn 0.2753 -0.8020 0.5301
vn 0.1509 -0.9427 0.2975
vn 0.0777 0.9364 0.3423
vn 0.1407 0.7834 0.6054
vn 0.1845 0.5903 0.7858
vn 0.2114 0.3895 0.8964
vn 0.2257 0.1927 0.9549
vn 0.2302 -0.0000 0.9731
vn 0.2257 -0.1927 0.9549
vn 0.2114 -0.3895 0.8964
vn 0.1845 -0.5903 0.7858
vn 0.1407 -0.7834 0.6054
vn 0.0777 -0.9364 0.3423
vn -0.0000 1.0000 -0.0000
vn -0.0000 0.9340 0.3572
vn -0.0000 0.7766 0.6300
vn -0.0000 0.5813 0.8137
vn -0.0000 0.3817 0.9243
vn -0.0000 0.1883 0.9821
vn -0.0000 -0.0000 1.0000
vn -0.0000 -0.1883 0.9821
vn -0.0000 -0.3817 0.9243
vn -0.0000 -0.5813 0.8137
vn -0.0000 -0.7766 0.6300
vn -0.0000 -0.9340 0.3572
vn -0.0777 0.9364 0.3423
vn -0.1407 0.7834 0.6054
vn -0.1845 0.5903 0.7858
vn -0.2114 0.3895 0.8964
vn -0.2257 0.1927 0.9549
vn -0.2302 -0.0000 0.9731
vn -0.2257 -0.1927 0.9549
vn -0.2114 -0.3895 0.8964
vn -0.1845 -0.5903 0.7858
vn -0.1407 -0.7834 0.6054
vn -0.0777 -0.9364 0.3423
vn -0.1509 0.9427 0.2975
vn -0.2753 0.8020 0.5301
vn -0.3663 0.6155 0.6978
vn -0.4255 0.4121 0.8057
vn -0.4580 0.2057 0.8648
vn -0.4684 -0.0000 0.8835
vn -0.4580 -0.2057 0.8648
vn -0.4255 -0.4121 0.8057
vn -0.3663 -0.6155 0.6978
vn -0.2753 -0.8020 0.5301
vn -0.1509 -0.9427 0.2975
vn -0.2140 0.9511 0.2227
vn -0.3941 0.8270 0.4009
vn -0.5353 0.6511 0.5380
vn -0.6339 0.4455 0.6323
vn -0.6912 0.2255 0.6866
vn -0.7099 -0.0000 0.7043
vn -0.6912 -0.2255 0.6866
vn -0.6339 -0.4455 0.6323
vn -0.5353 -0.6511 0.5380
vn -0.3941 -0.8270 0.4009
vn -0.2140 -0.9511 0.2227
vn -0.2588 0.9584 0.1206
vn -0.4807 0.8492 0.2188
vn -0.6652 0.6843 0.2988
vn -0.8024 0.4782 0.3571
vn -0.8865 0.2456 0.3923
vn -0.9147 -0.0000 0.4040
vn -0.8865 -0.2456 0.3923
vn -0.8024 -0.4782 0.3571
vn -0.6652 -0.6843 0.2988
vn -0.4807 -0.8492 0.2188
vn -0.2588 -0.9584 0.1206
vn -0.2756 0.9613 -0.0000
vn -0.5133 0.8582 -0.0000
vn -0.7159 0.6982 -0.0000
vn -0.8704 0.4924 -0.0000
vn -0.9671 0.2544 -0.0000
vn -1.0000 -0.0000 -0.0000
vn -0.9671 -0.2544 -0.0000
vn -0.8704 -0.4924 -0.0000
vn -0.7159 -0.6982 -0.0000
vn -0.5133 -0.8582 -0.0000
vn -0.2756 -0.9613 -0.0000
vn -0.2588 0.9584 -0.1206
vn -0.4807 0.8492 -0.2188
vn -0.6652 0.6843 -0.2988
vn -0.8024 0.4782 -0.3571
vn -0.8865 0.2456 -0.3923
vn -0.9147 -0.0000 -0.4040
vn -0.8865 -0.2456 -0.3923
vn -0.8024 -0.4782 -0.3571
vn -0.6652 -0.6843 -0.2988
vn -0.4807 -0.8492 -0.2188
vn -0.2588 -0.9584 -0.1206
vn -0.2140 0.9511 -0.2227
vn -0.3941 0.8270 -0.4009
vn -0.5353 0.6511 -0.5380
vn -0.6339 0.4455 -0.6323
vn -0.6912 0.2255 -0.6866
vn -0.7099 -0.0000 -0.7043
vn -0.6912 -0.2255 -0.6866
vn -0.6339 -0.4455 -0.6323
vn -0.5353 -0.6511 -0.5380
vn -0.3941 -0.8270 -0.4009
vn -0.2140 -0.9511 -0.2227
vn -0.1509 0.9427 -0.2975
vn -0.2753 0.8020 -0.5301
vn -0.3663 0.6155 -0.6978
vn -0.4255 0.4121 -0.8057
vn -0.4580 0.2057 -0.8648
vn -0.4684 -0.0000 -0.8835
vn -0.4580 -0.2057 -0.8648
vn -0.4255 -0.4121 -0.8057
vn -0.3663 -0.6155 -0.6978
vn -0.2753 -0.8020 -0.5301
vn -0.1509 -0.9427 -0.2975
vn -0.0777 0.9364 -0.3423
vn -0.1407 0.7834 -0.6054
vn -0.1845 0.5903 -0.7858
vn -0.2114 0.3895 -0.8964
vn -0.2257 0.1927 -0.9549
vn -0.2302 -0.0000 -0.9731
vn -0.2257 -0.1927 -0.9549
vn -0.2114 -0.3895 -0.8964
vn -0.1845 -0.5903 -0.7858
vn -0.1407 -0.7834 -0.6054
vn -0.0777 -0.9364 -0.3423
vn -0.0000 0.5813 -0.8137
vn -0.0000 0.3817 -0.9243
vn -0.0000 -0.3817 -0.9243
vn -0.0000 -0.5813 -0.8137
vt 0.750000 0.416667
vt 0.750000 0.500000
vt 0.700000 0.500000
vt 0.700000 0.416667
vt 0.750000 0.666667
vt 0.750000 0.750000
vt 0.700000 0.750000
vt 0.700000 0.666667
vt 0.750000 0.083333
vt 0.750000 0.166667
vt 0.700000 0.166667
vt 0.700000 0.083333
vt 0.750000 0.916667
vt 0.725000 1.000000
vt 0.700000 0.916667
vt 0.750000 0.333333
vt 0.700000 0.333333
vt 0.750000 0.583333
vt 0.700000 0.583333
vt 0.725000 0.000000
vt 0.750000 0.833333
vt 0.700000 0.833333
vt 0.750000 0.250000
vt 0.700000 0.250000
vt 0.650000 0.666667
vt 0.650000 0.583333
vt 0.675000 0.000000
vt 0.650000 0.083333
vt 0.650000 0.916667
vt 0.650000 0.833333
vt 0.650000 0.333333
vt 0.650000 0.250000
vt 0.650000 0.500000
vt 0.650000 0.750000
vt 0.650000 0.166667
vt 0.650000 0.416667
vt 0.675000 1.000000
vt 0.600000 0.750000
vt 0.600000 0.666667
vt 0.600000 0.166667
vt 0.600000 0.083333
vt 0.625000 1.000000
vt 0.600000 0.916667
vt 0.600000 0.416667
vt 0.600000 0.333333
vt 0.600000 0.583333
vt 0.625000 0.000000
vt 0.600000 0.833333
vt 0.600000 0.250000
vt 0.600000 0.500000
vt 0.550000 0.583333
vt 0.550000 0.500000
vt 0.550000 0.833333
vt 0.550000 0.750000
vt 0.550000 0.250000
vt 0.550000 0.166667
vt 0.550000 0.416667
vt 0.550000 0.666667
vt 0.550000 0.083333
vt 0.575000 1.000000
vt 0.550000 0.916667
vt 0.550000 0.333333
vt 0.575000 0.000000
vt 0.500000 0.666667
vt 0.500000 0.583333
vt 0.525000 0.000000
vt 0.500000 0.083333
vt 0.500000 0.916667
vt 0.500000 0.833333
vt 0.500000 0.333333
vt 0.500000 0.250000
vt 0.500000 0.500000
vt 0.500000 0.750000
vt 0.500000 0.166667
vt 0.500000 0.416667
vt 0.525000 1.000000
vt 0.450000 0.500000
vt 0.450000 0.416667
vt 0.450000 0.750000
vt 0.450000 0.666667
vt 0.450000 0.166667
vt 0.450000 0.083333
vt 0.475000 1.000000
vt 0.450000 0.916667
vt 0.450000 0.333333
vt 0.450000 0.583333
vt 0.475000 0.000000
vt 0.450000 0.833333
vt 0.450000 0.250000
vt 0.400000 0.583333
vt 0.400000 0.500000
vt 0.400000 0.833333
vt 0.400000 0.750000
vt 0.400000 0.250000
vt 0.400000 0.166667
vt 0.400000 0.416667
vt 0.400000 0.666667
vt 0.400000 0.083333
vt 0.425000 1.000000
vt 0.400000 0.916667
vt 0.400000 0.333333
vt 0.425000 0.000000
vt 0.350000 0.416667
vt 0.350000 0.333333
vt 0.350000 0.666667
vt 0.350000 0.583333
vt 0.375000 0.000000
vt 0.350000 0.083333
vt 0.350000 0.916667
vt 0.350000 0.833333
vt 0.350000 0.250000
vt 0.350000 0.500000
vt 0.350000 0.750000
vt 0.350000 0.166667
vt 0.375000 1.000000
vt 0.300000 0.500000
vt 0.300000 0.416667
vt 0.300000 0.750000
vt 0.300000 0.666667
vt 0.300000 0.166667
vt 0.300000 0.083333
vt 0.325000 1.000000
vt 0.300000 0.916667
vt 0.300000 0.333333
vt 0.300000 0.583333
vt 0.325000 0.000000
vt 0.300000 0.833333
vt 0.300000 0.250000
vt 0.250000 0.333333
vt 0.250000 0.250000
vt 0.250000 0.583333
vt 0.250000 0.500000
vt 0.250000 0.833333
vt 0.250000 0.750000
vt 0.250000 0.166667
vt 0.250000 0.416667
vt 0.250000 0.666667
vt 0.250000 0.083333
vt 0.275000 1.000000
vt 0.250000 0.916667
vt 0.275000 0.000000
vt 0.225000 1.000000
vt 0.200000 0.916667
vt 0.200000 0.416667
vt 0.200000 0.333333
vt 0.200000 0.666667
vt 0.200000 0.583333
vt 0.225000 0.000000
vt 0.200000 0.083333
vt 0.200000 0.833333
vt 0.200000 0.250000
vt 0.200000 0.500000
vt 0.200000 0.750000
vt 0.200000 0.166667
vt 0.150000 0.250000
vt 0.150000 0.166667
vt 0.150000 0.500000
vt 0.150000 0.416667
vt 0.150000 0.750000
vt 0.150000 0.666667
vt 0.150000 0.083333
vt 0.175000 1.000000
vt 0.150000 0.916667
vt 0.150000 0.333333
vt 0.150000 0.583333
vt 0.175000 0.000000
vt 0.150000 0.833333
vt 0.100000 0.916667
vt 0.100000 0.833333
vt 0.100000 0.333333
vt 0.100000 0.250000
vt 0.100000 0.583333
vt 0.100000 0.500000
vt 0.100000 0.750000
vt 0.100000 0.166667
vt 0.100000 0.416667
vt 0.100000 0.666667
vt 0.100000 0.083333
vt 0.125000 1.000000
vt 0.125000 0.000000
vt 0.050000 0.166667
vt 0.050000 0.083333
vt 0.075000 1.000000
vt 0.050000 0.916667
vt 0.050000 0.416667
vt 0.050000 0.333333
vt 0.050000 0.666667
vt 0.050000 0.583333
vt 0.075000 0.000000
vt 0.050000 0.833333
vt 0.050000 0.250000
vt 0.050000 0.500000
vt 0.050000 0.750000
vt 0.000000 0.833333
vt 0.000000 0.750000
vt 0.000000 0.250000
vt 0.000000 0.166667
vt 0.000000 0.500000
vt 0.000000 0.416667
vt 0.000000 0.666667
vt 0.000000 0.083333
vt 0.025000 1.000000
vt 0.000000 0.916667
vt 0.000000 0.333333
vt 0.000000 0.583333
vt 0.025000 0.000000
vt 0.975000 0.000000
vt 1.000000 0.083333
vt 0.950000 0.083333
vt 1.000000 0.833333
vt 1.000000 0.916667
vt 0.950000 0.916667
vt 0.950000 0.833333
vt 1.000000 0.250000
vt 1.000000 0.333333
vt 0.950000 0.333333
vt 0.950000 0.250000
vt 1.000000 0.500000
vt 1.000000 0.583333
vt 0.950000 0.583333
vt 0.950000 0.500000
vt 1.000000 0.750000
vt 0.950000 0.750000
vt 1.000000 0.166667
vt 0.950000 0.166667
vt 1.000000 0.416667
vt 0.950000 0.416667
vt 1.000000 0.666667
vt 0.950000 0.666667
vt 0.975000 1.000000
vt 0.900000 0.750000
vt 0.900000 0.666667
vt 0.900000 0.166667
vt 0.900000 0.083333
vt 0.925000 1.000000
vt 0.900000 0.916667
vt 0.900000 0.416667
vt 0.900000 0.333333
vt 0.900000 0.583333
vt 0.925000 0.000000
vt 0.900000 0.833333
vt 0.900000 0.250000
vt 0.900000 0.500000
vt 0.850000 0.833333
vt 0.850000 0.750000
vt 0.850000 0.250000
vt 0.850000 0.166667
vt 0.850000 0.500000
vt 0.850000 0.416667
vt 0.850000 0.666667
vt 0.850000 0.083333
vt 0.875000 1.000000
vt 0.850000 0.916667
vt 0.850000 0.333333
vt 0.850000 0.583333
vt 0.875000 0.000000
vt 0.800000 0.666667
vt 0.800000 0.583333
vt 0.825000 0.000000
vt 0.800000 0.083333
vt 0.800000 0.916667
vt 0.800000 0.833333
vt 0.800000 0.333333
vt 0.800000 0.250000
vt 0.800000 0.500000
vt 0.800000 0.750000
vt 0.800000 0.166667
vt 0.800000 0.416667
vt 0.825000 1.000000
vt 0.775000 1.000000
vt 0.775000 0.000000
s 1
usemtl RunicAmber
f 1855/2425/1839 1854/2426/1838 1863/2427/1847 1864/2428/1848
f 2070/2429/2054 2069/2430/2053 1860/2431/1844 1861/2432/1845
f 1857/2433/1841 1856/2434/1840 1867/2435/1851 1868/2436/1852
f 1851/2437/1835 1958/2438/1942 1858/2439/1842
f 2071/2440/2055 1855/2425/1839 1864/2428/1848 1865/2441/1849
f 1853/2442/1837 2070/2429/2054 1861/2432/1845 1862/2443/1846
f 1880/2444/1864 1857/2433/1841 1868/2436/1852
f 1852/2445/1836 1851/2437/1835 1858/2439/1842 1859/2446/1843
f 2072/2447/2056 2071/2440/2055 1865/2441/1849 1866/2448/1850
f 1854/2426/1838 1853/2442/1837 1862/2443/1846 1863/2427/1847
f 2069/2430/2053 1852/2445/1836 1859/2446/1843 1860/2431/1844
f 1856/2434/1840 2072/2447/2056 1866/2448/1850 1867/2435/1851
f 1862/2443/1846 1861/2432/1845 1872/2449/1856 1873/2450/1857
f 1880/2451/1864 1868/2436/1852 1879/2452/1863
f 1859/2446/1843 1858/2439/1842 1869/2453/1853 1870/2454/1854
f 1866/2448/1850 1865/2441/1849 1876/2455/1860 1877/2456/1861
f 1863/2427/1847 1862/2443/1846 1873/2450/1857 1874/2457/1858
f 1860/2431/1844 1859/2446/1843 1870/2454/1854 1871/2458/1855
f 1867/2435/1851 1866/2448/1850 1877/2456/1861 1878/2459/1862
f 1864/2428/1848 1863/2427/1847 1874/2457/1858 1875/2460/1859
f 1861/2432/1845 1860/2431/1844 1871/2458/1855 1872/2449/1856
f 1868/2436/1852 1867/2435/1851 1878/2459/1862 1879/2452/1863
f 1858/2439/1842 1958/2461/1942 1869/2453/1853
f 1865/2441/1849 1864/2428/1848 1875/2460/1859 1876/2455/1860
f 1872/2449/1856 1871/2458/1855 1883/2462/1867 1884/2463/1868
f 1879/2452/1863 1878/2459/1862 1890/2464/1874 1891/2465/1875
f 1869/2453/1853 1958/2466/1942 1881/2467/1865
f 1876/2455/1860 1875/2460/1859 1887/2468/1871 1888/2469/1872
f 1873/2450/1857 1872/2449/1856 1884/2463/1868 1885/2470/1869
f 1880/2471/1864 1879/2452/1863 1891/2465/1875
f 1870/2454/1854 1869/2453/1853 1881/2467/1865 1882/2472/1866
f 1877/2456/1861 1876/2455/1860 1888/2469/1872 1889/2473/1873
f 1874/2457/1858 1873/2450/1857 1885/2470/1869 1886/2474/1870
f 1871/2458/1855 1870/2454/1854 1882/2472/1866 1883/2462/1867
f 1878/2459/1862 1877/2456/1861 1889/2473/1873 1890/2464/1874
f 1875/2460/1859 1874/2457/1858 1886/2474/1870 1887/2468/1871
f 1886/2474/1870 1885/2470/1869 1896/2475/1880 1897/2476/1881
f 1883/2462/1867 1882/2472/1866 1893/2477/1877 1894/2478/1878
f 1890/2464/1874 1889/2473/1873 1900/2479/1884 1901/2480/1885
f 1887/2468/1871 1886/2474/1870 1897/2476/1881 1898/2481/1882
f 1884/2463/1868 1883/2462/1867 1894/2478/1878 1895/2482/1879
f 1891/2465/1875 1890/2464/1874 1901/2480/1885 1902/2483/1886
f 1881/2467/1865 1958/2484/1942 1892/2485/1876
f 1888/2469/1872 1887/2468/1871 1898/2481/1882 1899/2486/1883
f 1885/2470/1869 1884/2463/1868 1895/2482/1879 1896/2475/1880
f 1880/2487/1864 1891/2465/1875 1902/2483/1886
f 1882/2472/1866 1881/2467/1865 1892/2485/1876 1893/2477/1877
f 1889/2473/1873 1888/2469/1872 1899/2486/1883 1900/2479/1884
f 1896/2475/1880 1895/2482/1879 1906/2488/1890 1907/2489/1891
f 1880/2490/1864 1902/2483/1886 1913/2491/1897
f 1893/2477/1877 1892/2485/1876 1903/2492/1887 1904/2493/1888
f 1900/2479/1884 1899/2486/1883 1910/2494/1894 1911/2495/1895
f 1897/2476/1881 1896/2475/1880 1907/2489/1891 1908/2496/1892
f 1894/2478/1878 1893/2477/1877 1904/2493/1888 1905/2497/1889
f 1901/2480/1885 1900/2479/1884 1911/2495/1895 1912/2498/1896
f 1898/2481/1882 1897/2476/1881 1908/2496/1892 1909/2499/1893
f 1895/2482/1879 1894/2478/1878 1905/2497/1889 1906/2488/1890
f 1902/2483/1886 1901/2480/1885 1912/2498/1896 1913/2491/1897
f 1892/2485/1876 1958/2500/1942 1903/2492/1887
f 1899/2486/1883 1898/2481/1882 1909/2499/1893 1910/2494/1894
f 1909/2499/1893 1908/2496/1892 1919/2501/1903 1920/2502/1904
f 1906/2488/1890 1905/2497/1889 1916/2503/1900 1917/2504/1901
f 1913/2491/1897 1912/2498/1896 1923/2505/1907 1924/2506/1908
f 1903/2492/1887 1958/2507/1942 1914/2508/1898
f 1910/2494/1894 1909/2499/1893 1920/2502/1904 1921/2509/1905
f 1907/2489/1891 1906/2488/1890 1917/2504/1901 1918/2510/1902
f 1880/2511/1864 1913/2491/1897 1924/2506/1908
f 1904/2493/1888 1903/2492/1887 1914/2508/1898 1915/2512/1899
f 1911/2495/1895 1910/2494/1894 1921/2509/1905 1922/2513/1906
f 1908/2496/1892 1907/2489/1891 1918/2510/1902 1919/2501/1903
f 1905/2497/1889 1904/2493/1888 1915/2512/1899 1916/2503/1900
f 1912/2498/1896 1911/2495/1895 1922/2513/1906 1923/2505/1907
f 1919/2501/1903 1918/2510/1902 1929/2514/1913 1930/2515/1914
f 1916/2503/1900 1915/2512/1899 1926/2516/1910 1927/2517/1911
f 1923/2505/1907 1922/2513/1906 1933/2518/1917 1934/2519/1918
f 1920/2502/1904 1919/2501/1903 1930/2515/1914 1931/2520/1915
f 1917/2504/1901 1916/2503/1900 1927/2517/1911 1928/2521/1912
f 1924/2506/1908 1923/2505/1907 1934/2519/1918 1935/2522/1919
f 1914/2508/1898 1958/2523/1942 1925/2524/1909
f 1921/2509/1905 1920/2502/1904 1931/2520/1915 1932/2525/1916
f 1918/2510/1902 1917/2504/1901 1928/2521/1912 1929/2514/1913
f 1880/2526/1864 1924/2506/1908 1935/2522/1919
f 1915/2512/1899 1914/2508/1898 1925/2524/1909 1926/2516/1910
f 1922/2513/1906 1921/2509/1905 1932/2525/1916 1933/2518/1917
f 1932/2525/1916 1931/2520/1915 1942/2527/1926 1943/2528/1927
f 1929/2514/1913 1928/2521/1912 1939/2529/1923 1940/2530/1924
f 1880/2531/1864 1935/2522/1919 1946/2532/1930
f 1926/2516/1910 1925/2524/1909 1936/2533/1920 1937/2534/1921
f 1933/2518/1917 1932/2525/1916 1943/2528/1927 1944/2535/1928
f 1930/2515/1914 1929/2514/1913 1940/2530/1924 1941/2536/1925
f 1927/2517/1911 1926/2516/1910 1937/2534/1921 1938/2537/1922
f 1934/2519/1918 1933/2518/1917 1944/2535/1928 1945/2538/1929
f 1931/2520/1915 1930/2515/1914 1941/2536/1925 1942/2527/1926
f 1928/2521/1912 1927/2517/1911 1938/2537/1922 1939/2529/1923
f 1935/2522/1919 1934/2519/1918 1945/2538/1929 1946/2532/1930
f 1925/2524/1909 1958/2539/1942 1936/2533/1920
f 1942/2527/1926 1941/2536/1925 1952/2540/1936 1953/2541/1937
f 1939/2529/1923 1938/2537/1922 1949/2542/1933 1950/2543/1934
f 1946/2532/1930 1945/2538/1929 1956/2544/1940 1957/2545/1941
f 1936/2533/1920 1958/2546/1942 1947/2547/1931
f 1943/2528/1927 1942/2527/1926 1953/2541/1937 1954/2548/1938
f 1940/2530/1924 1939/2529/1923 1950/2543/1934 1951/2549/1935
f 1880/2550/1864 1946/2532/1930 1957/2545/1941
f 1937/2534/1921 1936/2533/1920 1947/2547/1931 1948/2551/1932
f 1944/2535/1928 1943/2528/1927 1954/2548/1938 1955/2552/1939
f 1941/2536/1925 1940/2530/1924 1951/2549/1935 1952/2540/1936
f 1938/2537/1922 1937/2534/1921 1948/2551/1932 1949/2542/1933
f 1945/2538/1929 1944/2535/1928 1955/2552/1939 1956/2544/1940
f 1955/2552/1939 1954/2548/1938 1966/2553/1950 1967/2554/1951
f 1952/2540/1936 1951/2549/1935 1963/2555/1947 1964/2556/1948
f 1949/2542/1933 1948/2551/1932 1960/2557/1944 1961/2558/1945
f 1956/2544/1940 1955/2552/1939 1967/2554/1951 1968/2559/1952
f 1953/2541/1937 1952/2540/1936 1964/2556/1948 1965/2560/1949
f 1950/2543/1934 1949/2542/1933 1961/2558/1945 1962/2561/1946
f 1957/2545/1941 1956/2544/1940 1968/2559/1952 1969/2562/1953
f 1947/2547/1931 1958/2563/1942 1959/2564/1943
f 1954/2548/1938 1953/2541/1937 1965/2560/1949 1966/2553/1950
f 1951/2549/1935 1950/2543/1934 1962/2561/1946 1963/2555/1947
f 1880/2565/1864 1957/2545/1941 1969/2562/1953
f 1948/2551/1932 1947/2547/1931 1959/2564/1943 1960/2557/1944
f 1959/2564/1943 1958/2566/1942 1970/2567/1954
f 1966/2553/1950 1965/2560/1949 1976/2568/1960 1977/2569/1961
f 1963/2555/1947 1962/2561/1946 1973/2570/1957 1974/2571/1958
f 1880/2572/1864 1969/2562/1953 1980/2573/1964
f 1960/2557/1944 1959/2564/1943 1970/2567/1954 1971/2574/1955
f 1967/2554/1951 1966/2553/1950 1977/2569/1961 1978/2575/1962
f 1964/2556/1948 1963/2555/1947 1974/2571/1958 1975/2576/1959
f 1961/2558/1945 1960/2557/1944 1971/2574/1955 1972/2577/1956
f 1968/2559/1952 1967/2554/1951 1978/2575/1962 1979/2578/1963
f 1965/2560/1949 1964/2556/1948 1975/2576/1959 1976/2568/1960
f 1962/2561/1946 1961/2558/1945 1972/2577/1956 1973/2570/1957
f 1969/2562/1953 1968/2559/1952 1979/2578/1963 1980/2573/1964
f 1979/2578/1963 1978/2575/1962 1989/2579/1973 1990/2580/1974
f 1976/2568/1960 1975/2576/1959 1986/2581/1970 1987/2582/1971
f 1973/2570/1957 1972/2577/1956 1983/2583/1967 1984/2584/1968
f 1980/2573/1964 1979/2578/1963 1990/2580/1974 1991/2585/1975
f 1970/2567/1954 1958/2586/1942 1981/2587/1965
f 1977/2569/1961 1976/2568/1960 1987/2582/1971 1988/2588/1972
f 1974/2571/1958 1973/2570/1957 1984/2584/1968 1985/2589/1969
f 1880/2590/1864 1980/2573/1964 1991/2585/1975
f 1971/2574/1955 1970/2567/1954 1981/2587/1965 1982/2591/1966
f 1978/2575/1962 1977/2569/1961 1988/2588/1972 1989/2579/1973
f 1975/2576/1959 1974/2571/1958 1985/2589/1969 1986/2581/1970
f 1972/2577/1956 1971/2574/1955 1982/2591/1966 1983/2583/1967
f 1982/2591/1966 1981/2587/1965 1992/2592/1976 1993/2593/1977
f 1989/2579/1973 1988/2588/1972 1999/2594/1983 2000/2595/1984
f 1986/2581/1970 1985/2589/1969 1996/2596/1980 1997/2597/1981
f 1983/2583/1967 1982/2591/1966 1993/2593/1977 1994/2598/1978
f 1990/2580/1974 1989/2579/1973 2000/2595/1984 2001/2599/1985
f 1987/2582/1971 1986/2581/1970 1997/2597/1981 1998/2600/1982
f 1984/2584/1968 1983/2583/1967 1994/2598/1978 1995/2601/1979
f 1991/2585/1975 1990/2580/1974 2001/2599/1985 2002/2602/1986
f 1981/2587/1965 1958/2603/1942 1992/2592/1976
f 1988/2588/1972 1987/2582/1971 1998/2600/1982 1999/2594/1983
f 1985/2589/1969 1984/2584/1968 1995/2601/1979 1996/2596/1980
f 1880/2604/1864 1991/2585/1975 2002/2602/1986
f 2002/2602/1986 2001/2599/1985 2012/2605/1996 2013/2606/1997
f 1992/2592/1976 1958/2607/1942 2003/2608/1987
f 1999/2594/1983 1998/2600/1982 2009/2609/1993 2010/2610/1994
f 1996/2596/1980 1995/2601/1979 2006/2611/1990 2007/2612/1991
f 1880/2613/1864 2002/2602/1986 2013/2606/1997
f 1993/2593/1977 1992/2592/1976 2003/2608/1987 2004/2614/1988
f 2000/2595/1984 1999/2594/1983 2010/2610/1994 2011/2615/1995
f 1997/2597/1981 1996/2596/1980 2007/2612/1991 2008/2616/1992
f 1994/2598/1978 1993/2593/1977 2004/2614/1988 2005/2617/1989
f 2001/2599/1985 2000/2595/1984 2011/2615/1995 2012/2605/1996
f 1998/2600/1982 1997/2597/1981 2008/2616/1992 2009/2609/1993
f 1995/2601/1979 1994/2598/1978 2005/2617/1989 2006/2611/1990
f 2005/2617/1989 2004/2614/1988 2015/2618/1999 2016/2619/2000
f 2012/2605/1996 2011/2615/1995 2022/2620/2006 2023/2621/2007
f 2009/2609/1993 2008/2616/1992 2019/2622/2003 2020/2623/2004
f 2006/2611/1990 2005/2617/1989 2016/2619/2000 2017/2624/2001
f 2013/2606/1997 2012/2605/1996 2023/2621/2007 2024/2625/2008
f 2003/2608/1987 1958/2626/1942 2014/2627/1998
f 2010/2610/1994 2009/2609/1993 2020/2623/2004 2021/2628/2005
f 2007/2612/1991 2006/2611/1990 2017/2624/2001 2018/2629/2002
f 1880/2630/1864 2013/2606/1997 2024/2625/2008
f 2004/2614/1988 2003/2608/1987 2014/2627/1998 2015/2618/1999
f 2011/2615/1995 2010/2610/1994 2021/2628/2005 2022/2620/2006
f 2008/2616/1992 2007/2612/1991 2018/2629/2002 2019/2622/2003
f 1880/2631/1864 2024/2632/2008 2035/2633/2019
f 2015/2634/1999 2014/2635/1998 2025/2636/2009 2026/2637/2010
f 2022/2638/2006 2021/2639/2005 2032/2640/2016 2033/2641/2017
f 2019/2642/2003 2018/2643/2002 2029/2644/2013 2030/2645/2014
f 2016/2646/2000 2015/2634/1999 2026/2637/2010 2027/2647/2011
f 2023/2648/2007 2022/2638/2006 2033/2641/2017 2034/2649/2018
f 2020/2650/2004 2019/2642/2003 2030/2645/2014 2031/2651/2015
f 2017/2652/2001 2016/2646/2000 2027/2647/2011 2028/2653/2012
f 2024/2632/2008 2023/2648/2007 2034/2649/2018 2035/2633/2019
f 2014/2635/1998 1958/2654/1942 2025/2636/2009
f 2021/2639/2005 2020/2650/2004 2031/2651/2015 2032/2640/2016
f 2018/2643/2002 2017/2652/2001 2028/2653/2012 2029/2644/2013
f 2028/2653/2012 2027/2647/2011 2038/2655/2022 2039/2656/2023
f 2035/2633/2019 2034/2649/2018 2045/2657/2029 2046/2658/2030
f 2025/2636/2009 1958/2659/1942 2036/2660/2020
f 2032/2640/2016 2031/2651/2015 2042/2661/2026 2043/2662/2027
f 2029/2644/2013 2028/2653/2012 2039/2656/2023 2040/2663/2024
f 1880/2664/1864 2035/2633/2019 2046/2658/2030
f 2026/2637/2010 2025/2636/2009 2036/2660/2020 2037/2665/2021
f 2033/2641/2017 2032/2640/2016 2043/2662/2027 2044/2666/2028
f 2030/2645/2014 2029/2644/2013 2040/2663/2024 2041/2667/2025
f 2027/2647/2011 2026/2637/2010 2037/2665/2021 2038/2655/2022
f 2034/2649/2018 2033/2641/2017 2044/2666/2028 2045/2657/2029
f 2031/2651/2015 2030/2645/2014 2041/2667/2025 2042/2661/2026
f 2038/2655/2022 2037/2665/2021 2048/2668/2032 2049/2669/2033
f 2045/2657/2029 2044/2666/2028 2055/2670/2039 2056/2671/2040
f 2042/2661/2026 2041/2667/2025 2052/2672/2036 2053/2673/2037
f 2039/2656/2023 2038/2655/2022 2049/2669/2033 2050/2674/2034
f 2046/2658/2030 2045/2657/2029 2056/2671/2040 2057/2675/2041
f 2036/2660/2020 1958/2676/1942 2047/2677/2031
f 2043/2662/2027 2042/2661/2026 2053/2673/2037 2054/2678/2038
f 2040/2663/2024 2039/2656/2023 2050/2674/2034 2051/2679/2035
f 1880/2680/1864 2046/2658/2030 2057/2675/2041
f 2037/2665/2021 2036/2660/2020 2047/2677/2031 2048/2668/2032
f 2044/2666/2028 2043/2662/2027 2054/2678/2038 2055/2670/2039
f 2041/2667/2025 2040/2663/2024 2051/2679/2035 2052/2672/2036
f 2051/2679/2035 2050/2674/2034 2061/2681/2045 2062/2682/2046
f 1880/2683/1864 2057/2675/2041 2068/2684/2052
f 2048/2668/2032 2047/2677/2031 2058/2685/2042 2059/2686/2043
f 2055/2670/2039 2054/2678/2038 2065/2687/2049 2066/2688/2050
f 2052/2672/2036 2051/2679/2035 2062/2682/2046 2063/2689/2047
f 2049/2669/2033 2048/2668/2032 2059/2686/2043 2060/2690/2044
f 2056/2671/2040 2055/2670/2039 2066/2688/2050 2067/2691/2051
f 2053/2673/2037 2052/2672/2036 2063/2689/2047 2064/2692/2048
f 2050/2674/2034 2049/2669/2033 2060/2690/2044 2061/2681/2045
f 2057/2675/2041 2056/2671/2040 2067/2691/2051 2068/2684/2052
f 2047/2677/2031 1958/2693/1942 2058/2685/2042
f 2054/2678/2038 2053/2673/2037 2064/2692/2048 2065/2687/2049
f 2061/2681/2045 2060/2690/2044 2069/2430/2053 2070/2429/2054
f 2068/2684/2052 2067/2691/2051 1856/2434/1840 1857/2433/1841
f 2058/2685/2042 1958/2694/1942 1851/2437/1835
f 2065/2687/2049 2064/2692/2048 1855/2425/1839 2071/2440/2055
f 2062/2682/2046 2061/2681/2045 2070/2429/2054 1853/2442/1837
f 1880/2695/1864 2068/2684/2052 1857/2433/1841
f 2059/2686/2043 2058/2685/2042 1851/2437/1835 1852/2445/1836
f 2066/2688/2050 2065/2687/2049 2071/2440/2055 2072/2447/2056
f 2063/2689/2047 2062/2682/2046 1853/2442/1837 1854/2426/1838
f 2060/2690/2044 2059/2686/2043 1852/2445/1836 2069/2430/2053
f 2067/2691/2051 2066/2688/2050 2072/2447/2056 1856/2434/1840
f 2064/2692/2048 2063/2689/2047 1854/2426/1838 1855/2425/1839
